datetime,sigai_output,SB,MB,WB,WS,MS,SS
4/18/2023 1:00,0.003048,0,0,0,0,1,0
4/18/2023 2:00,0.00327,0,0,0,1,0,0
4/18/2023 3:00,0.002986,0,0,0,1,0,0
4/18/2023 4:00,0.000082,0,1,0,0,0,0
4/18/2023 5:00,-0.00007,0,1,0,0,0,0
4/18/2023 6:00,-0.000434,0,1,0,0,0,0
4/18/2023 7:00,-0.000819,0,1,0,0,0,0
4/18/2023 8:00,0.003109,0,0,0,0,1,0
4/18/2023 9:00,0.002794,0,0,0,0,1,0
4/18/2023 10:00,0.002628,0,0,0,1,0,0
4/18/2023 11:00,0.00343,0,0,0,0,1,0
4/18/2023 12:00,0.005386,0,0,0,0,0,1
4/18/2023 13:00,0.0056,0,0,0,0,0,1
4/18/2023 14:00,0.005819,0,0,0,0,0,1
4/18/2023 15:00,0.005858,0,0,0,0,1,0
4/18/2023 16:00,0.006808,0,0,0,0,0,1
4/18/2023 17:00,0.006859,0,0,0,0,1,0
4/18/2023 18:00,0.007245,0,0,0,0,1,0
4/18/2023 19:00,0.007434,0,0,0,0,1,0
4/18/2023 20:00,0.008709,0,0,0,0,0,1
4/18/2023 21:00,0.008851,0,0,0,0,0,1
4/18/2023 22:00,0.008902,0,0,0,0,1,0
4/18/2023 23:00,0.008902,0,0,0,0,1,0
4/19/2023 0:00,0.008135,0,0,0,0,1,0
4/19/2023 1:00,0.008092,0,0,0,0,1,0
4/19/2023 2:00,0.008015,0,0,0,0,1,0
4/19/2023 3:00,0.008088,0,0,0,0,1,0
4/19/2023 4:00,0.007983,0,0,0,0,1,0
4/19/2023 5:00,0.007774,0,0,0,1,0,0
4/19/2023 6:00,0.007694,0,0,0,1,0,0
4/19/2023 7:00,0.007637,0,0,0,1,0,0
4/19/2023 8:00,0.003771,1,0,0,0,0,0
4/19/2023 9:00,0.004974,0,1,0,0,0,0
4/19/2023 10:00,0.005546,0,1,0,0,0,0
4/19/2023 11:00,0.005277,0,1,0,0,0,0
4/19/2023 12:00,0.00228,1,0,0,0,0,0
4/19/2023 13:00,0.002736,1,0,0,0,0,0
4/19/2023 14:00,0.00288,1,0,0,0,0,0
4/19/2023 15:00,0.002727,1,0,0,0,0,0
4/19/2023 16:00,-0.001929,1,0,0,0,0,0
4/19/2023 17:00,-0.001873,1,0,0,0,0,0
4/19/2023 18:00,-0.00192,1,0,0,0,0,0
4/19/2023 19:00,-0.002202,1,0,0,0,0,0
4/19/2023 20:00,-0.002174,1,0,0,0,0,0
4/19/2023 21:00,-0.002078,0,1,0,0,0,0
4/19/2023 22:00,-0.001291,0,1,0,0,0,0
4/19/2023 23:00,-0.000828,0,1,0,0,0,0
4/20/2023 0:00,-0.000395,0,1,0,0,0,0
4/20/2023 1:00,-0.000374,0,1,0,0,0,0
4/20/2023 2:00,-0.000383,0,0,1,0,0,0
4/20/2023 3:00,-0.000429,0,0,1,0,0,0
4/20/2023 4:00,-0.002628,0,1,0,0,0,0
4/20/2023 5:00,-0.003126,0,1,0,0,0,0
4/20/2023 6:00,-0.003424,0,1,0,0,0,0
4/20/2023 7:00,-0.00367,0,1,0,0,0,0
4/20/2023 8:00,-0.00106,0,0,1,0,0,0
4/20/2023 9:00,-0.001131,0,0,1,0,0,0
4/20/2023 10:00,-0.001171,0,0,1,0,0,0
4/20/2023 11:00,-0.001009,0,0,1,0,0,0
4/20/2023 12:00,0.001073,0,0,0,0,1,0
4/20/2023 13:00,0.001416,0,0,0,0,1,0
4/20/2023 14:00,0.001535,0,0,0,0,0,1
4/20/2023 15:00,0.00148,0,0,0,0,0,1
4/20/2023 16:00,0.005324,0,0,0,0,0,1
4/20/2023 17:00,0.005536,0,0,0,0,0,1
4/20/2023 18:00,0.005813,0,0,0,0,0,1
4/20/2023 19:00,0.006131,0,0,0,0,0,1
4/20/2023 20:00,0.009198,0,0,0,0,0,1
4/20/2023 21:00,0.009193,0,0,0,0,0,1
4/20/2023 22:00,0.009024,0,0,0,0,0,1
4/20/2023 23:00,0.008755,0,0,0,0,0,1
4/21/2023 0:00,0.00652,0,0,0,0,1,0
4/21/2023 1:00,0.006454,0,0,0,0,1,0
4/21/2023 2:00,0.006466,0,0,0,0,1,0
4/21/2023 3:00,0.006688,0,0,0,0,1,0
4/21/2023 4:00,0.005935,0,0,0,1,0,0
4/21/2023 5:00,0.006029,0,0,0,1,0,0
4/21/2023 6:00,0.006298,0,0,0,1,0,0
4/21/2023 7:00,0.006341,0,0,0,1,0,0
4/21/2023 8:00,0.007183,0,0,0,1,0,0
4/21/2023 9:00,0.007228,0,0,0,1,0,0
4/21/2023 10:00,0.007263,0,0,0,1,0,0
4/21/2023 11:00,0.007291,0,0,0,1,0,0
4/21/2023 12:00,0.007907,0,0,0,0,1,0
4/21/2023 13:00,0.007959,0,0,0,0,1,0
4/21/2023 14:00,0.007966,0,0,0,1,0,0
4/21/2023 15:00,0.007972,0,0,0,0,1,0
4/21/2023 16:00,0.011391,0,0,0,0,0,1
4/21/2023 17:00,0.011395,0,0,0,0,0,1
4/21/2023 18:00,0.011396,0,0,0,0,0,1
4/21/2023 19:00,0.011391,0,0,0,0,0,1
4/21/2023 20:00,0.01139,0,0,0,0,0,1
4/21/2023 21:00,0.01139,0,0,0,0,0,1
4/21/2023 22:00,0.011383,0,0,0,0,1,0
4/21/2023 23:00,0.011369,0,0,0,0,1,0
4/22/2023 0:00,0.007215,0,0,1,0,0,0
4/22/2023 1:00,0.007211,0,0,1,0,0,0
4/22/2023 2:00,0.00721,0,0,1,0,0,0
4/22/2023 3:00,0.007216,0,0,1,0,0,0
4/22/2023 4:00,0.007216,0,0,1,0,0,0
4/22/2023 5:00,0.007216,0,1,0,0,0,0
4/22/2023 6:00,0.007186,0,1,0,0,0,0
4/22/2023 7:00,0.006886,0,1,0,0,0,0
4/22/2023 8:00,0.009247,0,0,0,1,0,0
4/22/2023 9:00,0.009246,0,0,0,1,0,0
4/22/2023 10:00,0.009259,0,0,0,1,0,0
4/22/2023 11:00,0.009336,0,0,0,1,0,0
4/22/2023 12:00,0.009277,0,0,0,1,0,0
4/22/2023 13:00,0.009062,0,0,1,0,0,0
4/22/2023 14:00,0.00892,0,0,1,0,0,0
4/22/2023 15:00,0.008686,0,0,1,0,0,0
4/22/2023 16:00,-0.000013,1,0,0,0,0,0
4/22/2023 17:00,-0.000323,1,0,0,0,0,0
4/22/2023 18:00,0.001098,1,0,0,0,0,0
4/22/2023 19:00,0.001382,1,0,0,0,0,0
4/22/2023 20:00,-0.002923,1,0,0,0,0,0
4/22/2023 21:00,-0.002871,1,0,0,0,0,0
4/22/2023 22:00,-0.002626,1,0,0,0,0,0
4/22/2023 23:00,-0.002763,1,0,0,0,0,0
4/23/2023 0:00,-0.007587,1,0,0,0,0,0
4/23/2023 1:00,-0.005319,1,0,0,0,0,0
4/23/2023 2:00,-0.004346,0,1,0,0,0,0
4/23/2023 3:00,-0.00379,0,1,0,0,0,0
4/23/2023 4:00,-0.000261,0,0,1,0,0,0
4/23/2023 5:00,0.000154,0,0,1,0,0,0
4/23/2023 6:00,0.000038,0,0,1,0,0,0
4/23/2023 7:00,-0.000076,0,0,1,0,0,0
4/23/2023 8:00,0.004467,0,0,0,1,0,0
4/23/2023 9:00,0.003132,0,0,0,1,0,0
4/23/2023 10:00,0.003374,0,0,0,1,0,0
4/23/2023 11:00,0.004197,0,0,0,0,1,0
4/23/2023 12:00,0.005223,0,0,0,0,1,0
4/23/2023 13:00,0.003902,0,0,0,0,1,0
4/23/2023 14:00,0.003252,0,0,0,0,1,0
4/23/2023 15:00,0.00304,0,0,0,0,1,0
4/23/2023 16:00,0.000784,0,0,0,1,0,0
4/23/2023 17:00,0.001037,0,0,0,1,0,0
4/23/2023 18:00,0.00034,0,0,0,1,0,0
4/23/2023 19:00,0.000901,0,0,0,1,0,0
4/23/2023 20:00,-0.000555,0,0,1,0,0,0
4/23/2023 21:00,-0.000284,0,0,1,0,0,0
4/23/2023 22:00,-0.000513,0,0,1,0,0,0
4/23/2023 23:00,-0.000582,0,0,1,0,0,0
4/24/2023 0:00,0.002526,0,0,0,1,0,0
4/24/2023 1:00,0.002326,0,0,0,1,0,0
4/24/2023 2:00,0.001554,0,0,0,1,0,0
4/24/2023 3:00,0.001546,0,0,1,0,0,0
4/24/2023 4:00,0.001503,0,0,1,0,0,0
4/24/2023 5:00,0.000574,0,0,1,0,0,0
4/24/2023 6:00,0.000603,0,0,1,0,0,0
4/24/2023 7:00,0.000963,0,0,1,0,0,0
4/24/2023 8:00,0.001621,0,0,1,0,0,0
4/24/2023 9:00,0.001869,0,0,0,1,0,0
4/24/2023 10:00,0.001841,0,0,0,1,0,0
4/24/2023 11:00,0.001724,0,0,0,1,0,0
4/24/2023 12:00,0.003088,0,0,0,0,1,0
4/24/2023 13:00,0.003194,0,0,0,0,0,1
4/24/2023 14:00,0.003016,0,0,0,0,1,0
4/24/2023 15:00,0.002765,0,0,0,0,1,0
4/24/2023 16:00,0.007625,0,0,0,0,0,1
4/24/2023 17:00,0.007765,0,0,0,0,0,1
4/24/2023 18:00,0.007826,0,0,0,0,0,1
4/24/2023 19:00,0.007845,0,0,0,0,0,1
4/24/2023 20:00,0.006761,0,0,0,0,1,0
4/24/2023 21:00,0.006749,0,0,0,0,1,0
4/24/2023 22:00,0.006402,0,0,0,0,1,0
4/24/2023 23:00,0.005727,0,0,0,0,1,0
4/25/2023 0:00,-0.001782,1,0,0,0,0,0
4/25/2023 1:00,-0.002427,1,0,0,0,0,0
4/25/2023 2:00,-0.002543,1,0,0,0,0,0
4/25/2023 3:00,-0.001499,0,1,0,0,0,0
4/25/2023 4:00,-0.003259,1,0,0,0,0,0
4/25/2023 5:00,-0.003276,1,0,0,0,0,0
4/25/2023 6:00,-0.002877,0,1,0,0,0,0
4/25/2023 7:00,-0.002397,0,1,0,0,0,0
4/25/2023 8:00,0.003704,0,0,0,1,0,0
4/25/2023 9:00,0.003921,0,0,0,1,0,0
4/25/2023 10:00,0.003986,0,0,0,1,0,0
4/25/2023 11:00,0.003897,0,0,0,1,0,0
4/25/2023 12:00,0.006411,0,0,0,0,1,0
4/25/2023 13:00,0.006461,0,0,0,0,1,0
4/25/2023 14:00,0.006121,0,0,0,0,1,0
4/25/2023 15:00,0.005742,0,0,0,1,0,0
4/25/2023 16:00,0.002998,0,0,1,0,0,0
4/25/2023 17:00,0.002415,0,0,1,0,0,0
4/25/2023 18:00,0.002655,0,0,0,1,0,0
4/25/2023 19:00,0.002069,0,0,1,0,0,0
4/25/2023 20:00,0.00259,0,0,0,1,0,0
4/25/2023 21:00,0.002563,0,0,0,1,0,0
4/25/2023 22:00,0.002421,0,0,0,1,0,0
4/25/2023 23:00,0.002328,0,0,0,1,0,0
4/26/2023 0:00,0.003353,0,0,0,1,0,0
4/26/2023 1:00,0.004295,0,0,0,1,0,0
4/26/2023 2:00,0.004031,0,0,0,1,0,0
4/26/2023 3:00,0.003167,0,0,0,1,0,0
4/26/2023 4:00,0.003784,0,0,0,1,0,0
4/26/2023 5:00,0.003806,0,0,0,1,0,0
4/26/2023 6:00,0.003904,0,0,0,1,0,0
4/26/2023 7:00,0.004278,0,0,0,1,0,0
4/26/2023 8:00,0.000704,1,0,0,0,0,0
4/26/2023 9:00,0.001804,0,1,0,0,0,0
4/26/2023 10:00,0.00073,1,0,0,0,0,0
4/26/2023 11:00,0.000494,1,0,0,0,0,0
4/26/2023 12:00,0.001465,0,1,0,0,0,0
4/26/2023 13:00,0.002921,0,0,1,0,0,0
4/26/2023 14:00,0.00382,0,0,0,0,1,0
4/26/2023 15:00,0.004355,0,0,0,0,1,0
4/26/2023 16:00,0.010605,0,0,0,0,0,1
4/26/2023 17:00,0.010605,0,0,0,0,0,1
4/26/2023 18:00,0.010604,0,0,0,0,0,1
4/26/2023 19:00,0.010598,0,0,0,0,0,1
4/26/2023 20:00,0.010547,0,0,0,0,0,1
4/26/2023 21:00,0.010527,0,0,0,0,0,1
4/26/2023 22:00,0.010365,0,0,0,0,1,0
4/26/2023 23:00,0.009414,0,0,0,0,1,0
4/27/2023 0:00,0.002945,0,0,1,0,0,0
4/27/2023 1:00,0.003155,0,0,1,0,0,0
4/27/2023 2:00,0.003113,0,0,1,0,0,0
4/27/2023 3:00,0.003135,0,0,1,0,0,0
4/27/2023 4:00,-0.00254,1,0,0,0,0,0
4/27/2023 5:00,-0.003072,1,0,0,0,0,0
4/27/2023 6:00,-0.003153,1,0,0,0,0,0
4/27/2023 7:00,-0.002879,0,1,0,0,0,0
4/27/2023 8:00,0.003123,0,0,1,0,0,0
4/27/2023 9:00,0.003144,0,0,1,0,0,0
4/27/2023 10:00,0.002668,0,0,1,0,0,0
4/27/2023 11:00,0.00221,0,0,1,0,0,0
4/27/2023 12:00,0.004101,0,0,1,0,0,0
4/27/2023 13:00,0.004115,0,0,1,0,0,0
4/27/2023 14:00,0.004044,0,0,1,0,0,0
4/27/2023 15:00,0.004333,0,0,1,0,0,0
4/27/2023 16:00,0.001536,0,0,1,0,0,0
4/27/2023 17:00,0.001603,0,0,1,0,0,0
4/27/2023 18:00,0.001646,0,0,1,0,0,0
4/27/2023 19:00,0.002217,0,0,1,0,0,0
4/27/2023 20:00,0.004653,0,0,0,1,0,0
4/27/2023 21:00,0.004465,0,0,0,1,0,0
4/27/2023 22:00,0.004026,0,0,0,1,0,0
4/27/2023 23:00,0.003955,0,0,0,0,1,0
4/28/2023 0:00,0.006677,0,0,0,0,0,1
4/28/2023 1:00,0.006278,0,0,0,0,1,0
4/28/2023 2:00,0.005766,0,0,0,0,1,0
4/28/2023 3:00,0.006448,0,0,0,0,1,0
4/28/2023 4:00,0.004753,0,0,0,1,0,0
4/28/2023 5:00,0.004797,0,0,0,1,0,0
4/28/2023 6:00,0.004797,0,0,0,1,0,0
4/28/2023 7:00,0.004903,0,0,0,1,0,0
4/28/2023 8:00,0.001387,1,0,0,0,0,0
4/28/2023 9:00,0.003514,0,0,1,0,0,0
4/28/2023 10:00,0.003514,0,0,1,0,0,0
4/28/2023 11:00,0.003407,0,0,1,0,0,0
4/28/2023 12:00,0.001532,0,1,0,0,0,0
4/28/2023 13:00,0.001387,0,1,0,0,0,0
4/28/2023 14:00,0.001275,0,1,0,0,0,0
4/28/2023 15:00,0.001409,0,1,0,0,0,0
4/28/2023 16:00,0.000796,0,1,0,0,0,0
4/28/2023 17:00,0.000731,0,1,0,0,0,0
4/28/2023 18:00,0.000722,0,1,0,0,0,0
4/28/2023 19:00,0.000449,0,1,0,0,0,0
4/28/2023 20:00,-0.000204,1,0,0,0,0,0
4/28/2023 21:00,-0.001265,1,0,0,0,0,0
4/28/2023 22:00,-0.00211,1,0,0,0,0,0
4/28/2023 23:00,-0.00263,1,0,0,0,0,0
4/29/2023 0:00,-0.005749,1,0,0,0,0,0
4/29/2023 1:00,-0.006047,1,0,0,0,0,0
4/29/2023 2:00,-0.007635,1,0,0,0,0,0
4/29/2023 3:00,-0.008701,1,0,0,0,0,0
4/29/2023 4:00,-0.011418,1,0,0,0,0,0
4/29/2023 5:00,-0.010601,1,0,0,0,0,0
4/29/2023 6:00,-0.010228,1,0,0,0,0,0
4/29/2023 7:00,-0.009421,0,1,0,0,0,0
4/29/2023 8:00,-0.005944,0,0,1,0,0,0
4/29/2023 9:00,-0.006105,0,0,1,0,0,0
4/29/2023 10:00,-0.00659,0,0,1,0,0,0
4/29/2023 11:00,-0.006407,0,0,1,0,0,0
4/29/2023 12:00,-0.004602,0,0,1,0,0,0
4/29/2023 13:00,-0.00443,0,0,1,0,0,0
4/29/2023 14:00,-0.004621,0,0,1,0,0,0
4/29/2023 15:00,-0.004787,0,0,0,1,0,0
4/29/2023 16:00,-0.003687,0,0,0,1,0,0
4/29/2023 17:00,-0.002954,0,0,0,1,0,0
4/29/2023 18:00,-0.004089,0,0,0,1,0,0
4/29/2023 19:00,-0.004589,0,0,0,1,0,0
4/29/2023 20:00,-0.003556,0,0,0,0,1,0
4/29/2023 21:00,-0.003855,0,0,0,0,1,0
4/29/2023 22:00,-0.004123,0,0,0,0,1,0
4/29/2023 23:00,-0.004216,0,0,0,0,1,0
4/30/2023 0:00,0.00123,0,0,0,0,0,1
4/30/2023 1:00,0.001184,0,0,0,0,0,1
4/30/2023 2:00,0.001001,0,0,0,0,0,1
4/30/2023 3:00,0.001356,0,0,0,0,0,1
4/30/2023 4:00,0.004435,0,0,0,0,0,1
4/30/2023 5:00,0.004512,0,0,0,0,0,1
4/30/2023 6:00,0.004476,0,0,0,0,0,1
4/30/2023 7:00,0.004935,0,0,0,0,0,1
4/30/2023 8:00,0.006282,0,0,0,0,0,1
4/30/2023 9:00,0.006321,0,0,0,0,0,1
4/30/2023 10:00,0.006394,0,0,0,0,0,1
4/30/2023 11:00,0.006489,0,0,0,0,1,0
4/30/2023 12:00,0.008091,0,0,0,0,0,1
4/30/2023 13:00,0.007949,0,0,0,0,1,0
4/30/2023 14:00,0.007704,0,0,0,0,1,0
4/30/2023 15:00,0.007994,0,0,0,0,1,0
4/30/2023 16:00,0.006716,0,0,0,0,1,0
4/30/2023 17:00,0.006728,0,0,0,0,1,0
4/30/2023 18:00,0.006763,0,0,0,0,1,0
4/30/2023 19:00,0.006825,0,0,0,0,1,0
4/30/2023 20:00,0.003359,0,0,1,0,0,0
4/30/2023 21:00,0.003394,0,0,1,0,0,0
4/30/2023 22:00,0.003424,0,0,1,0,0,0
4/30/2023 23:00,0.003277,0,1,0,0,0,0
5/1/2023 0:00,0.000612,1,0,0,0,0,0
5/1/2023 1:00,0.000825,1,0,0,0,0,0
5/1/2023 2:00,0.000709,1,0,0,0,0,0
5/1/2023 3:00,0.000274,1,0,0,0,0,0
5/1/2023 4:00,0.000385,1,0,0,0,0,0
5/1/2023 5:00,0.000281,1,0,0,0,0,0
5/1/2023 6:00,-0.000212,1,0,0,0,0,0
5/1/2023 7:00,-0.000495,0,1,0,0,0,0
5/1/2023 8:00,0.005009,0,0,0,1,0,0
5/1/2023 9:00,0.005402,0,0,0,1,0,0
5/1/2023 10:00,0.005715,0,0,0,1,0,0
5/1/2023 11:00,0.005662,0,0,0,1,0,0
5/1/2023 12:00,0.008229,0,0,0,0,1,0
5/1/2023 13:00,0.008259,0,0,0,0,1,0
5/1/2023 14:00,0.008362,0,0,0,0,1,0
5/1/2023 15:00,0.008623,0,0,0,0,1,0
5/1/2023 16:00,0.004011,0,0,0,1,0,0
5/1/2023 17:00,0.004254,0,0,0,1,0,0
5/1/2023 18:00,0.004497,0,0,0,1,0,0
5/1/2023 19:00,0.004891,0,0,0,1,0,0
5/1/2023 20:00,0.004611,0,0,0,1,0,0
5/1/2023 21:00,0.004617,0,0,0,1,0,0
5/1/2023 22:00,0.004235,0,0,0,1,0,0
5/1/2023 23:00,0.003586,0,0,1,0,0,0
5/2/2023 0:00,0.005695,0,0,0,1,0,0
5/2/2023 1:00,0.005537,0,0,0,1,0,0
5/2/2023 2:00,0.00571,0,0,0,1,0,0
5/2/2023 3:00,0.005987,0,0,0,1,0,0
5/2/2023 4:00,0.003691,0,0,1,0,0,0
5/2/2023 5:00,0.003889,0,0,1,0,0,0
5/2/2023 6:00,0.004055,0,0,1,0,0,0
5/2/2023 7:00,0.004019,0,1,0,0,0,0
5/2/2023 8:00,0.003457,0,1,0,0,0,0
5/2/2023 9:00,0.003229,0,1,0,0,0,0
5/2/2023 10:00,0.003053,0,1,0,0,0,0
5/2/2023 11:00,0.002912,0,1,0,0,0,0
5/2/2023 12:00,0.006192,0,0,0,0,1,0
5/2/2023 13:00,0.006057,0,0,0,0,1,0
5/2/2023 14:00,0.006164,0,0,0,0,1,0
5/2/2023 15:00,0.006288,0,0,0,0,0,1
5/2/2023 16:00,0.005262,0,0,0,1,0,0
5/2/2023 17:00,0.004074,0,0,1,0,0,0
5/2/2023 18:00,0.003573,0,1,0,0,0,0
5/2/2023 19:00,0.003219,0,1,0,0,0,0
5/2/2023 20:00,0.000547,1,0,0,0,0,0
5/2/2023 21:00,0.000389,1,0,0,0,0,0
5/2/2023 22:00,0.000779,1,0,0,0,0,0
5/2/2023 23:00,0.001032,1,0,0,0,0,0
5/3/2023 0:00,-0.003914,1,0,0,0,0,0
5/3/2023 1:00,-0.00303,1,0,0,0,0,0
5/3/2023 2:00,-0.001923,1,0,0,0,0,0
5/3/2023 3:00,-0.001921,1,0,0,0,0,0
5/3/2023 4:00,-0.003036,1,0,0,0,0,0
5/3/2023 5:00,-0.003036,1,0,0,0,0,0
5/3/2023 6:00,-0.003064,0,1,0,0,0,0
5/3/2023 7:00,-0.003509,0,1,0,0,0,0
5/3/2023 8:00,0.00316,0,0,0,1,0,0
5/3/2023 9:00,0.003071,0,0,0,1,0,0
5/3/2023 10:00,0.003245,0,0,0,1,0,0
5/3/2023 11:00,0.004382,0,0,0,0,1,0
5/3/2023 12:00,0.007736,0,0,0,0,0,1
5/3/2023 13:00,0.008187,0,0,0,0,0,1
5/3/2023 14:00,0.008046,0,0,0,0,0,1
5/3/2023 15:00,0.008012,0,0,0,0,0,1
5/3/2023 16:00,0.002329,0,0,0,1,0,0
5/3/2023 17:00,0.00231,0,0,0,1,0,0
5/3/2023 18:00,0.002419,0,0,0,1,0,0
5/3/2023 19:00,0.002298,0,0,0,1,0,0
5/3/2023 20:00,0.003166,0,0,0,1,0,0
5/3/2023 21:00,0.003432,0,0,0,1,0,0
5/3/2023 22:00,0.003816,0,0,0,1,0,0
5/3/2023 23:00,0.003899,0,0,0,1,0,0
5/4/2023 0:00,0.012085,0,0,0,0,0,1
5/4/2023 1:00,0.012085,0,0,0,0,0,1
5/4/2023 2:00,0.012079,0,0,0,0,0,1
5/4/2023 3:00,0.012078,0,0,0,0,0,1
5/4/2023 4:00,0.012078,0,0,0,0,1,0
5/4/2023 5:00,0.012075,0,0,0,0,1,0
5/4/2023 6:00,0.012074,0,0,0,0,1,0
5/4/2023 7:00,0.012012,0,0,0,0,1,0
5/4/2023 8:00,0.004471,0,0,1,0,0,0
5/4/2023 9:00,0.005659,0,0,1,0,0,0
5/4/2023 10:00,0.005889,0,0,1,0,0,0
5/4/2023 11:00,0.006584,0,0,1,0,0,0
5/4/2023 12:00,0.006698,0,0,1,0,0,0
5/4/2023 13:00,0.006576,0,0,1,0,0,0
5/4/2023 14:00,0.006171,0,0,1,0,0,0
5/4/2023 15:00,0.005747,0,0,1,0,0,0
5/4/2023 16:00,0.008519,0,0,0,1,0,0
5/4/2023 17:00,0.008159,0,0,0,1,0,0
5/4/2023 18:00,0.00816,0,0,0,1,0,0
5/4/2023 19:00,0.00823,0,0,0,1,0,0
5/4/2023 20:00,0.008292,0,0,0,1,0,0
5/4/2023 21:00,0.008244,0,0,1,0,0,0
5/4/2023 22:00,0.008255,0,0,1,0,0,0
5/4/2023 23:00,0.008229,0,0,1,0,0,0
5/5/2023 0:00,0.004459,1,0,0,0,0,0
5/5/2023 1:00,0.004659,0,1,0,0,0,0
5/5/2023 2:00,0.005124,0,1,0,0,0,0
5/5/2023 3:00,0.005217,0,1,0,0,0,0
5/5/2023 4:00,0.002171,1,0,0,0,0,0
5/5/2023 5:00,0.001149,1,0,0,0,0,0
5/5/2023 6:00,0.001023,1,0,0,0,0,0
5/5/2023 7:00,0.000816,1,0,0,0,0,0
5/5/2023 8:00,-0.000884,1,0,0,0,0,0
5/5/2023 9:00,0.000737,1,0,0,0,0,0
5/5/2023 10:00,0.000545,0,1,0,0,0,0
5/5/2023 11:00,0.000254,0,1,0,0,0,0
5/5/2023 12:00,-0.000281,0,1,0,0,0,0
5/5/2023 13:00,-0.000407,0,1,0,0,0,0
5/5/2023 14:00,-0.000455,0,1,0,0,0,0
5/5/2023 15:00,-0.000168,0,1,0,0,0,0
5/5/2023 16:00,0.005302,0,0,0,1,0,0
5/5/2023 17:00,0.005345,0,0,0,1,0,0
5/5/2023 18:00,0.005345,0,0,0,1,0,0
5/5/2023 19:00,0.005345,0,0,0,1,0,0
5/5/2023 20:00,0.004612,0,0,0,1,0,0
5/5/2023 21:00,0.004612,0,0,0,1,0,0
5/5/2023 22:00,0.004612,0,0,0,1,0,0
5/5/2023 23:00,0.004612,0,0,0,0,1,0
5/6/2023 0:00,-0.000962,0,1,0,0,0,0
5/6/2023 1:00,-0.000118,0,1,0,0,0,0
5/6/2023 2:00,-0.000118,0,1,0,0,0,0
5/6/2023 3:00,-0.000124,0,1,0,0,0,0
5/6/2023 4:00,-0.000485,0,1,0,0,0,0
5/6/2023 5:00,-0.000485,0,1,0,0,0,0
5/6/2023 6:00,-0.000485,0,1,0,0,0,0
5/6/2023 7:00,-0.000485,0,1,0,0,0,0
5/6/2023 8:00,-0.000271,0,1,0,0,0,0
5/6/2023 9:00,-0.000183,0,0,1,0,0,0
5/6/2023 10:00,-0.000183,0,0,1,0,0,0
5/6/2023 11:00,-0.000173,0,0,1,0,0,0
5/6/2023 12:00,0.000271,0,0,1,0,0,0
5/6/2023 13:00,0.000271,0,0,1,0,0,0
5/6/2023 14:00,0.00027,0,0,1,0,0,0
5/6/2023 15:00,0.000267,0,0,1,0,0,0
5/6/2023 16:00,-0.003642,1,0,0,0,0,0
5/6/2023 17:00,-0.004661,1,0,0,0,0,0
5/6/2023 18:00,-0.005014,1,0,0,0,0,0
5/6/2023 19:00,-0.005469,1,0,0,0,0,0
5/6/2023 20:00,-0.013303,1,0,0,0,0,0
5/6/2023 21:00,-0.01365,1,0,0,0,0,0
5/6/2023 22:00,-0.013121,1,0,0,0,0,0
5/6/2023 23:00,-0.013013,1,0,0,0,0,0
5/7/2023 0:00,-0.02184,1,0,0,0,0,0
5/7/2023 1:00,-0.021615,1,0,0,0,0,0
5/7/2023 2:00,-0.021709,1,0,0,0,0,0
5/7/2023 3:00,-0.021372,1,0,0,0,0,0
5/7/2023 4:00,-0.022549,1,0,0,0,0,0
5/7/2023 5:00,-0.022535,1,0,0,0,0,0
5/7/2023 6:00,-0.023111,0,1,0,0,0,0
5/7/2023 7:00,-0.0236,0,1,0,0,0,0
5/7/2023 8:00,-0.007064,0,0,0,1,0,0
5/7/2023 9:00,-0.00488,0,0,0,1,0,0
5/7/2023 10:00,-0.003225,0,0,0,0,1,0
5/7/2023 11:00,-0.002739,0,0,0,0,1,0
5/7/2023 12:00,0.001145,0,0,0,0,1,0
5/7/2023 13:00,0.000673,0,0,0,0,1,0
5/7/2023 14:00,0.000471,0,0,0,0,1,0
5/7/2023 15:00,-0.000008,0,0,0,0,1,0
5/7/2023 16:00,-0.010243,0,0,0,1,0,0
5/7/2023 17:00,-0.009248,0,0,0,1,0,0
5/7/2023 18:00,-0.00901,0,0,0,1,0,0
5/7/2023 19:00,-0.008835,0,0,0,1,0,0
5/7/2023 20:00,-0.014288,0,0,1,0,0,0
5/7/2023 21:00,-0.014264,0,0,1,0,0,0
5/7/2023 22:00,-0.014895,0,0,1,0,0,0
5/7/2023 23:00,-0.015363,0,0,1,0,0,0
5/8/2023 0:00,-0.008753,0,0,0,1,0,0
5/8/2023 1:00,-0.009003,0,0,0,1,0,0
5/8/2023 2:00,-0.00866,0,0,0,1,0,0
5/8/2023 3:00,-0.008424,0,0,0,1,0,0
5/8/2023 4:00,-0.026908,1,0,0,0,0,0
5/8/2023 5:00,-0.026143,1,0,0,0,0,0
5/8/2023 6:00,-0.025772,1,0,0,0,0,0
5/8/2023 7:00,-0.025785,1,0,0,0,0,0
5/8/2023 8:00,-0.036553,1,0,0,0,0,0
5/8/2023 9:00,-0.038056,1,0,0,0,0,0
5/8/2023 10:00,-0.039076,1,0,0,0,0,0
5/8/2023 11:00,-0.038413,1,0,0,0,0,0
5/8/2023 12:00,-0.017561,0,0,1,0,0,0
5/8/2023 13:00,-0.016572,0,0,0,1,0,0
5/8/2023 14:00,-0.015958,0,0,0,1,0,0
5/8/2023 15:00,-0.015315,0,0,0,1,0,0
5/8/2023 16:00,-0.007784,0,0,0,0,1,0
5/8/2023 17:00,-0.007606,0,0,0,0,1,0
5/8/2023 18:00,-0.007378,0,0,0,0,1,0
5/8/2023 19:00,-0.007173,0,0,0,0,1,0
5/8/2023 20:00,-0.006254,0,0,0,0,1,0
5/8/2023 21:00,-0.006391,0,0,0,0,1,0
5/8/2023 22:00,-0.006654,0,0,0,0,1,0
5/8/2023 23:00,-0.007105,0,0,0,0,1,0
5/9/2023 0:00,-0.01374,0,0,0,1,0,0
5/9/2023 1:00,-0.012244,0,0,0,1,0,0
5/9/2023 2:00,-0.011925,0,0,0,1,0,0
5/9/2023 3:00,-0.012342,0,0,0,1,0,0
5/9/2023 4:00,-0.011878,0,0,0,1,0,0
5/9/2023 5:00,-0.01176,0,0,0,1,0,0
5/9/2023 6:00,-0.011304,0,0,0,1,0,0
5/9/2023 7:00,-0.010743,0,0,0,1,0,0
5/9/2023 8:00,-0.007042,0,0,0,0,1,0
5/9/2023 9:00,-0.005721,0,0,0,0,1,0
5/9/2023 10:00,-0.005117,0,0,0,0,1,0
5/9/2023 11:00,-0.005662,0,0,0,0,1,0
5/9/2023 12:00,-0.018662,1,0,0,0,0,0
5/9/2023 13:00,-0.019254,1,0,0,0,0,0
5/9/2023 14:00,-0.019757,1,0,0,0,0,0
5/9/2023 15:00,-0.019895,1,0,0,0,0,0
5/9/2023 16:00,-0.020309,1,0,0,0,0,0
5/9/2023 17:00,-0.018798,0,1,0,0,0,0
5/9/2023 18:00,-0.018532,0,1,0,0,0,0
5/9/2023 19:00,-0.018304,0,1,0,0,0,0
5/9/2023 20:00,0.004904,0,0,0,0,0,1
5/9/2023 21:00,0.004633,0,0,0,0,0,1
5/9/2023 22:00,0.004584,0,0,0,0,0,1
5/9/2023 23:00,0.004384,0,0,0,0,0,1
5/10/2023 0:00,0.002147,0,0,0,0,1,0
5/10/2023 1:00,0.003539,0,0,0,0,1,0
5/10/2023 2:00,0.003149,0,0,0,0,1,0
5/10/2023 3:00,0.003205,0,0,0,0,1,0
5/10/2023 4:00,0.001589,0,0,0,0,1,0
5/10/2023 5:00,0.001625,0,0,0,0,1,0
5/10/2023 6:00,0.0019,0,0,0,0,1,0
5/10/2023 7:00,0.002479,0,0,0,0,1,0
5/10/2023 8:00,0.003133,0,0,0,0,1,0
5/10/2023 9:00,0.003192,0,0,0,0,1,0
5/10/2023 10:00,0.003151,0,0,0,0,1,0
5/10/2023 11:00,0.003215,0,0,0,1,0,0
5/10/2023 12:00,0.004329,0,0,0,0,1,0
5/10/2023 13:00,0.004174,0,0,0,1,0,0
5/10/2023 14:00,0.004222,0,0,0,1,0,0
5/10/2023 15:00,0.004222,0,0,0,1,0,0
5/10/2023 16:00,0.003614,0,0,0,1,0,0
5/10/2023 17:00,0.002261,0,0,0,1,0,0
5/10/2023 18:00,0.001202,0,0,1,0,0,0
5/10/2023 19:00,0.002065,0,1,0,0,0,0
5/10/2023 20:00,-0.000037,1,0,0,0,0,0
5/10/2023 21:00,0.000161,1,0,0,0,0,0
5/10/2023 22:00,0.000089,1,0,0,0,0,0
5/10/2023 23:00,-0.000079,1,0,0,0,0,0
5/11/2023 0:00,-0.007284,1,0,0,0,0,0
5/11/2023 1:00,-0.007262,1,0,0,0,0,0
5/11/2023 2:00,-0.006633,1,0,0,0,0,0
5/11/2023 3:00,-0.006103,1,0,0,0,0,0
5/11/2023 4:00,-0.006691,1,0,0,0,0,0
5/11/2023 5:00,-0.005926,0,1,0,0,0,0
5/11/2023 6:00,-0.005446,0,1,0,0,0,0
5/11/2023 7:00,-0.005169,0,1,0,0,0,0
5/11/2023 8:00,0.003256,0,0,0,0,1,0
5/11/2023 9:00,0.003947,0,0,0,0,1,0
5/11/2023 10:00,0.004396,0,0,0,0,1,0
5/11/2023 11:00,0.004034,0,0,0,0,1,0
5/11/2023 12:00,0.006127,0,0,0,0,1,0
5/11/2023 13:00,0.005686,0,0,0,0,1,0
5/11/2023 14:00,0.005709,0,0,0,0,1,0
5/11/2023 15:00,0.005807,0,0,0,0,1,0
5/11/2023 16:00,-0.000818,0,0,1,0,0,0
5/11/2023 17:00,-0.000788,0,0,1,0,0,0
5/11/2023 18:00,-0.001325,0,0,1,0,0,0
5/11/2023 19:00,-0.001584,0,0,1,0,0,0
5/11/2023 20:00,-0.000839,0,0,1,0,0,0
5/11/2023 21:00,-0.000241,0,0,0,1,0,0
5/11/2023 22:00,-0.000473,0,0,0,1,0,0
5/11/2023 23:00,-0.000867,0,0,1,0,0,0
5/12/2023 0:00,0.006341,0,0,0,0,1,0
5/12/2023 1:00,0.006268,0,0,0,0,1,0
5/12/2023 2:00,0.005982,0,0,0,0,1,0
5/12/2023 3:00,0.005931,0,0,0,0,1,0
5/12/2023 4:00,0.004139,0,0,0,1,0,0
5/12/2023 5:00,0.004385,0,0,0,1,0,0
5/12/2023 6:00,0.003873,0,0,0,1,0,0
5/12/2023 7:00,0.003428,0,0,0,1,0,0
5/12/2023 8:00,-0.001137,0,1,0,0,0,0
5/12/2023 9:00,-0.000929,0,1,0,0,0,0
5/12/2023 10:00,-0.000987,0,1,0,0,0,0
5/12/2023 11:00,-0.001196,0,1,0,0,0,0
5/12/2023 12:00,0.000674,0,0,1,0,0,0
5/12/2023 13:00,-0.000067,0,0,1,0,0,0
5/12/2023 14:00,-0.001208,0,1,0,0,0,0
5/12/2023 15:00,-0.001272,0,1,0,0,0,0
5/12/2023 16:00,0.004109,0,0,0,0,1,0
5/12/2023 17:00,0.004984,0,0,0,0,1,0
5/12/2023 18:00,0.004841,0,0,0,0,1,0
5/12/2023 19:00,0.005252,0,0,0,0,1,0
5/12/2023 20:00,0.006369,0,0,0,0,1,0
5/12/2023 21:00,0.006074,0,0,0,0,1,0
5/12/2023 22:00,0.005389,0,0,0,0,1,0
5/12/2023 23:00,0.004585,0,0,0,1,0,0
5/13/2023 0:00,0.001093,0,0,1,0,0,0
5/13/2023 1:00,0.001313,0,0,1,0,0,0
5/13/2023 2:00,0.000559,0,0,1,0,0,0
5/13/2023 3:00,0.000333,0,1,0,0,0,0
5/13/2023 4:00,-0.002333,1,0,0,0,0,0
5/13/2023 5:00,-0.002253,0,1,0,0,0,0
5/13/2023 6:00,-0.001825,0,1,0,0,0,0
5/13/2023 7:00,-0.001031,0,1,0,0,0,0
5/13/2023 8:00,0.002579,0,0,0,1,0,0
5/13/2023 9:00,0.000929,0,0,1,0,0,0
5/13/2023 10:00,0.000077,0,0,1,0,0,0
5/13/2023 11:00,-0.000107,0,0,1,0,0,0
5/13/2023 12:00,0.000401,0,0,1,0,0,0
5/13/2023 13:00,0.000284,0,0,1,0,0,0
5/13/2023 14:00,0.000305,0,0,1,0,0,0
5/13/2023 15:00,0.000713,0,0,1,0,0,0
5/13/2023 16:00,0.002903,0,0,0,1,0,0
5/13/2023 17:00,0.003079,0,0,0,1,0,0
5/13/2023 18:00,0.003708,0,0,0,0,1,0
5/13/2023 19:00,0.003501,0,0,0,0,1,0
5/13/2023 20:00,0.005032,0,0,0,0,1,0
5/13/2023 21:00,0.005389,0,0,0,0,0,1
5/13/2023 22:00,0.005026,0,0,0,0,0,1
5/13/2023 23:00,0.004426,0,0,0,0,1,0
5/14/2023 0:00,0.005148,0,0,0,0,1,0
5/14/2023 1:00,0.004596,0,0,0,0,1,0
5/14/2023 2:00,0.004712,0,0,0,0,1,0
5/14/2023 3:00,0.004498,0,0,0,0,1,0
5/14/2023 4:00,-0.000343,0,1,0,0,0,0
5/14/2023 5:00,-0.000361,0,1,0,0,0,0
5/14/2023 6:00,-0.000621,0,1,0,0,0,0
5/14/2023 7:00,-0.000981,0,1,0,0,0,0
5/14/2023 8:00,-0.009802,1,0,0,0,0,0
5/14/2023 9:00,-0.010624,1,0,0,0,0,0
5/14/2023 10:00,-0.008835,1,0,0,0,0,0
5/14/2023 11:00,-0.007383,1,0,0,0,0,0
5/14/2023 12:00,-0.008561,1,0,0,0,0,0
5/14/2023 13:00,-0.007745,0,1,0,0,0,0
5/14/2023 14:00,-0.007564,0,1,0,0,0,0
5/14/2023 15:00,-0.007456,0,1,0,0,0,0
5/14/2023 16:00,0.00154,0,0,0,1,0,0
5/14/2023 17:00,0.001037,0,0,0,1,0,0
5/14/2023 18:00,0.000677,0,0,0,1,0,0
5/14/2023 19:00,0.001079,0,0,0,1,0,0
5/14/2023 20:00,0.005024,0,0,0,0,1,0
5/14/2023 21:00,0.005326,0,0,0,0,1,0
5/14/2023 22:00,0.005461,0,0,0,0,1,0
5/14/2023 23:00,0.005336,0,0,0,0,1,0
5/15/2023 0:00,-0.003098,0,0,1,0,0,0
5/15/2023 1:00,-0.002085,0,0,1,0,0,0
5/15/2023 2:00,-0.002618,0,0,1,0,0,0
5/15/2023 3:00,-0.003715,0,0,1,0,0,0
5/15/2023 4:00,-0.004097,0,0,1,0,0,0
5/15/2023 5:00,-0.004529,0,0,1,0,0,0
5/15/2023 6:00,-0.004812,0,0,1,0,0,0
5/15/2023 7:00,-0.004809,0,0,1,0,0,0
5/15/2023 8:00,0.002788,0,0,0,0,1,0
5/15/2023 9:00,0.002658,0,0,0,0,1,0
5/15/2023 10:00,0.002948,0,0,0,0,1,0
5/15/2023 11:00,0.003429,0,0,0,0,1,0
5/15/2023 12:00,0.005687,0,0,0,0,1,0
5/15/2023 13:00,0.006493,0,0,0,0,1,0
5/15/2023 14:00,0.006792,0,0,0,0,1,0
5/15/2023 15:00,0.006751,0,0,0,0,1,0
5/15/2023 16:00,-0.003185,0,1,0,0,0,0
5/15/2023 17:00,-0.002151,0,1,0,0,0,0
5/15/2023 18:00,-0.001237,0,0,1,0,0,0
5/15/2023 19:00,-0.001179,0,0,1,0,0,0
5/15/2023 20:00,0.000977,0,0,0,1,0,0
5/15/2023 21:00,0.001692,0,0,0,1,0,0
5/15/2023 22:00,0.002152,0,0,0,1,0,0
5/15/2023 23:00,0.002491,0,0,0,1,0,0
5/16/2023 0:00,0.011823,0,0,0,0,0,1
5/16/2023 1:00,0.011591,0,0,0,0,0,1
5/16/2023 2:00,0.011415,0,0,0,0,0,1
5/16/2023 3:00,0.011111,0,0,0,0,0,1
5/16/2023 4:00,0.010565,0,0,0,0,1,0
5/16/2023 5:00,0.010384,0,0,0,0,1,0
5/16/2023 6:00,0.010292,0,0,0,0,1,0
5/16/2023 7:00,0.010308,0,0,0,0,1,0
5/16/2023 8:00,-0.001857,0,1,0,0,0,0
5/16/2023 9:00,-0.003265,1,0,0,0,0,0
5/16/2023 10:00,-0.002938,0,1,0,0,0,0
5/16/2023 11:00,-0.00177,0,1,0,0,0,0
5/16/2023 12:00,-0.004009,0,1,0,0,0,0
5/16/2023 13:00,-0.003919,0,1,0,0,0,0
5/16/2023 14:00,-0.00378,0,1,0,0,0,0
5/16/2023 15:00,-0.003563,0,1,0,0,0,0
5/16/2023 16:00,0.008849,0,0,0,0,1,0
5/16/2023 17:00,0.009131,0,0,0,0,1,0
5/16/2023 18:00,0.00939,0,0,0,0,1,0
5/16/2023 19:00,0.009409,0,0,0,0,1,0
5/16/2023 20:00,0.012916,0,0,0,0,1,0
5/16/2023 21:00,0.012887,0,0,0,0,1,0
5/16/2023 22:00,0.012786,0,0,0,0,1,0
5/16/2023 23:00,0.012731,0,0,0,0,1,0
5/17/2023 0:00,0.004058,0,0,1,0,0,0
5/17/2023 1:00,0.004232,0,0,1,0,0,0
5/17/2023 2:00,0.004213,0,0,1,0,0,0
5/17/2023 3:00,0.004179,0,0,1,0,0,0
5/17/2023 4:00,0.003151,0,0,1,0,0,0
5/17/2023 5:00,0.003116,0,0,1,0,0,0
5/17/2023 6:00,0.00296,0,0,1,0,0,0
5/17/2023 7:00,0.002758,0,0,1,0,0,0
5/17/2023 8:00,0.005124,0,0,0,1,0,0
5/17/2023 9:00,0.004932,0,0,0,1,0,0
5/17/2023 10:00,0.005337,0,0,0,1,0,0
5/17/2023 11:00,0.005702,0,0,0,1,0,0
5/17/2023 12:00,0.007089,0,0,0,1,0,0
5/17/2023 13:00,0.007152,0,0,0,1,0,0
5/17/2023 14:00,0.006892,0,0,0,1,0,0
5/17/2023 15:00,0.006577,0,0,1,0,0,0
5/17/2023 16:00,0.006703,0,0,1,0,0,0
5/17/2023 17:00,0.006652,0,0,1,0,0,0
5/17/2023 18:00,0.006686,0,0,0,1,0,0
5/17/2023 19:00,0.006939,0,0,0,1,0,0
5/17/2023 20:00,0.007463,0,0,0,1,0,0
5/17/2023 21:00,0.007849,0,0,0,1,0,0
5/17/2023 22:00,0.00802,0,0,0,0,1,0
5/17/2023 23:00,0.008031,0,0,0,0,1,0
5/18/2023 0:00,0.009143,0,0,0,0,0,1
5/18/2023 1:00,0.009388,0,0,0,0,0,1
5/18/2023 2:00,0.008713,0,0,0,0,1,0
5/18/2023 3:00,0.008126,0,0,0,0,1,0
5/18/2023 4:00,0.00521,0,1,0,0,0,0
5/18/2023 5:00,0.00427,0,1,0,0,0,0
5/18/2023 6:00,0.004134,0,1,0,0,0,0
5/18/2023 7:00,0.00482,0,1,0,0,0,0
5/18/2023 8:00,0.001425,1,0,0,0,0,0
5/18/2023 9:00,0.000881,1,0,0,0,0,0
5/18/2023 10:00,-0.0004,1,0,0,0,0,0
5/18/2023 11:00,-0.000533,1,0,0,0,0,0
5/18/2023 12:00,0.000476,1,0,0,0,0,0
5/18/2023 13:00,0.000527,0,1,0,0,0,0
5/18/2023 14:00,0.001289,0,1,0,0,0,0
5/18/2023 15:00,0.001724,0,1,0,0,0,0
5/18/2023 16:00,0.006276,0,0,0,1,0,0
5/18/2023 17:00,0.006229,0,0,0,1,0,0
5/18/2023 18:00,0.00584,0,0,0,1,0,0
5/18/2023 19:00,0.005421,0,0,0,1,0,0
5/18/2023 20:00,0.005434,0,0,0,1,0,0
5/18/2023 21:00,0.0052,0,0,0,1,0,0
5/18/2023 22:00,0.005214,0,0,0,1,0,0
5/18/2023 23:00,0.005406,0,0,0,1,0,0
5/19/2023 0:00,0.00127,0,1,0,0,0,0
5/19/2023 1:00,0.001373,0,1,0,0,0,0
5/19/2023 2:00,0.001489,0,1,0,0,0,0
5/19/2023 3:00,0.001667,0,0,1,0,0,0
5/19/2023 4:00,0.00277,0,0,1,0,0,0
5/19/2023 5:00,0.002795,0,0,1,0,0,0
5/19/2023 6:00,0.002752,0,0,1,0,0,0
5/19/2023 7:00,0.002491,0,0,1,0,0,0
5/19/2023 8:00,0.008441,0,0,0,0,0,1
5/19/2023 9:00,0.008137,0,0,0,0,0,1
5/19/2023 10:00,0.007928,0,0,0,0,0,1
5/19/2023 11:00,0.007923,0,0,0,0,1,0
5/19/2023 12:00,0.007374,0,0,0,0,1,0
5/19/2023 13:00,0.007427,0,0,0,0,1,0
5/19/2023 14:00,0.007568,0,0,0,0,1,0
5/19/2023 15:00,0.007744,0,0,0,0,1,0
5/19/2023 16:00,0.003731,0,0,1,0,0,0
5/19/2023 17:00,0.003935,0,0,1,0,0,0
5/19/2023 18:00,0.003996,0,0,1,0,0,0
5/19/2023 19:00,0.004016,0,0,1,0,0,0
5/19/2023 20:00,0.003818,0,0,1,0,0,0
5/19/2023 21:00,0.003798,0,0,1,0,0,0
5/19/2023 22:00,0.003807,0,0,1,0,0,0
5/19/2023 23:00,0.003943,0,0,1,0,0,0
5/20/2023 0:00,0.002301,0,1,0,0,0,0
5/20/2023 1:00,0.001823,0,1,0,0,0,0
5/20/2023 2:00,0.001085,0,1,0,0,0,0
5/20/2023 3:00,0.00036,1,0,0,0,0,0
5/20/2023 4:00,-0.00276,1,0,0,0,0,0
5/20/2023 5:00,-0.002857,1,0,0,0,0,0
5/20/2023 6:00,-0.001931,1,0,0,0,0,0
5/20/2023 7:00,-0.000823,0,1,0,0,0,0
5/20/2023 8:00,0.00167,0,0,1,0,0,0
5/20/2023 9:00,0.001761,0,0,1,0,0,0
5/20/2023 10:00,0.001794,0,0,1,0,0,0
5/20/2023 11:00,0.001685,0,0,1,0,0,0
5/20/2023 12:00,0.002245,0,0,1,0,0,0
5/20/2023 13:00,0.00193,0,0,1,0,0,0
5/20/2023 14:00,0.001437,0,0,1,0,0,0
5/20/2023 15:00,0.000916,0,0,1,0,0,0
5/20/2023 16:00,0.000449,0,0,1,0,0,0
5/20/2023 17:00,-0.000639,0,1,0,0,0,0
5/20/2023 18:00,0.000722,0,0,1,0,0,0
5/20/2023 19:00,0.00143,0,0,0,1,0,0
5/20/2023 20:00,0.001861,0,0,0,1,0,0
5/20/2023 21:00,0.002414,0,0,0,0,1,0
5/20/2023 22:00,0.002946,0,0,0,0,1,0
5/20/2023 23:00,0.00282,0,0,0,0,1,0
5/21/2023 0:00,-0.002631,1,0,0,0,0,0
5/21/2023 1:00,-0.000171,0,0,1,0,0,0
5/21/2023 2:00,0.001796,0,0,0,1,0,0
5/21/2023 3:00,0.002229,0,0,0,0,1,0
5/21/2023 4:00,0.00225,0,0,0,0,1,0
5/21/2023 5:00,0.002284,0,0,0,0,1,0
5/21/2023 6:00,0.002295,0,0,0,0,1,0
5/21/2023 7:00,0.00232,0,0,0,1,0,0
5/21/2023 8:00,0.001872,0,0,0,1,0,0
5/21/2023 9:00,0.001865,0,0,0,1,0,0
5/21/2023 10:00,0.002247,0,0,0,1,0,0
5/21/2023 11:00,0.001077,0,0,1,0,0,0
5/21/2023 12:00,-0.00064,1,0,0,0,0,0
5/21/2023 13:00,-0.000307,0,1,0,0,0,0
5/21/2023 14:00,0.000482,0,0,1,0,0,0
5/21/2023 15:00,0.001109,0,0,1,0,0,0
5/21/2023 16:00,-0.000852,0,1,0,0,0,0
5/21/2023 17:00,-0.000651,0,1,0,0,0,0
5/21/2023 18:00,-0.000469,0,1,0,0,0,0
5/21/2023 19:00,-0.000129,0,1,0,0,0,0
5/21/2023 20:00,0.004115,0,0,0,0,0,1
5/21/2023 21:00,0.004029,0,0,0,0,0,1
5/21/2023 22:00,0.003881,0,0,0,0,1,0
5/21/2023 23:00,0.003862,0,0,0,0,1,0
5/22/2023 0:00,0.009147,0,0,0,0,0,1
5/22/2023 1:00,0.009133,0,0,0,0,0,1
5/22/2023 2:00,0.00917,0,0,0,0,0,1
5/22/2023 3:00,0.009322,0,0,0,0,0,1
5/22/2023 4:00,0.009485,0,0,0,0,0,1
5/22/2023 5:00,0.009287,0,0,0,0,0,1
5/22/2023 6:00,0.008986,0,0,0,0,1,0
5/22/2023 7:00,0.008609,0,0,0,0,1,0
5/22/2023 8:00,0.006513,0,0,0,1,0,0
5/22/2023 9:00,0.006392,0,0,0,1,0,0
5/22/2023 10:00,0.00658,0,0,0,1,0,0
5/22/2023 11:00,0.006678,0,0,0,1,0,0
5/22/2023 12:00,0.006104,0,0,0,1,0,0
5/22/2023 13:00,0.00595,0,0,0,1,0,0
5/22/2023 14:00,0.006249,0,0,0,1,0,0
5/22/2023 15:00,0.006044,0,0,0,1,0,0
5/22/2023 16:00,0.003749,0,0,1,0,0,0
5/22/2023 17:00,0.004888,0,0,1,0,0,0
5/22/2023 18:00,0.005578,0,0,1,0,0,0
5/22/2023 19:00,0.005454,0,0,1,0,0,0
5/22/2023 20:00,0.006587,0,0,1,0,0,0
5/22/2023 21:00,0.007023,0,0,0,1,0,0
5/22/2023 22:00,0.006648,0,0,1,0,0,0
5/22/2023 23:00,0.006691,0,0,1,0,0,0
5/23/2023 0:00,0.007476,0,0,0,1,0,0
5/23/2023 1:00,0.007529,0,0,0,1,0,0
5/23/2023 2:00,0.007857,0,0,0,1,0,0
5/23/2023 3:00,0.008519,0,0,0,0,1,0
5/23/2023 4:00,0.009756,0,0,0,0,0,1
5/23/2023 5:00,0.010349,0,0,0,0,0,1
5/23/2023 6:00,0.010915,0,0,0,0,0,1
5/23/2023 7:00,0.011487,0,0,0,0,0,1
5/23/2023 8:00,0.015411,0,0,0,0,0,1
5/23/2023 9:00,0.015473,0,0,0,0,0,1
5/23/2023 10:00,0.015801,0,0,0,0,0,1
5/23/2023 11:00,0.016655,0,0,0,0,0,1
5/23/2023 12:00,0.016474,0,0,0,0,0,1
5/23/2023 13:00,0.015932,0,0,0,0,0,1
5/23/2023 14:00,0.015323,0,0,0,0,1,0
5/23/2023 15:00,0.014849,0,0,0,0,1,0
5/23/2023 16:00,0.008814,0,0,1,0,0,0
5/23/2023 17:00,0.008401,0,0,1,0,0,0
5/23/2023 18:00,0.008192,0,0,1,0,0,0
5/23/2023 19:00,0.00793,0,1,0,0,0,0
5/23/2023 20:00,0.007581,0,1,0,0,0,0
5/23/2023 21:00,0.007661,0,1,0,0,0,0
5/23/2023 22:00,0.00788,0,1,0,0,0,0
5/23/2023 23:00,0.008068,0,1,0,0,0,0
5/24/2023 0:00,0.011783,0,0,0,1,0,0
5/24/2023 1:00,0.011856,0,0,0,1,0,0
5/24/2023 2:00,0.011968,0,0,0,1,0,0
5/24/2023 3:00,0.011904,0,0,0,1,0,0
5/24/2023 4:00,0.011319,0,0,1,0,0,0
5/24/2023 5:00,0.010654,0,0,1,0,0,0
5/24/2023 6:00,0.010112,0,0,1,0,0,0
5/24/2023 7:00,0.009918,0,0,1,0,0,0
5/24/2023 8:00,0.003348,1,0,0,0,0,0
5/24/2023 9:00,0.003042,1,0,0,0,0,0
5/24/2023 10:00,0.002752,1,0,0,0,0,0
5/24/2023 11:00,0.002695,1,0,0,0,0,0
5/24/2023 12:00,-0.001489,1,0,0,0,0,0
5/24/2023 13:00,-0.001458,1,0,0,0,0,0
5/24/2023 14:00,-0.001438,1,0,0,0,0,0
5/24/2023 15:00,-0.000949,1,0,0,0,0,0
5/24/2023 16:00,0.00231,0,1,0,0,0,0
5/24/2023 17:00,0.002511,0,1,0,0,0,0
5/24/2023 18:00,0.002679,0,0,1,0,0,0
5/24/2023 19:00,0.002851,0,0,1,0,0,0
5/24/2023 20:00,0.00728,0,0,0,1,0,0
5/24/2023 21:00,0.007351,0,0,0,1,0,0
5/24/2023 22:00,0.007271,0,0,0,1,0,0
5/24/2023 23:00,0.007095,0,0,0,1,0,0
5/25/2023 0:00,0.006189,0,0,0,1,0,0
5/25/2023 1:00,0.006335,0,0,0,1,0,0
5/25/2023 2:00,0.006548,0,0,0,1,0,0
5/25/2023 3:00,0.006737,0,0,0,1,0,0
5/25/2023 4:00,0.006801,0,0,0,1,0,0
5/25/2023 5:00,0.006813,0,0,0,1,0,0
5/25/2023 6:00,0.006801,0,0,0,0,1,0
5/25/2023 7:00,0.006797,0,0,0,0,1,0
5/25/2023 8:00,0.00601,0,0,0,1,0,0
5/25/2023 9:00,0.00601,0,0,0,1,0,0
5/25/2023 10:00,0.00601,0,0,0,1,0,0
5/25/2023 11:00,0.005965,0,0,0,1,0,0
5/25/2023 12:00,0.004193,0,0,1,0,0,0
5/25/2023 13:00,0.004075,0,0,1,0,0,0
5/25/2023 14:00,0.00415,0,0,1,0,0,0
5/25/2023 15:00,0.00434,0,1,0,0,0,0
5/25/2023 16:00,0.005057,0,0,1,0,0,0
5/25/2023 17:00,0.005365,0,0,1,0,0,0
5/25/2023 18:00,0.005389,0,0,1,0,0,0
5/25/2023 19:00,0.00537,0,0,1,0,0,0
5/25/2023 20:00,0.00401,1,0,0,0,0,0
5/25/2023 21:00,0.00401,1,0,0,0,0,0
5/25/2023 22:00,0.00401,0,1,0,0,0,0
5/25/2023 23:00,0.00401,0,1,0,0,0,0
5/26/2023 0:00,0.001934,1,0,0,0,0,0
5/26/2023 1:00,0.002936,1,0,0,0,0,0
5/26/2023 2:00,0.002412,1,0,0,0,0,0
5/26/2023 3:00,0.002418,1,0,0,0,0,0
5/26/2023 4:00,0.003292,0,1,0,0,0,0
5/26/2023 5:00,0.003424,0,1,0,0,0,0
5/26/2023 6:00,0.003448,0,0,1,0,0,0
5/26/2023 7:00,0.003639,0,0,1,0,0,0
5/26/2023 8:00,0.003318,0,0,1,0,0,0
5/26/2023 9:00,0.003412,0,0,1,0,0,0
5/26/2023 10:00,0.003423,0,0,1,0,0,0
5/26/2023 11:00,0.003577,0,0,1,0,0,0
5/26/2023 12:00,0.006088,0,0,0,0,0,1
5/26/2023 13:00,0.006103,0,0,0,0,0,1
5/26/2023 14:00,0.006111,0,0,0,0,0,1
5/26/2023 15:00,0.005675,0,0,0,0,1,0
5/26/2023 16:00,0.007481,0,0,0,0,0,1
5/26/2023 17:00,0.006567,0,0,0,0,0,1
5/26/2023 18:00,0.007012,0,0,0,0,0,1
5/26/2023 19:00,0.007009,0,0,0,0,0,1
5/26/2023 20:00,0.004622,0,0,0,1,0,0
5/26/2023 21:00,0.004048,0,0,1,0,0,0
5/26/2023 22:00,0.003753,0,0,1,0,0,0
5/26/2023 23:00,0.003633,0,0,1,0,0,0
5/27/2023 0:00,0.000495,1,0,0,0,0,0
5/27/2023 1:00,0.001305,1,0,0,0,0,0
5/27/2023 2:00,0.001688,0,1,0,0,0,0
5/27/2023 3:00,0.001903,0,1,0,0,0,0
5/27/2023 4:00,-0.000265,1,0,0,0,0,0
5/27/2023 5:00,-0.000262,1,0,0,0,0,0
5/27/2023 6:00,-0.000361,1,0,0,0,0,0
5/27/2023 7:00,-0.000783,1,0,0,0,0,0
5/27/2023 8:00,-0.006616,1,0,0,0,0,0
5/27/2023 9:00,-0.003752,1,0,0,0,0,0
5/27/2023 10:00,-0.002298,0,1,0,0,0,0
5/27/2023 11:00,-0.002119,0,1,0,0,0,0
5/27/2023 12:00,0.000134,0,0,1,0,0,0
5/27/2023 13:00,-0.000021,0,0,1,0,0,0
5/27/2023 14:00,-0.000358,0,0,1,0,0,0
5/27/2023 15:00,-0.000652,0,0,1,0,0,0
5/27/2023 16:00,0.006692,0,0,0,0,0,1
5/27/2023 17:00,0.007386,0,0,0,0,0,1
5/27/2023 18:00,0.007617,0,0,0,0,0,1
5/27/2023 19:00,0.00781,0,0,0,0,0,1
5/27/2023 20:00,0.009368,0,0,0,0,0,1
5/27/2023 21:00,0.009148,0,0,0,0,0,1
5/27/2023 22:00,0.008845,0,0,0,0,0,1
5/27/2023 23:00,0.008579,0,0,0,0,1,0
5/28/2023 0:00,0.002009,0,0,1,0,0,0
5/28/2023 1:00,0.00287,0,0,0,1,0,0
5/28/2023 2:00,0.003854,0,0,0,1,0,0
5/28/2023 3:00,0.004448,0,0,0,1,0,0
5/28/2023 4:00,0.004349,0,0,0,1,0,0
5/28/2023 5:00,0.004337,0,0,0,1,0,0
5/28/2023 6:00,0.004313,0,0,0,1,0,0
5/28/2023 7:00,0.00435,0,0,0,1,0,0
5/28/2023 8:00,0.006036,0,0,0,1,0,0
5/28/2023 9:00,0.005505,0,0,0,1,0,0
5/28/2023 10:00,0.007094,0,0,0,0,1,0
5/28/2023 11:00,0.007972,0,0,0,0,1,0
5/28/2023 12:00,0.008572,0,0,0,0,1,0
5/28/2023 13:00,0.008789,0,0,0,0,1,0
5/28/2023 14:00,0.00894,0,0,0,0,1,0
5/28/2023 15:00,0.00906,0,0,0,0,1,0
5/28/2023 16:00,0.007184,0,0,0,1,0,0
5/28/2023 17:00,0.007954,0,0,0,1,0,0
5/28/2023 18:00,0.008357,0,0,0,0,1,0
5/28/2023 19:00,0.008543,0,0,0,0,1,0
5/28/2023 20:00,0.00862,0,0,0,0,1,0
5/28/2023 21:00,0.009059,0,0,0,0,1,0
5/28/2023 22:00,0.009823,0,0,0,0,1,0
5/28/2023 23:00,0.010483,0,0,0,0,0,1
5/29/2023 0:00,0.015966,0,0,0,0,0,1
5/29/2023 1:00,0.016093,0,0,0,0,0,1
5/29/2023 2:00,0.01612,0,0,0,0,0,1
5/29/2023 3:00,0.016034,0,0,0,0,0,1
5/29/2023 4:00,0.016044,0,0,0,0,0,1
5/29/2023 5:00,0.01574,0,0,0,0,1,0
5/29/2023 6:00,0.015066,0,0,0,0,1,0
5/29/2023 7:00,0.01442,0,0,0,0,1,0
5/29/2023 8:00,0.009989,0,0,1,0,0,0
5/29/2023 9:00,0.009687,0,0,1,0,0,0
5/29/2023 10:00,0.009447,0,0,1,0,0,0
5/29/2023 11:00,0.009069,0,0,1,0,0,0
5/29/2023 12:00,0.008792,0,1,0,0,0,0
5/29/2023 13:00,0.008591,0,1,0,0,0,0
5/29/2023 14:00,0.00846,0,1,0,0,0,0
5/29/2023 15:00,0.008539,0,1,0,0,0,0
5/29/2023 16:00,0.008036,0,1,0,0,0,0
5/29/2023 17:00,0.008062,0,1,0,0,0,0
5/29/2023 18:00,0.00824,0,1,0,0,0,0
5/29/2023 19:00,0.008619,0,1,0,0,0,0
5/29/2023 20:00,0.008922,0,0,1,0,0,0
5/29/2023 21:00,0.009165,0,0,1,0,0,0
5/29/2023 22:00,0.009031,0,0,1,0,0,0
5/29/2023 23:00,0.008964,0,0,1,0,0,0
5/30/2023 0:00,0.009827,0,0,1,0,0,0
5/30/2023 1:00,0.009842,0,0,1,0,0,0
5/30/2023 2:00,0.009743,0,0,1,0,0,0
5/30/2023 3:00,0.009792,0,0,1,0,0,0
5/30/2023 4:00,0.009905,0,0,0,1,0,0
5/30/2023 5:00,0.010166,0,0,0,1,0,0
5/30/2023 6:00,0.01039,0,0,0,0,1,0
5/30/2023 7:00,0.010757,0,0,0,0,0,1
5/30/2023 8:00,0.009527,0,0,0,1,0,0
5/30/2023 9:00,0.009395,0,0,0,1,0,0
5/30/2023 10:00,0.009274,0,0,0,1,0,0
5/30/2023 11:00,0.008774,0,0,1,0,0,0
5/30/2023 12:00,0.00773,1,0,0,0,0,0
5/30/2023 13:00,0.007051,1,0,0,0,0,0
5/30/2023 14:00,0.006729,1,0,0,0,0,0
5/30/2023 15:00,0.006464,1,0,0,0,0,0
5/30/2023 16:00,0.006934,1,0,0,0,0,0
5/30/2023 17:00,0.006951,1,0,0,0,0,0
5/30/2023 18:00,0.006917,0,1,0,0,0,0
5/30/2023 19:00,0.007158,0,1,0,0,0,0
5/30/2023 20:00,0.007511,0,1,0,0,0,0
5/30/2023 21:00,0.007634,0,1,0,0,0,0
5/30/2023 22:00,0.007746,0,0,1,0,0,0
5/30/2023 23:00,0.007938,0,0,1,0,0,0
5/31/2023 0:00,0.009384,0,0,0,1,0,0
5/31/2023 1:00,0.009709,0,0,0,0,1,0
5/31/2023 2:00,0.009712,0,0,0,0,1,0
5/31/2023 3:00,0.009482,0,0,0,0,1,0
5/31/2023 4:00,0.011165,0,0,0,0,0,1
5/31/2023 5:00,0.010798,0,0,0,0,0,1
5/31/2023 6:00,0.010676,0,0,0,0,1,0
5/31/2023 7:00,0.010428,0,0,0,0,1,0
5/31/2023 8:00,0.002123,1,0,0,0,0,0
5/31/2023 9:00,0.002126,1,0,0,0,0,0
5/31/2023 10:00,0.002126,1,0,0,0,0,0
5/31/2023 11:00,0.002415,1,0,0,0,0,0
5/31/2023 12:00,0.002657,1,0,0,0,0,0
5/31/2023 13:00,0.003063,0,1,0,0,0,0
5/31/2023 14:00,0.003029,0,1,0,0,0,0
5/31/2023 15:00,0.003209,0,1,0,0,0,0
5/31/2023 16:00,0.009405,0,0,0,0,1,0
5/31/2023 17:00,0.009356,0,0,0,0,1,0
5/31/2023 18:00,0.009196,0,0,0,1,0,0
5/31/2023 19:00,0.009021,0,0,0,1,0,0
5/31/2023 20:00,0.008601,0,0,0,1,0,0
5/31/2023 21:00,0.008178,0,0,0,1,0,0
5/31/2023 22:00,0.007881,0,0,0,1,0,0
5/31/2023 23:00,0.007429,0,0,0,1,0,0
6/1/2023 0:00,0.00382,0,1,0,0,0,0
6/1/2023 1:00,0.003873,0,1,0,0,0,0
6/1/2023 2:00,0.003795,0,1,0,0,0,0
6/1/2023 3:00,0.003052,0,1,0,0,0,0
6/1/2023 4:00,0.000856,0,1,0,0,0,0
6/1/2023 5:00,0.001059,0,1,0,0,0,0
6/1/2023 6:00,0.001798,0,1,0,0,0,0
6/1/2023 7:00,0.002245,0,1,0,0,0,0
6/1/2023 8:00,0.005458,0,0,0,1,0,0
6/1/2023 9:00,0.005569,0,0,0,1,0,0
6/1/2023 10:00,0.005544,0,0,0,1,0,0
6/1/2023 11:00,0.005535,0,0,0,1,0,0
6/1/2023 12:00,0.005058,0,0,1,0,0,0
6/1/2023 13:00,0.005091,0,0,1,0,0,0
6/1/2023 14:00,0.005101,0,0,1,0,0,0
6/1/2023 15:00,0.005203,0,0,1,0,0,0
6/1/2023 16:00,0.006404,0,0,0,1,0,0
6/1/2023 17:00,0.006564,0,0,0,1,0,0
6/1/2023 18:00,0.006686,0,0,0,1,0,0
6/1/2023 19:00,0.006838,0,0,0,0,1,0
6/1/2023 20:00,0.008412,0,0,0,0,0,1
6/1/2023 21:00,0.008089,0,0,0,0,1,0
6/1/2023 22:00,0.007532,0,0,0,0,1,0
6/1/2023 23:00,0.007093,0,0,0,0,1,0
6/2/2023 0:00,0.00462,0,0,1,0,0,0
6/2/2023 1:00,0.004741,0,0,1,0,0,0
6/2/2023 2:00,0.004922,0,0,1,0,0,0
6/2/2023 3:00,0.005105,0,0,1,0,0,0
6/2/2023 4:00,0.004842,0,0,1,0,0,0
6/2/2023 5:00,0.005019,0,0,1,0,0,0
6/2/2023 6:00,0.005048,0,0,1,0,0,0
6/2/2023 7:00,0.005532,0,0,1,0,0,0
6/2/2023 8:00,0.00959,0,0,0,0,0,1
6/2/2023 9:00,0.009405,0,0,0,0,0,1
6/2/2023 10:00,0.008318,0,0,0,0,1,0
6/2/2023 11:00,0.008645,0,0,0,0,1,0
6/2/2023 12:00,0.007557,0,0,0,1,0,0
6/2/2023 13:00,0.007474,0,0,0,1,0,0
6/2/2023 14:00,0.00732,0,0,0,1,0,0
6/2/2023 15:00,0.0074,0,0,0,1,0,0
6/2/2023 16:00,0.001875,1,0,0,0,0,0
6/2/2023 17:00,0.00205,1,0,0,0,0,0
6/2/2023 18:00,0.002202,1,0,0,0,0,0
6/2/2023 19:00,0.002624,0,1,0,0,0,0
6/2/2023 20:00,0.005548,0,0,1,0,0,0
6/2/2023 21:00,0.00591,0,0,0,1,0,0
6/2/2023 22:00,0.005865,0,0,0,1,0,0
6/2/2023 23:00,0.005708,0,0,1,0,0,0
6/3/2023 0:00,0.011431,0,0,0,0,0,1
6/3/2023 1:00,0.011304,0,0,0,0,0,1
6/3/2023 2:00,0.011759,0,0,0,0,0,1
6/3/2023 3:00,0.011553,0,0,0,0,0,1
6/3/2023 4:00,0.010004,0,0,0,0,1,0
6/3/2023 5:00,0.010477,0,0,0,0,1,0
6/3/2023 6:00,0.010786,0,0,0,0,1,0
6/3/2023 7:00,0.010773,0,0,0,0,1,0
6/3/2023 8:00,0.00681,0,0,1,0,0,0
6/3/2023 9:00,0.006692,0,0,1,0,0,0
6/3/2023 10:00,0.006511,0,0,1,0,0,0
6/3/2023 11:00,0.00632,0,0,1,0,0,0
6/3/2023 12:00,0.005362,0,0,1,0,0,0
6/3/2023 13:00,0.004702,0,1,0,0,0,0
6/3/2023 14:00,0.003813,0,1,0,0,0,0
6/3/2023 15:00,0.003169,0,1,0,0,0,0
6/3/2023 16:00,0.001543,1,0,0,0,0,0
6/3/2023 17:00,0.000823,1,0,0,0,0,0
6/3/2023 18:00,0.001631,0,1,0,0,0,0
6/3/2023 19:00,0.00196,0,1,0,0,0,0
6/3/2023 20:00,0.000459,1,0,0,0,0,0
6/3/2023 21:00,0.000827,0,1,0,0,0,0
6/3/2023 22:00,0.001457,0,1,0,0,0,0
6/3/2023 23:00,0.002082,0,1,0,0,0,0
6/4/2023 0:00,0.001181,0,1,0,0,0,0
6/4/2023 1:00,0.001512,0,1,0,0,0,0
6/4/2023 2:00,0.001962,0,1,0,0,0,0
6/4/2023 3:00,0.002251,0,0,1,0,0,0
6/4/2023 4:00,0.003911,0,0,1,0,0,0
6/4/2023 5:00,0.004159,0,0,0,1,0,0
6/4/2023 6:00,0.004271,0,0,0,1,0,0
6/4/2023 7:00,0.004071,0,0,0,1,0,0
6/4/2023 8:00,0.008542,0,0,0,0,0,1
6/4/2023 9:00,0.008447,0,0,0,0,0,1
6/4/2023 10:00,0.008568,0,0,0,0,0,1
6/4/2023 11:00,0.008881,0,0,0,0,0,1
6/4/2023 12:00,0.011359,0,0,0,0,0,1
6/4/2023 13:00,0.011579,0,0,0,0,0,1
6/4/2023 14:00,0.011865,0,0,0,0,0,1
6/4/2023 15:00,0.012134,0,0,0,0,0,1
6/4/2023 16:00,0.011741,0,0,0,0,0,1
6/4/2023 17:00,0.011894,0,0,0,0,1,0
6/4/2023 18:00,0.011797,0,0,0,0,1,0
6/4/2023 19:00,0.011575,0,0,0,0,1,0
6/4/2023 20:00,0.01143,0,0,0,0,1,0
6/4/2023 21:00,0.011492,0,0,0,0,1,0
6/4/2023 22:00,0.011539,0,0,0,0,1,0
6/4/2023 23:00,0.011243,0,0,0,0,1,0
6/5/2023 0:00,0.008409,0,0,1,0,0,0
6/5/2023 1:00,0.006336,0,0,1,0,0,0
6/5/2023 2:00,0.005261,0,1,0,0,0,0
6/5/2023 3:00,0.006089,0,1,0,0,0,0
6/5/2023 4:00,0.005124,0,1,0,0,0,0
6/5/2023 5:00,0.00545,0,1,0,0,0,0
6/5/2023 6:00,0.005398,0,1,0,0,0,0
6/5/2023 7:00,0.005341,0,1,0,0,0,0
6/5/2023 8:00,0.002895,1,0,0,0,0,0
6/5/2023 9:00,0.003851,1,0,0,0,0,0
6/5/2023 10:00,0.003848,0,1,0,0,0,0
6/5/2023 11:00,0.003902,0,1,0,0,0,0
6/5/2023 12:00,0.004827,0,1,0,0,0,0
6/5/2023 13:00,0.004918,0,1,0,0,0,0
6/5/2023 14:00,0.005016,0,1,0,0,0,0
6/5/2023 15:00,0.004934,0,1,0,0,0,0
6/5/2023 16:00,0.000689,1,0,0,0,0,0
6/5/2023 17:00,0.003736,0,1,0,0,0,0
6/5/2023 18:00,0.003334,0,1,0,0,0,0
6/5/2023 19:00,0.003052,0,1,0,0,0,0
6/5/2023 20:00,0.003331,0,1,0,0,0,0
6/5/2023 21:00,0.003105,0,1,0,0,0,0
6/5/2023 22:00,0.00268,0,1,0,0,0,0
6/5/2023 23:00,0.001802,1,0,0,0,0,0
6/6/2023 0:00,-0.003181,1,0,0,0,0,0
6/6/2023 1:00,-0.002745,1,0,0,0,0,0
6/6/2023 2:00,-0.00165,1,0,0,0,0,0
6/6/2023 3:00,-0.001382,1,0,0,0,0,0
6/6/2023 4:00,-0.002979,1,0,0,0,0,0
6/6/2023 5:00,-0.002405,1,0,0,0,0,0
6/6/2023 6:00,-0.002475,0,1,0,0,0,0
6/6/2023 7:00,-0.003223,1,0,0,0,0,0
6/6/2023 8:00,-0.001497,0,1,0,0,0,0
6/6/2023 9:00,-0.001072,0,1,0,0,0,0
6/6/2023 10:00,-0.001017,0,0,1,0,0,0
6/6/2023 11:00,-0.000907,0,0,1,0,0,0
6/6/2023 12:00,-0.000226,0,0,1,0,0,0
6/6/2023 13:00,0.000385,0,0,0,1,0,0
6/6/2023 14:00,0.000937,0,0,0,1,0,0
6/6/2023 15:00,0.001008,0,0,0,1,0,0
6/6/2023 16:00,0.003235,0,0,0,0,1,0
6/6/2023 17:00,0.003716,0,0,0,0,1,0
6/6/2023 18:00,0.004096,0,0,0,0,0,1
6/6/2023 19:00,0.004276,0,0,0,0,0,1
6/6/2023 20:00,0.007451,0,0,0,0,0,1
6/6/2023 21:00,0.008198,0,0,0,0,0,1
6/6/2023 22:00,0.008798,0,0,0,0,0,1
6/6/2023 23:00,0.009334,0,0,0,0,0,1
6/7/2023 0:00,0.015277,0,0,0,0,0,1
6/7/2023 1:00,0.015642,0,0,0,0,0,1
6/7/2023 2:00,0.016128,0,0,0,0,0,1
6/7/2023 3:00,0.016435,0,0,0,0,0,1
6/7/2023 4:00,0.016093,0,0,0,0,0,1
6/7/2023 5:00,0.015609,0,0,0,0,1,0
6/7/2023 6:00,0.015375,0,0,0,0,1,0
6/7/2023 7:00,0.015289,0,0,0,0,1,0
6/7/2023 8:00,0.009981,0,0,0,1,0,0
6/7/2023 9:00,0.009741,0,0,0,1,0,0
6/7/2023 10:00,0.00929,0,0,0,1,0,0
6/7/2023 11:00,0.008988,0,0,0,1,0,0
6/7/2023 12:00,0.008988,0,0,1,0,0,0
6/7/2023 13:00,0.008825,0,0,1,0,0,0
6/7/2023 14:00,0.008481,0,0,1,0,0,0
6/7/2023 15:00,0.007803,0,0,1,0,0,0
6/7/2023 16:00,0.008691,0,0,1,0,0,0
6/7/2023 17:00,0.008695,0,0,1,0,0,0
6/7/2023 18:00,0.008829,0,0,1,0,0,0
6/7/2023 19:00,0.009027,0,0,1,0,0,0
6/7/2023 20:00,0.009039,0,0,1,0,0,0
6/7/2023 21:00,0.00921,0,0,1,0,0,0
6/7/2023 22:00,0.009075,0,0,1,0,0,0
6/7/2023 23:00,0.009315,0,0,1,0,0,0
6/8/2023 0:00,0.007124,0,1,0,0,0,0
6/8/2023 1:00,0.007519,0,1,0,0,0,0
6/8/2023 2:00,0.00737,0,1,0,0,0,0
6/8/2023 3:00,0.007122,0,1,0,0,0,0
6/8/2023 4:00,0.0061,0,1,0,0,0,0
6/8/2023 5:00,0.00635,0,1,0,0,0,0
6/8/2023 6:00,0.006093,0,1,0,0,0,0
6/8/2023 7:00,0.005587,1,0,0,0,0,0
6/8/2023 8:00,0.006429,0,1,0,0,0,0
6/8/2023 9:00,0.006158,0,1,0,0,0,0
6/8/2023 10:00,0.005936,0,1,0,0,0,0
6/8/2023 11:00,0.005935,0,1,0,0,0,0
6/8/2023 12:00,0.006385,0,1,0,0,0,0
6/8/2023 13:00,0.006034,0,1,0,0,0,0
6/8/2023 14:00,0.006323,0,1,0,0,0,0
6/8/2023 15:00,0.006957,0,0,1,0,0,0
6/8/2023 16:00,0.007029,0,0,1,0,0,0
6/8/2023 17:00,0.006885,0,0,1,0,0,0
6/8/2023 18:00,0.007434,0,0,0,1,0,0
6/8/2023 19:00,0.007963,0,0,0,0,1,0
6/8/2023 20:00,0.008341,0,0,0,0,1,0
6/8/2023 21:00,0.0084,0,0,0,0,1,0
6/8/2023 22:00,0.008621,0,0,0,0,0,1
6/8/2023 23:00,0.008288,0,0,0,0,0,1
6/9/2023 0:00,0.008053,0,0,0,0,1,0
6/9/2023 1:00,0.008092,0,0,0,0,1,0
6/9/2023 2:00,0.007775,0,0,0,0,1,0
6/9/2023 3:00,0.006949,0,0,1,0,0,0
6/9/2023 4:00,0.005322,1,0,0,0,0,0
6/9/2023 5:00,0.005291,1,0,0,0,0,0
6/9/2023 6:00,0.005848,0,1,0,0,0,0
6/9/2023 7:00,0.005744,0,1,0,0,0,0
6/9/2023 8:00,0.004165,1,0,0,0,0,0
6/9/2023 9:00,0.004435,1,0,0,0,0,0
6/9/2023 10:00,0.004601,1,0,0,0,0,0
6/9/2023 11:00,0.004873,0,1,0,0,0,0
6/9/2023 12:00,0.005542,0,1,0,0,0,0
6/9/2023 13:00,0.005703,0,0,1,0,0,0
6/9/2023 14:00,0.00574,0,0,1,0,0,0
6/9/2023 15:00,0.005685,0,0,1,0,0,0
6/9/2023 16:00,0.011053,0,0,0,0,0,1
6/9/2023 17:00,0.011551,0,0,0,0,0,1
6/9/2023 18:00,0.012217,0,0,0,0,0,1
6/9/2023 19:00,0.012934,0,0,0,0,0,1
6/9/2023 20:00,0.014008,0,0,0,0,0,1
6/9/2023 21:00,0.01396,0,0,0,0,0,1
6/9/2023 22:00,0.01378,0,0,0,0,0,1
6/9/2023 23:00,0.01353,0,0,0,0,1,0
6/10/2023 0:00,0.010079,0,0,0,1,0,0
6/10/2023 1:00,0.00956,0,0,0,1,0,0
6/10/2023 2:00,0.008768,0,0,0,1,0,0
6/10/2023 3:00,0.008143,0,0,1,0,0,0
6/10/2023 4:00,0.008236,0,0,1,0,0,0
6/10/2023 5:00,0.008045,0,0,1,0,0,0
6/10/2023 6:00,0.007289,0,0,1,0,0,0
6/10/2023 7:00,0.007024,0,0,1,0,0,0
6/10/2023 8:00,0.004067,0,1,0,0,0,0
6/10/2023 9:00,0.004309,0,1,0,0,0,0
6/10/2023 10:00,0.004276,0,1,0,0,0,0
6/10/2023 11:00,0.003952,0,1,0,0,0,0
6/10/2023 12:00,-0.001514,1,0,0,0,0,0
6/10/2023 13:00,-0.00137,1,0,0,0,0,0
6/10/2023 14:00,-0.001407,1,0,0,0,0,0
6/10/2023 15:00,-0.001066,1,0,0,0,0,0
6/10/2023 16:00,0.001112,0,1,0,0,0,0
6/10/2023 17:00,0.001369,0,1,0,0,0,0
6/10/2023 18:00,0.001518,0,1,0,0,0,0
6/10/2023 19:00,0.001492,0,1,0,0,0,0
6/10/2023 20:00,0.004129,0,0,1,0,0,0
6/10/2023 21:00,0.003919,0,0,1,0,0,0
6/10/2023 22:00,0.003767,0,0,1,0,0,0
6/10/2023 23:00,0.003515,0,0,1,0,0,0
6/11/2023 0:00,0.000056,0,1,0,0,0,0
6/11/2023 1:00,0.00108,0,0,1,0,0,0
6/11/2023 2:00,0.001156,0,0,1,0,0,0
6/11/2023 3:00,0.001282,0,0,1,0,0,0
6/11/2023 4:00,0.001486,0,0,1,0,0,0
6/11/2023 5:00,0.001418,0,0,1,0,0,0
6/11/2023 6:00,0.001424,0,0,1,0,0,0
6/11/2023 7:00,0.001448,0,0,1,0,0,0
6/11/2023 8:00,0.003485,0,0,0,0,1,0
6/11/2023 9:00,0.003283,0,0,0,0,1,0
6/11/2023 10:00,0.00325,0,0,0,0,1,0
6/11/2023 11:00,0.002915,0,0,0,0,1,0
6/11/2023 12:00,0.003735,0,0,0,0,1,0
6/11/2023 13:00,0.00457,0,0,0,0,0,1
6/11/2023 14:00,0.004751,0,0,0,0,0,1
6/11/2023 15:00,0.004707,0,0,0,0,0,1
6/11/2023 16:00,0.003426,0,0,0,1,0,0
6/11/2023 17:00,0.00388,0,0,0,0,1,0
6/11/2023 18:00,0.004029,0,0,0,0,1,0
6/11/2023 19:00,0.004026,0,0,0,0,1,0
6/11/2023 20:00,0.005302,0,0,0,0,0,1
6/11/2023 21:00,0.005332,0,0,0,0,0,1
6/11/2023 22:00,0.00528,0,0,0,0,1,0
6/11/2023 23:00,0.005199,0,0,0,0,1,0
6/12/2023 0:00,0.007634,0,0,0,0,0,1
6/12/2023 1:00,0.007593,0,0,0,0,0,1
6/12/2023 2:00,0.007722,0,0,0,0,0,1
6/12/2023 3:00,0.007807,0,0,0,0,0,1
6/12/2023 4:00,0.007631,0,0,0,0,0,1
6/12/2023 5:00,0.007556,0,0,0,0,1,0
6/12/2023 6:00,0.007335,0,0,0,0,1,0
6/12/2023 7:00,0.007134,0,0,0,0,1,0
6/12/2023 8:00,0.004717,0,0,1,0,0,0
6/12/2023 9:00,0.004708,0,0,1,0,0,0
6/12/2023 10:00,0.004696,0,0,1,0,0,0
6/12/2023 11:00,0.004649,0,0,1,0,0,0
6/12/2023 12:00,0.004498,0,1,0,0,0,0
6/12/2023 13:00,0.004445,0,1,0,0,0,0
6/12/2023 14:00,0.004835,0,0,1,0,0,0
6/12/2023 15:00,0.004916,0,0,1,0,0,0
6/12/2023 16:00,0.006776,0,0,0,0,1,0
6/12/2023 17:00,0.006741,0,0,0,1,0,0
6/12/2023 18:00,0.007073,0,0,0,0,1,0
6/12/2023 19:00,0.007477,0,0,0,0,1,0
6/12/2023 20:00,0.008962,0,0,0,0,0,1
6/12/2023 21:00,0.009532,0,0,0,0,0,1
6/12/2023 22:00,0.010065,0,0,0,0,0,1
6/12/2023 23:00,0.010427,0,0,0,0,0,1
6/13/2023 0:00,0.010787,0,0,0,0,0,1
6/13/2023 1:00,0.01096,0,0,0,0,0,1
6/13/2023 2:00,0.011404,0,0,0,0,0,1
6/13/2023 3:00,0.012098,0,0,0,0,0,1
6/13/2023 4:00,0.012355,0,0,0,0,0,1
6/13/2023 5:00,0.01197,0,0,0,0,1,0
6/13/2023 6:00,0.011492,0,0,0,0,1,0
6/13/2023 7:00,0.011087,0,0,0,0,1,0
6/13/2023 8:00,0.011489,0,0,0,0,1,0
6/13/2023 9:00,0.01172,0,0,0,0,1,0
6/13/2023 10:00,0.011609,0,0,0,0,1,0
6/13/2023 11:00,0.011325,0,0,0,0,1,0
6/13/2023 12:00,0.011058,0,0,0,1,0,0
6/13/2023 13:00,0.011494,0,0,0,1,0,0
6/13/2023 14:00,0.012093,0,0,0,0,1,0
6/13/2023 15:00,0.01226,0,0,0,0,1,0
6/13/2023 16:00,0.010023,0,0,1,0,0,0
6/13/2023 17:00,0.010203,0,0,1,0,0,0
6/13/2023 18:00,0.009963,0,1,0,0,0,0
6/13/2023 19:00,0.009696,0,1,0,0,0,0
6/13/2023 20:00,0.009257,1,0,0,0,0,0
6/13/2023 21:00,0.008459,1,0,0,0,0,0
6/13/2023 22:00,0.007813,1,0,0,0,0,0
6/13/2023 23:00,0.007363,1,0,0,0,0,0
6/14/2023 0:00,0.007908,1,0,0,0,0,0
6/14/2023 1:00,0.007504,1,0,0,0,0,0
6/14/2023 2:00,0.007572,1,0,0,0,0,0
6/14/2023 3:00,0.007406,1,0,0,0,0,0
6/14/2023 4:00,0.006763,1,0,0,0,0,0
6/14/2023 5:00,0.006947,0,1,0,0,0,0
6/14/2023 6:00,0.007112,0,1,0,0,0,0
6/14/2023 7:00,0.007205,0,1,0,0,0,0
6/14/2023 8:00,0.00729,0,1,0,0,0,0
6/14/2023 9:00,0.007453,0,1,0,0,0,0
6/14/2023 10:00,0.007341,0,1,0,0,0,0
6/14/2023 11:00,0.00749,0,0,1,0,0,0
6/14/2023 12:00,0.008364,0,0,1,0,0,0
6/14/2023 13:00,0.008165,0,0,1,0,0,0
6/14/2023 14:00,0.008143,0,0,1,0,0,0
6/14/2023 15:00,0.008216,0,0,0,1,0,0
6/14/2023 16:00,0.007414,0,0,1,0,0,0
6/14/2023 17:00,0.007263,0,0,1,0,0,0
6/14/2023 18:00,0.007453,0,0,1,0,0,0
6/14/2023 19:00,0.007613,0,0,1,0,0,0
6/14/2023 20:00,0.00751,0,0,1,0,0,0
6/14/2023 21:00,0.006654,1,0,0,0,0,0
6/14/2023 22:00,0.005972,1,0,0,0,0,0
6/14/2023 23:00,0.005505,1,0,0,0,0,0
6/15/2023 0:00,0.002623,1,0,0,0,0,0
6/15/2023 1:00,0.002673,1,0,0,0,0,0
6/15/2023 2:00,0.002773,1,0,0,0,0,0
6/15/2023 3:00,0.002978,1,0,0,0,0,0
6/15/2023 4:00,-0.000007,1,0,0,0,0,0
6/15/2023 5:00,0.000043,1,0,0,0,0,0
6/15/2023 6:00,0.000849,1,0,0,0,0,0
6/15/2023 7:00,0.001713,0,1,0,0,0,0
6/15/2023 8:00,0.008715,0,0,0,0,1,0
6/15/2023 9:00,0.011433,0,0,0,0,0,1
6/15/2023 10:00,0.015337,0,0,0,0,0,1
6/15/2023 11:00,0.01508,0,0,0,0,0,1
6/15/2023 12:00,0.015963,0,0,0,0,0,1
6/15/2023 13:00,0.014939,0,0,0,0,0,1
6/15/2023 14:00,0.014304,0,0,0,0,1,0
6/15/2023 15:00,0.013879,0,0,0,0,1,0
6/15/2023 16:00,0.010048,0,0,0,1,0,0
6/15/2023 17:00,0.009478,0,0,0,1,0,0
6/15/2023 18:00,0.008388,0,0,0,1,0,0
6/15/2023 19:00,0.007893,0,0,0,1,0,0
6/15/2023 20:00,0.007572,0,0,1,0,0,0
6/15/2023 21:00,0.007091,0,0,1,0,0,0
6/15/2023 22:00,0.006689,0,0,1,0,0,0
6/15/2023 23:00,0.006803,0,0,1,0,0,0
6/16/2023 0:00,0.009446,0,0,0,1,0,0
6/16/2023 1:00,0.009448,0,0,0,1,0,0
6/16/2023 2:00,0.00945,0,0,0,1,0,0
6/16/2023 3:00,0.009539,0,0,0,1,0,0
6/16/2023 4:00,0.009811,0,0,0,1,0,0
6/16/2023 5:00,0.010005,0,0,0,1,0,0
6/16/2023 6:00,0.009911,0,0,1,0,0,0
6/16/2023 7:00,0.009429,0,0,1,0,0,0
6/16/2023 8:00,0.007901,0,1,0,0,0,0
6/16/2023 9:00,0.007783,0,1,0,0,0,0
6/16/2023 10:00,0.007597,0,1,0,0,0,0
6/16/2023 11:00,0.007499,0,1,0,0,0,0
6/16/2023 12:00,0.007606,0,1,0,0,0,0
6/16/2023 13:00,0.008005,0,0,1,0,0,0
6/16/2023 14:00,0.008764,0,0,0,1,0,0
6/16/2023 15:00,0.009344,0,0,0,0,1,0
6/16/2023 16:00,0.012774,0,0,0,0,0,1
6/16/2023 17:00,0.012807,0,0,0,0,0,1
6/16/2023 18:00,0.014348,0,0,0,0,0,1
6/16/2023 19:00,0.015397,0,0,0,0,0,1
6/16/2023 20:00,0.015895,0,0,0,0,0,1
6/16/2023 21:00,0.016288,0,0,0,0,0,1
6/16/2023 22:00,0.016316,0,0,0,0,0,1
6/16/2023 23:00,0.016453,0,0,0,0,0,1
6/17/2023 0:00,0.017403,0,0,0,0,0,1
6/17/2023 1:00,0.01647,0,0,0,0,1,0
6/17/2023 2:00,0.015285,0,0,0,0,1,0
6/17/2023 3:00,0.014496,0,0,0,1,0,0
6/17/2023 4:00,0.01433,0,0,0,1,0,0
6/17/2023 5:00,0.014429,0,0,0,1,0,0
6/17/2023 6:00,0.014557,0,0,0,1,0,0
6/17/2023 7:00,0.014402,0,0,0,1,0,0
6/17/2023 8:00,0.01126,0,0,1,0,0,0
6/17/2023 9:00,0.011286,0,0,1,0,0,0
6/17/2023 10:00,0.011528,0,0,1,0,0,0
6/17/2023 11:00,0.011575,0,0,1,0,0,0
6/17/2023 12:00,0.011451,0,1,0,0,0,0
6/17/2023 13:00,0.011087,0,1,0,0,0,0
6/17/2023 14:00,0.010826,0,1,0,0,0,0
6/17/2023 15:00,0.010891,0,1,0,0,0,0
6/17/2023 16:00,0.012745,0,0,1,0,0,0
6/17/2023 17:00,0.0121,0,1,0,0,0,0
6/17/2023 18:00,0.011744,0,1,0,0,0,0
6/17/2023 19:00,0.011361,0,1,0,0,0,0
6/17/2023 20:00,0.011313,0,1,0,0,0,0
6/17/2023 21:00,0.011521,0,1,0,0,0,0
6/17/2023 22:00,0.011431,0,1,0,0,0,0
6/17/2023 23:00,0.010909,0,1,0,0,0,0
6/18/2023 0:00,0.009059,1,0,0,0,0,0
6/18/2023 1:00,0.009709,0,1,0,0,0,0
6/18/2023 2:00,0.010088,0,1,0,0,0,0
6/18/2023 3:00,0.010389,0,1,0,0,0,0
6/18/2023 4:00,0.010265,0,1,0,0,0,0
6/18/2023 5:00,0.010205,0,1,0,0,0,0
6/18/2023 6:00,0.010139,0,1,0,0,0,0
6/18/2023 7:00,0.010067,0,1,0,0,0,0
6/18/2023 8:00,0.011004,0,0,0,1,0,0
6/18/2023 9:00,0.010914,0,0,1,0,0,0
6/18/2023 10:00,0.010648,0,0,1,0,0,0
6/18/2023 11:00,0.010556,0,0,1,0,0,0
6/18/2023 12:00,0.010131,0,1,0,0,0,0
6/18/2023 13:00,0.010301,0,0,1,0,0,0
6/18/2023 14:00,0.010619,0,0,1,0,0,0
6/18/2023 15:00,0.010824,0,0,0,1,0,0
6/18/2023 16:00,0.007023,1,0,0,0,0,0
6/18/2023 17:00,0.006848,1,0,0,0,0,0
6/18/2023 18:00,0.007154,1,0,0,0,0,0
6/18/2023 19:00,0.007854,1,0,0,0,0,0
6/18/2023 20:00,0.008009,0,1,0,0,0,0
6/18/2023 21:00,0.008082,0,1,0,0,0,0
6/18/2023 22:00,0.008312,0,1,0,0,0,0
6/18/2023 23:00,0.008415,0,1,0,0,0,0
6/19/2023 0:00,0.012056,0,0,0,0,0,1
6/19/2023 1:00,0.012021,0,0,0,0,0,1
6/19/2023 2:00,0.011541,0,0,0,0,1,0
6/19/2023 3:00,0.011108,0,0,0,0,1,0
6/19/2023 4:00,0.01161,0,0,0,0,1,0
6/19/2023 5:00,0.011173,0,0,0,0,1,0
6/19/2023 6:00,0.010697,0,0,0,1,0,0
6/19/2023 7:00,0.010403,0,0,0,1,0,0
6/19/2023 8:00,0.00813,0,1,0,0,0,0
6/19/2023 9:00,0.00773,0,1,0,0,0,0
6/19/2023 10:00,0.007569,0,1,0,0,0,0
6/19/2023 11:00,0.007406,0,1,0,0,0,0
6/19/2023 12:00,0.006892,0,1,0,0,0,0
6/19/2023 13:00,0.006905,0,1,0,0,0,0
6/19/2023 14:00,0.006656,0,1,0,0,0,0
6/19/2023 15:00,0.006938,0,1,0,0,0,0
6/19/2023 16:00,0.005986,0,1,0,0,0,0
6/19/2023 17:00,0.006263,0,1,0,0,0,0
6/19/2023 18:00,0.006988,0,1,0,0,0,0
6/19/2023 19:00,0.007306,0,0,1,0,0,0
6/19/2023 20:00,0.007996,0,0,1,0,0,0
6/19/2023 21:00,0.008076,0,0,1,0,0,0
6/19/2023 22:00,0.008022,0,0,1,0,0,0
6/19/2023 23:00,0.007729,0,0,1,0,0,0
6/20/2023 0:00,0.010124,0,0,0,0,1,0
6/20/2023 1:00,0.010785,0,0,0,0,1,0
6/20/2023 2:00,0.011306,0,0,0,0,0,1
6/20/2023 3:00,0.011789,0,0,0,0,0,1
6/20/2023 4:00,0.011959,0,0,0,0,0,1
6/20/2023 5:00,0.011825,0,0,0,0,0,1
6/20/2023 6:00,0.011504,0,0,0,0,1,0
6/20/2023 7:00,0.011085,0,0,0,0,1,0
6/20/2023 8:00,0.008364,0,0,1,0,0,0
6/20/2023 9:00,0.008391,0,0,1,0,0,0
6/20/2023 10:00,0.008104,0,0,1,0,0,0
6/20/2023 11:00,0.007562,0,0,1,0,0,0
6/20/2023 12:00,0.007286,0,1,0,0,0,0
6/20/2023 13:00,0.007027,0,1,0,0,0,0
6/20/2023 14:00,0.00688,0,1,0,0,0,0
6/20/2023 15:00,0.006601,0,1,0,0,0,0
6/20/2023 16:00,0.002939,1,0,0,0,0,0
6/20/2023 17:00,0.004351,1,0,0,0,0,0
6/20/2023 18:00,0.008577,0,0,0,1,0,0
6/20/2023 19:00,0.00985,0,0,0,1,0,0
6/20/2023 20:00,0.007772,0,0,1,0,0,0
6/20/2023 21:00,0.00781,0,0,1,0,0,0
6/20/2023 22:00,0.008919,0,0,0,1,0,0
6/20/2023 23:00,0.009902,0,0,0,1,0,0
6/21/2023 0:00,0.004487,1,0,0,0,0,0
6/21/2023 1:00,0.005219,0,1,0,0,0,0
6/21/2023 2:00,0.00547,0,1,0,0,0,0
6/21/2023 3:00,0.005506,0,1,0,0,0,0
6/21/2023 4:00,0.008061,0,0,0,1,0,0
6/21/2023 5:00,0.00916,0,0,0,0,1,0
6/21/2023 6:00,0.009702,0,0,0,0,1,0
6/21/2023 7:00,0.00986,0,0,0,0,1,0
6/21/2023 8:00,0.020968,0,0,0,0,0,1
6/21/2023 9:00,0.020848,0,0,0,0,0,1
6/21/2023 10:00,0.020257,0,0,0,0,0,1
6/21/2023 11:00,0.019734,0,0,0,0,0,1
6/21/2023 12:00,0.019476,0,0,0,0,0,1
6/21/2023 13:00,0.017798,0,0,0,0,1,0
6/21/2023 14:00,0.016349,0,0,0,0,1,0
6/21/2023 15:00,0.015738,0,0,0,0,1,0
6/21/2023 16:00,0.005136,0,1,0,0,0,0
6/21/2023 17:00,0.006146,0,1,0,0,0,0
6/21/2023 18:00,0.006547,0,1,0,0,0,0
6/21/2023 19:00,0.006811,0,1,0,0,0,0
6/21/2023 20:00,0.006973,0,1,0,0,0,0
6/21/2023 21:00,0.007761,0,0,1,0,0,0
6/21/2023 22:00,0.008413,0,0,1,0,0,0
6/21/2023 23:00,0.008831,0,0,1,0,0,0
6/22/2023 0:00,0.022531,0,0,0,0,0,1
6/22/2023 1:00,0.022228,0,0,0,0,0,1
6/22/2023 2:00,0.021879,0,0,0,0,1,0
6/22/2023 3:00,0.022146,0,0,0,0,1,0
6/22/2023 4:00,0.022578,0,0,0,0,1,0
6/22/2023 5:00,0.022071,0,0,0,0,1,0
6/22/2023 6:00,0.0216,0,0,0,0,1,0
6/22/2023 7:00,0.021298,0,0,0,0,1,0
6/22/2023 8:00,0.011776,0,0,1,0,0,0
6/22/2023 9:00,0.011025,0,0,1,0,0,0
6/22/2023 10:00,0.010449,0,0,1,0,0,0
6/22/2023 11:00,0.009335,0,1,0,0,0,0
6/22/2023 12:00,0.008172,0,1,0,0,0,0
6/22/2023 13:00,0.007707,0,1,0,0,0,0
6/22/2023 14:00,0.007399,0,1,0,0,0,0
6/22/2023 15:00,0.007436,0,1,0,0,0,0
6/22/2023 16:00,0.007573,0,1,0,0,0,0
6/22/2023 17:00,0.007553,0,1,0,0,0,0
6/22/2023 18:00,0.007752,0,1,0,0,0,0
6/22/2023 19:00,0.00777,0,1,0,0,0,0
6/22/2023 20:00,0.007814,0,1,0,0,0,0
6/22/2023 21:00,0.007838,0,1,0,0,0,0
6/22/2023 22:00,0.007838,0,1,0,0,0,0
6/22/2023 23:00,0.007856,0,1,0,0,0,0
6/23/2023 0:00,0.006672,0,1,0,0,0,0
6/23/2023 1:00,0.006876,0,1,0,0,0,0
6/23/2023 2:00,0.00708,0,0,1,0,0,0
6/23/2023 3:00,0.007414,0,0,1,0,0,0
6/23/2023 4:00,0.007603,0,0,1,0,0,0
6/23/2023 5:00,0.00778,0,0,1,0,0,0
6/23/2023 6:00,0.008275,0,0,1,0,0,0
6/23/2023 7:00,0.008418,0,0,0,1,0,0
6/23/2023 8:00,0.010838,0,0,0,0,0,1
6/23/2023 9:00,0.011535,0,0,0,0,0,1
6/23/2023 10:00,0.01169,0,0,0,0,0,1
6/23/2023 11:00,0.011626,0,0,0,0,0,1
6/23/2023 12:00,0.011425,0,0,0,0,0,1
6/23/2023 13:00,0.011236,0,0,0,0,0,1
6/23/2023 14:00,0.010531,0,0,0,0,1,0
6/23/2023 15:00,0.010781,0,0,0,0,1,0
6/23/2023 16:00,0.00875,0,0,1,0,0,0
6/23/2023 17:00,0.008771,0,0,1,0,0,0
6/23/2023 18:00,0.008407,0,0,1,0,0,0
6/23/2023 19:00,0.008199,0,0,1,0,0,0
6/23/2023 20:00,0.007386,0,1,0,0,0,0
6/23/2023 21:00,0.007391,0,1,0,0,0,0
6/23/2023 22:00,0.006851,0,1,0,0,0,0
6/23/2023 23:00,0.006088,0,1,0,0,0,0
6/24/2023 0:00,0.000656,1,0,0,0,0,0
6/24/2023 1:00,0.002621,1,0,0,0,0,0
6/24/2023 2:00,0.003412,1,0,0,0,0,0
6/24/2023 3:00,0.00338,1,0,0,0,0,0
6/24/2023 4:00,0.003425,0,1,0,0,0,0
6/24/2023 5:00,0.00344,0,1,0,0,0,0
6/24/2023 6:00,0.003443,0,1,0,0,0,0
6/24/2023 7:00,0.003487,0,1,0,0,0,0
6/24/2023 8:00,0.008547,0,0,0,1,0,0
6/24/2023 9:00,0.008695,0,0,0,1,0,0
6/24/2023 10:00,0.008729,0,0,0,1,0,0
6/24/2023 11:00,0.008729,0,0,0,1,0,0
6/24/2023 12:00,0.009469,0,0,0,0,1,0
6/24/2023 13:00,0.009399,0,0,0,0,1,0
6/24/2023 14:00,0.009412,0,0,0,0,1,0
6/24/2023 15:00,0.009487,0,0,0,0,1,0
6/24/2023 16:00,0.006477,0,0,1,0,0,0
6/24/2023 17:00,0.006353,0,0,1,0,0,0
6/24/2023 18:00,0.006343,0,0,0,1,0,0
6/24/2023 19:00,0.006319,0,0,0,1,0,0
6/24/2023 20:00,0.005754,0,0,1,0,0,0
6/24/2023 21:00,0.005854,0,0,1,0,0,0
6/24/2023 22:00,0.006129,0,0,0,1,0,0
6/24/2023 23:00,0.006479,0,0,0,1,0,0
6/25/2023 0:00,0.010352,0,0,0,0,0,1
6/25/2023 1:00,0.010423,0,0,0,0,1,0
6/25/2023 2:00,0.010461,0,0,0,0,1,0
6/25/2023 3:00,0.010599,0,0,0,0,1,0
6/25/2023 4:00,0.011433,0,0,0,0,0,1
6/25/2023 5:00,0.011612,0,0,0,0,0,1
6/25/2023 6:00,0.011542,0,0,0,0,1,0
6/25/2023 7:00,0.011263,0,0,0,0,1,0
6/25/2023 8:00,0.009696,0,0,0,1,0,0
6/25/2023 9:00,0.010047,0,0,0,1,0,0
6/25/2023 10:00,0.010472,0,0,0,0,1,0
6/25/2023 11:00,0.010751,0,0,0,0,1,0
6/25/2023 12:00,0.011126,0,0,0,0,1,0
6/25/2023 13:00,0.011436,0,0,0,0,1,0
6/25/2023 14:00,0.011623,0,0,0,0,1,0
6/25/2023 15:00,0.011779,0,0,0,0,1,0
6/25/2023 16:00,0.012741,0,0,0,0,1,0
6/25/2023 17:00,0.012915,0,0,0,0,1,0
6/25/2023 18:00,0.013029,0,0,0,0,1,0
6/25/2023 19:00,0.013224,0,0,0,0,1,0
6/25/2023 20:00,0.013238,0,0,0,0,1,0
6/25/2023 21:00,0.013186,0,0,0,0,1,0
6/25/2023 22:00,0.013114,0,0,0,0,1,0
6/25/2023 23:00,0.01305,0,0,0,0,1,0
6/26/2023 0:00,0.011209,0,0,1,0,0,0
6/26/2023 1:00,0.009948,0,1,0,0,0,0
6/26/2023 2:00,0.009275,1,0,0,0,0,0
6/26/2023 3:00,0.010257,0,1,0,0,0,0
6/26/2023 4:00,0.01005,0,1,0,0,0,0
6/26/2023 5:00,0.009727,0,1,0,0,0,0
6/26/2023 6:00,0.010386,0,1,0,0,0,0
6/26/2023 7:00,0.010768,0,0,1,0,0,0
6/26/2023 8:00,0.012055,0,0,0,1,0,0
6/26/2023 9:00,0.012251,0,0,0,1,0,0
6/26/2023 10:00,0.012037,0,0,0,1,0,0
6/26/2023 11:00,0.011343,0,0,1,0,0,0
6/26/2023 12:00,0.010636,0,1,0,0,0,0
6/26/2023 13:00,0.010189,0,1,0,0,0,0
6/26/2023 14:00,0.009524,0,1,0,0,0,0
6/26/2023 15:00,0.009239,0,1,0,0,0,0
6/26/2023 16:00,0.00684,1,0,0,0,0,0
6/26/2023 17:00,0.006594,1,0,0,0,0,0
6/26/2023 18:00,0.006638,1,0,0,0,0,0
6/26/2023 19:00,0.006731,1,0,0,0,0,0
6/26/2023 20:00,0.006415,1,0,0,0,0,0
6/26/2023 21:00,0.006419,1,0,0,0,0,0
6/26/2023 22:00,0.006425,0,1,0,0,0,0
6/26/2023 23:00,0.006428,0,1,0,0,0,0
6/27/2023 0:00,0.003432,1,0,0,0,0,0
6/27/2023 1:00,0.004164,1,0,0,0,0,0
6/27/2023 2:00,0.004301,1,0,0,0,0,0
6/27/2023 3:00,0.004827,0,1,0,0,0,0
6/27/2023 4:00,0.00381,0,1,0,0,0,0
6/27/2023 5:00,0.004037,0,1,0,0,0,0
6/27/2023 6:00,0.00444,0,1,0,0,0,0
6/27/2023 7:00,0.005087,0,1,0,0,0,0
6/27/2023 8:00,0.010268,0,0,0,0,1,0
6/27/2023 9:00,0.009912,0,0,0,0,1,0
6/27/2023 10:00,0.009942,0,0,0,0,1,0
6/27/2023 11:00,0.009857,0,0,0,0,1,0
6/27/2023 12:00,0.011577,0,0,0,0,0,1
6/27/2023 13:00,0.011565,0,0,0,0,0,1
6/27/2023 14:00,0.011639,0,0,0,0,0,1
6/27/2023 15:00,0.011658,0,0,0,0,0,1
6/27/2023 16:00,0.00568,0,0,1,0,0,0
6/27/2023 17:00,0.007094,0,0,1,0,0,0
6/27/2023 18:00,0.00685,0,0,1,0,0,0
6/27/2023 19:00,0.005505,0,0,1,0,0,0
6/27/2023 20:00,0.000853,1,0,0,0,0,0
6/27/2023 21:00,0.000821,1,0,0,0,0,0
6/27/2023 22:00,0.002009,0,1,0,0,0,0
6/27/2023 23:00,0.002538,0,1,0,0,0,0
6/28/2023 0:00,0.000347,1,0,0,0,0,0
6/28/2023 1:00,0.000307,0,1,0,0,0,0
6/28/2023 2:00,0.000336,0,1,0,0,0,0
6/28/2023 3:00,0.000413,0,1,0,0,0,0
6/28/2023 4:00,0.002693,0,0,1,0,0,0
6/28/2023 5:00,0.002835,0,0,1,0,0,0
6/28/2023 6:00,0.002859,0,0,1,0,0,0
6/28/2023 7:00,0.00272,0,0,1,0,0,0
6/28/2023 8:00,0.007244,0,0,0,1,0,0
6/28/2023 9:00,0.007175,0,0,0,1,0,0
6/28/2023 10:00,0.006941,0,0,0,1,0,0
6/28/2023 11:00,0.006503,0,0,0,1,0,0
6/28/2023 12:00,0.006939,0,0,0,1,0,0
6/28/2023 13:00,0.006901,0,0,0,1,0,0
6/28/2023 14:00,0.006803,0,0,0,0,1,0
6/28/2023 15:00,0.006692,0,0,0,0,1,0
6/28/2023 16:00,0.006988,0,0,0,0,1,0
6/28/2023 17:00,0.006988,0,0,0,0,1,0
6/28/2023 18:00,0.007093,0,0,0,0,1,0
6/28/2023 19:00,0.007451,0,0,0,0,1,0
6/28/2023 20:00,0.007141,0,0,0,0,1,0
6/28/2023 21:00,0.007142,0,0,0,0,1,0
6/28/2023 22:00,0.007343,0,0,0,0,1,0
6/28/2023 23:00,0.007468,0,0,0,0,1,0
6/29/2023 0:00,0.007008,0,0,0,1,0,0
6/29/2023 1:00,0.007256,0,0,0,1,0,0
6/29/2023 2:00,0.007094,0,0,0,1,0,0
6/29/2023 3:00,0.006899,0,0,0,1,0,0
6/29/2023 4:00,0.005314,0,1,0,0,0,0
6/29/2023 5:00,0.005366,0,1,0,0,0,0
6/29/2023 6:00,0.005547,0,1,0,0,0,0
6/29/2023 7:00,0.005969,0,1,0,0,0,0
6/29/2023 8:00,0.00833,0,0,0,0,0,1
6/29/2023 9:00,0.008558,0,0,0,0,0,1
6/29/2023 10:00,0.009077,0,0,0,0,0,1
6/29/2023 11:00,0.009869,0,0,0,0,0,1
6/29/2023 12:00,0.012121,0,0,0,0,0,1
6/29/2023 13:00,0.012499,0,0,0,0,0,1
6/29/2023 14:00,0.01266,0,0,0,0,0,1
6/29/2023 15:00,0.012447,0,0,0,0,0,1
6/29/2023 16:00,0.012709,0,0,0,0,0,1
6/29/2023 17:00,0.012975,0,0,0,0,0,1
6/29/2023 18:00,0.012987,0,0,0,0,0,1
6/29/2023 19:00,0.012916,0,0,0,0,1,0
6/29/2023 20:00,0.01278,0,0,0,0,1,0
6/29/2023 21:00,0.01258,0,0,0,0,1,0
6/29/2023 22:00,0.012319,0,0,0,0,1,0
6/29/2023 23:00,0.012006,0,0,0,0,1,0
6/30/2023 0:00,0.0094,0,0,1,0,0,0
6/30/2023 1:00,0.009003,0,0,1,0,0,0
6/30/2023 2:00,0.008538,0,0,1,0,0,0
6/30/2023 3:00,0.007942,0,1,0,0,0,0
6/30/2023 4:00,0.00814,0,1,0,0,0,0
6/30/2023 5:00,0.00956,0,0,1,0,0,0
6/30/2023 6:00,0.010617,0,0,1,0,0,0
6/30/2023 7:00,0.010881,0,0,0,1,0,0
6/30/2023 8:00,0.013559,0,0,0,0,1,0
6/30/2023 9:00,0.013942,0,0,0,0,1,0
6/30/2023 10:00,0.014242,0,0,0,0,1,0
6/30/2023 11:00,0.014276,0,0,0,0,1,0
6/30/2023 12:00,0.013976,0,0,0,0,1,0
6/30/2023 13:00,0.012795,0,0,0,1,0,0
6/30/2023 14:00,0.011767,0,0,0,1,0,0
6/30/2023 15:00,0.01178,0,0,0,1,0,0
6/30/2023 16:00,0.007418,1,0,0,0,0,0
6/30/2023 17:00,0.007244,1,0,0,0,0,0
6/30/2023 18:00,0.007505,0,1,0,0,0,0
6/30/2023 19:00,0.007798,0,1,0,0,0,0
6/30/2023 20:00,0.007881,0,1,0,0,0,0
6/30/2023 21:00,0.007608,0,1,0,0,0,0
6/30/2023 22:00,0.007714,0,1,0,0,0,0
6/30/2023 23:00,0.007708,0,1,0,0,0,0
7/1/2023 0:00,0.011351,0,0,0,1,0,0
7/1/2023 1:00,0.011421,0,0,0,1,0,0
7/1/2023 2:00,0.011266,0,0,0,1,0,0
7/1/2023 3:00,0.011209,0,0,0,1,0,0
7/1/2023 4:00,0.011232,0,0,0,1,0,0
7/1/2023 5:00,0.011564,0,0,0,1,0,0
7/1/2023 6:00,0.011651,0,0,0,1,0,0
7/1/2023 7:00,0.011967,0,0,0,1,0,0
7/1/2023 8:00,0.009293,0,0,1,0,0,0
7/1/2023 9:00,0.009227,0,0,1,0,0,0
7/1/2023 10:00,0.009059,0,0,1,0,0,0
7/1/2023 11:00,0.00933,0,0,1,0,0,0
7/1/2023 12:00,0.009325,0,0,1,0,0,0
7/1/2023 13:00,0.009093,0,0,1,0,0,0
7/1/2023 14:00,0.00895,0,0,1,0,0,0
7/1/2023 15:00,0.008895,0,0,1,0,0,0
7/1/2023 16:00,0.010035,0,0,0,1,0,0
7/1/2023 17:00,0.010067,0,0,0,1,0,0
7/1/2023 18:00,0.010167,0,0,0,1,0,0
7/1/2023 19:00,0.010004,0,0,0,1,0,0
7/1/2023 20:00,0.009895,0,0,1,0,0,0
7/1/2023 21:00,0.0097,0,0,1,0,0,0
7/1/2023 22:00,0.009643,0,0,1,0,0,0
7/1/2023 23:00,0.009673,0,0,1,0,0,0
7/2/2023 0:00,0.009645,0,0,1,0,0,0
7/2/2023 1:00,0.00981,0,0,1,0,0,0
7/2/2023 2:00,0.010057,0,0,0,1,0,0
7/2/2023 3:00,0.010125,0,0,0,1,0,0
7/2/2023 4:00,0.010586,0,0,0,0,1,0
7/2/2023 5:00,0.010929,0,0,0,0,1,0
7/2/2023 6:00,0.011179,0,0,0,0,0,1
7/2/2023 7:00,0.011247,0,0,0,0,0,1
7/2/2023 8:00,0.010656,0,0,0,0,1,0
7/2/2023 9:00,0.010501,0,0,0,0,1,0
7/2/2023 10:00,0.010425,0,0,0,1,0,0
7/2/2023 11:00,0.01031,0,0,0,1,0,0
7/2/2023 12:00,0.010117,0,0,0,1,0,0
7/2/2023 13:00,0.010098,0,0,1,0,0,0
7/2/2023 14:00,0.010305,0,0,0,1,0,0
7/2/2023 15:00,0.010592,0,0,0,0,1,0
7/2/2023 16:00,0.011606,0,0,0,0,0,1
7/2/2023 17:00,0.01148,0,0,0,0,0,1
7/2/2023 18:00,0.011242,0,0,0,0,1,0
7/2/2023 19:00,0.010964,0,0,0,0,1,0
7/2/2023 20:00,0.009975,0,1,0,0,0,0
7/2/2023 21:00,0.009476,1,0,0,0,0,0
7/2/2023 22:00,0.009815,0,1,0,0,0,0
7/2/2023 23:00,0.010893,0,0,0,1,0,0
7/3/2023 0:00,0.009991,0,1,0,0,0,0
7/3/2023 1:00,0.010201,0,0,1,0,0,0
7/3/2023 2:00,0.010448,0,0,1,0,0,0
7/3/2023 3:00,0.010496,0,0,1,0,0,0
7/3/2023 4:00,0.010975,0,0,0,0,1,0
7/3/2023 5:00,0.011113,0,0,0,0,1,0
7/3/2023 6:00,0.010854,0,0,0,1,0,0
7/3/2023 7:00,0.010341,0,0,1,0,0,0
7/3/2023 8:00,0.013018,0,0,0,0,0,1
7/3/2023 9:00,0.012877,0,0,0,0,0,1
7/3/2023 10:00,0.012928,0,0,0,0,0,1
7/3/2023 11:00,0.013139,0,0,0,0,0,1
7/3/2023 12:00,0.01322,0,0,0,0,0,1
7/3/2023 13:00,0.013375,0,0,0,0,0,1
7/3/2023 14:00,0.013303,0,0,0,0,0,1
7/3/2023 15:00,0.013452,0,0,0,0,1,0
7/3/2023 16:00,0.010894,0,0,1,0,0,0
7/3/2023 17:00,0.010509,0,0,1,0,0,0
7/3/2023 18:00,0.009995,0,1,0,0,0,0
7/3/2023 19:00,0.009958,0,1,0,0,0,0
7/3/2023 20:00,0.010077,0,1,0,0,0,0
7/3/2023 21:00,0.009746,0,1,0,0,0,0
7/3/2023 22:00,0.009792,0,1,0,0,0,0
7/3/2023 23:00,0.009927,0,1,0,0,0,0
7/4/2023 0:00,0.01062,0,0,1,0,0,0
7/4/2023 1:00,0.010551,0,0,1,0,0,0
7/4/2023 2:00,0.010547,0,0,1,0,0,0
7/4/2023 3:00,0.010129,0,1,0,0,0,0
7/4/2023 4:00,0.009686,0,1,0,0,0,0
7/4/2023 5:00,0.009622,0,1,0,0,0,0
7/4/2023 6:00,0.009743,0,1,0,0,0,0
7/4/2023 7:00,0.009606,0,1,0,0,0,0
7/4/2023 8:00,0.007387,1,0,0,0,0,0
7/4/2023 9:00,0.006834,1,0,0,0,0,0
7/4/2023 10:00,0.007204,1,0,0,0,0,0
7/4/2023 11:00,0.007358,1,0,0,0,0,0
7/4/2023 12:00,0.006748,1,0,0,0,0,0
7/4/2023 13:00,0.006753,1,0,0,0,0,0
7/4/2023 14:00,0.006777,0,1,0,0,0,0
7/4/2023 15:00,0.006911,0,1,0,0,0,0
7/4/2023 16:00,0.010584,0,0,0,0,1,0
7/4/2023 17:00,0.010672,0,0,0,0,1,0
7/4/2023 18:00,0.010561,0,0,0,0,1,0
7/4/2023 19:00,0.010353,0,0,0,0,1,0
7/4/2023 20:00,0.010939,0,0,0,0,1,0
7/4/2023 21:00,0.010935,0,0,0,0,1,0
7/4/2023 22:00,0.010636,0,0,0,0,1,0
7/4/2023 23:00,0.010533,0,0,0,0,1,0
7/5/2023 0:00,0.00635,1,0,0,0,0,0
7/5/2023 1:00,0.006367,0,1,0,0,0,0
7/5/2023 2:00,0.006461,0,1,0,0,0,0
7/5/2023 3:00,0.006697,0,1,0,0,0,0
7/5/2023 4:00,0.004776,1,0,0,0,0,0
7/5/2023 5:00,0.004926,1,0,0,0,0,0
7/5/2023 6:00,0.005075,0,1,0,0,0,0
7/5/2023 7:00,0.005022,0,1,0,0,0,0
7/5/2023 8:00,0.00781,0,0,0,1,0,0
7/5/2023 9:00,0.007708,0,0,1,0,0,0
7/5/2023 10:00,0.007522,0,0,1,0,0,0
7/5/2023 11:00,0.007195,0,0,1,0,0,0
7/5/2023 12:00,0.00896,0,0,0,1,0,0
7/5/2023 13:00,0.008771,0,0,0,1,0,0
7/5/2023 14:00,0.008725,0,0,0,1,0,0
7/5/2023 15:00,0.008778,0,0,0,1,0,0
7/5/2023 16:00,0.006089,0,1,0,0,0,0
7/5/2023 17:00,0.0062,0,1,0,0,0,0
7/5/2023 18:00,0.006392,0,0,1,0,0,0
7/5/2023 19:00,0.006707,0,0,1,0,0,0
7/5/2023 20:00,0.005599,0,1,0,0,0,0
7/5/2023 21:00,0.005544,0,1,0,0,0,0
7/5/2023 22:00,0.00555,0,1,0,0,0,0
7/5/2023 23:00,0.005795,0,0,1,0,0,0
7/6/2023 0:00,0.006717,0,0,0,1,0,0
7/6/2023 1:00,0.006601,0,0,1,0,0,0
7/6/2023 2:00,0.006395,0,0,1,0,0,0
7/6/2023 3:00,0.005972,0,0,1,0,0,0
7/6/2023 4:00,0.006943,0,0,0,1,0,0
7/6/2023 5:00,0.006664,0,0,1,0,0,0
7/6/2023 6:00,0.006787,0,0,1,0,0,0
7/6/2023 7:00,0.006867,0,0,1,0,0,0
7/6/2023 8:00,0.007913,0,0,0,0,1,0
7/6/2023 9:00,0.008945,0,0,0,0,0,1
7/6/2023 10:00,0.009389,0,0,0,0,0,1
7/6/2023 11:00,0.009452,0,0,0,0,0,1
7/6/2023 12:00,0.009411,0,0,0,0,0,1
7/6/2023 13:00,0.009239,0,0,0,0,1,0
7/6/2023 14:00,0.008023,0,0,0,1,0,0
7/6/2023 15:00,0.006674,0,0,1,0,0,0
7/6/2023 16:00,0.003794,1,0,0,0,0,0
7/6/2023 17:00,0.002825,1,0,0,0,0,0
7/6/2023 18:00,0.002247,1,0,0,0,0,0
7/6/2023 19:00,0.002093,1,0,0,0,0,0
7/6/2023 20:00,-0.001521,1,0,0,0,0,0
7/6/2023 21:00,-0.000837,1,0,0,0,0,0
7/6/2023 22:00,-0.000567,1,0,0,0,0,0
7/6/2023 23:00,-0.001002,1,0,0,0,0,0
7/7/2023 0:00,-0.003255,1,0,0,0,0,0
7/7/2023 1:00,-0.003257,1,0,0,0,0,0
7/7/2023 2:00,-0.003369,1,0,0,0,0,0
7/7/2023 3:00,-0.003156,0,1,0,0,0,0
7/7/2023 4:00,-0.002166,0,1,0,0,0,0
7/7/2023 5:00,-0.002008,0,1,0,0,0,0
7/7/2023 6:00,-0.001577,0,1,0,0,0,0
7/7/2023 7:00,-0.001346,0,1,0,0,0,0
7/7/2023 8:00,-0.002652,0,1,0,0,0,0
7/7/2023 9:00,-0.003937,0,1,0,0,0,0
7/7/2023 10:00,-0.004316,0,1,0,0,0,0
7/7/2023 11:00,-0.004365,0,1,0,0,0,0
7/7/2023 12:00,-0.004697,0,1,0,0,0,0
7/7/2023 13:00,-0.00503,0,1,0,0,0,0
7/7/2023 14:00,-0.00541,0,1,0,0,0,0
7/7/2023 15:00,-0.006188,1,0,0,0,0,0
7/7/2023 16:00,-0.0016,0,0,0,1,0,0
7/7/2023 17:00,0.00009,0,0,0,0,1,0
7/7/2023 18:00,0.00062,0,0,0,0,0,1
7/7/2023 19:00,0.000482,0,0,0,0,0,1
7/7/2023 20:00,-0.000442,0,0,0,0,1,0
7/7/2023 21:00,-0.000874,0,0,0,0,1,0
7/7/2023 22:00,-0.001152,0,0,0,0,1,0
7/7/2023 23:00,-0.001384,0,0,0,1,0,0
7/8/2023 0:00,-0.003252,0,0,1,0,0,0
7/8/2023 1:00,-0.002508,0,0,0,1,0,0
7/8/2023 2:00,-0.001818,0,0,0,1,0,0
7/8/2023 3:00,-0.001582,0,0,0,1,0,0
7/8/2023 4:00,0.000408,0,0,0,0,1,0
7/8/2023 5:00,0.000537,0,0,0,0,1,0
7/8/2023 6:00,0.000402,0,0,0,0,1,0
7/8/2023 7:00,0.000358,0,0,0,0,1,0
7/8/2023 8:00,0.006089,0,0,0,0,0,1
7/8/2023 9:00,0.006199,0,0,0,0,0,1
7/8/2023 10:00,0.006271,0,0,0,0,0,1
7/8/2023 11:00,0.006367,0,0,0,0,0,1
7/8/2023 12:00,0.00748,0,0,0,0,0,1
7/8/2023 13:00,0.007385,0,0,0,0,0,1
7/8/2023 14:00,0.00714,0,0,0,0,0,1
7/8/2023 15:00,0.007088,0,0,0,0,1,0
7/8/2023 16:00,0.005688,0,0,0,0,1,0
7/8/2023 17:00,0.005811,0,0,0,0,1,0
7/8/2023 18:00,0.005842,0,0,0,0,1,0
7/8/2023 19:00,0.006034,0,0,0,0,1,0
7/8/2023 20:00,0.004081,0,0,0,1,0,0
7/8/2023 21:00,0.003767,0,0,0,1,0,0
7/8/2023 22:00,0.003074,0,0,1,0,0,0
7/8/2023 23:00,0.002438,0,0,1,0,0,0
7/9/2023 0:00,-0.005833,1,0,0,0,0,0
7/9/2023 1:00,-0.0052,1,0,0,0,0,0
7/9/2023 2:00,-0.004016,1,0,0,0,0,0
7/9/2023 3:00,-0.00341,1,0,0,0,0,0
7/9/2023 4:00,-0.004317,1,0,0,0,0,0
7/9/2023 5:00,-0.004275,0,1,0,0,0,0
7/9/2023 6:00,-0.004168,0,1,0,0,0,0
7/9/2023 7:00,-0.003808,0,1,0,0,0,0
7/9/2023 8:00,0.004461,0,0,0,1,0,0
7/9/2023 9:00,0.004351,0,0,0,1,0,0
7/9/2023 10:00,0.004302,0,0,0,1,0,0
7/9/2023 11:00,0.004098,0,0,0,1,0,0
7/9/2023 12:00,0.007521,0,0,0,0,1,0
7/9/2023 13:00,0.00746,0,0,0,0,1,0
7/9/2023 14:00,0.007379,0,0,0,0,1,0
7/9/2023 15:00,0.007484,0,0,0,0,1,0
7/9/2023 16:00,0.003231,0,0,0,1,0,0
7/9/2023 17:00,0.003102,0,0,0,1,0,0
7/9/2023 18:00,0.003907,0,0,0,1,0,0
7/9/2023 19:00,0.004084,0,0,0,1,0,0
7/9/2023 20:00,0.003746,0,0,0,1,0,0
7/9/2023 21:00,0.003872,0,0,0,1,0,0
7/9/2023 22:00,0.003931,0,0,0,1,0,0
7/9/2023 23:00,0.003752,0,0,0,1,0,0
7/10/2023 0:00,0.00408,0,0,0,1,0,0
7/10/2023 1:00,0.004309,0,0,0,1,0,0
7/10/2023 2:00,0.004663,0,0,0,1,0,0
7/10/2023 3:00,0.004985,0,0,0,1,0,0
7/10/2023 4:00,0.003468,0,0,1,0,0,0
7/10/2023 5:00,0.003692,0,0,1,0,0,0
7/10/2023 6:00,0.003698,0,0,1,0,0,0
7/10/2023 7:00,0.003617,0,0,1,0,0,0
7/10/2023 8:00,0.003299,0,1,0,0,0,0
7/10/2023 9:00,0.003089,0,1,0,0,0,0
7/10/2023 10:00,0.003181,0,1,0,0,0,0
7/10/2023 11:00,0.003267,0,1,0,0,0,0
7/10/2023 12:00,0.005015,0,0,0,1,0,0
7/10/2023 13:00,0.004886,0,0,0,1,0,0
7/10/2023 14:00,0.004928,0,0,0,0,1,0
7/10/2023 15:00,0.005158,0,0,0,0,0,1
7/10/2023 16:00,0.007413,0,0,0,0,0,1
7/10/2023 17:00,0.007799,0,0,0,0,0,1
7/10/2023 18:00,0.007274,0,0,0,0,0,1
7/10/2023 19:00,0.008241,0,0,0,0,0,1
7/10/2023 20:00,0.009952,0,0,0,0,0,1
7/10/2023 21:00,0.010962,0,0,0,0,0,1
7/10/2023 22:00,0.011138,0,0,0,0,0,1
7/10/2023 23:00,0.01121,0,0,0,0,0,1
7/11/2023 0:00,0.010048,0,0,0,0,1,0
7/11/2023 1:00,0.010264,0,0,0,0,1,0
7/11/2023 2:00,0.010446,0,0,0,0,1,0
7/11/2023 3:00,0.010599,0,0,0,0,1,0
7/11/2023 4:00,0.010671,0,0,0,0,1,0
7/11/2023 5:00,0.010601,0,0,0,0,1,0
7/11/2023 6:00,0.010866,0,0,0,0,1,0
7/11/2023 7:00,0.010947,0,0,0,0,1,0
7/11/2023 8:00,0.012173,0,0,0,0,1,0
7/11/2023 9:00,0.011345,0,0,0,0,1,0
7/11/2023 10:00,0.01101,0,0,0,0,1,0
7/11/2023 11:00,0.010819,0,0,0,1,0,0
7/11/2023 12:00,0.010452,0,0,0,1,0,0
7/11/2023 13:00,0.010319,0,0,0,1,0,0
7/11/2023 14:00,0.009909,0,0,1,0,0,0
7/11/2023 15:00,0.009742,0,0,1,0,0,0
7/11/2023 16:00,0.003516,1,0,0,0,0,0
7/11/2023 17:00,0.00375,1,0,0,0,0,0
7/11/2023 18:00,0.003711,1,0,0,0,0,0
7/11/2023 19:00,0.003481,1,0,0,0,0,0
7/11/2023 20:00,0.003483,1,0,0,0,0,0
7/11/2023 21:00,0.003757,1,0,0,0,0,0
7/11/2023 22:00,0.004456,0,1,0,0,0,0
7/11/2023 23:00,0.005024,0,1,0,0,0,0
7/12/2023 0:00,0.007867,0,0,1,0,0,0
7/12/2023 1:00,0.008156,0,0,1,0,0,0
7/12/2023 2:00,0.008369,0,0,0,1,0,0
7/12/2023 3:00,0.0085,0,0,0,1,0,0
7/12/2023 4:00,0.008532,0,0,0,1,0,0
7/12/2023 5:00,0.008471,0,0,0,1,0,0
7/12/2023 6:00,0.008022,0,0,0,1,0,0
7/12/2023 7:00,0.008284,0,0,0,1,0,0
7/12/2023 8:00,0.010084,0,0,0,0,1,0
7/12/2023 9:00,0.010371,0,0,0,0,1,0
7/12/2023 10:00,0.010366,0,0,0,0,1,0
7/12/2023 11:00,0.01063,0,0,0,0,1,0
7/12/2023 12:00,0.010749,0,0,0,0,1,0
7/12/2023 13:00,0.010473,0,0,0,0,1,0
7/12/2023 14:00,0.010111,0,0,0,0,1,0
7/12/2023 15:00,0.009423,0,0,0,0,1,0
7/12/2023 16:00,0.005179,0,1,0,0,0,0
7/12/2023 17:00,0.004759,0,1,0,0,0,0
7/12/2023 18:00,0.004143,0,1,0,0,0,0
7/12/2023 19:00,0.003564,1,0,0,0,0,0
7/12/2023 20:00,0.001546,1,0,0,0,0,0
7/12/2023 21:00,0.0011,1,0,0,0,0,0
7/12/2023 22:00,0.000977,1,0,0,0,0,0
7/12/2023 23:00,0.000923,1,0,0,0,0,0
7/13/2023 0:00,0.000687,1,0,0,0,0,0
7/13/2023 1:00,0.00091,0,1,0,0,0,0
7/13/2023 2:00,0.001298,0,1,0,0,0,0
7/13/2023 3:00,0.001388,0,1,0,0,0,0
7/13/2023 4:00,0.001573,0,1,0,0,0,0
7/13/2023 5:00,0.00178,0,1,0,0,0,0
7/13/2023 6:00,0.002005,0,1,0,0,0,0
7/13/2023 7:00,0.002058,0,0,1,0,0,0
7/13/2023 8:00,0.004126,0,0,1,0,0,0
7/13/2023 9:00,0.004229,0,0,1,0,0,0
7/13/2023 10:00,0.004187,0,0,0,1,0,0
7/13/2023 11:00,0.003935,0,0,0,1,0,0
7/13/2023 12:00,0.005214,0,0,0,1,0,0
7/13/2023 13:00,0.005217,0,0,0,0,1,0
7/13/2023 14:00,0.004965,0,0,0,0,1,0
7/13/2023 15:00,0.00452,0,0,0,0,1,0
7/13/2023 16:00,0.00882,0,0,0,0,0,1
7/13/2023 17:00,0.009302,0,0,0,0,0,1
7/13/2023 18:00,0.01013,0,0,0,0,0,1
7/13/2023 19:00,0.010758,0,0,0,0,0,1
7/13/2023 20:00,0.011334,0,0,0,0,0,1
7/13/2023 21:00,0.011818,0,0,0,0,0,1
7/13/2023 22:00,0.012157,0,0,0,0,0,1
7/13/2023 23:00,0.012564,0,0,0,0,0,1
7/14/2023 0:00,0.014436,0,0,0,0,0,1
7/14/2023 1:00,0.014928,0,0,0,0,0,1
7/14/2023 2:00,0.014909,0,0,0,0,0,1
7/14/2023 3:00,0.014896,0,0,0,0,1,0
7/14/2023 4:00,0.014723,0,0,0,0,1,0
7/14/2023 5:00,0.014533,0,0,0,0,1,0
7/14/2023 6:00,0.014523,0,0,0,0,1,0
7/14/2023 7:00,0.014298,0,0,0,0,1,0
7/14/2023 8:00,0.011273,0,0,0,1,0,0
7/14/2023 9:00,0.010953,0,0,0,1,0,0
7/14/2023 10:00,0.011112,0,0,0,1,0,0
7/14/2023 11:00,0.011293,0,0,0,1,0,0
7/14/2023 12:00,0.011456,0,0,0,1,0,0
7/14/2023 13:00,0.011548,0,0,1,0,0,0
7/14/2023 14:00,0.011548,0,0,1,0,0,0
7/14/2023 15:00,0.011554,0,0,1,0,0,0
7/14/2023 16:00,0.012702,0,0,0,1,0,0
7/14/2023 17:00,0.012477,0,0,1,0,0,0
7/14/2023 18:00,0.011893,0,0,1,0,0,0
7/14/2023 19:00,0.010656,0,1,0,0,0,0
7/14/2023 20:00,0.00983,1,0,0,0,0,0
7/14/2023 21:00,0.008242,1,0,0,0,0,0
7/14/2023 22:00,0.006676,1,0,0,0,0,0
7/14/2023 23:00,0.005625,1,0,0,0,0,0
7/15/2023 0:00,-0.010902,1,0,0,0,0,0
7/15/2023 1:00,-0.010359,1,0,0,0,0,0
7/15/2023 2:00,-0.010144,1,0,0,0,0,0
7/15/2023 3:00,-0.010219,1,0,0,0,0,0
7/15/2023 4:00,-0.014846,1,0,0,0,0,0
7/15/2023 5:00,-0.014982,1,0,0,0,0,0
7/15/2023 6:00,-0.014912,1,0,0,0,0,0
7/15/2023 7:00,-0.01467,1,0,0,0,0,0
7/15/2023 8:00,-0.002236,0,0,1,0,0,0
7/15/2023 9:00,-0.001338,0,0,1,0,0,0
7/15/2023 10:00,-0.001108,0,0,1,0,0,0
7/15/2023 11:00,-0.001571,0,0,1,0,0,0
7/15/2023 12:00,-0.000517,0,0,1,0,0,0
7/15/2023 13:00,-0.000595,0,0,1,0,0,0
7/15/2023 14:00,-0.000596,0,0,0,1,0,0
7/15/2023 15:00,-0.000032,0,0,0,1,0,0
7/15/2023 16:00,-0.006835,0,0,1,0,0,0
7/15/2023 17:00,-0.006714,0,0,1,0,0,0
7/15/2023 18:00,-0.006579,0,0,1,0,0,0
7/15/2023 19:00,-0.007367,0,0,1,0,0,0
7/15/2023 20:00,-0.004752,0,0,0,1,0,0
7/15/2023 21:00,-0.004529,0,0,0,1,0,0
7/15/2023 22:00,-0.004529,0,0,0,1,0,0
7/15/2023 23:00,-0.004368,0,0,0,1,0,0
7/16/2023 0:00,0.004104,0,0,0,0,0,1
7/16/2023 1:00,0.003957,0,0,0,0,0,1
7/16/2023 2:00,0.003783,0,0,0,0,1,0
7/16/2023 3:00,0.004018,0,0,0,0,1,0
7/16/2023 4:00,0.004122,0,0,0,0,1,0
7/16/2023 5:00,0.004866,0,0,0,0,1,0
7/16/2023 6:00,0.005146,0,0,0,0,1,0
7/16/2023 7:00,0.005206,0,0,0,0,1,0
7/16/2023 8:00,0.004454,0,0,0,0,1,0
7/16/2023 9:00,0.004422,0,0,0,0,1,0
7/16/2023 10:00,0.004406,0,0,0,0,1,0
7/16/2023 11:00,0.003906,0,0,0,0,1,0
7/16/2023 12:00,0.004507,0,0,0,0,1,0
7/16/2023 13:00,0.003759,0,0,0,1,0,0
7/16/2023 14:00,0.003136,0,0,0,1,0,0
7/16/2023 15:00,0.002688,0,0,0,1,0,0
7/16/2023 16:00,-0.002594,0,1,0,0,0,0
7/16/2023 17:00,-0.001514,0,0,1,0,0,0
7/16/2023 18:00,-0.001797,0,1,0,0,0,0
7/16/2023 19:00,-0.001791,0,1,0,0,0,0
7/16/2023 20:00,-0.004692,1,0,0,0,0,0
7/16/2023 21:00,-0.004404,1,0,0,0,0,0
7/16/2023 22:00,-0.004269,1,0,0,0,0,0
7/16/2023 23:00,-0.004107,1,0,0,0,0,0
7/17/2023 0:00,0.000845,0,0,1,0,0,0
7/17/2023 1:00,0.001322,0,0,1,0,0,0
7/17/2023 2:00,0.001346,0,0,1,0,0,0
7/17/2023 3:00,0.001547,0,0,0,1,0,0
7/17/2023 4:00,0.003418,0,0,0,1,0,0
7/17/2023 5:00,0.003418,0,0,0,1,0,0
7/17/2023 6:00,0.003369,0,0,0,1,0,0
7/17/2023 7:00,0.003406,0,0,0,0,1,0
7/17/2023 8:00,-0.00193,0,1,0,0,0,0
7/17/2023 9:00,-0.002361,0,1,0,0,0,0
7/17/2023 10:00,-0.002786,0,1,0,0,0,0
7/17/2023 11:00,-0.003145,0,1,0,0,0,0
7/17/2023 12:00,-0.003722,0,1,0,0,0,0
7/17/2023 13:00,-0.003268,0,1,0,0,0,0
7/17/2023 14:00,-0.002845,0,0,1,0,0,0
7/17/2023 15:00,-0.002529,0,0,1,0,0,0
7/17/2023 16:00,0.003391,0,0,0,0,0,1
7/17/2023 17:00,0.003194,0,0,0,0,1,0
7/17/2023 18:00,0.002857,0,0,0,0,1,0
7/17/2023 19:00,0.002652,0,0,0,0,1,0
7/17/2023 20:00,0.003846,0,0,0,0,1,0
7/17/2023 21:00,0.003633,0,0,0,0,1,0
7/17/2023 22:00,0.003928,0,0,0,0,1,0
7/17/2023 23:00,0.00424,0,0,0,0,1,0
7/18/2023 0:00,0.001438,0,0,0,1,0,0
7/18/2023 1:00,0.001564,0,0,0,1,0,0
7/18/2023 2:00,0.001421,0,0,0,1,0,0
7/18/2023 3:00,0.001465,0,0,0,1,0,0
7/18/2023 4:00,0.000701,0,0,1,0,0,0
7/18/2023 5:00,0.000845,0,0,0,1,0,0
7/18/2023 6:00,0.000841,0,0,0,1,0,0
7/18/2023 7:00,0.000914,0,0,0,1,0,0
7/18/2023 8:00,0.004641,0,0,0,0,1,0
7/18/2023 9:00,0.005654,0,0,0,0,0,1
7/18/2023 10:00,0.005766,0,0,0,0,1,0
7/18/2023 11:00,0.00594,0,0,0,0,1,0
7/18/2023 12:00,0.007159,0,0,0,0,0,1
7/18/2023 13:00,0.007374,0,0,0,0,0,1
7/18/2023 14:00,0.007198,0,0,0,0,0,1
7/18/2023 15:00,0.007049,0,0,0,0,1,0
7/18/2023 16:00,0.004942,0,0,0,1,0,0
7/18/2023 17:00,0.004926,0,0,0,1,0,0
7/18/2023 18:00,0.004975,0,0,0,1,0,0
7/18/2023 19:00,0.004664,0,0,0,1,0,0
7/18/2023 20:00,0.003772,0,0,1,0,0,0
7/18/2023 21:00,0.004135,0,0,0,1,0,0
7/18/2023 22:00,0.004609,0,0,0,1,0,0
7/18/2023 23:00,0.0048,0,0,0,1,0,0
7/19/2023 0:00,0.004599,0,0,0,1,0,0
7/19/2023 1:00,0.004592,0,0,0,1,0,0
7/19/2023 2:00,0.004572,0,0,0,1,0,0
7/19/2023 3:00,0.004557,0,0,0,1,0,0
7/19/2023 4:00,0.005074,0,0,0,1,0,0
7/19/2023 5:00,0.004841,0,0,1,0,0,0
7/19/2023 6:00,0.004804,0,0,1,0,0,0
7/19/2023 7:00,0.00477,0,0,1,0,0,0
7/19/2023 8:00,0.004545,0,0,1,0,0,0
7/19/2023 9:00,0.006175,0,0,0,0,1,0
7/19/2023 10:00,0.005924,0,0,0,1,0,0
7/19/2023 11:00,0.005332,0,0,0,1,0,0
7/19/2023 12:00,0.006599,0,0,0,0,1,0
7/19/2023 13:00,0.007384,0,0,0,0,0,1
7/19/2023 14:00,0.007884,0,0,0,0,0,1
7/19/2023 15:00,0.008081,0,0,0,0,0,1
7/19/2023 16:00,0.002701,1,0,0,0,0,0
7/19/2023 17:00,0.003256,0,1,0,0,0,0
7/19/2023 18:00,0.005019,0,0,1,0,0,0
7/19/2023 19:00,0.006279,0,0,0,0,1,0
7/19/2023 20:00,0.005771,0,0,0,1,0,0
7/19/2023 21:00,0.005136,0,0,1,0,0,0
7/19/2023 22:00,0.00474,0,0,1,0,0,0
7/19/2023 23:00,0.003966,0,1,0,0,0,0
7/20/2023 0:00,0.001538,1,0,0,0,0,0
7/20/2023 1:00,0.002457,1,0,0,0,0,0
7/20/2023 2:00,0.003551,0,1,0,0,0,0
7/20/2023 3:00,0.004538,0,0,1,0,0,0
7/20/2023 4:00,0.003893,0,0,1,0,0,0
7/20/2023 5:00,0.004859,0,0,1,0,0,0
7/20/2023 6:00,0.005664,0,0,0,1,0,0
7/20/2023 7:00,0.006246,0,0,0,0,1,0
7/20/2023 8:00,0.007047,0,0,0,0,1,0
7/20/2023 9:00,0.007583,0,0,0,0,1,0
7/20/2023 10:00,0.008469,0,0,0,0,0,1
7/20/2023 11:00,0.00865,0,0,0,0,0,1
7/20/2023 12:00,0.009844,0,0,0,0,0,1
7/20/2023 13:00,0.009629,0,0,0,0,0,1
7/20/2023 14:00,0.009207,0,0,0,0,1,0
7/20/2023 15:00,0.008945,0,0,0,0,1,0
7/20/2023 16:00,0.005287,0,0,1,0,0,0
7/20/2023 17:00,0.004927,0,0,1,0,0,0
7/20/2023 18:00,0.004524,0,0,1,0,0,0
7/20/2023 19:00,0.004265,0,0,1,0,0,0
7/20/2023 20:00,0.003309,0,1,0,0,0,0
7/20/2023 21:00,0.003275,0,1,0,0,0,0
7/20/2023 22:00,0.00326,0,1,0,0,0,0
7/20/2023 23:00,0.003202,0,1,0,0,0,0
7/21/2023 0:00,0.0018,1,0,0,0,0,0
7/21/2023 1:00,0.002466,0,1,0,0,0,0
7/21/2023 2:00,0.002742,0,1,0,0,0,0
7/21/2023 3:00,0.002727,0,1,0,0,0,0
7/21/2023 4:00,0.001439,0,1,0,0,0,0
7/21/2023 5:00,0.000802,1,0,0,0,0,0
7/21/2023 6:00,0.000313,1,0,0,0,0,0
7/21/2023 7:00,0.000201,0,1,0,0,0,0
7/21/2023 8:00,-0.004811,1,0,0,0,0,0
7/21/2023 9:00,-0.004736,1,0,0,0,0,0
7/21/2023 10:00,-0.004091,1,0,0,0,0,0
7/21/2023 11:00,-0.003808,1,0,0,0,0,0
7/21/2023 12:00,-0.004631,1,0,0,0,0,0
7/21/2023 13:00,-0.005018,1,0,0,0,0,0
7/21/2023 14:00,-0.005676,1,0,0,0,0,0
7/21/2023 15:00,-0.00606,1,0,0,0,0,0
7/21/2023 16:00,0.003953,0,0,0,0,1,0
7/21/2023 17:00,0.004279,0,0,0,0,1,0
7/21/2023 18:00,0.004259,0,0,0,0,1,0
7/21/2023 19:00,0.004491,0,0,0,0,1,0
7/21/2023 20:00,0.007023,0,0,0,0,0,1
7/21/2023 21:00,0.007003,0,0,0,0,0,1
7/21/2023 22:00,0.00668,0,0,0,0,1,0
7/21/2023 23:00,0.00646,0,0,0,0,1,0
7/22/2023 0:00,0.00412,0,0,0,0,1,0
7/22/2023 1:00,0.004746,0,0,0,0,1,0
7/22/2023 2:00,0.00467,0,0,0,0,1,0
7/22/2023 3:00,0.004645,0,0,0,0,1,0
7/22/2023 4:00,0.003535,0,0,0,1,0,0
7/22/2023 5:00,0.003417,0,0,0,1,0,0
7/22/2023 6:00,0.003194,0,0,0,1,0,0
7/22/2023 7:00,0.003054,0,0,0,1,0,0
7/22/2023 8:00,-0.004009,0,1,0,0,0,0
7/22/2023 9:00,-0.003851,0,1,0,0,0,0
7/22/2023 10:00,-0.003059,0,1,0,0,0,0
7/22/2023 11:00,-0.002968,0,1,0,0,0,0
7/22/2023 12:00,-0.005367,1,0,0,0,0,0
7/22/2023 13:00,-0.005283,0,1,0,0,0,0
7/22/2023 14:00,-0.005095,0,1,0,0,0,0
7/22/2023 15:00,-0.005151,1,0,0,0,0,0
7/22/2023 16:00,-0.004515,0,1,0,0,0,0
7/22/2023 17:00,-0.00471,0,1,0,0,0,0
7/22/2023 18:00,-0.004591,0,1,0,0,0,0
7/22/2023 19:00,-0.004529,0,1,0,0,0,0
7/22/2023 20:00,-0.002107,0,0,1,0,0,0
7/22/2023 21:00,-0.001894,0,0,1,0,0,0
7/22/2023 22:00,-0.001843,0,0,1,0,0,0
7/22/2023 23:00,-0.001734,0,0,1,0,0,0
7/23/2023 0:00,-0.000928,0,0,0,1,0,0
7/23/2023 1:00,-0.000791,0,0,0,1,0,0
7/23/2023 2:00,-0.00038,0,0,0,1,0,0
7/23/2023 3:00,-0.000081,0,0,0,1,0,0
7/23/2023 4:00,-0.001343,0,0,0,1,0,0
7/23/2023 5:00,-0.001014,0,0,0,1,0,0
7/23/2023 6:00,-0.001027,0,0,0,0,1,0
7/23/2023 7:00,-0.000885,0,0,0,0,1,0
7/23/2023 8:00,0.000691,0,0,0,0,0,1
7/23/2023 9:00,0.00067,0,0,0,0,0,1
7/23/2023 10:00,0.000681,0,0,0,0,1,0
7/23/2023 11:00,0.000691,0,0,0,0,1,0
7/23/2023 12:00,0.002291,0,0,0,0,0,1
7/23/2023 13:00,0.002291,0,0,0,0,0,1
7/23/2023 14:00,0.002292,0,0,0,0,0,1
7/23/2023 15:00,0.002258,0,0,0,0,1,0
7/23/2023 16:00,0.007622,0,0,0,0,0,1
7/23/2023 17:00,0.007662,0,0,0,0,0,1
7/23/2023 18:00,0.007662,0,0,0,0,0,1
7/23/2023 19:00,0.007679,0,0,0,0,0,1
7/23/2023 20:00,0.008429,0,0,0,0,0,1
7/23/2023 21:00,0.008038,0,0,0,0,0,1
7/23/2023 22:00,0.007677,0,0,0,0,1,0
7/23/2023 23:00,0.007239,0,0,0,0,1,0
7/24/2023 0:00,0.003496,0,0,0,1,0,0
7/24/2023 1:00,0.003964,0,0,0,1,0,0
7/24/2023 2:00,0.00402,0,0,0,1,0,0
7/24/2023 3:00,0.003486,0,0,1,0,0,0
7/24/2023 4:00,0.002439,0,0,1,0,0,0
7/24/2023 5:00,0.001927,0,0,1,0,0,0
7/24/2023 6:00,0.001926,0,0,1,0,0,0
7/24/2023 7:00,0.002351,0,0,1,0,0,0
7/24/2023 8:00,-0.003809,1,0,0,0,0,0
7/24/2023 9:00,-0.003248,1,0,0,0,0,0
7/24/2023 10:00,-0.003855,1,0,0,0,0,0
7/24/2023 11:00,-0.003904,1,0,0,0,0,0
7/24/2023 12:00,-0.006679,1,0,0,0,0,0
7/24/2023 13:00,-0.00598,1,0,0,0,0,0
7/24/2023 14:00,-0.00523,0,1,0,0,0,0
7/24/2023 15:00,-0.004481,0,1,0,0,0,0
7/24/2023 16:00,0.004076,0,0,0,1,0,0
7/24/2023 17:00,0.004076,0,0,0,1,0,0
7/24/2023 18:00,0.004102,0,0,0,1,0,0
7/24/2023 19:00,0.004163,0,0,0,1,0,0
7/24/2023 20:00,0.007669,0,0,0,0,1,0
7/24/2023 21:00,0.007669,0,0,0,0,1,0
7/24/2023 22:00,0.007513,0,0,0,0,1,0
7/24/2023 23:00,0.006944,0,0,0,0,1,0
7/25/2023 0:00,0.003543,0,0,0,1,0,0
7/25/2023 1:00,0.003549,0,0,0,1,0,0
7/25/2023 2:00,0.003547,0,0,0,1,0,0
7/25/2023 3:00,0.003357,0,0,0,1,0,0
7/25/2023 4:00,0.001015,0,0,1,0,0,0
7/25/2023 5:00,0.001059,0,0,1,0,0,0
7/25/2023 6:00,0.000967,0,0,1,0,0,0
7/25/2023 7:00,0.001059,0,0,1,0,0,0
7/25/2023 8:00,0.001664,0,0,0,1,0,0
7/25/2023 9:00,0.001836,0,0,0,1,0,0
7/25/2023 10:00,0.001848,0,0,0,1,0,0
7/25/2023 11:00,0.001906,0,0,1,0,0,0
7/25/2023 12:00,0.004386,0,0,0,1,0,0
7/25/2023 13:00,0.00447,0,0,0,1,0,0
7/25/2023 14:00,0.004506,0,0,0,1,0,0
7/25/2023 15:00,0.004493,0,0,0,1,0,0
7/25/2023 16:00,0.007282,0,0,0,0,0,1
7/25/2023 17:00,0.007248,0,0,0,0,1,0
7/25/2023 18:00,0.007208,0,0,0,0,1,0
7/25/2023 19:00,0.007177,0,0,0,0,1,0
7/25/2023 20:00,0.005263,0,0,0,1,0,0
7/25/2023 21:00,0.005317,0,0,0,1,0,0
7/25/2023 22:00,0.005384,0,0,0,1,0,0
7/25/2023 23:00,0.005393,0,0,0,0,1,0
7/26/2023 0:00,0.00304,0,0,1,0,0,0
7/26/2023 1:00,0.003134,0,0,1,0,0,0
7/26/2023 2:00,0.003136,0,0,1,0,0,0
7/26/2023 3:00,0.003137,0,0,1,0,0,0
7/26/2023 4:00,0.00297,0,0,1,0,0,0
7/26/2023 5:00,0.00297,0,0,1,0,0,0
7/26/2023 6:00,0.00297,0,0,1,0,0,0
7/26/2023 7:00,0.00297,0,0,1,0,0,0
7/26/2023 8:00,0.006016,0,0,0,0,1,0
7/26/2023 9:00,0.005996,0,0,0,0,1,0
7/26/2023 10:00,0.005801,0,0,0,1,0,0
7/26/2023 11:00,0.005706,0,0,0,1,0,0
7/26/2023 12:00,0.006677,0,0,0,0,1,0
7/26/2023 13:00,0.006627,0,0,0,0,1,0
7/26/2023 14:00,0.006545,0,0,0,0,1,0
7/26/2023 15:00,0.006417,0,0,0,0,1,0
7/26/2023 16:00,0.003891,0,1,0,0,0,0
7/26/2023 17:00,0.00387,0,0,1,0,0,0
7/26/2023 18:00,0.003777,0,0,1,0,0,0
7/26/2023 19:00,0.003752,0,0,1,0,0,0
7/26/2023 20:00,0.004445,0,0,1,0,0,0
7/26/2023 21:00,0.003722,0,0,1,0,0,0
7/26/2023 22:00,0.003393,0,1,0,0,0,0
7/26/2023 23:00,0.003027,0,1,0,0,0,0
7/27/2023 0:00,-0.00171,1,0,0,0,0,0
7/27/2023 1:00,-0.000875,1,0,0,0,0,0
7/27/2023 2:00,-0.000596,1,0,0,0,0,0
7/27/2023 3:00,-0.00036,1,0,0,0,0,0
7/27/2023 4:00,-0.000454,1,0,0,0,0,0
7/27/2023 5:00,-0.000118,0,1,0,0,0,0
7/27/2023 6:00,0.000169,0,1,0,0,0,0
7/27/2023 7:00,0.000408,0,1,0,0,0,0
7/27/2023 8:00,0.006787,0,0,0,0,1,0
7/27/2023 9:00,0.006868,0,0,0,0,1,0
7/27/2023 10:00,0.006804,0,0,0,0,1,0
7/27/2023 11:00,0.006814,0,0,0,0,1,0
7/27/2023 12:00,0.007336,0,0,0,0,1,0
7/27/2023 13:00,0.007208,0,0,0,0,1,0
7/27/2023 14:00,0.006804,0,0,0,0,1,0
7/27/2023 15:00,0.006439,0,0,0,0,1,0
7/27/2023 16:00,-0.002785,1,0,0,0,0,0
7/27/2023 17:00,-0.001414,0,1,0,0,0,0
7/27/2023 18:00,-0.001889,0,1,0,0,0,0
7/27/2023 19:00,-0.001689,0,1,0,0,0,0
7/27/2023 20:00,-0.003109,0,1,0,0,0,0
7/27/2023 21:00,-0.002876,0,1,0,0,0,0
7/27/2023 22:00,-0.002895,0,1,0,0,0,0
7/27/2023 23:00,-0.003049,0,1,0,0,0,0
7/28/2023 0:00,0.004057,0,0,0,1,0,0
7/28/2023 1:00,0.003807,0,0,0,1,0,0
7/28/2023 2:00,0.003754,0,0,0,1,0,0
7/28/2023 3:00,0.003773,0,0,0,1,0,0
7/28/2023 4:00,0.004156,0,0,0,1,0,0
7/28/2023 5:00,0.004257,0,0,0,1,0,0
7/28/2023 6:00,0.004358,0,0,0,1,0,0
7/28/2023 7:00,0.004539,0,0,0,1,0,0
7/28/2023 8:00,0.006013,0,0,0,0,1,0
7/28/2023 9:00,0.006212,0,0,0,0,1,0
7/28/2023 10:00,0.006461,0,0,0,0,1,0
7/28/2023 11:00,0.006517,0,0,0,0,1,0
7/28/2023 12:00,0.007565,0,0,0,0,1,0
7/28/2023 13:00,0.007556,0,0,0,0,1,0
7/28/2023 14:00,0.00762,0,0,0,0,1,0
7/28/2023 15:00,0.007858,0,0,0,0,1,0
7/28/2023 16:00,0.008952,0,0,0,0,1,0
7/28/2023 17:00,0.008981,0,0,0,0,1,0
7/28/2023 18:00,0.009007,0,0,0,0,1,0
7/28/2023 19:00,0.009049,0,0,0,0,1,0
7/28/2023 20:00,0.008965,0,0,0,0,1,0
7/28/2023 21:00,0.008951,0,0,0,0,1,0
7/28/2023 22:00,0.008995,0,0,0,0,1,0
7/28/2023 23:00,0.00889,0,0,0,0,1,0
7/29/2023 0:00,0.005087,0,1,0,0,0,0
7/29/2023 1:00,0.005039,0,1,0,0,0,0
7/29/2023 2:00,0.004819,0,1,0,0,0,0
7/29/2023 3:00,0.004476,0,1,0,0,0,0
7/29/2023 4:00,0.002508,1,0,0,0,0,0
7/29/2023 5:00,0.002277,1,0,0,0,0,0
7/29/2023 6:00,0.002272,1,0,0,0,0,0
7/29/2023 7:00,0.002263,1,0,0,0,0,0
7/29/2023 8:00,0.004184,0,1,0,0,0,0
7/29/2023 9:00,0.00441,0,1,0,0,0,0
7/29/2023 10:00,0.004528,0,0,1,0,0,0
7/29/2023 11:00,0.004592,0,0,1,0,0,0
7/29/2023 12:00,0.003039,0,1,0,0,0,0
7/29/2023 13:00,0.002947,0,1,0,0,0,0
7/29/2023 14:00,0.003045,0,1,0,0,0,0
7/29/2023 15:00,0.003197,0,1,0,0,0,0
7/29/2023 16:00,0.003255,0,1,0,0,0,0
7/29/2023 17:00,0.003224,0,0,1,0,0,0
7/29/2023 18:00,0.003105,0,0,1,0,0,0
7/29/2023 19:00,0.003148,0,0,1,0,0,0
7/29/2023 20:00,0.003932,0,0,1,0,0,0
7/29/2023 21:00,0.003884,0,0,1,0,0,0
7/29/2023 22:00,0.003992,0,0,0,1,0,0
7/29/2023 23:00,0.004276,0,0,0,0,1,0
7/30/2023 0:00,0.004842,0,0,0,0,1,0
7/30/2023 1:00,0.00444,0,0,0,0,1,0
7/30/2023 2:00,0.003824,0,0,0,1,0,0
7/30/2023 3:00,0.003631,0,0,0,1,0,0
7/30/2023 4:00,0.004911,0,0,0,0,0,1
7/30/2023 5:00,0.005024,0,0,0,0,0,1
7/30/2023 6:00,0.005054,0,0,0,0,0,1
7/30/2023 7:00,0.004965,0,0,0,0,1,0
7/30/2023 8:00,0.005336,0,0,0,0,0,1
7/30/2023 9:00,0.00563,0,0,0,0,0,1
7/30/2023 10:00,0.005675,0,0,0,0,0,1
7/30/2023 11:00,0.005808,0,0,0,0,0,1
7/30/2023 12:00,0.005291,0,0,0,0,1,0
7/30/2023 13:00,0.004778,0,0,0,1,0,0
7/30/2023 14:00,0.004399,0,0,1,0,0,0
7/30/2023 15:00,0.004508,0,0,0,1,0,0
7/30/2023 16:00,0.002143,1,0,0,0,0,0
7/30/2023 17:00,0.00049,1,0,0,0,0,0
7/30/2023 18:00,0.000685,1,0,0,0,0,0
7/30/2023 19:00,0.000178,1,0,0,0,0,0
7/30/2023 20:00,0.000348,1,0,0,0,0,0
7/30/2023 21:00,0.000815,1,0,0,0,0,0
7/30/2023 22:00,0.000939,0,1,0,0,0,0
7/30/2023 23:00,0.000941,0,1,0,0,0,0
7/31/2023 0:00,0.004227,0,0,0,1,0,0
7/31/2023 1:00,0.005242,0,0,0,0,1,0
7/31/2023 2:00,0.005244,0,0,0,0,1,0
7/31/2023 3:00,0.005169,0,0,0,0,1,0
7/31/2023 4:00,0.004425,0,0,0,1,0,0
7/31/2023 5:00,0.004463,0,0,0,1,0,0
7/31/2023 6:00,0.004601,0,0,0,1,0,0
7/31/2023 7:00,0.004901,0,0,0,1,0,0
7/31/2023 8:00,0.010752,0,0,0,0,0,1
7/31/2023 9:00,0.010793,0,0,0,0,0,1
7/31/2023 10:00,0.010791,0,0,0,0,0,1
7/31/2023 11:00,0.010715,0,0,0,0,0,1
7/31/2023 12:00,0.012783,0,0,0,0,0,1
7/31/2023 13:00,0.012765,0,0,0,0,0,1
7/31/2023 14:00,0.012533,0,0,0,0,0,1
7/31/2023 15:00,0.012415,0,0,0,0,1,0
7/31/2023 16:00,0.00764,0,0,0,1,0,0
7/31/2023 17:00,0.007365,0,0,0,1,0,0
7/31/2023 18:00,0.007026,0,0,0,1,0,0
7/31/2023 19:00,0.00688,0,0,0,1,0,0
7/31/2023 20:00,0.006338,0,0,1,0,0,0
7/31/2023 21:00,0.005988,0,0,1,0,0,0
7/31/2023 22:00,0.006081,0,0,1,0,0,0
7/31/2023 23:00,0.006156,0,0,1,0,0,0
8/1/2023 0:00,-0.000709,1,0,0,0,0,0
8/1/2023 1:00,0.001463,1,0,0,0,0,0
8/1/2023 2:00,0.001057,1,0,0,0,0,0
8/1/2023 3:00,0.000823,1,0,0,0,0,0
8/1/2023 4:00,-0.001696,1,0,0,0,0,0
8/1/2023 5:00,-0.001376,1,0,0,0,0,0
8/1/2023 6:00,-0.001159,1,0,0,0,0,0
8/1/2023 7:00,-0.001264,0,1,0,0,0,0
8/1/2023 8:00,0.00231,0,0,1,0,0,0
8/1/2023 9:00,0.002414,0,0,1,0,0,0
8/1/2023 10:00,0.002555,0,0,1,0,0,0
8/1/2023 11:00,0.002542,0,0,1,0,0,0
8/1/2023 12:00,0.003115,0,0,1,0,0,0
8/1/2023 13:00,0.003367,0,0,1,0,0,0
8/1/2023 14:00,0.003541,0,0,0,1,0,0
8/1/2023 15:00,0.0038,0,0,0,1,0,0
8/1/2023 16:00,0.007408,0,0,0,0,1,0
8/1/2023 17:00,0.007853,0,0,0,0,0,1
8/1/2023 18:00,0.008351,0,0,0,0,0,1
8/1/2023 19:00,0.009079,0,0,0,0,0,1
8/1/2023 20:00,0.01219,0,0,0,0,0,1
8/1/2023 21:00,0.012483,0,0,0,0,0,1
8/1/2023 22:00,0.012606,0,0,0,0,0,1
8/1/2023 23:00,0.012598,0,0,0,0,0,1
8/2/2023 0:00,0.013367,0,0,0,0,0,1
8/2/2023 1:00,0.013714,0,0,0,0,0,1
8/2/2023 2:00,0.014146,0,0,0,0,1,0
8/2/2023 3:00,0.014217,0,0,0,0,1,0
8/2/2023 4:00,0.014404,0,0,0,0,1,0
8/2/2023 5:00,0.014637,0,0,0,0,1,0
8/2/2023 6:00,0.014997,0,0,0,0,1,0
8/2/2023 7:00,0.015807,0,0,0,0,1,0
8/2/2023 8:00,0.016551,0,0,0,0,1,0
8/2/2023 9:00,0.0162,0,0,0,0,1,0
8/2/2023 10:00,0.015782,0,0,0,0,1,0
8/2/2023 11:00,0.015401,0,0,0,0,1,0
8/2/2023 12:00,0.015111,0,0,0,0,1,0
8/2/2023 13:00,0.014754,0,0,0,1,0,0
8/2/2023 14:00,0.014537,0,0,0,1,0,0
8/2/2023 15:00,0.014018,0,0,0,1,0,0
8/2/2023 16:00,0.012242,0,0,1,0,0,0
8/2/2023 17:00,0.012265,0,1,0,0,0,0
8/2/2023 18:00,0.011966,0,1,0,0,0,0
8/2/2023 19:00,0.011669,1,0,0,0,0,0
8/2/2023 20:00,0.011683,1,0,0,0,0,0
8/2/2023 21:00,0.011741,0,1,0,0,0,0
8/2/2023 22:00,0.011625,0,1,0,0,0,0
8/2/2023 23:00,0.011494,0,1,0,0,0,0
8/3/2023 0:00,0.010003,1,0,0,0,0,0
8/3/2023 1:00,0.009819,1,0,0,0,0,0
8/3/2023 2:00,0.00987,1,0,0,0,0,0
8/3/2023 3:00,0.009913,0,1,0,0,0,0
8/3/2023 4:00,0.009947,0,1,0,0,0,0
8/3/2023 5:00,0.009841,0,1,0,0,0,0
8/3/2023 6:00,0.009919,0,1,0,0,0,0
8/3/2023 7:00,0.010103,0,1,0,0,0,0
8/3/2023 8:00,0.012274,0,0,0,1,0,0
8/3/2023 9:00,0.012737,0,0,0,1,0,0
8/3/2023 10:00,0.013423,0,0,0,0,1,0
8/3/2023 11:00,0.013784,0,0,0,0,1,0
8/3/2023 12:00,0.014147,0,0,0,0,1,0
8/3/2023 13:00,0.014677,0,0,0,0,0,1
8/3/2023 14:00,0.014797,0,0,0,0,0,1
8/3/2023 15:00,0.015006,0,0,0,0,0,1
8/3/2023 16:00,0.016293,0,0,0,0,0,1
8/3/2023 17:00,0.016099,0,0,0,0,0,1
8/3/2023 18:00,0.016778,0,0,0,0,0,1
8/3/2023 19:00,0.017624,0,0,0,0,0,1
8/3/2023 20:00,0.01733,0,0,0,0,0,1
8/3/2023 21:00,0.016286,0,0,0,0,1,0
8/3/2023 22:00,0.015615,0,0,0,0,1,0
8/3/2023 23:00,0.015361,0,0,0,1,0,0
8/4/2023 0:00,0.011652,0,0,1,0,0,0
8/4/2023 1:00,0.011603,0,1,0,0,0,0
8/4/2023 2:00,0.011429,0,1,0,0,0,0
8/4/2023 3:00,0.011298,0,1,0,0,0,0
8/4/2023 4:00,0.011289,0,1,0,0,0,0
8/4/2023 5:00,0.011576,0,1,0,0,0,0
8/4/2023 6:00,0.011814,0,1,0,0,0,0
8/4/2023 7:00,0.011873,0,1,0,0,0,0
8/4/2023 8:00,0.012491,0,0,1,0,0,0
8/4/2023 9:00,0.013164,0,0,1,0,0,0
8/4/2023 10:00,0.013366,0,0,1,0,0,0
8/4/2023 11:00,0.012776,0,0,1,0,0,0
8/4/2023 12:00,0.012336,0,1,0,0,0,0
8/4/2023 13:00,0.01174,0,1,0,0,0,0
8/4/2023 14:00,0.011648,0,1,0,0,0,0
8/4/2023 15:00,0.011849,0,1,0,0,0,0
8/4/2023 16:00,0.010216,0,1,0,0,0,0
8/4/2023 17:00,0.009626,0,1,0,0,0,0
8/4/2023 18:00,0.00897,1,0,0,0,0,0
8/4/2023 19:00,0.008681,1,0,0,0,0,0
8/4/2023 20:00,0.008684,1,0,0,0,0,0
8/4/2023 21:00,0.008726,1,0,0,0,0,0
8/4/2023 22:00,0.008674,1,0,0,0,0,0
8/4/2023 23:00,0.008204,1,0,0,0,0,0
8/5/2023 0:00,0.008812,0,1,0,0,0,0
8/5/2023 1:00,0.008797,0,1,0,0,0,0
8/5/2023 2:00,0.009163,0,1,0,0,0,0
8/5/2023 3:00,0.009511,0,0,1,0,0,0
8/5/2023 4:00,0.009336,0,0,1,0,0,0
8/5/2023 5:00,0.009507,0,0,1,0,0,0
8/5/2023 6:00,0.009746,0,0,1,0,0,0
8/5/2023 7:00,0.009972,0,0,1,0,0,0
8/5/2023 8:00,0.01368,0,0,0,0,0,1
8/5/2023 9:00,0.01411,0,0,0,0,0,1
8/5/2023 10:00,0.014258,0,0,0,0,0,1
8/5/2023 11:00,0.014385,0,0,0,0,0,1
8/5/2023 12:00,0.014703,0,0,0,0,0,1
8/5/2023 13:00,0.014826,0,0,0,0,0,1
8/5/2023 14:00,0.01494,0,0,0,0,0,1
8/5/2023 15:00,0.014824,0,0,0,0,1,0
8/5/2023 16:00,0.011322,0,0,0,1,0,0
8/5/2023 17:00,0.010948,0,0,1,0,0,0
8/5/2023 18:00,0.010861,0,0,1,0,0,0
8/5/2023 19:00,0.010715,0,0,1,0,0,0
8/5/2023 20:00,0.010483,0,0,1,0,0,0
8/5/2023 21:00,0.010427,0,0,1,0,0,0
8/5/2023 22:00,0.010342,0,0,1,0,0,0
8/5/2023 23:00,0.010458,0,0,1,0,0,0
8/6/2023 0:00,0.010726,0,0,1,0,0,0
8/6/2023 1:00,0.010558,0,0,1,0,0,0
8/6/2023 2:00,0.010673,0,0,1,0,0,0
8/6/2023 3:00,0.010855,0,0,1,0,0,0
8/6/2023 4:00,0.010817,0,0,1,0,0,0
8/6/2023 5:00,0.010877,0,0,1,0,0,0
8/6/2023 6:00,0.010911,0,0,1,0,0,0
8/6/2023 7:00,0.010854,0,0,1,0,0,0
8/6/2023 8:00,0.010069,0,1,0,0,0,0
8/6/2023 9:00,0.010344,0,1,0,0,0,0
8/6/2023 10:00,0.010329,0,0,1,0,0,0
8/6/2023 11:00,0.010655,0,0,1,0,0,0
8/6/2023 12:00,0.010999,0,0,1,0,0,0
8/6/2023 13:00,0.010935,0,0,1,0,0,0
8/6/2023 14:00,0.011126,0,0,0,1,0,0
8/6/2023 15:00,0.011489,0,0,0,0,0,1
8/6/2023 16:00,0.016424,0,0,0,0,0,1
8/6/2023 17:00,0.016699,0,0,0,0,0,1
8/6/2023 18:00,0.017172,0,0,0,0,0,1
8/6/2023 19:00,0.017227,0,0,0,0,0,1
8/6/2023 20:00,0.017402,0,0,0,0,0,1
8/6/2023 21:00,0.01784,0,0,0,0,0,1
8/6/2023 22:00,0.0181,0,0,0,0,0,1
8/6/2023 23:00,0.018124,0,0,0,0,0,1
8/7/2023 0:00,0.018185,0,0,0,0,1,0
8/7/2023 1:00,0.017315,0,0,0,0,1,0
8/7/2023 2:00,0.017226,0,0,0,0,1,0
8/7/2023 3:00,0.017871,0,0,0,0,1,0
8/7/2023 4:00,0.018135,0,0,0,0,1,0
8/7/2023 5:00,0.018049,0,0,0,0,1,0
8/7/2023 6:00,0.016904,0,0,0,1,0,0
8/7/2023 7:00,0.016432,0,0,0,1,0,0
8/7/2023 8:00,0.015791,0,0,0,1,0,0
8/7/2023 9:00,0.016172,0,0,0,1,0,0
8/7/2023 10:00,0.016665,0,0,0,1,0,0
8/7/2023 11:00,0.016521,0,0,0,1,0,0
8/7/2023 12:00,0.015994,0,0,1,0,0,0
8/7/2023 13:00,0.015734,0,0,1,0,0,0
8/7/2023 14:00,0.015887,0,0,1,0,0,0
8/7/2023 15:00,0.016262,0,1,0,0,0,0
8/7/2023 16:00,0.018847,0,0,0,0,0,1
8/7/2023 17:00,0.019045,0,0,0,0,0,1
8/7/2023 18:00,0.018103,0,0,0,0,1,0
8/7/2023 19:00,0.018002,0,0,0,0,1,0
8/7/2023 20:00,0.018208,0,0,0,0,1,0
8/7/2023 21:00,0.018324,0,0,0,0,1,0
8/7/2023 22:00,0.018298,0,0,0,0,1,0
8/7/2023 23:00,0.018353,0,0,0,0,1,0
8/8/2023 0:00,0.012411,1,0,0,0,0,0
8/8/2023 1:00,0.012257,1,0,0,0,0,0
8/8/2023 2:00,0.012345,1,0,0,0,0,0
8/8/2023 3:00,0.012374,1,0,0,0,0,0
8/8/2023 4:00,0.012403,1,0,0,0,0,0
8/8/2023 5:00,0.012466,0,1,0,0,0,0
8/8/2023 6:00,0.012567,0,1,0,0,0,0
8/8/2023 7:00,0.012544,0,1,0,0,0,0
8/8/2023 8:00,0.012873,0,1,0,0,0,0
8/8/2023 9:00,0.012899,0,1,0,0,0,0
8/8/2023 10:00,0.012556,0,1,0,0,0,0
8/8/2023 11:00,0.012474,0,1,0,0,0,0
8/8/2023 12:00,0.012496,0,1,0,0,0,0
8/8/2023 13:00,0.012177,0,1,0,0,0,0
8/8/2023 14:00,0.011565,0,1,0,0,0,0
8/8/2023 15:00,0.011153,0,1,0,0,0,0
8/8/2023 16:00,0.009046,1,0,0,0,0,0
8/8/2023 17:00,0.009366,0,1,0,0,0,0
8/8/2023 18:00,0.009284,0,1,0,0,0,0
8/8/2023 19:00,0.008569,0,1,0,0,0,0
8/8/2023 20:00,0.007907,1,0,0,0,0,0
8/8/2023 21:00,0.007518,1,0,0,0,0,0
8/8/2023 22:00,0.008635,0,1,0,0,0,0
8/8/2023 23:00,0.009641,0,1,0,0,0,0
8/9/2023 0:00,0.01102,0,0,1,0,0,0
8/9/2023 1:00,0.010924,0,0,1,0,0,0
8/9/2023 2:00,0.011094,0,0,0,1,0,0
8/9/2023 3:00,0.011704,0,0,0,1,0,0
8/9/2023 4:00,0.012536,0,0,0,0,1,0
8/9/2023 5:00,0.012809,0,0,0,0,1,0
8/9/2023 6:00,0.012716,0,0,0,0,1,0
8/9/2023 7:00,0.012585,0,0,0,0,1,0
8/9/2023 8:00,0.013563,0,0,0,0,1,0
8/9/2023 9:00,0.013449,0,0,0,0,1,0
8/9/2023 10:00,0.013007,0,0,0,0,1,0
8/9/2023 11:00,0.012486,0,0,0,0,1,0
8/9/2023 12:00,0.012353,0,0,0,0,1,0
8/9/2023 13:00,0.012484,0,0,0,0,1,0
8/9/2023 14:00,0.012281,0,0,0,1,0,0
8/9/2023 15:00,0.012432,0,0,0,1,0,0
8/9/2023 16:00,0.009453,0,1,0,0,0,0
8/9/2023 17:00,0.009287,0,1,0,0,0,0
8/9/2023 18:00,0.009435,0,1,0,0,0,0
8/9/2023 19:00,0.00934,0,1,0,0,0,0
8/9/2023 20:00,0.00915,0,1,0,0,0,0
8/9/2023 21:00,0.008978,0,1,0,0,0,0
8/9/2023 22:00,0.008994,0,1,0,0,0,0
8/9/2023 23:00,0.008997,0,1,0,0,0,0
8/10/2023 0:00,0.011763,0,0,0,1,0,0
8/10/2023 1:00,0.011657,0,0,0,1,0,0
8/10/2023 2:00,0.011593,0,0,0,1,0,0
8/10/2023 3:00,0.011404,0,0,0,1,0,0
8/10/2023 4:00,0.011441,0,0,0,1,0,0
8/10/2023 5:00,0.011771,0,0,0,1,0,0
8/10/2023 6:00,0.012187,0,0,0,1,0,0
8/10/2023 7:00,0.012392,0,0,0,0,1,0
8/10/2023 8:00,0.01734,0,0,0,0,0,1
8/10/2023 9:00,0.017325,0,0,0,0,0,1
8/10/2023 10:00,0.017237,0,0,0,0,0,1
8/10/2023 11:00,0.017377,0,0,0,0,0,1
8/10/2023 12:00,0.017223,0,0,0,0,0,1
8/10/2023 13:00,0.017182,0,0,0,0,0,1
8/10/2023 14:00,0.017121,0,0,0,0,1,0
8/10/2023 15:00,0.016933,0,0,0,0,1,0
8/10/2023 16:00,0.011116,0,0,1,0,0,0
8/10/2023 17:00,0.010896,0,0,1,0,0,0
8/10/2023 18:00,0.01087,0,0,1,0,0,0
8/10/2023 19:00,0.010785,0,0,1,0,0,0
8/10/2023 20:00,0.010823,0,1,0,0,0,0
8/10/2023 21:00,0.010755,0,1,0,0,0,0
8/10/2023 22:00,0.010438,0,1,0,0,0,0
8/10/2023 23:00,0.01036,0,1,0,0,0,0
8/11/2023 0:00,0.008155,1,0,0,0,0,0
8/11/2023 1:00,0.008363,0,1,0,0,0,0
8/11/2023 2:00,0.008265,0,1,0,0,0,0
8/11/2023 3:00,0.008315,0,1,0,0,0,0
8/11/2023 4:00,0.008356,0,1,0,0,0,0
8/11/2023 5:00,0.008677,0,1,0,0,0,0
8/11/2023 6:00,0.009211,0,1,0,0,0,0
8/11/2023 7:00,0.009513,0,1,0,0,0,0
8/11/2023 8:00,0.015117,0,0,0,0,1,0
8/11/2023 9:00,0.014923,0,0,0,0,1,0
8/11/2023 10:00,0.015008,0,0,0,0,1,0
8/11/2023 11:00,0.015038,0,0,0,0,1,0
8/11/2023 12:00,0.014895,0,0,0,0,1,0
8/11/2023 13:00,0.014472,0,0,0,0,1,0
8/11/2023 14:00,0.013737,0,0,0,0,1,0
8/11/2023 15:00,0.013322,0,0,0,0,1,0
8/11/2023 16:00,0.006781,1,0,0,0,0,0
8/11/2023 17:00,0.006858,0,1,0,0,0,0
8/11/2023 18:00,0.007064,0,1,0,0,0,0
8/11/2023 19:00,0.007056,0,1,0,0,0,0
8/11/2023 20:00,0.007044,0,1,0,0,0,0
8/11/2023 21:00,0.007059,0,1,0,0,0,0
8/11/2023 22:00,0.007075,0,1,0,0,0,0
8/11/2023 23:00,0.007027,0,1,0,0,0,0
8/12/2023 0:00,0.006684,0,1,0,0,0,0
8/12/2023 1:00,0.006699,0,1,0,0,0,0
8/12/2023 2:00,0.006642,0,1,0,0,0,0
8/12/2023 3:00,0.006669,0,1,0,0,0,0
8/12/2023 4:00,0.006798,0,1,0,0,0,0
8/12/2023 5:00,0.007024,0,1,0,0,0,0
8/12/2023 6:00,0.007108,0,0,1,0,0,0
8/12/2023 7:00,0.007151,0,0,1,0,0,0
8/12/2023 8:00,0.008921,0,0,1,0,0,0
8/12/2023 9:00,0.009013,0,0,0,1,0,0
8/12/2023 10:00,0.009103,0,0,0,1,0,0
8/12/2023 11:00,0.009211,0,0,0,1,0,0
8/12/2023 12:00,0.009384,0,0,0,1,0,0
8/12/2023 13:00,0.009532,0,0,0,0,1,0
8/12/2023 14:00,0.009842,0,0,0,0,1,0
8/12/2023 15:00,0.010047,0,0,0,0,0,1
8/12/2023 16:00,0.010069,0,0,0,0,0,1
8/12/2023 17:00,0.009738,0,0,0,0,1,0
8/12/2023 18:00,0.009702,0,0,0,0,1,0
8/12/2023 19:00,0.009813,0,0,0,0,1,0
8/12/2023 20:00,0.009561,0,0,0,0,1,0
8/12/2023 21:00,0.009049,0,0,0,1,0,0
8/12/2023 22:00,0.008625,0,0,0,1,0,0
8/12/2023 23:00,0.008366,0,0,1,0,0,0
8/13/2023 0:00,0.005885,1,0,0,0,0,0
8/13/2023 1:00,0.005987,1,0,0,0,0,0
8/13/2023 2:00,0.00631,1,0,0,0,0,0
8/13/2023 3:00,0.006369,0,1,0,0,0,0
8/13/2023 4:00,0.006357,0,1,0,0,0,0
8/13/2023 5:00,0.006015,1,0,0,0,0,0
8/13/2023 6:00,0.005741,1,0,0,0,0,0
8/13/2023 7:00,0.005641,1,0,0,0,0,0
8/13/2023 8:00,0.00883,0,0,0,1,0,0
8/13/2023 9:00,0.009133,0,0,0,1,0,0
8/13/2023 10:00,0.008976,0,0,0,1,0,0
8/13/2023 11:00,0.008917,0,0,0,1,0,0
8/13/2023 12:00,0.00843,0,0,0,1,0,0
8/13/2023 13:00,0.00889,0,0,0,1,0,0
8/13/2023 14:00,0.009527,0,0,0,0,1,0
8/13/2023 15:00,0.009928,0,0,0,0,1,0
8/13/2023 16:00,0.00754,0,0,1,0,0,0
8/13/2023 17:00,0.007367,0,0,1,0,0,0
8/13/2023 18:00,0.007519,0,0,1,0,0,0
8/13/2023 19:00,0.007978,0,0,0,1,0,0
8/13/2023 20:00,0.007684,0,0,1,0,0,0
8/13/2023 21:00,0.007607,0,0,1,0,0,0
8/13/2023 22:00,0.007333,0,0,1,0,0,0
8/13/2023 23:00,0.007489,0,0,1,0,0,0
8/14/2023 0:00,0.010992,0,0,0,0,0,1
8/14/2023 1:00,0.01138,0,0,0,0,0,1
8/14/2023 2:00,0.011469,0,0,0,0,0,1
8/14/2023 3:00,0.011365,0,0,0,0,0,1
8/14/2023 4:00,0.012797,0,0,0,0,0,1
8/14/2023 5:00,0.013005,0,0,0,0,0,1
8/14/2023 6:00,0.013164,0,0,0,0,0,1
8/14/2023 7:00,0.012982,0,0,0,0,0,1
8/14/2023 8:00,0.011079,0,0,0,1,0,0
8/14/2023 9:00,0.010799,0,0,0,1,0,0
8/14/2023 10:00,0.010624,0,0,0,1,0,0
8/14/2023 11:00,0.010559,0,0,0,1,0,0
8/14/2023 12:00,0.010288,0,0,0,1,0,0
8/14/2023 13:00,0.010056,0,0,0,1,0,0
8/14/2023 14:00,0.010038,0,0,1,0,0,0
8/14/2023 15:00,0.010544,0,0,0,1,0,0
8/14/2023 16:00,0.014766,0,0,0,0,0,1
8/14/2023 17:00,0.015146,0,0,0,0,0,1
8/14/2023 18:00,0.015425,0,0,0,0,0,1
8/14/2023 19:00,0.015616,0,0,0,0,0,1
8/14/2023 20:00,0.015891,0,0,0,0,0,1
8/14/2023 21:00,0.016149,0,0,0,0,0,1
8/14/2023 22:00,0.016001,0,0,0,0,0,1
8/14/2023 23:00,0.015433,0,0,0,0,1,0
8/15/2023 0:00,0.010446,0,1,0,0,0,0
8/15/2023 1:00,0.010056,0,1,0,0,0,0
8/15/2023 2:00,0.01005,0,1,0,0,0,0
8/15/2023 3:00,0.009991,0,1,0,0,0,0
8/15/2023 4:00,0.010151,0,1,0,0,0,0
8/15/2023 5:00,0.010653,0,0,1,0,0,0
8/15/2023 6:00,0.011155,0,0,1,0,0,0
8/15/2023 7:00,0.011483,0,0,1,0,0,0
8/15/2023 8:00,0.018232,0,0,0,0,0,1
8/15/2023 9:00,0.018437,0,0,0,0,0,1
8/15/2023 10:00,0.018433,0,0,0,0,0,1
8/15/2023 11:00,0.018359,0,0,0,0,1,0
8/15/2023 12:00,0.018312,0,0,0,0,1,0
8/15/2023 13:00,0.018046,0,0,0,0,1,0
8/15/2023 14:00,0.01809,0,0,0,0,1,0
8/15/2023 15:00,0.018304,0,0,0,0,1,0
8/15/2023 16:00,0.011838,0,1,0,0,0,0
8/15/2023 17:00,0.011623,0,1,0,0,0,0
8/15/2023 18:00,0.011665,0,1,0,0,0,0
8/15/2023 19:00,0.011669,0,1,0,0,0,0
8/15/2023 20:00,0.011488,0,1,0,0,0,0
8/15/2023 21:00,0.0115,0,0,1,0,0,0
8/15/2023 22:00,0.011279,0,0,1,0,0,0
8/15/2023 23:00,0.010879,0,1,0,0,0,0
8/16/2023 0:00,0.010207,0,1,0,0,0,0
8/16/2023 1:00,0.009737,0,1,0,0,0,0
8/16/2023 2:00,0.009381,0,1,0,0,0,0
8/16/2023 3:00,0.009328,0,1,0,0,0,0
8/16/2023 4:00,0.009388,0,1,0,0,0,0
8/16/2023 5:00,0.009269,0,1,0,0,0,0
8/16/2023 6:00,0.009347,0,1,0,0,0,0
8/16/2023 7:00,0.00971,0,1,0,0,0,0
8/16/2023 8:00,0.016408,0,0,0,0,1,0
8/16/2023 9:00,0.016752,0,0,0,0,1,0
8/16/2023 10:00,0.01676,0,0,0,0,1,0
8/16/2023 11:00,0.016637,0,0,0,0,1,0
8/16/2023 12:00,0.01631,0,0,0,0,1,0
8/16/2023 13:00,0.01609,0,0,0,0,1,0
8/16/2023 14:00,0.015816,0,0,0,0,1,0
8/16/2023 15:00,0.015722,0,0,0,0,1,0
8/16/2023 16:00,0.015544,0,0,0,0,1,0
8/16/2023 17:00,0.01544,0,0,0,0,1,0
8/16/2023 18:00,0.015566,0,0,0,0,1,0
8/16/2023 19:00,0.015678,0,0,0,0,1,0
8/16/2023 20:00,0.015909,0,0,0,0,1,0
8/16/2023 21:00,0.015957,0,0,0,0,1,0
8/16/2023 22:00,0.015876,0,0,0,0,1,0
8/16/2023 23:00,0.015759,0,0,0,1,0,0
8/17/2023 0:00,0.013373,0,0,1,0,0,0
8/17/2023 1:00,0.012961,0,0,1,0,0,0
8/17/2023 2:00,0.012419,0,0,1,0,0,0
8/17/2023 3:00,0.011936,0,1,0,0,0,0
8/17/2023 4:00,0.006142,1,0,0,0,0,0
8/17/2023 5:00,0.00609,1,0,0,0,0,0
8/17/2023 6:00,0.006335,1,0,0,0,0,0
8/17/2023 7:00,0.006531,1,0,0,0,0,0
8/17/2023 8:00,0.00059,1,0,0,0,0,0
8/17/2023 9:00,0.000586,1,0,0,0,0,0
8/17/2023 10:00,0.000601,1,0,0,0,0,0
8/17/2023 11:00,0.000636,1,0,0,0,0,0
8/17/2023 12:00,0.001765,0,1,0,0,0,0
8/17/2023 13:00,0.0018,0,1,0,0,0,0
8/17/2023 14:00,0.001778,0,1,0,0,0,0
8/17/2023 15:00,0.001866,0,1,0,0,0,0
8/17/2023 16:00,0.003663,0,1,0,0,0,0
8/17/2023 17:00,0.003674,0,0,1,0,0,0
8/17/2023 18:00,0.003704,0,0,1,0,0,0
8/17/2023 19:00,0.003786,0,0,1,0,0,0
8/17/2023 20:00,0.002464,0,0,1,0,0,0
8/17/2023 21:00,-0.002587,1,0,0,0,0,0
8/17/2023 22:00,-0.0299,1,0,0,0,0,0
8/17/2023 23:00,-0.02754,1,0,0,0,0,0
8/18/2023 0:00,-0.015688,1,0,0,0,0,0
8/18/2023 1:00,-0.016679,0,1,0,0,0,0
8/18/2023 2:00,-0.01604,0,1,0,0,0,0
8/18/2023 3:00,-0.016678,0,1,0,0,0,0
8/18/2023 4:00,-0.032692,1,0,0,0,0,0
8/18/2023 5:00,-0.032726,1,0,0,0,0,0
8/18/2023 6:00,-0.028261,0,1,0,0,0,0
8/18/2023 7:00,-0.028534,0,1,0,0,0,0
8/18/2023 8:00,-0.015813,0,0,1,0,0,0
8/18/2023 9:00,-0.011435,0,0,1,0,0,0
8/18/2023 10:00,-0.011014,0,0,1,0,0,0
8/18/2023 11:00,-0.010738,0,0,0,1,0,0
8/18/2023 12:00,0.005086,0,0,0,0,1,0
8/18/2023 13:00,0.005407,0,0,0,0,1,0
8/18/2023 14:00,0.005731,0,0,0,0,1,0
8/18/2023 15:00,0.005645,0,0,0,0,1,0
8/18/2023 16:00,-0.002394,0,0,0,1,0,0
8/18/2023 17:00,-0.002448,0,0,0,1,0,0
8/18/2023 18:00,-0.002524,0,0,0,1,0,0
8/18/2023 19:00,-0.002736,0,0,0,1,0,0
8/18/2023 20:00,0.001536,0,0,0,0,1,0
8/18/2023 21:00,0.001275,0,0,0,0,1,0
8/18/2023 22:00,0.000958,0,0,0,0,1,0
8/18/2023 23:00,0.000843,0,0,0,0,1,0
8/19/2023 0:00,0.006294,0,0,0,0,1,0
8/19/2023 1:00,0.006609,0,0,0,0,1,0
8/19/2023 2:00,0.006352,0,0,0,0,1,0
8/19/2023 3:00,0.006274,0,0,0,0,1,0
8/19/2023 4:00,0.004232,0,0,0,1,0,0
8/19/2023 5:00,0.003923,0,0,0,1,0,0
8/19/2023 6:00,0.003914,0,0,0,1,0,0
8/19/2023 7:00,0.00401,0,0,0,1,0,0
8/19/2023 8:00,-0.000546,0,0,1,0,0,0
8/19/2023 9:00,-0.000586,0,0,1,0,0,0
8/19/2023 10:00,-0.000792,0,0,1,0,0,0
8/19/2023 11:00,-0.00104,0,1,0,0,0,0
8/19/2023 12:00,-0.002088,0,1,0,0,0,0
8/19/2023 13:00,-0.002084,0,1,0,0,0,0
8/19/2023 14:00,-0.002253,0,1,0,0,0,0
8/19/2023 15:00,-0.002453,0,1,0,0,0,0
8/19/2023 16:00,-0.000048,0,0,1,0,0,0
8/19/2023 17:00,0.000204,0,0,1,0,0,0
8/19/2023 18:00,-0.000848,0,0,1,0,0,0
8/19/2023 19:00,-0.001054,0,1,0,0,0,0
8/19/2023 20:00,-0.001914,0,1,0,0,0,0
8/19/2023 21:00,-0.001557,0,1,0,0,0,0
8/19/2023 22:00,-0.001043,0,0,1,0,0,0
8/19/2023 23:00,-0.000569,0,0,1,0,0,0
8/20/2023 0:00,-0.000395,0,0,1,0,0,0
8/20/2023 1:00,-0.0022,0,1,0,0,0,0
8/20/2023 2:00,-0.002148,0,1,0,0,0,0
8/20/2023 3:00,-0.002096,0,1,0,0,0,0
8/20/2023 4:00,-0.001712,0,0,1,0,0,0
8/20/2023 5:00,-0.002,0,0,1,0,0,0
8/20/2023 6:00,-0.00203,0,0,1,0,0,0
8/20/2023 7:00,-0.001976,0,1,0,0,0,0
8/20/2023 8:00,-0.006131,1,0,0,0,0,0
8/20/2023 9:00,-0.005928,1,0,0,0,0,0
8/20/2023 10:00,-0.005956,1,0,0,0,0,0
8/20/2023 11:00,-0.005903,1,0,0,0,0,0
8/20/2023 12:00,-0.008347,1,0,0,0,0,0
8/20/2023 13:00,-0.00794,1,0,0,0,0,0
8/20/2023 14:00,-0.007431,1,0,0,0,0,0
8/20/2023 15:00,-0.007192,0,1,0,0,0,0
8/20/2023 16:00,-0.005413,0,1,0,0,0,0
8/20/2023 17:00,-0.006273,0,1,0,0,0,0
8/20/2023 18:00,-0.006489,0,1,0,0,0,0
8/20/2023 19:00,-0.007141,0,1,0,0,0,0
8/20/2023 20:00,-0.006027,0,0,1,0,0,0
8/20/2023 21:00,-0.005381,0,0,1,0,0,0
8/20/2023 22:00,-0.004835,0,0,1,0,0,0
8/20/2023 23:00,-0.00432,0,0,0,1,0,0
8/21/2023 0:00,-0.001251,0,0,0,0,0,1
8/21/2023 1:00,-0.001748,0,0,0,0,1,0
8/21/2023 2:00,-0.001397,0,0,0,0,1,0
8/21/2023 3:00,-0.001319,0,0,0,0,1,0
8/21/2023 4:00,0.001015,0,0,0,0,0,1
8/21/2023 5:00,0.001073,0,0,0,0,0,1
8/21/2023 6:00,0.00139,0,0,0,0,0,1
8/21/2023 7:00,0.001597,0,0,0,0,0,1
8/21/2023 8:00,0.002259,0,0,0,0,0,1
8/21/2023 9:00,0.002531,0,0,0,0,0,1
8/21/2023 10:00,0.002096,0,0,0,0,1,0
8/21/2023 11:00,0.001721,0,0,0,0,1,0
8/21/2023 12:00,0.001614,0,0,0,0,1,0
8/21/2023 13:00,0.001229,0,0,0,0,1,0
8/21/2023 14:00,0.001158,0,0,0,0,1,0
8/21/2023 15:00,0.000826,0,0,0,1,0,0
8/21/2023 16:00,0.002225,0,0,0,0,1,0
8/21/2023 17:00,0.003037,0,0,0,0,1,0
8/21/2023 18:00,0.003528,0,0,0,0,1,0
8/21/2023 19:00,0.003424,0,0,0,0,1,0
8/21/2023 20:00,0.002761,0,0,0,0,1,0
8/21/2023 21:00,0.002441,0,0,0,1,0,0
8/21/2023 22:00,0.002578,0,0,0,0,1,0
8/21/2023 23:00,0.002559,0,0,0,0,1,0
8/22/2023 0:00,-0.001016,1,0,0,0,0,0
8/22/2023 1:00,-0.001405,1,0,0,0,0,0
8/22/2023 2:00,-0.000643,1,0,0,0,0,0
8/22/2023 3:00,0.000088,0,1,0,0,0,0
8/22/2023 4:00,0.002524,0,0,0,1,0,0
8/22/2023 5:00,0.002901,0,0,0,0,1,0
8/22/2023 6:00,0.002775,0,0,0,0,1,0
8/22/2023 7:00,0.00291,0,0,0,0,1,0
8/22/2023 8:00,0.004251,0,0,0,0,0,1
8/22/2023 9:00,0.003172,0,0,0,0,1,0
8/22/2023 10:00,0.004194,0,0,0,0,1,0
8/22/2023 11:00,0.005113,0,0,0,0,0,1
8/22/2023 12:00,0.004354,0,0,0,0,1,0
8/22/2023 13:00,0.0043,0,0,0,0,1,0
8/22/2023 14:00,0.004287,0,0,0,0,1,0
8/22/2023 15:00,0.004486,0,0,0,0,1,0
8/22/2023 16:00,0.00372,0,0,0,1,0,0
8/22/2023 17:00,0.003916,0,0,0,1,0,0
8/22/2023 18:00,0.004091,0,0,0,0,1,0
8/22/2023 19:00,0.004301,0,0,0,0,1,0
8/22/2023 20:00,0.004791,0,0,0,0,1,0
8/22/2023 21:00,0.00435,0,0,0,0,1,0
8/22/2023 22:00,0.003751,0,0,0,1,0,0
8/22/2023 23:00,0.003771,0,0,0,1,0,0
8/23/2023 0:00,0.003408,0,0,0,1,0,0
8/23/2023 1:00,0.002455,0,1,0,0,0,0
8/23/2023 2:00,0.001173,1,0,0,0,0,0
8/23/2023 3:00,-0.000191,1,0,0,0,0,0
8/23/2023 4:00,0.000886,1,0,0,0,0,0
8/23/2023 5:00,0.001366,0,1,0,0,0,0
8/23/2023 6:00,0.001944,0,1,0,0,0,0
8/23/2023 7:00,0.002292,0,1,0,0,0,0
8/23/2023 8:00,0.005405,0,0,0,0,1,0
8/23/2023 9:00,0.00574,0,0,0,0,1,0
8/23/2023 10:00,0.006142,0,0,0,0,0,1
8/23/2023 11:00,0.005904,0,0,0,0,1,0
8/23/2023 12:00,0.005063,0,0,0,0,1,0
8/23/2023 13:00,0.004959,0,0,0,0,1,0
8/23/2023 14:00,0.005119,0,0,0,0,1,0
8/23/2023 15:00,0.005345,0,0,0,0,1,0
8/23/2023 16:00,0.005868,0,0,0,0,1,0
8/23/2023 17:00,0.005668,0,0,0,0,1,0
8/23/2023 18:00,0.005693,0,0,0,0,1,0
8/23/2023 19:00,0.004532,0,0,0,1,0,0
8/23/2023 20:00,0.004294,0,0,0,1,0,0
8/23/2023 21:00,0.003867,0,0,1,0,0,0
8/23/2023 22:00,0.003696,0,0,1,0,0,0
8/23/2023 23:00,0.004039,0,0,0,1,0,0
8/24/2023 0:00,0.00607,0,0,0,0,1,0
8/24/2023 1:00,0.005743,0,0,0,0,1,0
8/24/2023 2:00,0.005345,0,0,0,1,0,0
8/24/2023 3:00,0.005262,0,0,0,1,0,0
8/24/2023 4:00,0.004508,0,0,1,0,0,0
8/24/2023 5:00,0.004669,0,0,1,0,0,0
8/24/2023 6:00,0.004557,0,0,1,0,0,0
8/24/2023 7:00,0.004298,0,1,0,0,0,0
8/24/2023 8:00,-0.00235,1,0,0,0,0,0
8/24/2023 9:00,0.001111,1,0,0,0,0,0
8/24/2023 10:00,0.002772,0,1,0,0,0,0
8/24/2023 11:00,0.003,0,1,0,0,0,0
8/24/2023 12:00,0.000785,1,0,0,0,0,0
8/24/2023 13:00,0.001052,0,1,0,0,0,0
8/24/2023 14:00,0.001238,0,1,0,0,0,0
8/24/2023 15:00,0.001264,0,1,0,0,0,0
8/24/2023 16:00,0.00625,0,0,0,0,1,0
8/24/2023 17:00,0.006252,0,0,0,0,1,0
8/24/2023 18:00,0.006116,0,0,0,0,1,0
8/24/2023 19:00,0.00596,0,0,0,0,1,0
8/24/2023 20:00,0.008475,0,0,0,0,0,1
8/24/2023 21:00,0.008201,0,0,0,0,0,1
8/24/2023 22:00,0.007883,0,0,0,0,1,0
8/24/2023 23:00,0.007561,0,0,0,0,1,0
8/25/2023 0:00,0.001688,0,1,0,0,0,0
8/25/2023 1:00,0.001682,0,1,0,0,0,0
8/25/2023 2:00,0.00189,0,1,0,0,0,0
8/25/2023 3:00,0.001893,0,0,1,0,0,0
8/25/2023 4:00,-0.000029,0,1,0,0,0,0
8/25/2023 5:00,0.000274,0,1,0,0,0,0
8/25/2023 6:00,0.000309,0,1,0,0,0,0
8/25/2023 7:00,0.000209,0,1,0,0,0,0
8/25/2023 8:00,0.003609,0,0,0,1,0,0
8/25/2023 9:00,0.003904,0,0,0,1,0,0
8/25/2023 10:00,0.004134,0,0,0,1,0,0
8/25/2023 11:00,0.004307,0,0,0,1,0,0
8/25/2023 12:00,0.006052,0,0,0,0,1,0
8/25/2023 13:00,0.006072,0,0,0,0,1,0
8/25/2023 14:00,0.006492,0,0,0,0,1,0
8/25/2023 15:00,0.006839,0,0,0,0,1,0
8/25/2023 16:00,0.007052,0,0,0,0,1,0
8/25/2023 17:00,0.006888,0,0,0,0,1,0
8/25/2023 18:00,0.006809,0,0,0,0,1,0
8/25/2023 19:00,0.006828,0,0,0,0,1,0
8/25/2023 20:00,0.006873,0,0,0,0,1,0
8/25/2023 21:00,0.006535,0,0,0,0,1,0
8/25/2023 22:00,0.005787,0,0,0,1,0,0
8/25/2023 23:00,0.004783,0,0,0,1,0,0
8/26/2023 0:00,0.003365,0,0,1,0,0,0
8/26/2023 1:00,0.003779,0,0,1,0,0,0
8/26/2023 2:00,0.00396,0,0,1,0,0,0
8/26/2023 3:00,0.004486,0,0,1,0,0,0
8/26/2023 4:00,0.003513,0,0,1,0,0,0
8/26/2023 5:00,0.003664,0,0,1,0,0,0
8/26/2023 6:00,0.004023,0,0,1,0,0,0
8/26/2023 7:00,0.004184,0,1,0,0,0,0
8/26/2023 8:00,0.003512,0,1,0,0,0,0
8/26/2023 9:00,0.001555,1,0,0,0,0,0
8/26/2023 10:00,0.00132,1,0,0,0,0,0
8/26/2023 11:00,0.001515,1,0,0,0,0,0
8/26/2023 12:00,0.003991,0,0,1,0,0,0
8/26/2023 13:00,0.004804,0,0,0,1,0,0
8/26/2023 14:00,0.00533,0,0,0,1,0,0
8/26/2023 15:00,0.005519,0,0,0,1,0,0
8/26/2023 16:00,0.007156,0,0,0,0,1,0
8/26/2023 17:00,0.007163,0,0,0,0,1,0
8/26/2023 18:00,0.007166,0,0,0,0,1,0
8/26/2023 19:00,0.007225,0,0,0,0,1,0
8/26/2023 20:00,0.007246,0,0,0,0,1,0
8/26/2023 21:00,0.007202,0,0,0,0,1,0
8/26/2023 22:00,0.00726,0,0,0,0,1,0
8/26/2023 23:00,0.007261,0,0,0,0,1,0
8/27/2023 0:00,0.005389,0,0,0,1,0,0
8/27/2023 1:00,0.004938,0,0,1,0,0,0
8/27/2023 2:00,0.005064,0,0,0,1,0,0
8/27/2023 3:00,0.005172,0,0,0,1,0,0
8/27/2023 4:00,0.00537,0,0,0,1,0,0
8/27/2023 5:00,0.005362,0,0,0,1,0,0
8/27/2023 6:00,0.005576,0,0,0,1,0,0
8/27/2023 7:00,0.005897,0,0,0,1,0,0
8/27/2023 8:00,0.004206,0,0,1,0,0,0
8/27/2023 9:00,0.005923,0,0,0,1,0,0
8/27/2023 10:00,0.005955,0,0,0,1,0,0
8/27/2023 11:00,0.005746,0,0,1,0,0,0
8/27/2023 12:00,0.005765,0,0,1,0,0,0
8/27/2023 13:00,0.005955,0,0,1,0,0,0
8/27/2023 14:00,0.006,0,0,1,0,0,0
8/27/2023 15:00,0.005888,0,0,1,0,0,0
8/27/2023 16:00,0.005798,0,0,1,0,0,0
8/27/2023 17:00,0.004102,1,0,0,0,0,0
8/27/2023 18:00,0.003437,1,0,0,0,0,0
8/27/2023 19:00,0.003739,1,0,0,0,0,0
8/27/2023 20:00,0.000833,1,0,0,0,0,0
8/27/2023 21:00,0.000735,1,0,0,0,0,0
8/27/2023 22:00,0.000395,1,0,0,0,0,0
8/27/2023 23:00,-0.000243,1,0,0,0,0,0
8/28/2023 0:00,-0.002613,1,0,0,0,0,0
8/28/2023 1:00,-0.002884,1,0,0,0,0,0
8/28/2023 2:00,-0.001586,1,0,0,0,0,0
8/28/2023 3:00,-0.000788,0,1,0,0,0,0
8/28/2023 4:00,0.000148,0,1,0,0,0,0
8/28/2023 5:00,-0.000085,0,1,0,0,0,0
8/28/2023 6:00,-0.000553,0,1,0,0,0,0
8/28/2023 7:00,-0.000853,0,1,0,0,0,0
8/28/2023 8:00,0.002355,0,0,0,1,0,0
8/28/2023 9:00,0.002171,0,0,0,1,0,0
8/28/2023 10:00,0.002309,0,0,0,1,0,0
8/28/2023 11:00,0.002314,0,0,0,1,0,0
8/28/2023 12:00,0.000851,0,0,1,0,0,0
8/28/2023 13:00,0.000614,0,0,1,0,0,0
8/28/2023 14:00,0.000362,0,0,1,0,0,0
8/28/2023 15:00,0.000395,0,0,1,0,0,0
8/28/2023 16:00,-0.002145,0,1,0,0,0,0
8/28/2023 17:00,-0.001941,0,1,0,0,0,0
8/28/2023 18:00,-0.001508,0,1,0,0,0,0
8/28/2023 19:00,-0.001661,0,1,0,0,0,0
8/28/2023 20:00,0.00132,0,0,0,0,1,0
8/28/2023 21:00,0.001328,0,0,0,0,1,0
8/28/2023 22:00,0.001423,0,0,0,0,1,0
8/28/2023 23:00,0.001705,0,0,0,0,1,0
8/29/2023 0:00,0.003687,0,0,0,0,0,1
8/29/2023 1:00,0.003615,0,0,0,0,0,1
8/29/2023 2:00,0.00318,0,0,0,0,1,0
8/29/2023 3:00,0.003244,0,0,0,0,1,0
8/29/2023 4:00,0.001507,0,0,0,1,0,0
8/29/2023 5:00,0.001384,0,0,0,1,0,0
8/29/2023 6:00,0.001658,0,0,0,1,0,0
8/29/2023 7:00,0.001633,0,0,0,1,0,0
8/29/2023 8:00,0.001473,0,0,0,1,0,0
8/29/2023 9:00,0.001885,0,0,0,1,0,0
8/29/2023 10:00,0.002368,0,0,0,0,1,0
8/29/2023 11:00,0.003284,0,0,0,0,1,0
8/29/2023 12:00,0.004398,0,0,0,0,0,1
8/29/2023 13:00,0.004645,0,0,0,0,0,1
8/29/2023 14:00,0.003174,0,0,0,0,1,0
8/29/2023 15:00,0.000102,0,1,0,0,0,0
8/29/2023 16:00,-0.002407,1,0,0,0,0,0
8/29/2023 17:00,-0.005089,1,0,0,0,0,0
8/29/2023 18:00,-0.003958,1,0,0,0,0,0
8/29/2023 19:00,-0.003152,1,0,0,0,0,0
8/29/2023 20:00,-0.002317,0,1,0,0,0,0
8/29/2023 21:00,-0.001849,0,1,0,0,0,0
8/29/2023 22:00,-0.001346,0,1,0,0,0,0
8/29/2023 23:00,-0.000114,0,0,1,0,0,0
8/30/2023 0:00,0.002762,0,0,0,1,0,0
8/30/2023 1:00,0.003305,0,0,0,0,1,0
8/30/2023 2:00,0.004526,0,0,0,0,1,0
8/30/2023 3:00,0.003767,0,0,0,0,1,0
8/30/2023 4:00,0.004533,0,0,0,0,1,0
8/30/2023 5:00,0.004977,0,0,0,0,1,0
8/30/2023 6:00,0.005273,0,0,0,0,1,0
8/30/2023 7:00,0.005904,0,0,0,0,1,0
8/30/2023 8:00,0.007785,0,0,0,0,0,1
8/30/2023 9:00,0.007779,0,0,0,0,0,1
8/30/2023 10:00,0.007769,0,0,0,0,1,0
8/30/2023 11:00,0.007833,0,0,0,0,1,0
8/30/2023 12:00,0.007792,0,0,0,0,1,0
8/30/2023 13:00,0.007695,0,0,0,0,1,0
8/30/2023 14:00,0.007448,0,0,0,0,1,0
8/30/2023 15:00,0.007387,0,0,0,0,1,0
8/30/2023 16:00,0.005163,0,0,0,1,0,0
8/30/2023 17:00,0.005284,0,0,0,1,0,0
8/30/2023 18:00,0.004731,0,0,0,1,0,0
8/30/2023 19:00,0.004704,0,0,0,1,0,0
8/30/2023 20:00,0.001484,0,1,0,0,0,0
8/30/2023 21:00,0.001673,0,1,0,0,0,0
8/30/2023 22:00,0.001558,0,1,0,0,0,0
8/30/2023 23:00,0.001343,1,0,0,0,0,0
8/31/2023 0:00,-0.000301,1,0,0,0,0,0
8/31/2023 1:00,0.002048,0,1,0,0,0,0
8/31/2023 2:00,0.002547,0,1,0,0,0,0
8/31/2023 3:00,0.002725,0,1,0,0,0,0
8/31/2023 4:00,0.005174,0,0,0,1,0,0
8/31/2023 5:00,0.005381,0,0,0,1,0,0
8/31/2023 6:00,0.005502,0,0,0,1,0,0
8/31/2023 7:00,0.005509,0,0,0,1,0,0
8/31/2023 8:00,0.007451,0,0,0,0,1,0
8/31/2023 9:00,0.007752,0,0,0,0,1,0
8/31/2023 10:00,0.007855,0,0,0,0,1,0
8/31/2023 11:00,0.007996,0,0,0,0,1,0
8/31/2023 12:00,0.007829,0,0,0,0,1,0
8/31/2023 13:00,0.007765,0,0,0,0,1,0
8/31/2023 14:00,0.00773,0,0,0,0,1,0
8/31/2023 15:00,0.00769,0,0,0,0,1,0
8/31/2023 16:00,0.002138,0,1,0,0,0,0
8/31/2023 17:00,0.00259,0,1,0,0,0,0
8/31/2023 18:00,0.003378,0,0,1,0,0,0
8/31/2023 19:00,0.003544,0,0,1,0,0,0
8/31/2023 20:00,-0.000916,1,0,0,0,0,0
8/31/2023 21:00,-0.002154,1,0,0,0,0,0
8/31/2023 22:00,-0.002498,1,0,0,0,0,0
8/31/2023 23:00,-0.003109,1,0,0,0,0,0
9/1/2023 0:00,-0.012534,1,0,0,0,0,0
9/1/2023 1:00,-0.012749,1,0,0,0,0,0
9/1/2023 2:00,-0.011282,1,0,0,0,0,0
9/1/2023 3:00,-0.010254,1,0,0,0,0,0
9/1/2023 4:00,-0.011156,1,0,0,0,0,0
9/1/2023 5:00,-0.010053,0,1,0,0,0,0
9/1/2023 6:00,-0.008953,0,1,0,0,0,0
9/1/2023 7:00,-0.008338,0,1,0,0,0,0
9/1/2023 8:00,-0.000006,0,0,0,1,0,0
9/1/2023 9:00,-0.000082,0,0,0,1,0,0
9/1/2023 10:00,-0.0006,0,0,0,1,0,0
9/1/2023 11:00,-0.001633,0,0,0,1,0,0
9/1/2023 12:00,0.00185,0,0,0,1,0,0
9/1/2023 13:00,0.001097,0,0,0,1,0,0
9/1/2023 14:00,0.000935,0,0,0,1,0,0
9/1/2023 15:00,0.001092,0,0,0,0,1,0
9/1/2023 16:00,0.002701,0,0,0,0,1,0
9/1/2023 17:00,0.003438,0,0,0,0,1,0
9/1/2023 18:00,0.003469,0,0,0,0,1,0
9/1/2023 19:00,0.003521,0,0,0,0,1,0
9/1/2023 20:00,0.00557,0,0,0,0,1,0
9/1/2023 21:00,0.005559,0,0,0,0,1,0
9/1/2023 22:00,0.005417,0,0,0,0,1,0
9/1/2023 23:00,0.005169,0,0,0,0,1,0
9/2/2023 0:00,0.009103,0,0,0,0,0,1
9/2/2023 1:00,0.007775,0,0,0,0,1,0
9/2/2023 2:00,0.007749,0,0,0,0,1,0
9/2/2023 3:00,0.008637,0,0,0,0,1,0
9/2/2023 4:00,0.009631,0,0,0,0,1,0
9/2/2023 5:00,0.00986,0,0,0,0,1,0
9/2/2023 6:00,0.009334,0,0,0,0,1,0
9/2/2023 7:00,0.008797,0,0,0,0,1,0
9/2/2023 8:00,-0.00208,1,0,0,0,0,0
9/2/2023 9:00,-0.002688,1,0,0,0,0,0
9/2/2023 10:00,-0.003136,1,0,0,0,0,0
9/2/2023 11:00,-0.003868,1,0,0,0,0,0
9/2/2023 12:00,-0.006049,1,0,0,0,0,0
9/2/2023 13:00,-0.006081,1,0,0,0,0,0
9/2/2023 14:00,-0.00577,1,0,0,0,0,0
9/2/2023 15:00,-0.005447,0,1,0,0,0,0
9/2/2023 16:00,-0.00307,0,1,0,0,0,0
9/2/2023 17:00,-0.003179,0,1,0,0,0,0
9/2/2023 18:00,-0.002868,0,1,0,0,0,0
9/2/2023 19:00,-0.001196,0,0,1,0,0,0
9/2/2023 20:00,0.000566,0,0,1,0,0,0
9/2/2023 21:00,0.000912,0,0,1,0,0,0
9/2/2023 22:00,0.000907,0,0,1,0,0,0
9/2/2023 23:00,0.000607,0,0,1,0,0,0
9/3/2023 0:00,0.002939,0,0,0,1,0,0
9/3/2023 1:00,0.002947,0,0,0,1,0,0
9/3/2023 2:00,0.002761,0,0,0,1,0,0
9/3/2023 3:00,0.002247,0,0,0,1,0,0
9/3/2023 4:00,0.002274,0,0,0,1,0,0
9/3/2023 5:00,0.002433,0,0,0,1,0,0
9/3/2023 6:00,0.002657,0,0,0,0,1,0
9/3/2023 7:00,0.00276,0,0,0,0,1,0
9/3/2023 8:00,-0.000048,0,0,0,1,0,0
9/3/2023 9:00,0.000197,0,0,0,1,0,0
9/3/2023 10:00,0.000715,0,0,0,1,0,0
9/3/2023 11:00,0.000989,0,0,0,1,0,0
9/3/2023 12:00,-0.000426,0,0,1,0,0,0
9/3/2023 13:00,0.000021,0,0,1,0,0,0
9/3/2023 14:00,0.000456,0,0,0,1,0,0
9/3/2023 15:00,0.000918,0,0,0,1,0,0
9/3/2023 16:00,0.003019,0,0,0,0,1,0
9/3/2023 17:00,0.002887,0,0,0,0,1,0
9/3/2023 18:00,0.002864,0,0,0,0,1,0
9/3/2023 19:00,0.003023,0,0,0,0,1,0
9/3/2023 20:00,0.005727,0,0,0,0,0,1
9/3/2023 21:00,0.005743,0,0,0,0,0,1
9/3/2023 22:00,0.005406,0,0,0,0,0,1
9/3/2023 23:00,0.004681,0,0,0,0,1,0
9/4/2023 0:00,0.003311,0,0,0,1,0,0
9/4/2023 1:00,0.004561,0,0,0,0,1,0
9/4/2023 2:00,0.00483,0,0,0,0,1,0
9/4/2023 3:00,0.005602,0,0,0,0,1,0
9/4/2023 4:00,0.005456,0,0,0,0,1,0
9/4/2023 5:00,0.005066,0,0,0,0,1,0
9/4/2023 6:00,0.004825,0,0,0,0,1,0
9/4/2023 7:00,0.004771,0,0,0,0,1,0
9/4/2023 8:00,0.004938,0,0,0,0,1,0
9/4/2023 9:00,0.005026,0,0,0,0,1,0
9/4/2023 10:00,0.005081,0,0,0,0,1,0
9/4/2023 11:00,0.004912,0,0,0,1,0,0
9/4/2023 12:00,0.004721,0,0,0,1,0,0
9/4/2023 13:00,0.004971,0,0,0,1,0,0
9/4/2023 14:00,0.005208,0,0,0,1,0,0
9/4/2023 15:00,0.005369,0,0,0,0,1,0
9/4/2023 16:00,0.004917,0,0,0,1,0,0
9/4/2023 17:00,0.004999,0,0,0,1,0,0
9/4/2023 18:00,0.005025,0,0,0,1,0,0
9/4/2023 19:00,0.004938,0,0,1,0,0,0
9/4/2023 20:00,0.004761,0,0,1,0,0,0
9/4/2023 21:00,0.004637,0,0,1,0,0,0
9/4/2023 22:00,0.004477,0,1,0,0,0,0
9/4/2023 23:00,0.004234,0,1,0,0,0,0
9/5/2023 0:00,0.002846,1,0,0,0,0,0
9/5/2023 1:00,0.003167,1,0,0,0,0,0
9/5/2023 2:00,0.003517,1,0,0,0,0,0
9/5/2023 3:00,0.003517,1,0,0,0,0,0
9/5/2023 4:00,0.002126,1,0,0,0,0,0
9/5/2023 5:00,0.00182,1,0,0,0,0,0
9/5/2023 6:00,0.001734,1,0,0,0,0,0
9/5/2023 7:00,0.001948,1,0,0,0,0,0
9/5/2023 8:00,-0.002161,1,0,0,0,0,0
9/5/2023 9:00,-0.001865,1,0,0,0,0,0
9/5/2023 10:00,-0.001119,1,0,0,0,0,0
9/5/2023 11:00,-0.001098,1,0,0,0,0,0
9/5/2023 12:00,-0.000873,0,1,0,0,0,0
9/5/2023 13:00,-0.0008,0,1,0,0,0,0
9/5/2023 14:00,-0.000578,0,1,0,0,0,0
9/5/2023 15:00,-0.000532,0,1,0,0,0,0
9/5/2023 16:00,0.005651,0,0,0,0,1,0
9/5/2023 17:00,0.006575,0,0,0,0,0,1
9/5/2023 18:00,0.006657,0,0,0,0,0,1
9/5/2023 19:00,0.006765,0,0,0,0,0,1
9/5/2023 20:00,0.007157,0,0,0,0,0,1
9/5/2023 21:00,0.007021,0,0,0,0,1,0
9/5/2023 22:00,0.006948,0,0,0,0,1,0
9/5/2023 23:00,0.006765,0,0,0,0,1,0
9/6/2023 0:00,0.000989,0,0,1,0,0,0
9/6/2023 1:00,0.001377,0,0,1,0,0,0
9/6/2023 2:00,0.001694,0,0,1,0,0,0
9/6/2023 3:00,0.00246,0,0,0,1,0,0
9/6/2023 4:00,0.002338,0,0,1,0,0,0
9/6/2023 5:00,0.002186,0,0,1,0,0,0
9/6/2023 6:00,0.002413,0,0,1,0,0,0
9/6/2023 7:00,0.002827,0,0,0,1,0,0
9/6/2023 8:00,0.003856,0,0,0,1,0,0
9/6/2023 9:00,0.004092,0,0,0,1,0,0
9/6/2023 10:00,0.004197,0,0,0,1,0,0
9/6/2023 11:00,0.00416,0,0,0,1,0,0
9/6/2023 12:00,0.004234,0,0,0,1,0,0
9/6/2023 13:00,0.004343,0,0,0,1,0,0
9/6/2023 14:00,0.004503,0,0,0,1,0,0
9/6/2023 15:00,0.004664,0,0,0,1,0,0
9/6/2023 16:00,0.001949,0,1,0,0,0,0
9/6/2023 17:00,0.00198,0,1,0,0,0,0
9/6/2023 18:00,0.002866,0,0,1,0,0,0
9/6/2023 19:00,0.00397,0,0,0,1,0,0
9/6/2023 20:00,0.004557,0,0,0,1,0,0
9/6/2023 21:00,0.004919,0,0,0,0,1,0
9/6/2023 22:00,0.004903,0,0,0,0,1,0
9/6/2023 23:00,0.004743,0,0,0,0,1,0
9/7/2023 0:00,0.005707,0,0,0,0,0,1
9/7/2023 1:00,0.005973,0,0,0,0,0,1
9/7/2023 2:00,0.005902,0,0,0,0,0,1
9/7/2023 3:00,0.005767,0,0,0,0,1,0
9/7/2023 4:00,0.005748,0,0,0,0,1,0
9/7/2023 5:00,0.005723,0,0,0,0,1,0
9/7/2023 6:00,0.005827,0,0,0,0,1,0
9/7/2023 7:00,0.006004,0,0,0,0,1,0
9/7/2023 8:00,0.001739,1,0,0,0,0,0
9/7/2023 9:00,0.001733,1,0,0,0,0,0
9/7/2023 10:00,0.001642,1,0,0,0,0,0
9/7/2023 11:00,0.001748,1,0,0,0,0,0
9/7/2023 12:00,0.00178,0,1,0,0,0,0
9/7/2023 13:00,0.001821,0,1,0,0,0,0
9/7/2023 14:00,0.001851,0,1,0,0,0,0
9/7/2023 15:00,0.002082,0,1,0,0,0,0
9/7/2023 16:00,0.008541,0,0,0,0,0,1
9/7/2023 17:00,0.007806,0,0,0,0,0,1
9/7/2023 18:00,0.006669,0,0,0,0,1,0
9/7/2023 19:00,0.006224,0,0,0,0,1,0
9/7/2023 20:00,0.00584,0,0,0,1,0,0
9/7/2023 21:00,0.005692,0,0,0,1,0,0
9/7/2023 22:00,0.00562,0,0,0,1,0,0
9/7/2023 23:00,0.005363,0,0,0,1,0,0
9/8/2023 0:00,-0.007601,1,0,0,0,0,0
9/8/2023 1:00,-0.006403,1,0,0,0,0,0
9/8/2023 2:00,-0.003702,1,0,0,0,0,0
9/8/2023 3:00,-0.002123,0,1,0,0,0,0
9/8/2023 4:00,-0.001068,0,1,0,0,0,0
9/8/2023 5:00,0.00059,0,0,1,0,0,0
9/8/2023 6:00,0.002116,0,0,1,0,0,0
9/8/2023 7:00,0.003318,0,0,0,1,0,0
9/8/2023 8:00,0.003469,0,0,0,1,0,0
9/8/2023 9:00,0.003789,0,0,0,1,0,0
9/8/2023 10:00,0.003751,0,0,0,1,0,0
9/8/2023 11:00,0.00284,0,0,0,1,0,0
9/8/2023 12:00,0.002165,0,0,1,0,0,0
9/8/2023 13:00,0.00204,0,0,1,0,0,0
9/8/2023 14:00,0.002081,0,0,1,0,0,0
9/8/2023 15:00,0.001958,0,0,1,0,0,0
9/8/2023 16:00,0.004001,0,0,0,1,0,0
9/8/2023 17:00,0.003596,0,0,0,1,0,0
9/8/2023 18:00,0.003322,0,0,0,1,0,0
9/8/2023 19:00,0.00316,0,0,0,1,0,0
9/8/2023 20:00,0.002258,0,0,0,1,0,0
9/8/2023 21:00,0.00175,0,0,0,1,0,0
9/8/2023 22:00,0.001271,0,0,1,0,0,0
9/8/2023 23:00,0.00101,0,0,1,0,0,0
9/9/2023 0:00,0.00126,0,0,1,0,0,0
9/9/2023 1:00,0.002285,0,0,0,1,0,0
9/9/2023 2:00,0.002568,0,0,0,1,0,0
9/9/2023 3:00,0.002769,0,0,0,1,0,0
9/9/2023 4:00,0.003252,0,0,0,0,1,0
9/9/2023 5:00,0.003446,0,0,0,0,1,0
9/9/2023 6:00,0.003685,0,0,0,0,1,0
9/9/2023 7:00,0.003965,0,0,0,0,1,0
9/9/2023 8:00,0.002376,0,0,1,0,0,0
9/9/2023 9:00,0.002073,0,0,1,0,0,0
9/9/2023 10:00,0.002042,0,0,1,0,0,0
9/9/2023 11:00,0.00205,0,0,1,0,0,0
9/9/2023 12:00,0.002241,0,0,1,0,0,0
9/9/2023 13:00,0.002024,0,0,1,0,0,0
9/9/2023 14:00,0.001957,0,0,1,0,0,0
9/9/2023 15:00,0.001845,0,1,0,0,0,0
9/9/2023 16:00,0.001445,0,1,0,0,0,0
9/9/2023 17:00,0.002652,0,0,0,1,0,0
9/9/2023 18:00,0.002658,0,0,0,1,0,0
9/9/2023 19:00,0.002933,0,0,0,0,1,0
9/9/2023 20:00,0.00346,0,0,0,0,1,0
9/9/2023 21:00,0.003466,0,0,0,0,1,0
9/9/2023 22:00,0.003573,0,0,0,0,1,0
9/9/2023 23:00,0.003456,0,0,0,0,1,0
9/10/2023 0:00,0.002474,0,0,1,0,0,0
9/10/2023 1:00,0.000179,1,0,0,0,0,0
9/10/2023 2:00,0.000077,1,0,0,0,0,0
9/10/2023 3:00,0.000037,1,0,0,0,0,0
9/10/2023 4:00,-0.000475,1,0,0,0,0,0
9/10/2023 5:00,0.000426,0,1,0,0,0,0
9/10/2023 6:00,0.000933,0,1,0,0,0,0
9/10/2023 7:00,0.000953,0,1,0,0,0,0
9/10/2023 8:00,-0.001502,1,0,0,0,0,0
9/10/2023 9:00,-0.000595,1,0,0,0,0,0
9/10/2023 10:00,-0.000171,0,1,0,0,0,0
9/10/2023 11:00,0.000396,0,0,1,0,0,0
9/10/2023 12:00,0.001909,0,0,0,1,0,0
9/10/2023 13:00,0.002147,0,0,0,1,0,0
9/10/2023 14:00,0.002371,0,0,0,1,0,0
9/10/2023 15:00,0.00232,0,0,0,1,0,0
9/10/2023 16:00,0.002246,0,0,0,1,0,0
9/10/2023 17:00,0.004489,0,0,0,0,0,1
9/10/2023 18:00,0.005274,0,0,0,0,0,1
9/10/2023 19:00,0.005617,0,0,0,0,0,1
9/10/2023 20:00,0.003824,0,0,0,0,1,0
9/10/2023 21:00,0.003569,0,0,0,0,1,0
9/10/2023 22:00,0.003404,0,0,0,0,1,0
9/10/2023 23:00,0.003096,0,0,0,1,0,0
9/11/2023 0:00,0.000689,0,0,1,0,0,0
9/11/2023 1:00,-0.0008,0,1,0,0,0,0
9/11/2023 2:00,-0.001324,0,1,0,0,0,0
9/11/2023 3:00,-0.001517,0,1,0,0,0,0
9/11/2023 4:00,-0.00135,0,1,0,0,0,0
9/11/2023 5:00,-0.000696,0,1,0,0,0,0
9/11/2023 6:00,0.000238,0,0,1,0,0,0
9/11/2023 7:00,0.000975,0,0,1,0,0,0
9/11/2023 8:00,0.004375,0,0,0,0,1,0
9/11/2023 9:00,0.004588,0,0,0,0,1,0
9/11/2023 10:00,0.004337,0,0,0,0,1,0
9/11/2023 11:00,0.004225,0,0,0,0,1,0
9/11/2023 12:00,0.005476,0,0,0,0,1,0
9/11/2023 13:00,0.005973,0,0,0,0,1,0
9/11/2023 14:00,0.005896,0,0,0,0,1,0
9/11/2023 15:00,0.005392,0,0,0,0,1,0
9/11/2023 16:00,0.003333,0,0,0,1,0,0
9/11/2023 17:00,0.00258,0,0,1,0,0,0
9/11/2023 18:00,0.002118,0,0,1,0,0,0
9/11/2023 19:00,0.001665,0,0,1,0,0,0
9/11/2023 20:00,-0.000185,0,1,0,0,0,0
9/11/2023 21:00,0.000265,0,1,0,0,0,0
9/11/2023 22:00,0.000492,0,0,1,0,0,0
9/11/2023 23:00,0.00066,0,0,1,0,0,0
9/12/2023 0:00,0.001211,0,0,1,0,0,0
9/12/2023 1:00,-0.000274,0,1,0,0,0,0
9/12/2023 2:00,-0.000569,0,1,0,0,0,0
9/12/2023 3:00,0.000152,0,1,0,0,0,0
9/12/2023 4:00,0.000804,0,0,1,0,0,0
9/12/2023 5:00,0.000547,0,1,0,0,0,0
9/12/2023 6:00,0.000093,0,1,0,0,0,0
9/12/2023 7:00,-0.000024,0,1,0,0,0,0
9/12/2023 8:00,0.001895,0,0,1,0,0,0
9/12/2023 9:00,0.002534,0,0,0,1,0,0
9/12/2023 10:00,0.003731,0,0,0,0,1,0
9/12/2023 11:00,0.004069,0,0,0,0,1,0
9/12/2023 12:00,0.006707,0,0,0,0,0,1
9/12/2023 13:00,0.006536,0,0,0,0,0,1
9/12/2023 14:00,0.005661,0,0,0,0,0,1
9/12/2023 15:00,0.004861,0,0,0,0,1,0
9/12/2023 16:00,0.000136,0,1,0,0,0,0
9/12/2023 17:00,0.000267,0,0,1,0,0,0
9/12/2023 18:00,0.001099,0,0,1,0,0,0
9/12/2023 19:00,0.001424,0,0,1,0,0,0
9/12/2023 20:00,0.000553,0,0,1,0,0,0
9/12/2023 21:00,0.000924,0,0,1,0,0,0
9/12/2023 22:00,0.000963,0,0,1,0,0,0
9/12/2023 23:00,0.000618,0,0,1,0,0,0
9/13/2023 0:00,-0.002882,1,0,0,0,0,0
9/13/2023 1:00,-0.001995,0,1,0,0,0,0
9/13/2023 2:00,-0.001559,0,1,0,0,0,0
9/13/2023 3:00,-0.00131,0,1,0,0,0,0
9/13/2023 4:00,-0.000863,0,1,0,0,0,0
9/13/2023 5:00,-0.000098,0,0,1,0,0,0
9/13/2023 6:00,0.000978,0,0,1,0,0,0
9/13/2023 7:00,0.001636,0,0,0,1,0,0
9/13/2023 8:00,0.005774,0,0,0,0,1,0
9/13/2023 9:00,0.005706,0,0,0,0,1,0
9/13/2023 10:00,0.005292,0,0,0,0,1,0
9/13/2023 11:00,0.004813,0,0,0,0,1,0
9/13/2023 12:00,0.003853,0,0,0,0,1,0
9/13/2023 13:00,0.003439,0,0,0,1,0,0
9/13/2023 14:00,0.003143,0,0,0,1,0,0
9/13/2023 15:00,0.002679,0,0,0,1,0,0
9/13/2023 16:00,-0.00372,1,0,0,0,0,0
9/13/2023 17:00,-0.00333,1,0,0,0,0,0
9/13/2023 18:00,-0.003351,0,1,0,0,0,0
9/13/2023 19:00,-0.002732,0,1,0,0,0,0
9/13/2023 20:00,-0.002266,0,1,0,0,0,0
9/13/2023 21:00,-0.001932,0,1,0,0,0,0
9/13/2023 22:00,-0.002194,0,1,0,0,0,0
9/13/2023 23:00,-0.002171,0,1,0,0,0,0
9/14/2023 0:00,-0.004747,0,1,0,0,0,0
9/14/2023 1:00,-0.003632,0,1,0,0,0,0
9/14/2023 2:00,-0.003677,0,1,0,0,0,0
9/14/2023 3:00,-0.002898,0,1,0,0,0,0
9/14/2023 4:00,-0.001317,0,0,1,0,0,0
9/14/2023 5:00,-0.000479,0,0,1,0,0,0
9/14/2023 6:00,0.000052,0,0,0,1,0,0
9/14/2023 7:00,0.000397,0,0,0,1,0,0
9/14/2023 8:00,0.007015,0,0,0,0,0,1
9/14/2023 9:00,0.00691,0,0,0,0,0,1
9/14/2023 10:00,0.006701,0,0,0,0,0,1
9/14/2023 11:00,0.006573,0,0,0,0,0,1
9/14/2023 12:00,0.007606,0,0,0,0,0,1
9/14/2023 13:00,0.007593,0,0,0,0,0,1
9/14/2023 14:00,0.007041,0,0,0,0,1,0
9/14/2023 15:00,0.006048,0,0,0,0,1,0
9/14/2023 16:00,-0.000838,0,0,1,0,0,0
9/14/2023 17:00,-0.000207,0,0,1,0,0,0
9/14/2023 18:00,-0.000001,0,0,1,0,0,0
9/14/2023 19:00,0.000088,0,0,1,0,0,0
9/14/2023 20:00,-0.001777,0,1,0,0,0,0
9/14/2023 21:00,-0.001887,0,1,0,0,0,0
9/14/2023 22:00,-0.001445,0,0,1,0,0,0
9/14/2023 23:00,-0.001124,0,0,1,0,0,0
9/15/2023 0:00,0.000961,0,0,1,0,0,0
9/15/2023 1:00,0.000219,0,0,1,0,0,0
9/15/2023 2:00,0.000153,0,0,1,0,0,0
9/15/2023 3:00,-0.0001,0,0,1,0,0,0
9/15/2023 4:00,0.001157,0,0,1,0,0,0
9/15/2023 5:00,0.000595,0,0,1,0,0,0
9/15/2023 6:00,0.000251,0,0,1,0,0,0
9/15/2023 7:00,0.000501,0,0,1,0,0,0
9/15/2023 8:00,0.001696,0,0,1,0,0,0
9/15/2023 9:00,0.001676,0,0,1,0,0,0
9/15/2023 10:00,0.001791,0,0,0,1,0,0
9/15/2023 11:00,0.00203,0,0,0,1,0,0
9/15/2023 12:00,0.002116,0,0,0,1,0,0
9/15/2023 13:00,0.002036,0,0,0,1,0,0
9/15/2023 14:00,0.001952,0,0,0,0,1,0
9/15/2023 15:00,0.002577,0,0,0,0,0,1
9/15/2023 16:00,0.007809,0,0,0,0,0,1
9/15/2023 17:00,0.007451,0,0,0,0,0,1
9/15/2023 18:00,0.006892,0,0,0,0,0,1
9/15/2023 19:00,0.006284,0,0,0,0,0,1
9/15/2023 20:00,0.003578,0,0,0,1,0,0
9/15/2023 21:00,0.003074,0,0,0,1,0,0
9/15/2023 22:00,0.002693,0,0,0,1,0,0
9/15/2023 23:00,0.00349,0,0,0,1,0,0
9/16/2023 0:00,-0.000795,0,1,0,0,0,0
9/16/2023 1:00,-0.000858,0,1,0,0,0,0
9/16/2023 2:00,-0.000824,0,1,0,0,0,0
9/16/2023 3:00,-0.001055,0,1,0,0,0,0
9/16/2023 4:00,-0.000868,0,1,0,0,0,0
9/16/2023 5:00,-0.001043,0,1,0,0,0,0
9/16/2023 6:00,-0.001153,0,1,0,0,0,0
9/16/2023 7:00,-0.001229,0,1,0,0,0,0
9/16/2023 8:00,0.003944,0,0,0,1,0,0
9/16/2023 9:00,0.004219,0,0,0,1,0,0
9/16/2023 10:00,0.004313,0,0,0,1,0,0
9/16/2023 11:00,0.004334,0,0,0,1,0,0
9/16/2023 12:00,0.005428,0,0,0,0,1,0
9/16/2023 13:00,0.005284,0,0,0,0,1,0
9/16/2023 14:00,0.00511,0,0,0,0,1,0
9/16/2023 15:00,0.004996,0,0,0,1,0,0
9/16/2023 16:00,0.004721,0,0,0,1,0,0
9/16/2023 17:00,0.005009,0,0,0,0,1,0
9/16/2023 18:00,0.005424,0,0,0,0,1,0
9/16/2023 19:00,0.005656,0,0,0,0,1,0
9/16/2023 20:00,0.006061,0,0,0,0,1,0
9/16/2023 21:00,0.006156,0,0,0,0,1,0
9/16/2023 22:00,0.005973,0,0,0,0,1,0
9/16/2023 23:00,0.005737,0,0,0,0,1,0
9/17/2023 0:00,0.003852,0,0,0,1,0,0
9/17/2023 1:00,0.003929,0,0,0,1,0,0
9/17/2023 2:00,0.004039,0,0,0,1,0,0
9/17/2023 3:00,0.003918,0,0,0,1,0,0
9/17/2023 4:00,-0.000586,1,0,0,0,0,0
9/17/2023 5:00,-0.00083,1,0,0,0,0,0
9/17/2023 6:00,-0.001352,1,0,0,0,0,0
9/17/2023 7:00,-0.00159,1,0,0,0,0,0
9/17/2023 8:00,-0.001247,1,0,0,0,0,0
9/17/2023 9:00,0.000049,0,1,0,0,0,0
9/17/2023 10:00,0.000247,0,1,0,0,0,0
9/17/2023 11:00,0.000279,0,1,0,0,0,0
9/17/2023 12:00,0.000816,0,1,0,0,0,0
9/17/2023 13:00,0.000775,0,1,0,0,0,0
9/17/2023 14:00,0.00068,0,0,1,0,0,0
9/17/2023 15:00,0.00027,0,1,0,0,0,0
9/17/2023 16:00,-0.000354,0,1,0,0,0,0
9/17/2023 17:00,0.000517,0,0,1,0,0,0
9/17/2023 18:00,0.001593,0,0,1,0,0,0
9/17/2023 19:00,0.001937,0,0,0,1,0,0
9/17/2023 20:00,0.002871,0,0,0,1,0,0
9/17/2023 21:00,0.003045,0,0,0,0,1,0
9/17/2023 22:00,0.003247,0,0,0,0,1,0
9/17/2023 23:00,0.003385,0,0,0,0,1,0
9/18/2023 0:00,0.00101,0,0,1,0,0,0
9/18/2023 1:00,0.00107,0,0,0,1,0,0
9/18/2023 2:00,0.001191,0,0,0,1,0,0
9/18/2023 3:00,0.001417,0,0,0,1,0,0
9/18/2023 4:00,0.00216,0,0,0,0,1,0
9/18/2023 5:00,0.002048,0,0,0,0,1,0
9/18/2023 6:00,0.001971,0,0,0,1,0,0
9/18/2023 7:00,0.001936,0,0,0,1,0,0
9/18/2023 8:00,0.002428,0,0,0,0,1,0
9/18/2023 9:00,0.00284,0,0,0,0,1,0
9/18/2023 10:00,0.002974,0,0,0,0,1,0
9/18/2023 11:00,0.002574,0,0,0,0,1,0
9/18/2023 12:00,0.003547,0,0,0,0,0,1
9/18/2023 13:00,0.002659,0,0,0,1,0,0
9/18/2023 14:00,0.002576,0,0,0,1,0,0
9/18/2023 15:00,0.002348,0,0,0,1,0,0
9/18/2023 16:00,-0.005699,1,0,0,0,0,0
9/18/2023 17:00,-0.004537,1,0,0,0,0,0
9/18/2023 18:00,-0.002885,1,0,0,0,0,0
9/18/2023 19:00,-0.001693,0,1,0,0,0,0
9/18/2023 20:00,-0.003122,1,0,0,0,0,0
9/18/2023 21:00,-0.002186,0,1,0,0,0,0
9/18/2023 22:00,-0.001742,0,1,0,0,0,0
9/18/2023 23:00,-0.001649,0,1,0,0,0,0
9/19/2023 0:00,-0.001965,0,1,0,0,0,0
9/19/2023 1:00,-0.002208,0,1,0,0,0,0
9/19/2023 2:00,-0.002389,0,1,0,0,0,0
9/19/2023 3:00,-0.002797,0,1,0,0,0,0
9/19/2023 4:00,-0.00325,0,1,0,0,0,0
9/19/2023 5:00,-0.002984,0,1,0,0,0,0
9/19/2023 6:00,-0.002877,0,1,0,0,0,0
9/19/2023 7:00,-0.002531,0,0,1,0,0,0
9/19/2023 8:00,-0.002951,0,0,1,0,0,0
9/19/2023 9:00,-0.001992,0,0,1,0,0,0
9/19/2023 10:00,-0.001775,0,0,1,0,0,0
9/19/2023 11:00,-0.002435,0,0,1,0,0,0
9/19/2023 12:00,-0.001029,0,0,0,1,0,0
9/19/2023 13:00,-0.001099,0,0,0,1,0,0
9/19/2023 14:00,-0.001441,0,0,0,1,0,0
9/19/2023 15:00,-0.001537,0,0,0,0,1,0
9/19/2023 16:00,0.001411,0,0,0,0,0,1
9/19/2023 17:00,0.002632,0,0,0,0,0,1
9/19/2023 18:00,0.002879,0,0,0,0,0,1
9/19/2023 19:00,0.00322,0,0,0,0,0,1
9/19/2023 20:00,0.002598,0,0,0,0,0,1
9/19/2023 21:00,0.002365,0,0,0,0,0,1
9/19/2023 22:00,0.002423,0,0,0,0,1,0
9/19/2023 23:00,0.002197,0,0,0,0,1,0
9/20/2023 0:00,-0.002602,0,1,0,0,0,0
9/20/2023 1:00,-0.002436,0,1,0,0,0,0
9/20/2023 2:00,-0.001282,0,0,1,0,0,0
9/20/2023 3:00,-0.000408,0,0,0,1,0,0
9/20/2023 4:00,-0.001456,0,0,1,0,0,0
9/20/2023 5:00,-0.001199,0,0,1,0,0,0
9/20/2023 6:00,-0.001439,0,0,1,0,0,0
9/20/2023 7:00,-0.001703,0,0,1,0,0,0
9/20/2023 8:00,-0.002992,0,1,0,0,0,0
9/20/2023 9:00,-0.002693,0,1,0,0,0,0
9/20/2023 10:00,-0.002672,0,1,0,0,0,0
9/20/2023 11:00,-0.002636,0,1,0,0,0,0
9/20/2023 12:00,-0.002114,0,1,0,0,0,0
9/20/2023 13:00,-0.001949,0,0,1,0,0,0
9/20/2023 14:00,-0.00187,0,0,1,0,0,0
9/20/2023 15:00,-0.001836,0,0,1,0,0,0
9/20/2023 16:00,0.001398,0,0,0,0,1,0
9/20/2023 17:00,0.001972,0,0,0,0,1,0
9/20/2023 18:00,0.002332,0,0,0,0,1,0
9/20/2023 19:00,0.001327,0,0,0,0,1,0
9/20/2023 20:00,0.002998,0,0,0,0,0,1
9/20/2023 21:00,0.003474,0,0,0,0,0,1
9/20/2023 22:00,0.003639,0,0,0,0,0,1
9/20/2023 23:00,0.003453,0,0,0,0,0,1
9/21/2023 0:00,-0.000009,0,0,0,1,0,0
9/21/2023 1:00,0.001248,0,0,0,1,0,0
9/21/2023 2:00,0.002031,0,0,0,0,1,0
9/21/2023 3:00,0.002265,0,0,0,0,1,0
9/21/2023 4:00,0.001913,0,0,0,0,1,0
9/21/2023 5:00,0.001347,0,0,0,1,0,0
9/21/2023 6:00,0.001175,0,0,0,1,0,0
9/21/2023 7:00,0.001233,0,0,0,1,0,0
9/21/2023 8:00,0.004484,0,0,0,0,0,1
9/21/2023 9:00,0.003516,0,0,0,0,1,0
9/21/2023 10:00,0.003333,0,0,0,0,1,0
9/21/2023 11:00,0.003955,0,0,0,0,1,0
9/21/2023 12:00,0.003686,0,0,0,0,1,0
9/21/2023 13:00,0.004128,0,0,0,0,1,0
9/21/2023 14:00,0.004437,0,0,0,0,1,0
9/21/2023 15:00,0.00428,0,0,0,0,1,0
9/21/2023 16:00,0.001588,0,1,0,0,0,0
9/21/2023 17:00,0.000981,0,1,0,0,0,0
9/21/2023 18:00,0.000572,0,1,0,0,0,0
9/21/2023 19:00,-0.000307,1,0,0,0,0,0
9/21/2023 20:00,0.000753,0,1,0,0,0,0
9/21/2023 21:00,0.000301,0,1,0,0,0,0
9/21/2023 22:00,0.000322,0,1,0,0,0,0
9/21/2023 23:00,0.000642,0,1,0,0,0,0
9/22/2023 0:00,-0.002535,1,0,0,0,0,0
9/22/2023 1:00,-0.003455,1,0,0,0,0,0
9/22/2023 2:00,-0.003873,1,0,0,0,0,0
9/22/2023 3:00,-0.004172,1,0,0,0,0,0
9/22/2023 4:00,-0.004981,1,0,0,0,0,0
9/22/2023 5:00,-0.00489,1,0,0,0,0,0
9/22/2023 6:00,-0.004544,0,1,0,0,0,0
9/22/2023 7:00,-0.004202,0,1,0,0,0,0
9/22/2023 8:00,-0.001571,0,0,1,0,0,0
9/22/2023 9:00,-0.003163,0,1,0,0,0,0
9/22/2023 10:00,-0.00276,0,0,1,0,0,0
9/22/2023 11:00,-0.002127,0,0,1,0,0,0
9/22/2023 12:00,-0.001436,0,0,1,0,0,0
9/22/2023 13:00,-0.001002,0,0,0,1,0,0
9/22/2023 14:00,-0.000829,0,0,0,1,0,0
9/22/2023 15:00,-0.001047,0,0,0,1,0,0
9/22/2023 16:00,0.00257,0,0,0,0,0,1
9/22/2023 17:00,0.003952,0,0,0,0,0,1
9/22/2023 18:00,0.004067,0,0,0,0,0,1
9/22/2023 19:00,0.004215,0,0,0,0,0,1
9/22/2023 20:00,0.006148,0,0,0,0,0,1
9/22/2023 21:00,0.006397,0,0,0,0,0,1
9/22/2023 22:00,0.00665,0,0,0,0,0,1
9/22/2023 23:00,0.006545,0,0,0,0,0,1
9/23/2023 0:00,0.004937,0,0,0,0,1,0
9/23/2023 1:00,0.004741,0,0,0,0,1,0
9/23/2023 2:00,0.004477,0,0,0,0,1,0
9/23/2023 3:00,0.003976,0,0,0,1,0,0
9/23/2023 4:00,0.003837,0,0,0,1,0,0
9/23/2023 5:00,0.003798,0,0,0,1,0,0
9/23/2023 6:00,0.003787,0,0,0,1,0,0
9/23/2023 7:00,0.003991,0,0,0,1,0,0
9/23/2023 8:00,0.0038,0,0,0,1,0,0
9/23/2023 9:00,0.001512,0,0,1,0,0,0
9/23/2023 10:00,0.002013,0,0,1,0,0,0
9/23/2023 11:00,0.002163,0,0,1,0,0,0
9/23/2023 12:00,0.002418,0,0,1,0,0,0
9/23/2023 13:00,0.002888,0,0,1,0,0,0
9/23/2023 14:00,0.00339,0,0,1,0,0,0
9/23/2023 15:00,0.003853,0,0,1,0,0,0
9/23/2023 16:00,-0.000727,1,0,0,0,0,0
9/23/2023 17:00,-0.004284,1,0,0,0,0,0
9/23/2023 18:00,-0.004855,1,0,0,0,0,0
9/23/2023 19:00,-0.005088,1,0,0,0,0,0
9/23/2023 20:00,-0.004211,1,0,0,0,0,0
9/23/2023 21:00,-0.002857,0,1,0,0,0,0
9/23/2023 22:00,-0.001772,0,1,0,0,0,0
9/23/2023 23:00,-0.000902,0,0,1,0,0,0
9/24/2023 0:00,0.005829,0,0,0,0,1,0
9/24/2023 1:00,0.006005,0,0,0,0,1,0
9/24/2023 2:00,0.006349,0,0,0,0,1,0
9/24/2023 3:00,0.00649,0,0,0,0,1,0
9/24/2023 4:00,0.006554,0,0,0,0,1,0
9/24/2023 5:00,0.006616,0,0,0,0,1,0
9/24/2023 6:00,0.006644,0,0,0,0,1,0
9/24/2023 7:00,0.006498,0,0,0,0,1,0
9/24/2023 8:00,0.003891,0,0,0,1,0,0
9/24/2023 9:00,0.005038,0,0,0,1,0,0
9/24/2023 10:00,0.005042,0,0,0,1,0,0
9/24/2023 11:00,0.004991,0,0,0,1,0,0
9/24/2023 12:00,0.004981,0,0,0,1,0,0
9/24/2023 13:00,0.004864,0,0,0,1,0,0
9/24/2023 14:00,0.004573,0,0,0,1,0,0
9/24/2023 15:00,0.004199,0,0,0,1,0,0
9/24/2023 16:00,0.006226,0,0,0,0,1,0
9/24/2023 17:00,0.006229,0,0,0,1,0,0
9/24/2023 18:00,0.006461,0,0,0,1,0,0
9/24/2023 19:00,0.006268,0,0,0,1,0,0
9/24/2023 20:00,0.00531,0,0,0,1,0,0
9/24/2023 21:00,0.004502,0,0,1,0,0,0
9/24/2023 22:00,0.003925,0,1,0,0,0,0
9/24/2023 23:00,0.003068,1,0,0,0,0,0
9/25/2023 0:00,-0.007754,1,0,0,0,0,0
9/25/2023 1:00,-0.006418,1,0,0,0,0,0
9/25/2023 2:00,-0.006498,1,0,0,0,0,0
9/25/2023 3:00,-0.005955,1,0,0,0,0,0
9/25/2023 4:00,-0.010789,1,0,0,0,0,0
9/25/2023 5:00,-0.008623,1,0,0,0,0,0
9/25/2023 6:00,-0.007031,0,1,0,0,0,0
9/25/2023 7:00,-0.005854,0,1,0,0,0,0
9/25/2023 8:00,0.000409,0,0,1,0,0,0
9/25/2023 9:00,0.000198,0,0,1,0,0,0
9/25/2023 10:00,0.000038,0,0,1,0,0,0
9/25/2023 11:00,-0.000043,0,0,1,0,0,0
9/25/2023 12:00,0.003785,0,0,0,1,0,0
9/25/2023 13:00,0.003922,0,0,0,1,0,0
9/25/2023 14:00,0.003865,0,0,0,1,0,0
9/25/2023 15:00,0.003658,0,0,0,1,0,0
9/25/2023 16:00,0.003348,0,0,0,1,0,0
9/25/2023 17:00,0.0029,0,0,0,1,0,0
9/25/2023 18:00,0.002324,0,0,0,1,0,0
9/25/2023 19:00,0.001849,0,0,0,1,0,0
9/25/2023 20:00,0.003969,0,0,0,0,1,0
9/25/2023 21:00,0.003847,0,0,0,0,1,0
9/25/2023 22:00,0.004033,0,0,0,0,1,0
9/25/2023 23:00,0.004255,0,0,0,0,1,0
9/26/2023 0:00,0.004707,0,0,0,0,1,0
9/26/2023 1:00,0.004915,0,0,0,0,1,0
9/26/2023 2:00,0.005163,0,0,0,0,1,0
9/26/2023 3:00,0.005237,0,0,0,0,1,0
9/26/2023 4:00,0.003597,0,0,0,1,0,0
9/26/2023 5:00,0.003566,0,0,0,1,0,0
9/26/2023 6:00,0.003468,0,0,0,1,0,0
9/26/2023 7:00,0.003443,0,0,0,1,0,0
9/26/2023 8:00,0.004123,0,0,0,1,0,0
9/26/2023 9:00,0.004216,0,0,0,1,0,0
9/26/2023 10:00,0.004374,0,0,0,1,0,0
9/26/2023 11:00,0.004566,0,0,0,0,1,0
9/26/2023 12:00,0.006401,0,0,0,0,0,1
9/26/2023 13:00,0.006637,0,0,0,0,0,1
9/26/2023 14:00,0.00694,0,0,0,0,0,1
9/26/2023 15:00,0.007186,0,0,0,0,0,1
9/26/2023 16:00,0.006256,0,0,0,0,1,0
9/26/2023 17:00,0.006184,0,0,0,0,1,0
9/26/2023 18:00,0.006119,0,0,0,0,1,0
9/26/2023 19:00,0.006303,0,0,0,0,1,0
9/26/2023 20:00,0.006857,0,0,0,0,1,0
9/26/2023 21:00,0.007146,0,0,0,0,1,0
9/26/2023 22:00,0.007418,0,0,0,0,0,1
9/26/2023 23:00,0.007209,0,0,0,0,1,0
9/27/2023 0:00,0.00897,0,0,0,0,0,1
9/27/2023 1:00,0.008929,0,0,0,0,0,1
9/27/2023 2:00,0.008878,0,0,0,0,0,1
9/27/2023 3:00,0.008894,0,0,0,0,1,0
9/27/2023 4:00,0.008892,0,0,0,0,1,0
9/27/2023 5:00,0.008755,0,0,0,0,1,0
9/27/2023 6:00,0.008584,0,0,0,0,1,0
9/27/2023 7:00,0.00882,0,0,0,0,1,0
9/27/2023 8:00,0.009509,0,0,0,0,1,0
9/27/2023 9:00,0.009914,0,0,0,0,0,1
9/27/2023 10:00,0.009767,0,0,0,0,1,0
9/27/2023 11:00,0.009401,0,0,0,0,1,0
9/27/2023 12:00,0.00949,0,0,0,0,1,0
9/27/2023 13:00,0.009806,0,0,0,0,1,0
9/27/2023 14:00,0.010235,0,0,0,0,1,0
9/27/2023 15:00,0.011088,0,0,0,0,0,1
9/27/2023 16:00,0.011914,0,0,0,0,0,1
9/27/2023 17:00,0.012218,0,0,0,0,0,1
9/27/2023 18:00,0.012649,0,0,0,0,0,1
9/27/2023 19:00,0.013,0,0,0,0,0,1
9/27/2023 20:00,0.01284,0,0,0,0,0,1
9/27/2023 21:00,0.012339,0,0,0,0,1,0
9/27/2023 22:00,0.011665,0,0,0,0,1,0
9/27/2023 23:00,0.010672,0,0,0,1,0,0
9/28/2023 0:00,0.006418,1,0,0,0,0,0
9/28/2023 1:00,0.005829,1,0,0,0,0,0
9/28/2023 2:00,0.005316,1,0,0,0,0,0
9/28/2023 3:00,0.004862,1,0,0,0,0,0
9/28/2023 4:00,0.004224,1,0,0,0,0,0
9/28/2023 5:00,0.004122,1,0,0,0,0,0
9/28/2023 6:00,0.003986,1,0,0,0,0,0
9/28/2023 7:00,0.003936,1,0,0,0,0,0
9/28/2023 8:00,0.00577,0,1,0,0,0,0
9/28/2023 9:00,0.005538,0,1,0,0,0,0
9/28/2023 10:00,0.005565,0,1,0,0,0,0
9/28/2023 11:00,0.00564,0,1,0,0,0,0
9/28/2023 12:00,0.005841,0,0,1,0,0,0
9/28/2023 13:00,0.005788,0,0,1,0,0,0
9/28/2023 14:00,0.005915,0,0,1,0,0,0
9/28/2023 15:00,0.006294,0,0,1,0,0,0
9/28/2023 16:00,0.004666,0,1,0,0,0,0
9/28/2023 17:00,0.000122,1,0,0,0,0,0
9/28/2023 18:00,0.000161,1,0,0,0,0,0
9/28/2023 19:00,0.000214,1,0,0,0,0,0
9/28/2023 20:00,0.000409,1,0,0,0,0,0
9/28/2023 21:00,0.001299,0,1,0,0,0,0
9/28/2023 22:00,0.00286,0,0,1,0,0,0
9/28/2023 23:00,0.004168,0,0,0,1,0,0
9/29/2023 0:00,0.007071,0,0,0,0,1,0
9/29/2023 1:00,0.006996,0,0,0,0,1,0
9/29/2023 2:00,0.006349,0,0,0,0,1,0
9/29/2023 3:00,0.006649,0,0,0,0,1,0
9/29/2023 4:00,0.006883,0,0,0,0,1,0
9/29/2023 5:00,0.0068,0,0,0,0,1,0
9/29/2023 6:00,0.006507,0,0,0,0,1,0
9/29/2023 7:00,0.006789,0,0,0,0,1,0
9/29/2023 8:00,0.005903,0,0,0,1,0,0
9/29/2023 9:00,0.006021,0,0,0,1,0,0
9/29/2023 10:00,0.006062,0,0,0,1,0,0
9/29/2023 11:00,0.006246,0,0,0,1,0,0
9/29/2023 12:00,0.005092,0,0,0,1,0,0
9/29/2023 13:00,0.005055,0,0,0,1,0,0
9/29/2023 14:00,0.005331,0,0,0,1,0,0
9/29/2023 15:00,0.005597,0,0,0,1,0,0
9/29/2023 16:00,0.005866,0,0,0,1,0,0
9/29/2023 17:00,0.006228,0,0,0,1,0,0
9/29/2023 18:00,0.006386,0,0,0,1,0,0
9/29/2023 19:00,0.006444,0,0,0,1,0,0
9/29/2023 20:00,0.007362,0,0,0,0,1,0
9/29/2023 21:00,0.007801,0,0,0,0,0,1
9/29/2023 22:00,0.007863,0,0,0,0,0,1
9/29/2023 23:00,0.007409,0,0,0,0,1,0
9/30/2023 0:00,0.007571,0,0,0,0,1,0
9/30/2023 1:00,0.007474,0,0,0,0,1,0
9/30/2023 2:00,0.007381,0,0,0,0,1,0
9/30/2023 3:00,0.007437,0,0,0,0,1,0
9/30/2023 4:00,0.00785,0,0,0,0,1,0
9/30/2023 5:00,0.00759,0,0,0,0,1,0
9/30/2023 6:00,0.007314,0,0,0,1,0,0
9/30/2023 7:00,0.007168,0,0,0,1,0,0
9/30/2023 8:00,0.005692,0,1,0,0,0,0
9/30/2023 9:00,0.005523,0,1,0,0,0,0
9/30/2023 10:00,0.005533,0,1,0,0,0,0
9/30/2023 11:00,0.005255,0,1,0,0,0,0
9/30/2023 12:00,0.00502,1,0,0,0,0,0
9/30/2023 13:00,0.004892,1,0,0,0,0,0
9/30/2023 14:00,0.004959,1,0,0,0,0,0
9/30/2023 15:00,0.00508,0,1,0,0,0,0
9/30/2023 16:00,0.002826,1,0,0,0,0,0
9/30/2023 17:00,0.002947,1,0,0,0,0,0
9/30/2023 18:00,0.00296,1,0,0,0,0,0
9/30/2023 19:00,0.002967,1,0,0,0,0,0
9/30/2023 20:00,0.001582,1,0,0,0,0,0
9/30/2023 21:00,0.001491,1,0,0,0,0,0
9/30/2023 22:00,0.001067,1,0,0,0,0,0
9/30/2023 23:00,0.000849,1,0,0,0,0,0
10/1/2023 0:00,0.002318,0,1,0,0,0,0
10/1/2023 1:00,0.002437,0,1,0,0,0,0
10/1/2023 2:00,0.00267,0,1,0,0,0,0
10/1/2023 3:00,0.002442,0,1,0,0,0,0
10/1/2023 4:00,0.001473,0,1,0,0,0,0
10/1/2023 5:00,0.001271,0,1,0,0,0,0
10/1/2023 6:00,0.001235,0,1,0,0,0,0
10/1/2023 7:00,0.000994,0,1,0,0,0,0
10/1/2023 8:00,0.00081,0,1,0,0,0,0
10/1/2023 9:00,0.002011,0,0,1,0,0,0
10/1/2023 10:00,0.002572,0,0,1,0,0,0
10/1/2023 11:00,0.002444,0,0,1,0,0,0
10/1/2023 12:00,0.003311,0,0,0,0,1,0
10/1/2023 13:00,0.003314,0,0,0,0,1,0
10/1/2023 14:00,0.003596,0,0,0,0,1,0
10/1/2023 15:00,0.004027,0,0,0,0,0,1
10/1/2023 16:00,0.006454,0,0,0,0,0,1
10/1/2023 17:00,0.006733,0,0,0,0,0,1
10/1/2023 18:00,0.006999,0,0,0,0,0,1
10/1/2023 19:00,0.007453,0,0,0,0,0,1
10/1/2023 20:00,0.008604,0,0,0,0,0,1
10/1/2023 21:00,0.008593,0,0,0,0,0,1
10/1/2023 22:00,0.00918,0,0,0,0,0,1
10/1/2023 23:00,0.010173,0,0,0,0,0,1
10/2/2023 0:00,0.010119,0,0,0,0,0,1
10/2/2023 1:00,0.008224,0,0,0,0,1,0
10/2/2023 2:00,0.007792,0,0,0,0,1,0
10/2/2023 3:00,0.006893,0,0,0,1,0,0
10/2/2023 4:00,0.006628,0,0,0,1,0,0
10/2/2023 5:00,0.007067,0,0,0,1,0,0
10/2/2023 6:00,0.007239,0,0,0,1,0,0
10/2/2023 7:00,0.007097,0,0,0,1,0,0
10/2/2023 8:00,0.00691,0,0,0,1,0,0
10/2/2023 9:00,0.005592,0,0,1,0,0,0
10/2/2023 10:00,0.005375,0,0,1,0,0,0
10/2/2023 11:00,0.00563,0,0,1,0,0,0
10/2/2023 12:00,0.004215,0,1,0,0,0,0
10/2/2023 13:00,0.00298,1,0,0,0,0,0
10/2/2023 14:00,0.002457,1,0,0,0,0,0
10/2/2023 15:00,0.002564,1,0,0,0,0,0
10/2/2023 16:00,0.004444,0,1,0,0,0,0
10/2/2023 17:00,0.005954,0,0,1,0,0,0
10/2/2023 18:00,0.006862,0,0,0,1,0,0
10/2/2023 19:00,0.007707,0,0,0,1,0,0
10/2/2023 20:00,0.008826,0,0,0,0,1,0
10/2/2023 21:00,0.009338,0,0,0,0,1,0
10/2/2023 22:00,0.009333,0,0,0,0,1,0
10/2/2023 23:00,0.009356,0,0,0,0,1,0
10/3/2023 0:00,0.00885,0,0,0,0,1,0
10/3/2023 1:00,0.009455,0,0,0,0,1,0
10/3/2023 2:00,0.009747,0,0,0,0,1,0
10/3/2023 3:00,0.009202,0,0,0,0,1,0
10/3/2023 4:00,0.009049,0,0,0,0,1,0
10/3/2023 5:00,0.008561,0,0,0,1,0,0
10/3/2023 6:00,0.00818,0,0,0,1,0,0
10/3/2023 7:00,0.008019,0,0,0,1,0,0
10/3/2023 8:00,0.006335,0,0,1,0,0,0
10/3/2023 9:00,0.006178,0,0,1,0,0,0
10/3/2023 10:00,0.005861,0,0,1,0,0,0
10/3/2023 11:00,0.005482,0,0,1,0,0,0
10/3/2023 12:00,0.005498,0,0,1,0,0,0
10/3/2023 13:00,0.005572,0,1,0,0,0,0
10/3/2023 14:00,0.005163,0,1,0,0,0,0
10/3/2023 15:00,0.005344,0,1,0,0,0,0
10/3/2023 16:00,0.008212,0,0,0,1,0,0
10/3/2023 17:00,0.008224,0,0,0,1,0,0
10/3/2023 18:00,0.008104,0,0,0,1,0,0
10/3/2023 19:00,0.008115,0,0,0,1,0,0
10/3/2023 20:00,0.007729,0,0,0,1,0,0
10/3/2023 21:00,0.007605,0,0,1,0,0,0
10/3/2023 22:00,0.007478,0,0,1,0,0,0
10/3/2023 23:00,0.007245,0,0,1,0,0,0
10/4/2023 0:00,0.00616,0,1,0,0,0,0
10/4/2023 1:00,0.006591,0,0,1,0,0,0
10/4/2023 2:00,0.006667,0,0,1,0,0,0
10/4/2023 3:00,0.006611,0,0,1,0,0,0
10/4/2023 4:00,0.004622,1,0,0,0,0,0
10/4/2023 5:00,0.004522,1,0,0,0,0,0
10/4/2023 6:00,0.004546,1,0,0,0,0,0
10/4/2023 7:00,0.004607,0,1,0,0,0,0
10/4/2023 8:00,0.003908,1,0,0,0,0,0
10/4/2023 9:00,0.003745,1,0,0,0,0,0
10/4/2023 10:00,0.003364,1,0,0,0,0,0
10/4/2023 11:00,0.003031,1,0,0,0,0,0
10/4/2023 12:00,0.002924,1,0,0,0,0,0
10/4/2023 13:00,0.002616,1,0,0,0,0,0
10/4/2023 14:00,0.002567,1,0,0,0,0,0
10/4/2023 15:00,0.00297,0,1,0,0,0,0
10/4/2023 16:00,0.004348,0,0,1,0,0,0
10/4/2023 17:00,0.004657,0,0,1,0,0,0
10/4/2023 18:00,0.004796,0,0,1,0,0,0
10/4/2023 19:00,0.00511,0,0,0,1,0,0
10/4/2023 20:00,0.006038,0,0,0,0,1,0
10/4/2023 21:00,0.006138,0,0,0,0,1,0
10/4/2023 22:00,0.006021,0,0,0,0,1,0
10/4/2023 23:00,0.005652,0,0,0,0,1,0
10/5/2023 0:00,0.004207,0,0,1,0,0,0
10/5/2023 1:00,0.004155,0,0,1,0,0,0
10/5/2023 2:00,0.004079,0,0,1,0,0,0
10/5/2023 3:00,0.004069,0,0,1,0,0,0
10/5/2023 4:00,0.004232,0,0,1,0,0,0
10/5/2023 5:00,0.004145,0,0,1,0,0,0
10/5/2023 6:00,0.004141,0,0,1,0,0,0
10/5/2023 7:00,0.004525,0,0,0,1,0,0
10/5/2023 8:00,0.003201,0,1,0,0,0,0
10/5/2023 9:00,0.003738,0,0,1,0,0,0
10/5/2023 10:00,0.004217,0,0,1,0,0,0
10/5/2023 11:00,0.004629,0,0,0,1,0,0
10/5/2023 12:00,0.003421,0,1,0,0,0,0
10/5/2023 13:00,0.00369,0,1,0,0,0,0
10/5/2023 14:00,0.00298,1,0,0,0,0,0
10/5/2023 15:00,0.001871,1,0,0,0,0,0
10/5/2023 16:00,-0.000044,1,0,0,0,0,0
10/5/2023 17:00,0.000356,1,0,0,0,0,0
10/5/2023 18:00,0.000598,1,0,0,0,0,0
10/5/2023 19:00,0.00056,1,0,0,0,0,0
10/5/2023 20:00,0.000208,1,0,0,0,0,0
10/5/2023 21:00,0.000281,1,0,0,0,0,0
10/5/2023 22:00,0.000097,1,0,0,0,0,0
10/5/2023 23:00,-0.000027,0,1,0,0,0,0
10/6/2023 0:00,0.000504,0,1,0,0,0,0
10/6/2023 1:00,0.000599,0,1,0,0,0,0
10/6/2023 2:00,0.000528,0,1,0,0,0,0
10/6/2023 3:00,0.000515,0,1,0,0,0,0
10/6/2023 4:00,0.001076,0,0,1,0,0,0
10/6/2023 5:00,0.001018,0,0,1,0,0,0
10/6/2023 6:00,0.001115,0,0,1,0,0,0
10/6/2023 7:00,0.001236,0,0,1,0,0,0
10/6/2023 8:00,0.002628,0,0,0,0,1,0
10/6/2023 9:00,0.002358,0,0,0,1,0,0
10/6/2023 10:00,0.001624,0,0,0,1,0,0
10/6/2023 11:00,0.001013,0,0,1,0,0,0
10/6/2023 12:00,-0.000625,1,0,0,0,0,0
10/6/2023 13:00,-0.000979,1,0,0,0,0,0
10/6/2023 14:00,-0.001159,1,0,0,0,0,0
10/6/2023 15:00,-0.00119,1,0,0,0,0,0
10/6/2023 16:00,-0.005516,1,0,0,0,0,0
10/6/2023 17:00,-0.004539,1,0,0,0,0,0
10/6/2023 18:00,-0.003403,1,0,0,0,0,0
10/6/2023 19:00,-0.002821,0,1,0,0,0,0
10/6/2023 20:00,-0.00068,0,0,1,0,0,0
10/6/2023 21:00,0.00012,0,0,0,1,0,0
10/6/2023 22:00,0.000961,0,0,0,1,0,0
10/6/2023 23:00,0.001544,0,0,0,0,1,0
10/7/2023 0:00,0.006206,0,0,0,0,0,1
10/7/2023 1:00,0.006411,0,0,0,0,0,1
10/7/2023 2:00,0.006731,0,0,0,0,0,1
10/7/2023 3:00,0.006978,0,0,0,0,0,1
10/7/2023 4:00,0.008616,0,0,0,0,0,1
10/7/2023 5:00,0.008534,0,0,0,0,0,1
10/7/2023 6:00,0.008262,0,0,0,0,0,1
10/7/2023 7:00,0.00815,0,0,0,0,1,0
10/7/2023 8:00,0.006016,0,0,0,0,1,0
10/7/2023 9:00,0.00651,0,0,0,0,1,0
10/7/2023 10:00,0.005734,0,0,0,1,0,0
10/7/2023 11:00,0.005503,0,0,0,1,0,0
10/7/2023 12:00,0.001534,0,0,1,0,0,0
10/7/2023 13:00,0.001168,0,0,1,0,0,0
10/7/2023 14:00,0.000935,0,0,1,0,0,0
10/7/2023 15:00,0.000596,0,0,1,0,0,0
10/7/2023 16:00,-0.000746,0,1,0,0,0,0
10/7/2023 17:00,-0.002447,0,1,0,0,0,0
10/7/2023 18:00,-0.002431,0,1,0,0,0,0
10/7/2023 19:00,-0.001955,0,1,0,0,0,0
10/7/2023 20:00,-0.001644,0,1,0,0,0,0
10/7/2023 21:00,-0.001288,0,1,0,0,0,0
10/7/2023 22:00,-0.001199,0,1,0,0,0,0
10/7/2023 23:00,-0.001158,0,1,0,0,0,0
10/8/2023 0:00,-0.002188,0,1,0,0,0,0
10/8/2023 1:00,-0.002853,0,1,0,0,0,0
10/8/2023 2:00,-0.003217,0,1,0,0,0,0
10/8/2023 3:00,-0.003069,0,1,0,0,0,0
10/8/2023 4:00,-0.000917,0,0,1,0,0,0
10/8/2023 5:00,-0.000322,0,0,1,0,0,0
10/8/2023 6:00,0.000117,0,0,1,0,0,0
10/8/2023 7:00,0.000769,0,0,0,1,0,0
10/8/2023 8:00,0.004294,0,0,0,0,1,0
10/8/2023 9:00,0.004543,0,0,0,0,0,1
10/8/2023 10:00,0.004616,0,0,0,0,0,1
10/8/2023 11:00,0.004726,0,0,0,0,0,1
10/8/2023 12:00,0.002664,0,0,0,0,1,0
10/8/2023 13:00,0.002694,0,0,0,0,1,0
10/8/2023 14:00,0.002716,0,0,0,0,1,0
10/8/2023 15:00,0.002613,0,0,0,0,1,0
10/8/2023 16:00,0.001888,0,0,0,1,0,0
10/8/2023 17:00,0.001958,0,0,0,1,0,0
10/8/2023 18:00,0.00186,0,0,0,1,0,0
10/8/2023 19:00,0.001944,0,0,0,1,0,0
10/8/2023 20:00,0.003928,0,0,0,0,1,0
10/8/2023 21:00,0.003845,0,0,0,0,1,0
10/8/2023 22:00,0.003767,0,0,0,0,1,0
10/8/2023 23:00,0.003616,0,0,0,0,1,0
10/9/2023 0:00,0.002618,0,0,0,1,0,0
10/9/2023 1:00,0.002453,0,0,0,1,0,0
10/9/2023 2:00,0.00264,0,0,0,1,0,0
10/9/2023 3:00,0.00294,0,0,0,1,0,0
10/9/2023 4:00,0.004211,0,0,0,0,1,0
10/9/2023 5:00,0.004413,0,0,0,0,1,0
10/9/2023 6:00,0.004675,0,0,0,0,1,0
10/9/2023 7:00,0.00494,0,0,0,0,0,1
10/9/2023 8:00,0.004646,0,0,0,0,1,0
10/9/2023 9:00,0.001785,0,1,0,0,0,0
10/9/2023 10:00,0.002028,0,1,0,0,0,0
10/9/2023 11:00,0.002347,0,0,1,0,0,0
10/9/2023 12:00,0.001689,0,1,0,0,0,0
10/9/2023 13:00,0.002889,0,0,1,0,0,0
10/9/2023 14:00,0.003841,0,0,0,0,1,0
10/9/2023 15:00,0.004033,0,0,0,0,1,0
10/9/2023 16:00,0.00163,0,1,0,0,0,0
10/9/2023 17:00,0.001689,0,1,0,0,0,0
10/9/2023 18:00,0.001676,0,1,0,0,0,0
10/9/2023 19:00,0.001591,0,1,0,0,0,0
10/9/2023 20:00,0.002707,0,0,1,0,0,0
10/9/2023 21:00,0.002764,0,0,1,0,0,0
10/9/2023 22:00,0.002824,0,0,1,0,0,0
10/9/2023 23:00,0.002856,0,0,1,0,0,0
10/10/2023 0:00,0.0051,0,0,0,0,0,1
10/10/2023 1:00,0.004983,0,0,0,0,0,1
10/10/2023 2:00,0.004813,0,0,0,0,1,0
10/10/2023 3:00,0.004743,0,0,0,0,1,0
10/10/2023 4:00,0.005539,0,0,0,0,0,1
10/10/2023 5:00,0.005333,0,0,0,0,1,0
10/10/2023 6:00,0.005394,0,0,0,0,1,0
10/10/2023 7:00,0.005384,0,0,0,0,1,0
10/10/2023 8:00,0.005577,0,0,0,0,1,0
10/10/2023 9:00,0.005763,0,0,0,0,1,0
10/10/2023 10:00,0.005952,0,0,0,0,1,0
10/10/2023 11:00,0.005927,0,0,0,0,1,0
10/10/2023 12:00,0.005915,0,0,0,0,1,0
10/10/2023 13:00,0.005913,0,0,0,0,1,0
10/10/2023 14:00,0.006071,0,0,0,0,1,0
10/10/2023 15:00,0.006099,0,0,0,0,1,0
10/10/2023 16:00,0.002467,0,1,0,0,0,0
10/10/2023 17:00,0.004664,0,0,0,1,0,0
10/10/2023 18:00,0.004955,0,0,0,1,0,0
10/10/2023 19:00,0.004972,0,0,0,1,0,0
10/10/2023 20:00,0.003781,0,1,0,0,0,0
10/10/2023 21:00,0.003898,0,1,0,0,0,0
10/10/2023 22:00,0.003853,0,1,0,0,0,0
10/10/2023 23:00,0.003841,0,1,0,0,0,0
10/11/2023 0:00,0.0035,1,0,0,0,0,0
10/11/2023 1:00,0.003591,0,1,0,0,0,0
10/11/2023 2:00,0.003507,0,1,0,0,0,0
10/11/2023 3:00,0.002979,1,0,0,0,0,0
10/11/2023 4:00,0.000305,1,0,0,0,0,0
10/11/2023 5:00,0.000004,1,0,0,0,0,0
10/11/2023 6:00,-0.0001,1,0,0,0,0,0
10/11/2023 7:00,0.000137,1,0,0,0,0,0
10/11/2023 8:00,0.002132,0,1,0,0,0,0
10/11/2023 9:00,0.002333,0,0,1,0,0,0
10/11/2023 10:00,0.002532,0,0,1,0,0,0
10/11/2023 11:00,0.002653,0,0,1,0,0,0
10/11/2023 12:00,0.00406,0,0,0,1,0,0
10/11/2023 13:00,0.003827,0,0,0,1,0,0
10/11/2023 14:00,0.003896,0,0,0,1,0,0
10/11/2023 15:00,0.004449,0,0,0,0,1,0
10/11/2023 16:00,0.007462,0,0,0,0,0,1
10/11/2023 17:00,0.008547,0,0,0,0,0,1
10/11/2023 18:00,0.008559,0,0,0,0,0,1
10/11/2023 19:00,0.008689,0,0,0,0,0,1
10/11/2023 20:00,0.010486,0,0,0,0,0,1
10/11/2023 21:00,0.010349,0,0,0,0,0,1
10/11/2023 22:00,0.010168,0,0,0,0,0,1
10/11/2023 23:00,0.009941,0,0,0,0,1,0
10/12/2023 0:00,0.011968,0,0,0,0,0,1
10/12/2023 1:00,0.011682,0,0,0,0,0,1
10/12/2023 2:00,0.011511,0,0,0,0,1,0
10/12/2023 3:00,0.011219,0,0,0,0,1,0
10/12/2023 4:00,0.01089,0,0,0,0,1,0
10/12/2023 5:00,0.010406,0,0,0,0,1,0
10/12/2023 6:00,0.010129,0,0,0,0,1,0
10/12/2023 7:00,0.009692,0,0,0,1,0,0
10/12/2023 8:00,0.005327,0,1,0,0,0,0
10/12/2023 9:00,0.005709,0,1,0,0,0,0
10/12/2023 10:00,0.006072,0,1,0,0,0,0
10/12/2023 11:00,0.006273,0,1,0,0,0,0
10/12/2023 12:00,0.006289,0,1,0,0,0,0
10/12/2023 13:00,0.006482,0,1,0,0,0,0
10/12/2023 14:00,0.00633,0,1,0,0,0,0
10/12/2023 15:00,0.006328,0,1,0,0,0,0
10/12/2023 16:00,0.008363,0,0,1,0,0,0
10/12/2023 17:00,0.008368,0,0,1,0,0,0
10/12/2023 18:00,0.008641,0,0,1,0,0,0
10/12/2023 19:00,0.008695,0,0,1,0,0,0
10/12/2023 20:00,0.008979,0,0,0,1,0,0
10/12/2023 21:00,0.008773,0,0,0,1,0,0
10/12/2023 22:00,0.008663,0,0,0,1,0,0
10/12/2023 23:00,0.00826,0,0,1,0,0,0
10/13/2023 0:00,0.006892,0,1,0,0,0,0
10/13/2023 1:00,0.006677,0,1,0,0,0,0
10/13/2023 2:00,0.006819,0,0,1,0,0,0
10/13/2023 3:00,0.007328,0,0,1,0,0,0
10/13/2023 4:00,0.007871,0,0,0,1,0,0
10/13/2023 5:00,0.008275,0,0,0,1,0,0
10/13/2023 6:00,0.008516,0,0,0,0,1,0
10/13/2023 7:00,0.008908,0,0,0,0,1,0
10/13/2023 8:00,0.009943,0,0,0,0,0,1
10/13/2023 9:00,0.010049,0,0,0,0,0,1
10/13/2023 10:00,0.009992,0,0,0,0,0,1
10/13/2023 11:00,0.009999,0,0,0,0,1,0
10/13/2023 12:00,0.009913,0,0,0,0,1,0
10/13/2023 13:00,0.009557,0,0,0,0,1,0
10/13/2023 14:00,0.009071,0,0,0,1,0,0
10/13/2023 15:00,0.009037,0,0,0,1,0,0
10/13/2023 16:00,0.009277,0,0,0,1,0,0
10/13/2023 17:00,0.009549,0,0,0,0,1,0
10/13/2023 18:00,0.009612,0,0,0,0,1,0
10/13/2023 19:00,0.009441,0,0,0,1,0,0
10/13/2023 20:00,0.008584,0,0,1,0,0,0
10/13/2023 21:00,0.008838,0,0,0,1,0,0
10/13/2023 22:00,0.008618,0,0,1,0,0,0
10/13/2023 23:00,0.007776,0,1,0,0,0,0
10/14/2023 0:00,0.007737,0,1,0,0,0,0
10/14/2023 1:00,0.007374,1,0,0,0,0,0
10/14/2023 2:00,0.007119,1,0,0,0,0,0
10/14/2023 3:00,0.006842,1,0,0,0,0,0
10/14/2023 4:00,0.006735,1,0,0,0,0,0
10/14/2023 5:00,0.006564,1,0,0,0,0,0
10/14/2023 6:00,0.007057,0,1,0,0,0,0
10/14/2023 7:00,0.007803,0,0,1,0,0,0
10/14/2023 8:00,0.011263,0,0,0,0,0,1
10/14/2023 9:00,0.011481,0,0,0,0,0,1
10/14/2023 10:00,0.011675,0,0,0,0,0,1
10/14/2023 11:00,0.011727,0,0,0,0,0,1
10/14/2023 12:00,0.011505,0,0,0,0,0,1
10/14/2023 13:00,0.011263,0,0,0,0,1,0
10/14/2023 14:00,0.010953,0,0,0,0,1,0
10/14/2023 15:00,0.010671,0,0,0,0,1,0
10/14/2023 16:00,0.005589,1,0,0,0,0,0
10/14/2023 17:00,0.00519,1,0,0,0,0,0
10/14/2023 18:00,0.006003,0,1,0,0,0,0
10/14/2023 19:00,0.006121,0,1,0,0,0,0
10/14/2023 20:00,0.004834,1,0,0,0,0,0
10/14/2023 21:00,0.004651,0,1,0,0,0,0
10/14/2023 22:00,0.004654,0,1,0,0,0,0
10/14/2023 23:00,0.004769,0,1,0,0,0,0
10/15/2023 0:00,0.002982,1,0,0,0,0,0
10/15/2023 1:00,0.003966,0,1,0,0,0,0
10/15/2023 2:00,0.003935,0,1,0,0,0,0
10/15/2023 3:00,0.003657,0,1,0,0,0,0
10/15/2023 4:00,0.003012,0,1,0,0,0,0
10/15/2023 5:00,0.003395,0,1,0,0,0,0
10/15/2023 6:00,0.003591,0,1,0,0,0,0
10/15/2023 7:00,0.003879,0,1,0,0,0,0
10/15/2023 8:00,0.005899,0,0,1,0,0,0
10/15/2023 9:00,0.006139,0,0,1,0,0,0
10/15/2023 10:00,0.006092,0,0,0,1,0,0
10/15/2023 11:00,0.005994,0,0,0,1,0,0
10/15/2023 12:00,0.007296,0,0,0,0,1,0
10/15/2023 13:00,0.007242,0,0,0,0,1,0
10/15/2023 14:00,0.007219,0,0,0,0,1,0
10/15/2023 15:00,0.007038,0,0,0,0,1,0
10/15/2023 16:00,0.004472,0,0,1,0,0,0
10/15/2023 17:00,0.005159,0,0,0,1,0,0
10/15/2023 18:00,0.004998,0,0,1,0,0,0
10/15/2023 19:00,0.005392,0,0,0,1,0,0
10/15/2023 20:00,0.006604,0,0,0,0,1,0
10/15/2023 21:00,0.006781,0,0,0,0,1,0
10/15/2023 22:00,0.006586,0,0,0,0,1,0
10/15/2023 23:00,0.005839,0,0,0,1,0,0
10/16/2023 0:00,0.004582,0,0,1,0,0,0
10/16/2023 1:00,0.005188,0,0,1,0,0,0
10/16/2023 2:00,0.004829,0,0,1,0,0,0
10/16/2023 3:00,0.004369,0,1,0,0,0,0
10/16/2023 4:00,0.001843,1,0,0,0,0,0
10/16/2023 5:00,0.002339,1,0,0,0,0,0
10/16/2023 6:00,0.00329,0,1,0,0,0,0
10/16/2023 7:00,0.003524,0,1,0,0,0,0
10/16/2023 8:00,0.002086,1,0,0,0,0,0
10/16/2023 9:00,0.003426,0,1,0,0,0,0
10/16/2023 10:00,0.004163,0,0,1,0,0,0
10/16/2023 11:00,0.004137,0,0,1,0,0,0
10/16/2023 12:00,0.004716,0,0,1,0,0,0
10/16/2023 13:00,0.005491,0,0,0,1,0,0
10/16/2023 14:00,0.007034,0,0,0,0,0,1
10/16/2023 15:00,0.007453,0,0,0,0,0,1
10/16/2023 16:00,0.0096,0,0,0,0,0,1
10/16/2023 17:00,0.009364,0,0,0,0,0,1
10/16/2023 18:00,0.009024,0,0,0,0,0,1
10/16/2023 19:00,0.008827,0,0,0,0,1,0
10/16/2023 20:00,0.010792,0,0,0,0,0,1
10/16/2023 21:00,0.010319,0,0,0,0,0,1
10/16/2023 22:00,0.009522,0,0,0,0,1,0
10/16/2023 23:00,0.009312,0,0,0,0,1,0
10/17/2023 0:00,0.003457,0,1,0,0,0,0
10/17/2023 1:00,0.003384,0,1,0,0,0,0
10/17/2023 2:00,0.003467,0,1,0,0,0,0
10/17/2023 3:00,0.003553,0,1,0,0,0,0
10/17/2023 4:00,0.002284,0,1,0,0,0,0
10/17/2023 5:00,0.002337,0,1,0,0,0,0
10/17/2023 6:00,0.002379,0,1,0,0,0,0
10/17/2023 7:00,0.002115,0,1,0,0,0,0
10/17/2023 8:00,0.004448,0,0,1,0,0,0
10/17/2023 9:00,0.004419,0,0,1,0,0,0
10/17/2023 10:00,0.004387,0,0,1,0,0,0
10/17/2023 11:00,0.004482,0,0,1,0,0,0
10/17/2023 12:00,0.003384,0,1,0,0,0,0
10/17/2023 13:00,0.00321,0,1,0,0,0,0
10/17/2023 14:00,0.00297,0,1,0,0,0,0
10/17/2023 15:00,0.002662,0,1,0,0,0,0
10/17/2023 16:00,0.000125,1,0,0,0,0,0
10/17/2023 17:00,-0.000467,1,0,0,0,0,0
10/17/2023 18:00,-0.000395,0,1,0,0,0,0
10/17/2023 19:00,-0.000569,0,1,0,0,0,0
10/17/2023 20:00,-0.001109,0,1,0,0,0,0
10/17/2023 21:00,-0.001039,0,1,0,0,0,0
10/17/2023 22:00,-0.000962,0,1,0,0,0,0
10/17/2023 23:00,-0.000737,0,1,0,0,0,0
10/18/2023 0:00,-0.000323,0,1,0,0,0,0
10/18/2023 1:00,-0.000194,0,1,0,0,0,0
10/18/2023 2:00,-0.000166,0,1,0,0,0,0
10/18/2023 3:00,-0.00035,0,1,0,0,0,0
10/18/2023 4:00,0.000457,0,0,1,0,0,0
10/18/2023 5:00,0.000776,0,0,1,0,0,0
10/18/2023 6:00,0.000997,0,0,1,0,0,0
10/18/2023 7:00,0.000998,0,0,1,0,0,0
10/18/2023 8:00,0.000756,0,0,1,0,0,0
10/18/2023 9:00,0.00071,0,0,1,0,0,0
10/18/2023 10:00,0.000562,0,0,1,0,0,0
10/18/2023 11:00,0.000496,0,0,0,1,0,0
10/18/2023 12:00,0.000738,0,0,0,1,0,0
10/18/2023 13:00,0.000798,0,0,0,1,0,0
10/18/2023 14:00,0.001167,0,0,0,0,1,0
10/18/2023 15:00,0.001549,0,0,0,0,0,1
10/18/2023 16:00,-0.000583,0,1,0,0,0,0
10/18/2023 17:00,-0.000669,0,1,0,0,0,0
10/18/2023 18:00,-0.000861,0,1,0,0,0,0
10/18/2023 19:00,-0.001012,0,1,0,0,0,0
10/18/2023 20:00,-0.001743,1,0,0,0,0,0
10/18/2023 21:00,-0.002678,1,0,0,0,0,0
10/18/2023 22:00,-0.003158,1,0,0,0,0,0
10/18/2023 23:00,-0.003619,1,0,0,0,0,0
10/19/2023 0:00,-0.005484,1,0,0,0,0,0
10/19/2023 1:00,-0.006003,1,0,0,0,0,0
10/19/2023 2:00,-0.006246,1,0,0,0,0,0
10/19/2023 3:00,-0.005986,1,0,0,0,0,0
10/19/2023 4:00,-0.006531,1,0,0,0,0,0
10/19/2023 5:00,-0.006195,1,0,0,0,0,0
10/19/2023 6:00,-0.006066,0,1,0,0,0,0
10/19/2023 7:00,-0.006008,0,1,0,0,0,0
10/19/2023 8:00,-0.002845,0,0,1,0,0,0
10/19/2023 9:00,-0.003507,0,0,1,0,0,0
10/19/2023 10:00,-0.002942,0,0,1,0,0,0
10/19/2023 11:00,-0.003048,0,0,1,0,0,0
10/19/2023 12:00,-0.002997,0,0,0,1,0,0
10/19/2023 13:00,-0.003735,0,0,1,0,0,0
10/19/2023 14:00,-0.004164,0,0,1,0,0,0
10/19/2023 15:00,-0.004314,0,0,1,0,0,0
10/19/2023 16:00,-0.011977,1,0,0,0,0,0
10/19/2023 17:00,-0.0113,1,0,0,0,0,0
10/19/2023 18:00,-0.010777,1,0,0,0,0,0
10/19/2023 19:00,-0.010108,1,0,0,0,0,0
10/19/2023 20:00,-0.009224,0,1,0,0,0,0
10/19/2023 21:00,-0.009464,0,1,0,0,0,0
10/19/2023 22:00,-0.009314,0,1,0,0,0,0
10/19/2023 23:00,-0.009277,0,1,0,0,0,0
10/20/2023 0:00,-0.007769,0,0,1,0,0,0
10/20/2023 1:00,-0.007651,0,0,1,0,0,0
10/20/2023 2:00,-0.006345,0,0,0,1,0,0
10/20/2023 3:00,-0.005344,0,0,0,1,0,0
10/20/2023 4:00,-0.005197,0,0,0,1,0,0
10/20/2023 5:00,-0.005184,0,0,0,1,0,0
10/20/2023 6:00,-0.005463,0,0,0,1,0,0
10/20/2023 7:00,-0.005597,0,0,0,1,0,0
10/20/2023 8:00,-0.002931,0,0,0,0,1,0
10/20/2023 9:00,-0.003389,0,0,0,0,1,0
10/20/2023 10:00,-0.002809,0,0,0,0,1,0
10/20/2023 11:00,-0.001517,0,0,0,0,0,1
10/20/2023 12:00,0.000169,0,0,0,0,0,1
10/20/2023 13:00,0.000428,0,0,0,0,0,1
10/20/2023 14:00,0.00078,0,0,0,0,0,1
10/20/2023 15:00,0.000942,0,0,0,0,0,1
10/20/2023 16:00,0.007332,0,0,0,0,0,1
10/20/2023 17:00,0.007474,0,0,0,0,0,1
10/20/2023 18:00,0.007428,0,0,0,0,0,1
10/20/2023 19:00,0.007126,0,0,0,0,0,1
10/20/2023 20:00,0.007584,0,0,0,0,0,1
10/20/2023 21:00,0.006783,0,0,0,0,1,0
10/20/2023 22:00,0.006098,0,0,0,0,1,0
10/20/2023 23:00,0.005877,0,0,0,0,1,0
10/21/2023 0:00,0.002095,0,0,0,1,0,0
10/21/2023 1:00,0.002609,0,0,0,1,0,0
10/21/2023 2:00,0.002947,0,0,0,1,0,0
10/21/2023 3:00,0.003415,0,0,0,1,0,0
10/21/2023 4:00,0.00246,0,0,0,1,0,0
10/21/2023 5:00,0.002076,0,0,1,0,0,0
10/21/2023 6:00,0.001898,0,0,1,0,0,0
10/21/2023 7:00,0.001735,0,0,1,0,0,0
10/21/2023 8:00,0.00251,0,0,1,0,0,0
10/21/2023 9:00,0.002286,0,0,1,0,0,0
10/21/2023 10:00,0.002292,0,0,1,0,0,0
10/21/2023 11:00,0.002169,0,0,1,0,0,0
10/21/2023 12:00,-0.000041,0,1,0,0,0,0
10/21/2023 13:00,-0.000106,0,1,0,0,0,0
10/21/2023 14:00,0.000239,0,1,0,0,0,0
10/21/2023 15:00,0.000499,0,1,0,0,0,0
10/21/2023 16:00,-0.002258,1,0,0,0,0,0
10/21/2023 17:00,-0.002763,1,0,0,0,0,0
10/21/2023 18:00,-0.001383,0,1,0,0,0,0
10/21/2023 19:00,-0.000339,0,1,0,0,0,0
10/21/2023 20:00,0.002486,0,0,0,1,0,0
10/21/2023 21:00,0.002604,0,0,0,1,0,0
10/21/2023 22:00,0.002789,0,0,0,1,0,0
10/21/2023 23:00,0.002982,0,0,0,0,1,0
10/22/2023 0:00,0.002904,0,0,0,0,1,0
10/22/2023 1:00,0.003536,0,0,0,0,1,0
10/22/2023 2:00,0.003199,0,0,0,0,1,0
10/22/2023 3:00,0.003466,0,0,0,0,1,0
10/22/2023 4:00,0.005357,0,0,0,0,0,1
10/22/2023 5:00,0.005679,0,0,0,0,0,1
10/22/2023 6:00,0.005731,0,0,0,0,0,1
10/22/2023 7:00,0.005553,0,0,0,0,1,0
10/22/2023 8:00,0.006363,0,0,0,0,0,1
10/22/2023 9:00,0.007172,0,0,0,0,0,1
10/22/2023 10:00,0.007438,0,0,0,0,0,1
10/22/2023 11:00,0.007474,0,0,0,0,1,0
10/22/2023 12:00,0.007526,0,0,0,0,1,0
10/22/2023 13:00,0.007578,0,0,0,0,1,0
10/22/2023 14:00,0.007505,0,0,0,0,1,0
10/22/2023 15:00,0.007666,0,0,0,0,1,0
10/22/2023 16:00,0.009431,0,0,0,0,0,1
10/22/2023 17:00,0.009534,0,0,0,0,0,1
10/22/2023 18:00,0.009632,0,0,0,0,0,1
10/22/2023 19:00,0.009966,0,0,0,0,0,1
10/22/2023 20:00,0.00947,0,0,0,0,1,0
10/22/2023 21:00,0.009589,0,0,0,0,1,0
10/22/2023 22:00,0.009918,0,0,0,0,1,0
10/22/2023 23:00,0.010098,0,0,0,0,1,0
10/23/2023 0:00,0.01109,0,0,0,0,0,1
10/23/2023 1:00,0.011682,0,0,0,0,0,1
10/23/2023 2:00,0.01261,0,0,0,0,0,1
10/23/2023 3:00,0.013465,0,0,0,0,0,1
10/23/2023 4:00,0.015183,0,0,0,0,0,1
10/23/2023 5:00,0.016089,0,0,0,0,0,1
10/23/2023 6:00,0.016705,0,0,0,0,0,1
10/23/2023 7:00,0.016781,0,0,0,0,0,1
10/23/2023 8:00,0.016969,0,0,0,0,0,1
10/23/2023 9:00,0.015894,0,0,0,0,1,0
10/23/2023 10:00,0.014475,0,0,0,0,1,0
10/23/2023 11:00,0.012893,0,0,0,1,0,0
10/23/2023 12:00,0.011258,0,0,1,0,0,0
10/23/2023 13:00,0.009312,0,1,0,0,0,0
10/23/2023 14:00,0.007778,0,1,0,0,0,0
10/23/2023 15:00,0.006576,1,0,0,0,0,0
10/23/2023 16:00,-0.006173,1,0,0,0,0,0
10/23/2023 17:00,-0.005617,1,0,0,0,0,0
10/23/2023 18:00,-0.005243,1,0,0,0,0,0
10/23/2023 19:00,-0.004163,1,0,0,0,0,0
10/23/2023 20:00,-0.003166,1,0,0,0,0,0
10/23/2023 21:00,-0.00222,0,1,0,0,0,0
10/23/2023 22:00,-0.001129,0,1,0,0,0,0
10/23/2023 23:00,0.002133,0,0,1,0,0,0
10/24/2023 0:00,0.020362,0,0,0,0,1,0
10/24/2023 1:00,0.021242,0,0,0,0,1,0
10/24/2023 2:00,0.023398,0,0,0,0,0,1
10/24/2023 3:00,0.025102,0,0,0,0,0,1
10/24/2023 4:00,0.026358,0,0,0,0,0,1
10/24/2023 5:00,0.027073,0,0,0,0,0,1
10/24/2023 6:00,0.027838,0,0,0,0,1,0
10/24/2023 7:00,0.026071,0,0,0,0,1,0
10/24/2023 8:00,0.020109,0,0,0,0,1,0
10/24/2023 9:00,0.019386,0,0,0,1,0,0
10/24/2023 10:00,0.017229,0,0,0,1,0,0
10/24/2023 11:00,0.01469,0,0,0,1,0,0
10/24/2023 12:00,0.013806,0,0,0,1,0,0
10/24/2023 13:00,0.012849,0,0,0,1,0,0
10/24/2023 14:00,0.011715,0,0,1,0,0,0
10/24/2023 15:00,0.011277,0,0,1,0,0,0
10/24/2023 16:00,0.011125,0,0,1,0,0,0
10/24/2023 17:00,0.011441,0,0,1,0,0,0
10/24/2023 18:00,0.011643,0,0,1,0,0,0
10/24/2023 19:00,0.011829,0,0,1,0,0,0
10/24/2023 20:00,0.011233,0,0,1,0,0,0
10/24/2023 21:00,0.011153,0,0,1,0,0,0
10/24/2023 22:00,0.011165,0,1,0,0,0,0
10/24/2023 23:00,0.011001,0,1,0,0,0,0
10/25/2023 0:00,0.010939,0,1,0,0,0,0
10/25/2023 1:00,0.010863,0,1,0,0,0,0
10/25/2023 2:00,0.011102,0,1,0,0,0,0
10/25/2023 3:00,0.011364,0,0,1,0,0,0
10/25/2023 4:00,0.011706,0,0,1,0,0,0
10/25/2023 5:00,0.012048,0,0,1,0,0,0
10/25/2023 6:00,0.012137,0,0,1,0,0,0
10/25/2023 7:00,0.012302,0,0,1,0,0,0
10/25/2023 8:00,0.013631,0,0,0,1,0,0
10/25/2023 9:00,0.01351,0,0,0,0,1,0
10/25/2023 10:00,0.013491,0,0,0,0,1,0
10/25/2023 11:00,0.01356,0,0,0,0,0,1
10/25/2023 12:00,0.014647,0,0,0,0,0,1
10/25/2023 13:00,0.014886,0,0,0,0,0,1
10/25/2023 14:00,0.015158,0,0,0,0,0,1
10/25/2023 15:00,0.015615,0,0,0,0,0,1
10/25/2023 16:00,0.013255,0,0,0,1,0,0
10/25/2023 17:00,0.013466,0,0,0,1,0,0
10/25/2023 18:00,0.01299,0,0,0,1,0,0
10/25/2023 19:00,0.012552,0,0,1,0,0,0
10/25/2023 20:00,0.012409,0,0,1,0,0,0
10/25/2023 21:00,0.012199,0,0,1,0,0,0
10/25/2023 22:00,0.012278,0,0,1,0,0,0
10/25/2023 23:00,0.011832,0,1,0,0,0,0
10/26/2023 0:00,0.013007,0,0,0,1,0,0
10/26/2023 1:00,0.012745,0,0,1,0,0,0
10/26/2023 2:00,0.013205,0,0,0,1,0,0
10/26/2023 3:00,0.014065,0,0,0,0,1,0
10/26/2023 4:00,0.016708,0,0,0,0,0,1
10/26/2023 5:00,0.017036,0,0,0,0,0,1
10/26/2023 6:00,0.017263,0,0,0,0,0,1
10/26/2023 7:00,0.017789,0,0,0,0,0,1
10/26/2023 8:00,0.019739,0,0,0,0,0,1
10/26/2023 9:00,0.020583,0,0,0,0,0,1
10/26/2023 10:00,0.020387,0,0,0,0,0,1
10/26/2023 11:00,0.019823,0,0,0,0,0,1
10/26/2023 12:00,0.015653,0,0,0,1,0,0
10/26/2023 13:00,0.014632,0,0,1,0,0,0
10/26/2023 14:00,0.014005,0,0,1,0,0,0
10/26/2023 15:00,0.013305,0,0,1,0,0,0
10/26/2023 16:00,0.009812,1,0,0,0,0,0
10/26/2023 17:00,0.01066,0,1,0,0,0,0
10/26/2023 18:00,0.011209,0,1,0,0,0,0
10/26/2023 19:00,0.009467,1,0,0,0,0,0
10/26/2023 20:00,0.009126,1,0,0,0,0,0
10/26/2023 21:00,0.009535,0,1,0,0,0,0
10/26/2023 22:00,0.009867,0,1,0,0,0,0
10/26/2023 23:00,0.010367,0,1,0,0,0,0
10/27/2023 0:00,0.011417,0,1,0,0,0,0
10/27/2023 1:00,0.011158,0,1,0,0,0,0
10/27/2023 2:00,0.01076,0,1,0,0,0,0
10/27/2023 3:00,0.010842,0,1,0,0,0,0
10/27/2023 4:00,0.011078,0,0,1,0,0,0
10/27/2023 5:00,0.010999,0,0,1,0,0,0
10/27/2023 6:00,0.011214,0,0,1,0,0,0
10/27/2023 7:00,0.011333,0,0,1,0,0,0
10/27/2023 8:00,0.012906,0,0,0,1,0,0
10/27/2023 9:00,0.013273,0,0,0,1,0,0
10/27/2023 10:00,0.013682,0,0,0,0,1,0
10/27/2023 11:00,0.013893,0,0,0,0,1,0
10/27/2023 12:00,0.014003,0,0,0,0,1,0
10/27/2023 13:00,0.014484,0,0,0,0,0,1
10/27/2023 14:00,0.014637,0,0,0,0,0,1
10/27/2023 15:00,0.014663,0,0,0,0,0,1
10/27/2023 16:00,0.013424,0,0,0,0,1,0
10/27/2023 17:00,0.013068,0,0,0,1,0,0
10/27/2023 18:00,0.012844,0,0,0,1,0,0
10/27/2023 19:00,0.012677,0,0,0,1,0,0
10/27/2023 20:00,0.012274,0,0,0,1,0,0
10/27/2023 21:00,0.011447,0,0,1,0,0,0
10/27/2023 22:00,0.010685,0,1,0,0,0,0
10/27/2023 23:00,0.010199,1,0,0,0,0,0
10/28/2023 0:00,0.00729,1,0,0,0,0,0
10/28/2023 1:00,0.007459,1,0,0,0,0,0
10/28/2023 2:00,0.007612,1,0,0,0,0,0
10/28/2023 3:00,0.007799,1,0,0,0,0,0
10/28/2023 4:00,0.008155,0,1,0,0,0,0
10/28/2023 5:00,0.008675,0,1,0,0,0,0
10/28/2023 6:00,0.009126,0,1,0,0,0,0
10/28/2023 7:00,0.009394,0,1,0,0,0,0
10/28/2023 8:00,0.016255,0,0,0,0,0,1
10/28/2023 9:00,0.01684,0,0,0,0,0,1
10/28/2023 10:00,0.01659,0,0,0,0,0,1
10/28/2023 11:00,0.016455,0,0,0,0,1,0
10/28/2023 12:00,0.016711,0,0,0,0,1,0
10/28/2023 13:00,0.016625,0,0,0,0,1,0
10/28/2023 14:00,0.016509,0,0,0,0,1,0
10/28/2023 15:00,0.016367,0,0,0,0,1,0
10/28/2023 16:00,0.013651,0,0,0,1,0,0
10/28/2023 17:00,0.013558,0,0,0,1,0,0
10/28/2023 18:00,0.013707,0,0,0,1,0,0
10/28/2023 19:00,0.014179,0,0,0,1,0,0
10/28/2023 20:00,0.017461,0,0,0,0,1,0
10/28/2023 21:00,0.017974,0,0,0,0,1,0
10/28/2023 22:00,0.018409,0,0,0,0,1,0
10/28/2023 23:00,0.018541,0,0,0,0,1,0
10/29/2023 0:00,0.022879,0,0,0,0,0,1
10/29/2023 1:00,0.021441,0,0,0,0,0,1
10/29/2023 2:00,0.020584,0,0,0,0,1,0
10/29/2023 3:00,0.020147,0,0,0,0,1,0
10/29/2023 4:00,0.02122,0,0,0,0,1,0
10/29/2023 5:00,0.021022,0,0,0,0,1,0
10/29/2023 6:00,0.020805,0,0,0,0,1,0
10/29/2023 7:00,0.020659,0,0,0,0,1,0
10/29/2023 8:00,0.019501,0,0,0,1,0,0
10/29/2023 9:00,0.019114,0,0,0,1,0,0
10/29/2023 10:00,0.018262,0,0,0,1,0,0
10/29/2023 11:00,0.01785,0,0,1,0,0,0
10/29/2023 12:00,0.016035,0,1,0,0,0,0
10/29/2023 13:00,0.016639,0,0,1,0,0,0
10/29/2023 14:00,0.017421,0,0,1,0,0,0
10/29/2023 15:00,0.018089,0,0,1,0,0,0
10/29/2023 16:00,0.025612,0,0,0,0,0,1
10/29/2023 17:00,0.026222,0,0,0,0,0,1
10/29/2023 18:00,0.02664,0,0,0,0,0,1
10/29/2023 19:00,0.026877,0,0,0,0,0,1
10/29/2023 20:00,0.029327,0,0,0,0,0,1
10/29/2023 21:00,0.028757,0,0,0,0,0,1
10/29/2023 22:00,0.028457,0,0,0,0,0,1
10/29/2023 23:00,0.028622,0,0,0,0,0,1
10/30/2023 0:00,0.021464,0,0,1,0,0,0
10/30/2023 1:00,0.021021,0,0,1,0,0,0
10/30/2023 2:00,0.019848,0,0,1,0,0,0
10/30/2023 3:00,0.018987,0,1,0,0,0,0
10/30/2023 4:00,0.013969,1,0,0,0,0,0
10/30/2023 5:00,0.013291,1,0,0,0,0,0
10/30/2023 6:00,0.012669,1,0,0,0,0,0
10/30/2023 7:00,0.012057,1,0,0,0,0,0
10/30/2023 8:00,0.014566,0,1,0,0,0,0
10/30/2023 9:00,0.012372,0,1,0,0,0,0
10/30/2023 10:00,0.012057,0,1,0,0,0,0
10/30/2023 11:00,0.012808,0,1,0,0,0,0
10/30/2023 12:00,0.013392,0,1,0,0,0,0
10/30/2023 13:00,0.012614,0,1,0,0,0,0
10/30/2023 14:00,0.012125,0,1,0,0,0,0
10/30/2023 15:00,0.012071,0,1,0,0,0,0
10/30/2023 16:00,0.016763,0,0,1,0,0,0
10/30/2023 17:00,0.016916,0,0,1,0,0,0
10/30/2023 18:00,0.0168,0,0,1,0,0,0
10/30/2023 19:00,0.016523,0,0,1,0,0,0
10/30/2023 20:00,0.01636,0,0,1,0,0,0
10/30/2023 21:00,0.016265,0,0,1,0,0,0
10/30/2023 22:00,0.016193,0,0,0,1,0,0
10/30/2023 23:00,0.015884,0,0,0,1,0,0
10/31/2023 0:00,0.011924,0,1,0,0,0,0
10/31/2023 1:00,0.011935,0,1,0,0,0,0
10/31/2023 2:00,0.011733,0,1,0,0,0,0
10/31/2023 3:00,0.011371,0,1,0,0,0,0
10/31/2023 4:00,0.009652,1,0,0,0,0,0
10/31/2023 5:00,0.009381,1,0,0,0,0,0
10/31/2023 6:00,0.009052,1,0,0,0,0,0
10/31/2023 7:00,0.008842,1,0,0,0,0,0
10/31/2023 8:00,0.00804,1,0,0,0,0,0
10/31/2023 9:00,0.007751,1,0,0,0,0,0
10/31/2023 10:00,0.007796,0,1,0,0,0,0
10/31/2023 11:00,0.008279,0,1,0,0,0,0
10/31/2023 12:00,0.008969,0,1,0,0,0,0
10/31/2023 13:00,0.00951,0,1,0,0,0,0
10/31/2023 14:00,0.009653,0,0,1,0,0,0
10/31/2023 15:00,0.009622,0,0,1,0,0,0
10/31/2023 16:00,0.01131,0,0,1,0,0,0
10/31/2023 17:00,0.011735,0,0,0,1,0,0
10/31/2023 18:00,0.011408,0,0,0,1,0,0
10/31/2023 19:00,0.011025,0,0,0,1,0,0
10/31/2023 20:00,0.011423,0,0,0,1,0,0
10/31/2023 21:00,0.010823,0,0,0,1,0,0
10/31/2023 22:00,0.010676,0,0,0,1,0,0
10/31/2023 23:00,0.010766,0,0,0,1,0,0
11/1/2023 0:00,0.01547,0,0,0,0,0,1
11/1/2023 1:00,0.014235,0,0,0,0,0,1
11/1/2023 2:00,0.01448,0,0,0,0,0,1
11/1/2023 3:00,0.014164,0,0,0,0,0,1
11/1/2023 4:00,0.016783,0,0,0,0,0,1
11/1/2023 5:00,0.016442,0,0,0,0,0,1
11/1/2023 6:00,0.015815,0,0,0,0,0,1
11/1/2023 7:00,0.015517,0,0,0,0,1,0
11/1/2023 8:00,0.015315,0,0,0,0,1,0
11/1/2023 9:00,0.015277,0,0,0,0,1,0
11/1/2023 10:00,0.015179,0,0,0,0,1,0
11/1/2023 11:00,0.014966,0,0,0,0,1,0
11/1/2023 12:00,0.011927,0,0,1,0,0,0
11/1/2023 13:00,0.01238,0,0,1,0,0,0
11/1/2023 14:00,0.012866,0,0,1,0,0,0
11/1/2023 15:00,0.013446,0,0,1,0,0,0
11/1/2023 16:00,0.016004,0,0,0,0,1,0
11/1/2023 17:00,0.015525,0,0,0,0,1,0
11/1/2023 18:00,0.017316,0,0,0,0,0,1
11/1/2023 19:00,0.018567,0,0,0,0,0,1
11/1/2023 20:00,0.019293,0,0,0,0,0,1
11/1/2023 21:00,0.021117,0,0,0,0,0,1
11/1/2023 22:00,0.022011,0,0,0,0,0,1
11/1/2023 23:00,0.022192,0,0,0,0,0,1
11/2/2023 0:00,0.022077,0,0,0,0,0,1
11/2/2023 1:00,0.022829,0,0,0,0,0,1
11/2/2023 2:00,0.024116,0,0,0,0,0,1
11/2/2023 3:00,0.025909,0,0,0,0,0,1
11/2/2023 4:00,0.031913,0,0,0,0,0,1
11/2/2023 5:00,0.030982,0,0,0,0,0,1
11/2/2023 6:00,0.030267,0,0,0,0,0,1
11/2/2023 7:00,0.030095,0,0,0,0,0,1
11/2/2023 8:00,0.02555,0,0,0,0,1,0
11/2/2023 9:00,0.027889,0,0,0,0,1,0
11/2/2023 10:00,0.027657,0,0,0,0,1,0
11/2/2023 11:00,0.026158,0,0,0,1,0,0
11/2/2023 12:00,0.020838,0,0,1,0,0,0
11/2/2023 13:00,0.019536,0,0,1,0,0,0
11/2/2023 14:00,0.017802,0,1,0,0,0,0
11/2/2023 15:00,0.016056,0,1,0,0,0,0
11/2/2023 16:00,0.012119,1,0,0,0,0,0
11/2/2023 17:00,0.011429,1,0,0,0,0,0
11/2/2023 18:00,0.010944,1,0,0,0,0,0
11/2/2023 19:00,0.010601,1,0,0,0,0,0
11/2/2023 20:00,0.008157,1,0,0,0,0,0
11/2/2023 21:00,0.008591,1,0,0,0,0,0
11/2/2023 22:00,0.00919,0,1,0,0,0,0
11/2/2023 23:00,0.009794,0,1,0,0,0,0
11/3/2023 0:00,0.011846,0,1,0,0,0,0
11/3/2023 1:00,0.011868,0,1,0,0,0,0
11/3/2023 2:00,0.011792,0,1,0,0,0,0
11/3/2023 3:00,0.011765,0,1,0,0,0,0
11/3/2023 4:00,0.011265,0,1,0,0,0,0
11/3/2023 5:00,0.010595,0,1,0,0,0,0
11/3/2023 6:00,0.00994,0,1,0,0,0,0
11/3/2023 7:00,0.009367,0,1,0,0,0,0
11/3/2023 8:00,0.006609,0,1,0,0,0,0
11/3/2023 9:00,0.006759,0,1,0,0,0,0
11/3/2023 10:00,0.006896,0,1,0,0,0,0
11/3/2023 11:00,0.007088,0,1,0,0,0,0
11/3/2023 12:00,0.007267,0,1,0,0,0,0
11/3/2023 13:00,0.007541,0,1,0,0,0,0
11/3/2023 14:00,0.008013,0,1,0,0,0,0
11/3/2023 15:00,0.008317,0,0,1,0,0,0
11/3/2023 16:00,0.011998,0,0,0,0,1,0
11/3/2023 17:00,0.01179,0,0,0,0,1,0
11/3/2023 18:00,0.011603,0,0,0,0,1,0
11/3/2023 19:00,0.01118,0,0,0,0,1,0
11/3/2023 20:00,0.010894,0,0,0,1,0,0
11/3/2023 21:00,0.010608,0,0,0,1,0,0
11/3/2023 22:00,0.01015,0,0,0,1,0,0
11/3/2023 23:00,0.00983,0,0,0,1,0,0
11/4/2023 0:00,0.003523,1,0,0,0,0,0
11/4/2023 1:00,0.003659,1,0,0,0,0,0
11/4/2023 2:00,0.003922,1,0,0,0,0,0
11/4/2023 3:00,0.004246,1,0,0,0,0,0
11/4/2023 4:00,0.004576,0,1,0,0,0,0
11/4/2023 5:00,0.004863,0,1,0,0,0,0
11/4/2023 6:00,0.005226,0,1,0,0,0,0
11/4/2023 7:00,0.005545,0,1,0,0,0,0
11/4/2023 8:00,0.012078,0,0,0,0,1,0
11/4/2023 9:00,0.012199,0,0,0,0,1,0
11/4/2023 10:00,0.012233,0,0,0,0,1,0
11/4/2023 11:00,0.012241,0,0,0,0,1,0
11/4/2023 12:00,0.012285,0,0,0,0,1,0
11/4/2023 13:00,0.012436,0,0,0,0,1,0
11/4/2023 14:00,0.012424,0,0,0,0,1,0
11/4/2023 15:00,0.012457,0,0,0,0,1,0
11/4/2023 16:00,0.010219,0,0,0,1,0,0
11/4/2023 17:00,0.010252,0,0,0,1,0,0
11/4/2023 18:00,0.010286,0,0,0,1,0,0
11/4/2023 19:00,0.010236,0,0,0,1,0,0
11/4/2023 20:00,0.010091,0,0,0,1,0,0
11/4/2023 21:00,0.009851,0,0,0,1,0,0
11/4/2023 22:00,0.009719,0,0,0,1,0,0
11/4/2023 23:00,0.01015,0,0,0,1,0,0
11/5/2023 0:00,0.009063,0,0,1,0,0,0
11/5/2023 1:00,0.009442,0,0,0,1,0,0
11/5/2023 2:00,0.00974,0,0,0,1,0,0
11/5/2023 3:00,0.010267,0,0,0,1,0,0
11/5/2023 4:00,0.011134,0,0,0,1,0,0
11/5/2023 5:00,0.011885,0,0,0,0,1,0
11/5/2023 6:00,0.012367,0,0,0,0,1,0
11/5/2023 7:00,0.012208,0,0,0,0,1,0
11/5/2023 8:00,0.019038,0,0,0,0,0,1
11/5/2023 9:00,0.018916,0,0,0,0,0,1
11/5/2023 10:00,0.018648,0,0,0,0,0,1
11/5/2023 11:00,0.018364,0,0,0,0,0,1
11/5/2023 12:00,0.017816,0,0,0,0,0,1
11/5/2023 13:00,0.017557,0,0,0,0,1,0
11/5/2023 14:00,0.017476,0,0,0,0,1,0
11/5/2023 15:00,0.017271,0,0,0,0,1,0
11/5/2023 16:00,0.011189,0,0,1,0,0,0
11/5/2023 17:00,0.011845,0,0,1,0,0,0
11/5/2023 18:00,0.013348,0,0,0,1,0,0
11/5/2023 19:00,0.015133,0,0,0,1,0,0
11/5/2023 20:00,0.018364,0,0,0,0,1,0
11/5/2023 21:00,0.018165,0,0,0,0,1,0
11/5/2023 22:00,0.017128,0,0,0,0,1,0
11/5/2023 23:00,0.017116,0,0,0,1,0,0
11/6/2023 0:00,0.022628,0,0,0,0,0,1
11/6/2023 1:00,0.022517,0,0,0,0,0,1
11/6/2023 2:00,0.021896,0,0,0,0,1,0
11/6/2023 3:00,0.021203,0,0,0,0,1,0
11/6/2023 4:00,0.019882,0,0,0,0,1,0
11/6/2023 5:00,0.019555,0,0,0,1,0,0
11/6/2023 6:00,0.019549,0,0,0,1,0,0
11/6/2023 7:00,0.019165,0,0,0,1,0,0
11/6/2023 8:00,0.012637,1,0,0,0,0,0
11/6/2023 9:00,0.012486,1,0,0,0,0,0
11/6/2023 10:00,0.012827,0,1,0,0,0,0
11/6/2023 11:00,0.013394,0,1,0,0,0,0
11/6/2023 12:00,0.0132,0,1,0,0,0,0
11/6/2023 13:00,0.01275,0,1,0,0,0,0
11/6/2023 14:00,0.011498,0,1,0,0,0,0
11/6/2023 15:00,0.010546,0,1,0,0,0,0
11/6/2023 16:00,0.014023,0,0,1,0,0,0
11/6/2023 17:00,0.0136,0,1,0,0,0,0
11/6/2023 18:00,0.013367,0,1,0,0,0,0
11/6/2023 19:00,0.012984,0,1,0,0,0,0
11/6/2023 20:00,0.011395,0,1,0,0,0,0
11/6/2023 21:00,0.011234,0,1,0,0,0,0
11/6/2023 22:00,0.011152,0,1,0,0,0,0
11/6/2023 23:00,0.011065,0,1,0,0,0,0
11/7/2023 0:00,0.007141,1,0,0,0,0,0
11/7/2023 1:00,0.006973,1,0,0,0,0,0
11/7/2023 2:00,0.006865,1,0,0,0,0,0
11/7/2023 3:00,0.006905,1,0,0,0,0,0
11/7/2023 4:00,0.006887,0,1,0,0,0,0
11/7/2023 5:00,0.006974,0,1,0,0,0,0
11/7/2023 6:00,0.007115,0,1,0,0,0,0
11/7/2023 7:00,0.007301,0,1,0,0,0,0
11/7/2023 8:00,0.009081,0,0,1,0,0,0
11/7/2023 9:00,0.00916,0,0,1,0,0,0
11/7/2023 10:00,0.009262,0,0,1,0,0,0
11/7/2023 11:00,0.009281,0,0,1,0,0,0
11/7/2023 12:00,0.009317,0,0,1,0,0,0
11/7/2023 13:00,0.009363,0,0,1,0,0,0
11/7/2023 14:00,0.009267,0,0,1,0,0,0
11/7/2023 15:00,0.009236,0,0,1,0,0,0
11/7/2023 16:00,0.008063,0,0,1,0,0,0
11/7/2023 17:00,0.007994,0,0,1,0,0,0
11/7/2023 18:00,0.008077,0,0,1,0,0,0
11/7/2023 19:00,0.008411,0,0,1,0,0,0
11/7/2023 20:00,0.00874,0,0,0,1,0,0
11/7/2023 21:00,0.008816,0,0,0,1,0,0
11/7/2023 22:00,0.008957,0,0,0,1,0,0
11/7/2023 23:00,0.008889,0,0,0,1,0,0
11/8/2023 0:00,0.011858,0,0,0,0,0,1
11/8/2023 1:00,0.011888,0,0,0,0,0,1
11/8/2023 2:00,0.011636,0,0,0,0,0,1
11/8/2023 3:00,0.011233,0,0,0,0,0,1
11/8/2023 4:00,0.011146,0,0,0,0,1,0
11/8/2023 5:00,0.011037,0,0,0,0,1,0
11/8/2023 6:00,0.010868,0,0,0,0,1,0
11/8/2023 7:00,0.010773,0,0,0,0,1,0
11/8/2023 8:00,0.007767,0,1,0,0,0,0
11/8/2023 9:00,0.007734,0,1,0,0,0,0
11/8/2023 10:00,0.007799,0,1,0,0,0,0
11/8/2023 11:00,0.007851,0,1,0,0,0,0
11/8/2023 12:00,0.00766,0,1,0,0,0,0
11/8/2023 13:00,0.007696,0,1,0,0,0,0
11/8/2023 14:00,0.007699,0,1,0,0,0,0
11/8/2023 15:00,0.007696,0,1,0,0,0,0
11/8/2023 16:00,0.010525,0,0,0,0,1,0
11/8/2023 17:00,0.01075,0,0,0,0,1,0
11/8/2023 18:00,0.010908,0,0,0,0,1,0
11/8/2023 19:00,0.011198,0,0,0,0,1,0
11/8/2023 20:00,0.013032,0,0,0,0,0,1
11/8/2023 21:00,0.012952,0,0,0,0,0,1
11/8/2023 22:00,0.013008,0,0,0,0,1,0
11/8/2023 23:00,0.013044,0,0,0,0,1,0
11/9/2023 0:00,0.013083,0,0,0,0,1,0
11/9/2023 1:00,0.013152,0,0,0,0,1,0
11/9/2023 2:00,0.0134,0,0,0,0,1,0
11/9/2023 3:00,0.01357,0,0,0,0,1,0
11/9/2023 4:00,0.012864,0,0,0,0,1,0
11/9/2023 5:00,0.013233,0,0,0,0,1,0
11/9/2023 6:00,0.013408,0,0,0,0,1,0
11/9/2023 7:00,0.013768,0,0,0,0,1,0
11/9/2023 8:00,0.017759,0,0,0,0,0,1
11/9/2023 9:00,0.017205,0,0,0,0,0,1
11/9/2023 10:00,0.016551,0,0,0,0,0,1
11/9/2023 11:00,0.015794,0,0,0,0,1,0
11/9/2023 12:00,0.018311,0,0,0,0,0,1
11/9/2023 13:00,0.017784,0,0,0,0,0,1
11/9/2023 14:00,0.018655,0,0,0,0,0,1
11/9/2023 15:00,0.020852,0,0,0,0,0,1
11/9/2023 16:00,0.024142,0,0,0,0,0,1
11/9/2023 17:00,0.021573,0,0,0,0,0,1
11/9/2023 18:00,0.021846,0,0,0,0,0,1
11/9/2023 19:00,0.021796,0,0,0,0,0,1
11/9/2023 20:00,0.021182,0,0,0,0,1,0
11/9/2023 21:00,0.0278,0,0,0,0,0,1
11/9/2023 22:00,0.029665,0,0,0,0,0,1
11/9/2023 23:00,0.02242,0,0,0,0,1,0
11/10/2023 0:00,0.061188,0,0,0,0,0,1
11/10/2023 1:00,0.062695,0,0,0,0,0,1
11/10/2023 2:00,0.063608,0,0,0,0,0,1
11/10/2023 3:00,0.06453,0,0,0,0,0,1
11/10/2023 4:00,0.059809,0,0,0,0,0,1
11/10/2023 5:00,0.060189,0,0,0,0,0,1
11/10/2023 6:00,0.060844,0,0,0,0,1,0
11/10/2023 7:00,0.061167,0,0,0,0,1,0
11/10/2023 8:00,0.03536,0,0,0,1,0,0
11/10/2023 9:00,0.034151,0,0,1,0,0,0
11/10/2023 10:00,0.032319,0,0,1,0,0,0
11/10/2023 11:00,0.029036,0,0,1,0,0,0
11/10/2023 12:00,0.028419,0,0,1,0,0,0
11/10/2023 13:00,0.026486,0,0,1,0,0,0
11/10/2023 14:00,0.024876,0,1,0,0,0,0
11/10/2023 15:00,0.023778,0,1,0,0,0,0
11/10/2023 16:00,0.014224,0,1,0,0,0,0
11/10/2023 17:00,0.013627,0,1,0,0,0,0
11/10/2023 18:00,0.013183,0,1,0,0,0,0
11/10/2023 19:00,0.012908,0,1,0,0,0,0
11/10/2023 20:00,0.007788,0,1,0,0,0,0
11/10/2023 21:00,0.007457,0,1,0,0,0,0
11/10/2023 22:00,0.007205,0,1,0,0,0,0
11/10/2023 23:00,0.007045,0,1,0,0,0,0
11/11/2023 0:00,0.010441,0,1,0,0,0,0
11/11/2023 1:00,0.010418,0,1,0,0,0,0
11/11/2023 2:00,0.010456,0,1,0,0,0,0
11/11/2023 3:00,0.010458,0,1,0,0,0,0
11/11/2023 4:00,0.010547,0,1,0,0,0,0
11/11/2023 5:00,0.011039,0,0,1,0,0,0
11/11/2023 6:00,0.011496,0,0,1,0,0,0
11/11/2023 7:00,0.011924,0,0,1,0,0,0
11/11/2023 8:00,0.01772,0,0,0,1,0,0
11/11/2023 9:00,0.01767,0,0,0,1,0,0
11/11/2023 10:00,0.017177,0,0,0,1,0,0
11/11/2023 11:00,0.017201,0,0,0,1,0,0
11/11/2023 12:00,0.017384,0,0,0,1,0,0
11/11/2023 13:00,0.017151,0,0,0,0,1,0
11/11/2023 14:00,0.016616,0,0,0,0,1,0
11/11/2023 15:00,0.016071,0,0,0,0,1,0
11/11/2023 16:00,0.009626,0,1,0,0,0,0
11/11/2023 17:00,0.009131,0,1,0,0,0,0
11/11/2023 18:00,0.009013,0,1,0,0,0,0
11/11/2023 19:00,0.008932,0,1,0,0,0,0
11/11/2023 20:00,0.009235,0,1,0,0,0,0
11/11/2023 21:00,0.009768,0,0,1,0,0,0
11/11/2023 22:00,0.010138,0,0,1,0,0,0
11/11/2023 23:00,0.010331,0,0,1,0,0,0
11/12/2023 0:00,0.018841,0,0,0,0,0,1
11/12/2023 1:00,0.018886,0,0,0,0,1,0
11/12/2023 2:00,0.018773,0,0,0,0,1,0
11/12/2023 3:00,0.019045,0,0,0,0,1,0
11/12/2023 4:00,0.01997,0,0,0,0,1,0
11/12/2023 5:00,0.019935,0,0,0,0,1,0
11/12/2023 6:00,0.020067,0,0,0,0,1,0
11/12/2023 7:00,0.020292,0,0,0,0,1,0
11/12/2023 8:00,0.017637,0,0,0,1,0,0
11/12/2023 9:00,0.01906,0,0,0,0,1,0
11/12/2023 10:00,0.019051,0,0,0,0,1,0
11/12/2023 11:00,0.018796,0,0,0,0,1,0
11/12/2023 12:00,0.01997,0,0,0,0,1,0
11/12/2023 13:00,0.0192,0,0,0,0,1,0
11/12/2023 14:00,0.018822,0,0,0,1,0,0
11/12/2023 15:00,0.018292,0,0,0,1,0,0
11/12/2023 16:00,0.022881,0,0,0,0,1,0
11/12/2023 17:00,0.022509,0,0,0,0,1,0
11/12/2023 18:00,0.023675,0,0,0,0,1,0
11/12/2023 19:00,0.026267,0,0,0,0,0,1
11/12/2023 20:00,0.028038,0,0,0,0,0,1
11/12/2023 21:00,0.028482,0,0,0,0,0,1
11/12/2023 22:00,0.029014,0,0,0,0,0,1
11/12/2023 23:00,0.028861,0,0,0,0,0,1
11/13/2023 0:00,0.029233,0,0,0,0,0,1
11/13/2023 1:00,0.028171,0,0,0,0,1,0
11/13/2023 2:00,0.027279,0,0,0,0,1,0
11/13/2023 3:00,0.025939,0,0,0,0,1,0
11/13/2023 4:00,0.024464,0,0,0,1,0,0
11/13/2023 5:00,0.023458,0,0,0,1,0,0
11/13/2023 6:00,0.022624,0,0,1,0,0,0
11/13/2023 7:00,0.022084,0,0,1,0,0,0
11/13/2023 8:00,0.015965,1,0,0,0,0,0
11/13/2023 9:00,0.015385,1,0,0,0,0,0
11/13/2023 10:00,0.014835,1,0,0,0,0,0
11/13/2023 11:00,0.014855,1,0,0,0,0,0
11/13/2023 12:00,0.012655,1,0,0,0,0,0
11/13/2023 13:00,0.013117,1,0,0,0,0,0
11/13/2023 14:00,0.013423,1,0,0,0,0,0
11/13/2023 15:00,0.013643,0,1,0,0,0,0
11/13/2023 16:00,0.018981,0,0,1,0,0,0
11/13/2023 17:00,0.017201,0,1,0,0,0,0
11/13/2023 18:00,0.016162,0,1,0,0,0,0
11/13/2023 19:00,0.016174,0,1,0,0,0,0
11/13/2023 20:00,0.015434,0,1,0,0,0,0
11/13/2023 21:00,0.014412,0,1,0,0,0,0
11/13/2023 22:00,0.013643,0,1,0,0,0,0
11/13/2023 23:00,0.01271,0,1,0,0,0,0
11/14/2023 0:00,0.009478,1,0,0,0,0,0
11/14/2023 1:00,0.009341,0,1,0,0,0,0
11/14/2023 2:00,0.009539,0,1,0,0,0,0
11/14/2023 3:00,0.009731,0,1,0,0,0,0
11/14/2023 4:00,0.009163,0,1,0,0,0,0
11/14/2023 5:00,0.009156,0,1,0,0,0,0
11/14/2023 6:00,0.008801,0,1,0,0,0,0
11/14/2023 7:00,0.008446,0,1,0,0,0,0
11/14/2023 8:00,0.015425,0,0,0,0,1,0
11/14/2023 9:00,0.01465,0,0,0,1,0,0
11/14/2023 10:00,0.01446,0,0,0,1,0,0
11/14/2023 11:00,0.014774,0,0,0,1,0,0
11/14/2023 12:00,0.015512,0,0,0,0,1,0
11/14/2023 13:00,0.016267,0,0,0,0,1,0
11/14/2023 14:00,0.015932,0,0,0,0,1,0
11/14/2023 15:00,0.014999,0,0,0,1,0,0
11/14/2023 16:00,0.021318,0,0,0,0,0,1
11/14/2023 17:00,0.020892,0,0,0,0,0,1
11/14/2023 18:00,0.021034,0,0,0,0,0,1
11/14/2023 19:00,0.018552,0,0,0,0,1,0
11/14/2023 20:00,0.017453,0,0,0,0,1,0
11/14/2023 21:00,0.016748,0,0,0,1,0,0
11/14/2023 22:00,0.016751,0,0,0,1,0,0
11/14/2023 23:00,0.0168,0,0,0,1,0,0
11/15/2023 0:00,0.010662,0,1,0,0,0,0
11/15/2023 1:00,0.010304,0,1,0,0,0,0
11/15/2023 2:00,0.009738,0,1,0,0,0,0
11/15/2023 3:00,0.009486,0,1,0,0,0,0
11/15/2023 4:00,0.009406,0,1,0,0,0,0
11/15/2023 5:00,0.009401,0,1,0,0,0,0
11/15/2023 6:00,0.009334,0,1,0,0,0,0
11/15/2023 7:00,0.009305,0,1,0,0,0,0
11/15/2023 8:00,0.014315,0,0,1,0,0,0
11/15/2023 9:00,0.014314,0,0,1,0,0,0
11/15/2023 10:00,0.014312,0,0,1,0,0,0
11/15/2023 11:00,0.014333,0,0,1,0,0,0
11/15/2023 12:00,0.014345,0,0,1,0,0,0
11/15/2023 13:00,0.014304,0,0,1,0,0,0
11/15/2023 14:00,0.014296,0,0,0,1,0,0
11/15/2023 15:00,0.014244,0,0,0,1,0,0
11/15/2023 16:00,0.007982,0,1,0,0,0,0
11/15/2023 17:00,0.007809,0,1,0,0,0,0
11/15/2023 18:00,0.007906,0,1,0,0,0,0
11/15/2023 19:00,0.008167,0,1,0,0,0,0
11/15/2023 20:00,0.008345,0,1,0,0,0,0
11/15/2023 21:00,0.008422,0,1,0,0,0,0
11/15/2023 22:00,0.008623,0,1,0,0,0,0
11/15/2023 23:00,0.009072,0,0,1,0,0,0
11/16/2023 0:00,0.012248,0,0,0,1,0,0
11/16/2023 1:00,0.013311,0,0,0,0,1,0
11/16/2023 2:00,0.013967,0,0,0,0,1,0
11/16/2023 3:00,0.014148,0,0,0,0,1,0
11/16/2023 4:00,0.014335,0,0,0,0,1,0
11/16/2023 5:00,0.014366,0,0,0,0,1,0
11/16/2023 6:00,0.014143,0,0,0,0,1,0
11/16/2023 7:00,0.013752,0,0,0,1,0,0
11/16/2023 8:00,0.012422,0,0,0,1,0,0
11/16/2023 9:00,0.01221,0,0,0,1,0,0
11/16/2023 10:00,0.011814,0,0,1,0,0,0
11/16/2023 11:00,0.011871,0,0,0,1,0,0
11/16/2023 12:00,0.011752,0,0,0,1,0,0
11/16/2023 13:00,0.011778,0,0,0,1,0,0
11/16/2023 14:00,0.011421,0,0,1,0,0,0
11/16/2023 15:00,0.010721,0,0,1,0,0,0
11/16/2023 16:00,0.010191,0,0,1,0,0,0
11/16/2023 17:00,0.010122,0,0,1,0,0,0
11/16/2023 18:00,0.01008,0,1,0,0,0,0
11/16/2023 19:00,0.009866,0,1,0,0,0,0
11/16/2023 20:00,0.009866,0,1,0,0,0,0
11/16/2023 21:00,0.010094,0,1,0,0,0,0
11/16/2023 22:00,0.010291,0,1,0,0,0,0
11/16/2023 23:00,0.010386,0,1,0,0,0,0
11/17/2023 0:00,0.007715,1,0,0,0,0,0
11/17/2023 1:00,0.007783,1,0,0,0,0,0
11/17/2023 2:00,0.007944,1,0,0,0,0,0
11/17/2023 3:00,0.008006,0,1,0,0,0,0
11/17/2023 4:00,0.007974,0,1,0,0,0,0
11/17/2023 5:00,0.007814,0,1,0,0,0,0
11/17/2023 6:00,0.007754,0,1,0,0,0,0
11/17/2023 7:00,0.007716,0,1,0,0,0,0
11/17/2023 8:00,0.01039,0,0,0,1,0,0
11/17/2023 9:00,0.01031,0,0,0,1,0,0
11/17/2023 10:00,0.010124,0,0,0,1,0,0
11/17/2023 11:00,0.010058,0,0,0,1,0,0
11/17/2023 12:00,0.010104,0,0,0,1,0,0
11/17/2023 13:00,0.010116,0,0,0,1,0,0
11/17/2023 14:00,0.009983,0,0,0,1,0,0
11/17/2023 15:00,0.009933,0,0,0,1,0,0
11/17/2023 16:00,0.010207,0,0,0,0,1,0
11/17/2023 17:00,0.010259,0,0,0,0,1,0
11/17/2023 18:00,0.010259,0,0,0,0,1,0
11/17/2023 19:00,0.010202,0,0,0,0,1,0
11/17/2023 20:00,0.010097,0,0,0,1,0,0
11/17/2023 21:00,0.010007,0,0,0,1,0,0
11/17/2023 22:00,0.009994,0,0,0,1,0,0
11/17/2023 23:00,0.009976,0,0,0,1,0,0
11/18/2023 0:00,0.008126,0,1,0,0,0,0
11/18/2023 1:00,0.008074,0,1,0,0,0,0
11/18/2023 2:00,0.008066,0,1,0,0,0,0
11/18/2023 3:00,0.008066,0,1,0,0,0,0
11/18/2023 4:00,0.008066,0,1,0,0,0,0
11/18/2023 5:00,0.008066,0,1,0,0,0,0
11/18/2023 6:00,0.00808,0,1,0,0,0,0
11/18/2023 7:00,0.008108,0,1,0,0,0,0
11/18/2023 8:00,0.011531,0,0,0,0,0,1
11/18/2023 9:00,0.011533,0,0,0,0,0,1
11/18/2023 10:00,0.011533,0,0,0,0,0,1
11/18/2023 11:00,0.011533,0,0,0,0,1,0
11/18/2023 12:00,0.011533,0,0,0,0,1,0
11/18/2023 13:00,0.011533,0,0,0,0,1,0
11/18/2023 14:00,0.011522,0,0,0,0,1,0
11/18/2023 15:00,0.011498,0,0,0,0,1,0
11/18/2023 16:00,0.008281,0,1,0,0,0,0
11/18/2023 17:00,0.008266,0,1,0,0,0,0
11/18/2023 18:00,0.00826,0,1,0,0,0,0
11/18/2023 19:00,0.00818,0,1,0,0,0,0
11/18/2023 20:00,0.008113,0,1,0,0,0,0
11/18/2023 21:00,0.00811,0,1,0,0,0,0
11/18/2023 22:00,0.00811,0,1,0,0,0,0
11/18/2023 23:00,0.008111,0,1,0,0,0,0
11/19/2023 0:00,0.007458,0,1,0,0,0,0
11/19/2023 1:00,0.007473,0,1,0,0,0,0
11/19/2023 2:00,0.007479,0,1,0,0,0,0
11/19/2023 3:00,0.00756,0,1,0,0,0,0
11/19/2023 4:00,0.007626,0,1,0,0,0,0
11/19/2023 5:00,0.007629,0,1,0,0,0,0
11/19/2023 6:00,0.007629,0,1,0,0,0,0
11/19/2023 7:00,0.007629,0,1,0,0,0,0
11/19/2023 8:00,0.008581,0,0,1,0,0,0
11/19/2023 9:00,0.008577,0,0,1,0,0,0
11/19/2023 10:00,0.008576,0,0,1,0,0,0
11/19/2023 11:00,0.008547,0,0,1,0,0,0
11/19/2023 12:00,0.008535,0,0,0,1,0,0
11/19/2023 13:00,0.008536,0,0,0,1,0,0
11/19/2023 14:00,0.008544,0,0,0,1,0,0
11/19/2023 15:00,0.008544,0,0,0,0,1,0
11/19/2023 16:00,0.007871,0,0,1,0,0,0
11/19/2023 17:00,0.007875,0,0,1,0,0,0
11/19/2023 18:00,0.007877,0,0,1,0,0,0
11/19/2023 19:00,0.007909,0,0,1,0,0,0
11/19/2023 20:00,0.007929,0,0,1,0,0,0
11/19/2023 21:00,0.007928,0,0,1,0,0,0
11/19/2023 22:00,0.007929,0,0,1,0,0,0
11/19/2023 23:00,0.008082,0,0,0,1,0,0
11/20/2023 0:00,0.010698,0,0,0,0,0,1
11/20/2023 1:00,0.010803,0,0,0,0,0,1
11/20/2023 2:00,0.010853,0,0,0,0,0,1
11/20/2023 3:00,0.011044,0,0,0,0,0,1
11/20/2023 4:00,0.011187,0,0,0,0,0,1
11/20/2023 5:00,0.011256,0,0,0,0,0,1
11/20/2023 6:00,0.011292,0,0,0,0,0,1
11/20/2023 7:00,0.011275,0,0,0,0,0,1
11/20/2023 8:00,0.012242,0,0,0,0,0,1
11/20/2023 9:00,0.012149,0,0,0,0,0,1
11/20/2023 10:00,0.012109,0,0,0,0,1,0
11/20/2023 11:00,0.011927,0,0,0,0,1,0
11/20/2023 12:00,0.011774,0,0,0,0,1,0
11/20/2023 13:00,0.011733,0,0,0,0,1,0
11/20/2023 14:00,0.011736,0,0,0,0,1,0
11/20/2023 15:00,0.01165,0,0,0,0,1,0
11/20/2023 16:00,0.00914,0,1,0,0,0,0
11/20/2023 17:00,0.009136,0,1,0,0,0,0
11/20/2023 18:00,0.009132,0,1,0,0,0,0
11/20/2023 19:00,0.009118,0,1,0,0,0,0
11/20/2023 20:00,0.009083,0,1,0,0,0,0
11/20/2023 21:00,0.008891,0,1,0,0,0,0
11/20/2023 22:00,0.008832,0,1,0,0,0,0
11/20/2023 23:00,0.008779,0,1,0,0,0,0
11/21/2023 0:00,0.006684,1,0,0,0,0,0
11/21/2023 1:00,0.006684,1,0,0,0,0,0
11/21/2023 2:00,0.00669,1,0,0,0,0,0
11/21/2023 3:00,0.006692,1,0,0,0,0,0
11/21/2023 4:00,0.00673,0,1,0,0,0,0
11/21/2023 5:00,0.006895,0,1,0,0,0,0
11/21/2023 6:00,0.006918,0,1,0,0,0,0
11/21/2023 7:00,0.00693,0,1,0,0,0,0
11/21/2023 8:00,0.00903,0,0,1,0,0,0
11/21/2023 9:00,0.009022,0,0,0,1,0,0
11/21/2023 10:00,0.009007,0,0,0,1,0,0
11/21/2023 11:00,0.009005,0,0,0,1,0,0
11/21/2023 12:00,0.009005,0,0,0,1,0,0
11/21/2023 13:00,0.009004,0,0,0,1,0,0
11/21/2023 14:00,0.008975,0,0,0,1,0,0
11/21/2023 15:00,0.008943,0,0,0,1,0,0
11/21/2023 16:00,0.007881,0,0,1,0,0,0
11/21/2023 17:00,0.00778,0,0,1,0,0,0
11/21/2023 18:00,0.007706,0,0,1,0,0,0
11/21/2023 19:00,0.007721,0,0,1,0,0,0
11/21/2023 20:00,0.007797,0,0,1,0,0,0
11/21/2023 21:00,0.007826,0,0,1,0,0,0
11/21/2023 22:00,0.007851,0,0,1,0,0,0
11/21/2023 23:00,0.007892,0,0,0,1,0,0
11/22/2023 0:00,0.010459,0,0,0,0,0,1
11/22/2023 1:00,0.01057,0,0,0,0,0,1
11/22/2023 2:00,0.01066,0,0,0,0,0,1
11/22/2023 3:00,0.010639,0,0,0,0,0,1
11/22/2023 4:00,0.009258,0,0,0,1,0,0
11/22/2023 5:00,0.009232,0,0,0,1,0,0
11/22/2023 6:00,0.009237,0,0,0,1,0,0
11/22/2023 7:00,0.009238,0,0,0,1,0,0
11/22/2023 8:00,0.006257,1,0,0,0,0,0
11/22/2023 9:00,0.006288,1,0,0,0,0,0
11/22/2023 10:00,0.006294,1,0,0,0,0,0
11/22/2023 11:00,0.00633,1,0,0,0,0,0
11/22/2023 12:00,0.007671,0,0,1,0,0,0
11/22/2023 13:00,0.007775,0,0,1,0,0,0
11/22/2023 14:00,0.007853,0,0,1,0,0,0
11/22/2023 15:00,0.00787,0,0,1,0,0,0
11/22/2023 16:00,0.009868,0,0,0,0,1,0
11/22/2023 17:00,0.009839,0,0,0,0,1,0
11/22/2023 18:00,0.009902,0,0,0,0,1,0
11/22/2023 19:00,0.009979,0,0,0,0,1,0
11/22/2023 20:00,0.009954,0,0,0,0,1,0
11/22/2023 21:00,0.009966,0,0,0,0,1,0
11/22/2023 22:00,0.0101,0,0,0,0,1,0
11/22/2023 23:00,0.010288,0,0,0,0,1,0
11/23/2023 0:00,0.010895,0,0,0,0,1,0
11/23/2023 1:00,0.01116,0,0,0,0,1,0
11/23/2023 2:00,0.011221,0,0,0,0,1,0
11/23/2023 3:00,0.011305,0,0,0,0,1,0
11/23/2023 4:00,0.011588,0,0,0,0,1,0
11/23/2023 5:00,0.011901,0,0,0,0,1,0
11/23/2023 6:00,0.011902,0,0,0,0,1,0
11/23/2023 7:00,0.011827,0,0,0,0,1,0
11/23/2023 8:00,0.01294,0,0,0,0,0,1
11/23/2023 9:00,0.013173,0,0,0,0,0,1
11/23/2023 10:00,0.013629,0,0,0,0,0,1
11/23/2023 11:00,0.013883,0,0,0,0,0,1
11/23/2023 12:00,0.013937,0,0,0,0,0,1
11/23/2023 13:00,0.013721,0,0,0,0,1,0
11/23/2023 14:00,0.013556,0,0,0,0,1,0
11/23/2023 15:00,0.013405,0,0,0,0,1,0
11/23/2023 16:00,0.01183,0,0,0,1,0,0
11/23/2023 17:00,0.011325,0,0,1,0,0,0
11/23/2023 18:00,0.010732,0,1,0,0,0,0
11/23/2023 19:00,0.010292,0,1,0,0,0,0
11/23/2023 20:00,0.009959,0,1,0,0,0,0
11/23/2023 21:00,0.009777,1,0,0,0,0,0
11/23/2023 22:00,0.009777,0,1,0,0,0,0
11/23/2023 23:00,0.009805,0,1,0,0,0,0
11/24/2023 0:00,0.010446,0,1,0,0,0,0
11/24/2023 1:00,0.010452,0,1,0,0,0,0
11/24/2023 2:00,0.010454,0,1,0,0,0,0
11/24/2023 3:00,0.010454,0,1,0,0,0,0
11/24/2023 4:00,0.010449,0,1,0,0,0,0
11/24/2023 5:00,0.010437,0,1,0,0,0,0
11/24/2023 6:00,0.010367,0,1,0,0,0,0
11/24/2023 7:00,0.010436,0,0,1,0,0,0
11/24/2023 8:00,0.010235,0,1,0,0,0,0
11/24/2023 9:00,0.010618,0,0,1,0,0,0
11/24/2023 10:00,0.011491,0,0,0,1,0,0
11/24/2023 11:00,0.012406,0,0,0,0,1,0
11/24/2023 12:00,0.013099,0,0,0,0,0,1
11/24/2023 13:00,0.013605,0,0,0,0,0,1
11/24/2023 14:00,0.014027,0,0,0,0,0,1
11/24/2023 15:00,0.01481,0,0,0,0,0,1
11/24/2023 16:00,0.017999,0,0,0,0,0,1
11/24/2023 17:00,0.017886,0,0,0,0,0,1
11/24/2023 18:00,0.017312,0,0,0,0,0,1
11/24/2023 19:00,0.016899,0,0,0,0,0,1
11/24/2023 20:00,0.016545,0,0,0,0,1,0
11/24/2023 21:00,0.016144,0,0,0,0,1,0
11/24/2023 22:00,0.015898,0,0,0,0,1,0
11/24/2023 23:00,0.01511,0,0,0,1,0,0
11/25/2023 0:00,0.005993,1,0,0,0,0,0
11/25/2023 1:00,0.005766,1,0,0,0,0,0
11/25/2023 2:00,0.005514,1,0,0,0,0,0
11/25/2023 3:00,0.005279,1,0,0,0,0,0
11/25/2023 4:00,0.005087,1,0,0,0,0,0
11/25/2023 5:00,0.004987,1,0,0,0,0,0
11/25/2023 6:00,0.004849,0,1,0,0,0,0
11/25/2023 7:00,0.004787,0,1,0,0,0,0
11/25/2023 8:00,0.011452,0,0,1,0,0,0
11/25/2023 9:00,0.011431,0,0,1,0,0,0
11/25/2023 10:00,0.011493,0,0,1,0,0,0
11/25/2023 11:00,0.011245,0,0,1,0,0,0
11/25/2023 12:00,0.011127,0,0,1,0,0,0
11/25/2023 13:00,0.011129,0,0,1,0,0,0
11/25/2023 14:00,0.011106,0,0,1,0,0,0
11/25/2023 15:00,0.011102,0,0,0,1,0,0
11/25/2023 16:00,0.006397,0,1,0,0,0,0
11/25/2023 17:00,0.006365,0,1,0,0,0,0
11/25/2023 18:00,0.006261,0,1,0,0,0,0
11/25/2023 19:00,0.006338,0,1,0,0,0,0
11/25/2023 20:00,0.006381,0,0,1,0,0,0
11/25/2023 21:00,0.006448,0,0,1,0,0,0
11/25/2023 22:00,0.006492,0,0,1,0,0,0
11/25/2023 23:00,0.006535,0,0,1,0,0,0
11/26/2023 0:00,0.008667,0,0,0,1,0,0
11/26/2023 1:00,0.008734,0,0,0,1,0,0
11/26/2023 2:00,0.008789,0,0,0,1,0,0
11/26/2023 3:00,0.00898,0,0,0,1,0,0
11/26/2023 4:00,0.009064,0,0,0,1,0,0
11/26/2023 5:00,0.009301,0,0,0,1,0,0
11/26/2023 6:00,0.009467,0,0,0,1,0,0
11/26/2023 7:00,0.009589,0,0,0,1,0,0
11/26/2023 8:00,0.01191,0,0,0,0,1,0
11/26/2023 9:00,0.011912,0,0,0,0,1,0
11/26/2023 10:00,0.011898,0,0,0,0,1,0
11/26/2023 11:00,0.011657,0,0,0,0,1,0
11/26/2023 12:00,0.011533,0,0,0,0,1,0
11/26/2023 13:00,0.011239,0,0,0,0,1,0
11/26/2023 14:00,0.011539,0,0,0,0,1,0
11/26/2023 15:00,0.012517,0,0,0,0,0,1
11/26/2023 16:00,0.007947,0,0,1,0,0,0
11/26/2023 17:00,0.007918,0,0,1,0,0,0
11/26/2023 18:00,0.008002,0,0,1,0,0,0
11/26/2023 19:00,0.008091,0,0,1,0,0,0
11/26/2023 20:00,0.006847,0,1,0,0,0,0
11/26/2023 21:00,0.007213,0,1,0,0,0,0
11/26/2023 22:00,0.007306,0,1,0,0,0,0
11/26/2023 23:00,0.006474,1,0,0,0,0,0
11/27/2023 0:00,0.009551,0,0,0,1,0,0
11/27/2023 1:00,0.009743,0,0,0,1,0,0
11/27/2023 2:00,0.009741,0,0,0,1,0,0
11/27/2023 3:00,0.009768,0,0,0,1,0,0
11/27/2023 4:00,0.011104,0,0,0,0,1,0
11/27/2023 5:00,0.010742,0,0,0,1,0,0
11/27/2023 6:00,0.010208,0,0,0,1,0,0
11/27/2023 7:00,0.009921,0,0,0,1,0,0
11/27/2023 8:00,0.006666,1,0,0,0,0,0
11/27/2023 9:00,0.006453,0,1,0,0,0,0
11/27/2023 10:00,0.006317,0,1,0,0,0,0
11/27/2023 11:00,0.00612,0,1,0,0,0,0
11/27/2023 12:00,0.005204,1,0,0,0,0,0
11/27/2023 13:00,0.00515,1,0,0,0,0,0
11/27/2023 14:00,0.005051,0,1,0,0,0,0
11/27/2023 15:00,0.005034,0,1,0,0,0,0
11/27/2023 16:00,0.003708,1,0,0,0,0,0
11/27/2023 17:00,0.003681,1,0,0,0,0,0
11/27/2023 18:00,0.003678,1,0,0,0,0,0
11/27/2023 19:00,0.003685,0,1,0,0,0,0
11/27/2023 20:00,0.003443,0,1,0,0,0,0
11/27/2023 21:00,0.003465,0,1,0,0,0,0
11/27/2023 22:00,0.003499,0,1,0,0,0,0
11/27/2023 23:00,0.003527,0,1,0,0,0,0
11/28/2023 0:00,0.008118,0,0,0,1,0,0
11/28/2023 1:00,0.008128,0,0,0,1,0,0
11/28/2023 2:00,0.008158,0,0,0,0,1,0
11/28/2023 3:00,0.008201,0,0,0,0,1,0
11/28/2023 4:00,0.00927,0,0,0,0,1,0
11/28/2023 5:00,0.009273,0,0,0,0,1,0
11/28/2023 6:00,0.009275,0,0,0,0,1,0
11/28/2023 7:00,0.009226,0,0,0,0,1,0
11/28/2023 8:00,0.007622,0,0,0,0,1,0
11/28/2023 9:00,0.007628,0,0,0,1,0,0
11/28/2023 10:00,0.007627,0,0,0,1,0,0
11/28/2023 11:00,0.007627,0,0,0,1,0,0
11/28/2023 12:00,0.007243,0,0,0,1,0,0
11/28/2023 13:00,0.007241,0,0,0,1,0,0
11/28/2023 14:00,0.007282,0,0,0,1,0,0
11/28/2023 15:00,0.00731,0,0,0,1,0,0
11/28/2023 16:00,0.008393,0,0,0,0,1,0
11/28/2023 17:00,0.008418,0,0,0,1,0,0
11/28/2023 18:00,0.008365,0,0,0,1,0,0
11/28/2023 19:00,0.008285,0,0,0,1,0,0
11/28/2023 20:00,0.008622,0,0,0,1,0,0
11/28/2023 21:00,0.008582,0,0,0,1,0,0
11/28/2023 22:00,0.008581,0,0,0,1,0,0
11/28/2023 23:00,0.008613,0,0,0,1,0,0
11/29/2023 0:00,0.003405,1,0,0,0,0,0
11/29/2023 1:00,0.004003,1,0,0,0,0,0
11/29/2023 2:00,0.004028,1,0,0,0,0,0
11/29/2023 3:00,0.004057,1,0,0,0,0,0
11/29/2023 4:00,0.002668,1,0,0,0,0,0
11/29/2023 5:00,0.002693,1,0,0,0,0,0
11/29/2023 6:00,0.002616,1,0,0,0,0,0
11/29/2023 7:00,0.002563,1,0,0,0,0,0
11/29/2023 8:00,0.008716,0,0,0,0,1,0
11/29/2023 9:00,0.009067,0,0,0,0,1,0
11/29/2023 10:00,0.009284,0,0,0,0,1,0
11/29/2023 11:00,0.009383,0,0,0,0,1,0
11/29/2023 12:00,0.009811,0,0,0,0,1,0
11/29/2023 13:00,0.009967,0,0,0,0,1,0
11/29/2023 14:00,0.010038,0,0,0,0,1,0
11/29/2023 15:00,0.010032,0,0,0,0,1,0
11/29/2023 16:00,0.005462,0,0,1,0,0,0
11/29/2023 17:00,0.005132,0,0,1,0,0,0
11/29/2023 18:00,0.004943,0,0,1,0,0,0
11/29/2023 19:00,0.004917,0,0,1,0,0,0
11/29/2023 20:00,0.004719,0,0,1,0,0,0
11/29/2023 21:00,0.004581,0,0,1,0,0,0
11/29/2023 22:00,0.004564,0,0,1,0,0,0
11/29/2023 23:00,0.004595,0,0,1,0,0,0
11/30/2023 0:00,0.005934,0,0,1,0,0,0
11/30/2023 1:00,0.005929,0,0,1,0,0,0
11/30/2023 2:00,0.005911,0,0,1,0,0,0
11/30/2023 3:00,0.005883,0,0,1,0,0,0
11/30/2023 4:00,0.007148,0,0,0,1,0,0
11/30/2023 5:00,0.007247,0,0,0,1,0,0
11/30/2023 6:00,0.007307,0,0,0,1,0,0
11/30/2023 7:00,0.007414,0,0,0,1,0,0
11/30/2023 8:00,0.008959,0,0,0,0,1,0
11/30/2023 9:00,0.008961,0,0,0,0,1,0
11/30/2023 10:00,0.008965,0,0,0,0,1,0
11/30/2023 11:00,0.008944,0,0,0,0,1,0
11/30/2023 12:00,0.008187,0,0,0,1,0,0
11/30/2023 13:00,0.008133,0,0,0,0,1,0
11/30/2023 14:00,0.008045,0,0,0,0,1,0
11/30/2023 15:00,0.007891,0,0,0,0,1,0
11/30/2023 16:00,0.005073,0,1,0,0,0,0
11/30/2023 17:00,0.005056,0,1,0,0,0,0
11/30/2023 18:00,0.005043,0,1,0,0,0,0
11/30/2023 19:00,0.005062,0,1,0,0,0,0
11/30/2023 20:00,0.004899,0,1,0,0,0,0
11/30/2023 21:00,0.004888,0,1,0,0,0,0
11/30/2023 22:00,0.005019,0,1,0,0,0,0
11/30/2023 23:00,0.005073,0,1,0,0,0,0
12/1/2023 0:00,0.00759,0,0,0,1,0,0
12/1/2023 1:00,0.007657,0,0,0,1,0,0
12/1/2023 2:00,0.007791,0,0,0,1,0,0
12/1/2023 3:00,0.00802,0,0,0,1,0,0
12/1/2023 4:00,0.009223,0,0,0,0,1,0
12/1/2023 5:00,0.009551,0,0,0,0,1,0
12/1/2023 6:00,0.009677,0,0,0,0,1,0
12/1/2023 7:00,0.010269,0,0,0,0,0,1
12/1/2023 8:00,0.014571,0,0,0,0,0,1
12/1/2023 9:00,0.015468,0,0,0,0,0,1
12/1/2023 10:00,0.016363,0,0,0,0,0,1
12/1/2023 11:00,0.016861,0,0,0,0,0,1
12/1/2023 12:00,0.019794,0,0,0,0,0,1
12/1/2023 13:00,0.01985,0,0,0,0,0,1
12/1/2023 14:00,0.019872,0,0,0,0,0,1
12/1/2023 15:00,0.019323,0,0,0,0,0,1
12/1/2023 16:00,0.022112,0,0,0,0,0,1
12/1/2023 17:00,0.021379,0,0,0,0,0,1
12/1/2023 18:00,0.020534,0,0,0,0,1,0
12/1/2023 19:00,0.020207,0,0,0,0,1,0
12/1/2023 20:00,0.018413,0,0,0,0,1,0
12/1/2023 21:00,0.018232,0,0,0,1,0,0
12/1/2023 22:00,0.018158,0,0,0,1,0,0
12/1/2023 23:00,0.018177,0,0,0,1,0,0
12/2/2023 0:00,0.009109,0,1,0,0,0,0
12/2/2023 1:00,0.008527,0,1,0,0,0,0
12/2/2023 2:00,0.00821,0,1,0,0,0,0
12/2/2023 3:00,0.007671,1,0,0,0,0,0
12/2/2023 4:00,0.007422,1,0,0,0,0,0
12/2/2023 5:00,0.00763,0,1,0,0,0,0
12/2/2023 6:00,0.007895,0,1,0,0,0,0
12/2/2023 7:00,0.008389,0,1,0,0,0,0
12/2/2023 8:00,0.011232,0,0,1,0,0,0
12/2/2023 9:00,0.011381,0,0,1,0,0,0
12/2/2023 10:00,0.011924,0,0,1,0,0,0
12/2/2023 11:00,0.012491,0,0,1,0,0,0
12/2/2023 12:00,0.011672,0,0,1,0,0,0
12/2/2023 13:00,0.011892,0,0,1,0,0,0
12/2/2023 14:00,0.011994,0,0,1,0,0,0
12/2/2023 15:00,0.011795,0,0,1,0,0,0
12/2/2023 16:00,0.010885,0,0,1,0,0,0
12/2/2023 17:00,0.010462,0,0,1,0,0,0
12/2/2023 18:00,0.010305,0,0,1,0,0,0
12/2/2023 19:00,0.010975,0,0,1,0,0,0
12/2/2023 20:00,0.01342,0,0,0,1,0,0
12/2/2023 21:00,0.013746,0,0,0,0,1,0
12/2/2023 22:00,0.013822,0,0,0,0,1,0
12/2/2023 23:00,0.013813,0,0,0,0,1,0
12/3/2023 0:00,0.015254,0,0,0,0,0,1
12/3/2023 1:00,0.015567,0,0,0,0,0,1
12/3/2023 2:00,0.01566,0,0,0,0,0,1
12/3/2023 3:00,0.01506,0,0,0,0,1,0
12/3/2023 4:00,0.014329,0,0,0,0,1,0
12/3/2023 5:00,0.013993,0,0,0,0,1,0
12/3/2023 6:00,0.013932,0,0,0,1,0,0
12/3/2023 7:00,0.014115,0,0,0,0,1,0
12/3/2023 8:00,0.015324,0,0,0,0,1,0
12/3/2023 9:00,0.015271,0,0,0,0,1,0
12/3/2023 10:00,0.01531,0,0,0,0,1,0
12/3/2023 11:00,0.015667,0,0,0,0,1,0
12/3/2023 12:00,0.014118,0,0,0,1,0,0
12/3/2023 13:00,0.014217,0,0,0,1,0,0
12/3/2023 14:00,0.01449,0,0,0,1,0,0
12/3/2023 15:00,0.014547,0,0,0,1,0,0
12/3/2023 16:00,0.013847,0,0,1,0,0,0
12/3/2023 17:00,0.013911,0,0,1,0,0,0
12/3/2023 18:00,0.013866,0,0,1,0,0,0
12/3/2023 19:00,0.013596,0,1,0,0,0,0
12/3/2023 20:00,0.015608,0,0,0,0,1,0
12/3/2023 21:00,0.015595,0,0,0,0,1,0
12/3/2023 22:00,0.015801,0,0,0,0,1,0
12/3/2023 23:00,0.016642,0,0,0,0,0,1
12/4/2023 0:00,0.022966,0,0,0,0,0,1
12/4/2023 1:00,0.022142,0,0,0,0,0,1
12/4/2023 2:00,0.024198,0,0,0,0,0,1
12/4/2023 3:00,0.025332,0,0,0,0,0,1
12/4/2023 4:00,0.028172,0,0,0,0,0,1
12/4/2023 5:00,0.02843,0,0,0,0,0,1
12/4/2023 6:00,0.028765,0,0,0,0,0,1
12/4/2023 7:00,0.027951,0,0,0,0,0,1
12/4/2023 8:00,0.038342,0,0,0,0,0,1
12/4/2023 9:00,0.037512,0,0,0,0,0,1
12/4/2023 10:00,0.035926,0,0,0,0,0,1
12/4/2023 11:00,0.03434,0,0,0,0,1,0
12/4/2023 12:00,0.031611,0,0,0,0,1,0
12/4/2023 13:00,0.029776,0,0,0,0,1,0
12/4/2023 14:00,0.02844,0,0,0,1,0,0
12/4/2023 15:00,0.027911,0,0,0,1,0,0
12/4/2023 16:00,0.021685,0,0,1,0,0,0
12/4/2023 17:00,0.020773,0,0,1,0,0,0
12/4/2023 18:00,0.018051,0,1,0,0,0,0
12/4/2023 19:00,0.017356,0,1,0,0,0,0
12/4/2023 20:00,0.013644,1,0,0,0,0,0
12/4/2023 21:00,0.013676,1,0,0,0,0,0
12/4/2023 22:00,0.013924,1,0,0,0,0,0
12/4/2023 23:00,0.014026,0,1,0,0,0,0
12/5/2023 0:00,0.015447,0,1,0,0,0,0
12/5/2023 1:00,0.015542,0,1,0,0,0,0
12/5/2023 2:00,0.015565,0,1,0,0,0,0
12/5/2023 3:00,0.015949,0,1,0,0,0,0
12/5/2023 4:00,0.018328,0,0,1,0,0,0
12/5/2023 5:00,0.018748,0,0,1,0,0,0
12/5/2023 6:00,0.018818,0,0,1,0,0,0
12/5/2023 7:00,0.018967,0,0,1,0,0,0
12/5/2023 8:00,0.016187,0,0,1,0,0,0
12/5/2023 9:00,0.015963,0,0,1,0,0,0
12/5/2023 10:00,0.016898,0,0,1,0,0,0
12/5/2023 11:00,0.016913,0,0,1,0,0,0
12/5/2023 12:00,0.016289,0,0,1,0,0,0
12/5/2023 13:00,0.015566,0,0,1,0,0,0
12/5/2023 14:00,0.014274,0,1,0,0,0,0
12/5/2023 15:00,0.012608,1,0,0,0,0,0
12/5/2023 16:00,0.012185,1,0,0,0,0,0
12/5/2023 17:00,0.011845,1,0,0,0,0,0
12/5/2023 18:00,0.011649,1,0,0,0,0,0
12/5/2023 19:00,0.011659,1,0,0,0,0,0
12/5/2023 20:00,0.011751,0,1,0,0,0,0
12/5/2023 21:00,0.011806,0,1,0,0,0,0
12/5/2023 22:00,0.011838,0,1,0,0,0,0
12/5/2023 23:00,0.011826,0,1,0,0,0,0
12/6/2023 0:00,0.01705,0,0,0,0,1,0
12/6/2023 1:00,0.016991,0,0,0,0,1,0
12/6/2023 2:00,0.016823,0,0,0,1,0,0
12/6/2023 3:00,0.016647,0,0,0,1,0,0
12/6/2023 4:00,0.014798,0,0,1,0,0,0
12/6/2023 5:00,0.014719,0,0,1,0,0,0
12/6/2023 6:00,0.014663,0,0,0,1,0,0
12/6/2023 7:00,0.01465,0,0,0,1,0,0
12/6/2023 8:00,0.009114,1,0,0,0,0,0
12/6/2023 9:00,0.009128,1,0,0,0,0,0
12/6/2023 10:00,0.009212,1,0,0,0,0,0
12/6/2023 11:00,0.009244,0,1,0,0,0,0
12/6/2023 12:00,0.009241,0,1,0,0,0,0
12/6/2023 13:00,0.009227,0,1,0,0,0,0
12/6/2023 14:00,0.009258,0,1,0,0,0,0
12/6/2023 15:00,0.009289,0,1,0,0,0,0
12/6/2023 16:00,0.012323,0,0,0,1,0,0
12/6/2023 17:00,0.012316,0,0,0,1,0,0
12/6/2023 18:00,0.01224,0,0,1,0,0,0
12/6/2023 19:00,0.012176,0,0,1,0,0,0
12/6/2023 20:00,0.010441,0,0,1,0,0,0
12/6/2023 21:00,0.010431,0,0,1,0,0,0
12/6/2023 22:00,0.010404,0,0,1,0,0,0
12/6/2023 23:00,0.010385,0,0,1,0,0,0
12/7/2023 0:00,0.005569,1,0,0,0,0,0
12/7/2023 1:00,0.005559,1,0,0,0,0,0
12/7/2023 2:00,0.005556,1,0,0,0,0,0
12/7/2023 3:00,0.005557,1,0,0,0,0,0
12/7/2023 4:00,0.005798,0,1,0,0,0,0
12/7/2023 5:00,0.005807,0,1,0,0,0,0
12/7/2023 6:00,0.005814,0,1,0,0,0,0
12/7/2023 7:00,0.005829,0,1,0,0,0,0
12/7/2023 8:00,0.009446,0,0,0,1,0,0
12/7/2023 9:00,0.009449,0,0,0,1,0,0
12/7/2023 10:00,0.00946,0,0,0,1,0,0
12/7/2023 11:00,0.009486,0,0,0,1,0,0
12/7/2023 12:00,0.010978,0,0,0,0,1,0
12/7/2023 13:00,0.010979,0,0,0,0,1,0
12/7/2023 14:00,0.010995,0,0,0,0,1,0
12/7/2023 15:00,0.011005,0,0,0,0,1,0
12/7/2023 16:00,0.009818,0,0,0,1,0,0
12/7/2023 17:00,0.009819,0,0,0,1,0,0
12/7/2023 18:00,0.009833,0,0,0,1,0,0
12/7/2023 19:00,0.009938,0,0,0,1,0,0
12/7/2023 20:00,0.010319,0,0,0,0,1,0
12/7/2023 21:00,0.010948,0,0,0,0,1,0
12/7/2023 22:00,0.011237,0,0,0,0,1,0
12/7/2023 23:00,0.011221,0,0,0,0,1,0
12/8/2023 0:00,0.018917,0,0,0,0,0,1
12/8/2023 1:00,0.018876,0,0,0,0,0,1
12/8/2023 2:00,0.018915,0,0,0,0,0,1
12/8/2023 3:00,0.019128,0,0,0,0,0,1
12/8/2023 4:00,0.019958,0,0,0,0,0,1
12/8/2023 5:00,0.020792,0,0,0,0,0,1
12/8/2023 6:00,0.022198,0,0,0,0,0,1
12/8/2023 7:00,0.022454,0,0,0,0,0,1
12/8/2023 8:00,0.027043,0,0,0,0,0,1
12/8/2023 9:00,0.027279,0,0,0,0,0,1
12/8/2023 10:00,0.027227,0,0,0,0,0,1
12/8/2023 11:00,0.027785,0,0,0,0,0,1
12/8/2023 12:00,0.028405,0,0,0,0,0,1
12/8/2023 13:00,0.027883,0,0,0,0,1,0
12/8/2023 14:00,0.02732,0,0,0,0,1,0
12/8/2023 15:00,0.026463,0,0,0,0,1,0
12/8/2023 16:00,0.02251,0,0,0,1,0,0
12/8/2023 17:00,0.021102,0,0,0,1,0,0
12/8/2023 18:00,0.020941,0,0,0,1,0,0
12/8/2023 19:00,0.020596,0,0,1,0,0,0
12/8/2023 20:00,0.020071,0,0,1,0,0,0
12/8/2023 21:00,0.019519,0,0,1,0,0,0
12/8/2023 22:00,0.019214,0,1,0,0,0,0
12/8/2023 23:00,0.019112,0,1,0,0,0,0
12/9/2023 0:00,0.009301,1,0,0,0,0,0
12/9/2023 1:00,0.010134,1,0,0,0,0,0
12/9/2023 2:00,0.01055,1,0,0,0,0,0
12/9/2023 3:00,0.010715,1,0,0,0,0,0
12/9/2023 4:00,0.010895,1,0,0,0,0,0
12/9/2023 5:00,0.011229,0,1,0,0,0,0
12/9/2023 6:00,0.011886,0,1,0,0,0,0
12/9/2023 7:00,0.012832,0,1,0,0,0,0
12/9/2023 8:00,0.026891,0,0,0,0,1,0
12/9/2023 9:00,0.025777,0,0,0,0,1,0
12/9/2023 10:00,0.025021,0,0,0,0,1,0
12/9/2023 11:00,0.024363,0,0,0,0,1,0
12/9/2023 12:00,0.023819,0,0,0,0,1,0
12/9/2023 13:00,0.023969,0,0,0,0,1,0
12/9/2023 14:00,0.024147,0,0,0,0,1,0
12/9/2023 15:00,0.024003,0,0,0,0,1,0
12/9/2023 16:00,0.013756,0,1,0,0,0,0
12/9/2023 17:00,0.014575,0,0,1,0,0,0
12/9/2023 18:00,0.014996,0,0,1,0,0,0
12/9/2023 19:00,0.015297,0,0,1,0,0,0
12/9/2023 20:00,0.015242,0,0,1,0,0,0
12/9/2023 21:00,0.015392,0,0,1,0,0,0
12/9/2023 22:00,0.016123,0,0,1,0,0,0
12/9/2023 23:00,0.015997,0,0,1,0,0,0
12/10/2023 0:00,0.019649,0,0,0,1,0,0
12/10/2023 1:00,0.01904,0,0,0,1,0,0
12/10/2023 2:00,0.018513,0,0,0,1,0,0
12/10/2023 3:00,0.018198,0,0,1,0,0,0
12/10/2023 4:00,0.017836,0,0,1,0,0,0
12/10/2023 5:00,0.017815,0,0,1,0,0,0
12/10/2023 6:00,0.018075,0,0,1,0,0,0
12/10/2023 7:00,0.018171,0,0,1,0,0,0
12/10/2023 8:00,0.021552,0,0,0,1,0,0
12/10/2023 9:00,0.021198,0,0,0,1,0,0
12/10/2023 10:00,0.021899,0,0,0,0,1,0
12/10/2023 11:00,0.023021,0,0,0,0,1,0
12/10/2023 12:00,0.023404,0,0,0,0,1,0
12/10/2023 13:00,0.023532,0,0,0,0,1,0
12/10/2023 14:00,0.023738,0,0,0,0,0,1
12/10/2023 15:00,0.02422,0,0,0,0,0,1
12/10/2023 16:00,0.029228,0,0,0,0,0,1
12/10/2023 17:00,0.028348,0,0,0,0,0,1
12/10/2023 18:00,0.027527,0,0,0,0,0,1
12/10/2023 19:00,0.027253,0,0,0,0,1,0
12/10/2023 20:00,0.026881,0,0,0,0,1,0
12/10/2023 21:00,0.027426,0,0,0,0,1,0
12/10/2023 22:00,0.027394,0,0,0,0,1,0
12/10/2023 23:00,0.026545,0,0,0,0,1,0
12/11/2023 0:00,0.028665,0,0,0,0,1,0
12/11/2023 1:00,0.026672,0,0,0,0,1,0
12/11/2023 2:00,0.02392,0,0,0,1,0,0
12/11/2023 3:00,0.022823,0,0,1,0,0,0
12/11/2023 4:00,0.022784,0,0,1,0,0,0
12/11/2023 5:00,0.022712,0,0,1,0,0,0
12/11/2023 6:00,0.023188,0,0,1,0,0,0
12/11/2023 7:00,0.023719,0,0,1,0,0,0
12/11/2023 8:00,0.01103,1,0,0,0,0,0
12/11/2023 9:00,0.012161,1,0,0,0,0,0
12/11/2023 10:00,0.012116,1,0,0,0,0,0
12/11/2023 11:00,0.011781,1,0,0,0,0,0
12/11/2023 12:00,0.011297,1,0,0,0,0,0
12/11/2023 13:00,0.011233,1,0,0,0,0,0
12/11/2023 14:00,0.011006,1,0,0,0,0,0
12/11/2023 15:00,0.011377,0,1,0,0,0,0
12/11/2023 16:00,0.020045,0,0,1,0,0,0
12/11/2023 17:00,0.018751,0,0,1,0,0,0
12/11/2023 18:00,0.017075,0,0,1,0,0,0
12/11/2023 19:00,0.016841,0,0,1,0,0,0
12/11/2023 20:00,0.017556,0,0,1,0,0,0
12/11/2023 21:00,0.018001,0,0,1,0,0,0
12/11/2023 22:00,0.01764,0,0,1,0,0,0
12/11/2023 23:00,0.016997,0,0,1,0,0,0
12/12/2023 0:00,0.009187,0,1,0,0,0,0
12/12/2023 1:00,0.009283,0,1,0,0,0,0
12/12/2023 2:00,0.009571,0,1,0,0,0,0
12/12/2023 3:00,0.009658,0,1,0,0,0,0
12/12/2023 4:00,0.009622,0,1,0,0,0,0
12/12/2023 5:00,0.009273,0,1,0,0,0,0
12/12/2023 6:00,0.008928,0,1,0,0,0,0
12/12/2023 7:00,0.00856,0,1,0,0,0,0
12/12/2023 8:00,0.013225,0,0,0,1,0,0
12/12/2023 9:00,0.012796,0,0,1,0,0,0
12/12/2023 10:00,0.012599,0,0,1,0,0,0
12/12/2023 11:00,0.012385,0,0,1,0,0,0
12/12/2023 12:00,0.012073,0,0,1,0,0,0
12/12/2023 13:00,0.011888,0,0,1,0,0,0
12/12/2023 14:00,0.011783,0,0,1,0,0,0
12/12/2023 15:00,0.011759,0,0,1,0,0,0
12/12/2023 16:00,0.01396,0,0,0,1,0,0
12/12/2023 17:00,0.015475,0,0,0,0,1,0
12/12/2023 18:00,0.016719,0,0,0,0,1,0
12/12/2023 19:00,0.017771,0,0,0,0,0,1
12/12/2023 20:00,0.017468,0,0,0,0,1,0
12/12/2023 21:00,0.017193,0,0,0,0,1,0
12/12/2023 22:00,0.016228,0,0,0,0,1,0
12/12/2023 23:00,0.015363,0,0,0,0,1,0
12/13/2023 0:00,0.022096,0,0,0,0,0,1
12/13/2023 1:00,0.021469,0,0,0,0,0,1
12/13/2023 2:00,0.021109,0,0,0,0,0,1
12/13/2023 3:00,0.021077,0,0,0,0,0,1
12/13/2023 4:00,0.020988,0,0,0,0,1,0
12/13/2023 5:00,0.020668,0,0,0,0,1,0
12/13/2023 6:00,0.020166,0,0,0,0,1,0
12/13/2023 7:00,0.019711,0,0,0,0,1,0
12/13/2023 8:00,0.009749,1,0,0,0,0,0
12/13/2023 9:00,0.009752,1,0,0,0,0,0
12/13/2023 10:00,0.009911,0,1,0,0,0,0
12/13/2023 11:00,0.010117,0,1,0,0,0,0
12/13/2023 12:00,0.01079,0,1,0,0,0,0
12/13/2023 13:00,0.011126,0,1,0,0,0,0
12/13/2023 14:00,0.011404,0,1,0,0,0,0
12/13/2023 15:00,0.011534,0,1,0,0,0,0
12/13/2023 16:00,0.02031,0,0,0,0,1,0
12/13/2023 17:00,0.020126,0,0,0,0,1,0
12/13/2023 18:00,0.020164,0,0,0,0,1,0
12/13/2023 19:00,0.019957,0,0,0,0,1,0
12/13/2023 20:00,0.019566,0,0,0,1,0,0
12/13/2023 21:00,0.019137,0,0,0,1,0,0
12/13/2023 22:00,0.018648,0,0,0,1,0,0
12/13/2023 23:00,0.018114,0,0,0,1,0,0
12/14/2023 0:00,0.006127,1,0,0,0,0,0
12/14/2023 1:00,0.005992,1,0,0,0,0,0
12/14/2023 2:00,0.005777,1,0,0,0,0,0
12/14/2023 3:00,0.005794,0,1,0,0,0,0
12/14/2023 4:00,0.005882,0,1,0,0,0,0
12/14/2023 5:00,0.005939,0,1,0,0,0,0
12/14/2023 6:00,0.005948,0,1,0,0,0,0
12/14/2023 7:00,0.006053,0,1,0,0,0,0
12/14/2023 8:00,0.008231,0,0,1,0,0,0
12/14/2023 9:00,0.008595,0,0,1,0,0,0
12/14/2023 10:00,0.008926,0,0,1,0,0,0
12/14/2023 11:00,0.009071,0,0,1,0,0,0
12/14/2023 12:00,0.009107,0,0,1,0,0,0
12/14/2023 13:00,0.009194,0,0,1,0,0,0
12/14/2023 14:00,0.009225,0,0,1,0,0,0
12/14/2023 15:00,0.0092,0,0,1,0,0,0
12/14/2023 16:00,0.008485,0,0,1,0,0,0
12/14/2023 17:00,0.00805,0,0,1,0,0,0
12/14/2023 18:00,0.007748,0,0,1,0,0,0
12/14/2023 19:00,0.007683,0,0,1,0,0,0
12/14/2023 20:00,0.007667,0,0,1,0,0,0
12/14/2023 21:00,0.007528,0,0,1,0,0,0
12/14/2023 22:00,0.007407,0,0,1,0,0,0
12/14/2023 23:00,0.007291,0,0,1,0,0,0
12/15/2023 0:00,0.011084,0,0,0,0,0,1
12/15/2023 1:00,0.011283,0,0,0,0,0,1
12/15/2023 2:00,0.011506,0,0,0,0,0,1
12/15/2023 3:00,0.011777,0,0,0,0,0,1
12/15/2023 4:00,0.012008,0,0,0,0,0,1
12/15/2023 5:00,0.012231,0,0,0,0,0,1
12/15/2023 6:00,0.012652,0,0,0,0,0,1
12/15/2023 7:00,0.013232,0,0,0,0,0,1
12/15/2023 8:00,0.017621,0,0,0,0,0,1
12/15/2023 9:00,0.017951,0,0,0,0,0,1
12/15/2023 10:00,0.018294,0,0,0,0,0,1
12/15/2023 11:00,0.018332,0,0,0,0,0,1
12/15/2023 12:00,0.018528,0,0,0,0,0,1
12/15/2023 13:00,0.018684,0,0,0,0,0,1
12/15/2023 14:00,0.018569,0,0,0,0,1,0
12/15/2023 15:00,0.018189,0,0,0,0,1,0
12/15/2023 16:00,0.015576,0,0,0,1,0,0
12/15/2023 17:00,0.015183,0,0,0,1,0,0
12/15/2023 18:00,0.014769,0,0,0,1,0,0
12/15/2023 19:00,0.014658,0,0,0,1,0,0
12/15/2023 20:00,0.014465,0,0,0,1,0,0
12/15/2023 21:00,0.014231,0,0,1,0,0,0
12/15/2023 22:00,0.014237,0,0,1,0,0,0
12/15/2023 23:00,0.014379,0,0,1,0,0,0
12/16/2023 0:00,0.010264,1,0,0,0,0,0
12/16/2023 1:00,0.01064,1,0,0,0,0,0
12/16/2023 2:00,0.010884,0,1,0,0,0,0
12/16/2023 3:00,0.010885,0,1,0,0,0,0
12/16/2023 4:00,0.011044,0,1,0,0,0,0
12/16/2023 5:00,0.011468,0,1,0,0,0,0
12/16/2023 6:00,0.011763,0,1,0,0,0,0
12/16/2023 7:00,0.011924,0,1,0,0,0,0
12/16/2023 8:00,0.023039,0,0,0,0,0,1
12/16/2023 9:00,0.022844,0,0,0,0,0,1
12/16/2023 10:00,0.023258,0,0,0,0,0,1
12/16/2023 11:00,0.023437,0,0,0,0,0,1
12/16/2023 12:00,0.023143,0,0,0,0,0,1
12/16/2023 13:00,0.022746,0,0,0,0,1,0
12/16/2023 14:00,0.022709,0,0,0,0,1,0
12/16/2023 15:00,0.023059,0,0,0,0,1,0
12/16/2023 16:00,0.027784,0,0,0,0,0,1
12/16/2023 17:00,0.026718,0,0,0,0,0,1
12/16/2023 18:00,0.026098,0,0,0,0,1,0
12/16/2023 19:00,0.026227,0,0,0,0,1,0
12/16/2023 20:00,0.026714,0,0,0,0,1,0
12/16/2023 21:00,0.027037,0,0,0,0,1,0
12/16/2023 22:00,0.027054,0,0,0,0,1,0
12/16/2023 23:00,0.026724,0,0,0,0,1,0
12/17/2023 0:00,0.030562,0,0,0,0,1,0
12/17/2023 1:00,0.030089,0,0,0,0,1,0
12/17/2023 2:00,0.029725,0,0,0,0,1,0
12/17/2023 3:00,0.029685,0,0,0,0,1,0
12/17/2023 4:00,0.030012,0,0,0,0,1,0
12/17/2023 5:00,0.029924,0,0,0,0,1,0
12/17/2023 6:00,0.029856,0,0,0,0,1,0
12/17/2023 7:00,0.029963,0,0,0,0,1,0
12/17/2023 8:00,0.039095,0,0,0,0,0,1
12/17/2023 9:00,0.037314,0,0,0,0,0,1
12/17/2023 10:00,0.03599,0,0,0,0,0,1
12/17/2023 11:00,0.035002,0,0,0,0,1,0
12/17/2023 12:00,0.034807,0,0,0,0,1,0
12/17/2023 13:00,0.035403,0,0,0,0,1,0
12/17/2023 14:00,0.03541,0,0,0,0,1,0
12/17/2023 15:00,0.035102,0,0,0,0,1,0
12/17/2023 16:00,0.022887,1,0,0,0,0,0
12/17/2023 17:00,0.024569,0,1,0,0,0,0
12/17/2023 18:00,0.0242,0,1,0,0,0,0
12/17/2023 19:00,0.025038,0,1,0,0,0,0
12/17/2023 20:00,0.026449,0,1,0,0,0,0
12/17/2023 21:00,0.02678,0,1,0,0,0,0
12/17/2023 22:00,0.026605,0,1,0,0,0,0
12/17/2023 23:00,0.025116,0,1,0,0,0,0
12/18/2023 0:00,0.030906,0,0,0,1,0,0
12/18/2023 1:00,0.030399,0,0,1,0,0,0
12/18/2023 2:00,0.029831,0,0,1,0,0,0
12/18/2023 3:00,0.029168,0,0,1,0,0,0
12/18/2023 4:00,0.027715,0,0,1,0,0,0
12/18/2023 5:00,0.026977,0,0,1,0,0,0
12/18/2023 6:00,0.026538,0,1,0,0,0,0
12/18/2023 7:00,0.026585,0,0,1,0,0,0
12/18/2023 8:00,0.00708,1,0,0,0,0,0
12/18/2023 9:00,0.007008,1,0,0,0,0,0
12/18/2023 10:00,0.007418,1,0,0,0,0,0
12/18/2023 11:00,0.00824,1,0,0,0,0,0
12/18/2023 12:00,0.009407,1,0,0,0,0,0
12/18/2023 13:00,0.010656,0,1,0,0,0,0
12/18/2023 14:00,0.01132,0,1,0,0,0,0
12/18/2023 15:00,0.011087,0,1,0,0,0,0
12/18/2023 16:00,0.023954,0,0,0,1,0,0
12/18/2023 17:00,0.023462,0,0,0,1,0,0
12/18/2023 18:00,0.023214,0,0,0,1,0,0
12/18/2023 19:00,0.022981,0,0,0,1,0,0
12/18/2023 20:00,0.022837,0,0,0,1,0,0
12/18/2023 21:00,0.022563,0,0,0,1,0,0
12/18/2023 22:00,0.022156,0,0,0,1,0,0
12/18/2023 23:00,0.021875,0,0,0,1,0,0
12/19/2023 0:00,0.010291,0,1,0,0,0,0
12/19/2023 1:00,0.010316,0,1,0,0,0,0
12/19/2023 2:00,0.010492,0,1,0,0,0,0
12/19/2023 3:00,0.011195,0,1,0,0,0,0
12/19/2023 4:00,0.012246,0,0,1,0,0,0
12/19/2023 5:00,0.012982,0,0,1,0,0,0
12/19/2023 6:00,0.01384,0,0,1,0,0,0
12/19/2023 7:00,0.014427,0,0,1,0,0,0
12/19/2023 8:00,0.035366,0,0,0,0,0,1
12/19/2023 9:00,0.036265,0,0,0,0,0,1
12/19/2023 10:00,0.036886,0,0,0,0,0,1
12/19/2023 11:00,0.037468,0,0,0,0,0,1
12/19/2023 12:00,0.038619,0,0,0,0,0,1
12/19/2023 13:00,0.038898,0,0,0,0,0,1
12/19/2023 14:00,0.038374,0,0,0,0,1,0
12/19/2023 15:00,0.037721,0,0,0,0,1,0
12/19/2023 16:00,0.025748,0,0,0,1,0,0
12/19/2023 17:00,0.024228,0,0,0,1,0,0
12/19/2023 18:00,0.02407,0,0,1,0,0,0
12/19/2023 19:00,0.024283,0,0,1,0,0,0
12/19/2023 20:00,0.023995,0,0,1,0,0,0
12/19/2023 21:00,0.023084,0,0,1,0,0,0
12/19/2023 22:00,0.021929,0,0,1,0,0,0
12/19/2023 23:00,0.02095,0,0,1,0,0,0
12/20/2023 0:00,0.032398,0,0,0,1,0,0
12/20/2023 1:00,0.032012,0,0,0,1,0,0
12/20/2023 2:00,0.031393,0,0,0,1,0,0
12/20/2023 3:00,0.031171,0,0,0,1,0,0
12/20/2023 4:00,0.03116,0,0,0,1,0,0
12/20/2023 5:00,0.031161,0,0,0,1,0,0
12/20/2023 6:00,0.031171,0,0,0,1,0,0
12/20/2023 7:00,0.031126,0,0,0,1,0,0
12/20/2023 8:00,0.009291,1,0,0,0,0,0
12/20/2023 9:00,0.009176,1,0,0,0,0,0
12/20/2023 10:00,0.009244,1,0,0,0,0,0
12/20/2023 11:00,0.009308,1,0,0,0,0,0
12/20/2023 12:00,0.009396,1,0,0,0,0,0
12/20/2023 13:00,0.009561,0,1,0,0,0,0
12/20/2023 14:00,0.010403,0,1,0,0,0,0
12/20/2023 15:00,0.011327,0,1,0,0,0,0
12/20/2023 16:00,0.015918,0,0,1,0,0,0
12/20/2023 17:00,0.016335,0,0,1,0,0,0
12/20/2023 18:00,0.01649,0,0,1,0,0,0
12/20/2023 19:00,0.016138,0,0,1,0,0,0
12/20/2023 20:00,0.015746,0,0,1,0,0,0
12/20/2023 21:00,0.016185,0,0,1,0,0,0
12/20/2023 22:00,0.017126,0,0,1,0,0,0
12/20/2023 23:00,0.017762,0,0,1,0,0,0
12/21/2023 0:00,0.021209,0,0,0,1,0,0
12/21/2023 1:00,0.022383,0,0,0,1,0,0
12/21/2023 2:00,0.022754,0,0,0,1,0,0
12/21/2023 3:00,0.023338,0,0,0,0,1,0
12/21/2023 4:00,0.023607,0,0,0,0,1,0
12/21/2023 5:00,0.023561,0,0,0,0,1,0
12/21/2023 6:00,0.023334,0,0,0,0,1,0
12/21/2023 7:00,0.024201,0,0,0,0,1,0
12/21/2023 8:00,0.026681,0,0,0,0,0,1
12/21/2023 9:00,0.025549,0,0,0,0,1,0
12/21/2023 10:00,0.027244,0,0,0,0,0,1
12/21/2023 11:00,0.02925,0,0,0,0,0,1
12/21/2023 12:00,0.02986,0,0,0,0,0,1
12/21/2023 13:00,0.028721,0,0,0,0,1,0
12/21/2023 14:00,0.027508,0,0,0,0,1,0
12/21/2023 15:00,0.025755,0,0,0,0,1,0
12/21/2023 16:00,0.025991,0,0,0,1,0,0
12/21/2023 17:00,0.025543,0,0,0,1,0,0
12/21/2023 18:00,0.024635,0,0,0,1,0,0
12/21/2023 19:00,0.023816,0,0,1,0,0,0
12/21/2023 20:00,0.023308,0,0,1,0,0,0
12/21/2023 21:00,0.02307,0,0,1,0,0,0
12/21/2023 22:00,0.023167,0,0,1,0,0,0
12/21/2023 23:00,0.02246,0,1,0,0,0,0
12/22/2023 0:00,0.014531,1,0,0,0,0,0
12/22/2023 1:00,0.014524,1,0,0,0,0,0
12/22/2023 2:00,0.015532,1,0,0,0,0,0
12/22/2023 3:00,0.016264,1,0,0,0,0,0
12/22/2023 4:00,0.016527,0,1,0,0,0,0
12/22/2023 5:00,0.016925,0,1,0,0,0,0
12/22/2023 6:00,0.01747,0,1,0,0,0,0
12/22/2023 7:00,0.017689,0,1,0,0,0,0
12/22/2023 8:00,0.066871,0,0,0,0,0,1
12/22/2023 9:00,0.06573,0,0,0,0,0,1
12/22/2023 10:00,0.067024,0,0,0,0,0,1
12/22/2023 11:00,0.066757,0,0,0,0,0,1
12/22/2023 12:00,0.065874,0,0,0,0,0,1
12/22/2023 13:00,0.064957,0,0,0,0,0,1
12/22/2023 14:00,0.063981,0,0,0,0,1,0
12/22/2023 15:00,0.062904,0,0,0,0,1,0
12/22/2023 16:00,0.01972,0,0,1,0,0,0
12/22/2023 17:00,0.018776,0,1,0,0,0,0
12/22/2023 18:00,0.018463,0,1,0,0,0,0
12/22/2023 19:00,0.018434,0,0,1,0,0,0
12/22/2023 20:00,0.018103,0,0,1,0,0,0
12/22/2023 21:00,0.017864,0,0,1,0,0,0
12/22/2023 22:00,0.017265,0,1,0,0,0,0
12/22/2023 23:00,0.016659,0,1,0,0,0,0
12/23/2023 0:00,0.013138,0,1,0,0,0,0
12/23/2023 1:00,0.012957,0,1,0,0,0,0
12/23/2023 2:00,0.012233,0,1,0,0,0,0
12/23/2023 3:00,0.011283,0,1,0,0,0,0
12/23/2023 4:00,0.010724,0,1,0,0,0,0
12/23/2023 5:00,0.010597,0,1,0,0,0,0
12/23/2023 6:00,0.010509,0,1,0,0,0,0
12/23/2023 7:00,0.010409,0,1,0,0,0,0
12/23/2023 8:00,0.007827,0,1,0,0,0,0
12/23/2023 9:00,0.007682,0,1,0,0,0,0
12/23/2023 10:00,0.007538,0,1,0,0,0,0
12/23/2023 11:00,0.007446,0,1,0,0,0,0
12/23/2023 12:00,0.007904,0,0,1,0,0,0
12/23/2023 13:00,0.008066,0,0,1,0,0,0
12/23/2023 14:00,0.00822,0,0,1,0,0,0
12/23/2023 15:00,0.00821,0,1,0,0,0,0
12/23/2023 16:00,0.009113,0,1,0,0,0,0
12/23/2023 17:00,0.008944,0,0,1,0,0,0
12/23/2023 18:00,0.008745,0,0,1,0,0,0
12/23/2023 19:00,0.008503,0,0,1,0,0,0
12/23/2023 20:00,0.008497,0,0,1,0,0,0
12/23/2023 21:00,0.008526,0,0,1,0,0,0
12/23/2023 22:00,0.008316,0,0,1,0,0,0
12/23/2023 23:00,0.008238,0,0,1,0,0,0
12/24/2023 0:00,0.006558,1,0,0,0,0,0
12/24/2023 1:00,0.007062,0,1,0,0,0,0
12/24/2023 2:00,0.007785,0,0,1,0,0,0
12/24/2023 3:00,0.008448,0,0,1,0,0,0
12/24/2023 4:00,0.009299,0,0,0,0,1,0
12/24/2023 5:00,0.010027,0,0,0,0,0,1
12/24/2023 6:00,0.010803,0,0,0,0,0,1
12/24/2023 7:00,0.011616,0,0,0,0,0,1
12/24/2023 8:00,0.031269,0,0,0,0,0,1
12/24/2023 9:00,0.031116,0,0,0,0,0,1
12/24/2023 10:00,0.031259,0,0,0,0,0,1
12/24/2023 11:00,0.031378,0,0,0,0,0,1
12/24/2023 12:00,0.030941,0,0,0,0,0,1
12/24/2023 13:00,0.030169,0,0,0,0,0,1
12/24/2023 14:00,0.029857,0,0,0,0,1,0
12/24/2023 15:00,0.029442,0,0,0,0,1,0
12/24/2023 16:00,0.018687,0,0,0,1,0,0
12/24/2023 17:00,0.018556,0,0,0,1,0,0
12/24/2023 18:00,0.018346,0,0,0,1,0,0
12/24/2023 19:00,0.018255,0,0,0,1,0,0
12/24/2023 20:00,0.018093,0,0,0,1,0,0
12/24/2023 21:00,0.01765,0,0,1,0,0,0
12/24/2023 22:00,0.01693,0,0,1,0,0,0
12/24/2023 23:00,0.016597,0,0,1,0,0,0
12/25/2023 0:00,0.015919,0,0,1,0,0,0
12/25/2023 1:00,0.016061,0,0,1,0,0,0
12/25/2023 2:00,0.016296,0,0,1,0,0,0
12/25/2023 3:00,0.016736,0,0,1,0,0,0
12/25/2023 4:00,0.017072,0,0,1,0,0,0
12/25/2023 5:00,0.01763,0,0,1,0,0,0
12/25/2023 6:00,0.018562,0,0,1,0,0,0
12/25/2023 7:00,0.019148,0,0,1,0,0,0
12/25/2023 8:00,0.035312,0,0,0,0,0,1
12/25/2023 9:00,0.035172,0,0,0,0,0,1
12/25/2023 10:00,0.035181,0,0,0,0,0,1
12/25/2023 11:00,0.035216,0,0,0,0,0,1
12/25/2023 12:00,0.035311,0,0,0,0,0,1
12/25/2023 13:00,0.036059,0,0,0,0,0,1
12/25/2023 14:00,0.037143,0,0,0,0,0,1
12/25/2023 15:00,0.038097,0,0,0,0,0,1
12/25/2023 16:00,0.027895,0,0,0,1,0,0
12/25/2023 17:00,0.026631,0,0,0,1,0,0
12/25/2023 18:00,0.028074,0,0,0,1,0,0
12/25/2023 19:00,0.028636,0,0,0,1,0,0
12/25/2023 20:00,0.028577,0,0,0,1,0,0
12/25/2023 21:00,0.027781,0,0,0,1,0,0
12/25/2023 22:00,0.027368,0,0,0,1,0,0
12/25/2023 23:00,0.027474,0,0,0,1,0,0
12/26/2023 0:00,0.041525,0,0,0,0,0,1
12/26/2023 1:00,0.043424,0,0,0,0,0,1
12/26/2023 2:00,0.04441,0,0,0,0,0,1
12/26/2023 3:00,0.045227,0,0,0,0,0,1
12/26/2023 4:00,0.049347,0,0,0,0,0,1
12/26/2023 5:00,0.048319,0,0,0,0,0,1
12/26/2023 6:00,0.046051,0,0,0,0,1,0
12/26/2023 7:00,0.045106,0,0,0,0,1,0
12/26/2023 8:00,0.04727,0,0,0,0,1,0
12/26/2023 9:00,0.045339,0,0,0,0,1,0
12/26/2023 10:00,0.045192,0,0,0,0,1,0
12/26/2023 11:00,0.046604,0,0,0,0,1,0
12/26/2023 12:00,0.042811,0,0,0,1,0,0
12/26/2023 13:00,0.042936,0,0,0,1,0,0
12/26/2023 14:00,0.043594,0,0,0,1,0,0
12/26/2023 15:00,0.043468,0,0,0,1,0,0
12/26/2023 16:00,0.046143,0,0,0,0,1,0
12/26/2023 17:00,0.04968,0,0,0,0,1,0
12/26/2023 18:00,0.048539,0,0,0,0,1,0
12/26/2023 19:00,0.047369,0,0,0,1,0,0
12/26/2023 20:00,0.046842,0,0,0,1,0,0
12/26/2023 21:00,0.045417,0,0,0,1,0,0
12/26/2023 22:00,0.043368,0,0,1,0,0,0
12/26/2023 23:00,0.04168,1,0,0,0,0,0
12/27/2023 0:00,0.02856,1,0,0,0,0,0
12/27/2023 1:00,0.027695,1,0,0,0,0,0
12/27/2023 2:00,0.027784,1,0,0,0,0,0
12/27/2023 3:00,0.02803,1,0,0,0,0,0
12/27/2023 4:00,0.027764,1,0,0,0,0,0
12/27/2023 5:00,0.028232,1,0,0,0,0,0
12/27/2023 6:00,0.028529,0,1,0,0,0,0
12/27/2023 7:00,0.028636,0,1,0,0,0,0
12/27/2023 8:00,0.025642,0,1,0,0,0,0
12/27/2023 9:00,0.025807,0,1,0,0,0,0
12/27/2023 10:00,0.025875,0,1,0,0,0,0
12/27/2023 11:00,0.027112,0,1,0,0,0,0
12/27/2023 12:00,0.028984,0,1,0,0,0,0
12/27/2023 13:00,0.02941,0,0,1,0,0,0
12/27/2023 14:00,0.02946,0,0,1,0,0,0
12/27/2023 15:00,0.0294,0,0,1,0,0,0
12/27/2023 16:00,0.033926,0,0,0,1,0,0
12/27/2023 17:00,0.034095,0,0,0,1,0,0
12/27/2023 18:00,0.034083,0,0,0,1,0,0
12/27/2023 19:00,0.034063,0,0,0,1,0,0
12/27/2023 20:00,0.038248,0,0,0,0,1,0
12/27/2023 21:00,0.037299,0,0,0,0,1,0
12/27/2023 22:00,0.036401,0,0,0,0,1,0
12/27/2023 23:00,0.03554,0,0,0,0,1,0
12/28/2023 0:00,0.02913,0,0,1,0,0,0
12/28/2023 1:00,0.029873,0,0,1,0,0,0
12/28/2023 2:00,0.038316,0,0,0,0,0,1
12/28/2023 3:00,0.034198,0,0,0,0,1,0
12/28/2023 4:00,0.030904,0,0,1,0,0,0
12/28/2023 5:00,0.031704,0,0,0,1,0,0
12/28/2023 6:00,0.032954,0,0,0,1,0,0
12/28/2023 7:00,0.03437,0,0,0,1,0,0
12/28/2023 8:00,0.051399,0,0,0,0,0,1
12/28/2023 9:00,0.052366,0,0,0,0,0,1
12/28/2023 10:00,0.053648,0,0,0,0,0,1
12/28/2023 11:00,0.054914,0,0,0,0,0,1
12/28/2023 12:00,0.05695,0,0,0,0,0,1
12/28/2023 13:00,0.056829,0,0,0,0,0,1
12/28/2023 14:00,0.057161,0,0,0,0,0,1
12/28/2023 15:00,0.056956,0,0,0,0,0,1
12/28/2023 16:00,0.050619,0,0,0,0,1,0
12/28/2023 17:00,0.052412,0,0,0,0,1,0
12/28/2023 18:00,0.052955,0,0,0,0,1,0
12/28/2023 19:00,0.052676,0,0,0,0,1,0
12/28/2023 20:00,0.049716,0,0,0,1,0,0
12/28/2023 21:00,0.05001,0,0,0,1,0,0
12/28/2023 22:00,0.049542,0,0,0,1,0,0
12/28/2023 23:00,0.048157,0,0,0,1,0,0
12/29/2023 0:00,0.053524,0,0,0,1,0,0
12/29/2023 1:00,0.05075,0,0,0,1,0,0
12/29/2023 2:00,0.049965,0,0,0,1,0,0
12/29/2023 3:00,0.05019,0,0,0,1,0,0
12/29/2023 4:00,0.047566,0,0,1,0,0,0
12/29/2023 5:00,0.047256,0,0,1,0,0,0
12/29/2023 6:00,0.046988,0,1,0,0,0,0
12/29/2023 7:00,0.046876,0,1,0,0,0,0
12/29/2023 8:00,0.035248,1,0,0,0,0,0
12/29/2023 9:00,0.03394,1,0,0,0,0,0
12/29/2023 10:00,0.034485,1,0,0,0,0,0
12/29/2023 11:00,0.034938,1,0,0,0,0,0
12/29/2023 12:00,0.03586,1,0,0,0,0,0
12/29/2023 13:00,0.036312,0,1,0,0,0,0
12/29/2023 14:00,0.036241,0,1,0,0,0,0
12/29/2023 15:00,0.035497,0,1,0,0,0,0
12/29/2023 16:00,0.034464,0,1,0,0,0,0
12/29/2023 17:00,0.034075,0,1,0,0,0,0
12/29/2023 18:00,0.034971,0,1,0,0,0,0
12/29/2023 19:00,0.034695,0,1,0,0,0,0
12/29/2023 20:00,0.034965,0,1,0,0,0,0
12/29/2023 21:00,0.03617,0,0,1,0,0,0
12/29/2023 22:00,0.035931,0,0,1,0,0,0
12/29/2023 23:00,0.034679,0,1,0,0,0,0
12/30/2023 0:00,0.032276,0,1,0,0,0,0
12/30/2023 1:00,0.032712,0,1,0,0,0,0
12/30/2023 2:00,0.032691,0,1,0,0,0,0
12/30/2023 3:00,0.032899,0,1,0,0,0,0
12/30/2023 4:00,0.033744,0,0,1,0,0,0
12/30/2023 5:00,0.034728,0,0,1,0,0,0
12/30/2023 6:00,0.036756,0,0,0,1,0,0
12/30/2023 7:00,0.03915,0,0,0,0,0,1
12/30/2023 8:00,0.047177,0,0,0,0,0,1
12/30/2023 9:00,0.046233,0,0,0,0,0,1
12/30/2023 10:00,0.04683,0,0,0,0,0,1
12/30/2023 11:00,0.046904,0,0,0,0,0,1
12/30/2023 12:00,0.045757,0,0,0,0,0,1
12/30/2023 13:00,0.044712,0,0,0,0,1,0
12/30/2023 14:00,0.044057,0,0,0,0,1,0
12/30/2023 15:00,0.043353,0,0,0,0,1,0
12/30/2023 16:00,0.033186,0,1,0,0,0,0
12/30/2023 17:00,0.031185,0,1,0,0,0,0
12/30/2023 18:00,0.030813,0,1,0,0,0,0
12/30/2023 19:00,0.030538,0,1,0,0,0,0
12/30/2023 20:00,0.030218,0,1,0,0,0,0
12/30/2023 21:00,0.029674,0,1,0,0,0,0
12/30/2023 22:00,0.029351,0,1,0,0,0,0
12/30/2023 23:00,0.028885,0,1,0,0,0,0
12/31/2023 0:00,0.033743,0,0,1,0,0,0
12/31/2023 1:00,0.033279,0,0,1,0,0,0
12/31/2023 2:00,0.03385,0,0,1,0,0,0
12/31/2023 3:00,0.033956,0,0,1,0,0,0
12/31/2023 4:00,0.036143,0,0,1,0,0,0
12/31/2023 5:00,0.035921,0,0,1,0,0,0
12/31/2023 6:00,0.035686,0,0,1,0,0,0
12/31/2023 7:00,0.035586,0,0,1,0,0,0
12/31/2023 8:00,0.038471,0,0,0,1,0,0
12/31/2023 9:00,0.04011,0,0,0,1,0,0
12/31/2023 10:00,0.041293,0,0,0,0,1,0
12/31/2023 11:00,0.041486,0,0,0,0,1,0
12/31/2023 12:00,0.039527,0,0,0,0,1,0
12/31/2023 13:00,0.038562,0,0,0,1,0,0
12/31/2023 14:00,0.037719,0,0,0,1,0,0
12/31/2023 15:00,0.037143,0,0,0,1,0,0
12/31/2023 16:00,0.036264,0,0,0,1,0,0
12/31/2023 17:00,0.035971,0,0,0,1,0,0
12/31/2023 18:00,0.036068,0,0,0,1,0,0
12/31/2023 19:00,0.036371,0,0,0,1,0,0
12/31/2023 20:00,0.037233,0,0,0,1,0,0
12/31/2023 21:00,0.037761,0,0,0,1,0,0
12/31/2023 22:00,0.03802,0,0,0,1,0,0
12/31/2023 23:00,0.037049,0,0,0,1,0,0
1/1/2024 0:00,0.042276,0,0,0,0,0,1
1/1/2024 1:00,0.042578,0,0,0,0,0,1
1/1/2024 2:00,0.043265,0,0,0,0,0,1
1/1/2024 3:00,0.043927,0,0,0,0,0,1
1/1/2024 4:00,0.045189,0,0,0,0,0,1
1/1/2024 5:00,0.045053,0,0,0,0,0,1
1/1/2024 6:00,0.044003,0,0,0,0,1,0
1/1/2024 7:00,0.043085,0,0,0,0,1,0
1/1/2024 8:00,0.043975,0,0,0,0,1,0
1/1/2024 9:00,0.043603,0,0,0,0,1,0
1/1/2024 10:00,0.042999,0,0,0,0,1,0
1/1/2024 11:00,0.042847,0,0,0,0,1,0
1/1/2024 12:00,0.04176,0,0,0,1,0,0
1/1/2024 13:00,0.041703,0,0,0,1,0,0
1/1/2024 14:00,0.04133,0,0,0,1,0,0
1/1/2024 15:00,0.040932,0,0,1,0,0,0
1/1/2024 16:00,0.024632,1,0,0,0,0,0
1/1/2024 17:00,0.024196,1,0,0,0,0,0
1/1/2024 18:00,0.025245,1,0,0,0,0,0
1/1/2024 19:00,0.026964,1,0,0,0,0,0
1/1/2024 20:00,0.031582,0,1,0,0,0,0
1/1/2024 21:00,0.035015,0,0,1,0,0,0
1/1/2024 22:00,0.037346,0,0,1,0,0,0
1/1/2024 23:00,0.03934,0,0,0,1,0,0
1/2/2024 0:00,0.062863,0,0,0,0,0,1
1/2/2024 1:00,0.064255,0,0,0,0,0,1
1/2/2024 2:00,0.06259,0,0,0,0,0,1
1/2/2024 3:00,0.05636,0,0,0,0,1,0
1/2/2024 4:00,0.058469,0,0,0,0,1,0
1/2/2024 5:00,0.055045,0,0,0,0,1,0
1/2/2024 6:00,0.052754,0,0,0,0,1,0
1/2/2024 7:00,0.050921,0,0,0,1,0,0
1/2/2024 8:00,0.043032,0,0,1,0,0,0
1/2/2024 9:00,0.043732,0,0,0,1,0,0
1/2/2024 10:00,0.045688,0,0,0,1,0,0
1/2/2024 11:00,0.049593,0,0,0,1,0,0
1/2/2024 12:00,0.046901,0,0,0,1,0,0
1/2/2024 13:00,0.048217,0,0,0,1,0,0
1/2/2024 14:00,0.047798,0,0,0,1,0,0
1/2/2024 15:00,0.044866,0,0,1,0,0,0
1/2/2024 16:00,0.052859,0,0,0,1,0,0
1/2/2024 17:00,0.050823,0,0,0,1,0,0
1/2/2024 18:00,0.048188,0,0,0,1,0,0
1/2/2024 19:00,0.045741,0,0,1,0,0,0
1/2/2024 20:00,0.039909,0,1,0,0,0,0
1/2/2024 21:00,0.038707,0,1,0,0,0,0
1/2/2024 22:00,0.038005,1,0,0,0,0,0
1/2/2024 23:00,0.037342,1,0,0,0,0,0
1/3/2024 0:00,0.012948,1,0,0,0,0,0
1/3/2024 1:00,0.013482,1,0,0,0,0,0
1/3/2024 2:00,0.01567,1,0,0,0,0,0
1/3/2024 3:00,0.016187,1,0,0,0,0,0
1/3/2024 4:00,0.013868,1,0,0,0,0,0
1/3/2024 5:00,0.013427,1,0,0,0,0,0
1/3/2024 6:00,0.01258,1,0,0,0,0,0
1/3/2024 7:00,0.012016,0,1,0,0,0,0
1/3/2024 8:00,0.016685,0,1,0,0,0,0
1/3/2024 9:00,0.016588,0,1,0,0,0,0
1/3/2024 10:00,0.016406,0,1,0,0,0,0
1/3/2024 11:00,0.015508,0,1,0,0,0,0
1/3/2024 12:00,0.013749,0,1,0,0,0,0
1/3/2024 13:00,0.013,0,1,0,0,0,0
1/3/2024 14:00,0.012402,0,1,0,0,0,0
1/3/2024 15:00,0.012029,0,1,0,0,0,0
1/3/2024 16:00,-0.003862,1,0,0,0,0,0
1/3/2024 17:00,-0.00421,1,0,0,0,0,0
1/3/2024 18:00,-0.00458,1,0,0,0,0,0
1/3/2024 19:00,-0.004457,1,0,0,0,0,0
1/3/2024 20:00,-0.003654,0,1,0,0,0,0
1/3/2024 21:00,-0.003157,0,1,0,0,0,0
1/3/2024 22:00,-0.002546,0,1,0,0,0,0
1/3/2024 23:00,-0.002243,0,1,0,0,0,0
1/4/2024 0:00,0.011077,0,0,0,1,0,0
1/4/2024 1:00,0.011152,0,0,0,1,0,0
1/4/2024 2:00,0.011476,0,0,0,1,0,0
1/4/2024 3:00,0.011692,0,0,0,1,0,0
1/4/2024 4:00,0.011846,0,0,0,1,0,0
1/4/2024 5:00,0.012092,0,0,0,1,0,0
1/4/2024 6:00,0.012053,0,0,0,1,0,0
1/4/2024 7:00,0.011972,0,0,0,1,0,0
1/4/2024 8:00,0.006625,0,0,1,0,0,0
1/4/2024 9:00,0.006544,0,0,1,0,0,0
1/4/2024 10:00,0.006297,0,0,0,1,0,0
1/4/2024 11:00,0.005971,0,0,0,1,0,0
1/4/2024 12:00,0.005683,0,0,0,1,0,0
1/4/2024 13:00,0.005353,0,0,0,1,0,0
1/4/2024 14:00,0.005165,0,0,0,1,0,0
1/4/2024 15:00,0.005274,0,0,0,1,0,0
1/4/2024 16:00,0.009102,0,0,0,1,0,0
1/4/2024 17:00,0.009055,0,0,0,1,0,0
1/4/2024 18:00,0.008982,0,0,0,1,0,0
1/4/2024 19:00,0.008911,0,0,0,1,0,0
1/4/2024 20:00,0.008791,0,0,0,1,0,0
1/4/2024 21:00,0.008698,0,0,0,1,0,0
1/4/2024 22:00,0.008604,0,0,0,1,0,0
1/4/2024 23:00,0.008247,0,0,1,0,0,0
1/5/2024 0:00,0.00297,1,0,0,0,0,0
1/5/2024 1:00,0.002154,1,0,0,0,0,0
1/5/2024 2:00,0.002262,1,0,0,0,0,0
1/5/2024 3:00,0.002396,1,0,0,0,0,0
1/5/2024 4:00,0.001864,1,0,0,0,0,0
1/5/2024 5:00,0.002741,0,1,0,0,0,0
1/5/2024 6:00,0.002971,0,1,0,0,0,0
1/5/2024 7:00,0.003181,0,1,0,0,0,0
1/5/2024 8:00,0.007035,0,0,0,1,0,0
1/5/2024 9:00,0.007671,0,0,0,1,0,0
1/5/2024 10:00,0.007878,0,0,0,0,1,0
1/5/2024 11:00,0.007953,0,0,0,0,1,0
1/5/2024 12:00,0.008531,0,0,0,0,1,0
1/5/2024 13:00,0.008546,0,0,0,0,1,0
1/5/2024 14:00,0.008359,0,0,0,0,1,0
1/5/2024 15:00,0.008149,0,0,0,1,0,0
1/5/2024 16:00,0.007464,0,0,0,1,0,0
1/5/2024 17:00,0.006827,0,0,0,1,0,0
1/5/2024 18:00,0.006567,0,0,0,1,0,0
1/5/2024 19:00,0.006422,0,0,0,1,0,0
1/5/2024 20:00,0.00449,0,0,1,0,0,0
1/5/2024 21:00,0.004311,0,0,1,0,0,0
1/5/2024 22:00,0.00429,0,0,1,0,0,0
1/5/2024 23:00,0.004155,0,0,1,0,0,0
1/6/2024 0:00,0.001562,1,0,0,0,0,0
1/6/2024 1:00,0.00133,1,0,0,0,0,0
1/6/2024 2:00,0.001192,1,0,0,0,0,0
1/6/2024 3:00,0.001162,0,1,0,0,0,0
1/6/2024 4:00,0.000819,1,0,0,0,0,0
1/6/2024 5:00,0.001366,0,1,0,0,0,0
1/6/2024 6:00,0.002085,0,1,0,0,0,0
1/6/2024 7:00,0.002883,0,1,0,0,0,0
1/6/2024 8:00,0.003769,0,0,1,0,0,0
1/6/2024 9:00,0.003919,0,0,1,0,0,0
1/6/2024 10:00,0.00403,0,0,1,0,0,0
1/6/2024 11:00,0.003924,0,0,1,0,0,0
1/6/2024 12:00,0.003844,0,0,1,0,0,0
1/6/2024 13:00,0.003394,0,0,1,0,0,0
1/6/2024 14:00,0.003229,0,0,1,0,0,0
1/6/2024 15:00,0.003058,0,0,1,0,0,0
1/6/2024 16:00,0.002731,0,0,1,0,0,0
1/6/2024 17:00,0.001787,0,1,0,0,0,0
1/6/2024 18:00,0.001943,0,1,0,0,0,0
1/6/2024 19:00,0.001761,0,1,0,0,0,0
1/6/2024 20:00,0.000034,1,0,0,0,0,0
1/6/2024 21:00,-0.000633,1,0,0,0,0,0
1/6/2024 22:00,-0.000936,1,0,0,0,0,0
1/6/2024 23:00,-0.000927,1,0,0,0,0,0
1/7/2024 0:00,0.004752,0,0,0,0,0,1
1/7/2024 1:00,0.005051,0,0,0,0,0,1
1/7/2024 2:00,0.004544,0,0,0,0,1,0
1/7/2024 3:00,0.004364,0,0,0,0,1,0
1/7/2024 4:00,0.007107,0,0,0,0,0,1
1/7/2024 5:00,0.007259,0,0,0,0,0,1
1/7/2024 6:00,0.007194,0,0,0,0,0,1
1/7/2024 7:00,0.007243,0,0,0,0,0,1
1/7/2024 8:00,0.005529,0,0,0,0,1,0
1/7/2024 9:00,0.005392,0,0,0,0,1,0
1/7/2024 10:00,0.005296,0,0,0,1,0,0
1/7/2024 11:00,0.005273,0,0,0,1,0,0
1/7/2024 12:00,0.005365,0,0,0,1,0,0
1/7/2024 13:00,0.005533,0,0,0,1,0,0
1/7/2024 14:00,0.005849,0,0,0,0,1,0
1/7/2024 15:00,0.005914,0,0,0,1,0,0
1/7/2024 16:00,0.006156,0,0,0,0,1,0
1/7/2024 17:00,0.004842,0,0,0,1,0,0
1/7/2024 18:00,0.005117,0,0,0,1,0,0
1/7/2024 19:00,0.005836,0,0,0,1,0,0
1/7/2024 20:00,0.003369,0,0,1,0,0,0
1/7/2024 21:00,0.003432,0,1,0,0,0,0
1/7/2024 22:00,0.003313,0,1,0,0,0,0
1/7/2024 23:00,0.003301,1,0,0,0,0,0
1/8/2024 0:00,0.000296,1,0,0,0,0,0
1/8/2024 1:00,0.000457,1,0,0,0,0,0
1/8/2024 2:00,0.000439,1,0,0,0,0,0
1/8/2024 3:00,-0.00027,1,0,0,0,0,0
1/8/2024 4:00,-0.001291,1,0,0,0,0,0
1/8/2024 5:00,-0.000838,1,0,0,0,0,0
1/8/2024 6:00,-0.000634,1,0,0,0,0,0
1/8/2024 7:00,-0.000595,0,1,0,0,0,0
1/8/2024 8:00,-0.000118,0,1,0,0,0,0
1/8/2024 9:00,-0.000733,0,1,0,0,0,0
1/8/2024 10:00,-0.000483,0,1,0,0,0,0
1/8/2024 11:00,0.001292,0,0,1,0,0,0
1/8/2024 12:00,0.001723,0,0,1,0,0,0
1/8/2024 13:00,0.001128,0,0,1,0,0,0
1/8/2024 14:00,0.001511,0,0,1,0,0,0
1/8/2024 15:00,0.002313,0,0,0,1,0,0
1/8/2024 16:00,0.004064,0,0,0,0,1,0
1/8/2024 17:00,0.004153,0,0,0,0,1,0
1/8/2024 18:00,0.004557,0,0,0,0,1,0
1/8/2024 19:00,0.004254,0,0,0,0,1,0
1/8/2024 20:00,0.009597,0,0,0,0,0,1
1/8/2024 21:00,0.010102,0,0,0,0,0,1
1/8/2024 22:00,0.010076,0,0,0,0,0,1
1/8/2024 23:00,0.009845,0,0,0,0,0,1
1/9/2024 0:00,0.017977,0,0,0,0,0,1
1/9/2024 1:00,0.018309,0,0,0,0,0,1
1/9/2024 2:00,0.018367,0,0,0,0,0,1
1/9/2024 3:00,0.017797,0,0,0,0,0,1
1/9/2024 4:00,0.016981,0,0,0,0,0,1
1/9/2024 5:00,0.016454,0,0,0,0,1,0
1/9/2024 6:00,0.01637,0,0,0,0,1,0
1/9/2024 7:00,0.016475,0,0,0,0,1,0
1/9/2024 8:00,0.010322,0,0,0,1,0,0
1/9/2024 9:00,0.010268,0,0,0,1,0,0
1/9/2024 10:00,0.010178,0,0,0,1,0,0
1/9/2024 11:00,0.010183,0,0,0,1,0,0
1/9/2024 12:00,0.010263,0,0,1,0,0,0
1/9/2024 13:00,0.010395,0,0,1,0,0,0
1/9/2024 14:00,0.010328,0,0,1,0,0,0
1/9/2024 15:00,0.010206,0,0,1,0,0,0
1/9/2024 16:00,0.008509,0,1,0,0,0,0
1/9/2024 17:00,0.007195,0,1,0,0,0,0
1/9/2024 18:00,0.006856,0,1,0,0,0,0
1/9/2024 19:00,0.00742,0,1,0,0,0,0
1/9/2024 20:00,0.007835,0,1,0,0,0,0
1/9/2024 21:00,0.008018,0,1,0,0,0,0
1/9/2024 22:00,0.008374,0,1,0,0,0,0
1/9/2024 23:00,0.008602,0,1,0,0,0,0
1/10/2024 0:00,0.010345,0,0,1,0,0,0
1/10/2024 1:00,0.010852,0,0,1,0,0,0
1/10/2024 2:00,0.011536,0,0,0,1,0,0
1/10/2024 3:00,0.011961,0,0,0,1,0,0
1/10/2024 4:00,0.012227,0,0,0,1,0,0
1/10/2024 5:00,0.012213,0,0,0,0,1,0
1/10/2024 6:00,0.011962,0,0,0,0,1,0
1/10/2024 7:00,0.011782,0,0,0,0,1,0
1/10/2024 8:00,0.010452,0,0,0,1,0,0
1/10/2024 9:00,0.009953,0,0,0,1,0,0
1/10/2024 10:00,0.009302,0,0,1,0,0,0
1/10/2024 11:00,0.008893,0,0,1,0,0,0
1/10/2024 12:00,0.008663,0,0,1,0,0,0
1/10/2024 13:00,0.008479,0,0,1,0,0,0
1/10/2024 14:00,0.008296,0,1,0,0,0,0
1/10/2024 15:00,0.008317,0,0,1,0,0,0
1/10/2024 16:00,0.004293,1,0,0,0,0,0
1/10/2024 17:00,0.004499,1,0,0,0,0,0
1/10/2024 18:00,0.004684,1,0,0,0,0,0
1/10/2024 19:00,0.004781,1,0,0,0,0,0
1/10/2024 20:00,0.004806,1,0,0,0,0,0
1/10/2024 21:00,0.00506,0,1,0,0,0,0
1/10/2024 22:00,0.005391,0,1,0,0,0,0
1/10/2024 23:00,0.005396,0,1,0,0,0,0
1/11/2024 0:00,0.011312,0,0,0,0,1,0
1/11/2024 1:00,0.011162,0,0,0,0,1,0
1/11/2024 2:00,0.011004,0,0,0,0,1,0
1/11/2024 3:00,0.011048,0,0,0,0,1,0
1/11/2024 4:00,0.011019,0,0,0,0,1,0
1/11/2024 5:00,0.010844,0,0,0,0,1,0
1/11/2024 6:00,0.01076,0,0,0,0,1,0
1/11/2024 7:00,0.010921,0,0,0,0,1,0
1/11/2024 8:00,0.009955,0,0,0,1,0,0
1/11/2024 9:00,0.010256,0,0,0,0,1,0
1/11/2024 10:00,0.010765,0,0,0,0,1,0
1/11/2024 11:00,0.011341,0,0,0,0,1,0
1/11/2024 12:00,0.011982,0,0,0,0,1,0
1/11/2024 13:00,0.012068,0,0,0,0,1,0
1/11/2024 14:00,0.011812,0,0,0,0,1,0
1/11/2024 15:00,0.011491,0,0,0,0,1,0
1/11/2024 16:00,0.033816,0,0,0,0,0,1
1/11/2024 17:00,0.03988,0,0,0,0,0,1
1/11/2024 18:00,0.034337,0,0,0,0,0,1
1/11/2024 19:00,0.030139,0,0,0,0,0,1
1/11/2024 20:00,0.027108,0,0,0,0,1,0
1/11/2024 21:00,0.024426,0,0,0,0,1,0
1/11/2024 22:00,0.022464,0,0,0,1,0,0
1/11/2024 23:00,0.020766,0,0,0,1,0,0
1/12/2024 0:00,0.007892,0,1,0,0,0,0
1/12/2024 1:00,0.005875,0,1,0,0,0,0
1/12/2024 2:00,0.005786,0,1,0,0,0,0
1/12/2024 3:00,0.006309,0,1,0,0,0,0
1/12/2024 4:00,0.006577,0,1,0,0,0,0
1/12/2024 5:00,0.00683,0,1,0,0,0,0
1/12/2024 6:00,0.006811,0,1,0,0,0,0
1/12/2024 7:00,0.006872,0,1,0,0,0,0
1/12/2024 8:00,0.007395,0,1,0,0,0,0
1/12/2024 9:00,0.007439,0,1,0,0,0,0
1/12/2024 10:00,0.007451,0,1,0,0,0,0
1/12/2024 11:00,0.007521,0,0,1,0,0,0
1/12/2024 12:00,0.007554,0,0,1,0,0,0
1/12/2024 13:00,0.007619,0,0,1,0,0,0
1/12/2024 14:00,0.007693,0,0,1,0,0,0
1/12/2024 15:00,0.008335,0,0,1,0,0,0
1/12/2024 16:00,0.052468,0,0,0,0,0,1
1/12/2024 17:00,0.043969,0,0,0,0,0,1
1/12/2024 18:00,0.046493,0,0,0,0,0,1
1/12/2024 19:00,0.045409,0,0,0,0,0,1
1/12/2024 20:00,0.043787,0,0,0,0,0,1
1/12/2024 21:00,0.041534,0,0,0,0,1,0
1/12/2024 22:00,0.039426,0,0,0,0,1,0
1/12/2024 23:00,0.036466,0,0,0,0,1,0
1/13/2024 0:00,0.007349,0,0,1,0,0,0
1/13/2024 1:00,0.005967,0,1,0,0,0,0
1/13/2024 2:00,0.004417,0,1,0,0,0,0
1/13/2024 3:00,0.003652,0,1,0,0,0,0
1/13/2024 4:00,-0.002413,0,1,0,0,0,0
1/13/2024 5:00,-0.002342,0,1,0,0,0,0
1/13/2024 6:00,-0.00247,0,1,0,0,0,0
1/13/2024 7:00,-0.002541,0,1,0,0,0,0
1/13/2024 8:00,-0.000109,0,1,0,0,0,0
1/13/2024 9:00,-0.000148,0,1,0,0,0,0
1/13/2024 10:00,-0.000149,0,1,0,0,0,0
1/13/2024 11:00,-0.000076,0,1,0,0,0,0
1/13/2024 12:00,0.004217,0,0,1,0,0,0
1/13/2024 13:00,0.004215,0,0,1,0,0,0
1/13/2024 14:00,0.004215,0,0,1,0,0,0
1/13/2024 15:00,0.004371,0,0,1,0,0,0
1/13/2024 16:00,0.003976,0,0,1,0,0,0
1/13/2024 17:00,0.004209,0,0,1,0,0,0
1/13/2024 18:00,0.004291,0,0,1,0,0,0
1/13/2024 19:00,0.004569,0,0,1,0,0,0
1/13/2024 20:00,0.006065,0,0,1,0,0,0
1/13/2024 21:00,0.006326,0,0,0,1,0,0
1/13/2024 22:00,0.006572,0,0,0,1,0,0
1/13/2024 23:00,0.006734,0,0,0,0,1,0
1/14/2024 0:00,0.007701,0,0,0,0,1,0
1/14/2024 1:00,0.008802,0,0,0,0,0,1
1/14/2024 2:00,0.008863,0,0,0,0,0,1
1/14/2024 3:00,0.009108,0,0,0,0,1,0
1/14/2024 4:00,0.009397,0,0,0,0,1,0
1/14/2024 5:00,0.009648,0,0,0,0,1,0
1/14/2024 6:00,0.009801,0,0,0,0,1,0
1/14/2024 7:00,0.009833,0,0,0,0,1,0
1/14/2024 8:00,0.013335,0,0,0,0,0,1
1/14/2024 9:00,0.012894,0,0,0,0,0,1
1/14/2024 10:00,0.012454,0,0,0,0,0,1
1/14/2024 11:00,0.012033,0,0,0,0,1,0
1/14/2024 12:00,0.011514,0,0,0,0,1,0
1/14/2024 13:00,0.011109,0,0,0,0,1,0
1/14/2024 14:00,0.010614,0,0,0,0,1,0
1/14/2024 15:00,0.010104,0,0,0,1,0,0
1/14/2024 16:00,0.005635,0,1,0,0,0,0
1/14/2024 17:00,0.005713,0,1,0,0,0,0
1/14/2024 18:00,0.007047,0,1,0,0,0,0
1/14/2024 19:00,0.008234,0,0,1,0,0,0
1/14/2024 20:00,0.009267,0,0,1,0,0,0
1/14/2024 21:00,0.00946,0,0,0,1,0,0
1/14/2024 22:00,0.009722,0,0,0,1,0,0
1/14/2024 23:00,0.009982,0,0,0,1,0,0
1/15/2024 0:00,0.013428,0,0,0,0,0,1
1/15/2024 1:00,0.013893,0,0,0,0,0,1
1/15/2024 2:00,0.013502,0,0,0,0,1,0
1/15/2024 3:00,0.013688,0,0,0,0,1,0
1/15/2024 4:00,0.013746,0,0,0,0,1,0
1/15/2024 5:00,0.013183,0,0,0,0,1,0
1/15/2024 6:00,0.012416,0,0,0,1,0,0
1/15/2024 7:00,0.011674,0,0,0,1,0,0
1/15/2024 8:00,0.012774,0,0,0,0,1,0
1/15/2024 9:00,0.013516,0,0,0,0,1,0
1/15/2024 10:00,0.013741,0,0,0,0,1,0
1/15/2024 11:00,0.013277,0,0,0,0,1,0
1/15/2024 12:00,0.012793,0,0,0,1,0,0
1/15/2024 13:00,0.012767,0,0,0,1,0,0
1/15/2024 14:00,0.012696,0,0,0,1,0,0
1/15/2024 15:00,0.012349,0,0,0,1,0,0
1/15/2024 16:00,0.016188,0,0,0,0,0,1
1/15/2024 17:00,0.01665,0,0,0,0,0,1
1/15/2024 18:00,0.015677,0,0,0,0,1,0
1/15/2024 19:00,0.014802,0,0,0,0,1,0
1/15/2024 20:00,0.01353,0,0,0,1,0,0
1/15/2024 21:00,0.011858,0,1,0,0,0,0
1/15/2024 22:00,0.010533,1,0,0,0,0,0
1/15/2024 23:00,0.009773,1,0,0,0,0,0
1/16/2024 0:00,0.010879,0,1,0,0,0,0
1/16/2024 1:00,0.011072,0,1,0,0,0,0
1/16/2024 2:00,0.011475,0,1,0,0,0,0
1/16/2024 3:00,0.011717,0,0,1,0,0,0
1/16/2024 4:00,0.01127,0,1,0,0,0,0
1/16/2024 5:00,0.01117,0,1,0,0,0,0
1/16/2024 6:00,0.011321,0,1,0,0,0,0
1/16/2024 7:00,0.011492,0,0,1,0,0,0
1/16/2024 8:00,0.010466,0,1,0,0,0,0
1/16/2024 9:00,0.010847,0,1,0,0,0,0
1/16/2024 10:00,0.011078,0,0,1,0,0,0
1/16/2024 11:00,0.011159,0,0,1,0,0,0
1/16/2024 12:00,0.011847,0,0,1,0,0,0
1/16/2024 13:00,0.011934,0,0,1,0,0,0
1/16/2024 14:00,0.011751,0,0,1,0,0,0
1/16/2024 15:00,0.011415,0,0,1,0,0,0
1/16/2024 16:00,0.007809,1,0,0,0,0,0
1/16/2024 17:00,0.006917,1,0,0,0,0,0
1/16/2024 18:00,0.006588,1,0,0,0,0,0
1/16/2024 19:00,0.005916,1,0,0,0,0,0
1/16/2024 20:00,0.005841,1,0,0,0,0,0
1/16/2024 21:00,0.006146,1,0,0,0,0,0
1/16/2024 22:00,0.006325,1,0,0,0,0,0
1/16/2024 23:00,0.00633,0,1,0,0,0,0
1/17/2024 0:00,0.004159,1,0,0,0,0,0
1/17/2024 1:00,0.005007,1,0,0,0,0,0
1/17/2024 2:00,0.005167,0,1,0,0,0,0
1/17/2024 3:00,0.005274,0,1,0,0,0,0
1/17/2024 4:00,0.004337,0,1,0,0,0,0
1/17/2024 5:00,0.004182,0,1,0,0,0,0
1/17/2024 6:00,0.004038,0,1,0,0,0,0
1/17/2024 7:00,0.003964,0,1,0,0,0,0
1/17/2024 8:00,0.004477,0,1,0,0,0,0
1/17/2024 9:00,0.004643,0,1,0,0,0,0
1/17/2024 10:00,0.004506,0,1,0,0,0,0
1/17/2024 11:00,0.004352,0,1,0,0,0,0
1/17/2024 12:00,0.003916,0,1,0,0,0,0
1/17/2024 13:00,0.003935,0,1,0,0,0,0
1/17/2024 14:00,0.004018,0,1,0,0,0,0
1/17/2024 15:00,0.004051,0,1,0,0,0,0
1/17/2024 16:00,0.005745,0,0,0,0,1,0
1/17/2024 17:00,0.005899,0,0,0,0,1,0
1/17/2024 18:00,0.005991,0,0,0,0,1,0
1/17/2024 19:00,0.006066,0,0,0,0,1,0
1/17/2024 20:00,0.006352,0,0,0,0,0,1
1/17/2024 21:00,0.006555,0,0,0,0,0,1
1/17/2024 22:00,0.006557,0,0,0,0,0,1
1/17/2024 23:00,0.006516,0,0,0,0,0,1
1/18/2024 0:00,0.009578,0,0,0,0,0,1
1/18/2024 1:00,0.009462,0,0,0,0,0,1
1/18/2024 2:00,0.009396,0,0,0,0,0,1
1/18/2024 3:00,0.00936,0,0,0,0,0,1
1/18/2024 4:00,0.010518,0,0,0,0,0,1
1/18/2024 5:00,0.010584,0,0,0,0,0,1
1/18/2024 6:00,0.010859,0,0,0,0,0,1
1/18/2024 7:00,0.01129,0,0,0,0,0,1
1/18/2024 8:00,0.011606,0,0,0,0,0,1
1/18/2024 9:00,0.011702,0,0,0,0,0,1
1/18/2024 10:00,0.012375,0,0,0,0,0,1
1/18/2024 11:00,0.012644,0,0,0,0,0,1
1/18/2024 12:00,0.012447,0,0,0,0,1,0
1/18/2024 13:00,0.012218,0,0,0,0,1,0
1/18/2024 14:00,0.01211,0,0,0,0,1,0
1/18/2024 15:00,0.011913,0,0,0,0,1,0
1/18/2024 16:00,0.013528,0,0,0,0,1,0
1/18/2024 17:00,0.017107,0,0,0,0,0,1
1/18/2024 18:00,0.020835,0,0,0,0,0,1
1/18/2024 19:00,0.022966,0,0,0,0,0,1
1/18/2024 20:00,0.024426,0,0,0,0,0,1
1/18/2024 21:00,0.025295,0,0,0,0,0,1
1/18/2024 22:00,0.02489,0,0,0,0,0,1
1/18/2024 23:00,0.023953,0,0,0,0,0,1
1/19/2024 0:00,0.006764,0,1,0,0,0,0
1/19/2024 1:00,0.006511,0,1,0,0,0,0
1/19/2024 2:00,0.00627,0,1,0,0,0,0
1/19/2024 3:00,0.006058,0,1,0,0,0,0
1/19/2024 4:00,0.003617,1,0,0,0,0,0
1/19/2024 5:00,0.003458,0,1,0,0,0,0
1/19/2024 6:00,0.003498,0,1,0,0,0,0
1/19/2024 7:00,0.003668,0,1,0,0,0,0
1/19/2024 8:00,0.004803,0,1,0,0,0,0
1/19/2024 9:00,0.004865,0,1,0,0,0,0
1/19/2024 10:00,0.006178,0,1,0,0,0,0
1/19/2024 11:00,0.007208,0,0,1,0,0,0
1/19/2024 12:00,0.009721,0,0,1,0,0,0
1/19/2024 13:00,0.009774,0,0,1,0,0,0
1/19/2024 14:00,0.009806,0,0,1,0,0,0
1/19/2024 15:00,0.010145,0,0,1,0,0,0
1/19/2024 16:00,0.017504,0,0,0,0,1,0
1/19/2024 17:00,0.011878,0,0,0,1,0,0
1/19/2024 18:00,0.009696,0,0,1,0,0,0
1/19/2024 19:00,0.010134,0,0,1,0,0,0
1/19/2024 20:00,0.010323,0,0,0,1,0,0
1/19/2024 21:00,0.010244,0,0,0,1,0,0
1/19/2024 22:00,0.010263,0,0,0,1,0,0
1/19/2024 23:00,0.009882,0,0,0,1,0,0
1/20/2024 0:00,0.013683,0,0,0,0,0,1
1/20/2024 1:00,0.013634,0,0,0,0,1,0
1/20/2024 2:00,0.013329,0,0,0,0,1,0
1/20/2024 3:00,0.01274,0,0,0,0,1,0
1/20/2024 4:00,0.012408,0,0,0,0,1,0
1/20/2024 5:00,0.012182,0,0,0,1,0,0
1/20/2024 6:00,0.011946,0,0,0,1,0,0
1/20/2024 7:00,0.011937,0,0,0,1,0,0
1/20/2024 8:00,0.004871,1,0,0,0,0,0
1/20/2024 9:00,0.003933,1,0,0,0,0,0
1/20/2024 10:00,0.00372,1,0,0,0,0,0
1/20/2024 11:00,0.003658,1,0,0,0,0,0
1/20/2024 12:00,0.003547,1,0,0,0,0,0
1/20/2024 13:00,0.003283,1,0,0,0,0,0
1/20/2024 14:00,0.003274,1,0,0,0,0,0
1/20/2024 15:00,0.003558,0,1,0,0,0,0
1/20/2024 16:00,0.005451,0,1,0,0,0,0
1/20/2024 17:00,0.004749,0,1,0,0,0,0
1/20/2024 18:00,0.003919,0,1,0,0,0,0
1/20/2024 19:00,0.00383,0,1,0,0,0,0
1/20/2024 20:00,0.003166,0,1,0,0,0,0
1/20/2024 21:00,0.00327,0,1,0,0,0,0
1/20/2024 22:00,0.00327,0,1,0,0,0,0
1/20/2024 23:00,0.002948,0,1,0,0,0,0
1/21/2024 0:00,0.000936,0,1,0,0,0,0
1/21/2024 1:00,0.001808,0,1,0,0,0,0
1/21/2024 2:00,0.003209,0,0,1,0,0,0
1/21/2024 3:00,0.004478,0,0,1,0,0,0
1/21/2024 4:00,0.005415,0,0,0,1,0,0
1/21/2024 5:00,0.005455,0,0,0,1,0,0
1/21/2024 6:00,0.005132,0,0,0,1,0,0
1/21/2024 7:00,0.005153,0,0,0,0,1,0
1/21/2024 8:00,0.002969,0,1,0,0,0,0
1/21/2024 9:00,0.002027,0,1,0,0,0,0
1/21/2024 10:00,0.002631,0,1,0,0,0,0
1/21/2024 11:00,0.003686,0,0,0,1,0,0
1/21/2024 12:00,0.004364,0,0,0,1,0,0
1/21/2024 13:00,0.00482,0,0,0,0,1,0
1/21/2024 14:00,0.005696,0,0,0,0,1,0
1/21/2024 15:00,0.006612,0,0,0,0,0,1
1/21/2024 16:00,0.007275,0,0,0,0,0,1
1/21/2024 17:00,0.007483,0,0,0,0,0,1
1/21/2024 18:00,0.007654,0,0,0,0,0,1
1/21/2024 19:00,0.007812,0,0,0,0,0,1
1/21/2024 20:00,0.007994,0,0,0,0,0,1
1/21/2024 21:00,0.008174,0,0,0,0,0,1
1/21/2024 22:00,0.008373,0,0,0,0,1,0
1/21/2024 23:00,0.008388,0,0,0,0,1,0
1/22/2024 0:00,0.009858,0,0,0,0,0,1
1/22/2024 1:00,0.009821,0,0,0,0,0,1
1/22/2024 2:00,0.009644,0,0,0,0,1,0
1/22/2024 3:00,0.009561,0,0,0,0,1,0
1/22/2024 4:00,0.009467,0,0,0,0,1,0
1/22/2024 5:00,0.009252,0,0,0,0,1,0
1/22/2024 6:00,0.008909,0,0,0,0,1,0
1/22/2024 7:00,0.008725,0,0,0,1,0,0
1/22/2024 8:00,0.006034,0,0,1,0,0,0
1/22/2024 9:00,0.005849,0,1,0,0,0,0
1/22/2024 10:00,0.005741,0,1,0,0,0,0
1/22/2024 11:00,0.005576,0,1,0,0,0,0
1/22/2024 12:00,0.005419,0,1,0,0,0,0
1/22/2024 13:00,0.005491,0,1,0,0,0,0
1/22/2024 14:00,0.005556,0,1,0,0,0,0
1/22/2024 15:00,0.005696,0,1,0,0,0,0
1/22/2024 16:00,0.009435,0,0,0,0,1,0
1/22/2024 17:00,0.010685,0,0,0,0,0,1
1/22/2024 18:00,0.011006,0,0,0,0,0,1
1/22/2024 19:00,0.010709,0,0,0,0,1,0
1/22/2024 20:00,0.010043,0,0,0,0,1,0
1/22/2024 21:00,0.009833,0,0,0,0,1,0
1/22/2024 22:00,0.009804,0,0,0,0,1,0
1/22/2024 23:00,0.009648,0,0,0,1,0,0
1/23/2024 0:00,0.008557,0,0,0,1,0,0
1/23/2024 1:00,0.008028,0,0,1,0,0,0
1/23/2024 2:00,0.007496,0,0,1,0,0,0
1/23/2024 3:00,0.007239,0,0,1,0,0,0
1/23/2024 4:00,0.007282,0,0,1,0,0,0
1/23/2024 5:00,0.007246,0,0,1,0,0,0
1/23/2024 6:00,0.007203,0,0,1,0,0,0
1/23/2024 7:00,0.007221,0,0,1,0,0,0
1/23/2024 8:00,0.005515,0,1,0,0,0,0
1/23/2024 9:00,0.005573,0,1,0,0,0,0
1/23/2024 10:00,0.005829,0,1,0,0,0,0
1/23/2024 11:00,0.006157,0,1,0,0,0,0
1/23/2024 12:00,0.00628,0,1,0,0,0,0
1/23/2024 13:00,0.006314,0,1,0,0,0,0
1/23/2024 14:00,0.006405,0,1,0,0,0,0
1/23/2024 15:00,0.006694,0,0,1,0,0,0
1/23/2024 16:00,0.010971,0,0,0,0,0,1
1/23/2024 17:00,0.011166,0,0,0,0,0,1
1/23/2024 18:00,0.011157,0,0,0,0,0,1
1/23/2024 19:00,0.010963,0,0,0,0,0,1
1/23/2024 20:00,0.010873,0,0,0,0,1,0
1/23/2024 21:00,0.01102,0,0,0,0,1,0
1/23/2024 22:00,0.011076,0,0,0,0,1,0
1/23/2024 23:00,0.010914,0,0,0,0,1,0
1/24/2024 0:00,0.008363,0,0,0,1,0,0
1/24/2024 1:00,0.008107,0,0,1,0,0,0
1/24/2024 2:00,0.007933,0,0,1,0,0,0
1/24/2024 3:00,0.007895,0,0,1,0,0,0
1/24/2024 4:00,0.008023,0,0,1,0,0,0
1/24/2024 5:00,0.008003,0,0,1,0,0,0
1/24/2024 6:00,0.008145,0,0,1,0,0,0
1/24/2024 7:00,0.008319,0,0,1,0,0,0
1/24/2024 8:00,0.010482,0,0,0,0,1,0
1/24/2024 9:00,0.010597,0,0,0,0,1,0
1/24/2024 10:00,0.010756,0,0,0,0,1,0
1/24/2024 11:00,0.010808,0,0,0,0,1,0
1/24/2024 12:00,0.010747,0,0,0,0,1,0
1/24/2024 13:00,0.010686,0,0,0,1,0,0
1/24/2024 14:00,0.01041,0,0,0,1,0,0
1/24/2024 15:00,0.010149,0,0,0,1,0,0
1/24/2024 16:00,0.007471,1,0,0,0,0,0
1/24/2024 17:00,0.007389,1,0,0,0,0,0
1/24/2024 18:00,0.007281,0,1,0,0,0,0
1/24/2024 19:00,0.007396,0,1,0,0,0,0
1/24/2024 20:00,0.00707,0,1,0,0,0,0
1/24/2024 21:00,0.0072,0,1,0,0,0,0
1/24/2024 22:00,0.007242,0,1,0,0,0,0
1/24/2024 23:00,0.007223,0,1,0,0,0,0
1/25/2024 0:00,0.008569,0,0,1,0,0,0
1/25/2024 1:00,0.008508,0,0,1,0,0,0
1/25/2024 2:00,0.008483,0,0,1,0,0,0
1/25/2024 3:00,0.008351,0,0,1,0,0,0
1/25/2024 4:00,0.008707,0,0,1,0,0,0
1/25/2024 5:00,0.00865,0,0,1,0,0,0
1/25/2024 6:00,0.008788,0,0,1,0,0,0
1/25/2024 7:00,0.009043,0,0,0,1,0,0
1/25/2024 8:00,0.008816,0,0,0,1,0,0
1/25/2024 9:00,0.00877,0,0,0,1,0,0
1/25/2024 10:00,0.009334,0,0,0,1,0,0
1/25/2024 11:00,0.009984,0,0,0,0,1,0
1/25/2024 12:00,0.010412,0,0,0,0,0,1
1/25/2024 13:00,0.010329,0,0,0,0,0,1
1/25/2024 14:00,0.010216,0,0,0,0,0,1
1/25/2024 15:00,0.010133,0,0,0,0,1,0
1/25/2024 16:00,0.008279,0,0,1,0,0,0
1/25/2024 17:00,0.008437,0,0,1,0,0,0
1/25/2024 18:00,0.008594,0,0,1,0,0,0
1/25/2024 19:00,0.008438,0,0,1,0,0,0
1/25/2024 20:00,0.008279,0,0,1,0,0,0
1/25/2024 21:00,0.008396,0,0,1,0,0,0
1/25/2024 22:00,0.008572,0,0,1,0,0,0
1/25/2024 23:00,0.008545,0,0,1,0,0,0
1/26/2024 0:00,0.012281,0,0,0,0,0,1
1/26/2024 1:00,0.01178,0,0,0,0,0,1
1/26/2024 2:00,0.010602,0,0,0,0,1,0
1/26/2024 3:00,0.01075,0,0,0,0,1,0
1/26/2024 4:00,0.011081,0,0,0,0,1,0
1/26/2024 5:00,0.010987,0,0,0,0,1,0
1/26/2024 6:00,0.010821,0,0,0,0,1,0
1/26/2024 7:00,0.010717,0,0,0,0,1,0
1/26/2024 8:00,0.008533,0,1,0,0,0,0
1/26/2024 9:00,0.009246,0,0,1,0,0,0
1/26/2024 10:00,0.009865,0,0,0,1,0,0
1/26/2024 11:00,0.010002,0,0,0,1,0,0
1/26/2024 12:00,0.009945,0,0,0,1,0,0
1/26/2024 13:00,0.009854,0,0,0,1,0,0
1/26/2024 14:00,0.009748,0,0,0,1,0,0
1/26/2024 15:00,0.009748,0,0,0,1,0,0
1/26/2024 16:00,0.013582,0,0,0,0,0,1
1/26/2024 17:00,0.01345,0,0,0,0,0,1
1/26/2024 18:00,0.014169,0,0,0,0,0,1
1/26/2024 19:00,0.013429,0,0,0,0,0,1
1/26/2024 20:00,0.01306,0,0,0,0,1,0
1/26/2024 21:00,0.01314,0,0,0,0,1,0
1/26/2024 22:00,0.013022,0,0,0,0,1,0
1/26/2024 23:00,0.012974,0,0,0,0,1,0
1/27/2024 0:00,0.007171,1,0,0,0,0,0
1/27/2024 1:00,0.00776,1,0,0,0,0,0
1/27/2024 2:00,0.008231,0,1,0,0,0,0
1/27/2024 3:00,0.008265,0,1,0,0,0,0
1/27/2024 4:00,0.008335,0,1,0,0,0,0
1/27/2024 5:00,0.008214,0,1,0,0,0,0
1/27/2024 6:00,0.008076,0,1,0,0,0,0
1/27/2024 7:00,0.008034,0,1,0,0,0,0
1/27/2024 8:00,0.00709,0,1,0,0,0,0
1/27/2024 9:00,0.007165,0,1,0,0,0,0
1/27/2024 10:00,0.007333,0,1,0,0,0,0
1/27/2024 11:00,0.007672,0,1,0,0,0,0
1/27/2024 12:00,0.005814,0,1,0,0,0,0
1/27/2024 13:00,0.005986,0,1,0,0,0,0
1/27/2024 14:00,0.006291,0,1,0,0,0,0
1/27/2024 15:00,0.006359,0,1,0,0,0,0
1/27/2024 16:00,0.004251,1,0,0,0,0,0
1/27/2024 17:00,0.004954,0,1,0,0,0,0
1/27/2024 18:00,0.005533,0,1,0,0,0,0
1/27/2024 19:00,0.005982,0,1,0,0,0,0
1/27/2024 20:00,0.007768,0,0,0,1,0,0
1/27/2024 21:00,0.007913,0,0,0,1,0,0
1/27/2024 22:00,0.007871,0,0,0,1,0,0
1/27/2024 23:00,0.007674,0,0,0,1,0,0
1/28/2024 0:00,0.001274,1,0,0,0,0,0
1/28/2024 1:00,0.001916,1,0,0,0,0,0
1/28/2024 2:00,0.003311,1,0,0,0,0,0
1/28/2024 3:00,0.00356,0,1,0,0,0,0
1/28/2024 4:00,0.00336,0,1,0,0,0,0
1/28/2024 5:00,0.004759,0,0,1,0,0,0
1/28/2024 6:00,0.004795,0,0,1,0,0,0
1/28/2024 7:00,0.004424,0,0,1,0,0,0
1/28/2024 8:00,0.003304,0,1,0,0,0,0
1/28/2024 9:00,0.004582,0,0,1,0,0,0
1/28/2024 10:00,0.004802,0,0,1,0,0,0
1/28/2024 11:00,0.004862,0,0,1,0,0,0
1/28/2024 12:00,0.006072,0,0,0,1,0,0
1/28/2024 13:00,0.006506,0,0,0,0,1,0
1/28/2024 14:00,0.006954,0,0,0,0,1,0
1/28/2024 15:00,0.007044,0,0,0,0,1,0
1/28/2024 16:00,0.010578,0,0,0,0,0,1
1/28/2024 17:00,0.010458,0,0,0,0,0,1
1/28/2024 18:00,0.010392,0,0,0,0,0,1
1/28/2024 19:00,0.010361,0,0,0,0,0,1
1/28/2024 20:00,0.010938,0,0,0,0,0,1
1/28/2024 21:00,0.010885,0,0,0,0,0,1
1/28/2024 22:00,0.010863,0,0,0,0,1,0
1/28/2024 23:00,0.010899,0,0,0,0,1,0
1/29/2024 0:00,0.007143,0,0,0,1,0,0
1/29/2024 1:00,0.007109,0,0,0,1,0,0
1/29/2024 2:00,0.007158,0,0,1,0,0,0
1/29/2024 3:00,0.007259,0,0,1,0,0,0
1/29/2024 4:00,0.007247,0,0,1,0,0,0
1/29/2024 5:00,0.00703,0,0,1,0,0,0
1/29/2024 6:00,0.007012,0,0,1,0,0,0
1/29/2024 7:00,0.007191,0,0,1,0,0,0
1/29/2024 8:00,0.010437,0,0,0,0,1,0
1/29/2024 9:00,0.010717,0,0,0,0,1,0
1/29/2024 10:00,0.010866,0,0,0,0,1,0
1/29/2024 11:00,0.010806,0,0,0,0,1,0
1/29/2024 12:00,0.01087,0,0,0,0,1,0
1/29/2024 13:00,0.011069,0,0,0,0,1,0
1/29/2024 14:00,0.011282,0,0,0,0,1,0
1/29/2024 15:00,0.011344,0,0,0,0,1,0
1/29/2024 16:00,0.008899,0,0,1,0,0,0
1/29/2024 17:00,0.008417,0,0,1,0,0,0
1/29/2024 18:00,0.008468,0,0,1,0,0,0
1/29/2024 19:00,0.009248,0,0,1,0,0,0
1/29/2024 20:00,0.009217,0,0,1,0,0,0
1/29/2024 21:00,0.009052,0,0,1,0,0,0
1/29/2024 22:00,0.008914,0,0,1,0,0,0
1/29/2024 23:00,0.008974,0,0,1,0,0,0
1/30/2024 0:00,0.009186,0,0,0,1,0,0
1/30/2024 1:00,0.009228,0,0,0,1,0,0
1/30/2024 2:00,0.009408,0,0,0,1,0,0
1/30/2024 3:00,0.009566,0,0,0,1,0,0
1/30/2024 6:00,0.010294,0,0,0,1,0,0
1/30/2024 7:00,0.010237,0,0,0,1,0,0
1/30/2024 8:00,0.011994,0,0,0,0,0,1
1/30/2024 9:00,0.011832,0,0,0,0,0,1
1/30/2024 10:00,0.011766,0,0,0,0,0,1
1/30/2024 11:00,0.011961,0,0,0,0,0,1
1/30/2024 12:00,0.011539,0,0,0,0,1,0
1/30/2024 13:00,0.010789,0,0,0,1,0,0
1/30/2024 14:00,0.010036,0,0,0,1,0,0
1/30/2024 15:00,0.009452,0,0,1,0,0,0
1/30/2024 16:00,0.006101,1,0,0,0,0,0
1/30/2024 17:00,0.0067,1,0,0,0,0,0
1/30/2024 18:00,0.006138,1,0,0,0,0,0
1/30/2024 19:00,0.005342,1,0,0,0,0,0
1/30/2024 20:00,0.001643,1,0,0,0,0,0
1/30/2024 21:00,0.001496,1,0,0,0,0,0
1/30/2024 22:00,0.001515,1,0,0,0,0,0
1/30/2024 23:00,0.001518,1,0,0,0,0,0
1/31/2024 0:00,0.001286,1,0,0,0,0,0
1/31/2024 1:00,0.001512,0,1,0,0,0,0
1/31/2024 2:00,0.002178,0,1,0,0,0,0
1/31/2024 3:00,0.002731,0,1,0,0,0,0
1/31/2024 4:00,0.002343,0,1,0,0,0,0
1/31/2024 5:00,0.002579,0,1,0,0,0,0
1/31/2024 6:00,0.002935,0,1,0,0,0,0
1/31/2024 7:00,0.00332,0,0,1,0,0,0
1/31/2024 8:00,0.005147,0,0,1,0,0,0
1/31/2024 9:00,0.005473,0,0,0,1,0,0
1/31/2024 10:00,0.005552,0,0,0,1,0,0
1/31/2024 11:00,0.005413,0,0,0,1,0,0
1/31/2024 12:00,0.008737,0,0,0,0,1,0
1/31/2024 13:00,0.008535,0,0,0,0,1,0
1/31/2024 14:00,0.008306,0,0,0,0,1,0
1/31/2024 15:00,0.008034,0,0,0,0,1,0
1/31/2024 16:00,0.008636,0,0,0,0,0,1
1/31/2024 17:00,0.00845,0,0,0,0,1,0
1/31/2024 18:00,0.008586,0,0,0,0,1,0
1/31/2024 19:00,0.008806,0,0,0,0,1,0
1/31/2024 20:00,0.008991,0,0,0,0,1,0
1/31/2024 21:00,0.00912,0,0,0,0,1,0
1/31/2024 22:00,0.009012,0,0,0,0,1,0
1/31/2024 23:00,0.008895,0,0,0,0,1,0
2/1/2024 0:00,0.008933,0,0,0,0,1,0
2/1/2024 1:00,0.008757,0,0,0,0,1,0
2/1/2024 2:00,0.008419,0,0,0,1,0,0
2/1/2024 3:00,0.007728,0,0,0,1,0,0
2/1/2024 4:00,0.003271,1,0,0,0,0,0
2/1/2024 5:00,0.003088,1,0,0,0,0,0
2/1/2024 6:00,0.003085,1,0,0,0,0,0
2/1/2024 7:00,0.003141,1,0,0,0,0,0
2/1/2024 8:00,0.002099,1,0,0,0,0,0
2/1/2024 9:00,0.002142,1,0,0,0,0,0
2/1/2024 10:00,0.002154,1,0,0,0,0,0
2/1/2024 11:00,0.002162,1,0,0,0,0,0
2/1/2024 12:00,0.004731,0,0,1,0,0,0
2/1/2024 13:00,0.004735,0,0,1,0,0,0
2/1/2024 14:00,0.004741,0,0,1,0,0,0
2/1/2024 15:00,0.004723,0,0,1,0,0,0
2/1/2024 16:00,0.006642,0,0,0,1,0,0
2/1/2024 17:00,0.007851,0,0,0,1,0,0
2/1/2024 18:00,0.007972,0,0,0,0,1,0
2/1/2024 19:00,0.008006,0,0,0,0,1,0
2/1/2024 20:00,0.009439,0,0,0,0,1,0
2/1/2024 21:00,0.00949,0,0,0,0,1,0
2/1/2024 22:00,0.00959,0,0,0,0,1,0
2/1/2024 23:00,0.009596,0,0,0,0,1,0
2/2/2024 0:00,0.006753,0,0,0,1,0,0
2/2/2024 1:00,0.007331,0,0,0,1,0,0
2/2/2024 2:00,0.007312,0,0,0,1,0,0
2/2/2024 3:00,0.007374,0,0,0,1,0,0
2/2/2024 4:00,0.007494,0,0,0,1,0,0
2/2/2024 5:00,0.007515,0,0,0,1,0,0
2/2/2024 6:00,0.007478,0,0,0,1,0,0
2/2/2024 7:00,0.007598,0,0,0,1,0,0
2/2/2024 8:00,0.010143,0,0,0,0,1,0
2/2/2024 9:00,0.010282,0,0,0,0,1,0
2/2/2024 10:00,0.010434,0,0,0,0,1,0
2/2/2024 11:00,0.010538,0,0,0,0,1,0
2/2/2024 12:00,0.010532,0,0,0,0,1,0
2/2/2024 13:00,0.010589,0,0,0,0,1,0
2/2/2024 14:00,0.01059,0,0,0,0,1,0
2/2/2024 15:00,0.010575,0,0,0,0,1,0
2/2/2024 16:00,0.009573,0,0,0,1,0,0
2/2/2024 17:00,0.009074,0,0,0,1,0,0
2/2/2024 18:00,0.008678,0,0,1,0,0,0
2/2/2024 19:00,0.00858,0,0,1,0,0,0
2/2/2024 20:00,0.008362,0,0,1,0,0,0
2/2/2024 21:00,0.008302,0,0,1,0,0,0
2/2/2024 22:00,0.008264,0,0,1,0,0,0
2/2/2024 23:00,0.008356,0,0,1,0,0,0
2/3/2024 0:00,0.005459,1,0,0,0,0,0
2/3/2024 1:00,0.007022,0,1,0,0,0,0
2/3/2024 2:00,0.007686,0,1,0,0,0,0
2/3/2024 3:00,0.007823,0,0,1,0,0,0
2/3/2024 4:00,0.006916,0,1,0,0,0,0
2/3/2024 5:00,0.006879,0,1,0,0,0,0
2/3/2024 6:00,0.006859,0,1,0,0,0,0
2/3/2024 7:00,0.006847,0,1,0,0,0,0
2/3/2024 8:00,0.00659,0,1,0,0,0,0
2/3/2024 9:00,0.006943,0,1,0,0,0,0
2/3/2024 10:00,0.007194,0,1,0,0,0,0
2/3/2024 11:00,0.007324,0,0,1,0,0,0
2/3/2024 12:00,0.008203,0,0,0,1,0,0
2/3/2024 13:00,0.008295,0,0,0,1,0,0
2/3/2024 14:00,0.008421,0,0,0,1,0,0
2/3/2024 15:00,0.008527,0,0,0,0,1,0
2/3/2024 16:00,0.008623,0,0,0,0,1,0
2/3/2024 17:00,0.008581,0,0,0,0,1,0
2/3/2024 18:00,0.00862,0,0,0,0,1,0
2/3/2024 19:00,0.008707,0,0,0,0,1,0
2/3/2024 20:00,0.008792,0,0,0,0,1,0
2/3/2024 21:00,0.008763,0,0,0,0,1,0
2/3/2024 22:00,0.008511,0,0,0,0,1,0
2/3/2024 23:00,0.008131,0,0,0,1,0,0
2/4/2024 0:00,0.008811,0,0,0,0,1,0
2/4/2024 1:00,0.008676,0,0,0,0,1,0
2/4/2024 2:00,0.00856,0,0,0,0,1,0
2/4/2024 3:00,0.008442,0,0,0,1,0,0
2/4/2024 4:00,0.006549,1,0,0,0,0,0
2/4/2024 5:00,0.00657,1,0,0,0,0,0
2/4/2024 6:00,0.006646,1,0,0,0,0,0
2/4/2024 7:00,0.006474,1,0,0,0,0,0
2/4/2024 8:00,0.001633,1,0,0,0,0,0
2/4/2024 9:00,0.001182,1,0,0,0,0,0
2/4/2024 10:00,0.001692,1,0,0,0,0,0
2/4/2024 11:00,0.002628,1,0,0,0,0,0
2/4/2024 12:00,0.002104,1,0,0,0,0,0
2/4/2024 13:00,0.002923,0,1,0,0,0,0
2/4/2024 14:00,0.003245,0,1,0,0,0,0
2/4/2024 15:00,0.003253,0,1,0,0,0,0
2/4/2024 16:00,0.005482,0,0,1,0,0,0
2/4/2024 17:00,0.005775,0,0,1,0,0,0
2/4/2024 18:00,0.005381,0,0,1,0,0,0
2/4/2024 19:00,0.004851,0,0,1,0,0,0
2/4/2024 20:00,0.007219,0,0,0,1,0,0
2/4/2024 21:00,0.006678,0,0,0,1,0,0
2/4/2024 22:00,0.00638,0,0,0,1,0,0
2/4/2024 23:00,0.006104,0,0,0,1,0,0
2/5/2024 0:00,0.002226,0,1,0,0,0,0
2/5/2024 1:00,0.002281,0,1,0,0,0,0
2/5/2024 2:00,0.003457,0,0,1,0,0,0
2/5/2024 3:00,0.00384,0,0,1,0,0,0
2/5/2024 4:00,0.002301,0,1,0,0,0,0
2/5/2024 5:00,0.002509,0,1,0,0,0,0
2/5/2024 6:00,0.002799,0,0,1,0,0,0
2/5/2024 7:00,0.003101,0,0,1,0,0,0
2/5/2024 8:00,0.010182,0,0,0,0,0,1
2/5/2024 9:00,0.010642,0,0,0,0,0,1
2/5/2024 10:00,0.011152,0,0,0,0,0,1
2/5/2024 11:00,0.011755,0,0,0,0,0,1
2/5/2024 12:00,0.014665,0,0,0,0,0,1
2/5/2024 13:00,0.015363,0,0,0,0,0,1
2/5/2024 14:00,0.016034,0,0,0,0,0,1
2/5/2024 15:00,0.01652,0,0,0,0,0,1
2/5/2024 16:00,0.016388,0,0,0,0,0,1
2/5/2024 17:00,0.01606,0,0,0,0,1,0
2/5/2024 18:00,0.015556,0,0,0,0,1,0
2/5/2024 19:00,0.014891,0,0,0,0,1,0
2/5/2024 20:00,0.014152,0,0,0,0,1,0
2/5/2024 21:00,0.013405,0,0,0,1,0,0
2/5/2024 22:00,0.012653,0,0,0,1,0,0
2/5/2024 23:00,0.012144,0,0,0,1,0,0
2/6/2024 0:00,0.006231,0,1,0,0,0,0
2/6/2024 1:00,0.006093,0,1,0,0,0,0
2/6/2024 2:00,0.006038,0,1,0,0,0,0
2/6/2024 3:00,0.006149,0,1,0,0,0,0
2/6/2024 4:00,0.006103,0,1,0,0,0,0
2/6/2024 5:00,0.006028,0,1,0,0,0,0
2/6/2024 6:00,0.006257,0,1,0,0,0,0
2/6/2024 7:00,0.006541,0,1,0,0,0,0
2/6/2024 8:00,0.013553,0,0,0,1,0,0
2/6/2024 9:00,0.014012,0,0,0,1,0,0
2/6/2024 10:00,0.014157,0,0,0,1,0,0
2/6/2024 11:00,0.01432,0,0,0,1,0,0
2/6/2024 12:00,0.014432,0,0,0,1,0,0
2/6/2024 13:00,0.014393,0,0,0,1,0,0
2/6/2024 14:00,0.014418,0,0,0,1,0,0
2/6/2024 15:00,0.014418,0,0,0,0,1,0
2/6/2024 16:00,0.011297,0,0,1,0,0,0
2/6/2024 17:00,0.011157,0,0,1,0,0,0
2/6/2024 18:00,0.010946,0,0,1,0,0,0
2/6/2024 19:00,0.010627,0,0,1,0,0,0
2/6/2024 20:00,0.01058,0,0,1,0,0,0
2/6/2024 21:00,0.010411,0,0,1,0,0,0
2/6/2024 22:00,0.01015,0,0,1,0,0,0
2/6/2024 23:00,0.009861,0,0,1,0,0,0
2/7/2024 0:00,0.006821,0,1,0,0,0,0
2/7/2024 1:00,0.007807,0,1,0,0,0,0
2/7/2024 2:00,0.008113,0,1,0,0,0,0
2/7/2024 3:00,0.008145,0,1,0,0,0,0
2/7/2024 4:00,0.008379,0,1,0,0,0,0
2/7/2024 5:00,0.008377,0,1,0,0,0,0
2/7/2024 6:00,0.00811,0,1,0,0,0,0
2/7/2024 7:00,0.007635,0,1,0,0,0,0
2/7/2024 8:00,0.005384,1,0,0,0,0,0
2/7/2024 9:00,0.007508,0,1,0,0,0,0
2/7/2024 10:00,0.009064,0,0,1,0,0,0
2/7/2024 11:00,0.009163,0,0,1,0,0,0
2/7/2024 12:00,0.008917,0,0,1,0,0,0
2/7/2024 13:00,0.008614,0,0,1,0,0,0
2/7/2024 14:00,0.008448,0,0,1,0,0,0
2/7/2024 15:00,0.008499,0,0,1,0,0,0
2/7/2024 16:00,0.007582,0,1,0,0,0,0
2/7/2024 17:00,0.00853,0,0,1,0,0,0
2/7/2024 18:00,0.008948,0,0,0,1,0,0
2/7/2024 19:00,0.00917,0,0,0,1,0,0
2/7/2024 20:00,0.009237,0,0,0,0,1,0
2/7/2024 21:00,0.009249,0,0,0,0,1,0
2/7/2024 22:00,0.009278,0,0,0,0,1,0
2/7/2024 23:00,0.009338,0,0,0,0,1,0
2/8/2024 0:00,0.012088,0,0,0,0,0,1
2/8/2024 1:00,0.014085,0,0,0,0,0,1
2/8/2024 2:00,0.014003,0,0,0,0,0,1
2/8/2024 3:00,0.013632,0,0,0,0,0,1
2/8/2024 4:00,0.013982,0,0,0,0,0,1
2/8/2024 5:00,0.014327,0,0,0,0,0,1
2/8/2024 6:00,0.014369,0,0,0,0,0,1
2/8/2024 7:00,0.014689,0,0,0,0,0,1
2/8/2024 8:00,0.011192,0,0,0,1,0,0
2/8/2024 9:00,0.01138,0,0,0,1,0,0
2/8/2024 10:00,0.01164,0,0,0,1,0,0
2/8/2024 11:00,0.011666,0,0,0,1,0,0
2/8/2024 12:00,0.011371,0,0,0,1,0,0
2/8/2024 13:00,0.011212,0,0,0,1,0,0
2/8/2024 14:00,0.011506,0,0,0,1,0,0
2/8/2024 15:00,0.011563,0,0,0,1,0,0
2/8/2024 16:00,0.007103,1,0,0,0,0,0
2/8/2024 17:00,0.012441,0,0,0,1,0,0
2/8/2024 18:00,0.014003,0,0,0,0,1,0
2/8/2024 19:00,0.014961,0,0,0,0,1,0
2/8/2024 20:00,0.015309,0,0,0,0,1,0
2/8/2024 21:00,0.015369,0,0,0,0,1,0
2/8/2024 22:00,0.015138,0,0,0,0,1,0
2/8/2024 23:00,0.014847,0,0,0,0,1,0
2/9/2024 0:00,0.005296,1,0,0,0,0,0
2/9/2024 1:00,0.001703,1,0,0,0,0,0
2/9/2024 2:00,0.002122,1,0,0,0,0,0
2/9/2024 3:00,0.003925,1,0,0,0,0,0
2/9/2024 4:00,0.005542,0,1,0,0,0,0
2/9/2024 5:00,0.007048,0,1,0,0,0,0
2/9/2024 6:00,0.007958,0,0,1,0,0,0
2/9/2024 7:00,0.008873,0,0,1,0,0,0
2/9/2024 8:00,0.015372,0,0,0,0,1,0
2/9/2024 9:00,0.015966,0,0,0,0,1,0
2/9/2024 10:00,0.016493,0,0,0,0,1,0
2/9/2024 11:00,0.016293,0,0,0,0,1,0
2/9/2024 12:00,0.015802,0,0,0,0,1,0
2/9/2024 13:00,0.015287,0,0,0,0,1,0
2/9/2024 14:00,0.014787,0,0,0,1,0,0
2/9/2024 15:00,0.014345,0,0,0,1,0,0
2/9/2024 16:00,0.007239,0,1,0,0,0,0
2/9/2024 17:00,0.004879,0,1,0,0,0,0
2/9/2024 18:00,0.00367,0,1,0,0,0,0
2/9/2024 19:00,0.003535,0,1,0,0,0,0
2/9/2024 20:00,0.002846,0,1,0,0,0,0
2/9/2024 21:00,0.002007,0,1,0,0,0,0
2/9/2024 22:00,0.001721,0,1,0,0,0,0
2/9/2024 23:00,0.002189,0,1,0,0,0,0
2/10/2024 0:00,0.004347,0,0,1,0,0,0
2/10/2024 1:00,0.004263,0,0,1,0,0,0
2/10/2024 2:00,0.004699,0,0,1,0,0,0
2/10/2024 3:00,0.004804,0,0,1,0,0,0
2/10/2024 4:00,0.005061,0,0,1,0,0,0
2/10/2024 5:00,0.005388,0,0,1,0,0,0
2/10/2024 6:00,0.005518,0,0,1,0,0,0
2/10/2024 7:00,0.005408,0,0,1,0,0,0
2/10/2024 8:00,0.008104,0,0,0,1,0,0
2/10/2024 9:00,0.006584,0,0,1,0,0,0
2/10/2024 10:00,0.006318,0,0,1,0,0,0
2/10/2024 11:00,0.006364,0,0,1,0,0,0
2/10/2024 12:00,0.006368,0,0,0,1,0,0
2/10/2024 13:00,0.006252,0,0,0,1,0,0
2/10/2024 14:00,0.006279,0,0,0,1,0,0
2/10/2024 15:00,0.006372,0,0,0,0,1,0
2/10/2024 16:00,0.005639,0,0,0,1,0,0
2/10/2024 17:00,0.005732,0,0,0,1,0,0
2/10/2024 18:00,0.006539,0,0,0,0,1,0
2/10/2024 19:00,0.007098,0,0,0,0,1,0
2/10/2024 20:00,0.007513,0,0,0,0,1,0
2/10/2024 21:00,0.007887,0,0,0,0,1,0
2/10/2024 22:00,0.008461,0,0,0,0,0,1
2/10/2024 23:00,0.008977,0,0,0,0,0,1
2/11/2024 0:00,0.013785,0,0,0,0,0,1
2/11/2024 1:00,0.014562,0,0,0,0,0,1
2/11/2024 2:00,0.014706,0,0,0,0,0,1
2/11/2024 3:00,0.014907,0,0,0,0,0,1
2/11/2024 4:00,0.015691,0,0,0,0,0,1
2/11/2024 5:00,0.016403,0,0,0,0,0,1
2/11/2024 6:00,0.016512,0,0,0,0,0,1
2/11/2024 7:00,0.016736,0,0,0,0,0,1
2/11/2024 8:00,0.015336,0,0,0,0,1,0
2/11/2024 9:00,0.015878,0,0,0,0,1,0
2/11/2024 10:00,0.016311,0,0,0,0,1,0
2/11/2024 11:00,0.016737,0,0,0,0,1,0
2/11/2024 12:00,0.017054,0,0,0,0,1,0
2/11/2024 13:00,0.017173,0,0,0,0,1,0
2/11/2024 14:00,0.017115,0,0,0,0,1,0
2/11/2024 15:00,0.016975,0,0,0,0,1,0
2/11/2024 16:00,0.012559,0,0,1,0,0,0
2/11/2024 17:00,0.011346,0,0,1,0,0,0
2/11/2024 18:00,0.010794,0,1,0,0,0,0
2/11/2024 19:00,0.009974,0,1,0,0,0,0
2/11/2024 20:00,0.009257,0,1,0,0,0,0
2/11/2024 21:00,0.00897,1,0,0,0,0,0
2/11/2024 22:00,0.00926,1,0,0,0,0,0
2/11/2024 23:00,0.009745,0,1,0,0,0,0
2/12/2024 0:00,0.011904,0,0,1,0,0,0
2/12/2024 1:00,0.01226,0,0,1,0,0,0
2/12/2024 2:00,0.012524,0,0,1,0,0,0
2/12/2024 3:00,0.012742,0,0,1,0,0,0
2/12/2024 4:00,0.012693,0,0,1,0,0,0
2/12/2024 5:00,0.012939,0,0,1,0,0,0
2/12/2024 6:00,0.012964,0,0,1,0,0,0
2/12/2024 7:00,0.012933,0,0,1,0,0,0
2/12/2024 8:00,0.014516,0,0,0,1,0,0
2/12/2024 9:00,0.014099,0,0,0,1,0,0
2/12/2024 10:00,0.013826,0,0,0,1,0,0
2/12/2024 11:00,0.013451,0,0,0,1,0,0
2/12/2024 12:00,0.013303,0,0,0,1,0,0
2/12/2024 13:00,0.01306,0,0,0,1,0,0
2/12/2024 14:00,0.013129,0,0,0,1,0,0
2/12/2024 15:00,0.013169,0,0,0,1,0,0
2/12/2024 16:00,0.011084,0,0,1,0,0,0
2/12/2024 17:00,0.011488,0,0,1,0,0,0
2/12/2024 18:00,0.012532,0,0,0,1,0,0
2/12/2024 19:00,0.013237,0,0,0,1,0,0
2/12/2024 20:00,0.013713,0,0,0,0,1,0
2/12/2024 21:00,0.013768,0,0,0,0,1,0
2/12/2024 22:00,0.013942,0,0,0,0,1,0
2/12/2024 23:00,0.014243,0,0,0,0,1,0
2/13/2024 0:00,0.019035,0,0,0,0,0,1
2/13/2024 1:00,0.018785,0,0,0,0,0,1
2/13/2024 2:00,0.018175,0,0,0,0,0,1
2/13/2024 3:00,0.017759,0,0,0,0,0,1
2/13/2024 4:00,0.01752,0,0,0,0,1,0
2/13/2024 5:00,0.01757,0,0,0,0,1,0
2/13/2024 6:00,0.017233,0,0,0,0,1,0
2/13/2024 7:00,0.016731,0,0,0,0,1,0
2/13/2024 8:00,0.012187,0,1,0,0,0,0
2/13/2024 9:00,0.012252,0,1,0,0,0,0
2/13/2024 10:00,0.012296,0,1,0,0,0,0
2/13/2024 11:00,0.011901,0,1,0,0,0,0
2/13/2024 12:00,0.011493,0,1,0,0,0,0
2/13/2024 13:00,0.011285,0,1,0,0,0,0
2/13/2024 14:00,0.011341,0,1,0,0,0,0
2/13/2024 15:00,0.011375,0,1,0,0,0,0
2/13/2024 16:00,0.011193,0,1,0,0,0,0
2/13/2024 17:00,0.010699,0,1,0,0,0,0
2/13/2024 18:00,0.010371,0,1,0,0,0,0
2/13/2024 19:00,0.010342,0,1,0,0,0,0
2/13/2024 20:00,0.010271,0,1,0,0,0,0
2/13/2024 21:00,0.010017,0,1,0,0,0,0
2/13/2024 22:00,0.009627,0,1,0,0,0,0
2/13/2024 23:00,0.009417,0,1,0,0,0,0
2/14/2024 0:00,0.004001,1,0,0,0,0,0
2/14/2024 1:00,0.004326,1,0,0,0,0,0
2/14/2024 2:00,0.004466,1,0,0,0,0,0
2/14/2024 3:00,0.004632,1,0,0,0,0,0
2/14/2024 4:00,0.004981,0,1,0,0,0,0
2/14/2024 5:00,0.005546,0,1,0,0,0,0
2/14/2024 6:00,0.006109,0,1,0,0,0,0
2/14/2024 7:00,0.006678,0,1,0,0,0,0
2/14/2024 8:00,0.007935,0,0,1,0,0,0
2/14/2024 9:00,0.012413,0,0,0,0,1,0
2/14/2024 10:00,0.013693,0,0,0,0,0,1
2/14/2024 11:00,0.014309,0,0,0,0,0,1
2/14/2024 12:00,0.015481,0,0,0,0,0,1
2/14/2024 13:00,0.015909,0,0,0,0,0,1
2/14/2024 14:00,0.016599,0,0,0,0,0,1
2/14/2024 15:00,0.016277,0,0,0,0,0,1
2/14/2024 16:00,0.020294,0,0,0,0,0,1
2/14/2024 17:00,0.019863,0,0,0,0,0,1
2/14/2024 18:00,0.019308,0,0,0,0,0,1
2/14/2024 19:00,0.018836,0,0,0,0,1,0
2/14/2024 20:00,0.019299,0,0,0,0,1,0
2/14/2024 21:00,0.0184,0,0,0,0,1,0
2/14/2024 22:00,0.017698,0,0,0,0,1,0
2/14/2024 23:00,0.017445,0,0,0,0,1,0
2/15/2024 0:00,0.00863,0,1,0,0,0,0
2/15/2024 1:00,0.01031,0,0,1,0,0,0
2/15/2024 2:00,0.011725,0,0,1,0,0,0
2/15/2024 3:00,0.01246,0,0,1,0,0,0
2/15/2024 4:00,0.010864,0,0,1,0,0,0
2/15/2024 5:00,0.010743,0,1,0,0,0,0
2/15/2024 6:00,0.010368,0,1,0,0,0,0
2/15/2024 7:00,0.010075,0,1,0,0,0,0
2/15/2024 8:00,0.016024,0,0,0,1,0,0
2/15/2024 9:00,0.015993,0,0,0,1,0,0
2/15/2024 10:00,0.01605,0,0,0,1,0,0
2/15/2024 11:00,0.015852,0,0,0,1,0,0
2/15/2024 12:00,0.016611,0,0,0,1,0,0
2/15/2024 13:00,0.016378,0,0,0,1,0,0
2/15/2024 14:00,0.016197,0,0,0,1,0,0
2/15/2024 15:00,0.015968,0,0,0,1,0,0
2/15/2024 16:00,0.009404,0,1,0,0,0,0
2/15/2024 17:00,0.011451,0,1,0,0,0,0
2/15/2024 18:00,0.012243,0,0,1,0,0,0
2/15/2024 19:00,0.01171,0,0,1,0,0,0
2/15/2024 20:00,0.013063,0,0,1,0,0,0
2/15/2024 21:00,0.012417,0,0,1,0,0,0
2/15/2024 22:00,0.012003,0,0,1,0,0,0
2/15/2024 23:00,0.011833,0,0,1,0,0,0
2/16/2024 0:00,0.017049,0,0,0,0,0,1
2/16/2024 1:00,0.016806,0,0,0,0,1,0
2/16/2024 2:00,0.016639,0,0,0,0,1,0
2/16/2024 3:00,0.017355,0,0,0,0,1,0
2/16/2024 4:00,0.018392,0,0,0,0,0,1
2/16/2024 5:00,0.019461,0,0,0,0,0,1
2/16/2024 6:00,0.020481,0,0,0,0,0,1
2/16/2024 7:00,0.021645,0,0,0,0,0,1
2/16/2024 8:00,0.023126,0,0,0,0,0,1
2/16/2024 9:00,0.02592,0,0,0,0,0,1
2/16/2024 10:00,0.026835,0,0,0,0,0,1
2/16/2024 11:00,0.026245,0,0,0,0,0,1
2/16/2024 12:00,0.025248,0,0,0,0,1,0
2/16/2024 13:00,0.023649,0,0,0,0,1,0
2/16/2024 14:00,0.022232,0,0,0,0,1,0
2/16/2024 15:00,0.021035,0,0,0,1,0,0
2/16/2024 16:00,0.020674,0,0,0,1,0,0
2/16/2024 17:00,0.020387,0,0,0,1,0,0
2/16/2024 18:00,0.019469,0,0,0,1,0,0
2/16/2024 19:00,0.01909,0,0,1,0,0,0
2/16/2024 20:00,0.017258,0,0,1,0,0,0
2/16/2024 21:00,0.016671,0,1,0,0,0,0
2/16/2024 22:00,0.016061,0,1,0,0,0,0
2/16/2024 23:00,0.01555,0,1,0,0,0,0
2/17/2024 0:00,0.009096,1,0,0,0,0,0
2/17/2024 1:00,0.00958,1,0,0,0,0,0
2/17/2024 2:00,0.010179,1,0,0,0,0,0
2/17/2024 3:00,0.010712,1,0,0,0,0,0
2/17/2024 4:00,0.009377,1,0,0,0,0,0
2/17/2024 5:00,0.009905,0,1,0,0,0,0
2/17/2024 6:00,0.010091,0,1,0,0,0,0
2/17/2024 7:00,0.010253,0,1,0,0,0,0
2/17/2024 8:00,0.015191,0,0,1,0,0,0
2/17/2024 9:00,0.015029,0,0,1,0,0,0
2/17/2024 10:00,0.014787,0,0,1,0,0,0
2/17/2024 11:00,0.014564,0,0,1,0,0,0
2/17/2024 12:00,0.014167,0,0,1,0,0,0
2/17/2024 13:00,0.013813,0,0,1,0,0,0
2/17/2024 14:00,0.013808,0,0,1,0,0,0
2/17/2024 15:00,0.014351,0,0,0,1,0,0
2/17/2024 16:00,0.007519,1,0,0,0,0,0
2/17/2024 17:00,0.007533,1,0,0,0,0,0
2/17/2024 18:00,0.007212,1,0,0,0,0,0
2/17/2024 19:00,0.00688,1,0,0,0,0,0
2/17/2024 20:00,0.006929,0,1,0,0,0,0
2/17/2024 21:00,0.007315,0,1,0,0,0,0
2/17/2024 22:00,0.008221,0,1,0,0,0,0
2/17/2024 23:00,0.008626,0,0,1,0,0,0
2/18/2024 0:00,0.015582,0,0,0,0,1,0
2/18/2024 1:00,0.016812,0,0,0,0,0,1
2/18/2024 2:00,0.017306,0,0,0,0,0,1
2/18/2024 3:00,0.017453,0,0,0,0,0,1
2/18/2024 4:00,0.017374,0,0,0,0,1,0
2/18/2024 5:00,0.016838,0,0,0,0,1,0
2/18/2024 6:00,0.016135,0,0,0,0,1,0
2/18/2024 7:00,0.015671,0,0,0,1,0,0
2/18/2024 8:00,0.014255,0,0,0,1,0,0
2/18/2024 9:00,0.013693,0,0,0,1,0,0
2/18/2024 10:00,0.01339,0,0,0,1,0,0
2/18/2024 11:00,0.01355,0,0,0,1,0,0
2/18/2024 12:00,0.013869,0,0,0,1,0,0
2/18/2024 13:00,0.014221,0,0,0,1,0,0
2/18/2024 14:00,0.014315,0,0,0,1,0,0
2/18/2024 15:00,0.014368,0,0,0,1,0,0
2/18/2024 16:00,0.015474,0,0,0,1,0,0
2/18/2024 17:00,0.015938,0,0,0,1,0,0
2/18/2024 18:00,0.0162,0,0,0,1,0,0
2/18/2024 19:00,0.016186,0,0,0,1,0,0
2/18/2024 20:00,0.017454,0,0,0,0,1,0
2/18/2024 21:00,0.017412,0,0,0,0,1,0
2/18/2024 22:00,0.018107,0,0,0,0,1,0
2/18/2024 23:00,0.019285,0,0,0,0,0,1
2/19/2024 0:00,0.02547,0,0,0,0,0,1
2/19/2024 1:00,0.023386,0,0,0,0,0,1
2/19/2024 2:00,0.021546,0,0,0,0,0,1
2/19/2024 3:00,0.020142,0,0,0,0,1,0
2/19/2024 4:00,0.020616,0,0,0,0,1,0
2/19/2024 5:00,0.020311,0,0,0,0,1,0
2/19/2024 6:00,0.020226,0,0,0,0,1,0
2/19/2024 7:00,0.020141,0,0,0,0,1,0
2/19/2024 8:00,0.023713,0,0,0,0,0,1
2/19/2024 9:00,0.024091,0,0,0,0,0,1
2/19/2024 10:00,0.024205,0,0,0,0,1,0
2/19/2024 11:00,0.024395,0,0,0,0,1,0
2/19/2024 12:00,0.026319,0,0,0,0,0,1
2/19/2024 13:00,0.026257,0,0,0,0,0,1
2/19/2024 14:00,0.025521,0,0,0,0,1,0
2/19/2024 15:00,0.02493,0,0,0,0,1,0
2/19/2024 16:00,0.019122,0,0,1,0,0,0
2/19/2024 17:00,0.018051,0,1,0,0,0,0
2/19/2024 18:00,0.016456,1,0,0,0,0,0
2/19/2024 19:00,0.015556,1,0,0,0,0,0
2/19/2024 20:00,0.011676,1,0,0,0,0,0
2/19/2024 21:00,0.010238,1,0,0,0,0,0
2/19/2024 22:00,0.009021,1,0,0,0,0,0
2/19/2024 23:00,0.008208,1,0,0,0,0,0
2/20/2024 0:00,0.004626,1,0,0,0,0,0
2/20/2024 1:00,0.001942,1,0,0,0,0,0
2/20/2024 2:00,0.002122,1,0,0,0,0,0
2/20/2024 3:00,0.003675,1,0,0,0,0,0
2/20/2024 4:00,0.004319,0,1,0,0,0,0
2/20/2024 5:00,0.006301,0,1,0,0,0,0
2/20/2024 6:00,0.008049,0,1,0,0,0,0
2/20/2024 7:00,0.008714,0,0,1,0,0,0
2/20/2024 8:00,0.016908,0,0,0,1,0,0
2/20/2024 9:00,0.015237,0,0,0,1,0,0
2/20/2024 10:00,0.014143,0,0,0,1,0,0
2/20/2024 11:00,0.015831,0,0,0,1,0,0
2/20/2024 12:00,0.017616,0,0,0,1,0,0
2/20/2024 13:00,0.019204,0,0,0,0,1,0
2/20/2024 14:00,0.020909,0,0,0,0,1,0
2/20/2024 15:00,0.019639,0,0,0,0,1,0
2/20/2024 16:00,0.008871,0,0,1,0,0,0
2/20/2024 17:00,0.008575,0,0,1,0,0,0
2/20/2024 18:00,0.009849,0,0,1,0,0,0
2/20/2024 19:00,0.010082,0,0,1,0,0,0
2/20/2024 20:00,0.010325,0,0,1,0,0,0
2/20/2024 21:00,0.009897,0,0,1,0,0,0
2/20/2024 22:00,0.010243,0,0,1,0,0,0
2/20/2024 23:00,0.011622,0,0,0,1,0,0
2/21/2024 0:00,0.028082,0,0,0,0,0,1
2/21/2024 1:00,0.026694,0,0,0,0,0,1
2/21/2024 2:00,0.023757,0,0,0,0,1,0
2/21/2024 3:00,0.02297,0,0,0,0,1,0
2/21/2024 4:00,0.023161,0,0,0,0,1,0
2/21/2024 5:00,0.02103,0,0,0,0,1,0
2/21/2024 6:00,0.019262,0,0,0,1,0,0
2/21/2024 7:00,0.017232,0,0,0,1,0,0
2/21/2024 8:00,0.007844,0,1,0,0,0,0
2/21/2024 9:00,0.007797,0,1,0,0,0,0
2/21/2024 10:00,0.006264,0,1,0,0,0,0
2/21/2024 11:00,0.005504,0,1,0,0,0,0
2/21/2024 12:00,0.003679,0,1,0,0,0,0
2/21/2024 13:00,0.004007,0,1,0,0,0,0
2/21/2024 14:00,0.004364,0,1,0,0,0,0
2/21/2024 15:00,0.005088,0,1,0,0,0,0
2/21/2024 16:00,0.009271,0,0,1,0,0,0
2/21/2024 17:00,0.00774,0,0,1,0,0,0
2/21/2024 18:00,0.007238,0,0,1,0,0,0
2/21/2024 19:00,0.007824,0,0,1,0,0,0
2/21/2024 20:00,0.008108,0,0,1,0,0,0
2/21/2024 21:00,0.008151,0,0,1,0,0,0
2/21/2024 22:00,0.008712,0,0,1,0,0,0
2/21/2024 23:00,0.009887,0,0,1,0,0,0
2/22/2024 0:00,0.021499,0,0,0,0,1,0
2/22/2024 1:00,0.01963,0,0,0,0,1,0
2/22/2024 2:00,0.017976,0,0,0,0,1,0
2/22/2024 3:00,0.017693,0,0,0,0,1,0
2/22/2024 4:00,0.01782,0,0,0,0,1,0
2/22/2024 5:00,0.018031,0,0,0,0,1,0
2/22/2024 6:00,0.018168,0,0,0,0,1,0
2/22/2024 7:00,0.018093,0,0,0,0,1,0
2/22/2024 8:00,0.024183,0,0,0,0,0,1
2/22/2024 9:00,0.029388,0,0,0,0,0,1
2/22/2024 10:00,0.031803,0,0,0,0,0,1
2/22/2024 11:00,0.029991,0,0,0,0,0,1
2/22/2024 12:00,0.030133,0,0,0,0,0,1
2/22/2024 13:00,0.026423,0,0,0,0,1,0
2/22/2024 14:00,0.023155,0,0,0,1,0,0
2/22/2024 15:00,0.021408,0,0,0,1,0,0
2/22/2024 16:00,0.015099,0,0,1,0,0,0
2/22/2024 17:00,0.015089,0,0,1,0,0,0
2/22/2024 18:00,0.014315,0,0,1,0,0,0
2/22/2024 19:00,0.014233,0,0,1,0,0,0
2/22/2024 20:00,0.01018,0,1,0,0,0,0
2/22/2024 21:00,0.009567,0,1,0,0,0,0
2/22/2024 22:00,0.010049,0,1,0,0,0,0
2/22/2024 23:00,0.01036,0,1,0,0,0,0
2/23/2024 0:00,0.009703,0,1,0,0,0,0
2/23/2024 1:00,0.00942,0,1,0,0,0,0
2/23/2024 2:00,0.008911,0,1,0,0,0,0
2/23/2024 3:00,0.008511,0,1,0,0,0,0
2/23/2024 4:00,0.008442,0,1,0,0,0,0
2/23/2024 5:00,0.008323,0,1,0,0,0,0
2/23/2024 6:00,0.007636,0,1,0,0,0,0
2/23/2024 7:00,0.00737,0,1,0,0,0,0
2/23/2024 8:00,0.01095,0,0,1,0,0,0
2/23/2024 9:00,0.010161,0,0,1,0,0,0
2/23/2024 10:00,0.009596,0,0,1,0,0,0
2/23/2024 11:00,0.010129,0,0,1,0,0,0
2/23/2024 12:00,0.010523,0,0,1,0,0,0
2/23/2024 13:00,0.010165,0,0,1,0,0,0
2/23/2024 14:00,0.009954,0,0,1,0,0,0
2/23/2024 15:00,0.009189,0,0,1,0,0,0
2/23/2024 16:00,0.008765,0,0,1,0,0,0
2/23/2024 17:00,0.00969,0,0,1,0,0,0
2/23/2024 18:00,0.008972,0,0,1,0,0,0
2/23/2024 19:00,0.009012,0,0,1,0,0,0
2/23/2024 20:00,0.008814,0,0,1,0,0,0
2/23/2024 21:00,0.008252,0,1,0,0,0,0
2/23/2024 22:00,0.007964,0,1,0,0,0,0
2/23/2024 23:00,0.007908,0,1,0,0,0,0
2/24/2024 0:00,0.007675,0,1,0,0,0,0
2/24/2024 1:00,0.007793,0,1,0,0,0,0
2/24/2024 2:00,0.008895,0,0,1,0,0,0
2/24/2024 3:00,0.009329,0,0,0,1,0,0
2/24/2024 4:00,0.010019,0,0,0,0,1,0
2/24/2024 5:00,0.010797,0,0,0,0,0,1
2/24/2024 6:00,0.01173,0,0,0,0,0,1
2/24/2024 7:00,0.012446,0,0,0,0,0,1
2/24/2024 8:00,0.01346,0,0,0,0,0,1
2/24/2024 9:00,0.012907,0,0,0,0,0,1
2/24/2024 10:00,0.01398,0,0,0,0,0,1
2/24/2024 11:00,0.014517,0,0,0,0,0,1
2/24/2024 12:00,0.015489,0,0,0,0,0,1
2/24/2024 13:00,0.015448,0,0,0,0,0,1
2/24/2024 14:00,0.015229,0,0,0,0,0,1
2/24/2024 15:00,0.0154,0,0,0,0,0,1
2/24/2024 16:00,0.022044,0,0,0,0,0,1
2/24/2024 17:00,0.019401,0,0,0,0,0,1
2/24/2024 18:00,0.021041,0,0,0,0,0,1
2/24/2024 19:00,0.021896,0,0,0,0,0,1
2/24/2024 20:00,0.022037,0,0,0,0,0,1
2/24/2024 21:00,0.020776,0,0,0,0,1,0
2/24/2024 22:00,0.019498,0,0,0,0,1,0
2/24/2024 23:00,0.018303,0,0,0,0,1,0
2/25/2024 0:00,0.01356,0,0,1,0,0,0
2/25/2024 1:00,0.014846,0,0,1,0,0,0
2/25/2024 2:00,0.015553,0,0,1,0,0,0
2/25/2024 3:00,0.014517,0,0,1,0,0,0
2/25/2024 4:00,0.012685,0,1,0,0,0,0
2/25/2024 5:00,0.012851,0,1,0,0,0,0
2/25/2024 6:00,0.013359,0,1,0,0,0,0
2/25/2024 7:00,0.014776,0,0,1,0,0,0
2/25/2024 8:00,0.024455,0,0,0,0,0,1
2/25/2024 9:00,0.022836,0,0,0,0,0,1
2/25/2024 10:00,0.024594,0,0,0,0,0,1
2/25/2024 11:00,0.024795,0,0,0,0,0,1
2/25/2024 12:00,0.025749,0,0,0,0,0,1
2/25/2024 13:00,0.025391,0,0,0,0,1,0
2/25/2024 14:00,0.024986,0,0,0,0,1,0
2/25/2024 15:00,0.02393,0,0,0,0,1,0
2/25/2024 16:00,0.016205,0,1,0,0,0,0
2/25/2024 17:00,0.012858,0,1,0,0,0,0
2/25/2024 18:00,0.013281,0,1,0,0,0,0
2/25/2024 19:00,0.01374,0,1,0,0,0,0
2/25/2024 20:00,0.015395,0,0,1,0,0,0
2/25/2024 21:00,0.017543,0,0,1,0,0,0
2/25/2024 22:00,0.018024,0,0,1,0,0,0
2/25/2024 23:00,0.018035,0,0,1,0,0,0
2/26/2024 0:00,0.022118,0,0,0,0,1,0
2/26/2024 1:00,0.021594,0,0,0,1,0,0
2/26/2024 2:00,0.017849,0,0,1,0,0,0
2/26/2024 3:00,0.014912,0,1,0,0,0,0
2/26/2024 4:00,0.012725,0,1,0,0,0,0
2/26/2024 5:00,0.011942,0,1,0,0,0,0
2/26/2024 6:00,0.011744,0,1,0,0,0,0
2/26/2024 7:00,0.011838,0,1,0,0,0,0
2/26/2024 8:00,0.011607,0,1,0,0,0,0
2/26/2024 9:00,0.010638,0,1,0,0,0,0
2/26/2024 10:00,0.010669,0,1,0,0,0,0
2/26/2024 11:00,0.010548,0,1,0,0,0,0
2/26/2024 12:00,0.010993,0,1,0,0,0,0
2/26/2024 13:00,0.011616,0,1,0,0,0,0
2/26/2024 14:00,0.011956,0,0,1,0,0,0
2/26/2024 15:00,0.012787,0,0,1,0,0,0
2/26/2024 16:00,0.017829,0,0,0,0,1,0
2/26/2024 17:00,0.021822,0,0,0,0,0,1
2/26/2024 18:00,0.022775,0,0,0,0,0,1
2/26/2024 19:00,0.023669,0,0,0,0,0,1
2/26/2024 20:00,0.02902,0,0,0,0,0,1
2/26/2024 21:00,0.028275,0,0,0,0,0,1
2/26/2024 22:00,0.027086,0,0,0,0,0,1
2/26/2024 23:00,0.025868,0,0,0,0,1,0
2/27/2024 0:00,0.023131,0,0,0,0,1,0
2/27/2024 1:00,0.02227,0,0,0,0,1,0
2/27/2024 2:00,0.034284,0,0,0,0,0,1
2/27/2024 3:00,0.050388,0,0,0,0,0,1
2/27/2024 4:00,0.066776,0,0,0,0,0,1
2/27/2024 5:00,0.070981,0,0,0,0,0,1
2/27/2024 6:00,0.072357,0,0,0,0,0,1
2/27/2024 7:00,0.069502,0,0,0,0,0,1
2/27/2024 8:00,0.060636,0,0,0,0,1,0
2/27/2024 9:00,0.055287,0,0,0,0,1,0
2/27/2024 10:00,0.052367,0,0,0,0,1,0
2/27/2024 11:00,0.049766,0,0,0,1,0,0
2/27/2024 12:00,0.050716,0,0,0,1,0,0
2/27/2024 13:00,0.050487,0,0,0,1,0,0
2/27/2024 14:00,0.046003,0,0,0,1,0,0
2/27/2024 15:00,0.041059,0,0,1,0,0,0
2/27/2024 16:00,0.03375,0,0,1,0,0,0
2/27/2024 17:00,0.035928,0,0,1,0,0,0
2/27/2024 18:00,0.035382,0,0,1,0,0,0
2/27/2024 19:00,0.033975,0,0,1,0,0,0
2/27/2024 20:00,0.024664,0,1,0,0,0,0
2/27/2024 21:00,0.021512,0,1,0,0,0,0
2/27/2024 22:00,0.02276,0,1,0,0,0,0
2/27/2024 23:00,0.023145,0,1,0,0,0,0
2/28/2024 0:00,0.021914,0,1,0,0,0,0
2/28/2024 1:00,0.023998,0,1,0,0,0,0
2/28/2024 2:00,0.024972,0,1,0,0,0,0
2/28/2024 3:00,0.024088,0,1,0,0,0,0
2/28/2024 4:00,0.018949,0,1,0,0,0,0
2/28/2024 5:00,0.017436,0,1,0,0,0,0
2/28/2024 6:00,0.017882,0,1,0,0,0,0
2/28/2024 7:00,0.019665,0,1,0,0,0,0
2/28/2024 8:00,0.044369,0,0,0,0,1,0
2/28/2024 9:00,0.039944,0,0,0,1,0,0
2/28/2024 10:00,0.037065,0,0,0,1,0,0
2/28/2024 11:00,0.037946,0,0,0,1,0,0
2/28/2024 12:00,0.042587,0,0,0,0,1,0
2/28/2024 13:00,0.047542,0,0,0,0,0,1
2/28/2024 14:00,0.05388,0,0,0,0,0,1
2/28/2024 15:00,0.05226,0,0,0,0,0,1
2/28/2024 16:00,0.050952,0,0,0,0,0,1
2/28/2024 17:00,0.090364,0,0,0,0,0,1
2/28/2024 18:00,0.097411,0,0,0,0,0,1
2/28/2024 19:00,0.084947,0,0,0,0,0,1
2/28/2024 20:00,0.084356,0,0,0,0,0,1
2/28/2024 21:00,0.080341,0,0,0,0,1,0
2/28/2024 22:00,0.075643,0,0,0,0,1,0
2/28/2024 23:00,0.067926,0,0,0,0,1,0
2/29/2024 0:00,0.054303,0,0,0,1,0,0
2/29/2024 1:00,0.062245,0,0,0,1,0,0
2/29/2024 2:00,0.069797,0,0,0,1,0,0
2/29/2024 3:00,0.069564,0,0,0,1,0,0
2/29/2024 4:00,0.065334,0,0,0,1,0,0
2/29/2024 5:00,0.06768,0,0,0,1,0,0
2/29/2024 6:00,0.07243,0,0,0,1,0,0
2/29/2024 7:00,0.070645,0,0,0,1,0,0
2/29/2024 8:00,0.059507,0,0,1,0,0,0
2/29/2024 9:00,0.059784,0,0,1,0,0,0
2/29/2024 10:00,0.060506,0,0,1,0,0,0
2/29/2024 11:00,0.065341,0,0,1,0,0,0
2/29/2024 12:00,0.073151,0,0,0,1,0,0
2/29/2024 13:00,0.072513,0,0,0,1,0,0
2/29/2024 14:00,0.069706,0,0,1,0,0,0
2/29/2024 15:00,0.063014,0,0,1,0,0,0
2/29/2024 16:00,0.049686,1,0,0,0,0,0
2/29/2024 17:00,0.060448,0,1,0,0,0,0
2/29/2024 18:00,0.070642,0,0,0,1,0,0
2/29/2024 19:00,0.079462,0,0,0,0,1,0
2/29/2024 20:00,0.072615,0,0,0,0,1,0
2/29/2024 21:00,0.059875,0,1,0,0,0,0
2/29/2024 22:00,0.053539,1,0,0,0,0,0
2/29/2024 23:00,0.051235,1,0,0,0,0,0
3/1/2024 0:00,0.053925,0,1,0,0,0,0
3/1/2024 1:00,0.058834,0,1,0,0,0,0
3/1/2024 2:00,0.058714,0,0,1,0,0,0
3/1/2024 3:00,0.060894,0,0,1,0,0,0
3/1/2024 4:00,0.061244,0,0,1,0,0,0
3/1/2024 5:00,0.063673,0,0,0,1,0,0
3/1/2024 6:00,0.062592,0,0,1,0,0,0
3/1/2024 7:00,0.059441,0,0,1,0,0,0
3/1/2024 8:00,0.047464,1,0,0,0,0,0
3/1/2024 9:00,0.053674,0,1,0,0,0,0
3/1/2024 10:00,0.050203,0,1,0,0,0,0
3/1/2024 11:00,0.046638,1,0,0,0,0,0
3/1/2024 12:00,0.04325,1,0,0,0,0,0
3/1/2024 13:00,0.043797,1,0,0,0,0,0
3/1/2024 14:00,0.043101,0,1,0,0,0,0
3/1/2024 15:00,0.042145,0,1,0,0,0,0
3/1/2024 16:00,0.043353,0,1,0,0,0,0
3/1/2024 17:00,0.042494,0,1,0,0,0,0
3/1/2024 18:00,0.04006,0,1,0,0,0,0
3/1/2024 19:00,0.037984,1,0,0,0,0,0
3/1/2024 20:00,0.030522,1,0,0,0,0,0
3/1/2024 21:00,0.022922,1,0,0,0,0,0
3/1/2024 22:00,0.018428,1,0,0,0,0,0
3/1/2024 23:00,0.016228,1,0,0,0,0,0
3/2/2024 0:00,0.022584,1,0,0,0,0,0
3/2/2024 1:00,0.022356,0,1,0,0,0,0
3/2/2024 2:00,0.023551,0,1,0,0,0,0
3/2/2024 3:00,0.026006,0,1,0,0,0,0
3/2/2024 4:00,0.026064,0,1,0,0,0,0
3/2/2024 5:00,0.026346,0,1,0,0,0,0
3/2/2024 6:00,0.026136,0,1,0,0,0,0
3/2/2024 7:00,0.027824,0,0,1,0,0,0
3/2/2024 8:00,0.028574,0,0,1,0,0,0
3/2/2024 9:00,0.029126,0,0,1,0,0,0
3/2/2024 10:00,0.028991,0,0,1,0,0,0
3/2/2024 11:00,0.032485,0,0,0,1,0,0
3/2/2024 12:00,0.035715,0,0,0,1,0,0
3/2/2024 13:00,0.038401,0,0,0,0,1,0
3/2/2024 14:00,0.038879,0,0,0,0,1,0
3/2/2024 15:00,0.038614,0,0,0,0,1,0
3/2/2024 16:00,0.043499,0,0,0,0,0,1
3/2/2024 17:00,0.044612,0,0,0,0,0,1
3/2/2024 18:00,0.045043,0,0,0,0,0,1
3/2/2024 19:00,0.046281,0,0,0,0,0,1
3/2/2024 20:00,0.047469,0,0,0,0,0,1
3/2/2024 21:00,0.041975,0,0,0,0,1,0
3/2/2024 22:00,0.038781,0,0,0,1,0,0
3/2/2024 23:00,0.034895,0,0,0,1,0,0
3/3/2024 0:00,0.035452,0,0,0,1,0,0
3/3/2024 1:00,0.035894,0,0,0,1,0,0
3/3/2024 2:00,0.034215,0,0,1,0,0,0
3/3/2024 3:00,0.033592,0,0,1,0,0,0
3/3/2024 4:00,0.031975,0,0,1,0,0,0
3/3/2024 5:00,0.034601,0,0,1,0,0,0
3/3/2024 6:00,0.034589,0,0,1,0,0,0
3/3/2024 7:00,0.034157,0,0,1,0,0,0
3/3/2024 8:00,0.031139,0,1,0,0,0,0
3/3/2024 9:00,0.037176,0,0,1,0,0,0
3/3/2024 10:00,0.037497,0,0,1,0,0,0
3/3/2024 11:00,0.038107,0,0,0,1,0,0
3/3/2024 12:00,0.043169,0,0,0,0,1,0
3/3/2024 13:00,0.043982,0,0,0,0,1,0
3/3/2024 14:00,0.042231,0,0,0,0,1,0
3/3/2024 15:00,0.039398,0,0,0,1,0,0
3/3/2024 16:00,0.036033,0,0,1,0,0,0
3/3/2024 17:00,0.039637,0,0,0,1,0,0
3/3/2024 18:00,0.043315,0,0,0,0,1,0
3/3/2024 19:00,0.045909,0,0,0,0,0,1
3/3/2024 20:00,0.049413,0,0,0,0,0,1
3/3/2024 21:00,0.04946,0,0,0,0,0,1
3/3/2024 22:00,0.05131,0,0,0,0,0,1
3/3/2024 23:00,0.05141,0,0,0,0,0,1
3/4/2024 0:00,0.068054,0,0,0,0,0,1
3/4/2024 1:00,0.083371,0,0,0,0,0,1
3/4/2024 2:00,0.077756,0,0,0,0,0,1
3/4/2024 3:00,0.071965,0,0,0,0,0,1
3/4/2024 4:00,0.067194,0,0,0,0,1,0
3/4/2024 5:00,0.061725,0,0,0,0,1,0
3/4/2024 6:00,0.057387,0,0,0,1,0,0
3/4/2024 7:00,0.055529,0,0,0,1,0,0
3/4/2024 8:00,0.076997,0,0,0,0,0,1
3/4/2024 9:00,0.08787,0,0,0,0,0,1
3/4/2024 10:00,0.08991,0,0,0,0,0,1
3/4/2024 11:00,0.086733,0,0,0,0,0,1
3/4/2024 12:00,0.087604,0,0,0,0,1,0
3/4/2024 13:00,0.085578,0,0,0,0,1,0
3/4/2024 14:00,0.081855,0,0,0,0,1,0
3/4/2024 15:00,0.077297,0,0,0,1,0,0
3/4/2024 16:00,0.062631,0,0,1,0,0,0
3/4/2024 17:00,0.069096,0,0,0,1,0,0
3/4/2024 18:00,0.067119,0,0,1,0,0,0
3/4/2024 19:00,0.065338,0,0,1,0,0,0
3/4/2024 20:00,0.052489,0,1,0,0,0,0
3/4/2024 21:00,0.042088,1,0,0,0,0,0
3/4/2024 22:00,0.038792,1,0,0,0,0,0
3/4/2024 23:00,0.039401,1,0,0,0,0,0
3/5/2024 0:00,0.065847,0,0,1,0,0,0
3/5/2024 1:00,0.075092,0,0,0,1,0,0
3/5/2024 2:00,0.078769,0,0,0,1,0,0
3/5/2024 3:00,0.076632,0,0,0,1,0,0
3/5/2024 4:00,0.074336,0,0,0,1,0,0
3/5/2024 5:00,0.078538,0,0,0,1,0,0
3/5/2024 6:00,0.084114,0,0,0,0,1,0
3/5/2024 7:00,0.086319,0,0,0,0,1,0
3/5/2024 8:00,0.08813,0,0,0,0,1,0
3/5/2024 9:00,0.095781,0,0,0,0,1,0
3/5/2024 10:00,0.099376,0,0,0,0,0,1
3/5/2024 11:00,0.097938,0,0,0,0,1,0
3/5/2024 12:00,0.102738,0,0,0,0,0,1
3/5/2024 13:00,0.097513,0,0,0,0,1,0
3/5/2024 14:00,0.091514,0,0,0,0,1,0
3/5/2024 15:00,0.085312,0,0,0,1,0,0
3/5/2024 16:00,0.072462,0,0,1,0,0,0
3/5/2024 17:00,0.068418,0,0,1,0,0,0
3/5/2024 18:00,0.064384,0,0,1,0,0,0
3/5/2024 19:00,0.059259,0,1,0,0,0,0
3/5/2024 20:00,0.046033,1,0,0,0,0,0
3/5/2024 21:00,0.038648,1,0,0,0,0,0
3/5/2024 22:00,0.031951,1,0,0,0,0,0
3/5/2024 23:00,0.025628,1,0,0,0,0,0
3/6/2024 0:00,0.019587,1,0,0,0,0,0
3/6/2024 1:00,0.016633,1,0,0,0,0,0
3/6/2024 2:00,0.016376,1,0,0,0,0,0
3/6/2024 3:00,0.019988,0,1,0,0,0,0
3/6/2024 4:00,0.017775,0,1,0,0,0,0
3/6/2024 5:00,0.0202,0,1,0,0,0,0
3/6/2024 6:00,0.024941,0,1,0,0,0,0
3/6/2024 7:00,0.02949,0,1,0,0,0,0
3/6/2024 8:00,0.045155,0,0,1,0,0,0
3/6/2024 9:00,0.048433,0,0,1,0,0,0
3/6/2024 10:00,0.052063,0,0,0,1,0,0
3/6/2024 11:00,0.055808,0,0,0,1,0,0
3/6/2024 12:00,0.064234,0,0,0,0,1,0
3/6/2024 13:00,0.061734,0,0,0,0,1,0
3/6/2024 14:00,0.058582,0,0,0,0,1,0
3/6/2024 15:00,0.05098,0,0,0,1,0,0
3/6/2024 16:00,0.038589,0,0,1,0,0,0
3/6/2024 17:00,0.038503,0,0,1,0,0,0
3/6/2024 18:00,0.036759,0,0,1,0,0,0
3/6/2024 19:00,0.035782,0,0,1,0,0,0
3/6/2024 20:00,0.029142,0,0,1,0,0,0
3/6/2024 21:00,0.024866,0,1,0,0,0,0
3/6/2024 22:00,0.025124,0,0,1,0,0,0
3/6/2024 23:00,0.024673,0,1,0,0,0,0
3/7/2024 0:00,0.028389,0,0,1,0,0,0
3/7/2024 1:00,0.027443,0,0,1,0,0,0
3/7/2024 2:00,0.025201,0,1,0,0,0,0
3/7/2024 3:00,0.026204,0,1,0,0,0,0
3/7/2024 4:00,0.024594,0,1,0,0,0,0
3/7/2024 5:00,0.023752,0,1,0,0,0,0
3/7/2024 6:00,0.02069,0,1,0,0,0,0
3/7/2024 7:00,0.020215,0,1,0,0,0,0
3/7/2024 8:00,0.028193,0,0,1,0,0,0
3/7/2024 9:00,0.030249,0,0,1,0,0,0
3/7/2024 10:00,0.029221,0,0,1,0,0,0
3/7/2024 11:00,0.031288,0,0,1,0,0,0
3/7/2024 12:00,0.03595,0,0,0,1,0,0
3/7/2024 13:00,0.039996,0,0,0,0,1,0
3/7/2024 14:00,0.043071,0,0,0,0,0,1
3/7/2024 15:00,0.040047,0,0,0,0,1,0
3/7/2024 16:00,0.034496,0,0,0,1,0,0
3/7/2024 17:00,0.030306,0,0,0,1,0,0
3/7/2024 18:00,0.031713,0,0,0,1,0,0
3/7/2024 19:00,0.02951,0,0,0,1,0,0
3/7/2024 20:00,0.026337,0,0,1,0,0,0
3/7/2024 21:00,0.022026,0,1,0,0,0,0
3/7/2024 22:00,0.022076,0,1,0,0,0,0
3/7/2024 23:00,0.023224,0,1,0,0,0,0
3/8/2024 0:00,0.02812,0,0,1,0,0,0
3/8/2024 1:00,0.026701,0,0,1,0,0,0
3/8/2024 2:00,0.031112,0,0,0,1,0,0
3/8/2024 3:00,0.036421,0,0,0,0,1,0
3/8/2024 4:00,0.038952,0,0,0,0,1,0
3/8/2024 5:00,0.038292,0,0,0,0,1,0
3/8/2024 6:00,0.03723,0,0,0,0,1,0
3/8/2024 7:00,0.036387,0,0,0,0,1,0
3/8/2024 8:00,0.043901,0,0,0,0,0,1
3/8/2024 9:00,0.039649,0,0,0,0,1,0
3/8/2024 10:00,0.035427,0,0,0,1,0,0
3/8/2024 11:00,0.033399,0,0,1,0,0,0
3/8/2024 12:00,0.039597,0,0,0,0,1,0
3/8/2024 13:00,0.041233,0,0,0,0,1,0
3/8/2024 14:00,0.041766,0,0,0,0,1,0
3/8/2024 15:00,0.045105,0,0,0,0,0,1
3/8/2024 16:00,0.035748,0,0,0,1,0,0
3/8/2024 17:00,0.033846,0,0,1,0,0,0
3/8/2024 18:00,0.031999,0,0,1,0,0,0
3/8/2024 19:00,0.027987,0,1,0,0,0,0
3/8/2024 20:00,0.021469,1,0,0,0,0,0
3/8/2024 21:00,0.016712,1,0,0,0,0,0
3/8/2024 22:00,0.01223,1,0,0,0,0,0
3/8/2024 23:00,0.008434,1,0,0,0,0,0
3/9/2024 0:00,0.011505,1,0,0,0,0,0
3/9/2024 1:00,0.012868,1,0,0,0,0,0
3/9/2024 2:00,0.012293,1,0,0,0,0,0
3/9/2024 3:00,0.012136,0,1,0,0,0,0
3/9/2024 4:00,0.011523,0,1,0,0,0,0
3/9/2024 5:00,0.01383,0,1,0,0,0,0
3/9/2024 6:00,0.016471,0,1,0,0,0,0
3/9/2024 7:00,0.018995,0,0,1,0,0,0
3/9/2024 8:00,0.02922,0,0,0,1,0,0
3/9/2024 9:00,0.030486,0,0,0,1,0,0
3/9/2024 10:00,0.028117,0,0,0,1,0,0
3/9/2024 11:00,0.024763,0,0,0,1,0,0
3/9/2024 12:00,0.026063,0,0,0,1,0,0
3/9/2024 13:00,0.02414,0,0,0,1,0,0
3/9/2024 14:00,0.022932,0,0,0,1,0,0
3/9/2024 15:00,0.023226,0,0,0,1,0,0
3/9/2024 16:00,0.028892,0,0,0,0,1,0
3/9/2024 17:00,0.027576,0,0,0,0,1,0
3/9/2024 18:00,0.023297,0,0,0,1,0,0
3/9/2024 19:00,0.02241,0,0,0,1,0,0
3/9/2024 20:00,0.020758,0,0,0,1,0,0
3/9/2024 21:00,0.019835,0,0,1,0,0,0
3/9/2024 22:00,0.01968,0,0,1,0,0,0
3/9/2024 23:00,0.020199,0,0,1,0,0,0
3/10/2024 0:00,0.027538,0,0,0,0,1,0
3/10/2024 1:00,0.040425,0,0,0,0,0,1
3/10/2024 2:00,0.048406,0,0,0,0,0,1
3/10/2024 3:00,0.048077,0,0,0,0,0,1
3/10/2024 4:00,0.053848,0,0,0,0,0,1
3/10/2024 5:00,0.059294,0,0,0,0,0,1
3/10/2024 6:00,0.059457,0,0,0,0,0,1
3/10/2024 7:00,0.059109,0,0,0,0,0,1
3/10/2024 8:00,0.059343,0,0,0,0,0,1
3/10/2024 9:00,0.062619,0,0,0,0,0,1
3/10/2024 10:00,0.071032,0,0,0,0,0,1
3/10/2024 11:00,0.074217,0,0,0,0,0,1
3/10/2024 12:00,0.080037,0,0,0,0,0,1
3/10/2024 13:00,0.074673,0,0,0,0,1,0
3/10/2024 14:00,0.070618,0,0,0,0,1,0
3/10/2024 15:00,0.065265,0,0,0,0,1,0
3/10/2024 16:00,0.055961,0,0,0,1,0,0
3/10/2024 17:00,0.05058,0,0,0,1,0,0
3/10/2024 18:00,0.047488,0,0,1,0,0,0
3/10/2024 19:00,0.044808,0,0,1,0,0,0
3/10/2024 20:00,0.0355,0,1,0,0,0,0
3/10/2024 21:00,0.032938,0,1,0,0,0,0
3/10/2024 22:00,0.032929,0,1,0,0,0,0
3/10/2024 23:00,0.03526,0,1,0,0,0,0
3/11/2024 0:00,0.036122,0,1,0,0,0,0
3/11/2024 1:00,0.038402,0,1,0,0,0,0
3/11/2024 2:00,0.046549,0,0,1,0,0,0
3/11/2024 3:00,0.0474,0,0,1,0,0,0
3/11/2024 4:00,0.044355,0,0,1,0,0,0
3/11/2024 5:00,0.045428,0,0,1,0,0,0
3/11/2024 6:00,0.046824,0,0,1,0,0,0
3/11/2024 7:00,0.058849,0,0,0,1,0,0
3/11/2024 8:00,0.104424,0,0,0,0,0,1
3/11/2024 9:00,0.105842,0,0,0,0,0,1
3/11/2024 10:00,0.121362,0,0,0,0,0,1
3/11/2024 11:00,0.122433,0,0,0,0,0,1
3/11/2024 12:00,0.141277,0,0,0,0,0,1
3/11/2024 13:00,0.144309,0,0,0,0,0,1
3/11/2024 14:00,0.139942,0,0,0,0,0,1
3/11/2024 15:00,0.129782,0,0,0,0,1,0
3/11/2024 16:00,0.107301,0,0,0,0,1,0
3/11/2024 17:00,0.101303,0,0,0,1,0,0
3/11/2024 18:00,0.088612,0,0,0,1,0,0
3/11/2024 19:00,0.076471,0,0,1,0,0,0
3/11/2024 20:00,0.05818,0,0,1,0,0,0
3/11/2024 21:00,0.054994,0,0,1,0,0,0
3/11/2024 22:00,0.055974,0,0,1,0,0,0
3/11/2024 23:00,0.057664,0,0,1,0,0,0
3/12/2024 0:00,0.071193,0,0,1,0,0,0
3/12/2024 1:00,0.075255,0,0,1,0,0,0
3/12/2024 2:00,0.076682,0,0,1,0,0,0
3/12/2024 3:00,0.075178,0,0,1,0,0,0
3/12/2024 4:00,0.070002,0,0,1,0,0,0
3/12/2024 5:00,0.064371,0,1,0,0,0,0
3/12/2024 6:00,0.059118,0,1,0,0,0,0
3/12/2024 7:00,0.056721,0,1,0,0,0,0
3/12/2024 8:00,0.060061,0,1,0,0,0,0
3/12/2024 9:00,0.060213,0,1,0,0,0,0
3/12/2024 10:00,0.061919,0,1,0,0,0,0
3/12/2024 11:00,0.064368,0,0,1,0,0,0
3/12/2024 12:00,0.06184,0,0,1,0,0,0
3/12/2024 13:00,0.06466,0,0,1,0,0,0
3/12/2024 14:00,0.065187,0,0,1,0,0,0
3/12/2024 15:00,0.066695,0,0,1,0,0,0
3/12/2024 16:00,0.074344,0,0,0,1,0,0
3/12/2024 17:00,0.080769,0,0,0,0,0,1
3/12/2024 18:00,0.094843,0,0,0,0,0,1
3/12/2024 19:00,0.085989,0,0,0,0,0,1
3/12/2024 20:00,0.067826,0,0,0,1,0,0
3/12/2024 21:00,0.058415,0,1,0,0,0,0
3/12/2024 22:00,0.054449,0,1,0,0,0,0
3/12/2024 23:00,0.052476,0,1,0,0,0,0
3/13/2024 0:00,0.048716,1,0,0,0,0,0
3/13/2024 1:00,0.050834,0,1,0,0,0,0
3/13/2024 2:00,0.050211,0,1,0,0,0,0
3/13/2024 3:00,0.045512,1,0,0,0,0,0
3/13/2024 4:00,0.037504,1,0,0,0,0,0
3/13/2024 5:00,0.035045,1,0,0,0,0,0
3/13/2024 6:00,0.0352,1,0,0,0,0,0
3/13/2024 7:00,0.039725,0,1,0,0,0,0
3/13/2024 8:00,0.04695,0,1,0,0,0,0
3/13/2024 9:00,0.039859,0,1,0,0,0,0
3/13/2024 10:00,0.041328,0,1,0,0,0,0
3/13/2024 11:00,0.049037,0,0,1,0,0,0
3/13/2024 12:00,0.058892,0,0,0,1,0,0
3/13/2024 13:00,0.054749,0,0,1,0,0,0
3/13/2024 14:00,0.050857,0,0,1,0,0,0
3/13/2024 15:00,0.044441,0,0,1,0,0,0
3/13/2024 16:00,0.038121,0,1,0,0,0,0
3/13/2024 17:00,0.033507,0,1,0,0,0,0
3/13/2024 18:00,0.029555,0,1,0,0,0,0
3/13/2024 19:00,0.028326,1,0,0,0,0,0
3/13/2024 20:00,0.015308,1,0,0,0,0,0
3/13/2024 21:00,0.012212,1,0,0,0,0,0
3/13/2024 22:00,0.009431,1,0,0,0,0,0
3/13/2024 23:00,0.009219,1,0,0,0,0,0
3/14/2024 0:00,0.010711,1,0,0,0,0,0
3/14/2024 1:00,0.01197,0,1,0,0,0,0
3/14/2024 2:00,0.017194,0,1,0,0,0,0
3/14/2024 3:00,0.023821,0,0,1,0,0,0
3/14/2024 4:00,0.027505,0,0,1,0,0,0
3/14/2024 5:00,0.02955,0,0,1,0,0,0
3/14/2024 6:00,0.032703,0,0,0,1,0,0
3/14/2024 7:00,0.036764,0,0,0,1,0,0
3/14/2024 8:00,0.044575,0,0,0,0,1,0
3/14/2024 9:00,0.047157,0,0,0,0,1,0
3/14/2024 10:00,0.047395,0,0,0,0,1,0
3/14/2024 11:00,0.046823,0,0,0,0,1,0
3/14/2024 12:00,0.052113,0,0,0,0,1,0
3/14/2024 13:00,0.048666,0,0,0,0,1,0
3/14/2024 14:00,0.049658,0,0,0,0,1,0
3/14/2024 15:00,0.049762,0,0,0,0,1,0
3/14/2024 16:00,0.060196,0,0,0,0,0,1
3/14/2024 17:00,0.065668,0,0,0,0,0,1
3/14/2024 18:00,0.060886,0,0,0,0,1,0
3/14/2024 19:00,0.060755,0,0,0,0,1,0
3/14/2024 20:00,0.062379,0,0,0,0,1,0
3/14/2024 21:00,0.05782,0,0,0,0,1,0
3/14/2024 22:00,0.052206,0,0,0,1,0,0
3/14/2024 23:00,0.046862,0,0,0,1,0,0
3/15/2024 0:00,0.045638,0,0,0,1,0,0
3/15/2024 1:00,0.046722,0,0,0,1,0,0
3/15/2024 2:00,0.045343,0,0,1,0,0,0
3/15/2024 3:00,0.032413,0,1,0,0,0,0
3/15/2024 4:00,0.021089,1,0,0,0,0,0
3/15/2024 5:00,0.022356,1,0,0,0,0,0
3/15/2024 6:00,0.02763,1,0,0,0,0,0
3/15/2024 7:00,0.030374,0,1,0,0,0,0
3/15/2024 8:00,0.031092,0,1,0,0,0,0
3/15/2024 9:00,0.029195,0,1,0,0,0,0
3/15/2024 10:00,0.028402,0,1,0,0,0,0
3/15/2024 11:00,0.029081,0,1,0,0,0,0
3/15/2024 12:00,0.031742,0,1,0,0,0,0
3/15/2024 13:00,0.026871,0,1,0,0,0,0
3/15/2024 14:00,0.021025,0,1,0,0,0,0
3/15/2024 15:00,0.016731,0,1,0,0,0,0
3/15/2024 16:00,0.017637,0,1,0,0,0,0
3/15/2024 17:00,0.019074,0,1,0,0,0,0
3/15/2024 18:00,0.018573,0,1,0,0,0,0
3/15/2024 19:00,0.014094,0,1,0,0,0,0
3/15/2024 20:00,0.008111,1,0,0,0,0,0
3/15/2024 21:00,0.007292,1,0,0,0,0,0
3/15/2024 22:00,0.007956,1,0,0,0,0,0
3/15/2024 23:00,0.008511,0,1,0,0,0,0
3/16/2024 0:00,0.013065,0,1,0,0,0,0
3/16/2024 1:00,0.009097,0,1,0,0,0,0
3/16/2024 2:00,0.009107,0,1,0,0,0,0
3/16/2024 3:00,0.009642,0,1,0,0,0,0
3/16/2024 4:00,0.012603,0,0,1,0,0,0
3/16/2024 5:00,0.016229,0,0,1,0,0,0
3/16/2024 6:00,0.018999,0,0,0,1,0,0
3/16/2024 7:00,0.020815,0,0,0,1,0,0
3/16/2024 8:00,0.021302,0,0,0,1,0,0
3/16/2024 9:00,0.022956,0,0,0,0,1,0
3/16/2024 10:00,0.024195,0,0,0,0,1,0
3/16/2024 11:00,0.021958,0,0,0,0,1,0
3/16/2024 12:00,0.017859,0,0,0,1,0,0
3/16/2024 13:00,0.016751,0,0,0,1,0,0
3/16/2024 14:00,0.016212,0,0,0,1,0,0
3/16/2024 15:00,0.016416,0,0,0,1,0,0
3/16/2024 16:00,0.023198,0,0,0,0,1,0
3/16/2024 17:00,0.020931,0,0,0,0,1,0
3/16/2024 18:00,0.019733,0,0,0,0,1,0
3/16/2024 19:00,0.027291,0,0,0,0,0,1
3/16/2024 20:00,0.029616,0,0,0,0,0,1
3/16/2024 21:00,0.029044,0,0,0,0,0,1
3/16/2024 22:00,0.030105,0,0,0,0,0,1
3/16/2024 23:00,0.029909,0,0,0,0,0,1
3/17/2024 0:00,0.0279,0,0,0,0,1,0
3/17/2024 1:00,0.024601,0,0,0,1,0,0
3/17/2024 2:00,0.031651,0,0,0,0,0,1
3/17/2024 3:00,0.034145,0,0,0,0,0,1
3/17/2024 4:00,0.031467,0,0,0,0,1,0
3/17/2024 5:00,0.031166,0,0,0,0,1,0
3/17/2024 6:00,0.029485,0,0,0,0,1,0
3/17/2024 7:00,0.031318,0,0,0,0,1,0
3/17/2024 8:00,0.032928,0,0,0,0,1,0
3/17/2024 9:00,0.036298,0,0,0,0,0,1
3/17/2024 10:00,0.036889,0,0,0,0,0,1
3/17/2024 11:00,0.04016,0,0,0,0,0,1
3/17/2024 12:00,0.038145,0,0,0,0,1,0
3/17/2024 13:00,0.035377,0,0,0,0,1,0
3/17/2024 14:00,0.033878,0,0,0,1,0,0
3/17/2024 15:00,0.032128,0,0,0,1,0,0
3/17/2024 16:00,0.028672,0,0,1,0,0,0
3/17/2024 17:00,0.027302,0,1,0,0,0,0
3/17/2024 18:00,0.025268,1,0,0,0,0,0
3/17/2024 19:00,0.020959,1,0,0,0,0,0
3/17/2024 20:00,0.017541,1,0,0,0,0,0
3/17/2024 21:00,0.013473,1,0,0,0,0,0
3/17/2024 22:00,0.011842,1,0,0,0,0,0
3/17/2024 23:00,0.011356,1,0,0,0,0,0
3/18/2024 0:00,0.011141,1,0,0,0,0,0
3/18/2024 1:00,0.011169,1,0,0,0,0,0
3/18/2024 2:00,0.01346,0,1,0,0,0,0
3/18/2024 3:00,0.016424,0,1,0,0,0,0
3/18/2024 4:00,0.019634,0,0,1,0,0,0
3/18/2024 5:00,0.023159,0,0,1,0,0,0
3/18/2024 6:00,0.023859,0,0,1,0,0,0
3/18/2024 7:00,0.023259,0,0,1,0,0,0
3/18/2024 8:00,0.021689,0,0,1,0,0,0
3/18/2024 9:00,0.021879,0,0,1,0,0,0
3/18/2024 10:00,0.022791,0,0,0,1,0,0
3/18/2024 11:00,0.023555,0,0,0,1,0,0
3/18/2024 12:00,0.023657,0,0,0,1,0,0
3/18/2024 13:00,0.023111,0,0,0,1,0,0
3/18/2024 14:00,0.022306,0,0,0,1,0,0
3/18/2024 15:00,0.021888,0,0,0,1,0,0
3/18/2024 16:00,0.020101,0,0,0,1,0,0
3/18/2024 17:00,0.018403,0,0,1,0,0,0
3/18/2024 18:00,0.017498,0,0,1,0,0,0
3/18/2024 19:00,0.01545,0,1,0,0,0,0
3/18/2024 20:00,0.014735,0,1,0,0,0,0
3/18/2024 21:00,0.014185,0,1,0,0,0,0
3/18/2024 22:00,0.013221,0,1,0,0,0,0
3/18/2024 23:00,0.012369,0,1,0,0,0,0
3/19/2024 0:00,0.010109,1,0,0,0,0,0
3/19/2024 1:00,0.009351,1,0,0,0,0,0
3/19/2024 2:00,0.010487,1,0,0,0,0,0
3/19/2024 3:00,0.011761,0,1,0,0,0,0
3/19/2024 4:00,0.012824,0,1,0,0,0,0
3/19/2024 5:00,0.013764,0,1,0,0,0,0
3/19/2024 6:00,0.015171,0,0,1,0,0,0
3/19/2024 7:00,0.017669,0,0,0,1,0,0
3/19/2024 8:00,0.023817,0,0,0,0,1,0
3/19/2024 9:00,0.039553,0,0,0,0,0,1
3/19/2024 10:00,0.047797,0,0,0,0,0,1
3/19/2024 11:00,0.047788,0,0,0,0,0,1
3/19/2024 12:00,0.046981,0,0,0,0,0,1
3/19/2024 13:00,0.041789,0,0,0,0,0,1
3/19/2024 14:00,0.03839,0,0,0,0,1,0
3/19/2024 15:00,0.034806,0,0,0,0,1,0
3/19/2024 16:00,0.019366,0,0,1,0,0,0
3/19/2024 17:00,0.017123,0,0,1,0,0,0
3/19/2024 18:00,0.021576,0,0,1,0,0,0
3/19/2024 19:00,0.023467,0,0,0,1,0,0
3/19/2024 20:00,0.02518,0,0,0,1,0,0
3/19/2024 21:00,0.028315,0,0,0,1,0,0
3/19/2024 22:00,0.029327,0,0,0,1,0,0
3/19/2024 23:00,0.029821,0,0,0,1,0,0
3/20/2024 0:00,0.01971,0,0,1,0,0,0
3/20/2024 1:00,0.019161,0,0,1,0,0,0
3/20/2024 2:00,0.023178,0,0,1,0,0,0
3/20/2024 3:00,0.022316,0,0,1,0,0,0
3/20/2024 4:00,0.018377,0,1,0,0,0,0
3/20/2024 5:00,0.013728,0,1,0,0,0,0
3/20/2024 6:00,0.013124,0,1,0,0,0,0
3/20/2024 7:00,0.014017,0,1,0,0,0,0
3/20/2024 8:00,0.01596,0,1,0,0,0,0
3/20/2024 9:00,0.013282,0,1,0,0,0,0
3/20/2024 10:00,0.01127,0,1,0,0,0,0
3/20/2024 11:00,0.011033,0,1,0,0,0,0
3/20/2024 12:00,0.013328,0,1,0,0,0,0
3/20/2024 13:00,0.014308,0,1,0,0,0,0
3/20/2024 14:00,0.013844,0,1,0,0,0,0
3/20/2024 15:00,0.012269,0,1,0,0,0,0
3/20/2024 16:00,0.015939,0,0,1,0,0,0
3/20/2024 17:00,0.01486,0,0,1,0,0,0
3/20/2024 18:00,0.013776,0,0,1,0,0,0
3/20/2024 19:00,0.011607,0,1,0,0,0,0
3/20/2024 20:00,0.011301,0,1,0,0,0,0
3/20/2024 21:00,0.010991,0,1,0,0,0,0
3/20/2024 22:00,0.009748,0,1,0,0,0,0
3/20/2024 23:00,0.009991,0,1,0,0,0,0
3/21/2024 0:00,0.009186,0,1,0,0,0,0
3/21/2024 1:00,0.00956,0,1,0,0,0,0
3/21/2024 2:00,0.00966,0,1,0,0,0,0
3/21/2024 3:00,0.01005,0,1,0,0,0,0
3/21/2024 4:00,0.011069,0,0,1,0,0,0
3/21/2024 5:00,0.012833,0,0,0,1,0,0
3/21/2024 6:00,0.014547,0,0,0,0,1,0
3/21/2024 7:00,0.014815,0,0,0,0,1,0
3/21/2024 8:00,0.016474,0,0,0,0,0,1
3/21/2024 9:00,0.013883,0,0,0,0,1,0
3/21/2024 10:00,0.012809,0,0,0,1,0,0
3/21/2024 11:00,0.012293,0,0,1,0,0,0
3/21/2024 12:00,0.012427,0,0,0,1,0,0
3/21/2024 13:00,0.011236,0,0,1,0,0,0
3/21/2024 14:00,0.009778,0,1,0,0,0,0
3/21/2024 15:00,0.009707,0,1,0,0,0,0
3/21/2024 16:00,0.011471,0,0,1,0,0,0
3/21/2024 17:00,0.014456,0,0,0,0,1,0
3/21/2024 18:00,0.015665,0,0,0,0,0,1
3/21/2024 19:00,0.016541,0,0,0,0,0,1
3/21/2024 20:00,0.01565,0,0,0,0,1,0
3/21/2024 21:00,0.014559,0,0,0,0,1,0
3/21/2024 22:00,0.012027,0,0,1,0,0,0
3/21/2024 23:00,0.010106,0,1,0,0,0,0
3/22/2024 0:00,0.009329,0,1,0,0,0,0
3/22/2024 1:00,0.008049,1,0,0,0,0,0
3/22/2024 2:00,0.007316,1,0,0,0,0,0
3/22/2024 3:00,0.007418,1,0,0,0,0,0
3/22/2024 4:00,0.007794,0,1,0,0,0,0
3/22/2024 5:00,0.008166,0,1,0,0,0,0
3/22/2024 6:00,0.008219,0,1,0,0,0,0
3/22/2024 7:00,0.008459,0,1,0,0,0,0
3/22/2024 8:00,0.010873,0,0,1,0,0,0
3/22/2024 9:00,0.010197,0,0,1,0,0,0
3/22/2024 10:00,0.009682,0,0,1,0,0,0
3/22/2024 11:00,0.009917,0,0,1,0,0,0
3/22/2024 12:00,0.01198,0,0,0,1,0,0
3/22/2024 13:00,0.013521,0,0,0,0,1,0
3/22/2024 14:00,0.014132,0,0,0,0,1,0
3/22/2024 15:00,0.014871,0,0,0,0,1,0
3/22/2024 16:00,0.017364,0,0,0,0,0,1
3/22/2024 17:00,0.018117,0,0,0,0,0,1
3/22/2024 18:00,0.019134,0,0,0,0,0,1
3/22/2024 19:00,0.018156,0,0,0,0,0,1
3/22/2024 20:00,0.0178,0,0,0,0,1,0
3/22/2024 21:00,0.015944,0,0,0,0,1,0
3/22/2024 22:00,0.012721,0,0,0,1,0,0
3/22/2024 23:00,0.01123,0,0,1,0,0,0
3/23/2024 0:00,0.015011,0,0,0,1,0,0
3/23/2024 1:00,0.013675,0,0,0,1,0,0
3/23/2024 2:00,0.009653,0,1,0,0,0,0
3/23/2024 3:00,0.008858,0,1,0,0,0,0
3/23/2024 4:00,0.009153,0,1,0,0,0,0
3/23/2024 5:00,0.009529,0,1,0,0,0,0
3/23/2024 6:00,0.009698,0,1,0,0,0,0
3/23/2024 7:00,0.010339,0,1,0,0,0,0
3/23/2024 8:00,0.014707,0,0,0,1,0,0
3/23/2024 9:00,0.015902,0,0,0,0,1,0
3/23/2024 10:00,0.015987,0,0,0,0,1,0
3/23/2024 11:00,0.015756,0,0,0,1,0,0
3/23/2024 12:00,0.015029,0,0,0,1,0,0
3/23/2024 13:00,0.013263,0,0,1,0,0,0
3/23/2024 14:00,0.012409,0,0,1,0,0,0
3/23/2024 15:00,0.012373,0,0,1,0,0,0
3/23/2024 16:00,0.014315,0,0,0,1,0,0
3/23/2024 17:00,0.014993,0,0,0,1,0,0
3/23/2024 18:00,0.014895,0,0,0,1,0,0
3/23/2024 19:00,0.015195,0,0,0,0,1,0
3/23/2024 20:00,0.015007,0,0,0,0,1,0
3/23/2024 21:00,0.014597,0,0,0,1,0,0
3/23/2024 22:00,0.013007,0,0,1,0,0,0
3/23/2024 23:00,0.011471,0,0,1,0,0,0
3/24/2024 0:00,0.010504,0,1,0,0,0,0
3/24/2024 1:00,0.010974,0,1,0,0,0,0
3/24/2024 2:00,0.010278,0,1,0,0,0,0
3/24/2024 3:00,0.010224,0,1,0,0,0,0
3/24/2024 4:00,0.011175,0,1,0,0,0,0
3/24/2024 5:00,0.011729,0,0,1,0,0,0
3/24/2024 6:00,0.011618,0,1,0,0,0,0
3/24/2024 7:00,0.011935,0,0,1,0,0,0
3/24/2024 8:00,0.016902,0,0,0,0,0,1
3/24/2024 9:00,0.019633,0,0,0,0,0,1
3/24/2024 10:00,0.021581,0,0,0,0,0,1
3/24/2024 11:00,0.022065,0,0,0,0,0,1
3/24/2024 12:00,0.025312,0,0,0,0,0,1
3/24/2024 13:00,0.024551,0,0,0,0,0,1
3/24/2024 14:00,0.023061,0,0,0,0,0,1
3/24/2024 15:00,0.022846,0,0,0,0,1,0
3/24/2024 16:00,0.024266,0,0,0,0,0,1
3/24/2024 17:00,0.024119,0,0,0,0,1,0
3/24/2024 18:00,0.026478,0,0,0,0,0,1
3/24/2024 19:00,0.029066,0,0,0,0,0,1
3/24/2024 20:00,0.02884,0,0,0,0,0,1
3/24/2024 21:00,0.025758,0,0,0,0,1,0
3/24/2024 22:00,0.023065,0,0,0,1,0,0
3/24/2024 23:00,0.023551,0,0,0,1,0,0
3/25/2024 0:00,0.026244,0,0,0,0,1,0
3/25/2024 1:00,0.026538,0,0,0,0,1,0
3/25/2024 2:00,0.023996,0,0,0,1,0,0
3/25/2024 3:00,0.021547,0,0,1,0,0,0
3/25/2024 4:00,0.018861,0,0,1,0,0,0
3/25/2024 5:00,0.01765,0,1,0,0,0,0
3/25/2024 6:00,0.016697,0,1,0,0,0,0
3/25/2024 7:00,0.015084,1,0,0,0,0,0
3/25/2024 8:00,0.017896,0,1,0,0,0,0
3/25/2024 9:00,0.01348,1,0,0,0,0,0
3/25/2024 10:00,0.013772,1,0,0,0,0,0
3/25/2024 11:00,0.012958,1,0,0,0,0,0
3/25/2024 12:00,0.011311,1,0,0,0,0,0
3/25/2024 13:00,0.0124,1,0,0,0,0,0
3/25/2024 14:00,0.013324,0,1,0,0,0,0
3/25/2024 15:00,0.016838,0,0,1,0,0,0
3/25/2024 16:00,0.025835,0,0,0,0,1,0
3/25/2024 17:00,0.036371,0,0,0,0,0,1
3/25/2024 18:00,0.034353,0,0,0,0,0,1
3/25/2024 19:00,0.033606,0,0,0,0,0,1
3/25/2024 20:00,0.035369,0,0,0,0,0,1
3/25/2024 21:00,0.035739,0,0,0,0,0,1
3/25/2024 22:00,0.036414,0,0,0,0,0,1
3/25/2024 23:00,0.035836,0,0,0,0,1,0
3/26/2024 0:00,0.039449,0,0,0,0,0,1
3/26/2024 1:00,0.037518,0,0,0,0,1,0
3/26/2024 2:00,0.036192,0,0,0,0,1,0
3/26/2024 3:00,0.035524,0,0,0,0,1,0
3/26/2024 4:00,0.03289,0,0,0,1,0,0
3/26/2024 5:00,0.031129,0,0,0,1,0,0
3/26/2024 6:00,0.029152,0,0,0,1,0,0
3/26/2024 7:00,0.028828,0,0,0,1,0,0
3/26/2024 8:00,0.026488,0,0,1,0,0,0
3/26/2024 9:00,0.025273,0,0,1,0,0,0
3/26/2024 10:00,0.0265,0,0,1,0,0,0
3/26/2024 11:00,0.02581,0,0,1,0,0,0
3/26/2024 12:00,0.026536,0,0,1,0,0,0
3/26/2024 13:00,0.027156,0,0,1,0,0,0
3/26/2024 14:00,0.026994,0,1,0,0,0,0
3/26/2024 15:00,0.028174,0,1,0,0,0,0
3/26/2024 16:00,0.026621,0,1,0,0,0,0
3/26/2024 17:00,0.028374,0,0,1,0,0,0
3/26/2024 18:00,0.029619,0,0,1,0,0,0
3/26/2024 19:00,0.028671,0,0,1,0,0,0
3/26/2024 20:00,0.030009,0,0,1,0,0,0
3/26/2024 21:00,0.030824,0,0,0,1,0,0
3/26/2024 22:00,0.029101,0,0,1,0,0,0
3/26/2024 23:00,0.029842,0,0,1,0,0,0
3/27/2024 0:00,0.035181,0,0,0,0,0,1
3/27/2024 1:00,0.034971,0,0,0,0,0,1
3/27/2024 2:00,0.033583,0,0,0,0,1,0
3/27/2024 3:00,0.033719,0,0,0,0,1,0
3/27/2024 4:00,0.034375,0,0,0,0,0,1
3/27/2024 5:00,0.034584,0,0,0,0,0,1
3/27/2024 6:00,0.036715,0,0,0,0,0,1
3/27/2024 7:00,0.036102,0,0,0,0,0,1
3/27/2024 8:00,0.035768,0,0,0,0,1,0
3/27/2024 9:00,0.035466,0,0,0,0,1,0
3/27/2024 10:00,0.040788,0,0,0,0,0,1
3/27/2024 11:00,0.040977,0,0,0,0,0,1
3/27/2024 12:00,0.04351,0,0,0,0,0,1
3/27/2024 13:00,0.045471,0,0,0,0,0,1
3/27/2024 14:00,0.047208,0,0,0,0,0,1
3/27/2024 15:00,0.050267,0,0,0,0,0,1
3/27/2024 16:00,0.041326,0,0,0,0,1,0
3/27/2024 17:00,0.040078,0,0,0,1,0,0
3/27/2024 18:00,0.041881,0,0,0,0,1,0
3/27/2024 19:00,0.044591,0,0,0,0,1,0
3/27/2024 20:00,0.044712,0,0,0,0,1,0
3/27/2024 21:00,0.038323,0,0,1,0,0,0
3/27/2024 22:00,0.032679,0,1,0,0,0,0
3/27/2024 23:00,0.029672,1,0,0,0,0,0
3/28/2024 0:00,0.039588,0,0,0,1,0,0
3/28/2024 1:00,0.041051,0,0,0,1,0,0
3/28/2024 2:00,0.03934,0,0,1,0,0,0
3/28/2024 3:00,0.039011,0,0,1,0,0,0
3/28/2024 4:00,0.036373,0,1,0,0,0,0
3/28/2024 5:00,0.036294,0,1,0,0,0,0
3/28/2024 6:00,0.03554,0,1,0,0,0,0
3/28/2024 7:00,0.035187,0,1,0,0,0,0
3/28/2024 8:00,0.036639,0,0,1,0,0,0
3/28/2024 9:00,0.039514,0,0,1,0,0,0
3/28/2024 10:00,0.043245,0,0,0,1,0,0
3/28/2024 11:00,0.046984,0,0,0,0,1,0
3/28/2024 12:00,0.052337,0,0,0,0,0,1
3/28/2024 13:00,0.054133,0,0,0,0,0,1
3/28/2024 14:00,0.053481,0,0,0,0,0,1
3/28/2024 15:00,0.048752,0,0,0,0,1,0
3/28/2024 16:00,0.04279,0,0,0,1,0,0
3/28/2024 17:00,0.040948,0,0,1,0,0,0
3/28/2024 18:00,0.042272,0,0,0,1,0,0
3/28/2024 19:00,0.038861,0,0,1,0,0,0
3/28/2024 20:00,0.03006,1,0,0,0,0,0
3/28/2024 21:00,0.024833,1,0,0,0,0,0
3/28/2024 22:00,0.022148,1,0,0,0,0,0
3/28/2024 23:00,0.022582,1,0,0,0,0,0
3/29/2024 0:00,0.027283,0,1,0,0,0,0
3/29/2024 1:00,0.03003,0,1,0,0,0,0
3/29/2024 2:00,0.031953,0,0,1,0,0,0
3/29/2024 3:00,0.031421,0,0,1,0,0,0
3/29/2024 4:00,0.022889,0,1,0,0,0,0
3/29/2024 5:00,0.023512,0,1,0,0,0,0
3/29/2024 6:00,0.024051,0,1,0,0,0,0
3/29/2024 7:00,0.025461,0,1,0,0,0,0
3/29/2024 8:00,0.028796,0,0,1,0,0,0
3/29/2024 9:00,0.03237,0,0,1,0,0,0
3/29/2024 10:00,0.034167,0,0,1,0,0,0
3/29/2024 11:00,0.033828,0,0,1,0,0,0
3/29/2024 12:00,0.035155,0,0,0,1,0,0
3/29/2024 13:00,0.035527,0,0,0,1,0,0
3/29/2024 14:00,0.034504,0,0,0,1,0,0
3/29/2024 15:00,0.032931,0,0,0,1,0,0
3/29/2024 16:00,0.03672,0,0,0,0,1,0
3/29/2024 17:00,0.030938,0,0,0,1,0,0
3/29/2024 18:00,0.029597,0,0,1,0,0,0
3/29/2024 19:00,0.030199,0,0,0,1,0,0
3/29/2024 20:00,0.029621,0,0,0,1,0,0
3/29/2024 21:00,0.027921,0,0,1,0,0,0
3/29/2024 22:00,0.027154,0,0,1,0,0,0
3/29/2024 23:00,0.026361,0,1,0,0,0,0
3/30/2024 0:00,0.018998,1,0,0,0,0,0
3/30/2024 1:00,0.021312,1,0,0,0,0,0
3/30/2024 2:00,0.027217,0,0,1,0,0,0
3/30/2024 3:00,0.030887,0,0,0,1,0,0
3/30/2024 4:00,0.033976,0,0,0,0,1,0
3/30/2024 5:00,0.036558,0,0,0,0,1,0
3/30/2024 6:00,0.037812,0,0,0,0,1,0
3/30/2024 7:00,0.036734,0,0,0,0,1,0
3/30/2024 8:00,0.032569,0,0,0,1,0,0
3/30/2024 9:00,0.032389,0,0,0,1,0,0
3/30/2024 10:00,0.034112,0,0,0,1,0,0
3/30/2024 11:00,0.035027,0,0,0,0,1,0
3/30/2024 12:00,0.03773,0,0,0,0,1,0
3/30/2024 13:00,0.037661,0,0,0,0,1,0
3/30/2024 14:00,0.037737,0,0,0,0,1,0
3/30/2024 15:00,0.037931,0,0,0,0,1,0
3/30/2024 16:00,0.040372,0,0,0,0,0,1
3/30/2024 17:00,0.042939,0,0,0,0,0,1
3/30/2024 18:00,0.041821,0,0,0,0,1,0
3/30/2024 19:00,0.038537,0,0,0,0,1,0
3/30/2024 20:00,0.03392,0,0,0,1,0,0
3/30/2024 21:00,0.031608,0,0,1,0,0,0
3/30/2024 22:00,0.029977,0,0,1,0,0,0
3/30/2024 23:00,0.029561,0,1,0,0,0,0
3/31/2024 0:00,0.033663,0,0,1,0,0,0
3/31/2024 1:00,0.028808,0,1,0,0,0,0
3/31/2024 2:00,0.029766,0,1,0,0,0,0
3/31/2024 3:00,0.031769,0,1,0,0,0,0
3/31/2024 4:00,0.031643,0,1,0,0,0,0
3/31/2024 5:00,0.033452,0,0,1,0,0,0
3/31/2024 6:00,0.035879,0,0,0,1,0,0
3/31/2024 7:00,0.03868,0,0,0,0,1,0
3/31/2024 8:00,0.04904,0,0,0,0,0,1
3/31/2024 9:00,0.050815,0,0,0,0,0,1
3/31/2024 10:00,0.055025,0,0,0,0,0,1
3/31/2024 11:00,0.058843,0,0,0,0,0,1
3/31/2024 12:00,0.067557,0,0,0,0,0,1
3/31/2024 13:00,0.067162,0,0,0,0,0,1
3/31/2024 14:00,0.064601,0,0,0,0,0,1
3/31/2024 15:00,0.063133,0,0,0,0,0,1
3/31/2024 16:00,0.060369,0,0,0,0,1,0
3/31/2024 17:00,0.065321,0,0,0,0,1,0
3/31/2024 18:00,0.060986,0,0,0,0,1,0
3/31/2024 19:00,0.068001,0,0,0,0,1,0
3/31/2024 20:00,0.074504,0,0,0,0,0,1
3/31/2024 21:00,0.075858,0,0,0,0,0,1
3/31/2024 22:00,0.073331,0,0,0,0,1,0
3/31/2024 23:00,0.072092,0,0,0,0,1,0
4/1/2024 0:00,0.074645,0,0,0,0,1,0
4/1/2024 1:00,0.075864,0,0,0,0,1,0
4/1/2024 2:00,0.070598,0,0,0,0,1,0
4/1/2024 3:00,0.062897,0,0,0,1,0,0
4/1/2024 4:00,0.056795,0,0,1,0,0,0
4/1/2024 5:00,0.051596,0,1,0,0,0,0
4/1/2024 6:00,0.044373,1,0,0,0,0,0
4/1/2024 7:00,0.037301,1,0,0,0,0,0
4/1/2024 8:00,0.03215,1,0,0,0,0,0
4/1/2024 9:00,0.030303,1,0,0,0,0,0
4/1/2024 10:00,0.031586,1,0,0,0,0,0
4/1/2024 11:00,0.033268,1,0,0,0,0,0
4/1/2024 12:00,0.021982,1,0,0,0,0,0
4/1/2024 13:00,0.023622,1,0,0,0,0,0
4/1/2024 14:00,0.022817,1,0,0,0,0,0
4/1/2024 15:00,0.019466,1,0,0,0,0,0
4/1/2024 16:00,0.015868,1,0,0,0,0,0
4/1/2024 17:00,0.015451,0,1,0,0,0,0
4/1/2024 18:00,0.014452,0,1,0,0,0,0
4/1/2024 19:00,0.012246,0,1,0,0,0,0
4/1/2024 20:00,0.009665,0,1,0,0,0,0
4/1/2024 21:00,0.007467,0,1,0,0,0,0
4/1/2024 22:00,0.006713,0,1,0,0,0,0
4/1/2024 23:00,0.007751,0,1,0,0,0,0
4/2/2024 0:00,0.009621,0,1,0,0,0,0
4/2/2024 1:00,0.010543,0,1,0,0,0,0
4/2/2024 2:00,0.010026,0,1,0,0,0,0
4/2/2024 3:00,0.00826,0,1,0,0,0,0
4/2/2024 4:00,0.007398,0,1,0,0,0,0
4/2/2024 5:00,0.005987,0,1,0,0,0,0
4/2/2024 6:00,0.004208,0,1,0,0,0,0
4/2/2024 7:00,0.002768,0,1,0,0,0,0
4/2/2024 8:00,0.004193,0,1,0,0,0,0
4/2/2024 9:00,0.003818,0,1,0,0,0,0
4/2/2024 10:00,0.005526,0,1,0,0,0,0
4/2/2024 11:00,0.009507,0,0,1,0,0,0
4/2/2024 12:00,0.01321,0,0,0,1,0,0
4/2/2024 13:00,0.015055,0,0,0,0,1,0
4/2/2024 14:00,0.015446,0,0,0,0,1,0
4/2/2024 15:00,0.013486,0,0,0,0,1,0
4/2/2024 16:00,0.008407,0,0,1,0,0,0
4/2/2024 17:00,0.007345,0,0,1,0,0,0
4/2/2024 18:00,0.006901,0,0,1,0,0,0
4/2/2024 19:00,0.006055,0,0,1,0,0,0
4/2/2024 20:00,0.004218,0,1,0,0,0,0
4/2/2024 21:00,0.003543,0,1,0,0,0,0
4/2/2024 22:00,0.003711,0,1,0,0,0,0
4/2/2024 23:00,0.003973,0,1,0,0,0,0
4/3/2024 0:00,0.004485,0,1,0,0,0,0
4/3/2024 1:00,0.004471,0,1,0,0,0,0
4/3/2024 2:00,0.005424,0,0,1,0,0,0
4/3/2024 3:00,0.004846,0,0,1,0,0,0
4/3/2024 4:00,0.006279,0,0,1,0,0,0
4/3/2024 5:00,0.006995,0,0,0,1,0,0
4/3/2024 6:00,0.006782,0,0,1,0,0,0
4/3/2024 7:00,0.006683,0,0,1,0,0,0
4/3/2024 8:00,0.007724,0,0,0,1,0,0
4/3/2024 9:00,0.007029,0,0,1,0,0,0
4/3/2024 10:00,0.006592,0,0,1,0,0,0
4/3/2024 11:00,0.006681,0,0,1,0,0,0
4/3/2024 12:00,0.006827,0,0,1,0,0,0
4/3/2024 13:00,0.00746,0,0,0,1,0,0
4/3/2024 14:00,0.00764,0,0,0,1,0,0
4/3/2024 15:00,0.008203,0,0,0,0,1,0
4/3/2024 16:00,0.011381,0,0,0,0,0,1
4/3/2024 17:00,0.00954,0,0,0,0,0,1
4/3/2024 18:00,0.009502,0,0,0,0,0,1
4/3/2024 19:00,0.009139,0,0,0,0,1,0
4/3/2024 20:00,0.008263,0,0,0,0,1,0
4/3/2024 21:00,0.006997,0,0,0,1,0,0
4/3/2024 22:00,0.005818,0,0,1,0,0,0
4/3/2024 23:00,0.004715,0,1,0,0,0,0
4/4/2024 0:00,0.002789,1,0,0,0,0,0
4/4/2024 1:00,0.002464,1,0,0,0,0,0
4/4/2024 2:00,0.001516,1,0,0,0,0,0
4/4/2024 3:00,0.002766,1,0,0,0,0,0
4/4/2024 4:00,0.00409,0,1,0,0,0,0
4/4/2024 5:00,0.005172,0,0,1,0,0,0
4/4/2024 6:00,0.006187,0,0,1,0,0,0
4/4/2024 7:00,0.007148,0,0,0,1,0,0
4/4/2024 8:00,0.007861,0,0,0,1,0,0
4/4/2024 9:00,0.008552,0,0,0,0,1,0
4/4/2024 10:00,0.00929,0,0,0,0,1,0
4/4/2024 11:00,0.009556,0,0,0,0,1,0
4/4/2024 12:00,0.009495,0,0,0,0,1,0
4/4/2024 13:00,0.009543,0,0,0,0,1,0
4/4/2024 14:00,0.009502,0,0,0,0,1,0
4/4/2024 15:00,0.008945,0,0,0,1,0,0
4/4/2024 16:00,0.005998,0,0,1,0,0,0
4/4/2024 17:00,0.007015,0,0,0,1,0,0
4/4/2024 18:00,0.007857,0,0,0,1,0,0
4/4/2024 19:00,0.006145,0,0,1,0,0,0
4/4/2024 20:00,0.004848,0,0,1,0,0,0
4/4/2024 21:00,0.005398,0,0,1,0,0,0
4/4/2024 22:00,0.005935,0,0,1,0,0,0
4/4/2024 23:00,0.005411,0,0,1,0,0,0
4/5/2024 0:00,0.003705,0,1,0,0,0,0
4/5/2024 1:00,0.002929,0,1,0,0,0,0
4/5/2024 2:00,0.003002,1,0,0,0,0,0
4/5/2024 3:00,0.004858,0,1,0,0,0,0
4/5/2024 4:00,0.006984,0,0,0,1,0,0
4/5/2024 5:00,0.007118,0,0,0,1,0,0
4/5/2024 6:00,0.006297,0,0,1,0,0,0
4/5/2024 7:00,0.006285,0,0,1,0,0,0
4/5/2024 8:00,0.006609,0,0,1,0,0,0
4/5/2024 9:00,0.006809,0,0,0,1,0,0
4/5/2024 10:00,0.00702,0,0,0,1,0,0
4/5/2024 11:00,0.007087,0,0,0,1,0,0
4/5/2024 12:00,0.006568,0,0,0,1,0,0
4/5/2024 13:00,0.006409,0,0,0,1,0,0
4/5/2024 14:00,0.006692,0,0,0,1,0,0
4/5/2024 15:00,0.006281,0,0,0,1,0,0
4/5/2024 16:00,0.004807,0,1,0,0,0,0
4/5/2024 17:00,0.004669,0,1,0,0,0,0
4/5/2024 18:00,0.004169,0,1,0,0,0,0
4/5/2024 19:00,0.002861,1,0,0,0,0,0
4/5/2024 20:00,0.000948,1,0,0,0,0,0
4/5/2024 21:00,-0.000106,1,0,0,0,0,0
4/5/2024 22:00,0.000593,1,0,0,0,0,0
4/5/2024 23:00,0.002199,0,1,0,0,0,0
4/6/2024 0:00,0.00513,0,0,0,1,0,0
4/6/2024 1:00,0.006061,0,0,0,1,0,0
4/6/2024 2:00,0.00455,0,0,1,0,0,0
4/6/2024 3:00,0.00448,0,0,1,0,0,0
4/6/2024 4:00,0.004903,0,0,1,0,0,0
4/6/2024 5:00,0.005462,0,0,0,1,0,0
4/6/2024 6:00,0.005759,0,0,0,1,0,0
4/6/2024 7:00,0.006923,0,0,0,0,1,0
4/6/2024 8:00,0.008905,0,0,0,0,0,1
4/6/2024 9:00,0.009353,0,0,0,0,0,1
4/6/2024 10:00,0.009594,0,0,0,0,0,1
4/6/2024 11:00,0.009428,0,0,0,0,0,1
4/6/2024 12:00,0.009482,0,0,0,0,1,0
4/6/2024 13:00,0.00934,0,0,0,0,1,0
4/6/2024 14:00,0.009281,0,0,0,0,1,0
4/6/2024 15:00,0.008733,0,0,0,0,1,0
4/6/2024 16:00,0.005153,0,0,1,0,0,0
4/6/2024 17:00,0.005466,0,0,1,0,0,0
4/6/2024 18:00,0.005613,0,0,1,0,0,0
4/6/2024 19:00,0.004753,0,0,1,0,0,0
4/6/2024 20:00,0.004803,0,0,1,0,0,0
4/6/2024 21:00,0.005566,0,0,1,0,0,0
4/6/2024 22:00,0.006312,0,0,1,0,0,0
4/6/2024 23:00,0.007724,0,0,0,1,0,0
4/7/2024 0:00,0.008878,0,0,0,0,1,0
4/7/2024 1:00,0.010243,0,0,0,0,0,1
4/7/2024 2:00,0.010338,0,0,0,0,1,0
4/7/2024 3:00,0.010247,0,0,0,0,1,0
4/7/2024 4:00,0.01027,0,0,0,0,1,0
4/7/2024 5:00,0.010035,0,0,0,0,1,0
4/7/2024 6:00,0.009563,0,0,0,1,0,0
4/7/2024 7:00,0.009987,0,0,0,0,1,0
4/7/2024 8:00,0.014906,0,0,0,0,0,1
4/7/2024 9:00,0.015671,0,0,0,0,0,1
4/7/2024 10:00,0.014296,0,0,0,0,0,1
4/7/2024 11:00,0.01085,0,0,0,1,0,0
4/7/2024 12:00,0.008524,0,0,1,0,0,0
4/7/2024 13:00,0.0087,0,0,1,0,0,0
4/7/2024 14:00,0.010112,0,0,0,1,0,0
4/7/2024 15:00,0.01102,0,0,0,1,0,0
4/7/2024 16:00,0.011344,0,0,0,1,0,0
4/7/2024 17:00,0.01083,0,0,0,1,0,0
4/7/2024 18:00,0.011276,0,0,0,1,0,0
4/7/2024 19:00,0.012192,0,0,0,0,1,0
4/7/2024 20:00,0.011981,0,0,0,1,0,0
4/7/2024 21:00,0.011835,0,0,0,1,0,0
4/7/2024 22:00,0.011587,0,0,0,1,0,0
4/7/2024 23:00,0.011277,0,0,0,1,0,0
4/8/2024 0:00,0.010432,0,0,1,0,0,0
4/8/2024 1:00,0.009874,0,1,0,0,0,0
4/8/2024 2:00,0.010185,0,0,1,0,0,0
4/8/2024 3:00,0.011131,0,0,1,0,0,0
4/8/2024 4:00,0.01136,0,0,0,1,0,0
4/8/2024 5:00,0.010567,0,0,1,0,0,0
4/8/2024 6:00,0.010006,0,1,0,0,0,0
4/8/2024 7:00,0.009712,0,1,0,0,0,0
4/8/2024 8:00,0.010912,0,0,1,0,0,0
4/8/2024 9:00,0.015842,0,0,0,0,0,1
4/8/2024 10:00,0.021549,0,0,0,0,0,1
4/8/2024 11:00,0.024534,0,0,0,0,0,1
4/8/2024 12:00,0.027077,0,0,0,0,0,1
4/8/2024 13:00,0.029035,0,0,0,0,0,1
4/8/2024 14:00,0.029641,0,0,0,0,0,1
4/8/2024 15:00,0.030566,0,0,0,0,0,1
4/8/2024 16:00,0.024535,0,0,0,0,1,0
4/8/2024 17:00,0.01968,0,0,0,1,0,0
4/8/2024 18:00,0.018337,0,0,0,1,0,0
4/8/2024 19:00,0.013631,0,0,1,0,0,0
4/8/2024 20:00,0.011333,0,0,1,0,0,0
4/8/2024 21:00,0.010913,0,1,0,0,0,0
4/8/2024 22:00,0.011103,0,1,0,0,0,0
4/8/2024 23:00,0.010655,0,1,0,0,0,0
4/9/2024 0:00,0.009941,0,1,0,0,0,0
4/9/2024 1:00,0.008992,0,1,0,0,0,0
4/9/2024 2:00,0.009147,0,1,0,0,0,0
4/9/2024 3:00,0.009321,0,1,0,0,0,0
4/9/2024 4:00,0.010455,0,1,0,0,0,0
4/9/2024 5:00,0.011499,0,0,1,0,0,0
4/9/2024 6:00,0.011296,0,0,1,0,0,0
4/9/2024 7:00,0.010047,0,1,0,0,0,0
4/9/2024 8:00,0.00806,0,1,0,0,0,0
4/9/2024 9:00,0.007398,0,1,0,0,0,0
4/9/2024 10:00,0.006652,0,1,0,0,0,0
4/9/2024 11:00,0.006355,0,1,0,0,0,0
4/9/2024 12:00,0.006303,0,1,0,0,0,0
4/9/2024 13:00,0.006239,0,1,0,0,0,0
4/9/2024 14:00,0.006027,0,1,0,0,0,0
4/9/2024 15:00,0.006285,0,1,0,0,0,0
4/9/2024 16:00,0.014207,0,0,0,0,1,0
4/9/2024 17:00,0.011645,0,0,0,1,0,0
4/9/2024 18:00,0.010547,0,0,0,1,0,0
4/9/2024 19:00,0.010598,0,0,0,1,0,0
4/9/2024 20:00,0.00989,0,0,0,1,0,0
4/9/2024 21:00,0.008846,0,0,1,0,0,0
4/9/2024 22:00,0.007983,0,0,1,0,0,0
4/9/2024 23:00,0.006868,0,1,0,0,0,0
4/10/2024 0:00,0.006309,0,1,0,0,0,0
4/10/2024 1:00,0.0063,0,1,0,0,0,0
4/10/2024 2:00,0.006882,0,1,0,0,0,0
4/10/2024 3:00,0.007776,0,0,1,0,0,0
4/10/2024 4:00,0.009192,0,0,0,1,0,0
4/10/2024 5:00,0.009678,0,0,0,1,0,0
4/10/2024 6:00,0.009056,0,0,0,1,0,0
4/10/2024 7:00,0.008775,0,0,0,1,0,0
4/10/2024 8:00,0.008534,0,0,0,1,0,0
4/10/2024 9:00,0.009149,0,0,0,1,0,0
4/10/2024 10:00,0.008561,0,0,0,1,0,0
4/10/2024 11:00,0.008962,0,0,0,1,0,0
4/10/2024 12:00,0.009885,0,0,0,1,0,0
4/10/2024 13:00,0.010117,0,0,0,1,0,0
4/10/2024 14:00,0.009205,0,0,0,1,0,0
4/10/2024 15:00,0.007659,0,1,0,0,0,0
4/10/2024 16:00,0.007321,0,1,0,0,0,0
4/10/2024 17:00,0.007333,0,1,0,0,0,0
4/10/2024 18:00,0.007264,0,1,0,0,0,0
4/10/2024 19:00,0.006447,0,1,0,0,0,0
4/10/2024 20:00,0.005801,1,0,0,0,0,0
4/10/2024 21:00,0.005382,1,0,0,0,0,0
4/10/2024 22:00,0.005252,1,0,0,0,0,0
4/10/2024 23:00,0.005927,0,1,0,0,0,0
4/11/2024 0:00,0.006561,0,1,0,0,0,0
4/11/2024 1:00,0.00704,0,0,1,0,0,0
4/11/2024 2:00,0.007735,0,0,1,0,0,0
4/11/2024 3:00,0.009474,0,0,0,0,1,0
4/11/2024 4:00,0.011493,0,0,0,0,0,1
4/11/2024 5:00,0.012735,0,0,0,0,0,1
4/11/2024 6:00,0.013137,0,0,0,0,0,1
4/11/2024 7:00,0.013317,0,0,0,0,0,1
4/11/2024 8:00,0.011936,0,0,0,0,1,0
4/11/2024 9:00,0.012038,0,0,0,0,1,0
4/11/2024 10:00,0.012656,0,0,0,0,1,0
4/11/2024 11:00,0.013031,0,0,0,0,1,0
4/11/2024 12:00,0.011683,0,0,0,0,1,0
4/11/2024 13:00,0.010854,0,0,0,1,0,0
4/11/2024 14:00,0.009627,0,0,0,1,0,0
4/11/2024 15:00,0.008267,0,0,1,0,0,0
4/11/2024 16:00,0.008044,0,0,1,0,0,0
4/11/2024 17:00,0.007166,0,1,0,0,0,0
4/11/2024 18:00,0.006944,0,1,0,0,0,0
4/11/2024 19:00,0.006434,0,1,0,0,0,0
4/11/2024 20:00,0.005138,0,1,0,0,0,0
4/11/2024 21:00,0.004816,1,0,0,0,0,0
4/11/2024 22:00,0.004966,0,1,0,0,0,0
4/11/2024 23:00,0.005061,0,1,0,0,0,0
4/12/2024 0:00,0.005197,0,1,0,0,0,0
4/12/2024 1:00,0.00513,0,1,0,0,0,0
4/12/2024 2:00,0.005049,0,1,0,0,0,0
4/12/2024 3:00,0.005731,0,1,0,0,0,0
4/12/2024 4:00,0.00759,0,0,1,0,0,0
4/12/2024 5:00,0.008447,0,0,0,1,0,0
4/12/2024 6:00,0.009263,0,0,0,1,0,0
4/12/2024 7:00,0.010606,0,0,0,0,1,0
4/12/2024 8:00,0.011985,0,0,0,0,1,0
4/12/2024 9:00,0.01343,0,0,0,0,0,1
4/12/2024 10:00,0.014633,0,0,0,0,0,1
4/12/2024 11:00,0.014696,0,0,0,0,0,1
4/12/2024 12:00,0.014139,0,0,0,0,0,1
4/12/2024 13:00,0.013111,0,0,0,0,1,0
4/12/2024 14:00,0.011651,0,0,0,0,1,0
4/12/2024 15:00,0.009724,0,0,0,1,0,0
4/12/2024 16:00,0.012026,0,0,0,0,1,0
4/12/2024 17:00,0.011343,0,0,0,1,0,0
4/12/2024 18:00,0.006985,0,0,1,0,0,0
4/12/2024 19:00,0.0054,0,1,0,0,0,0
4/12/2024 20:00,0.004031,0,1,0,0,0,0
4/12/2024 21:00,0.003034,1,0,0,0,0,0
4/12/2024 22:00,0.004483,0,1,0,0,0,0
4/12/2024 23:00,0.005268,0,1,0,0,0,0
4/13/2024 0:00,0.01832,0,0,0,0,0,1
4/13/2024 1:00,0.023376,0,0,0,0,0,1
4/13/2024 2:00,0.022019,0,0,0,0,0,1
4/13/2024 3:00,0.021826,0,0,0,0,0,1
4/13/2024 4:00,0.018055,0,0,0,0,1,0
4/13/2024 5:00,0.015196,0,0,0,1,0,0
4/13/2024 6:00,0.013018,0,0,0,1,0,0
4/13/2024 7:00,0.011409,0,0,1,0,0,0
4/13/2024 8:00,0.010763,0,0,1,0,0,0
4/13/2024 9:00,0.00855,0,0,1,0,0,0
4/13/2024 10:00,0.006748,0,1,0,0,0,0
4/13/2024 11:00,0.006887,0,1,0,0,0,0
4/13/2024 12:00,0.008986,0,0,1,0,0,0
4/13/2024 13:00,0.009182,0,0,1,0,0,0
4/13/2024 14:00,0.009253,0,0,1,0,0,0
4/13/2024 15:00,0.010424,0,0,1,0,0,0
4/13/2024 16:00,0.012298,0,0,0,1,0,0
4/13/2024 17:00,0.009582,0,0,1,0,0,0
4/13/2024 18:00,0.009532,0,0,1,0,0,0
4/13/2024 19:00,0.008649,0,0,1,0,0,0
4/13/2024 20:00,-0.00398,1,0,0,0,0,0
4/13/2024 21:00,-0.015609,1,0,0,0,0,0
4/13/2024 22:00,-0.012386,1,0,0,0,0,0
4/13/2024 23:00,-0.005463,0,1,0,0,0,0
4/14/2024 0:00,0.029566,0,0,0,0,0,1
4/14/2024 1:00,0.029847,0,0,0,0,0,1
4/14/2024 2:00,0.029585,0,0,0,0,0,1
4/14/2024 3:00,0.026157,0,0,0,0,1,0
4/14/2024 4:00,0.027652,0,0,0,0,1,0
4/14/2024 5:00,0.033127,0,0,0,0,0,1
4/14/2024 6:00,0.032039,0,0,0,0,1,0
4/14/2024 7:00,0.030711,0,0,0,0,1,0
4/14/2024 8:00,0.023736,0,0,0,0,1,0
4/14/2024 9:00,0.018657,0,0,0,1,0,0
4/14/2024 10:00,0.015227,0,0,0,1,0,0
4/14/2024 11:00,0.012338,0,0,1,0,0,0
4/14/2024 12:00,0.013485,0,0,1,0,0,0
4/14/2024 13:00,0.014837,0,0,1,0,0,0
4/14/2024 14:00,0.016549,0,0,0,1,0,0
4/14/2024 15:00,0.017761,0,0,0,1,0,0
4/14/2024 16:00,0.00766,0,0,1,0,0,0
4/14/2024 17:00,0.003505,0,1,0,0,0,0
4/14/2024 18:00,0.008869,0,0,1,0,0,0
4/14/2024 19:00,0.012768,0,0,1,0,0,0
4/14/2024 20:00,0.012263,0,0,1,0,0,0
4/14/2024 21:00,0.010698,0,0,1,0,0,0
4/14/2024 22:00,0.009813,0,1,0,0,0,0
4/14/2024 23:00,0.009544,0,1,0,0,0,0
4/15/2024 0:00,0.006876,0,1,0,0,0,0
4/15/2024 1:00,0.009323,0,1,0,0,0,0
4/15/2024 2:00,0.007348,0,1,0,0,0,0
4/15/2024 3:00,0.004529,0,1,0,0,0,0
4/15/2024 4:00,0.001579,0,1,0,0,0,0
4/15/2024 5:00,0.001915,0,1,0,0,0,0
4/15/2024 6:00,0.003092,0,1,0,0,0,0
4/15/2024 7:00,0.000101,1,0,0,0,0,0
4/15/2024 8:00,-0.004879,1,0,0,0,0,0
4/15/2024 9:00,-0.001788,1,0,0,0,0,0
4/15/2024 10:00,-0.000397,0,1,0,0,0,0
4/15/2024 11:00,0.000206,0,1,0,0,0,0
4/15/2024 12:00,0.0009,0,1,0,0,0,0
4/15/2024 13:00,0.002229,0,0,1,0,0,0
4/15/2024 14:00,0.002101,0,0,1,0,0,0
4/15/2024 15:00,0.006809,0,0,0,1,0,0
4/15/2024 16:00,0.01145,0,0,0,0,1,0
4/15/2024 17:00,0.010363,0,0,0,0,1,0
4/15/2024 18:00,0.012262,0,0,0,0,1,0
4/15/2024 19:00,0.011651,0,0,0,0,1,0
4/15/2024 20:00,0.015714,0,0,0,0,0,1
4/15/2024 21:00,0.014834,0,0,0,0,0,1
4/15/2024 22:00,0.015487,0,0,0,0,0,1
4/15/2024 23:00,0.018315,0,0,0,0,0,1
4/16/2024 0:00,0.034559,0,0,0,0,0,1
4/16/2024 1:00,0.034973,0,0,0,0,0,1
4/16/2024 2:00,0.03318,0,0,0,0,0,1
4/16/2024 3:00,0.031116,0,0,0,0,0,1
4/16/2024 4:00,0.028485,0,0,0,0,1,0
4/16/2024 5:00,0.024572,0,0,0,0,1,0
4/16/2024 6:00,0.019622,0,0,0,1,0,0
4/16/2024 7:00,0.013957,0,0,1,0,0,0
4/16/2024 8:00,0.003858,0,1,0,0,0,0
4/16/2024 9:00,0.003738,0,1,0,0,0,0
4/16/2024 10:00,0.003732,0,1,0,0,0,0
4/16/2024 11:00,0.003582,0,1,0,0,0,0
4/16/2024 12:00,0.004457,0,1,0,0,0,0
4/16/2024 13:00,0.003323,0,1,0,0,0,0
4/16/2024 14:00,0.002329,0,1,0,0,0,0
4/16/2024 15:00,0.001553,0,1,0,0,0,0
4/16/2024 16:00,0.005123,0,1,0,0,0,0
4/16/2024 17:00,0.004731,0,1,0,0,0,0
4/16/2024 18:00,0.005316,0,1,0,0,0,0
4/16/2024 19:00,0.007273,0,0,1,0,0,0
4/16/2024 20:00,0.00614,0,0,1,0,0,0
4/16/2024 21:00,0.007449,0,0,1,0,0,0
4/16/2024 22:00,0.005721,0,0,1,0,0,0
4/16/2024 23:00,0.006617,0,0,1,0,0,0
4/17/2024 0:00,0.008872,0,0,1,0,0,0
4/17/2024 1:00,0.004709,0,0,1,0,0,0
4/17/2024 2:00,0.002482,0,1,0,0,0,0
4/17/2024 3:00,0.002633,0,0,1,0,0,0
4/17/2024 4:00,0.003619,0,0,1,0,0,0
4/17/2024 5:00,0.002444,0,1,0,0,0,0
4/17/2024 6:00,0.002305,0,1,0,0,0,0
4/17/2024 7:00,0.002662,0,1,0,0,0,0
4/17/2024 8:00,0.00229,0,1,0,0,0,0
4/17/2024 9:00,0.002291,0,1,0,0,0,0
4/17/2024 10:00,0.002538,0,1,0,0,0,0
4/17/2024 11:00,0.001918,0,1,0,0,0,0
4/17/2024 12:00,-0.000009,1,0,0,0,0,0
4/17/2024 13:00,0.000391,0,1,0,0,0,0
4/17/2024 14:00,0.000166,0,1,0,0,0,0
4/17/2024 15:00,0.001561,0,1,0,0,0,0
4/17/2024 16:00,0.027033,0,0,0,0,0,1
4/17/2024 17:00,0.017504,0,0,0,0,0,1
4/17/2024 18:00,0.012106,0,0,0,0,1,0
4/17/2024 19:00,0.010231,0,0,0,0,1,0
4/17/2024 20:00,0.010341,0,0,0,0,1,0
4/17/2024 21:00,0.010671,0,0,0,0,1,0
4/17/2024 22:00,0.011107,0,0,0,0,1,0
4/17/2024 23:00,0.012208,0,0,0,0,1,0
4/18/2024 0:00,0.012833,0,0,0,0,1,0
