datetime,close,local_min,local_max
2023-04-18 00:00:00,29356.0,0,0
2023-04-18 01:00:00,29360.5,0,0
2023-04-18 02:00:00,29453.2,0,0
2023-04-18 03:00:00,29431.7,0,0
2023-04-18 04:00:00,29480.2,0,0
2023-04-18 05:00:00,29530.1,0,0
2023-04-18 06:00:00,29702.9,0,0
2023-04-18 07:00:00,29756.8,0,0
2023-04-18 08:00:00,29689.2,0,0
2023-04-18 09:00:00,29887.0,0,0
2023-04-18 10:00:00,29888.2,0,0
2023-04-18 11:00:00,30369.7,0,0
2023-04-18 12:00:00,30290.8,0,0
2023-04-18 13:00:00,30362.4,0,0
2023-04-18 14:00:00,30230.3,0,0
2023-04-18 15:00:00,30170.2,0,0
2023-04-18 16:00:00,30209.8,0,0
2023-04-18 17:00:00,30013.5,0,0
2023-04-18 18:00:00,30135.8,0,0
2023-04-18 19:00:00,30205.8,0,0
2023-04-18 20:00:00,30416.6,0,1
2023-04-18 21:00:00,30365.0,0,0
2023-04-18 22:00:00,30357.5,0,0
2023-04-18 23:00:00,30365.8,0,0
2023-04-19 00:00:00,30306.4,0,0
2023-04-19 01:00:00,30222.6,0,0
2023-04-19 02:00:00,30191.1,0,0
2023-04-19 03:00:00,30199.9,0,0
2023-04-19 04:00:00,30189.9,0,0
2023-04-19 05:00:00,30254.1,0,0
2023-04-19 06:00:00,29989.8,0,0
2023-04-19 07:00:00,30064.8,0,0
2023-04-19 08:00:00,29148.0,0,0
2023-04-19 09:00:00,29184.9,0,0
2023-04-19 10:00:00,29240.0,0,0
2023-04-19 11:00:00,29299.9,0,0
2023-04-19 12:00:00,29210.0,0,0
2023-04-19 13:00:00,29317.7,0,0
2023-04-19 14:00:00,29376.5,0,0
2023-04-19 15:00:00,29247.9,0,0
2023-04-19 16:00:00,29296.4,0,0
2023-04-19 17:00:00,29301.8,0,0
2023-04-19 18:00:00,29260.1,0,0
2023-04-19 19:00:00,29210.6,0,0
2023-04-19 20:00:00,29222.9,0,0
2023-04-19 21:00:00,29165.0,0,0
2023-04-19 22:00:00,29068.0,0,0
2023-04-19 23:00:00,28795.1,0,0
2023-04-20 00:00:00,28911.0,0,0
2023-04-20 01:00:00,28919.4,0,0
2023-04-20 02:00:00,28734.4,0,0
2023-04-20 03:00:00,28850.1,0,0
2023-04-20 04:00:00,28855.2,0,0
2023-04-20 05:00:00,28884.6,0,0
2023-04-20 06:00:00,28911.2,0,0
2023-04-20 07:00:00,28857.7,0,0
2023-04-20 08:00:00,28819.0,0,0
2023-04-20 09:00:00,28852.2,0,0
2023-04-20 10:00:00,28838.9,0,0
2023-04-20 11:00:00,28601.6,0,0
2023-04-20 12:00:00,28876.3,0,0
2023-04-20 13:00:00,28803.9,0,0
2023-04-20 14:00:00,28706.6,0,0
2023-04-20 15:00:00,28492.3,0,0
2023-04-20 16:00:00,28428.5,0,0
2023-04-20 17:00:00,28441.2,0,0
2023-04-20 18:00:00,28351.5,0,0
2023-04-20 19:00:00,28091.2,0,0
2023-04-20 20:00:00,28192.6,0,0
2023-04-20 21:00:00,28220.8,0,0
2023-04-20 22:00:00,28238.9,0,0
2023-04-20 23:00:00,28229.9,0,0
2023-04-21 00:00:00,28279.4,0,0
2023-04-21 01:00:00,28186.0,0,0
2023-04-21 02:00:00,28240.6,0,0
2023-04-21 03:00:00,28309.1,0,0
2023-04-21 04:00:00,28225.9,0,0
2023-04-21 05:00:00,28143.1,0,0
2023-04-21 06:00:00,27906.5,0,0
2023-04-21 07:00:00,28142.3,0,0
2023-04-21 08:00:00,28061.4,0,0
2023-04-21 09:00:00,28048.8,0,0
2023-04-21 10:00:00,27990.0,0,0
2023-04-21 11:00:00,28054.5,0,0
2023-04-21 12:00:00,28206.7,0,0
2023-04-21 13:00:00,28104.0,0,0
2023-04-21 14:00:00,28048.4,0,0
2023-04-21 15:00:00,28032.8,0,0
2023-04-21 16:00:00,28035.0,0,0
2023-04-21 17:00:00,27893.4,0,0
2023-04-21 18:00:00,27776.8,0,0
2023-04-21 19:00:00,27273.6,0,0
2023-04-21 20:00:00,27263.7,0,0
2023-04-21 21:00:00,27279.0,0,0
2023-04-21 22:00:00,27259.7,0,0
2023-04-21 23:00:00,27252.5,0,0
2023-04-22 00:00:00,27216.7,0,0
2023-04-22 01:00:00,27285.8,0,0
2023-04-22 02:00:00,27229.5,0,0
2023-04-22 03:00:00,27309.9,0,0
2023-04-22 04:00:00,27334.1,0,0
2023-04-22 05:00:00,27383.9,0,0
2023-04-22 06:00:00,27334.7,0,0
2023-04-22 07:00:00,27268.4,0,0
2023-04-22 08:00:00,27201.1,1,0
2023-04-22 09:00:00,27229.3,0,0
2023-04-22 10:00:00,27238.6,0,0
2023-04-22 11:00:00,27276.1,0,0
2023-04-22 12:00:00,27325.1,0,0
2023-04-22 13:00:00,27241.9,0,0
2023-04-22 14:00:00,27463.8,0,0
2023-04-22 15:00:00,27477.1,0,0
2023-04-22 16:00:00,27567.4,0,0
2023-04-22 17:00:00,27654.0,0,0
2023-04-22 18:00:00,27585.7,0,0
2023-04-22 19:00:00,27604.7,0,0
2023-04-22 20:00:00,27621.4,0,0
2023-04-22 21:00:00,27658.8,0,0
2023-04-22 22:00:00,27837.8,0,1
2023-04-22 23:00:00,27807.2,0,0
2023-04-23 00:00:00,27532.8,0,0
2023-04-23 01:00:00,27539.4,0,0
2023-04-23 02:00:00,27580.1,0,0
2023-04-23 03:00:00,27545.2,0,0
2023-04-23 04:00:00,27592.0,0,0
2023-04-23 05:00:00,27573.8,0,0
2023-04-23 06:00:00,27574.9,0,0
2023-04-23 07:00:00,27704.6,0,0
2023-04-23 08:00:00,27695.8,0,0
2023-04-23 09:00:00,27618.0,0,0
2023-04-23 10:00:00,27517.1,0,0
2023-04-23 11:00:00,27632.8,0,0
2023-04-23 12:00:00,27594.0,0,0
2023-04-23 13:00:00,27614.6,0,0
2023-04-23 14:00:00,27538.9,0,0
2023-04-23 15:00:00,27460.2,0,0
2023-04-23 16:00:00,27570.1,0,0
2023-04-23 17:00:00,27500.7,0,0
2023-04-23 18:00:00,27443.5,1,0
2023-04-23 19:00:00,27453.3,0,0
2023-04-23 20:00:00,27492.0,0,0
2023-04-23 21:00:00,27499.4,0,0
2023-04-23 22:00:00,27579.6,0,0
2023-04-23 23:00:00,27576.0,0,0
2023-04-24 00:00:00,27793.7,0,1
2023-04-24 01:00:00,27739.8,0,0
2023-04-24 02:00:00,27730.2,0,0
2023-04-24 03:00:00,27780.0,0,0
2023-04-24 04:00:00,27689.9,0,0
2023-04-24 05:00:00,27643.3,0,0
2023-04-24 06:00:00,27534.0,0,0
2023-04-24 07:00:00,27440.8,0,0
2023-04-24 08:00:00,27173.9,1,0
2023-04-24 09:00:00,27300.0,0,0
2023-04-24 10:00:00,27406.8,0,0
2023-04-24 11:00:00,27540.0,0,0
2023-04-24 12:00:00,27431.4,0,0
2023-04-24 13:00:00,27611.9,0,1
2023-04-24 14:00:00,27416.8,0,0
2023-04-24 15:00:00,27256.0,0,0
2023-04-24 16:00:00,27100.2,1,0
2023-04-24 17:00:00,27365.3,0,0
2023-04-24 18:00:00,27327.1,0,0
2023-04-24 19:00:00,27373.8,0,0
2023-04-24 20:00:00,27446.7,0,0
2023-04-24 21:00:00,27400.0,0,0
2023-04-24 22:00:00,27447.8,0,0
2023-04-24 23:00:00,27497.5,0,0
2023-04-25 00:00:00,27447.8,0,0
2023-04-25 01:00:00,27386.5,0,0
2023-04-25 02:00:00,27391.6,0,0
2023-04-25 03:00:00,27337.6,0,0
2023-04-25 04:00:00,27398.5,0,0
2023-04-25 05:00:00,27400.8,0,0
2023-04-25 06:00:00,27347.0,0,0
2023-04-25 07:00:00,27252.3,0,0
2023-04-25 08:00:00,27418.0,0,0
2023-04-25 09:00:00,27311.9,0,0
2023-04-25 10:00:00,27319.5,0,0
2023-04-25 11:00:00,27382.1,0,0
2023-04-25 12:00:00,27383.5,0,0
2023-04-25 13:00:00,27332.5,0,0
2023-04-25 14:00:00,27280.0,0,0
2023-04-25 15:00:00,27329.5,0,0
2023-04-25 16:00:00,27385.9,0,0
2023-04-25 17:00:00,27608.2,0,0
2023-04-25 18:00:00,27565.3,0,0
2023-04-25 19:00:00,27596.1,0,0
2023-04-25 20:00:00,27961.6,0,0
2023-04-25 21:00:00,28249.3,0,0
2023-04-25 22:00:00,28219.3,0,0
2023-04-25 23:00:00,28286.7,0,0
2023-04-26 00:00:00,28287.0,0,0
2023-04-26 01:00:00,28370.6,0,0
2023-04-26 02:00:00,28375.0,0,0
2023-04-26 03:00:00,28296.2,0,0
2023-04-26 04:00:00,28315.0,0,0
2023-04-26 05:00:00,28379.9,0,0
2023-04-26 06:00:00,28377.6,0,0
2023-04-26 07:00:00,28365.0,0,0
2023-04-26 08:00:00,28703.5,0,0
2023-04-26 09:00:00,28849.5,0,0
2023-04-26 10:00:00,28982.8,0,0
2023-04-26 11:00:00,28940.7,0,0
2023-04-26 12:00:00,29955.0,0,1
2023-04-26 13:00:00,29837.4,0,0
2023-04-26 14:00:00,29687.9,0,0
2023-04-26 15:00:00,29803.0,0,0
2023-04-26 16:00:00,29803.7,0,0
2023-04-26 17:00:00,29713.3,0,0
2023-04-26 18:00:00,29732.7,0,0
2023-04-26 19:00:00,27871.9,1,0
2023-04-26 20:00:00,28405.3,0,0
2023-04-26 21:00:00,28670.0,0,1
2023-04-26 22:00:00,28282.2,1,0
2023-04-26 23:00:00,28395.9,0,0
2023-04-27 00:00:00,29215.1,0,1
2023-04-27 01:00:00,28730.3,1,0
2023-04-27 02:00:00,29025.0,0,0
2023-04-27 03:00:00,28876.6,0,0
2023-04-27 04:00:00,29079.3,0,0
2023-04-27 05:00:00,29071.9,0,0
2023-04-27 06:00:00,28778.6,0,0
2023-04-27 07:00:00,28880.0,0,0
2023-04-27 08:00:00,28941.9,0,0
2023-04-27 09:00:00,28920.1,0,0
2023-04-27 10:00:00,28981.9,0,0
2023-04-27 11:00:00,28921.2,0,0
2023-04-27 12:00:00,28846.6,0,0
2023-04-27 13:00:00,28920.1,0,0
2023-04-27 14:00:00,28964.8,0,0
2023-04-27 15:00:00,29136.7,0,0
2023-04-27 16:00:00,29121.0,0,0
2023-04-27 17:00:00,29282.6,0,0
2023-04-27 18:00:00,29758.8,0,1
2023-04-27 19:00:00,29659.9,0,0
2023-04-27 20:00:00,29610.1,0,0
2023-04-27 21:00:00,29631.0,0,0
2023-04-27 22:00:00,29375.6,0,0
2023-04-27 23:00:00,29459.0,0,0
2023-04-28 00:00:00,29539.6,0,0
2023-04-28 01:00:00,29502.0,0,0
2023-04-28 02:00:00,29385.6,0,0
2023-04-28 03:00:00,29412.8,0,0
2023-04-28 04:00:00,29489.7,0,0
2023-04-28 05:00:00,29462.9,0,0
2023-04-28 06:00:00,29459.1,0,0
2023-04-28 07:00:00,29473.9,0,0
2023-04-28 08:00:00,29242.9,0,0
2023-04-28 09:00:00,29187.3,0,0
2023-04-28 10:00:00,29249.0,0,0
2023-04-28 11:00:00,29226.0,0,0
2023-04-28 12:00:00,29213.8,0,0
2023-04-28 13:00:00,29018.8,1,0
2023-04-28 14:00:00,29087.8,0,0
2023-04-28 15:00:00,29133.9,0,0
2023-04-28 16:00:00,29259.6,0,0
2023-04-28 17:00:00,29225.0,0,0
2023-04-28 18:00:00,29226.8,0,0
2023-04-28 19:00:00,29317.6,0,0
2023-04-28 20:00:00,29322.3,0,0
2023-04-28 21:00:00,29310.1,0,0
2023-04-28 22:00:00,29327.3,0,0
2023-04-28 23:00:00,29300.0,0,0
2023-04-29 00:00:00,29252.0,0,0
2023-04-29 01:00:00,29257.2,0,0
2023-04-29 02:00:00,29358.1,0,0
2023-04-29 03:00:00,29328.8,0,0
2023-04-29 04:00:00,29363.0,0,0
2023-04-29 05:00:00,29346.0,0,0
2023-04-29 06:00:00,29316.1,0,0
2023-04-29 07:00:00,29333.9,0,0
2023-04-29 08:00:00,29300.0,0,0
2023-04-29 09:00:00,29290.1,0,0
2023-04-29 10:00:00,29257.2,0,0
2023-04-29 11:00:00,29323.4,0,0
2023-04-29 12:00:00,29269.2,0,0
2023-04-29 13:00:00,29371.9,0,0
2023-04-29 14:00:00,29319.1,0,0
2023-04-29 15:00:00,29258.1,0,0
2023-04-29 16:00:00,29265.3,0,0
2023-04-29 17:00:00,29142.5,0,0
2023-04-29 18:00:00,29165.8,0,0
2023-04-29 19:00:00,29222.0,0,0
2023-04-29 20:00:00,29205.7,0,0
2023-04-29 21:00:00,29219.0,0,0
2023-04-29 22:00:00,29186.0,0,0
2023-04-29 23:00:00,29212.7,0,0
2023-04-30 00:00:00,29124.3,0,0
2023-04-30 01:00:00,29084.5,0,0
2023-04-30 02:00:00,29162.6,0,0
2023-04-30 03:00:00,29168.0,0,0
2023-04-30 04:00:00,29198.5,0,0
2023-04-30 05:00:00,29245.9,0,0
2023-04-30 06:00:00,29260.0,0,0
2023-04-30 07:00:00,29252.0,0,0
2023-04-30 08:00:00,29260.7,0,0
2023-04-30 09:00:00,29242.7,0,0
2023-04-30 10:00:00,29210.7,0,0
2023-04-30 11:00:00,29184.6,0,0
2023-04-30 12:00:00,29227.2,0,0
2023-04-30 13:00:00,29278.0,0,0
2023-04-30 14:00:00,29377.0,0,0
2023-04-30 15:00:00,29644.2,0,0
2023-04-30 16:00:00,29700.1,0,1
2023-04-30 17:00:00,29628.4,0,0
2023-04-30 18:00:00,29569.4,0,0
2023-04-30 19:00:00,29346.0,0,0
2023-04-30 20:00:00,29314.9,0,0
2023-04-30 21:00:00,29399.8,0,0
2023-04-30 22:00:00,29363.2,0,0
2023-04-30 23:00:00,29223.0,0,0
2023-05-01 00:00:00,29303.3,0,0
2023-05-01 01:00:00,28488.3,0,0
2023-05-01 02:00:00,28535.0,0,0
2023-05-01 03:00:00,28545.6,0,0
2023-05-01 04:00:00,28543.7,0,0
2023-05-01 05:00:00,28468.0,0,0
2023-05-01 06:00:00,28578.0,0,0
2023-05-01 07:00:00,28610.0,0,0
2023-05-01 08:00:00,28561.4,0,0
2023-05-01 09:00:00,28511.7,0,0
2023-05-01 10:00:00,28537.9,0,0
2023-05-01 11:00:00,28510.6,0,0
2023-05-01 12:00:00,28581.4,0,0
2023-05-01 13:00:00,28445.4,0,0
2023-05-01 14:00:00,28462.5,0,0
2023-05-01 15:00:00,28158.3,0,0
2023-05-01 16:00:00,28350.5,0,0
2023-05-01 17:00:00,28266.2,0,0
2023-05-01 18:00:00,28161.8,0,0
2023-05-01 19:00:00,27833.9,0,0
2023-05-01 20:00:00,27663.7,1,0
2023-05-01 21:00:00,27975.3,0,0
2023-05-01 22:00:00,28001.8,0,0
2023-05-01 23:00:00,28054.4,0,0
2023-05-02 00:00:00,28033.0,0,0
2023-05-02 01:00:00,27927.2,0,0
2023-05-02 02:00:00,28000.0,0,0
2023-05-02 03:00:00,28031.9,0,0
2023-05-02 04:00:00,27916.9,0,0
2023-05-02 05:00:00,27987.2,0,0
2023-05-02 06:00:00,27983.4,0,0
2023-05-02 07:00:00,28045.0,0,0
2023-05-02 08:00:00,28017.8,0,0
2023-05-02 09:00:00,27970.0,0,0
2023-05-02 10:00:00,28001.1,0,0
2023-05-02 11:00:00,28076.1,0,0
2023-05-02 12:00:00,28095.7,0,0
2023-05-02 13:00:00,27994.9,0,0
2023-05-02 14:00:00,28357.9,0,0
2023-05-02 15:00:00,28521.1,0,0
2023-05-02 16:00:00,28457.1,0,0
2023-05-02 17:00:00,28569.7,0,0
2023-05-02 18:00:00,28707.3,0,0
2023-05-02 19:00:00,28676.4,0,0
2023-05-02 20:00:00,28661.5,0,0
2023-05-02 21:00:00,28649.6,0,0
2023-05-02 22:00:00,28727.0,0,1
2023-05-02 23:00:00,28656.5,0,0
2023-05-03 00:00:00,28492.0,0,0
2023-05-03 01:00:00,28527.9,0,0
2023-05-03 02:00:00,28497.8,0,0
2023-05-03 03:00:00,28505.4,0,0
2023-05-03 04:00:00,28499.9,0,0
2023-05-03 05:00:00,28467.8,0,0
2023-05-03 06:00:00,28589.5,0,0
2023-05-03 07:00:00,28638.3,0,0
2023-05-03 08:00:00,28676.8,0,0
2023-05-03 09:00:00,28653.3,0,0
2023-05-03 10:00:00,28565.4,0,0
2023-05-03 11:00:00,28535.1,0,0
2023-05-03 12:00:00,28296.4,0,0
2023-05-03 13:00:00,28359.1,0,0
2023-05-03 14:00:00,28206.6,1,0
2023-05-03 15:00:00,28292.7,0,0
2023-05-03 16:00:00,28464.7,0,0
2023-05-03 17:00:00,28559.3,0,0
2023-05-03 18:00:00,28429.2,0,0
2023-05-03 19:00:00,28308.8,0,0
2023-05-03 20:00:00,28503.4,0,0
2023-05-03 21:00:00,28915.0,0,0
2023-05-03 22:00:00,29096.0,0,0
2023-05-03 23:00:00,29018.4,0,0
2023-05-04 00:00:00,29030.0,0,0
2023-05-04 01:00:00,29057.4,0,0
2023-05-04 02:00:00,29052.4,0,0
2023-05-04 03:00:00,29084.7,0,0
2023-05-04 04:00:00,29089.8,0,0
2023-05-04 05:00:00,29191.0,0,0
2023-05-04 06:00:00,29149.3,0,0
2023-05-04 07:00:00,29048.6,0,0
2023-05-04 08:00:00,29076.8,0,0
2023-05-04 09:00:00,29079.5,0,0
2023-05-04 10:00:00,29234.6,0,1
2023-05-04 11:00:00,29145.0,0,0
2023-05-04 12:00:00,29045.0,0,0
2023-05-04 13:00:00,28745.6,1,0
2023-05-04 14:00:00,28770.0,0,0
2023-05-04 15:00:00,28850.0,0,0
2023-05-04 16:00:00,28909.4,0,0
2023-05-04 17:00:00,28830.9,0,0
2023-05-04 18:00:00,28786.1,0,0
2023-05-04 19:00:00,28883.2,0,0
2023-05-04 20:00:00,28856.8,0,0
2023-05-04 21:00:00,28830.0,0,0
2023-05-04 22:00:00,28762.8,0,0
2023-05-04 23:00:00,28826.0,0,0
2023-05-05 00:00:00,28923.6,0,0
2023-05-05 01:00:00,29314.9,0,1
2023-05-05 02:00:00,29233.0,0,0
2023-05-05 03:00:00,29187.0,0,0
2023-05-05 04:00:00,29213.8,0,0
2023-05-05 05:00:00,29187.0,0,0
2023-05-05 06:00:00,29152.6,0,0
2023-05-05 07:00:00,29059.0,0,0
2023-05-05 08:00:00,29046.0,0,0
2023-05-05 09:00:00,29089.9,0,0
2023-05-05 10:00:00,29095.5,0,0
2023-05-05 11:00:00,29137.5,0,0
2023-05-05 12:00:00,28939.1,1,0
2023-05-05 13:00:00,29163.7,0,0
2023-05-05 14:00:00,29244.8,0,0
2023-05-05 15:00:00,29347.4,0,0
2023-05-05 16:00:00,29580.0,0,0
2023-05-05 17:00:00,29455.3,0,0
2023-05-05 18:00:00,29391.2,0,0
2023-05-05 19:00:00,29548.7,0,0
2023-05-05 20:00:00,29483.0,0,0
2023-05-05 21:00:00,29475.2,0,0
2023-05-05 22:00:00,29579.9,0,0
2023-05-05 23:00:00,29491.5,0,0
2023-05-06 00:00:00,29657.3,0,1
2023-05-06 01:00:00,29535.2,0,0
2023-05-06 02:00:00,29457.8,0,0
2023-05-06 03:00:00,29360.1,0,0
2023-05-06 04:00:00,29342.6,0,0
2023-05-06 05:00:00,29340.4,0,0
2023-05-06 06:00:00,29376.1,0,0
2023-05-06 07:00:00,29350.2,0,0
2023-05-06 08:00:00,29320.7,0,0
2023-05-06 09:00:00,29276.1,0,0
2023-05-06 10:00:00,29236.4,0,0
2023-05-06 11:00:00,29264.5,0,0
2023-05-06 12:00:00,29088.0,0,0
2023-05-06 13:00:00,28937.3,0,0
2023-05-06 14:00:00,28591.0,0,0
2023-05-06 15:00:00,28557.9,1,0
2023-05-06 16:00:00,28684.9,0,0
2023-05-06 17:00:00,28757.7,0,0
2023-05-06 18:00:00,28901.3,0,0
2023-05-06 19:00:00,28831.9,0,0
2023-05-06 20:00:00,28783.5,0,0
2023-05-06 21:00:00,28797.3,0,0
2023-05-06 22:00:00,28816.8,0,0
2023-05-06 23:00:00,28837.8,0,0
2023-05-07 00:00:00,28929.5,0,0
2023-05-07 01:00:00,28875.9,0,0
2023-05-07 02:00:00,28803.8,0,0
2023-05-07 03:00:00,28790.8,0,0
2023-05-07 04:00:00,28828.8,0,0
2023-05-07 05:00:00,28870.0,0,0
2023-05-07 06:00:00,28899.4,0,0
2023-05-07 07:00:00,28891.9,0,0
2023-05-07 08:00:00,28845.4,0,0
2023-05-07 09:00:00,28806.0,0,0
2023-05-07 10:00:00,28837.0,0,0
2023-05-07 11:00:00,28826.5,0,0
2023-05-07 12:00:00,28905.1,0,0
2023-05-07 13:00:00,28908.7,0,0
2023-05-07 14:00:00,29031.9,0,1
2023-05-07 15:00:00,28933.1,0,0
2023-05-07 16:00:00,28940.9,0,0
2023-05-07 17:00:00,28888.6,0,0
2023-05-07 18:00:00,28843.4,0,0
2023-05-07 19:00:00,28894.0,0,0
2023-05-07 20:00:00,28901.7,0,0
2023-05-07 21:00:00,28757.8,0,0
2023-05-07 22:00:00,28727.6,0,0
2023-05-07 23:00:00,28419.4,0,0
2023-05-08 00:00:00,28563.5,0,0
2023-05-08 01:00:00,28207.9,0,0
2023-05-08 02:00:00,28267.8,0,0
2023-05-08 03:00:00,28188.0,0,0
2023-05-08 04:00:00,28110.2,0,0
2023-05-08 05:00:00,28243.8,0,0
2023-05-08 06:00:00,28158.2,0,0
2023-05-08 07:00:00,27957.8,0,0
2023-05-08 08:00:00,27690.9,0,0
2023-05-08 09:00:00,27900.0,0,0
2023-05-08 10:00:00,27923.4,0,0
2023-05-08 11:00:00,27922.2,0,0
2023-05-08 12:00:00,27756.8,0,0
2023-05-08 13:00:00,27844.6,0,0
2023-05-08 14:00:00,27958.1,0,0
2023-05-08 15:00:00,27874.1,0,0
2023-05-08 16:00:00,27858.0,0,0
2023-05-08 17:00:00,27522.9,0,0
2023-05-08 18:00:00,27465.3,0,0
2023-05-08 19:00:00,27329.1,1,0
2023-05-08 20:00:00,27519.0,0,0
2023-05-08 21:00:00,27531.2,0,0
2023-05-08 22:00:00,27638.5,0,0
2023-05-08 23:00:00,27659.8,0,0
2023-05-09 00:00:00,27568.2,0,0
2023-05-09 01:00:00,27687.3,0,0
2023-05-09 02:00:00,27628.4,0,0
2023-05-09 03:00:00,27612.5,0,0
2023-05-09 04:00:00,27598.0,0,0
2023-05-09 05:00:00,27540.2,0,0
2023-05-09 06:00:00,27535.0,0,0
2023-05-09 07:00:00,27649.3,0,0
2023-05-09 08:00:00,27556.9,0,0
2023-05-09 09:00:00,27569.4,0,0
2023-05-09 10:00:00,27573.7,0,0
2023-05-09 11:00:00,27663.9,0,0
2023-05-09 12:00:00,27744.9,0,1
2023-05-09 13:00:00,27605.4,0,0
2023-05-09 14:00:00,27523.1,0,0
2023-05-09 15:00:00,27385.8,1,0
2023-05-09 16:00:00,27691.2,0,0
2023-05-09 17:00:00,27605.5,0,0
2023-05-09 18:00:00,27546.0,0,0
2023-05-09 19:00:00,27704.7,0,0
2023-05-09 20:00:00,27636.0,0,0
2023-05-09 21:00:00,27589.7,0,0
2023-05-09 22:00:00,27564.0,0,0
2023-05-09 23:00:00,27610.2,0,0
2023-05-10 00:00:00,27736.0,0,0
2023-05-10 01:00:00,27685.2,0,0
2023-05-10 02:00:00,27662.7,0,0
2023-05-10 03:00:00,27668.8,0,0
2023-05-10 04:00:00,27673.6,0,0
2023-05-10 05:00:00,27646.1,0,0
2023-05-10 06:00:00,27613.4,0,0
2023-05-10 07:00:00,27532.4,0,0
2023-05-10 08:00:00,27560.4,0,0
2023-05-10 09:00:00,27566.7,0,0
2023-05-10 10:00:00,27579.2,0,0
2023-05-10 11:00:00,27660.7,0,0
2023-05-10 12:00:00,28160.1,0,0
2023-05-10 13:00:00,28153.7,0,0
2023-05-10 14:00:00,28078.0,0,0
2023-05-10 15:00:00,28141.2,0,0
2023-05-10 16:00:00,28166.6,0,1
2023-05-10 17:00:00,27481.1,0,0
2023-05-10 18:00:00,27417.0,1,0
2023-05-10 19:00:00,27683.6,0,0
2023-05-10 20:00:00,27848.3,0,1
2023-05-10 21:00:00,27497.5,0,0
2023-05-10 22:00:00,27655.5,0,0
2023-05-10 23:00:00,27582.9,0,0
2023-05-11 00:00:00,27500.0,0,0
2023-05-11 01:00:00,27543.5,0,0
2023-05-11 02:00:00,27495.9,0,0
2023-05-11 03:00:00,27435.1,0,0
2023-05-11 04:00:00,27484.0,0,0
2023-05-11 05:00:00,27515.4,0,0
2023-05-11 06:00:00,27489.2,0,0
2023-05-11 07:00:00,27437.5,0,0
2023-05-11 08:00:00,27381.9,0,0
2023-05-11 09:00:00,27404.4,0,0
2023-05-11 10:00:00,27446.6,0,0
2023-05-11 11:00:00,27393.2,0,0
2023-05-11 12:00:00,27385.3,0,0
2023-05-11 13:00:00,27197.0,0,0
2023-05-11 14:00:00,27111.2,0,0
2023-05-11 15:00:00,27166.3,0,0
2023-05-11 16:00:00,27115.1,0,0
2023-05-11 17:00:00,26894.1,0,0
2023-05-11 18:00:00,26950.8,0,0
2023-05-11 19:00:00,26831.4,0,0
2023-05-11 20:00:00,26981.9,0,0
2023-05-11 21:00:00,26966.2,0,0
2023-05-11 22:00:00,26890.1,0,0
2023-05-11 23:00:00,26956.4,0,0
2023-05-12 00:00:00,27019.9,0,0
2023-05-12 01:00:00,26865.1,0,0
2023-05-12 02:00:00,26631.9,0,0
2023-05-12 03:00:00,26574.8,0,0
2023-05-12 04:00:00,26644.6,0,0
2023-05-12 05:00:00,26261.3,1,0
2023-05-12 06:00:00,26287.2,0,0
2023-05-12 07:00:00,26294.1,0,0
2023-05-12 08:00:00,26277.2,0,0
2023-05-12 09:00:00,26368.6,0,0
2023-05-12 10:00:00,26327.5,0,0
2023-05-12 11:00:00,26333.0,0,0
2023-05-12 12:00:00,26397.3,0,0
2023-05-12 13:00:00,26436.2,0,0
2023-05-12 14:00:00,26302.1,0,0
2023-05-12 15:00:00,26307.7,0,0
2023-05-12 16:00:00,26281.5,0,0
2023-05-12 17:00:00,26288.6,0,0
2023-05-12 18:00:00,26290.0,0,0
2023-05-12 19:00:00,26445.2,0,0
2023-05-12 20:00:00,26425.6,0,0
2023-05-12 21:00:00,26733.2,0,0
2023-05-12 22:00:00,26675.7,0,0
2023-05-12 23:00:00,26785.1,0,0
2023-05-13 00:00:00,26825.7,0,0
2023-05-13 01:00:00,26818.1,0,0
2023-05-13 02:00:00,26767.5,0,0
2023-05-13 03:00:00,26794.6,0,0
2023-05-13 04:00:00,26785.0,0,0
2023-05-13 05:00:00,26731.2,0,0
2023-05-13 06:00:00,26722.0,0,0
2023-05-13 07:00:00,26759.3,0,0
2023-05-13 08:00:00,26787.0,0,0
2023-05-13 09:00:00,26828.0,0,0
2023-05-13 10:00:00,26817.8,0,0
2023-05-13 11:00:00,26814.3,0,0
2023-05-13 12:00:00,26809.4,0,0
2023-05-13 13:00:00,26810.7,0,0
2023-05-13 14:00:00,26780.9,0,0
2023-05-13 15:00:00,26802.0,0,0
2023-05-13 16:00:00,26810.0,0,0
2023-05-13 17:00:00,26801.3,0,0
2023-05-13 18:00:00,26773.0,0,0
2023-05-13 19:00:00,26822.6,0,0
2023-05-13 20:00:00,26891.6,0,0
2023-05-13 21:00:00,26848.0,0,0
2023-05-13 22:00:00,26879.2,0,0
2023-05-13 23:00:00,26762.7,0,0
2023-05-14 00:00:00,26731.4,0,0
2023-05-14 01:00:00,26720.9,0,0
2023-05-14 02:00:00,26799.0,0,0
2023-05-14 03:00:00,26853.6,0,0
2023-05-14 04:00:00,26813.1,0,0
2023-05-14 05:00:00,26817.0,0,0
2023-05-14 06:00:00,26829.0,0,0
2023-05-14 07:00:00,26839.9,0,0
2023-05-14 08:00:00,26831.8,0,0
2023-05-14 09:00:00,26825.9,0,0
2023-05-14 10:00:00,26817.6,0,0
2023-05-14 11:00:00,26794.8,0,0
2023-05-14 12:00:00,26861.1,0,0
2023-05-14 13:00:00,26898.0,0,0
2023-05-14 14:00:00,26950.1,0,0
2023-05-14 15:00:00,27071.4,0,0
2023-05-14 16:00:00,26942.0,0,0
2023-05-14 17:00:00,26929.2,0,0
2023-05-14 18:00:00,26909.0,0,0
2023-05-14 19:00:00,26865.0,0,0
2023-05-14 20:00:00,26927.7,0,0
2023-05-14 21:00:00,26895.9,0,0
2023-05-14 22:00:00,26888.2,0,0
2023-05-14 23:00:00,26901.9,0,0
2023-05-15 00:00:00,26787.8,0,0
2023-05-15 01:00:00,27191.5,0,0
2023-05-15 02:00:00,27144.1,0,0
2023-05-15 03:00:00,27216.3,0,0
2023-05-15 04:00:00,27271.8,0,0
2023-05-15 05:00:00,27322.4,0,0
2023-05-15 06:00:00,27463.7,0,0
2023-05-15 07:00:00,27398.6,0,0
2023-05-15 08:00:00,27422.1,0,0
2023-05-15 09:00:00,27377.9,0,0
2023-05-15 10:00:00,27398.1,0,0
2023-05-15 11:00:00,27323.2,0,0
2023-05-15 12:00:00,27380.8,0,0
2023-05-15 13:00:00,27361.6,0,0
2023-05-15 14:00:00,27390.8,0,0
2023-05-15 15:00:00,27383.0,0,0
2023-05-15 16:00:00,27467.6,0,0
2023-05-15 17:00:00,27493.0,0,1
2023-05-15 18:00:00,27420.0,0,0
2023-05-15 19:00:00,27410.1,0,0
2023-05-15 20:00:00,27338.5,0,0
2023-05-15 21:00:00,27352.4,0,0
2023-05-15 22:00:00,27298.5,0,0
2023-05-15 23:00:00,27152.5,0,0
2023-05-16 00:00:00,27194.1,0,0
2023-05-16 01:00:00,27008.9,0,0
2023-05-16 02:00:00,27067.0,0,0
2023-05-16 03:00:00,27118.7,0,0
2023-05-16 04:00:00,27100.3,0,0
2023-05-16 05:00:00,27050.1,0,0
2023-05-16 06:00:00,27051.2,0,0
2023-05-16 07:00:00,27240.6,0,0
2023-05-16 08:00:00,27190.5,0,0
2023-05-16 09:00:00,27080.6,0,0
2023-05-16 10:00:00,27001.1,0,0
2023-05-16 11:00:00,27049.3,0,0
2023-05-16 12:00:00,27047.3,0,0
2023-05-16 13:00:00,26969.6,0,0
2023-05-16 14:00:00,26973.9,0,0
2023-05-16 15:00:00,27027.9,0,0
2023-05-16 16:00:00,27043.6,0,0
2023-05-16 17:00:00,27074.4,0,0
2023-05-16 18:00:00,27040.6,0,0
2023-05-16 19:00:00,26917.9,0,0
2023-05-16 20:00:00,26942.0,0,0
2023-05-16 21:00:00,27001.6,0,0
2023-05-16 22:00:00,26989.2,0,0
2023-05-16 23:00:00,27024.8,0,0
2023-05-17 00:00:00,27087.4,0,0
2023-05-17 01:00:00,27160.1,0,0
2023-05-17 02:00:00,27051.3,0,0
2023-05-17 03:00:00,27052.1,0,0
2023-05-17 04:00:00,27059.1,0,0
2023-05-17 05:00:00,26978.2,0,0
2023-05-17 06:00:00,26985.9,0,0
2023-05-17 07:00:00,26831.9,0,0
2023-05-17 08:00:00,26803.8,0,0
2023-05-17 09:00:00,26861.1,0,0
2023-05-17 10:00:00,26855.3,0,0
2023-05-17 11:00:00,26626.5,0,0
2023-05-17 12:00:00,26659.8,0,0
2023-05-17 13:00:00,26618.7,1,0
2023-05-17 14:00:00,26770.2,0,0
2023-05-17 15:00:00,26788.0,0,0
2023-05-17 16:00:00,26891.8,0,0
2023-05-17 17:00:00,27077.0,0,0
2023-05-17 18:00:00,27081.7,0,0
2023-05-17 19:00:00,27377.1,0,0
2023-05-17 20:00:00,27330.3,0,0
2023-05-17 21:00:00,27356.9,0,0
2023-05-17 22:00:00,27322.1,0,0
2023-05-17 23:00:00,27395.8,0,1
2023-05-18 00:00:00,27348.1,0,0
2023-05-18 01:00:00,27312.5,0,0
2023-05-18 02:00:00,27337.6,0,0
2023-05-18 03:00:00,27357.3,0,0
2023-05-18 04:00:00,27292.2,0,0
2023-05-18 05:00:00,27211.3,0,0
2023-05-18 06:00:00,27196.5,0,0
2023-05-18 07:00:00,27375.1,0,0
2023-05-18 08:00:00,27372.8,0,0
2023-05-18 09:00:00,27392.6,0,0
2023-05-18 10:00:00,27337.2,0,0
2023-05-18 11:00:00,27391.9,0,0
2023-05-18 12:00:00,27224.6,0,0
2023-05-18 13:00:00,27246.4,0,0
2023-05-18 14:00:00,27236.0,0,0
2023-05-18 15:00:00,27075.2,0,0
2023-05-18 16:00:00,27060.1,0,0
2023-05-18 17:00:00,26475.2,1,0
2023-05-18 18:00:00,26600.5,0,0
2023-05-18 19:00:00,26719.3,0,0
2023-05-18 20:00:00,26708.7,0,0
2023-05-18 21:00:00,26901.4,0,0
2023-05-18 22:00:00,26879.6,0,0
2023-05-18 23:00:00,26809.3,0,0
2023-05-19 00:00:00,26871.1,0,0
2023-05-19 01:00:00,26798.9,0,0
2023-05-19 02:00:00,26792.5,0,0
2023-05-19 03:00:00,26825.0,0,0
2023-05-19 04:00:00,26863.6,0,0
2023-05-19 05:00:00,26864.1,0,0
2023-05-19 06:00:00,26891.0,0,0
2023-05-19 07:00:00,26841.9,0,0
2023-05-19 08:00:00,26874.1,0,0
2023-05-19 09:00:00,26831.2,0,0
2023-05-19 10:00:00,26810.9,0,0
2023-05-19 11:00:00,26843.8,0,0
2023-05-19 12:00:00,26897.2,0,0
2023-05-19 13:00:00,26852.9,0,0
2023-05-19 14:00:00,26826.1,0,0
2023-05-19 15:00:00,26869.9,0,0
2023-05-19 16:00:00,26822.4,0,0
2023-05-19 17:00:00,26904.4,0,0
2023-05-19 18:00:00,26876.6,0,0
2023-05-19 19:00:00,26826.4,0,0
2023-05-19 20:00:00,26819.8,0,0
2023-05-19 21:00:00,26897.1,0,0
2023-05-19 22:00:00,26861.6,0,0
2023-05-19 23:00:00,26870.1,0,0
2023-05-20 00:00:00,26834.6,0,0
2023-05-20 01:00:00,26849.9,0,0
2023-05-20 02:00:00,26826.4,0,0
2023-05-20 03:00:00,26849.2,0,0
2023-05-20 04:00:00,26862.0,0,0
2023-05-20 05:00:00,26853.7,0,0
2023-05-20 06:00:00,26840.6,0,0
2023-05-20 07:00:00,26841.8,0,0
2023-05-20 08:00:00,26894.5,0,0
2023-05-20 09:00:00,26871.8,0,0
2023-05-20 10:00:00,26876.0,0,0
2023-05-20 11:00:00,26868.6,0,0
2023-05-20 12:00:00,26882.9,0,0
2023-05-20 13:00:00,26878.9,0,0
2023-05-20 14:00:00,26905.9,0,0
2023-05-20 15:00:00,26936.0,0,0
2023-05-20 16:00:00,26906.4,0,0
2023-05-20 17:00:00,27130.0,0,0
2023-05-20 18:00:00,27019.0,0,0
2023-05-20 19:00:00,27054.3,0,0
2023-05-20 20:00:00,27002.2,0,0
2023-05-20 21:00:00,27023.8,0,0
2023-05-20 22:00:00,27054.9,0,0
2023-05-20 23:00:00,27089.5,0,0
2023-05-21 00:00:00,27228.9,0,1
2023-05-21 01:00:00,27149.2,0,0
2023-05-21 02:00:00,27158.7,0,0
2023-05-21 03:00:00,27166.5,0,0
2023-05-21 04:00:00,27115.4,0,0
2023-05-21 05:00:00,27086.8,0,0
2023-05-21 06:00:00,27071.7,0,0
2023-05-21 07:00:00,27044.5,0,0
2023-05-21 08:00:00,27035.8,0,0
2023-05-21 09:00:00,27068.2,0,0
2023-05-21 10:00:00,26946.7,0,0
2023-05-21 11:00:00,26818.1,0,0
2023-05-21 12:00:00,26917.2,0,0
2023-05-21 13:00:00,26880.2,0,0
2023-05-21 14:00:00,26887.9,0,0
2023-05-21 15:00:00,26885.0,0,0
2023-05-21 16:00:00,26874.0,0,0
2023-05-21 17:00:00,26857.7,0,0
2023-05-21 18:00:00,26860.0,0,0
2023-05-21 19:00:00,26889.2,0,0
2023-05-21 20:00:00,26828.7,0,0
2023-05-21 21:00:00,26735.3,0,0
2023-05-21 22:00:00,26740.0,0,0
2023-05-21 23:00:00,26732.8,0,0
2023-05-22 00:00:00,26641.8,0,0
2023-05-22 01:00:00,26573.1,1,0
2023-05-22 02:00:00,26640.7,0,0
2023-05-22 03:00:00,26637.7,0,0
2023-05-22 04:00:00,26680.6,0,0
2023-05-22 05:00:00,26743.0,0,0
2023-05-22 06:00:00,26809.7,0,0
2023-05-22 07:00:00,26830.7,0,0
2023-05-22 08:00:00,26810.3,0,0
2023-05-22 09:00:00,26848.5,0,0
2023-05-22 10:00:00,26820.9,0,0
2023-05-22 11:00:00,26819.9,0,0
2023-05-22 12:00:00,26718.0,0,0
2023-05-22 13:00:00,26995.3,0,0
2023-05-22 14:00:00,26945.8,0,0
2023-05-22 15:00:00,26863.2,0,0
2023-05-22 16:00:00,26862.5,0,0
2023-05-22 17:00:00,26842.7,0,0
2023-05-22 18:00:00,26873.6,0,0
2023-05-22 19:00:00,26857.0,0,0
2023-05-22 20:00:00,26879.7,0,0
2023-05-22 21:00:00,26892.8,0,0
2023-05-22 22:00:00,26857.5,0,0
2023-05-22 23:00:00,26840.2,0,0
2023-05-23 00:00:00,26815.5,0,0
2023-05-23 01:00:00,26982.2,0,0
2023-05-23 02:00:00,27119.3,0,0
2023-05-23 03:00:00,27354.6,0,0
2023-05-23 04:00:00,27372.7,0,0
2023-05-23 05:00:00,27375.0,0,1
2023-05-23 06:00:00,27284.4,0,0
2023-05-23 07:00:00,27295.8,0,0
2023-05-23 08:00:00,27322.9,0,0
2023-05-23 09:00:00,27262.0,0,0
2023-05-23 10:00:00,27323.0,0,0
2023-05-23 11:00:00,27326.9,0,0
2023-05-23 12:00:00,27271.8,0,0
2023-05-23 13:00:00,27229.8,0,0
2023-05-23 14:00:00,27310.8,0,0
2023-05-23 15:00:00,27310.7,0,0
2023-05-23 16:00:00,27219.3,0,0
2023-05-23 17:00:00,27193.1,0,0
2023-05-23 18:00:00,27130.3,0,0
2023-05-23 19:00:00,27171.6,0,0
2023-05-23 20:00:00,27206.1,0,0
2023-05-23 21:00:00,27187.3,0,0
2023-05-23 22:00:00,27189.1,0,0
2023-05-23 23:00:00,27209.9,0,0
2023-05-24 00:00:00,27145.8,0,0
2023-05-24 01:00:00,27125.6,0,0
2023-05-24 02:00:00,27153.2,0,0
2023-05-24 03:00:00,26770.0,0,0
2023-05-24 04:00:00,26791.3,0,0
2023-05-24 05:00:00,26762.3,0,0
2023-05-24 06:00:00,26699.9,0,0
2023-05-24 07:00:00,26664.2,0,0
2023-05-24 08:00:00,26737.7,0,0
2023-05-24 09:00:00,26736.4,0,0
2023-05-24 10:00:00,26715.3,0,0
2023-05-24 11:00:00,26731.7,0,0
2023-05-24 12:00:00,26681.2,0,0
2023-05-24 13:00:00,26432.0,0,0
2023-05-24 14:00:00,26247.6,0,0
2023-05-24 15:00:00,26306.9,0,0
2023-05-24 16:00:00,26230.0,0,0
2023-05-24 17:00:00,26270.7,0,0
2023-05-24 18:00:00,26207.6,0,0
2023-05-24 19:00:00,26241.6,0,0
2023-05-24 20:00:00,26391.0,0,0
2023-05-24 21:00:00,26356.2,0,0
2023-05-24 22:00:00,26337.2,0,0
2023-05-24 23:00:00,26313.8,0,0
2023-05-25 00:00:00,26228.3,0,0
2023-05-25 01:00:00,26115.7,0,0
2023-05-25 02:00:00,26114.3,1,0
2023-05-25 03:00:00,26171.0,0,0
2023-05-25 04:00:00,26212.9,0,0
2023-05-25 05:00:00,26251.1,0,0
2023-05-25 06:00:00,26253.2,0,0
2023-05-25 07:00:00,26118.9,0,0
2023-05-25 08:00:00,26211.8,0,0
2023-05-25 09:00:00,26271.4,0,0
2023-05-25 10:00:00,26238.0,0,0
2023-05-25 11:00:00,26282.5,0,0
2023-05-25 12:00:00,26392.0,0,0
2023-05-25 13:00:00,26327.0,0,0
2023-05-25 14:00:00,26357.9,0,0
2023-05-25 15:00:00,26216.9,0,0
2023-05-25 16:00:00,26262.6,0,0
2023-05-25 17:00:00,26342.6,0,0
2023-05-25 18:00:00,26367.9,0,0
2023-05-25 19:00:00,26457.9,0,0
2023-05-25 20:00:00,26475.9,0,0
2023-05-25 21:00:00,26465.9,0,0
2023-05-25 22:00:00,26445.5,0,0
2023-05-25 23:00:00,26461.8,0,0
2023-05-26 00:00:00,26461.0,0,0
2023-05-26 01:00:00,26403.6,0,0
2023-05-26 02:00:00,26392.3,0,0
2023-05-26 03:00:00,26425.7,0,0
2023-05-26 04:00:00,26420.0,0,0
2023-05-26 05:00:00,26340.0,0,0
2023-05-26 06:00:00,26424.1,0,0
2023-05-26 07:00:00,26491.3,0,0
2023-05-26 08:00:00,26461.6,0,0
2023-05-26 09:00:00,26437.9,0,0
2023-05-26 10:00:00,26443.2,0,0
2023-05-26 11:00:00,26451.9,0,0
2023-05-26 12:00:00,26430.7,0,0
2023-05-26 13:00:00,26529.9,0,0
2023-05-26 14:00:00,26746.6,0,0
2023-05-26 15:00:00,26737.5,0,0
2023-05-26 16:00:00,26778.1,0,0
2023-05-26 17:00:00,26707.1,0,0
2023-05-26 18:00:00,26717.6,0,0
2023-05-26 19:00:00,26755.2,0,0
2023-05-26 20:00:00,26735.5,0,0
2023-05-26 21:00:00,26711.4,0,0
2023-05-26 22:00:00,26670.0,0,0
2023-05-26 23:00:00,26689.9,0,0
2023-05-27 00:00:00,26644.0,0,0
2023-05-27 01:00:00,26705.8,0,0
2023-05-27 02:00:00,26734.9,0,0
2023-05-27 03:00:00,26739.5,0,0
2023-05-27 04:00:00,26746.6,0,0
2023-05-27 05:00:00,26714.9,0,0
2023-05-27 06:00:00,26736.2,0,0
2023-05-27 07:00:00,26715.3,0,0
2023-05-27 08:00:00,26677.1,0,0
2023-05-27 09:00:00,26686.5,0,0
2023-05-27 10:00:00,26669.5,0,0
2023-05-27 11:00:00,26687.7,0,0
2023-05-27 12:00:00,26700.0,0,0
2023-05-27 13:00:00,26617.8,0,0
2023-05-27 14:00:00,26658.8,0,0
2023-05-27 15:00:00,26682.1,0,0
2023-05-27 16:00:00,26654.1,0,0
2023-05-27 17:00:00,26750.0,0,0
2023-05-27 18:00:00,26689.6,0,0
2023-05-27 19:00:00,26721.6,0,0
2023-05-27 20:00:00,26744.0,0,0
2023-05-27 21:00:00,26759.4,0,0
2023-05-27 22:00:00,26790.7,0,0
2023-05-27 23:00:00,26841.6,0,0
2023-05-28 00:00:00,27063.3,0,0
2023-05-28 01:00:00,27080.1,0,0
2023-05-28 02:00:00,27089.4,0,0
2023-05-28 03:00:00,27174.4,0,0
2023-05-28 04:00:00,27157.0,0,0
2023-05-28 05:00:00,27154.3,0,0
2023-05-28 06:00:00,27175.6,0,0
2023-05-28 07:00:00,27218.9,0,0
2023-05-28 08:00:00,27188.7,0,0
2023-05-28 09:00:00,27148.2,0,0
2023-05-28 10:00:00,27203.9,0,0
2023-05-28 11:00:00,27146.0,0,0
2023-05-28 12:00:00,27132.9,0,0
2023-05-28 13:00:00,27173.2,0,0
2023-05-28 14:00:00,27178.2,0,0
2023-05-28 15:00:00,27264.1,0,0
2023-05-28 16:00:00,27242.9,0,0
2023-05-28 17:00:00,27338.1,0,0
2023-05-28 18:00:00,27577.4,0,0
2023-05-28 19:00:00,27518.4,0,0
2023-05-28 20:00:00,27546.1,0,0
2023-05-28 21:00:00,27828.5,0,0
2023-05-28 22:00:00,28079.4,0,0
2023-05-28 23:00:00,28055.7,0,0
2023-05-29 00:00:00,28188.6,0,1
2023-05-29 01:00:00,28160.0,0,0
2023-05-29 02:00:00,28085.4,0,0
2023-05-29 03:00:00,27947.9,0,0
2023-05-29 04:00:00,27944.7,0,0
2023-05-29 05:00:00,27983.3,0,0
2023-05-29 06:00:00,28000.0,0,0
2023-05-29 07:00:00,27895.0,0,0
2023-05-29 08:00:00,27892.6,0,0
2023-05-29 09:00:00,27932.6,0,0
2023-05-29 10:00:00,27852.9,0,0
2023-05-29 11:00:00,27908.1,0,0
2023-05-29 12:00:00,27871.0,0,0
2023-05-29 13:00:00,27892.8,0,0
2023-05-29 14:00:00,27782.0,0,0
2023-05-29 15:00:00,27622.1,0,0
2023-05-29 16:00:00,27593.6,1,0
2023-05-29 17:00:00,27682.0,0,0
2023-05-29 18:00:00,27630.0,0,0
2023-05-29 19:00:00,27624.0,0,0
2023-05-29 20:00:00,27670.1,0,0
2023-05-29 21:00:00,27653.4,0,0
2023-05-29 22:00:00,27678.7,0,0
2023-05-29 23:00:00,27722.0,0,0
2023-05-30 00:00:00,27701.3,0,0
2023-05-30 01:00:00,27756.3,0,0
2023-05-30 02:00:00,27770.0,0,0
2023-05-30 03:00:00,27815.0,0,0
2023-05-30 04:00:00,27767.0,0,0
2023-05-30 05:00:00,27741.7,0,0
2023-05-30 06:00:00,27785.0,0,0
2023-05-30 07:00:00,27721.0,0,0
2023-05-30 08:00:00,27769.9,0,0
2023-05-30 09:00:00,27840.0,0,0
2023-05-30 10:00:00,27887.0,0,0
2023-05-30 11:00:00,28005.9,0,1
2023-05-30 12:00:00,27887.1,0,0
2023-05-30 13:00:00,27788.0,0,0
2023-05-30 14:00:00,27609.5,0,0
2023-05-30 15:00:00,27665.0,0,0
2023-05-30 16:00:00,27696.9,0,0
2023-05-30 17:00:00,27684.3,0,0
2023-05-30 18:00:00,27750.3,0,0
2023-05-30 19:00:00,27836.4,0,0
2023-05-30 20:00:00,27745.7,0,0
2023-05-30 21:00:00,27710.1,0,0
2023-05-30 22:00:00,27723.8,0,0
2023-05-30 23:00:00,27680.1,0,0
2023-05-31 00:00:00,27745.1,0,0
2023-05-31 01:00:00,27726.7,0,0
2023-05-31 02:00:00,27663.3,0,0
2023-05-31 03:00:00,27646.5,0,0
2023-05-31 04:00:00,27243.5,0,0
2023-05-31 05:00:00,27080.5,0,0
2023-05-31 06:00:00,27150.0,0,0
2023-05-31 07:00:00,27150.4,0,0
2023-05-31 08:00:00,27126.1,0,0
2023-05-31 09:00:00,27120.1,0,0
2023-05-31 10:00:00,27048.4,0,0
2023-05-31 11:00:00,27087.9,0,0
2023-05-31 12:00:00,27064.2,0,0
2023-05-31 13:00:00,27104.0,0,0
2023-05-31 14:00:00,27023.0,0,0
2023-05-31 15:00:00,26900.1,0,0
2023-05-31 16:00:00,26928.7,0,0
2023-05-31 17:00:00,27044.3,0,0
2023-05-31 18:00:00,27027.7,0,0
2023-05-31 19:00:00,26999.5,0,0
2023-05-31 20:00:00,27096.9,0,0
2023-05-31 21:00:00,27081.9,0,0
2023-05-31 22:00:00,27170.0,0,0
2023-05-31 23:00:00,27201.1,0,0
2023-06-01 00:00:00,27059.8,0,0
2023-06-01 01:00:00,27065.5,0,0
2023-06-01 02:00:00,26705.1,1,0
2023-06-01 03:00:00,26768.6,0,0
2023-06-01 04:00:00,26797.2,0,0
2023-06-01 05:00:00,26842.9,0,0
2023-06-01 06:00:00,26777.6,0,0
2023-06-01 07:00:00,26790.2,0,0
2023-06-01 08:00:00,26902.9,0,0
2023-06-01 09:00:00,26896.9,0,0
2023-06-01 10:00:00,26845.0,0,0
2023-06-01 11:00:00,26881.7,0,0
2023-06-01 12:00:00,26929.9,0,0
2023-06-01 13:00:00,26881.7,0,0
2023-06-01 14:00:00,26887.8,0,0
2023-06-01 15:00:00,26884.2,0,0
2023-06-01 16:00:00,27080.9,0,0
2023-06-01 17:00:00,26947.9,0,0
2023-06-01 18:00:00,26960.5,0,0
2023-06-01 19:00:00,26851.6,0,0
2023-06-01 20:00:00,26850.4,0,0
2023-06-01 21:00:00,26881.4,0,0
2023-06-01 22:00:00,26869.5,0,0
2023-06-01 23:00:00,26805.3,0,0
2023-06-02 00:00:00,26779.9,0,0
2023-06-02 01:00:00,26805.7,0,0
2023-06-02 02:00:00,26950.8,0,0
2023-06-02 03:00:00,26985.1,0,0
2023-06-02 04:00:00,27051.7,0,0
2023-06-02 05:00:00,27140.3,0,0
2023-06-02 06:00:00,27061.0,0,0
2023-06-02 07:00:00,27038.3,0,0
2023-06-02 08:00:00,27159.9,0,0
2023-06-02 09:00:00,27074.6,0,0
2023-06-02 10:00:00,27090.0,0,0
2023-06-02 11:00:00,27118.5,0,0
2023-06-02 12:00:00,27084.6,0,0
2023-06-02 13:00:00,26896.4,0,0
2023-06-02 14:00:00,26952.0,0,0
2023-06-02 15:00:00,27081.3,0,0
2023-06-02 16:00:00,27047.6,0,0
2023-06-02 17:00:00,27045.1,0,0
2023-06-02 18:00:00,27183.2,0,0
2023-06-02 19:00:00,27231.6,0,0
2023-06-02 20:00:00,27159.3,0,0
2023-06-02 21:00:00,27190.0,0,0
2023-06-02 22:00:00,27253.6,0,0
2023-06-02 23:00:00,27227.8,0,0
2023-06-03 00:00:00,27156.9,0,0
2023-06-03 01:00:00,27123.0,0,0
2023-06-03 02:00:00,27138.5,0,0
2023-06-03 03:00:00,27130.9,0,0
2023-06-03 04:00:00,27151.1,0,0
2023-06-03 05:00:00,27149.0,0,0
2023-06-03 06:00:00,27169.4,0,0
2023-06-03 07:00:00,27161.3,0,0
2023-06-03 08:00:00,27134.3,0,0
2023-06-03 09:00:00,27144.3,0,0
2023-06-03 10:00:00,27127.1,0,0
2023-06-03 11:00:00,27121.0,0,0
2023-06-03 12:00:00,27152.9,0,0
2023-06-03 13:00:00,27157.1,0,0
2023-06-03 14:00:00,27158.1,0,0
2023-06-03 15:00:00,27292.7,0,1
2023-06-03 16:00:00,27239.5,0,0
2023-06-03 17:00:00,27147.6,0,0
2023-06-03 18:00:00,27138.8,0,0
2023-06-03 19:00:00,27084.9,0,0
2023-06-03 20:00:00,27052.7,0,0
2023-06-03 21:00:00,26990.0,0,0
2023-06-03 22:00:00,27060.4,0,0
2023-06-03 23:00:00,27054.9,0,0
2023-06-04 00:00:00,26999.9,0,0
2023-06-04 01:00:00,27029.2,0,0
2023-06-04 02:00:00,27080.7,0,0
2023-06-04 03:00:00,27048.4,0,0
2023-06-04 04:00:00,27045.8,0,0
2023-06-04 05:00:00,27032.6,0,0
2023-06-04 06:00:00,27119.1,0,0
2023-06-04 07:00:00,27141.0,0,0
2023-06-04 08:00:00,27144.9,0,0
2023-06-04 09:00:00,27206.0,0,0
2023-06-04 10:00:00,27209.5,0,0
2023-06-04 11:00:00,27190.9,0,0
2023-06-04 12:00:00,27199.5,0,0
2023-06-04 13:00:00,27231.3,0,0
2023-06-04 14:00:00,27222.1,0,0
2023-06-04 15:00:00,27166.9,0,0
2023-06-04 16:00:00,27163.4,0,0
2023-06-04 17:00:00,27169.3,0,0
2023-06-04 18:00:00,27189.0,0,0
2023-06-04 19:00:00,27205.0,0,0
2023-06-04 20:00:00,27233.2,0,0
2023-06-04 21:00:00,27185.3,0,0
2023-06-04 22:00:00,27221.1,0,0
2023-06-04 23:00:00,27102.4,0,0
2023-06-05 00:00:00,27018.7,0,0
2023-06-05 01:00:00,27038.2,0,0
2023-06-05 02:00:00,26918.8,0,0
2023-06-05 03:00:00,26835.9,0,0
2023-06-05 04:00:00,26832.0,0,0
2023-06-05 05:00:00,26808.0,0,0
2023-06-05 06:00:00,26758.5,0,0
2023-06-05 07:00:00,26819.2,0,0
2023-06-05 08:00:00,26790.3,0,0
2023-06-05 09:00:00,26767.5,0,0
2023-06-05 10:00:00,26700.8,0,0
2023-06-05 11:00:00,26760.1,0,0
2023-06-05 12:00:00,26684.8,0,0
2023-06-05 13:00:00,26714.8,0,0
2023-06-05 14:00:00,26789.9,0,0
2023-06-05 15:00:00,25991.9,0,0
2023-06-05 16:00:00,25796.8,0,0
2023-06-05 17:00:00,25742.2,0,0
2023-06-05 18:00:00,25556.0,0,0
2023-06-05 19:00:00,25618.5,0,0
2023-06-05 20:00:00,25620.6,0,0
2023-06-05 21:00:00,25641.2,0,0
2023-06-05 22:00:00,25695.9,0,0
2023-06-05 23:00:00,25714.7,0,0
2023-06-06 00:00:00,25679.2,0,0
2023-06-06 01:00:00,25629.6,0,0
2023-06-06 02:00:00,25752.8,0,0
2023-06-06 03:00:00,25719.8,0,0
2023-06-06 04:00:00,25785.0,0,0
2023-06-06 05:00:00,25755.4,0,0
2023-06-06 06:00:00,25752.6,0,0
2023-06-06 07:00:00,25706.4,0,0
2023-06-06 08:00:00,25688.3,0,0
2023-06-06 09:00:00,25740.4,0,0
2023-06-06 10:00:00,25730.0,0,0
2023-06-06 11:00:00,25676.0,0,0
2023-06-06 12:00:00,25524.4,1,0
2023-06-06 13:00:00,25720.0,0,0
2023-06-06 14:00:00,26014.2,0,0
2023-06-06 15:00:00,26051.2,0,0
2023-06-06 16:00:00,26360.9,0,0
2023-06-06 17:00:00,26659.8,0,0
2023-06-06 18:00:00,26687.2,0,0
2023-06-06 19:00:00,27073.2,0,0
2023-06-06 20:00:00,26939.0,0,0
2023-06-06 21:00:00,27053.9,0,0
2023-06-06 22:00:00,27138.7,0,0
2023-06-06 23:00:00,27221.5,0,1
2023-06-07 00:00:00,27170.2,0,0
2023-06-07 01:00:00,27084.3,0,0
2023-06-07 02:00:00,26930.2,0,0
2023-06-07 03:00:00,26897.0,0,0
2023-06-07 04:00:00,26917.3,0,0
2023-06-07 05:00:00,26901.9,0,0
2023-06-07 06:00:00,26819.5,0,0
2023-06-07 07:00:00,26786.7,0,0
2023-06-07 08:00:00,26810.1,0,0
2023-06-07 09:00:00,26476.5,1,0
2023-06-07 10:00:00,26582.9,0,0
2023-06-07 11:00:00,26888.3,0,1
2023-06-07 12:00:00,26793.0,0,0
2023-06-07 13:00:00,26806.2,0,0
2023-06-07 14:00:00,26430.1,0,0
2023-06-07 15:00:00,26333.9,0,0
2023-06-07 16:00:00,26313.5,0,0
2023-06-07 17:00:00,26495.4,0,0
2023-06-07 18:00:00,26460.0,0,0
2023-06-07 19:00:00,26469.2,0,0
2023-06-07 20:00:00,26351.1,0,0
2023-06-07 21:00:00,26141.9,1,0
2023-06-07 22:00:00,26264.3,0,0
2023-06-07 23:00:00,26325.9,0,0
2023-06-08 00:00:00,26375.7,0,0
2023-06-08 01:00:00,26431.2,0,0
2023-06-08 02:00:00,26374.4,0,0
2023-06-08 03:00:00,26332.0,0,0
2023-06-08 04:00:00,26389.7,0,0
2023-06-08 05:00:00,26365.4,0,0
2023-06-08 06:00:00,26413.4,0,0
2023-06-08 07:00:00,26431.5,0,0
2023-06-08 08:00:00,26428.0,0,0
2023-06-08 09:00:00,26373.6,0,0
2023-06-08 10:00:00,26474.5,0,0
2023-06-08 11:00:00,26421.4,0,0
2023-06-08 12:00:00,26447.7,0,0
2023-06-08 13:00:00,26389.9,0,0
2023-06-08 14:00:00,26635.8,0,0
2023-06-08 15:00:00,26705.9,0,1
2023-06-08 16:00:00,26488.0,0,0
2023-06-08 17:00:00,26475.2,0,0
2023-06-08 18:00:00,26535.9,0,0
2023-06-08 19:00:00,26526.3,0,0
2023-06-08 20:00:00,26626.0,0,0
2023-06-08 21:00:00,26560.3,0,0
2023-06-08 22:00:00,26534.4,0,0
2023-06-08 23:00:00,26485.9,0,0
2023-06-09 00:00:00,26445.8,0,0
2023-06-09 01:00:00,26490.0,0,0
2023-06-09 02:00:00,26448.0,0,0
2023-06-09 03:00:00,26469.5,0,0
2023-06-09 04:00:00,26479.0,0,0
2023-06-09 05:00:00,26496.0,0,0
2023-06-09 06:00:00,26482.1,0,0
2023-06-09 07:00:00,26482.7,0,0
2023-06-09 08:00:00,26632.5,0,0
2023-06-09 09:00:00,26626.5,0,0
2023-06-09 10:00:00,26623.9,0,0
2023-06-09 11:00:00,26599.8,0,0
2023-06-09 12:00:00,26662.3,0,0
2023-06-09 13:00:00,26619.0,0,0
2023-06-09 14:00:00,26580.3,0,0
2023-06-09 15:00:00,26465.1,0,0
2023-06-09 16:00:00,26475.0,0,0
2023-06-09 17:00:00,26489.3,0,0
2023-06-09 18:00:00,26443.5,0,0
2023-06-09 19:00:00,26400.0,0,0
2023-06-09 20:00:00,26442.9,0,0
2023-06-09 21:00:00,26463.1,0,0
2023-06-09 22:00:00,26480.8,0,0
2023-06-09 23:00:00,26468.1,0,0
2023-06-10 00:00:00,26451.0,0,0
2023-06-10 01:00:00,26383.4,0,0
2023-06-10 02:00:00,26310.9,0,0
2023-06-10 03:00:00,26312.6,0,0
2023-06-10 04:00:00,25753.6,0,0
2023-06-10 05:00:00,25504.6,1,0
2023-06-10 06:00:00,25525.9,0,0
2023-06-10 07:00:00,25637.2,0,0
2023-06-10 08:00:00,25660.2,0,0
2023-06-10 09:00:00,25642.5,0,0
2023-06-10 10:00:00,25686.8,0,0
2023-06-10 11:00:00,25718.7,0,0
2023-06-10 12:00:00,25601.9,0,0
2023-06-10 13:00:00,25644.9,0,0
2023-06-10 14:00:00,25657.1,0,0
2023-06-10 15:00:00,25620.0,0,0
2023-06-10 16:00:00,25580.5,0,0
2023-06-10 17:00:00,26010.0,0,1
2023-06-10 18:00:00,25529.2,1,0
2023-06-10 19:00:00,25738.2,0,0
2023-06-10 20:00:00,25740.7,0,0
2023-06-10 21:00:00,25751.1,0,0
2023-06-10 22:00:00,25863.2,0,0
2023-06-10 23:00:00,25826.6,0,0
2023-06-11 00:00:00,25739.3,0,0
2023-06-11 01:00:00,25814.5,0,0
2023-06-11 02:00:00,25756.0,0,0
2023-06-11 03:00:00,25714.7,0,0
2023-06-11 04:00:00,25718.4,0,0
2023-06-11 05:00:00,25805.8,0,0
2023-06-11 06:00:00,25776.0,0,0
2023-06-11 07:00:00,25728.0,0,0
2023-06-11 08:00:00,25727.4,0,0
2023-06-11 09:00:00,25697.6,0,0
2023-06-11 10:00:00,25763.2,0,0
2023-06-11 11:00:00,25784.9,0,0
2023-06-11 12:00:00,25740.2,0,0
2023-06-11 13:00:00,25693.2,0,0
2023-06-11 14:00:00,25748.3,0,0
2023-06-11 15:00:00,25741.2,0,0
2023-06-11 16:00:00,25859.9,0,0
2023-06-11 17:00:00,25932.6,0,0
2023-06-11 18:00:00,25966.3,0,0
2023-06-11 19:00:00,26021.0,0,0
2023-06-11 20:00:00,26110.8,0,1
2023-06-11 21:00:00,26034.0,0,0
2023-06-11 22:00:00,25883.8,0,0
2023-06-11 23:00:00,25909.9,0,0
2023-06-12 00:00:00,25955.3,0,0
2023-06-12 01:00:00,25925.1,0,0
2023-06-12 02:00:00,25762.4,0,0
2023-06-12 03:00:00,25779.6,0,0
2023-06-12 04:00:00,25804.7,0,0
2023-06-12 05:00:00,25757.5,1,0
2023-06-12 06:00:00,25832.1,0,0
2023-06-12 07:00:00,25793.3,0,0
2023-06-12 08:00:00,25927.1,0,0
2023-06-12 09:00:00,25952.0,0,0
2023-06-12 10:00:00,25950.9,0,0
2023-06-12 11:00:00,25975.7,0,0
2023-06-12 12:00:00,25920.1,0,0
2023-06-12 13:00:00,25790.5,0,0
2023-06-12 14:00:00,25837.4,0,0
2023-06-12 15:00:00,25809.3,0,0
2023-06-12 16:00:00,25814.1,0,0
2023-06-12 17:00:00,25797.5,0,0
2023-06-12 18:00:00,25838.0,0,0
2023-06-12 19:00:00,25816.8,0,0
2023-06-12 20:00:00,25886.0,0,0
2023-06-12 21:00:00,25918.6,0,0
2023-06-12 22:00:00,25921.4,0,0
2023-06-12 23:00:00,25894.8,0,0
2023-06-13 00:00:00,25858.4,0,0
2023-06-13 01:00:00,25955.7,0,0
2023-06-13 02:00:00,26115.4,0,0
2023-06-13 03:00:00,26054.6,0,0
2023-06-13 04:00:00,26042.9,0,0
2023-06-13 05:00:00,26065.8,0,0
2023-06-13 06:00:00,26068.3,0,0
2023-06-13 07:00:00,26060.2,0,0
2023-06-13 08:00:00,26167.8,0,0
2023-06-13 09:00:00,26138.1,0,0
2023-06-13 10:00:00,26144.5,0,0
2023-06-13 11:00:00,26178.1,0,1
2023-06-13 12:00:00,26070.6,0,0
2023-06-13 13:00:00,26025.4,0,0
2023-06-13 14:00:00,25975.7,0,0
2023-06-13 15:00:00,25750.9,0,0
2023-06-13 16:00:00,25850.9,0,0
2023-06-13 17:00:00,25812.1,0,0
2023-06-13 18:00:00,25875.2,0,0
2023-06-13 19:00:00,25891.2,0,0
2023-06-13 20:00:00,25835.9,0,0
2023-06-13 21:00:00,25833.2,0,0
2023-06-13 22:00:00,25829.0,0,0
2023-06-13 23:00:00,25918.0,0,0
2023-06-14 00:00:00,25978.2,0,0
2023-06-14 01:00:00,26034.9,0,0
2023-06-14 02:00:00,26015.0,0,0
2023-06-14 03:00:00,25970.7,0,0
2023-06-14 04:00:00,25965.5,0,0
2023-06-14 05:00:00,25833.2,0,0
2023-06-14 06:00:00,25879.1,0,0
2023-06-14 07:00:00,25884.1,0,0
2023-06-14 08:00:00,25916.3,0,0
2023-06-14 09:00:00,25972.1,0,0
2023-06-14 10:00:00,25945.1,0,0
2023-06-14 11:00:00,25967.2,0,0
2023-06-14 12:00:00,26006.8,0,0
2023-06-14 13:00:00,25981.5,0,0
2023-06-14 14:00:00,25990.2,0,0
2023-06-14 15:00:00,25976.4,0,0
2023-06-14 16:00:00,25955.8,0,0
2023-06-14 17:00:00,26017.9,0,0
2023-06-14 18:00:00,25905.1,0,0
2023-06-14 19:00:00,25860.5,0,0
2023-06-14 20:00:00,24920.1,0,0
2023-06-14 21:00:00,25104.8,0,0
2023-06-14 22:00:00,25020.0,0,0
2023-06-14 23:00:00,25115.9,0,0
2023-06-15 00:00:00,25193.5,0,0
2023-06-15 01:00:00,25053.7,0,0
2023-06-15 02:00:00,25071.8,0,0
2023-06-15 03:00:00,25054.8,0,0
2023-06-15 04:00:00,25015.9,0,0
2023-06-15 05:00:00,25019.0,0,0
2023-06-15 06:00:00,24917.5,0,0
2023-06-15 07:00:00,24974.6,0,0
2023-06-15 08:00:00,24958.1,0,0
2023-06-15 09:00:00,24936.0,0,0
2023-06-15 10:00:00,24911.5,1,0
2023-06-15 11:00:00,25007.0,0,0
2023-06-15 12:00:00,24944.5,0,0
2023-06-15 13:00:00,25045.0,0,0
2023-06-15 14:00:00,25004.4,0,0
2023-06-15 15:00:00,24948.4,0,0
2023-06-15 16:00:00,24991.1,0,0
2023-06-15 17:00:00,25135.0,0,0
2023-06-15 18:00:00,25383.3,0,0
2023-06-15 19:00:00,25443.0,0,0
2023-06-15 20:00:00,25556.7,0,0
2023-06-15 21:00:00,25558.0,0,0
2023-06-15 22:00:00,25615.5,0,0
2023-06-15 23:00:00,25586.1,0,0
2023-06-16 00:00:00,25482.7,0,0
2023-06-16 01:00:00,25503.0,0,0
2023-06-16 02:00:00,25538.3,0,0
2023-06-16 03:00:00,25545.7,0,0
2023-06-16 04:00:00,25515.0,0,0
2023-06-16 05:00:00,25541.2,0,0
2023-06-16 06:00:00,25564.4,0,0
2023-06-16 07:00:00,25526.1,0,0
2023-06-16 08:00:00,25534.0,0,0
2023-06-16 09:00:00,25581.6,0,0
2023-06-16 10:00:00,25553.0,0,0
2023-06-16 11:00:00,25462.8,0,0
2023-06-16 12:00:00,25555.3,0,0
2023-06-16 13:00:00,25482.4,0,0
2023-06-16 14:00:00,25602.2,0,0
2023-06-16 15:00:00,25832.4,0,0
2023-06-16 16:00:00,25950.2,0,0
2023-06-16 17:00:00,26304.6,0,0
2023-06-16 18:00:00,26352.0,0,0
2023-06-16 19:00:00,26371.2,0,0
2023-06-16 20:00:00,26397.9,0,0
2023-06-16 21:00:00,26290.0,0,0
2023-06-16 22:00:00,26356.0,0,0
2023-06-16 23:00:00,26336.0,0,0
2023-06-17 00:00:00,26302.1,0,0
2023-06-17 01:00:00,26189.4,0,0
2023-06-17 02:00:00,26263.6,0,0
2023-06-17 03:00:00,26253.4,0,0
2023-06-17 04:00:00,26348.0,0,0
2023-06-17 05:00:00,26679.4,0,1
2023-06-17 06:00:00,26654.6,0,0
2023-06-17 07:00:00,26587.6,0,0
2023-06-17 08:00:00,26590.6,0,0
2023-06-17 09:00:00,26582.0,0,0
2023-06-17 10:00:00,26579.4,0,0
2023-06-17 11:00:00,26497.5,0,0
2023-06-17 12:00:00,26511.3,0,0
2023-06-17 13:00:00,26540.0,0,0
2023-06-17 14:00:00,26485.6,0,0
2023-06-17 15:00:00,26399.9,0,0
2023-06-17 16:00:00,26461.3,0,0
2023-06-17 17:00:00,26411.1,0,0
2023-06-17 18:00:00,26509.7,0,0
2023-06-17 19:00:00,26466.2,0,0
2023-06-17 20:00:00,26531.5,0,0
2023-06-17 21:00:00,26510.1,0,0
2023-06-17 22:00:00,26555.5,0,0
2023-06-17 23:00:00,26508.9,0,0
2023-06-18 00:00:00,26444.5,0,0
2023-06-18 01:00:00,26483.0,0,0
2023-06-18 02:00:00,26467.4,0,0
2023-06-18 03:00:00,26538.4,0,0
2023-06-18 04:00:00,26527.3,0,0
2023-06-18 05:00:00,26524.3,0,0
2023-06-18 06:00:00,26531.8,0,0
2023-06-18 07:00:00,26572.0,0,0
2023-06-18 08:00:00,26488.7,0,0
2023-06-18 09:00:00,26515.6,0,0
2023-06-18 10:00:00,26497.9,0,0
2023-06-18 11:00:00,26488.5,0,0
2023-06-18 12:00:00,26521.8,0,0
2023-06-18 13:00:00,26477.0,0,0
2023-06-18 14:00:00,26541.4,0,0
2023-06-18 15:00:00,26547.5,0,0
2023-06-18 16:00:00,26609.9,0,0
2023-06-18 17:00:00,26619.8,0,0
2023-06-18 18:00:00,26611.2,0,0
2023-06-18 19:00:00,26641.6,0,0
2023-06-18 20:00:00,26461.8,0,0
2023-06-18 21:00:00,26403.2,0,0
2023-06-18 22:00:00,26390.3,0,0
2023-06-18 23:00:00,26329.7,1,0
2023-06-19 00:00:00,26356.1,0,0
2023-06-19 01:00:00,26429.0,0,0
2023-06-19 02:00:00,26436.0,0,0
2023-06-19 03:00:00,26393.5,0,0
2023-06-19 04:00:00,26418.1,0,0
2023-06-19 05:00:00,26449.8,0,0
2023-06-19 06:00:00,26418.1,0,0
2023-06-19 07:00:00,26415.3,0,0
2023-06-19 08:00:00,26406.1,0,0
2023-06-19 09:00:00,26386.2,0,0
2023-06-19 10:00:00,26365.7,0,0
2023-06-19 11:00:00,26438.6,0,0
2023-06-19 12:00:00,26521.4,0,0
2023-06-19 13:00:00,26520.7,0,0
2023-06-19 14:00:00,26413.6,0,0
2023-06-19 15:00:00,26431.1,0,0
2023-06-19 16:00:00,26489.7,0,0
2023-06-19 17:00:00,26655.0,0,0
2023-06-19 18:00:00,26483.8,0,0
2023-06-19 19:00:00,26672.8,0,0
2023-06-19 20:00:00,26711.5,0,0
2023-06-19 21:00:00,26758.5,0,0
2023-06-19 22:00:00,26743.5,0,0
2023-06-19 23:00:00,26828.5,0,0
2023-06-20 00:00:00,26971.4,0,0
2023-06-20 01:00:00,26892.7,0,0
2023-06-20 02:00:00,26899.9,0,0
2023-06-20 03:00:00,26880.7,0,0
2023-06-20 04:00:00,26951.3,0,0
2023-06-20 05:00:00,26805.5,0,0
2023-06-20 06:00:00,26771.7,0,0
2023-06-20 07:00:00,26820.4,0,0
2023-06-20 08:00:00,26743.7,0,0
2023-06-20 09:00:00,26766.1,0,0
2023-06-20 10:00:00,26761.1,0,0
2023-06-20 11:00:00,26895.2,0,0
2023-06-20 12:00:00,26839.8,0,0
2023-06-20 13:00:00,26795.4,0,0
2023-06-20 14:00:00,26763.8,0,0
2023-06-20 15:00:00,27054.2,0,0
2023-06-20 16:00:00,27363.3,0,0
2023-06-20 17:00:00,27784.0,0,0
2023-06-20 18:00:00,28058.2,0,0
2023-06-20 19:00:00,27973.8,0,0
2023-06-20 20:00:00,28147.3,0,0
2023-06-20 21:00:00,28121.2,0,0
2023-06-20 22:00:00,28201.3,0,0
2023-06-20 23:00:00,28290.6,0,0
2023-06-21 00:00:00,28399.7,0,0
2023-06-21 01:00:00,28776.5,0,0
2023-06-21 02:00:00,28779.0,0,0
2023-06-21 03:00:00,28704.6,0,0
2023-06-21 04:00:00,28775.4,0,0
2023-06-21 05:00:00,28969.6,0,0
2023-06-21 06:00:00,28846.9,0,0
2023-06-21 07:00:00,28860.4,0,0
2023-06-21 08:00:00,28814.1,0,0
2023-06-21 09:00:00,28907.3,0,0
2023-06-21 10:00:00,28821.8,0,0
2023-06-21 11:00:00,28913.5,0,0
2023-06-21 12:00:00,28875.9,0,0
2023-06-21 13:00:00,29296.7,0,0
2023-06-21 14:00:00,29520.7,0,0
2023-06-21 15:00:00,29837.0,0,0
2023-06-21 16:00:00,30163.1,0,0
2023-06-21 17:00:00,30075.9,0,0
2023-06-21 18:00:00,30124.7,0,0
2023-06-21 19:00:00,30105.5,0,0
2023-06-21 20:00:00,29977.7,0,0
2023-06-21 21:00:00,29876.3,0,0
2023-06-21 22:00:00,30103.2,0,0
2023-06-21 23:00:00,29988.5,0,0
2023-06-22 00:00:00,30131.5,0,0
2023-06-22 01:00:00,30149.2,0,0
2023-06-22 02:00:00,30455.1,0,1
2023-06-22 03:00:00,30283.7,0,0
2023-06-22 04:00:00,30338.1,0,0
2023-06-22 05:00:00,30277.2,0,0
2023-06-22 06:00:00,30120.0,0,0
2023-06-22 07:00:00,30094.5,0,0
2023-06-22 08:00:00,30091.4,0,0
2023-06-22 09:00:00,30129.4,0,0
2023-06-22 10:00:00,30167.3,0,0
2023-06-22 11:00:00,29919.3,0,0
2023-06-22 12:00:00,30099.2,0,0
2023-06-22 13:00:00,30226.8,0,0
2023-06-22 14:00:00,29735.4,1,0
2023-06-22 15:00:00,29837.3,0,0
2023-06-22 16:00:00,29957.8,0,0
2023-06-22 17:00:00,30140.7,0,0
2023-06-22 18:00:00,30131.3,0,0
2023-06-22 19:00:00,30208.8,0,0
2023-06-22 20:00:00,30143.1,0,0
2023-06-22 21:00:00,30041.9,0,0
2023-06-22 22:00:00,29917.6,0,0
2023-06-22 23:00:00,29875.0,0,0
2023-06-23 00:00:00,30000.5,0,0
2023-06-23 01:00:00,29923.9,0,0
2023-06-23 02:00:00,29980.5,0,0
2023-06-23 03:00:00,30002.4,0,0
2023-06-23 04:00:00,29994.0,0,0
2023-06-23 05:00:00,30035.3,0,0
2023-06-23 06:00:00,30006.3,0,0
2023-06-23 07:00:00,29927.0,0,0
2023-06-23 08:00:00,29992.0,0,0
2023-06-23 09:00:00,30138.1,0,0
2023-06-23 10:00:00,30069.3,0,0
2023-06-23 11:00:00,30125.3,0,0
2023-06-23 12:00:00,30090.3,0,0
2023-06-23 13:00:00,30063.3,0,0
2023-06-23 14:00:00,30274.9,0,0
2023-06-23 15:00:00,31232.9,0,1
2023-06-23 16:00:00,31090.4,0,0
2023-06-23 17:00:00,31232.7,0,0
2023-06-23 18:00:00,30935.7,0,0
2023-06-23 19:00:00,30873.7,0,0
2023-06-23 20:00:00,30892.5,0,0
2023-06-23 21:00:00,30649.6,0,0
2023-06-23 22:00:00,30631.9,0,0
2023-06-23 23:00:00,30673.4,0,0
2023-06-24 00:00:00,30481.6,0,0
2023-06-24 01:00:00,30596.6,0,0
2023-06-24 02:00:00,30743.0,0,0
2023-06-24 03:00:00,30719.5,0,0
2023-06-24 04:00:00,30693.7,0,0
2023-06-24 05:00:00,30717.3,0,0
2023-06-24 06:00:00,30690.1,0,0
2023-06-24 07:00:00,30563.4,0,0
2023-06-24 08:00:00,30600.0,0,0
2023-06-24 09:00:00,30616.0,0,0
2023-06-24 10:00:00,30730.0,0,0
2023-06-24 11:00:00,30674.9,0,0
2023-06-24 12:00:00,30685.0,0,0
2023-06-24 13:00:00,30631.2,0,0
2023-06-24 14:00:00,30680.2,0,0
2023-06-24 15:00:00,30390.9,1,0
2023-06-24 16:00:00,30504.0,0,0
2023-06-24 17:00:00,30572.3,0,0
2023-06-24 18:00:00,30633.8,0,0
2023-06-24 19:00:00,30622.2,0,0
2023-06-24 20:00:00,30503.9,0,0
2023-06-24 21:00:00,30499.4,0,0
2023-06-24 22:00:00,30507.6,0,0
2023-06-24 23:00:00,30524.2,0,0
2023-06-25 00:00:00,30509.0,0,0
2023-06-25 01:00:00,30591.1,0,0
2023-06-25 02:00:00,30611.8,0,0
2023-06-25 03:00:00,30742.0,0,0
2023-06-25 04:00:00,30880.1,0,1
2023-06-25 05:00:00,30850.3,0,0
2023-06-25 06:00:00,30863.7,0,0
2023-06-25 07:00:00,30714.0,0,0
2023-06-25 08:00:00,30727.8,0,0
2023-06-25 09:00:00,30674.1,0,0
2023-06-25 10:00:00,30609.4,0,0
2023-06-25 11:00:00,30710.0,0,0
2023-06-25 12:00:00,30664.0,0,0
2023-06-25 13:00:00,30669.2,0,0
2023-06-25 14:00:00,30540.3,0,0
2023-06-25 15:00:00,30574.1,0,0
2023-06-25 16:00:00,30584.3,0,0
2023-06-25 17:00:00,30522.6,0,0
2023-06-25 18:00:00,30449.3,0,0
2023-06-25 19:00:00,30420.0,0,0
2023-06-25 20:00:00,30362.8,0,0
2023-06-25 21:00:00,30448.0,0,0
2023-06-25 22:00:00,30490.4,0,0
2023-06-25 23:00:00,30458.0,0,0
2023-06-26 00:00:00,30378.9,0,0
2023-06-26 01:00:00,30166.0,1,0
2023-06-26 02:00:00,30212.0,0,0
2023-06-26 03:00:00,30285.0,0,0
2023-06-26 04:00:00,30235.7,0,0
2023-06-26 05:00:00,30208.1,0,0
2023-06-26 06:00:00,30474.8,0,0
2023-06-26 07:00:00,30395.6,0,0
2023-06-26 08:00:00,30395.0,0,0
2023-06-26 09:00:00,30257.2,0,0
2023-06-26 10:00:00,30260.0,0,0
2023-06-26 11:00:00,30315.1,0,0
2023-06-26 12:00:00,30347.6,0,0
2023-06-26 13:00:00,30631.2,0,1
2023-06-26 14:00:00,30384.0,0,0
2023-06-26 15:00:00,30400.5,0,0
2023-06-26 16:00:00,30091.9,0,0
2023-06-26 17:00:00,30068.5,1,0
2023-06-26 18:00:00,30201.6,0,0
2023-06-26 19:00:00,30233.9,0,0
2023-06-26 20:00:00,30150.1,0,0
2023-06-26 21:00:00,30146.1,0,0
2023-06-26 22:00:00,30220.9,0,0
2023-06-26 23:00:00,30260.1,0,0
2023-06-27 00:00:00,30341.8,0,0
2023-06-27 01:00:00,30363.3,0,0
2023-06-27 02:00:00,30473.3,0,0
2023-06-27 03:00:00,30360.0,0,0
2023-06-27 04:00:00,30335.9,0,0
2023-06-27 05:00:00,30313.0,0,0
2023-06-27 06:00:00,30309.1,0,0
2023-06-27 07:00:00,30404.5,0,0
2023-06-27 08:00:00,30387.1,0,0
2023-06-27 09:00:00,30370.5,0,0
2023-06-27 10:00:00,30650.1,0,0
2023-06-27 11:00:00,30720.1,0,0
2023-06-27 12:00:00,30703.1,0,0
2023-06-27 13:00:00,30600.0,0,0
2023-06-27 14:00:00,30795.5,0,1
2023-06-27 15:00:00,30487.4,0,0
2023-06-27 16:00:00,30695.5,0,0
2023-06-27 17:00:00,30719.1,0,0
2023-06-27 18:00:00,30677.4,0,0
2023-06-27 19:00:00,30638.4,0,0
2023-06-27 20:00:00,30636.5,0,0
2023-06-27 21:00:00,30716.7,0,0
2023-06-27 22:00:00,30569.8,0,0
2023-06-27 23:00:00,30683.2,0,0
2023-06-28 00:00:00,30600.7,0,0
2023-06-28 01:00:00,30492.7,0,0
2023-06-28 02:00:00,30404.2,0,0
2023-06-28 03:00:00,30441.8,0,0
2023-06-28 04:00:00,30466.6,0,0
2023-06-28 05:00:00,30436.9,0,0
2023-06-28 06:00:00,30358.0,0,0
2023-06-28 07:00:00,30176.0,0,0
2023-06-28 08:00:00,30264.2,0,0
2023-06-28 09:00:00,30290.7,0,0
2023-06-28 10:00:00,30324.8,0,0
2023-06-28 11:00:00,30294.3,0,0
2023-06-28 12:00:00,30091.6,0,0
2023-06-28 13:00:00,30193.4,0,0
2023-06-28 14:00:00,30304.8,0,0
2023-06-28 15:00:00,30399.8,0,0
2023-06-28 16:00:00,30242.4,0,0
2023-06-28 17:00:00,30137.8,0,0
2023-06-28 18:00:00,30183.0,0,0
2023-06-28 19:00:00,30080.4,0,0
2023-06-28 20:00:00,30091.0,0,0
2023-06-28 21:00:00,30121.9,0,0
2023-06-28 22:00:00,30090.6,0,0
2023-06-28 23:00:00,30066.3,1,0
2023-06-29 00:00:00,30070.3,0,0
2023-06-29 01:00:00,30154.5,0,0
2023-06-29 02:00:00,30109.0,0,0
2023-06-29 03:00:00,30162.3,0,0
2023-06-29 04:00:00,30208.6,0,0
2023-06-29 05:00:00,30171.4,0,0
2023-06-29 06:00:00,30221.6,0,0
2023-06-29 07:00:00,30333.9,0,0
2023-06-29 08:00:00,30376.4,0,0
2023-06-29 09:00:00,30419.7,0,0
2023-06-29 10:00:00,30688.8,0,0
2023-06-29 11:00:00,30660.6,0,0
2023-06-29 12:00:00,30613.8,0,0
2023-06-29 13:00:00,30553.0,0,0
2023-06-29 14:00:00,30434.5,0,0
2023-06-29 15:00:00,30468.3,0,0
2023-06-29 16:00:00,30491.7,0,0
2023-06-29 17:00:00,30535.1,0,0
2023-06-29 18:00:00,30552.6,0,0
2023-06-29 19:00:00,30571.5,0,0
2023-06-29 20:00:00,30386.4,0,0
2023-06-29 21:00:00,30412.4,0,0
2023-06-29 22:00:00,30402.5,0,0
2023-06-29 23:00:00,30439.9,0,0
2023-06-30 00:00:00,30431.3,0,0
2023-06-30 01:00:00,30374.5,0,0
2023-06-30 02:00:00,30648.0,0,0
2023-06-30 03:00:00,30734.3,0,0
2023-06-30 04:00:00,30868.4,0,0
2023-06-30 05:00:00,30731.5,0,0
2023-06-30 06:00:00,30663.1,0,0
2023-06-30 07:00:00,30759.1,0,0
2023-06-30 08:00:00,30841.6,0,0
2023-06-30 09:00:00,30758.4,0,0
2023-06-30 10:00:00,30800.8,0,0
2023-06-30 11:00:00,30897.7,0,0
2023-06-30 12:00:00,31000.2,0,1
2023-06-30 13:00:00,30120.0,0,0
2023-06-30 14:00:00,30078.7,0,0
2023-06-30 15:00:00,30052.0,1,0
2023-06-30 16:00:00,30381.5,0,0
2023-06-30 17:00:00,30442.7,0,0
2023-06-30 18:00:00,30349.7,0,0
2023-06-30 19:00:00,30360.3,0,0
2023-06-30 20:00:00,30391.3,0,0
2023-06-30 21:00:00,30472.7,0,0
2023-06-30 22:00:00,30468.6,0,0
2023-06-30 23:00:00,30460.2,0,0
2023-07-01 00:00:00,30459.1,0,0
2023-07-01 01:00:00,30433.4,0,0
2023-07-01 02:00:00,30408.4,0,0
2023-07-01 03:00:00,30391.2,0,0
2023-07-01 04:00:00,30381.4,0,0
2023-07-01 05:00:00,30415.2,0,0
2023-07-01 06:00:00,30441.5,0,0
2023-07-01 07:00:00,30448.1,0,0
2023-07-01 08:00:00,30429.8,0,0
2023-07-01 09:00:00,30431.2,0,0
2023-07-01 10:00:00,30455.8,0,0
2023-07-01 11:00:00,30508.5,0,0
2023-07-01 12:00:00,30551.9,0,0
2023-07-01 13:00:00,30550.0,0,0
2023-07-01 14:00:00,30598.8,0,0
2023-07-01 15:00:00,30561.5,0,0
2023-07-01 16:00:00,30564.0,0,0
2023-07-01 17:00:00,30562.5,0,0
2023-07-01 18:00:00,30599.9,0,0
2023-07-01 19:00:00,30600.5,0,0
2023-07-01 20:00:00,30577.8,0,0
2023-07-01 21:00:00,30574.7,0,0
2023-07-01 22:00:00,30569.2,0,0
2023-07-01 23:00:00,30573.6,0,0
2023-07-02 00:00:00,30567.9,0,0
2023-07-02 01:00:00,30559.6,0,0
2023-07-02 02:00:00,30535.0,0,0
2023-07-02 03:00:00,30505.2,0,0
2023-07-02 04:00:00,30525.1,0,0
2023-07-02 05:00:00,30473.1,0,0
2023-07-02 06:00:00,30475.8,0,0
2023-07-02 07:00:00,30504.7,0,0
2023-07-02 08:00:00,30477.2,0,0
2023-07-02 09:00:00,30513.4,0,0
2023-07-02 10:00:00,30505.1,0,0
2023-07-02 11:00:00,30537.2,0,0
2023-07-02 12:00:00,30518.7,0,0
2023-07-02 13:00:00,30510.1,0,0
2023-07-02 14:00:00,30586.5,0,0
2023-07-02 15:00:00,30491.4,0,0
2023-07-02 16:00:00,30558.4,0,0
2023-07-02 17:00:00,30434.2,0,0
2023-07-02 18:00:00,30520.0,0,0
2023-07-02 19:00:00,30552.8,0,0
2023-07-02 20:00:00,30579.7,0,0
2023-07-02 21:00:00,30555.0,0,0
2023-07-02 22:00:00,30646.8,0,0
2023-07-02 23:00:00,30612.7,0,0
2023-07-03 00:00:00,30630.7,0,0
2023-07-03 01:00:00,30660.2,0,0
2023-07-03 02:00:00,30746.7,0,0
2023-07-03 03:00:00,30747.9,0,0
2023-07-03 04:00:00,30676.4,0,0
2023-07-03 05:00:00,30663.9,0,0
2023-07-03 06:00:00,30642.2,0,0
2023-07-03 07:00:00,30662.8,0,0
2023-07-03 08:00:00,30638.0,0,0
2023-07-03 09:00:00,30605.6,0,0
2023-07-03 10:00:00,30637.4,0,0
2023-07-03 11:00:00,30619.6,0,0
2023-07-03 12:00:00,30648.0,0,0
2023-07-03 13:00:00,30644.0,0,0
2023-07-03 14:00:00,30729.9,0,0
2023-07-03 15:00:00,31068.0,0,0
2023-07-03 16:00:00,31035.6,0,0
2023-07-03 17:00:00,30997.0,0,0
2023-07-03 18:00:00,31201.5,0,0
2023-07-03 19:00:00,31254.1,0,0
2023-07-03 20:00:00,31113.1,0,0
2023-07-03 21:00:00,31044.1,0,0
2023-07-03 22:00:00,31112.7,0,0
2023-07-03 23:00:00,31149.0,0,0
2023-07-04 00:00:00,31102.7,0,0
2023-07-04 01:00:00,31277.1,0,1
2023-07-04 02:00:00,31251.2,0,0
2023-07-04 03:00:00,31189.8,0,0
2023-07-04 04:00:00,31043.7,0,0
2023-07-04 05:00:00,30959.0,0,0
2023-07-04 06:00:00,30990.0,0,0
2023-07-04 07:00:00,30902.3,0,0
2023-07-04 08:00:00,30916.5,0,0
2023-07-04 09:00:00,31003.7,0,0
2023-07-04 10:00:00,31016.9,0,0
2023-07-04 11:00:00,31056.5,0,0
2023-07-04 12:00:00,31032.0,0,0
2023-07-04 13:00:00,30989.0,0,0
2023-07-04 14:00:00,30963.2,0,0
2023-07-04 15:00:00,30959.3,0,0
2023-07-04 16:00:00,30946.8,0,0
2023-07-04 17:00:00,30890.6,0,0
2023-07-04 18:00:00,30896.7,0,0
2023-07-04 19:00:00,30685.3,0,0
2023-07-04 20:00:00,30787.0,0,0
2023-07-04 21:00:00,30790.4,0,0
2023-07-04 22:00:00,30808.8,0,0
2023-07-04 23:00:00,30756.1,0,0
2023-07-05 00:00:00,30751.5,0,0
2023-07-05 01:00:00,30785.2,0,0
2023-07-05 02:00:00,30830.9,0,0
2023-07-05 03:00:00,30857.3,0,0
2023-07-05 04:00:00,30825.1,0,0
2023-07-05 05:00:00,30804.5,0,0
2023-07-05 06:00:00,30800.3,0,0
2023-07-05 07:00:00,30765.9,0,0
2023-07-05 08:00:00,30752.2,0,0
2023-07-05 09:00:00,30668.9,0,0
2023-07-05 10:00:00,30421.0,0,0
2023-07-05 11:00:00,30395.0,0,0
2023-07-05 12:00:00,30310.0,1,0
2023-07-05 13:00:00,30350.5,0,0
2023-07-05 14:00:00,30406.2,0,0
2023-07-05 15:00:00,30345.0,0,0
2023-07-05 16:00:00,30447.1,0,0
2023-07-05 17:00:00,30507.7,0,0
2023-07-05 18:00:00,30493.3,0,0
2023-07-05 19:00:00,30420.0,0,0
2023-07-05 20:00:00,30450.1,0,0
2023-07-05 21:00:00,30458.9,0,0
2023-07-05 22:00:00,30430.4,0,0
2023-07-05 23:00:00,30488.4,0,0
2023-07-06 00:00:00,30403.7,0,0
2023-07-06 01:00:00,30465.7,0,0
2023-07-06 02:00:00,30458.9,0,0
2023-07-06 03:00:00,30477.7,0,0
2023-07-06 04:00:00,30452.6,0,0
2023-07-06 05:00:00,30575.5,0,0
2023-07-06 06:00:00,30679.9,0,0
2023-07-06 07:00:00,30792.3,0,0
2023-07-06 08:00:00,31325.5,0,1
2023-07-06 09:00:00,31064.7,0,0
2023-07-06 10:00:00,31222.2,0,0
2023-07-06 11:00:00,30833.0,0,0
2023-07-06 12:00:00,30588.6,0,0
2023-07-06 13:00:00,30361.5,0,0
2023-07-06 14:00:00,30196.6,0,0
2023-07-06 15:00:00,30390.3,0,0
2023-07-06 16:00:00,30303.4,0,0
2023-07-06 17:00:00,30283.8,0,0
2023-07-06 18:00:00,30367.9,0,0
2023-07-06 19:00:00,30294.6,0,0
2023-07-06 20:00:00,30303.7,0,0
2023-07-06 21:00:00,30207.3,0,0
2023-07-06 22:00:00,30147.5,0,0
2023-07-06 23:00:00,29874.4,1,0
2023-07-07 00:00:00,30039.9,0,0
2023-07-07 01:00:00,30071.4,0,0
2023-07-07 02:00:00,30093.6,0,0
2023-07-07 03:00:00,30122.1,0,0
2023-07-07 04:00:00,30075.9,0,0
2023-07-07 05:00:00,30196.0,0,0
2023-07-07 06:00:00,30106.1,0,0
2023-07-07 07:00:00,29992.9,0,0
2023-07-07 08:00:00,30039.2,0,0
2023-07-07 09:00:00,30119.9,0,0
2023-07-07 10:00:00,30152.9,0,0
2023-07-07 11:00:00,30104.0,0,0
2023-07-07 12:00:00,30190.5,0,0
2023-07-07 13:00:00,30367.3,0,0
2023-07-07 14:00:00,30395.6,0,0
2023-07-07 15:00:00,30375.4,0,0
2023-07-07 16:00:00,30342.3,0,0
2023-07-07 17:00:00,30226.6,0,0
2023-07-07 18:00:00,30155.0,0,0
2023-07-07 19:00:00,30227.9,0,0
2023-07-07 20:00:00,30248.8,0,0
2023-07-07 21:00:00,30276.7,0,0
2023-07-07 22:00:00,30292.6,0,0
2023-07-07 23:00:00,30327.9,0,0
2023-07-08 00:00:00,30274.8,0,0
2023-07-08 01:00:00,30290.0,0,0
2023-07-08 02:00:00,30340.9,0,0
2023-07-08 03:00:00,30260.0,0,0
2023-07-08 04:00:00,30227.0,0,0
2023-07-08 05:00:00,30224.1,0,0
2023-07-08 06:00:00,30161.3,0,0
2023-07-08 07:00:00,30174.8,0,0
2023-07-08 08:00:00,30261.9,0,0
2023-07-08 09:00:00,30237.0,0,0
2023-07-08 10:00:00,30210.5,0,0
2023-07-08 11:00:00,30185.3,0,0
2023-07-08 12:00:00,30154.7,0,0
2023-07-08 13:00:00,30191.9,0,0
2023-07-08 14:00:00,30192.8,0,0
2023-07-08 15:00:00,30196.7,0,0
2023-07-08 16:00:00,30245.4,0,0
2023-07-08 17:00:00,30240.8,0,0
2023-07-08 18:00:00,30189.0,0,0
2023-07-08 19:00:00,30100.0,0,0
2023-07-08 20:00:00,30140.0,0,0
2023-07-08 21:00:00,30173.0,0,0
2023-07-08 22:00:00,30212.0,0,0
2023-07-08 23:00:00,30269.3,0,0
2023-07-09 00:00:00,30323.9,0,0
2023-07-09 01:00:00,30320.4,0,0
2023-07-09 02:00:00,30287.9,0,0
2023-07-09 03:00:00,30277.6,0,0
2023-07-09 04:00:00,30266.3,0,0
2023-07-09 05:00:00,30249.4,0,0
2023-07-09 06:00:00,30242.2,0,0
2023-07-09 07:00:00,30250.0,0,0
2023-07-09 08:00:00,30291.9,0,0
2023-07-09 09:00:00,30260.3,0,0
2023-07-09 10:00:00,30250.0,0,0
2023-07-09 11:00:00,30257.3,0,0
2023-07-09 12:00:00,30320.0,0,0
2023-07-09 13:00:00,30248.0,0,0
2023-07-09 14:00:00,30328.0,0,0
2023-07-09 15:00:00,30336.8,0,0
2023-07-09 16:00:00,30276.2,0,0
2023-07-09 17:00:00,30279.7,0,0
2023-07-09 18:00:00,30246.3,0,0
2023-07-09 19:00:00,30227.7,0,0
2023-07-09 20:00:00,30176.4,0,0
2023-07-09 21:00:00,30142.7,0,0
2023-07-09 22:00:00,30160.3,0,0
2023-07-09 23:00:00,30147.8,0,0
2023-07-10 00:00:00,30077.7,0,0
2023-07-10 01:00:00,30034.0,0,0
2023-07-10 02:00:00,30187.1,0,0
2023-07-10 03:00:00,30144.9,0,0
2023-07-10 04:00:00,30108.5,0,0
2023-07-10 05:00:00,30068.0,0,0
2023-07-10 06:00:00,30074.0,0,0
2023-07-10 07:00:00,30100.0,0,0
2023-07-10 08:00:00,30085.1,0,0
2023-07-10 09:00:00,30126.9,0,0
2023-07-10 10:00:00,30173.1,0,0
2023-07-10 11:00:00,30221.5,0,0
2023-07-10 12:00:00,30147.0,0,0
2023-07-10 13:00:00,30195.0,0,0
2023-07-10 14:00:00,30296.8,0,0
2023-07-10 15:00:00,30297.6,0,0
2023-07-10 16:00:00,30336.0,0,0
2023-07-10 17:00:00,30264.4,0,0
2023-07-10 18:00:00,30519.3,0,0
2023-07-10 19:00:00,30824.5,0,1
2023-07-10 20:00:00,30773.2,0,0
2023-07-10 21:00:00,30282.7,1,0
2023-07-10 22:00:00,30332.1,0,0
2023-07-10 23:00:00,30396.9,0,0
2023-07-11 00:00:00,30405.6,0,0
2023-07-11 01:00:00,30572.1,0,0
2023-07-11 02:00:00,30472.5,0,0
2023-07-11 03:00:00,30461.0,0,0
2023-07-11 04:00:00,30429.8,0,0
2023-07-11 05:00:00,30443.9,0,0
2023-07-11 06:00:00,30621.8,0,0
2023-07-11 07:00:00,30528.5,0,0
2023-07-11 08:00:00,30482.1,0,0
2023-07-11 09:00:00,30435.5,0,0
2023-07-11 10:00:00,30385.0,0,0
2023-07-11 11:00:00,30391.3,0,0
2023-07-11 12:00:00,30420.9,0,0
2023-07-11 13:00:00,30435.3,0,0
2023-07-11 14:00:00,30515.0,0,0
2023-07-11 15:00:00,30585.5,0,0
2023-07-11 16:00:00,30631.0,0,0
2023-07-11 17:00:00,30565.4,0,0
2023-07-11 18:00:00,30461.6,0,0
2023-07-11 19:00:00,30565.5,0,0
2023-07-11 20:00:00,30561.1,0,0
2023-07-11 21:00:00,30556.4,0,0
2023-07-11 22:00:00,30571.9,0,0
2023-07-11 23:00:00,30608.4,0,0
2023-07-12 00:00:00,30500.0,0,0
2023-07-12 01:00:00,30518.9,0,0
2023-07-12 02:00:00,30599.0,0,0
2023-07-12 03:00:00,30581.3,0,0
2023-07-12 04:00:00,30623.9,0,0
2023-07-12 05:00:00,30642.5,0,0
2023-07-12 06:00:00,30706.6,0,0
2023-07-12 07:00:00,30730.8,0,0
2023-07-12 08:00:00,30720.5,0,0
2023-07-12 09:00:00,30710.0,0,0
2023-07-12 10:00:00,30671.9,0,0
2023-07-12 11:00:00,30765.3,0,1
2023-07-12 12:00:00,30709.3,0,0
2023-07-12 13:00:00,30650.4,0,0
2023-07-12 14:00:00,30725.4,0,0
2023-07-12 15:00:00,30510.2,0,0
2023-07-12 16:00:00,30474.1,0,0
2023-07-12 17:00:00,30433.1,0,0
2023-07-12 18:00:00,30508.5,0,0
2023-07-12 19:00:00,30268.1,1,0
2023-07-12 20:00:00,30330.0,0,0
2023-07-12 21:00:00,30338.3,0,0
2023-07-12 22:00:00,30350.1,0,0
2023-07-12 23:00:00,30368.9,0,0
2023-07-13 00:00:00,30343.9,0,0
2023-07-13 01:00:00,30373.0,0,0
2023-07-13 02:00:00,30328.1,0,0
2023-07-13 03:00:00,30283.7,0,0
2023-07-13 04:00:00,30284.5,0,0
2023-07-13 05:00:00,30308.1,0,0
2023-07-13 06:00:00,30375.3,0,0
2023-07-13 07:00:00,30355.1,0,0
2023-07-13 08:00:00,30400.0,0,0
2023-07-13 09:00:00,30560.2,0,0
2023-07-13 10:00:00,30560.1,0,0
2023-07-13 11:00:00,30530.6,0,0
2023-07-13 12:00:00,30501.3,0,0
2023-07-13 13:00:00,30646.7,0,0
2023-07-13 14:00:00,30559.7,0,0
2023-07-13 15:00:00,30915.4,0,0
2023-07-13 16:00:00,30814.9,0,0
2023-07-13 17:00:00,31058.3,0,0
2023-07-13 18:00:00,31247.7,0,0
2023-07-13 19:00:00,31600.6,0,1
2023-07-13 20:00:00,31364.9,0,0
2023-07-13 21:00:00,31243.9,0,0
2023-07-13 22:00:00,31291.6,0,0
2023-07-13 23:00:00,31441.7,0,0
2023-07-14 00:00:00,31436.6,0,0
2023-07-14 01:00:00,31410.1,0,0
2023-07-14 02:00:00,31448.0,0,0
2023-07-14 03:00:00,31445.4,0,0
2023-07-14 04:00:00,31378.3,0,0
2023-07-14 05:00:00,31354.3,0,0
2023-07-14 06:00:00,31285.7,0,0
2023-07-14 07:00:00,31096.0,0,0
2023-07-14 08:00:00,31240.6,0,0
2023-07-14 09:00:00,31183.5,0,0
2023-07-14 10:00:00,31173.0,0,0
2023-07-14 11:00:00,31206.4,0,0
2023-07-14 12:00:00,31122.6,0,0
2023-07-14 13:00:00,31251.0,0,0
2023-07-14 14:00:00,31294.2,0,0
2023-07-14 15:00:00,31236.5,0,0
2023-07-14 16:00:00,31205.6,0,0
2023-07-14 17:00:00,30674.9,0,0
2023-07-14 18:00:00,30074.7,0,0
2023-07-14 19:00:00,30099.9,0,0
2023-07-14 20:00:00,30170.4,0,0
2023-07-14 21:00:00,30224.4,0,0
2023-07-14 22:00:00,30208.0,0,0
2023-07-14 23:00:00,30293.3,0,0
2023-07-15 00:00:00,30315.0,0,0
2023-07-15 01:00:00,30323.0,0,0
2023-07-15 02:00:00,30277.8,0,0
2023-07-15 03:00:00,30276.0,0,0
2023-07-15 04:00:00,30282.9,0,0
2023-07-15 05:00:00,30279.0,0,0
2023-07-15 06:00:00,30299.8,0,0
2023-07-15 07:00:00,30317.6,0,0
2023-07-15 08:00:00,30301.5,0,0
2023-07-15 09:00:00,30334.5,0,0
2023-07-15 10:00:00,30309.5,0,0
2023-07-15 11:00:00,30298.5,0,0
2023-07-15 12:00:00,30334.1,0,0
2023-07-15 13:00:00,30310.5,0,0
2023-07-15 14:00:00,30272.0,0,0
2023-07-15 15:00:00,30290.5,0,0
2023-07-15 16:00:00,30269.0,0,0
2023-07-15 17:00:00,30271.7,0,0
2023-07-15 18:00:00,30301.1,0,0
2023-07-15 19:00:00,30309.7,0,0
2023-07-15 20:00:00,30284.7,0,0
2023-07-15 21:00:00,30288.7,0,0
2023-07-15 22:00:00,30272.4,0,0
2023-07-15 23:00:00,30276.4,0,0
2023-07-16 00:00:00,30289.9,0,0
2023-07-16 01:00:00,30250.1,0,0
2023-07-16 02:00:00,30239.2,0,0
2023-07-16 03:00:00,30174.1,0,0
2023-07-16 04:00:00,30143.6,0,0
2023-07-16 05:00:00,30225.0,0,0
2023-07-16 06:00:00,30245.0,0,0
2023-07-16 07:00:00,30253.0,0,0
2023-07-16 08:00:00,30283.2,0,0
2023-07-16 09:00:00,30290.0,0,0
2023-07-16 10:00:00,30273.4,0,0
2023-07-16 11:00:00,30293.6,0,0
2023-07-16 12:00:00,30280.8,0,0
2023-07-16 13:00:00,30292.4,0,0
2023-07-16 14:00:00,30388.6,0,0
2023-07-16 15:00:00,30366.0,0,0
2023-07-16 16:00:00,30349.6,0,0
2023-07-16 17:00:00,30365.5,0,0
2023-07-16 18:00:00,30260.5,0,0
2023-07-16 19:00:00,30239.5,0,0
2023-07-16 20:00:00,30255.0,0,0
2023-07-16 21:00:00,30274.9,0,0
2023-07-16 22:00:00,30309.5,0,0
2023-07-16 23:00:00,30216.8,0,0
2023-07-17 00:00:00,30200.5,0,0
2023-07-17 01:00:00,30276.9,0,0
2023-07-17 02:00:00,30249.6,0,0
2023-07-17 03:00:00,30295.9,0,0
2023-07-17 04:00:00,30281.3,0,0
2023-07-17 05:00:00,30250.6,0,0
2023-07-17 06:00:00,30259.9,0,0
2023-07-17 07:00:00,30265.3,0,0
2023-07-17 08:00:00,30242.7,0,0
2023-07-17 09:00:00,30163.6,0,0
2023-07-17 10:00:00,30146.4,0,0
2023-07-17 11:00:00,30145.0,0,0
2023-07-17 12:00:00,30196.9,0,0
2023-07-17 13:00:00,30276.0,0,0
2023-07-17 14:00:00,30263.0,0,0
2023-07-17 15:00:00,30163.4,0,0
2023-07-17 16:00:00,30126.0,0,0
2023-07-17 17:00:00,30015.5,0,0
2023-07-17 18:00:00,29783.9,1,0
2023-07-17 19:00:00,29870.0,0,0
2023-07-17 20:00:00,29907.1,0,0
2023-07-17 21:00:00,30229.9,0,1
2023-07-17 22:00:00,30096.3,0,0
2023-07-17 23:00:00,30126.1,0,0
2023-07-18 00:00:00,30150.4,0,0
2023-07-18 01:00:00,30198.3,0,0
2023-07-18 02:00:00,30105.8,0,0
2023-07-18 03:00:00,30063.8,0,0
2023-07-18 04:00:00,30110.4,0,0
2023-07-18 05:00:00,30040.4,0,0
2023-07-18 06:00:00,29976.9,0,0
2023-07-18 07:00:00,29951.9,0,0
2023-07-18 08:00:00,30012.3,0,0
2023-07-18 09:00:00,29944.8,0,0
2023-07-18 10:00:00,29979.0,0,0
2023-07-18 11:00:00,29871.9,0,0
2023-07-18 12:00:00,29776.0,0,0
2023-07-18 13:00:00,29817.6,0,0
2023-07-18 14:00:00,29910.1,0,0
2023-07-18 15:00:00,29895.1,0,0
2023-07-18 16:00:00,29688.0,1,0
2023-07-18 17:00:00,29807.9,0,0
2023-07-18 18:00:00,29895.0,0,0
2023-07-18 19:00:00,29708.1,0,0
2023-07-18 20:00:00,29766.8,0,0
2023-07-18 21:00:00,29793.9,0,0
2023-07-18 22:00:00,29808.6,0,0
2023-07-18 23:00:00,29845.6,0,0
2023-07-19 00:00:00,30042.9,0,0
2023-07-19 01:00:00,29990.3,0,0
2023-07-19 02:00:00,30010.0,0,0
2023-07-19 03:00:00,30048.0,0,0
2023-07-19 04:00:00,30085.9,0,0
2023-07-19 05:00:00,30085.0,0,0
2023-07-19 06:00:00,30028.0,0,0
2023-07-19 07:00:00,29984.0,0,0
2023-07-19 08:00:00,29911.1,0,0
2023-07-19 09:00:00,29991.3,0,0
2023-07-19 10:00:00,29975.0,0,0
2023-07-19 11:00:00,30004.7,0,0
2023-07-19 12:00:00,29939.2,0,0
2023-07-19 13:00:00,29984.5,0,0
2023-07-19 14:00:00,29810.9,0,0
2023-07-19 15:00:00,29939.8,0,0
2023-07-19 16:00:00,29892.0,0,0
2023-07-19 17:00:00,29980.1,0,0
2023-07-19 18:00:00,30067.3,0,0
2023-07-19 19:00:00,30032.4,0,0
2023-07-19 20:00:00,29951.1,0,0
2023-07-19 21:00:00,29918.3,0,0
2023-07-19 22:00:00,29856.1,0,0
2023-07-19 23:00:00,29895.5,0,0
2023-07-20 00:00:00,29985.0,0,0
2023-07-20 01:00:00,29974.0,0,0
2023-07-20 02:00:00,29969.0,0,0
2023-07-20 03:00:00,29937.0,0,0
2023-07-20 04:00:00,29948.3,0,0
2023-07-20 05:00:00,30112.2,0,0
2023-07-20 06:00:00,30110.0,0,0
2023-07-20 07:00:00,30195.5,0,0
2023-07-20 08:00:00,30253.0,0,0
2023-07-20 09:00:00,30319.0,0,1
2023-07-20 10:00:00,30280.1,0,0
2023-07-20 11:00:00,30274.0,0,0
2023-07-20 12:00:00,30210.7,0,0
2023-07-20 13:00:00,30215.9,0,0
2023-07-20 14:00:00,29766.7,0,0
2023-07-20 15:00:00,29792.8,0,0
2023-07-20 16:00:00,29705.2,0,0
2023-07-20 17:00:00,29745.0,0,0
2023-07-20 18:00:00,29678.0,1,0
2023-07-20 19:00:00,29744.4,0,0
2023-07-20 20:00:00,29729.8,0,0
2023-07-20 21:00:00,29856.0,0,0
2023-07-20 22:00:00,29797.2,0,0
2023-07-20 23:00:00,29791.0,0,0
2023-07-21 00:00:00,29772.2,0,0
2023-07-21 01:00:00,29865.9,0,0
2023-07-21 02:00:00,29891.2,0,0
2023-07-21 03:00:00,29884.3,0,0
2023-07-21 04:00:00,29848.1,0,0
2023-07-21 05:00:00,29806.3,0,0
2023-07-21 06:00:00,29839.0,0,0
2023-07-21 07:00:00,29757.8,0,0
2023-07-21 08:00:00,29778.0,0,0
2023-07-21 09:00:00,29745.7,0,0
2023-07-21 10:00:00,29785.4,0,0
2023-07-21 11:00:00,29764.8,0,0
2023-07-21 12:00:00,29854.4,0,0
2023-07-21 13:00:00,29799.4,0,0
2023-07-21 14:00:00,29864.5,0,0
2023-07-21 15:00:00,29852.0,0,0
2023-07-21 16:00:00,29811.7,0,0
2023-07-21 17:00:00,29912.2,0,0
2023-07-21 18:00:00,29970.0,0,0
2023-07-21 19:00:00,29865.1,0,0
2023-07-21 20:00:00,29867.5,0,0
2023-07-21 21:00:00,29886.4,0,0
2023-07-21 22:00:00,29910.4,0,0
2023-07-21 23:00:00,29891.4,0,0
2023-07-22 00:00:00,29968.7,0,0
2023-07-22 01:00:00,29909.0,0,0
2023-07-22 02:00:00,29926.2,0,0
2023-07-22 03:00:00,29886.6,0,0
2023-07-22 04:00:00,29870.9,0,0
2023-07-22 05:00:00,29853.3,0,0
2023-07-22 06:00:00,29874.0,0,0
2023-07-22 07:00:00,29933.0,0,0
2023-07-22 08:00:00,29929.3,0,0
2023-07-22 09:00:00,29921.0,0,0
2023-07-22 10:00:00,29890.6,0,0
2023-07-22 11:00:00,29874.1,0,0
2023-07-22 12:00:00,29826.8,0,0
2023-07-22 13:00:00,29836.0,0,0
2023-07-22 14:00:00,29869.5,0,0
2023-07-22 15:00:00,29883.9,0,0
2023-07-22 16:00:00,29888.2,0,0
2023-07-22 17:00:00,29824.0,0,0
2023-07-22 18:00:00,29799.9,0,0
2023-07-22 19:00:00,29820.6,0,0
2023-07-22 20:00:00,29810.3,0,0
2023-07-22 21:00:00,29810.9,0,0
2023-07-22 22:00:00,29792.9,0,0
2023-07-22 23:00:00,29783.5,0,0
2023-07-23 00:00:00,29769.9,0,0
2023-07-23 01:00:00,29817.2,0,0
2023-07-23 02:00:00,29874.1,0,0
2023-07-23 03:00:00,29832.5,0,0
2023-07-23 04:00:00,29892.7,0,0
2023-07-23 05:00:00,29910.6,0,0
2023-07-23 06:00:00,29908.1,0,0
2023-07-23 07:00:00,29900.9,0,0
2023-07-23 08:00:00,29933.9,0,0
2023-07-23 09:00:00,29891.9,0,0
2023-07-23 10:00:00,29878.7,0,0
2023-07-23 11:00:00,29881.5,0,0
2023-07-23 12:00:00,29911.1,0,0
2023-07-23 13:00:00,29875.5,0,0
2023-07-23 14:00:00,29883.7,0,0
2023-07-23 15:00:00,29886.0,0,0
2023-07-23 16:00:00,29941.1,0,0
2023-07-23 17:00:00,30110.1,0,0
2023-07-23 18:00:00,30238.7,0,1
2023-07-23 19:00:00,30083.1,0,0
2023-07-23 20:00:00,30131.1,0,0
2023-07-23 21:00:00,29940.9,0,0
2023-07-23 22:00:00,30004.4,0,0
2023-07-23 23:00:00,30070.8,0,0
2023-07-24 00:00:00,30000.8,0,0
2023-07-24 01:00:00,29904.8,0,0
2023-07-24 02:00:00,29785.0,0,0
2023-07-24 03:00:00,29705.6,0,0
2023-07-24 04:00:00,29775.8,0,0
2023-07-24 05:00:00,29786.3,0,0
2023-07-24 06:00:00,29765.0,0,0
2023-07-24 07:00:00,29816.4,0,0
2023-07-24 08:00:00,29744.1,0,0
2023-07-24 09:00:00,29162.0,0,0
2023-07-24 10:00:00,29307.6,0,0
2023-07-24 11:00:00,29259.6,0,0
2023-07-24 12:00:00,29223.5,0,0
2023-07-24 13:00:00,29171.4,0,0
2023-07-24 14:00:00,29032.3,0,0
2023-07-24 15:00:00,29085.8,0,0
2023-07-24 16:00:00,29098.1,0,0
2023-07-24 17:00:00,29031.6,1,0
2023-07-24 18:00:00,29114.4,0,0
2023-07-24 19:00:00,29106.9,0,0
2023-07-24 20:00:00,29134.6,0,0
2023-07-24 21:00:00,29158.5,0,0
2023-07-24 22:00:00,29152.2,0,0
2023-07-24 23:00:00,29163.8,0,0
2023-07-25 00:00:00,29103.3,0,0
2023-07-25 01:00:00,29070.0,0,0
2023-07-25 02:00:00,29119.6,0,0
2023-07-25 03:00:00,29099.6,0,0
2023-07-25 04:00:00,29080.0,0,0
2023-07-25 05:00:00,29110.7,0,0
2023-07-25 06:00:00,29131.8,0,0
2023-07-25 07:00:00,29132.3,0,0
2023-07-25 08:00:00,29177.0,0,0
2023-07-25 09:00:00,29153.9,0,0
2023-07-25 10:00:00,29151.6,0,0
2023-07-25 11:00:00,29117.6,0,0
2023-07-25 12:00:00,29108.7,0,0
2023-07-25 13:00:00,29271.9,0,0
2023-07-25 14:00:00,29160.7,0,0
2023-07-25 15:00:00,29167.0,0,0
2023-07-25 16:00:00,29214.0,0,0
2023-07-25 17:00:00,29260.4,0,0
2023-07-25 18:00:00,29252.4,0,0
2023-07-25 19:00:00,29189.0,0,0
2023-07-25 20:00:00,29219.9,0,0
2023-07-25 21:00:00,29217.9,0,0
2023-07-25 22:00:00,29189.2,0,0
2023-07-25 23:00:00,29216.3,0,0
2023-07-26 00:00:00,29155.3,0,0
2023-07-26 01:00:00,29121.0,0,0
2023-07-26 02:00:00,29280.1,0,0
2023-07-26 03:00:00,29228.0,0,0
2023-07-26 04:00:00,29185.9,0,0
2023-07-26 05:00:00,29260.8,0,0
2023-07-26 06:00:00,29198.6,0,0
2023-07-26 07:00:00,29205.3,0,0
2023-07-26 08:00:00,29207.0,0,0
2023-07-26 09:00:00,29179.0,0,0
2023-07-26 10:00:00,29180.0,0,0
2023-07-26 11:00:00,29163.9,0,0
2023-07-26 12:00:00,29217.3,0,0
2023-07-26 13:00:00,29295.3,0,0
2023-07-26 14:00:00,29255.2,0,0
2023-07-26 15:00:00,29307.2,0,0
2023-07-26 16:00:00,29290.0,0,0
2023-07-26 17:00:00,29249.7,0,0
2023-07-26 18:00:00,29363.3,0,0
2023-07-26 19:00:00,29390.3,0,0
2023-07-26 20:00:00,29562.2,0,1
2023-07-26 21:00:00,29453.4,0,0
2023-07-26 22:00:00,29456.6,0,0
2023-07-26 23:00:00,29336.0,0,0
2023-07-27 00:00:00,29341.9,0,0
2023-07-27 01:00:00,29384.3,0,0
2023-07-27 02:00:00,29420.4,0,0
2023-07-27 03:00:00,29388.1,0,0
2023-07-27 04:00:00,29473.9,0,0
2023-07-27 05:00:00,29446.0,0,0
2023-07-27 06:00:00,29368.5,0,0
2023-07-27 07:00:00,29396.9,0,0
2023-07-27 08:00:00,29455.8,0,0
2023-07-27 09:00:00,29529.4,0,0
2023-07-27 10:00:00,29466.3,0,0
2023-07-27 11:00:00,29493.9,0,0
2023-07-27 12:00:00,29486.5,0,0
2023-07-27 13:00:00,29430.6,0,0
2023-07-27 14:00:00,29336.0,0,0
2023-07-27 15:00:00,29278.0,0,0
2023-07-27 16:00:00,29263.7,0,0
2023-07-27 17:00:00,29209.7,0,0
2023-07-27 18:00:00,29131.6,0,0
2023-07-27 19:00:00,29152.6,0,0
2023-07-27 20:00:00,29133.5,0,0
2023-07-27 21:00:00,29169.5,0,0
2023-07-27 22:00:00,29186.7,0,0
2023-07-27 23:00:00,29209.7,0,0
2023-07-28 00:00:00,29255.9,0,0
2023-07-28 01:00:00,29247.8,0,0
2023-07-28 02:00:00,29217.3,0,0
2023-07-28 03:00:00,29239.8,0,0
2023-07-28 04:00:00,29249.4,0,0
2023-07-28 05:00:00,29172.0,0,0
2023-07-28 06:00:00,29175.5,0,0
2023-07-28 07:00:00,29126.9,0,0
2023-07-28 08:00:00,29142.0,0,0
2023-07-28 09:00:00,29203.2,0,0
2023-07-28 10:00:00,29208.9,0,0
2023-07-28 11:00:00,29195.3,0,0
2023-07-28 12:00:00,29295.0,0,0
2023-07-28 13:00:00,29276.8,0,0
2023-07-28 14:00:00,29475.7,0,0
2023-07-28 15:00:00,29379.0,0,0
2023-07-28 16:00:00,29346.8,0,0
2023-07-28 17:00:00,29245.4,0,0
2023-07-28 18:00:00,29297.7,0,0
2023-07-28 19:00:00,29303.4,0,0
2023-07-28 20:00:00,29329.8,0,0
2023-07-28 21:00:00,29297.3,0,0
2023-07-28 22:00:00,29282.8,0,0
2023-07-28 23:00:00,29299.9,0,0
2023-07-29 00:00:00,29310.0,0,0
2023-07-29 01:00:00,29367.6,0,0
2023-07-29 02:00:00,29361.6,0,0
2023-07-29 03:00:00,29355.7,0,0
2023-07-29 04:00:00,29367.2,0,0
2023-07-29 05:00:00,29356.1,0,0
2023-07-29 06:00:00,29336.6,0,0
2023-07-29 07:00:00,29283.0,0,0
2023-07-29 08:00:00,29287.4,0,0
2023-07-29 09:00:00,29271.8,0,0
2023-07-29 10:00:00,29264.7,0,0
2023-07-29 11:00:00,29253.2,0,0
2023-07-29 12:00:00,29281.4,0,0
2023-07-29 13:00:00,29283.7,0,0
2023-07-29 14:00:00,29271.7,0,0
2023-07-29 15:00:00,29284.8,0,0
2023-07-29 16:00:00,29296.3,0,0
2023-07-29 17:00:00,29310.4,0,0
2023-07-29 18:00:00,29297.1,0,0
2023-07-29 19:00:00,29328.0,0,0
2023-07-29 20:00:00,29338.7,0,0
2023-07-29 21:00:00,29339.2,0,0
2023-07-29 22:00:00,29341.2,0,0
2023-07-29 23:00:00,29339.1,0,0
2023-07-30 00:00:00,29337.0,0,0
2023-07-30 01:00:00,29313.0,0,0
2023-07-30 02:00:00,29299.8,0,0
2023-07-30 03:00:00,29300.2,0,0
2023-07-30 04:00:00,29309.5,0,0
2023-07-30 05:00:00,29296.7,0,0
2023-07-30 06:00:00,29272.9,0,0
2023-07-30 07:00:00,29280.0,0,0
2023-07-30 08:00:00,29285.2,0,0
2023-07-30 09:00:00,29269.9,0,0
2023-07-30 10:00:00,29269.6,0,0
2023-07-30 11:00:00,29301.3,0,0
2023-07-30 12:00:00,29307.4,0,0
2023-07-30 13:00:00,29273.3,0,0
2023-07-30 14:00:00,29377.2,0,0
2023-07-30 15:00:00,29337.1,0,0
2023-07-30 16:00:00,29367.4,0,0
2023-07-30 17:00:00,29385.1,0,0
2023-07-30 18:00:00,29342.1,0,0
2023-07-30 19:00:00,29187.2,0,0
2023-07-30 20:00:00,29255.5,0,0
2023-07-30 21:00:00,29195.1,0,0
2023-07-30 22:00:00,29145.8,0,0
2023-07-30 23:00:00,29271.1,0,0
2023-07-31 00:00:00,29449.7,0,0
2023-07-31 01:00:00,29442.4,0,0
2023-07-31 02:00:00,29448.6,0,0
2023-07-31 03:00:00,29411.8,0,0
2023-07-31 04:00:00,29388.9,0,0
2023-07-31 05:00:00,29367.9,0,0
2023-07-31 06:00:00,29400.1,0,0
2023-07-31 07:00:00,29363.7,0,0
2023-07-31 08:00:00,29384.2,0,0
2023-07-31 09:00:00,29376.8,0,0
2023-07-31 10:00:00,29378.5,0,0
2023-07-31 11:00:00,29395.9,0,0
2023-07-31 12:00:00,29456.9,0,0
2023-07-31 13:00:00,29352.6,0,0
2023-07-31 14:00:00,29290.0,0,0
2023-07-31 15:00:00,29231.3,0,0
2023-07-31 16:00:00,29215.1,0,0
2023-07-31 17:00:00,29204.8,0,0
2023-07-31 18:00:00,29180.2,0,0
2023-07-31 19:00:00,29146.5,0,0
2023-07-31 20:00:00,29194.5,0,0
2023-07-31 21:00:00,29230.6,0,0
2023-07-31 22:00:00,29199.6,0,0
2023-07-31 23:00:00,29220.8,0,0
2023-08-01 00:00:00,29272.3,0,0
2023-08-01 01:00:00,29185.7,0,0
2023-08-01 02:00:00,28917.4,0,0
2023-08-01 03:00:00,28820.1,0,0
2023-08-01 04:00:00,28852.2,0,0
2023-08-01 05:00:00,28910.6,0,0
2023-08-01 06:00:00,28900.1,0,0
2023-08-01 07:00:00,28921.2,0,0
2023-08-01 08:00:00,28983.7,0,0
2023-08-01 09:00:00,28916.9,0,0
2023-08-01 10:00:00,28915.4,0,0
2023-08-01 11:00:00,28853.0,0,0
2023-08-01 12:00:00,28867.9,0,0
2023-08-01 13:00:00,28857.0,0,0
2023-08-01 14:00:00,28816.3,1,0
2023-08-01 15:00:00,28942.9,0,0
2023-08-01 16:00:00,28922.1,0,0
2023-08-01 17:00:00,28941.4,0,0
2023-08-01 18:00:00,29261.5,0,0
2023-08-01 19:00:00,29263.6,0,0
2023-08-01 20:00:00,29221.3,0,0
2023-08-01 21:00:00,29235.0,0,0
2023-08-01 22:00:00,29242.8,0,0
2023-08-01 23:00:00,29701.2,0,0
2023-08-02 00:00:00,29816.8,0,0
2023-08-02 01:00:00,29835.6,0,1
2023-08-02 02:00:00,29799.9,0,0
2023-08-02 03:00:00,29622.5,0,0
2023-08-02 04:00:00,29667.3,0,0
2023-08-02 05:00:00,29645.1,0,0
2023-08-02 06:00:00,29552.4,0,0
2023-08-02 07:00:00,29570.1,0,0
2023-08-02 08:00:00,29481.5,0,0
2023-08-02 09:00:00,29443.0,0,0
2023-08-02 10:00:00,29525.0,0,0
2023-08-02 11:00:00,29552.9,0,0
2023-08-02 12:00:00,29451.1,0,0
2023-08-02 13:00:00,29402.6,0,0
2023-08-02 14:00:00,29263.0,0,0
2023-08-02 15:00:00,29312.6,0,0
2023-08-02 16:00:00,29014.2,1,0
2023-08-02 17:00:00,29137.4,0,0
2023-08-02 18:00:00,29138.0,0,0
2023-08-02 19:00:00,29141.8,0,0
2023-08-02 20:00:00,29129.9,0,0
2023-08-02 21:00:00,29166.9,0,0
2023-08-02 22:00:00,29174.0,0,0
2023-08-02 23:00:00,29170.1,0,0
2023-08-03 00:00:00,29158.1,0,0
2023-08-03 01:00:00,29240.9,0,0
2023-08-03 02:00:00,29160.5,0,0
2023-08-03 03:00:00,29170.1,0,0
2023-08-03 04:00:00,29126.1,0,0
2023-08-03 05:00:00,29140.1,0,0
2023-08-03 06:00:00,29076.8,0,0
2023-08-03 07:00:00,29034.0,0,0
2023-08-03 08:00:00,29110.9,0,0
2023-08-03 09:00:00,29141.0,0,0
2023-08-03 10:00:00,29161.8,0,0
2023-08-03 11:00:00,29134.2,0,0
2023-08-03 12:00:00,29097.2,0,0
2023-08-03 13:00:00,29184.9,0,0
2023-08-03 14:00:00,29380.1,0,1
2023-08-03 15:00:00,29244.4,0,0
2023-08-03 16:00:00,29286.7,0,0
2023-08-03 17:00:00,29215.7,0,0
2023-08-03 18:00:00,29255.2,0,0
2023-08-03 19:00:00,29265.7,0,0
2023-08-03 20:00:00,29293.8,0,0
2023-08-03 21:00:00,29244.5,0,0
2023-08-03 22:00:00,29220.8,0,0
2023-08-03 23:00:00,29180.2,0,0
2023-08-04 00:00:00,29222.1,0,0
2023-08-04 01:00:00,29184.3,0,0
2023-08-04 02:00:00,29150.1,0,0
2023-08-04 03:00:00,29152.6,0,0
2023-08-04 04:00:00,29199.4,0,0
2023-08-04 05:00:00,29225.1,0,0
2023-08-04 06:00:00,29184.8,0,0
2023-08-04 07:00:00,29201.6,0,0
2023-08-04 08:00:00,29172.1,0,0
2023-08-04 09:00:00,29190.9,0,0
2023-08-04 10:00:00,29152.8,0,0
2023-08-04 11:00:00,29157.2,0,0
2023-08-04 12:00:00,29208.7,0,0
2023-08-04 13:00:00,29225.0,0,0
2023-08-04 14:00:00,29240.4,0,0
2023-08-04 15:00:00,29258.8,0,0
2023-08-04 16:00:00,29251.7,0,0
2023-08-04 17:00:00,29188.0,0,0
2023-08-04 18:00:00,29048.1,0,0
2023-08-04 19:00:00,29021.0,0,0
2023-08-04 20:00:00,28952.1,0,0
2023-08-04 21:00:00,29042.5,0,0
2023-08-04 22:00:00,29042.7,0,0
2023-08-04 23:00:00,29101.1,0,0
2023-08-05 00:00:00,29104.9,0,0
2023-08-05 01:00:00,29068.5,0,0
2023-08-05 02:00:00,29073.6,0,0
2023-08-05 03:00:00,29082.6,0,0
2023-08-05 04:00:00,29045.0,0,0
2023-08-05 05:00:00,29086.9,0,0
2023-08-05 06:00:00,29056.0,0,0
2023-08-05 07:00:00,29037.9,0,0
2023-08-05 08:00:00,29077.1,0,0
2023-08-05 09:00:00,29047.2,0,0
2023-08-05 10:00:00,29050.0,0,0
2023-08-05 11:00:00,29040.6,0,0
2023-08-05 12:00:00,29004.0,0,0
2023-08-05 13:00:00,29016.4,0,0
2023-08-05 14:00:00,29058.9,0,0
2023-08-05 15:00:00,29032.4,0,0
2023-08-05 16:00:00,29021.7,0,0
2023-08-05 17:00:00,29053.5,0,0
2023-08-05 18:00:00,29065.5,0,0
2023-08-05 19:00:00,29056.9,0,0
2023-08-05 20:00:00,29044.0,0,0
2023-08-05 21:00:00,29063.5,0,0
2023-08-05 22:00:00,29078.5,0,0
2023-08-05 23:00:00,29057.7,0,0
2023-08-06 00:00:00,29053.4,0,0
2023-08-06 01:00:00,29026.3,0,0
2023-08-06 02:00:00,29059.9,0,0
2023-08-06 03:00:00,29053.5,0,0
2023-08-06 04:00:00,29064.8,0,0
2023-08-06 05:00:00,29091.9,0,0
2023-08-06 06:00:00,29060.8,0,0
2023-08-06 07:00:00,29081.4,0,0
2023-08-06 08:00:00,29098.0,0,0
2023-08-06 09:00:00,29072.4,0,0
2023-08-06 10:00:00,29058.1,0,0
2023-08-06 11:00:00,29067.0,0,0
2023-08-06 12:00:00,29026.2,0,0
2023-08-06 13:00:00,29002.0,0,0
2023-08-06 14:00:00,29028.9,0,0
2023-08-06 15:00:00,29001.0,0,0
2023-08-06 16:00:00,29078.6,0,0
2023-08-06 17:00:00,29079.0,0,0
2023-08-06 18:00:00,29076.0,0,0
2023-08-06 19:00:00,29076.9,0,0
2023-08-06 20:00:00,29126.2,0,0
2023-08-06 21:00:00,29077.4,0,0
2023-08-06 22:00:00,29085.8,0,0
2023-08-06 23:00:00,29075.9,0,0
2023-08-07 00:00:00,29046.4,0,0
2023-08-07 01:00:00,29133.5,0,0
2023-08-07 02:00:00,29186.5,0,0
2023-08-07 03:00:00,29148.9,0,0
2023-08-07 04:00:00,29172.3,0,0
2023-08-07 05:00:00,29115.5,0,0
2023-08-07 06:00:00,29041.4,0,0
2023-08-07 07:00:00,29084.7,0,0
2023-08-07 08:00:00,29050.1,0,0
2023-08-07 09:00:00,29081.0,0,0
2023-08-07 10:00:00,29134.5,0,0
2023-08-07 11:00:00,29085.8,0,0
2023-08-07 12:00:00,29070.2,0,0
2023-08-07 13:00:00,29019.4,0,0
2023-08-07 14:00:00,29018.3,0,0
2023-08-07 15:00:00,28853.2,1,0
2023-08-07 16:00:00,28930.2,0,0
2023-08-07 17:00:00,28965.1,0,0
2023-08-07 18:00:00,29080.0,0,0
2023-08-07 19:00:00,29144.9,0,0
2023-08-07 20:00:00,29186.5,0,0
2023-08-07 21:00:00,29184.3,0,0
2023-08-07 22:00:00,29170.6,0,0
2023-08-07 23:00:00,29202.7,0,0
2023-08-08 00:00:00,29253.9,0,0
2023-08-08 01:00:00,29140.8,0,0
2023-08-08 02:00:00,29160.8,0,0
2023-08-08 03:00:00,29182.8,0,0
2023-08-08 04:00:00,29216.8,0,0
2023-08-08 05:00:00,29232.7,0,0
2023-08-08 06:00:00,29210.9,0,0
2023-08-08 07:00:00,29177.0,0,0
2023-08-08 08:00:00,29169.3,0,0
2023-08-08 09:00:00,29191.4,0,0
2023-08-08 10:00:00,29289.1,0,0
2023-08-08 11:00:00,29428.0,0,0
2023-08-08 12:00:00,29561.1,0,0
2023-08-08 13:00:00,29347.1,0,0
2023-08-08 14:00:00,29422.1,0,0
2023-08-08 15:00:00,29517.5,0,0
2023-08-08 16:00:00,29732.2,0,0
2023-08-08 17:00:00,29794.6,0,0
2023-08-08 18:00:00,29830.4,0,0
2023-08-08 19:00:00,29866.4,0,0
2023-08-08 20:00:00,29967.0,0,0
2023-08-08 21:00:00,29848.1,0,0
2023-08-08 22:00:00,29756.4,0,0
2023-08-08 23:00:00,29759.0,0,0
2023-08-09 00:00:00,29765.1,0,0
2023-08-09 01:00:00,29841.0,0,0
2023-08-09 02:00:00,29680.1,0,0
2023-08-09 03:00:00,29710.0,0,0
2023-08-09 04:00:00,29749.3,0,0
2023-08-09 05:00:00,29724.9,0,0
2023-08-09 06:00:00,29712.2,0,0
2023-08-09 07:00:00,29807.9,0,0
2023-08-09 08:00:00,29823.5,0,0
2023-08-09 09:00:00,29768.8,0,0
2023-08-09 10:00:00,29827.6,0,0
2023-08-09 11:00:00,29877.1,0,0
2023-08-09 12:00:00,30064.6,0,1
2023-08-09 13:00:00,29867.6,0,0
2023-08-09 14:00:00,29745.0,0,0
2023-08-09 15:00:00,29749.4,0,0
2023-08-09 16:00:00,29504.4,0,0
2023-08-09 17:00:00,29501.4,0,0
2023-08-09 18:00:00,29508.9,0,0
2023-08-09 19:00:00,29404.2,0,0
2023-08-09 20:00:00,29493.5,0,0
2023-08-09 21:00:00,29515.3,0,0
2023-08-09 22:00:00,29595.4,0,0
2023-08-09 23:00:00,29572.8,0,0
2023-08-10 00:00:00,29612.7,0,0
2023-08-10 01:00:00,29593.8,0,0
2023-08-10 02:00:00,29565.2,0,0
2023-08-10 03:00:00,29568.9,0,0
2023-08-10 04:00:00,29530.3,0,0
2023-08-10 05:00:00,29580.5,0,0
2023-08-10 06:00:00,29503.4,0,0
2023-08-10 07:00:00,29504.0,0,0
2023-08-10 08:00:00,29506.7,0,0
2023-08-10 09:00:00,29528.0,0,0
2023-08-10 10:00:00,29545.9,0,0
2023-08-10 11:00:00,29490.0,0,0
2023-08-10 12:00:00,29552.2,0,0
2023-08-10 13:00:00,29669.8,0,0
2023-08-10 14:00:00,29483.7,0,0
2023-08-10 15:00:00,29452.8,0,0
2023-08-10 16:00:00,29419.5,0,0
2023-08-10 17:00:00,29404.1,0,0
2023-08-10 18:00:00,29426.5,0,0
2023-08-10 19:00:00,29435.5,0,0
2023-08-10 20:00:00,29446.4,0,0
2023-08-10 21:00:00,29453.3,0,0
2023-08-10 22:00:00,29447.5,0,0
2023-08-10 23:00:00,29443.7,0,0
2023-08-11 00:00:00,29471.7,0,0
2023-08-11 01:00:00,29438.5,0,0
2023-08-11 02:00:00,29362.7,0,0
2023-08-11 03:00:00,29400.7,0,0
2023-08-11 04:00:00,29405.1,0,0
2023-08-11 05:00:00,29449.8,0,0
2023-08-11 06:00:00,29451.1,0,0
2023-08-11 07:00:00,29406.7,0,0
2023-08-11 08:00:00,29402.3,0,0
2023-08-11 09:00:00,29377.0,0,0
2023-08-11 10:00:00,29382.9,0,0
2023-08-11 11:00:00,29435.0,0,0
2023-08-11 12:00:00,29417.0,0,0
2023-08-11 13:00:00,29459.8,0,0
2023-08-11 14:00:00,29481.0,0,0
2023-08-11 15:00:00,29383.0,0,0
2023-08-11 16:00:00,29347.8,0,0
2023-08-11 17:00:00,29327.3,0,0
2023-08-11 18:00:00,29361.8,0,0
2023-08-11 19:00:00,29387.8,0,0
2023-08-11 20:00:00,29407.3,0,0
2023-08-11 21:00:00,29401.5,0,0
2023-08-11 22:00:00,29420.0,0,0
2023-08-11 23:00:00,29415.5,0,0
2023-08-12 00:00:00,29444.9,0,0
2023-08-12 01:00:00,29392.1,0,0
2023-08-12 02:00:00,29378.7,0,0
2023-08-12 03:00:00,29388.0,0,0
2023-08-12 04:00:00,29404.8,0,0
2023-08-12 05:00:00,29393.3,0,0
2023-08-12 06:00:00,29410.7,0,0
2023-08-12 07:00:00,29410.2,0,0
2023-08-12 08:00:00,29383.0,0,0
2023-08-12 09:00:00,29408.4,0,0
2023-08-12 10:00:00,29423.0,0,0
2023-08-12 11:00:00,29416.7,0,0
2023-08-12 12:00:00,29414.4,0,0
2023-08-12 13:00:00,29396.4,0,0
2023-08-12 14:00:00,29438.9,0,0
2023-08-12 15:00:00,29426.0,0,0
2023-08-12 16:00:00,29445.4,0,0
2023-08-12 17:00:00,29419.2,0,0
2023-08-12 18:00:00,29417.9,0,0
2023-08-12 19:00:00,29407.5,0,0
2023-08-12 20:00:00,29409.5,0,0
2023-08-12 21:00:00,29411.5,0,0
2023-08-12 22:00:00,29419.0,0,0
2023-08-12 23:00:00,29420.7,0,0
2023-08-13 00:00:00,29443.4,0,0
2023-08-13 01:00:00,29442.6,0,0
2023-08-13 02:00:00,29434.6,0,0
2023-08-13 03:00:00,29401.8,0,0
2023-08-13 04:00:00,29377.8,0,0
2023-08-13 05:00:00,29374.2,0,0
2023-08-13 06:00:00,29390.2,0,0
2023-08-13 07:00:00,29385.5,0,0
2023-08-13 08:00:00,29399.7,0,0
2023-08-13 09:00:00,29398.8,0,0
2023-08-13 10:00:00,29389.7,0,0
2023-08-13 11:00:00,29374.0,0,0
2023-08-13 12:00:00,29380.5,0,0
2023-08-13 13:00:00,29363.5,0,0
2023-08-13 14:00:00,29360.4,0,0
2023-08-13 15:00:00,29362.8,0,0
2023-08-13 16:00:00,29345.0,0,0
2023-08-13 17:00:00,29386.3,0,0
2023-08-13 18:00:00,29411.2,0,0
2023-08-13 19:00:00,29426.1,0,0
2023-08-13 20:00:00,29411.8,0,0
2023-08-13 21:00:00,29360.0,0,0
2023-08-13 22:00:00,29307.0,0,0
2023-08-13 23:00:00,29293.3,0,0
2023-08-14 00:00:00,29260.8,0,0
2023-08-14 01:00:00,29256.4,1,0
2023-08-14 02:00:00,29309.9,0,0
2023-08-14 03:00:00,29390.0,0,0
2023-08-14 04:00:00,29403.9,0,0
2023-08-14 05:00:00,29436.0,0,0
2023-08-14 06:00:00,29408.2,0,0
2023-08-14 07:00:00,29410.5,0,0
2023-08-14 08:00:00,29414.2,0,0
2023-08-14 09:00:00,29404.5,0,0
2023-08-14 10:00:00,29418.7,0,0
2023-08-14 11:00:00,29399.8,0,0
2023-08-14 12:00:00,29372.0,0,0
2023-08-14 13:00:00,29376.0,0,0
2023-08-14 14:00:00,29523.7,0,0
2023-08-14 15:00:00,29592.9,0,0
2023-08-14 16:00:00,29638.5,0,1
2023-08-14 17:00:00,29475.2,0,0
2023-08-14 18:00:00,29315.2,0,0
2023-08-14 19:00:00,29353.8,0,0
2023-08-14 20:00:00,29388.3,0,0
2023-08-14 21:00:00,29390.3,0,0
2023-08-14 22:00:00,29426.5,0,0
2023-08-14 23:00:00,29419.5,0,0
2023-08-15 00:00:00,29424.0,0,0
2023-08-15 01:00:00,29398.6,0,0
2023-08-15 02:00:00,29372.3,0,0
2023-08-15 03:00:00,29386.9,0,0
2023-08-15 04:00:00,29366.3,0,0
2023-08-15 05:00:00,29360.4,0,0
2023-08-15 06:00:00,29363.7,0,0
2023-08-15 07:00:00,29396.9,0,0
2023-08-15 08:00:00,29413.0,0,0
2023-08-15 09:00:00,29411.4,0,0
2023-08-15 10:00:00,29391.7,0,0
2023-08-15 11:00:00,29357.1,0,0
2023-08-15 12:00:00,29352.9,0,0
2023-08-15 13:00:00,29359.2,0,0
2023-08-15 14:00:00,29442.6,0,0
2023-08-15 15:00:00,29315.2,0,0
2023-08-15 16:00:00,29271.9,0,0
2023-08-15 17:00:00,29322.7,0,0
2023-08-15 18:00:00,29314.6,0,0
2023-08-15 19:00:00,29172.4,0,0
2023-08-15 20:00:00,29191.8,0,0
2023-08-15 21:00:00,29214.8,0,0
2023-08-15 22:00:00,29170.9,0,0
2023-08-15 23:00:00,29188.8,0,0
2023-08-16 00:00:00,29214.9,0,0
2023-08-16 01:00:00,29238.0,0,0
2023-08-16 02:00:00,29246.2,0,0
2023-08-16 03:00:00,29216.7,0,0
2023-08-16 04:00:00,29197.1,0,0
2023-08-16 05:00:00,29130.0,0,0
2023-08-16 06:00:00,29180.8,0,0
2023-08-16 07:00:00,29187.0,0,0
2023-08-16 08:00:00,29171.0,0,0
2023-08-16 09:00:00,29160.8,0,0
2023-08-16 10:00:00,29192.6,0,0
2023-08-16 11:00:00,29154.9,0,0
2023-08-16 12:00:00,29151.1,0,0
2023-08-16 13:00:00,29077.6,0,0
2023-08-16 14:00:00,29154.9,0,0
2023-08-16 15:00:00,29098.0,0,0
2023-08-16 16:00:00,29080.2,0,0
2023-08-16 17:00:00,29161.1,0,0
2023-08-16 18:00:00,29161.8,0,0
2023-08-16 19:00:00,29105.5,0,0
2023-08-16 20:00:00,28961.8,0,0
2023-08-16 21:00:00,28924.0,0,0
2023-08-16 22:00:00,28896.4,0,0
2023-08-16 23:00:00,28714.4,0,0
2023-08-17 00:00:00,28566.5,0,0
2023-08-17 01:00:00,28622.0,0,0
2023-08-17 02:00:00,28574.9,0,0
2023-08-17 03:00:00,28643.5,0,0
2023-08-17 04:00:00,28636.6,0,0
2023-08-17 05:00:00,28671.7,0,0
2023-08-17 06:00:00,28675.8,0,0
2023-08-17 07:00:00,28613.0,0,0
2023-08-17 08:00:00,28545.3,0,0
2023-08-17 09:00:00,28583.1,0,0
2023-08-17 10:00:00,28532.3,0,0
2023-08-17 11:00:00,28540.0,0,0
2023-08-17 12:00:00,28490.1,0,0
2023-08-17 13:00:00,28393.3,0,0
2023-08-17 14:00:00,28388.0,0,0
2023-08-17 15:00:00,27920.9,0,0
2023-08-17 16:00:00,27927.4,0,0
2023-08-17 17:00:00,27966.1,0,0
2023-08-17 18:00:00,27875.0,0,0
2023-08-17 19:00:00,27889.4,0,0
2023-08-17 20:00:00,27663.5,0,0
2023-08-17 21:00:00,26249.9,1,0
2023-08-17 22:00:00,26790.1,0,1
2023-08-17 23:00:00,26609.7,0,0
2023-08-18 00:00:00,26723.4,0,0
2023-08-18 01:00:00,26602.7,0,0
2023-08-18 02:00:00,26470.6,0,0
2023-08-18 03:00:00,26385.9,0,0
2023-08-18 04:00:00,26256.6,1,0
2023-08-18 05:00:00,26427.7,0,0
2023-08-18 06:00:00,26489.4,0,0
2023-08-18 07:00:00,26413.8,0,0
2023-08-18 08:00:00,26577.0,0,1
2023-08-18 09:00:00,26439.9,0,0
2023-08-18 10:00:00,26437.7,0,0
2023-08-18 11:00:00,26479.5,0,0
2023-08-18 12:00:00,26318.0,0,0
2023-08-18 13:00:00,26227.9,0,0
2023-08-18 14:00:00,25998.7,0,0
2023-08-18 15:00:00,25993.1,0,0
2023-08-18 16:00:00,25889.6,0,0
2023-08-18 17:00:00,25998.2,0,0
2023-08-18 18:00:00,26110.7,0,0
2023-08-18 19:00:00,26053.4,0,0
2023-08-18 20:00:00,26072.6,0,0
2023-08-18 21:00:00,26050.2,0,0
2023-08-18 22:00:00,26055.2,0,0
2023-08-18 23:00:00,26042.1,0,0
2023-08-19 00:00:00,26087.2,0,0
2023-08-19 01:00:00,26001.2,0,0
2023-08-19 02:00:00,25987.3,0,0
2023-08-19 03:00:00,25958.7,0,0
2023-08-19 04:00:00,25976.8,0,0
2023-08-19 05:00:00,25872.7,0,0
2023-08-19 06:00:00,25824.0,1,0
2023-08-19 07:00:00,25906.8,0,0
2023-08-19 08:00:00,25918.2,0,0
2023-08-19 09:00:00,25932.1,0,0
2023-08-19 10:00:00,25897.1,0,0
2023-08-19 11:00:00,25885.2,0,0
2023-08-19 12:00:00,25900.0,0,0
2023-08-19 13:00:00,25910.0,0,0
2023-08-19 14:00:00,25961.8,0,0
2023-08-19 15:00:00,26201.0,0,0
2023-08-19 16:00:00,26240.1,0,1
2023-08-19 17:00:00,26071.6,0,0
2023-08-19 18:00:00,26109.7,0,0
2023-08-19 19:00:00,26112.6,0,0
2023-08-19 20:00:00,26045.0,0,0
2023-08-19 21:00:00,26071.0,0,0
2023-08-19 22:00:00,26037.5,0,0
2023-08-19 23:00:00,26088.3,0,0
2023-08-20 00:00:00,26168.9,0,0
2023-08-20 01:00:00,26057.7,0,0
2023-08-20 02:00:00,26081.8,0,0
2023-08-20 03:00:00,26090.9,0,0
2023-08-20 04:00:00,26104.9,0,0
2023-08-20 05:00:00,26075.2,0,0
2023-08-20 06:00:00,26051.3,0,0
2023-08-20 07:00:00,26073.6,0,0
2023-08-20 08:00:00,26099.9,0,0
2023-08-20 09:00:00,26130.0,0,0
2023-08-20 10:00:00,26134.9,0,0
2023-08-20 11:00:00,26163.9,0,0
2023-08-20 12:00:00,26174.0,0,0
2023-08-20 13:00:00,26126.9,0,0
2023-08-20 14:00:00,26050.0,0,0
2023-08-20 15:00:00,26095.0,0,0
2023-08-20 16:00:00,26035.8,0,0
2023-08-20 17:00:00,26111.3,0,0
2023-08-20 18:00:00,26100.2,0,0
2023-08-20 19:00:00,26122.1,0,0
2023-08-20 20:00:00,26222.8,0,0
2023-08-20 21:00:00,26167.2,0,0
2023-08-20 22:00:00,26194.0,0,0
2023-08-20 23:00:00,26175.9,0,0
2023-08-21 00:00:00,26126.8,0,0
2023-08-21 01:00:00,26131.8,0,0
2023-08-21 02:00:00,26084.0,0,0
2023-08-21 03:00:00,26076.7,0,0
2023-08-21 04:00:00,26043.8,0,0
2023-08-21 05:00:00,26093.8,0,0
2023-08-21 06:00:00,26021.8,0,0
2023-08-21 07:00:00,26012.0,0,0
2023-08-21 08:00:00,26049.8,0,0
2023-08-21 09:00:00,26018.7,0,0
2023-08-21 10:00:00,25930.5,0,0
2023-08-21 11:00:00,26020.7,0,0
2023-08-21 12:00:00,25988.1,0,0
2023-08-21 13:00:00,26117.9,0,0
2023-08-21 14:00:00,26094.0,0,0
2023-08-21 15:00:00,25925.1,0,0
2023-08-21 16:00:00,26002.0,0,0
2023-08-21 17:00:00,26039.0,0,0
2023-08-21 18:00:00,26021.0,0,0
2023-08-21 19:00:00,26086.2,0,0
2023-08-21 20:00:00,26092.8,0,0
2023-08-21 21:00:00,26182.0,0,0
2023-08-21 22:00:00,26118.4,0,0
2023-08-21 23:00:00,26115.4,0,0
2023-08-22 00:00:00,26086.1,0,0
2023-08-22 01:00:00,26035.6,0,0
2023-08-22 02:00:00,26052.1,0,0
2023-08-22 03:00:00,26042.2,0,0
2023-08-22 04:00:00,26003.4,0,0
2023-08-22 05:00:00,26029.2,0,0
2023-08-22 06:00:00,26057.9,0,0
2023-08-22 07:00:00,26091.6,0,0
2023-08-22 08:00:00,26051.6,0,0
2023-08-22 09:00:00,26032.6,0,0
2023-08-22 10:00:00,26036.3,0,0
2023-08-22 11:00:00,26039.0,0,0
2023-08-22 12:00:00,26028.5,0,0
2023-08-22 13:00:00,25986.1,0,0
2023-08-22 14:00:00,25980.0,0,0
2023-08-22 15:00:00,25923.0,0,0
2023-08-22 16:00:00,26008.2,0,0
2023-08-22 17:00:00,25824.5,0,0
2023-08-22 18:00:00,25898.9,0,0
2023-08-22 19:00:00,25767.2,0,0
2023-08-22 20:00:00,25850.8,0,0
2023-08-22 21:00:00,25652.4,1,0
2023-08-22 22:00:00,25797.5,0,0
2023-08-22 23:00:00,26044.4,0,0
2023-08-23 00:00:00,26027.3,0,0
2023-08-23 01:00:00,26037.9,0,0
2023-08-23 02:00:00,26027.8,0,0
2023-08-23 03:00:00,25992.1,0,0
2023-08-23 04:00:00,26036.1,0,0
2023-08-23 05:00:00,26028.6,0,0
2023-08-23 06:00:00,26049.6,0,0
2023-08-23 07:00:00,26045.3,0,0
2023-08-23 08:00:00,26027.5,0,0
2023-08-23 09:00:00,26030.0,0,0
2023-08-23 10:00:00,25954.8,0,0
2023-08-23 11:00:00,25928.1,0,0
2023-08-23 12:00:00,25832.5,0,0
2023-08-23 13:00:00,26003.9,0,0
2023-08-23 14:00:00,26027.5,0,0
2023-08-23 15:00:00,26134.3,0,0
2023-08-23 16:00:00,26379.3,0,0
2023-08-23 17:00:00,26526.9,0,0
2023-08-23 18:00:00,26447.3,0,0
2023-08-23 19:00:00,26615.2,0,1
2023-08-23 20:00:00,26578.2,0,0
2023-08-23 21:00:00,26306.4,0,0
2023-08-23 22:00:00,26440.5,0,0
2023-08-23 23:00:00,26419.2,0,0
2023-08-24 00:00:00,26500.0,0,0
2023-08-24 01:00:00,26337.7,0,0
2023-08-24 02:00:00,26364.0,0,0
2023-08-24 03:00:00,26430.0,0,0
2023-08-24 04:00:00,26440.1,0,0
2023-08-24 05:00:00,26411.9,0,0
2023-08-24 06:00:00,26436.1,0,0
2023-08-24 07:00:00,26460.7,0,0
2023-08-24 08:00:00,26486.1,0,0
2023-08-24 09:00:00,26429.0,0,0
2023-08-24 10:00:00,26467.6,0,0
2023-08-24 11:00:00,26433.8,0,0
2023-08-24 12:00:00,26377.5,0,0
2023-08-24 13:00:00,26346.4,0,0
2023-08-24 14:00:00,26100.1,0,0
2023-08-24 15:00:00,25987.3,0,0
2023-08-24 16:00:00,26103.9,0,0
2023-08-24 17:00:00,26046.4,0,0
2023-08-24 18:00:00,26009.3,0,0
2023-08-24 19:00:00,26025.9,0,0
2023-08-24 20:00:00,26021.9,0,0
2023-08-24 21:00:00,26079.8,0,0
2023-08-24 22:00:00,26108.0,0,0
2023-08-24 23:00:00,26164.6,0,0
2023-08-25 00:00:00,26129.1,0,0
2023-08-25 01:00:00,26137.7,0,0
2023-08-25 02:00:00,26118.8,0,0
2023-08-25 03:00:00,26095.2,0,0
2023-08-25 04:00:00,26013.8,0,0
2023-08-25 05:00:00,26045.0,0,0
2023-08-25 06:00:00,26004.7,0,0
2023-08-25 07:00:00,25969.3,0,0
2023-08-25 08:00:00,26085.6,0,0
2023-08-25 09:00:00,26069.9,0,0
2023-08-25 10:00:00,26072.8,0,0
2023-08-25 11:00:00,26087.7,0,0
2023-08-25 12:00:00,26095.4,0,0
2023-08-25 13:00:00,26056.3,0,0
2023-08-25 14:00:00,25821.6,1,0
2023-08-25 15:00:00,25917.4,0,0
2023-08-25 16:00:00,25926.9,0,0
2023-08-25 17:00:00,25879.2,0,0
2023-08-25 18:00:00,26038.9,0,0
2023-08-25 19:00:00,25961.9,0,0
2023-08-25 20:00:00,26045.9,0,0
2023-08-25 21:00:00,26068.3,0,0
2023-08-25 22:00:00,26043.6,0,0
2023-08-25 23:00:00,26051.7,0,0
2023-08-26 00:00:00,26030.0,0,0
2023-08-26 01:00:00,26034.9,0,0
2023-08-26 02:00:00,26063.2,0,0
2023-08-26 03:00:00,26076.4,0,0
2023-08-26 04:00:00,26065.2,0,0
2023-08-26 05:00:00,26051.1,0,0
2023-08-26 06:00:00,26066.8,0,0
2023-08-26 07:00:00,26039.7,0,0
2023-08-26 08:00:00,26031.5,0,0
2023-08-26 09:00:00,26002.2,0,0
2023-08-26 10:00:00,26023.9,0,0
2023-08-26 11:00:00,26035.9,0,0
2023-08-26 12:00:00,26016.4,0,0
2023-08-26 13:00:00,26034.4,0,0
2023-08-26 14:00:00,26057.0,0,0
2023-08-26 15:00:00,26040.2,0,0
2023-08-26 16:00:00,26027.0,0,0
2023-08-26 17:00:00,26018.7,0,0
2023-08-26 18:00:00,26010.2,0,0
2023-08-26 19:00:00,26023.0,0,0
2023-08-26 20:00:00,26018.1,0,0
2023-08-26 21:00:00,26026.8,0,0
2023-08-26 22:00:00,26018.4,0,0
2023-08-26 23:00:00,26004.3,0,0
2023-08-27 00:00:00,25987.6,0,0
2023-08-27 01:00:00,25987.5,0,0
2023-08-27 02:00:00,25987.3,0,0
2023-08-27 03:00:00,26009.6,0,0
2023-08-27 04:00:00,26026.3,0,0
2023-08-27 05:00:00,26023.4,0,0
2023-08-27 06:00:00,26037.0,0,0
2023-08-27 07:00:00,26028.5,0,0
2023-08-27 08:00:00,26047.0,0,0
2023-08-27 09:00:00,26066.6,0,0
2023-08-27 10:00:00,26067.0,0,0
2023-08-27 11:00:00,26049.0,0,0
2023-08-27 12:00:00,26059.2,0,0
2023-08-27 13:00:00,26066.8,0,0
2023-08-27 14:00:00,26134.0,0,0
2023-08-27 15:00:00,26110.8,0,0
2023-08-27 16:00:00,26151.8,0,0
2023-08-27 17:00:00,26054.2,0,0
2023-08-27 18:00:00,26092.6,0,0
2023-08-27 19:00:00,26112.1,0,0
2023-08-27 20:00:00,26083.2,0,0
2023-08-27 21:00:00,26058.6,0,0
2023-08-27 22:00:00,26076.7,0,0
2023-08-27 23:00:00,26087.7,0,0
2023-08-28 00:00:00,26009.3,0,0
2023-08-28 01:00:00,26017.7,0,0
2023-08-28 02:00:00,26019.7,0,0
2023-08-28 03:00:00,26002.0,0,0
2023-08-28 04:00:00,26013.0,0,0
2023-08-28 05:00:00,25950.2,0,0
2023-08-28 06:00:00,25934.8,0,0
2023-08-28 07:00:00,25923.0,0,0
2023-08-28 08:00:00,25952.8,0,0
2023-08-28 09:00:00,25921.3,0,0
2023-08-28 10:00:00,25942.5,0,0
2023-08-28 11:00:00,25992.8,0,0
2023-08-28 12:00:00,26126.0,0,0
2023-08-28 13:00:00,26087.0,0,0
2023-08-28 14:00:00,26126.4,0,0
2023-08-28 15:00:00,26093.3,0,0
2023-08-28 16:00:00,26132.6,0,0
2023-08-28 17:00:00,26129.0,0,0
2023-08-28 18:00:00,26134.4,0,0
2023-08-28 19:00:00,25981.6,0,0
2023-08-28 20:00:00,25979.3,0,0
2023-08-28 21:00:00,25967.0,0,0
2023-08-28 22:00:00,26046.1,0,0
2023-08-28 23:00:00,26106.5,0,0
2023-08-29 00:00:00,26128.0,0,0
2023-08-29 01:00:00,26091.9,0,0
2023-08-29 02:00:00,26091.1,0,0
2023-08-29 03:00:00,26068.3,0,0
2023-08-29 04:00:00,26046.0,0,0
2023-08-29 05:00:00,26050.6,0,0
2023-08-29 06:00:00,25999.3,0,0
2023-08-29 07:00:00,25992.0,0,0
2023-08-29 08:00:00,25940.9,0,0
2023-08-29 09:00:00,25978.2,0,0
2023-08-29 10:00:00,25968.4,0,0
2023-08-29 11:00:00,25962.2,0,0
2023-08-29 12:00:00,26034.6,0,0
2023-08-29 13:00:00,26036.2,0,0
2023-08-29 14:00:00,27484.8,0,0
2023-08-29 15:00:00,27411.4,0,0
2023-08-29 16:00:00,27988.4,0,1
2023-08-29 17:00:00,27880.1,0,0
2023-08-29 18:00:00,27960.1,0,0
2023-08-29 19:00:00,27820.0,0,0
2023-08-29 20:00:00,27560.0,0,0
2023-08-29 21:00:00,27651.3,0,0
2023-08-29 22:00:00,27624.8,0,0
2023-08-29 23:00:00,27700.1,0,0
2023-08-30 00:00:00,27611.9,0,0
2023-08-30 01:00:00,27542.8,0,0
2023-08-30 02:00:00,27388.5,0,0
2023-08-30 03:00:00,27379.3,0,0
2023-08-30 04:00:00,27427.7,0,0
2023-08-30 05:00:00,27456.2,0,0
2023-08-30 06:00:00,27371.9,0,0
2023-08-30 07:00:00,27427.2,0,0
2023-08-30 08:00:00,27457.4,0,0
2023-08-30 09:00:00,27413.4,0,0
2023-08-30 10:00:00,27421.8,0,0
2023-08-30 11:00:00,27323.5,0,0
2023-08-30 12:00:00,27342.7,0,0
2023-08-30 13:00:00,27363.7,0,0
2023-08-30 14:00:00,27096.1,0,0
2023-08-30 15:00:00,27192.0,0,0
2023-08-30 16:00:00,27146.3,0,0
2023-08-30 17:00:00,27152.0,0,0
2023-08-30 18:00:00,27265.0,0,0
2023-08-30 19:00:00,27167.3,0,0
2023-08-30 20:00:00,27233.9,0,0
2023-08-30 21:00:00,27245.5,0,0
2023-08-30 22:00:00,27225.1,0,0
2023-08-30 23:00:00,27290.4,0,0
2023-08-31 00:00:00,27209.9,0,0
2023-08-31 01:00:00,27186.4,0,0
2023-08-31 02:00:00,27180.2,0,0
2023-08-31 03:00:00,27207.8,0,0
2023-08-31 04:00:00,27240.2,0,0
2023-08-31 05:00:00,27237.5,0,0
2023-08-31 06:00:00,27244.5,0,0
2023-08-31 07:00:00,27249.1,0,0
2023-08-31 08:00:00,27225.0,0,0
2023-08-31 09:00:00,27186.1,0,0
2023-08-31 10:00:00,27190.3,0,0
2023-08-31 11:00:00,27291.8,0,0
2023-08-31 12:00:00,27178.8,0,0
2023-08-31 13:00:00,27138.1,0,0
2023-08-31 14:00:00,27162.3,0,0
2023-08-31 15:00:00,26909.5,0,0
2023-08-31 16:00:00,26223.3,0,0
2023-08-31 17:00:00,26319.3,0,0
2023-08-31 18:00:00,26280.1,0,0
2023-08-31 19:00:00,26148.7,0,0
2023-08-31 20:00:00,26007.4,0,0
2023-08-31 21:00:00,26013.0,0,0
2023-08-31 22:00:00,26042.8,0,0
2023-08-31 23:00:00,25928.0,0,0
2023-09-01 00:00:00,26037.8,0,0
2023-09-01 01:00:00,25974.9,0,0
2023-09-01 02:00:00,26045.4,0,0
2023-09-01 03:00:00,26071.5,0,0
2023-09-01 04:00:00,26031.1,0,0
2023-09-01 05:00:00,26017.1,0,0
2023-09-01 06:00:00,25985.6,0,0
2023-09-01 07:00:00,25975.2,0,0
2023-09-01 08:00:00,25972.0,0,0
2023-09-01 09:00:00,26020.4,0,0
2023-09-01 10:00:00,25987.2,0,0
2023-09-01 11:00:00,26033.7,0,0
2023-09-01 12:00:00,26050.5,0,0
2023-09-01 13:00:00,25988.6,0,0
2023-09-01 14:00:00,25705.0,0,0
2023-09-01 15:00:00,25798.0,0,0
2023-09-01 16:00:00,25779.9,0,0
2023-09-01 17:00:00,25467.2,1,0
2023-09-01 18:00:00,25640.8,0,0
2023-09-01 19:00:00,25637.1,0,0
2023-09-01 20:00:00,25763.4,0,0
2023-09-01 21:00:00,25792.1,0,0
2023-09-01 22:00:00,25749.9,0,0
2023-09-01 23:00:00,25795.6,0,0
2023-09-02 00:00:00,25777.4,0,0
2023-09-02 01:00:00,25760.0,0,0
2023-09-02 02:00:00,25749.6,0,0
2023-09-02 03:00:00,25786.1,0,0
2023-09-02 04:00:00,25768.6,0,0
2023-09-02 05:00:00,25808.8,0,0
2023-09-02 06:00:00,25791.0,0,0
2023-09-02 07:00:00,25783.9,0,0
2023-09-02 08:00:00,25766.9,0,0
2023-09-02 09:00:00,25798.4,0,0
2023-09-02 10:00:00,25820.0,0,0
2023-09-02 11:00:00,25800.1,0,0
2023-09-02 12:00:00,25798.4,0,0
2023-09-02 13:00:00,25814.5,0,0
2023-09-02 14:00:00,25850.0,0,0
2023-09-02 15:00:00,25880.0,0,0
2023-09-02 16:00:00,25851.3,0,0
2023-09-02 17:00:00,25803.7,0,0
2023-09-02 18:00:00,25801.7,0,0
2023-09-02 19:00:00,25821.6,0,0
2023-09-02 20:00:00,25839.5,0,0
2023-09-02 21:00:00,25849.3,0,0
2023-09-02 22:00:00,25849.8,0,0
2023-09-02 23:00:00,25855.8,0,0
2023-09-03 00:00:00,25860.0,0,0
2023-09-03 01:00:00,25852.8,0,0
2023-09-03 02:00:00,25847.1,0,0
2023-09-03 03:00:00,25850.0,0,0
2023-09-03 04:00:00,25862.5,0,0
2023-09-03 05:00:00,25884.9,0,0
2023-09-03 06:00:00,25899.5,0,0
2023-09-03 07:00:00,25941.4,0,0
2023-09-03 08:00:00,25870.6,0,0
2023-09-03 09:00:00,25890.3,0,0
2023-09-03 10:00:00,25919.4,0,0
2023-09-03 11:00:00,25930.4,0,0
2023-09-03 12:00:00,25883.4,0,0
2023-09-03 13:00:00,25875.6,0,0
2023-09-03 14:00:00,25914.7,0,0
2023-09-03 15:00:00,25858.2,0,0
2023-09-03 16:00:00,25832.7,0,0
2023-09-03 17:00:00,25875.7,0,0
2023-09-03 18:00:00,25924.1,0,0
2023-09-03 19:00:00,25997.6,0,0
2023-09-03 20:00:00,26039.6,0,1
2023-09-03 21:00:00,25956.0,0,0
2023-09-03 22:00:00,25938.5,0,0
2023-09-03 23:00:00,25962.1,0,0
2023-09-04 00:00:00,25900.2,0,0
2023-09-04 01:00:00,25897.7,0,0
2023-09-04 02:00:00,25970.8,0,0
2023-09-04 03:00:00,25974.1,0,0
2023-09-04 04:00:00,25969.7,0,0
2023-09-04 05:00:00,25920.3,0,0
2023-09-04 06:00:00,25952.3,0,0
2023-09-04 07:00:00,25953.8,0,0
2023-09-04 08:00:00,25973.7,0,0
2023-09-04 09:00:00,25941.3,0,0
2023-09-04 10:00:00,25894.1,0,0
2023-09-04 11:00:00,25878.0,0,0
2023-09-04 12:00:00,25845.0,0,0
2023-09-04 13:00:00,25870.8,0,0
2023-09-04 14:00:00,25839.9,0,0
2023-09-04 15:00:00,25803.9,0,0
2023-09-04 16:00:00,25852.1,0,0
2023-09-04 17:00:00,25894.5,0,0
2023-09-04 18:00:00,25900.8,0,0
2023-09-04 19:00:00,25881.0,0,0
2023-09-04 20:00:00,25823.1,0,0
2023-09-04 21:00:00,25664.1,0,0
2023-09-04 22:00:00,25763.6,0,0
2023-09-04 23:00:00,25814.0,0,0
2023-09-05 00:00:00,25757.4,0,0
2023-09-05 01:00:00,25741.5,0,0
2023-09-05 02:00:00,25661.2,0,0
2023-09-05 03:00:00,25681.8,0,0
2023-09-05 04:00:00,25683.7,0,0
2023-09-05 05:00:00,25723.8,0,0
2023-09-05 06:00:00,25679.8,0,0
2023-09-05 07:00:00,25724.7,0,0
2023-09-05 08:00:00,25701.0,0,0
2023-09-05 09:00:00,25740.8,0,0
2023-09-05 10:00:00,25744.9,0,0
2023-09-05 11:00:00,25771.2,0,0
2023-09-05 12:00:00,25809.8,0,0
2023-09-05 13:00:00,25724.5,0,0
2023-09-05 14:00:00,25702.2,0,0
2023-09-05 15:00:00,25747.9,0,0
2023-09-05 16:00:00,25738.0,0,0
2023-09-05 17:00:00,25738.7,0,0
2023-09-05 18:00:00,25732.7,0,0
2023-09-05 19:00:00,25670.4,0,0
2023-09-05 20:00:00,25701.3,0,0
2023-09-05 21:00:00,25720.8,0,0
2023-09-05 22:00:00,25756.8,0,0
2023-09-05 23:00:00,25779.7,0,0
2023-09-06 00:00:00,25793.0,0,0
2023-09-06 01:00:00,25772.0,0,0
2023-09-06 02:00:00,25836.8,0,0
2023-09-06 03:00:00,25770.1,0,0
2023-09-06 04:00:00,25741.9,0,0
2023-09-06 05:00:00,25735.7,0,0
2023-09-06 06:00:00,25765.6,0,0
2023-09-06 07:00:00,25715.0,0,0
2023-09-06 08:00:00,25739.9,0,0
2023-09-06 09:00:00,25739.0,0,0
2023-09-06 10:00:00,25716.7,0,0
2023-09-06 11:00:00,25722.1,0,0
2023-09-06 12:00:00,25700.0,0,0
2023-09-06 13:00:00,25728.7,0,0
2023-09-06 14:00:00,25606.0,0,0
2023-09-06 15:00:00,25576.3,1,0
2023-09-06 16:00:00,25585.8,0,0
2023-09-06 17:00:00,25845.6,0,0
2023-09-06 18:00:00,25619.4,0,0
2023-09-06 19:00:00,25679.4,0,0
2023-09-06 20:00:00,25671.5,0,0
2023-09-06 21:00:00,25711.8,0,0
2023-09-06 22:00:00,25734.0,0,0
2023-09-06 23:00:00,25747.4,0,0
2023-09-07 00:00:00,25744.2,0,0
2023-09-07 01:00:00,25735.1,0,0
2023-09-07 02:00:00,25738.0,0,0
2023-09-07 03:00:00,25824.7,0,0
2023-09-07 04:00:00,25803.5,0,0
2023-09-07 05:00:00,25776.6,0,0
2023-09-07 06:00:00,25750.1,0,0
2023-09-07 07:00:00,25750.9,0,0
2023-09-07 08:00:00,25732.4,0,0
2023-09-07 09:00:00,25725.9,0,0
2023-09-07 10:00:00,25741.3,0,0
2023-09-07 11:00:00,25695.5,0,0
2023-09-07 12:00:00,25649.0,0,0
2023-09-07 13:00:00,25633.2,0,0
2023-09-07 14:00:00,25760.0,0,0
2023-09-07 15:00:00,25766.7,0,0
2023-09-07 16:00:00,25815.9,0,0
2023-09-07 17:00:00,25918.9,0,0
2023-09-07 18:00:00,25889.9,0,0
2023-09-07 19:00:00,25867.1,0,0
2023-09-07 20:00:00,25991.5,0,0
2023-09-07 21:00:00,26149.5,0,0
2023-09-07 22:00:00,26311.3,0,0
2023-09-07 23:00:00,26240.7,0,0
2023-09-08 00:00:00,26343.9,0,1
2023-09-08 01:00:00,26232.9,0,0
2023-09-08 02:00:00,26234.9,0,0
2023-09-08 03:00:00,26235.6,0,0
2023-09-08 04:00:00,26334.1,0,0
2023-09-08 05:00:00,26225.6,0,0
2023-09-08 06:00:00,26211.4,0,0
2023-09-08 07:00:00,26244.1,0,0
2023-09-08 08:00:00,26184.5,0,0
2023-09-08 09:00:00,26032.3,0,0
2023-09-08 10:00:00,25819.8,0,0
2023-09-08 11:00:00,25828.9,0,0
2023-09-08 12:00:00,25839.3,0,0
2023-09-08 13:00:00,25873.2,0,0
2023-09-08 14:00:00,25815.8,0,0
2023-09-08 15:00:00,25829.8,0,0
2023-09-08 16:00:00,25781.5,0,0
2023-09-08 17:00:00,25815.0,0,0
2023-09-08 18:00:00,25785.3,0,0
2023-09-08 19:00:00,25883.7,0,0
2023-09-08 20:00:00,25893.6,0,0
2023-09-08 21:00:00,25878.4,0,0
2023-09-08 22:00:00,25890.1,0,0
2023-09-08 23:00:00,25899.8,0,0
2023-09-09 00:00:00,25846.4,0,0
2023-09-09 01:00:00,25854.9,0,0
2023-09-09 02:00:00,25877.7,0,0
2023-09-09 03:00:00,25866.2,0,0
2023-09-09 04:00:00,25861.1,0,0
2023-09-09 05:00:00,25828.9,0,0
2023-09-09 06:00:00,25870.7,0,0
2023-09-09 07:00:00,25871.0,0,0
2023-09-09 08:00:00,25860.0,0,0
2023-09-09 09:00:00,25871.0,0,0
2023-09-09 10:00:00,25857.4,0,0
2023-09-09 11:00:00,25850.8,0,0
2023-09-09 12:00:00,25840.0,0,0
2023-09-09 13:00:00,25812.7,0,0
2023-09-09 14:00:00,25833.2,0,0
2023-09-09 15:00:00,25881.9,0,0
2023-09-09 16:00:00,25883.4,0,0
2023-09-09 17:00:00,25868.4,0,0
2023-09-09 18:00:00,25853.7,0,0
2023-09-09 19:00:00,25858.0,0,0
2023-09-09 20:00:00,25850.3,0,0
2023-09-09 21:00:00,25876.7,0,0
2023-09-09 22:00:00,25899.1,0,0
2023-09-09 23:00:00,25892.6,0,0
2023-09-10 00:00:00,25862.3,0,0
2023-09-10 01:00:00,25840.3,0,0
2023-09-10 02:00:00,25842.6,0,0
2023-09-10 03:00:00,25851.1,0,0
2023-09-10 04:00:00,25821.5,0,0
2023-09-10 05:00:00,25835.5,0,0
2023-09-10 06:00:00,25841.9,0,0
2023-09-10 07:00:00,25843.0,0,0
2023-09-10 08:00:00,25849.8,0,0
2023-09-10 09:00:00,25817.0,0,0
2023-09-10 10:00:00,25791.1,0,0
2023-09-10 11:00:00,25782.9,0,0
2023-09-10 12:00:00,25790.2,0,0
2023-09-10 13:00:00,25799.6,0,0
2023-09-10 14:00:00,25761.7,0,0
2023-09-10 15:00:00,25764.1,0,0
2023-09-10 16:00:00,25781.2,0,0
2023-09-10 17:00:00,25685.3,0,0
2023-09-10 18:00:00,25716.9,0,0
2023-09-10 19:00:00,25786.7,0,0
2023-09-10 20:00:00,25807.1,0,0
2023-09-10 21:00:00,25893.0,0,0
2023-09-10 22:00:00,25838.3,0,0
2023-09-10 23:00:00,25828.4,0,0
2023-09-11 00:00:00,25715.6,0,0
2023-09-11 01:00:00,25675.9,0,0
2023-09-11 02:00:00,25723.5,0,0
2023-09-11 03:00:00,25727.4,0,0
2023-09-11 04:00:00,25768.1,0,0
2023-09-11 05:00:00,25884.8,0,0
2023-09-11 06:00:00,25829.6,0,0
2023-09-11 07:00:00,25801.3,0,0
2023-09-11 08:00:00,25793.2,0,0
2023-09-11 09:00:00,25727.3,0,0
2023-09-11 10:00:00,25698.1,0,0
2023-09-11 11:00:00,25591.9,0,0
2023-09-11 12:00:00,25709.2,0,0
2023-09-11 13:00:00,25605.8,0,0
2023-09-11 14:00:00,25138.9,0,0
2023-09-11 15:00:00,25102.5,0,0
2023-09-11 16:00:00,25175.5,0,0
2023-09-11 17:00:00,25210.0,0,0
2023-09-11 18:00:00,25149.9,0,0
2023-09-11 19:00:00,25008.3,1,0
2023-09-11 20:00:00,25086.2,0,0
2023-09-11 21:00:00,25137.7,0,0
2023-09-11 22:00:00,25139.6,0,0
2023-09-11 23:00:00,25150.4,0,0
2023-09-12 00:00:00,25192.9,0,0
2023-09-12 01:00:00,25130.1,0,0
2023-09-12 02:00:00,25195.1,0,0
2023-09-12 03:00:00,25788.2,0,0
2023-09-12 04:00:00,25752.3,0,0
2023-09-12 05:00:00,25764.4,0,0
2023-09-12 06:00:00,25752.8,0,0
2023-09-12 07:00:00,25810.2,0,0
2023-09-12 08:00:00,25758.0,0,0
2023-09-12 09:00:00,25860.9,0,0
2023-09-12 10:00:00,26149.3,0,0
2023-09-12 11:00:00,26087.2,0,0
2023-09-12 12:00:00,26111.1,0,0
2023-09-12 13:00:00,26258.6,0,1
2023-09-12 14:00:00,26097.3,0,0
2023-09-12 15:00:00,26192.4,0,0
2023-09-12 16:00:00,26094.4,0,0
2023-09-12 17:00:00,25891.2,0,0
2023-09-12 18:00:00,25969.6,0,0
2023-09-12 19:00:00,26052.0,0,0
2023-09-12 20:00:00,26066.4,0,0
2023-09-12 21:00:00,26090.0,0,0
2023-09-12 22:00:00,25957.2,0,0
2023-09-12 23:00:00,25825.8,1,0
2023-09-13 00:00:00,25910.7,0,0
2023-09-13 01:00:00,25945.2,0,0
2023-09-13 02:00:00,25898.1,0,0
2023-09-13 03:00:00,25868.4,0,0
2023-09-13 04:00:00,25912.8,0,0
2023-09-13 05:00:00,25886.4,0,0
2023-09-13 06:00:00,25945.7,0,0
2023-09-13 07:00:00,25865.7,0,0
2023-09-13 08:00:00,25940.4,0,0
2023-09-13 09:00:00,26141.6,0,0
2023-09-13 10:00:00,26143.1,0,0
2023-09-13 11:00:00,26184.7,0,0
2023-09-13 12:00:00,26204.8,0,0
2023-09-13 13:00:00,26110.7,0,0
2023-09-13 14:00:00,26201.5,0,0
2023-09-13 15:00:00,26229.1,0,0
2023-09-13 16:00:00,26265.6,0,0
2023-09-13 17:00:00,26080.7,0,0
2023-09-13 18:00:00,26098.7,0,0
2023-09-13 19:00:00,26129.5,0,0
2023-09-13 20:00:00,26204.0,0,0
2023-09-13 21:00:00,26214.1,0,0
2023-09-13 22:00:00,26227.6,0,0
2023-09-13 23:00:00,26209.9,0,0
2023-09-14 00:00:00,26514.0,0,1
2023-09-14 01:00:00,26162.3,1,0
2023-09-14 02:00:00,26273.8,0,0
2023-09-14 03:00:00,26253.8,0,0
2023-09-14 04:00:00,26201.6,0,0
2023-09-14 05:00:00,26182.0,0,0
2023-09-14 06:00:00,26280.8,0,0
2023-09-14 07:00:00,26332.3,0,0
2023-09-14 08:00:00,26293.1,0,0
2023-09-14 09:00:00,26277.9,0,0
2023-09-14 10:00:00,26320.5,0,0
2023-09-14 11:00:00,26431.5,0,0
2023-09-14 12:00:00,26448.5,0,0
2023-09-14 13:00:00,26570.7,0,0
2023-09-14 14:00:00,26717.9,0,1
2023-09-14 15:00:00,26679.9,0,0
2023-09-14 16:00:00,26607.5,0,0
2023-09-14 17:00:00,26631.5,0,0
2023-09-14 18:00:00,26568.1,0,0
2023-09-14 19:00:00,26662.0,0,0
2023-09-14 20:00:00,26554.2,0,0
2023-09-14 21:00:00,26524.7,0,0
2023-09-14 22:00:00,26587.9,0,0
2023-09-14 23:00:00,26510.3,0,0
2023-09-15 00:00:00,26463.0,0,0
2023-09-15 01:00:00,26490.0,0,0
2023-09-15 02:00:00,26596.1,0,0
2023-09-15 03:00:00,26602.6,0,0
2023-09-15 04:00:00,26626.0,0,0
2023-09-15 05:00:00,26577.3,0,0
2023-09-15 06:00:00,26561.7,0,0
2023-09-15 07:00:00,26554.4,0,0
2023-09-15 08:00:00,26618.9,0,0
2023-09-15 09:00:00,26601.1,0,0
2023-09-15 10:00:00,26626.0,0,0
2023-09-15 11:00:00,26415.3,0,0
2023-09-15 12:00:00,26352.4,0,0
2023-09-15 13:00:00,26351.9,0,0
2023-09-15 14:00:00,26227.1,1,0
2023-09-15 15:00:00,26311.1,0,0
2023-09-15 16:00:00,26365.8,0,0
2023-09-15 17:00:00,26322.6,0,0
2023-09-15 18:00:00,26333.5,0,0
2023-09-15 19:00:00,26386.9,0,0
2023-09-15 20:00:00,26403.1,0,0
2023-09-15 21:00:00,26456.2,0,0
2023-09-15 22:00:00,26764.3,0,1
2023-09-15 23:00:00,26591.1,0,0
2023-09-16 00:00:00,26619.2,0,0
2023-09-16 01:00:00,26640.3,0,0
2023-09-16 02:00:00,26656.9,0,0
2023-09-16 03:00:00,26602.4,0,0
2023-09-16 04:00:00,26540.7,0,0
2023-09-16 05:00:00,26523.2,0,0
2023-09-16 06:00:00,26475.6,0,0
2023-09-16 07:00:00,26486.0,0,0
2023-09-16 08:00:00,26496.4,0,0
2023-09-16 09:00:00,26487.0,0,0
2023-09-16 10:00:00,26531.9,0,0
2023-09-16 11:00:00,26510.7,0,0
2023-09-16 12:00:00,26538.0,0,0
2023-09-16 13:00:00,26535.9,0,0
2023-09-16 14:00:00,26487.5,0,0
2023-09-16 15:00:00,26493.6,0,0
2023-09-16 16:00:00,26513.9,0,0
2023-09-16 17:00:00,26554.6,0,0
2023-09-16 18:00:00,26569.3,0,0
2023-09-16 19:00:00,26524.2,0,0
2023-09-16 20:00:00,26515.7,0,0
2023-09-16 21:00:00,26554.4,0,0
2023-09-16 22:00:00,26544.9,0,0
2023-09-16 23:00:00,26546.9,0,0
2023-09-17 00:00:00,26452.0,0,0
2023-09-17 01:00:00,26481.9,0,0
2023-09-17 02:00:00,26492.1,0,0
2023-09-17 03:00:00,26511.1,0,0
2023-09-17 04:00:00,26540.6,0,0
2023-09-17 05:00:00,26528.3,0,0
2023-09-17 06:00:00,26534.3,0,0
2023-09-17 07:00:00,26482.6,0,0
2023-09-17 08:00:00,26538.3,0,0
2023-09-17 09:00:00,26564.7,0,0
2023-09-17 10:00:00,26582.9,0,0
2023-09-17 11:00:00,26553.9,0,0
2023-09-17 12:00:00,26564.2,0,0
2023-09-17 13:00:00,26529.4,0,0
2023-09-17 14:00:00,26526.0,0,0
2023-09-17 15:00:00,26537.0,0,0
2023-09-17 16:00:00,26493.3,0,0
2023-09-17 17:00:00,26465.6,0,0
2023-09-17 18:00:00,26485.7,0,0
2023-09-17 19:00:00,26491.3,0,0
2023-09-17 20:00:00,26420.4,1,0
2023-09-17 21:00:00,26476.2,0,0
2023-09-17 22:00:00,26482.7,0,0
2023-09-17 23:00:00,26514.2,0,0
2023-09-18 00:00:00,26450.0,0,0
2023-09-18 01:00:00,26449.7,0,0
2023-09-18 02:00:00,26648.5,0,0
2023-09-18 03:00:00,26646.2,0,0
2023-09-18 04:00:00,26613.5,0,0
2023-09-18 05:00:00,26635.1,0,0
2023-09-18 06:00:00,26611.2,0,0
2023-09-18 07:00:00,26701.7,0,0
2023-09-18 08:00:00,26710.3,0,0
2023-09-18 09:00:00,26858.6,0,0
2023-09-18 10:00:00,27116.7,0,0
2023-09-18 11:00:00,27184.7,0,0
2023-09-18 12:00:00,27354.7,0,1
2023-09-18 13:00:00,27240.3,0,0
2023-09-18 14:00:00,27246.8,0,0
2023-09-18 15:00:00,27258.8,0,0
2023-09-18 16:00:00,27230.0,0,0
2023-09-18 17:00:00,26747.8,0,0
2023-09-18 18:00:00,26697.3,0,0
2023-09-18 19:00:00,26803.2,0,0
2023-09-18 20:00:00,26757.5,0,0
2023-09-18 21:00:00,26825.0,0,0
2023-09-18 22:00:00,26859.0,0,0
2023-09-18 23:00:00,26749.9,0,0
2023-09-19 00:00:00,26666.7,1,0
2023-09-19 01:00:00,26687.2,0,0
2023-09-19 02:00:00,26809.1,0,0
2023-09-19 03:00:00,26805.1,0,0
2023-09-19 04:00:00,26848.1,0,0
2023-09-19 05:00:00,26782.9,0,0
2023-09-19 06:00:00,26816.9,0,0
2023-09-19 07:00:00,26836.1,0,0
2023-09-19 08:00:00,27051.5,0,0
2023-09-19 09:00:00,27278.6,0,0
2023-09-19 10:00:00,27158.1,0,0
2023-09-19 11:00:00,27224.3,0,0
2023-09-19 12:00:00,27124.9,0,0
2023-09-19 13:00:00,26959.2,0,0
2023-09-19 14:00:00,27153.6,0,0
2023-09-19 15:00:00,27413.4,0,1
2023-09-19 16:00:00,27274.7,0,0
2023-09-19 17:00:00,27122.8,0,0
2023-09-19 18:00:00,27111.0,0,0
2023-09-19 19:00:00,27172.1,0,0
2023-09-19 20:00:00,27171.5,0,0
2023-09-19 21:00:00,27145.8,0,0
2023-09-19 22:00:00,27173.1,0,0
2023-09-19 23:00:00,27196.0,0,0
2023-09-20 00:00:00,27192.0,0,0
2023-09-20 01:00:00,27329.9,0,0
2023-09-20 02:00:00,27152.0,0,0
2023-09-20 03:00:00,27106.4,0,0
2023-09-20 04:00:00,27054.0,0,0
2023-09-20 05:00:00,27012.1,0,0
2023-09-20 06:00:00,27049.3,0,0
2023-09-20 07:00:00,27089.5,0,0
2023-09-20 08:00:00,27172.2,0,0
2023-09-20 09:00:00,27041.4,0,0
2023-09-20 10:00:00,27069.2,0,0
2023-09-20 11:00:00,27085.4,0,0
2023-09-20 12:00:00,27056.4,0,0
2023-09-20 13:00:00,27146.6,0,0
2023-09-20 14:00:00,27109.9,0,0
2023-09-20 15:00:00,27168.7,0,0
2023-09-20 16:00:00,27149.4,0,0
2023-09-20 17:00:00,27183.9,0,0
2023-09-20 18:00:00,27153.4,0,0
2023-09-20 19:00:00,26916.6,0,0
2023-09-20 20:00:00,27085.8,0,0
2023-09-20 21:00:00,27100.4,0,0
2023-09-20 22:00:00,27079.3,0,0
2023-09-20 23:00:00,27107.7,0,0
2023-09-21 00:00:00,27033.0,0,0
2023-09-21 01:00:00,27016.1,0,0
2023-09-21 02:00:00,26957.1,0,0
2023-09-21 03:00:00,27027.0,0,0
2023-09-21 04:00:00,27078.7,0,0
2023-09-21 05:00:00,27059.1,0,0
2023-09-21 06:00:00,27060.5,0,0
2023-09-21 07:00:00,26978.4,0,0
2023-09-21 08:00:00,26916.7,0,0
2023-09-21 09:00:00,26738.5,0,0
2023-09-21 10:00:00,26636.8,0,0
2023-09-21 11:00:00,26722.7,0,0
2023-09-21 12:00:00,26630.1,0,0
2023-09-21 13:00:00,26408.2,0,0
2023-09-21 14:00:00,26569.7,0,0
2023-09-21 15:00:00,26567.7,0,0
2023-09-21 16:00:00,26567.3,0,0
2023-09-21 17:00:00,26636.0,0,0
2023-09-21 18:00:00,26593.6,0,0
2023-09-21 19:00:00,26589.1,0,0
2023-09-21 20:00:00,26580.2,0,0
2023-09-21 21:00:00,26600.0,0,0
2023-09-21 22:00:00,26576.5,0,0
2023-09-21 23:00:00,26552.6,0,0
2023-09-22 00:00:00,26629.2,0,0
2023-09-22 01:00:00,26615.1,0,0
2023-09-22 02:00:00,26557.9,0,0
2023-09-22 03:00:00,26616.8,0,0
2023-09-22 04:00:00,26631.3,0,0
2023-09-22 05:00:00,26653.8,0,0
2023-09-22 06:00:00,26607.1,0,0
2023-09-22 07:00:00,26660.9,0,0
2023-09-22 08:00:00,26660.1,0,0
2023-09-22 09:00:00,26625.7,0,0
2023-09-22 10:00:00,26580.6,0,0
2023-09-22 11:00:00,26630.0,0,0
2023-09-22 12:00:00,26574.6,0,0
2023-09-22 13:00:00,26598.0,0,0
2023-09-22 14:00:00,26666.9,0,0
2023-09-22 15:00:00,26619.9,0,0
2023-09-22 16:00:00,26585.2,0,0
2023-09-22 17:00:00,26566.5,0,0
2023-09-22 18:00:00,26583.4,0,0
2023-09-22 19:00:00,26525.1,0,0
2023-09-22 20:00:00,26529.9,0,0
2023-09-22 21:00:00,26561.5,0,0
2023-09-22 22:00:00,26572.0,0,0
2023-09-22 23:00:00,26566.7,0,0
2023-09-23 00:00:00,26592.2,0,0
2023-09-23 01:00:00,26567.3,0,0
2023-09-23 02:00:00,26535.0,0,0
2023-09-23 03:00:00,26519.1,0,0
2023-09-23 04:00:00,26540.0,0,0
2023-09-23 05:00:00,26529.9,0,0
2023-09-23 06:00:00,26566.5,0,0
2023-09-23 07:00:00,26572.0,0,0
2023-09-23 08:00:00,26558.6,0,0
2023-09-23 09:00:00,26564.2,0,0
2023-09-23 10:00:00,26555.0,0,0
2023-09-23 11:00:00,26562.5,0,0
2023-09-23 12:00:00,26563.9,0,0
2023-09-23 13:00:00,26561.8,0,0
2023-09-23 14:00:00,26551.8,0,0
2023-09-23 15:00:00,26567.5,0,0
2023-09-23 16:00:00,26592.2,0,0
2023-09-23 17:00:00,26584.7,0,0
2023-09-23 18:00:00,26602.3,0,0
2023-09-23 19:00:00,26594.4,0,0
2023-09-23 20:00:00,26572.6,0,0
2023-09-23 21:00:00,26553.6,0,0
2023-09-23 22:00:00,26549.7,0,0
2023-09-23 23:00:00,26563.1,0,0
2023-09-24 00:00:00,26554.2,0,0
2023-09-24 01:00:00,26574.6,0,0
2023-09-24 02:00:00,26574.9,0,0
2023-09-24 03:00:00,26559.9,0,0
2023-09-24 04:00:00,26558.5,0,0
2023-09-24 05:00:00,26547.2,0,0
2023-09-24 06:00:00,26538.0,0,0
2023-09-24 07:00:00,26552.4,0,0
2023-09-24 08:00:00,26579.1,0,0
2023-09-24 09:00:00,26579.0,0,0
2023-09-24 10:00:00,26567.9,0,0
2023-09-24 11:00:00,26587.6,0,0
2023-09-24 12:00:00,26590.9,0,0
2023-09-24 13:00:00,26576.4,0,0
2023-09-24 14:00:00,26576.4,0,0
2023-09-24 15:00:00,26566.0,0,0
2023-09-24 16:00:00,26562.5,0,0
2023-09-24 17:00:00,26661.3,0,0
2023-09-24 18:00:00,26580.5,0,0
2023-09-24 19:00:00,26432.5,0,0
2023-09-24 20:00:00,26489.3,0,0
2023-09-24 21:00:00,26504.3,0,0
2023-09-24 22:00:00,26478.3,0,0
2023-09-24 23:00:00,26232.4,0,0
2023-09-25 00:00:00,26239.5,0,0
2023-09-25 01:00:00,26151.6,0,0
2023-09-25 02:00:00,26196.7,0,0
2023-09-25 03:00:00,26148.6,0,0
2023-09-25 04:00:00,26138.7,0,0
2023-09-25 05:00:00,26105.1,0,0
2023-09-25 06:00:00,26126.1,0,0
2023-09-25 07:00:00,26176.8,0,0
2023-09-25 08:00:00,26130.9,0,0
2023-09-25 09:00:00,26049.9,1,0
2023-09-25 10:00:00,26080.0,0,0
2023-09-25 11:00:00,26064.6,0,0
2023-09-25 12:00:00,26092.1,0,0
2023-09-25 13:00:00,26153.0,0,0
2023-09-25 14:00:00,26123.4,0,0
2023-09-25 15:00:00,26230.9,0,0
2023-09-25 16:00:00,26309.2,0,0
2023-09-25 17:00:00,26341.3,0,0
2023-09-25 18:00:00,26316.2,0,0
2023-09-25 19:00:00,26318.6,0,0
2023-09-25 20:00:00,26275.1,0,0
2023-09-25 21:00:00,26267.8,0,0
2023-09-25 22:00:00,26267.1,0,0
2023-09-25 23:00:00,26290.5,0,0
2023-09-26 00:00:00,26249.8,0,0
2023-09-26 01:00:00,26288.0,0,0
2023-09-26 02:00:00,26343.0,0,0
2023-09-26 03:00:00,26338.8,0,0
2023-09-26 04:00:00,26331.1,0,0
2023-09-26 05:00:00,26308.1,0,0
2023-09-26 06:00:00,26279.8,0,0
2023-09-26 07:00:00,26256.3,0,0
2023-09-26 08:00:00,26258.0,0,0
2023-09-26 09:00:00,26258.7,0,0
2023-09-26 10:00:00,26238.0,0,0
2023-09-26 11:00:00,26262.4,0,0
2023-09-26 12:00:00,26200.1,0,0
2023-09-26 13:00:00,26168.3,0,0
2023-09-26 14:00:00,26183.0,0,0
2023-09-26 15:00:00,26114.8,0,0
2023-09-26 16:00:00,26206.2,0,0
2023-09-26 17:00:00,26162.9,0,0
2023-09-26 18:00:00,26173.7,0,0
2023-09-26 19:00:00,26235.8,0,0
2023-09-26 20:00:00,26153.5,0,0
2023-09-26 21:00:00,26156.7,0,0
2023-09-26 22:00:00,26145.1,0,0
2023-09-26 23:00:00,26208.8,0,0
2023-09-27 00:00:00,26246.2,0,0
2023-09-27 01:00:00,26245.0,0,0
2023-09-27 02:00:00,26216.3,0,0
2023-09-27 03:00:00,26266.9,0,0
2023-09-27 04:00:00,26235.0,0,0
2023-09-27 05:00:00,26245.0,0,0
2023-09-27 06:00:00,26245.4,0,0
2023-09-27 07:00:00,26233.4,0,0
2023-09-27 08:00:00,26247.0,0,0
2023-09-27 09:00:00,26383.4,0,0
2023-09-27 10:00:00,26425.6,0,0
2023-09-27 11:00:00,26755.8,0,1
2023-09-27 12:00:00,26710.7,0,0
2023-09-27 13:00:00,26607.9,0,0
2023-09-27 14:00:00,26184.0,1,0
2023-09-27 15:00:00,26293.4,0,0
2023-09-27 16:00:00,26227.9,0,0
2023-09-27 17:00:00,26220.2,0,0
2023-09-27 18:00:00,26240.6,0,0
2023-09-27 19:00:00,26258.6,0,0
2023-09-27 20:00:00,26246.1,0,0
2023-09-27 21:00:00,26269.0,0,0
2023-09-27 22:00:00,26322.3,0,0
2023-09-27 23:00:00,26359.6,0,0
2023-09-28 00:00:00,26429.3,0,0
2023-09-28 01:00:00,26435.8,0,0
2023-09-28 02:00:00,26371.9,0,0
2023-09-28 03:00:00,26363.8,0,0
2023-09-28 04:00:00,26431.7,0,0
2023-09-28 05:00:00,26437.0,0,0
2023-09-28 06:00:00,26461.7,0,0
2023-09-28 07:00:00,26445.7,0,0
2023-09-28 08:00:00,26392.5,0,0
2023-09-28 09:00:00,26414.3,0,0
2023-09-28 10:00:00,26554.7,0,0
2023-09-28 11:00:00,26464.4,0,0
2023-09-28 12:00:00,26464.2,0,0
2023-09-28 13:00:00,26566.1,0,0
2023-09-28 14:00:00,26780.0,0,0
2023-09-28 15:00:00,27012.3,0,0
2023-09-28 16:00:00,27047.7,0,0
2023-09-28 17:00:00,27143.9,0,0
2023-09-28 18:00:00,26949.0,0,0
2023-09-28 19:00:00,27088.5,0,0
2023-09-28 20:00:00,27071.2,0,0
2023-09-28 21:00:00,26988.9,0,0
2023-09-28 22:00:00,27001.8,0,0
2023-09-28 23:00:00,27011.8,0,0
2023-09-29 00:00:00,27056.8,0,0
2023-09-29 01:00:00,27026.6,0,0
2023-09-29 02:00:00,26879.5,0,0
2023-09-29 03:00:00,26944.6,0,0
2023-09-29 04:00:00,26962.8,0,0
2023-09-29 05:00:00,26964.8,0,0
2023-09-29 06:00:00,27060.7,0,0
2023-09-29 07:00:00,27168.0,0,1
2023-09-29 08:00:00,26995.2,0,0
2023-09-29 09:00:00,27018.9,0,0
2023-09-29 10:00:00,27012.4,0,0
2023-09-29 11:00:00,26958.3,0,0
2023-09-29 12:00:00,26988.6,0,0
2023-09-29 13:00:00,26881.0,0,0
2023-09-29 14:00:00,26897.6,0,0
2023-09-29 15:00:00,26874.8,0,0
2023-09-29 16:00:00,26864.5,0,0
2023-09-29 17:00:00,26825.5,1,0
2023-09-29 18:00:00,26908.0,0,0
2023-09-29 19:00:00,26912.7,0,0
2023-09-29 20:00:00,26898.0,0,0
2023-09-29 21:00:00,26858.7,0,0
2023-09-29 22:00:00,26875.0,0,0
2023-09-29 23:00:00,26890.9,0,0
2023-09-30 00:00:00,26922.0,0,0
2023-09-30 01:00:00,26882.0,0,0
2023-09-30 02:00:00,26897.0,0,0
2023-09-30 03:00:00,26904.1,0,0
2023-09-30 04:00:00,26909.4,0,0
2023-09-30 05:00:00,26924.2,0,0
2023-09-30 06:00:00,26912.4,0,0
2023-09-30 07:00:00,26915.9,0,0
2023-09-30 08:00:00,26916.7,0,0
2023-09-30 09:00:00,26937.4,0,0
2023-09-30 10:00:00,26966.2,0,0
2023-09-30 11:00:00,26924.3,0,0
2023-09-30 12:00:00,26914.2,0,0
2023-09-30 13:00:00,26962.0,0,0
2023-09-30 14:00:00,26977.6,0,0
2023-09-30 15:00:00,26986.2,0,0
2023-09-30 16:00:00,27006.1,0,0
2023-09-30 17:00:00,27005.8,0,0
2023-09-30 18:00:00,26992.3,0,0
2023-09-30 19:00:00,27011.2,0,0
2023-09-30 20:00:00,27049.0,0,0
2023-09-30 21:00:00,26984.0,0,0
2023-09-30 22:00:00,26996.4,0,0
2023-09-30 23:00:00,26950.9,0,0
2023-10-01 00:00:00,26976.9,0,0
2023-10-01 01:00:00,27005.1,0,0
2023-10-01 02:00:00,27015.6,0,0
2023-10-01 03:00:00,27033.0,0,0
2023-10-01 04:00:00,27035.0,0,0
2023-10-01 05:00:00,27061.9,0,0
2023-10-01 06:00:00,27113.1,0,0
2023-10-01 07:00:00,27092.1,0,0
2023-10-01 08:00:00,27122.1,0,0
2023-10-01 09:00:00,27202.8,0,0
2023-10-01 10:00:00,27195.5,0,0
2023-10-01 11:00:00,27174.2,0,0
2023-10-01 12:00:00,27176.3,0,0
2023-10-01 13:00:00,27175.7,0,0
2023-10-01 14:00:00,27108.9,0,0
2023-10-01 15:00:00,27135.8,0,0
2023-10-01 16:00:00,27099.9,0,0
2023-10-01 17:00:00,27061.8,0,0
2023-10-01 18:00:00,27083.0,0,0
2023-10-01 19:00:00,27091.1,0,0
2023-10-01 20:00:00,27093.6,0,0
2023-10-01 21:00:00,27164.0,0,0
2023-10-01 22:00:00,27989.7,0,0
2023-10-01 23:00:00,27981.4,0,0
2023-10-02 00:00:00,27917.7,0,0
2023-10-02 01:00:00,27907.4,0,0
2023-10-02 02:00:00,27971.2,0,0
2023-10-02 03:00:00,28114.8,0,0
2023-10-02 04:00:00,28054.0,0,0
2023-10-02 05:00:00,27966.0,0,0
2023-10-02 06:00:00,28086.6,0,0
2023-10-02 07:00:00,28299.1,0,0
2023-10-02 08:00:00,28264.4,0,0
2023-10-02 09:00:00,28272.5,0,0
2023-10-02 10:00:00,28294.0,0,0
2023-10-02 11:00:00,28183.2,0,0
2023-10-02 12:00:00,28305.0,0,0
2023-10-02 13:00:00,28540.0,0,1
2023-10-02 14:00:00,28292.4,0,0
2023-10-02 15:00:00,28015.0,0,0
2023-10-02 16:00:00,27986.7,0,0
2023-10-02 17:00:00,28046.1,0,0
2023-10-02 18:00:00,27789.8,0,0
2023-10-02 19:00:00,27955.3,0,0
2023-10-02 20:00:00,27836.6,0,0
2023-10-02 21:00:00,27456.7,0,0
2023-10-02 22:00:00,27537.0,0,0
2023-10-02 23:00:00,27477.6,0,0
2023-10-03 00:00:00,27418.0,0,0
2023-10-03 01:00:00,27552.4,0,0
2023-10-03 02:00:00,27569.3,0,0
2023-10-03 03:00:00,27585.8,0,0
2023-10-03 04:00:00,27620.0,0,0
2023-10-03 05:00:00,27552.7,0,0
2023-10-03 06:00:00,27622.0,0,0
2023-10-03 07:00:00,27528.1,0,0
2023-10-03 08:00:00,27583.9,0,0
2023-10-03 09:00:00,27530.3,0,0
2023-10-03 10:00:00,27611.6,0,0
2023-10-03 11:00:00,27549.1,0,0
2023-10-03 12:00:00,27458.2,0,0
2023-10-03 13:00:00,27533.4,0,0
2023-10-03 14:00:00,27338.6,0,0
2023-10-03 15:00:00,27332.0,0,0
2023-10-03 16:00:00,27371.6,0,0
2023-10-03 17:00:00,27424.0,0,0
2023-10-03 18:00:00,27286.2,0,0
2023-10-03 19:00:00,27263.8,1,0
2023-10-03 20:00:00,27384.5,0,0
2023-10-03 21:00:00,27388.0,0,0
2023-10-03 22:00:00,27393.3,0,0
2023-10-03 23:00:00,27412.0,0,0
2023-10-04 00:00:00,27297.1,0,0
2023-10-04 01:00:00,27323.0,0,0
2023-10-04 02:00:00,27398.7,0,0
2023-10-04 03:00:00,27416.3,0,0
2023-10-04 04:00:00,27378.6,0,0
2023-10-04 05:00:00,27397.5,0,0
2023-10-04 06:00:00,27408.5,0,0
2023-10-04 07:00:00,27442.0,0,0
2023-10-04 08:00:00,27504.8,0,0
2023-10-04 09:00:00,27610.8,0,0
2023-10-04 10:00:00,27513.1,0,0
2023-10-04 11:00:00,27559.9,0,0
2023-10-04 12:00:00,27553.0,0,0
2023-10-04 13:00:00,27404.6,0,0
2023-10-04 14:00:00,27376.6,0,0
2023-10-04 15:00:00,27388.3,0,0
2023-10-04 16:00:00,27509.5,0,0
2023-10-04 17:00:00,27521.7,0,0
2023-10-04 18:00:00,27613.8,0,0
2023-10-04 19:00:00,27606.0,0,0
2023-10-04 20:00:00,27633.5,0,0
2023-10-04 21:00:00,27671.0,0,0
2023-10-04 22:00:00,27740.5,0,0
2023-10-04 23:00:00,27759.8,0,0
2023-10-05 00:00:00,27793.1,0,0
2023-10-05 01:00:00,27717.5,0,0
2023-10-05 02:00:00,27662.6,0,0
2023-10-05 03:00:00,27638.1,0,0
2023-10-05 04:00:00,27678.7,0,0
2023-10-05 05:00:00,27625.8,0,0
2023-10-05 06:00:00,27643.0,0,0
2023-10-05 07:00:00,27595.3,0,0
2023-10-05 08:00:00,27634.1,0,0
2023-10-05 09:00:00,27672.4,0,0
2023-10-05 10:00:00,27727.2,0,0
2023-10-05 11:00:00,27710.7,0,0
2023-10-05 12:00:00,27710.0,0,0
2023-10-05 13:00:00,27976.6,0,1
2023-10-05 14:00:00,27946.3,0,0
2023-10-05 15:00:00,27540.0,0,0
2023-10-05 16:00:00,27433.5,0,0
2023-10-05 17:00:00,27473.6,0,0
2023-10-05 18:00:00,27480.9,0,0
2023-10-05 19:00:00,27457.1,0,0
2023-10-05 20:00:00,27463.0,0,0
2023-10-05 21:00:00,27433.1,0,0
2023-10-05 22:00:00,27422.2,0,0
2023-10-05 23:00:00,27398.4,1,0
2023-10-06 00:00:00,27443.1,0,0
2023-10-06 01:00:00,27504.2,0,0
2023-10-06 02:00:00,27528.5,0,0
2023-10-06 03:00:00,27544.8,0,0
2023-10-06 04:00:00,27516.1,0,0
2023-10-06 05:00:00,27488.2,0,0
2023-10-06 06:00:00,27478.1,0,0
2023-10-06 07:00:00,27626.8,0,0
2023-10-06 08:00:00,27602.8,0,0
2023-10-06 09:00:00,27674.9,0,0
2023-10-06 10:00:00,27658.2,0,0
2023-10-06 11:00:00,27750.0,0,1
2023-10-06 12:00:00,27238.6,1,0
2023-10-06 13:00:00,27513.7,0,0
2023-10-06 14:00:00,27654.7,0,0
2023-10-06 15:00:00,27926.5,0,0
2023-10-06 16:00:00,27861.2,0,0
2023-10-06 17:00:00,27946.7,0,0
2023-10-06 18:00:00,27889.4,0,0
2023-10-06 19:00:00,27939.1,0,0
2023-10-06 20:00:00,27963.4,0,0
2023-10-06 21:00:00,28030.2,0,0
2023-10-06 22:00:00,27956.1,0,0
2023-10-06 23:00:00,27916.3,0,0
2023-10-07 00:00:00,27901.6,0,0
2023-10-07 01:00:00,27887.1,0,0
2023-10-07 02:00:00,27861.3,0,0
2023-10-07 03:00:00,27890.9,0,0
2023-10-07 04:00:00,27900.1,0,0
2023-10-07 05:00:00,27889.0,0,0
2023-10-07 06:00:00,27875.6,0,0
2023-10-07 07:00:00,27878.2,0,0
2023-10-07 08:00:00,27993.1,0,0
2023-10-07 09:00:00,27943.2,0,0
2023-10-07 10:00:00,27931.2,0,0
2023-10-07 11:00:00,27929.4,0,0
2023-10-07 12:00:00,27945.9,0,0
2023-10-07 13:00:00,27922.8,0,0
2023-10-07 14:00:00,27939.0,0,0
2023-10-07 15:00:00,27926.4,0,0
2023-10-07 16:00:00,27927.0,0,0
2023-10-07 17:00:00,27918.2,0,0
2023-10-07 18:00:00,27878.2,0,0
2023-10-07 19:00:00,27849.7,0,0
2023-10-07 20:00:00,27909.9,0,0
2023-10-07 21:00:00,27918.0,0,0
2023-10-07 22:00:00,27938.4,0,0
2023-10-07 23:00:00,27943.0,0,0
2023-10-08 00:00:00,27950.8,0,0
2023-10-08 01:00:00,28001.3,0,0
2023-10-08 02:00:00,27999.1,0,0
2023-10-08 03:00:00,28049.9,0,1
2023-10-08 04:00:00,27915.2,0,0
2023-10-08 05:00:00,27925.0,0,0
2023-10-08 06:00:00,27877.7,0,0
2023-10-08 07:00:00,27892.4,0,0
2023-10-08 08:00:00,27900.4,0,0
2023-10-08 09:00:00,27868.4,0,0
2023-10-08 10:00:00,27805.4,0,0
2023-10-08 11:00:00,27799.2,0,0
2023-10-08 12:00:00,27797.6,0,0
2023-10-08 13:00:00,27898.2,0,0
2023-10-08 14:00:00,27917.1,0,0
2023-10-08 15:00:00,27883.5,0,0
2023-10-08 16:00:00,27902.8,0,0
2023-10-08 17:00:00,27862.9,0,0
2023-10-08 18:00:00,27859.2,0,0
2023-10-08 19:00:00,27880.4,0,0
2023-10-08 20:00:00,27892.8,0,0
2023-10-08 21:00:00,27904.0,0,0
2023-10-08 22:00:00,27903.6,0,0
2023-10-08 23:00:00,27901.2,0,0
2023-10-09 00:00:00,27808.8,0,0
2023-10-09 01:00:00,27948.4,0,0
2023-10-09 02:00:00,27923.7,0,0
2023-10-09 03:00:00,27911.9,0,0
2023-10-09 04:00:00,27916.6,0,0
2023-10-09 05:00:00,27851.7,0,0
2023-10-09 06:00:00,27890.9,0,0
2023-10-09 07:00:00,27804.6,0,0
2023-10-09 08:00:00,27735.8,0,0
2023-10-09 09:00:00,27531.0,0,0
2023-10-09 10:00:00,27522.3,0,0
2023-10-09 11:00:00,27455.9,0,0
2023-10-09 12:00:00,27425.3,0,0
2023-10-09 13:00:00,27505.7,0,0
2023-10-09 14:00:00,27486.6,0,0
2023-10-09 15:00:00,27433.0,0,0
2023-10-09 16:00:00,27391.1,0,0
2023-10-09 17:00:00,27582.6,0,0
2023-10-09 18:00:00,27554.9,0,0
2023-10-09 19:00:00,27607.6,0,0
2023-10-09 20:00:00,27556.2,0,0
2023-10-09 21:00:00,27607.4,0,0
2023-10-09 22:00:00,27575.9,0,0
2023-10-09 23:00:00,27578.3,0,0
2023-10-10 00:00:00,27538.6,0,0
2023-10-10 01:00:00,27581.7,0,0
2023-10-10 02:00:00,27668.2,0,0
2023-10-10 03:00:00,27621.6,0,0
2023-10-10 04:00:00,27584.5,0,0
2023-10-10 05:00:00,27595.9,0,0
2023-10-10 06:00:00,27638.0,0,0
2023-10-10 07:00:00,27634.9,0,0
2023-10-10 08:00:00,27663.7,0,0
2023-10-10 09:00:00,27650.1,0,0
2023-10-10 10:00:00,27596.9,0,0
2023-10-10 11:00:00,27494.1,0,0
2023-10-10 12:00:00,27411.9,0,0
2023-10-10 13:00:00,27384.8,0,0
2023-10-10 14:00:00,27427.1,0,0
2023-10-10 15:00:00,27395.5,0,0
2023-10-10 16:00:00,27417.7,0,0
2023-10-10 17:00:00,27356.9,0,0
2023-10-10 18:00:00,27343.8,0,0
2023-10-10 19:00:00,27386.4,0,0
2023-10-10 20:00:00,27391.0,0,0
2023-10-10 21:00:00,27414.5,0,0
2023-10-10 22:00:00,27434.9,0,0
2023-10-10 23:00:00,27381.2,0,0
2023-10-11 00:00:00,27454.0,0,0
2023-10-11 01:00:00,27429.1,0,0
2023-10-11 02:00:00,27110.0,0,0
2023-10-11 03:00:00,27000.7,0,0
2023-10-11 04:00:00,27111.1,0,0
2023-10-11 05:00:00,27102.9,0,0
2023-10-11 06:00:00,27059.7,0,0
2023-10-11 07:00:00,27012.8,0,0
2023-10-11 08:00:00,27099.9,0,0
2023-10-11 09:00:00,27275.2,0,0
2023-10-11 10:00:00,27265.1,0,0
2023-10-11 11:00:00,27185.0,0,0
2023-10-11 12:00:00,27157.9,0,0
2023-10-11 13:00:00,27132.7,0,0
2023-10-11 14:00:00,27081.8,0,0
2023-10-11 15:00:00,26769.1,0,0
2023-10-11 16:00:00,26672.8,0,0
2023-10-11 17:00:00,26626.3,1,0
2023-10-11 18:00:00,26682.5,0,0
2023-10-11 19:00:00,26753.7,0,0
2023-10-11 20:00:00,26714.3,0,0
2023-10-11 21:00:00,26721.5,0,0
2023-10-11 22:00:00,26777.0,0,0
2023-10-11 23:00:00,26864.5,0,0
2023-10-12 00:00:00,26794.0,0,0
2023-10-12 01:00:00,26766.1,0,0
2023-10-12 02:00:00,26889.9,0,0
2023-10-12 03:00:00,26836.1,0,0
2023-10-12 04:00:00,26809.4,0,0
2023-10-12 05:00:00,26866.0,0,0
2023-10-12 06:00:00,26852.5,0,0
2023-10-12 07:00:00,26799.4,0,0
2023-10-12 08:00:00,26788.4,0,0
2023-10-12 09:00:00,26732.1,0,0
2023-10-12 10:00:00,26746.2,0,0
2023-10-12 11:00:00,26827.4,0,0
2023-10-12 12:00:00,26817.0,0,0
2023-10-12 13:00:00,26746.8,0,0
2023-10-12 14:00:00,26690.2,0,0
2023-10-12 15:00:00,26665.4,0,0
2023-10-12 16:00:00,26665.1,0,0
2023-10-12 17:00:00,26630.7,0,0
2023-10-12 18:00:00,26648.7,0,0
2023-10-12 19:00:00,26700.3,0,0
2023-10-12 20:00:00,26734.4,0,0
2023-10-12 21:00:00,26745.6,0,0
2023-10-12 22:00:00,26739.0,0,0
2023-10-12 23:00:00,26744.0,0,0
2023-10-13 00:00:00,26818.0,0,0
2023-10-13 01:00:00,26781.6,0,0
2023-10-13 02:00:00,26795.3,0,0
2023-10-13 03:00:00,26769.5,0,0
2023-10-13 04:00:00,26792.6,0,0
2023-10-13 05:00:00,26809.4,0,0
2023-10-13 06:00:00,26796.6,0,0
2023-10-13 07:00:00,26857.8,0,0
2023-10-13 08:00:00,26783.0,0,0
2023-10-13 09:00:00,26725.8,0,0
2023-10-13 10:00:00,26766.1,0,0
2023-10-13 11:00:00,26809.9,0,0
2023-10-13 12:00:00,26920.0,0,0
2023-10-13 13:00:00,26843.0,0,0
2023-10-13 14:00:00,26745.4,0,0
2023-10-13 15:00:00,26693.0,0,0
2023-10-13 16:00:00,26786.0,0,0
2023-10-13 17:00:00,26756.9,0,0
2023-10-13 18:00:00,26734.7,0,0
2023-10-13 19:00:00,26768.9,0,0
2023-10-13 20:00:00,26967.8,0,0
2023-10-13 21:00:00,27005.5,0,0
2023-10-13 22:00:00,26813.9,0,0
2023-10-13 23:00:00,26849.8,0,0
2023-10-14 00:00:00,26879.9,0,0
2023-10-14 01:00:00,26900.1,0,0
2023-10-14 02:00:00,26889.7,0,0
2023-10-14 03:00:00,26918.2,0,0
2023-10-14 04:00:00,26896.5,0,0
2023-10-14 05:00:00,26874.2,0,0
2023-10-14 06:00:00,26851.1,0,0
2023-10-14 07:00:00,26860.5,0,0
2023-10-14 08:00:00,26858.0,0,0
2023-10-14 09:00:00,26870.7,0,0
2023-10-14 10:00:00,26863.2,0,0
2023-10-14 11:00:00,26860.1,0,0
2023-10-14 12:00:00,26882.3,0,0
2023-10-14 13:00:00,26894.7,0,0
2023-10-14 14:00:00,26874.3,0,0
2023-10-14 15:00:00,26927.9,0,0
2023-10-14 16:00:00,26914.8,0,0
2023-10-14 17:00:00,26875.1,0,0
2023-10-14 18:00:00,26858.5,0,0
2023-10-14 19:00:00,26851.5,0,0
2023-10-14 20:00:00,26831.8,0,0
2023-10-14 21:00:00,26806.5,0,0
2023-10-14 22:00:00,26832.7,0,0
2023-10-14 23:00:00,26836.3,0,0
2023-10-15 00:00:00,26835.0,0,0
2023-10-15 01:00:00,26876.5,0,0
2023-10-15 02:00:00,26870.5,0,0
2023-10-15 03:00:00,26871.4,0,0
2023-10-15 04:00:00,26873.1,0,0
2023-10-15 05:00:00,26868.3,0,0
2023-10-15 06:00:00,26868.5,0,0
2023-10-15 07:00:00,26872.7,0,0
2023-10-15 08:00:00,26895.0,0,0
2023-10-15 09:00:00,26890.4,0,0
2023-10-15 10:00:00,26880.9,0,0
2023-10-15 11:00:00,26840.4,0,0
2023-10-15 12:00:00,26824.2,0,0
2023-10-15 13:00:00,26849.7,0,0
2023-10-15 14:00:00,26861.8,0,0
2023-10-15 15:00:00,26885.6,0,0
2023-10-15 16:00:00,26916.0,0,0
2023-10-15 17:00:00,26969.5,0,0
2023-10-15 18:00:00,27046.1,0,0
2023-10-15 19:00:00,27030.1,0,0
2023-10-15 20:00:00,27193.9,0,0
2023-10-15 21:00:00,27164.4,0,0
2023-10-15 22:00:00,27085.7,0,0
2023-10-15 23:00:00,27139.8,0,0
2023-10-16 00:00:00,27129.0,0,0
2023-10-16 01:00:00,27181.2,0,0
2023-10-16 02:00:00,27176.1,0,0
2023-10-16 03:00:00,27221.4,0,0
2023-10-16 04:00:00,27238.4,0,0
2023-10-16 05:00:00,27903.4,0,0
2023-10-16 06:00:00,27800.0,0,0
2023-10-16 07:00:00,27837.2,0,0
2023-10-16 08:00:00,27792.8,0,0
2023-10-16 09:00:00,27757.1,0,0
2023-10-16 10:00:00,27752.6,0,0
2023-10-16 11:00:00,27737.0,0,0
2023-10-16 12:00:00,27873.3,0,0
2023-10-16 13:00:00,27986.5,0,0
2023-10-16 14:00:00,28181.4,0,0
2023-10-16 15:00:00,28054.0,0,0
2023-10-16 16:00:00,28078.2,0,0
2023-10-16 17:00:00,28219.0,0,0
2023-10-16 18:00:00,28536.9,0,1
2023-10-16 19:00:00,28457.9,0,0
2023-10-16 20:00:00,28390.8,0,0
2023-10-16 21:00:00,28411.9,0,0
2023-10-16 22:00:00,28492.5,0,0
2023-10-16 23:00:00,28486.3,0,0
2023-10-17 00:00:00,28263.9,0,0
2023-10-17 01:00:00,28339.2,0,0
2023-10-17 02:00:00,28358.3,0,0
2023-10-17 03:00:00,28259.9,0,0
2023-10-17 04:00:00,28175.0,1,0
2023-10-17 05:00:00,28212.0,0,0
2023-10-17 06:00:00,28214.7,0,0
2023-10-17 07:00:00,28408.2,0,0
2023-10-17 08:00:00,28425.9,0,0
2023-10-17 09:00:00,28434.4,0,0
2023-10-17 10:00:00,28495.0,0,0
2023-10-17 11:00:00,28408.8,0,0
2023-10-17 12:00:00,28203.5,0,0
2023-10-17 13:00:00,28276.5,0,0
2023-10-17 14:00:00,28449.7,0,0
2023-10-17 15:00:00,28445.8,0,0
2023-10-17 16:00:00,28566.7,0,0
2023-10-17 17:00:00,28414.9,0,0
2023-10-17 18:00:00,28334.0,0,0
2023-10-17 19:00:00,28499.0,0,0
2023-10-17 20:00:00,28431.3,0,0
2023-10-17 21:00:00,28468.6,0,0
2023-10-17 22:00:00,28405.3,0,0
2023-10-17 23:00:00,28381.9,0,0
2023-10-18 00:00:00,28361.4,0,0
2023-10-18 01:00:00,28340.0,0,0
2023-10-18 02:00:00,28455.7,0,0
2023-10-18 03:00:00,28498.0,0,0
2023-10-18 04:00:00,28716.8,0,1
2023-10-18 05:00:00,28681.9,0,0
2023-10-18 06:00:00,28653.4,0,0
2023-10-18 07:00:00,28485.1,0,0
2023-10-18 08:00:00,28543.4,0,0
2023-10-18 09:00:00,28246.2,0,0
2023-10-18 10:00:00,28357.8,0,0
2023-10-18 11:00:00,28327.3,0,0
2023-10-18 12:00:00,28315.7,0,0
2023-10-18 13:00:00,28313.2,0,0
2023-10-18 14:00:00,28180.4,1,0
2023-10-18 15:00:00,28235.3,0,0
2023-10-18 16:00:00,28332.1,0,0
2023-10-18 17:00:00,28312.2,0,0
2023-10-18 18:00:00,28284.3,0,0
2023-10-18 19:00:00,28233.3,0,0
2023-10-18 20:00:00,28236.9,0,0
2023-10-18 21:00:00,28252.9,0,0
2023-10-18 22:00:00,28330.0,0,0
2023-10-18 23:00:00,28307.1,0,0
2023-10-19 00:00:00,28370.1,0,0
2023-10-19 01:00:00,28223.2,0,0
2023-10-19 02:00:00,28195.8,0,0
2023-10-19 03:00:00,28247.2,0,0
2023-10-19 04:00:00,28271.7,0,0
2023-10-19 05:00:00,28298.5,0,0
2023-10-19 06:00:00,28275.8,0,0
2023-10-19 07:00:00,28315.0,0,0
2023-10-19 08:00:00,28307.8,0,0
2023-10-19 09:00:00,28384.6,0,0
2023-10-19 10:00:00,28460.9,0,0
2023-10-19 11:00:00,28436.0,0,0
2023-10-19 12:00:00,28460.6,0,0
2023-10-19 13:00:00,28463.4,0,0
2023-10-19 14:00:00,28665.6,0,0
2023-10-19 15:00:00,28659.5,0,0
2023-10-19 16:00:00,28601.6,0,0
2023-10-19 17:00:00,28532.9,0,0
2023-10-19 18:00:00,28631.5,0,0
2023-10-19 19:00:00,28734.7,0,0
2023-10-19 20:00:00,28699.5,0,0
2023-10-19 21:00:00,28590.0,0,0
2023-10-19 22:00:00,28630.8,0,0
2023-10-19 23:00:00,28696.9,0,0
2023-10-20 00:00:00,28620.5,0,0
2023-10-20 01:00:00,28642.5,0,0
2023-10-20 02:00:00,28967.5,0,0
2023-10-20 03:00:00,29222.8,0,0
2023-10-20 04:00:00,29307.0,0,0
2023-10-20 05:00:00,29209.7,0,0
2023-10-20 06:00:00,29267.2,0,0
2023-10-20 07:00:00,29228.5,0,0
2023-10-20 08:00:00,29719.8,0,0
2023-10-20 09:00:00,29785.9,0,0
2023-10-20 10:00:00,29836.9,0,1
2023-10-20 11:00:00,29829.9,0,0
2023-10-20 12:00:00,29498.7,0,0
2023-10-20 13:00:00,29635.9,0,0
2023-10-20 14:00:00,29569.2,0,0
2023-10-20 15:00:00,29538.7,0,0
2023-10-20 16:00:00,29478.5,0,0
2023-10-20 17:00:00,29504.1,0,0
2023-10-20 18:00:00,29468.9,1,0
2023-10-20 19:00:00,29549.8,0,0
2023-10-20 20:00:00,29565.9,0,0
2023-10-20 21:00:00,29597.8,0,0
2023-10-20 22:00:00,29649.3,0,0
2023-10-20 23:00:00,29653.0,0,0
2023-10-21 00:00:00,29615.1,0,0
2023-10-21 01:00:00,29521.1,0,0
2023-10-21 02:00:00,29472.0,0,0
2023-10-21 03:00:00,29591.0,0,0
2023-10-21 04:00:00,29540.4,0,0
2023-10-21 05:00:00,29564.5,0,0
2023-10-21 06:00:00,29688.7,0,0
2023-10-21 07:00:00,29681.0,0,0
2023-10-21 08:00:00,29652.2,0,0
2023-10-21 09:00:00,29829.7,0,0
2023-10-21 10:00:00,29757.5,0,0
2023-10-21 11:00:00,29794.7,0,0
2023-10-21 12:00:00,29754.9,0,0
2023-10-21 13:00:00,29761.8,0,0
2023-10-21 14:00:00,29867.8,0,0
2023-10-21 15:00:00,29916.5,0,0
2023-10-21 16:00:00,29851.5,0,0
2023-10-21 17:00:00,30132.4,0,0
2023-10-21 18:00:00,30195.0,0,1
2023-10-21 19:00:00,30128.7,0,0
2023-10-21 20:00:00,30001.6,0,0
2023-10-21 21:00:00,29971.9,0,0
2023-10-21 22:00:00,29981.6,0,0
2023-10-21 23:00:00,29895.4,0,0
2023-10-22 00:00:00,29957.9,0,0
2023-10-22 01:00:00,29917.1,0,0
2023-10-22 02:00:00,29852.2,0,0
2023-10-22 03:00:00,29897.1,0,0
2023-10-22 04:00:00,29944.2,0,0
2023-10-22 05:00:00,30103.3,0,0
2023-10-22 06:00:00,30062.1,0,0
2023-10-22 07:00:00,29800.5,0,0
2023-10-22 08:00:00,29817.3,0,0
2023-10-22 09:00:00,29864.0,0,0
2023-10-22 10:00:00,29880.7,0,0
2023-10-22 11:00:00,29895.9,0,0
2023-10-22 12:00:00,29882.0,0,0
2023-10-22 13:00:00,29933.1,0,0
2023-10-22 14:00:00,29862.1,0,0
2023-10-22 15:00:00,29815.3,0,0
2023-10-22 16:00:00,29854.4,0,0
2023-10-22 17:00:00,29903.4,0,0
2023-10-22 18:00:00,29870.1,0,0
2023-10-22 19:00:00,29830.0,0,0
2023-10-22 20:00:00,29838.8,0,0
2023-10-22 21:00:00,29740.5,1,0
2023-10-22 22:00:00,30023.4,0,0
2023-10-22 23:00:00,29981.5,0,0
2023-10-23 00:00:00,30107.3,0,0
2023-10-23 01:00:00,30336.6,0,0
2023-10-23 02:00:00,30368.1,0,0
2023-10-23 03:00:00,30724.0,0,0
2023-10-23 04:00:00,30643.1,0,0
2023-10-23 05:00:00,30771.5,0,0
2023-10-23 06:00:00,30657.3,0,0
2023-10-23 07:00:00,30508.0,0,0
2023-10-23 08:00:00,30675.8,0,0
2023-10-23 09:00:00,30466.9,0,0
2023-10-23 10:00:00,30546.6,0,0
2023-10-23 11:00:00,30644.4,0,0
2023-10-23 12:00:00,30648.9,0,0
2023-10-23 13:00:00,30590.8,0,0
2023-10-23 14:00:00,30762.7,0,0
2023-10-23 15:00:00,30864.1,0,0
2023-10-23 16:00:00,31197.5,0,0
2023-10-23 17:00:00,30964.0,0,0
2023-10-23 18:00:00,31156.5,0,0
2023-10-23 19:00:00,31339.9,0,0
2023-10-23 20:00:00,31511.5,0,0
2023-10-23 21:00:00,31618.7,0,0
2023-10-23 22:00:00,33358.8,0,0
2023-10-23 23:00:00,33074.0,0,0
2023-10-24 00:00:00,33504.4,0,0
2023-10-24 01:00:00,34182.3,0,0
2023-10-24 02:00:00,34566.1,0,1
2023-10-24 03:00:00,34071.1,0,0
2023-10-24 04:00:00,34392.2,0,0
2023-10-24 05:00:00,33902.4,1,0
2023-10-24 06:00:00,33979.6,0,0
2023-10-24 07:00:00,34025.9,0,0
2023-10-24 08:00:00,34125.9,0,0
2023-10-24 09:00:00,34344.9,0,0
2023-10-24 10:00:00,34445.4,0,0
2023-10-24 11:00:00,34550.0,0,0
2023-10-24 12:00:00,34573.3,0,1
2023-10-24 13:00:00,34434.4,0,0
2023-10-24 14:00:00,34422.5,0,0
2023-10-24 15:00:00,33674.0,0,0
2023-10-24 16:00:00,33940.0,0,0
2023-10-24 17:00:00,33785.9,0,0
2023-10-24 18:00:00,33860.8,0,0
2023-10-24 19:00:00,33792.0,0,0
2023-10-24 20:00:00,33659.2,1,0
2023-10-24 21:00:00,34123.3,0,0
2023-10-24 22:00:00,34152.6,0,0
2023-10-24 23:00:00,33917.0,0,0
2023-10-25 00:00:00,34027.1,0,0
2023-10-25 01:00:00,34195.4,0,0
2023-10-25 02:00:00,34005.4,0,0
2023-10-25 03:00:00,34003.6,0,0
2023-10-25 04:00:00,34194.3,0,0
2023-10-25 05:00:00,34011.5,0,0
2023-10-25 06:00:00,34122.7,0,0
2023-10-25 07:00:00,33853.4,0,0
2023-10-25 08:00:00,33944.3,0,0
2023-10-25 09:00:00,34100.2,0,0
2023-10-25 10:00:00,34242.4,0,0
2023-10-25 11:00:00,34195.5,0,0
2023-10-25 12:00:00,34333.1,0,0
2023-10-25 13:00:00,34483.2,0,0
2023-10-25 14:00:00,34765.4,0,0
2023-10-25 15:00:00,34841.4,0,1
2023-10-25 16:00:00,34473.3,0,0
2023-10-25 17:00:00,34652.9,0,0
2023-10-25 18:00:00,34657.7,0,0
2023-10-25 19:00:00,34732.1,0,0
2023-10-25 20:00:00,34656.1,0,0
2023-10-25 21:00:00,34549.7,0,0
2023-10-25 22:00:00,34603.0,0,0
2023-10-25 23:00:00,34487.7,0,0
2023-10-26 00:00:00,34650.1,0,0
2023-10-26 01:00:00,34675.3,0,0
2023-10-26 02:00:00,34740.0,0,0
2023-10-26 03:00:00,34783.3,0,0
2023-10-26 04:00:00,34699.7,0,0
2023-10-26 05:00:00,34518.7,0,0
2023-10-26 06:00:00,34613.8,0,0
2023-10-26 07:00:00,34648.7,0,0
2023-10-26 08:00:00,34517.9,0,0
2023-10-26 09:00:00,34428.4,0,0
2023-10-26 10:00:00,34277.2,0,0
2023-10-26 11:00:00,34104.2,0,0
2023-10-26 12:00:00,34250.9,0,0
2023-10-26 13:00:00,34167.4,0,0
2023-10-26 14:00:00,34198.0,0,0
2023-10-26 15:00:00,34050.0,0,0
2023-10-26 16:00:00,33777.6,1,0
2023-10-26 17:00:00,33960.0,0,0
2023-10-26 18:00:00,33987.0,0,0
2023-10-26 19:00:00,34052.1,0,0
2023-10-26 20:00:00,34189.1,0,0
2023-10-26 21:00:00,34124.7,0,0
2023-10-26 22:00:00,34236.7,0,0
2023-10-26 23:00:00,34154.0,0,0
2023-10-27 00:00:00,34020.0,0,0
2023-10-27 01:00:00,33849.0,0,0
2023-10-27 02:00:00,34093.0,0,0
2023-10-27 03:00:00,34124.0,0,0
2023-10-27 04:00:00,34099.1,0,0
2023-10-27 05:00:00,34087.2,0,0
2023-10-27 06:00:00,34242.4,0,1
2023-10-27 07:00:00,33954.0,0,0
2023-10-27 08:00:00,34092.0,0,0
2023-10-27 09:00:00,34165.4,0,0
2023-10-27 10:00:00,34080.7,0,0
2023-10-27 11:00:00,34055.3,0,0
2023-10-27 12:00:00,34138.0,0,0
2023-10-27 13:00:00,34167.3,0,0
2023-10-27 14:00:00,33913.5,0,0
2023-10-27 15:00:00,34010.9,0,0
2023-10-27 16:00:00,33881.0,0,0
2023-10-27 17:00:00,33609.1,0,0
2023-10-27 18:00:00,33604.4,1,0
2023-10-27 19:00:00,33705.5,0,0
2023-10-27 20:00:00,33835.2,0,0
2023-10-27 21:00:00,33843.9,0,0
2023-10-27 22:00:00,33813.8,0,0
2023-10-27 23:00:00,33893.1,0,0
2023-10-28 00:00:00,33897.5,0,0
2023-10-28 01:00:00,33924.4,0,0
2023-10-28 02:00:00,34100.1,0,0
2023-10-28 03:00:00,34068.5,0,0
2023-10-28 04:00:00,34096.8,0,0
2023-10-28 05:00:00,34092.5,0,0
2023-10-28 06:00:00,34066.4,0,0
2023-10-28 07:00:00,34057.2,0,0
2023-10-28 08:00:00,34101.7,0,0
2023-10-28 09:00:00,34098.2,0,0
2023-10-28 10:00:00,34114.9,0,0
2023-10-28 11:00:00,34182.5,0,0
2023-10-28 12:00:00,34035.9,0,0
2023-10-28 13:00:00,34142.2,0,0
2023-10-28 14:00:00,34104.3,0,0
2023-10-28 15:00:00,34199.9,0,0
2023-10-28 16:00:00,34148.4,0,0
2023-10-28 17:00:00,34138.8,0,0
2023-10-28 18:00:00,34171.1,0,0
2023-10-28 19:00:00,34118.3,0,0
2023-10-28 20:00:00,34129.9,0,0
2023-10-28 21:00:00,34194.8,0,0
2023-10-28 22:00:00,34105.9,0,0
2023-10-28 23:00:00,34086.6,0,0
2023-10-29 00:00:00,34084.5,0,0
2023-10-29 01:00:00,34010.5,0,0
2023-10-29 02:00:00,34037.9,0,0
2023-10-29 03:00:00,33981.0,0,0
2023-10-29 04:00:00,34024.5,0,0
2023-10-29 05:00:00,34038.0,0,0
2023-10-29 06:00:00,34093.4,0,0
2023-10-29 07:00:00,34086.0,0,0
2023-10-29 08:00:00,34257.9,0,0
2023-10-29 09:00:00,34226.5,0,0
2023-10-29 10:00:00,34185.5,0,0
2023-10-29 11:00:00,34272.6,0,0
2023-10-29 12:00:00,34440.6,0,0
2023-10-29 13:00:00,34393.9,0,0
2023-10-29 14:00:00,34496.9,0,0
2023-10-29 15:00:00,34462.5,0,0
2023-10-29 16:00:00,34405.6,0,0
2023-10-29 17:00:00,34575.6,0,0
2023-10-29 18:00:00,34697.5,0,0
2023-10-29 19:00:00,34571.5,0,0
2023-10-29 20:00:00,34588.2,0,0
2023-10-29 21:00:00,34444.8,0,0
2023-10-29 22:00:00,34708.2,0,1
2023-10-29 23:00:00,34528.6,0,0
2023-10-30 00:00:00,34467.0,0,0
2023-10-30 01:00:00,34431.3,0,0
2023-10-30 02:00:00,34328.5,0,0
2023-10-30 03:00:00,34276.5,0,0
2023-10-30 04:00:00,34324.2,0,0
2023-10-30 05:00:00,34261.6,0,0
2023-10-30 06:00:00,34303.1,0,0
2023-10-30 07:00:00,34191.7,1,0
2023-10-30 08:00:00,34385.6,0,0
2023-10-30 09:00:00,34537.4,0,0
2023-10-30 10:00:00,34540.9,0,0
2023-10-30 11:00:00,34627.9,0,0
2023-10-30 12:00:00,34596.2,0,0
2023-10-30 13:00:00,34670.8,0,1
2023-10-30 14:00:00,34618.3,0,0
2023-10-30 15:00:00,34664.5,0,0
2023-10-30 16:00:00,34471.1,0,0
2023-10-30 17:00:00,34316.3,0,0
2023-10-30 18:00:00,34318.9,0,0
2023-10-30 19:00:00,34440.0,0,0
2023-10-30 20:00:00,34426.2,0,0
2023-10-30 21:00:00,34541.9,0,0
2023-10-30 22:00:00,34475.6,0,0
2023-10-30 23:00:00,34483.8,0,0
2023-10-31 00:00:00,34525.5,0,0
2023-10-31 01:00:00,34458.9,0,0
2023-10-31 02:00:00,34361.0,0,0
2023-10-31 03:00:00,34219.9,0,0
2023-10-31 04:00:00,34240.7,0,0
2023-10-31 05:00:00,34285.2,0,0
2023-10-31 06:00:00,34255.9,0,0
2023-10-31 07:00:00,34151.9,1,0
2023-10-31 08:00:00,34414.0,0,0
2023-10-31 09:00:00,34428.0,0,0
2023-10-31 10:00:00,34454.0,0,0
2023-10-31 11:00:00,34504.0,0,0
2023-10-31 12:00:00,34316.5,0,0
2023-10-31 13:00:00,34227.0,0,0
2023-10-31 14:00:00,34331.0,0,0
2023-10-31 15:00:00,34290.2,0,0
2023-10-31 16:00:00,34445.0,0,0
2023-10-31 17:00:00,34397.3,0,0
2023-10-31 18:00:00,34491.6,0,0
2023-10-31 19:00:00,34553.5,0,0
2023-10-31 20:00:00,34651.7,0,0
2023-10-31 21:00:00,34494.0,0,0
2023-10-31 22:00:00,34571.7,0,0
2023-10-31 23:00:00,34651.4,0,0
2023-11-01 00:00:00,34522.3,0,0
2023-11-01 01:00:00,34507.0,0,0
2023-11-01 02:00:00,34466.2,0,0
2023-11-01 03:00:00,34430.0,0,0
2023-11-01 04:00:00,34456.6,0,0
2023-11-01 05:00:00,34364.9,0,0
2023-11-01 06:00:00,34422.9,0,0
2023-11-01 07:00:00,34463.9,0,0
2023-11-01 08:00:00,34454.0,0,0
2023-11-01 09:00:00,34499.9,0,0
2023-11-01 10:00:00,34387.6,0,0
2023-11-01 11:00:00,34442.9,0,0
2023-11-01 12:00:00,34825.4,0,1
2023-11-01 13:00:00,34612.7,0,0
2023-11-01 14:00:00,34184.6,1,0
2023-11-01 15:00:00,34296.9,0,0
2023-11-01 16:00:00,34458.4,0,0
2023-11-01 17:00:00,34526.8,0,0
2023-11-01 18:00:00,34579.3,0,0
2023-11-01 19:00:00,34564.3,0,0
2023-11-01 20:00:00,35493.7,0,0
2023-11-01 21:00:00,35409.3,0,0
2023-11-01 22:00:00,35304.1,0,0
2023-11-01 23:00:00,35437.4,0,0
2023-11-02 00:00:00,35437.8,0,0
2023-11-02 01:00:00,35583.7,0,0
2023-11-02 02:00:00,35692.5,0,1
2023-11-02 03:00:00,35578.0,0,0
2023-11-02 04:00:00,35469.8,0,0
2023-11-02 05:00:00,35200.0,0,0
2023-11-02 06:00:00,35227.9,0,0
2023-11-02 07:00:00,35280.7,0,0
2023-11-02 08:00:00,35325.6,0,0
2023-11-02 09:00:00,35377.8,0,0
2023-11-02 10:00:00,35375.3,0,0
2023-11-02 11:00:00,35377.5,0,0
2023-11-02 12:00:00,35357.0,0,0
2023-11-02 13:00:00,34931.4,0,0
2023-11-02 14:00:00,34933.9,0,0
2023-11-02 15:00:00,34645.2,0,0
2023-11-02 16:00:00,34647.1,0,0
2023-11-02 17:00:00,34776.4,0,0
2023-11-02 18:00:00,34844.9,0,0
2023-11-02 19:00:00,34998.2,0,0
2023-11-02 20:00:00,34903.3,0,0
2023-11-02 21:00:00,34926.9,0,0
2023-11-02 22:00:00,34786.3,0,0
2023-11-02 23:00:00,34940.1,0,0
2023-11-03 00:00:00,34512.5,0,0
2023-11-03 01:00:00,34590.7,0,0
2023-11-03 02:00:00,34676.4,0,0
2023-11-03 03:00:00,34680.0,0,0
2023-11-03 04:00:00,34406.5,0,0
2023-11-03 05:00:00,34535.0,0,0
2023-11-03 06:00:00,34446.1,0,0
2023-11-03 07:00:00,34470.0,0,0
2023-11-03 08:00:00,34427.8,0,0
2023-11-03 09:00:00,34260.5,1,0
2023-11-03 10:00:00,34290.6,0,0
2023-11-03 11:00:00,34265.5,0,0
2023-11-03 12:00:00,34405.8,0,0
2023-11-03 13:00:00,34576.2,0,0
2023-11-03 14:00:00,34715.0,0,0
2023-11-03 15:00:00,34759.5,0,0
2023-11-03 16:00:00,34661.9,0,0
2023-11-03 17:00:00,34407.5,0,0
2023-11-03 18:00:00,34517.1,0,0
2023-11-03 19:00:00,34518.1,0,0
2023-11-03 20:00:00,34588.3,0,0
2023-11-03 21:00:00,34590.0,0,0
2023-11-03 22:00:00,34615.4,0,0
2023-11-03 23:00:00,34700.4,0,0
2023-11-04 00:00:00,34680.1,0,0
2023-11-04 01:00:00,34755.0,0,0
2023-11-04 02:00:00,34665.1,0,0
2023-11-04 03:00:00,34699.9,0,0
2023-11-04 04:00:00,34658.1,0,0
2023-11-04 05:00:00,34755.9,0,0
2023-11-04 06:00:00,34763.9,0,0
2023-11-04 07:00:00,34759.1,0,0
2023-11-04 08:00:00,34848.0,0,0
2023-11-04 09:00:00,34750.1,0,0
2023-11-04 10:00:00,34724.5,0,0
2023-11-04 11:00:00,34706.2,0,0
2023-11-04 12:00:00,34750.0,0,0
2023-11-04 13:00:00,34696.1,0,0
2023-11-04 14:00:00,34730.3,0,0
2023-11-04 15:00:00,34709.8,0,0
2023-11-04 16:00:00,34693.9,0,0
2023-11-04 17:00:00,34758.9,0,0
2023-11-04 18:00:00,34775.9,0,0
2023-11-04 19:00:00,34721.2,0,0
2023-11-04 20:00:00,34751.9,0,0
2023-11-04 21:00:00,34798.3,0,0
2023-11-04 22:00:00,35171.9,0,0
2023-11-04 23:00:00,35069.7,0,0
2023-11-05 00:00:00,34982.7,0,0
2023-11-05 01:00:00,35072.3,0,0
2023-11-05 02:00:00,35055.6,0,0
2023-11-05 03:00:00,35292.1,0,1
2023-11-05 04:00:00,35159.1,0,0
2023-11-05 05:00:00,35174.1,0,0
2023-11-05 06:00:00,35071.9,0,0
2023-11-05 07:00:00,35175.4,0,0
2023-11-05 08:00:00,35040.2,0,0
2023-11-05 09:00:00,35113.2,0,0
2023-11-05 10:00:00,35143.3,0,0
2023-11-05 11:00:00,35103.5,0,0
2023-11-05 12:00:00,35096.0,0,0
2023-11-05 13:00:00,34838.5,0,0
2023-11-05 14:00:00,34902.9,0,0
2023-11-05 15:00:00,34893.9,0,0
2023-11-05 16:00:00,34969.6,0,0
2023-11-05 17:00:00,35083.9,0,0
2023-11-05 18:00:00,35049.9,0,0
2023-11-05 19:00:00,35001.3,0,0
2023-11-05 20:00:00,35029.0,0,0
2023-11-05 21:00:00,34652.8,1,0
2023-11-05 22:00:00,34984.6,0,0
2023-11-05 23:00:00,35025.5,0,0
2023-11-06 00:00:00,35075.1,0,0
2023-11-06 01:00:00,34893.0,0,0
2023-11-06 02:00:00,34916.7,0,0
2023-11-06 03:00:00,34992.9,0,0
2023-11-06 04:00:00,34890.4,0,0
2023-11-06 05:00:00,34821.0,0,0
2023-11-06 06:00:00,34867.6,0,0
2023-11-06 07:00:00,34918.5,0,0
2023-11-06 08:00:00,34971.2,0,0
2023-11-06 09:00:00,35139.9,0,0
2023-11-06 10:00:00,35172.3,0,0
2023-11-06 11:00:00,35253.1,0,1
2023-11-06 12:00:00,35229.9,0,0
2023-11-06 13:00:00,35041.8,0,0
2023-11-06 14:00:00,35215.3,0,0
2023-11-06 15:00:00,35094.5,0,0
2023-11-06 16:00:00,34980.1,0,0
2023-11-06 17:00:00,34995.1,0,0
2023-11-06 18:00:00,34966.8,0,0
2023-11-06 19:00:00,35076.7,0,0
2023-11-06 20:00:00,35037.4,0,0
2023-11-06 21:00:00,35039.8,0,0
2023-11-06 22:00:00,35130.9,0,0
2023-11-06 23:00:00,35057.4,0,0
2023-11-07 00:00:00,34939.2,0,0
2023-11-07 01:00:00,34954.4,0,0
2023-11-07 02:00:00,34829.0,0,0
2023-11-07 03:00:00,34932.0,0,0
2023-11-07 04:00:00,34910.0,0,0
2023-11-07 05:00:00,34927.6,0,0
2023-11-07 06:00:00,34973.9,0,0
2023-11-07 07:00:00,34947.3,0,0
2023-11-07 08:00:00,34919.9,0,0
2023-11-07 09:00:00,34799.8,0,0
2023-11-07 10:00:00,34645.7,0,0
2023-11-07 11:00:00,34633.3,1,0
2023-11-07 12:00:00,34741.8,0,0
2023-11-07 13:00:00,34780.0,0,0
2023-11-07 14:00:00,34830.0,0,0
2023-11-07 15:00:00,34728.4,0,0
2023-11-07 16:00:00,34682.8,0,0
2023-11-07 17:00:00,34854.4,0,0
2023-11-07 18:00:00,35398.8,0,0
2023-11-07 19:00:00,35473.4,0,0
2023-11-07 20:00:00,35638.6,0,0
2023-11-07 21:00:00,35495.2,0,0
2023-11-07 22:00:00,35293.4,0,0
2023-11-07 23:00:00,35406.5,0,0
2023-11-08 00:00:00,35378.1,0,0
2023-11-08 01:00:00,35385.0,0,0
2023-11-08 02:00:00,35315.1,0,0
2023-11-08 03:00:00,35287.8,0,0
2023-11-08 04:00:00,35362.2,0,0
2023-11-08 05:00:00,35276.9,0,0
2023-11-08 06:00:00,35293.9,0,0
2023-11-08 07:00:00,35239.6,0,0
2023-11-08 08:00:00,35312.6,0,0
2023-11-08 09:00:00,35296.5,0,0
2023-11-08 10:00:00,35403.9,0,0
2023-11-08 11:00:00,35336.7,0,0
2023-11-08 12:00:00,35400.3,0,0
2023-11-08 13:00:00,35420.7,0,0
2023-11-08 14:00:00,35315.5,0,0
2023-11-08 15:00:00,35231.3,0,0
2023-11-08 16:00:00,35419.9,0,0
2023-11-08 17:00:00,35322.9,0,0
2023-11-08 18:00:00,35606.7,0,0
2023-11-08 19:00:00,35630.9,0,0
2023-11-08 20:00:00,35618.9,0,0
2023-11-08 21:00:00,35588.2,0,0
2023-11-08 22:00:00,35799.8,0,0
2023-11-08 23:00:00,35626.7,0,0
2023-11-09 00:00:00,35866.2,0,0
2023-11-09 01:00:00,35914.1,0,0
2023-11-09 02:00:00,36382.5,0,0
2023-11-09 03:00:00,36455.5,0,0
2023-11-09 04:00:00,36715.3,0,0
2023-11-09 05:00:00,36589.0,0,0
2023-11-09 06:00:00,36781.6,0,0
2023-11-09 07:00:00,36550.6,0,0
2023-11-09 08:00:00,36681.2,0,0
2023-11-09 09:00:00,36854.6,0,0
2023-11-09 10:00:00,36762.7,0,0
2023-11-09 11:00:00,36816.9,0,0
2023-11-09 12:00:00,36892.1,0,0
2023-11-09 13:00:00,37179.7,0,0
2023-11-09 14:00:00,37922.4,0,1
2023-11-09 15:00:00,37141.5,0,0
2023-11-09 16:00:00,36407.5,0,0
2023-11-09 17:00:00,36649.8,0,0
2023-11-09 18:00:00,36394.4,1,0
2023-11-09 19:00:00,36399.5,0,0
2023-11-09 20:00:00,36571.6,0,0
2023-11-09 21:00:00,36549.2,0,0
2023-11-09 22:00:00,36560.0,0,0
2023-11-09 23:00:00,36719.5,0,0
2023-11-10 00:00:00,36513.4,0,0
2023-11-10 01:00:00,36702.1,0,0
2023-11-10 02:00:00,36878.6,0,0
2023-11-10 03:00:00,36754.9,0,0
2023-11-10 04:00:00,36814.8,0,0
2023-11-10 05:00:00,36775.8,0,0
2023-11-10 06:00:00,36633.9,0,0
2023-11-10 07:00:00,36480.2,0,0
2023-11-10 08:00:00,36545.0,0,0
2023-11-10 09:00:00,36584.3,0,0
2023-11-10 10:00:00,36775.2,0,0
2023-11-10 11:00:00,37098.9,0,0
2023-11-10 12:00:00,37202.1,0,0
2023-11-10 13:00:00,36977.4,0,0
2023-11-10 14:00:00,37069.3,0,0
2023-11-10 15:00:00,37092.6,0,0
2023-11-10 16:00:00,37395.7,0,1
2023-11-10 17:00:00,37217.8,0,0
2023-11-10 18:00:00,37259.9,0,0
2023-11-10 19:00:00,37253.5,0,0
2023-11-10 20:00:00,37251.9,0,0
2023-11-10 21:00:00,37283.3,0,0
2023-11-10 22:00:00,37376.0,0,0
2023-11-10 23:00:00,37330.4,0,0
2023-11-11 00:00:00,37313.5,0,0
2023-11-11 01:00:00,37083.5,0,0
2023-11-11 02:00:00,37131.1,0,0
2023-11-11 03:00:00,37064.2,0,0
2023-11-11 04:00:00,37085.1,0,0
2023-11-11 05:00:00,37099.4,0,0
2023-11-11 06:00:00,37114.5,0,0
2023-11-11 07:00:00,37030.5,0,0
2023-11-11 08:00:00,36990.1,0,0
2023-11-11 09:00:00,37057.6,0,0
2023-11-11 10:00:00,37036.1,0,0
2023-11-11 11:00:00,37014.1,0,0
2023-11-11 12:00:00,37125.8,0,0
2023-11-11 13:00:00,37166.5,0,0
2023-11-11 14:00:00,37259.1,0,0
2023-11-11 15:00:00,37071.5,0,0
2023-11-11 16:00:00,37155.3,0,0
2023-11-11 17:00:00,37133.9,0,0
2023-11-11 18:00:00,37140.7,0,0
2023-11-11 19:00:00,37177.9,0,0
2023-11-11 20:00:00,37026.0,0,0
2023-11-11 21:00:00,37004.0,0,0
2023-11-11 22:00:00,36912.7,0,0
2023-11-11 23:00:00,37162.1,0,0
2023-11-12 00:00:00,36936.1,0,0
2023-11-12 01:00:00,36984.0,0,0
2023-11-12 02:00:00,36926.9,0,0
2023-11-12 03:00:00,37016.5,0,0
2023-11-12 04:00:00,37030.4,0,0
2023-11-12 05:00:00,37138.1,0,0
2023-11-12 06:00:00,37167.2,0,0
2023-11-12 07:00:00,37154.1,0,0
2023-11-12 08:00:00,37127.7,0,0
2023-11-12 09:00:00,37089.6,0,0
2023-11-12 10:00:00,37124.0,0,0
2023-11-12 11:00:00,37087.7,0,0
2023-11-12 12:00:00,37035.9,0,0
2023-11-12 13:00:00,37101.0,0,0
2023-11-12 14:00:00,37169.9,0,0
2023-11-12 15:00:00,37178.3,0,0
2023-11-12 16:00:00,37141.0,0,0
2023-11-12 17:00:00,37108.4,0,0
2023-11-12 18:00:00,37186.4,0,0
2023-11-12 19:00:00,37134.0,0,0
2023-11-12 20:00:00,37168.8,0,0
2023-11-12 21:00:00,37193.4,0,0
2023-11-12 22:00:00,37185.0,0,0
2023-11-12 23:00:00,37085.5,0,0
2023-11-13 00:00:00,37117.1,0,0
2023-11-13 01:00:00,37213.6,0,0
2023-11-13 02:00:00,37166.1,0,0
2023-11-13 03:00:00,36941.3,0,0
2023-11-13 04:00:00,36950.0,0,0
2023-11-13 05:00:00,36938.5,0,0
2023-11-13 06:00:00,36983.4,0,0
2023-11-13 07:00:00,36982.5,0,0
2023-11-13 08:00:00,37051.9,0,0
2023-11-13 09:00:00,37011.6,0,0
2023-11-13 10:00:00,36998.1,0,0
2023-11-13 11:00:00,36838.3,0,0
2023-11-13 12:00:00,36952.6,0,0
2023-11-13 13:00:00,36855.8,0,0
2023-11-13 14:00:00,36812.2,0,0
2023-11-13 15:00:00,36871.7,0,0
2023-11-13 16:00:00,36891.5,0,0
2023-11-13 17:00:00,36696.9,0,0
2023-11-13 18:00:00,36771.6,0,0
2023-11-13 19:00:00,36877.6,0,0
2023-11-13 20:00:00,36813.7,0,0
2023-11-13 21:00:00,36504.0,0,0
2023-11-13 22:00:00,36493.1,0,0
2023-11-13 23:00:00,36486.2,0,0
2023-11-14 00:00:00,36270.3,1,0
2023-11-14 01:00:00,36356.8,0,0
2023-11-14 02:00:00,36456.3,0,0
2023-11-14 03:00:00,36473.0,0,0
2023-11-14 04:00:00,36528.0,0,0
2023-11-14 05:00:00,36648.1,0,0
2023-11-14 06:00:00,36676.9,0,0
2023-11-14 07:00:00,36705.5,0,0
2023-11-14 08:00:00,36765.1,0,1
2023-11-14 09:00:00,36507.4,0,0
2023-11-14 10:00:00,36515.3,0,0
2023-11-14 11:00:00,36288.8,0,0
2023-11-14 12:00:00,36376.9,0,0
2023-11-14 13:00:00,36528.4,0,0
2023-11-14 14:00:00,36616.1,0,0
2023-11-14 15:00:00,36168.7,0,0
2023-11-14 16:00:00,36289.8,0,0
2023-11-14 17:00:00,36119.9,0,0
2023-11-14 18:00:00,35239.5,1,0
2023-11-14 19:00:00,35305.9,0,0
2023-11-14 20:00:00,35301.3,0,0
2023-11-14 21:00:00,35594.1,0,0
2023-11-14 22:00:00,35620.1,0,0
2023-11-14 23:00:00,35559.0,0,0
2023-11-15 00:00:00,35512.0,0,0
2023-11-15 01:00:00,35444.4,0,0
2023-11-15 02:00:00,35502.4,0,0
2023-11-15 03:00:00,35408.4,0,0
2023-11-15 04:00:00,35597.5,0,0
2023-11-15 05:00:00,35619.4,0,0
2023-11-15 06:00:00,35599.2,0,0
2023-11-15 07:00:00,35597.4,0,0
2023-11-15 08:00:00,35811.6,0,0
2023-11-15 09:00:00,35800.0,0,0
2023-11-15 10:00:00,35885.7,0,0
2023-11-15 11:00:00,36254.4,0,0
2023-11-15 12:00:00,36199.9,0,0
2023-11-15 13:00:00,36113.0,0,0
2023-11-15 14:00:00,36122.0,0,0
2023-11-15 15:00:00,36412.1,0,0
2023-11-15 16:00:00,36378.0,0,0
2023-11-15 17:00:00,36498.9,0,0
2023-11-15 18:00:00,37413.9,0,0
2023-11-15 19:00:00,37527.4,0,0
2023-11-15 20:00:00,37546.5,0,0
2023-11-15 21:00:00,37644.5,0,0
2023-11-15 22:00:00,37736.3,0,0
2023-11-15 23:00:00,37885.6,0,1
2023-11-16 00:00:00,37795.2,0,0
2023-11-16 01:00:00,37456.3,0,0
2023-11-16 02:00:00,37533.0,0,0
2023-11-16 03:00:00,37479.9,0,0
2023-11-16 04:00:00,37458.0,0,0
2023-11-16 05:00:00,37478.3,0,0
2023-11-16 06:00:00,37589.9,0,0
2023-11-16 07:00:00,37460.7,0,0
2023-11-16 08:00:00,37327.9,0,0
2023-11-16 09:00:00,37380.2,0,0
2023-11-16 10:00:00,37317.5,0,0
2023-11-16 11:00:00,37272.1,0,0
2023-11-16 12:00:00,37153.4,0,0
2023-11-16 13:00:00,36797.9,0,0
2023-11-16 14:00:00,36725.5,0,0
2023-11-16 15:00:00,36423.1,0,0
2023-11-16 16:00:00,36581.8,0,0
2023-11-16 17:00:00,36331.0,0,0
2023-11-16 18:00:00,36259.0,0,0
2023-11-16 19:00:00,35936.5,1,0
2023-11-16 20:00:00,35960.1,0,0
2023-11-16 21:00:00,35970.0,0,0
2023-11-16 22:00:00,36226.4,0,0
2023-11-16 23:00:00,36176.0,0,0
2023-11-17 00:00:00,36379.0,0,0
2023-11-17 01:00:00,36572.0,0,1
2023-11-17 02:00:00,36467.9,0,0
2023-11-17 03:00:00,36496.0,0,0
2023-11-17 04:00:00,36446.9,0,0
2023-11-17 05:00:00,36373.1,0,0
2023-11-17 06:00:00,36363.3,0,0
2023-11-17 07:00:00,36252.0,0,0
2023-11-17 08:00:00,36414.2,0,0
2023-11-17 09:00:00,36327.1,0,0
2023-11-17 10:00:00,36374.3,0,0
2023-11-17 11:00:00,36383.8,0,0
2023-11-17 12:00:00,36540.8,0,0
2023-11-17 13:00:00,36352.5,0,0
2023-11-17 14:00:00,36030.3,0,0
2023-11-17 15:00:00,36059.0,0,0
2023-11-17 16:00:00,35995.1,1,0
2023-11-17 17:00:00,36516.3,0,0
2023-11-17 18:00:00,36486.0,0,0
2023-11-17 19:00:00,36336.2,0,0
2023-11-17 20:00:00,36492.8,0,0
2023-11-17 21:00:00,36405.9,0,0
2023-11-17 22:00:00,36554.5,0,0
2023-11-17 23:00:00,36621.9,0,0
2023-11-18 00:00:00,36403.3,0,0
2023-11-18 01:00:00,36414.0,0,0
2023-11-18 02:00:00,36415.9,0,0
2023-11-18 03:00:00,36384.9,0,0
2023-11-18 04:00:00,36381.9,0,0
2023-11-18 05:00:00,36341.2,0,0
2023-11-18 06:00:00,36267.2,0,0
2023-11-18 07:00:00,36429.0,0,0
2023-11-18 08:00:00,36457.2,0,0
2023-11-18 09:00:00,36410.0,0,0
2023-11-18 10:00:00,36479.0,0,0
2023-11-18 11:00:00,36417.0,0,0
2023-11-18 12:00:00,36460.2,0,0
2023-11-18 13:00:00,36443.8,0,0
2023-11-18 14:00:00,36518.6,0,0
2023-11-18 15:00:00,36671.9,0,0
2023-11-18 16:00:00,36686.4,0,0
2023-11-18 17:00:00,36633.5,0,0
2023-11-18 18:00:00,36714.5,0,0
2023-11-18 19:00:00,36688.4,0,0
2023-11-18 20:00:00,36604.1,0,0
2023-11-18 21:00:00,36550.0,0,0
2023-11-18 22:00:00,36517.4,0,0
2023-11-18 23:00:00,36580.9,0,0
2023-11-19 00:00:00,36472.2,0,0
2023-11-19 01:00:00,36493.9,0,0
2023-11-19 02:00:00,36464.1,0,0
2023-11-19 03:00:00,36527.7,0,0
2023-11-19 04:00:00,36544.0,0,0
2023-11-19 05:00:00,36521.9,0,0
2023-11-19 06:00:00,36606.0,0,0
2023-11-19 07:00:00,36624.0,0,0
2023-11-19 08:00:00,36627.9,0,0
2023-11-19 09:00:00,36638.8,0,0
2023-11-19 10:00:00,36534.3,0,0
2023-11-19 11:00:00,36459.1,0,0
2023-11-19 12:00:00,36494.1,0,0
2023-11-19 13:00:00,36495.1,0,0
2023-11-19 14:00:00,36468.0,0,0
2023-11-19 15:00:00,36575.1,0,0
2023-11-19 16:00:00,36560.5,0,0
2023-11-19 17:00:00,36610.9,0,0
2023-11-19 18:00:00,36851.8,0,0
2023-11-19 19:00:00,36961.9,0,0
2023-11-19 20:00:00,36928.8,0,0
2023-11-19 21:00:00,37001.7,0,0
2023-11-19 22:00:00,36997.8,0,0
2023-11-19 23:00:00,37375.9,0,0
2023-11-20 00:00:00,37314.9,0,0
2023-11-20 01:00:00,37308.0,0,0
2023-11-20 02:00:00,37319.9,0,0
2023-11-20 03:00:00,37131.9,0,0
2023-11-20 04:00:00,37222.1,0,0
2023-11-20 05:00:00,37149.1,0,0
2023-11-20 06:00:00,37197.1,0,0
2023-11-20 07:00:00,37261.1,0,0
2023-11-20 08:00:00,37139.7,0,0
2023-11-20 09:00:00,37212.8,0,0
2023-11-20 10:00:00,37300.8,0,0
2023-11-20 11:00:00,37161.0,0,0
2023-11-20 12:00:00,37158.8,0,0
2023-11-20 13:00:00,37107.2,0,0
2023-11-20 14:00:00,37435.5,0,0
2023-11-20 15:00:00,37475.1,0,0
2023-11-20 16:00:00,37250.6,0,0
2023-11-20 17:00:00,37598.1,0,0
2023-11-20 18:00:00,37547.7,0,0
2023-11-20 19:00:00,37584.5,0,0
2023-11-20 20:00:00,37564.0,0,0
2023-11-20 21:00:00,37433.2,0,0
2023-11-20 22:00:00,37450.1,0,0
2023-11-20 23:00:00,37462.5,0,0
2023-11-21 00:00:00,37407.9,0,0
2023-11-21 01:00:00,37620.5,0,1
2023-11-21 02:00:00,37473.9,0,0
2023-11-21 03:00:00,37485.4,0,0
2023-11-21 04:00:00,37413.2,0,0
2023-11-21 05:00:00,37374.1,0,0
2023-11-21 06:00:00,37389.8,0,0
2023-11-21 07:00:00,37297.1,0,0
2023-11-21 08:00:00,37421.4,0,0
2023-11-21 09:00:00,37327.0,0,0
2023-11-21 10:00:00,37367.9,0,0
2023-11-21 11:00:00,37189.5,0,0
2023-11-21 12:00:00,37205.0,0,0
2023-11-21 13:00:00,37027.2,0,0
2023-11-21 14:00:00,36646.5,1,0
2023-11-21 15:00:00,36975.9,0,0
2023-11-21 16:00:00,37198.0,0,1
2023-11-21 17:00:00,36913.6,0,0
2023-11-21 18:00:00,36888.7,0,0
2023-11-21 19:00:00,36989.9,0,0
2023-11-21 20:00:00,36940.6,0,0
2023-11-21 21:00:00,36839.9,0,0
2023-11-21 22:00:00,36385.4,0,0
2023-11-21 23:00:00,35737.0,1,0
2023-11-22 00:00:00,36109.9,0,0
2023-11-22 01:00:00,36085.2,0,0
2023-11-22 02:00:00,36293.3,0,0
2023-11-22 03:00:00,36378.8,0,0
2023-11-22 04:00:00,36409.9,0,0
2023-11-22 05:00:00,36359.0,0,0
2023-11-22 06:00:00,36511.4,0,0
2023-11-22 07:00:00,36430.7,0,0
2023-11-22 08:00:00,36561.7,0,0
2023-11-22 09:00:00,36683.5,0,0
2023-11-22 10:00:00,36661.8,0,0
2023-11-22 11:00:00,36465.9,0,0
2023-11-22 12:00:00,36560.6,0,0
2023-11-22 13:00:00,36597.0,0,0
2023-11-22 14:00:00,36402.1,0,0
2023-11-22 15:00:00,36480.5,0,0
2023-11-22 16:00:00,36470.0,0,0
2023-11-22 17:00:00,36582.9,0,0
2023-11-22 18:00:00,37201.7,0,0
2023-11-22 19:00:00,37297.0,0,0
2023-11-22 20:00:00,37629.8,0,0
2023-11-22 21:00:00,37618.3,0,0
2023-11-22 22:00:00,37457.0,0,0
2023-11-22 23:00:00,37413.4,0,0
2023-11-23 00:00:00,37319.4,0,0
2023-11-23 01:00:00,37414.0,0,0
2023-11-23 02:00:00,37350.1,0,0
2023-11-23 03:00:00,37311.0,0,0
2023-11-23 04:00:00,37350.7,0,0
2023-11-23 05:00:00,37331.6,0,0
2023-11-23 06:00:00,37279.4,0,0
2023-11-23 07:00:00,37378.5,0,0
2023-11-23 08:00:00,37507.1,0,0
2023-11-23 09:00:00,37643.7,0,1
2023-11-23 10:00:00,37470.0,0,0
2023-11-23 11:00:00,37378.2,0,0
2023-11-23 12:00:00,37309.2,0,0
2023-11-23 13:00:00,37243.0,0,0
2023-11-23 14:00:00,37207.2,0,0
2023-11-23 15:00:00,36954.1,1,0
2023-11-23 16:00:00,37085.8,0,0
2023-11-23 17:00:00,37173.6,0,0
2023-11-23 18:00:00,37257.0,0,0
2023-11-23 19:00:00,37282.3,0,0
2023-11-23 20:00:00,37282.9,0,0
2023-11-23 21:00:00,37250.9,0,0
2023-11-23 22:00:00,37311.1,0,0
2023-11-23 23:00:00,37294.3,0,0
2023-11-24 00:00:00,37297.8,0,0
2023-11-24 01:00:00,37395.2,0,0
2023-11-24 02:00:00,37379.7,0,0
2023-11-24 03:00:00,37314.0,0,0
2023-11-24 04:00:00,37352.0,0,0
2023-11-24 05:00:00,37430.0,0,0
2023-11-24 06:00:00,37386.1,0,0
2023-11-24 07:00:00,37531.1,0,0
2023-11-24 08:00:00,37441.2,0,0
2023-11-24 09:00:00,37634.0,0,0
2023-11-24 10:00:00,37611.2,0,0
2023-11-24 11:00:00,37749.7,0,0
2023-11-24 12:00:00,37716.0,0,0
2023-11-24 13:00:00,37770.9,0,0
2023-11-24 14:00:00,37799.9,0,0
2023-11-24 15:00:00,38217.3,0,1
2023-11-24 16:00:00,37733.3,0,0
2023-11-24 17:00:00,37846.9,0,0
2023-11-24 18:00:00,37728.0,0,0
2023-11-24 19:00:00,37758.5,0,0
2023-11-24 20:00:00,37822.9,0,0
2023-11-24 21:00:00,37818.7,0,0
2023-11-24 22:00:00,37669.9,0,0
2023-11-24 23:00:00,37706.3,0,0
2023-11-25 00:00:00,37714.0,0,0
2023-11-25 01:00:00,37786.1,0,0
2023-11-25 02:00:00,37822.1,0,0
2023-11-25 03:00:00,37790.9,0,0
2023-11-25 04:00:00,37767.9,0,0
2023-11-25 05:00:00,37810.7,0,0
2023-11-25 06:00:00,37791.9,0,0
2023-11-25 07:00:00,37795.0,0,0
2023-11-25 08:00:00,37758.0,0,0
2023-11-25 09:00:00,37738.0,0,0
2023-11-25 10:00:00,37680.8,0,0
2023-11-25 11:00:00,37645.0,0,0
2023-11-25 12:00:00,37717.8,0,0
2023-11-25 13:00:00,37716.4,0,0
2023-11-25 14:00:00,37673.2,0,0
2023-11-25 15:00:00,37697.8,0,0
2023-11-25 16:00:00,37737.9,0,0
2023-11-25 17:00:00,37765.6,0,0
2023-11-25 18:00:00,37809.9,0,0
2023-11-25 19:00:00,37805.9,0,0
2023-11-25 20:00:00,37780.0,0,0
2023-11-25 21:00:00,37780.9,0,0
2023-11-25 22:00:00,37710.9,0,0
2023-11-25 23:00:00,37766.6,0,0
2023-11-26 00:00:00,37730.3,0,0
2023-11-26 01:00:00,37672.5,0,0
2023-11-26 02:00:00,37729.2,0,0
2023-11-26 03:00:00,37721.0,0,0
2023-11-26 04:00:00,37752.1,0,0
2023-11-26 05:00:00,37766.5,0,0
2023-11-26 06:00:00,37781.9,0,0
2023-11-26 07:00:00,37773.5,0,0
2023-11-26 08:00:00,37748.5,0,0
2023-11-26 09:00:00,37751.6,0,0
2023-11-26 10:00:00,37689.1,0,0
2023-11-26 11:00:00,37663.0,0,0
2023-11-26 12:00:00,37611.9,0,0
2023-11-26 13:00:00,37500.0,0,0
2023-11-26 14:00:00,37328.1,0,0
2023-11-26 15:00:00,37418.0,0,0
2023-11-26 16:00:00,37212.1,0,0
2023-11-26 17:00:00,37264.3,0,0
2023-11-26 18:00:00,37233.1,0,0
2023-11-26 19:00:00,37360.0,0,0
2023-11-26 20:00:00,37577.2,0,0
2023-11-26 21:00:00,37604.1,0,0
2023-11-26 22:00:00,37647.5,0,0
2023-11-26 23:00:00,37437.9,0,0
2023-11-27 00:00:00,37479.2,0,0
2023-11-27 01:00:00,37473.5,0,0
2023-11-27 02:00:00,37299.7,0,0
2023-11-27 03:00:00,37295.8,0,0
2023-11-27 04:00:00,37360.4,0,0
2023-11-27 05:00:00,37298.1,0,0
2023-11-27 06:00:00,37258.8,0,0
2023-11-27 07:00:00,37272.1,0,0
2023-11-27 08:00:00,37327.5,0,0
2023-11-27 09:00:00,37359.4,0,0
2023-11-27 10:00:00,37100.0,0,0
2023-11-27 11:00:00,37023.3,0,0
2023-11-27 12:00:00,36961.8,0,0
2023-11-27 13:00:00,36943.7,0,0
2023-11-27 14:00:00,36804.5,0,0
2023-11-27 15:00:00,36743.2,1,0
2023-11-27 16:00:00,37075.1,0,0
2023-11-27 17:00:00,36914.8,0,0
2023-11-27 18:00:00,36958.5,0,0
2023-11-27 19:00:00,36868.6,0,0
2023-11-27 20:00:00,36792.0,0,0
2023-11-27 21:00:00,37020.9,0,0
2023-11-27 22:00:00,37070.1,0,0
2023-11-27 23:00:00,37234.3,0,0
2023-11-28 00:00:00,37248.3,0,0
2023-11-28 01:00:00,37190.6,0,0
2023-11-28 02:00:00,37165.0,0,0
2023-11-28 03:00:00,37119.9,0,0
2023-11-28 04:00:00,36973.9,0,0
2023-11-28 05:00:00,36894.9,0,0
2023-11-28 06:00:00,37088.7,0,0
2023-11-28 07:00:00,37087.2,0,0
2023-11-28 08:00:00,36929.8,0,0
2023-11-28 09:00:00,37076.4,0,0
2023-11-28 10:00:00,37105.9,0,0
2023-11-28 11:00:00,37250.1,0,0
2023-11-28 12:00:00,37199.9,0,0
2023-11-28 13:00:00,37401.7,0,0
2023-11-28 14:00:00,37357.4,0,0
2023-11-28 15:00:00,37502.2,0,0
2023-11-28 16:00:00,37868.7,0,0
2023-11-28 17:00:00,38202.5,0,0
2023-11-28 18:00:00,37961.2,0,0
2023-11-28 19:00:00,38105.0,0,0
2023-11-28 20:00:00,38184.1,0,0
2023-11-28 21:00:00,37932.0,0,0
2023-11-28 22:00:00,37855.3,0,0
2023-11-28 23:00:00,37812.1,0,0
2023-11-29 00:00:00,37904.3,0,0
2023-11-29 01:00:00,37921.8,0,0
2023-11-29 02:00:00,37917.0,0,0
2023-11-29 03:00:00,37938.1,0,0
2023-11-29 04:00:00,37928.0,0,0
2023-11-29 05:00:00,38021.0,0,0
2023-11-29 06:00:00,38171.8,0,0
2023-11-29 07:00:00,38095.7,0,0
2023-11-29 08:00:00,38335.5,0,1
2023-11-29 09:00:00,38275.0,0,0
2023-11-29 10:00:00,37965.1,0,0
2023-11-29 11:00:00,38098.6,0,0
2023-11-29 12:00:00,38147.9,0,0
2023-11-29 13:00:00,38106.9,0,0
2023-11-29 14:00:00,37808.9,0,0
2023-11-29 15:00:00,37817.6,0,0
2023-11-29 16:00:00,37752.1,0,0
2023-11-29 17:00:00,37765.2,0,0
2023-11-29 18:00:00,37850.0,0,0
2023-11-29 19:00:00,37861.1,0,0
2023-11-29 20:00:00,37662.7,0,0
2023-11-29 21:00:00,37727.2,0,0
2023-11-29 22:00:00,37777.6,0,0
2023-11-29 23:00:00,37837.1,0,0
2023-11-30 00:00:00,37759.5,0,0
2023-11-30 01:00:00,37685.8,0,0
2023-11-30 02:00:00,37858.6,0,0
2023-11-30 03:00:00,38034.5,0,0
2023-11-30 04:00:00,37958.3,0,0
2023-11-30 05:00:00,37871.1,0,0
2023-11-30 06:00:00,37855.0,0,0
2023-11-30 07:00:00,37783.2,0,0
2023-11-30 08:00:00,37652.5,0,0
2023-11-30 09:00:00,37702.7,0,0
2023-11-30 10:00:00,37661.7,0,0
2023-11-30 11:00:00,37867.1,0,0
2023-11-30 12:00:00,37861.8,0,0
2023-11-30 13:00:00,37709.6,0,0
2023-11-30 14:00:00,37646.1,0,0
2023-11-30 15:00:00,37614.0,1,0
2023-11-30 16:00:00,37651.4,0,0
2023-11-30 17:00:00,37728.7,0,0
2023-11-30 18:00:00,37733.6,0,0
2023-11-30 19:00:00,37745.3,0,0
2023-11-30 20:00:00,37720.1,0,0
2023-11-30 21:00:00,37730.8,0,0
2023-11-30 22:00:00,37685.8,0,0
2023-11-30 23:00:00,37716.8,0,0
2023-12-01 00:00:00,37665.6,0,0
2023-12-01 01:00:00,37927.3,0,0
2023-12-01 02:00:00,37977.8,0,0
2023-12-01 03:00:00,38030.2,0,0
2023-12-01 04:00:00,38170.5,0,0
2023-12-01 05:00:00,38106.6,0,0
2023-12-01 06:00:00,38198.1,0,0
2023-12-01 07:00:00,38234.9,0,0
2023-12-01 08:00:00,38298.1,0,0
2023-12-01 09:00:00,38706.1,0,0
2023-12-01 10:00:00,38537.0,0,0
2023-12-01 11:00:00,38578.0,0,0
2023-12-01 12:00:00,38356.0,0,0
2023-12-01 13:00:00,38361.3,0,0
2023-12-01 14:00:00,38315.7,0,0
2023-12-01 15:00:00,38401.5,0,0
2023-12-01 16:00:00,38790.0,0,0
2023-12-01 17:00:00,38787.1,0,0
2023-12-01 18:00:00,38691.7,0,0
2023-12-01 19:00:00,38750.1,0,0
2023-12-01 20:00:00,38734.7,0,0
2023-12-01 21:00:00,38760.4,0,0
2023-12-01 22:00:00,38683.7,0,0
2023-12-01 23:00:00,38660.0,0,0
2023-12-02 00:00:00,38692.0,0,0
2023-12-02 01:00:00,38734.4,0,0
2023-12-02 02:00:00,38703.5,0,0
2023-12-02 03:00:00,38767.5,0,0
2023-12-02 04:00:00,38804.0,0,0
2023-12-02 05:00:00,38727.3,0,0
2023-12-02 06:00:00,38762.7,0,0
2023-12-02 07:00:00,38683.9,0,0
2023-12-02 08:00:00,38694.0,0,0
2023-12-02 09:00:00,38757.5,0,0
2023-12-02 10:00:00,38735.7,0,0
2023-12-02 11:00:00,38722.8,0,0
2023-12-02 12:00:00,38764.0,0,0
2023-12-02 13:00:00,38796.3,0,0
2023-12-02 14:00:00,38758.4,0,0
2023-12-02 15:00:00,38787.0,0,0
2023-12-02 16:00:00,38727.9,0,0
2023-12-02 17:00:00,38779.3,0,0
2023-12-02 18:00:00,38856.2,0,0
2023-12-02 19:00:00,39416.4,0,0
2023-12-02 20:00:00,39570.1,0,0
2023-12-02 21:00:00,39553.0,0,0
2023-12-02 22:00:00,39343.1,0,0
2023-12-02 23:00:00,39435.0,0,0
2023-12-03 00:00:00,39485.6,0,0
2023-12-03 01:00:00,39472.0,0,0
2023-12-03 02:00:00,39348.9,0,0
2023-12-03 03:00:00,39376.0,0,0
2023-12-03 04:00:00,39348.8,0,0
2023-12-03 05:00:00,39406.4,0,0
2023-12-03 06:00:00,39406.4,0,0
2023-12-03 07:00:00,39474.1,0,0
2023-12-03 08:00:00,39393.5,0,0
2023-12-03 09:00:00,39449.8,0,0
2023-12-03 10:00:00,39538.9,0,0
2023-12-03 11:00:00,39471.4,0,0
2023-12-03 12:00:00,39393.3,0,0
2023-12-03 13:00:00,39664.1,0,0
2023-12-03 14:00:00,39527.0,0,0
2023-12-03 15:00:00,39758.5,0,0
2023-12-03 16:00:00,39658.8,0,0
2023-12-03 17:00:00,39519.0,0,0
2023-12-03 18:00:00,39530.0,0,0
2023-12-03 19:00:00,39555.1,0,0
2023-12-03 20:00:00,39556.1,0,0
2023-12-03 21:00:00,39704.7,0,0
2023-12-03 22:00:00,40079.9,0,0
2023-12-03 23:00:00,39979.7,0,0
2023-12-04 00:00:00,40217.6,0,0
2023-12-04 01:00:00,40613.7,0,0
2023-12-04 02:00:00,40697.6,0,0
2023-12-04 03:00:00,40720.7,0,0
2023-12-04 04:00:00,40915.1,0,0
2023-12-04 05:00:00,41517.1,0,0
2023-12-04 06:00:00,41410.5,0,0
2023-12-04 07:00:00,41471.9,0,0
2023-12-04 08:00:00,41705.5,0,0
2023-12-04 09:00:00,41559.6,0,0
2023-12-04 10:00:00,41991.3,0,1
2023-12-04 11:00:00,41605.9,0,0
2023-12-04 12:00:00,41801.8,0,0
2023-12-04 13:00:00,41742.0,0,0
2023-12-04 14:00:00,41653.7,0,0
2023-12-04 15:00:00,41280.8,1,0
2023-12-04 16:00:00,41642.0,0,0
2023-12-04 17:00:00,41621.7,0,0
2023-12-04 18:00:00,41733.3,0,0
2023-12-04 19:00:00,42001.0,0,0
2023-12-04 20:00:00,41779.0,0,0
2023-12-04 21:00:00,42050.0,0,1
2023-12-04 22:00:00,41953.6,0,0
2023-12-04 23:00:00,41993.1,0,0
2023-12-05 00:00:00,41925.9,0,0
2023-12-05 01:00:00,41808.3,0,0
2023-12-05 02:00:00,41742.8,0,0
2023-12-05 03:00:00,41832.0,0,0
2023-12-05 04:00:00,41779.8,0,0
2023-12-05 05:00:00,41910.0,0,0
2023-12-05 06:00:00,41721.4,0,0
2023-12-05 07:00:00,41534.2,1,0
2023-12-05 08:00:00,41614.8,0,0
2023-12-05 09:00:00,41701.0,0,0
2023-12-05 10:00:00,41618.1,0,0
2023-12-05 11:00:00,41730.9,0,0
2023-12-05 12:00:00,41869.6,0,0
2023-12-05 13:00:00,41826.3,0,0
2023-12-05 14:00:00,42189.8,0,0
2023-12-05 15:00:00,42266.7,0,0
2023-12-05 16:00:00,42712.6,0,0
2023-12-05 17:00:00,43389.3,0,0
2023-12-05 18:00:00,43724.2,0,0
2023-12-05 19:00:00,43834.0,0,0
2023-12-05 20:00:00,43797.5,0,0
2023-12-05 21:00:00,43907.0,0,0
2023-12-05 22:00:00,44299.8,0,1
2023-12-05 23:00:00,44081.7,0,0
2023-12-06 00:00:00,44155.4,0,0
2023-12-06 01:00:00,43885.2,0,0
2023-12-06 02:00:00,43912.5,0,0
2023-12-06 03:00:00,43757.7,0,0
2023-12-06 04:00:00,43742.1,0,0
2023-12-06 05:00:00,43691.9,0,0
2023-12-06 06:00:00,43685.9,0,0
2023-12-06 07:00:00,43697.1,0,0
2023-12-06 08:00:00,43831.1,0,0
2023-12-06 09:00:00,43890.8,0,0
2023-12-06 10:00:00,44127.0,0,0
2023-12-06 11:00:00,43853.3,0,0
2023-12-06 12:00:00,44050.0,0,0
2023-12-06 13:00:00,44111.1,0,0
2023-12-06 14:00:00,44071.2,0,0
2023-12-06 15:00:00,43795.3,0,0
2023-12-06 16:00:00,43873.3,0,0
2023-12-06 17:00:00,43971.4,0,0
2023-12-06 18:00:00,43955.2,0,0
2023-12-06 19:00:00,44008.8,0,0
2023-12-06 20:00:00,43756.1,0,0
2023-12-06 21:00:00,43837.8,0,0
2023-12-06 22:00:00,43776.0,0,0
2023-12-06 23:00:00,43774.8,0,0
2023-12-07 00:00:00,43840.2,0,0
2023-12-07 01:00:00,43937.5,0,0
2023-12-07 02:00:00,43984.6,0,0
2023-12-07 03:00:00,43941.3,0,0
2023-12-07 04:00:00,43983.2,0,0
2023-12-07 05:00:00,44019.9,0,0
2023-12-07 06:00:00,43875.1,0,0
2023-12-07 07:00:00,43899.4,0,0
2023-12-07 08:00:00,43602.8,0,0
2023-12-07 09:00:00,43376.2,0,0
2023-12-07 10:00:00,43150.0,1,0
2023-12-07 11:00:00,43206.4,0,0
2023-12-07 12:00:00,43433.2,0,0
2023-12-07 13:00:00,43318.0,0,0
2023-12-07 14:00:00,43501.2,0,0
2023-12-07 15:00:00,43679.8,0,0
2023-12-07 16:00:00,43711.0,0,1
2023-12-07 17:00:00,43448.8,0,0
2023-12-07 18:00:00,43327.4,0,0
2023-12-07 19:00:00,43239.2,0,0
2023-12-07 20:00:00,43266.8,0,0
2023-12-07 21:00:00,43397.2,0,0
2023-12-07 22:00:00,43159.7,1,0
2023-12-07 23:00:00,43296.0,0,0
2023-12-08 00:00:00,43425.1,0,0
2023-12-08 01:00:00,43429.9,0,0
2023-12-08 02:00:00,43524.3,0,0
2023-12-08 03:00:00,43402.8,0,0
2023-12-08 04:00:00,43486.4,0,0
2023-12-08 05:00:00,43458.6,0,0
2023-12-08 06:00:00,43393.3,0,0
2023-12-08 07:00:00,43184.5,0,0
2023-12-08 08:00:00,43242.9,0,0
2023-12-08 09:00:00,43163.3,0,0
2023-12-08 10:00:00,43394.9,0,0
2023-12-08 11:00:00,43687.3,0,0
2023-12-08 12:00:00,43770.3,0,0
2023-12-08 13:00:00,43599.0,0,0
2023-12-08 14:00:00,43993.7,0,0
2023-12-08 15:00:00,43778.5,0,0
2023-12-08 16:00:00,43842.6,0,0
2023-12-08 17:00:00,43760.1,0,0
2023-12-08 18:00:00,43825.7,0,0
2023-12-08 19:00:00,43967.6,0,0
2023-12-08 20:00:00,44393.2,0,0
2023-12-08 21:00:00,44572.0,0,1
2023-12-08 22:00:00,44296.6,0,0
2023-12-08 23:00:00,44209.5,0,0
2023-12-09 00:00:00,44207.4,0,0
2023-12-09 01:00:00,44148.0,0,0
2023-12-09 02:00:00,44147.7,0,0
2023-12-09 03:00:00,44175.0,0,0
2023-12-09 04:00:00,44260.0,0,0
2023-12-09 05:00:00,44314.0,0,0
2023-12-09 06:00:00,44245.7,0,0
2023-12-09 07:00:00,44220.6,0,0
2023-12-09 08:00:00,43861.7,0,0
2023-12-09 09:00:00,43865.5,0,0
2023-12-09 10:00:00,43863.9,0,0
2023-12-09 11:00:00,43838.3,0,0
2023-12-09 12:00:00,43939.0,0,0
2023-12-09 13:00:00,44030.0,0,0
2023-12-09 14:00:00,43963.6,0,0
2023-12-09 15:00:00,44088.0,0,0
2023-12-09 16:00:00,44052.1,0,0
2023-12-09 17:00:00,43922.2,0,0
2023-12-09 18:00:00,43993.2,0,0
2023-12-09 19:00:00,43954.8,0,0
2023-12-09 20:00:00,44018.0,0,0
2023-12-09 21:00:00,44012.3,0,0
2023-12-09 22:00:00,43931.6,0,0
2023-12-09 23:00:00,43734.3,0,0
2023-12-10 00:00:00,43800.0,0,0
2023-12-10 01:00:00,43824.0,0,0
2023-12-10 02:00:00,43778.0,0,0
2023-12-10 03:00:00,43870.7,0,0
2023-12-10 04:00:00,43972.7,0,0
2023-12-10 05:00:00,43927.5,0,0
2023-12-10 06:00:00,43941.2,0,0
2023-12-10 07:00:00,43995.8,0,0
2023-12-10 08:00:00,43799.8,0,0
2023-12-10 09:00:00,43625.1,0,0
2023-12-10 10:00:00,43726.6,0,0
2023-12-10 11:00:00,43760.1,0,0
2023-12-10 12:00:00,43912.1,0,0
2023-12-10 13:00:00,43871.4,0,0
2023-12-10 14:00:00,43861.7,0,0
2023-12-10 15:00:00,43945.4,0,0
2023-12-10 16:00:00,43856.9,0,0
2023-12-10 17:00:00,43851.5,0,0
2023-12-10 18:00:00,43864.6,0,0
2023-12-10 19:00:00,43819.5,0,0
2023-12-10 20:00:00,43996.9,0,0
2023-12-10 21:00:00,43833.4,0,0
2023-12-10 22:00:00,43805.7,0,0
2023-12-10 23:00:00,43810.0,0,0
2023-12-11 00:00:00,43642.3,0,0
2023-12-11 01:00:00,43241.7,0,0
2023-12-11 02:00:00,41962.2,0,0
2023-12-11 03:00:00,42312.8,0,0
2023-12-11 04:00:00,42172.1,0,0
2023-12-11 05:00:00,42053.4,0,0
2023-12-11 06:00:00,42130.8,0,0
2023-12-11 07:00:00,42128.0,0,0
2023-12-11 08:00:00,42246.5,0,0
2023-12-11 09:00:00,42386.2,0,0
2023-12-11 10:00:00,42381.3,0,0
2023-12-11 11:00:00,42346.6,0,0
2023-12-11 12:00:00,42218.0,0,0
2023-12-11 13:00:00,42020.0,0,0
2023-12-11 14:00:00,41868.3,0,0
2023-12-11 15:00:00,41824.7,0,0
2023-12-11 16:00:00,41831.1,0,0
2023-12-11 17:00:00,41379.4,0,0
2023-12-11 18:00:00,41078.1,0,0
2023-12-11 19:00:00,40799.4,1,0
2023-12-11 20:00:00,40882.1,0,0
2023-12-11 21:00:00,41225.1,0,0
2023-12-11 22:00:00,41305.9,0,0
2023-12-11 23:00:00,41271.0,0,0
2023-12-12 00:00:00,41735.4,0,0
2023-12-12 01:00:00,41703.5,0,0
2023-12-12 02:00:00,41879.9,0,0
2023-12-12 03:00:00,41760.3,0,0
2023-12-12 04:00:00,41411.8,0,0
2023-12-12 05:00:00,41590.4,0,0
2023-12-12 06:00:00,41719.8,0,0
2023-12-12 07:00:00,41930.1,0,0
2023-12-12 08:00:00,42049.5,0,1
2023-12-12 09:00:00,41819.1,0,0
2023-12-12 10:00:00,41827.7,0,0
2023-12-12 11:00:00,41606.7,0,0
2023-12-12 12:00:00,41875.0,0,0
2023-12-12 13:00:00,41833.6,0,0
2023-12-12 14:00:00,41495.1,0,0
2023-12-12 15:00:00,41376.6,0,0
2023-12-12 16:00:00,41372.1,0,0
2023-12-12 17:00:00,40734.5,1,0
2023-12-12 18:00:00,41334.9,0,0
2023-12-12 19:00:00,41169.6,0,0
2023-12-12 20:00:00,41254.6,0,0
2023-12-12 21:00:00,41131.2,0,0
2023-12-12 22:00:00,41258.0,0,0
2023-12-12 23:00:00,41515.0,0,1
2023-12-13 00:00:00,41432.6,0,0
2023-12-13 01:00:00,41055.6,0,0
2023-12-13 02:00:00,41033.7,0,0
2023-12-13 03:00:00,40858.5,1,0
2023-12-13 04:00:00,40921.4,0,0
2023-12-13 05:00:00,41046.5,0,0
2023-12-13 06:00:00,40885.5,0,0
2023-12-13 07:00:00,41146.3,0,0
2023-12-13 08:00:00,41291.8,0,0
2023-12-13 09:00:00,41249.5,0,0
2023-12-13 10:00:00,41171.9,0,0
2023-12-13 11:00:00,41035.2,0,0
2023-12-13 12:00:00,41236.6,0,0
2023-12-13 13:00:00,41488.1,0,0
2023-12-13 14:00:00,41459.6,0,0
2023-12-13 15:00:00,41960.0,0,0
2023-12-13 16:00:00,41894.0,0,0
2023-12-13 17:00:00,42138.1,0,0
2023-12-13 18:00:00,42149.3,0,0
2023-12-13 19:00:00,42746.8,0,0
2023-12-13 20:00:00,42880.1,0,0
2023-12-13 21:00:00,43000.6,0,0
2023-12-13 22:00:00,42987.9,0,0
2023-12-13 23:00:00,42875.0,0,0
2023-12-14 00:00:00,42792.9,0,0
2023-12-14 01:00:00,42848.0,0,0
2023-12-14 02:00:00,42775.0,0,0
2023-12-14 03:00:00,42726.9,0,0
2023-12-14 04:00:00,42713.4,0,0
2023-12-14 05:00:00,42817.8,0,0
2023-12-14 06:00:00,42911.2,0,0
2023-12-14 07:00:00,42910.1,0,0
2023-12-14 08:00:00,42766.9,0,0
2023-12-14 09:00:00,42898.0,0,0
2023-12-14 10:00:00,42967.7,0,0
2023-12-14 11:00:00,43269.9,0,1
2023-12-14 12:00:00,43100.1,0,0
2023-12-14 13:00:00,42564.7,0,0
2023-12-14 14:00:00,42664.9,0,0
2023-12-14 15:00:00,42454.1,1,0
2023-12-14 16:00:00,42598.0,0,0
2023-12-14 17:00:00,43216.3,0,1
2023-12-14 18:00:00,42867.3,0,0
2023-12-14 19:00:00,43105.0,0,0
2023-12-14 20:00:00,42928.1,0,0
2023-12-14 21:00:00,42985.7,0,0
2023-12-14 22:00:00,43077.3,0,0
2023-12-14 23:00:00,43032.4,0,0
2023-12-15 00:00:00,42902.1,0,0
2023-12-15 01:00:00,42995.4,0,0
2023-12-15 02:00:00,42898.7,0,0
2023-12-15 03:00:00,42813.5,0,0
2023-12-15 04:00:00,42827.4,0,0
2023-12-15 05:00:00,42609.7,0,0
2023-12-15 06:00:00,42583.9,0,0
2023-12-15 07:00:00,42724.8,0,0
2023-12-15 08:00:00,42882.8,0,0
2023-12-15 09:00:00,42859.8,0,0
2023-12-15 10:00:00,42867.0,0,0
2023-12-15 11:00:00,42800.0,0,0
2023-12-15 12:00:00,42631.2,0,0
2023-12-15 13:00:00,42311.4,0,0
2023-12-15 14:00:00,42202.8,0,0
2023-12-15 15:00:00,41930.3,0,0
2023-12-15 16:00:00,41818.5,1,0
2023-12-15 17:00:00,41874.4,0,0
2023-12-15 18:00:00,42136.9,0,0
2023-12-15 19:00:00,42124.9,0,0
2023-12-15 20:00:00,42235.0,0,0
2023-12-15 21:00:00,42255.2,0,0
2023-12-15 22:00:00,42081.8,0,0
2023-12-15 23:00:00,41968.0,0,0
2023-12-16 00:00:00,41934.2,0,0
2023-12-16 01:00:00,42094.9,0,0
2023-12-16 02:00:00,42173.6,0,0
2023-12-16 03:00:00,42354.5,0,0
2023-12-16 04:00:00,42312.8,0,0
2023-12-16 05:00:00,42291.8,0,0
2023-12-16 06:00:00,42232.0,0,0
2023-12-16 07:00:00,42243.1,0,0
2023-12-16 08:00:00,42198.6,0,0
2023-12-16 09:00:00,42232.0,0,0
2023-12-16 10:00:00,42279.9,0,0
2023-12-16 11:00:00,42349.9,0,0
2023-12-16 12:00:00,42442.0,0,0
2023-12-16 13:00:00,42417.1,0,0
2023-12-16 14:00:00,42382.7,0,0
2023-12-16 15:00:00,42631.7,0,1
2023-12-16 16:00:00,42616.5,0,0
2023-12-16 17:00:00,42526.9,0,0
2023-12-16 18:00:00,42483.4,0,0
2023-12-16 19:00:00,42367.9,0,0
2023-12-16 20:00:00,42359.8,0,0
2023-12-16 21:00:00,42314.5,0,0
2023-12-16 22:00:00,42331.3,0,0
2023-12-16 23:00:00,42287.4,0,0
2023-12-17 00:00:00,42161.2,0,0
2023-12-17 01:00:00,42029.0,0,0
2023-12-17 02:00:00,41890.8,0,0
2023-12-17 03:00:00,41947.2,0,0
2023-12-17 04:00:00,42020.0,0,0
2023-12-17 05:00:00,41919.0,0,0
2023-12-17 06:00:00,42016.8,0,0
2023-12-17 07:00:00,41894.6,0,0
2023-12-17 08:00:00,41918.7,0,0
2023-12-17 09:00:00,42003.8,0,0
2023-12-17 10:00:00,41967.0,0,0
2023-12-17 11:00:00,41979.7,0,0
2023-12-17 12:00:00,41974.0,0,0
2023-12-17 13:00:00,41877.5,0,0
2023-12-17 14:00:00,41646.5,1,0
2023-12-17 15:00:00,41828.5,0,0
2023-12-17 16:00:00,42143.0,0,0
2023-12-17 17:00:00,42121.2,0,0
2023-12-17 18:00:00,42202.4,0,1
2023-12-17 19:00:00,42136.5,0,0
2023-12-17 20:00:00,42152.0,0,0
2023-12-17 21:00:00,41970.1,0,0
2023-12-17 22:00:00,41741.2,0,0
2023-12-17 23:00:00,41396.5,0,0
2023-12-18 00:00:00,41390.6,0,0
2023-12-18 01:00:00,41001.5,0,0
2023-12-18 02:00:00,40919.9,0,0
2023-12-18 03:00:00,41107.0,0,0
2023-12-18 04:00:00,41206.1,0,0
2023-12-18 05:00:00,41032.2,0,0
2023-12-18 06:00:00,41232.0,0,0
2023-12-18 07:00:00,41159.9,0,0
2023-12-18 08:00:00,41218.6,0,0
2023-12-18 09:00:00,41079.8,0,0
2023-12-18 10:00:00,40845.9,1,0
2023-12-18 11:00:00,41137.3,0,0
2023-12-18 12:00:00,40941.2,0,0
2023-12-18 13:00:00,41381.3,0,0
2023-12-18 14:00:00,41631.3,0,0
2023-12-18 15:00:00,41288.0,0,0
2023-12-18 16:00:00,41514.1,0,0
2023-12-18 17:00:00,41403.0,0,0
2023-12-18 18:00:00,41660.9,0,0
2023-12-18 19:00:00,41715.4,0,0
2023-12-18 20:00:00,41994.4,0,0
2023-12-18 21:00:00,42643.1,0,0
2023-12-18 22:00:00,42530.0,0,0
2023-12-18 23:00:00,42671.7,0,0
2023-12-19 00:00:00,42733.9,0,0
2023-12-19 01:00:00,43346.1,0,1
2023-12-19 02:00:00,43099.0,0,0
2023-12-19 03:00:00,43100.1,0,0
2023-12-19 04:00:00,42947.1,0,0
2023-12-19 05:00:00,42985.9,0,0
2023-12-19 06:00:00,42936.2,0,0
2023-12-19 07:00:00,43062.0,0,0
2023-12-19 08:00:00,43112.9,0,0
2023-12-19 09:00:00,43061.0,0,0
2023-12-19 10:00:00,43155.0,0,0
2023-12-19 11:00:00,43003.9,0,0
2023-12-19 12:00:00,42968.1,0,0
2023-12-19 13:00:00,42894.0,0,0
2023-12-19 14:00:00,42386.6,0,0
2023-12-19 15:00:00,42512.8,0,0
2023-12-19 16:00:00,42363.8,0,0
2023-12-19 17:00:00,41881.7,1,0
2023-12-19 18:00:00,42248.6,0,0
2023-12-19 19:00:00,42379.0,0,0
2023-12-19 20:00:00,42256.2,0,0
2023-12-19 21:00:00,42549.3,0,0
2023-12-19 22:00:00,42353.8,0,0
2023-12-19 23:00:00,42298.3,0,0
2023-12-20 00:00:00,42443.0,0,0
2023-12-20 01:00:00,42329.2,0,0
2023-12-20 02:00:00,42451.8,0,0
2023-12-20 03:00:00,42451.7,0,0
2023-12-20 04:00:00,42841.0,0,0
2023-12-20 05:00:00,42739.9,0,0
2023-12-20 06:00:00,42901.7,0,0
2023-12-20 07:00:00,42950.0,0,0
2023-12-20 08:00:00,42807.0,0,0
2023-12-20 09:00:00,42815.7,0,0
2023-12-20 10:00:00,42896.0,0,0
2023-12-20 11:00:00,42891.4,0,0
2023-12-20 12:00:00,43008.8,0,0
2023-12-20 13:00:00,43816.8,0,0
2023-12-20 14:00:00,43894.9,0,0
2023-12-20 15:00:00,44079.0,0,0
2023-12-20 16:00:00,43725.9,0,0
2023-12-20 17:00:00,44033.6,0,0
2023-12-20 18:00:00,44176.0,0,1
2023-12-20 19:00:00,43760.1,0,0
2023-12-20 20:00:00,43481.7,0,0
2023-12-20 21:00:00,43499.9,0,0
2023-12-20 22:00:00,43640.6,0,0
2023-12-20 23:00:00,43708.9,0,0
2023-12-21 00:00:00,43622.4,0,0
2023-12-21 01:00:00,43493.2,0,0
2023-12-21 02:00:00,43420.2,1,0
2023-12-21 03:00:00,43678.6,0,0
2023-12-21 04:00:00,43667.6,0,0
2023-12-21 05:00:00,43541.4,0,0
2023-12-21 06:00:00,43848.8,0,0
2023-12-21 07:00:00,43794.8,0,0
2023-12-21 08:00:00,43709.9,0,0
2023-12-21 09:00:00,43795.0,0,0
2023-12-21 10:00:00,44040.1,0,0
2023-12-21 11:00:00,43969.7,0,0
2023-12-21 12:00:00,44081.7,0,0
2023-12-21 13:00:00,44179.1,0,1
2023-12-21 14:00:00,43547.6,0,0
2023-12-21 15:00:00,43857.7,0,0
2023-12-21 16:00:00,43713.2,0,0
2023-12-21 17:00:00,43481.5,1,0
2023-12-21 18:00:00,43619.1,0,0
2023-12-21 19:00:00,43623.1,0,0
2023-12-21 20:00:00,43834.2,0,0
2023-12-21 21:00:00,44037.9,0,0
2023-12-21 22:00:00,43980.5,0,0
2023-12-21 23:00:00,43896.3,0,0
2023-12-22 00:00:00,43866.8,0,0
2023-12-22 01:00:00,44159.5,0,0
2023-12-22 02:00:00,44007.8,0,0
2023-12-22 03:00:00,44044.3,0,0
2023-12-22 04:00:00,44141.2,0,0
2023-12-22 05:00:00,44172.5,0,1
2023-12-22 06:00:00,43906.4,0,0
2023-12-22 07:00:00,43614.1,0,0
2023-12-22 08:00:00,43638.4,0,0
2023-12-22 09:00:00,43782.2,0,0
2023-12-22 10:00:00,43734.5,0,0
2023-12-22 11:00:00,43783.0,0,0
2023-12-22 12:00:00,43596.7,0,0
2023-12-22 13:00:00,43734.2,0,0
2023-12-22 14:00:00,43665.6,0,0
2023-12-22 15:00:00,43699.9,0,0
2023-12-22 16:00:00,43587.1,0,0
2023-12-22 17:00:00,43713.0,0,0
2023-12-22 18:00:00,43983.5,0,0
2023-12-22 19:00:00,43666.4,0,0
2023-12-22 20:00:00,43672.5,0,0
2023-12-22 21:00:00,43733.0,0,0
2023-12-22 22:00:00,43826.7,0,0
2023-12-22 23:00:00,43999.2,0,0
2023-12-23 00:00:00,43843.0,0,0
2023-12-23 01:00:00,43656.9,0,0
2023-12-23 02:00:00,43512.7,0,0
2023-12-23 03:00:00,43543.2,0,0
2023-12-23 04:00:00,43531.2,0,0
2023-12-23 05:00:00,43632.2,0,0
2023-12-23 06:00:00,43653.1,0,0
2023-12-23 07:00:00,43582.0,0,0
2023-12-23 08:00:00,43646.1,0,0
2023-12-23 09:00:00,43655.9,0,0
2023-12-23 10:00:00,43608.0,0,0
2023-12-23 11:00:00,43583.0,0,0
2023-12-23 12:00:00,43737.5,0,0
2023-12-23 13:00:00,43740.8,0,0
2023-12-23 14:00:00,43818.1,0,0
2023-12-23 15:00:00,43782.0,0,0
2023-12-23 16:00:00,43817.9,0,0
2023-12-23 17:00:00,43778.3,0,0
2023-12-23 18:00:00,43816.3,0,0
2023-12-23 19:00:00,43729.1,0,0
2023-12-23 20:00:00,43737.8,0,0
2023-12-23 21:00:00,43802.0,0,0
2023-12-23 22:00:00,43767.4,0,0
2023-12-23 23:00:00,43725.2,0,0
2023-12-24 00:00:00,43749.3,0,0
2023-12-24 01:00:00,43809.9,0,0
2023-12-24 02:00:00,43891.0,0,0
2023-12-24 03:00:00,43867.8,0,0
2023-12-24 04:00:00,43828.3,0,0
2023-12-24 05:00:00,43528.1,0,0
2023-12-24 06:00:00,43589.0,0,0
2023-12-24 07:00:00,43678.6,0,0
2023-12-24 08:00:00,43659.8,0,0
2023-12-24 09:00:00,43723.3,0,0
2023-12-24 10:00:00,43615.2,0,0
2023-12-24 11:00:00,43666.6,0,0
2023-12-24 12:00:00,43677.6,0,0
2023-12-24 13:00:00,43790.9,0,0
2023-12-24 14:00:00,43761.9,0,0
2023-12-24 15:00:00,43707.0,0,0
2023-12-24 16:00:00,43690.2,0,0
2023-12-24 17:00:00,43658.4,0,0
2023-12-24 18:00:00,43692.1,0,0
2023-12-24 19:00:00,43645.3,0,0
2023-12-24 20:00:00,43522.0,0,0
2023-12-24 21:00:00,43516.8,0,0
2023-12-24 22:00:00,42994.3,0,0
2023-12-24 23:00:00,43008.4,0,0
2023-12-25 00:00:00,42946.9,1,0
2023-12-25 01:00:00,43072.9,0,0
2023-12-25 02:00:00,43086.2,0,0
2023-12-25 03:00:00,43182.5,0,0
2023-12-25 04:00:00,43133.6,0,0
2023-12-25 05:00:00,43267.4,0,0
2023-12-25 06:00:00,43269.4,0,0
2023-12-25 07:00:00,43233.2,0,0
2023-12-25 08:00:00,43144.3,0,0
2023-12-25 09:00:00,43182.8,0,0
2023-12-25 10:00:00,43204.6,0,0
2023-12-25 11:00:00,43200.3,0,0
2023-12-25 12:00:00,43700.1,0,0
2023-12-25 13:00:00,43714.1,0,0
2023-12-25 14:00:00,43723.2,0,1
2023-12-25 15:00:00,43661.0,0,0
2023-12-25 16:00:00,43546.6,0,0
2023-12-25 17:00:00,43601.0,0,0
2023-12-25 18:00:00,43494.0,0,0
2023-12-25 19:00:00,43515.8,0,0
2023-12-25 20:00:00,43446.8,0,0
2023-12-25 21:00:00,43551.1,0,0
2023-12-25 22:00:00,43716.6,0,0
2023-12-25 23:00:00,43611.9,0,0
2023-12-26 00:00:00,43491.2,0,0
2023-12-26 01:00:00,43549.2,0,0
2023-12-26 02:00:00,43457.6,0,0
2023-12-26 03:00:00,43487.9,0,0
2023-12-26 04:00:00,43481.0,0,0
2023-12-26 05:00:00,42793.2,0,0
2023-12-26 06:00:00,42710.7,0,0
2023-12-26 07:00:00,42798.7,0,0
2023-12-26 08:00:00,42736.5,0,0
2023-12-26 09:00:00,42449.0,0,0
2023-12-26 10:00:00,42694.3,0,0
2023-12-26 11:00:00,42719.9,0,0
2023-12-26 12:00:00,42800.0,0,0
2023-12-26 13:00:00,42757.3,0,0
2023-12-26 14:00:00,42633.3,0,0
2023-12-26 15:00:00,42423.1,0,0
2023-12-26 16:00:00,42367.4,0,0
2023-12-26 17:00:00,42049.0,1,0
2023-12-26 18:00:00,42196.8,0,0
2023-12-26 19:00:00,42149.2,0,0
2023-12-26 20:00:00,42168.8,0,0
2023-12-26 21:00:00,42361.3,0,0
2023-12-26 22:00:00,42494.9,0,0
2023-12-26 23:00:00,42538.5,0,0
2023-12-27 00:00:00,42395.7,0,0
2023-12-27 01:00:00,42493.1,0,0
2023-12-27 02:00:00,42264.4,0,0
2023-12-27 03:00:00,42274.7,0,0
2023-12-27 04:00:00,42335.6,0,0
2023-12-27 05:00:00,42485.7,0,0
2023-12-27 06:00:00,42458.6,0,0
2023-12-27 07:00:00,42495.9,0,0
2023-12-27 08:00:00,42753.6,0,0
2023-12-27 09:00:00,42775.1,0,0
2023-12-27 10:00:00,43238.1,0,0
2023-12-27 11:00:00,43059.3,0,0
2023-12-27 12:00:00,42948.1,0,0
2023-12-27 13:00:00,42942.8,0,0
2023-12-27 14:00:00,42940.0,0,0
2023-12-27 15:00:00,43009.6,0,0
2023-12-27 16:00:00,43120.0,0,0
2023-12-27 17:00:00,43052.2,0,0
2023-12-27 18:00:00,43217.6,0,0
2023-12-27 19:00:00,43183.9,0,0
2023-12-27 20:00:00,43475.0,0,0
2023-12-27 21:00:00,43388.1,0,0
2023-12-27 22:00:00,43355.0,0,0
2023-12-27 23:00:00,43453.8,0,0
2023-12-28 00:00:00,43600.0,0,1
2023-12-28 01:00:00,43461.4,0,0
2023-12-28 02:00:00,43390.8,0,0
2023-12-28 03:00:00,43444.8,0,0
2023-12-28 04:00:00,43349.8,0,0
2023-12-28 05:00:00,43259.4,0,0
2023-12-28 06:00:00,43071.3,0,0
2023-12-28 07:00:00,43087.2,0,0
2023-12-28 08:00:00,42968.7,0,0
2023-12-28 09:00:00,43085.0,0,0
2023-12-28 10:00:00,43142.2,0,0
2023-12-28 11:00:00,43112.1,0,0
2023-12-28 12:00:00,42827.4,0,0
2023-12-28 13:00:00,42837.3,0,0
2023-12-28 14:00:00,42709.0,0,0
2023-12-28 15:00:00,42485.8,0,0
2023-12-28 16:00:00,42506.9,0,0
2023-12-28 17:00:00,42590.4,0,0
2023-12-28 18:00:00,42526.0,0,0
2023-12-28 19:00:00,42655.9,0,0
2023-12-28 20:00:00,42554.3,0,0
2023-12-28 21:00:00,42494.4,0,0
2023-12-28 22:00:00,42674.0,0,0
2023-12-28 23:00:00,42600.1,0,0
2023-12-29 00:00:00,42449.4,0,0
2023-12-29 01:00:00,42374.8,0,0
2023-12-29 02:00:00,42620.9,0,0
2023-12-29 03:00:00,42738.1,0,0
2023-12-29 04:00:00,42706.7,0,0
2023-12-29 05:00:00,42724.5,0,0
2023-12-29 06:00:00,42569.9,0,0
2023-12-29 07:00:00,42314.5,1,0
2023-12-29 08:00:00,42518.2,0,0
2023-12-29 09:00:00,42703.0,0,0
2023-12-29 10:00:00,42726.3,0,0
2023-12-29 11:00:00,42908.9,0,0
2023-12-29 12:00:00,42865.8,0,0
2023-12-29 13:00:00,42865.0,0,0
2023-12-29 14:00:00,43065.6,0,1
2023-12-29 15:00:00,42301.6,0,0
2023-12-29 16:00:00,42002.9,0,0
2023-12-29 17:00:00,41846.3,0,0
2023-12-29 18:00:00,42090.9,0,0
2023-12-29 19:00:00,42152.8,0,0
2023-12-29 20:00:00,42073.2,0,0
2023-12-29 21:00:00,41974.0,0,0
2023-12-29 22:00:00,41794.8,0,0
2023-12-29 23:00:00,42095.1,0,0
2023-12-30 00:00:00,42131.4,0,0
2023-12-30 01:00:00,42200.1,0,0
2023-12-30 02:00:00,41940.0,0,0
2023-12-30 03:00:00,42014.7,0,0
2023-12-30 04:00:00,42026.1,0,0
2023-12-30 05:00:00,42148.2,0,0
2023-12-30 06:00:00,42091.6,0,0
2023-12-30 07:00:00,41987.1,0,0
2023-12-30 08:00:00,41613.4,1,0
2023-12-30 09:00:00,41725.1,0,0
2023-12-30 10:00:00,41839.1,0,0
2023-12-30 11:00:00,41933.6,0,0
2023-12-30 12:00:00,42023.3,0,0
2023-12-30 13:00:00,42068.1,0,0
2023-12-30 14:00:00,42274.7,0,0
2023-12-30 15:00:00,42410.3,0,0
2023-12-30 16:00:00,42440.1,0,0
2023-12-30 17:00:00,42522.0,0,0
2023-12-30 18:00:00,42446.7,0,0
2023-12-30 19:00:00,42395.0,0,0
2023-12-30 20:00:00,42314.0,0,0
2023-12-30 21:00:00,42335.9,0,0
2023-12-30 22:00:00,42167.2,0,0
2023-12-30 23:00:00,42174.2,0,0
2023-12-31 00:00:00,42395.1,0,0
2023-12-31 01:00:00,42212.0,0,0
2023-12-31 02:00:00,42119.6,0,0
2023-12-31 03:00:00,42209.4,0,0
2023-12-31 04:00:00,42265.5,0,0
2023-12-31 05:00:00,42235.2,0,0
2023-12-31 06:00:00,42289.2,0,0
2023-12-31 07:00:00,42567.0,0,0
2023-12-31 08:00:00,42515.0,0,0
2023-12-31 09:00:00,42782.7,0,0
2023-12-31 10:00:00,42694.9,0,0
2023-12-31 11:00:00,42561.8,0,0
2023-12-31 12:00:00,42467.0,0,0
2023-12-31 13:00:00,42495.0,0,0
2023-12-31 14:00:00,42565.0,0,0
2023-12-31 15:00:00,42489.6,0,0
2023-12-31 16:00:00,42630.0,0,0
2023-12-31 17:00:00,42651.9,0,0
2023-12-31 18:00:00,42701.6,0,0
2023-12-31 19:00:00,42659.9,0,0
2023-12-31 20:00:00,42599.1,0,0
2023-12-31 21:00:00,42558.9,0,0
2023-12-31 22:00:00,42294.8,0,0
2023-12-31 23:00:00,42314.0,0,0
2024-01-01 00:00:00,42503.5,0,0
2024-01-01 01:00:00,42647.9,0,0
2024-01-01 02:00:00,42620.4,0,0
2024-01-01 03:00:00,42369.8,0,0
2024-01-01 04:00:00,42436.6,0,0
2024-01-01 05:00:00,42272.6,0,0
2024-01-01 06:00:00,42423.3,0,0
2024-01-01 07:00:00,42527.0,0,0
2024-01-01 08:00:00,42588.2,0,0
2024-01-01 09:00:00,42688.8,0,0
2024-01-01 10:00:00,42727.7,0,0
2024-01-01 11:00:00,42727.6,0,0
2024-01-01 12:00:00,42682.0,0,0
2024-01-01 13:00:00,42753.9,0,0
2024-01-01 14:00:00,42645.6,0,0
2024-01-01 15:00:00,42818.0,0,0
2024-01-01 16:00:00,42759.7,0,0
2024-01-01 17:00:00,42847.0,0,0
2024-01-01 18:00:00,43148.0,0,0
2024-01-01 19:00:00,43556.2,0,0
2024-01-01 20:00:00,43753.3,0,0
2024-01-01 21:00:00,43679.8,0,0
2024-01-01 22:00:00,43583.9,0,0
2024-01-01 23:00:00,44230.2,0,0
2024-01-02 00:00:00,45179.8,0,0
2024-01-02 01:00:00,44926.3,0,0
2024-01-02 02:00:00,45420.0,0,0
2024-01-02 03:00:00,45435.0,0,0
2024-01-02 04:00:00,45211.7,0,0
2024-01-02 05:00:00,45218.2,0,0
2024-01-02 06:00:00,45202.9,0,0
2024-01-02 07:00:00,45495.5,0,0
2024-01-02 08:00:00,45816.8,0,1
2024-01-02 09:00:00,45730.5,0,0
2024-01-02 10:00:00,45655.7,0,0
2024-01-02 11:00:00,45486.8,0,0
2024-01-02 12:00:00,45355.1,0,0
2024-01-02 13:00:00,45686.3,0,0
2024-01-02 14:00:00,45293.6,0,0
2024-01-02 15:00:00,45215.0,0,0
2024-01-02 16:00:00,45393.4,0,0
2024-01-02 17:00:00,45001.2,0,0
2024-01-02 18:00:00,45189.0,0,0
2024-01-02 19:00:00,45073.2,0,0
2024-01-02 20:00:00,44825.2,1,0
2024-01-02 21:00:00,45155.0,0,0
2024-01-02 22:00:00,45006.7,0,0
2024-01-02 23:00:00,44979.8,0,0
2024-01-03 00:00:00,45168.1,0,0
2024-01-03 01:00:00,45347.8,0,0
2024-01-03 02:00:00,45312.7,0,0
2024-01-03 03:00:00,45297.8,0,0
2024-01-03 04:00:00,45218.8,0,0
2024-01-03 05:00:00,45200.0,0,0
2024-01-03 06:00:00,45362.7,0,0
2024-01-03 07:00:00,45030.4,0,0
2024-01-03 08:00:00,45224.1,0,0
2024-01-03 09:00:00,45378.7,0,1
2024-01-03 10:00:00,45175.7,0,0
2024-01-03 11:00:00,43728.9,0,0
2024-01-03 12:00:00,42795.8,0,0
2024-01-03 13:00:00,42545.7,0,0
2024-01-03 14:00:00,42204.1,1,0
2024-01-03 15:00:00,43014.0,0,1
2024-01-03 16:00:00,43009.2,0,0
2024-01-03 17:00:00,42914.5,0,0
2024-01-03 18:00:00,42267.6,1,0
2024-01-03 19:00:00,42600.4,0,0
2024-01-03 20:00:00,42724.5,0,0
2024-01-03 21:00:00,42927.1,0,0
2024-01-03 22:00:00,42753.6,0,0
2024-01-03 23:00:00,42849.5,0,0
2024-01-04 00:00:00,42883.4,0,0
2024-01-04 01:00:00,42716.6,0,0
2024-01-04 02:00:00,43151.0,0,0
2024-01-04 03:00:00,43119.6,0,0
2024-01-04 04:00:00,43161.1,0,0
2024-01-04 05:00:00,43191.3,0,0
2024-01-04 06:00:00,43163.7,0,0
2024-01-04 07:00:00,42775.0,0,0
2024-01-04 08:00:00,42858.7,0,0
2024-01-04 09:00:00,43020.6,0,0
2024-01-04 10:00:00,43089.5,0,0
2024-01-04 11:00:00,43188.2,0,0
2024-01-04 12:00:00,43386.2,0,0
2024-01-04 13:00:00,43344.2,0,0
2024-01-04 14:00:00,43674.0,0,0
2024-01-04 15:00:00,44050.4,0,0
2024-01-04 16:00:00,43913.1,0,0
2024-01-04 17:00:00,43983.0,0,0
2024-01-04 18:00:00,44048.2,0,0
2024-01-04 19:00:00,43950.0,0,0
2024-01-04 20:00:00,44116.7,0,0
2024-01-04 21:00:00,44434.1,0,1
2024-01-04 22:00:00,44311.7,0,0
2024-01-04 23:00:00,44143.8,0,0
2024-01-05 00:00:00,44207.5,0,0
2024-01-05 01:00:00,43374.5,1,0
2024-01-05 02:00:00,43506.4,0,0
2024-01-05 03:00:00,43469.1,0,0
2024-01-05 04:00:00,43589.3,0,0
2024-01-05 05:00:00,43644.2,0,0
2024-01-05 06:00:00,43847.9,0,0
2024-01-05 07:00:00,43769.6,0,0
2024-01-05 08:00:00,43911.6,0,0
2024-01-05 09:00:00,44147.8,0,1
2024-01-05 10:00:00,43628.2,0,0
2024-01-05 11:00:00,43769.9,0,0
2024-01-05 12:00:00,43877.7,0,0
2024-01-05 13:00:00,43978.6,0,0
2024-01-05 14:00:00,43489.6,0,0
2024-01-05 15:00:00,43495.2,0,0
2024-01-05 16:00:00,43220.8,1,0
2024-01-05 17:00:00,43603.5,0,0
2024-01-05 18:00:00,43604.4,0,0
2024-01-05 19:00:00,43599.0,0,0
2024-01-05 20:00:00,43951.6,0,0
2024-01-05 21:00:00,43936.2,0,0
2024-01-05 22:00:00,43964.2,0,0
2024-01-05 23:00:00,44145.4,0,1
2024-01-06 00:00:00,44066.0,0,0
2024-01-06 01:00:00,43961.5,0,0
2024-01-06 02:00:00,43900.1,0,0
2024-01-06 03:00:00,43925.8,0,0
2024-01-06 04:00:00,43851.1,0,0
2024-01-06 05:00:00,43695.9,0,0
2024-01-06 06:00:00,43455.4,1,0
2024-01-06 07:00:00,43645.3,0,0
2024-01-06 08:00:00,43696.1,0,0
2024-01-06 09:00:00,43653.6,0,0
2024-01-06 10:00:00,43694.6,0,0
2024-01-06 11:00:00,43669.2,0,0
2024-01-06 12:00:00,43607.4,0,0
2024-01-06 13:00:00,43701.2,0,0
2024-01-06 14:00:00,43824.4,0,0
2024-01-06 15:00:00,43863.6,0,0
2024-01-06 16:00:00,43865.4,0,0
2024-01-06 17:00:00,43962.1,0,0
2024-01-06 18:00:00,43992.7,0,0
2024-01-06 19:00:00,43903.6,0,0
2024-01-06 20:00:00,43816.4,0,0
2024-01-06 21:00:00,43881.3,0,0
2024-01-06 22:00:00,43865.8,0,0
2024-01-06 23:00:00,43956.7,0,0
2024-01-07 00:00:00,44119.0,0,0
2024-01-07 01:00:00,43961.6,0,0
2024-01-07 02:00:00,43927.6,0,0
2024-01-07 03:00:00,43937.2,0,0
2024-01-07 04:00:00,43994.8,0,0
2024-01-07 05:00:00,43880.4,0,0
2024-01-07 06:00:00,44015.4,0,0
2024-01-07 07:00:00,44071.5,0,0
2024-01-07 08:00:00,44009.9,0,0
2024-01-07 09:00:00,43923.0,0,0
2024-01-07 10:00:00,43951.4,0,0
2024-01-07 11:00:00,44054.0,0,0
2024-01-07 12:00:00,44080.9,0,0
2024-01-07 13:00:00,44406.2,0,1
2024-01-07 14:00:00,44405.0,0,0
2024-01-07 15:00:00,44035.0,0,0
2024-01-07 16:00:00,43910.7,0,0
2024-01-07 17:00:00,44056.3,0,0
2024-01-07 18:00:00,44088.0,0,0
2024-01-07 19:00:00,44238.8,0,0
2024-01-07 20:00:00,44108.2,0,0
2024-01-07 21:00:00,44218.8,0,0
2024-01-07 22:00:00,43851.3,0,0
2024-01-07 23:00:00,43916.9,0,0
2024-01-08 00:00:00,43621.8,0,0
2024-01-08 01:00:00,43699.3,0,0
2024-01-08 02:00:00,43354.8,1,0
2024-01-08 03:00:00,43501.9,0,0
2024-01-08 04:00:00,43584.7,0,0
2024-01-08 05:00:00,43630.5,0,0
2024-01-08 06:00:00,43900.0,0,0
2024-01-08 07:00:00,43970.0,0,0
2024-01-08 08:00:00,43857.0,0,0
2024-01-08 09:00:00,43716.3,0,0
2024-01-08 10:00:00,44081.6,0,0
2024-01-08 11:00:00,44637.2,0,0
2024-01-08 12:00:00,45102.9,0,0
2024-01-08 13:00:00,44915.9,0,0
2024-01-08 14:00:00,44787.5,0,0
2024-01-08 15:00:00,44969.6,0,0
2024-01-08 16:00:00,44939.2,0,0
2024-01-08 17:00:00,45643.0,0,0
2024-01-08 18:00:00,46970.2,0,0
2024-01-08 19:00:00,47006.7,0,0
2024-01-08 20:00:00,46796.1,0,0
2024-01-08 21:00:00,47087.2,0,1
2024-01-08 22:00:00,47011.2,0,0
2024-01-08 23:00:00,46972.7,0,0
2024-01-09 00:00:00,46682.4,0,0
2024-01-09 01:00:00,46574.9,0,0
2024-01-09 02:00:00,46787.5,0,0
2024-01-09 03:00:00,46932.8,0,0
2024-01-09 04:00:00,46806.4,0,0
2024-01-09 05:00:00,46721.4,0,0
2024-01-09 06:00:00,46794.5,0,0
2024-01-09 07:00:00,46841.0,0,0
2024-01-09 08:00:00,46552.2,0,0
2024-01-09 09:00:00,46497.8,0,0
2024-01-09 10:00:00,46449.9,0,0
2024-01-09 11:00:00,46624.4,0,0
2024-01-09 12:00:00,46175.5,1,0
2024-01-09 13:00:00,46835.4,0,0
2024-01-09 14:00:00,46559.9,0,0
2024-01-09 15:00:00,46868.8,0,0
2024-01-09 16:00:00,46901.2,0,1
2024-01-09 17:00:00,46718.8,0,0
2024-01-09 18:00:00,46643.6,0,0
2024-01-09 19:00:00,46873.5,0,0
2024-01-09 20:00:00,46636.1,0,0
2024-01-09 21:00:00,45450.2,1,0
2024-01-09 22:00:00,46250.7,0,1
2024-01-09 23:00:00,46114.0,0,0
2024-01-10 00:00:00,45863.9,0,0
2024-01-10 01:00:00,45944.4,0,0
2024-01-10 02:00:00,45990.0,0,0
2024-01-10 03:00:00,46133.6,0,0
2024-01-10 04:00:00,45970.4,0,0
2024-01-10 05:00:00,45988.4,0,0
2024-01-10 06:00:00,46013.9,0,0
2024-01-10 07:00:00,45766.4,0,0
2024-01-10 08:00:00,45328.2,0,0
2024-01-10 09:00:00,45666.9,0,0
2024-01-10 10:00:00,45538.9,0,0
2024-01-10 11:00:00,45530.2,0,0
2024-01-10 12:00:00,44679.2,1,0
2024-01-10 13:00:00,45120.3,0,0
2024-01-10 14:00:00,44890.3,0,0
2024-01-10 15:00:00,45569.0,0,0
2024-01-10 16:00:00,45317.9,0,0
2024-01-10 17:00:00,46409.9,0,0
2024-01-10 18:00:00,46544.2,0,1
2024-01-10 19:00:00,46498.9,0,0
2024-01-10 20:00:00,46126.0,0,0
2024-01-10 21:00:00,45960.0,1,0
2024-01-10 22:00:00,46903.3,0,1
2024-01-10 23:00:00,46662.9,0,0
2024-01-11 00:00:00,46676.0,0,0
2024-01-11 01:00:00,46506.7,0,0
2024-01-11 02:00:00,46567.4,0,0
2024-01-11 03:00:00,46502.4,0,0
2024-01-11 04:00:00,46404.9,0,0
2024-01-11 05:00:00,46073.9,0,0
2024-01-11 06:00:00,45899.8,1,0
2024-01-11 07:00:00,46096.1,0,0
2024-01-11 08:00:00,46272.0,0,0
2024-01-11 09:00:00,46212.8,0,0
2024-01-11 10:00:00,46870.4,0,0
2024-01-11 11:00:00,47068.5,0,0
2024-01-11 12:00:00,47451.1,0,0
2024-01-11 13:00:00,47329.5,0,0
2024-01-11 14:00:00,48577.9,0,1
2024-01-11 15:00:00,46813.4,0,0
2024-01-11 16:00:00,46038.0,1,0
2024-01-11 17:00:00,46517.3,0,0
2024-01-11 18:00:00,46617.8,0,0
2024-01-11 19:00:00,46698.4,0,1
2024-01-11 20:00:00,46233.9,0,0
2024-01-11 21:00:00,46156.5,0,0
2024-01-11 22:00:00,46408.8,0,0
2024-01-11 23:00:00,46337.8,0,0
2024-01-12 00:00:00,46298.9,0,0
2024-01-12 01:00:00,46144.8,0,0
2024-01-12 02:00:00,46152.2,0,0
2024-01-12 03:00:00,45997.0,0,0
2024-01-12 04:00:00,45960.4,0,0
2024-01-12 05:00:00,46200.9,0,0
2024-01-12 06:00:00,46107.1,0,0
2024-01-12 07:00:00,46002.6,0,0
2024-01-12 08:00:00,45862.3,0,0
2024-01-12 09:00:00,45938.0,0,0
2024-01-12 10:00:00,46067.6,0,0
2024-01-12 11:00:00,45958.0,0,0
2024-01-12 12:00:00,45879.8,0,0
2024-01-12 13:00:00,45788.4,0,0
2024-01-12 14:00:00,45462.9,0,0
2024-01-12 15:00:00,44495.1,0,0
2024-01-12 16:00:00,43661.2,0,0
2024-01-12 17:00:00,43836.4,0,0
2024-01-12 18:00:00,43510.1,0,0
2024-01-12 19:00:00,43497.5,0,0
2024-01-12 20:00:00,43686.8,0,0
2024-01-12 21:00:00,43466.2,0,0
2024-01-12 22:00:00,42517.9,1,0
2024-01-12 23:00:00,42788.9,0,0
2024-01-13 00:00:00,42803.0,0,0
2024-01-13 01:00:00,42688.1,0,0
2024-01-13 02:00:00,42544.5,0,0
2024-01-13 03:00:00,42625.6,0,0
2024-01-13 04:00:00,42851.7,0,0
2024-01-13 05:00:00,43111.0,0,0
2024-01-13 06:00:00,43159.6,0,0
2024-01-13 07:00:00,43102.1,0,0
2024-01-13 08:00:00,43171.0,0,1
2024-01-13 09:00:00,42927.4,0,0
2024-01-13 10:00:00,42710.3,0,0
2024-01-13 11:00:00,42631.9,1,0
2024-01-13 12:00:00,42697.2,0,0
2024-01-13 13:00:00,42744.2,0,0
2024-01-13 14:00:00,42865.4,0,0
2024-01-13 15:00:00,43159.7,0,1
2024-01-13 16:00:00,42899.1,0,0
2024-01-13 17:00:00,42899.2,0,0
2024-01-13 18:00:00,42807.9,0,0
2024-01-13 19:00:00,42791.1,0,0
2024-01-13 20:00:00,42870.5,0,0
2024-01-13 21:00:00,42969.4,0,0
2024-01-13 22:00:00,42993.9,0,0
2024-01-13 23:00:00,42846.4,0,0
2024-01-14 00:00:00,42691.2,0,0
2024-01-14 01:00:00,42771.9,0,0
2024-01-14 02:00:00,42782.9,0,0
2024-01-14 03:00:00,42691.2,0,0
2024-01-14 04:00:00,42588.1,0,0
2024-01-14 05:00:00,42757.5,0,0
2024-01-14 06:00:00,42996.6,0,0
2024-01-14 07:00:00,43012.8,0,0
2024-01-14 08:00:00,42999.0,0,0
2024-01-14 09:00:00,43065.8,0,0
2024-01-14 10:00:00,42894.9,0,0
2024-01-14 11:00:00,42836.8,0,0
2024-01-14 12:00:00,42760.3,0,0
2024-01-14 13:00:00,42894.3,0,0
2024-01-14 14:00:00,42822.9,0,0
2024-01-14 15:00:00,42908.4,0,0
2024-01-14 16:00:00,42933.0,0,0
2024-01-14 17:00:00,42979.7,0,0
2024-01-14 18:00:00,42900.6,0,0
2024-01-14 19:00:00,42665.8,0,0
2024-01-14 20:00:00,42514.7,0,0
2024-01-14 21:00:00,42558.0,0,0
2024-01-14 22:00:00,42279.9,0,0
2024-01-14 23:00:00,41734.9,1,0
2024-01-15 00:00:00,42287.2,0,0
2024-01-15 01:00:00,42280.9,0,0
2024-01-15 02:00:00,42408.5,0,0
2024-01-15 03:00:00,42571.8,0,0
2024-01-15 04:00:00,42598.0,0,0
2024-01-15 05:00:00,42746.3,0,0
2024-01-15 06:00:00,42653.1,0,0
2024-01-15 07:00:00,42713.1,0,0
2024-01-15 08:00:00,42683.5,0,0
2024-01-15 09:00:00,42759.8,0,0
2024-01-15 10:00:00,42568.1,0,0
2024-01-15 11:00:00,42699.9,0,0
2024-01-15 12:00:00,42670.2,0,0
2024-01-15 13:00:00,42856.8,0,1
2024-01-15 14:00:00,42204.1,1,0
2024-01-15 15:00:00,42278.7,0,0
2024-01-15 16:00:00,42525.0,0,0
2024-01-15 17:00:00,42704.4,0,0
2024-01-15 18:00:00,43015.5,0,0
2024-01-15 19:00:00,42989.6,0,0
2024-01-15 20:00:00,42961.3,0,0
2024-01-15 21:00:00,42717.7,0,0
2024-01-15 22:00:00,42634.5,0,0
2024-01-15 23:00:00,42515.0,0,0
2024-01-16 00:00:00,42604.7,0,0
2024-01-16 01:00:00,42591.7,0,0
2024-01-16 02:00:00,42702.1,0,0
2024-01-16 03:00:00,42919.5,0,0
2024-01-16 04:00:00,42805.2,0,0
2024-01-16 05:00:00,42765.3,0,0
2024-01-16 06:00:00,42744.4,0,0
2024-01-16 07:00:00,42788.1,0,0
2024-01-16 08:00:00,43021.5,0,0
2024-01-16 09:00:00,42937.0,0,0
2024-01-16 10:00:00,42870.0,0,0
2024-01-16 11:00:00,42894.9,0,0
2024-01-16 12:00:00,43160.1,0,0
2024-01-16 13:00:00,42805.7,0,0
2024-01-16 14:00:00,42700.1,0,0
2024-01-16 15:00:00,43251.7,0,0
2024-01-16 16:00:00,43249.8,0,0
2024-01-16 17:00:00,43051.4,0,0
2024-01-16 18:00:00,43008.8,0,0
2024-01-16 19:00:00,43164.8,0,0
2024-01-16 20:00:00,43195.9,0,0
2024-01-16 21:00:00,43427.5,0,1
2024-01-16 22:00:00,43208.6,0,0
2024-01-16 23:00:00,43133.0,0,0
2024-01-17 00:00:00,43089.4,0,0
2024-01-17 01:00:00,42965.4,0,0
2024-01-17 02:00:00,42995.1,0,0
2024-01-17 03:00:00,42842.1,0,0
2024-01-17 04:00:00,42848.3,0,0
2024-01-17 05:00:00,42778.5,0,0
2024-01-17 06:00:00,42801.5,0,0
2024-01-17 07:00:00,42654.0,0,0
2024-01-17 08:00:00,42725.6,0,0
2024-01-17 09:00:00,42677.0,0,0
2024-01-17 10:00:00,42854.0,0,0
2024-01-17 11:00:00,42681.0,0,0
2024-01-17 12:00:00,42785.2,0,0
2024-01-17 13:00:00,42610.4,0,0
2024-01-17 14:00:00,42576.2,0,0
2024-01-17 15:00:00,42478.3,0,0
2024-01-17 16:00:00,42358.5,1,0
2024-01-17 17:00:00,42375.4,0,0
2024-01-17 18:00:00,42616.0,0,0
2024-01-17 19:00:00,42617.5,0,0
2024-01-17 20:00:00,42722.0,0,0
2024-01-17 21:00:00,42685.7,0,0
2024-01-17 22:00:00,42727.0,0,0
2024-01-17 23:00:00,42783.4,0,0
2024-01-18 00:00:00,42671.1,0,0
2024-01-18 01:00:00,42595.2,0,0
2024-01-18 02:00:00,42657.3,0,0
2024-01-18 03:00:00,42594.0,0,0
2024-01-18 04:00:00,42672.8,0,0
2024-01-18 05:00:00,42777.0,0,0
2024-01-18 06:00:00,42808.9,0,0
2024-01-18 07:00:00,42918.3,0,1
2024-01-18 08:00:00,42749.5,0,0
2024-01-18 09:00:00,42746.4,0,0
2024-01-18 10:00:00,42450.3,0,0
2024-01-18 11:00:00,42540.0,0,0
2024-01-18 12:00:00,42440.2,0,0
2024-01-18 13:00:00,42511.2,0,0
2024-01-18 14:00:00,42742.6,0,0
2024-01-18 15:00:00,42618.9,0,0
2024-01-18 16:00:00,41953.9,0,0
2024-01-18 17:00:00,41813.9,0,0
2024-01-18 18:00:00,41516.7,0,0
2024-01-18 19:00:00,41014.2,0,0
2024-01-18 20:00:00,40847.4,1,0
2024-01-18 21:00:00,41120.7,0,0
2024-01-18 22:00:00,41346.3,0,0
2024-01-18 23:00:00,41323.1,0,0
2024-01-19 00:00:00,41287.0,0,0
2024-01-19 01:00:00,41266.4,0,0
2024-01-19 02:00:00,41112.4,0,0
2024-01-19 03:00:00,41049.8,0,0
2024-01-19 04:00:00,41099.5,0,0
2024-01-19 05:00:00,41207.1,0,0
2024-01-19 06:00:00,41462.5,0,0
2024-01-19 07:00:00,41282.0,0,0
2024-01-19 08:00:00,41285.4,0,0
2024-01-19 09:00:00,41396.5,0,0
2024-01-19 10:00:00,41483.0,0,1
2024-01-19 11:00:00,41471.7,0,0
2024-01-19 12:00:00,41345.4,0,0
2024-01-19 13:00:00,41397.2,0,0
2024-01-19 14:00:00,40973.4,0,0
2024-01-19 15:00:00,40897.0,0,0
2024-01-19 16:00:00,40408.6,1,0
2024-01-19 17:00:00,41239.1,0,0
2024-01-19 18:00:00,41810.6,0,0
2024-01-19 19:00:00,41818.5,0,0
2024-01-19 20:00:00,41635.6,0,0
2024-01-19 21:00:00,41635.1,0,0
2024-01-19 22:00:00,41691.1,0,0
2024-01-19 23:00:00,41662.2,0,0
2024-01-20 00:00:00,41490.9,0,0
2024-01-20 01:00:00,41664.9,0,0
2024-01-20 02:00:00,41627.5,0,0
2024-01-20 03:00:00,41638.0,0,0
2024-01-20 04:00:00,41607.2,0,0
2024-01-20 05:00:00,41630.0,0,0
2024-01-20 06:00:00,41669.0,0,0
2024-01-20 07:00:00,41652.4,0,0
2024-01-20 08:00:00,41590.1,0,0
2024-01-20 09:00:00,41519.1,0,0
2024-01-20 10:00:00,41542.5,0,0
2024-01-20 11:00:00,41583.6,0,0
2024-01-20 12:00:00,41620.0,0,0
2024-01-20 13:00:00,41633.6,0,0
2024-01-20 14:00:00,41542.6,0,0
2024-01-20 15:00:00,41570.3,0,0
2024-01-20 16:00:00,41566.8,0,0
2024-01-20 17:00:00,41586.6,0,0
2024-01-20 18:00:00,41607.9,0,0
2024-01-20 19:00:00,41638.4,0,0
2024-01-20 20:00:00,41748.8,0,0
2024-01-20 21:00:00,41732.3,0,0
2024-01-20 22:00:00,41779.8,0,0
2024-01-20 23:00:00,41691.8,0,0
2024-01-21 00:00:00,41644.7,0,0
2024-01-21 01:00:00,41662.9,0,0
2024-01-21 02:00:00,41703.9,0,0
2024-01-21 03:00:00,41677.4,0,0
2024-01-21 04:00:00,41674.8,0,0
2024-01-21 05:00:00,41630.3,0,0
2024-01-21 06:00:00,41604.0,0,0
2024-01-21 07:00:00,41648.6,0,0
2024-01-21 08:00:00,41663.3,0,0
2024-01-21 09:00:00,41746.3,0,0
2024-01-21 10:00:00,41788.5,0,0
2024-01-21 11:00:00,41720.9,0,0
2024-01-21 12:00:00,41736.3,0,0
2024-01-21 13:00:00,41853.6,0,1
2024-01-21 14:00:00,41778.1,0,0
2024-01-21 15:00:00,41652.8,0,0
2024-01-21 16:00:00,41601.5,0,0
2024-01-21 17:00:00,41675.5,0,0
2024-01-21 18:00:00,41680.1,0,0
2024-01-21 19:00:00,41721.2,0,0
2024-01-21 20:00:00,41644.9,0,0
2024-01-21 21:00:00,41781.8,0,0
2024-01-21 22:00:00,41636.7,0,0
2024-01-21 23:00:00,41580.0,0,0
2024-01-22 00:00:00,41652.7,0,0
2024-01-22 01:00:00,41363.9,0,0
2024-01-22 02:00:00,41317.2,0,0
2024-01-22 03:00:00,41199.6,0,0
2024-01-22 04:00:00,40776.7,0,0
2024-01-22 05:00:00,41133.6,0,0
2024-01-22 06:00:00,41201.3,0,0
2024-01-22 07:00:00,41042.6,0,0
2024-01-22 08:00:00,40957.3,0,0
2024-01-22 09:00:00,40745.4,0,0
2024-01-22 10:00:00,40703.5,0,0
2024-01-22 11:00:00,40809.4,0,0
2024-01-22 12:00:00,40885.6,0,0
2024-01-22 13:00:00,40941.9,0,0
2024-01-22 14:00:00,40690.1,0,0
2024-01-22 15:00:00,40774.7,0,0
2024-01-22 16:00:00,40524.1,0,0
2024-01-22 17:00:00,40714.8,0,0
2024-01-22 18:00:00,40320.7,0,0
2024-01-22 19:00:00,39812.5,0,0
2024-01-22 20:00:00,40181.8,0,0
2024-01-22 21:00:00,39854.4,0,0
2024-01-22 22:00:00,39829.9,0,0
2024-01-22 23:00:00,39567.0,1,0
2024-01-23 00:00:00,39869.2,0,0
2024-01-23 01:00:00,39828.0,0,0
2024-01-23 02:00:00,40058.9,0,0
2024-01-23 03:00:00,40000.1,0,0
2024-01-23 04:00:00,40055.1,0,0
2024-01-23 05:00:00,40064.8,0,1
2024-01-23 06:00:00,40019.5,0,0
2024-01-23 07:00:00,39773.9,0,0
2024-01-23 08:00:00,39460.7,0,0
2024-01-23 09:00:00,38964.5,0,0
2024-01-23 10:00:00,38917.0,0,0
2024-01-23 11:00:00,38850.1,0,0
2024-01-23 12:00:00,39065.7,0,0
2024-01-23 13:00:00,38857.8,0,0
2024-01-23 14:00:00,38768.6,1,0
2024-01-23 15:00:00,39197.4,0,0
2024-01-23 16:00:00,39312.8,0,0
2024-01-23 17:00:00,39404.0,0,0
2024-01-23 18:00:00,39087.1,0,0
2024-01-23 19:00:00,39140.1,0,0
2024-01-23 20:00:00,39178.0,0,0
2024-01-23 21:00:00,39216.6,0,0
2024-01-23 22:00:00,39468.3,0,0
2024-01-23 23:00:00,39890.0,0,0
2024-01-24 00:00:00,40166.9,0,1
2024-01-24 01:00:00,39763.2,0,0
2024-01-24 02:00:00,39759.3,0,0
2024-01-24 03:00:00,39611.2,1,0
2024-01-24 04:00:00,39648.8,0,0
2024-01-24 05:00:00,39791.8,0,0
2024-01-24 06:00:00,39883.6,0,0
2024-01-24 07:00:00,39979.4,0,0
2024-01-24 08:00:00,39948.6,0,0
2024-01-24 09:00:00,40015.6,0,0
2024-01-24 10:00:00,40346.0,0,1
2024-01-24 11:00:00,40195.2,0,0
2024-01-24 12:00:00,40030.4,0,0
2024-01-24 13:00:00,39976.2,0,0
2024-01-24 14:00:00,39907.0,0,0
2024-01-24 15:00:00,40046.7,0,0
2024-01-24 16:00:00,40186.0,0,0
2024-01-24 17:00:00,40131.0,0,0
2024-01-24 18:00:00,39757.9,0,0
2024-01-24 19:00:00,39797.4,0,0
2024-01-24 20:00:00,39548.0,1,0
2024-01-24 21:00:00,39788.1,0,0
2024-01-24 22:00:00,39872.5,0,0
2024-01-24 23:00:00,40078.7,0,0
2024-01-25 00:00:00,40160.4,0,0
2024-01-25 01:00:00,39975.6,0,0
2024-01-25 02:00:00,39931.7,0,0
2024-01-25 03:00:00,40002.8,0,0
2024-01-25 04:00:00,39949.4,0,0
2024-01-25 05:00:00,39865.4,0,0
2024-01-25 06:00:00,40028.0,0,0
2024-01-25 07:00:00,40119.6,0,0
2024-01-25 08:00:00,40069.3,0,0
2024-01-25 09:00:00,40023.4,0,0
2024-01-25 10:00:00,40103.3,0,0
2024-01-25 11:00:00,40165.5,0,0
2024-01-25 12:00:00,39854.7,0,0
2024-01-25 13:00:00,39907.1,0,0
2024-01-25 14:00:00,40000.0,0,0
2024-01-25 15:00:00,39793.6,0,0
2024-01-25 16:00:00,39700.0,0,0
2024-01-25 17:00:00,39801.4,0,0
2024-01-25 18:00:00,39832.6,0,0
2024-01-25 19:00:00,39982.9,0,0
2024-01-25 20:00:00,39827.1,0,0
2024-01-25 21:00:00,39917.8,0,0
2024-01-25 22:00:00,39945.6,0,0
2024-01-25 23:00:00,39953.3,0,0
2024-01-26 00:00:00,39889.9,0,0
2024-01-26 01:00:00,39928.3,0,0
2024-01-26 02:00:00,40133.0,0,0
2024-01-26 03:00:00,40057.0,0,0
2024-01-26 04:00:00,40133.8,0,0
2024-01-26 05:00:00,40091.3,0,0
2024-01-26 06:00:00,39993.0,0,0
2024-01-26 07:00:00,39956.0,0,0
2024-01-26 08:00:00,40118.3,0,0
2024-01-26 09:00:00,40065.6,0,0
2024-01-26 10:00:00,40672.4,0,0
2024-01-26 11:00:00,41272.0,0,0
2024-01-26 12:00:00,41128.2,0,0
2024-01-26 13:00:00,41002.2,0,0
2024-01-26 14:00:00,41581.1,0,0
2024-01-26 15:00:00,41399.8,0,0
2024-01-26 16:00:00,41944.3,0,0
2024-01-26 17:00:00,41899.2,0,0
2024-01-26 18:00:00,42083.8,0,1
2024-01-26 19:00:00,42046.0,0,0
2024-01-26 20:00:00,41960.9,0,0
2024-01-26 21:00:00,41976.9,0,0
2024-01-26 22:00:00,41887.6,0,0
2024-01-26 23:00:00,41806.4,0,0
2024-01-27 00:00:00,41772.8,0,0
2024-01-27 01:00:00,41804.9,0,0
2024-01-27 02:00:00,41822.2,0,0
2024-01-27 03:00:00,41805.2,0,0
2024-01-27 04:00:00,41828.7,0,0
2024-01-27 05:00:00,41748.2,0,0
2024-01-27 06:00:00,41694.8,0,0
2024-01-27 07:00:00,41699.1,0,0
2024-01-27 08:00:00,41455.4,1,0
2024-01-27 09:00:00,41656.4,0,0
2024-01-27 10:00:00,41731.6,0,0
2024-01-27 11:00:00,41744.7,0,0
2024-01-27 12:00:00,41730.6,0,0
2024-01-27 13:00:00,41726.9,0,0
2024-01-27 14:00:00,41745.0,0,0
2024-01-27 15:00:00,41797.4,0,0
2024-01-27 16:00:00,41789.2,0,0
2024-01-27 17:00:00,41769.4,0,0
2024-01-27 18:00:00,41784.9,0,0
2024-01-27 19:00:00,41896.4,0,0
2024-01-27 20:00:00,42049.6,0,0
2024-01-27 21:00:00,42137.8,0,0
2024-01-27 22:00:00,42135.3,0,0
2024-01-27 23:00:00,42102.2,0,0
2024-01-28 00:00:00,41976.3,0,0
2024-01-28 01:00:00,42074.4,0,0
2024-01-28 02:00:00,42082.8,0,0
2024-01-28 03:00:00,42210.0,0,0
2024-01-28 04:00:00,42710.4,0,1
2024-01-28 05:00:00,42538.1,0,0
2024-01-28 06:00:00,42388.5,0,0
2024-01-28 07:00:00,42369.9,0,0
2024-01-28 08:00:00,42475.1,0,0
2024-01-28 09:00:00,42559.9,0,0
2024-01-28 10:00:00,42584.9,0,0
2024-01-28 11:00:00,42456.6,0,0
2024-01-28 12:00:00,42403.1,0,0
2024-01-28 13:00:00,42385.8,0,0
2024-01-28 14:00:00,42271.3,0,0
2024-01-28 15:00:00,42244.5,0,0
2024-01-28 16:00:00,42293.1,0,0
2024-01-28 17:00:00,42152.5,0,0
2024-01-28 18:00:00,41952.6,0,0
2024-01-28 19:00:00,41770.6,1,0
2024-01-28 20:00:00,41929.9,0,0
2024-01-28 21:00:00,41963.1,0,0
2024-01-28 22:00:00,41824.9,0,0
2024-01-28 23:00:00,42021.2,0,0
2024-01-29 00:00:00,41952.1,0,0
2024-01-29 01:00:00,42144.3,0,0
2024-01-29 02:00:00,42220.7,0,0
2024-01-29 03:00:00,42306.4,0,0
2024-01-29 04:00:00,42201.8,0,0
2024-01-29 05:00:00,42127.1,0,0
2024-01-29 06:00:00,42150.6,0,0
2024-01-29 07:00:00,42040.0,0,0
2024-01-29 08:00:00,42107.2,0,0
2024-01-29 09:00:00,42279.6,0,0
2024-01-29 10:00:00,42298.6,0,0
2024-01-29 11:00:00,42233.3,0,0
2024-01-29 12:00:00,42086.8,0,0
2024-01-29 13:00:00,41989.7,0,0
2024-01-29 14:00:00,41933.7,0,0
2024-01-29 15:00:00,42623.2,0,0
2024-01-29 16:00:00,43182.5,0,0
2024-01-29 17:00:00,42980.8,0,0
2024-01-29 18:00:00,43012.0,0,0
2024-01-29 19:00:00,42986.7,0,0
2024-01-29 20:00:00,43127.8,0,0
2024-01-29 21:00:00,43158.4,0,0
2024-01-29 22:00:00,43090.0,0,0
2024-01-29 23:00:00,43287.7,0,0
2024-01-30 00:00:00,43146.0,0,0
2024-01-30 01:00:00,43422.1,0,0
2024-01-30 02:00:00,43598.3,0,1
2024-01-30 03:00:00,43502.9,0,0
2024-01-30 04:00:00,43407.8,0,0
2024-01-30 05:00:00,43351.5,0,0
2024-01-30 06:00:00,43328.0,0,0
2024-01-30 07:00:00,43346.6,0,0
2024-01-30 08:00:00,43411.6,0,0
2024-01-30 09:00:00,43312.1,0,0
2024-01-30 10:00:00,43464.1,0,0
2024-01-30 11:00:00,43513.4,0,0
2024-01-30 12:00:00,43383.2,0,0
2024-01-30 13:00:00,43271.8,0,0
2024-01-30 14:00:00,43455.0,0,0
2024-01-30 15:00:00,43355.5,0,0
2024-01-30 16:00:00,43488.8,0,0
2024-01-30 17:00:00,43378.4,0,0
2024-01-30 18:00:00,43355.1,0,0
2024-01-30 19:00:00,43525.1,0,0
2024-01-30 20:00:00,43541.2,0,0
2024-01-30 21:00:00,43528.5,0,0
2024-01-30 22:00:00,43306.0,0,0
2024-01-30 23:00:00,42918.3,0,0
2024-01-31 00:00:00,42913.0,0,0
2024-01-31 01:00:00,42770.9,0,0
2024-01-31 02:00:00,42865.6,0,0
2024-01-31 03:00:00,42918.0,0,0
2024-01-31 04:00:00,42951.5,0,0
2024-01-31 05:00:00,42964.9,0,0
2024-01-31 06:00:00,42958.2,0,0
2024-01-31 07:00:00,43031.6,0,0
2024-01-31 08:00:00,42964.5,0,0
2024-01-31 09:00:00,42638.2,0,0
2024-01-31 10:00:00,42375.9,1,0
2024-01-31 11:00:00,42630.2,0,0
2024-01-31 12:00:00,42615.6,0,0
2024-01-31 13:00:00,42788.0,0,0
2024-01-31 14:00:00,42864.0,0,0
2024-01-31 15:00:00,43341.8,0,0
2024-01-31 16:00:00,43459.7,0,0
2024-01-31 17:00:00,43705.0,0,1
2024-01-31 18:00:00,43500.0,0,0
2024-01-31 19:00:00,43316.4,0,0
2024-01-31 20:00:00,42534.0,0,0
2024-01-31 21:00:00,42472.8,0,0
2024-01-31 22:00:00,42634.8,0,0
2024-01-31 23:00:00,42560.5,0,0
2024-02-01 00:00:00,42460.2,0,0
2024-02-01 01:00:00,41969.9,1,0
2024-02-01 02:00:00,42146.6,0,0
2024-02-01 03:00:00,41998.0,0,0
2024-02-01 04:00:00,42063.6,0,0
2024-02-01 05:00:00,42148.1,0,0
2024-02-01 06:00:00,42185.8,0,0
2024-02-01 07:00:00,42182.2,0,0
2024-02-01 08:00:00,42236.0,0,0
2024-02-01 09:00:00,42141.0,0,0
2024-02-01 10:00:00,42214.1,0,0
2024-02-01 11:00:00,42075.9,0,0
2024-02-01 12:00:00,42134.0,0,0
2024-02-01 13:00:00,42206.0,0,0
2024-02-01 14:00:00,42635.3,0,0
2024-02-01 15:00:00,42500.1,0,0
2024-02-01 16:00:00,42641.9,0,0
2024-02-01 17:00:00,42909.3,0,0
2024-02-01 18:00:00,42830.1,0,0
2024-02-01 19:00:00,43206.3,0,1
2024-02-01 20:00:00,42991.0,0,0
2024-02-01 21:00:00,43080.0,0,0
2024-02-01 22:00:00,42915.2,0,0
2024-02-01 23:00:00,43072.6,0,0
2024-02-02 00:00:00,43156.1,0,0
2024-02-02 01:00:00,43106.4,0,0
2024-02-02 02:00:00,43064.8,0,0
2024-02-02 03:00:00,43018.1,0,0
2024-02-02 04:00:00,42950.7,0,0
2024-02-02 05:00:00,43091.2,0,0
2024-02-02 06:00:00,43149.4,0,0
2024-02-02 07:00:00,43076.0,0,0
2024-02-02 08:00:00,43003.7,0,0
2024-02-02 09:00:00,42972.1,0,0
2024-02-02 10:00:00,43109.0,0,0
2024-02-02 11:00:00,43136.8,0,0
2024-02-02 12:00:00,43114.4,0,0
2024-02-02 13:00:00,42671.0,1,0
2024-02-02 14:00:00,42787.9,0,0
2024-02-02 15:00:00,43222.9,0,1
2024-02-02 16:00:00,43193.5,0,0
2024-02-02 17:00:00,42937.0,0,0
2024-02-02 18:00:00,42910.9,0,0
2024-02-02 19:00:00,43044.1,0,0
2024-02-02 20:00:00,42933.2,0,0
2024-02-02 21:00:00,42976.3,0,0
2024-02-02 22:00:00,43182.4,0,0
2024-02-02 23:00:00,43182.0,0,0
2024-02-03 00:00:00,43213.4,0,0
2024-02-03 01:00:00,43200.5,0,0
2024-02-03 02:00:00,43175.0,0,0
2024-02-03 03:00:00,43155.3,0,0
2024-02-03 04:00:00,43172.3,0,0
2024-02-03 05:00:00,43154.4,0,0
2024-02-03 06:00:00,43080.2,0,0
2024-02-03 07:00:00,43037.1,0,0
2024-02-03 08:00:00,43004.2,0,0
2024-02-03 09:00:00,43077.2,0,0
2024-02-03 10:00:00,43052.7,0,0
2024-02-03 11:00:00,42978.0,0,0
2024-02-03 12:00:00,43050.8,0,0
2024-02-03 13:00:00,43050.1,0,0
2024-02-03 14:00:00,43022.1,0,0
2024-02-03 15:00:00,43097.4,0,0
2024-02-03 16:00:00,43074.4,0,0
2024-02-03 17:00:00,43215.9,0,0
2024-02-03 18:00:00,43055.1,0,0
2024-02-03 19:00:00,43046.8,0,0
2024-02-03 20:00:00,43047.4,0,0
2024-02-03 21:00:00,43030.0,0,0
2024-02-03 22:00:00,43016.5,0,0
2024-02-03 23:00:00,42992.4,0,0
2024-02-04 00:00:00,42997.0,0,0
2024-02-04 01:00:00,43026.8,0,0
2024-02-04 02:00:00,43001.3,0,0
2024-02-04 03:00:00,43015.7,0,0
2024-02-04 04:00:00,42902.0,0,0
2024-02-04 05:00:00,42875.0,0,0
2024-02-04 06:00:00,42729.7,0,0
2024-02-04 07:00:00,42822.9,0,0
2024-02-04 08:00:00,42781.6,0,0
2024-02-04 09:00:00,42920.8,0,0
2024-02-04 10:00:00,42927.1,0,0
2024-02-04 11:00:00,43041.6,0,0
2024-02-04 12:00:00,42974.3,0,0
2024-02-04 13:00:00,42977.2,0,0
2024-02-04 14:00:00,42855.3,0,0
2024-02-04 15:00:00,42926.7,0,0
2024-02-04 16:00:00,42903.9,0,0
2024-02-04 17:00:00,42884.3,0,0
2024-02-04 18:00:00,42777.8,0,0
2024-02-04 19:00:00,42623.9,0,0
2024-02-04 20:00:00,42868.7,0,0
2024-02-04 21:00:00,42762.0,0,0
2024-02-04 22:00:00,42554.2,0,0
2024-02-04 23:00:00,42570.3,0,0
2024-02-05 00:00:00,42339.2,1,0
2024-02-05 01:00:00,42513.6,0,0
2024-02-05 02:00:00,42436.0,0,0
2024-02-05 03:00:00,42708.0,0,0
2024-02-05 04:00:00,42740.1,0,0
2024-02-05 05:00:00,42767.8,0,0
2024-02-05 06:00:00,42807.7,0,0
2024-02-05 07:00:00,43059.0,0,0
2024-02-05 08:00:00,43023.5,0,0
2024-02-05 09:00:00,43028.4,0,0
2024-02-05 10:00:00,43129.9,0,0
2024-02-05 11:00:00,43180.8,0,0
2024-02-05 12:00:00,43240.2,0,0
2024-02-05 13:00:00,43434.7,0,1
2024-02-05 14:00:00,43184.4,0,0
2024-02-05 15:00:00,42629.7,0,0
2024-02-05 16:00:00,42727.5,0,0
2024-02-05 17:00:00,42714.9,0,0
2024-02-05 18:00:00,42724.4,0,0
2024-02-05 19:00:00,42757.4,0,0
2024-02-05 20:00:00,42419.6,0,0
2024-02-05 21:00:00,42368.5,1,0
2024-02-05 22:00:00,42480.9,0,0
2024-02-05 23:00:00,42692.9,0,0
2024-02-06 00:00:00,42592.4,0,0
2024-02-06 01:00:00,42650.5,0,0
2024-02-06 02:00:00,42829.2,0,0
2024-02-06 03:00:00,42829.8,0,0
2024-02-06 04:00:00,42809.1,0,0
2024-02-06 05:00:00,42764.2,0,0
2024-02-06 06:00:00,42763.7,0,0
2024-02-06 07:00:00,42870.0,0,0
2024-02-06 08:00:00,43058.5,0,0
2024-02-06 09:00:00,42980.2,0,0
2024-02-06 10:00:00,42784.2,0,0
2024-02-06 11:00:00,42814.3,0,0
2024-02-06 12:00:00,42777.0,0,0
2024-02-06 13:00:00,42862.5,0,0
2024-02-06 14:00:00,42924.1,0,0
2024-02-06 15:00:00,43232.0,0,0
2024-02-06 16:00:00,43144.2,0,0
2024-02-06 17:00:00,43163.9,0,0
2024-02-06 18:00:00,43181.6,0,0
2024-02-06 19:00:00,43261.7,0,0
2024-02-06 20:00:00,43075.7,0,0
2024-02-06 21:00:00,43149.0,0,0
2024-02-06 22:00:00,43188.7,0,0
2024-02-06 23:00:00,43079.1,0,0
2024-02-07 00:00:00,43078.9,0,0
2024-02-07 01:00:00,43028.2,0,0
2024-02-07 02:00:00,43029.3,0,0
2024-02-07 03:00:00,42783.0,0,0
2024-02-07 04:00:00,42906.5,0,0
2024-02-07 05:00:00,43009.9,0,0
2024-02-07 06:00:00,42949.8,0,0
2024-02-07 07:00:00,42904.8,0,0
2024-02-07 08:00:00,42929.9,0,0
2024-02-07 09:00:00,43128.9,0,0
2024-02-07 10:00:00,42882.5,0,0
2024-02-07 11:00:00,42917.4,0,0
2024-02-07 12:00:00,43056.5,0,0
2024-02-07 13:00:00,43121.4,0,0
2024-02-07 14:00:00,43011.1,0,0
2024-02-07 15:00:00,43057.8,0,0
2024-02-07 16:00:00,43224.9,0,0
2024-02-07 17:00:00,43488.6,0,0
2024-02-07 18:00:00,43639.0,0,0
2024-02-07 19:00:00,43596.1,0,0
2024-02-07 20:00:00,44113.4,0,0
2024-02-07 21:00:00,44174.7,0,0
2024-02-07 22:00:00,44145.6,0,0
2024-02-07 23:00:00,44326.2,0,0
2024-02-08 00:00:00,44656.7,0,0
2024-02-08 01:00:00,44628.6,0,0
2024-02-08 02:00:00,44628.5,0,0
2024-02-08 03:00:00,44523.6,0,0
2024-02-08 04:00:00,44471.3,0,0
2024-02-08 05:00:00,44537.3,0,0
2024-02-08 06:00:00,44449.9,0,0
2024-02-08 07:00:00,44500.8,0,0
2024-02-08 08:00:00,44695.5,0,0
2024-02-08 09:00:00,44666.5,0,0
2024-02-08 10:00:00,44805.9,0,0
2024-02-08 11:00:00,44677.9,0,0
2024-02-08 12:00:00,44676.9,0,0
2024-02-08 13:00:00,44971.7,0,0
2024-02-08 14:00:00,45058.7,0,0
2024-02-08 15:00:00,45406.3,0,0
2024-02-08 16:00:00,45045.0,0,0
2024-02-08 17:00:00,45027.3,0,0
2024-02-08 18:00:00,45283.4,0,0
2024-02-08 19:00:00,45260.1,0,0
2024-02-08 20:00:00,45471.9,0,0
2024-02-08 21:00:00,45298.3,0,0
2024-02-08 22:00:00,45256.5,0,0
2024-02-08 23:00:00,45269.1,0,0
2024-02-09 00:00:00,45264.9,0,0
2024-02-09 01:00:00,45473.9,0,0
2024-02-09 02:00:00,46272.9,0,0
2024-02-09 03:00:00,46046.5,0,0
2024-02-09 04:00:00,45942.3,0,0
2024-02-09 05:00:00,46244.9,0,0
2024-02-09 06:00:00,46180.1,0,0
2024-02-09 07:00:00,46185.1,0,0
2024-02-09 08:00:00,46632.2,0,0
2024-02-09 09:00:00,46497.7,0,0
2024-02-09 10:00:00,46760.0,0,0
2024-02-09 11:00:00,47155.9,0,0
2024-02-09 12:00:00,47309.4,0,0
2024-02-09 13:00:00,47446.0,0,0
2024-02-09 14:00:00,47046.6,0,0
2024-02-09 15:00:00,47136.9,0,0
2024-02-09 16:00:00,47254.4,0,0
2024-02-09 17:00:00,47624.0,0,1
2024-02-09 18:00:00,47583.0,0,0
2024-02-09 19:00:00,47486.2,0,0
2024-02-09 20:00:00,47487.3,0,0
2024-02-09 21:00:00,47482.1,0,0
2024-02-09 22:00:00,47255.3,0,0
2024-02-09 23:00:00,47116.1,0,0
2024-02-10 00:00:00,47073.6,0,0
2024-02-10 01:00:00,47280.0,0,0
2024-02-10 02:00:00,47292.6,0,0
2024-02-10 03:00:00,47366.9,0,0
2024-02-10 04:00:00,47390.7,0,0
2024-02-10 05:00:00,47313.6,0,0
2024-02-10 06:00:00,47337.2,0,0
2024-02-10 07:00:00,47130.5,0,0
2024-02-10 08:00:00,47074.7,0,0
2024-02-10 09:00:00,47052.1,0,0
2024-02-10 10:00:00,46872.6,1,0
2024-02-10 11:00:00,47172.8,0,0
2024-02-10 12:00:00,47209.1,0,0
2024-02-10 13:00:00,47286.0,0,0
2024-02-10 14:00:00,47252.7,0,0
2024-02-10 15:00:00,47332.0,0,0
2024-02-10 16:00:00,47239.4,0,0
2024-02-10 17:00:00,47180.8,0,0
2024-02-10 18:00:00,47320.0,0,0
2024-02-10 19:00:00,47511.2,0,0
2024-02-10 20:00:00,47864.5,0,0
2024-02-10 21:00:00,47934.2,0,0
2024-02-10 22:00:00,47818.9,0,0
2024-02-10 23:00:00,47732.6,0,0
2024-02-11 00:00:00,47721.6,0,0
2024-02-11 01:00:00,47620.0,0,0
2024-02-11 02:00:00,47761.2,0,0
2024-02-11 03:00:00,48517.1,0,0
2024-02-11 04:00:00,48288.8,0,0
2024-02-11 05:00:00,48217.2,0,0
2024-02-11 06:00:00,48215.5,0,0
2024-02-11 07:00:00,48169.6,0,0
2024-02-11 08:00:00,48128.5,0,0
2024-02-11 09:00:00,48135.1,0,0
2024-02-11 10:00:00,48144.0,0,0
2024-02-11 11:00:00,48403.7,0,0
2024-02-11 12:00:00,48277.5,0,0
2024-02-11 13:00:00,48053.3,0,0
2024-02-11 14:00:00,48226.9,0,0
2024-02-11 15:00:00,48140.8,0,0
2024-02-11 16:00:00,48099.6,0,0
2024-02-11 17:00:00,48289.2,0,0
2024-02-11 18:00:00,48272.6,0,0
2024-02-11 19:00:00,48282.4,0,0
2024-02-11 20:00:00,48020.2,0,0
2024-02-11 21:00:00,48118.3,0,0
2024-02-11 22:00:00,48140.0,0,0
2024-02-11 23:00:00,48303.4,0,0
2024-02-12 00:00:00,48612.9,0,1
2024-02-12 01:00:00,48479.7,0,0
2024-02-12 02:00:00,48145.5,0,0
2024-02-12 03:00:00,48138.6,0,0
2024-02-12 04:00:00,48068.0,0,0
2024-02-12 05:00:00,48063.7,0,0
2024-02-12 06:00:00,48147.2,0,0
2024-02-12 07:00:00,48213.0,0,0
2024-02-12 08:00:00,48113.9,0,0
2024-02-12 09:00:00,47887.0,0,0
2024-02-12 10:00:00,47869.1,1,0
2024-02-12 11:00:00,47906.0,0,0
2024-02-12 12:00:00,48038.0,0,0
2024-02-12 13:00:00,47948.8,0,0
2024-02-12 14:00:00,48815.0,0,0
2024-02-12 15:00:00,49925.4,0,0
2024-02-12 16:00:00,49594.5,0,0
2024-02-12 17:00:00,49868.1,0,0
2024-02-12 18:00:00,49753.5,0,0
2024-02-12 19:00:00,49545.9,0,0
2024-02-12 20:00:00,50177.6,0,0
2024-02-12 21:00:00,49835.3,0,0
2024-02-12 22:00:00,50040.0,0,0
2024-02-12 23:00:00,49943.6,0,0
2024-02-13 00:00:00,50125.0,0,0
2024-02-13 01:00:00,50161.8,0,0
2024-02-13 02:00:00,49969.3,0,0
2024-02-13 03:00:00,49813.8,0,0
2024-02-13 04:00:00,49922.5,0,0
2024-02-13 05:00:00,50072.3,0,0
2024-02-13 06:00:00,50027.8,0,0
2024-02-13 07:00:00,50019.9,0,0
2024-02-13 08:00:00,50151.6,0,0
2024-02-13 09:00:00,50237.7,0,1
2024-02-13 10:00:00,49877.4,0,0
2024-02-13 11:00:00,50004.0,0,0
2024-02-13 12:00:00,49877.8,0,0
2024-02-13 13:00:00,49543.2,0,0
2024-02-13 14:00:00,48711.2,0,0
2024-02-13 15:00:00,48753.1,0,0
2024-02-13 16:00:00,48497.6,1,0
2024-02-13 17:00:00,48854.2,0,0
2024-02-13 18:00:00,49117.1,0,0
2024-02-13 19:00:00,49044.9,0,0
2024-02-13 20:00:00,49395.4,0,0
2024-02-13 21:00:00,49531.9,0,0
2024-02-13 22:00:00,49518.5,0,0
2024-02-13 23:00:00,49696.4,0,0
2024-02-14 00:00:00,49486.2,0,0
2024-02-14 01:00:00,49436.0,0,0
2024-02-14 02:00:00,49495.5,0,0
2024-02-14 03:00:00,49524.4,0,0
2024-02-14 04:00:00,49396.6,0,0
2024-02-14 05:00:00,49551.1,0,0
2024-02-14 06:00:00,49642.7,0,0
2024-02-14 07:00:00,49845.0,0,0
2024-02-14 08:00:00,50801.7,0,0
2024-02-14 09:00:00,51568.3,0,0
2024-02-14 10:00:00,51330.6,0,0
2024-02-14 11:00:00,51601.2,0,0
2024-02-14 12:00:00,51611.0,0,0
2024-02-14 13:00:00,51820.1,0,0
2024-02-14 14:00:00,51939.9,0,0
2024-02-14 15:00:00,51616.4,0,0
2024-02-14 16:00:00,51603.7,0,0
2024-02-14 17:00:00,51684.5,0,0
2024-02-14 18:00:00,51471.7,0,0
2024-02-14 19:00:00,51707.5,0,0
2024-02-14 20:00:00,51708.3,0,0
2024-02-14 21:00:00,51751.2,0,0
2024-02-14 22:00:00,51816.1,0,0
2024-02-14 23:00:00,51823.2,0,0
2024-02-15 00:00:00,52355.2,0,0
2024-02-15 01:00:00,51928.1,0,0
2024-02-15 02:00:00,52084.9,0,0
2024-02-15 03:00:00,52379.9,0,0
2024-02-15 04:00:00,52180.0,0,0
2024-02-15 05:00:00,51982.9,0,0
2024-02-15 06:00:00,52003.6,0,0
2024-02-15 07:00:00,51802.4,0,0
2024-02-15 08:00:00,51960.1,0,0
2024-02-15 09:00:00,52199.2,0,0
2024-02-15 10:00:00,52313.1,0,0
2024-02-15 11:00:00,52359.1,0,0
2024-02-15 12:00:00,52357.3,0,0
2024-02-15 13:00:00,52247.0,0,0
2024-02-15 14:00:00,52644.5,0,1
2024-02-15 15:00:00,51968.7,0,0
2024-02-15 16:00:00,52295.3,0,0
2024-02-15 17:00:00,51909.5,0,0
2024-02-15 18:00:00,52003.9,0,0
2024-02-15 19:00:00,52022.0,0,0
2024-02-15 20:00:00,51703.6,0,0
2024-02-15 21:00:00,51349.1,1,0
2024-02-15 22:00:00,51668.8,0,0
2024-02-15 23:00:00,51898.5,0,0
2024-02-16 00:00:00,51935.9,0,0
2024-02-16 01:00:00,51972.5,0,0
2024-02-16 02:00:00,52193.5,0,0
2024-02-16 03:00:00,52309.9,0,0
2024-02-16 04:00:00,52152.9,0,0
2024-02-16 05:00:00,52099.5,0,0
2024-02-16 06:00:00,51930.0,0,0
2024-02-16 07:00:00,51786.4,0,0
2024-02-16 08:00:00,51883.9,0,0
2024-02-16 09:00:00,51872.0,0,0
2024-02-16 10:00:00,52329.9,0,0
2024-02-16 11:00:00,52241.1,0,0
2024-02-16 12:00:00,52416.8,0,0
2024-02-16 13:00:00,52494.7,0,1
2024-02-16 14:00:00,51952.1,0,0
2024-02-16 15:00:00,51909.3,0,0
2024-02-16 16:00:00,52066.3,0,0
2024-02-16 17:00:00,52047.2,0,0
2024-02-16 18:00:00,52002.2,0,0
2024-02-16 19:00:00,51780.2,0,0
2024-02-16 20:00:00,51852.9,0,0
2024-02-16 21:00:00,52002.5,0,0
2024-02-16 22:00:00,52004.2,0,0
2024-02-16 23:00:00,52148.6,0,0
2024-02-17 00:00:00,52030.5,0,0
2024-02-17 01:00:00,51993.3,0,0
2024-02-17 02:00:00,51960.4,0,0
2024-02-17 03:00:00,51993.6,0,0
2024-02-17 04:00:00,52037.6,0,0
2024-02-17 05:00:00,51948.4,0,0
2024-02-17 06:00:00,51950.0,0,0
2024-02-17 07:00:00,51933.9,0,0
2024-02-17 08:00:00,51764.2,0,0
2024-02-17 09:00:00,51705.1,0,0
2024-02-17 10:00:00,51758.1,0,0
2024-02-17 11:00:00,51723.7,0,0
2024-02-17 12:00:00,51749.8,0,0
2024-02-17 13:00:00,51221.1,0,0
2024-02-17 14:00:00,50881.9,1,0
2024-02-17 15:00:00,51013.4,0,0
2024-02-17 16:00:00,50980.8,0,0
2024-02-17 17:00:00,51245.9,0,0
2024-02-17 18:00:00,51295.1,0,0
2024-02-17 19:00:00,51428.8,0,0
2024-02-17 20:00:00,51543.3,0,0
2024-02-17 21:00:00,51838.2,0,0
2024-02-17 22:00:00,51743.0,0,0
2024-02-17 23:00:00,51679.4,0,0
2024-02-18 00:00:00,51710.4,0,0
2024-02-18 01:00:00,51561.8,0,0
2024-02-18 02:00:00,51306.8,0,0
2024-02-18 03:00:00,51518.0,0,0
2024-02-18 04:00:00,51597.1,0,0
2024-02-18 05:00:00,51688.6,0,0
2024-02-18 06:00:00,51547.7,0,0
2024-02-18 07:00:00,51703.7,0,0
2024-02-18 08:00:00,51818.3,0,0
2024-02-18 09:00:00,52007.0,0,0
2024-02-18 10:00:00,51868.5,0,0
2024-02-18 11:00:00,51861.1,0,0
2024-02-18 12:00:00,51592.6,0,0
2024-02-18 13:00:00,51657.0,0,0
2024-02-18 14:00:00,51919.3,0,0
2024-02-18 15:00:00,51808.9,0,0
2024-02-18 16:00:00,51873.0,0,0
2024-02-18 17:00:00,51875.4,0,0
2024-02-18 18:00:00,51825.0,0,0
2024-02-18 19:00:00,51791.5,0,0
2024-02-18 20:00:00,51818.0,0,0
2024-02-18 21:00:00,51894.5,0,0
2024-02-18 22:00:00,52285.4,0,0
2024-02-18 23:00:00,52175.9,0,0
2024-02-19 00:00:00,52220.0,0,0
2024-02-19 01:00:00,52128.9,0,0
2024-02-19 02:00:00,52187.9,0,0
2024-02-19 03:00:00,52104.0,0,0
2024-02-19 04:00:00,52139.1,0,0
2024-02-19 05:00:00,52168.9,0,0
2024-02-19 06:00:00,52428.0,0,1
2024-02-19 07:00:00,52423.9,0,0
2024-02-19 08:00:00,52121.5,0,0
2024-02-19 09:00:00,52290.9,0,0
2024-02-19 10:00:00,52380.0,0,0
2024-02-19 11:00:00,52375.9,0,0
2024-02-19 12:00:00,52308.1,0,0
2024-02-19 13:00:00,52176.1,0,0
2024-02-19 14:00:00,52126.5,0,0
2024-02-19 15:00:00,52157.5,0,0
2024-02-19 16:00:00,51809.1,0,0
2024-02-19 17:00:00,52188.4,0,0
2024-02-19 18:00:00,51959.1,0,0
2024-02-19 19:00:00,51851.6,0,0
2024-02-19 20:00:00,51832.0,0,0
2024-02-19 21:00:00,51925.6,0,0
2024-02-19 22:00:00,51971.8,0,0
2024-02-19 23:00:00,51813.8,0,0
2024-02-20 00:00:00,51670.3,0,0
2024-02-20 01:00:00,51667.1,0,0
2024-02-20 02:00:00,51748.5,0,0
2024-02-20 03:00:00,51608.9,1,0
2024-02-20 04:00:00,51816.1,0,0
2024-02-20 05:00:00,51941.3,0,0
2024-02-20 06:00:00,51984.0,0,0
2024-02-20 07:00:00,51869.2,0,0
2024-02-20 08:00:00,51810.6,0,0
2024-02-20 09:00:00,51792.8,0,0
2024-02-20 10:00:00,52157.2,0,0
2024-02-20 11:00:00,52325.8,0,0
2024-02-20 12:00:00,52217.3,0,0
2024-02-20 13:00:00,52890.0,0,1
2024-02-20 14:00:00,52079.2,0,0
2024-02-20 15:00:00,51712.7,0,0
2024-02-20 16:00:00,51429.0,0,0
2024-02-20 17:00:00,51346.4,1,0
2024-02-20 18:00:00,51535.0,0,0
2024-02-20 19:00:00,52131.3,0,0
2024-02-20 20:00:00,52016.4,0,0
2024-02-20 21:00:00,52052.1,0,0
2024-02-20 22:00:00,52194.3,0,0
2024-02-20 23:00:00,52297.4,0,1
2024-02-21 00:00:00,52205.5,0,0
2024-02-21 01:00:00,52140.3,0,0
2024-02-21 02:00:00,52102.1,0,0
2024-02-21 03:00:00,52042.5,0,0
2024-02-21 04:00:00,51985.9,0,0
2024-02-21 05:00:00,51866.3,0,0
2024-02-21 06:00:00,51780.2,0,0
2024-02-21 07:00:00,51599.9,0,0
2024-02-21 08:00:00,51701.4,0,0
2024-02-21 09:00:00,51115.4,0,0
2024-02-21 10:00:00,51296.1,0,0
2024-02-21 11:00:00,50988.1,0,0
2024-02-21 12:00:00,51334.9,0,0
2024-02-21 13:00:00,51218.0,0,0
2024-02-21 14:00:00,50969.4,0,0
2024-02-21 15:00:00,51183.7,0,0
2024-02-21 16:00:00,51371.6,0,0
2024-02-21 17:00:00,50956.5,0,0
2024-02-21 18:00:00,50870.1,1,0
2024-02-21 19:00:00,51082.0,0,0
2024-02-21 20:00:00,50978.4,0,0
2024-02-21 21:00:00,51412.9,0,0
2024-02-21 22:00:00,51533.2,0,0
2024-02-21 23:00:00,51877.8,0,0
2024-02-22 00:00:00,51568.4,0,0
2024-02-22 01:00:00,51268.5,0,0
2024-02-22 02:00:00,51451.5,0,0
2024-02-22 03:00:00,51612.1,0,0
2024-02-22 04:00:00,51468.4,0,0
2024-02-22 05:00:00,51558.8,0,0
2024-02-22 06:00:00,51799.1,0,0
2024-02-22 07:00:00,51860.6,0,0
2024-02-22 08:00:00,51913.5,0,0
2024-02-22 09:00:00,51978.9,0,1
2024-02-22 10:00:00,51722.6,0,0
2024-02-22 11:00:00,51659.2,0,0
2024-02-22 12:00:00,51558.8,0,0
2024-02-22 13:00:00,51193.4,1,0
2024-02-22 14:00:00,51405.0,0,0
2024-02-22 15:00:00,51630.0,0,0
2024-02-22 16:00:00,51511.4,0,0
2024-02-22 17:00:00,51725.7,0,0
2024-02-22 18:00:00,51747.3,0,0
2024-02-22 19:00:00,51547.0,0,0
2024-02-22 20:00:00,52024.8,0,1
2024-02-22 21:00:00,51685.0,0,0
2024-02-22 22:00:00,51481.6,0,0
2024-02-22 23:00:00,51316.9,0,0
2024-02-23 00:00:00,51482.5,0,0
2024-02-23 01:00:00,51336.8,0,0
2024-02-23 02:00:00,51124.5,0,0
2024-02-23 03:00:00,51129.7,0,0
2024-02-23 04:00:00,51246.6,0,0
2024-02-23 05:00:00,51264.1,0,0
2024-02-23 06:00:00,51328.7,0,0
2024-02-23 07:00:00,50952.3,0,0
2024-02-23 08:00:00,51000.0,0,0
2024-02-23 09:00:00,51046.1,0,0
2024-02-23 10:00:00,51208.4,0,0
2024-02-23 11:00:00,51254.1,0,0
2024-02-23 12:00:00,51018.1,0,0
2024-02-23 13:00:00,51087.8,0,0
2024-02-23 14:00:00,51157.1,0,0
2024-02-23 15:00:00,50938.1,0,0
2024-02-23 16:00:00,51086.1,0,0
2024-02-23 17:00:00,51160.8,0,0
2024-02-23 18:00:00,51130.9,0,0
2024-02-23 19:00:00,51131.0,0,0
2024-02-23 20:00:00,51100.8,0,0
2024-02-23 21:00:00,51007.0,0,0
2024-02-23 22:00:00,50808.1,0,0
2024-02-23 23:00:00,50771.9,0,0
2024-02-24 00:00:00,50917.2,0,0
2024-02-24 01:00:00,50614.8,1,0
2024-02-24 02:00:00,50833.9,0,0
2024-02-24 03:00:00,50878.2,0,0
2024-02-24 04:00:00,50987.6,0,0
2024-02-24 05:00:00,51067.8,0,0
2024-02-24 06:00:00,50996.7,0,0
2024-02-24 07:00:00,51099.8,0,0
2024-02-24 08:00:00,51015.5,0,0
2024-02-24 09:00:00,51104.7,0,0
2024-02-24 10:00:00,51112.0,0,0
2024-02-24 11:00:00,51151.9,0,0
2024-02-24 12:00:00,51105.4,0,0
2024-02-24 13:00:00,51166.6,0,0
2024-02-24 14:00:00,51158.9,0,0
2024-02-24 15:00:00,51124.6,0,0
2024-02-24 16:00:00,51245.0,0,0
2024-02-24 17:00:00,51570.8,0,0
2024-02-24 18:00:00,51473.6,0,0
2024-02-24 19:00:00,51590.0,0,0
2024-02-24 20:00:00,51541.2,0,0
2024-02-24 21:00:00,51590.2,0,0
2024-02-24 22:00:00,51592.0,0,0
2024-02-24 23:00:00,51602.1,0,0
2024-02-25 00:00:00,51517.6,0,0
2024-02-25 01:00:00,51718.8,0,0
2024-02-25 02:00:00,51633.1,0,0
2024-02-25 03:00:00,51654.2,0,0
2024-02-25 04:00:00,51640.0,0,0
2024-02-25 05:00:00,51699.1,0,0
2024-02-25 06:00:00,51796.5,0,0
2024-02-25 07:00:00,51756.8,0,0
2024-02-25 08:00:00,51633.6,0,0
2024-02-25 09:00:00,51671.5,0,0
2024-02-25 10:00:00,51608.8,0,0
2024-02-25 11:00:00,51672.3,0,0
2024-02-25 12:00:00,51689.0,0,0
2024-02-25 13:00:00,51646.3,0,0
2024-02-25 14:00:00,51780.3,0,0
2024-02-25 15:00:00,51547.8,0,0
2024-02-25 16:00:00,51400.4,0,0
2024-02-25 17:00:00,51599.1,0,0
2024-02-25 18:00:00,51619.9,0,0
2024-02-25 19:00:00,51708.0,0,0
2024-02-25 20:00:00,51777.9,0,0
2024-02-25 21:00:00,51802.4,0,1
2024-02-25 22:00:00,51749.0,0,0
2024-02-25 23:00:00,51764.9,0,0
2024-02-26 00:00:00,51722.0,0,0
2024-02-26 01:00:00,51507.9,0,0
2024-02-26 02:00:00,51459.3,0,0
2024-02-26 03:00:00,51596.1,0,0
2024-02-26 04:00:00,51572.7,0,0
2024-02-26 05:00:00,51604.6,0,0
2024-02-26 06:00:00,51563.7,0,0
2024-02-26 07:00:00,51327.5,0,0
2024-02-26 08:00:00,51287.0,0,0
2024-02-26 09:00:00,50984.4,1,0
2024-02-26 10:00:00,51208.0,0,0
2024-02-26 11:00:00,51126.4,0,0
2024-02-26 12:00:00,51275.6,0,0
2024-02-26 13:00:00,51264.1,0,0
2024-02-26 14:00:00,51720.0,0,0
2024-02-26 15:00:00,52872.3,0,0
2024-02-26 16:00:00,53438.9,0,0
2024-02-26 17:00:00,53550.0,0,0
2024-02-26 18:00:00,53624.8,0,0
2024-02-26 19:00:00,54531.3,0,0
2024-02-26 20:00:00,54492.9,0,0
2024-02-26 21:00:00,54683.2,0,0
2024-02-26 22:00:00,54704.9,0,0
2024-02-26 23:00:00,54511.6,0,0
2024-02-27 00:00:00,54599.1,0,0
2024-02-27 01:00:00,55857.4,0,0
2024-02-27 02:00:00,56428.8,0,0
2024-02-27 03:00:00,55774.3,0,0
2024-02-27 04:00:00,55823.0,0,0
2024-02-27 05:00:00,56131.0,0,0
2024-02-27 06:00:00,56396.3,0,0
2024-02-27 07:00:00,56100.0,0,0
2024-02-27 08:00:00,56294.3,0,0
2024-02-27 09:00:00,56660.4,0,0
2024-02-27 10:00:00,56563.5,0,0
2024-02-27 11:00:00,56581.4,0,0
2024-02-27 12:00:00,56842.1,0,0
2024-02-27 13:00:00,57160.9,0,0
2024-02-27 14:00:00,57018.0,0,0
2024-02-27 15:00:00,56775.0,0,0
2024-02-27 16:00:00,57084.1,0,0
2024-02-27 17:00:00,56804.2,0,0
2024-02-27 18:00:00,57152.7,0,0
2024-02-27 19:00:00,57390.7,0,0
2024-02-27 20:00:00,57012.4,0,0
2024-02-27 21:00:00,56755.8,0,0
2024-02-27 22:00:00,56935.3,0,0
2024-02-27 23:00:00,57074.5,0,0
2024-02-28 00:00:00,57059.0,0,0
2024-02-28 01:00:00,56813.3,0,0
2024-02-28 02:00:00,56970.0,0,0
2024-02-28 03:00:00,56963.3,0,0
2024-02-28 04:00:00,57252.1,0,0
2024-02-28 05:00:00,57115.9,0,0
2024-02-28 06:00:00,57223.1,0,0
2024-02-28 07:00:00,58300.0,0,0
2024-02-28 08:00:00,59503.7,0,0
2024-02-28 09:00:00,59357.0,0,0
2024-02-28 10:00:00,59339.4,0,0
2024-02-28 11:00:00,58997.4,0,0
2024-02-28 12:00:00,59411.6,0,0
2024-02-28 13:00:00,60542.0,0,0
2024-02-28 14:00:00,61025.9,0,0
2024-02-28 15:00:00,61000.0,0,0
2024-02-28 16:00:00,62530.3,0,1
2024-02-28 17:00:00,61467.8,0,0
2024-02-28 18:00:00,61175.6,0,0
2024-02-28 19:00:00,61032.8,0,0
2024-02-28 20:00:00,60469.5,1,0
2024-02-28 21:00:00,60611.6,0,0
2024-02-28 22:00:00,61316.9,0,0
2024-02-28 23:00:00,62487.9,0,1
2024-02-29 00:00:00,61455.9,1,0
2024-02-29 01:00:00,61480.7,0,0
2024-02-29 02:00:00,61831.2,0,0
2024-02-29 03:00:00,61638.6,0,0
2024-02-29 04:00:00,62531.9,0,0
2024-02-29 05:00:00,62620.9,0,0
2024-02-29 06:00:00,63053.4,0,1
2024-02-29 07:00:00,62761.5,0,0
2024-02-29 08:00:00,62879.1,0,0
2024-02-29 09:00:00,62772.3,0,0
2024-02-29 10:00:00,62792.8,0,0
2024-02-29 11:00:00,63019.8,0,0
2024-02-29 12:00:00,62729.9,0,0
2024-02-29 13:00:00,63004.2,0,0
2024-02-29 14:00:00,62959.0,0,0
2024-02-29 15:00:00,62809.1,0,0
2024-02-29 16:00:00,62235.4,0,0
2024-02-29 17:00:00,61082.9,0,0
2024-02-29 18:00:00,60921.4,1,0
2024-02-29 19:00:00,61681.8,0,0
2024-02-29 20:00:00,61974.6,0,1
2024-02-29 21:00:00,61435.8,0,0
2024-02-29 22:00:00,61290.5,0,0
2024-02-29 23:00:00,61203.3,0,0
2024-03-01 00:00:00,61575.3,0,0
2024-03-01 01:00:00,61294.4,0,0
2024-03-01 02:00:00,61063.9,1,0
2024-03-01 03:00:00,61183.4,0,0
2024-03-01 04:00:00,61613.1,0,0
2024-03-01 05:00:00,61385.9,0,0
2024-03-01 06:00:00,61625.8,0,0
2024-03-01 07:00:00,61485.8,0,0
2024-03-01 08:00:00,61980.0,0,0
2024-03-01 09:00:00,62200.1,0,0
2024-03-01 10:00:00,62055.0,0,0
2024-03-01 11:00:00,61927.7,0,0
2024-03-01 12:00:00,62291.4,0,0
2024-03-01 13:00:00,62510.2,0,1
2024-03-01 14:00:00,62009.7,0,0
2024-03-01 15:00:00,61335.3,1,0
2024-03-01 16:00:00,61490.0,0,0
2024-03-01 17:00:00,61977.0,0,0
2024-03-01 18:00:00,62402.8,0,0
2024-03-01 19:00:00,62270.5,0,0
2024-03-01 20:00:00,62936.9,0,1
2024-03-01 21:00:00,62565.4,0,0
2024-03-01 22:00:00,62534.0,0,0
2024-03-01 23:00:00,62430.6,0,0
2024-03-02 00:00:00,62371.1,0,0
2024-03-02 01:00:00,62089.0,0,0
2024-03-02 02:00:00,62180.0,0,0
2024-03-02 03:00:00,62374.3,0,0
2024-03-02 04:00:00,62100.0,0,0
2024-03-02 05:00:00,62072.4,0,0
2024-03-02 06:00:00,62020.0,0,0
2024-03-02 07:00:00,62071.9,0,0
2024-03-02 08:00:00,62026.8,0,0
2024-03-02 09:00:00,61914.1,0,0
2024-03-02 10:00:00,61988.9,0,0
2024-03-02 11:00:00,61900.0,0,0
2024-03-02 12:00:00,62156.0,0,0
2024-03-02 13:00:00,61864.0,0,0
2024-03-02 14:00:00,61889.9,0,0
2024-03-02 15:00:00,61834.5,0,0
2024-03-02 16:00:00,61932.9,0,0
2024-03-02 17:00:00,61836.7,0,0
2024-03-02 18:00:00,62099.9,0,0
2024-03-02 19:00:00,62185.3,0,0
2024-03-02 20:00:00,61929.4,0,0
2024-03-02 21:00:00,61967.3,0,0
2024-03-02 22:00:00,61724.3,0,0
2024-03-02 23:00:00,62039.9,0,0
2024-03-03 00:00:00,61799.0,0,0
2024-03-03 01:00:00,61856.9,0,0
2024-03-03 02:00:00,61867.9,0,0
2024-03-03 03:00:00,61997.1,0,0
2024-03-03 04:00:00,62085.0,0,0
2024-03-03 05:00:00,61954.8,0,0
2024-03-03 06:00:00,61927.2,0,0
2024-03-03 07:00:00,61641.0,1,0
2024-03-03 08:00:00,61662.3,0,0
2024-03-03 09:00:00,61782.2,0,0
2024-03-03 10:00:00,61724.0,0,0
2024-03-03 11:00:00,61900.0,0,0
2024-03-03 12:00:00,62244.1,0,0
2024-03-03 13:00:00,62450.0,0,0
2024-03-03 14:00:00,62145.4,0,0
2024-03-03 15:00:00,62210.7,0,0
2024-03-03 16:00:00,62901.8,0,0
2024-03-03 17:00:00,62635.8,0,0
2024-03-03 18:00:00,62873.3,0,0
2024-03-03 19:00:00,62797.1,0,0
2024-03-03 20:00:00,62828.8,0,0
2024-03-03 21:00:00,62895.5,0,0
2024-03-03 22:00:00,62897.9,0,0
2024-03-03 23:00:00,63178.5,0,0
2024-03-04 00:00:00,63544.5,0,0
2024-03-04 01:00:00,63587.6,0,0
2024-03-04 02:00:00,63744.8,0,0
2024-03-04 03:00:00,63523.9,0,0
2024-03-04 04:00:00,63680.0,0,0
2024-03-04 05:00:00,63406.1,0,0
2024-03-04 06:00:00,63745.5,0,0
2024-03-04 07:00:00,64120.6,0,0
2024-03-04 08:00:00,65331.4,0,0
2024-03-04 09:00:00,65383.7,0,0
2024-03-04 10:00:00,65153.9,0,0
2024-03-04 11:00:00,65314.0,0,0
2024-03-04 12:00:00,65199.9,0,0
2024-03-04 13:00:00,65173.2,0,0
2024-03-04 14:00:00,66223.8,0,0
2024-03-04 15:00:00,66505.4,0,0
2024-03-04 16:00:00,66618.7,0,0
2024-03-04 17:00:00,66935.9,0,0
2024-03-04 18:00:00,66688.1,0,0
2024-03-04 19:00:00,67483.2,0,0
2024-03-04 20:00:00,67485.9,0,0
2024-03-04 21:00:00,67452.9,0,0
2024-03-04 22:00:00,67997.6,0,0
2024-03-04 23:00:00,68296.4,0,0
2024-03-05 00:00:00,68114.3,0,0
2024-03-05 01:00:00,68603.3,0,1
2024-03-05 02:00:00,68225.2,0,0
2024-03-05 03:00:00,68203.8,0,0
2024-03-05 04:00:00,67450.1,0,0
2024-03-05 05:00:00,67062.4,0,0
2024-03-05 06:00:00,67368.4,0,0
2024-03-05 07:00:00,66223.8,1,0
2024-03-05 08:00:00,66962.1,0,0
2024-03-05 09:00:00,66518.9,0,0
2024-03-05 10:00:00,66902.1,0,0
2024-03-05 11:00:00,66749.0,0,0
2024-03-05 12:00:00,67399.1,0,0
2024-03-05 13:00:00,67851.9,0,0
2024-03-05 14:00:00,68809.6,0,1
2024-03-05 15:00:00,66841.3,0,0
2024-03-05 16:00:00,65621.9,0,0
2024-03-05 17:00:00,65660.7,0,0
2024-03-05 18:00:00,64075.9,0,0
2024-03-05 19:00:00,61510.2,1,0
2024-03-05 20:00:00,61956.6,0,0
2024-03-05 21:00:00,63301.1,0,0
2024-03-05 22:00:00,63439.2,0,0
2024-03-05 23:00:00,63747.4,0,1
2024-03-06 00:00:00,63475.5,0,0
2024-03-06 01:00:00,63160.0,0,0
2024-03-06 02:00:00,62851.5,1,0
2024-03-06 03:00:00,63323.6,0,0
2024-03-06 04:00:00,64652.1,0,0
2024-03-06 05:00:00,66475.9,0,0
2024-03-06 06:00:00,65798.0,0,0
2024-03-06 07:00:00,66759.4,0,0
2024-03-06 08:00:00,67015.9,0,1
2024-03-06 09:00:00,66192.5,1,0
2024-03-06 10:00:00,66729.9,0,0
2024-03-06 11:00:00,67383.9,0,1
2024-03-06 12:00:00,65999.9,0,0
2024-03-06 13:00:00,66394.1,0,0
2024-03-06 14:00:00,65938.3,1,0
2024-03-06 15:00:00,66541.3,0,0
2024-03-06 16:00:00,67162.2,0,0
2024-03-06 17:00:00,67397.2,0,1
2024-03-06 18:00:00,67162.8,0,0
2024-03-06 19:00:00,66803.5,0,0
2024-03-06 20:00:00,66934.1,0,0
2024-03-06 21:00:00,66475.2,0,0
2024-03-06 22:00:00,65972.6,0,0
2024-03-06 23:00:00,66128.1,0,0
2024-03-07 00:00:00,66255.5,0,0
2024-03-07 01:00:00,66483.9,0,0
2024-03-07 02:00:00,66174.1,0,0
2024-03-07 03:00:00,65914.9,0,0
2024-03-07 04:00:00,65905.5,0,0
2024-03-07 05:00:00,65852.8,1,0
2024-03-07 06:00:00,65931.7,0,0
2024-03-07 07:00:00,66447.8,0,0
2024-03-07 08:00:00,66728.7,0,0
2024-03-07 09:00:00,66774.7,0,0
2024-03-07 10:00:00,66964.6,0,0
2024-03-07 11:00:00,66974.9,0,0
2024-03-07 12:00:00,66782.7,0,0
2024-03-07 13:00:00,66978.0,0,0
2024-03-07 14:00:00,67090.0,0,0
2024-03-07 15:00:00,67317.1,0,0
2024-03-07 16:00:00,67369.1,0,0
2024-03-07 17:00:00,67655.1,0,0
2024-03-07 18:00:00,67667.9,0,0
2024-03-07 19:00:00,67559.3,0,0
2024-03-07 20:00:00,67590.0,0,0
2024-03-07 21:00:00,67301.7,0,0
2024-03-07 22:00:00,67153.3,0,0
2024-03-07 23:00:00,66870.0,0,0
2024-03-08 00:00:00,67130.8,0,0
2024-03-08 01:00:00,66998.9,0,0
2024-03-08 02:00:00,67184.9,0,0
2024-03-08 03:00:00,67219.9,0,0
2024-03-08 04:00:00,67135.3,0,0
2024-03-08 05:00:00,66961.4,0,0
2024-03-08 06:00:00,67634.0,0,0
2024-03-08 07:00:00,67308.5,0,0
2024-03-08 08:00:00,67280.4,0,0
2024-03-08 09:00:00,67202.0,0,0
2024-03-08 10:00:00,67396.6,0,0
2024-03-08 11:00:00,67822.0,0,0
2024-03-08 12:00:00,67517.2,0,0
2024-03-08 13:00:00,67836.9,0,0
2024-03-08 14:00:00,68501.6,0,0
2024-03-08 15:00:00,67685.8,0,0
2024-03-08 16:00:00,67863.7,0,0
2024-03-08 17:00:00,68402.2,0,0
2024-03-08 18:00:00,68624.8,0,0
2024-03-08 19:00:00,68922.0,0,0
2024-03-08 20:00:00,69116.6,0,1
2024-03-08 21:00:00,68219.9,0,0
2024-03-08 22:00:00,68141.1,0,0
2024-03-08 23:00:00,68180.2,0,0
2024-03-09 00:00:00,68150.9,0,0
2024-03-09 01:00:00,67971.7,1,0
2024-03-09 02:00:00,68209.6,0,0
2024-03-09 03:00:00,68297.1,0,0
2024-03-09 04:00:00,68350.6,0,0
2024-03-09 05:00:00,68299.6,0,0
2024-03-09 06:00:00,68486.3,0,0
2024-03-09 07:00:00,68336.3,0,0
2024-03-09 08:00:00,68366.9,0,0
2024-03-09 09:00:00,68366.5,0,0
2024-03-09 10:00:00,68223.9,0,0
2024-03-09 11:00:00,68360.3,0,0
2024-03-09 12:00:00,68524.8,0,0
2024-03-09 13:00:00,68400.3,0,0
2024-03-09 14:00:00,68189.0,0,0
2024-03-09 15:00:00,68341.6,0,0
2024-03-09 16:00:00,68160.0,0,0
2024-03-09 17:00:00,68218.3,0,0
2024-03-09 18:00:00,68308.7,0,0
2024-03-09 19:00:00,68255.0,0,0
2024-03-09 20:00:00,68395.0,0,0
2024-03-09 21:00:00,68432.0,0,0
2024-03-09 22:00:00,68412.7,0,0
2024-03-09 23:00:00,68360.1,0,0
2024-03-10 00:00:00,68399.9,0,0
2024-03-10 01:00:00,69029.7,0,0
2024-03-10 02:00:00,68886.2,0,0
2024-03-10 03:00:00,69208.1,0,0
2024-03-10 04:00:00,69492.5,0,0
2024-03-10 05:00:00,69402.2,0,0
2024-03-10 06:00:00,69405.8,0,0
2024-03-10 07:00:00,69430.0,0,0
2024-03-10 08:00:00,69734.7,0,0
2024-03-10 09:00:00,69902.5,0,1
2024-03-10 10:00:00,69857.4,0,0
2024-03-10 11:00:00,69639.5,0,0
2024-03-10 12:00:00,69845.9,0,0
2024-03-10 13:00:00,69388.8,0,0
2024-03-10 14:00:00,69332.4,0,0
2024-03-10 15:00:00,69254.7,0,0
2024-03-10 16:00:00,69503.4,0,0
2024-03-10 17:00:00,69484.0,0,0
2024-03-10 18:00:00,69298.0,0,0
2024-03-10 19:00:00,69465.0,0,0
2024-03-10 20:00:00,69372.8,0,0
2024-03-10 21:00:00,69175.8,0,0
2024-03-10 22:00:00,68465.2,0,0
2024-03-10 23:00:00,69001.8,0,0
2024-03-11 00:00:00,68149.9,1,0
2024-03-11 01:00:00,68365.5,0,0
2024-03-11 02:00:00,68376.0,0,0
2024-03-11 03:00:00,68657.4,0,0
2024-03-11 04:00:00,68600.4,0,0
2024-03-11 05:00:00,68609.2,0,0
2024-03-11 06:00:00,69393.3,0,0
2024-03-11 07:00:00,71223.8,0,0
2024-03-11 08:00:00,71315.0,0,0
2024-03-11 09:00:00,71894.6,0,0
2024-03-11 10:00:00,71579.1,0,0
2024-03-11 11:00:00,71558.6,0,0
2024-03-11 12:00:00,72059.1,0,0
2024-03-11 13:00:00,71584.9,0,0
2024-03-11 14:00:00,72247.9,0,0
2024-03-11 15:00:00,72061.4,0,0
2024-03-11 16:00:00,72570.0,0,0
2024-03-11 17:00:00,72548.0,0,0
2024-03-11 18:00:00,72557.1,0,0
2024-03-11 19:00:00,72041.3,0,0
2024-03-11 20:00:00,72186.0,0,0
2024-03-11 21:00:00,72595.2,0,1
2024-03-11 22:00:00,72516.6,0,0
2024-03-11 23:00:00,72153.8,0,0
2024-03-12 00:00:00,72068.4,0,0
2024-03-12 01:00:00,72530.6,0,0
2024-03-12 02:00:00,72274.8,0,0
2024-03-12 03:00:00,71673.4,0,0
2024-03-12 04:00:00,71870.9,0,0
2024-03-12 05:00:00,72043.0,0,0
2024-03-12 06:00:00,72331.0,0,0
2024-03-12 07:00:00,72175.5,0,0
2024-03-12 08:00:00,71753.0,0,0
2024-03-12 09:00:00,72019.5,0,0
2024-03-12 10:00:00,71937.8,0,0
2024-03-12 11:00:00,72098.7,0,0
2024-03-12 12:00:00,72263.9,0,0
2024-03-12 13:00:00,72376.5,0,0
2024-03-12 14:00:00,71730.1,0,0
2024-03-12 15:00:00,71779.2,0,0
2024-03-12 16:00:00,70571.8,1,0
2024-03-12 17:00:00,71161.2,0,0
2024-03-12 18:00:00,71476.5,0,0
2024-03-12 19:00:00,71403.1,0,0
2024-03-12 20:00:00,71094.0,0,0
2024-03-12 21:00:00,70894.9,0,0
2024-03-12 22:00:00,71220.8,0,0
2024-03-12 23:00:00,71503.2,0,0
2024-03-13 00:00:00,71476.4,0,0
2024-03-13 01:00:00,72076.7,0,0
2024-03-13 02:00:00,72042.9,0,0
2024-03-13 03:00:00,72135.8,0,0
2024-03-13 04:00:00,72292.8,0,0
2024-03-13 05:00:00,72227.4,0,0
2024-03-13 06:00:00,72798.9,0,0
2024-03-13 07:00:00,72964.0,0,0
2024-03-13 08:00:00,73511.4,0,1
2024-03-13 09:00:00,73389.2,0,0
2024-03-13 10:00:00,73334.5,0,0
2024-03-13 11:00:00,73149.9,0,0
2024-03-13 12:00:00,72875.9,0,0
2024-03-13 13:00:00,72240.0,1,0
2024-03-13 14:00:00,72414.3,0,0
2024-03-13 15:00:00,72670.2,0,0
2024-03-13 16:00:00,73058.8,0,0
2024-03-13 17:00:00,72889.3,0,0
2024-03-13 18:00:00,73199.9,0,0
2024-03-13 19:00:00,73399.9,0,0
2024-03-13 20:00:00,73146.0,0,0
2024-03-13 21:00:00,73295.4,0,0
2024-03-13 22:00:00,73003.6,0,0
2024-03-13 23:00:00,73127.6,0,0
2024-03-14 00:00:00,72900.0,0,0
2024-03-14 01:00:00,72993.5,0,0
2024-03-14 02:00:00,73089.9,0,0
2024-03-14 03:00:00,73333.3,0,0
2024-03-14 04:00:00,73008.7,0,0
2024-03-14 05:00:00,73210.6,0,0
2024-03-14 06:00:00,73644.6,0,1
2024-03-14 07:00:00,73280.7,0,0
2024-03-14 08:00:00,73384.6,0,0
2024-03-14 09:00:00,73391.4,0,0
2024-03-14 10:00:00,73037.5,0,0
2024-03-14 11:00:00,72939.4,0,0
2024-03-14 12:00:00,72891.7,0,0
2024-03-14 13:00:00,71951.3,0,0
2024-03-14 14:00:00,71772.0,0,0
2024-03-14 15:00:00,70904.5,0,0
2024-03-14 16:00:00,71412.0,0,0
2024-03-14 17:00:00,71097.2,0,0
2024-03-14 18:00:00,70154.0,0,0
2024-03-14 19:00:00,69500.4,1,0
2024-03-14 20:00:00,70810.8,0,0
2024-03-14 21:00:00,71163.8,0,0
2024-03-14 22:00:00,71594.0,0,0
2024-03-14 23:00:00,71455.5,0,0
2024-03-15 00:00:00,71971.0,0,1
2024-03-15 01:00:00,71700.0,0,0
2024-03-15 02:00:00,69062.4,0,0
2024-03-15 03:00:00,68266.0,0,0
2024-03-15 04:00:00,67477.3,1,0
2024-03-15 05:00:00,67478.8,0,0
2024-03-15 06:00:00,68708.4,0,1
2024-03-15 07:00:00,68487.4,0,0
2024-03-15 08:00:00,67122.6,1,0
2024-03-15 09:00:00,67857.8,0,0
2024-03-15 10:00:00,67308.8,0,0
2024-03-15 11:00:00,67818.3,0,0
2024-03-15 12:00:00,67962.6,0,0
2024-03-15 13:00:00,68498.0,0,0
2024-03-15 14:00:00,68655.7,0,0
2024-03-15 15:00:00,68199.2,0,0
2024-03-15 16:00:00,67954.3,0,0
2024-03-15 17:00:00,68262.3,0,0
2024-03-15 18:00:00,70276.0,0,1
2024-03-15 19:00:00,69003.0,0,0
2024-03-15 20:00:00,67906.5,1,0
2024-03-15 21:00:00,68342.3,0,0
2024-03-15 22:00:00,69123.7,0,0
2024-03-15 23:00:00,69552.2,0,0
2024-03-16 00:00:00,69690.3,0,1
2024-03-16 01:00:00,69332.4,0,0
2024-03-16 02:00:00,69120.0,0,0
2024-03-16 03:00:00,69247.6,0,0
2024-03-16 04:00:00,69058.6,0,0
2024-03-16 05:00:00,69032.4,0,0
2024-03-16 06:00:00,69234.4,0,0
2024-03-16 07:00:00,69490.2,0,0
2024-03-16 08:00:00,69082.8,0,0
2024-03-16 09:00:00,68995.0,0,0
2024-03-16 10:00:00,68471.4,0,0
2024-03-16 11:00:00,68300.1,0,0
2024-03-16 12:00:00,67931.0,0,0
2024-03-16 13:00:00,67750.1,0,0
2024-03-16 14:00:00,68237.0,0,0
2024-03-16 15:00:00,68431.8,0,0
2024-03-16 16:00:00,68235.5,0,0
2024-03-16 17:00:00,67325.9,0,0
2024-03-16 18:00:00,67079.6,0,0
2024-03-16 19:00:00,66969.1,0,0
2024-03-16 20:00:00,67172.3,0,0
2024-03-16 21:00:00,66284.0,0,0
2024-03-16 22:00:00,66398.6,0,0
2024-03-16 23:00:00,65351.0,0,0
2024-03-17 00:00:00,65273.4,1,0
2024-03-17 01:00:00,66213.1,0,0
2024-03-17 02:00:00,66402.9,0,0
2024-03-17 03:00:00,66574.4,0,1
2024-03-17 04:00:00,66391.2,0,0
2024-03-17 05:00:00,66284.1,0,0
2024-03-17 06:00:00,65007.0,1,0
2024-03-17 07:00:00,65681.2,0,0
2024-03-17 08:00:00,66559.3,0,0
2024-03-17 09:00:00,66505.0,0,0
2024-03-17 10:00:00,67225.3,0,0
2024-03-17 11:00:00,67015.0,0,0
2024-03-17 12:00:00,66640.6,0,0
2024-03-17 13:00:00,67186.0,0,0
2024-03-17 14:00:00,67652.6,0,0
2024-03-17 15:00:00,68009.8,0,0
2024-03-17 16:00:00,68066.6,0,0
2024-03-17 17:00:00,68592.4,0,1
2024-03-17 18:00:00,68230.0,0,0
2024-03-17 19:00:00,68575.5,0,0
2024-03-17 20:00:00,68325.1,0,0
2024-03-17 21:00:00,68201.2,0,0
2024-03-17 22:00:00,68269.2,0,0
2024-03-17 23:00:00,68447.9,0,0
2024-03-18 00:00:00,67360.8,1,0
2024-03-18 01:00:00,67686.6,0,0
2024-03-18 02:00:00,67817.5,0,0
2024-03-18 03:00:00,68038.1,0,0
2024-03-18 04:00:00,68422.1,0,0
2024-03-18 05:00:00,68746.5,0,1
2024-03-18 06:00:00,68530.2,0,0
2024-03-18 07:00:00,68262.9,0,0
2024-03-18 08:00:00,68086.6,0,0
2024-03-18 09:00:00,67899.2,0,0
2024-03-18 10:00:00,68187.3,0,0
2024-03-18 11:00:00,68307.7,0,0
2024-03-18 12:00:00,68608.1,0,0
2024-03-18 13:00:00,67605.8,0,0
2024-03-18 14:00:00,67045.2,0,0
2024-03-18 15:00:00,67509.2,0,0
2024-03-18 16:00:00,67180.0,0,0
2024-03-18 17:00:00,67432.2,0,0
2024-03-18 18:00:00,67054.0,0,0
2024-03-18 19:00:00,66985.7,0,0
2024-03-18 20:00:00,67412.0,0,0
2024-03-18 21:00:00,67673.9,0,0
2024-03-18 22:00:00,67740.4,0,0
2024-03-18 23:00:00,67660.0,0,0
2024-03-19 00:00:00,67146.9,0,0
2024-03-19 01:00:00,65899.1,0,0
2024-03-19 02:00:00,65929.4,0,0
2024-03-19 03:00:00,65930.5,0,0
2024-03-19 04:00:00,65401.8,0,0
2024-03-19 05:00:00,65265.9,0,0
2024-03-19 06:00:00,64977.1,0,0
2024-03-19 07:00:00,64742.1,0,0
2024-03-19 08:00:00,63534.2,0,0
2024-03-19 09:00:00,64184.5,0,0
2024-03-19 10:00:00,63303.4,0,0
2024-03-19 11:00:00,63137.1,0,0
2024-03-19 12:00:00,63668.5,0,0
2024-03-19 13:00:00,63606.8,0,0
2024-03-19 14:00:00,62928.4,1,0
2024-03-19 15:00:00,64084.0,0,0
2024-03-19 16:00:00,65008.9,0,1
2024-03-19 17:00:00,64916.5,0,0
2024-03-19 18:00:00,64762.9,0,0
2024-03-19 19:00:00,64435.0,0,0
2024-03-19 20:00:00,63814.7,0,0
2024-03-19 21:00:00,63998.8,0,0
2024-03-19 22:00:00,62682.6,0,0
2024-03-19 23:00:00,61974.1,1,0
2024-03-20 00:00:00,63283.5,0,1
2024-03-20 01:00:00,62430.1,0,0
2024-03-20 02:00:00,62930.0,0,0
2024-03-20 03:00:00,61894.8,0,0
2024-03-20 04:00:00,61694.5,0,0
2024-03-20 05:00:00,61596.4,1,0
2024-03-20 06:00:00,61800.7,0,0
2024-03-20 07:00:00,62995.1,0,0
2024-03-20 08:00:00,62737.6,0,0
2024-03-20 09:00:00,63259.1,0,0
2024-03-20 10:00:00,63088.1,0,0
2024-03-20 11:00:00,63432.0,0,0
2024-03-20 12:00:00,64102.0,0,0
2024-03-20 13:00:00,63640.5,0,0
2024-03-20 14:00:00,64261.7,0,1
2024-03-20 15:00:00,63649.0,0,0
2024-03-20 16:00:00,63139.8,1,0
2024-03-20 17:00:00,64149.9,0,0
2024-03-20 18:00:00,65455.4,0,0
2024-03-20 19:00:00,65821.6,0,0
2024-03-20 20:00:00,67092.2,0,0
2024-03-20 21:00:00,67716.9,0,0
2024-03-20 22:00:00,67714.5,0,0
2024-03-20 23:00:00,67876.4,0,1
2024-03-21 00:00:00,67696.2,0,0
2024-03-21 01:00:00,67835.4,0,0
2024-03-21 02:00:00,67575.9,0,0
2024-03-21 03:00:00,66707.8,0,0
2024-03-21 04:00:00,66774.9,0,0
2024-03-21 05:00:00,67059.3,0,0
2024-03-21 06:00:00,67019.1,0,0
2024-03-21 07:00:00,67031.8,0,0
2024-03-21 08:00:00,67336.1,0,0
2024-03-21 09:00:00,66899.6,0,0
2024-03-21 10:00:00,67015.9,0,0
2024-03-21 11:00:00,67082.3,0,0
2024-03-21 12:00:00,67292.3,0,0
2024-03-21 13:00:00,66782.1,0,0
2024-03-21 14:00:00,66915.8,0,0
2024-03-21 15:00:00,66601.6,0,0
2024-03-21 16:00:00,66844.1,0,0
2024-03-21 17:00:00,65785.1,0,0
2024-03-21 18:00:00,65194.5,1,0
2024-03-21 19:00:00,65276.0,0,0
2024-03-21 20:00:00,65535.7,0,0
2024-03-21 21:00:00,65693.2,0,0
2024-03-21 22:00:00,65430.6,0,0
2024-03-21 23:00:00,65539.9,0,0
2024-03-22 00:00:00,65843.8,0,0
2024-03-22 01:00:00,65284.2,0,0
2024-03-22 02:00:00,65689.9,0,0
2024-03-22 03:00:00,66017.8,0,0
2024-03-22 04:00:00,66180.0,0,0
2024-03-22 05:00:00,66470.1,0,0
2024-03-22 06:00:00,66486.8,0,1
2024-03-22 07:00:00,66223.4,0,0
2024-03-22 08:00:00,65900.0,0,0
2024-03-22 09:00:00,65536.2,0,0
2024-03-22 10:00:00,64695.9,0,0
2024-03-22 11:00:00,64268.0,0,0
2024-03-22 12:00:00,64301.5,0,0
2024-03-22 13:00:00,63097.2,0,0
2024-03-22 14:00:00,62790.0,1,0
2024-03-22 15:00:00,63920.0,0,1
2024-03-22 16:00:00,63312.0,0,0
2024-03-22 17:00:00,63624.2,0,0
2024-03-22 18:00:00,63779.3,0,0
2024-03-22 19:00:00,63907.2,0,0
2024-03-22 20:00:00,63539.9,0,0
2024-03-22 21:00:00,63010.6,1,0
2024-03-22 22:00:00,63061.5,0,0
2024-03-22 23:00:00,63826.0,0,0
2024-03-23 00:00:00,63608.4,0,0
2024-03-23 01:00:00,64147.3,0,0
2024-03-23 02:00:00,63892.8,0,0
2024-03-23 03:00:00,63592.0,0,0
2024-03-23 04:00:00,63920.2,0,0
2024-03-23 05:00:00,64106.6,0,0
2024-03-23 06:00:00,64201.3,0,0
2024-03-23 07:00:00,64606.5,0,0
2024-03-23 08:00:00,64572.9,0,0
2024-03-23 09:00:00,64511.4,0,0
2024-03-23 10:00:00,64365.8,0,0
2024-03-23 11:00:00,64674.9,0,0
2024-03-23 12:00:00,64728.3,0,0
2024-03-23 13:00:00,64628.2,0,0
2024-03-23 14:00:00,65280.0,0,0
2024-03-23 15:00:00,65147.5,0,0
2024-03-23 16:00:00,65697.2,0,0
2024-03-23 17:00:00,65701.1,0,1
2024-03-23 18:00:00,65431.2,0,0
2024-03-23 19:00:00,64917.9,0,0
2024-03-23 20:00:00,65040.1,0,0
2024-03-23 21:00:00,64980.1,0,0
2024-03-23 22:00:00,64774.4,0,0
2024-03-23 23:00:00,64020.3,0,0
2024-03-24 00:00:00,64561.0,0,0
2024-03-24 01:00:00,64512.0,0,0
2024-03-24 02:00:00,64315.7,0,0
2024-03-24 03:00:00,64007.6,1,0
2024-03-24 04:00:00,64269.0,0,0
2024-03-24 05:00:00,64343.4,0,0
2024-03-24 06:00:00,64263.2,0,0
2024-03-24 07:00:00,64624.6,0,0
2024-03-24 08:00:00,65295.3,0,0
2024-03-24 09:00:00,64924.7,0,0
2024-03-24 10:00:00,65137.8,0,0
2024-03-24 11:00:00,65371.9,0,0
2024-03-24 12:00:00,65684.0,0,0
2024-03-24 13:00:00,65399.9,0,0
2024-03-24 14:00:00,65692.2,0,0
2024-03-24 15:00:00,65718.6,0,0
2024-03-24 16:00:00,65296.0,0,0
2024-03-24 17:00:00,65384.7,0,0
2024-03-24 18:00:00,65892.1,0,0
2024-03-24 19:00:00,65886.8,0,0
2024-03-24 20:00:00,66207.4,0,0
2024-03-24 21:00:00,66575.0,0,0
2024-03-24 22:00:00,66992.9,0,0
2024-03-24 23:00:00,67260.9,0,0
2024-03-25 00:00:00,66633.6,0,0
2024-03-25 01:00:00,66613.3,0,0
2024-03-25 02:00:00,66742.1,0,0
2024-03-25 03:00:00,67407.8,0,0
2024-03-25 04:00:00,67539.0,0,0
2024-03-25 05:00:00,67395.0,0,0
2024-03-25 06:00:00,67190.3,0,0
2024-03-25 07:00:00,66866.6,0,0
2024-03-25 08:00:00,66986.2,0,0
2024-03-25 09:00:00,67101.9,0,0
2024-03-25 10:00:00,67058.0,0,0
2024-03-25 11:00:00,66855.9,0,0
2024-03-25 12:00:00,67125.2,0,0
2024-03-25 13:00:00,68046.6,0,0
2024-03-25 14:00:00,69434.7,0,0
2024-03-25 15:00:00,69844.6,0,0
2024-03-25 16:00:00,70214.7,0,0
2024-03-25 17:00:00,70605.8,0,0
2024-03-25 18:00:00,70900.0,0,0
2024-03-25 19:00:00,71019.6,0,1
2024-03-25 20:00:00,70950.0,0,0
2024-03-25 21:00:00,69904.6,1,0
2024-03-25 22:00:00,70365.0,0,0
2024-03-25 23:00:00,69920.5,0,0
2024-03-26 00:00:00,69951.6,0,0
2024-03-26 01:00:00,70332.0,0,0
2024-03-26 02:00:00,70588.3,0,0
2024-03-26 03:00:00,70473.8,0,0
2024-03-26 04:00:00,70636.8,0,0
2024-03-26 05:00:00,70344.1,0,0
2024-03-26 06:00:00,70656.7,0,0
2024-03-26 07:00:00,70535.0,0,0
2024-03-26 08:00:00,70749.5,0,0
2024-03-26 09:00:00,71191.4,0,1
2024-03-26 10:00:00,70934.7,0,0
2024-03-26 11:00:00,70734.2,0,0
2024-03-26 12:00:00,71168.1,0,0
2024-03-26 13:00:00,70459.4,0,0
2024-03-26 14:00:00,70377.6,0,0
2024-03-26 15:00:00,70307.1,0,0
2024-03-26 16:00:00,69799.4,0,0
2024-03-26 17:00:00,70125.4,0,0
2024-03-26 18:00:00,69982.5,0,0
2024-03-26 19:00:00,69523.3,1,0
2024-03-26 20:00:00,69889.3,0,0
2024-03-26 21:00:00,70054.4,0,0
2024-03-26 22:00:00,70304.5,0,0
2024-03-26 23:00:00,70044.1,0,0
2024-03-27 00:00:00,70665.0,0,1
2024-03-27 01:00:00,70387.9,0,0
2024-03-27 02:00:00,70647.0,0,0
2024-03-27 03:00:00,70445.1,0,0
2024-03-27 04:00:00,70256.6,0,0
2024-03-27 05:00:00,70529.9,0,0
2024-03-27 06:00:00,70371.0,0,0
2024-03-27 07:00:00,69798.8,0,0
2024-03-27 08:00:00,69604.0,0,0
2024-03-27 09:00:00,70116.4,0,0
2024-03-27 10:00:00,70185.3,0,0
2024-03-27 11:00:00,70290.3,0,0
2024-03-27 12:00:00,70255.3,0,0
2024-03-27 13:00:00,69966.2,0,0
2024-03-27 14:00:00,70127.8,0,0
2024-03-27 15:00:00,68922.0,0,0
2024-03-27 16:00:00,69304.9,0,0
2024-03-27 17:00:00,68732.2,0,0
2024-03-27 18:00:00,68531.5,1,0
2024-03-27 19:00:00,68707.8,0,0
2024-03-27 20:00:00,68956.7,0,0
2024-03-27 21:00:00,68982.8,0,0
2024-03-27 22:00:00,69484.8,0,0
2024-03-27 23:00:00,69532.6,0,0
2024-03-28 00:00:00,69747.1,0,0
2024-03-28 01:00:00,69506.1,0,0
2024-03-28 02:00:00,69208.2,0,0
2024-03-28 03:00:00,69349.3,0,0
2024-03-28 04:00:00,69781.0,0,0
2024-03-28 05:00:00,69758.0,0,0
2024-03-28 06:00:00,70420.0,0,0
2024-03-28 07:00:00,70456.8,0,0
2024-03-28 08:00:00,70624.9,0,0
2024-03-28 09:00:00,70622.9,0,0
2024-03-28 10:00:00,70864.4,0,0
2024-03-28 11:00:00,70707.7,0,0
2024-03-28 12:00:00,70902.8,0,0
2024-03-28 13:00:00,70924.5,0,0
2024-03-28 14:00:00,71598.5,0,1
2024-03-28 15:00:00,71335.1,0,0
2024-03-28 16:00:00,70749.1,0,0
2024-03-28 17:00:00,70848.0,0,0
2024-03-28 18:00:00,70610.4,0,0
2024-03-28 19:00:00,70837.1,0,0
2024-03-28 20:00:00,70726.1,0,0
2024-03-28 21:00:00,70829.0,0,0
2024-03-28 22:00:00,70907.6,0,0
2024-03-28 23:00:00,70838.7,0,0
2024-03-29 00:00:00,70793.7,0,0
2024-03-29 01:00:00,70840.8,0,0
2024-03-29 02:00:00,70675.7,0,0
2024-03-29 03:00:00,70491.8,0,0
2024-03-29 04:00:00,70427.0,0,0
2024-03-29 05:00:00,70237.1,0,0
2024-03-29 06:00:00,70490.1,0,0
2024-03-29 07:00:00,69855.6,0,0
2024-03-29 08:00:00,69998.9,0,0
2024-03-29 09:00:00,69802.3,0,0
2024-03-29 10:00:00,70159.6,0,0
2024-03-29 11:00:00,70182.9,0,0
2024-03-29 12:00:00,70200.1,0,0
2024-03-29 13:00:00,70497.8,0,0
2024-03-29 14:00:00,70121.3,0,0
2024-03-29 15:00:00,69240.1,0,0
2024-03-29 16:00:00,69239.2,1,0
2024-03-29 17:00:00,69465.3,0,0
2024-03-29 18:00:00,69565.6,0,0
2024-03-29 19:00:00,69720.6,0,0
2024-03-29 20:00:00,69667.6,0,0
2024-03-29 21:00:00,69475.2,0,0
2024-03-29 22:00:00,69851.5,0,0
2024-03-29 23:00:00,69903.6,0,0
2024-03-30 00:00:00,69985.0,0,0
2024-03-30 01:00:00,70038.0,0,0
2024-03-30 02:00:00,69990.3,0,0
2024-03-30 03:00:00,69836.8,0,0
2024-03-30 04:00:00,70136.0,0,0
2024-03-30 05:00:00,70075.1,0,0
2024-03-30 06:00:00,70014.3,0,0
2024-03-30 07:00:00,69900.1,0,0
2024-03-30 08:00:00,70027.9,0,0
2024-03-30 09:00:00,70075.2,0,0
2024-03-30 10:00:00,70096.0,0,0
2024-03-30 11:00:00,70237.1,0,0
2024-03-30 12:00:00,70280.0,0,0
2024-03-30 13:00:00,70213.4,0,0
2024-03-30 14:00:00,70090.1,0,0
2024-03-30 15:00:00,70064.9,0,0
2024-03-30 16:00:00,70240.1,0,0
2024-03-30 17:00:00,70100.0,0,0
2024-03-30 18:00:00,69979.8,0,0
2024-03-30 19:00:00,69944.7,0,0
2024-03-30 20:00:00,69859.8,0,0
2024-03-30 21:00:00,69775.1,0,0
2024-03-30 22:00:00,69780.1,0,0
2024-03-30 23:00:00,69642.1,0,0
2024-03-31 00:00:00,69923.6,0,0
2024-03-31 01:00:00,70095.9,0,0
2024-03-31 02:00:00,70060.8,0,0
2024-03-31 03:00:00,69980.8,0,0
2024-03-31 04:00:00,70172.4,0,0
2024-03-31 05:00:00,70428.6,0,0
2024-03-31 06:00:00,70291.7,0,0
2024-03-31 07:00:00,70366.5,0,0
2024-03-31 08:00:00,70342.1,0,0
2024-03-31 09:00:00,70291.7,0,0
2024-03-31 10:00:00,70325.0,0,0
2024-03-31 11:00:00,70442.6,0,0
2024-03-31 12:00:00,70574.7,0,0
2024-03-31 13:00:00,70657.5,0,0
2024-03-31 14:00:00,70601.6,0,0
2024-03-31 15:00:00,70446.2,0,0
2024-03-31 16:00:00,70544.7,0,0
2024-03-31 17:00:00,70573.3,0,0
2024-03-31 18:00:00,70974.9,0,0
2024-03-31 19:00:00,71135.1,0,0
2024-03-31 20:00:00,70935.4,0,0
2024-03-31 21:00:00,70929.9,0,0
2024-03-31 22:00:00,71043.3,0,0
2024-03-31 23:00:00,71363.0,0,1
2024-04-01 00:00:00,71234.1,0,0
2024-04-01 01:00:00,70885.1,0,0
2024-04-01 02:00:00,70930.1,0,0
2024-04-01 03:00:00,70650.1,0,0
2024-04-01 04:00:00,70512.8,0,0
2024-04-01 05:00:00,69212.2,0,0
2024-04-01 06:00:00,69651.7,0,0
2024-04-01 07:00:00,69637.0,0,0
2024-04-01 08:00:00,69450.0,0,0
2024-04-01 09:00:00,69448.4,0,0
2024-04-01 10:00:00,69610.1,0,0
2024-04-01 11:00:00,69520.4,0,0
2024-04-01 12:00:00,69892.1,0,0
2024-04-01 13:00:00,69932.2,0,0
2024-04-01 14:00:00,68950.1,0,0
2024-04-01 15:00:00,68281.0,1,0
2024-04-01 16:00:00,68621.6,0,0
2024-04-01 17:00:00,68784.8,0,0
2024-04-01 18:00:00,68960.9,0,0
2024-04-01 19:00:00,69682.1,0,0
2024-04-01 20:00:00,69769.0,0,1
2024-04-01 21:00:00,69629.1,0,0
2024-04-01 22:00:00,69756.0,0,0
2024-04-01 23:00:00,69700.0,0,0
2024-04-02 00:00:00,69404.3,0,0
2024-04-02 01:00:00,69437.3,0,0
2024-04-02 02:00:00,67025.7,0,0
2024-04-02 03:00:00,66734.1,0,0
2024-04-02 04:00:00,66633.4,0,0
2024-04-02 05:00:00,66794.0,0,0
2024-04-02 06:00:00,66900.1,0,0
2024-04-02 07:00:00,66503.3,0,0
2024-04-02 08:00:00,66283.8,0,0
2024-04-02 09:00:00,66120.3,0,0
2024-04-02 10:00:00,66036.5,0,0
2024-04-02 11:00:00,65684.2,0,0
2024-04-02 12:00:00,65400.0,0,0
2024-04-02 13:00:00,65268.8,0,0
2024-04-02 14:00:00,65741.9,0,0
2024-04-02 15:00:00,64928.3,1,0
2024-04-02 16:00:00,65581.8,0,0
2024-04-02 17:00:00,65650.3,0,0
2024-04-02 18:00:00,65871.1,0,0
2024-04-02 19:00:00,65946.8,0,0
2024-04-02 20:00:00,65678.0,0,0
2024-04-02 21:00:00,65722.9,0,0
2024-04-02 22:00:00,65852.8,0,0
2024-04-02 23:00:00,65505.3,0,0
2024-04-03 00:00:00,65433.9,0,0
2024-04-03 01:00:00,65829.9,0,0
2024-04-03 02:00:00,65948.4,0,0
2024-04-03 03:00:00,66252.2,0,0
2024-04-03 04:00:00,66357.3,0,0
2024-04-03 05:00:00,66112.7,0,0
2024-04-03 06:00:00,66381.7,0,0
2024-04-03 07:00:00,66181.1,0,0
2024-04-03 08:00:00,66544.5,0,0
2024-04-03 09:00:00,66511.6,0,0
2024-04-03 10:00:00,66230.1,0,0
2024-04-03 11:00:00,66094.3,0,0
2024-04-03 12:00:00,65950.0,0,0
2024-04-03 13:00:00,65843.1,0,0
2024-04-03 14:00:00,66662.4,0,1
2024-04-03 15:00:00,65873.9,0,0
2024-04-03 16:00:00,66219.7,0,0
2024-04-03 17:00:00,65980.7,0,0
2024-04-03 18:00:00,66026.4,0,0
2024-04-03 19:00:00,65798.8,0,0
2024-04-03 20:00:00,65729.3,0,0
2024-04-03 21:00:00,65944.7,0,0
2024-04-03 22:00:00,66157.5,0,0
2024-04-03 23:00:00,65971.9,0,0
2024-04-04 00:00:00,66297.5,0,0
2024-04-04 01:00:00,66150.0,0,0
2024-04-04 02:00:00,65751.0,0,0
2024-04-04 03:00:00,65637.2,0,0
2024-04-04 04:00:00,65506.5,1,0
2024-04-04 05:00:00,65606.1,0,0
2024-04-04 06:00:00,65788.3,0,0
2024-04-04 07:00:00,66104.8,0,0
2024-04-04 08:00:00,66236.6,0,0
2024-04-04 09:00:00,66291.8,0,0
2024-04-04 10:00:00,66300.0,0,0
2024-04-04 11:00:00,66361.5,0,0
2024-04-04 12:00:00,66714.9,0,0
2024-04-04 13:00:00,67231.5,0,0
2024-04-04 14:00:00,67684.0,0,0
2024-04-04 15:00:00,67631.8,0,0
2024-04-04 16:00:00,67796.6,0,0
2024-04-04 17:00:00,68847.4,0,1
2024-04-04 18:00:00,68586.5,0,0
2024-04-04 19:00:00,68484.0,0,0
2024-04-04 20:00:00,67945.3,0,0
2024-04-04 21:00:00,67808.4,0,0
2024-04-04 22:00:00,67939.9,0,0
2024-04-04 23:00:00,68489.9,0,0
2024-04-05 00:00:00,68601.7,0,0
2024-04-05 01:00:00,68165.6,0,0
2024-04-05 02:00:00,67621.5,0,0
2024-04-05 03:00:00,67885.4,0,0
2024-04-05 04:00:00,67672.5,0,0
2024-04-05 05:00:00,66907.4,0,0
2024-04-05 06:00:00,67163.9,0,0
2024-04-05 07:00:00,66937.4,0,0
2024-04-05 08:00:00,67169.3,0,0
2024-04-05 09:00:00,66817.4,0,0
2024-04-05 10:00:00,67056.5,0,0
2024-04-05 11:00:00,66502.8,1,0
2024-04-05 12:00:00,66895.0,0,0
2024-04-05 13:00:00,67491.7,0,0
2024-04-05 14:00:00,68129.1,0,0
2024-04-05 15:00:00,68201.5,0,0
2024-04-05 16:00:00,67951.5,0,0
2024-04-05 17:00:00,67455.8,0,0
2024-04-05 18:00:00,67630.1,0,0
2024-04-05 19:00:00,67400.0,0,0
2024-04-05 20:00:00,67633.0,0,0
2024-04-05 21:00:00,67493.6,0,0
2024-04-05 22:00:00,67630.5,0,0
2024-04-05 23:00:00,67825.7,0,0
2024-04-06 00:00:00,67905.6,0,0
2024-04-06 01:00:00,67699.9,0,0
2024-04-06 02:00:00,67573.6,0,0
2024-04-06 03:00:00,67793.3,0,0
2024-04-06 04:00:00,67747.5,0,0
2024-04-06 05:00:00,68028.5,0,0
2024-04-06 06:00:00,68110.6,0,0
2024-04-06 07:00:00,67985.1,0,0
2024-04-06 08:00:00,68006.6,0,0
2024-04-06 09:00:00,67795.0,0,0
2024-04-06 10:00:00,67839.3,0,0
2024-04-06 11:00:00,67655.0,0,0
2024-04-06 12:00:00,67733.4,0,0
2024-04-06 13:00:00,67688.1,0,0
2024-04-06 14:00:00,67981.9,0,0
2024-04-06 15:00:00,68094.0,0,0
2024-04-06 16:00:00,68129.8,0,0
2024-04-06 17:00:00,68290.0,0,0
2024-04-06 18:00:00,68294.5,0,0
2024-04-06 19:00:00,68259.5,0,0
2024-04-06 20:00:00,68387.4,0,0
2024-04-06 21:00:00,68305.6,0,0
2024-04-06 22:00:00,69040.6,0,0
2024-04-06 23:00:00,68901.6,0,0
2024-04-07 00:00:00,69010.0,0,0
2024-04-07 01:00:00,69540.4,0,0
2024-04-07 02:00:00,69309.3,0,0
2024-04-07 03:00:00,69402.1,0,0
2024-04-07 04:00:00,69298.2,0,0
2024-04-07 05:00:00,69399.9,0,0
2024-04-07 06:00:00,69248.0,0,0
2024-04-07 07:00:00,69367.4,0,0
2024-04-07 08:00:00,69498.4,0,0
2024-04-07 09:00:00,69309.4,0,0
2024-04-07 10:00:00,69335.0,0,0
2024-04-07 11:00:00,69366.1,0,0
2024-04-07 12:00:00,69334.4,0,0
2024-04-07 13:00:00,69363.2,0,0
2024-04-07 14:00:00,69595.3,0,0
2024-04-07 15:00:00,69567.9,0,0
2024-04-07 16:00:00,70108.0,0,1
2024-04-07 17:00:00,69826.4,0,0
2024-04-07 18:00:00,69421.3,0,0
2024-04-07 19:00:00,69089.9,0,0
2024-04-07 20:00:00,69326.8,0,0
2024-04-07 21:00:00,69049.2,1,0
2024-04-07 22:00:00,69230.0,0,0
2024-04-07 23:00:00,69362.7,0,0
2024-04-08 00:00:00,69350.1,0,0
2024-04-08 01:00:00,69458.1,0,0
2024-04-08 02:00:00,69253.3,0,0
2024-04-08 03:00:00,69484.9,0,0
2024-04-08 04:00:00,69403.8,0,0
2024-04-08 05:00:00,69728.4,0,0
2024-04-08 06:00:00,69800.0,0,0
2024-04-08 07:00:00,70745.4,0,0
2024-04-08 08:00:00,72057.3,0,0
2024-04-08 09:00:00,72263.2,0,0
2024-04-08 10:00:00,72385.4,0,0
2024-04-08 11:00:00,72472.6,0,1
2024-04-08 12:00:00,72242.3,0,0
2024-04-08 13:00:00,71994.7,0,0
2024-04-08 14:00:00,71781.0,0,0
2024-04-08 15:00:00,71815.7,0,0
2024-04-08 16:00:00,71786.0,0,0
2024-04-08 17:00:00,71740.0,0,0
2024-04-08 18:00:00,71949.7,0,0
2024-04-08 19:00:00,71807.2,0,0
2024-04-08 20:00:00,71760.0,0,0
2024-04-08 21:00:00,71742.8,0,0
2024-04-08 22:00:00,71973.1,0,0
2024-04-08 23:00:00,71678.4,0,0
2024-04-09 00:00:00,71470.0,0,0
2024-04-09 01:00:00,71318.6,0,0
2024-04-09 02:00:00,71526.3,0,0
2024-04-09 03:00:00,71339.0,0,0
2024-04-09 04:00:00,71260.0,0,0
2024-04-09 05:00:00,71110.5,0,0
2024-04-09 06:00:00,70819.0,0,0
2024-04-09 07:00:00,70444.0,0,0
2024-04-09 08:00:00,70544.6,0,0
2024-04-09 09:00:00,70442.6,0,0
2024-04-09 10:00:00,70617.1,0,0
2024-04-09 11:00:00,70858.3,0,0
2024-04-09 12:00:00,70732.4,0,0
2024-04-09 13:00:00,69979.8,0,0
2024-04-09 14:00:00,69416.0,0,0
2024-04-09 15:00:00,69322.8,0,0
2024-04-09 16:00:00,68662.7,0,0
2024-04-09 17:00:00,68878.3,0,0
2024-04-09 18:00:00,68923.7,0,0
2024-04-09 19:00:00,69049.7,0,0
2024-04-09 20:00:00,69220.2,0,0
2024-04-09 21:00:00,69257.6,0,0
2024-04-09 22:00:00,69367.5,0,0
2024-04-09 23:00:00,69189.3,0,0
2024-04-10 00:00:00,69182.9,0,0
2024-04-10 01:00:00,69326.5,0,0
2024-04-10 02:00:00,68703.0,0,0
2024-04-10 03:00:00,69193.1,0,0
2024-04-10 04:00:00,69176.4,0,0
2024-04-10 05:00:00,69300.1,0,0
2024-04-10 06:00:00,69412.3,0,0
2024-04-10 07:00:00,69381.6,0,0
2024-04-10 08:00:00,69066.0,0,0
2024-04-10 09:00:00,69184.2,0,0
2024-04-10 10:00:00,68975.9,0,0
2024-04-10 11:00:00,69094.7,0,0
2024-04-10 12:00:00,68013.6,1,0
2024-04-10 13:00:00,68300.0,0,0
2024-04-10 14:00:00,68742.7,0,0
2024-04-10 15:00:00,68687.9,0,0
2024-04-10 16:00:00,69542.0,0,0
2024-04-10 17:00:00,69395.6,0,0
2024-04-10 18:00:00,69356.1,0,0
2024-04-10 19:00:00,70121.0,0,0
2024-04-10 20:00:00,69853.0,0,0
2024-04-10 21:00:00,70050.0,0,0
2024-04-10 22:00:00,70584.4,0,0
2024-04-10 23:00:00,70681.7,0,0
2024-04-11 00:00:00,70572.0,0,0
2024-04-11 01:00:00,70610.2,0,0
2024-04-11 02:00:00,71040.0,0,0
2024-04-11 03:00:00,70900.5,0,0
2024-04-11 04:00:00,70654.2,0,0
2024-04-11 05:00:00,70639.1,0,0
2024-04-11 06:00:00,70763.2,0,0
2024-04-11 07:00:00,70789.1,0,0
2024-04-11 08:00:00,71099.8,0,1
2024-04-11 09:00:00,70661.9,0,0
2024-04-11 10:00:00,70521.7,0,0
2024-04-11 11:00:00,70043.3,1,0
2024-04-11 12:00:00,70906.6,0,1
2024-04-11 13:00:00,70322.8,0,0
2024-04-11 14:00:00,69630.7,1,0
2024-04-11 15:00:00,70045.9,0,0
2024-04-11 16:00:00,70062.0,0,0
2024-04-11 17:00:00,70244.7,0,0
2024-04-11 18:00:00,70151.2,0,0
2024-04-11 19:00:00,70491.4,0,0
2024-04-11 20:00:00,70547.4,0,0
2024-04-11 21:00:00,70172.4,0,0
2024-04-11 22:00:00,70201.5,0,0
2024-04-11 23:00:00,70055.7,0,0
2024-04-12 00:00:00,70342.0,0,0
2024-04-12 01:00:00,70330.1,0,0
2024-04-12 02:00:00,70681.0,0,0
2024-04-12 03:00:00,71034.3,0,0
2024-04-12 04:00:00,71162.8,0,1
2024-04-12 05:00:00,71009.8,0,0
2024-04-12 06:00:00,70928.7,0,0
2024-04-12 07:00:00,70825.9,0,0
2024-04-12 08:00:00,70828.2,0,0
2024-04-12 09:00:00,70711.6,0,0
2024-04-12 10:00:00,70833.1,0,0
2024-04-12 11:00:00,70950.9,0,0
2024-04-12 12:00:00,70584.9,0,0
2024-04-12 13:00:00,69934.4,0,0
2024-04-12 14:00:00,69289.7,0,0
2024-04-12 15:00:00,69374.1,0,0
2024-04-12 16:00:00,68884.5,0,0
2024-04-12 17:00:00,68191.3,0,0
2024-04-12 18:00:00,66522.6,0,0
2024-04-12 19:00:00,66867.5,0,0
2024-04-12 20:00:00,67161.5,0,0
2024-04-12 21:00:00,66985.2,0,0
2024-04-12 22:00:00,67087.9,0,0
2024-04-12 23:00:00,67136.4,0,0
2024-04-13 00:00:00,66957.5,0,0
2024-04-13 01:00:00,65928.3,1,0
2024-04-13 02:00:00,66567.0,0,0
2024-04-13 03:00:00,67188.4,0,0
2024-04-13 04:00:00,67615.9,0,0
2024-04-13 05:00:00,67375.7,0,0
2024-04-13 06:00:00,67496.9,0,0
2024-04-13 07:00:00,67466.1,0,0
2024-04-13 08:00:00,67209.2,0,0
2024-04-13 09:00:00,67408.6,0,0
2024-04-13 10:00:00,67446.7,0,0
2024-04-13 11:00:00,67377.0,0,0
2024-04-13 12:00:00,67532.3,0,0
2024-04-13 13:00:00,67563.3,0,0
2024-04-13 14:00:00,67580.0,0,0
2024-04-13 15:00:00,67683.2,0,1
2024-04-13 16:00:00,67450.5,0,0
2024-04-13 17:00:00,66755.5,0,0
2024-04-13 18:00:00,67181.6,0,0
2024-04-13 19:00:00,64779.1,0,0
2024-04-13 20:00:00,61828.3,1,0
2024-04-13 21:00:00,62922.4,0,0
2024-04-13 22:00:00,64288.5,0,1
2024-04-13 23:00:00,63939.7,0,0
2024-04-14 00:00:00,63682.7,0,0
2024-04-14 01:00:00,63738.0,0,0
2024-04-14 02:00:00,63085.1,1,0
2024-04-14 03:00:00,63428.7,0,0
2024-04-14 04:00:00,63954.1,0,0
2024-04-14 05:00:00,64370.2,0,0
2024-04-14 06:00:00,64633.7,0,1
2024-04-14 07:00:00,64449.9,0,0
2024-04-14 08:00:00,64512.0,0,0
2024-04-14 09:00:00,64119.2,0,0
2024-04-14 10:00:00,64443.6,0,0
2024-04-14 11:00:00,64150.2,0,0
2024-04-14 12:00:00,64500.1,0,0
2024-04-14 13:00:00,64357.4,0,0
2024-04-14 14:00:00,63900.0,0,0
2024-04-14 15:00:00,64163.3,0,0
2024-04-14 16:00:00,64398.6,0,0
2024-04-14 17:00:00,63849.8,0,0
2024-04-14 18:00:00,64380.0,0,0
2024-04-14 19:00:00,64146.0,0,0
2024-04-14 20:00:00,63825.0,0,0
2024-04-14 21:00:00,63652.7,1,0
2024-04-14 22:00:00,65298.9,0,0
2024-04-14 23:00:00,65615.9,0,0
2024-04-15 00:00:00,65454.0,0,0
2024-04-15 01:00:00,65255.9,0,0
2024-04-15 02:00:00,65102.4,0,0
2024-04-15 03:00:00,65107.9,0,0
2024-04-15 04:00:00,64874.4,0,0
2024-04-15 05:00:00,65428.1,0,0
2024-04-15 06:00:00,66428.7,0,0
2024-04-15 07:00:00,66224.8,0,0
2024-04-15 08:00:00,66259.5,0,0
2024-04-15 09:00:00,66557.3,0,1
2024-04-15 10:00:00,66437.4,0,0
2024-04-15 11:00:00,65848.6,0,0
2024-04-15 12:00:00,66001.3,0,0
2024-04-15 13:00:00,65842.5,0,0
2024-04-15 14:00:00,64221.3,0,0
2024-04-15 15:00:00,64552.8,0,0
2024-04-15 16:00:00,64134.4,0,0
2024-04-15 17:00:00,63887.7,0,0
2024-04-15 18:00:00,63149.6,0,0
2024-04-15 19:00:00,63269.9,0,0
2024-04-15 20:00:00,63091.6,0,0
2024-04-15 21:00:00,63238.5,0,0
2024-04-15 22:00:00,63430.9,0,0
2024-04-15 23:00:00,63392.7,0,0
2024-04-16 00:00:00,63238.0,0,0
2024-04-16 01:00:00,63113.1,0,0
2024-04-16 02:00:00,63369.5,0,0
2024-04-16 03:00:00,62937.6,0,0
2024-04-16 04:00:00,62464.4,1,0
2024-04-16 05:00:00,62682.8,0,0
2024-04-16 06:00:00,63172.3,0,0
2024-04-16 07:00:00,63487.9,0,1
2024-04-16 08:00:00,63265.6,0,0
2024-04-16 09:00:00,63220.0,0,0
2024-04-16 10:00:00,62534.2,0,0
2024-04-16 11:00:00,63064.6,0,0
2024-04-16 12:00:00,63017.3,0,0
2024-04-16 13:00:00,62665.0,0,0
2024-04-16 14:00:00,62064.9,0,0
2024-04-16 15:00:00,61749.2,1,0
2024-04-16 16:00:00,62721.9,0,0
2024-04-16 17:00:00,62472.3,0,0
2024-04-16 18:00:00,62979.4,0,0
2024-04-16 19:00:00,62691.0,0,0
2024-04-16 20:00:00,62998.0,0,0
2024-04-16 21:00:00,63977.3,0,0
2024-04-16 22:00:00,63751.6,0,0
2024-04-16 23:00:00,63765.0,0,0
2024-04-17 00:00:00,63991.9,0,0
2024-04-17 01:00:00,63993.1,0,0
2024-04-17 02:00:00,63825.3,0,0
2024-04-17 03:00:00,63806.0,0,0
2024-04-17 04:00:00,64060.4,0,1
2024-04-17 05:00:00,63893.1,0,0
2024-04-17 06:00:00,63853.5,0,0
2024-04-17 07:00:00,63260.8,0,0
2024-04-17 08:00:00,63304.2,0,0
2024-04-17 09:00:00,63302.2,0,0
2024-04-17 10:00:00,62878.0,0,0
2024-04-17 11:00:00,62576.9,0,0
2024-04-17 12:00:00,62286.4,0,0
2024-04-17 13:00:00,62606.6,0,0
2024-04-17 14:00:00,61263.2,0,0
2024-04-17 15:00:00,60272.0,0,0
2024-04-17 16:00:00,60165.9,1,0
2024-04-17 17:00:00,61242.7,0,0
2024-04-17 18:00:00,61419.4,0,0
2024-04-17 19:00:00,60997.2,0,0
2024-04-17 20:00:00,60814.7,0,0
2024-04-17 21:00:00,61282.7,0,0
2024-04-17 22:00:00,61660.8,0,1
2024-04-17 23:00:00,61254.5,0,0
2024-04-18 00:00:00,61495.6,0,0
