index,datetime,percentage_change,duration,trend,volatility
0,2023-04-18 00:13:00,,,,
1,2023-04-18 01:15:00,-0.00995013044896177,3720.00m,-4.724193548387062,
2,2023-04-18 12:22:00,0.04458909068450001,40020.00m,1.9482758620689655,
3,2023-04-18 18:02:00,-0.015550168509430662,20400.00m,-1.3923529411764748,
4,2023-04-18 20:54:00,0.015011678345011726,10320.00m,2.615697674418613,
5,2023-04-19 09:08:00,-0.04470428896873433,44040.00m,-1.8527247956403288,
6,2023-04-19 14:39:00,0.014260151410874104,19860.00m,1.2519637462235693,
7,2023-04-19 21:43:00,-0.021242162690334736,25440.00m,-1.4766509433962318,
8,2023-04-19 22:09:00,0.012628127134007872,1560.00m,14.011538461538434,
9,2023-04-19 23:25:00,-0.019406009735525007,4560.00m,-7.45921052631576,
10,2023-04-20 01:41:00,0.01145372603916115,8160.00m,2.4124999999999894,
11,2023-04-20 03:05:00,-0.012618296529968404,5040.00m,-4.352380952380935,
12,2023-04-20 06:17:00,0.015069106060500085,11520.00m,2.2453124999999923,
13,2023-04-20 12:17:00,-0.02342687323730253,21600.00m,-1.8897222222222203,
14,2023-04-20 12:53:00,0.02013470150569484,2160.00m,15.86111111111111,
15,2023-04-20 16:03:00,-0.019208434151399955,11400.00m,-2.924736842105267,
16,2023-04-20 16:22:00,0.00865572014111369,1140.00m,12.926315789473799,
17,2023-04-20 19:28:00,-0.021016844922588828,11160.00m,-3.2338709677419355,
18,2023-04-20 22:09:00,0.01162093481426486,9660.00m,2.022360248447196,
19,2023-04-21 00:35:00,-0.00926827547276322,8760.00m,-1.7993150684931556,
20,2023-04-21 00:48:00,0.009853532421932059,780.00m,21.284615384615442,
21,2023-04-21 06:51:00,-0.018333450878059154,21780.00m,-1.4322314049586817,
22,2023-04-21 08:02:00,0.013592881698104449,4260.00m,5.329577464788753,
23,2023-04-21 11:20:00,-0.01042652348803008,11880.00m,-1.4858585858585895,
24,2023-04-21 13:40:00,0.013272545599753681,8400.00m,2.647142857142873,
25,2023-04-22 01:17:00,-0.0401655539022158,41820.00m,-1.630416068866573,
26,2023-04-22 23:07:00,0.025920129619059946,78600.00m,0.5373282442748103,
27,2023-04-23 00:34:00,-0.01476288926217868,5220.00m,-4.727586206896585,
28,2023-04-23 08:12:00,0.011140620275346111,27480.00m,0.6676855895196571,
29,2023-04-23 10:33:00,-0.010124338405110449,8460.00m,-1.9929078014184398,
30,2023-04-23 12:31:00,0.008801080298028284,7080.00m,2.0491525423728754,
31,2023-04-23 15:19:00,-0.013555493817583562,10080.00m,-2.236309523809528,
32,2023-04-23 16:48:00,0.011876371616678885,5340.00m,3.648314606741581,
33,2023-04-23 18:50:00,-0.010280248836965572,7320.00m,-2.3311475409836184,
34,2023-04-24 01:18:00,0.021351117409232265,23280.00m,1.5067010309278408,
35,2023-04-24 08:59:00,-0.028285457841794533,27660.00m,-1.7158351409978307,
36,2023-04-24 13:52:00,0.018753289001578667,17580.00m,1.7392491467576743,
37,2023-04-24 17:02:00,-0.024075712969819568,11400.00m,-3.5078947368421054,
38,2023-04-24 18:22:00,0.01914350223933082,4800.00m,6.465000000000009,
39,2023-04-24 18:43:00,-0.008687377879146687,1260.00m,-11.390476190476225,
40,2023-04-25 00:21:00,0.009961531416010312,20280.00m,0.8044378698224895,
41,2023-04-25 08:23:00,-0.013458169036054108,28920.00m,-0.7697095435684648,
42,2023-04-25 12:18:00,0.009825010387595081,14100.00m,1.1370212765957324,
43,2023-04-25 14:35:00,-0.008881007606570191,8220.00m,-1.7802919708029037,
44,2023-04-25 18:38:00,0.018472254878908977,14580.00m,2.0691358024691326,
45,2023-04-25 19:13:00,-0.008978428684799129,2100.00m,-7.111428571428613,
46,2023-04-26 12:57:00,0.0910345028409608,63840.00m,2.350563909774436,
47,2023-04-26 14:23:00,-0.014816124587560545,5160.00m,-5.163953488372076,
48,2023-04-26 16:07:00,0.012096173383000364,6240.00m,3.4346153846153915,
49,2023-04-26 19:47:00,-0.06992625605610434,13200.00m,-9.499545454545462,
50,2023-04-26 19:54:00,0.012504811618394672,420.00m,49.65714285714317,
51,2023-04-26 20:04:00,-0.02994148140515691,600.00m,-84.27000000000007,
52,2023-04-26 20:16:00,0.022554958941037692,720.00m,51.316666666666606,
53,2023-04-26 20:29:00,-0.013704420087398759,780.00m,-29.43076923076912,
54,2023-04-26 20:59:00,0.03159205967590802,1800.00m,28.996666666666595,
55,2023-04-26 21:18:00,-0.010230485155939158,1140.00m,-15.294736842105186,
56,2023-04-26 22:00:00,0.02042703639021577,2520.00m,13.673809523809506,
57,2023-04-26 22:31:00,-0.01637212869043887,1860.00m,-15.15161290322583,
58,2023-04-27 00:26:00,0.04262685467038521,6900.00m,10.460000000000013,
59,2023-04-27 01:24:00,-0.026371243482812348,3480.00m,-13.377586206896577,
60,2023-04-27 02:14:00,0.015296914435721218,3000.00m,8.764000000000015,
61,2023-04-27 03:57:00,-0.00835840396087258,6180.00m,-2.3601941747572672,
62,2023-04-27 05:34:00,0.014153265791535677,5820.00m,4.208247422680382,
63,2023-04-27 06:54:00,-0.019966085006290685,4800.00m,-7.3,
64,2023-04-27 11:12:00,0.014937765126144255,15480.00m,1.659689922480623,
65,2023-04-27 12:38:00,-0.013143693845424036,5160.00m,-4.446511627906951,
66,2023-04-27 15:21:00,0.025871256713361216,9780.00m,4.557055214723921,
67,2023-04-27 15:44:00,-0.017050199971481172,1380.00m,-21.834782608695683,
68,2023-04-27 18:44:00,0.03205305332964908,10800.00m,5.155555555555556,
69,2023-04-27 19:13:00,-0.013386880856760375,1740.00m,-13.793103448275861,
70,2023-04-27 19:34:00,0.010427408412483088,1260.00m,14.638095238095307,
71,2023-04-27 20:18:00,-0.010709226048597729,2640.00m,-7.25,
72,2023-04-27 21:15:00,0.009365964897992426,3420.00m,4.842105263157895,
73,2023-04-27 22:53:00,-0.01502467691397377,5880.00m,-4.560204081632668,
74,2023-04-28 01:00:00,0.009116818841198004,7620.00m,2.1031496062992012,
75,2023-04-28 13:53:00,-0.021190883691982982,46380.00m,-0.8104786545924968,
76,2023-04-28 14:24:00,0.011396739938005706,1860.00m,10.638709677419449,
77,2023-04-28 15:06:00,-0.010222803822617978,2520.00m,-7.123809523809541,
78,2023-04-29 04:25:00,0.015250943259448965,47940.00m,0.5529411764705874,
79,2023-04-29 17:30:00,-0.01191751245303548,47100.00m,-0.4464968152866242,
80,2023-04-30 15:30:00,0.03030626290433588,79200.00m,0.6671969696969702,
81,2023-04-30 15:49:00,-0.011739872481271313,1140.00m,-18.5,
82,2023-04-30 16:03:00,0.008401714138942537,840.00m,17.757142857142753,
83,2023-04-30 20:15:00,-0.02312167787169288,15120.00m,-2.7376984126984043,
84,2023-04-30 21:29:00,0.010796661165984413,4440.00m,4.252702702702663,
85,2023-05-01 05:42:00,-0.03750178192012918,29580.00m,-2.241176470588231,
86,2023-05-01 07:06:00,0.011767526985615924,5040.00m,3.972619047619056,
87,2023-05-01 16:25:00,-0.022843081899105704,33540.00m,-1.172450805008947,
88,2023-05-01 17:05:00,0.012862034527036615,2400.00m,9.014999999999963,
89,2023-05-01 20:57:00,-0.02587633730798755,13920.00m,-3.1672413793103416,
90,2023-05-02 12:44:00,0.019358826974383445,56820.00m,0.5654699049630412,
91,2023-05-02 14:07:00,-0.010125082898007965,4980.00m,-3.4397590361445785,
92,2023-05-02 14:31:00,0.024194068458501396,1440.00m,28.13749999999997,
93,2023-05-02 15:02:00,-0.011260323712443648,1860.00m,-10.383870967741865,
94,2023-05-02 15:42:00,0.015595148804890794,2400.00m,11.019999999999982,
95,2023-05-02 17:22:00,-0.009858566153417405,6000.00m,-2.83,
96,2023-05-02 19:12:00,0.01495619744573052,6600.00m,3.8645454545454414,
97,2023-05-03 02:06:00,-0.01600105379557054,24840.00m,-1.1149758454106244,
98,2023-05-03 08:35:00,0.013034364926989943,23340.00m,0.9511568123393316,
99,2023-05-03 15:06:00,-0.020798775928920366,23460.00m,-1.5296675191815818,
100,2023-05-03 17:42:00,0.02171288141371661,9360.00m,3.9192307692307553,
101,2023-05-03 18:37:00,-0.016204492210581956,3300.00m,-8.476363636363649,
102,2023-05-03 18:40:00,0.010263712036631383,180.00m,96.83333333333333,
103,2023-05-03 19:10:00,-0.011897559286705897,1800.00m,-11.339999999999902,
104,2023-05-03 22:25:00,0.035251770552029986,11700.00m,5.107692307692307,
105,2023-05-03 23:44:00,-0.010762429957025593,4740.00m,-3.9848101265823153,
106,2023-05-04 10:35:00,0.014646571119505477,39060.00m,0.6509984639016942,
107,2023-05-04 13:40:00,-0.023120757249079592,11100.00m,-3.669189189189205,
108,2023-05-04 16:26:00,0.009323537923507989,9960.00m,1.6108433734939847,
109,2023-05-04 18:31:00,-0.008895414111754037,7500.00m,-2.06,
110,2023-05-05 02:01:00,0.02661903102126179,27000.00m,1.6971111111111128,
111,2023-05-05 12:33:00,-0.019596858798724803,37920.00m,-0.9132911392405075,
112,2023-05-05 14:46:00,0.018731494467819902,7980.00m,4.066917293233093,
113,2023-05-05 15:10:00,-0.008753322863339384,1440.00m,-10.729166666666666,
114,2023-05-05 17:02:00,0.016834762807828484,6720.00m,4.383035714285695,
115,2023-05-05 18:52:00,-0.01095754583350189,6600.00m,-2.9536363636363436,
116,2023-05-06 00:38:00,0.01575740215986546,20760.00m,1.3355491329479727,
117,2023-05-06 15:01:00,-0.046233382570162504,51780.00m,-1.5958285052143693,
118,2023-05-06 18:43:00,0.018978698241513818,13320.00m,2.4288288288288324,
119,2023-05-06 21:44:00,-0.010390328151986159,10860.00m,-1.66187845303867,
120,2023-05-07 01:27:00,0.015466400457953399,13380.00m,1.9869955156950605,
121,2023-05-07 11:26:00,-0.012260976272072018,35940.00m,-0.5954924874791331,
122,2023-05-07 14:51:00,0.011257812608750122,12300.00m,1.578048780487805,
123,2023-05-08 00:02:00,-0.024229931415632233,33060.00m,-1.2778584392014494,
124,2023-05-08 00:26:00,0.008908481749250522,1440.00m,10.52499999999994,
125,2023-05-08 08:56:00,-0.03363791440036911,30600.00m,-1.886862745098038,
126,2023-05-08 11:35:00,0.011097727280948273,9540.00m,1.9295597484276683,
127,2023-05-08 14:38:00,-0.008214051895921901,10980.00m,-1.2546448087431614,
128,2023-05-08 15:01:00,0.011882045270087526,1380.00m,14.321739130434846,
129,2023-05-08 18:03:00,-0.025495599228572776,10920.00m,-3.929670329670334,
130,2023-05-08 18:19:00,0.008194112676365472,960.00m,14.0,
131,2023-05-08 20:10:00,-0.010387979985994524,6660.00m,-2.5792792792792727,
132,2023-05-09 01:33:00,0.0167409732203091,19380.00m,1.4136222910216671,
133,2023-05-09 06:36:00,-0.010825430024160712,18180.00m,-0.9907590759075932,
134,2023-05-09 13:12:00,0.013473905245198908,23760.00m,0.9333333333333388,
135,2023-05-09 16:05:00,-0.01662566006244517,10380.00m,-2.6716763005780386,
136,2023-05-09 20:01:00,0.015337513076939932,14160.00m,1.7766949152542342,
137,2023-05-09 22:20:00,-0.00838331982347116,8340.00m,-1.6741007194244657,
138,2023-05-10 01:23:00,0.010357931756089133,10980.00m,1.5579234972677714,
139,2023-05-10 08:07:00,-0.01194538635521885,24240.00m,-0.822277227722774,
140,2023-05-10 13:03:00,0.02947844979747213,17760.00m,2.7364864864864864,
141,2023-05-10 13:19:00,-0.009576600430575885,960.00m,-16.93125000000009,
142,2023-05-10 16:29:00,0.009330116215984747,11400.00m,1.3757894736842182,
143,2023-05-10 17:21:00,-0.05149903459201785,3120.00m,-28.005769230769218,
144,2023-05-10 20:19:00,0.04054522610255053,10680.00m,6.109550561797753,
145,2023-05-10 21:23:00,-0.021193576357786265,3840.00m,-9.2421875,
146,2023-05-10 23:04:00,0.01393957807884205,6060.00m,3.7702970297029634,
147,2023-05-11 17:47:00,-0.034243484351251144,67380.00m,-0.844612644701692,
148,2023-05-11 19:14:00,0.010770012934482678,5220.00m,3.3114942528735467,
149,2023-05-11 19:44:00,-0.010241028467026323,1800.00m,-9.229999999999928,
150,2023-05-11 21:03:00,0.009853744572406417,4740.00m,3.337974683544267,
151,2023-05-11 23:09:00,-0.008133179895726539,7560.00m,-1.7444444444444387,
152,2023-05-12 01:16:00,0.008382670591263696,7620.00m,1.769291338582683,
153,2023-05-12 06:19:00,-0.03378838327783941,18180.00m,-3.0141914191419117,
154,2023-05-12 14:15:00,0.0180344377352422,28560.00m,0.9894957983193278,
155,2023-05-12 19:28:00,-0.027256964686678452,18780.00m,-2.3153354632587884,
156,2023-05-12 22:11:00,0.03881606928817235,9780.00m,6.1588957055214815,
157,2023-05-12 22:54:00,-0.00908925108590871,2580.00m,-5.679069767441877,
158,2023-05-13 01:24:00,0.012771056279040066,9000.00m,2.2666666666666666,
159,2023-05-13 07:13:00,-0.009728254217863911,20940.00m,-0.7515759312320897,
160,2023-05-13 18:49:00,0.01102605204416405,41760.00m,0.4229885057471233,
161,2023-05-14 01:16:00,-0.013172907374753602,23220.00m,-0.9188630490956035,
162,2023-05-14 15:09:00,0.01819499084056581,49980.00m,0.5818727490996407,
163,2023-05-15 00:48:00,-0.014533308263192267,34740.00m,-0.6808290155440427,
164,2023-05-15 06:27:00,0.02881813114251186,20340.00m,2.2722713864306763,
165,2023-05-15 14:19:00,-0.009760000000000053,28320.00m,-0.5686440677966133,
166,2023-05-15 17:12:00,0.014824688964291512,10380.00m,2.3335260115606977,
167,2023-05-16 01:31:00,-0.02755171827336768,29940.00m,-1.5258517034068093,
168,2023-05-16 08:22:00,0.014765255508132399,24660.00m,0.9654501216544994,
169,2023-05-16 19:54:00,-0.013479668655370128,41520.00m,-0.5312138728323731,
170,2023-05-17 01:38:00,0.011210603982440767,20640.00m,0.8767441860465179,
171,2023-05-17 11:44:00,-0.023521670887751065,36360.00m,-1.0559405940594084,
172,2023-05-17 20:08:00,0.03332605553213272,30240.00m,1.7565476190476175,
173,2023-05-18 06:26:00,-0.011151143347383017,37080.00m,-0.4953074433656935,
174,2023-05-18 12:15:00,0.011365310934276451,20940.00m,0.8839541547277937,
175,2023-05-18 17:57:00,-0.03950459885256352,20520.00m,-3.1710526315789473,
176,2023-05-18 21:41:00,0.025087226941747573,13440.00m,2.953125,
177,2023-05-19 15:08:00,-0.011520745851754619,62820.00m,-0.2974212034383968,
178,2023-05-19 15:20:00,0.015480142674816032,720.00m,34.466666666666846,
179,2023-05-19 15:34:00,-0.016099249217704725,840.00m,-31.19999999999995,
180,2023-05-21 00:58:00,0.02088413891792065,120240.00m,0.2781936127744511,
181,2023-05-22 02:05:00,-0.026236221397014575,90420.00m,-0.4744525547445255,
182,2023-05-22 14:00:00,0.018750894963334708,42900.00m,0.6959440559440538,
183,2023-05-22 17:15:00,-0.00976881819863135,11700.00m,-1.3543589743589668,
184,2023-05-23 05:54:00,0.024280095177973096,45540.00m,0.8563899868247694,
185,2023-05-24 15:09:00,-0.04806917351363384,119700.00m,-0.660701754385966,
186,2023-05-24 20:32:00,0.014048301331657935,19380.00m,1.135294117647061,
187,2023-05-25 01:27:00,-0.021949791269196623,17700.00m,-1.9694915254237289,
188,2023-05-25 12:22:00,0.02145354114761386,39300.00m,0.8479389312977121,
189,2023-05-25 15:47:00,-0.0099720540464909,12300.00m,-1.2863414634146375,
190,2023-05-25 19:11:00,0.015271082726640716,12240.00m,1.9598039215686238,
191,2023-05-26 06:02:00,-0.00962753950338606,39060.00m,-0.3930875576036889,
192,2023-05-26 14:34:00,0.02169874753552831,30720.00m,1.1156250000000014,
193,2023-05-27 13:57:00,-0.012407372291813094,84180.00m,-0.2378474697077696,
194,2023-05-28 18:22:00,0.04263673875067767,102300.00m,0.6642228739002932,
195,2023-05-28 19:50:00,-0.00821113522374794,5280.00m,-2.584090909090884,
196,2023-05-29 00:22:00,0.033826415259204726,16320.00m,3.4158088235294066,
197,2023-05-29 17:05:00,-0.030331950499721764,60180.00m,-0.8587238285144558,
198,2023-05-30 03:19:00,0.013710072817737748,36840.00m,0.6148208469055375,
199,2023-05-30 05:12:00,-0.00864144453998283,6780.00m,-2.13451327433629,
200,2023-05-30 10:37:00,0.012551136938577826,19500.00m,1.0686153846153823,
201,2023-05-30 16:17:00,-0.016100306587527296,20400.00m,-1.3267647058823486,
202,2023-05-30 19:46:00,0.010109914027641772,12540.00m,1.3334928229665106,
203,2023-05-31 16:07:00,-0.03554947442513571,73260.00m,-0.810728910728912,
204,2023-06-01 00:16:00,0.01747108632027349,29340.00m,0.9595092024539893,
205,2023-06-01 03:05:00,-0.024962488563586405,10140.00m,-4.036094674556205,
206,2023-06-01 16:56:00,0.018151177236712165,49860.00m,0.5819494584837528,
207,2023-06-01 19:33:00,-0.01606547103385985,9420.00m,-2.7757961783439447,
208,2023-06-01 21:29:00,0.009021869040527198,6960.00m,2.075862068965511,
209,2023-06-02 00:38:00,-0.015257226667656887,11340.00m,-2.1740740740740816,
210,2023-06-02 05:42:00,0.02524075624231735,18240.00m,2.201973684210531,
211,2023-06-02 14:09:00,-0.011393894814269926,30420.00m,-0.6110453648915173,
212,2023-06-03 15:58:00,0.015799733632934305,92940.00m,0.27417688831504244,
213,2023-06-03 21:12:00,-0.013935227743005834,18840.00m,-1.2117834394904459,
214,2023-06-04 22:16:00,0.017396859354340218,90240.00m,0.3114361702127645,
215,2023-06-05 16:03:00,-0.06796311439502353,64020.00m,-1.7447985004686044,
216,2023-06-05 16:17:00,0.015949175711191477,840.00m,29.08571428571434,
217,2023-06-05 17:30:00,-0.014345581630253276,4380.00m,-5.097260273972583,
218,2023-06-05 17:47:00,0.008206147178696844,1020.00m,12.341176470588193,
219,2023-06-05 19:27:00,-0.014168218497827465,6000.00m,-3.6520000000000072,
220,2023-06-05 23:29:00,0.016957356714467922,14520.00m,1.7805785123967002,
221,2023-06-06 12:11:00,-0.016353413281634033,45720.00m,-0.5545931758530213,
222,2023-06-06 12:19:00,0.009532202162940581,480.00m,30.287500000000364,
223,2023-06-06 13:17:00,-0.009060300685075639,3480.00m,-4.008620689655173,
224,2023-06-06 20:06:00,0.06855192320548656,24540.00m,4.262102689486545,
225,2023-06-06 20:23:00,-0.010013948130619222,1020.00m,-16.00588235294109,
226,2023-06-07 00:45:00,0.017706319702602204,15720.00m,1.817938931297707,
227,2023-06-07 03:35:00,-0.024086527397785596,10200.00m,-3.8788235294117515,
228,2023-06-07 05:27:00,0.009061680060186568,6720.00m,2.1616071428571297,
229,2023-06-07 10:02:00,-0.021191438851589424,16500.00m,-2.077454545454543,
230,2023-06-07 11:32:00,0.021229588027755382,5400.00m,6.224444444444453,
231,2023-06-07 15:01:00,-0.02506317746466335,12540.00m,-3.231578947368428,
232,2023-06-07 15:32:00,0.013523646398325217,1860.00m,11.461290322580622,
233,2023-06-07 16:28:00,-0.014255777796137816,3360.00m,-6.778571428571403,
234,2023-06-07 18:14:00,0.0103397566309308,6360.00m,2.5603773584905456,
235,2023-06-07 21:59:00,-0.014242296263895273,13500.00m,-1.6786666666666537,
236,2023-06-08 01:25:00,0.01199989289225332,12360.00m,1.5228155339805685,
237,2023-06-08 03:32:00,-0.008988645126173637,7620.00m,-1.872440944881884,
238,2023-06-08 15:53:00,0.02121459466469348,44460.00m,0.7506072874493936,
239,2023-06-09 02:24:00,-0.016911929483827567,37860.00m,-0.7175911251980971,
240,2023-06-09 13:23:00,0.016522802911721268,39540.00m,0.6599393019726826,
241,2023-06-10 05:51:00,-0.04851603933308661,59280.00m,-1.3138663967611321,
242,2023-06-10 11:53:00,0.010644983895042816,21720.00m,0.7486187845303868,
243,2023-06-10 17:03:00,-0.010039255315014158,18600.00m,-0.8332258064516105,
244,2023-06-10 17:44:00,0.025806122328793448,2460.00m,16.031707317073153,
245,2023-06-10 18:58:00,-0.023170545009185604,4440.00m,-8.1810810810811,
246,2023-06-10 22:42:00,0.01484174809776445,13440.00m,1.6910714285714417,
247,2023-06-11 04:23:00,-0.01002262425969261,20460.00m,-0.7612903225806515,
248,2023-06-11 20:11:00,0.020735673782651794,56880.00m,0.5608649789029544,
249,2023-06-11 22:43:00,-0.01601619959118959,9120.00m,-2.75789473684211,
250,2023-06-12 00:55:00,0.009210112486070315,7920.00m,1.7969696969697024,
251,2023-06-12 02:49:00,-0.012827270453802261,6840.00m,-2.924561403508785,
252,2023-06-12 09:09:00,0.015702643609620412,22800.00m,1.0602631578947406,
253,2023-06-12 17:23:00,-0.015805226200069123,29640.00m,-0.8338056680161974,
254,2023-06-13 12:31:00,0.028375264629168388,68880.00m,0.6339721254355426,
255,2023-06-13 15:58:00,-0.02479442239232055,12420.00m,-3.1594202898550723,
256,2023-06-14 02:00:00,0.01224589762429586,36120.00m,0.5232558139534884,
257,2023-06-14 20:57:00,-0.043809216565084,68220.00m,-1.0032541776605108,
258,2023-06-15 00:58:00,0.011900936651510983,14460.00m,1.2294605809128598,
259,2023-06-15 11:17:00,-0.013690039097386288,37140.00m,-0.5571890145395824,
260,2023-06-15 19:09:00,0.025675490772115936,28320.00m,1.3516949152542372,
261,2023-06-15 20:29:00,-0.010272064535873725,4800.00m,-3.272499999999991,
262,2023-06-15 21:33:00,0.02072959944181922,3840.00m,8.170312500000023,
263,2023-06-16 14:46:00,-0.019046361422573724,61980.00m,-0.47473378509196656,
264,2023-06-16 18:15:00,0.047740653197293426,12540.00m,5.769377990430618,
265,2023-06-17 02:08:00,-0.010837732540783176,28380.00m,-0.6063424947145861,
266,2023-06-17 06:23:00,0.022272055256090433,15300.00m,2.2862745098039214,
267,2023-06-17 16:06:00,-0.014551950163120778,34980.00m,-0.6679245283018831,
268,2023-06-18 20:00:00,0.011475204684128439,100440.00m,0.1807646356033444,
269,2023-06-19 00:54:00,-0.01399943762302002,17640.00m,-1.2700680272108893,
270,2023-06-19 13:34:00,0.009943306044693545,45600.00m,0.34407894736842104,
271,2023-06-19 16:34:00,-0.008234000737935027,10800.00m,-1.2149999999999839,
272,2023-06-19 18:15:00,0.024755237853002196,6060.00m,6.456435643564343,
273,2023-06-19 19:00:00,-0.021589982959176086,2700.00m,-12.951111111111095,
274,2023-06-20 01:14:00,0.027211940388925937,22440.00m,1.9216577540106972,
275,2023-06-20 09:33:00,-0.015403669014629667,29940.00m,-0.8374749498998025,
276,2023-06-20 12:09:00,0.009022162324049116,9360.00m,1.544871794871795,
277,2023-06-20 14:29:00,-0.010907876674210663,8400.00m,-2.1,
278,2023-06-20 18:57:00,0.0535278892681646,16080.00m,5.324626865671642,
279,2023-06-20 19:10:00,-0.010727764722637588,780.00m,-23.17692307692302,
280,2023-06-21 01:11:00,0.04354554844932635,21660.00m,3.3515235457063652,
281,2023-06-21 04:08:00,-0.011071027018824195,10620.00m,-1.8135593220338984,
282,2023-06-21 10:29:00,0.012732966910328741,22860.00m,0.9582677165354387,
283,2023-06-21 11:03:00,-0.008564432980815282,2040.00m,-7.314705882352962,
284,2023-06-21 12:30:00,0.011306009030913512,5220.00m,3.7413793103448274,
285,2023-06-21 13:00:00,-0.00863457608490328,1800.00m,-8.380000000000049,
286,2023-06-21 13:54:00,0.0163143836114759,3240.00m,8.720370370370397,
287,2023-06-21 14:10:00,-0.008856314982103266,960.00m,-16.237499999999955,
288,2023-06-21 16:35:00,0.05745446290997138,8700.00m,11.520689655172413,
289,2023-06-21 17:44:00,-0.028029935893474512,4140.00m,-12.489855072463758,
290,2023-06-21 18:23:00,0.012886537567051106,2340.00m,9.874358974358938,
291,2023-06-21 21:43:00,-0.015097955003468895,12000.00m,-2.285,
292,2023-06-21 23:12:00,0.01187776734200988,5340.00m,3.978651685393242,
293,2023-06-22 00:11:00,-0.009374761735855788,3540.00m,-4.793220338983039,
294,2023-06-22 02:57:00,0.020021215863040537,9960.00m,3.6042168674698747,
295,2023-06-22 11:56:00,-0.02008424754606048,32340.00m,-1.1358070500927588,
296,2023-06-22 13:48:00,0.015273155804937396,6720.00m,4.0732142857142595,
297,2023-06-22 14:54:00,-0.022274909647294696,3960.00m,-10.234848484848484,
298,2023-06-22 16:31:00,0.016586790601043604,5820.00m,5.070103092783535,
299,2023-06-22 16:48:00,-0.00846330191527416,1020.00m,-15.005882352941304,
300,2023-06-22 20:02:00,0.011249113320931004,11640.00m,1.7329896907216533,
301,2023-06-23 02:07:00,-0.013218409820335507,21900.00m,-1.0945205479452054,
302,2023-06-23 12:16:00,0.012345968783006714,36540.00m,0.6045977011494265,
303,2023-06-23 13:49:00,-0.008141310360132065,5580.00m,-2.643010752688164,
304,2023-06-23 15:55:00,0.046153229657482274,7560.00m,10.969047619047606,
305,2023-06-23 16:02:00,-0.008893003064351333,420.00m,-39.79999999999979,
306,2023-06-23 16:08:00,0.010682976160569835,360.00m,55.28333333333285,
307,2023-06-23 16:23:00,-0.01860036773726852,900.00m,-38.91333333333314,
308,2023-06-23 17:58:00,0.014663575496632785,5700.00m,4.7536842105263,
309,2023-06-24 01:32:00,-0.026103235303529735,27240.00m,-1.7966960352422925,
310,2023-06-24 12:40:00,0.011447986251901748,40080.00m,0.521556886227547,
311,2023-06-24 16:03:00,-0.015817839820412825,12180.00m,-2.398522167487692,
312,2023-06-24 18:23:00,0.012741460580693717,8400.00m,2.757142857142857,
313,2023-06-24 21:14:00,-0.009090375739876333,10260.00m,-1.630994152046771,
314,2023-06-25 04:38:00,0.02065660369911091,26640.00m,1.4144144144144144,
315,2023-06-25 20:54:00,-0.023283993825310427,58560.00m,-0.7402663934426229,
316,2023-06-25 22:33:00,0.008040940496380326,5940.00m,2.4616161616161323,
317,2023-06-26 01:20:00,-0.017714583108300427,10020.00m,-3.240718562874234,
318,2023-06-26 07:14:00,0.018290630758516283,21240.00m,1.5505649717514063,
319,2023-06-26 10:09:00,-0.014077777923216904,10500.00m,-2.458285714285718,
320,2023-06-26 13:59:00,0.016681823914818553,13800.00m,2.185217391304357,
321,2023-06-26 17:16:00,-0.022460758964715714,11820.00m,-3.4923857868020303,
322,2023-06-27 02:59:00,0.017703518662000005,34980.00m,0.9092624356775276,
323,2023-06-27 06:33:00,-0.008020135659741407,12840.00m,-1.1420560747663449,
324,2023-06-27 14:08:00,0.025158044123338923,27300.00m,1.6714285714285715,
325,2023-06-27 16:17:00,-0.017505985917765428,7740.00m,-4.205426356589148,
326,2023-06-27 17:58:00,0.009629880217690375,6060.00m,2.902970297029674,
327,2023-06-28 13:04:00,-0.023080601559526483,68760.00m,-0.6191099476439791,
328,2023-06-28 14:42:00,0.014421956271270044,5880.00m,4.419387755102063,
329,2023-06-28 19:31:00,-0.018576207092375563,17340.00m,-1.9581314878892784,
330,2023-06-29 13:17:00,0.030774839620306586,63960.00m,0.8631332082551615,
331,2023-06-29 20:24:00,-0.01712965516793816,25620.00m,-1.236299765807966,
332,2023-06-30 04:51:00,0.03215582700561241,30420.00m,1.921104536489152,
333,2023-06-30 06:35:00,-0.020598771750255887,6240.00m,-6.1923076923076925,
334,2023-06-30 12:31:00,0.015395166557805404,21360.00m,1.3241573033707905,
335,2023-06-30 13:41:00,-0.035028979074599474,4200.00m,-15.558571428571458,
336,2023-06-30 13:44:00,0.009772584101885546,180.00m,97.73333333333358,
337,2023-06-30 13:47:00,-0.022808667953986565,180.00m,-230.33333333333334,
338,2023-06-30 14:14:00,0.022449289803914897,1620.00m,24.61481481481476,
339,2023-06-30 16:08:00,-0.010978192281898018,6840.00m,-2.914912280701748,
340,2023-06-30 17:22:00,0.025042756740867454,4440.00m,10.13108108108109,
341,2023-06-30 18:46:00,-0.012344190442051041,5040.00m,-4.509523809523801,
342,2023-07-01 15:01:00,0.011297459061558542,72900.00m,0.28181069958847554,
343,2023-07-02 15:23:00,-0.013249548941112707,87720.00m,-0.27777017783857627,
344,2023-07-02 16:18:00,0.013278666843010135,3300.00m,7.301818181818155,
345,2023-07-02 18:03:00,-0.009100817083039583,6300.00m,-2.6561904761904556,
346,2023-07-03 19:51:00,0.03284518897344781,92880.00m,0.6443152454780348,
347,2023-07-03 21:25:00,-0.01320299323111451,5640.00m,-4.4053191489361545,
348,2023-07-04 02:03:00,0.011789983844911194,16680.00m,1.3125899280575593,
349,2023-07-05 13:29:00,-0.034999313425877136,127560.00m,-0.51552210724365,
350,2023-07-06 09:00:00,0.041460807640251555,70260.00m,1.069940222032449,
351,2023-07-06 14:40:00,-0.050515064279767895,20400.00m,-4.675882352941175,
352,2023-07-06 16:06:00,0.018974633558664078,5160.00m,6.593023255813954,
353,2023-07-07 00:03:00,-0.02295641893001412,28620.00m,-1.4654088050314464,
354,2023-07-07 05:46:00,0.017781512605042016,20580.00m,1.5422740524781342,
355,2023-07-07 07:55:00,-0.010492420489448156,7740.00m,-2.462790697674424,
356,2023-07-07 16:12:00,0.015466618604666735,29820.00m,0.932394366197186,
357,2023-07-08 19:23:00,-0.012065854388046625,97860.00m,-0.22507664009810066,
358,2023-07-09 14:36:00,0.011813983817736686,69180.00m,0.30797918473547453,
359,2023-07-10 00:17:00,-0.014862212167942998,34860.00m,-0.7779690189328744,
360,2023-07-10 20:07:00,0.03487234944443886,71400.00m,0.8779831932773102,
361,2023-07-10 21:57:00,-0.02627275805905399,6600.00m,-7.405454545454532,
362,2023-07-11 07:06:00,0.014789224567667741,32940.00m,0.8132969034608379,
363,2023-07-11 13:43:00,-0.009570002676467347,23820.00m,-0.7385390428211605,
364,2023-07-11 15:18:00,0.013828013261183308,5700.00m,4.416842105263142,
365,2023-07-11 18:36:00,-0.01168906311964057,11880.00m,-1.8161616161616088,
366,2023-07-12 12:30:00,0.017415357088823254,64440.00m,0.4930167597765363,
367,2023-07-12 13:38:00,-0.014311252776098583,4080.00m,-6.51029411764707,
368,2023-07-12 14:06:00,0.010380112164245187,1680.00m,11.303571428571429,
369,2023-07-12 19:36:00,-0.018930455246287455,19800.00m,-1.7672727272727293,
370,2023-07-13 15:45:00,0.0284440003573284,72540.00m,0.7110835401157988,
371,2023-07-13 16:34:00,-0.010587440483850165,2940.00m,-6.716326530612215,
372,2023-07-13 18:23:00,0.02283538558083425,6540.00m,6.44311926605504,
373,2023-07-13 18:31:00,-0.010983177142275855,480.00m,-43.1875,
374,2023-07-13 19:31:00,0.022621714660401047,3600.00m,11.729999999999988,
375,2023-07-13 21:21:00,-0.023076802187612978,6600.00m,-6.674545454545462,
376,2023-07-14 03:17:00,0.016019278472908193,21360.00m,1.3985955056179815,
377,2023-07-14 07:57:00,-0.015510209251659296,16800.00m,-1.7492857142857117,
378,2023-07-14 15:19:00,0.008173203728601985,26520.00m,0.574886877828051,
379,2023-07-14 19:04:00,-0.04479397642254375,13500.00m,-6.24,
380,2023-07-14 19:14:00,0.009305432622455236,600.00m,27.859999999999854,
381,2023-07-14 20:34:00,-0.008359228409463154,4800.00m,-3.157499999999982,
382,2023-07-15 01:42:00,0.013832574126912616,18480.00m,1.3457792207792207,
383,2023-07-16 02:21:00,-0.010217248189598467,88740.00m,-0.20987153482082585,
384,2023-07-16 15:09:00,0.011353659509936996,46080.00m,0.4445312500000019,
385,2023-07-17 10:24:00,-0.012830883561869084,69300.00m,-0.33783549783549843,
386,2023-07-17 14:02:00,0.009133667323988726,13080.00m,1.257798165137618,
387,2023-07-17 18:48:00,-0.02110909390988612,17160.00m,-2.236013986013986,
388,2023-07-17 21:57:00,0.020444774156564524,11340.00m,3.207936507936504,
389,2023-07-18 13:08:00,-0.017523742804459723,54660.00m,-0.582107574094401,
390,2023-07-18 14:24:00,0.008872744395674597,4560.00m,3.471052631578938,
391,2023-07-18 16:48:00,-0.015035688924598188,8640.00m,-3.1319444444444446,
392,2023-07-19 04:36:00,0.0211614423086687,42480.00m,0.8830508474576282,
393,2023-07-19 15:01:00,-0.013182187308374376,37500.00m,-0.6363200000000012,
394,2023-07-19 19:21:00,0.010540175602415684,15600.00m,1.206923076923074,
395,2023-07-19 23:06:00,-0.008991012311537747,13500.00m,-1.2022222222222223,
396,2023-07-20 10:41:00,0.01957062025617892,41700.00m,0.839568345323741,
397,2023-07-20 18:29:00,-0.026590040330804685,28080.00m,-1.7271367521367507,
398,2023-07-21 18:38:00,0.015146855557395523,86940.00m,0.3093167701863359,
399,2023-07-22 23:31:00,-0.013432761289678246,103980.00m,-0.2328332371609925,
400,2023-07-23 19:10:00,0.023040323941285617,70740.00m,0.57913486005089,
401,2023-07-24 09:50:00,-0.04149377593360996,52800.00m,-1.4295454545454545,
402,2023-07-24 10:29:00,0.010258157316980921,2340.00m,7.6435897435898,
403,2023-07-24 15:10:00,-0.015123697539674158,16860.00m,-1.5800711743772242,
404,2023-07-25 18:40:00,0.015272931012419581,99000.00m,0.26763636363636273,
405,2023-07-26 01:35:00,-0.008567389415952718,24900.00m,-0.6060240963855422,
406,2023-07-26 03:10:00,0.009624106652006546,5700.00m,2.9484210526315637,
407,2023-07-26 11:51:00,-0.008011135273838498,31260.00m,-0.45182341650671365,
408,2023-07-26 20:54:00,0.017218606661703533,32580.00m,0.9243093922651893,
409,2023-07-26 23:44:00,-0.012610200130857313,10200.00m,-2.1994117647058693,
410,2023-07-27 09:55:00,0.009386303784237953,36660.00m,0.4497545008183294,
411,2023-07-27 18:39:00,-0.015735241865895134,31440.00m,-0.8874045801526718,
412,2023-07-28 15:21:00,0.01507228439310338,74520.00m,0.3529790660225454,
413,2023-07-28 17:45:00,-0.011407320600577916,8640.00m,-2.338888888888909,
414,2023-07-30 15:03:00,0.008383553571489776,163080.00m,0.09002943340691712,
415,2023-07-30 20:02:00,-0.013417004158625677,17940.00m,-1.32073578595317,
416,2023-07-31 00:44:00,0.015662289628382193,16920.00m,1.612765957446806,
417,2023-08-01 15:30:00,-0.02815611998901428,139560.00m,-0.3570077386070514,
418,2023-08-02 01:32:00,0.04673386294889105,36120.00m,2.225083056478405,
419,2023-08-02 16:55:00,-0.03523455259351101,55380.00m,-1.1452871072589366,
420,2023-08-03 01:49:00,0.010768810870383895,32040.00m,0.5837078651685407,
421,2023-08-03 08:26:00,-0.009570555502385803,23820.00m,-0.7052896725440806,
422,2023-08-03 15:00:00,0.014573929128532158,23640.00m,1.0718274111675108,
423,2023-08-04 20:50:00,-0.01660617646358515,107400.00m,-0.27273743016759816,
424,2023-08-07 02:52:00,0.010245412566368645,194520.00m,0.09136335595311558,
425,2023-08-07 16:15:00,-0.017348759017622693,48180.00m,-0.6310087173100881,
426,2023-08-08 13:04:00,0.033167247386759635,74940.00m,0.7621297037630115,
427,2023-08-08 13:52:00,-0.010316370957678983,2880.00m,-6.372916666666697,
428,2023-08-08 21:21:00,0.028078784161384856,26940.00m,1.8351893095768375,
429,2023-08-09 02:41:00,-0.016997016904209454,19200.00m,-1.6024999999999978,
430,2023-08-09 13:00:00,0.015621838878923136,37140.00m,0.7484652665589648,
431,2023-08-09 20:05:00,-0.02480038511976893,25500.00m,-1.7576470588235293,
432,2023-08-10 14:02:00,0.011176740939962867,64620.00m,0.3048282265552454,
433,2023-08-14 02:20:00,-0.02022099670727022,303480.00m,-0.1187425860023722,
434,2023-08-14 16:49:00,0.020054155842370712,52140.00m,0.67157652474108,
435,2023-08-16 16:30:00,-0.024554654233816562,171660.00m,-0.2547710590702544,
436,2023-08-16 18:23:00,0.009245093400653997,6780.00m,2.3690265486725406,
437,2023-08-17 00:45:00,-0.02880548597708699,22920.00m,-2.203664921465967,
438,2023-08-17 04:20:00,0.010887258736232374,12900.00m,1.4372093023255814,
439,2023-08-17 16:04:00,-0.0330768051082577,42240.00m,-1.3480113636363635,
440,2023-08-17 16:42:00,0.011621452104766146,2280.00m,8.484210526315827,
441,2023-08-17 21:44:00,-0.11616579129282154,18120.00m,-10.79503311258279,
442,2023-08-17 21:46:00,0.05021347277264646,120.00m,622.75,
443,2023-08-17 21:47:00,-0.009144094343099207,60.00m,-238.1999999999971,
444,2023-08-17 21:48:00,0.015252950246790064,60.00m,393.6999999999971,
445,2023-08-17 21:49:00,-0.010047662477914577,60.00m,-263.2999999999993,
446,2023-08-17 22:01:00,0.017122944437163216,720.00m,37.01666666666673,
447,2023-08-17 22:10:00,-0.013347987569165495,540.00m,-39.13333333333341,
448,2023-08-17 23:07:00,0.03422089744870136,3420.00m,15.629824561403534,
449,2023-08-17 23:35:00,-0.01669842189513726,1680.00m,-16.057142857142935,
450,2023-08-18 00:08:00,0.011837537912982444,1980.00m,9.49696969696974,
451,2023-08-18 04:25:00,-0.023498889448830655,15420.00m,-2.4494163424124515,
452,2023-08-18 06:14:00,0.016556443289116502,6540.00m,3.9733944954128306,
453,2023-08-18 14:54:00,-0.022890256880802838,31200.00m,-1.1705769230769174,
454,2023-08-18 15:17:00,0.009606133146547355,1380.00m,10.852173913043416,
455,2023-08-18 17:22:00,-0.021004078832005488,7500.00m,-4.408,
456,2023-08-18 18:49:00,0.023518417568725178,5220.00m,6.942528735632184,
457,2023-08-18 19:39:00,-0.011260747165791677,3000.00m,-5.92,
458,2023-08-18 20:29:00,0.009284340130819519,3000.00m,4.825999999999985,
459,2023-08-19 07:18:00,-0.016724295021596364,38940.00m,-0.6759630200308178,
460,2023-08-19 16:59:00,0.017349937578995528,34860.00m,0.770223752151463,
461,2023-08-20 15:08:00,-0.009965663240612651,79740.00m,-0.1967644845748683,
462,2023-08-20 20:44:00,0.010447060272686036,20160.00m,0.8077380952380996,
463,2023-08-21 10:53:00,-0.013142857142857144,50940.00m,-0.40636042402826855,
464,2023-08-21 14:08:00,0.0098050569388149,11700.00m,1.3025641025641026,
465,2023-08-21 15:27:00,-0.012462250086012462,4740.00m,-4.1265822784810124,
466,2023-08-21 21:35:00,0.015054387798552296,22080.00m,1.0567934782608734,
467,2023-08-22 16:26:00,-0.01570443026630423,67860.00m,-0.3641025641025667,
468,2023-08-22 16:55:00,0.00901585038415197,1740.00m,8.024137931034508,
469,2023-08-22 17:47:00,-0.011580935997665326,3120.00m,-5.799999999999972,
470,2023-08-22 18:39:00,0.009323574658524078,3120.00m,4.615384615384615,
471,2023-08-22 21:27:00,-0.018290148261050326,10080.00m,-2.8285714285714327,
472,2023-08-23 00:15:00,0.025511644318983798,10080.00m,3.87321428571429,
473,2023-08-23 13:12:00,-0.01352999422710057,46620.00m,-0.4554697554697574,
474,2023-08-23 19:48:00,0.03857333312663739,23760.00m,2.5133838383838363,
475,2023-08-23 21:54:00,-0.021505255969639613,7560.00m,-4.573809523809517,
476,2023-08-24 09:09:00,0.012733679610095472,40500.00m,0.49466666666666886,
477,2023-08-24 17:38:00,-0.02406639629156837,30540.00m,-1.2555992141453876,
478,2023-08-25 00:02:00,0.010043755739564716,23040.00m,0.6778645833333409,
479,2023-08-25 07:58:00,-0.00802616046972721,28560.00m,-0.44138655462185333,
480,2023-08-25 14:16:00,0.010136019840719717,22680.00m,0.6962962962962982,
481,2023-08-25 14:56:00,-0.016500190621425822,2400.00m,-10.819999999999983,
482,2023-08-27 17:01:00,0.014315507109298655,180300.00m,0.1228951747088184,
483,2023-08-28 09:18:00,-0.011201345231498233,58620.00m,-0.2999999999999985,
484,2023-08-28 12:28:00,0.013129314276438236,11400.00m,1.7878947368420899,
485,2023-08-28 19:24:00,-0.011120394001472547,24960.00m,-0.7007211538461539,
486,2023-08-29 01:17:00,0.010153694216406424,21180.00m,0.7456090651558094,
487,2023-08-29 10:39:00,-0.0106130274052121,33720.00m,-0.49448398576512065,
488,2023-08-29 14:45:00,0.06560800404525424,14760.00m,6.909349593495922,
489,2023-08-29 14:53:00,-0.013167141190874646,480.00m,-45.4375,
490,2023-08-29 14:57:00,0.010329220977054795,240.00m,70.35000000000036,
491,2023-08-29 15:20:00,-0.009493360460680458,1380.00m,-11.36086956521736,
492,2023-08-29 16:27:00,0.02867968543677917,4020.00m,11.670149253731312,
493,2023-08-29 16:37:00,-0.01050094312375424,600.00m,-29.45,
494,2023-08-29 17:35:00,0.009452047883649468,3480.00m,4.522413793103499,
495,2023-08-29 22:26:00,-0.017577616026901943,17460.00m,-1.6920962199312766,
496,2023-08-29 23:50:00,0.008749841027597583,5040.00m,2.866666666666658,
497,2023-08-30 15:04:00,-0.025452698540774334,54840.00m,-0.7730853391684885,
498,2023-08-30 15:38:00,0.008349750690268153,2040.00m,6.644117647058759,
499,2023-08-30 16:37:00,-0.008126654105848006,3540.00m,-3.7576271186440184,
500,2023-08-31 11:42:00,0.015207565717749057,68700.00m,0.3593886462882096,
501,2023-08-31 17:00:00,-0.04904187780301709,19080.00m,-4.236477987421385,
502,2023-08-31 17:26:00,0.009792062228210911,1560.00m,9.83846153846151,
503,2023-08-31 19:13:00,-0.013533492550892756,6420.00m,-3.336448598130841,
504,2023-08-31 19:45:00,0.008784874337099322,1920.00m,7.1437499999999545,
505,2023-08-31 21:08:00,-0.020437628092310273,4980.00m,-6.463855421686747,
506,2023-09-01 12:23:00,0.016154561116274786,54900.00m,0.453989071038253,
507,2023-09-01 15:04:00,-0.01976310300618081,9660.00m,-3.207453416149077,
508,2023-09-01 16:33:00,0.012966021293791154,5340.00m,3.731460674157328,
509,2023-09-01 17:41:00,-0.02277107133496752,4080.00m,-8.688235294117636,
510,2023-09-01 18:47:00,0.017988988104628723,3960.00m,6.910606060606039,
511,2023-09-01 19:52:00,-0.009197807094012184,3900.00m,-3.6523076923077147,
512,2023-09-02 15:40:00,0.015590601061271444,71280.00m,0.3356060606060612,
513,2023-09-02 18:28:00,-0.008305161752362206,10080.00m,-1.2839285714285757,
514,2023-09-03 12:49:00,0.011053692135067062,66060.00m,0.2585831062670307,
515,2023-09-03 16:40:00,-0.009350711191668458,13860.00m,-1.0541125541125542,
516,2023-09-03 20:51:00,0.011167835393626549,15060.00m,1.1478087649402477,
517,2023-09-04 15:10:00,-0.014042337859492394,65940.00m,-0.333303002729757,
518,2023-09-04 15:35:00,0.008756138434082092,1500.00m,9.00800000000003,
519,2023-09-05 03:23:00,-0.014026202287207511,42480.00m,-0.5139830508474545,
520,2023-09-05 15:21:00,0.010723053587903209,43080.00m,0.382033426183843,
521,2023-09-06 17:07:00,-0.017277322885200785,92760.00m,-0.2889391979301428,
522,2023-09-06 17:56:00,0.021843513853904283,2940.00m,11.326530612244898,
523,2023-09-06 19:10:00,-0.01469013596271623,4440.00m,-5.154054054054074,
524,2023-09-07 04:02:00,0.009901648059542911,31920.00m,0.4761278195488777,
525,2023-09-07 14:00:00,-0.008418844276540648,35880.00m,-0.3637123745819398,
526,2023-09-07 21:21:00,0.029046663595837147,26460.00m,1.687301587301584,
527,2023-09-07 21:59:00,-0.008042030992166606,2280.00m,-5.578947368421052,
528,2023-09-07 22:52:00,0.009958125394367062,3180.00m,4.913207547169839,
529,2023-09-07 23:34:00,-0.010208293102207966,2520.00m,-6.419047619047671,
530,2023-09-08 00:57:00,0.010355657739199655,4980.00m,3.261445783132539,
531,2023-09-08 10:16:00,-0.027912612169171964,33540.00m,-1.3187835420393572,
532,2023-09-08 13:34:00,0.010372441944706249,11880.00m,1.3449494949494913,
533,2023-09-10 19:40:00,-0.011923624041541833,194760.00m,-0.0952865064695007,
534,2023-09-10 22:32:00,0.014708865895719214,10320.00m,2.191860465116279,
535,2023-09-11 02:04:00,-0.013676666230899989,12720.00m,-1.6778301886792488,
536,2023-09-11 05:59:00,0.009071382070083959,14100.00m,0.99021276595745,
537,2023-09-11 15:17:00,-0.035171220175546955,33480.00m,-1.631541218637989,
538,2023-09-11 16:10:00,0.009697930681017245,3180.00m,4.5698113207546625,
539,2023-09-11 20:01:00,-0.012253832792684185,13860.00m,-1.3376623376623376,
540,2023-09-12 04:02:00,0.04252918787839868,28860.00m,2.2022869022869083,
541,2023-09-12 05:19:00,-0.013486399993838338,4620.00m,-4.548051948051958,
542,2023-09-12 10:24:00,0.02460504280410823,18300.00m,2.0665573770491776,
543,2023-09-12 13:23:00,-0.008164742637253754,10740.00m,-1.1972067039106102,
544,2023-09-12 14:01:00,0.011973402682011499,2280.00m,8.202631578947388,
545,2023-09-12 14:52:00,-0.011216805089506688,3060.00m,-5.794117647058823,
546,2023-09-12 16:30:00,0.015163788106215617,5880.00m,4.030612244897959,
547,2023-09-12 18:10:00,-0.021180688173832233,6000.00m,-5.601000000000022,
548,2023-09-12 19:17:00,0.011895471298650177,4020.00m,4.595522388059723,
549,2023-09-13 00:06:00,-0.01645559471130167,17340.00m,-1.491349480968858,
550,2023-09-13 07:41:00,0.012061007658953396,27300.00m,0.6828571428571444,
551,2023-09-13 07:57:00,-0.00845754351511618,960.00m,-13.78125,
552,2023-09-13 16:27:00,0.01996062032656503,30600.00m,1.011764705882353,
553,2023-09-13 19:02:00,-0.011286878624335897,9300.00m,-1.920000000000014,
554,2023-09-14 01:04:00,0.017595409159432772,21720.00m,1.2671270718232064,
555,2023-09-14 01:22:00,-0.014871079613992762,1080.00m,-21.916666666666668,
556,2023-09-14 18:35:00,0.02321541316700789,61980.00m,0.5873184898354314,
557,2023-09-15 01:06:00,-0.011364911257208302,23460.00m,-0.7772378516624079,
558,2023-09-15 09:00:00,0.008189497017358707,28440.00m,0.45675105485232065,
559,2023-09-15 14:47:00,-0.016129637411453873,20820.00m,-1.2389048991354403,
560,2023-09-15 23:08:00,0.023227789451204805,30060.00m,1.2157684630738494,
561,2023-09-17 21:12:00,-0.016331246273106767,165840.00m,-0.15853835021707696,
562,2023-09-18 13:03:00,0.037853586827209504,57060.00m,1.0505783385909593,
563,2023-09-18 18:42:00,-0.027751716685710557,20340.00m,-2.242477876106197,
564,2023-09-18 19:45:00,0.010776226218145363,3780.00m,4.555555555555555,
565,2023-09-19 01:00:00,-0.009829232866636782,18900.00m,-0.8400000000000069,
566,2023-09-19 09:41:00,0.02802840732167586,31260.00m,1.4339731285988526,
567,2023-09-19 14:02:00,-0.01830145024852019,15660.00m,-1.921455938697318,
568,2023-09-19 15:36:00,0.02098086666889701,5640.00m,6.004255319148913,
569,2023-09-19 15:47:00,-0.0085344673786004,660.00m,-21.30909090909071,
570,2023-09-19 16:14:00,0.00811216751680999,1620.00m,8.1814814814814,
571,2023-09-19 21:29:00,-0.016013638549301264,18900.00m,-1.3955555555555508,
572,2023-09-20 02:01:00,0.013083074189249276,16320.00m,1.2992647058823583,
573,2023-09-20 06:04:00,-0.015618262477435061,14580.00m,-1.7588477366255204,
574,2023-09-20 08:56:00,0.009039275373078921,10320.00m,1.4156976744186047,
575,2023-09-20 10:17:00,-0.009112815701856068,4860.00m,-3.0580246913580336,
576,2023-09-20 18:33:00,0.01311734697666127,29760.00m,0.7122983870967727,
577,2023-09-20 19:19:00,-0.017385504505792036,2760.00m,-10.313043478260822,
578,2023-09-20 21:25:00,0.015496387905731239,7560.00m,3.2976190476190474,
579,2023-09-21 14:00:00,-0.03121028933238331,59700.00m,-0.8540703517587933,
580,2023-09-22 08:09:00,0.012999272131744071,65340.00m,0.3148760330578493,
581,2023-09-22 21:13:00,-0.008906752291243316,47040.00m,-0.30357142857142855,
582,2023-09-24 18:05:00,0.009375719793228158,161520.00m,0.0922362555720651,
583,2023-09-25 00:22:00,-0.02672866569902288,22620.00m,-1.8952254641909814,
584,2023-09-25 01:13:00,0.011780713453843818,3060.00m,6.009803921568627,
585,2023-09-25 11:36:00,-0.01179170022337362,37380.00m,-0.4982343499197397,
586,2023-09-25 20:05:00,0.015138468162317564,30540.00m,0.7736738703339868,
587,2023-09-26 15:47:00,-0.011902147157950516,70920.00m,-0.2659052453468691,
588,2023-09-27 12:02:00,0.028295270324650162,72900.00m,0.6076543209876537,
589,2023-09-27 18:07:00,-0.026815996422049123,21900.00m,-1.9712328767123288,
590,2023-09-28 16:25:00,0.04336403500373396,80280.00m,0.8462630792227199,
591,2023-09-28 18:48:00,-0.013749917412402035,8580.00m,-2.6195804195804095,
592,2023-09-28 20:09:00,0.010212436544444859,4860.00m,3.3876543209876275,
593,2023-09-29 02:42:00,-0.010263929618768276,23580.00m,-0.7089058524172992,
594,2023-09-29 07:39:00,0.013132328308207679,17820.00m,1.1878787878787855,
595,2023-09-29 14:09:00,-0.018381353379038692,23400.00m,-1.282820512820511,
596,2023-09-29 14:37:00,0.012594741274445587,1680.00m,12.017857142857142,
597,2023-09-29 18:14:00,-0.011465956974939039,13020.00m,-1.429493087557607,
598,2023-10-01 10:11:00,0.019866286765530677,143820.00m,0.22165206508135138,
599,2023-10-01 20:03:00,-0.00924286253762584,35520.00m,-0.4258445945945921,
600,2023-10-01 22:17:00,0.04450653147318953,8040.00m,8.975373134328365,
601,2023-10-01 22:20:00,-0.016754234615970604,180.00m,-157.6333333333338,
602,2023-10-02 08:36:00,0.025799198639416564,36960.00m,1.1623376623376624,
603,2023-10-02 11:59:00,-0.010032035069971286,12180.00m,-1.4068965517241308,
604,2023-10-02 13:59:00,0.01266002441170624,7200.00m,2.9733333333333274,
605,2023-10-02 16:07:00,-0.024064470918009784,7680.00m,-5.365624999999994,
606,2023-10-02 16:21:00,0.00895767811238924,840.00m,17.821428571428573,
607,2023-10-02 19:05:00,-0.017044625605368877,9840.00m,-2.9207317073170733,
608,2023-10-02 19:55:00,0.012025905291470755,3000.00m,6.644000000000014,
609,2023-10-02 21:54:00,-0.023347486577073202,7140.00m,-5.484873949579838,
610,2023-10-02 23:49:00,0.010716692548858688,6900.00m,2.544347826086944,
611,2023-10-03 01:10:00,-0.008106306032077371,4860.00m,-2.7617283950617373,
612,2023-10-03 06:51:00,0.010426675337296059,20460.00m,0.8369501466275702,
613,2023-10-03 20:06:00,-0.015540088583566819,47700.00m,-0.5406289308176091,
614,2023-10-03 23:43:00,0.008410552488825718,13020.00m,1.055299539170507,
615,2023-10-04 00:40:00,-0.00811823707874586,3420.00m,-3.9105263157894994,
616,2023-10-04 10:08:00,0.014254345702766442,34080.00m,0.6834507042253534,
617,2023-10-04 14:48:00,-0.010810223734704168,16800.00m,-1.0664285714285662,
618,2023-10-04 19:11:00,0.018010203708176818,15780.00m,1.8711026615969526,
619,2023-10-04 19:39:00,-0.00970681814096457,1680.00m,-9.642857142857142,
620,2023-10-05 00:48:00,0.011559056833239602,18540.00m,1.0304207119741147,
621,2023-10-05 07:38:00,-0.011828925599072712,24600.00m,-0.8039024390243956,
622,2023-10-05 14:20:00,0.01946299706184655,24120.00m,1.3330845771144313,
623,2023-10-05 17:19:00,-0.025407727768238228,10740.00m,-3.9843575418994455,
624,2023-10-06 10:35:00,0.015502430822093013,62160.00m,0.4093629343629329,
625,2023-10-06 13:00:00,-0.020924297454024472,8700.00m,-4.008965517241374,
626,2023-10-06 15:50:00,0.03023919293524217,10200.00m,4.838235294117647,
627,2023-10-06 16:17:00,-0.008225591760847611,1620.00m,-8.537037037037036,
628,2023-10-06 21:38:00,0.015968738980562586,19260.00m,1.382554517133954,
629,2023-10-07 20:00:00,-0.01406026434713624,80520.00m,-0.29582712369597614,
630,2023-10-08 03:35:00,0.00859238611137057,27300.00m,0.5257142857142874,
631,2023-10-08 13:12:00,-0.013480400886109311,34620.00m,-0.6559792027729636,
632,2023-10-08 13:48:00,0.010361272667540335,2160.00m,7.972222222222222,
633,2023-10-09 16:43:00,-0.025701861267834594,96900.00m,-0.44538699690402433,
634,2023-10-09 18:30:00,0.016452121612205176,6420.00m,4.192523364485968,
635,2023-10-10 01:05:00,-0.008255278615653252,23700.00m,-0.5792405063291121,
636,2023-10-10 08:23:00,0.008120261361817335,26280.00m,0.5095890410958921,
637,2023-10-10 13:44:00,-0.013125225550342862,19260.00m,-1.133021806853585,
638,2023-10-10 14:19:00,0.00953328238189447,2100.00m,7.44857142857145,
639,2023-10-11 03:59:00,-0.021961821277212273,49200.00m,-0.7393902439024381,
640,2023-10-11 10:25:00,0.010840459691785796,23160.00m,0.7582901554404163,
641,2023-10-11 17:49:00,-0.02740222911033442,26640.00m,-1.6844594594594628,
642,2023-10-12 02:53:00,0.013810250324913773,32640.00m,0.6738970588235267,
643,2023-10-12 17:35:00,-0.013454914332214823,52920.00m,-0.4105442176870732,
644,2023-10-13 13:00:00,0.014015065913370943,69900.00m,0.31939914163090005,
645,2023-10-13 15:52:00,-0.008951753392194518,10320.00m,-1.4011627906976745,
646,2023-10-13 21:01:00,0.015542837439236042,18540.00m,1.3420711974110056,
647,2023-10-13 22:55:00,-0.012470567394208616,6840.00m,-2.964035087719279,
648,2023-10-15 22:11:00,0.019340082741919208,170160.00m,0.182475317348378,
649,2023-10-15 23:12:00,-0.009407744707685394,3660.00m,-4.206557377049216,
650,2023-10-16 05:39:00,0.03472767110308375,23220.00m,2.424547803617569,
651,2023-10-16 09:18:00,-0.011510492862278251,13140.00m,-1.4694063926940606,
652,2023-10-16 13:30:00,0.08940015125582144,15120.00m,9.803968253968263,
653,2023-10-16 13:35:00,-0.04529012585572927,300.00m,-272.7,
654,2023-10-16 13:38:00,0.009592100868403371,180.00m,91.89999999999903,
655,2023-10-16 13:49:00,-0.04023350943032108,660.00m,-106.13636363636364,
656,2023-10-16 13:53:00,0.011267261746605205,240.00m,78.45000000000073,
657,2023-10-16 14:08:00,-0.009561716209115155,900.00m,-17.95333333333353,
658,2023-10-16 14:32:00,0.016085262286207998,1440.00m,18.695833333333365,
659,2023-10-16 15:42:00,-0.011134710236453776,4200.00m,-4.508571428571408,
660,2023-10-16 19:08:00,0.026844392433334918,12360.00m,3.652427184466009,
661,2023-10-16 19:39:00,-0.01372104820608319,1860.00m,-12.738709677419285,
662,2023-10-16 20:23:00,0.008655766812162487,2640.00m,5.584090909090926,
663,2023-10-16 21:10:00,-0.013104493667791331,2820.00m,-7.982978723404271,
664,2023-10-17 00:04:00,0.00950941740219848,10440.00m,1.5442528735632226,
665,2023-10-17 04:07:00,-0.015810747802796853,14580.00m,-1.8559670781893005,
666,2023-10-17 10:21:00,0.018397871332447576,22440.00m,1.3810160427807487,
667,2023-10-17 13:48:00,-0.015564665062398567,12420.00m,-2.1497584541062804,
668,2023-10-17 17:00:00,0.015903131595216217,11520.00m,2.3312499999999923,
669,2023-10-18 00:45:00,-0.009670198999755185,27900.00m,-0.5946236559139785,
670,2023-10-18 04:57:00,0.017996574435399804,15120.00m,2.0222222222222164,
671,2023-10-18 14:46:00,-0.02320813429496186,35340.00m,-1.1358234295415959,
672,2023-10-18 17:23:00,0.008985300332775748,9420.00m,1.6114649681528663,
673,2023-10-19 01:44:00,-0.01061594292170737,30060.00m,-0.6019960079840291,
674,2023-10-19 15:04:00,0.024245335041001834,48000.00m,0.851875,
675,2023-10-19 15:27:00,-0.008006252170892672,1380.00m,-10.021739130434783,
676,2023-10-19 16:24:00,0.01010171746704249,3420.00m,5.06140350877193,
677,2023-10-19 17:43:00,-0.013692457016084304,4740.00m,-5.0,
678,2023-10-19 20:44:00,0.012782483393666774,10860.00m,2.009392265193374,
679,2023-10-20 01:10:00,-0.008755339785610402,15960.00m,-0.9484962406015012,
680,2023-10-20 10:40:00,0.05388175491170823,34200.00m,2.7001754385964887,
681,2023-10-20 12:51:00,-0.023309581942299092,7860.00m,-5.3564885496183265,
682,2023-10-20 14:06:00,0.010179648865035449,4500.00m,3.990666666666657,
683,2023-10-20 17:09:00,-0.011312712323785988,10980.00m,-1.8360655737704918,
684,2023-10-20 23:06:00,0.013693125512938904,21420.00m,1.1263305322128911,
685,2023-10-21 03:12:00,-0.010558601413636461,14760.00m,-1.277642276422761,
686,2023-10-21 18:01:00,0.026384498640201762,53340.00m,0.874128233970752,
687,2023-10-21 18:13:00,-0.008580879920608716,720.00m,-21.616666666666788,
688,2023-10-21 19:01:00,0.008781939634174849,2880.00m,5.4833333333333485,
689,2023-10-22 02:37:00,-0.013345990249323605,27360.00m,-0.8848684210526315,
690,2023-10-22 06:11:00,0.01140115922401056,12840.00m,1.5892523364486082,
691,2023-10-22 07:40:00,-0.016665340863893183,5340.00m,-5.649438202247223,
692,2023-10-22 09:26:00,0.010428885383381246,6360.00m,2.918867924528316,
693,2023-10-22 22:02:00,-0.008903492677719633,45360.00m,-0.35304232804233,
694,2023-10-23 01:31:00,0.029262775958344183,12540.00m,4.159808612440198,
695,2023-10-23 02:07:00,-0.012868097908729705,2160.00m,-10.930555555555555,
696,2023-10-23 04:00:00,0.020907043000066208,6780.00m,5.584955752212377,
697,2023-10-23 04:27:00,-0.008196747909439842,1620.00m,-9.355555555555501,
698,2023-10-23 06:11:00,0.012128449672005128,6240.00m,3.564423076923084,
699,2023-10-23 07:54:00,-0.01615635263389276,6180.00m,-4.852427184466012,
700,2023-10-23 08:58:00,0.008319259809300915,3840.00m,3.9562499999999545,
701,2023-10-23 09:46:00,-0.010867227569846784,2880.00m,-6.947916666666667,
702,2023-10-23 11:51:00,0.012933576235953833,7500.00m,3.140800000000018,
703,2023-10-23 13:37:00,-0.011148801373761265,6360.00m,-3.2339622641509367,
704,2023-10-23 17:07:00,0.02872892198296985,12600.00m,4.15952380952381,
705,2023-10-23 18:45:00,-0.016324364417617337,5880.00m,-5.210204081632675,
706,2023-10-23 19:02:00,0.018954881401985216,1020.00m,34.30588235294122,
707,2023-10-23 19:24:00,-0.008644062390354375,1320.00m,-12.318181818181818,
708,2023-10-23 20:40:00,0.0222007722007722,4560.00m,9.078947368421053,
709,2023-10-23 21:16:00,-0.011268492288322317,2160.00m,-9.944444444444445,
710,2023-10-23 22:42:00,0.10430408760983069,5160.00m,38.09767441860467,
711,2023-10-23 22:47:00,-0.04422227603463982,300.00m,-306.8,
712,2023-10-23 22:49:00,0.011539946432449344,120.00m,191.29999999999927,
713,2023-10-23 22:50:00,-0.0120255240480664,60.00m,-403.3000000000029,
714,2023-10-23 23:00:00,0.013886164237619278,600.00m,46.01000000000058,
715,2023-10-23 23:11:00,-0.025826194119153,660.00m,-78.87272727272747,
716,2023-10-23 23:23:00,0.015412727417176385,720.00m,42.033333333333154,
717,2023-10-23 23:39:00,-0.016740594512286846,960.00m,-34.768749999999955,
718,2023-10-24 02:26:00,0.07750127776264523,10020.00m,15.163473053892211,
719,2023-10-24 02:41:00,-0.01727516999653466,900.00m,-40.546666666666475,
720,2023-10-24 02:47:00,0.008387671106178236,360.00m,48.366666666666184,
721,2023-10-24 03:59:00,-0.023431722683054063,4320.00m,-11.354166666666666,
722,2023-10-24 05:29:00,0.014962827733768587,5400.00m,5.664444444444476,
723,2023-10-24 07:33:00,-0.024244597451194196,7440.00m,-6.761290322580657,
724,2023-10-24 11:19:00,0.03387419426539231,13560.00m,5.057522123893805,
725,2023-10-24 11:45:00,-0.011987788622780155,1560.00m,-16.084615384615272,
726,2023-10-24 12:41:00,0.009347990704232622,3360.00m,5.753571428571377,
727,2023-10-24 14:22:00,-0.02044007531007915,6060.00m,-7.040594059405927,
728,2023-10-24 15:06:00,0.01339264754213817,2640.00m,10.372727272727305,
729,2023-10-24 15:30:00,-0.0325179239491759,1440.00m,-46.791666666666664,
730,2023-10-24 15:33:00,0.011618649698609386,180.00m,129.39999999999904,
731,2023-10-24 15:39:00,-0.015005917159763228,360.00m,-84.53333333333285,
732,2023-10-24 15:50:00,0.015838259323337045,660.00m,47.93636363636324,
733,2023-10-24 16:05:00,-0.009127708078923396,900.00m,-20.579999999999806,
734,2023-10-24 16:34:00,0.022586343751678575,1740.00m,26.10000000000005,
735,2023-10-24 18:25:00,-0.02474006589180096,6660.00m,-7.637837837837864,
736,2023-10-24 20:22:00,0.015891443874268742,7020.00m,4.539316239316227,
737,2023-10-24 21:06:00,-0.012620907409370987,2640.00m,-9.738636363636363,
738,2023-10-24 23:06:00,0.02035312963299942,7200.00m,5.685833333333358,
739,2023-10-24 23:42:00,-0.013778526197618005,2160.00m,-13.091666666666747,
740,2023-10-25 01:37:00,0.019383946807533074,6900.00m,5.686086956521752,
741,2023-10-25 05:48:00,-0.013400023263929361,15060.00m,-1.8358565737051908,
742,2023-10-25 07:03:00,0.00803779858049012,4500.00m,3.6360000000000583,
743,2023-10-25 07:46:00,-0.014029280787370807,2580.00m,-11.158139534883789,
744,2023-10-25 13:23:00,0.02782613337445627,20220.00m,2.7842729970326494,
745,2023-10-25 13:44:00,-0.010081250144265213,1260.00m,-16.638095238095307,
746,2023-10-25 16:16:00,0.02404616864379609,9120.00m,5.427631578947368,
747,2023-10-25 17:02:00,-0.020091649114817596,2760.00m,-15.345652173913075,
748,2023-10-25 20:12:00,0.01153127822912098,11400.00m,2.0894736842105264,
749,2023-10-25 23:04:00,-0.013361052803868349,10320.00m,-2.7052325581395094,
750,2023-10-26 03:42:00,0.013393558751797072,16680.00m,1.6553956834532269,
751,2023-10-26 06:04:00,-0.011484778862722615,8520.00m,-2.816197183098602,
752,2023-10-26 07:29:00,0.010424141707897506,5100.00m,4.2211764705882695,
753,2023-10-26 11:48:00,-0.02305133284836508,15540.00m,-3.0953667953668123,
754,2023-10-26 13:16:00,0.011101562224079806,5280.00m,4.286363636363686,
755,2023-10-26 14:39:00,-0.012126539831870111,4980.00m,-5.019277108433718,
756,2023-10-26 15:01:00,0.009479105893723137,1320.00m,14.62272727272714,
757,2023-10-26 16:54:00,-0.014083684817349932,6780.00m,-4.269911504424779,
758,2023-10-26 23:19:00,0.014897711460461174,23100.00m,1.3070129870129796,
759,2023-10-27 01:53:00,-0.014072263289012147,9240.00m,-3.1324675324674947,
760,2023-10-27 06:59:00,0.013154702377077753,18360.00m,1.4529411764705837,
761,2023-10-27 18:31:00,-0.02419807022872224,41520.00m,-1.1973988439306338,
762,2023-10-28 11:20:00,0.02946985975854279,60540.00m,0.9759167492566868,
763,2023-10-29 04:04:00,-0.013125572336003023,60240.00m,-0.4497011952191235,
764,2023-10-29 17:52:00,0.024211270509912553,49680.00m,0.9926328502415477,
765,2023-10-29 21:58:00,-0.009914032368007166,14760.00m,-1.4012195121951396,
766,2023-10-29 22:51:00,0.008790327734558998,3180.00m,5.709433962264261,
767,2023-10-30 08:03:00,-0.01605676307635618,33120.00m,-1.0101449275362424,
768,2023-10-30 12:29:00,0.019505870784215024,15960.00m,2.505639097744361,
769,2023-10-30 13:03:00,-0.009952433853776359,2040.00m,-10.197058823529327,
770,2023-10-30 14:22:00,0.009953898344399748,4740.00m,4.345569620253201,
771,2023-10-30 17:19:00,-0.020515441127918792,10620.00m,-4.037288135593253,
772,2023-10-31 00:43:00,0.014584804954613173,26640.00m,1.120720720720734,
773,2023-10-31 08:06:00,-0.015259148411251797,26580.00m,-1.1923250564334185,
774,2023-10-31 11:53:00,0.013641524212972064,13620.00m,2.048458149779736,
775,2023-10-31 14:05:00,-0.01136833940628777,7920.00m,-2.9757575757575427,
776,2023-10-31 21:20:00,0.016619193016250245,26100.00m,1.305057471264361,
777,2023-11-01 06:05:00,-0.01117574221787078,31500.00m,-0.7392380952380925,
778,2023-11-01 13:21:00,0.024779477502191432,26160.00m,1.9516055045871592,
779,2023-11-01 14:56:00,-0.029534126366163004,5700.00m,-10.940000000000031,
780,2023-11-01 21:04:00,0.04159236321576555,22080.00m,3.859782608695656,
781,2023-11-01 21:43:00,-0.010854378157426394,2340.00m,-9.899999999999963,
782,2023-11-01 22:05:00,0.009603578818125843,1320.00m,15.359090909090645,
783,2023-11-01 22:42:00,-0.008752150033640297,2220.00m,-8.402702702702545,
784,2023-11-02 02:47:00,0.020291493192622925,14700.00m,2.916326530612245,
785,2023-11-02 06:21:00,-0.023058316609280705,12840.00m,-3.871028037383185,
786,2023-11-02 10:31:00,0.011026300718846426,15000.00m,1.548,
787,2023-11-02 16:30:00,-0.030920194223458552,21540.00m,-3.056267409470764,
788,2023-11-02 20:18:00,0.0202368870264659,13680.00m,3.052192982456147,
789,2023-11-03 01:18:00,-0.019923839058705494,18000.00m,-2.33,
790,2023-11-03 02:31:00,0.009286133908784832,4380.00m,4.373972602739766,
791,2023-11-03 04:56:00,-0.010805701952806456,8700.00m,-2.586206896551724,
792,2023-11-03 08:22:00,0.008203000970028126,12360.00m,1.3669902912621288,
793,2023-11-03 10:19:00,-0.013738605336530822,7020.00m,-4.064102564102564,
794,2023-11-03 15:36:00,0.020688442947121636,19020.00m,2.2277602523659215,
795,2023-11-03 17:44:00,-0.014445541485367773,7680.00m,-3.932031249999966,
796,2023-11-04 06:08:00,0.017697646041254622,44640.00m,0.8168010752688133,
797,2023-11-04 15:17:00,-0.008601941303053848,32940.00m,-0.5475409836065548,
798,2023-11-04 23:07:00,0.01743397315629961,28200.00m,1.2851063829787235,
799,2023-11-05 00:13:00,-0.008834293171437529,3960.00m,-4.71818181818184,
800,2023-11-05 04:02:00,0.011025370947060027,13740.00m,1.6820960698690148,
801,2023-11-05 14:12:00,-0.014152332204695025,36600.00m,-0.8195081967213138,
802,2023-11-05 17:13:00,0.012974220986764332,10860.00m,2.4961325966850585,
803,2023-11-05 21:52:00,-0.02047643211706962,16740.00m,-2.5888888888888735,
804,2023-11-05 23:04:00,0.023040367673446666,4320.00m,11.056944444444424,
805,2023-11-06 05:30:00,-0.0169314115167546,23160.00m,-1.5505181347150259,
806,2023-11-06 10:39:00,0.015611510791366906,18540.00m,1.755663430420712,
807,2023-11-06 13:47:00,-0.010319472975844644,11280.00m,-1.937234042553176,
808,2023-11-06 15:12:00,0.008414380316247689,5100.00m,3.457647058823461,
809,2023-11-06 18:19:00,-0.011123666324079576,11220.00m,-2.095187165775378,
810,2023-11-06 22:34:00,0.009316574027286507,15300.00m,1.272549019607843,
811,2023-11-07 12:12:00,-0.017457025905350445,49080.00m,-0.7502444987775114,
812,2023-11-07 20:56:00,0.03895058654592202,31440.00m,2.5675572519084,
813,2023-11-08 15:25:00,-0.0205675656094475,66540.00m,-0.6655545536519374,
814,2023-11-08 20:13:00,0.017647979287878656,17280.00m,2.1538194444444545,
815,2023-11-08 20:37:00,-0.008211066627899296,1440.00m,-12.237500000000182,
816,2023-11-08 21:08:00,0.00942069226020517,1860.00m,10.780645161290463,
817,2023-11-08 21:41:00,-0.011189830574739086,1980.00m,-12.142424242424374,
818,2023-11-08 23:45:00,0.019820043718192838,7440.00m,5.659677419354862,
819,2023-11-09 00:06:00,-0.014907062785236467,1260.00m,-25.63333333333347,
820,2023-11-09 04:40:00,0.03545756365241307,16440.00m,4.603284671532857,
821,2023-11-09 05:30:00,-0.008120347293489021,3000.00m,-5.981999999999971,
822,2023-11-09 10:21:00,0.012303506567800668,17460.00m,1.5446735395189004,
823,2023-11-09 11:13:00,-0.00872273806369291,3120.00m,-6.203846153846266,
824,2023-11-09 14:53:00,0.036583636105746796,13200.00m,6.096363636363655,
825,2023-11-09 15:28:00,-0.01979874955265987,2100.00m,-21.497142857142897,
826,2023-11-09 15:38:00,0.00825234899328863,600.00m,30.740000000000144,
827,2023-11-09 16:12:00,-0.033809582132948574,2040.00m,-37.347058823529494,
828,2023-11-09 16:19:00,0.011736791631301091,420.00m,60.84285714285735,
829,2023-11-09 16:37:00,-0.024900922004167325,1080.00m,-50.78888888888873,
830,2023-11-09 17:05:00,0.01977971636316907,1680.00m,25.28928571428566,
831,2023-11-09 17:23:00,-0.012860406383363372,1080.00m,-26.083333333333332,
832,2023-11-09 17:57:00,0.01819750873386062,2040.00m,19.28823529411752,
833,2023-11-09 20:35:00,-0.014667367967798208,9480.00m,-3.4063291139240324,
834,2023-11-09 23:54:00,0.01761281132884355,11940.00m,3.200000000000015,
835,2023-11-10 01:01:00,-0.00845013766467444,4020.00m,-4.640298507462708,
836,2023-11-10 03:13:00,0.012515967040738528,7920.00m,3.459090909090898,
837,2023-11-10 08:17:00,-0.015076614868157492,18240.00m,-1.8319078947368468,
838,2023-11-10 13:11:00,0.024158148049399315,17640.00m,2.9894557823129304,
839,2023-11-10 14:10:00,-0.01054482018250138,3540.00m,-6.65932203389833,
840,2023-11-10 16:29:00,0.01574574620732306,8340.00m,4.176258992805756,
841,2023-11-10 20:16:00,-0.008788280156805738,13620.00m,-1.4497797356828128,
842,2023-11-10 23:16:00,0.01035602192976552,10800.00m,2.1355555555555634,
843,2023-11-11 02:20:00,-0.014964176103714762,11040.00m,-3.050000000000024,
844,2023-11-11 14:52:00,0.009487922862239692,45120.00m,0.4660904255319149,
845,2023-11-11 22:12:00,-0.013463941521283234,26400.00m,-1.1411363636363603,
846,2023-11-12 00:01:00,0.011369906578128435,6540.00m,3.8376146788991092,
847,2023-11-12 00:49:00,-0.011110394427064895,2880.00m,-8.612500000000031,
848,2023-11-13 01:18:00,0.01680934909634461,88140.00m,0.42103471749489446,
849,2023-11-13 12:23:00,-0.019656006521710116,39900.00m,-1.1058646616541377,
850,2023-11-13 13:00:00,0.00803749376330843,2220.00m,7.967567567567646,
851,2023-11-13 14:46:00,-0.009747680057555708,6360.00m,-3.4000000000000137,
852,2023-11-13 16:29:00,0.011812905428473882,6180.00m,4.199029126213592,
853,2023-11-14 00:58:00,-0.02172222972060999,30540.00m,-1.5809430255402694,
854,2023-11-14 08:55:00,0.014826036208309412,28620.00m,1.1264150943396134,
855,2023-11-14 12:42:00,-0.014590402853911038,13620.00m,-2.3638766519823724,
856,2023-11-14 14:46:00,0.012720399547473855,7440.00m,3.717741935483871,
857,2023-11-14 15:34:00,-0.019396763119176107,2880.00m,-14.831250000000031,
858,2023-11-14 16:37:00,0.012433974898652686,3780.00m,7.103174603174603,
859,2023-11-14 18:53:00,-0.04502217489626101,8160.00m,-12.0625,
860,2023-11-15 12:40:00,0.04560437507723349,64020.00m,1.4872539831302733,
861,2023-11-15 13:33:00,-0.009822999120492565,3180.00m,-6.743396226415122,
862,2023-11-15 18:11:00,0.03655909799981121,16680.00m,4.737769784172657,
863,2023-11-15 18:13:00,-0.008199508886371653,120.00m,-153.09999999999854,
864,2023-11-15 18:23:00,0.009898076274046536,600.00m,36.659999999999854,
865,2023-11-15 18:24:00,-0.016083798300186306,60.00m,-601.5999999999985,
866,2023-11-15 19:07:00,0.026644929012974623,2580.00m,22.804651162790663,
867,2023-11-15 19:21:00,-0.013905687992779879,840.00m,-37.52857142857153,
868,2023-11-15 20:11:00,0.0160423214530152,3000.00m,11.954000000000088,
869,2023-11-15 20:40:00,-0.012980974973187483,1740.00m,-16.944827586206948,
870,2023-11-15 23:56:00,0.016242907611604792,11760.00m,3.0964285714285786,
871,2023-11-16 09:07:00,-0.01942540208422762,33060.00m,-1.3386569872958232,
872,2023-11-16 11:28:00,0.008777089325952725,8460.00m,2.3177304964538696,
873,2023-11-16 14:26:00,-0.027728893160561343,10680.00m,-5.851123595505618,
874,2023-11-16 15:32:00,0.011120360583373913,3960.00m,6.153030303030281,
875,2023-11-16 15:54:00,-0.01574284963723458,1320.00m,-26.422727272727073,
876,2023-11-16 16:40:00,0.008661820302998498,2760.00m,6.84347826086947,
877,2023-11-16 19:39:00,-0.031048987675335864,10740.00m,-6.358659217877078,
878,2023-11-16 20:07:00,0.01509009009009009,1680.00m,19.142857142857142,
879,2023-11-16 20:15:00,-0.009876303527845532,480.00m,-44.51249999999982,
880,2023-11-17 02:29:00,0.02661351992582608,22440.00m,2.5403743315507983,
881,2023-11-17 10:26:00,-0.013186903137789984,28620.00m,-1.0132075471698174,
882,2023-11-17 13:09:00,0.012743767056435934,9780.00m,2.8276073619631994,
883,2023-11-17 14:54:00,-0.019649117059266703,6300.00m,-6.854285714285687,
884,2023-11-17 17:08:00,0.019990030049097707,8040.00m,5.356716417910415,
885,2023-11-17 19:52:00,-0.009810051411986547,9840.00m,-2.190853658536559,
886,2023-11-17 23:08:00,0.01223170758608515,11760.00m,2.2632653061224417,
887,2023-11-18 07:04:00,-0.013293380550258785,28560.00m,-1.0252100840336134,
888,2023-11-18 16:12:00,0.01748384959416937,32880.00m,1.1556569343065746,
889,2023-11-19 01:32:00,-0.012028120785884333,33600.00m,-0.7916071428571481,
890,2023-11-19 08:25:00,0.008140173569153067,24780.00m,0.7176755447941924,
891,2023-11-19 11:21:00,-0.008616556428501457,10560.00m,-1.7971590909091075,
892,2023-11-19 23:42:00,0.030885824121169157,44460.00m,1.5168690958164643,
893,2023-11-20 05:47:00,-0.012208091992504552,21900.00m,-1.2547945205479452,
894,2023-11-20 11:07:00,0.0093852626011588,19200.00m,1.0868750000000091,
895,2023-11-20 14:14:00,-0.013791941912906825,11220.00m,-2.7588235294117727,
896,2023-11-20 16:04:00,0.02032800216860942,6600.00m,6.817272727272741,
897,2023-11-20 17:28:00,-0.018868275420498043,5040.00m,-8.454761904761957,
898,2023-11-20 17:51:00,0.022737796407769476,1380.00m,36.508695652174104,
899,2023-11-20 18:20:00,-0.01033376225198184,1740.00m,-13.458620689655273,
900,2023-11-20 19:34:00,0.00946518241477197,4440.00m,4.781081081081121,
901,2023-11-20 21:30:00,-0.011287232097188434,6960.00m,-3.6715517241379434,
902,2023-11-21 01:58:00,0.009161819497681477,16080.00m,1.275373134328369,
903,2023-11-21 15:12:00,-0.03662799345530269,47640.00m,-1.7367758186397986,
904,2023-11-21 15:52:00,0.02564668126099391,2400.00m,23.254999999999928,
905,2023-11-21 16:04:00,-0.010454301075268856,720.00m,-32.40833333333345,
906,2023-11-21 17:21:00,0.01846997237246378,4620.00m,8.829870129870148,
907,2023-11-21 18:11:00,-0.0200741511296044,3000.00m,-15.051999999999971,
908,2023-11-21 20:42:00,0.011693486923763652,9060.00m,2.845033112582772,
909,2023-11-22 00:00:00,-0.03895017219113208,11880.00m,-7.311616161616146,
910,2023-11-22 10:02:00,0.029131894189018525,36120.00m,1.7285714285714262,
911,2023-11-22 15:09:00,-0.013794548011610121,18420.00m,-1.6517915309446205,
912,2023-11-22 19:08:00,0.03232212899061603,14340.00m,4.902928870292869,
913,2023-11-22 19:33:00,-0.008055983070411697,1500.00m,-12.06,
914,2023-11-22 21:31:00,0.019887350804464025,7080.00m,6.2567796610169735,
915,2023-11-22 23:25:00,-0.015928731406355607,6840.00m,-5.29035087719297,
916,2023-11-23 09:57:00,0.010400088031712888,37920.00m,0.6131329113924051,
917,2023-11-23 15:54:00,-0.01923403848401473,21420.00m,-2.028291316526627,
918,2023-11-24 10:33:00,0.02823737158983514,67140.00m,0.9317247542448667,
919,2023-11-24 11:00:00,-0.009951192272944054,1620.00m,-13.9925925925927,
920,2023-11-24 11:34:00,0.010793481875623468,2040.00m,11.932352941176385,
921,2023-11-24 14:30:00,-0.010217617889516995,10560.00m,-2.2056818181818016,
922,2023-11-24 15:39:00,0.02087488365908789,4140.00m,11.376811594202898,
923,2023-11-24 16:55:00,-0.020648606407918654,4560.00m,-10.430263157894698,
924,2023-11-24 21:18:00,0.008822442037061094,15780.00m,1.2612167300380117,
925,2023-11-26 17:01:00,-0.020707110654116942,157380.00m,-0.29942813572245575,
926,2023-11-26 22:10:00,0.016032371660259104,18540.00m,1.9271844660194175,
927,2023-11-27 07:33:00,-0.017848862320511052,33780.00m,-1.196447602131436,
928,2023-11-27 09:46:00,0.010198162711955863,7980.00m,2.8421052631578947,
929,2023-11-27 15:59:00,-0.01870284562073532,22380.00m,-1.8774798927614018,
930,2023-11-27 17:10:00,0.010837379433473524,4260.00m,5.6084507042254135,
931,2023-11-27 21:00:00,-0.009741151383631281,13800.00m,-1.5730434782608822,
932,2023-11-28 00:44:00,0.015046384408748368,13440.00m,2.4705357142857207,
933,2023-11-28 05:37:00,-0.01244475397101756,17580.00m,-1.585665529010234,
934,2023-11-28 17:47:00,0.03721615258595433,43800.00m,1.8795890410958884,
935,2023-11-28 18:53:00,-0.00961022999176266,3960.00m,-5.568181818181818,
936,2023-11-28 19:42:00,0.01250759115992916,2940.00m,9.66734693877545,
937,2023-11-29 00:15:00,-0.017659929016056067,16380.00m,-2.48058608058607,
938,2023-11-29 08:57:00,0.01807032214390945,31320.00m,1.3040229885057417,
939,2023-11-29 10:44:00,-0.011439314527694696,6420.00m,-4.099999999999973,
940,2023-11-29 12:39:00,0.00929533255080916,6900.00m,3.064347826086969,
941,2023-11-29 15:13:00,-0.017912444889308238,9240.00m,-4.4506493506493605,
942,2023-11-29 19:10:00,0.008733717418204482,14220.00m,1.384810126582266,
943,2023-11-29 21:06:00,-0.008148955197893623,6960.00m,-2.6629310344827086,
944,2023-11-30 04:15:00,0.014123166781035059,25740.00m,1.2377622377622377,
945,2023-11-30 08:41:00,-0.014120559786827842,15960.00m,-2.024060150375945,
946,2023-11-30 13:45:00,0.009396016004086072,18240.00m,1.1618421052631482,
947,2023-11-30 15:48:00,-0.011113863734595482,7380.00m,-3.428455284552822,
948,2023-12-01 10:04:00,0.034081429778342665,65760.00m,1.1667883211678791,
949,2023-12-01 14:18:00,-0.01441984294097787,15240.00m,-2.202755905511811,
950,2023-12-01 16:34:00,0.01908151417842548,8160.00m,5.36544117647062,
951,2023-12-02 00:17:00,-0.009001588364651647,27780.00m,-0.7576673866090776,
952,2023-12-02 19:12:00,0.025970932234768943,68100.00m,0.8837004405286344,
953,2023-12-02 19:19:00,-0.013959028950284015,420.00m,-79.0142857142855,
954,2023-12-02 21:52:00,0.01611466598413101,9180.00m,4.115032679738553,
955,2023-12-03 03:12:00,-0.011186510695321832,19200.00m,-1.3878124999999955,
956,2023-12-03 16:03:00,0.014764810026620436,46260.00m,0.751750972762644,
957,2023-12-03 17:45:00,-0.009777809017675367,6120.00m,-3.8186274509803924,
958,2023-12-03 22:33:00,0.01907183564199817,17280.00m,2.612152777777788,
959,2023-12-03 23:31:00,-0.010147296251794283,3480.00m,-7.03275862068968,
960,2023-12-04 01:47:00,0.026574516210103077,8160.00m,7.775000000000011,
961,2023-12-04 02:24:00,-0.008766775853542663,2220.00m,-9.678378378378339,
962,2023-12-04 06:22:00,0.031205775352994493,14280.00m,5.3088235294117645,
963,2023-12-04 07:44:00,-0.009953823456151582,4920.00m,-5.0682926829269,
964,2023-12-04 11:01:00,0.019379638678962433,11820.00m,4.0664974619289636,
965,2023-12-04 11:20:00,-0.01728593702166441,1140.00m,-38.33684210526324,
966,2023-12-04 13:07:00,0.011948833491507964,6420.00m,4.62429906542052,
967,2023-12-04 15:34:00,-0.017055366104518042,8820.00m,-4.861904761904742,
968,2023-12-04 22:19:00,0.029327506676377763,24300.00m,2.982716049382716,
969,2023-12-05 07:44:00,-0.02289494787489969,33900.00m,-1.7180530973451276,
970,2023-12-05 17:28:00,0.057264171210771535,35040.00m,4.062157534246568,
971,2023-12-05 17:43:00,-0.012933908072219839,900.00m,-37.766666666666666,
972,2023-12-05 18:43:00,0.02043110487103638,3600.00m,14.721666666666716,
973,2023-12-05 20:21:00,-0.014772284229900998,5880.00m,-6.650000000000045,
974,2023-12-05 21:47:00,0.017920289338244633,5160.00m,9.056976744186063,
975,2023-12-05 22:00:00,-0.009472556482745495,780.00m,-32.23846153846143,
976,2023-12-05 22:29:00,0.013779963262558648,1740.00m,20.82413793103453,
977,2023-12-06 06:20:00,-0.021661819916990066,28260.00m,-2.043312101910831,
978,2023-12-06 10:33:00,0.018757189527446805,15180.00m,3.222529644268786,
979,2023-12-06 11:34:00,-0.017323339649016757,3660.00m,-12.575409836065669,
980,2023-12-06 14:28:00,0.017860836232770093,10440.00m,4.466666666666692,
981,2023-12-06 16:07:00,-0.012110703206491586,5940.00m,-5.418181818181833,
982,2023-12-06 19:43:00,0.00884013255627935,12960.00m,1.7907407407407543,
983,2023-12-06 21:36:00,-0.011834587624428579,6780.00m,-4.623008849557535,
984,2023-12-07 05:29:00,0.010101010101010067,28380.00m,0.9315010570824492,
985,2023-12-07 09:27:00,-0.026552428506581967,14280.00m,-4.9155462184874015,
986,2023-12-07 09:47:00,0.01570991907223352,1200.00m,33.69000000000015,
987,2023-12-07 12:21:00,-0.012567745312058837,9240.00m,-3.5551948051948052,
988,2023-12-07 15:31:00,0.021347672050659645,11400.00m,4.83315789473682,
989,2023-12-07 19:44:00,-0.019062381215758845,15180.00m,-3.3102766798418974,
990,2023-12-08 04:30:00,0.01087773683673192,31560.00m,0.8912547528517165,
991,2023-12-08 08:10:00,-0.01007436992149845,13200.00m,-1.9950000000000065,
992,2023-12-08 14:50:00,0.021707928425514455,24000.00m,2.340500000000011,
993,2023-12-08 17:15:00,-0.008705657542671698,8700.00m,-2.6455172413793506,
994,2023-12-08 21:25:00,0.024388903769943543,15000.00m,4.261200000000011,
995,2023-12-09 09:07:00,-0.02189965359258021,42120.00m,-1.395868945868948,
996,2023-12-09 14:16:00,0.009331636395209916,18540.00m,1.3216828478964449,
997,2023-12-09 14:49:00,-0.00872016027708914,1980.00m,-11.672727272727185,
998,2023-12-09 15:53:00,0.0080318258530246,3840.00m,5.4953124999999545,
999,2023-12-09 23:34:00,-0.011644766651563209,27660.00m,-1.1149674620390455,
1000,2023-12-10 08:02:00,0.009806078943749207,30480.00m,0.8421259842519743,
1001,2023-12-10 09:59:00,-0.009731283112921117,7020.00m,-3.6641025641026013,
1002,2023-12-10 21:09:00,0.01060169489582832,40200.00m,0.6902985074626866,
1003,2023-12-11 02:12:00,-0.07164145927653127,18180.00m,-10.424092409240924,
1004,2023-12-11 02:15:00,0.026570337486042938,180.00m,362.5,
1005,2023-12-11 02:16:00,-0.009351066007244791,60.00m,-392.90000000000146,
1006,2023-12-11 02:29:00,0.014643099964683583,780.00m,46.88461538461539,
1007,2023-12-11 02:49:00,-0.011261282592841617,1200.00m,-23.779999999999927,
1008,2023-12-11 03:41:00,0.018878000651378502,3120.00m,15.15961538461544,
1009,2023-12-11 05:46:00,-0.02096324205152556,7500.00m,-7.135200000000011,
1010,2023-12-11 10:01:00,0.019993277956498846,15300.00m,3.2658823529411882,
1011,2023-12-11 16:19:00,-0.025092499317435197,22680.00m,-2.820370370370386,
1012,2023-12-11 16:38:00,0.010521309393612444,1140.00m,22.93684210526331,
1013,2023-12-11 18:30:00,-0.028693273446179206,6720.00m,-10.723214285714286,
1014,2023-12-11 19:04:00,0.011144863548597325,2040.00m,13.326470588235251,
1015,2023-12-11 19:40:00,-0.01936821005823592,2160.00m,-22.116666666666585,
1016,2023-12-12 02:40:00,0.04049374386044992,25200.00m,3.8866666666666707,
1017,2023-12-12 04:59:00,-0.012707177051744196,8340.00m,-3.8345323741007196,
1018,2023-12-12 08:47:00,0.016570156332253054,13680.00m,3.0096491228070046,
1019,2023-12-12 11:58:00,-0.012290370088840359,11460.00m,-2.7089005235602173,
1020,2023-12-12 13:38:00,0.01012491402240468,6000.00m,4.21,
1021,2023-12-12 17:59:00,-0.03016789836577651,15660.00m,-4.854789272030646,
1022,2023-12-12 18:29:00,0.0169659625133486,1800.00m,23.03666666666662,
1023,2023-12-12 19:28:00,-0.00900168012050523,3540.00m,-6.320338983050872,
1024,2023-12-12 23:35:00,0.012501004806017738,14820.00m,2.077732793522285,
1025,2023-12-13 04:19:00,-0.020788675332423897,17040.00m,-3.0426056338028116,
1026,2023-12-13 16:09:00,0.03731530300871203,42600.00m,2.139154929577458,
1027,2023-12-13 16:44:00,-0.010698568945017292,2100.00m,-12.905714285714202,
1028,2023-12-13 22:15:00,0.040743232404971054,19860.00m,5.141389728096663,
1029,2023-12-14 03:38:00,-0.018315785115031437,19380.00m,-2.465015479876152,
1030,2023-12-14 06:24:00,0.010242650763336384,9960.00m,2.633132530120473,
1031,2023-12-14 09:00:00,-0.009115876005529834,9360.00m,-2.519230769230769,
1032,2023-12-14 12:00:00,0.014548697756948965,10800.00m,3.452777777777778,
1033,2023-12-14 13:31:00,-0.033073297015927546,5460.00m,-15.751648351648369,
1034,2023-12-14 14:31:00,0.020495529354494665,3600.00m,14.315000000000024,
1035,2023-12-14 15:39:00,-0.010957405017116527,4080.00m,-6.8911764705882135,
1036,2023-12-14 17:48:00,0.026162612005579556,7740.00m,8.5782945736434,
1037,2023-12-14 19:14:00,-0.013194758038503653,5160.00m,-6.659302325581361,
1038,2023-12-14 23:08:00,0.008143653297035449,14040.00m,1.490598290598272,
1039,2023-12-15 06:19:00,-0.014430392059231504,25860.00m,-1.4457076566125258,
1040,2023-12-15 09:14:00,0.011109910096201363,10500.00m,2.7017142857143024,
1041,2023-12-15 15:46:00,-0.030411764979293193,23520.00m,-3.3382653061224454,
1042,2023-12-15 16:24:00,0.009259170485704868,2280.00m,10.165789473684095,
1043,2023-12-15 16:53:00,-0.008687371013439435,1740.00m,-12.613793103448126,
1044,2023-12-15 20:58:00,0.012723609470716017,14700.00m,2.1677551020408106,
1045,2023-12-16 00:38:00,-0.012627624643975807,13200.00m,-2.4263636363636496,
1046,2023-12-16 16:44:00,0.02369030106424276,57960.00m,1.0236024844720528,
1047,2023-12-17 14:35:00,-0.025718859560843896,78660.00m,-0.8382151029748296,
1048,2023-12-17 17:14:00,0.019902230443085867,9540.00m,5.210691823899371,
1049,2023-12-17 18:16:00,-0.014520573756977647,3720.00m,-9.943548387096774,
1050,2023-12-17 18:48:00,0.009784777906573809,1920.00m,12.793750000000045,
1051,2023-12-18 02:37:00,-0.033846233955583324,28140.00m,-3.0490405117270787,
1052,2023-12-18 07:31:00,0.012589447793845684,17640.00m,1.7479591836734745,
1053,2023-12-18 09:24:00,-0.012120830893844746,6780.00m,-4.433628318584071,
1054,2023-12-18 09:52:00,0.008125820418878833,1680.00m,11.849999999999843,
1055,2023-12-18 10:37:00,-0.014160225047735226,2700.00m,-12.953333333333365,
1056,2023-12-18 14:49:00,0.029338347087480465,15120.00m,4.724603174603198,
1057,2023-12-18 16:09:00,-0.014219949583815112,4800.00m,-7.425,
1058,2023-12-19 02:00:00,0.05449472173450579,35460.00m,3.796954314720812,
1059,2023-12-19 06:15:00,-0.013050897810572087,15300.00m,-2.2223529411764877,
1060,2023-12-19 10:48:00,0.009382671109493241,16380.00m,1.4728937728937677,
1061,2023-12-19 14:51:00,-0.023024802520707297,14580.00m,-4.098765432098766,
1062,2023-12-19 15:29:00,0.011752958352361698,2280.00m,13.071052631579063,
1063,2023-12-19 18:00:00,-0.020882446490046433,9060.00m,-5.913245033112592,
1064,2023-12-20 15:14:00,0.05886230906116021,76440.00m,1.934301412872844,
1065,2023-12-20 16:57:00,-0.018236039864831365,6180.00m,-7.848543689320403,
1066,2023-12-20 19:00:00,0.01758904814642911,7380.00m,6.223577235772358,
1067,2023-12-20 20:08:00,-0.022997771349992886,4080.00m,-14.977941176470589,
1068,2023-12-20 20:43:00,0.01240859380055656,2100.00m,15.34000000000004,
1069,2023-12-20 21:55:00,-0.008818567616247415,4320.00m,-5.365277777777818,
1070,2023-12-20 22:33:00,0.008090927934775165,2280.00m,9.24473684210534,
1071,2023-12-21 02:49:00,-0.010153003292186744,15360.00m,-1.7359375000000057,
1072,2023-12-21 13:55:00,0.02204224263085129,39960.00m,1.4339339339339339,
1073,2023-12-21 15:03:00,-0.017804516168370595,4080.00m,-11.594117647058845,
1074,2023-12-21 16:08:00,0.010611024889348739,3900.00m,7.1,
1075,2023-12-21 17:50:00,-0.012267370432725055,6120.00m,-5.286274509803893,
1076,2023-12-21 19:05:00,0.010915632457134299,4500.00m,6.318666666666589,
1077,2023-12-21 19:37:00,-0.009947890914973525,1920.00m,-13.643749999999955,
1078,2023-12-22 01:49:00,0.019683743708589527,22320.00m,2.2991935483871044,
1079,2023-12-22 03:42:00,-0.008413944397549911,6780.00m,-3.2991150442478134,
1080,2023-12-22 06:34:00,0.011710588010360855,10320.00m,2.991279069767442,
1081,2023-12-22 09:17:00,-0.021451502955065458,9780.00m,-5.8496932515337425,
1082,2023-12-22 11:43:00,0.00838705524236941,8760.00m,2.4986301369863213,
1083,2023-12-22 14:25:00,-0.00948919754493813,9720.00m,-2.569135802469163,
1084,2023-12-22 18:54:00,0.013553017433857752,16140.00m,2.1888475836431334,
1085,2023-12-22 19:53:00,-0.008809302114323382,3540.00m,-6.574576271186466,
1086,2023-12-22 23:35:00,0.009985084236260267,13320.00m,1.963063063063076,
1087,2023-12-23 04:12:00,-0.01728412986123245,16620.00m,-2.7505415162454927,
1088,2023-12-24 04:11:00,0.015145778988434602,86340.00m,0.45594162612925543,
1089,2023-12-24 10:41:00,-0.012081837221518442,23400.00m,-1.3623076923076811,
1090,2023-12-24 14:14:00,0.010500923031594774,12780.00m,2.1417840375586716,
1091,2023-12-24 22:16:00,-0.026501138952164043,28920.00m,-2.4136929460580947,
1092,2023-12-24 22:26:00,0.010239466873827084,600.00m,43.759999999999856,
1093,2023-12-24 22:40:00,-0.008669529487517908,840.00m,-26.735714285713975,
1094,2023-12-24 23:45:00,0.009553760639627696,3900.00m,6.2907692307692535,
1095,2023-12-25 00:43:00,-0.010102108829682842,3480.00m,-7.525862068965517,
1096,2023-12-25 13:02:00,0.025093343121599623,44340.00m,1.4523680649526327,
1097,2023-12-25 20:44:00,-0.010938383783093367,27720.00m,-1.0380952380952349,
1098,2023-12-25 22:44:00,0.009043951482728338,7200.00m,3.268333333333309,
1099,2023-12-26 09:46:00,-0.03147752878317651,39720.00m,-2.080664652567967,
1100,2023-12-26 14:25:00,0.011061612805798749,16740.00m,1.680286738351239,
1101,2023-12-26 17:39:00,-0.023643161196370527,11640.00m,-5.222164948453601,
1102,2023-12-26 22:20:00,0.01798668626677662,16860.00m,2.6779359430604983,
1103,2023-12-27 03:32:00,-0.009563502312803843,18720.00m,-1.3054487179487273,
1104,2023-12-27 10:44:00,0.02507011334298997,25920.00m,2.4479166666666665,
1105,2023-12-27 13:02:00,-0.010145886140354056,8280.00m,-3.1789855072463555,
1106,2023-12-27 22:17:00,0.021013773203584104,33300.00m,1.620540540540543,
1107,2023-12-27 22:56:00,-0.008924505548067615,2340.00m,-10.0,
1108,2023-12-28 00:38:00,0.012004183800932383,6120.00m,5.097058823529426,
1109,2023-12-28 16:24:00,-0.03353426207739946,56760.00m,-1.5536997885835127,
1110,2023-12-28 23:38:00,0.009917374881964083,26040.00m,0.9679723502304115,
1111,2023-12-29 01:41:00,-0.013340314772522672,7380.00m,-4.6398373983739605,
1112,2023-12-29 03:49:00,0.014248011106530806,7680.00m,4.698437500000011,
1113,2023-12-29 07:57:00,-0.012302970278527949,14880.00m,-2.1237903225806627,
1114,2023-12-29 14:42:00,0.020629503761461235,24300.00m,2.1538271604938344,
1115,2023-12-29 17:45:00,-0.03286186985012662,10980.00m,-7.749726775956308,
1116,2023-12-29 21:13:00,0.012274127777431776,12480.00m,2.462980769230783,
1117,2023-12-29 22:21:00,-0.01736784180068882,4080.00m,-10.791176470588278,
1118,2023-12-30 00:27:00,0.017419496250906368,7560.00m,5.739682539682574,
1119,2023-12-30 09:44:00,-0.01568895759696411,33420.00m,-1.18976660682227,
1120,2023-12-30 17:31:00,0.02562462118661193,28020.00m,2.281370449678804,
1121,2023-12-31 02:51:00,-0.014368260847134018,33600.00m,-1.0941071428571376,
1122,2023-12-31 09:45:00,0.021015990996885447,24840.00m,2.1335748792270426,
1123,2023-12-31 12:56:00,-0.012159428800462228,11460.00m,-2.7319371727748463,
1124,2023-12-31 18:41:00,0.008718749557693271,20700.00m,1.0713043478260829,
1125,2023-12-31 23:21:00,-0.015366806201912924,16800.00m,-2.346785714285709,
1126,2024-01-01 01:38:00,0.016801293941891404,8220.00m,5.163503649635047,
1127,2024-01-01 05:56:00,-0.013251174339485203,15480.00m,-2.198837209302337,
1128,2024-01-01 20:46:00,0.038994886847836446,53400.00m,1.8508988764044976,
1129,2024-01-01 22:20:00,-0.009960971764336083,5640.00m,-4.65106382978728,
1130,2024-01-02 01:08:00,0.04542954519826665,10080.00m,11.75059523809523,
1131,2024-01-02 01:49:00,-0.014664899775910054,2460.00m,-16.248780487804808,
1132,2024-01-02 09:06:00,0.026115901881059826,26220.00m,2.675057208237986,
1133,2024-01-02 11:44:00,-0.013566001175676527,9480.00m,-3.94367088607594,
1134,2024-01-02 14:13:00,0.011763952864732198,8940.00m,3.577181208053691,
1135,2024-01-02 15:19:00,-0.020915819715581565,3960.00m,-14.527272727272772,
1136,2024-01-02 15:54:00,0.00996833927111257,2100.00m,12.782857142857184,
1137,2024-01-02 16:22:00,-0.008605874761468768,1680.00m,-13.932142857142805,
1138,2024-01-02 16:49:00,0.01119285081687784,1620.00m,18.62962962962963,
1139,2024-01-02 21:09:00,-0.015945460627079522,15600.00m,-2.7869230769230713,
1140,2024-01-02 22:09:00,0.01274660202424985,3600.00m,9.5,
1141,2024-01-02 23:47:00,-0.010033607284964195,5880.00m,-4.636734693877566,
1142,2024-01-03 02:06:00,0.013304812929646201,8340.00m,4.2913669064748206,
1143,2024-01-03 07:54:00,-0.009744683567430357,20880.00m,-1.2721264367816218,
1144,2024-01-03 09:39:00,0.01209455133904768,6300.00m,5.181904761904818,
1145,2024-01-03 12:01:00,-0.06472470586168196,8520.00m,-20.753521126760564,
1146,2024-01-03 12:03:00,0.010283132515974059,120.00m,218.9499999999971,
1147,2024-01-03 12:09:00,-0.06009455583396466,360.00m,-430.899999999999,
1148,2024-01-03 12:16:00,0.05050844775056369,420.00m,291.77142857142775,
1149,2024-01-03 12:20:00,-0.009785965837398,240.00m,-103.92499999999927,
1150,2024-01-03 12:24:00,0.01085263946176614,240.00m,114.125,
1151,2024-01-03 12:27:00,-0.011046566321730882,180.00m,-156.5666666666657,
1152,2024-01-03 12:59:00,0.017728767690123493,1920.00m,23.296875,
1153,2024-01-03 13:22:00,-0.010725351553189799,1380.00m,-19.956521739130434,
1154,2024-01-03 13:40:00,0.008481982577804617,1080.00m,19.949999999999918,
1155,2024-01-03 14:37:00,-0.014116109509344091,3420.00m,-10.573684210526393,
1156,2024-01-03 16:03:00,0.034060133228169975,5160.00m,16.67093023255819,
1157,2024-01-03 17:19:00,-0.02060335103120146,4560.00m,-11.800000000000038,
1158,2024-01-03 18:06:00,0.009200072249420113,2820.00m,8.344680851063922,
1159,2024-01-03 19:02:00,-0.018137105640563218,3360.00m,-13.933928571428623,
1160,2024-01-03 19:35:00,0.01714880924198668,1980.00m,21.951515151515196,
1161,2024-01-03 20:10:00,-0.010289435465852353,2100.00m,-12.631428571428529,
1162,2024-01-03 21:51:00,0.010304696373602788,6060.00m,4.33861386138611,
1163,2024-01-03 23:10:00,-0.00805353505964504,4740.00m,-4.379746835443038,
1164,2024-01-04 05:39:00,0.015259347905154175,23340.00m,1.6717223650385677,
1165,2024-01-04 10:25:00,-0.01335897269962188,17160.00m,-2.020979020979021,
1166,2024-01-04 15:30:00,0.03738685556867375,18300.00m,5.232786885245901,
1167,2024-01-04 16:30:00,-0.010814094226461481,3600.00m,-7.981666666666691,
1168,2024-01-04 19:28:00,0.013982134826587285,10680.00m,3.441011235955056,
1169,2024-01-04 20:08:00,-0.01173837868991232,2400.00m,-13.035000000000036,
1170,2024-01-04 20:38:00,0.014114859785406714,1800.00m,20.653333333333286,
1171,2024-01-04 20:59:00,-0.008983165830274583,1260.00m,-19.042857142857212,
1172,2024-01-04 22:18:00,0.013677360274000582,4740.00m,7.637974683544322,
1173,2024-01-05 01:48:00,-0.04917251973944602,12600.00m,-10.471428571428572,
1174,2024-01-05 02:00:00,0.028832744214049025,720.00m,102.16666666666667,
1175,2024-01-05 02:29:00,-0.010085239935904256,1740.00m,-15.213793103448175,
1176,2024-01-05 03:03:00,0.010093312920410349,2040.00m,12.855882352941133,
1177,2024-01-05 04:22:00,-0.01050225178885768,4740.00m,-5.81518987341774,
1178,2024-01-05 09:05:00,0.021985232281972817,16980.00m,3.362544169611302,
1179,2024-01-05 10:59:00,-0.01372210366405035,6840.00m,-5.324561403508772,
1180,2024-01-05 12:26:00,0.011054776497769859,5220.00m,5.5436781609195735,
1181,2024-01-05 14:42:00,-0.018514866074970746,8160.00m,-6.005147058823508,
1182,2024-01-05 15:11:00,0.011567476174417482,1740.00m,17.268965517241227,
1183,2024-01-05 17:09:00,-0.015300973179341712,7080.00m,-5.6788135593220215,
1184,2024-01-05 20:54:00,0.023235052000602906,13500.00m,4.453333333333333,
1185,2024-01-05 21:10:00,-0.010959400813570044,960.00m,-30.22499999999991,
1186,2024-01-05 23:06:00,0.015079199594893981,6960.00m,5.673275862068953,
1187,2024-01-06 07:02:00,-0.01966547030541065,28560.00m,-1.83025210084033,
1188,2024-01-06 18:51:00,0.016115662517441804,42540.00m,0.9871650211565504,
1189,2024-01-06 20:13:00,-0.009154832233167232,4920.00m,-4.926829268292683,
1190,2024-01-07 00:50:00,0.012242228254779294,16620.00m,1.9324909747292522,
1191,2024-01-07 05:57:00,-0.009667653238742944,18420.00m,-1.3938110749185717,
1192,2024-01-07 14:07:00,0.014559773321987365,29400.00m,1.3024489795918457,
1193,2024-01-07 17:03:00,-0.014616168180377006,10560.00m,-3.6931818181818183,
1194,2024-01-07 20:09:00,0.009938089467907158,11160.00m,2.3413978494623655,
1195,2024-01-08 02:53:00,-0.02360541204967382,24240.00m,-2.5858910891089217,
1196,2024-01-08 06:21:00,0.023581357999264096,12480.00m,4.899038461538462,
1197,2024-01-08 09:55:00,-0.013526681452642951,12840.00m,-2.795794392523344,
1198,2024-01-08 12:15:00,0.03545727067710526,8400.00m,11.050714285714275,
1199,2024-01-08 12:29:00,-0.014940272112156068,840.00m,-48.214285714285715,
1200,2024-01-08 13:00:00,0.014746690813820401,1860.00m,21.170967741935343,
1201,2024-01-08 15:04:00,-0.010391663640470042,7440.00m,-3.7846774193548036,
1202,2024-01-08 19:12:00,0.05502339350083569,14880.00m,9.915725806451606,
1203,2024-01-08 19:28:00,-0.010523636826366293,960.00m,-31.012499999999818,
1204,2024-01-08 20:36:00,0.01094635493025363,4080.00m,7.510294117647016,
1205,2024-01-08 21:01:00,-0.009742290445346705,1500.00m,-18.38,
1206,2024-01-08 21:41:00,0.01085299533250549,2400.00m,12.672500000000037,
1207,2024-01-09 00:39:00,-0.01809251285136063,10680.00m,-4.798876404494407,
1208,2024-01-09 01:15:00,0.009454536041778629,2160.00m,12.17500000000008,
1209,2024-01-09 01:45:00,-0.009934397504113542,1800.00m,-15.496666666666716,
1210,2024-01-09 03:50:00,0.01388885891207176,7500.00m,5.148,
1211,2024-01-09 10:56:00,-0.011529389725729923,25560.00m,-1.2713615023474145,
1212,2024-01-09 12:50:00,0.01094456648145749,6840.00m,4.457894736842079,
1213,2024-01-09 12:56:00,-0.024199973584535878,360.00m,-189.33333333333334,
1214,2024-01-09 13:53:00,0.02585894485899289,3420.00m,20.780701754385966,
1215,2024-01-09 15:05:00,-0.01176402990378938,4320.00m,-7.677777777777717,
1216,2024-01-09 15:42:00,0.011912683390075715,2220.00m,14.951351351351272,
1217,2024-01-09 18:34:00,-0.010312591107677807,10320.00m,-2.8174418604651077,
1218,2024-01-09 21:14:00,0.03176545214109862,9600.00m,9.233125000000019,
1219,2024-01-09 21:17:00,-0.03953417611777308,180.00m,-632.3333333333334,
1220,2024-01-09 21:18:00,0.010243714035255182,60.00m,472.09999999999854,
1221,2024-01-09 21:26:00,-0.028572410430658862,480.00m,-166.28750000000036,
1222,2024-01-09 21:41:00,0.023173390288445776,900.00m,69.87333333333324,
1223,2024-01-09 22:03:00,-0.02054381578634598,1320.00m,-43.21363636363623,
1224,2024-01-09 22:59:00,0.02040109429466525,3360.00m,16.51249999999995,
1225,2024-01-10 01:34:00,-0.012894939968476028,9300.00m,-3.8477419354838336,
1226,2024-01-10 03:18:00,0.01246541946760762,6240.00m,5.47211538461537,
1227,2024-01-10 08:59:00,-0.01936681421098414,20460.00m,-2.6252199413489863,
1228,2024-01-10 10:14:00,0.008881888096152193,4500.00m,5.368000000000078,
1229,2024-01-10 11:53:00,-0.010384686032170909,5940.00m,-4.796969696969712,
1230,2024-01-10 12:02:00,0.008593354678616522,540.00m,43.21111111111127,
1231,2024-01-10 13:00:00,-0.026528761217049945,3480.00m,-20.877586206896577,
1232,2024-01-10 13:28:00,0.019712426773251985,1680.00m,31.282142857142908,
1233,2024-01-10 14:12:00,-0.009748442941703657,2640.00m,-10.038636363636463,
1234,2024-01-10 14:30:00,0.011776741159086333,1080.00m,29.355555555555636,
1235,2024-01-10 15:00:00,-0.0128732391263644,1800.00m,-19.48000000000005,
1236,2024-01-10 18:03:00,0.04044889661497673,10980.00m,9.904918032786878,
1237,2024-01-10 18:09:00,-0.010884788534832397,360.00m,-84.58333333333333,
1238,2024-01-10 19:06:00,0.012754460374871076,3420.00m,10.319298245614112,
1239,2024-01-10 20:12:00,-0.026932645903899793,3960.00m,-19.05909090909093,
1240,2024-01-10 20:17:00,0.00958468562627204,300.00m,87.1199999999997,
1241,2024-01-10 20:22:00,-0.00961356142021787,300.00m,-88.21999999999971,
1242,2024-01-10 20:42:00,0.015375643677654968,1200.00m,34.93499999999985,
1243,2024-01-10 20:44:00,-0.014535973663164996,120.00m,-335.34999999999854,
1244,2024-01-10 20:48:00,0.008640862106883692,240.00m,98.22500000000036,
1245,2024-01-10 20:50:00,-0.008941868045849663,120.00m,-205.04999999999927,
1246,2024-01-10 20:58:00,0.016634838777809035,480.00m,94.51249999999982,
1247,2024-01-10 21:03:00,-0.009190870157047762,300.00m,-84.94000000000088,
1248,2024-01-10 21:07:00,0.010781011790093654,240.00m,123.40000000000146,
1249,2024-01-10 21:39:00,-0.0216043113544724,1920.00m,-31.24375000000009,
1250,2024-01-10 22:22:00,0.03122266884579701,2580.00m,32.876744186046444,
1251,2024-01-10 22:32:00,-0.008339812000847992,600.00m,-38.939999999999415,
1252,2024-01-10 23:16:00,0.028946726188547774,2640.00m,30.461363636363537,
1253,2024-01-11 00:20:00,-0.027616041106068877,3840.00m,-20.557812499999955,
1254,2024-01-11 01:29:00,0.008794026796526456,4140.00m,5.904347826086978,
1255,2024-01-11 06:18:00,-0.02234119265721335,17340.00m,-3.6128027681661097,
1256,2024-01-11 12:59:00,0.038539993258948343,24060.00m,4.391271820448882,
1257,2024-01-11 13:31:00,-0.012134597511964858,1920.00m,-17.993749999999864,
1258,2024-01-11 14:49:00,0.04336612245681618,4680.00m,26.061538461538408,
1259,2024-01-11 16:31:00,-0.06187727595224504,6120.00m,-29.669607843137214,
1260,2024-01-11 16:41:00,0.01221181383467945,600.00m,56.02999999999956,
1261,2024-01-11 17:28:00,-0.014906733330318734,2820.00m,-14.72978723404246,
1262,2024-01-11 20:14:00,0.02628645371127302,9960.00m,7.244578313253003,
1263,2024-01-12 04:55:00,-0.02277838832519743,31260.00m,-2.05278310940499,
1264,2024-01-12 06:26:00,0.010605258168075657,5460.00m,5.347252747252731,
1265,2024-01-12 09:29:00,-0.016098944349195052,10980.00m,-4.079234972677596,
1266,2024-01-12 11:30:00,0.014150757293470366,7260.00m,5.335537190082633,
1267,2024-01-12 16:38:00,-0.05991968635316395,18480.00m,-9.001298701298706,
1268,2024-01-12 16:49:00,0.010325039888542121,660.00m,40.827272727273254,
1269,2024-01-12 16:54:00,-0.015250777671332413,300.00m,-134.04000000000087,
1270,2024-01-12 17:06:00,0.012154795713932492,720.00m,43.833333333333336,
1271,2024-01-12 17:25:00,-0.010280563730134532,1140.00m,-23.699999999999772,
1272,2024-01-12 18:05:00,0.013381529291270254,2400.00m,14.502499999999964,
1273,2024-01-12 19:12:00,-0.013564484224088317,4020.00m,-8.894029850746291,
1274,2024-01-12 20:39:00,0.015077881619937727,5220.00m,7.5103448275862235,
1275,2024-01-12 22:21:00,-0.051765920106209784,6120.00m,-22.324509803921554,
1276,2024-01-13 00:08:00,0.030329910599765496,6420.00m,11.823364485981294,
1277,2024-01-13 03:29:00,-0.0118250947031395,12060.00m,-2.528358208955246,
1278,2024-01-13 07:24:00,0.01858331645796159,14100.00m,3.358297872340444,
1279,2024-01-13 12:17:00,-0.016355583090985587,17580.00m,-2.4146757679180886,
1280,2024-01-13 15:34:00,0.016510027050592364,11820.00m,3.565989847715736,
1281,2024-01-14 04:41:00,-0.01573091897790646,47220.00m,-0.864548919949176,
1282,2024-01-14 09:58:00,0.01213003852297288,19020.00m,1.629022082018932,
1283,2024-01-14 20:02:00,-0.019448389821854605,36240.00m,-1.3874172185430464,
1284,2024-01-14 20:46:00,0.011758468558877445,2640.00m,11.290909090908992,
1285,2024-01-14 21:38:00,-0.015353052363663484,3120.00m,-12.621153846153762,
1286,2024-01-14 22:05:00,0.013064581655417238,1620.00m,20.36666666666672,
1287,2024-01-15 00:01:00,-0.021477082981557635,6960.00m,-7.8948275862069215,
1288,2024-01-15 13:52:00,0.02919592570401431,49860.00m,1.4659446450060134,
1289,2024-01-15 14:55:00,-0.017562734030067556,3780.00m,-11.971428571428525,
1290,2024-01-15 18:46:00,0.027421839816065833,13860.00m,5.008225108225114,
1291,2024-01-15 22:17:00,-0.021889036794714215,12660.00m,-4.496682464454991,
1292,2024-01-16 09:24:00,0.017854994799172585,40020.00m,1.1349325337331335,
1293,2024-01-16 11:36:00,-0.008993351732512056,7920.00m,-2.9401515151515043,
1294,2024-01-16 12:59:00,0.009215264462423387,4980.00m,4.7481927710843195,
1295,2024-01-16 14:44:00,-0.024390582968992127,6300.00m,-10.025714285714258,
1296,2024-01-16 16:01:00,0.030529075649410792,4620.00m,16.694805194805195,
1297,2024-01-16 18:38:00,-0.012937600390847384,9420.00m,-3.575796178343958,
1298,2024-01-16 21:38:00,0.017064543618598497,10800.00m,4.060555555555563,
1299,2024-01-17 14:38:00,-0.02631168163370256,61200.00m,-1.1237254901960827,
1300,2024-01-17 14:49:00,0.011639420787340789,660.00m,44.88181818181858,
1301,2024-01-17 17:05:00,-0.015527885173351672,8160.00m,-4.899264705882374,
1302,2024-01-17 20:49:00,0.014354837182437137,13440.00m,2.7071428571428635,
1303,2024-01-17 22:25:00,-0.008217036172695416,5760.00m,-3.667708333333318,
1304,2024-01-18 08:01:00,0.010214622369575875,34560.00m,0.7536458333333308,
1305,2024-01-18 13:15:00,-0.013048541880182547,18840.00m,-1.78407643312101,
1306,2024-01-18 15:18:00,0.010311103139351978,7380.00m,3.552032520325156,
1307,2024-01-18 17:14:00,-0.025861565522896014,6960.00m,-9.543965517241366,
1308,2024-01-18 17:28:00,0.011143457325378508,840.00m,33.192857142857456,
1309,2024-01-18 20:35:00,-0.03502322945100715,11220.00m,-7.897326203208572,
1310,2024-01-18 20:52:00,0.014598360756460512,1020.00m,34.94117647058823,
1311,2024-01-18 21:21:00,-0.012513473906039909,1740.00m,-17.813793103448226,
1312,2024-01-19 00:05:00,0.014546114617496057,9840.00m,3.6158536585365852,
1313,2024-01-19 03:32:00,-0.014900906433526264,12420.00m,-2.977294685990352,
1314,2024-01-19 07:03:00,0.019573626287318745,12660.00m,3.779620853080569,
1315,2024-01-19 08:15:00,-0.0092534863063328,4320.00m,-5.338888888888909,
1316,2024-01-19 11:31:00,0.008540529245542038,11760.00m,1.7933673469387754,
1317,2024-01-19 16:45:00,-0.028526893481288,18840.00m,-3.7710191082802504,
1318,2024-01-19 20:14:00,0.045479006351040734,12540.00m,8.774641148325367,
1319,2024-01-20 00:35:00,-0.016210446415864166,15660.00m,-2.6183908045977065,
1320,2024-01-21 14:16:00,0.009651690432216415,135660.00m,0.1770455550641322,
1321,2024-01-22 05:01:00,-0.027782752914036844,53100.00m,-1.3145762711864424,
1322,2024-01-22 06:40:00,0.013757783427287094,5940.00m,5.657575757575743,
1323,2024-01-22 10:29:00,-0.021697729189079175,13740.00m,-3.910480349344978,
1324,2024-01-22 13:11:00,0.021314589571553435,9720.00m,5.312345679012338,
1325,2024-01-22 15:23:00,-0.02050600557270583,7920.00m,-6.406060606060595,
1326,2024-01-22 16:04:00,0.01185904815664837,2460.00m,11.682926829268293,
1327,2024-01-22 16:31:00,-0.010731561704032987,1620.00m,-16.24444444444439,
1328,2024-01-22 17:41:00,0.008879215463190829,4200.00m,5.128571428571429,
1329,2024-01-22 18:50:00,-0.015368774592123201,4140.00m,-9.085507246376833,
1330,2024-01-22 18:53:00,0.00817157824497815,180.00m,109.40000000000146,
1331,2024-01-22 19:42:00,-0.02596081181868932,2940.00m,-21.453061224489886,
1332,2024-01-22 20:36:00,0.021858186741580975,3240.00m,15.964814814814789,
1333,2024-01-22 22:47:00,-0.01687728117471031,7860.00m,-5.192366412213718,
1334,2024-01-22 23:04:00,0.008480030285822449,1020.00m,19.764705882352942,
1335,2024-01-22 23:53:00,-0.011369295644230962,2940.00m,-9.27142857142863,
1336,2024-01-23 04:26:00,0.01653748209051197,16380.00m,2.3930402930403036,
1337,2024-01-23 09:32:00,-0.030923239743510002,18360.00m,-4.058169934640532,
1338,2024-01-23 09:47:00,0.008865316568891219,900.00m,23.0,
1339,2024-01-23 11:50:00,-0.01537924693140967,7380.00m,-4.908943089430859,
1340,2024-01-23 12:59:00,0.010575084913689293,4140.00m,5.924637681159357,
1341,2024-01-23 14:23:00,-0.012929500815293175,5040.00m,-6.013095238095221,
1342,2024-01-23 15:41:00,0.021947272604679463,4680.00m,10.850000000000037,
1343,2024-01-23 16:16:00,-0.0120537266316305,2100.00m,-13.571428571428571,
1344,2024-01-23 18:16:00,0.018224129826697386,7200.00m,5.9125,
1345,2024-01-23 19:10:00,-0.015662918060411625,3240.00m,-11.498148148148175,
1346,2024-01-24 00:53:00,0.030891454491869696,20580.00m,3.5142857142857182,
1347,2024-01-24 03:35:00,-0.016360106299672564,9720.00m,-4.062345679012337,
1348,2024-01-24 10:49:00,0.023041463007799197,26040.00m,2.100691244239625,
1349,2024-01-24 14:20:00,-0.017058017020961228,12660.00m,-3.272511848341232,
1350,2024-01-24 14:32:00,0.010010304355475204,720.00m,33.19166666666691,
1351,2024-01-24 14:57:00,-0.009139703339114668,1500.00m,-14.692000000000116,
1352,2024-01-24 16:59:00,0.009191361125062783,7320.00m,3.0,
1353,2024-01-24 18:24:00,-0.013957597173144912,5100.00m,-6.598823529411781,
1354,2024-01-24 20:09:00,0.008550136151076033,6300.00m,3.2266666666666945,
1355,2024-01-24 20:56:00,-0.011185094547829415,2820.00m,-9.51063829787234,
1356,2024-01-25 00:55:00,0.016296824902763123,14340.00m,2.694560669456067,
1357,2024-01-25 05:31:00,-0.009349890067204669,16560.00m,-1.3605072463768115,
1358,2024-01-25 11:33:00,0.012192914988915496,21720.00m,1.3400552486187807,
1359,2024-01-25 17:16:00,-0.0176431879415453,20580.00m,-2.0714285714285716,
1360,2024-01-25 18:17:00,0.011703741152679473,3660.00m,7.590163934426229,
1361,2024-01-25 20:58:00,-0.009434575119306362,9660.00m,-2.345341614906823,
1362,2024-01-26 12:27:00,0.046446750442674344,55740.00m,1.9821313240043072,
1363,2024-01-26 13:51:00,-0.013351234609562593,5040.00m,-6.594047619047636,
1364,2024-01-26 14:59:00,0.015835672527477824,4080.00m,9.532352941176427,
1365,2024-01-26 15:30:00,-0.008588036391533618,1860.00m,-11.51935483870963,
1366,2024-01-26 20:13:00,0.024223753153502777,16980.00m,3.5286219081272034,
1367,2024-01-27 09:00:00,-0.019747718046733163,46020.00m,-1.087092568448495,
1368,2024-01-28 05:19:00,0.03366852868408845,73140.00m,1.1431501230516816,
1369,2024-01-28 06:44:00,-0.011261666623814122,5100.00m,-5.6682352941176815,
1370,2024-01-28 09:41:00,0.008553090389002562,10620.00m,2.044067796610186,
1371,2024-01-28 20:15:00,-0.02339301912930151,38040.00m,-1.5741324921135647,
1372,2024-01-29 03:30:00,0.019311496893023486,26100.00m,1.8496551724137897,
1373,2024-01-29 09:07:00,-0.01237611522784905,20220.00m,-1.559643916913942,
1374,2024-01-29 10:46:00,0.009922919751187843,5940.00m,4.2040404040403745,
1375,2024-01-29 14:55:00,-0.013014790070704397,14940.00m,-2.21405622489961,
1376,2024-01-29 16:52:00,0.03540453786577764,7020.00m,12.65128205128209,
1377,2024-01-29 18:48:00,-0.009233420500642305,6960.00m,-3.4456896551724516,
1378,2024-01-30 02:45:00,0.020410970721891814,28620.00m,1.8352201257861664,
1379,2024-01-30 08:05:00,-0.012247481383142805,19200.00m,-1.675,
1380,2024-01-30 12:23:00,0.014020972469296558,15480.00m,2.349224806201545,
1381,2024-01-30 14:10:00,-0.016840731666141896,6420.00m,-6.899065420560721,
1382,2024-01-30 15:27:00,0.01084091330981987,4620.00m,6.06753246753243,
1383,2024-01-30 16:18:00,-0.008130715833547516,3060.00m,-6.94509803921563,
1384,2024-01-30 20:32:00,0.011488347335045973,15240.00m,1.954330708661423,
1385,2024-01-30 23:46:00,-0.023047495275183454,11640.00m,-5.192268041237129,
1386,2024-01-31 00:01:00,0.008229874397221457,900.00m,23.426666666666765,
1387,2024-01-31 02:22:00,-0.008611017549564969,8460.00m,-2.6290780141843766,
1388,2024-01-31 08:01:00,0.00884514091305285,20340.00m,1.1135693215339233,
1389,2024-01-31 10:59:00,-0.015802565478222733,10680.00m,-3.822471910112368,
1390,2024-01-31 17:59:00,0.031364525591196846,25200.00m,3.1645238095238057,
1391,2024-01-31 19:32:00,-0.015098958929184338,5580.00m,-7.095698924731199,
1392,2024-01-31 19:46:00,0.010075478974378138,840.00m,30.97857142857174,
1393,2024-01-31 21:29:00,-0.027429459874697686,6180.00m,-11.578640776699086,
1394,2024-01-31 23:37:00,0.008896519431871494,7680.00m,2.939062500000034,
1395,2024-02-01 01:38:00,-0.018339333933393372,7260.00m,-6.4661157024793505,
1396,2024-02-01 10:25:00,0.010126552053486115,31620.00m,0.804743833017075,
1397,2024-02-01 12:07:00,-0.00833488952607427,6120.00m,-3.456862745098025,
1398,2024-02-01 15:30:00,0.02244258250598906,12180.00m,4.637931034482759,
1399,2024-02-01 16:35:00,-0.0126594082950598,3900.00m,-8.353846153846154,
1400,2024-02-01 17:32:00,0.018722550177095666,3420.00m,13.910526315789498,
1401,2024-02-01 18:43:00,-0.00856224315008962,4260.00m,-5.202816901408471,
1402,2024-02-01 19:51:00,0.011034869720738307,4080.00m,6.9411764705882355,
1403,2024-02-01 22:45:00,-0.008590489183845718,10440.00m,-2.1350574712643677,
1404,2024-02-02 00:24:00,0.01217054625180769,5940.00m,5.2707070707071,
1405,2024-02-02 13:50:00,-0.01973001995584836,48360.00m,-1.062282878411916,
1406,2024-02-02 16:05:00,0.021918400737195497,8100.00m,6.906666666666678,
1407,2024-02-02 18:06:00,-0.01632085020242915,7260.00m,-5.863636363636363,
1408,2024-02-03 00:28:00,0.014066062554808535,22920.00m,1.574607329842932,
1409,2024-02-03 15:10:00,-0.01159025920118067,52920.00m,-0.5698412698412683,
1410,2024-02-03 17:51:00,0.009222750540112913,9660.00m,2.455279503105563,
1411,2024-02-04 09:14:00,-0.012190019118425485,55380.00m,-0.5712892741061708,
1412,2024-02-04 12:37:00,0.008694247988504402,12180.00m,1.8300492610837438,
1413,2024-02-04 20:27:00,-0.012654028106141668,28200.00m,-1.1604255319148968,
1414,2024-02-04 21:02:00,0.009131604610449848,2100.00m,11.1028571428571,
1415,2024-02-05 01:13:00,-0.016465591315221382,15060.00m,-2.81713147410358,
1416,2024-02-05 13:37:00,0.031131472405710667,44640.00m,1.7673387096774211,
1417,2024-02-05 16:28:00,-0.023764749643528756,10260.00m,-6.052631578947368,
1418,2024-02-05 19:30:00,0.008017988141186245,10920.00m,1.873076923076931,
1419,2024-02-05 20:25:00,-0.012639472861416225,3300.00m,-9.849090909090988,
1420,2024-02-06 09:00:00,0.018338173886534914,45300.00m,1.0278145695364238,
1421,2024-02-06 12:54:00,-0.010238535601653135,14040.00m,-1.885470085470073,
1422,2024-02-06 16:31:00,0.01692813047321393,13020.00m,3.327188940092166,
1423,2024-02-07 03:58:00,-0.013808161317320296,41220.00m,-0.8717612809315887,
1424,2024-02-07 14:51:00,0.0123182307008931,39180.00m,0.8068912710566638,
1425,2024-02-07 15:08:00,-0.008796583904722568,1020.00m,-22.405882352941262,
1426,2024-02-08 16:00:00,0.05860671015843433,89520.00m,1.6859249329758723,
1427,2024-02-08 16:52:00,-0.011612091012734532,3120.00m,-10.146153846153819,
1428,2024-02-09 02:55:00,0.03117275840722534,36180.00m,2.3215588723051312,
1429,2024-02-09 04:19:00,-0.010045845507334571,5040.00m,-5.538095238095203,
1430,2024-02-09 14:12:00,0.040388285979167805,35580.00m,3.1222596964586846,
1431,2024-02-09 14:20:00,-0.021591814484002242,480.00m,-128.72500000000036,
1432,2024-02-09 14:38:00,0.012390654934618066,1080.00m,32.12222222222246,
1433,2024-02-09 15:17:00,-0.009787817723062364,2340.00m,-11.856410256410294,
1434,2024-02-09 18:24:00,0.028832834544677274,11220.00m,7.2128342245989465,
1435,2024-02-10 00:39:00,-0.022830405079702857,22500.00m,-2.930133333333341,
1436,2024-02-10 03:31:00,0.009440782479268552,10320.00m,2.5813953488372094,
1437,2024-02-10 10:53:00,-0.013144036735897544,26520.00m,-1.411764705882353,
1438,2024-02-10 20:47:00,0.027547491995731026,35640.00m,2.17272727272727,
1439,2024-02-11 01:28:00,-0.01216644578588545,16860.00m,-2.0843416370106658,
1440,2024-02-11 03:59:00,0.02023345648923659,9060.00m,6.372185430463556,
1441,2024-02-11 10:51:00,-0.012181272170018406,24720.00m,-1.4344660194174756,
1442,2024-02-11 12:19:00,0.010847951325060905,5280.00m,5.907954545454562,
1443,2024-02-11 14:12:00,-0.010459067828097203,6780.00m,-4.484070796460151,
1444,2024-02-11 17:10:00,0.00940147227848544,10680.00m,2.532022471910096,
1445,2024-02-11 21:28:00,-0.008410828683612316,15480.00m,-1.5775193798449612,
1446,2024-02-12 00:31:00,0.01679344767938651,10980.00m,4.4032786885246065,
1447,2024-02-12 06:47:00,-0.019770931033352035,22560.00m,-2.5654255319149093,
1448,2024-02-12 07:33:00,0.011611276299446785,2760.00m,12.071739130434846,
1449,2024-02-12 10:07:00,-0.012991039593216135,9240.00m,-4.0811688311688314,
1450,2024-02-12 15:58:00,0.04612887688215948,21060.00m,6.275498575498568,
1451,2024-02-12 16:16:00,-0.009340649441382692,1080.00m,-25.922222222222143,
1452,2024-02-12 17:31:00,0.016426503068476463,4500.00m,10.838666666666686,
1453,2024-02-12 19:59:00,-0.014992047713717664,8880.00m,-5.095270270270261,
1454,2024-02-12 21:14:00,0.014951792176547315,4500.00m,9.877333333333276,
1455,2024-02-12 21:59:00,-0.008976528585092961,2700.00m,-10.031111111110981,
1456,2024-02-13 01:36:00,0.010697236697682135,13020.00m,2.456682027649763,
1457,2024-02-13 03:54:00,-0.012132606951977798,8280.00m,-4.428260869565207,
1458,2024-02-13 09:58:00,0.010217596212012995,21840.00m,1.3967032967032806,
1459,2024-02-13 13:36:00,-0.020606497074545777,13080.00m,-4.751376146788971,
1460,2024-02-13 13:51:00,0.01272194337181257,900.00m,41.75333333333304,
1461,2024-02-13 14:23:00,-0.026091037824783992,1920.00m,-40.649999999999864,
1462,2024-02-13 14:38:00,0.012429101603529164,900.00m,40.233333333333334,
1463,2024-02-13 15:14:00,-0.0135804503355445,2160.00m,-18.544444444444405,
1464,2024-02-13 15:34:00,0.010958666812397155,1200.00m,26.56999999999971,
1465,2024-02-13 17:12:00,-0.012612524401960637,5880.00m,-6.309183673469343,
1466,2024-02-13 23:53:00,0.027918949516986088,24060.00m,3.3700748129675846,
1467,2024-02-14 04:36:00,-0.00972750915471161,16980.00m,-1.7102473498233215,
1468,2024-02-14 09:10:00,0.04578886908941825,16440.00m,8.23394160583941,
1469,2024-02-14 09:16:00,-0.011256037991068916,360.00m,-96.66666666666667,
1470,2024-02-14 09:57:00,0.014340139632840579,2460.00m,17.819512195121916,
1471,2024-02-14 11:06:00,-0.011600568901961164,4140.00m,-8.68840579710145,
1472,2024-02-14 14:36:00,0.018220795238747766,12600.00m,4.4319047619047485,
1473,2024-02-14 15:16:00,-0.011882398860212615,2400.00m,-15.45,
1474,2024-02-14 15:35:00,0.011219710575832398,1140.00m,30.347368421052938,
1475,2024-02-14 19:19:00,-0.013821887573770989,13440.00m,-3.2066964285714414,
1476,2024-02-15 00:39:00,0.02355121951219512,19200.00m,3.771875,
1477,2024-02-15 01:34:00,-0.013239415140019445,3300.00m,-12.627272727272727,
1478,2024-02-15 03:42:00,0.012516783385655667,7680.00m,5.061718750000011,
1479,2024-02-15 08:04:00,-0.014035382290537728,15720.00m,-2.807633587786254,
1480,2024-02-15 14:51:00,0.022146191180227,24420.00m,2.8117936117935973,
1481,2024-02-15 16:14:00,-0.019580001211680548,4980.00m,-12.460240963855387,
1482,2024-02-15 16:40:00,0.01154002124167227,1560.00m,22.984615384615328,
1483,2024-02-15 21:59:00,-0.019729833952495678,19140.00m,-3.239811912225705,
1484,2024-02-16 04:11:00,0.019932189658630823,22320.00m,2.7513440860215055,
1485,2024-02-16 09:10:00,-0.013810656717443772,17940.00m,-2.419063545150487,
1486,2024-02-16 14:00:00,0.0169953900633696,17400.00m,3.0268965517241226,
1487,2024-02-16 15:13:00,-0.016644741476304528,4380.00m,-11.976712328767064,
1488,2024-02-16 16:22:00,0.012084533655484253,4140.00m,9.046376811594161,
1489,2024-02-16 19:55:00,-0.011270730914168699,12780.00m,-2.766197183098578,
1490,2024-02-16 23:45:00,0.010640808856248476,13800.00m,2.391304347826087,
1491,2024-02-17 14:48:00,-0.029547569001757347,54180.00m,-1.7093023255813953,
1492,2024-02-17 15:32:00,0.009975480478081304,2640.00m,11.493181818181752,
1493,2024-02-17 16:24:00,-0.008011718749999943,3120.00m,-7.888461538461483,
1494,2024-02-17 21:34:00,0.025064087671146568,18600.00m,4.106451612903226,
1495,2024-02-18 02:48:00,-0.015876979340335245,18840.00m,-2.6324840764331396,
1496,2024-02-18 10:07:00,0.016683516732310416,26340.00m,1.947152619589984,
1497,2024-02-18 12:58:00,-0.00970993069820128,10260.00m,-2.9578947368421225,
1498,2024-02-18 23:22:00,0.015735133332816474,37440.00m,1.300801282051289,
1499,2024-02-19 01:37:00,-0.008431796537581478,8100.00m,-3.272592592592614,
1500,2024-02-19 07:28:00,0.010870925087238845,21060.00m,1.6091168091168175,
1501,2024-02-19 16:57:00,-0.015011452801699954,34140.00m,-1.385588752196839,
1502,2024-02-19 18:19:00,0.009587968645796082,4920.00m,6.048780487804878,
1503,2024-02-20 01:24:00,-0.01717485998755445,25500.00m,-2.1105882352941174,
1504,2024-02-20 06:13:00,0.014260527366770245,17340.00m,2.5328719723183393,
1505,2024-02-20 09:48:00,-0.009046818727490996,12900.00m,-2.1906976744186046,
1506,2024-02-20 13:40:00,0.027868931897696382,13920.00m,6.197413793103461,
1507,2024-02-20 17:24:00,-0.041096148732870375,13440.00m,-9.72901785714287,
1508,2024-02-20 23:16:00,0.032884955752212335,21120.00m,4.750568181818173,
1509,2024-02-21 10:11:00,-0.03056231460220625,39300.00m,-2.450687022900759,
1510,2024-02-21 10:51:00,0.0097649115226741,2400.00m,12.429999999999927,
1511,2024-02-21 12:05:00,-0.011039751663937173,4440.00m,-7.670270270270251,
1512,2024-02-21 13:09:00,0.01217977209882279,3840.00m,9.676562500000045,
1513,2024-02-21 14:35:00,-0.012377127379488165,5160.00m,-7.406976744186046,
1514,2024-02-21 16:53:00,0.012028590034409587,8280.00m,4.430434782608706,
1515,2024-02-21 19:02:00,-0.01457028827592374,7740.00m,-5.810077519379845,
1516,2024-02-21 23:50:00,0.02504004671459112,17280.00m,4.4072916666666515,
1517,2024-02-22 01:54:00,-0.014801742105962048,7440.00m,-6.202419354838698,
1518,2024-02-22 09:54:00,0.017086987947100018,28800.00m,1.8222916666666606,
1519,2024-02-22 13:49:00,-0.020658514146549428,14100.00m,-4.5770212765957385,
1520,2024-02-22 20:31:00,0.020837378236167412,24120.00m,2.6430348258706466,
1521,2024-02-23 08:51:00,-0.022023875848660807,44400.00m,-1.5491891891891914,
1522,2024-02-23 14:30:00,0.00814635545375621,20340.00m,1.2233038348082723,
1523,2024-02-23 14:46:00,-0.00889890863176609,960.00m,-28.543750000000273,
1524,2024-02-23 14:55:00,0.008099999606796136,540.00m,45.77777777777778,
1525,2024-02-23 16:21:00,-0.011908058709498726,5160.00m,-7.099999999999983,
1526,2024-02-23 18:35:00,0.011054837996589373,8040.00m,4.179850746268646,
1527,2024-02-23 23:17:00,-0.012392217187856791,16920.00m,-2.2510638297872183,
1528,2024-02-25 02:07:00,0.025892008246542392,96600.00m,0.8136024844720506,
1529,2024-02-25 16:46:00,-0.011184798692891053,52740.00m,-0.6604095563139932,
1530,2024-02-25 20:26:00,0.0135073255612301,13200.00m,3.1509090909090776,
1531,2024-02-26 09:57:00,-0.020412008420890675,48660.00m,-1.309124537607888,
1532,2024-02-26 16:12:00,0.05262228223536748,22500.00m,7.149866666666659,
1533,2024-02-26 16:31:00,-0.009078365931422845,1140.00m,-25.62631578947376,
1534,2024-02-26 20:09:00,0.034073996022285766,13080.00m,8.306880733944961,
1535,2024-02-26 20:32:00,-0.011570864494059018,1380.00m,-27.647826086956584,
1536,2024-02-27 02:08:00,0.047933491773914795,20160.00m,7.749404761904771,
1537,2024-02-27 02:32:00,-0.013069851681777218,1440.00m,-31.0,
1538,2024-02-27 03:16:00,0.008404991732065471,2640.00m,10.731818181818115,
1539,2024-02-27 03:58:00,-0.018262019201067525,2520.00m,-24.633333333333297,
1540,2024-02-27 04:33:00,0.01000566358316028,2100.00m,15.9,
1541,2024-02-27 04:57:00,-0.008231419670672034,1440.00m,-19.266666666666726,
1542,2024-02-27 06:44:00,0.013975294637119764,6420.00m,7.276635514018677,
1543,2024-02-27 07:36:00,-0.011093763276404062,3120.00m,-12.051923076923021,
1544,2024-02-27 12:44:00,0.02837401211860839,18480.00m,5.146428571428567,
1545,2024-02-27 13:01:00,-0.012567537458920515,1020.00m,-42.470588235294116,
1546,2024-02-27 13:16:00,0.008819340144832549,900.00m,33.35333333333353,
1547,2024-02-27 14:24:00,-0.00881213533958092,4080.00m,-7.416176470588278,
1548,2024-02-27 14:38:00,0.010864966257430822,840.00m,44.02142857142878,
1549,2024-02-27 14:46:00,-0.010312190987427654,480.00m,-73.91250000000036,
1550,2024-02-27 15:23:00,0.009970290015965203,2220.00m,15.29189189189197,
1551,2024-02-27 16:09:00,-0.016913724997557358,2760.00m,-21.073913043478292,
1552,2024-02-27 17:09:00,0.016061762356908333,3600.00m,15.083333333333334,
1553,2024-02-27 18:00:00,-0.008871615720524043,3060.00m,-9.958823529411793,
1554,2024-02-27 19:54:00,0.014597626806198624,6840.00m,7.265789473684236,
1555,2024-02-27 21:53:00,-0.01636952322721401,7140.00m,-7.91932773109245,
1556,2024-02-28 08:03:00,0.037092957547503004,36600.00m,3.4434426229508195,
1557,2024-02-28 08:12:00,-0.008273666107596847,540.00m,-53.98888888888905,
1558,2024-02-28 08:57:00,0.022432034284183743,2700.00m,29.033333333333335,
1559,2024-02-28 09:20:00,-0.010470351357115389,1380.00m,-27.108695652173914,
1560,2024-02-28 11:19:00,0.010168755176018647,7140.00m,5.035294117647095,
1561,2024-02-28 11:52:00,-0.01367833239254906,1980.00m,-24.672727272727403,
1562,2024-02-28 13:25:00,0.03620981560399658,5580.00m,22.85913978494625,
1563,2024-02-28 13:30:00,-0.009583062799470712,300.00m,-116.6,
1564,2024-02-28 14:08:00,0.008436024463309233,2280.00m,13.376315789473761,
1565,2024-02-28 14:34:00,-0.013989052332221889,1560.00m,-32.69230769230769,
1566,2024-02-28 14:58:00,0.020598613294876778,1440.00m,51.42083333333327,
1567,2024-02-28 15:06:00,-0.008044693102889997,480.00m,-61.48750000000018,
1568,2024-02-28 17:15:00,0.05840010551653637,7740.00m,27.45891472868215,
1569,2024-02-28 17:25:00,-0.03716107807004151,600.00m,-238.55999999999986,
1570,2024-02-28 17:27:00,0.010787793679401315,120.00m,333.40000000000146,
1571,2024-02-28 17:31:00,-0.04018092942407977,240.00m,-627.6000000000004,
1572,2024-02-28 17:34:00,0.019200560308169516,180.00m,383.80000000000047,
1573,2024-02-28 17:37:00,-0.016314235974763714,180.00m,-332.36666666666616,
1574,2024-02-28 17:44:00,0.022110300342806886,420.00m,189.89999999999938,
1575,2024-02-28 17:46:00,-0.008299349396100282,120.00m,-255.0,
1576,2024-02-28 17:56:00,0.011944418007042948,600.00m,72.79000000000015,
1577,2024-02-28 18:23:00,-0.035460567388537145,1620.00m,-80.9925925925927,
1578,2024-02-28 19:02:00,0.035007405639045336,2340.00m,53.39230769230777,
1579,2024-02-28 20:29:00,-0.025082840621142178,5220.00m,-17.749425287356285,
1580,2024-02-28 20:57:00,0.010005031672881281,1680.00m,21.446428571428573,
1581,2024-02-28 21:09:00,-0.011918449760228834,720.00m,-60.208333333333336,
1582,2024-02-28 23:40:00,0.045459098664725486,9060.00m,18.032450331125787,
1583,2024-02-29 01:26:00,-0.023511394794373038,6360.00m,-13.88962264150939,
1584,2024-02-29 02:59:00,0.01116627744961431,5580.00m,7.3419354838709205,
1585,2024-02-29 03:31:00,-0.009834840662966247,1920.00m,-19.003124999999955,
1586,2024-02-29 04:53:00,0.02356136817639094,4920.00m,17.591463414634145,
1587,2024-02-29 05:19:00,-0.012127866006229894,1560.00m,-29.23076923076923,
1588,2024-02-29 06:46:00,0.02892306996459125,5220.00m,20.580459770114942,
1589,2024-02-29 07:48:00,-0.016734148558545995,3720.00m,-17.191935483870992,
1590,2024-02-29 08:17:00,0.008978096828686527,1740.00m,19.389655172413892,
1591,2024-02-29 08:25:00,-0.011841595126003922,480.00m,-93.53750000000036,
1592,2024-02-29 09:07:00,0.008900746586552521,2520.00m,13.233333333333402,
1593,2024-02-29 10:16:00,-0.011022222222222246,4140.00m,-10.06376811594205,
1594,2024-02-29 11:36:00,0.018014432089571427,4800.00m,14.030000000000019,
1595,2024-02-29 13:29:00,-0.018037775115091106,6780.00m,-10.124778761061934,
1596,2024-02-29 14:36:00,0.0211274502720607,4020.00m,19.64029850746271,
1597,2024-02-29 15:12:00,-0.014948160214340365,2160.00m,-26.408333333333456,
1598,2024-02-29 15:27:00,0.010440692683534139,900.00m,43.60666666666657,
1599,2024-02-29 16:43:00,-0.025199358010337507,4560.00m,-20.989473684210488,
1600,2024-02-29 17:02:00,0.011635444350813508,1140.00m,37.78947368421053,
1601,2024-02-29 17:52:00,-0.02815974113350209,3000.00m,-35.15800000000003,
1602,2024-02-29 18:13:00,0.014824924466070331,1260.00m,42.8285714285715,
1603,2024-02-29 18:50:00,-0.015360376822186984,2220.00m,-25.55945945945938,
1604,2024-02-29 20:55:00,0.027879409717296393,7500.00m,13.520799999999989,
1605,2024-02-29 21:11:00,-0.022538231060198796,960.00m,-87.77500000000009,
1606,2024-02-29 21:18:00,0.008186183967491665,420.00m,71.22857142857121,
1607,2024-02-29 21:36:00,-0.012440132169279623,1080.00m,-42.43888888888897,
1608,2024-02-29 22:01:00,0.014569062468050302,1500.00m,35.34,
1609,2024-02-29 22:44:00,-0.01285641609928859,2580.00m,-18.3953488372093,
1610,2024-03-01 00:29:00,0.01731794180262688,6300.00m,10.017142857142884,
1611,2024-03-01 02:19:00,-0.014988711126216869,6600.00m,-8.419090909090896,
1612,2024-03-01 13:21:00,0.030206834000433804,39720.00m,2.7770392749244737,
1613,2024-03-01 14:42:00,-0.016030609836233,4860.00m,-12.408641975308713,
1614,2024-03-01 15:03:00,0.008444946566667262,1260.00m,24.80952380952381,
1615,2024-03-01 15:54:00,-0.015552594483297334,3060.00m,-18.972549019607815,
1616,2024-03-01 20:58:00,0.031554147053493124,18240.00m,6.357236842105259,
1617,2024-03-01 21:08:00,-0.012635387632419838,600.00m,-79.82999999999956,
1618,2024-03-01 21:17:00,0.008561846960792777,540.00m,59.344444444444285,
1619,2024-03-02 09:38:00,-0.01863292829271011,44460.00m,-1.582051282051286,
1620,2024-03-02 12:48:00,0.008098057761826405,11400.00m,2.6315789473684212,
1621,2024-03-02 14:06:00,-0.009727970284304149,4680.00m,-7.762820512820513,
1622,2024-03-02 20:02:00,0.009737546988288083,21360.00m,1.6859550561797876,
1623,2024-03-03 07:32:00,-0.013353599655515346,41400.00m,-1.2044927536231862,
1624,2024-03-03 12:30:00,0.021254975019053216,17880.00m,4.379865771812071,
1625,2024-03-03 13:23:00,-0.010205383339711698,3180.00m,-12.075471698113208,
1626,2024-03-03 22:28:00,0.020107294754478647,32700.00m,2.2900917431192633,
1627,2024-03-03 22:55:00,-0.009001880919328934,1620.00m,-21.11111111111111,
1628,2024-03-04 00:43:00,0.026532228633898616,6480.00m,15.415740740740754,
1629,2024-03-04 00:49:00,-0.029842428005899292,360.00m,-320.38333333333384,
1630,2024-03-04 01:29:00,0.02266824765132577,2400.00m,35.41500000000015,
1631,2024-03-04 02:10:00,-0.011536662113338793,2460.00m,-17.982926829268365,
1632,2024-03-04 02:39:00,0.012473880833280568,1740.00m,27.17241379310345,
1633,2024-03-04 05:38:00,-0.010753595997498483,10740.00m,-3.8424581005586753,
1634,2024-03-04 08:44:00,0.036941974516454444,11160.00m,12.566666666666714,
1635,2024-03-04 09:06:00,-0.011665975710871712,1320.00m,-34.79090909090949,
1636,2024-03-04 09:33:00,0.012702755219433613,1620.00m,30.5074074074073,
1637,2024-03-04 10:39:00,-0.012118554118526642,3960.00m,-12.057575757575691,
1638,2024-03-04 13:41:00,0.012367412184899142,10920.00m,4.408241758241735,
1639,2024-03-04 14:03:00,-0.013457298429829519,1320.00m,-40.17272727272707,
1640,2024-03-04 16:14:00,0.03144437619037323,7860.00m,15.551908396946533,
1641,2024-03-04 16:32:00,-0.008949854776223573,1080.00m,-33.22777777777729,
1642,2024-03-04 17:36:00,0.019178677876122183,3840.00m,19.846874999999955,
1643,2024-03-04 18:29:00,-0.019122962962963005,3180.00m,-24.354716981132132,
1644,2024-03-04 20:39:00,0.023785214139424776,7800.00m,12.113846153846175,
1645,2024-03-04 20:48:00,-0.008569868995633102,540.00m,-64.5444444444438,
1646,2024-03-04 20:58:00,0.008727275973876205,600.00m,58.65,
1647,2024-03-04 21:26:00,-0.01412901093973121,1680.00m,-34.20714285714296,
1648,2024-03-04 23:13:00,0.025586621937460908,6420.00m,15.981308411214954,
1649,2024-03-04 23:31:00,-0.013505627223095937,1080.00m,-51.427777777777614,
1650,2024-03-05 00:22:00,0.012837179310844606,3060.00m,17.019607843137255,
1651,2024-03-05 00:38:00,-0.009337933914587473,960.00m,-39.96875,
1652,2024-03-05 01:53:00,0.013936260218204542,4500.00m,12.606666666666667,
1653,2024-03-05 02:18:00,-0.014352355934938353,1500.00m,-39.49200000000012,
1654,2024-03-05 02:27:00,0.00872972797583572,540.00m,65.76666666666603,
1655,2024-03-05 03:12:00,-0.010604622872824983,2700.00m,-16.117777777777842,
1656,2024-03-05 04:04:00,0.011739427274366387,3120.00m,15.276923076923245,
1657,2024-03-05 05:03:00,-0.03837794571729877,3540.00m,-44.53389830508475,
1658,2024-03-05 05:27:00,0.019747464544635576,1440.00m,54.17083333333297,
1659,2024-03-05 05:44:00,-0.00875531008513993,1020.00m,-34.576470588234606,
1660,2024-03-05 06:35:00,0.01487334068635536,3060.00m,19.407843137254673,
1661,2024-03-05 08:09:00,-0.028229866268670734,5640.00m,-20.282978723404163,
1662,2024-03-05 08:59:00,0.020269137826480498,3000.00m,26.60600000000006,
1663,2024-03-05 09:51:00,-0.010889742107849239,3120.00m,-14.023076923077147,
1664,2024-03-05 10:32:00,0.014945744486501555,2460.00m,24.143902439024604,
1665,2024-03-05 11:44:00,-0.009194797003397743,4320.00m,-8.584722222222304,
1666,2024-03-05 13:21:00,0.021876834517684275,5820.00m,15.021649484536143,
1667,2024-03-05 14:24:00,-0.010171638128877034,3780.00m,-10.988888888888935,
1668,2024-03-05 15:03:00,0.02456304410749676,2340.00m,42.43076923076931,
1669,2024-03-05 15:05:00,-0.020387023120842906,120.00m,-703.5999999999985,
1670,2024-03-05 15:17:00,0.01278226957382065,720.00m,72.02499999999903,
1671,2024-03-05 15:31:00,-0.027300843732750664,840.00m,-133.54285714285652,
1672,2024-03-05 15:36:00,0.012685440117216468,300.00m,169.0,
1673,2024-03-05 16:12:00,-0.03758108893395485,2160.00m,-70.41944444444461,
1674,2024-03-05 16:30:00,0.01776755691856498,1080.00m,64.08333333333333,
1675,2024-03-05 16:48:00,-0.01540971499140369,1080.00m,-56.56666666666651,
1676,2024-03-05 16:59:00,0.008683154771969107,660.00m,51.354545454544926,
1677,2024-03-05 17:10:00,-0.02522176285660719,660.00m,-150.46363636363557,
1678,2024-03-05 17:57:00,0.026534077052471013,2820.00m,36.11276595744687,
1679,2024-03-05 19:18:00,-0.04489820160483436,4860.00m,-36.397530864197584,
1680,2024-03-05 19:31:00,0.00987468887475099,780.00m,47.6384615384612,
1681,2024-03-05 19:39:00,-0.023839823668354947,480.00m,-188.73749999999927,
1682,2024-03-05 19:42:00,0.010574958795185718,180.00m,217.9333333333319,
1683,2024-03-05 19:56:00,-0.03900344275125604,840.00m,-174.06428571428583,
1684,2024-03-05 20:14:00,0.05105742294586151,1080.00m,170.31111111111144,
1685,2024-03-05 20:40:00,-0.02349630315111607,1560.00m,-57.030769230769344,
1686,2024-03-05 20:46:00,0.015594320486815416,360.00m,160.16666666666666,
1687,2024-03-05 20:59:00,-0.01005656217045348,780.00m,-48.415384615384724,
1688,2024-03-05 21:29:00,0.03314255462694857,1800.00m,68.44666666666672,
1689,2024-03-05 21:36:00,-0.011459147008279956,420.00m,-104.78571428571429,
1690,2024-03-05 21:42:00,0.009022306859576643,360.00m,95.15000000000025,
1691,2024-03-05 22:24:00,-0.020663331631358566,2520.00m,-31.411904761904832,
1692,2024-03-05 22:31:00,0.014313564621346243,420.00m,127.85714285714286,
1693,2024-03-05 22:45:00,-0.009389323448396563,840.00m,-42.535714285714285,
1694,2024-03-05 23:48:00,0.02451152041459486,3780.00m,24.444444444444443,
1695,2024-03-06 00:05:00,-0.011925254320496625,1020.00m,-45.152941176470506,
1696,2024-03-06 00:33:00,0.008643081761006243,1680.00m,19.632142857142753,
1697,2024-03-06 03:14:00,-0.020279128351340603,9660.00m,-8.080124223602448,
1698,2024-03-06 06:13:00,0.05899237535163744,10740.00m,20.712849162011125,
1699,2024-03-06 07:03:00,-0.013804833194102873,3000.00m,-18.375999999999767,
1700,2024-03-06 08:33:00,0.03122752812412393,5400.00m,22.774444444444413,
1701,2024-03-06 08:51:00,-0.013482588314203785,1080.00m,-50.70000000000032,
1702,2024-03-06 09:24:00,0.008091387905898535,1980.00m,16.37272727272736,
1703,2024-03-06 09:58:00,-0.017161108222535797,2040.00m,-33.97647058823521,
1704,2024-03-06 12:02:00,0.02206173537404876,7440.00m,11.770967741935413,
1705,2024-03-06 12:46:00,-0.03534340736534181,2640.00m,-54.31590909090896,
1706,2024-03-06 13:01:00,0.017485953441311153,900.00m,76.04000000000039,
1707,2024-03-06 13:08:00,-0.01356032309729844,420.00m,-128.5714285714296,
1708,2024-03-06 14:32:00,0.027446116624230014,5040.00m,21.391666666666683,
1709,2024-03-06 15:07:00,-0.025664887686384023,2100.00m,-49.32571428571412,
1710,2024-03-06 16:29:00,0.021726990598194093,4920.00m,17.365853658536587,
1711,2024-03-06 16:35:00,-0.008706092472739327,360.00m,-97.16666666666667,
1712,2024-03-06 18:05:00,0.0164578738686624,5400.00m,12.13888888888889,
1713,2024-03-06 18:48:00,-0.011976447259022437,2580.00m,-18.793023255814088,
1714,2024-03-06 19:30:00,0.009508595085950772,2520.00m,15.092857142857005,
1715,2024-03-06 19:47:00,-0.008824678788527088,1020.00m,-34.93529411764672,
1716,2024-03-06 20:17:00,0.010211974934788431,1800.00m,22.70666666666657,
1717,2024-03-06 23:03:00,-0.024096564332692305,9960.00m,-9.781927710843393,
1718,2024-03-07 00:14:00,0.008334423098562511,4260.00m,7.719718309859237,
1719,2024-03-07 01:09:00,-0.009221628224365307,3300.00m,-11.118181818181819,
1720,2024-03-07 02:01:00,0.012333333333333378,3120.00m,15.582692307692364,
1721,2024-03-07 04:03:00,-0.011944014686447192,7320.00m,-6.511475409836137,
1722,2024-03-07 11:06:00,0.023934846817893523,25380.00m,3.7184397163120773,
1723,2024-03-07 11:25:00,-0.009817384170917088,1140.00m,-34.768421052631886,
1724,2024-03-07 14:40:00,0.020171639035723613,11700.00m,6.892307692307693,
1725,2024-03-07 14:46:00,-0.018097104404447572,360.00m,-205.0166666666652,
1726,2024-03-07 15:53:00,0.013550667419814392,4020.00m,13.498507462686481,
1727,2024-03-07 16:12:00,-0.00816302395541524,1140.00m,-29.06315789473669,
1728,2024-03-07 17:25:00,0.013466121563232644,4380.00m,12.376712328767123,
1729,2024-03-07 19:23:00,-0.010163564115309697,7080.00m,-5.856779661016999,
1730,2024-03-07 20:32:00,0.009435910540852632,4140.00m,9.20434782608704,
1731,2024-03-08 00:35:00,-0.016447900997618548,14580.00m,-4.598765432098766,
1732,2024-03-08 07:00:00,0.012574766963514812,23100.00m,2.1825974025974104,
1733,2024-03-08 08:29:00,-0.008446070766693367,5340.00m,-6.421348314606742,
1734,2024-03-08 15:30:00,0.04463201133946709,25260.00m,7.1128266033254155,
1735,2024-03-08 15:38:00,-0.03434701716138094,480.00m,-300.91250000000036,
1736,2024-03-08 15:48:00,0.010570284115170797,600.00m,71.53999999999942,
1737,2024-03-08 16:15:00,-0.02892871920310767,1620.00m,-73.28148148148115,
1738,2024-03-08 16:23:00,0.014506806229118704,480.00m,120.4375,
1739,2024-03-08 16:34:00,-0.008953615729156506,660.00m,-54.84545454545481,
1740,2024-03-08 17:55:00,0.03024680542639494,4860.00m,24.935802469135837,
1741,2024-03-08 18:07:00,-0.009286728655713812,720.00m,-53.24166666666739,
1742,2024-03-08 20:04:00,0.01814308476456253,7020.00m,10.569230769230819,
1743,2024-03-09 02:00:00,-0.021137030440321218,21360.00m,-4.120224719101132,
1744,2024-03-09 07:50:00,0.00989282769991756,21000.00m,1.92,
1745,2024-03-09 10:28:00,-0.008724489795918368,9480.00m,-3.787974683544304,
1746,2024-03-10 01:21:00,0.019045168121291527,53580.00m,1.4502799552071732,
1747,2024-03-10 01:42:00,-0.008368375937636315,1260.00m,-27.61428571428613,
1748,2024-03-10 10:21:00,0.018628659408848298,31140.00m,2.4664739884393176,
1749,2024-03-10 14:43:00,-0.01739650955472246,15720.00m,-4.64770992366411,
1750,2024-03-10 16:31:00,0.015269173338993924,6480.00m,9.724074074074046,
1751,2024-03-10 22:56:00,-0.02277983597143315,23100.00m,-4.131688311688304,
1752,2024-03-10 23:47:00,0.01150814934655735,3060.00m,15.398039215686046,
1753,2024-03-11 00:52:00,-0.0233832049478514,3900.00m,-24.83076923076923,
1754,2024-03-11 01:10:00,0.01479011243155679,1080.00m,55.388888888888886,
1755,2024-03-11 01:37:00,-0.009037100058619775,1620.00m,-22.89629629629619,
1756,2024-03-11 07:39:00,0.05446925520035063,21720.00m,10.200000000000024,
1757,2024-03-11 07:42:00,-0.010106167924108731,180.00m,-240.8000000000029,
1758,2024-03-11 11:46:00,0.021775414189350608,14640.00m,6.314754098360668,
1759,2024-03-11 12:00:00,-0.011058167760496269,840.00m,-57.107142857142854,
1760,2024-03-11 13:24:00,0.013041958041958042,5040.00m,11.101190476190476,
1761,2024-03-11 13:53:00,-0.012584130052117488,1740.00m,-31.43103448275862,
1762,2024-03-11 15:35:00,0.01676290879601787,6120.00m,11.753921568627394,
1763,2024-03-11 16:03:00,-0.011309146464722782,1680.00m,-29.371428571428364,
1764,2024-03-11 19:18:00,0.013286971035154253,11700.00m,4.898974358974375,
1765,2024-03-11 19:58:00,-0.012149155557507821,2400.00m,-22.127500000000147,
1766,2024-03-11 22:21:00,0.011930352088506452,8580.00m,6.004195804195845,
1767,2024-03-12 04:05:00,-0.020132836626328636,20640.00m,-4.262209302325573,
1768,2024-03-12 07:20:00,0.014600596131451527,11700.00m,5.343076923076893,
1769,2024-03-12 08:28:00,-0.012315958122703752,4080.00m,-13.113235294117604,
1770,2024-03-12 11:24:00,0.012556233158020512,10560.00m,5.1017045454545125,
1771,2024-03-12 12:29:00,-0.009722655721313332,3900.00m,-10.830769230769231,
1772,2024-03-12 13:30:00,0.009509903185587577,3660.00m,11.178688524590306,
1773,2024-03-12 13:45:00,-0.008252965693689931,900.00m,-39.82666666666725,
1774,2024-03-12 14:06:00,0.016529063766303136,1260.00m,56.504761904762184,
1775,2024-03-12 15:00:00,-0.02458229017215426,3240.00m,-33.22037037037053,
1776,2024-03-12 15:34:00,0.013535839418724556,2040.00m,28.33823529411765,
1777,2024-03-12 16:30:00,-0.027615257627358114,3360.00m,-35.576785714285506,
1778,2024-03-12 16:35:00,0.009677474534087035,300.00m,135.77999999999884,
1779,2024-03-12 17:22:00,-0.025581838588763475,2820.00m,-38.5531914893617,
1780,2024-03-12 18:03:00,0.03352241033331156,2460.00m,56.4317073170731,
1781,2024-03-12 18:15:00,-0.008279454727952641,720.00m,-49.21666666666594,
1782,2024-03-12 19:09:00,0.013874242676972572,3240.00m,18.175925925925927,
1783,2024-03-12 21:08:00,-0.014246257534078544,7140.00m,-8.586554621848764,
1784,2024-03-13 08:45:00,0.042316869465349696,41820.00m,4.292539454806304,
1785,2024-03-13 13:57:00,-0.026000689335117164,18720.00m,-6.141346153846126,
1786,2024-03-13 14:11:00,0.015351479072307488,840.00m,78.70714285714244,
1787,2024-03-13 14:55:00,-0.008287596048298573,2640.00m,-13.727272727272727,
1788,2024-03-13 15:16:00,0.012284852509823373,1260.00m,42.2809523809521,
1789,2024-03-13 16:13:00,-0.009922926470568137,3420.00m,-12.736842105263158,
1790,2024-03-13 20:14:00,0.014165236706199461,14460.00m,4.257676348547742,
1791,2024-03-14 01:36:00,-0.01182756179897629,19320.00m,-2.698447204968926,
1792,2024-03-14 04:13:00,0.015315083249420254,9420.00m,7.081528662420308,
1793,2024-03-14 04:52:00,-0.012949940914622649,2340.00m,-24.474358974358974,
1794,2024-03-14 07:05:00,0.015209120248953987,7980.00m,8.319548872180452,
1795,2024-03-14 13:55:00,-0.03057993010997986,24600.00m,-5.508780487804857,
1796,2024-03-14 14:21:00,0.01295804626516932,1560.00m,35.6846153846155,
1797,2024-03-14 14:50:00,-0.015305791824134449,1740.00m,-38.279310344827785,
1798,2024-03-14 15:13:00,0.009791649164076323,1380.00m,30.404347826087083,
1799,2024-03-14 15:39:00,-0.019875952094712483,1560.00m,-55.130769230769566,
1800,2024-03-14 15:49:00,0.008559233432224311,600.00m,60.5,
1801,2024-03-14 16:30:00,-0.01658883781346032,2460.00m,-28.843902439024177,
1802,2024-03-14 17:00:00,0.01979422676706654,1800.00m,46.25666666666657,
1803,2024-03-14 18:54:00,-0.027038632612527008,6840.00m,-16.9570175438597,
1804,2024-03-14 19:08:00,0.011719227324545998,840.00m,58.22857142857226,
1805,2024-03-14 19:35:00,-0.021854010097177877,1620.00m,-56.96296296296296,
1806,2024-03-14 20:47:00,0.03435452169656039,4320.00m,32.84583333333325,
1807,2024-03-14 21:07:00,-0.011207392946926393,1200.00m,-39.9,
1808,2024-03-15 00:34:00,0.029482281087990867,12420.00m,10.027536231884044,
1809,2024-03-15 02:53:00,-0.058499710957537546,8340.00m,-30.504316546762524,
1810,2024-03-15 03:02:00,0.017574581700629657,540.00m,133.25555555555425,
1811,2024-03-15 03:28:00,-0.03410719197464274,1560.00m,-91.09230769230747,
1812,2024-03-15 03:50:00,0.027750982160828414,1320.00m,84.60454545454559,
1813,2024-03-15 04:05:00,-0.018097335375902326,900.00m,-83.16666666666667,
1814,2024-03-15 04:14:00,0.01249754377981621,540.00m,93.98888888888824,
1815,2024-03-15 04:44:00,-0.021788615988046277,1800.00m,-49.773333333333234,
1816,2024-03-15 05:10:00,0.018314985530594633,1560.00m,47.22307692307704,
1817,2024-03-15 05:48:00,-0.015641800140040883,2280.00m,-28.100000000000076,
1818,2024-03-15 07:46:00,0.02496651686062081,7080.00m,14.217796610169467,
1819,2024-03-15 09:13:00,-0.04371353031620736,5220.00m,-34.60689655172418,
1820,2024-03-15 10:02:00,0.03429140558932005,2940.00m,46.093877551020526,
1821,2024-03-15 10:10:00,-0.010958039443070305,480.00m,-93.3125,
1822,2024-03-15 10:22:00,0.009482464342431307,720.00m,53.241666666666184,
1823,2024-03-15 11:11:00,-0.017235675775811074,2940.00m,-23.92448979591813,
1824,2024-03-15 13:07:00,0.02315554518308392,6960.00m,13.343103448275762,
1825,2024-03-15 13:30:00,-0.012617083434466823,1380.00m,-37.517391304347576,
1826,2024-03-15 13:55:00,0.01687879932176789,1500.00m,45.59200000000012,
1827,2024-03-15 14:32:00,-0.01080848076914671,2220.00m,-20.05945945945938,
1828,2024-03-15 15:03:00,0.011026689299105939,1860.00m,24.161290322580644,
1829,2024-03-15 16:09:00,-0.015254437197761718,3960.00m,-15.87272727272736,
1830,2024-03-15 16:42:00,0.011643192488262824,1980.00m,23.860606060605885,
1831,2024-03-15 17:06:00,-0.01059126009100344,1440.00m,-30.191666666666304,
1832,2024-03-15 19:00:00,0.04258364935596385,6840.00m,25.285087719298247,
1833,2024-03-15 20:09:00,-0.038733052960914116,4140.00m,-39.61594202898551,
1834,2024-03-15 20:24:00,0.009739192473978904,900.00m,44.046666666666475,
1835,2024-03-15 20:49:00,-0.012481751824817519,1500.00m,-34.2,
1836,2024-03-16 00:22:00,0.035971616527459574,12780.00m,11.423943661971844,
1837,2024-03-16 05:19:00,-0.019725078947406015,17820.00m,-4.6542087542087645,
1838,2024-03-16 07:43:00,0.011670257365785447,8640.00m,5.567361111111091,
1839,2024-03-16 11:31:00,-0.023799348755426438,13680.00m,-7.254385964912281,
1840,2024-03-16 11:48:00,0.009421655953316182,1020.00m,37.59999999999983,
1841,2024-03-16 14:04:00,-0.013085018303839227,8160.00m,-6.58897058823523,
1842,2024-03-16 15:51:00,0.013474524611314593,6420.00m,8.511214953271,
1843,2024-03-16 18:13:00,-0.02533669112011387,8520.00m,-12.221830985915492,
1844,2024-03-16 19:09:00,0.014738923339624337,3360.00m,17.571428571428573,
1845,2024-03-16 20:22:00,-0.014118914769875712,4380.00m,-13.102739726027398,
1846,2024-03-16 20:46:00,0.011593139640212951,1440.00m,32.262500000000124,
1847,2024-03-16 22:07:00,-0.024644854197070114,4860.00m,-20.556790123456864,
1848,2024-03-16 22:37:00,0.013337137151415867,1800.00m,29.296666666666958,
1849,2024-03-16 23:17:00,-0.026082099386620726,2400.00m,-43.54250000000011,
1850,2024-03-16 23:24:00,0.012671462991978254,420.00m,117.72857142857121,
1851,2024-03-16 23:46:00,-0.008442150015183723,1320.00m,-25.272727272727273,
1852,2024-03-17 00:25:00,0.015489097145657233,2340.00m,25.935897435897434,
1853,2024-03-17 00:58:00,-0.01621641999230951,1980.00m,-32.58787878787883,
1854,2024-03-17 03:53:00,0.02100855148903816,10500.00m,7.831999999999993,
1855,2024-03-17 07:22:00,-0.029142465099450947,12540.00m,-9.288038277511946,
1856,2024-03-17 11:14:00,0.043430055899612734,13920.00m,12.106034482758647,
1857,2024-03-17 12:56:00,-0.014217946267011203,6120.00m,-9.405882352941262,
1858,2024-03-17 17:54:00,0.03258933202242381,17880.00m,7.274496644295311,
1859,2024-03-17 18:52:00,-0.008326235868765975,3480.00m,-9.860344827586106,
1860,2024-03-17 20:13:00,0.008594339539540629,4860.00m,7.227160493827089,
1861,2024-03-17 21:54:00,-0.00938136826783115,6060.00m,-6.381188118811881,
1862,2024-03-17 22:39:00,0.012830704351595347,2700.00m,19.40444444444438,
1863,2024-03-18 01:06:00,-0.029418805229171636,8820.00m,-13.794557823129272,
1864,2024-03-18 05:35:00,0.031403164979843454,16140.00m,7.810037174721222,
1865,2024-03-18 08:27:00,-0.022445791269213308,10320.00m,-9.004651162790715,
1866,2024-03-18 13:00:00,0.018135590707603857,16380.00m,4.480952380952392,
1867,2024-03-18 13:27:00,-0.011332876115923585,1620.00m,-28.825925925926033,
1868,2024-03-18 13:36:00,0.010015022533800702,540.00m,75.55555555555556,
1869,2024-03-18 14:55:00,-0.02697949779812764,4740.00m,-23.42025316455692,
1870,2024-03-18 16:19:00,0.020253927148804547,5040.00m,16.089285714285715,
1871,2024-03-18 17:08:00,-0.021521960419686997,2940.00m,-29.902040816326473,
1872,2024-03-18 18:12:00,0.01339356082270866,3840.00m,13.940624999999955,
1873,2024-03-18 19:05:00,-0.008153313098185039,3180.00m,-10.384905660377523,
1874,2024-03-19 00:19:00,0.018085038062366554,18840.00m,3.8563694267516206,
1875,2024-03-19 02:04:00,-0.0358767024416579,6300.00m,-23.291428571428625,
1876,2024-03-19 02:34:00,0.010485201122316785,1800.00m,22.970000000000194,
1877,2024-03-19 03:40:00,-0.020624812717304458,3960.00m,-20.753030303030368,
1878,2024-03-19 03:55:00,0.015750162206375734,900.00m,68.29333333333344,
1879,2024-03-19 04:19:00,-0.014485733747067282,1440.00m,-39.875,
1880,2024-03-19 04:34:00,0.01019536769675006,900.00m,44.25333333333353,
1881,2024-03-19 05:47:00,-0.01573014574635339,4380.00m,-14.172602739726107,
1882,2024-03-19 06:12:00,0.011341238113480416,1500.00m,29.368000000000176,
1883,2024-03-19 07:16:00,-0.025788359497429435,3840.00m,-26.381250000000023,
1884,2024-03-19 07:57:00,0.015320696737375118,2460.00m,23.834146341463345,
1885,2024-03-19 08:30:00,-0.01775318791479948,1980.00m,-34.83939393939385,
1886,2024-03-19 08:37:00,0.00901895127376765,420.00m,81.95714285714244,
1887,2024-03-19 09:11:00,-0.017167776493280187,2040.00m,-32.40882352941159,
1888,2024-03-19 09:17:00,0.015912545991506263,360.00m,167.29999999999927,
1889,2024-03-19 09:41:00,-0.009103378111634215,1440.00m,-24.308333333333394,
1890,2024-03-19 09:58:00,0.011560138387816674,1020.00m,43.182352941176816,
1891,2024-03-19 10:47:00,-0.02118256202052413,2940.00m,-27.769387755102134,
1892,2024-03-19 10:49:00,0.008680563839042227,120.00m,272.90000000000146,
1893,2024-03-19 11:27:00,-0.013637245178715892,2280.00m,-22.760526315789512,
1894,2024-03-19 12:11:00,0.01804114647441531,2640.00m,25.649999999999967,
1895,2024-03-19 12:18:00,-0.009024017988367812,420.00m,-82.09999999999958,
1896,2024-03-19 12:43:00,0.011392643742998436,1500.00m,28.76,
1897,2024-03-19 13:16:00,-0.008370685211789505,1980.00m,-16.19090909090918,
1898,2024-03-19 13:29:00,0.008659369687624393,780.00m,42.16153846153835,
1899,2024-03-19 14:32:00,-0.0212973245598234,3780.00m,-21.582539682539636,
1900,2024-03-19 17:28:00,0.05218936047628193,10560.00m,18.52840909090909,
1901,2024-03-19 18:13:00,-0.022365198874439142,2700.00m,-32.67555555555558,
1902,2024-03-19 19:24:00,0.015236189723467792,4260.00m,13.792957746478914,
1903,2024-03-19 20:24:00,-0.024202384838300898,3600.00m,-26.321666666666715,
1904,2024-03-19 20:36:00,0.008409946823380124,720.00m,44.625,
1905,2024-03-19 21:22:00,-0.009222848118909596,2760.00m,-12.873913043478197,
1906,2024-03-19 21:49:00,0.008408010952892212,1620.00m,19.811111111111163,
1907,2024-03-19 23:25:00,-0.03946047561447045,5760.00m,-26.369791666666668,
1908,2024-03-20 00:26:00,0.022750250319288852,3660.00m,22.981967213114658,
1909,2024-03-20 00:32:00,-0.008014508942738524,360.00m,-84.1833333333331,
1910,2024-03-20 00:58:00,0.014411826335093357,1560.00m,34.65384615384615,
1911,2024-03-20 01:26:00,-0.02207694527358475,1680.00m,-50.00357142857138,
1912,2024-03-20 03:25:00,0.02294458149921798,7140.00m,11.957983193277311,
1913,2024-03-20 03:58:00,-0.02641783045931717,1980.00m,-50.78787878787879,
1914,2024-03-20 04:14:00,0.009097237962633188,960.00m,35.11875000000009,
1915,2024-03-20 04:36:00,-0.01724588827796222,1320.00m,-48.85909090909097,
1916,2024-03-20 05:02:00,0.009233833444892472,1560.00m,21.753846153846098,
1917,2024-03-20 05:32:00,-0.014697841749894022,1800.00m,-30.28666666666662,
1918,2024-03-20 08:33:00,0.039491052372352675,10860.00m,13.289502762430947,
1919,2024-03-20 08:59:00,-0.009125741920607038,1560.00m,-22.223076923077034,
1920,2024-03-20 11:29:00,0.018129478972737267,9000.00m,7.582666666666677,
1921,2024-03-20 11:47:00,-0.010136986301369864,1080.00m,-35.97222222222222,
1922,2024-03-20 12:25:00,0.01773753509153454,2280.00m,29.513157894736842,
1923,2024-03-20 13:32:00,-0.01900573435484623,4020.00m,-18.253731343283583,
1924,2024-03-20 15:01:00,0.01940404904476763,5340.00m,13.762921348314622,
1925,2024-03-20 16:32:00,-0.03377885934773258,5460.00m,-23.886813186813235,
1926,2024-03-20 17:20:00,0.039895653068970714,2880.00m,51.67916666666679,
1927,2024-03-20 17:51:00,-0.010852518953629792,1860.00m,-22.63548387096788,
1928,2024-03-20 18:14:00,0.013476431489725006,1380.00m,37.473913043478326,
1929,2024-03-20 18:35:00,-0.011077169921935266,1260.00m,-34.19047619047619,
1930,2024-03-20 20:38:00,0.05745865834633394,7380.00m,29.94390243902444,
1931,2024-03-20 21:06:00,-0.01179940132569922,1680.00m,-28.56428571428582,
1932,2024-03-20 22:15:00,0.016887791434581412,4140.00m,16.39420289855068,
1933,2024-03-20 22:50:00,-0.00967635378663876,2100.00m,-18.831428571428738,
1934,2024-03-21 00:43:00,0.011967907684188412,6780.00m,7.144247787610645,
1935,2024-03-21 03:53:00,-0.026541581273521308,11400.00m,-9.535789473684227,
1936,2024-03-21 04:31:00,0.008002901390349912,2280.00m,13.99473684210534,
1937,2024-03-21 05:21:00,-0.012131490668485912,3000.00m,-16.251999999999825,
1938,2024-03-21 08:21:00,0.02282148583725869,10800.00m,8.389444444444395,
1939,2024-03-21 10:40:00,-0.014175490025147595,8340.00m,-6.902158273381253,
1940,2024-03-21 13:28:00,0.01455318281555377,10080.00m,5.779761904761905,
1941,2024-03-21 14:00:00,-0.01636535001285241,1920.00m,-34.61875000000009,
1942,2024-03-21 14:23:00,0.012095999038808035,1380.00m,35.017391304347576,
1943,2024-03-21 15:36:00,-0.018461360391990304,4380.00m,-17.042465753424537,
1944,2024-03-21 17:07:00,0.013036451569499313,5460.00m,9.475824175824208,
1945,2024-03-21 18:45:00,-0.0304069986091131,5880.00m,-20.790816326530685,
1946,2024-03-21 19:39:00,0.009724473257698475,3240.00m,11.69999999999992,
1947,2024-03-21 20:04:00,-0.01312461986619279,1500.00m,-34.439999999999706,
1948,2024-03-21 20:18:00,0.018892230413849645,840.00m,87.36428571428561,
1949,2024-03-21 20:49:00,-0.013263295130677361,1860.00m,-28.222580645161337,
1950,2024-03-21 22:06:00,0.012035809375148858,4620.00m,10.174025974025993,
1951,2024-03-21 23:30:00,-0.008490644806254551,5040.00m,-6.658333333333368,
1952,2024-03-22 00:19:00,0.010276636269544243,2940.00m,13.69795918367341,
1953,2024-03-22 02:09:00,-0.012157419026315269,6600.00m,-7.292727272727246,
1954,2024-03-22 06:09:00,0.022529156732973114,14400.00m,6.11875,
1955,2024-03-22 12:03:00,-0.03976852456163249,21240.00m,-7.487570621468922,
1956,2024-03-22 12:08:00,0.009551547575706958,300.00m,122.26000000000059,
1957,2024-03-22 13:58:00,-0.026318884902664236,6600.00m,-15.459090909090909,
1958,2024-03-22 14:04:00,0.008569262242314107,360.00m,89.84999999999975,
1959,2024-03-22 14:58:00,-0.011287628053585455,3240.00m,-13.26296296296291,
1960,2024-03-22 15:32:00,0.025985991602612897,2040.00m,47.947058823529325,
1961,2024-03-22 16:51:00,-0.022824871045926273,4740.00m,-18.59620253164555,
1962,2024-03-22 19:53:00,0.020082709408870966,10920.00m,6.940109890109881,
1963,2024-03-22 21:37:00,-0.02692103868574452,6240.00m,-16.60769230769228,
1964,2024-03-23 01:48:00,0.030528200823952186,15060.00m,7.593227091633443,
1965,2024-03-23 03:36:00,-0.020218631045732773,6480.00m,-12.044444444444403,
1966,2024-03-23 07:19:00,0.028604334990061195,13380.00m,8.085650224215241,
1967,2024-03-23 09:14:00,-0.009114884560218387,6900.00m,-5.139130434782609,
1968,2024-03-23 12:51:00,0.010434566056530965,13020.00m,3.0894009216589926,
1969,2024-03-23 13:46:00,-0.009026716616552471,3300.00m,-10.654545454545454,
1970,2024-03-23 14:32:00,0.016895063762583106,2760.00m,23.62826086956525,
1971,2024-03-23 15:24:00,-0.00966687200871916,3120.00m,-12.16153846153849,
1972,2024-03-23 17:34:00,0.01864420121969104,7800.00m,9.291538461538472,
1973,2024-03-23 23:59:00,-0.02991902392309697,23100.00m,-5.128571428571429,
1974,2024-03-24 01:26:00,0.010841873593219628,5220.00m,7.978160919540213,
1975,2024-03-24 04:39:00,-0.013290705005377452,11580.00m,-4.456476683937816,
1976,2024-03-24 14:23:00,0.03300952324275738,35040.00m,3.6092465753424703,
1977,2024-03-24 17:08:00,-0.019073073780246624,9900.00m,-7.6248484848485205,
1978,2024-03-24 23:19:00,0.045247589020771466,22260.00m,7.891374663072769,
1979,2024-03-25 02:16:00,-0.017447439588240427,10620.00m,-6.666666666666667,
1980,2024-03-25 05:33:00,0.019778275047891973,11820.00m,6.671573604060928,
1981,2024-03-25 09:33:00,-0.01428002243012716,14400.00m,-4.032083333333321,
1982,2024-03-25 10:08:00,0.008357997134657662,2100.00m,15.951428571428655,
1983,2024-03-25 11:44:00,-0.008006639289987958,5760.00m,-5.617708333333364,
1984,2024-03-25 15:02:00,0.044647119832737885,11880.00m,15.06666666666665,
1985,2024-03-25 15:16:00,-0.0082922042105716,840.00m,-41.34285714285735,
1986,2024-03-25 20:00:00,0.02778897368888666,17040.00m,6.773239436619739,
1987,2024-03-25 21:28:00,-0.02107377437441409,5280.00m,-17.037500000000033,
1988,2024-03-25 22:43:00,0.015709444907101713,4500.00m,14.588000000000077,
1989,2024-03-25 23:47:00,-0.01351567215765889,3840.00m,-14.939062500000091,
1990,2024-03-26 07:29:00,0.025186289120715435,27720.00m,3.804329004329017,
1991,2024-03-26 08:00:00,-0.015413409820300518,1860.00m,-35.57096774193586,
1992,2024-03-26 09:51:00,0.012139598999984466,6660.00m,7.703603603603656,
1993,2024-03-26 13:40:00,-0.015726428591466283,13740.00m,-4.896069868995621,
1994,2024-03-26 13:48:00,0.011326325869852747,480.00m,99.35000000000036,
1995,2024-03-26 14:32:00,-0.0216662251506322,2640.00m,-34.94545454545468,
1996,2024-03-26 14:54:00,0.014322339046521592,1320.00m,45.19999999999973,
1997,2024-03-26 15:19:00,-0.009040900596952152,1500.00m,-25.467999999999883,
1998,2024-03-26 16:02:00,0.011318613451940797,2580.00m,18.369767441860667,
1999,2024-03-26 16:43:00,-0.015436909160980254,2460.00m,-26.573170731707318,
2000,2024-03-26 18:36:00,0.013697309323466727,6780.00m,8.42300884955742,
2001,2024-03-26 20:01:00,-0.014051695133013938,5100.00m,-11.644705882352804,
2002,2024-03-27 01:16:00,0.018853824544529007,18900.00m,4.156825396825378,
2003,2024-03-27 09:05:00,-0.017423808817190543,28140.00m,-2.628784648187621,
2004,2024-03-27 13:29:00,0.03166270175731294,15840.00m,8.338636363636342,
2005,2024-03-27 13:45:00,-0.027958398393932552,960.00m,-125.33749999999964,
2006,2024-03-27 13:50:00,0.012452203446228296,300.00m,173.63999999999942,
2007,2024-03-27 14:12:00,-0.02576823042096137,1320.00m,-82.68181818181819,
2008,2024-03-27 14:39:00,0.022025016067632328,1620.00m,56.099999999999895,
2009,2024-03-27 16:13:00,-0.02417818499996435,5640.00m,-18.078723404255257,
2010,2024-03-27 17:13:00,0.012922255059624745,3600.00m,14.771666666666473,
2011,2024-03-27 18:20:00,-0.01397513292857402,4020.00m,-14.491044776119317,
2012,2024-03-28 00:20:00,0.0216269479216087,21600.00m,4.115277777777778,
2013,2024-03-28 02:44:00,-0.013540237768632914,8640.00m,-6.580555555555596,
2014,2024-03-28 13:35:00,0.03390240510802997,39060.00m,3.5952380952380953,
2015,2024-03-28 14:13:00,-0.008167908665128355,2280.00m,-15.342105263157896,
2016,2024-03-28 14:58:00,0.011476977536200153,2700.00m,18.055555555555557,
2017,2024-03-28 18:53:00,-0.01548883898645919,14100.00m,-4.719574468085069,
2018,2024-03-28 23:20:00,0.00902304059871784,16020.00m,2.382397003745286,
2019,2024-03-29 09:43:00,-0.020901573663004838,37380.00m,-2.3865168539325654,
2020,2024-03-29 13:38:00,0.014407020586790944,14100.00m,4.2697872340425285,
2021,2024-03-29 15:40:00,-0.020233545647558387,7320.00m,-11.717213114754099,
2022,2024-03-30 05:03:00,0.016662693855143986,48180.00m,1.436363636363629,
2023,2024-03-30 23:29:00,-0.011025394357851338,66360.00m,-0.7015370705244071,
2024,2024-03-31 18:50:00,0.025326877209115164,69660.00m,1.5182601205856996,
2025,2024-03-31 21:41:00,-0.008234224159796516,10260.00m,-3.4362573099414693,
2026,2024-03-31 23:57:00,0.00974946695849129,8160.00m,5.073529411764706,
2027,2024-04-01 06:02:00,-0.0344653394549075,21900.00m,-6.747945205479452,
2028,2024-04-01 13:37:00,0.01610867230627202,27300.00m,2.442857142857143,
2029,2024-04-01 15:59:00,-0.026109802086958588,8520.00m,-12.89154929577469,
2030,2024-04-01 21:31:00,0.02406233066299556,19920.00m,4.948795180722891,
2031,2024-04-02 02:39:00,-0.04975401864881872,18480.00m,-11.295454545454545,
2032,2024-04-02 03:05:00,0.013022800812702278,1560.00m,33.280769230769344,
2033,2024-04-02 05:20:00,-0.015128442452343889,8100.00m,-7.542962962962985,
2034,2024-04-02 06:43:00,0.012850721052313916,4980.00m,10.263855421686676,
2035,2024-04-02 09:04:00,-0.019197574165337433,8460.00m,-9.141843971631205,
2036,2024-04-02 09:21:00,0.010375841433211545,1020.00m,40.194117647058995,
2037,2024-04-02 10:48:00,-0.01487416251115896,5220.00m,-11.375862068965484,
2038,2024-04-02 11:00:00,0.008293095951852535,720.00m,45.30000000000049,
2039,2024-04-02 11:30:00,-0.01434664657349372,1800.00m,-31.60666666666681,
2040,2024-04-02 12:18:00,0.01136407246112062,2880.00m,15.422916666666575,
2041,2024-04-02 13:34:00,-0.01808476083795508,4560.00m,-15.677631578947368,
2042,2024-04-02 14:43:00,0.02395015202642661,4140.00m,22.455072463768243,
2043,2024-04-02 15:57:00,-0.0222834119087409,4440.00m,-19.947297297297375,
2044,2024-04-02 16:14:00,0.011075255535311782,1020.00m,42.194117647058995,
2045,2024-04-02 16:20:00,-0.009188602284857426,360.00m,-100.28333333333406,
2046,2024-04-02 19:53:00,0.02037249389657462,12780.00m,6.205633802816881,
2047,2024-04-02 21:27:00,-0.013953966110501813,5640.00m,-9.827659574468038,
2048,2024-04-02 22:51:00,0.010067463648674385,5040.00m,7.823809523809576,
2049,2024-04-03 00:37:00,-0.020261826476262117,6360.00m,-12.60377358490566,
2050,2024-04-03 04:30:00,0.029773625094425982,13980.00m,8.254935622317571,
2051,2024-04-03 05:40:00,-0.008437531003755069,4200.00m,-8.01857142857147,
2052,2024-04-03 08:41:00,0.010577157765956495,10860.00m,3.8546961325967493,
2053,2024-04-03 11:09:00,-0.015734931878801102,8880.00m,-7.087162162162221,
2054,2024-04-03 12:11:00,0.009664434849272398,3720.00m,10.227419354838803,
2055,2024-04-03 13:30:00,-0.008411099269689505,4740.00m,-7.053164556961988,
2056,2024-04-03 14:28:00,0.018220817615232993,3480.00m,20.636206896551624,
2057,2024-04-03 15:35:00,-0.01597356676708695,4020.00m,-15.946268656716331,
2058,2024-04-03 16:33:00,0.011469663658836293,3480.00m,13.01551724137921,
2059,2024-04-03 18:32:00,-0.015737847743796145,7140.00m,-8.804201680672245,
2060,2024-04-03 19:01:00,0.008816576445684992,1740.00m,19.920689655172314,
2061,2024-04-03 21:08:00,-0.00858067834558708,7620.00m,-4.466141732283441,
2062,2024-04-04 00:49:00,0.012251506070057346,13260.00m,3.6330316742081186,
2063,2024-04-04 04:25:00,-0.01834251112112714,12960.00m,-5.633333333333313,
2064,2024-04-04 18:01:00,0.0633145426429917,48960.00m,5.0528186274509785,
2065,2024-04-04 19:10:00,-0.011804632892380483,4140.00m,-11.84637681159412,
2066,2024-04-04 19:37:00,0.009432004512864795,1620.00m,23.90370370370349,
2067,2024-04-04 20:18:00,-0.024570013898540737,2460.00m,-41.39268292682941,
2068,2024-04-04 21:03:00,0.011646770533240298,2700.00m,17.437777777778038,
2069,2024-04-04 21:40:00,-0.009044947446874688,2220.00m,-16.66216216216216,
2070,2024-04-05 00:55:00,0.017091309104852962,11700.00m,5.91999999999997,
2071,2024-04-05 02:46:00,-0.01786091196914007,6660.00m,-11.054054054054054,
2072,2024-04-05 04:14:00,0.008336976901015999,5280.00m,6.392045454545454,
2073,2024-04-05 05:21:00,-0.023926623844310893,4020.00m,-24.295522388059744,
2074,2024-04-05 08:24:00,0.01871690771204678,10980.00m,6.791803278688572,
2075,2024-04-05 09:23:00,-0.018139459940486217,3540.00m,-20.798305084745863,
2076,2024-04-05 10:43:00,0.011857695608316735,4800.00m,9.845000000000073,
2077,2024-04-05 12:33:00,-0.01676571153096483,6600.00m,-10.24363636363639,
2078,2024-04-05 14:48:00,0.03743088112006634,8100.00m,18.322222222222223,
2079,2024-04-05 15:22:00,-0.013498591647910646,2040.00m,-27.217647058823786,
2080,2024-04-05 16:05:00,0.01111786354851935,2580.00m,17.48604651162811,
2081,2024-04-05 18:03:00,-0.015159004296464933,7080.00m,-8.784745762711914,
2082,2024-04-05 19:34:00,0.009246390240135854,5460.00m,6.8428571428571106,
2083,2024-04-05 20:01:00,-0.009166091640318445,1620.00m,-23.074074074074073,
2084,2024-04-06 00:39:00,0.010224976204582766,16680.00m,2.476978417266208,
2085,2024-04-06 02:36:00,-0.008536970757053553,7020.00m,-4.964102564102589,
2086,2024-04-06 05:30:00,0.011421336729293397,10440.00m,4.427586206896602,
2087,2024-04-06 13:28:00,-0.009631635032708948,28680.00m,-1.3746861924686313,
2088,2024-04-06 23:13:00,0.03045910665127431,35100.00m,3.517948717948718,
2089,2024-04-07 00:29:00,-0.011168562564632969,4560.00m,-10.231578947368497,
2090,2024-04-07 02:10:00,0.013069673940830646,6060.00m,8.908910891089137,
2091,2024-04-07 04:33:00,-0.009739598716489255,8580.00m,-4.750349650349671,
2092,2024-04-07 16:41:00,0.018306887959355478,43680.00m,1.7368131868131989,
2093,2024-04-07 22:03:00,-0.019656966386232017,19320.00m,-4.293478260869565,
2094,2024-04-08 01:20:00,0.012345392523147569,11820.00m,4.320812182741102,
2095,2024-04-08 03:11:00,-0.008978510028653254,6660.00m,-5.64594594594592,
2096,2024-04-08 09:27:00,0.05017398331437125,22560.00m,9.23058510638297,
2097,2024-04-08 10:16:00,-0.010120588073343938,2940.00m,-15.004081632653001,
2098,2024-04-08 12:14:00,0.012280833500211258,7080.00m,7.483898305084672,
2099,2024-04-08 14:46:00,-0.019044701402216296,9120.00m,-9.120394736842028,
2100,2024-04-08 16:35:00,0.008567955454473995,6540.00m,5.612844036697141,
2101,2024-04-08 17:29:00,-0.00874927448088922,3240.00m,-11.668518518518356,
2102,2024-04-08 18:43:00,0.010783430666238993,4440.00m,10.402702702702742,
2103,2024-04-09 01:11:00,-0.016726004786777857,23280.00m,-3.110567010309301,
2104,2024-04-09 03:15:00,0.010496094443708363,7440.00m,6.005645161290299,
2105,2024-04-09 08:08:00,-0.027371542466758367,17580.00m,-6.697610921501687,
2106,2024-04-09 12:49:00,0.01801168752016635,16860.00m,4.469750889679715,
2107,2024-04-09 14:00:00,-0.01614627721391489,4260.00m,-16.143661971830944,
2108,2024-04-09 14:19:00,0.008854233036426266,1140.00m,32.547368421052326,
2109,2024-04-09 14:48:00,-0.023627355391019435,1740.00m,-57.40689655172424,
2110,2024-04-09 14:59:00,0.009013618544128441,660.00m,56.3727272727278,
2111,2024-04-09 15:11:00,-0.011494468134147662,720.00m,-66.49166666666618,
2112,2024-04-09 16:02:00,0.010543865248381986,3060.00m,14.186274509803921,
2113,2024-04-09 17:11:00,-0.0154481581042262,4140.00m,-15.52463768115959,
2114,2024-04-09 22:40:00,0.017240268110337718,19740.00m,3.5775075987841944,
2115,2024-04-10 01:25:00,-0.010821139452304911,9900.00m,-4.554545454545455,
2116,2024-04-10 02:03:00,0.013786848996810668,2280.00m,24.92368421052647,
2117,2024-04-10 02:54:00,-0.015852275174820154,3060.00m,-21.647058823529413,
2118,2024-04-10 07:17:00,0.014721545397510907,15780.00m,3.8365019011406845,
2119,2024-04-10 13:49:00,-0.0276557197906481,23520.00m,-4.90663265306121,
2120,2024-04-10 14:42:00,0.02000899081103609,3180.00m,25.530188679245118,
2121,2024-04-10 15:13:00,-0.009002909636012798,1860.00m,-20.032258064516128,
2122,2024-04-10 17:22:00,0.02268248759814327,7740.00m,12.01937984496124,
2123,2024-04-10 18:33:00,-0.011166231804449202,4260.00m,-10.994366197182975,
2124,2024-04-10 22:34:00,0.029314330518208535,14460.00m,8.4082987551867,
2125,2024-04-11 00:30:00,-0.01114078113361344,6960.00m,-6.833620689655147,
2126,2024-04-11 02:47:00,0.010569881026658458,8220.00m,5.42846715328465,
2127,2024-04-11 04:36:00,-0.009450945094509451,6540.00m,-6.165137614678899,
2128,2024-04-11 08:49:00,0.01253691503861881,15180.00m,3.4901185770750986,
2129,2024-04-11 11:58:00,-0.018409871695996553,11340.00m,-6.946560846560816,
2130,2024-04-11 12:42:00,0.015282398670896848,2640.00m,24.3136363636361,
2131,2024-04-11 13:47:00,-0.018139377165940367,3900.00m,-19.83384615384611,
2132,2024-04-11 13:57:00,0.009642791121581836,600.00m,67.29000000000087,
2133,2024-04-11 14:59:00,-0.011708082820954029,3720.00m,-13.30483870967756,
2134,2024-04-11 20:24:00,0.016298845193284124,19500.00m,3.492000000000027,
2135,2024-04-11 23:26:00,-0.012134426896684428,10920.00m,-4.718131868131932,
2136,2024-04-12 04:50:00,0.019730527315615524,19440.00m,4.257098765432108,
2137,2024-04-12 17:35:00,-0.0518375225499466,45900.00m,-4.830457516339873,
2138,2024-04-12 17:46:00,0.012791662783007859,660.00m,78.60000000000053,
2139,2024-04-12 18:35:00,-0.042078430513253134,2940.00m,-58.785714285714285,
2140,2024-04-12 20:43:00,0.02823027068242466,7680.00m,14.462499999999977,
2141,2024-04-12 21:41:00,-0.010295701077622602,3480.00m,-11.96896551724133,
2142,2024-04-12 22:17:00,0.00824641850986038,2160.00m,15.286111111111191,
2143,2024-04-13 01:58:00,-0.021261163783045465,13260.00m,-6.472850678733032,
2144,2024-04-13 04:48:00,0.031830564995945304,10200.00m,12.329999999999947,
2145,2024-04-13 08:53:00,-0.012228486825935669,14700.00m,-3.3914285714285475,
2146,2024-04-13 11:09:00,0.00998554762578776,8160.00m,4.927941176470567,
2147,2024-04-13 12:12:00,-0.008593067717799231,3780.00m,-9.246031746031745,
2148,2024-04-13 15:29:00,0.010490337729355238,11820.00m,3.5786802030456855,
2149,2024-04-13 18:09:00,-0.020486027769228803,9600.00m,-8.694999999999983,
2150,2024-04-13 19:01:00,0.010998444041883172,3120.00m,14.069230769230881,
2151,2024-04-13 19:56:00,-0.04713301541559052,3300.00m,-57.63090909090917,
2152,2024-04-13 20:00:00,0.011516782042559034,240.00m,184.5,
2153,2024-04-13 20:08:00,-0.055445675919183465,480.00m,-449.2375000000002,
2154,2024-04-13 20:14:00,0.021863796356033915,360.00m,223.09999999999977,
2155,2024-04-13 20:23:00,-0.016295548014724336,540.00m,-113.27777777777777,
2156,2024-04-13 20:41:00,0.018503954919764247,1080.00m,63.26666666666683,
2157,2024-04-13 20:54:00,-0.019118604265312134,780.00m,-92.1846153846155,
2158,2024-04-13 21:05:00,0.016742567171947196,660.00m,93.58181818181832,
2159,2024-04-13 21:29:00,-0.011253587230897696,1440.00m,-29.3125,
2160,2024-04-13 21:58:00,0.018238178673642823,1740.00m,38.8724137931033,
2161,2024-04-13 22:07:00,-0.011659241275430042,540.00m,-81.53333333333285,
2162,2024-04-13 22:44:00,0.03775195568087911,2220.00m,63.46756756756744,
2163,2024-04-13 22:48:00,-0.008865761862197211,240.00m,-143.0749999999989,
2164,2024-04-13 23:06:00,0.022766703032538575,1080.00m,80.92222222222215,
2165,2024-04-14 00:25:00,-0.03811510483525886,4740.00m,-31.570886075949346,
2166,2024-04-14 00:45:00,0.019892948894138857,1200.00m,62.604999999999926,
2167,2024-04-14 01:11:00,-0.013180359535159026,1560.00m,-32.54230769230764,
2168,2024-04-14 01:32:00,0.01092538189900531,1260.00m,32.957142857142784,
2169,2024-04-14 03:14:00,-0.02893191755153034,6120.00m,-18.16470588235297,
2170,2024-04-14 06:37:00,0.04302171507963056,12180.00m,13.179310344827593,
2171,2024-04-14 09:39:00,-0.014888394853120244,10920.00m,-5.30604395604394,
2172,2024-04-14 10:36:00,0.01100366371451508,3420.00m,12.33508771929822,
2173,2024-04-14 11:44:00,-0.011332817337461278,4080.00m,-10.766176470588213,
2174,2024-04-14 13:08:00,0.014829045576886019,5040.00m,11.274999999999983,
2175,2024-04-14 14:38:00,-0.020660340970454348,5400.00m,-14.878888888888874,
2176,2024-04-14 16:31:00,0.018802411623939162,6780.00m,10.561946902654867,
2177,2024-04-14 17:25:00,-0.03056778012475766,3240.00m,-36.607407407407464,
2178,2024-04-14 18:35:00,0.03100525420863073,4200.00m,27.76857142857147,
2179,2024-04-14 21:23:00,-0.01998873699649114,10080.00m,-7.690476190476191,
2180,2024-04-14 22:07:00,0.03145187262015262,2640.00m,45.27954545454536,
2181,2024-04-14 22:20:00,-0.009163303319573794,780.00m,-46.05384615384593,
2182,2024-04-15 00:13:00,0.016637832494053043,6780.00m,9.531858407079698,
2183,2024-04-15 04:15:00,-0.016851755904040346,14520.00m,-4.583057851239693,
2184,2024-04-15 09:42:00,0.031368033876302,19620.00m,6.207033639143722,
2185,2024-04-15 15:01:00,-0.042950025248854745,19140.00m,-8.985266457680236,
2186,2024-04-15 16:03:00,0.014286966841711367,3720.00m,14.71774193548387,
2187,2024-04-15 16:32:00,-0.013034505008343402,1740.00m,-29.117241379310396,
2188,2024-04-15 17:11:00,0.011988269794721408,2340.00m,19.653846153846153,
2189,2024-04-15 17:48:00,-0.01985503214638967,2220.00m,-34.721621621621544,
2190,2024-04-15 18:00:00,0.00923378214518291,720.00m,48.799999999999876,
2191,2024-04-15 18:17:00,-0.012931822407347006,1020.00m,-48.6882352941179,
2192,2024-04-15 18:44:00,0.010423064016765543,1620.00m,24.38888888888889,
2193,2024-04-15 19:06:00,-0.024011642388193373,1320.00m,-69.67272727272707,
2194,2024-04-15 20:06:00,0.020466142025491567,3600.00m,21.251666666666644,
2195,2024-04-15 21:32:00,-0.013718581899399118,5160.00m,-10.141860465116245,
2196,2024-04-15 21:57:00,0.01009635472316753,1500.00m,25.32399999999994,
2197,2024-04-15 22:21:00,-0.00969704241785071,1440.00m,-25.59166666666685,
2198,2024-04-16 00:16:00,0.014719879090693187,6900.00m,8.028695652173939,
2199,2024-04-16 00:45:00,-0.01143319507290091,1740.00m,-25.093103448275762,
2200,2024-04-16 01:34:00,0.013981179365006159,2940.00m,17.953061224489737,
2201,2024-04-16 02:27:00,-0.01674451410658312,3180.00m,-20.156603773584962,
2202,2024-04-16 03:06:00,0.012373329592534626,2340.00m,19.902564102564213,
2203,2024-04-16 04:45:00,-0.028653128193500403,5940.00m,-18.380808080808123,
2204,2024-04-16 07:33:00,0.03335321828161626,10080.00m,12.24702380952381,
2205,2024-04-16 10:30:00,-0.033845420161673655,10620.00m,-12.189265536723164,
2206,2024-04-16 12:36:00,0.028520073650472006,7560.00m,13.94047619047619,
2207,2024-04-16 13:16:00,-0.010007151348100065,2400.00m,-15.847499999999854,
2208,2024-04-16 13:28:00,0.008797527698578188,720.00m,45.97499999999976,
2209,2024-04-16 13:47:00,-0.017427385892116183,1140.00m,-58.026315789473685,
2210,2024-04-16 14:16:00,0.01478764478764474,1740.00m,31.69655172413783,
2211,2024-04-16 14:37:00,-0.01721803700744459,1260.00m,-51.71904761904755,
2212,2024-04-16 14:45:00,0.008225108923412468,480.00m,63.73750000000018,
2213,2024-04-16 16:20:00,-0.012935379101803113,5700.00m,-8.510526315789473,
2214,2024-04-16 17:26:00,0.02499736605370004,3960.00m,23.36666666666662,
2215,2024-04-16 17:57:00,-0.014660790332196314,1860.00m,-29.90645161290318,
2216,2024-04-16 19:01:00,0.01230147521409221,3840.00m,11.9765625,
2217,2024-04-16 20:08:00,-0.008331206273057466,4020.00m,-7.843283582089552,
2218,2024-04-16 21:49:00,0.028223550213746975,6060.00m,17.479207920792092,
2219,2024-04-17 00:27:00,-0.011317557062006366,9480.00m,-4.606962025316465,
2220,2024-04-17 00:50:00,0.00873276603641252,1380.00m,24.143478260869692,
2221,2024-04-17 01:16:00,-0.00872264332729478,1560.00m,-21.51923076923077,
2222,2024-04-17 02:10:00,0.010680376636223926,3240.00m,12.5759259259259,
2223,2024-04-17 04:18:00,-0.009538925976067099,7680.00m,-4.7890625,
2224,2024-04-17 05:16:00,0.01178318931657502,3480.00m,12.931034482758621,
2225,2024-04-17 12:42:00,-0.036593167701863334,26760.00m,-5.283856502242149,
2226,2024-04-17 13:46:00,0.013129519014109454,3840.00m,12.728124999999977,
2227,2024-04-17 14:34:00,-0.03136116325686473,2880.00m,-41.06875000000006,
2228,2024-04-17 14:46:00,0.016653883360405474,720.00m,84.5,
2229,2024-04-17 15:43:00,-0.028813890634516226,3420.00m,-31.291228070175414,
2230,2024-04-17 15:50:00,0.008531682333312841,420.00m,73.27142857142879,
2231,2024-04-17 16:05:00,-0.013358073560943451,900.00m,-53.99333333333343,
2232,2024-04-17 16:16:00,0.019182515575868312,660.00m,104.31818181818181,
2233,2024-04-17 16:46:00,-0.016297180797669557,1800.00m,-33.119999999999955,
2234,2024-04-17 18:24:00,0.03181378597392203,5880.00m,19.46938775510204,
2235,2024-04-17 19:40:00,-0.018220160951488318,4560.00m,-14.835526315789474,
2236,2024-04-17 20:35:00,0.010147396489148952,3300.00m,11.209090909090909,
2237,2024-04-17 20:54:00,-0.00987600006517734,1140.00m,-31.899999999999924,
2238,2024-04-17 21:21:00,0.014380012145169261,1620.00m,32.362962962962804,
2239,2024-04-17 21:43:00,-0.010361996602783594,1320.00m,-29.03181818181805,
2240,2024-04-17 23:07:00,0.011837704918032764,5040.00m,8.596428571428554,
2241,2024-04-17 23:30:00,-0.008484805280442452,1380.00m,-22.76956521739118,
