index,datetime,percentage_change,duration,trend,volatility
0,2023-04-18 00:13:00,,,,
1,2023-04-18 01:15:00,-0.00995013044896177,3720.00m,-4.724193548387062,
2,2023-04-18 12:22:00,0.04458909068450001,40020.00m,1.9482758620689655,
3,2023-04-18 18:02:00,-0.015550168509430662,20400.00m,-1.3923529411764748,
4,2023-04-18 20:54:00,0.015011678345011726,10320.00m,2.615697674418613,
5,2023-04-19 08:22:00,-0.04258396641672068,41280.00m,-1.8828488372093044,
6,2023-04-19 08:38:00,0.00781129289773215,960.00m,14.21875,
7,2023-04-19 09:08:00,-0.009948214772417552,1800.00m,-9.733333333333333,
8,2023-04-19 14:39:00,0.014260151410874104,19860.00m,1.2519637462235693,
9,2023-04-19 15:33:00,-0.011172407241538517,3240.00m,-6.098148148148202,
10,2023-04-19 16:34:00,0.0066083149483104255,3660.00m,3.1573770491803637,
11,2023-04-19 17:41:00,-0.006217256294801619,4020.00m,-2.7223880597015144,
12,2023-04-19 18:02:00,0.006101806532603042,1260.00m,8.47142857142864,
13,2023-04-19 21:22:00,-0.01322392374510798,12000.00m,-1.9395000000000073,
14,2023-04-19 21:23:00,0.007707641655121978,60.00m,223.10000000000218,
15,2023-04-19 21:43:00,-0.01097420496153379,1200.00m,-16.00500000000011,
16,2023-04-19 22:09:00,0.012628127134007872,1560.00m,14.011538461538434,
17,2023-04-19 23:25:00,-0.019406009735525007,4560.00m,-7.45921052631576,
18,2023-04-20 01:41:00,0.01145372603916115,8160.00m,2.4124999999999894,
19,2023-04-20 03:05:00,-0.012618296529968404,5040.00m,-4.352380952380935,
20,2023-04-20 06:17:00,0.015069106060500085,11520.00m,2.2453124999999923,
21,2023-04-20 12:17:00,-0.02342687323730253,21600.00m,-1.8897222222222203,
22,2023-04-20 12:53:00,0.02013470150569484,2160.00m,15.86111111111111,
23,2023-04-20 16:03:00,-0.019208434151399955,11400.00m,-2.924736842105267,
24,2023-04-20 16:22:00,0.00865572014111369,1140.00m,12.926315789473799,
25,2023-04-20 17:09:00,-0.009395560431727625,2820.00m,-5.721276595744712,
26,2023-04-20 17:28:00,0.007717540827484014,1140.00m,11.515789473684173,
27,2023-04-20 19:28:00,-0.019300100105705948,7200.00m,-4.594999999999982,
28,2023-04-20 22:09:00,0.01162093481426486,9660.00m,2.022360248447196,
29,2023-04-21 00:35:00,-0.00926827547276322,8760.00m,-1.7993150684931556,
30,2023-04-21 00:48:00,0.009853532421932059,780.00m,21.284615384615442,
31,2023-04-21 02:30:00,-0.0071796318499188425,6120.00m,-1.9960784313725348,
32,2023-04-21 04:06:00,0.006318728156167342,5760.00m,1.8531249999999773,
33,2023-04-21 06:51:00,-0.017442989097249454,9900.00m,-2.9951515151515196,
34,2023-04-21 07:09:00,0.006929352218721876,1080.00m,10.716666666666747,
35,2023-04-21 07:29:00,-0.006375084727623014,1200.00m,-8.935000000000036,
36,2023-04-21 08:02:00,0.013076119386908827,1980.00m,11.036363636363658,
37,2023-04-21 11:20:00,-0.01042652348803008,11880.00m,-1.4858585858585895,
38,2023-04-21 13:40:00,0.013272545599753681,8400.00m,2.647142857142873,
39,2023-04-21 20:04:00,-0.03831703360206985,23040.00m,-2.823177083333339,
40,2023-04-21 20:36:00,0.006729440475140476,1920.00m,5.721875000000068,
41,2023-04-21 22:37:00,-0.008473307802671672,7260.00m,-1.9181818181818362,
42,2023-04-21 23:18:00,0.006115656227218248,2460.00m,4.051219512195175,
43,2023-04-22 01:17:00,-0.006199246868355716,7140.00m,-1.4235294117647181,
44,2023-04-22 05:59:00,0.008373685857897795,16920.00m,0.8063829787234094,
45,2023-04-22 10:52:00,-0.007661436099313936,17580.00m,-0.7160409556314092,
46,2023-04-22 17:30:00,0.02035393996489312,23880.00m,1.389698492462317,
47,2023-04-22 18:38:00,-0.0071013301018495,4080.00m,-2.895588235294139,
48,2023-04-22 23:07:00,0.011990425095258758,16140.00m,1.2271375464684096,
49,2023-04-23 00:34:00,-0.01476288926217868,5220.00m,-4.727586206896585,
50,2023-04-23 01:31:00,0.00722428057750538,3420.00m,3.4789473684211036,
51,2023-04-23 01:44:00,-0.006532259814666195,780.00m,-13.89230769230786,
52,2023-04-23 08:12:00,0.010489026752297398,23280.00m,0.7425257731958819,
53,2023-04-23 10:33:00,-0.010124338405110449,8460.00m,-1.9929078014184398,
54,2023-04-23 12:31:00,0.008801080298028284,7080.00m,2.0491525423728754,
55,2023-04-23 15:19:00,-0.013555493817583562,10080.00m,-2.236309523809528,
56,2023-04-23 16:48:00,0.011876371616678885,5340.00m,3.648314606741581,
57,2023-04-23 18:50:00,-0.010280248836965572,7320.00m,-2.3311475409836184,
58,2023-04-23 23:23:00,0.009437442248624065,16380.00m,0.9465201465201517,
59,2023-04-24 00:42:00,-0.007880254860033188,4740.00m,-2.7569620253164464,
60,2023-04-24 01:18:00,0.01983888202064848,2160.00m,15.11111111111111,
61,2023-04-24 08:59:00,-0.028285457841794533,27660.00m,-1.7158351409978307,
62,2023-04-24 13:52:00,0.018753289001578667,17580.00m,1.7392491467576743,
63,2023-04-24 15:53:00,-0.016786172268679928,7260.00m,-3.8404958677686007,
64,2023-04-24 16:37:00,0.00601055153055984,2640.00m,3.718181818181868,
65,2023-04-24 17:02:00,-0.013344337968914391,1500.00m,-14.616000000000058,
66,2023-04-24 18:22:00,0.01914350223933082,4800.00m,6.465000000000009,
67,2023-04-24 18:43:00,-0.008687377879146687,1260.00m,-11.390476190476225,
68,2023-04-25 00:21:00,0.009961531416010312,20280.00m,0.8044378698224895,
69,2023-04-25 08:23:00,-0.013458169036054108,28920.00m,-0.7697095435684648,
70,2023-04-25 12:18:00,0.009825010387595081,14100.00m,1.1370212765957324,
71,2023-04-25 14:35:00,-0.008881007606570191,8220.00m,-1.7802919708029037,
72,2023-04-25 18:38:00,0.018472254878908977,14580.00m,2.0691358024691326,
73,2023-04-25 19:13:00,-0.008978428684799129,2100.00m,-7.111428571428613,
74,2023-04-25 22:05:00,0.0326100804059244,10320.00m,5.208720930232567,
75,2023-04-25 23:14:00,-0.007441221051147328,4140.00m,-3.0594202898550513,
76,2023-04-26 00:30:00,0.010469530753358712,4560.00m,3.878947368421043,
77,2023-04-26 01:23:00,-0.007222513153408991,3180.00m,-3.8773584905660377,
78,2023-04-26 12:57:00,0.06113526296411672,41640.00m,2.4883285302593627,
79,2023-04-26 13:40:00,-0.010072028851575121,2580.00m,-7.020930232558089,
80,2023-04-26 14:03:00,0.006541476533590315,1380.00m,8.439130434782545,
81,2023-04-26 14:23:00,-0.011260182881709461,1200.00m,-16.814999999999962,
82,2023-04-26 16:07:00,0.012096173383000364,6240.00m,3.4346153846153915,
83,2023-04-26 19:47:00,-0.06992625605610434,13200.00m,-9.499545454545462,
84,2023-04-26 19:54:00,0.012504811618394672,420.00m,49.65714285714317,
85,2023-04-26 20:01:00,-0.029664344161819775,420.00m,-119.27142857142879,
86,2023-04-26 20:03:00,0.007843280849505703,120.00m,107.10000000000036,
87,2023-04-26 20:04:00,-0.008065629518750771,60.00m,-222.0,
88,2023-04-26 20:16:00,0.022554958941037692,720.00m,51.316666666666606,
89,2023-04-26 20:29:00,-0.013704420087398759,780.00m,-29.43076923076912,
90,2023-04-26 20:42:00,0.022440204246170305,780.00m,47.53076923076906,
91,2023-04-26 20:46:00,-0.00755506459278311,240.00m,-53.17500000000018,
92,2023-04-26 20:59:00,0.016631711559522727,780.00m,35.7461538461539,
93,2023-04-26 21:18:00,-0.010230485155939158,1140.00m,-15.294736842105186,
94,2023-04-26 22:00:00,0.02042703639021577,2520.00m,13.673809523809506,
95,2023-04-26 22:31:00,-0.01637212869043887,1860.00m,-15.15161290322583,
96,2023-04-27 00:26:00,0.04262685467038521,6900.00m,10.460000000000013,
97,2023-04-27 00:45:00,-0.009904086030276506,1140.00m,-15.336842105263235,
98,2023-04-27 00:51:00,0.00792631853570796,360.00m,38.483333333333576,
99,2023-04-27 01:24:00,-0.024365074229353256,1980.00m,-21.678787878787922,
100,2023-04-27 01:40:00,0.009208868160984115,960.00m,16.487499999999955,
101,2023-04-27 01:53:00,-0.007910730160047771,780.00m,-17.592307692307468,
102,2023-04-27 02:14:00,0.014054404596707223,1260.00m,19.195238095238025,
103,2023-04-27 03:57:00,-0.00835840396087258,6180.00m,-2.3601941747572672,
104,2023-04-27 05:34:00,0.014153265791535677,5820.00m,4.208247422680382,
105,2023-04-27 06:54:00,-0.019966085006290685,4800.00m,-7.3,
106,2023-04-27 08:36:00,0.01396796159857116,6120.00m,3.925490196078446,
107,2023-04-27 09:24:00,-0.006953141127090021,2880.00m,-4.210416666666636,
108,2023-04-27 11:12:00,0.007964966619202457,6480.00m,2.1287037037036836,
109,2023-04-27 12:38:00,-0.013143693845424036,5160.00m,-4.446511627906951,
110,2023-04-27 15:21:00,0.025871256713361216,9780.00m,4.557055214723921,
111,2023-04-27 15:44:00,-0.017050199971481172,1380.00m,-21.834782608695683,
112,2023-04-27 18:44:00,0.03205305332964908,10800.00m,5.155555555555556,
113,2023-04-27 19:13:00,-0.013386880856760375,1740.00m,-13.793103448275861,
114,2023-04-27 19:34:00,0.010427408412483088,1260.00m,14.638095238095307,
115,2023-04-27 20:18:00,-0.010709226048597729,2640.00m,-7.25,
116,2023-04-27 21:15:00,0.009365964897992426,3420.00m,4.842105263157895,
117,2023-04-27 22:53:00,-0.01502467691397377,5880.00m,-4.560204081632668,
118,2023-04-28 01:00:00,0.009116818841198004,7620.00m,2.1031496062992012,
119,2023-04-28 03:16:00,-0.008033255988580939,8160.00m,-1.7463235294117647,
120,2023-04-28 05:47:00,0.007375430915433265,9060.00m,1.4324503311258472,
121,2023-04-28 09:09:00,-0.013461551480195262,12120.00m,-1.9688118811881223,
122,2023-04-28 12:31:00,0.007946283671347696,12120.00m,1.1465346534653393,
123,2023-04-28 13:53:00,-0.01495031878355059,4920.00m,-5.356097560975619,
124,2023-04-28 14:24:00,0.011396739938005706,1860.00m,10.638709677419449,
125,2023-04-28 15:06:00,-0.010222803822617978,2520.00m,-7.123809523809541,
126,2023-04-28 22:47:00,0.014943715113208317,27660.00m,0.9390455531453314,
127,2023-04-29 00:53:00,-0.006931595559425313,7560.00m,-1.6174603174603117,
128,2023-04-29 04:25:00,0.007284795429792681,12720.00m,1.0033018867924564,
129,2023-04-29 17:30:00,-0.01191751245303548,47100.00m,-0.4464968152866242,
130,2023-04-29 19:33:00,0.007742601514108741,7380.00m,1.829268292682927,
131,2023-04-30 01:59:00,-0.0068465084514256445,23160.00m,-0.5194300518134715,
132,2023-04-30 15:30:00,0.02943836063882827,48660.00m,1.0557336621455002,
133,2023-04-30 15:49:00,-0.011739872481271313,1140.00m,-18.5,
134,2023-04-30 16:03:00,0.008401714138942537,840.00m,17.757142857142753,
135,2023-04-30 20:15:00,-0.02312167787169288,15120.00m,-2.7376984126984043,
136,2023-04-30 21:29:00,0.010796661165984413,4440.00m,4.252702702702663,
137,2023-05-01 02:00:00,-0.034681256915547146,16260.00m,-3.7704797047970455,
138,2023-05-01 02:13:00,0.007693173187814663,780.00m,16.830769230769175,
139,2023-05-01 03:15:00,-0.007815880193722174,3720.00m,-3.6129032258064515,
140,2023-05-01 05:14:00,0.006323059826414878,7140.00m,1.5109243697479235,
141,2023-05-01 05:42:00,-0.00900564031954824,1680.00m,-9.203571428571454,
142,2023-05-01 07:06:00,0.011767526985615924,5040.00m,3.972619047619056,
143,2023-05-01 16:25:00,-0.022843081899105704,33540.00m,-1.172450805008947,
144,2023-05-01 17:05:00,0.012862034527036615,2400.00m,9.014999999999963,
145,2023-05-01 19:19:00,-0.02087221709641285,8040.00m,-4.423134328358187,
146,2023-05-01 19:27:00,0.007750711231158218,480.00m,26.9375,
147,2023-05-01 20:57:00,-0.01276258592261084,5400.00m,-3.9733333333333576,
148,2023-05-01 22:42:00,0.016607740638714816,6300.00m,4.375238095238109,
149,2023-05-02 05:05:00,-0.007769938693939092,22980.00m,-0.5704960835509139,
150,2023-05-02 07:15:00,0.007737602454242701,7800.00m,1.660769230769214,
151,2023-05-02 09:28:00,-0.006351667579466921,7980.00m,-1.3428571428571319,
152,2023-05-02 12:44:00,0.009209019327129538,11760.00m,1.3127551020408126,
153,2023-05-02 14:07:00,-0.010125082898007965,4980.00m,-3.4397590361445785,
154,2023-05-02 14:31:00,0.024194068458501396,1440.00m,28.13749999999997,
155,2023-05-02 14:34:00,-0.007031143417835318,180.00m,-67.0,
156,2023-05-02 14:41:00,0.006291811837483916,420.00m,25.514285714286025,
157,2023-05-02 15:02:00,-0.010484969210249013,1260.00m,-14.261904761904763,
158,2023-05-02 15:42:00,0.015595148804890794,2400.00m,11.019999999999982,
159,2023-05-02 17:22:00,-0.009858566153417405,6000.00m,-2.83,
160,2023-05-02 19:12:00,0.01495619744573052,6600.00m,3.8645454545454414,
161,2023-05-03 02:06:00,-0.01600105379557054,24840.00m,-1.1149758454106244,
162,2023-05-03 08:35:00,0.013034364926989943,23340.00m,0.9511568123393316,
163,2023-05-03 13:08:00,-0.020680541790551725,16380.00m,-2.1783882783882813,
164,2023-05-03 13:54:00,0.00757764063376636,2760.00m,4.639130434782641,
165,2023-05-03 15:06:00,-0.007640474780794471,4320.00m,-3.011111111111101,
166,2023-05-03 17:42:00,0.02171288141371661,9360.00m,3.9192307692307553,
167,2023-05-03 18:37:00,-0.016204492210581956,3300.00m,-8.476363636363649,
168,2023-05-03 18:40:00,0.010263712036631383,180.00m,96.83333333333333,
169,2023-05-03 19:10:00,-0.011897559286705897,1800.00m,-11.339999999999902,
170,2023-05-03 22:25:00,0.035251770552029986,11700.00m,5.107692307692307,
171,2023-05-03 23:44:00,-0.010762429957025593,4740.00m,-3.9848101265823153,
172,2023-05-04 02:04:00,0.008294424418785489,8400.00m,1.7142857142857142,
173,2023-05-04 02:58:00,-0.006584381887294253,3240.00m,-3.5574074074073803,
174,2023-05-04 06:00:00,0.007318083014180676,10920.00m,1.1653846153846075,
175,2023-05-04 08:13:00,-0.007199838329034567,7980.00m,-1.580451127819527,
176,2023-05-04 10:35:00,0.012903270323513277,8520.00m,2.6338028169014085,
177,2023-05-04 13:40:00,-0.023120757249079592,11100.00m,-3.669189189189205,
178,2023-05-04 16:26:00,0.009323537923507989,9960.00m,1.6108433734939847,
179,2023-05-04 18:31:00,-0.008895414111754037,7500.00m,-2.06,
180,2023-05-05 02:01:00,0.02661903102126179,27000.00m,1.6971111111111128,
181,2023-05-05 12:33:00,-0.019596858798724803,37920.00m,-0.9132911392405075,
182,2023-05-05 12:47:00,0.006922584108184906,840.00m,14.278571428571533,
183,2023-05-05 13:02:00,-0.006159634617765686,900.00m,-11.940000000000145,
184,2023-05-05 14:46:00,0.017998221287109945,6240.00m,5.000961538461559,
185,2023-05-05 15:10:00,-0.008753322863339384,1440.00m,-10.729166666666666,
186,2023-05-05 17:02:00,0.016834762807828484,6720.00m,4.383035714285695,
187,2023-05-05 18:52:00,-0.01095754583350189,6600.00m,-2.9536363636363436,
188,2023-05-05 22:49:00,0.010748178231529026,14220.00m,1.3299578059071606,
189,2023-05-05 23:43:00,-0.00605578065591358,3240.00m,-3.324074074074074,
190,2023-05-06 00:38:00,0.011078828033779613,3300.00m,5.934545454545481,
191,2023-05-06 08:04:00,-0.02084060695582111,26760.00m,-1.3919282511210747,
192,2023-05-06 09:02:00,0.006123316602210652,3480.00m,3.079310344827561,
193,2023-05-06 15:01:00,-0.03186145887997601,21540.00m,-2.604456824512535,
194,2023-05-06 18:43:00,0.018978698241513818,13320.00m,2.4288288288288324,
195,2023-05-06 21:44:00,-0.010390328151986159,10860.00m,-1.66187845303867,
196,2023-05-07 01:27:00,0.015466400457953399,13380.00m,1.9869955156950605,
197,2023-05-07 03:31:00,-0.012243789593810072,7440.00m,-2.872580645161296,
198,2023-05-07 08:17:00,0.007193042897261658,17160.00m,0.7227272727272752,
199,2023-05-07 11:26:00,-0.007158947993974347,11340.00m,-1.0962962962963,
200,2023-05-07 14:51:00,0.011257812608750122,12300.00m,1.578048780487805,
201,2023-05-08 00:02:00,-0.024229931415632233,33060.00m,-1.2778584392014494,
202,2023-05-08 00:26:00,0.008908481749250522,1440.00m,10.52499999999994,
203,2023-05-08 01:45:00,-0.01868384625064668,4740.00m,-6.765822784810126,
204,2023-05-08 02:58:00,0.007601583010070191,4380.00m,2.9232876712328966,
205,2023-05-08 03:45:00,-0.007837661075071172,2820.00m,-4.71702127659576,
206,2023-05-08 05:59:00,0.006378096405461646,8040.00m,1.335820895522388,
207,2023-05-08 08:56:00,-0.02119049136447645,10620.00m,-3.3813559322033897,
208,2023-05-08 11:35:00,0.011097727280948273,9540.00m,1.9295597484276683,
209,2023-05-08 13:01:00,-0.007945735740785078,5160.00m,-2.582558139534867,
210,2023-05-08 13:19:00,0.007908402452217788,1080.00m,12.183333333333293,
211,2023-05-08 14:38:00,-0.008114693391247698,4740.00m,-2.870886075949358,
212,2023-05-08 15:01:00,0.011882045270087526,1380.00m,14.321739130434846,
213,2023-05-08 18:03:00,-0.025495599228572776,10920.00m,-3.929670329670334,
214,2023-05-08 18:19:00,0.008194112676365472,960.00m,14.0,
215,2023-05-08 20:10:00,-0.010387979985994524,6660.00m,-2.5792792792792727,
216,2023-05-09 01:33:00,0.0167409732203091,19380.00m,1.4136222910216671,
217,2023-05-09 06:36:00,-0.010825430024160712,18180.00m,-0.9907590759075932,
218,2023-05-09 13:12:00,0.013473905245198908,23760.00m,0.9333333333333388,
219,2023-05-09 14:29:00,-0.014402670465173215,4620.00m,-5.200000000000019,
220,2023-05-09 14:47:00,0.007569343065693484,1080.00m,11.522222222222304,
221,2023-05-09 16:05:00,-0.00975100878749903,4680.00m,-3.451282051282061,
222,2023-05-09 17:00:00,0.013347623471918334,3300.00m,6.634545454545415,
223,2023-05-09 19:14:00,-0.00740350357902179,8040.00m,-1.5305970149253623,
224,2023-05-09 20:01:00,0.009437049967270347,2820.00m,5.5212765957446805,
225,2023-05-09 22:20:00,-0.00838331982347116,8340.00m,-1.6741007194244657,
226,2023-05-10 01:23:00,0.010357931756089133,10980.00m,1.5579234972677714,
227,2023-05-10 08:07:00,-0.01194538635521885,24240.00m,-0.822277227722774,
228,2023-05-10 13:03:00,0.02947844979747213,17760.00m,2.7364864864864864,
229,2023-05-10 13:19:00,-0.009576600430575885,960.00m,-16.93125000000009,
230,2023-05-10 14:07:00,0.007827446389309246,2880.00m,4.5687499999999845,
231,2023-05-10 14:58:00,-0.00652356380661625,3060.00m,-3.6117647058822957,
232,2023-05-10 16:29:00,0.008067189744723147,5460.00m,2.486813186813179,
233,2023-05-10 17:21:00,-0.05149903459201785,3120.00m,-28.005769230769218,
234,2023-05-10 20:19:00,0.04054522610255053,10680.00m,6.109550561797753,
235,2023-05-10 21:23:00,-0.021193576357786265,3840.00m,-9.2421875,
236,2023-05-10 21:26:00,0.00967863561986821,180.00m,88.1333333333326,
237,2023-05-10 21:32:00,-0.00743955362678242,360.00m,-34.200000000000124,
238,2023-05-10 23:04:00,0.011747044062373377,5520.00m,3.4956521739130673,
239,2023-05-11 08:02:00,-0.013563813464169825,32280.00m,-0.6983271375464697,
240,2023-05-11 12:16:00,0.00758335468286794,15240.00m,0.8157480314960659,
241,2023-05-11 14:03:00,-0.014776499989102848,6420.00m,-3.8018691588784974,
242,2023-05-11 14:15:00,0.006960779253338418,720.00m,15.733333333333272,
243,2023-05-11 14:50:00,-0.011320948147714234,2100.00m,-8.834285714285736,
244,2023-05-11 16:22:00,0.007369551531311335,5520.00m,2.1630434782608696,
245,2023-05-11 17:47:00,-0.01660907286228951,5100.00m,-5.315294117647051,
246,2023-05-11 19:14:00,0.010770012934482678,5220.00m,3.3114942528735467,
247,2023-05-11 19:44:00,-0.010241028467026323,1800.00m,-9.229999999999928,
248,2023-05-11 21:03:00,0.009853744572406417,4740.00m,3.337974683544267,
249,2023-05-11 23:09:00,-0.008133179895726539,7560.00m,-1.7444444444444387,
250,2023-05-12 01:16:00,0.008382670591263696,7620.00m,1.769291338582683,
251,2023-05-12 06:19:00,-0.03378838327783941,18180.00m,-3.0141914191419117,
252,2023-05-12 14:15:00,0.0180344377352422,28560.00m,0.9894957983193278,
253,2023-05-12 19:28:00,-0.027256964686678452,18780.00m,-2.3153354632587884,
254,2023-05-12 22:11:00,0.03881606928817235,9780.00m,6.1588957055214815,
255,2023-05-12 22:54:00,-0.00908925108590871,2580.00m,-5.679069767441877,
256,2023-05-13 01:24:00,0.012771056279040066,9000.00m,2.2666666666666666,
257,2023-05-13 07:13:00,-0.009728254217863911,20940.00m,-0.7515759312320897,
258,2023-05-13 18:49:00,0.01102605204416405,41760.00m,0.4229885057471233,
259,2023-05-13 18:59:00,-0.008216397232059481,600.00m,-22.17999999999993,
260,2023-05-13 19:24:00,0.006327270010831863,1500.00m,6.776000000000058,
261,2023-05-13 19:46:00,-0.006766286596591354,1320.00m,-8.286363636363768,
262,2023-05-13 21:33:00,0.00608742119797764,6420.00m,1.5224299065420697,
263,2023-05-14 01:16:00,-0.0105411729747799,13380.00m,-1.2726457399103106,
264,2023-05-14 15:09:00,0.01819499084056581,49980.00m,0.5818727490996407,
265,2023-05-15 00:48:00,-0.014533308263192267,34740.00m,-0.6808290155440427,
266,2023-05-15 06:27:00,0.02881813114251186,20340.00m,2.2722713864306763,
267,2023-05-15 14:19:00,-0.009760000000000053,28320.00m,-0.5686440677966133,
268,2023-05-15 17:12:00,0.014824688964291512,10380.00m,2.3335260115606977,
269,2023-05-16 01:31:00,-0.02755171827336768,29940.00m,-1.5258517034068093,
270,2023-05-16 08:22:00,0.014765255508132399,24660.00m,0.9654501216544994,
271,2023-05-16 14:10:00,-0.012955296343694854,20880.00m,-1.0152298850574693,
272,2023-05-16 16:55:00,0.006802291454598087,9900.00m,1.109696969696961,
273,2023-05-16 19:54:00,-0.00728399845021315,10740.00m,-1.1027932960893936,
274,2023-05-17 01:38:00,0.011210603982440767,20640.00m,0.8767441860465179,
275,2023-05-17 11:44:00,-0.023521670887751065,36360.00m,-1.0559405940594084,
276,2023-05-17 12:19:00,0.006903872794073415,2100.00m,5.240000000000042,
277,2023-05-17 14:37:00,-0.006101345137242907,8280.00m,-1.182608695652179,
278,2023-05-17 20:08:00,0.03254090652623654,19860.00m,2.6135951661631376,
279,2023-05-17 21:11:00,-0.006808718365324637,3780.00m,-2.966666666666632,
280,2023-05-18 00:18:00,0.006767364065847002,11220.00m,0.9866310160427807,
281,2023-05-18 06:26:00,-0.011064679372042129,22080.00m,-0.8252717391304367,
282,2023-05-18 12:15:00,0.011365310934276451,20940.00m,0.8839541547277937,
283,2023-05-18 13:10:00,-0.010370640196703423,3300.00m,-5.176363636363649,
284,2023-05-18 14:33:00,0.007895376143817313,4980.00m,2.5843373493975905,
285,2023-05-18 14:45:00,-0.010313231540082382,720.00m,-23.53333333333315,
286,2023-05-18 15:02:00,0.006859803910715456,1020.00m,10.935294117646931,
287,2023-05-18 17:57:00,-0.03363654355012495,10500.00m,-5.244571428571425,
288,2023-05-18 21:41:00,0.025087226941747573,13440.00m,2.953125,
289,2023-05-19 01:48:00,-0.010373850792652526,14820.00m,-1.1352226720647833,
290,2023-05-19 07:15:00,0.007271272678333103,19620.00m,0.5948012232415902,
291,2023-05-19 15:08:00,-0.008369334461616118,28380.00m,-0.47674418604651164,
292,2023-05-19 15:20:00,0.015480142674816032,720.00m,34.466666666666846,
293,2023-05-19 15:34:00,-0.016099249217704725,840.00m,-31.19999999999995,
294,2023-05-19 15:46:00,0.010046862883921539,720.00m,22.349999999999756,
295,2023-05-19 19:27:00,-0.006627576205999944,13260.00m,-0.8085972850678601,
296,2023-05-20 18:00:00,0.013123310583772642,81180.00m,0.2597930524759793,
297,2023-05-20 21:03:00,-0.006706982263348552,10980.00m,-0.994535519125683,
298,2023-05-21 00:58:00,0.011074464177725672,14100.00m,1.2702127659574467,
299,2023-05-21 11:57:00,-0.01688658613553304,39540.00m,-0.698330804248863,
300,2023-05-21 14:33:00,0.006386187024581727,9360.00m,1.0967948717948626,
301,2023-05-22 02:05:00,-0.015795544313937752,41520.00m,-0.6154624277456615,
302,2023-05-22 06:30:00,0.013411261088124602,15900.00m,1.34301886792452,
303,2023-05-22 13:01:00,-0.007436796525528664,23460.00m,-0.5115089514066496,
304,2023-05-22 14:00:00,0.012800965036170153,3540.00m,5.791525423728826,
305,2023-05-22 14:09:00,-0.008707231366746863,540.00m,-26.15555555555572,
306,2023-05-22 14:32:00,0.006817265929342256,1380.00m,7.943478260869597,
307,2023-05-22 17:15:00,-0.007834765753845958,9780.00m,-1.29693251533741,
308,2023-05-23 05:54:00,0.024280095177973096,45540.00m,0.8563899868247694,
309,2023-05-24 14:06:00,-0.04452443209376794,115920.00m,-0.6319358178053838,
310,2023-05-24 14:34:00,0.006698473282442748,1680.00m,6.267857142857143,
311,2023-05-24 15:09:00,-0.0103391404902277,2100.00m,-7.791428571428592,
312,2023-05-24 15:31:00,0.009650305714329553,1320.00m,11.450000000000067,
313,2023-05-24 17:10:00,-0.007330760737174042,5940.00m,-1.951515151515159,
314,2023-05-24 20:32:00,0.011773025247023297,12120.00m,1.5247524752475248,
315,2023-05-25 01:27:00,-0.021949791269196623,17700.00m,-1.9694915254237289,
316,2023-05-25 06:55:00,0.015153446510999063,19680.00m,1.1960365853658514,
317,2023-05-25 07:58:00,-0.006266932513469938,3780.00m,-2.614285714285726,
318,2023-05-25 12:22:00,0.012551644387944714,15840.00m,1.2416666666666778,
319,2023-05-25 15:47:00,-0.0099720540464909,12300.00m,-1.2863414634146375,
320,2023-05-25 19:11:00,0.015271082726640716,12240.00m,1.9598039215686238,
321,2023-05-26 06:02:00,-0.00962753950338606,39060.00m,-0.3930875576036889,
322,2023-05-26 08:32:00,0.007821729897698363,9000.00m,1.3726666666666765,
323,2023-05-26 12:39:00,-0.006370147003392386,14820.00m,-0.6842105263157895,
324,2023-05-26 14:34:00,0.020268578581996103,6900.00m,4.646086956521732,
325,2023-05-26 18:09:00,-0.010607801363063407,12900.00m,-1.326976744186043,
326,2023-05-26 19:37:00,0.007110108981585897,5280.00m,2.1500000000000083,
327,2023-05-27 13:57:00,-0.00886593629660595,66000.00m,-0.21600000000000197,
328,2023-05-28 11:16:00,0.02780705981567384,76740.00m,0.5774824081313543,
329,2023-05-28 12:37:00,-0.007249031142629045,4860.00m,-2.4432098765432277,
330,2023-05-28 18:22:00,0.021835785154765436,20700.00m,1.7153623188405775,
331,2023-05-28 19:50:00,-0.00821113522374794,5280.00m,-2.584090909090884,
332,2023-05-29 00:22:00,0.033826415259204726,16320.00m,3.4158088235294066,
333,2023-05-29 04:23:00,-0.019221152423949995,14460.00m,-2.2647302904564284,
334,2023-05-29 05:45:00,0.0065170556552962295,4920.00m,2.2134146341463414,
335,2023-05-29 10:49:00,-0.009642723364786018,18240.00m,-0.8891447368421028,
336,2023-05-29 11:50:00,0.006091235249196668,3660.00m,2.77213114754096,
337,2023-05-29 17:05:00,-0.014170989928500563,18900.00m,-1.2565079365079341,
338,2023-05-29 23:13:00,0.009627921335052336,22080.00m,0.7203804347826047,
339,2023-05-30 00:36:00,-0.006971323328393188,4980.00m,-2.3349397590361356,
340,2023-05-30 03:19:00,0.011091871997913508,9780.00m,1.8785276073619679,
341,2023-05-30 05:12:00,-0.00864144453998283,6780.00m,-2.13451327433629,
342,2023-05-30 10:37:00,0.012551136938577826,19500.00m,1.0686153846153823,
343,2023-05-30 11:01:00,-0.006353036073109883,1440.00m,-7.416666666666667,
344,2023-05-30 11:58:00,0.006041644965355754,3420.00m,2.950877192982469,
345,2023-05-30 16:17:00,-0.01575604374417581,15540.00m,-1.703861003861001,
346,2023-05-30 19:46:00,0.010109914027641772,12540.00m,1.3334928229665106,
347,2023-05-31 06:01:00,-0.0300225887659495,36900.00m,-1.359349593495935,
348,2023-05-31 08:11:00,0.006841986397479397,7800.00m,1.4215384615384559,
349,2023-05-31 11:09:00,-0.007431649782125008,10680.00m,-1.1353932584269582,
350,2023-05-31 13:45:00,0.007646596819845505,9360.00m,1.323076923076909,
351,2023-05-31 14:25:00,-0.012066708825389382,2400.00m,-8.205000000000018,
352,2023-05-31 14:56:00,0.007629156029266187,1860.00m,6.612903225806452,
353,2023-05-31 16:07:00,-0.008118010311867485,4260.00m,-3.0957746478873136,
354,2023-06-01 00:16:00,0.01747108632027349,29340.00m,0.9595092024539893,
355,2023-06-01 03:05:00,-0.024962488563586405,10140.00m,-4.036094674556205,
356,2023-06-01 16:56:00,0.018151177236712165,49860.00m,0.5819494584837528,
357,2023-06-01 19:33:00,-0.01606547103385985,9420.00m,-2.7757961783439447,
358,2023-06-01 21:29:00,0.009021869040527198,6960.00m,2.075862068965511,
359,2023-06-02 00:38:00,-0.015257226667656887,11340.00m,-2.1740740740740816,
360,2023-06-02 05:42:00,0.02524075624231735,18240.00m,2.201973684210531,
361,2023-06-02 14:09:00,-0.011393894814269926,30420.00m,-0.6110453648915173,
362,2023-06-02 22:39:00,0.014910603343725093,30600.00m,0.7858823529411751,
363,2023-06-03 01:37:00,-0.006850921887027655,10680.00m,-1.0500000000000083,
364,2023-06-03 15:58:00,0.007780291650211778,51660.00m,0.24483159117305794,
365,2023-06-03 21:12:00,-0.013935227743005834,18840.00m,-1.2117834394904459,
366,2023-06-04 22:16:00,0.017396859354340218,90240.00m,0.3114361702127645,
367,2023-06-05 16:03:00,-0.06796311439502353,64020.00m,-1.7447985004686044,
368,2023-06-05 16:17:00,0.015949175711191477,840.00m,29.08571428571434,
369,2023-06-05 16:49:00,-0.011423262125891029,1920.00m,-9.259374999999977,
370,2023-06-05 16:59:00,0.006036970595117357,600.00m,15.479999999999928,
371,2023-06-05 17:30:00,-0.008939093220864548,1860.00m,-7.4387096774193076,
372,2023-06-05 17:47:00,0.008206147178696844,1020.00m,12.341176470588193,
373,2023-06-05 19:27:00,-0.014168218497827465,6000.00m,-3.6520000000000072,
374,2023-06-05 20:02:00,0.009625828387929627,2100.00m,6.988571428571491,
375,2023-06-05 21:37:00,-0.006045510886597058,5700.00m,-1.6326315789473913,
376,2023-06-05 23:29:00,0.013388077787320207,6720.00m,3.0482142857142986,
377,2023-06-06 02:03:00,-0.00907448039409172,9240.00m,-1.5227272727272727,
378,2023-06-06 05:04:00,0.007447124246305755,10860.00m,1.0535911602209984,
379,2023-06-06 12:11:00,-0.014683365700309052,25620.00m,-0.887119437939117,
380,2023-06-06 12:19:00,0.009532202162940581,480.00m,30.287500000000364,
381,2023-06-06 13:17:00,-0.009060300685075639,3480.00m,-4.008620689655173,
382,2023-06-06 14:03:00,0.02331599086079216,2760.00m,12.889130434782562,
383,2023-06-06 14:19:00,-0.006517612155961484,960.00m,-10.599999999999909,
384,2023-06-06 20:06:00,0.05105561615645855,20820.00m,3.803746397694518,
385,2023-06-06 20:23:00,-0.010013948130619222,1020.00m,-16.00588235294109,
386,2023-06-06 23:28:00,0.015806691449814152,11100.00m,2.298378378378382,
387,2023-06-06 23:38:00,-0.006638560742464884,600.00m,-18.140000000000146,
388,2023-06-07 00:45:00,0.008565491935543292,4020.00m,3.470149253731343,
389,2023-06-07 03:35:00,-0.024086527397785596,10200.00m,-3.8788235294117515,
390,2023-06-07 05:27:00,0.009061680060186568,6720.00m,2.1616071428571297,
391,2023-06-07 10:02:00,-0.021191438851589424,16500.00m,-2.077454545454543,
392,2023-06-07 11:32:00,0.021229588027755382,5400.00m,6.224444444444453,
393,2023-06-07 15:01:00,-0.02506317746466335,12540.00m,-3.231578947368428,
394,2023-06-07 15:32:00,0.013523646398325217,1860.00m,11.461290322580622,
395,2023-06-07 16:28:00,-0.014255777796137816,3360.00m,-6.778571428571403,
396,2023-06-07 16:47:00,0.006773797822326837,1140.00m,9.357894736842066,
397,2023-06-07 17:05:00,-0.006103837130099117,1080.00m,-8.961111111111071,
398,2023-06-07 18:14:00,0.009705041367310414,4140.00m,3.694202898550693,
399,2023-06-07 21:59:00,-0.014242296263895273,13500.00m,-1.6786666666666537,
400,2023-06-08 01:25:00,0.01199989289225332,12360.00m,1.5228155339805685,
401,2023-06-08 03:32:00,-0.008988645126173637,7620.00m,-1.872440944881884,
402,2023-06-08 12:48:00,0.012117721547955996,33360.00m,0.571402877697843,
403,2023-06-08 13:34:00,-0.007883778334683752,2760.00m,-4.547826086956538,
404,2023-06-08 15:53:00,0.017005807880332624,8340.00m,3.2208633093525236,
405,2023-06-08 17:05:00,-0.013020094121162267,4320.00m,-4.841666666666646,
406,2023-06-08 20:58:00,0.00793554686021771,13980.00m,0.8999999999999875,
407,2023-06-09 02:24:00,-0.011785200731365674,19560.00m,-0.9628834355828154,
408,2023-06-09 13:23:00,0.016522802911721268,39540.00m,0.6599393019726826,
409,2023-06-10 05:20:00,-0.04702105314302154,57420.00m,-1.3146290491118062,
410,2023-06-10 05:26:00,0.006808377127617796,360.00m,28.933333333333092,
411,2023-06-10 05:51:00,-0.008320478661244276,1500.00m,-8.543999999999942,
412,2023-06-10 11:53:00,0.010644983895042816,21720.00m,0.7486187845303868,
413,2023-06-10 17:03:00,-0.010039255315014158,18600.00m,-0.8332258064516105,
414,2023-06-10 17:44:00,0.025806122328793448,2460.00m,16.031707317073153,
415,2023-06-10 18:24:00,-0.02294856093080215,2400.00m,-14.989999999999963,
416,2023-06-10 18:35:00,0.0072429137744628655,660.00m,16.80909090909071,
417,2023-06-10 18:58:00,-0.00741639540626838,1380.00m,-8.291304347826118,
418,2023-06-10 20:36:00,0.01231457610118103,5880.00m,3.207142857142887,
419,2023-06-10 21:16:00,-0.006072709961334427,2400.00m,-3.9225000000000363,
420,2023-06-10 22:42:00,0.00862149532710286,5160.00m,2.57441860465118,
421,2023-06-11 04:23:00,-0.01002262425969261,20460.00m,-0.7612903225806515,
422,2023-06-11 20:11:00,0.020735673782651794,56880.00m,0.5608649789029544,
423,2023-06-11 22:43:00,-0.01601619959118959,9120.00m,-2.75789473684211,
424,2023-06-12 00:55:00,0.009210112486070315,7920.00m,1.7969696969697024,
425,2023-06-12 02:49:00,-0.012827270453802261,6840.00m,-2.924561403508785,
426,2023-06-12 09:09:00,0.015702643609620412,22800.00m,1.0602631578947406,
427,2023-06-12 17:23:00,-0.015805226200069123,29640.00m,-0.8338056680161974,
428,2023-06-12 17:48:00,0.01099453782004047,1500.00m,11.28,
429,2023-06-12 19:26:00,-0.006690807563119189,5880.00m,-1.7704081632653061,
430,2023-06-13 00:19:00,0.008972109202720836,17580.00m,0.7887372013651952,
431,2023-06-13 01:04:00,-0.006560543620881383,2700.00m,-3.7888888888888888,
432,2023-06-13 03:18:00,0.011948935247228698,8040.00m,2.3022388059701493,
433,2023-06-13 04:30:00,-0.00607424588639211,4320.00m,-2.204166666666677,
434,2023-06-13 08:46:00,0.011090573012939002,15360.00m,1.125,
435,2023-06-13 11:42:00,-0.006630865326020663,10560.00m,-0.9892045454545372,
436,2023-06-13 12:31:00,0.011310525690229622,2940.00m,6.020408163265306,
437,2023-06-13 12:55:00,-0.016787416261956595,1440.00m,-18.45000000000012,
438,2023-06-13 13:03:00,0.007476642721359194,480.00m,24.237500000000182,
439,2023-06-13 15:58:00,-0.015504439681567611,10500.00m,-2.3148571428571345,
440,2023-06-14 02:00:00,0.01224589762429586,36120.00m,0.5232558139534884,
441,2023-06-14 05:56:00,-0.008149658766644035,14160.00m,-0.8991525423728844,
442,2023-06-14 12:55:00,0.007918468812074794,25140.00m,0.4880668257756563,
443,2023-06-14 18:07:00,-0.009588862167789805,18720.00m,-0.800000000000007,
444,2023-06-14 19:09:00,0.0072884261809268,3720.00m,3.0306451612903462,
445,2023-06-14 20:35:00,-0.0321581916552746,5160.00m,-9.710465116279053,
446,2023-06-14 20:38:00,0.00615117731783199,180.00m,51.53333333333285,
447,2023-06-14 20:57:00,-0.015453970262575105,1140.00m,-20.56842105263154,
448,2023-06-14 21:19:00,0.01076426264800861,1320.00m,12.181818181818182,
449,2023-06-14 22:49:00,-0.007152734728911353,5400.00m,-2.0,
450,2023-06-15 00:58:00,0.008336935465795722,7740.00m,1.6147286821705369,
451,2023-06-15 07:08:00,-0.01249131720483461,22200.00m,-0.8505405405405424,
452,2023-06-15 08:38:00,0.006266379407366973,5400.00m,1.7322222222222383,
453,2023-06-15 11:17:00,-0.007433682049315637,9540.00m,-1.1704402515723407,
454,2023-06-15 13:45:00,0.009441175760405101,8880.00m,1.58513513513515,
455,2023-06-15 16:04:00,-0.006506346877591405,8340.00m,-1.1741007194244657,
456,2023-06-15 19:09:00,0.022736757624398016,11100.00m,3.062702702702695,
457,2023-06-15 20:29:00,-0.010272064535873725,4800.00m,-3.272499999999991,
458,2023-06-15 21:33:00,0.02072959944181922,3840.00m,8.170312500000023,
459,2023-06-16 01:05:00,-0.011810763679862751,12720.00m,-1.4344339622641613,
460,2023-06-16 04:18:00,0.006720747064094704,11580.00m,0.8860103626943006,
461,2023-06-16 14:46:00,-0.013949075917640693,37680.00m,-0.5689490445859862,
462,2023-06-16 18:15:00,0.047740653197293426,12540.00m,5.769377990430618,
463,2023-06-17 02:08:00,-0.010837732540783176,28380.00m,-0.6063424947145861,
464,2023-06-17 06:23:00,0.022272055256090433,15300.00m,2.2862745098039214,
465,2023-06-17 16:06:00,-0.014551950163120778,34980.00m,-0.6679245283018831,
466,2023-06-17 22:14:00,0.007610950363861717,22080.00m,0.5453804347826008,
467,2023-06-18 00:47:00,-0.006597517556999062,9180.00m,-1.1457516339869234,
468,2023-06-18 07:18:00,0.009573674101071052,23460.00m,0.6462915601023036,
469,2023-06-18 12:31:00,-0.007842990093065145,18780.00m,-0.6677316293929713,
470,2023-06-18 20:00:00,0.008831650213699459,26940.00m,0.5200445434298441,
471,2023-06-19 00:54:00,-0.01399943762302002,17640.00m,-1.2700680272108893,
472,2023-06-19 13:34:00,0.009943306044693545,45600.00m,0.34407894736842104,
473,2023-06-19 16:34:00,-0.008234000737935027,10800.00m,-1.2149999999999839,
474,2023-06-19 18:15:00,0.024755237853002196,6060.00m,6.456435643564343,
475,2023-06-19 19:00:00,-0.021589982959176086,2700.00m,-12.951111111111095,
476,2023-06-19 20:11:00,0.015807687647664628,4260.00m,5.880281690140845,
477,2023-06-19 21:13:00,-0.006958965585361972,3720.00m,-3.011290322580657,
478,2023-06-20 01:14:00,0.018313189700472993,14460.00m,2.024481327800836,
479,2023-06-20 09:33:00,-0.015403669014629667,29940.00m,-0.8374749498998025,
480,2023-06-20 12:09:00,0.009022162324049116,9360.00m,1.544871794871795,
481,2023-06-20 14:29:00,-0.010907876674210663,8400.00m,-2.1,
482,2023-06-20 18:21:00,0.05304775122847821,13920.00m,6.095689655172416,
483,2023-06-20 18:34:00,-0.0068962569283160515,780.00m,-14.89230769230786,
484,2023-06-20 18:57:00,0.0074032626006112524,1380.00m,8.973913043478325,
485,2023-06-20 19:10:00,-0.010727764722637588,780.00m,-23.17692307692302,
486,2023-06-20 20:02:00,0.010246646535683334,3120.00m,5.475000000000014,
487,2023-06-20 20:09:00,-0.0071536976208968804,420.00m,-28.685714285714702,
488,2023-06-21 01:11:00,0.04040389542352325,18120.00m,3.728476821192053,
489,2023-06-21 04:08:00,-0.011071027018824195,10620.00m,-1.8135593220338984,
490,2023-06-21 05:59:00,0.010323084649294125,6660.00m,2.6666666666666665,
491,2023-06-21 06:35:00,-0.007048768364078106,2160.00m,-5.672222222222142,
492,2023-06-21 10:29:00,0.009500997726435206,14040.00m,1.167948717948715,
493,2023-06-21 11:03:00,-0.008564432980815282,2040.00m,-7.314705882352962,
494,2023-06-21 12:30:00,0.011306009030913512,5220.00m,3.7413793103448274,
495,2023-06-21 13:00:00,-0.00863457608490328,1800.00m,-8.380000000000049,
496,2023-06-21 13:54:00,0.0163143836114759,3240.00m,8.720370370370397,
497,2023-06-21 14:10:00,-0.008856314982103266,960.00m,-16.237499999999955,
498,2023-06-21 15:35:00,0.031249999999999948,5100.00m,10.689411764705866,
499,2023-06-21 15:42:00,-0.007887592633355346,420.00m,-33.785714285714285,
500,2023-06-21 16:35:00,0.03356270989299874,3180.00m,18.83773584905663,
501,2023-06-21 17:11:00,-0.02727535883066582,2160.00m,-23.294444444444505,
502,2023-06-21 17:20:00,0.00769048152445406,540.00m,25.555555555555557,
503,2023-06-21 17:44:00,-0.008401604666673206,1440.00m,-10.549999999999878,
504,2023-06-21 18:23:00,0.012886537567051106,2340.00m,9.874358974358938,
505,2023-06-21 19:17:00,-0.01108394727278734,3240.00m,-6.212962962962963,
506,2023-06-21 19:54:00,0.006664773581438856,2220.00m,5.391891891891892,
507,2023-06-21 21:43:00,-0.010652772707662695,6540.00m,-2.944954128440367,
508,2023-06-21 23:12:00,0.01187776734200988,5340.00m,3.978651685393242,
509,2023-06-22 00:11:00,-0.009374761735855788,3540.00m,-4.793220338983039,
510,2023-06-22 02:57:00,0.020021215863040537,9960.00m,3.6042168674698747,
511,2023-06-22 07:40:00,-0.015448664112120028,16980.00m,-1.663957597173137,
512,2023-06-22 10:20:00,0.007573965285714738,9600.00m,1.4206249999999954,
513,2023-06-22 11:09:00,-0.011816257689000572,2940.00m,-7.291836734693863,
514,2023-06-22 11:24:00,0.00653599145937007,900.00m,13.019999999999952,
515,2023-06-22 11:56:00,-0.0068692645298576455,1920.00m,-6.4562499999999545,
516,2023-06-22 13:48:00,0.015273155804937396,6720.00m,4.0732142857142595,
517,2023-06-22 14:54:00,-0.022274909647294696,3960.00m,-10.234848484848484,
518,2023-06-22 15:05:00,0.009079227388777804,660.00m,24.47272727272734,
519,2023-06-22 15:30:00,-0.007383194125530939,1500.00m,-8.835999999999913,
520,2023-06-22 16:31:00,0.01493346442906015,3660.00m,7.270491803278689,
521,2023-06-22 16:48:00,-0.00846330191527416,1020.00m,-15.005882352941304,
522,2023-06-22 20:02:00,0.011249113320931004,11640.00m,1.7329896907216533,
523,2023-06-23 02:07:00,-0.013218409820335507,21900.00m,-1.0945205479452054,
524,2023-06-23 10:04:00,0.011742417891930885,28620.00m,0.734171907756815,
525,2023-06-23 10:25:00,-0.006953075028915886,1260.00m,-9.990476190476155,
526,2023-06-23 12:16:00,0.007602481652922325,6660.00m,2.0522522522522455,
527,2023-06-23 13:49:00,-0.008141310360132065,5580.00m,-2.643010752688164,
528,2023-06-23 15:23:00,0.028928834999115045,5640.00m,9.215957446808503,
529,2023-06-23 15:28:00,-0.007276338593154683,300.00m,-44.840000000000146,
530,2023-06-23 15:42:00,0.013148947299594637,840.00m,28.72857142857148,
531,2023-06-23 15:47:00,-0.006253589844531474,300.00m,-38.759999999999856,
532,2023-06-23 15:55:00,0.017261757867802683,480.00m,66.44999999999982,
533,2023-06-23 16:02:00,-0.008893003064351333,420.00m,-39.79999999999979,
534,2023-06-23 16:08:00,0.010682976160569835,360.00m,55.28333333333285,
535,2023-06-23 16:23:00,-0.01860036773726852,900.00m,-38.91333333333314,
536,2023-06-23 17:58:00,0.014663575496632785,5700.00m,4.7536842105263,
537,2023-06-23 19:37:00,-0.01802937694006213,5940.00m,-5.690909090909106,
538,2023-06-23 20:49:00,0.007840811325181916,4320.00m,3.341666666666697,
539,2023-06-23 22:22:00,-0.015520820534045566,5580.00m,-5.161290322580645,
540,2023-06-24 00:07:00,0.007491903751535447,6300.00m,2.1723809523809385,
541,2023-06-24 01:32:00,-0.007856740007106927,5100.00m,-2.835294117647059,
542,2023-06-24 02:43:00,0.011392126387871205,4260.00m,4.883098591549306,
543,2023-06-24 08:52:00,-0.007482131254061055,22140.00m,-0.62411924119241,
544,2023-06-24 12:40:00,0.007594182594264428,13680.00m,1.0175438596491229,
545,2023-06-24 16:03:00,-0.015817839820412825,12180.00m,-2.398522167487692,
546,2023-06-24 18:23:00,0.012741460580693717,8400.00m,2.757142857142857,
547,2023-06-24 21:14:00,-0.009090375739876333,10260.00m,-1.630994152046771,
548,2023-06-25 04:38:00,0.02065660369911091,26640.00m,1.4144144144144144,
549,2023-06-25 06:08:00,-0.00844024634304337,5400.00m,-2.910000000000016,
550,2023-06-25 06:27:00,0.006438507540301564,1140.00m,10.426315789473607,
551,2023-06-25 13:36:00,-0.014144499953174601,25740.00m,-1.020979020979021,
552,2023-06-25 14:04:00,0.006315492939292092,1680.00m,6.88571428571439,
553,2023-06-25 19:36:00,-0.012955349615408403,19920.00m,-1.1987951807228916,
554,2023-06-25 20:18:00,0.006186743352383794,2520.00m,4.466666666666632,
555,2023-06-25 20:54:00,-0.006656724734107882,2160.00m,-5.641666666666627,
556,2023-06-25 22:33:00,0.008040940496380326,5940.00m,2.4616161616161323,
557,2023-06-26 01:20:00,-0.017714583108300427,10020.00m,-3.240718562874234,
558,2023-06-26 01:37:00,0.01013665490388162,1020.00m,17.894117647058653,
559,2023-06-26 02:26:00,-0.006798816392371819,2940.00m,-4.2061224489795626,
560,2023-06-26 07:14:00,0.014972764713697332,17280.00m,1.5652777777777753,
561,2023-06-26 10:09:00,-0.014077777923216904,10500.00m,-2.458285714285718,
562,2023-06-26 13:59:00,0.016681823914818553,13800.00m,2.185217391304357,
563,2023-06-26 17:16:00,-0.022460758964715714,11820.00m,-3.4923857868020303,
564,2023-06-26 19:54:00,0.011578588794784817,9480.00m,2.194303797468359,
565,2023-06-26 22:00:00,-0.006153866470341647,7560.00m,-1.479365079365091,
566,2023-06-27 02:59:00,0.012284285880379334,17940.00m,1.2367892976588604,
567,2023-06-27 06:33:00,-0.008020135659741407,12840.00m,-1.1420560747663449,
568,2023-06-27 11:50:00,0.017102838674248815,19020.00m,1.6309148264984228,
569,2023-06-27 13:42:00,-0.00674886732865195,6720.00m,-1.8526785714285714,
570,2023-06-27 14:08:00,0.014768291724517327,1560.00m,17.346153846153847,
571,2023-06-27 16:17:00,-0.017505985917765428,7740.00m,-4.205426356589148,
572,2023-06-27 17:58:00,0.009629880217690375,6060.00m,2.902970297029674,
573,2023-06-28 00:23:00,-0.009154166707330094,23100.00m,-0.7309090909090852,
574,2023-06-28 01:03:00,0.006365997235600922,2400.00m,4.847499999999945,
575,2023-06-28 08:04:00,-0.016246582671616765,25260.00m,-1.182897862232779,
576,2023-06-28 11:47:00,0.0072990522175721845,13380.00m,0.9869955156950769,
577,2023-06-28 13:04:00,-0.011328506948216844,4620.00m,-4.468831168831197,
578,2023-06-28 14:42:00,0.014421956271270044,5880.00m,4.419387755102063,
579,2023-06-28 17:16:00,-0.01352101025154533,9240.00m,-2.6746753246753343,
580,2023-06-28 18:32:00,0.006319089039591687,4560.00m,2.498684210526335,
581,2023-06-28 19:31:00,-0.011371715214422517,3540.00m,-5.828813559322058,
582,2023-06-29 13:17:00,0.030774839620306586,63960.00m,0.8631332082551615,
583,2023-06-29 14:54:00,-0.013696585426002491,5820.00m,-4.3515463917526,
584,2023-06-29 17:29:00,0.007642503240579267,9300.00m,1.49870967741935,
585,2023-06-29 20:24:00,-0.011038882594741383,10500.00m,-1.9319999999999917,
586,2023-06-30 04:51:00,0.03215582700561241,30420.00m,1.921104536489152,
587,2023-06-30 06:35:00,-0.020598771750255887,6240.00m,-6.1923076923076925,
588,2023-06-30 12:31:00,0.015395166557805404,21360.00m,1.3241573033707905,
589,2023-06-30 13:41:00,-0.035028979074599474,4200.00m,-15.558571428571458,
590,2023-06-30 13:44:00,0.009772584101885546,180.00m,97.73333333333358,
591,2023-06-30 13:47:00,-0.022808667953986565,180.00m,-230.33333333333334,
592,2023-06-30 14:14:00,0.022449289803914897,1620.00m,24.61481481481476,
593,2023-06-30 14:49:00,-0.008890254417871644,2100.00m,-7.688571428571387,
594,2023-06-30 15:08:00,0.006209999999999976,1140.00m,9.805263157894698,
595,2023-06-30 16:08:00,-0.008265338912023005,3600.00m,-4.158333333333333,
596,2023-06-30 17:22:00,0.025042756740867454,4440.00m,10.13108108108109,
597,2023-06-30 18:46:00,-0.012344190442051041,5040.00m,-4.509523809523801,
598,2023-06-30 23:33:00,0.007522840730243469,17220.00m,0.794425087108014,
599,2023-07-01 04:30:00,-0.007008190413188497,17820.00m,-0.7205387205387206,
600,2023-07-01 15:01:00,0.01083052731212293,37860.00m,0.5204437400950838,
601,2023-07-02 15:23:00,-0.013249548941112707,87720.00m,-0.27777017783857627,
602,2023-07-02 16:18:00,0.013278666843010135,3300.00m,7.301818181818155,
603,2023-07-02 18:03:00,-0.009100817083039583,6300.00m,-2.6561904761904556,
604,2023-07-02 22:34:00,0.01291875640092599,16260.00m,1.4476014760147575,
605,2023-07-02 22:43:00,-0.007493741669104977,540.00m,-25.61111111111111,
606,2023-07-03 03:53:00,0.008533010138067707,18600.00m,0.8403225806451613,
607,2023-07-03 12:31:00,-0.0070901945500016,31080.00m,-0.42142857142857,
608,2023-07-03 15:48:00,0.017444808264122157,11820.00m,2.707106598984768,
609,2023-07-03 16:07:00,-0.006491126543209923,1140.00m,-10.626315789473761,
610,2023-07-03 19:51:00,0.014950440261341463,13440.00m,2.0625,
611,2023-07-03 21:25:00,-0.01320299323111451,5640.00m,-4.4053191489361545,
612,2023-07-04 02:03:00,0.011789983844911194,16680.00m,1.3125899280575593,
613,2023-07-04 09:04:00,-0.013958211586177894,25260.00m,-1.0382422802850408,
614,2023-07-04 16:27:00,0.007315935720809172,26580.00m,0.5099322799097099,
615,2023-07-04 19:32:00,-0.014879258737706423,11100.00m,-2.5016216216216174,
616,2023-07-05 03:53:00,0.007323544673948801,30060.00m,0.4479041916167621,
617,2023-07-05 13:29:00,-0.020942611929901794,34560.00m,-1.1222222222222185,
618,2023-07-05 14:43:00,0.00710482512599721,4440.00m,2.901351351351312,
619,2023-07-05 15:38:00,-0.0065059670890068875,3300.00m,-3.6,
620,2023-07-05 18:01:00,0.01115572371641386,8580.00m,2.3587412587412793,
621,2023-07-06 01:20:00,-0.007529544138763438,26340.00m,-0.5243735763097966,
622,2023-07-06 09:00:00,0.03721158631235844,27600.00m,2.454565217391301,
623,2023-07-06 10:38:00,-0.013021180866680625,5880.00m,-4.181632653061217,
624,2023-07-06 10:57:00,0.006335715665443283,1140.00m,10.357894736842066,
625,2023-07-06 14:40:00,-0.044045196872560664,13380.00m,-6.173991031390131,
626,2023-07-06 16:06:00,0.018974633558664078,5160.00m,6.593023255813954,
627,2023-07-06 16:47:00,-0.009484712141613822,2460.00m,-7.0439024390243725,
628,2023-07-06 18:58:00,0.00701255296715539,7860.00m,1.6145038167938932,
629,2023-07-07 00:03:00,-0.020469713582051737,18300.00m,-2.0383606557377076,
630,2023-07-07 05:46:00,0.017781512605042016,20580.00m,1.5422740524781342,
631,2023-07-07 07:55:00,-0.010492420489448156,7740.00m,-2.462790697674424,
632,2023-07-07 12:34:00,0.01116106443979405,16740.00m,1.198566308243733,
633,2023-07-07 12:42:00,-0.007119822285010768,480.00m,-26.96250000000009,
634,2023-07-07 16:12:00,0.011459441489361726,12600.00m,1.6414285714285748,
635,2023-07-07 18:54:00,-0.009587604807935681,9720.00m,-1.8006172839506218,
636,2023-07-08 02:51:00,0.00779875883582783,28620.00m,0.49266247379454925,
637,2023-07-08 19:23:00,-0.010221285563751365,59520.00m,-0.3129032258064531,
638,2023-07-09 01:11:00,0.011161902480570638,20880.00m,0.9640804597701149,
639,2023-07-09 14:09:00,-0.006860109695950726,46680.00m,-0.2679948586118252,
640,2023-07-09 14:36:00,0.007556833617142589,1620.00m,8.44814814814823,
641,2023-07-10 00:17:00,-0.014862212167942998,34860.00m,-0.7779690189328744,
642,2023-07-10 03:07:00,0.008988441525064476,10200.00m,1.5841176470588192,
643,2023-07-10 09:15:00,-0.006771419120079415,22080.00m,-0.556250000000002,
644,2023-07-10 20:07:00,0.03264580204027939,39120.00m,1.5033742331288356,
645,2023-07-10 21:57:00,-0.02627275805905399,6600.00m,-7.405454545454532,
646,2023-07-11 02:00:00,0.013146345421964824,14580.00m,1.6333333333333244,
647,2023-07-11 03:28:00,-0.006541823864416485,5280.00m,-2.27386363636362,
648,2023-07-11 07:06:00,0.008217140487763164,13080.00m,1.1454128440367006,
649,2023-07-11 13:43:00,-0.009570002676467347,23820.00m,-0.7385390428211605,
650,2023-07-11 15:18:00,0.013828013261183308,5700.00m,4.416842105263142,
651,2023-07-11 15:32:00,-0.008861063977792034,840.00m,-19.47142857142847,
652,2023-07-11 16:51:00,0.0060214094558429495,4740.00m,2.324050632911374,
653,2023-07-11 18:36:00,-0.008821573408791535,6300.00m,-2.577142857142843,
654,2023-07-12 12:30:00,0.017415357088823254,64440.00m,0.4930167597765363,
655,2023-07-12 13:38:00,-0.014311252776098583,4080.00m,-6.51029411764707,
656,2023-07-12 14:06:00,0.010380112164245187,1680.00m,11.303571428571429,
657,2023-07-12 19:36:00,-0.018930455246287455,19800.00m,-1.7672727272727293,
658,2023-07-13 13:43:00,0.014696783713766762,65220.00m,0.4086476540938369,
659,2023-07-13 14:08:00,-0.00621484585160665,1500.00m,-7.623999999999942,
660,2023-07-13 15:45:00,0.019886540739355352,5820.00m,6.248453608247408,
661,2023-07-13 16:34:00,-0.010587440483850165,2940.00m,-6.716326530612215,
662,2023-07-13 18:23:00,0.02283538558083425,6540.00m,6.44311926605504,
663,2023-07-13 18:31:00,-0.010983177142275855,480.00m,-43.1875,
664,2023-07-13 19:31:00,0.022621714660401047,3600.00m,11.729999999999988,
665,2023-07-13 21:21:00,-0.023076802187612978,6600.00m,-6.674545454545462,
666,2023-07-14 03:17:00,0.016019278472908193,21360.00m,1.3985955056179815,
667,2023-07-14 07:57:00,-0.015510209251659296,16800.00m,-1.7492857142857117,
668,2023-07-14 08:38:00,0.0062883169183065605,2460.00m,4.7682926829268295,
669,2023-07-14 13:37:00,-0.006249021093243066,17940.00m,-0.6538461538461539,
670,2023-07-14 15:19:00,0.008173203728601985,6120.00m,2.491176470588221,
671,2023-07-14 18:35:00,-0.04136104774514657,11760.00m,-6.614285714285722,
672,2023-07-14 18:49:00,0.006250187206086542,840.00m,13.414285714285922,
673,2023-07-14 19:04:00,-0.009770166264813227,900.00m,-19.69333333333343,
674,2023-07-14 19:14:00,0.009305432622455236,600.00m,27.859999999999854,
675,2023-07-14 20:34:00,-0.008359228409463154,4800.00m,-3.157499999999982,
676,2023-07-15 01:42:00,0.013832574126912616,18480.00m,1.3457792207792207,
677,2023-07-16 02:21:00,-0.010217248189598467,88740.00m,-0.20987153482082585,
678,2023-07-16 02:46:00,0.008230904302019315,1500.00m,9.9,
679,2023-07-16 04:46:00,-0.006108763701013524,7200.00m,-1.543333333333309,
680,2023-07-16 15:09:00,0.009262608730282475,37380.00m,0.4479935794542513,
681,2023-07-17 10:24:00,-0.012830883561869084,69300.00m,-0.33783549783549843,
682,2023-07-17 11:14:00,0.007354900602249083,3000.00m,4.415999999999985,
683,2023-07-17 12:30:00,-0.007215226707581513,4560.00m,-2.871052631578909,
684,2023-07-17 14:02:00,0.009046277237088356,5520.00m,2.9521739130434623,
685,2023-07-17 17:21:00,-0.012569730978709334,11940.00m,-1.913567839195976,
686,2023-07-17 17:30:00,0.007290851836251631,540.00m,24.23333333333317,
687,2023-07-17 18:48:00,-0.01582355147134468,4680.00m,-6.1128205128205035,
688,2023-07-17 21:57:00,0.020444774156564524,11340.00m,3.207936507936504,
689,2023-07-18 08:19:00,-0.012120891685226896,37320.00m,-0.5897106109324748,
690,2023-07-18 08:33:00,0.006700117076434162,840.00m,14.307142857142805,
691,2023-07-18 13:08:00,-0.012088266274135805,16500.00m,-1.3229090909090881,
692,2023-07-18 14:24:00,0.008872744395674597,4560.00m,3.471052631578938,
693,2023-07-18 16:48:00,-0.015035688924598188,8640.00m,-3.1319444444444446,
694,2023-07-18 19:06:00,0.012919581780580374,8280.00m,2.7659420289855126,
695,2023-07-18 20:31:00,-0.007832653879569653,5100.00m,-2.7576470588235464,
696,2023-07-19 04:36:00,0.016095461342601997,29100.00m,0.985360824742271,
697,2023-07-19 13:17:00,-0.010871907058453074,31260.00m,-0.6295585412667947,
698,2023-07-19 13:45:00,0.0075901010337952185,1680.00m,8.089285714285714,
699,2023-07-19 15:01:00,-0.009851004390049246,4560.00m,-3.8973684210526414,
700,2023-07-19 19:21:00,0.010540175602415684,15600.00m,1.206923076923074,
701,2023-07-19 23:06:00,-0.008991012311537747,13500.00m,-1.2022222222222223,
702,2023-07-20 10:41:00,0.01957062025617892,41700.00m,0.839568345323741,
703,2023-07-20 14:50:00,-0.025086681623495772,14940.00m,-3.062650602409633,
704,2023-07-20 16:08:00,0.007312052908624671,4680.00m,2.7782051282051374,
705,2023-07-20 18:29:00,-0.008789824705973042,8460.00m,-1.8609929078014287,
706,2023-07-21 02:28:00,0.01149025187308003,28740.00m,0.7098121085594989,
707,2023-07-21 11:24:00,-0.006872634086527724,32160.00m,-0.38376865671641924,
708,2023-07-21 18:38:00,0.010560276673193297,26040.00m,0.7232718894009249,
709,2023-07-21 19:14:00,-0.008229438886762013,2160.00m,-6.866666666666687,
710,2023-07-22 00:53:00,0.006360917449053919,20340.00m,0.5589970501474927,
711,2023-07-22 23:31:00,-0.011534048457679557,81480.00m,-0.25463917525773144,
712,2023-07-23 19:10:00,0.023040323941285617,70740.00m,0.57913486005089,
713,2023-07-24 04:06:00,-0.021775986384236348,32160.00m,-1.2317164179104492,
714,2023-07-24 07:50:00,0.006615504963314656,13440.00m,0.8758928571428604,
715,2023-07-24 09:50:00,-0.026596279200637774,7200.00m,-6.616666666666666,
716,2023-07-24 10:29:00,0.010258157316980921,2340.00m,7.6435897435898,
717,2023-07-24 15:10:00,-0.015123697539674158,16860.00m,-1.5800711743772242,
718,2023-07-25 09:39:00,0.012139490003078103,66540.00m,0.31650135256988277,
719,2023-07-25 13:04:00,-0.006017447522458719,12300.00m,-0.8590243902439132,
720,2023-07-25 18:40:00,0.009168477214598084,20160.00m,0.7937500000000022,
721,2023-07-26 01:35:00,-0.008567389415952718,24900.00m,-0.6060240963855422,
722,2023-07-26 03:10:00,0.009624106652006546,5700.00m,2.9484210526315637,
723,2023-07-26 11:51:00,-0.008011135273838498,31260.00m,-0.45182341650671365,
724,2023-07-26 18:41:00,0.009170220284266511,24600.00m,0.6519512195121934,
725,2023-07-26 19:10:00,-0.006639243948871338,1740.00m,-6.734482758620665,
726,2023-07-26 20:54:00,0.014712173219669543,6240.00m,4.133653846153825,
727,2023-07-26 23:44:00,-0.012610200130857313,10200.00m,-2.1994117647058693,
728,2023-07-27 09:55:00,0.009386303784237953,36660.00m,0.4497545008183294,
729,2023-07-27 18:39:00,-0.015735241865895134,31440.00m,-0.8874045801526718,
730,2023-07-28 15:21:00,0.01507228439310338,74520.00m,0.3529790660225454,
731,2023-07-28 17:45:00,-0.011407320600577916,8640.00m,-2.338888888888909,
732,2023-07-30 15:03:00,0.008383553571489776,163080.00m,0.09002943340691712,
733,2023-07-30 20:02:00,-0.013417004158625677,17940.00m,-1.32073578595317,
734,2023-07-31 00:44:00,0.015662289628382193,16920.00m,1.612765957446806,
735,2023-07-31 20:04:00,-0.012640416102967829,69600.00m,-0.321379310344827,
736,2023-08-01 01:11:00,0.007386701190594698,18420.00m,0.7006514657980408,
737,2023-08-01 02:10:00,-0.018005795125277,3540.00m,-8.952542372881368,
738,2023-08-01 02:19:00,0.0065817793021093005,540.00m,21.066666666666908,
739,2023-08-01 04:01:00,-0.00655253755638631,6120.00m,-1.8627450980392157,
740,2023-08-01 08:59:00,0.006154882248389221,17880.00m,0.5949664429530177,
741,2023-08-01 15:30:00,-0.011088991398613754,23460.00m,-0.8219948849104897,
742,2023-08-02 01:32:00,0.04673386294889105,36120.00m,2.225083056478405,
743,2023-08-02 08:21:00,-0.01998213440526902,24540.00m,-1.4657701711491442,
744,2023-08-02 12:09:00,0.006309030245933141,13680.00m,0.8135964912280702,
745,2023-08-02 16:55:00,-0.02173530982364348,17160.00m,-2.2486013986013935,
746,2023-08-02 17:39:00,0.010257491008716545,2640.00m,6.747727272727223,
747,2023-08-02 18:36:00,-0.0070721164368570556,3420.00m,-3.628070175438584,
748,2023-08-03 01:49:00,0.007632220645570219,25980.00m,0.5117782909930767,
749,2023-08-03 08:26:00,-0.009570555502385803,23820.00m,-0.7052896725440806,
750,2023-08-03 15:00:00,0.014573929128532158,23640.00m,1.0718274111675108,
751,2023-08-03 18:09:00,-0.008578610618836913,11340.00m,-1.3343915343915382,
752,2023-08-03 20:28:00,0.006779544713773474,8340.00m,1.4215827338129392,
753,2023-08-04 02:24:00,-0.008056133941746308,21360.00m,-0.6640449438202186,
754,2023-08-04 13:48:00,0.006877905159115997,41040.00m,0.2926900584795333,
755,2023-08-04 20:50:00,-0.013559483961662263,25320.00m,-0.9417061611374443,
756,2023-08-06 21:22:00,0.009947942788952061,174720.00m,0.09876373626373576,
757,2023-08-07 00:35:00,-0.006568920580448704,11580.00m,-0.9937823834196855,
758,2023-08-07 02:52:00,0.006908843940799118,8220.00m,1.4627737226277477,
759,2023-08-07 16:15:00,-0.017348759017622693,48180.00m,-0.6310087173100881,
760,2023-08-08 13:04:00,0.033167247386759635,74940.00m,0.7621297037630115,
761,2023-08-08 13:52:00,-0.010316370957678983,2880.00m,-6.372916666666697,
762,2023-08-08 21:21:00,0.028078784161384856,26940.00m,1.8351893095768375,
763,2023-08-09 02:41:00,-0.016997016904209454,19200.00m,-1.6024999999999978,
764,2023-08-09 13:00:00,0.015621838878923136,37140.00m,0.7484652665589648,
765,2023-08-09 20:05:00,-0.02480038511976893,25500.00m,-1.7576470588235293,
766,2023-08-10 14:02:00,0.011176740939962867,64620.00m,0.3048282265552454,
767,2023-08-11 03:00:00,-0.011901635591108956,46680.00m,-0.45437017994858614,
768,2023-08-11 14:47:00,0.006484191588609878,42420.00m,0.2691654879773681,
769,2023-08-11 16:44:00,-0.008504126803572177,7020.00m,-2.147008547008522,
770,2023-08-12 16:30:00,0.006149402131974792,85560.00m,0.12629733520336506,
771,2023-08-14 02:20:00,-0.012430643929753094,121800.00m,-0.18044334975369422,
772,2023-08-14 16:49:00,0.020054155842370712,52140.00m,0.67157652474108,
773,2023-08-14 18:07:00,-0.013316579528917133,4680.00m,-5.067948717948709,
774,2023-08-15 15:02:00,0.006080677375851364,75300.00m,0.1419123505976084,
775,2023-08-16 16:30:00,-0.01736483459799906,91680.00m,-0.3348821989528777,
776,2023-08-16 18:23:00,0.009245093400653997,6780.00m,2.3690265486725406,
777,2023-08-17 00:45:00,-0.02880548597708699,22920.00m,-2.203664921465967,
778,2023-08-17 04:20:00,0.010887258736232374,12900.00m,1.4372093023255814,
779,2023-08-17 16:04:00,-0.0330768051082577,42240.00m,-1.3480113636363635,
780,2023-08-17 16:42:00,0.011621452104766146,2280.00m,8.484210526315827,
781,2023-08-17 21:44:00,-0.11616579129282154,18120.00m,-10.79503311258279,
782,2023-08-17 21:46:00,0.05021347277264646,120.00m,622.75,
783,2023-08-17 21:47:00,-0.009144094343099207,60.00m,-238.1999999999971,
784,2023-08-17 21:48:00,0.015252950246790064,60.00m,393.6999999999971,
785,2023-08-17 21:49:00,-0.010047662477914577,60.00m,-263.2999999999993,
786,2023-08-17 22:01:00,0.017122944437163216,720.00m,37.01666666666673,
787,2023-08-17 22:10:00,-0.013347987569165495,540.00m,-39.13333333333341,
788,2023-08-17 22:29:00,0.016263472869884592,1140.00m,22.284210526315867,
789,2023-08-17 22:45:00,-0.006024825000378024,960.00m,-9.962500000000091,
790,2023-08-17 22:57:00,0.022442941995147913,720.00m,49.183333333333394,
791,2023-08-17 23:00:00,-0.007657691163344297,180.00m,-68.63333333333382,
792,2023-08-17 23:07:00,0.009092237867334362,420.00m,34.65714285714317,
793,2023-08-17 23:35:00,-0.01669842189513726,1680.00m,-16.057142857142935,
794,2023-08-18 00:08:00,0.011837537912982444,1980.00m,9.49696969696974,
795,2023-08-18 04:25:00,-0.023498889448830655,15420.00m,-2.4494163424124515,
796,2023-08-18 06:14:00,0.016556443289116502,6540.00m,3.9733944954128306,
797,2023-08-18 08:00:00,-0.007002079564983476,6360.00m,-1.7566037735848783,
798,2023-08-18 09:19:00,0.006934056404061158,4740.00m,2.3177215189873235,
799,2023-08-18 14:54:00,-0.022776336078829538,20100.00m,-1.8077611940298464,
800,2023-08-18 15:17:00,0.009606133146547355,1380.00m,10.852173913043416,
801,2023-08-18 15:54:00,-0.01082605878092479,2220.00m,-7.675675675675675,
802,2023-08-18 16:11:00,0.0067054607113954294,1020.00m,10.235294117647058,
803,2023-08-18 17:22:00,-0.01688167515216476,4260.00m,-6.211267605633803,
804,2023-08-18 17:40:00,0.01612802741219534,1080.00m,23.011111111111152,
805,2023-08-18 18:12:00,-0.007127474498202804,1920.00m,-5.8125,
806,2023-08-18 18:49:00,0.014503940533071889,2220.00m,10.156756756756737,
807,2023-08-18 19:39:00,-0.011260747165791677,3000.00m,-5.92,
808,2023-08-18 20:29:00,0.009284340130819519,3000.00m,4.825999999999985,
809,2023-08-19 07:18:00,-0.016724295021596364,38940.00m,-0.6759630200308178,
810,2023-08-19 16:59:00,0.017349937578995528,34860.00m,0.770223752151463,
811,2023-08-19 18:05:00,-0.008677558393451135,3960.00m,-3.4499999999999558,
812,2023-08-20 13:06:00,0.007031262013501169,68460.00m,0.1602979842243627,
813,2023-08-20 15:08:00,-0.00827247636026313,7320.00m,-1.7762295081967272,
814,2023-08-20 20:44:00,0.010447060272686036,20160.00m,0.8077380952380996,
815,2023-08-21 10:53:00,-0.013142857142857144,50940.00m,-0.40636042402826855,
816,2023-08-21 14:08:00,0.0098050569388149,11700.00m,1.3025641025641026,
817,2023-08-21 15:27:00,-0.012462250086012462,4740.00m,-4.1265822784810124,
818,2023-08-21 21:35:00,0.015054387798552296,22080.00m,1.0567934782608734,
819,2023-08-22 16:26:00,-0.01570443026630423,67860.00m,-0.3641025641025667,
820,2023-08-22 16:55:00,0.00901585038415197,1740.00m,8.024137931034508,
821,2023-08-22 17:47:00,-0.011580935997665326,3120.00m,-5.799999999999972,
822,2023-08-22 18:39:00,0.009323574658524078,3120.00m,4.615384615384615,
823,2023-08-22 21:27:00,-0.018290148261050326,10080.00m,-2.8285714285714327,
824,2023-08-23 00:15:00,0.025511644318983798,10080.00m,3.87321428571429,
825,2023-08-23 04:09:00,-0.007225682138801913,14040.00m,-0.8076923076923077,
826,2023-08-23 06:49:00,0.007228210430650413,9600.00m,1.1731250000000046,
827,2023-08-23 13:12:00,-0.013480963778034446,22980.00m,-0.9206266318537916,
828,2023-08-23 14:04:00,0.010394220782240716,3120.00m,5.157692307692321,
829,2023-08-23 14:18:00,-0.006087223351616767,840.00m,-11.335714285714337,
830,2023-08-23 19:48:00,0.03418453784496163,19800.00m,2.6842424242424223,
831,2023-08-23 21:54:00,-0.021505255969639613,7560.00m,-4.573809523809517,
832,2023-08-24 00:49:00,0.011620102357580361,10500.00m,1.7411428571428613,
833,2023-08-24 01:55:00,-0.007166418487173149,3960.00m,-2.880303030303008,
834,2023-08-24 09:09:00,0.008326878388845828,26040.00m,0.5052995391705053,
835,2023-08-24 16:00:00,-0.021475615404602372,24660.00m,-1.3875912408759106,
836,2023-08-24 16:49:00,0.006257359902098815,2940.00m,3.318367346938746,
837,2023-08-24 17:38:00,-0.00884962521034119,2940.00m,-4.722448979591866,
838,2023-08-24 19:29:00,0.007701627528302408,6660.00m,1.7981981981982178,
839,2023-08-24 20:52:00,-0.006689334589258802,4980.00m,-2.1048192771084424,
840,2023-08-25 00:02:00,0.009074263246150047,11400.00m,1.2389473684210603,
841,2023-08-25 07:58:00,-0.00802616046972721,28560.00m,-0.44138655462185333,
842,2023-08-25 13:36:00,0.009127039142289385,20280.00m,0.7011834319526628,
843,2023-08-25 14:08:00,-0.007445485005991442,1920.00m,-6.0968749999999545,
844,2023-08-25 14:16:00,0.008508691322518976,480.00m,27.66249999999991,
845,2023-08-25 14:56:00,-0.016500190621425822,2400.00m,-10.819999999999983,
846,2023-08-25 16:31:00,0.008442776735459633,5700.00m,2.292631578947361,
847,2023-08-25 17:46:00,-0.007211224293676669,4500.00m,-2.501333333333314,
848,2023-08-27 17:01:00,0.013129467155036842,170100.00m,0.11961199294532578,
849,2023-08-28 09:18:00,-0.011201345231498233,58620.00m,-0.2999999999999985,
850,2023-08-28 12:28:00,0.013129314276438236,11400.00m,1.7878947368420899,
851,2023-08-28 19:24:00,-0.011120394001472547,24960.00m,-0.7007211538461539,
852,2023-08-29 01:17:00,0.010153694216406424,21180.00m,0.7456090651558094,
853,2023-08-29 10:39:00,-0.0106130274052121,33720.00m,-0.49448398576512065,
854,2023-08-29 14:22:00,0.03700944536011639,13380.00m,4.299551569506724,
855,2023-08-29 14:23:00,-0.006424548774087486,60.00m,-172.60000000000218,
856,2023-08-29 14:45:00,0.03422232711824404,1320.00m,41.52272727272727,
857,2023-08-29 14:53:00,-0.013167141190874646,480.00m,-45.4375,
858,2023-08-29 14:57:00,0.010329220977054795,240.00m,70.35000000000036,
859,2023-08-29 15:20:00,-0.009493360460680458,1380.00m,-11.36086956521736,
860,2023-08-29 16:13:00,0.018750550192200503,3180.00m,9.645283018867937,
861,2023-08-29 16:15:00,-0.006066737715306181,120.00m,-84.25,
862,2023-08-29 16:27:00,0.01590964250395738,720.00m,36.59999999999976,
863,2023-08-29 16:37:00,-0.01050094312375424,600.00m,-29.45,
864,2023-08-29 17:35:00,0.009452047883649468,3480.00m,4.522413793103499,
865,2023-08-29 17:53:00,-0.00746084839484666,1080.00m,-11.61111111111111,
866,2023-08-29 18:46:00,0.006718481939583989,3180.00m,3.524528301886779,
867,2023-08-29 22:26:00,-0.01679843662359286,13200.00m,-2.1372727272727308,
868,2023-08-29 23:50:00,0.008749841027597583,5040.00m,2.866666666666658,
869,2023-08-30 03:25:00,-0.01741633136776736,12900.00m,-2.2488372093023257,
870,2023-08-30 08:37:00,0.007889199275601432,18720.00m,0.6897435897435921,
871,2023-08-30 13:38:00,-0.009180518677481594,18060.00m,-0.8385382059800712,
872,2023-08-30 14:09:00,0.006218658913533529,1860.00m,5.464516129032305,
873,2023-08-30 15:04:00,-0.012962422473549774,3300.00m,-6.459999999999987,
874,2023-08-30 15:38:00,0.008349750690268153,2040.00m,6.644117647058759,
875,2023-08-30 16:37:00,-0.008126654105848006,3540.00m,-3.7576271186440184,
876,2023-08-31 11:42:00,0.015207565717749057,68700.00m,0.3593886462882096,
877,2023-08-31 17:00:00,-0.04904187780301709,19080.00m,-4.236477987421385,
878,2023-08-31 17:26:00,0.009792062228210911,1560.00m,9.83846153846151,
879,2023-08-31 19:13:00,-0.013533492550892756,6420.00m,-3.336448598130841,
880,2023-08-31 19:45:00,0.008784874337099322,1920.00m,7.1437499999999545,
881,2023-08-31 21:08:00,-0.020437628092310273,4980.00m,-6.463855421686747,
882,2023-09-01 12:23:00,0.016154561116274786,54900.00m,0.453989071038253,
883,2023-09-01 15:04:00,-0.01976310300618081,9660.00m,-3.207453416149077,
884,2023-09-01 15:35:00,0.012177362365352162,1860.00m,10.061290322580692,
885,2023-09-01 16:03:00,-0.006634522661523626,1680.00m,-6.142857142857143,
886,2023-09-01 16:33:00,0.007463208169921979,1800.00m,6.406666666666691,
887,2023-09-01 17:41:00,-0.02277107133496752,4080.00m,-8.688235294117636,
888,2023-09-01 18:47:00,0.017988988104628723,3960.00m,6.910606060606039,
889,2023-09-01 19:52:00,-0.009197807094012184,3900.00m,-3.6523076923077147,
890,2023-09-02 15:40:00,0.015590601061271444,71280.00m,0.3356060606060612,
891,2023-09-02 18:28:00,-0.008305161752362206,10080.00m,-1.2839285714285757,
892,2023-09-03 12:49:00,0.011053692135067062,66060.00m,0.2585831062670307,
893,2023-09-03 16:40:00,-0.009350711191668458,13860.00m,-1.0541125541125542,
894,2023-09-03 20:51:00,0.011167835393626549,15060.00m,1.1478087649402477,
895,2023-09-04 01:32:00,-0.00821915707637228,16860.00m,-0.7629893238434216,
896,2023-09-04 03:19:00,0.007757721000347908,6420.00m,1.875700934579446,
897,2023-09-04 15:10:00,-0.013524242761308322,42660.00m,-0.49592123769339264,
898,2023-09-04 15:35:00,0.008756138434082092,1500.00m,9.00800000000003,
899,2023-09-04 15:46:00,-0.0068107445566078385,660.00m,-16.06363636363643,
900,2023-09-04 18:49:00,0.006562504851053346,10980.00m,0.9240437158470065,
901,2023-09-04 21:56:00,-0.010996001804393031,11220.00m,-1.5251336898395762,
902,2023-09-04 23:36:00,0.007200358653490078,6000.00m,1.8470000000000073,
903,2023-09-05 03:23:00,-0.009900836810366822,13620.00m,-1.126872246696032,
904,2023-09-05 12:58:00,0.009472095823364734,34500.00m,0.42139130434782485,
905,2023-09-05 14:37:00,-0.00676149279509897,5940.00m,-1.7636363636363857,
906,2023-09-05 15:21:00,0.008055177576506728,2640.00m,4.695454545454595,
907,2023-09-05 15:30:00,-0.007623372152838833,540.00m,-21.900000000000244,
908,2023-09-05 16:43:00,0.006333406086305812,4380.00m,2.2260273972602738,
909,2023-09-05 20:03:00,-0.0060960259642680635,12000.00m,-0.786999999999989,
910,2023-09-06 03:02:00,0.0074621922089257945,25140.00m,0.45704057279236276,
911,2023-09-06 17:07:00,-0.01725831779749521,50700.00m,-0.5280473372781074,
912,2023-09-06 17:56:00,0.021843513853904283,2940.00m,11.326530612244898,
913,2023-09-06 19:10:00,-0.01469013596271623,4440.00m,-5.154054054054074,
914,2023-09-07 04:02:00,0.009901648059542911,31920.00m,0.4761278195488777,
915,2023-09-07 14:00:00,-0.008418844276540648,35880.00m,-0.3637123745819398,
916,2023-09-07 21:21:00,0.029046663595837147,26460.00m,1.687301587301584,
917,2023-09-07 21:59:00,-0.008042030992166606,2280.00m,-5.578947368421052,
918,2023-09-07 22:52:00,0.009958125394367062,3180.00m,4.913207547169839,
919,2023-09-07 23:34:00,-0.010208293102207966,2520.00m,-6.419047619047671,
920,2023-09-08 00:57:00,0.010355657739199655,4980.00m,3.261445783132539,
921,2023-09-08 02:43:00,-0.008030744765438589,6360.00m,-2.0009433962264014,
922,2023-09-08 05:01:00,0.006179648763879316,8280.00m,1.1731884057970856,
923,2023-09-08 10:16:00,-0.026061424539467696,18900.00m,-2.1809523809523808,
924,2023-09-08 13:34:00,0.010372441944706249,11880.00m,1.3449494949494913,
925,2023-09-08 16:52:00,-0.008538903088268743,11880.00m,-1.1186868686868687,
926,2023-09-09 16:32:00,0.007753143639233919,85200.00m,0.14042253521126866,
927,2023-09-10 19:40:00,-0.011081101936877873,97680.00m,-0.17641277641277686,
928,2023-09-10 22:32:00,0.014708865895719214,10320.00m,2.191860465116279,
929,2023-09-11 02:04:00,-0.013676666230899989,12720.00m,-1.6778301886792488,
930,2023-09-11 05:59:00,0.009071382070083959,14100.00m,0.99021276595745,
931,2023-09-11 11:55:00,-0.01186024230436395,21360.00m,-0.8623595505617978,
932,2023-09-11 13:33:00,0.00665420794595316,5880.00m,1.7367346938775585,
933,2023-09-11 14:11:00,-0.018669411216405186,2280.00m,-12.65000000000002,
934,2023-09-11 14:18:00,0.006154199301072929,420.00m,22.214285714285715,
935,2023-09-11 15:17:00,-0.017637711031042915,3540.00m,-7.599999999999963,
936,2023-09-11 16:10:00,0.009697930681017245,3180.00m,4.5698113207546625,
937,2023-09-11 20:01:00,-0.012253832792684185,13860.00m,-1.3376623376623376,
938,2023-09-12 03:28:00,0.04111596460518084,26820.00m,2.2910514541387075,
939,2023-09-12 03:45:00,-0.007512041246813717,1020.00m,-11.458823529411722,
940,2023-09-12 04:02:00,0.008936585214225488,1020.00m,13.529411764705882,
941,2023-09-12 05:19:00,-0.013486399993838338,4620.00m,-4.548051948051958,
942,2023-09-12 10:24:00,0.02460504280410823,18300.00m,2.0665573770491776,
943,2023-09-12 13:23:00,-0.008164742637253754,10740.00m,-1.1972067039106102,
944,2023-09-12 14:01:00,0.011973402682011499,2280.00m,8.202631578947388,
945,2023-09-12 14:52:00,-0.011216805089506688,3060.00m,-5.794117647058823,
946,2023-09-12 16:30:00,0.015163788106215617,5880.00m,4.030612244897959,
947,2023-09-12 18:10:00,-0.021180688173832233,6000.00m,-5.601000000000022,
948,2023-09-12 19:17:00,0.011895471298650177,4020.00m,4.595522388059723,
949,2023-09-13 00:06:00,-0.01645559471130167,17340.00m,-1.491349480968858,
950,2023-09-13 07:41:00,0.012061007658953396,27300.00m,0.6828571428571444,
951,2023-09-13 07:57:00,-0.00845754351511618,960.00m,-13.78125,
952,2023-09-13 12:19:00,0.014602973204027711,15720.00m,1.4408396946564885,
953,2023-09-13 12:30:00,-0.006359518689664749,660.00m,-15.163636363636629,
954,2023-09-13 12:37:00,0.006599748288669921,420.00m,24.571428571428573,
955,2023-09-13 14:06:00,-0.006304891436935755,5340.00m,-1.8584269662921102,
956,2023-09-13 16:27:00,0.01145840526004867,8460.00m,2.1184397163120616,
957,2023-09-13 19:02:00,-0.011286878624335897,9300.00m,-1.920000000000014,
958,2023-09-14 01:04:00,0.017595409159432772,21720.00m,1.2671270718232064,
959,2023-09-14 01:22:00,-0.014871079613992762,1080.00m,-21.916666666666668,
960,2023-09-14 13:31:00,0.0212256299385846,43740.00m,0.7609053497942396,
961,2023-09-14 13:54:00,-0.006242459214184627,1380.00m,-7.24347826086966,
962,2023-09-14 14:57:00,0.007744630791505847,3780.00m,3.2603174603174834,
963,2023-09-14 16:41:00,-0.006439181352190614,6240.00m,-1.6548076923076782,
964,2023-09-14 18:35:00,0.0069779965279477335,6840.00m,1.6254385964912217,
965,2023-09-15 01:06:00,-0.011364911257208302,23460.00m,-0.7772378516624079,
966,2023-09-15 09:00:00,0.008189497017358707,28440.00m,0.45675105485232065,
967,2023-09-15 14:47:00,-0.016129637411453873,20820.00m,-1.2389048991354403,
968,2023-09-15 23:08:00,0.023227789451204805,30060.00m,1.2157684630738494,
969,2023-09-16 00:04:00,-0.010103607632677345,3360.00m,-4.841071428571403,
970,2023-09-16 02:21:00,0.0066940502769107695,8220.00m,1.297810218978097,
971,2023-09-17 01:08:00,-0.011806856728262807,82020.00m,-0.2309436722750554,
972,2023-09-17 11:45:00,0.006698709457669455,38220.00m,0.2778649921507064,
973,2023-09-17 21:12:00,-0.007751879699248148,34020.00m,-0.36366843033509827,
974,2023-09-18 02:31:00,0.012832559161621317,19140.00m,1.061755485893419,
975,2023-09-18 04:41:00,-0.006639857850930515,7800.00m,-1.3653846153846154,
976,2023-09-18 13:03:00,0.031553379777819676,30120.00m,1.6691235059760985,
977,2023-09-18 14:08:00,-0.00984926751092447,3900.00m,-4.150769230769275,
978,2023-09-18 15:32:00,0.0073406063466197515,5040.00m,2.370238095238121,
979,2023-09-18 18:42:00,-0.025235888764447958,11400.00m,-3.6289473684210525,
980,2023-09-18 19:45:00,0.010776226218145363,3780.00m,4.555555555555555,
981,2023-09-19 01:00:00,-0.009829232866636782,18900.00m,-0.8400000000000069,
982,2023-09-19 09:41:00,0.02802840732167586,31260.00m,1.4339731285988526,
983,2023-09-19 10:31:00,-0.011572063556940763,3000.00m,-6.342000000000044,
984,2023-09-19 12:27:00,0.006959546023459393,6960.00m,1.625,
985,2023-09-19 14:02:00,-0.013672562478000624,5700.00m,-3.9252631578947144,
986,2023-09-19 15:36:00,0.02098086666889701,5640.00m,6.004255319148913,
987,2023-09-19 15:47:00,-0.0085344673786004,660.00m,-21.30909090909071,
988,2023-09-19 16:14:00,0.00811216751680999,1620.00m,8.1814814814814,
989,2023-09-19 21:29:00,-0.016013638549301264,18900.00m,-1.3955555555555508,
990,2023-09-20 02:01:00,0.013083074189249276,16320.00m,1.2992647058823583,
991,2023-09-20 06:04:00,-0.015618262477435061,14580.00m,-1.7588477366255204,
992,2023-09-20 08:56:00,0.009039275373078921,10320.00m,1.4156976744186047,
993,2023-09-20 10:17:00,-0.009112815701856068,4860.00m,-3.0580246913580336,
994,2023-09-20 18:33:00,0.01311734697666127,29760.00m,0.7122983870967727,
995,2023-09-20 19:19:00,-0.017385504505792036,2760.00m,-10.313043478260822,
996,2023-09-20 21:25:00,0.015496387905731239,7560.00m,3.2976190476190474,
997,2023-09-21 14:00:00,-0.03121028933238331,59700.00m,-0.8540703517587933,
998,2023-09-21 17:54:00,0.011202347375125103,14040.00m,1.2628205128205128,
999,2023-09-22 00:27:00,-0.0069731085443073566,23580.00m,-0.4732824427480916,
1000,2023-09-22 08:09:00,0.008811570566182966,27720.00m,0.5051948051948005,
1001,2023-09-22 21:13:00,-0.008906752291243316,47040.00m,-0.30357142857142855,
1002,2023-09-24 18:05:00,0.009375719793228158,161520.00m,0.0922362555720651,
1003,2023-09-24 18:21:00,-0.011282527046641374,960.00m,-18.84999999999991,
1004,2023-09-24 18:46:00,0.00681044267877412,1500.00m,7.2,
1005,2023-09-25 00:22:00,-0.022281097331830195,20160.00m,-1.7645833333333376,
1006,2023-09-25 01:13:00,0.011780713453843818,3060.00m,6.009803921568627,
1007,2023-09-25 06:14:00,-0.010811591119755602,18060.00m,-0.9455149501661082,
1008,2023-09-25 08:01:00,0.00624831982795041,6420.00m,1.5205607476635583,
1009,2023-09-25 11:36:00,-0.007194189689981948,12900.00m,-0.8767441860465116,
1010,2023-09-25 16:19:00,0.014446511770947029,16980.00m,1.3279151943462872,
1011,2023-09-25 17:25:00,-0.0069574443897077775,3960.00m,-2.78181818181816,
1012,2023-09-25 20:05:00,0.007693070893785194,9600.00m,1.259999999999991,
1013,2023-09-26 01:37:00,-0.0069640625591699725,19920.00m,-0.5539156626506068,
1014,2023-09-26 03:40:00,0.006086236943763407,7380.00m,1.297560975609774,
1015,2023-09-26 15:47:00,-0.010992051609577488,43620.00m,-0.3988995873452545,
1016,2023-09-26 20:09:00,0.007132263046752484,15720.00m,0.7103053435114448,
1017,2023-09-26 21:21:00,-0.006381569934700243,4320.00m,-2.329166666666677,
1018,2023-09-27 12:02:00,0.0275706500300639,52860.00m,0.8171396140749165,
1019,2023-09-27 18:07:00,-0.026815996422049123,21900.00m,-1.9712328767123288,
1020,2023-09-28 00:29:00,0.01584359381881549,22920.00m,1.0829842931937192,
1021,2023-09-28 03:17:00,-0.007298719708051294,10080.00m,-1.1523809523809654,
1022,2023-09-28 16:25:00,0.034642786613802455,47280.00m,1.1576142131979705,
1023,2023-09-28 16:59:00,-0.007197967978035316,2040.00m,-5.767647058823487,
1024,2023-09-28 18:09:00,0.006166882951230576,4200.00m,2.3828571428571323,
1025,2023-09-28 18:48:00,-0.012688089070164775,2340.00m,-8.853846153846135,
1026,2023-09-28 20:09:00,0.010212436544444859,4860.00m,3.3876543209876275,
1027,2023-09-28 21:27:00,-0.009272904109992673,4680.00m,-3.2269230769230397,
1028,2023-09-29 01:20:00,0.007734671034772552,13980.00m,0.8927038626609443,
1029,2023-09-29 02:42:00,-0.008667928663943463,4920.00m,-2.8646341463414813,
1030,2023-09-29 07:39:00,0.013132328308207679,17820.00m,1.1878787878787855,
1031,2023-09-29 14:09:00,-0.018381353379038692,23400.00m,-1.282820512820511,
1032,2023-09-29 14:37:00,0.012594741274445587,1680.00m,12.017857142857142,
1033,2023-09-29 18:14:00,-0.011465956974939039,13020.00m,-1.429493087557607,
1034,2023-10-01 10:11:00,0.019866286765530677,143820.00m,0.22165206508135138,
1035,2023-10-01 20:03:00,-0.00924286253762584,35520.00m,-0.4258445945945921,
1036,2023-10-01 22:17:00,0.04450653147318953,8040.00m,8.975373134328365,
1037,2023-10-01 22:20:00,-0.016754234615970604,180.00m,-157.6333333333338,
1038,2023-10-01 22:33:00,0.010355711856101058,780.00m,22.10769230769242,
1039,2023-10-01 22:41:00,-0.007168279826820065,480.00m,-25.125,
1040,2023-10-02 00:02:00,0.006447742751228483,4860.00m,2.2160493827160495,
1041,2023-10-02 01:25:00,-0.006774047332674223,4980.00m,-2.2867469879517985,
1042,2023-10-02 04:02:00,0.010852027927801672,9420.00m,1.9235668789808917,
1043,2023-10-02 05:42:00,-0.007244702444642827,6000.00m,-2.038000000000029,
1044,2023-10-02 08:36:00,0.019396929863824054,10440.00m,3.1132183908046023,
1045,2023-10-02 11:59:00,-0.010032035069971286,12180.00m,-1.4068965517241308,
1046,2023-10-02 13:59:00,0.01266002441170624,7200.00m,2.9733333333333274,
1047,2023-10-02 14:19:00,-0.01278906797477225,1200.00m,-18.25,
1048,2023-10-02 15:33:00,0.0077692990239574605,4440.00m,2.958108108108128,
1049,2023-10-02 16:07:00,-0.01904282257808898,2040.00m,-15.902941176470609,
1050,2023-10-02 16:21:00,0.00895767811238924,840.00m,17.821428571428573,
1051,2023-10-02 17:12:00,-0.006949510189412379,3060.00m,-3.8294117647058683,
1052,2023-10-02 17:45:00,0.006790313680242516,1980.00m,5.742424242424242,
1053,2023-10-02 19:05:00,-0.016841715634109126,4800.00m,-5.915000000000009,
1054,2023-10-02 19:55:00,0.012025905291470755,3000.00m,6.644000000000014,
1055,2023-10-02 21:54:00,-0.023347486577073202,7140.00m,-5.484873949579838,
1056,2023-10-02 23:49:00,0.010716692548858688,6900.00m,2.544347826086944,
1057,2023-10-03 01:10:00,-0.008106306032077371,4860.00m,-2.7617283950617373,
1058,2023-10-03 06:51:00,0.010426675337296059,20460.00m,0.8369501466275702,
1059,2023-10-03 13:02:00,-0.009693573171833988,22260.00m,-0.7226415094339583,
1060,2023-10-03 13:54:00,0.006455051954405692,3120.00m,3.399999999999986,
1061,2023-10-03 15:54:00,-0.011655578208095395,7200.00m,-2.677499999999994,
1062,2023-10-03 17:33:00,0.007817976942473636,5940.00m,2.1515151515151514,
1063,2023-10-03 20:06:00,-0.0083837438405705,9180.00m,-1.5045751633986975,
1064,2023-10-03 21:27:00,0.007562151779254135,4860.00m,2.5419753086419483,
1065,2023-10-03 22:46:00,-0.006014522337571445,4740.00m,-2.088607594936709,
1066,2023-10-03 23:43:00,0.006898043903977549,3420.00m,3.3000000000000385,
1067,2023-10-04 00:40:00,-0.00811823707874586,3420.00m,-3.9105263157894994,
1068,2023-10-04 10:08:00,0.014254345702766442,34080.00m,0.6834507042253534,
1069,2023-10-04 14:48:00,-0.010810223734704168,16800.00m,-1.0664285714285662,
1070,2023-10-04 19:11:00,0.018010203708176818,15780.00m,1.8711026615969526,
1071,2023-10-04 19:39:00,-0.00970681814096457,1680.00m,-9.642857142857142,
1072,2023-10-05 00:48:00,0.011559056833239602,18540.00m,1.0304207119741147,
1073,2023-10-05 07:38:00,-0.011828925599072712,24600.00m,-0.8039024390243956,
1074,2023-10-05 14:20:00,0.01946299706184655,24120.00m,1.3330845771144313,
1075,2023-10-05 15:37:00,-0.02282848002507995,4620.00m,-8.322077922077913,
1076,2023-10-05 15:54:00,0.006296163970046632,1020.00m,10.158823529411594,
1077,2023-10-05 17:19:00,-0.008879759148760368,5100.00m,-2.883529411764689,
1078,2023-10-06 10:35:00,0.015502430822093013,62160.00m,0.4093629343629329,
1079,2023-10-06 13:00:00,-0.020924297454024472,8700.00m,-4.008965517241374,
1080,2023-10-06 13:34:00,0.0165736512768476,2040.00m,13.258823529411742,
1081,2023-10-06 13:52:00,-0.007677952738819385,1080.00m,-11.794444444444403,
1082,2023-10-06 15:50:00,0.021284117456256402,7080.00m,4.9491525423728815,
1083,2023-10-06 16:17:00,-0.008225591760847611,1620.00m,-8.537037037037036,
1084,2023-10-06 21:38:00,0.015968738980562586,19260.00m,1.382554517133954,
1085,2023-10-07 00:24:00,-0.013890266188782852,9960.00m,-2.362650602409621,
1086,2023-10-07 09:00:00,0.006080435578988172,30960.00m,0.32810077519379705,
1087,2023-10-07 20:00:00,-0.006215038179111695,39600.00m,-0.26378787878788207,
1088,2023-10-08 03:35:00,0.00859238611137057,27300.00m,0.5257142857142874,
1089,2023-10-08 13:12:00,-0.013480400886109311,34620.00m,-0.6559792027729636,
1090,2023-10-08 13:48:00,0.010361272667540335,2160.00m,7.972222222222222,
1091,2023-10-09 01:00:00,-0.007214244112297725,40320.00m,-0.30044642857142534,
1092,2023-10-09 01:52:00,0.006823973164797459,3120.00m,3.646153846153818,
1093,2023-10-09 12:15:00,-0.021180381783084293,37380.00m,-0.9510433386837881,
1094,2023-10-09 14:24:00,0.006635867282654373,7740.00m,1.4085271317829513,
1095,2023-10-09 16:43:00,-0.010746212341092498,8340.00m,-2.1309352517985665,
1096,2023-10-09 18:30:00,0.016452121612205176,6420.00m,4.192523364485968,
1097,2023-10-10 01:05:00,-0.008255278615653252,23700.00m,-0.5792405063291121,
1098,2023-10-10 08:23:00,0.008120261361817335,26280.00m,0.5095890410958921,
1099,2023-10-10 13:44:00,-0.013125225550342862,19260.00m,-1.133021806853585,
1100,2023-10-10 14:19:00,0.00953328238189447,2100.00m,7.44857142857145,
1101,2023-10-10 18:58:00,-0.011804976998587367,16740.00m,-1.1681003584229444,
1102,2023-10-11 01:08:00,0.006495339264179258,22200.00m,0.47891891891892086,
1103,2023-10-11 03:59:00,-0.016665270610343633,10260.00m,-2.6760233918128566,
1104,2023-10-11 10:25:00,0.010840459691785796,23160.00m,0.7582901554404163,
1105,2023-10-11 17:49:00,-0.02740222911033442,26640.00m,-1.6844594594594628,
1106,2023-10-12 02:53:00,0.013810250324913773,32640.00m,0.6738970588235267,
1107,2023-10-12 09:57:00,-0.00843486758744208,25440.00m,-0.535377358490566,
1108,2023-10-12 13:09:00,0.006291900723624849,11520.00m,0.8744791666666742,
1109,2023-10-12 15:49:00,-0.008792313707965536,9600.00m,-1.4756249999999909,
1110,2023-10-12 16:33:00,0.006018732459452343,2640.00m,3.640909090909025,
1111,2023-10-12 17:35:00,-0.008481127530613792,3720.00m,-3.6629032258064282,
1112,2023-10-13 07:34:00,0.013634651600753295,50340.00m,0.43146603098927294,
1113,2023-10-13 09:59:00,-0.006918846611177197,8700.00m,-1.2841379310344878,
1114,2023-10-13 13:00:00,0.007344962545555204,10860.00m,1.0845303867403275,
1115,2023-10-13 15:52:00,-0.008951753392194518,10320.00m,-1.4011627906976745,
1116,2023-10-13 21:01:00,0.015542837439236042,18540.00m,1.3420711974110056,
1117,2023-10-13 21:16:00,-0.008458875545287488,900.00m,-15.280000000000049,
1118,2023-10-13 22:08:00,0.007202251122211222,3120.00m,3.7211538461538463,
1119,2023-10-13 22:55:00,-0.011167734043850432,2820.00m,-6.429787234042491,
1120,2023-10-14 03:37:00,0.008079856789957249,16920.00m,0.7666666666666564,
1121,2023-10-14 21:29:00,-0.0066471170493176525,64320.00m,-0.1672574626865665,
1122,2023-10-15 22:11:00,0.017936316001612336,88920.00m,0.32429149797570994,
1123,2023-10-15 23:12:00,-0.009407744707685394,3660.00m,-4.206557377049216,
1124,2023-10-16 05:39:00,0.03472767110308375,23220.00m,2.424547803617569,
1125,2023-10-16 09:18:00,-0.011510492862278251,13140.00m,-1.4694063926940606,
1126,2023-10-16 13:30:00,0.08940015125582144,15120.00m,9.803968253968263,
1127,2023-10-16 13:35:00,-0.04529012585572927,300.00m,-272.7,
1128,2023-10-16 13:38:00,0.009592100868403371,180.00m,91.89999999999903,
1129,2023-10-16 13:40:00,-0.024574317408789636,120.00m,-356.5499999999993,
1130,2023-10-16 13:41:00,0.007164811870694198,60.00m,202.79999999999927,
1131,2023-10-16 13:49:00,-0.02305333978770725,480.00m,-82.15000000000009,
1132,2023-10-16 13:53:00,0.011267261746605205,240.00m,78.45000000000073,
1133,2023-10-16 14:08:00,-0.009561716209115155,900.00m,-17.95333333333353,
1134,2023-10-16 14:32:00,0.016085262286207998,1440.00m,18.695833333333365,
1135,2023-10-16 15:42:00,-0.011134710236453776,4200.00m,-4.508571428571408,
1136,2023-10-16 19:08:00,0.026844392433334918,12360.00m,3.652427184466009,
1137,2023-10-16 19:39:00,-0.01372104820608319,1860.00m,-12.738709677419285,
1138,2023-10-16 20:23:00,0.008655766812162487,2640.00m,5.584090909090926,
1139,2023-10-16 21:10:00,-0.013104493667791331,2820.00m,-7.982978723404271,
1140,2023-10-17 00:04:00,0.00950941740219848,10440.00m,1.5442528735632226,
1141,2023-10-17 04:07:00,-0.015810747802796853,14580.00m,-1.8559670781893005,
1142,2023-10-17 10:21:00,0.018397871332447576,22440.00m,1.3810160427807487,
1143,2023-10-17 13:03:00,-0.015176422855224182,9720.00m,-2.6783950617284042,
1144,2023-10-17 13:23:00,0.007454761777919892,1200.00m,10.495000000000072,
1145,2023-10-17 13:48:00,-0.007790907552597439,1500.00m,-8.84,
1146,2023-10-17 17:00:00,0.015903131595216217,11520.00m,2.3312499999999923,
1147,2023-10-17 18:57:00,-0.009663204280767996,7020.00m,-2.3615384615384554,
1148,2023-10-17 21:23:00,0.007850491052982843,8760.00m,1.5226027397260224,
1149,2023-10-18 00:45:00,-0.007796348855951505,12120.00m,-1.1014851485148516,
1150,2023-10-18 04:57:00,0.017996574435399804,15120.00m,2.0222222222222164,
1151,2023-10-18 05:13:00,-0.006688383097262525,960.00m,-12.049999999999955,
1152,2023-10-18 05:41:00,0.006461008685691136,1680.00m,6.607142857142857,
1153,2023-10-18 14:46:00,-0.022943754489334927,32700.00m,-1.2132110091743133,
1154,2023-10-18 17:23:00,0.008985300332775748,9420.00m,1.6114649681528663,
1155,2023-10-18 20:51:00,-0.00787396031692944,12480.00m,-1.0754807692307553,
1156,2023-10-19 01:08:00,0.007727130814861042,15420.00m,0.8474708171206198,
1157,2023-10-19 01:44:00,-0.01041043226001791,2160.00m,-8.21388888888891,
1158,2023-10-19 15:04:00,0.024245335041001834,48000.00m,0.851875,
1159,2023-10-19 15:27:00,-0.008006252170892672,1380.00m,-10.021739130434783,
1160,2023-10-19 16:24:00,0.01010171746704249,3420.00m,5.06140350877193,
1161,2023-10-19 17:43:00,-0.013692457016084304,4740.00m,-5.0,
1162,2023-10-19 20:44:00,0.012782483393666774,10860.00m,2.009392265193374,
1163,2023-10-20 01:10:00,-0.008755339785610402,15960.00m,-0.9484962406015012,
1164,2023-10-20 03:26:00,0.027387237260366022,8160.00m,5.752205882352936,
1165,2023-10-20 05:33:00,-0.007772594533627364,7620.00m,-1.7960629921260014,
1166,2023-10-20 10:40:00,0.033823741526034956,18420.00m,3.208143322475575,
1167,2023-10-20 11:01:00,-0.010098493530652583,1260.00m,-14.476190476190476,
1168,2023-10-20 11:31:00,0.007151126696756608,1800.00m,7.103333333333285,
1169,2023-10-20 12:51:00,-0.020351452389996177,4800.00m,-7.634999999999991,
1170,2023-10-20 14:06:00,0.010179648865035449,4500.00m,3.990666666666657,
1171,2023-10-20 17:09:00,-0.011312712323785988,10980.00m,-1.8360655737704918,
1172,2023-10-20 23:06:00,0.013693125512938904,21420.00m,1.1263305322128911,
1173,2023-10-21 03:12:00,-0.010558601413636461,14760.00m,-1.277642276422761,
1174,2023-10-21 15:02:00,0.017376896672314075,42600.00m,0.7208450704225342,
1175,2023-10-21 15:15:00,-0.0066177869292867696,780.00m,-15.253846153846098,
1176,2023-10-21 18:01:00,0.015574607611266344,9960.00m,2.792771084337341,
1177,2023-10-21 18:13:00,-0.008580879920608716,720.00m,-21.616666666666788,
1178,2023-10-21 19:01:00,0.008781939634174849,2880.00m,5.4833333333333485,
1179,2023-10-21 23:38:00,-0.013114461298282056,16620.00m,-1.431407942238267,
1180,2023-10-22 01:14:00,0.007225854886333622,5760.00m,2.245833333333356,
1181,2023-10-22 02:37:00,-0.0074069390973916715,4980.00m,-2.6819277108433996,
1182,2023-10-22 06:11:00,0.01140115922401056,12840.00m,1.5892523364486082,
1183,2023-10-22 07:40:00,-0.016665340863893183,5340.00m,-5.649438202247223,
1184,2023-10-22 09:26:00,0.010428885383381246,6360.00m,2.918867924528316,
1185,2023-10-22 22:02:00,-0.008903492677719633,45360.00m,-0.35304232804233,
1186,2023-10-23 01:31:00,0.029262775958344183,12540.00m,4.159808612440198,
1187,2023-10-23 02:07:00,-0.012868097908729705,2160.00m,-10.930555555555555,
1188,2023-10-23 04:00:00,0.020907043000066208,6780.00m,5.584955752212377,
1189,2023-10-23 04:27:00,-0.008196747909439842,1620.00m,-9.355555555555501,
1190,2023-10-23 06:11:00,0.012128449672005128,6240.00m,3.564423076923084,
1191,2023-10-23 07:54:00,-0.01615635263389276,6180.00m,-4.852427184466012,
1192,2023-10-23 08:58:00,0.008319259809300915,3840.00m,3.9562499999999545,
1193,2023-10-23 09:46:00,-0.010867227569846784,2880.00m,-6.947916666666667,
1194,2023-10-23 11:51:00,0.012933576235953833,7500.00m,3.140800000000018,
1195,2023-10-23 13:37:00,-0.011148801373761265,6360.00m,-3.2339622641509367,
1196,2023-10-23 17:07:00,0.02872892198296985,12600.00m,4.15952380952381,
1197,2023-10-23 17:30:00,-0.01346616195201803,1380.00m,-18.3130434782609,
1198,2023-10-23 18:14:00,0.007644893250197614,2640.00m,5.361363636363587,
1199,2023-10-23 18:45:00,-0.010462128253535328,1860.00m,-10.49354838709675,
1200,2023-10-23 19:02:00,0.018954881401985216,1020.00m,34.30588235294122,
1201,2023-10-23 19:24:00,-0.008644062390354375,1320.00m,-12.318181818181818,
1202,2023-10-23 20:40:00,0.0222007722007722,4560.00m,9.078947368421053,
1203,2023-10-23 21:16:00,-0.011268492288322317,2160.00m,-9.944444444444445,
1204,2023-10-23 22:42:00,0.10430408760983069,5160.00m,38.09767441860467,
1205,2023-10-23 22:47:00,-0.04422227603463982,300.00m,-306.8,
1206,2023-10-23 22:49:00,0.011539946432449344,120.00m,191.29999999999927,
1207,2023-10-23 22:50:00,-0.0120255240480664,60.00m,-403.3000000000029,
1208,2023-10-23 22:52:00,0.00774136302314562,120.00m,128.25,
1209,2023-10-23 22:54:00,-0.0065078975268191164,120.00m,-108.64999999999782,
1210,2023-10-23 23:00:00,0.012688067669694282,360.00m,70.15000000000025,
1211,2023-10-23 23:11:00,-0.025826194119153,660.00m,-78.87272727272747,
1212,2023-10-23 23:23:00,0.015412727417176385,720.00m,42.033333333333154,
1213,2023-10-23 23:39:00,-0.016740594512286846,960.00m,-34.768749999999955,
1214,2023-10-24 00:03:00,0.013958983053959907,1440.00m,19.00416666666676,
1215,2023-10-24 00:08:00,-0.007844758892135364,300.00m,-51.98000000000029,
1216,2023-10-24 00:55:00,0.02577082794603059,2820.00m,18.023404255319118,
1217,2023-10-24 01:01:00,-0.006634517284741414,360.00m,-37.28333333333285,
1218,2023-10-24 01:25:00,0.00898372539477342,1440.00m,12.53750000000006,
1219,2023-10-24 01:36:00,-0.006764354279356759,660.00m,-20.78181818181871,
1220,2023-10-24 02:04:00,0.025766991795317953,1680.00m,30.889285714285766,
1221,2023-10-24 02:06:00,-0.007925973901501883,120.00m,-136.45000000000073,
1222,2023-10-24 02:26:00,0.03069248379598461,1200.00m,52.42000000000007,
1223,2023-10-24 02:41:00,-0.01727516999653466,900.00m,-40.546666666666475,
1224,2023-10-24 02:47:00,0.008387671106178236,360.00m,48.366666666666184,
1225,2023-10-24 03:01:00,-0.011952328267686293,840.00m,-29.785714285714285,
1226,2023-10-24 03:06:00,0.006002042260875662,300.00m,41.380000000000294,
1227,2023-10-24 03:59:00,-0.01751517510849666,3180.00m,-11.460377358490593,
1228,2023-10-24 04:30:00,0.013319206013307551,1860.00m,14.638709677419449,
1229,2023-10-24 04:51:00,-0.00721218598750467,1260.00m,-11.857142857142858,
1230,2023-10-24 05:29:00,0.008898380494749955,2280.00m,8.026315789473685,
1231,2023-10-24 05:58:00,-0.02022792929044646,1740.00m,-24.120689655172413,
1232,2023-10-24 06:10:00,0.00701269723210961,720.00m,19.79999999999988,
1233,2023-10-24 06:29:00,-0.008118643571030804,1140.00m,-14.578947368421053,
1234,2023-10-24 06:51:00,0.006583535252053747,1320.00m,10.12727272727286,
1235,2023-10-24 07:33:00,-0.009461379488504347,2520.00m,-7.673809523809593,
1236,2023-10-24 09:51:00,0.02222716159146477,8280.00m,5.434782608695652,
1237,2023-10-24 10:20:00,-0.006337609625280816,1740.00m,-7.537931034482709,
1238,2023-10-24 11:19:00,0.01784448224450671,3540.00m,10.36610169491523,
1239,2023-10-24 11:45:00,-0.011987788622780155,1560.00m,-16.084615384615272,
1240,2023-10-24 12:05:00,0.006307427619801788,1200.00m,10.86999999999971,
1241,2023-10-24 12:18:00,-0.006071841474771255,780.00m,-16.19999999999989,
1242,2023-10-24 12:41:00,0.009148897288109087,1380.00m,13.713043478260932,
1243,2023-10-24 13:11:00,-0.014412394544330947,1800.00m,-16.71333333333338,
1244,2023-10-24 13:33:00,0.00655912692741801,1320.00m,10.222727272727338,
1245,2023-10-24 13:51:00,-0.007973806971286098,1080.00m,-15.288888888888728,
1246,2023-10-24 14:00:00,0.0063526277973467915,540.00m,24.166666666666668,
1247,2023-10-24 14:22:00,-0.010938810574860803,1320.00m,-17.131818181818247,
1248,2023-10-24 15:06:00,0.01339264754213817,2640.00m,10.372727272727305,
1249,2023-10-24 15:30:00,-0.0325179239491759,1440.00m,-46.791666666666664,
1250,2023-10-24 15:33:00,0.011618649698609386,180.00m,129.39999999999904,
1251,2023-10-24 15:39:00,-0.015005917159763228,360.00m,-84.53333333333285,
1252,2023-10-24 15:50:00,0.015838259323337045,660.00m,47.93636363636324,
1253,2023-10-24 16:05:00,-0.009127708078923396,900.00m,-20.579999999999806,
1254,2023-10-24 16:34:00,0.022586343751678575,1740.00m,26.10000000000005,
1255,2023-10-24 18:25:00,-0.02474006589180096,6660.00m,-7.637837837837864,
1256,2023-10-24 20:22:00,0.015891443874268742,7020.00m,4.539316239316227,
1257,2023-10-24 21:06:00,-0.012620907409370987,2640.00m,-9.738636363636363,
1258,2023-10-24 21:58:00,0.019860931715742366,3120.00m,12.80384615384621,
1259,2023-10-24 22:03:00,-0.007964573297181334,300.00m,-54.46000000000058,
1260,2023-10-24 23:06:00,0.00851500445209729,3780.00m,4.58412698412703,
1261,2023-10-24 23:42:00,-0.013778526197618005,2160.00m,-13.091666666666747,
1262,2023-10-25 01:37:00,0.019383946807533074,6900.00m,5.686086956521752,
1263,2023-10-25 03:53:00,-0.01335640339653376,8160.00m,-3.3772058823529627,
1264,2023-10-25 04:58:00,0.007831128218882669,3900.00m,4.087692307692375,
1265,2023-10-25 05:48:00,-0.007814145006199973,3000.00m,-5.344000000000087,
1266,2023-10-25 07:03:00,0.00803779858049012,4500.00m,3.6360000000000583,
1267,2023-10-25 07:46:00,-0.014029280787370807,2580.00m,-11.158139534883789,
1268,2023-10-25 09:36:00,0.01707290310526969,6600.00m,5.233636363636403,
1269,2023-10-25 10:23:00,-0.006997941438893392,2820.00m,-5.1063829787234045,
1270,2023-10-25 13:23:00,0.017694489631722012,10800.00m,3.3477777777777695,
1271,2023-10-25 13:44:00,-0.010081250144265213,1260.00m,-16.638095238095307,
1272,2023-10-25 16:16:00,0.02404616864379609,9120.00m,5.427631578947368,
1273,2023-10-25 17:02:00,-0.020091649114817596,2760.00m,-15.345652173913075,
1274,2023-10-25 18:01:00,0.008565677455334493,3540.00m,4.9983050847457875,
1275,2023-10-25 18:31:00,-0.007767186015033179,1800.00m,-8.989999999999903,
1276,2023-10-25 20:12:00,0.010791419109344986,6060.00m,3.681188118811838,
1277,2023-10-25 23:04:00,-0.013361052803868349,10320.00m,-2.7052325581395094,
1278,2023-10-26 03:42:00,0.013393558751797072,16680.00m,1.6553956834532269,
1279,2023-10-26 06:04:00,-0.011484778862722615,8520.00m,-2.816197183098602,
1280,2023-10-26 07:29:00,0.010424141707897506,5100.00m,4.2211764705882695,
1281,2023-10-26 11:48:00,-0.02305133284836508,15540.00m,-3.0953667953668123,
1282,2023-10-26 13:16:00,0.011101562224079806,5280.00m,4.286363636363686,
1283,2023-10-26 14:39:00,-0.012126539831870111,4980.00m,-5.019277108433718,
1284,2023-10-26 15:01:00,0.009479105893723137,1320.00m,14.62272727272714,
1285,2023-10-26 15:30:00,-0.011631810154847561,1740.00m,-13.741379310344827,
1286,2023-10-26 16:01:00,0.006612326865715763,1860.00m,7.2225806451613375,
1287,2023-10-26 16:54:00,-0.00903332560752713,3180.00m,-5.809433962264178,
1288,2023-10-26 23:19:00,0.014897711460461174,23100.00m,1.3070129870129796,
1289,2023-10-27 01:53:00,-0.014072263289012147,9240.00m,-3.1324675324674947,
1290,2023-10-27 06:59:00,0.013154702377077753,18360.00m,1.4529411764705837,
1291,2023-10-27 07:59:00,-0.008422306847650907,3600.00m,-4.806666666666691,
1292,2023-10-27 09:28:00,0.0067915414973198605,5340.00m,2.59101123595504,
1293,2023-10-27 12:29:00,-0.00628060588686125,10860.00m,-1.1861878453038512,
1294,2023-10-27 12:50:00,0.007262311634711821,1260.00m,11.747619047618908,
1295,2023-10-27 14:31:00,-0.01021141784981563,6060.00m,-3.459405940594074,
1296,2023-10-27 15:43:00,0.0075087400198422935,4320.00m,3.531944444444485,
1297,2023-10-27 17:07:00,-0.01720029893175861,5040.00m,-6.986904761904779,
1298,2023-10-27 17:27:00,0.006047485283856164,1200.00m,10.140000000000146,
1299,2023-10-27 18:31:00,-0.009591729060330628,3840.00m,-5.056249999999977,
1300,2023-10-28 11:20:00,0.02946985975854279,60540.00m,0.9759167492566868,
1301,2023-10-28 13:00:00,-0.012108086108405889,6000.00m,-4.165,
1302,2023-10-28 15:54:00,0.007553999176034286,10440.00m,1.4752873563218223,
1303,2023-10-29 04:04:00,-0.008519599167024364,43800.00m,-0.39958904109588644,
1304,2023-10-29 17:52:00,0.024211270509912553,49680.00m,0.9926328502415477,
1305,2023-10-29 21:58:00,-0.009914032368007166,14760.00m,-1.4012195121951396,
1306,2023-10-29 22:51:00,0.008790327734558998,3180.00m,5.709433962264261,
1307,2023-10-30 08:03:00,-0.01605676307635618,33120.00m,-1.0101449275362424,
1308,2023-10-30 09:32:00,0.014671107313018829,5340.00m,5.632584269662954,
1309,2023-10-30 10:28:00,-0.00653581575114286,3360.00m,-4.046428571428545,
1310,2023-10-30 12:29:00,0.01137501850835694,7260.00m,3.238016528925584,
1311,2023-10-30 13:03:00,-0.009952433853776359,2040.00m,-10.197058823529327,
1312,2023-10-30 14:22:00,0.009953898344399748,4740.00m,4.345569620253201,
1313,2023-10-30 17:19:00,-0.020515441127918792,10620.00m,-4.037288135593253,
1314,2023-10-31 00:43:00,0.014584804954613173,26640.00m,1.120720720720734,
1315,2023-10-31 08:06:00,-0.015259148411251797,26580.00m,-1.1923250564334185,
1316,2023-10-31 11:53:00,0.013641524212972064,13620.00m,2.048458149779736,
1317,2023-10-31 14:05:00,-0.01136833940628777,7920.00m,-2.9757575757575427,
1318,2023-10-31 21:20:00,0.016619193016250245,26100.00m,1.305057471264361,
1319,2023-10-31 21:49:00,-0.007959224810666094,1740.00m,-9.53103448275867,
1320,2023-10-31 23:57:00,0.0065717287942735824,7680.00m,1.7687500000000114,
1321,2023-11-01 06:05:00,-0.009749978371831431,22080.00m,-0.9187499999999961,
1322,2023-11-01 13:21:00,0.024779477502191432,26160.00m,1.9516055045871592,
1323,2023-11-01 13:49:00,-0.02102313738640182,1680.00m,-26.421428571428674,
1324,2023-11-01 14:25:00,0.006008708272859216,2160.00m,5.75,
1325,2023-11-01 14:56:00,-0.01461465216262227,1860.00m,-16.338709677419356,
1326,2023-11-01 18:36:00,0.0165327008389335,13200.00m,2.5663636363636297,
1327,2023-11-01 18:48:00,-0.006682970810972747,720.00m,-19.333333333333332,
1328,2023-11-01 21:04:00,0.0315458876957119,8160.00m,7.998529411764728,
1329,2023-11-01 21:09:00,-0.009367207464528711,300.00m,-66.64000000000087,
1330,2023-11-01 21:17:00,0.007333055222105912,480.00m,32.30000000000018,
1331,2023-11-01 21:43:00,-0.008769977546828966,1560.00m,-11.973076923076755,
1332,2023-11-01 22:05:00,0.009603578818125843,1320.00m,15.359090909090645,
1333,2023-11-01 22:42:00,-0.008752150033640297,2220.00m,-8.402702702702545,
1334,2023-11-02 00:23:00,0.01222885509971085,6060.00m,4.263366336633649,
1335,2023-11-02 00:43:00,-0.00738726909523497,1200.00m,-13.165000000000145,
1336,2023-11-02 02:47:00,0.015466758623028974,7440.00m,4.412903225806486,
1337,2023-11-02 06:21:00,-0.023058316609280705,12840.00m,-3.871028037383185,
1338,2023-11-02 07:37:00,0.00681237338986089,4560.00m,3.1460526315789283,
1339,2023-11-02 08:11:00,-0.006443670939808051,2040.00m,-6.697058823529326,
1340,2023-11-02 10:31:00,0.010698020182686596,8400.00m,2.6828571428571326,
1341,2023-11-02 16:30:00,-0.030920194223458552,21540.00m,-3.056267409470764,
1342,2023-11-02 20:18:00,0.0202368870264659,13680.00m,3.052192982456147,
1343,2023-11-02 23:11:00,-0.010138640276368363,10380.00m,-2.056069364161833,
1344,2023-11-02 23:59:00,0.0061103608337963735,2880.00m,4.420833333333273,
1345,2023-11-03 01:18:00,-0.015898637954670995,4740.00m,-7.031645569620253,
1346,2023-11-03 02:31:00,0.009286133908784832,4380.00m,4.373972602739766,
1347,2023-11-03 04:56:00,-0.010805701952806456,8700.00m,-2.586206896551724,
1348,2023-11-03 08:22:00,0.008203000970028126,12360.00m,1.3669902912621288,
1349,2023-11-03 10:19:00,-0.013738605336530822,7020.00m,-4.064102564102564,
1350,2023-11-03 15:36:00,0.020688442947121636,19020.00m,2.2277602523659215,
1351,2023-11-03 17:44:00,-0.014445541485367773,7680.00m,-3.932031249999966,
1352,2023-11-04 06:08:00,0.017697646041254622,44640.00m,0.8168010752688133,
1353,2023-11-04 15:17:00,-0.008601941303053848,32940.00m,-0.5475409836065548,
1354,2023-11-04 23:07:00,0.01743397315629961,28200.00m,1.2851063829787235,
1355,2023-11-05 00:13:00,-0.008834293171437529,3960.00m,-4.71818181818184,
1356,2023-11-05 04:02:00,0.011025370947060027,13740.00m,1.6820960698690148,
1357,2023-11-05 14:12:00,-0.014152332204695025,36600.00m,-0.8195081967213138,
1358,2023-11-05 17:13:00,0.012974220986764332,10860.00m,2.4961325966850585,
1359,2023-11-05 21:52:00,-0.02047643211706962,16740.00m,-2.5888888888888735,
1360,2023-11-05 23:04:00,0.023040367673446666,4320.00m,11.056944444444424,
1361,2023-11-06 05:30:00,-0.0169314115167546,23160.00m,-1.5505181347150259,
1362,2023-11-06 10:39:00,0.015611510791366906,18540.00m,1.755663430420712,
1363,2023-11-06 13:47:00,-0.010319472975844644,11280.00m,-1.937234042553176,
1364,2023-11-06 15:12:00,0.008414380316247689,5100.00m,3.457647058823461,
1365,2023-11-06 18:19:00,-0.011123666324079576,11220.00m,-2.095187165775378,
1366,2023-11-06 22:34:00,0.009316574027286507,15300.00m,1.272549019607843,
1367,2023-11-07 12:12:00,-0.017457025905350445,49080.00m,-0.7502444987775114,
1368,2023-11-07 14:57:00,0.008621588132433237,9900.00m,1.8048484848485025,
1369,2023-11-07 17:05:00,-0.006736703120066508,7680.00m,-1.8335937499999773,
1370,2023-11-07 18:16:00,0.02393633161196717,4260.00m,11.66619718309853,
1371,2023-11-07 18:29:00,-0.00717700648555273,780.00m,-19.561538461538127,
1372,2023-11-07 20:56:00,0.020134571596694427,8820.00m,4.8183673469387465,
1373,2023-11-07 22:36:00,-0.018232432161307998,6000.00m,-6.542999999999957,
1374,2023-11-07 23:56:00,0.006034235630373224,4800.00m,2.657499999999982,
1375,2023-11-08 06:19:00,-0.006957277351607665,22980.00m,-0.6438642297650092,
1376,2023-11-08 13:05:00,0.00792936022478354,24360.00m,0.6874384236453166,
1377,2023-11-08 15:25:00,-0.00927069063685618,8400.00m,-2.349285714285725,
1378,2023-11-08 16:54:00,0.009007496763730985,5340.00m,3.5573033707865007,
1379,2023-11-08 17:35:00,-0.006003084722727455,2460.00m,-5.1926829268293035,
1380,2023-11-08 20:13:00,0.014654404547801439,9480.00m,3.269620253164594,
1381,2023-11-08 20:37:00,-0.008211066627899296,1440.00m,-12.237500000000182,
1382,2023-11-08 21:08:00,0.00942069226020517,1860.00m,10.780645161290463,
1383,2023-11-08 21:41:00,-0.011189830574739086,1980.00m,-12.142424242424374,
1384,2023-11-08 22:20:00,0.014502126602011941,2340.00m,13.166666666666666,
1385,2023-11-08 22:21:00,-0.00620230999858014,60.00m,-222.79999999999563,
1386,2023-11-08 23:45:00,0.011515631959170027,5040.00m,4.894047619047602,
1387,2023-11-09 00:06:00,-0.014907062785236467,1260.00m,-25.63333333333347,
1388,2023-11-09 01:47:00,0.014837470939303639,6060.00m,5.225742574257454,
1389,2023-11-09 02:02:00,-0.006565115138823099,900.00m,-15.8,
1390,2023-11-09 02:37:00,0.01838390091152683,2100.00m,18.837142857142734,
1391,2023-11-09 02:52:00,-0.007001221175066045,900.00m,-17.04666666666647,
1392,2023-11-09 04:40:00,0.01563150565949296,6480.00m,5.2490740740740875,
1393,2023-11-09 05:30:00,-0.008120347293489021,3000.00m,-5.981999999999971,
1394,2023-11-09 06:22:00,0.007603813402747435,3120.00m,5.3423076923076085,
1395,2023-11-09 07:55:00,-0.00722588496717112,5580.00m,-2.860215053763441,
1396,2023-11-09 10:21:00,0.011976654143670717,8760.00m,2.997945205479482,
1397,2023-11-09 11:13:00,-0.00872273806369291,3120.00m,-6.203846153846266,
1398,2023-11-09 14:12:00,0.030048116264606885,10740.00m,6.154189944134111,
1399,2023-11-09 14:17:00,-0.006837416716980848,300.00m,-51.640000000000875,
1400,2023-11-09 14:53:00,0.013273038507276519,2160.00m,13.82777777777786,
1401,2023-11-09 15:28:00,-0.01979874955265987,2100.00m,-21.497142857142897,
1402,2023-11-09 15:38:00,0.00825234899328863,600.00m,30.740000000000144,
1403,2023-11-09 16:12:00,-0.033809582132948574,2040.00m,-37.347058823529494,
1404,2023-11-09 16:19:00,0.011736791631301091,420.00m,60.84285714285735,
1405,2023-11-09 16:37:00,-0.024900922004167325,1080.00m,-50.78888888888873,
1406,2023-11-09 17:05:00,0.01977971636316907,1680.00m,25.28928571428566,
1407,2023-11-09 17:23:00,-0.012860406383363372,1080.00m,-26.083333333333332,
1408,2023-11-09 17:57:00,0.01819750873386062,2040.00m,19.28823529411752,
1409,2023-11-09 19:42:00,-0.013996953155446265,6300.00m,-4.891428571428557,
1410,2023-11-09 19:59:00,0.006064107064380736,1020.00m,12.905882352941262,
1411,2023-11-09 20:35:00,-0.006703388782812951,2160.00m,-6.777777777777778,
1412,2023-11-09 21:25:00,0.016752637911244404,3000.00m,12.113999999999942,
1413,2023-11-09 21:53:00,-0.007948597978303133,1680.00m,-10.435714285714182,
1414,2023-11-09 23:54:00,0.00886506347857092,7260.00m,2.671900826446305,
1415,2023-11-10 01:01:00,-0.00845013766467444,4020.00m,-4.640298507462708,
1416,2023-11-10 03:13:00,0.012515967040738528,7920.00m,3.459090909090898,
1417,2023-11-10 08:17:00,-0.015076614868157492,18240.00m,-1.8319078947368468,
1418,2023-11-10 12:07:00,0.0218465082144301,13800.00m,3.455652173913056,
1419,2023-11-10 12:20:00,-0.007857240846892705,780.00m,-22.469230769230656,
1420,2023-11-10 13:11:00,0.010199599824313033,3060.00m,7.376470588235237,
1421,2023-11-10 14:10:00,-0.01054482018250138,3540.00m,-6.65932203389833,
1422,2023-11-10 15:12:00,0.008644563852323735,3720.00m,5.140322580645232,
1423,2023-11-10 15:45:00,-0.006139440323994721,1980.00m,-6.918181818181907,
1424,2023-11-10 16:29:00,0.013261178380572239,2640.00m,11.13863636363633,
1425,2023-11-10 18:19:00,-0.007372969162242669,6600.00m,-2.509999999999987,
1426,2023-11-10 19:16:00,0.006537266454138251,3420.00m,4.2631578947368425,
1427,2023-11-10 20:16:00,-0.00791137125980569,3600.00m,-4.933333333333334,
1428,2023-11-10 23:16:00,0.01035602192976552,10800.00m,2.1355555555555634,
1429,2023-11-11 02:20:00,-0.014964176103714762,11040.00m,-3.050000000000024,
1430,2023-11-11 14:52:00,0.009487922862239692,45120.00m,0.4660904255319149,
1431,2023-11-11 22:12:00,-0.013463941521283234,26400.00m,-1.1411363636363603,
1432,2023-11-12 00:01:00,0.011369906578128435,6540.00m,3.8376146788991092,
1433,2023-11-12 00:49:00,-0.011110394427064895,2880.00m,-8.612500000000031,
1434,2023-11-12 07:43:00,0.0110069302894415,24840.00m,0.9782608695652174,
1435,2023-11-12 13:06:00,-0.006010752688172004,19380.00m,-0.6922600619195001,
1436,2023-11-12 15:01:00,0.007385792018692964,6900.00m,2.3747826086956394,
1437,2023-11-12 23:35:00,-0.007114189452207412,30840.00m,-0.5155642023346303,
1438,2023-11-13 01:18:00,0.011599453825251118,6180.00m,4.165048543689321,
1439,2023-11-13 06:35:00,-0.015406203643070054,19020.00m,-1.8182965299684588,
1440,2023-11-13 08:53:00,0.006167695068287253,8280.00m,1.6463768115942345,
1441,2023-11-13 12:23:00,-0.010419730036720087,12600.00m,-1.83904761904764,
1442,2023-11-13 13:00:00,0.00803749376330843,2220.00m,7.967567567567646,
1443,2023-11-13 14:46:00,-0.009747680057555708,6360.00m,-3.4000000000000137,
1444,2023-11-13 16:29:00,0.011812905428473882,6180.00m,4.199029126213592,
1445,2023-11-13 18:09:00,-0.010983938453232594,6000.00m,-4.069000000000014,
1446,2023-11-13 20:04:00,0.007377565976401695,6900.00m,2.350434782608721,
1447,2023-11-13 21:34:00,-0.013872180858557943,5400.00m,-5.688888888888889,
1448,2023-11-13 22:35:00,0.006363266696706228,3660.00m,3.796721311475386,
1449,2023-11-14 00:58:00,-0.010584798514797343,8580.00m,-2.7111888111887907,
1450,2023-11-14 08:55:00,0.014826036208309412,28620.00m,1.1264150943396134,
1451,2023-11-14 12:42:00,-0.014590402853911038,13620.00m,-2.3638766519823724,
1452,2023-11-14 14:46:00,0.012720399547473855,7440.00m,3.717741935483871,
1453,2023-11-14 15:34:00,-0.019396763119176107,2880.00m,-14.831250000000031,
1454,2023-11-14 16:37:00,0.012433974898652686,3780.00m,7.103174603174603,
1455,2023-11-14 18:53:00,-0.04502217489626101,8160.00m,-12.0625,
1456,2023-11-14 19:43:00,0.01988384089478725,3000.00m,13.83800000000003,
1457,2023-11-14 20:00:00,-0.0071007917946405924,1020.00m,-14.823529411764707,
1458,2023-11-14 20:21:00,0.007077787552856414,1260.00m,11.876190476190546,
1459,2023-11-14 21:16:00,-0.006943505117453488,3300.00m,-4.480000000000026,
1460,2023-11-14 23:07:00,0.012667423382519905,6660.00m,4.021621621621635,
1461,2023-11-15 03:55:00,-0.0077956868723100215,17280.00m,-0.9659722222222373,
1462,2023-11-15 12:40:00,0.027558588123655057,31500.00m,1.8586666666666722,
1463,2023-11-15 13:33:00,-0.009822999120492565,3180.00m,-6.743396226415122,
1464,2023-11-15 16:02:00,0.013828671037511293,8940.00m,3.3436241610738553,
1465,2023-11-15 17:08:00,-0.00659278079551436,3960.00m,-3.6484848484848924,
1466,2023-11-15 18:11:00,0.02920571050600808,3780.00m,16.820634920634873,
1467,2023-11-15 18:13:00,-0.008199508886371653,120.00m,-153.09999999999854,
1468,2023-11-15 18:23:00,0.009898076274046536,600.00m,36.659999999999854,
1469,2023-11-15 18:24:00,-0.016083798300186306,60.00m,-601.5999999999985,
1470,2023-11-15 18:29:00,0.009893349636573562,300.00m,72.81999999999971,
1471,2023-11-15 18:34:00,-0.006710325937804412,300.00m,-49.880000000000294,
1472,2023-11-15 19:07:00,0.02345519161799924,1980.00m,26.239393939393985,
1473,2023-11-15 19:21:00,-0.013905687992779879,840.00m,-37.52857142857153,
1474,2023-11-15 19:30:00,0.008653244832611822,540.00m,35.822222222222386,
1475,2023-11-15 19:48:00,-0.007660969502476083,1080.00m,-15.994444444444525,
1476,2023-11-15 20:11:00,0.015102353843431185,1380.00m,24.48695652173932,
1477,2023-11-15 20:40:00,-0.012980974973187483,1740.00m,-16.944827586206948,
1478,2023-11-15 22:43:00,0.013812760946365446,7380.00m,4.195934959349581,
1479,2023-11-15 23:23:00,-0.006190585558116267,2400.00m,-5.8625,
1480,2023-11-15 23:56:00,0.00864111609324869,1980.00m,9.857575757575846,
1481,2023-11-16 05:21:00,-0.016270354402977093,19500.00m,-1.9009230769230858,
1482,2023-11-16 07:04:00,0.007736974976641832,6180.00m,2.8058252427184467,
1483,2023-11-16 09:07:00,-0.010860180489398722,7380.00m,-3.3235772357723223,
1484,2023-11-16 11:28:00,0.008777089325952725,8460.00m,2.3177304964538696,
1485,2023-11-16 14:26:00,-0.027728893160561343,10680.00m,-5.851123595505618,
1486,2023-11-16 15:32:00,0.011120360583373913,3960.00m,6.153030303030281,
1487,2023-11-16 15:54:00,-0.01574284963723458,1320.00m,-26.422727272727073,
1488,2023-11-16 16:40:00,0.008661820302998498,2760.00m,6.84347826086947,
1489,2023-11-16 19:39:00,-0.031048987675335864,10740.00m,-6.358659217877078,
1490,2023-11-16 20:07:00,0.01509009009009009,1680.00m,19.142857142857142,
1491,2023-11-16 20:15:00,-0.009876303527845532,480.00m,-44.51249999999982,
1492,2023-11-16 22:57:00,0.016190521542077146,9720.00m,3.567901234567901,
1493,2023-11-16 23:16:00,-0.006725857891443551,1140.00m,-12.842105263157896,
1494,2023-11-17 02:29:00,0.017097788471411603,11580.00m,3.192227979274604,
1495,2023-11-17 08:14:00,-0.012272851296043736,20700.00m,-1.3037681159420373,
1496,2023-11-17 09:17:00,0.007149131772752718,3780.00m,4.107936507936554,
1497,2023-11-17 10:26:00,-0.008017224827888941,4140.00m,-4.2362318840580135,
1498,2023-11-17 13:09:00,0.012743767056435934,9780.00m,2.8276073619631994,
1499,2023-11-17 14:54:00,-0.019649117059266703,6300.00m,-6.854285714285687,
1500,2023-11-17 16:13:00,0.008201537823153122,4740.00m,3.7278481012658227,
1501,2023-11-17 16:38:00,-0.007250900492785008,1500.00m,-10.5,
1502,2023-11-17 17:08:00,0.01908185609865346,1800.00m,22.859999999999854,
1503,2023-11-17 17:18:00,-0.008682427912640579,600.00m,-31.8,
1504,2023-11-17 19:15:00,0.007846820371436403,7020.00m,2.4350427350427473,
1505,2023-11-17 19:52:00,-0.008914370665107073,2220.00m,-8.816216216216137,
1506,2023-11-17 23:08:00,0.01223170758608515,11760.00m,2.2632653061224417,
1507,2023-11-18 07:04:00,-0.013293380550258785,28560.00m,-1.0252100840336134,
1508,2023-11-18 16:12:00,0.01748384959416937,32880.00m,1.1556569343065746,
1509,2023-11-19 01:32:00,-0.012028120785884333,33600.00m,-0.7916071428571481,
1510,2023-11-19 08:25:00,0.008140173569153067,24780.00m,0.7176755447941924,
1511,2023-11-19 11:21:00,-0.008616556428501457,10560.00m,-1.7971590909091075,
1512,2023-11-19 23:42:00,0.030885824121169157,44460.00m,1.5168690958164643,
1513,2023-11-20 05:47:00,-0.012208091992504552,21900.00m,-1.2547945205479452,
1514,2023-11-20 11:07:00,0.0093852626011588,19200.00m,1.0868750000000091,
1515,2023-11-20 14:14:00,-0.013791941912906825,11220.00m,-2.7588235294117727,
1516,2023-11-20 16:04:00,0.02032800216860942,6600.00m,6.817272727272741,
1517,2023-11-20 17:28:00,-0.018868275420498043,5040.00m,-8.454761904761957,
1518,2023-11-20 17:51:00,0.022737796407769476,1380.00m,36.508695652174104,
1519,2023-11-20 18:20:00,-0.01033376225198184,1740.00m,-13.458620689655273,
1520,2023-11-20 19:34:00,0.00946518241477197,4440.00m,4.781081081081121,
1521,2023-11-20 21:30:00,-0.011287232097188434,6960.00m,-3.6715517241379434,
1522,2023-11-20 23:12:00,0.008387165947409372,6120.00m,3.067647058823544,
1523,2023-11-21 00:52:00,-0.0077299514352776825,6000.00m,-2.9080000000000292,
1524,2023-11-21 01:58:00,0.008564363994845961,3960.00m,4.84393939393946,
1525,2023-11-21 15:12:00,-0.03662799345530269,47640.00m,-1.7367758186397986,
1526,2023-11-21 15:52:00,0.02564668126099391,2400.00m,23.254999999999928,
1527,2023-11-21 16:04:00,-0.010454301075268856,720.00m,-32.40833333333345,
1528,2023-11-21 17:21:00,0.01846997237246378,4620.00m,8.829870129870148,
1529,2023-11-21 18:11:00,-0.0200741511296044,3000.00m,-15.051999999999971,
1530,2023-11-21 19:22:00,0.010128367049190998,4260.00m,5.240845070422515,
1531,2023-11-21 20:07:00,-0.0069279583945244215,2700.00m,-5.713333333333301,
1532,2023-11-21 20:42:00,0.00853652580223259,2100.00m,8.988571428571387,
1533,2023-11-22 00:00:00,-0.03895017219113208,11880.00m,-7.311616161616146,
1534,2023-11-22 10:02:00,0.029131894189018525,36120.00m,1.7285714285714262,
1535,2023-11-22 15:09:00,-0.013794548011610121,18420.00m,-1.6517915309446205,
1536,2023-11-22 15:32:00,0.010103768432550397,1380.00m,15.92608695652155,
1537,2023-11-22 16:48:00,-0.006526470435635075,4560.00m,-3.1447368421052633,
1538,2023-11-22 19:08:00,0.028709962040729942,8400.00m,7.460714285714285,
1539,2023-11-22 19:33:00,-0.008055983070411697,1500.00m,-12.06,
1540,2023-11-22 21:31:00,0.019887350804464025,7080.00m,6.2567796610169735,
1541,2023-11-22 23:25:00,-0.015928731406355607,6840.00m,-5.29035087719297,
1542,2023-11-23 00:12:00,0.007337765336439336,2820.00m,5.817021276595621,
1543,2023-11-23 03:10:00,-0.007129782829372749,10680.00m,-1.5033707865168457,
1544,2023-11-23 09:57:00,0.010242827739627812,24420.00m,0.9378378378378485,
1545,2023-11-23 11:24:00,-0.01135023428286077,5220.00m,-4.911494252873597,
1546,2023-11-23 12:21:00,0.00786147046575044,3420.00m,5.133333333333308,
1547,2023-11-23 15:54:00,-0.015712263509640927,12780.00m,-2.7671361502347485,
1548,2023-11-24 10:33:00,0.02823737158983514,67140.00m,0.9317247542448667,
1549,2023-11-24 11:00:00,-0.009951192272944054,1620.00m,-13.9925925925927,
1550,2023-11-24 11:34:00,0.010793481875623468,2040.00m,11.932352941176385,
1551,2023-11-24 11:35:00,-0.007661897392164876,60.00m,-291.09999999999854,
1552,2023-11-24 11:45:00,0.0072674996883462725,600.00m,27.4,
1553,2023-11-24 11:56:00,-0.006635752486432256,660.00m,-22.90909090909091,
1554,2023-11-24 12:25:00,0.006375234929395268,1740.00m,8.293103448275861,
1555,2023-11-24 14:30:00,-0.009471981793565547,7500.00m,-2.8767999999999883,
1556,2023-11-24 15:39:00,0.02087488365908789,4140.00m,11.376811594202898,
1557,2023-11-24 16:55:00,-0.020648606407918654,4560.00m,-10.430263157894698,
1558,2023-11-24 17:36:00,0.008051110053115438,2460.00m,7.3829268292682215,
1559,2023-11-24 18:45:00,-0.007722955145118657,4140.00m,-4.242028985507204,
1560,2023-11-24 21:18:00,0.008554190276887653,9180.00m,2.1026143790849483,
1561,2023-11-24 23:09:00,-0.009370138943816116,6660.00m,-3.201801801801815,
1562,2023-11-25 03:24:00,0.007060808652884018,15300.00m,1.0403921568627565,
1563,2023-11-25 11:42:00,-0.0066941692279638915,29880.00m,-0.5086345381526163,
1564,2023-11-25 20:03:00,0.0076412242986676916,30060.00m,0.5732534930139808,
1565,2023-11-26 17:01:00,-0.019253923660252328,75480.00m,-0.5796502384737713,
1566,2023-11-26 22:10:00,0.016032371660259104,18540.00m,1.9271844660194175,
1567,2023-11-26 23:16:00,-0.011134340776542025,3960.00m,-6.366666666666623,
1568,2023-11-27 01:06:00,0.0061255824796550415,6600.00m,2.078181818181805,
1569,2023-11-27 07:33:00,-0.012837073040814967,23220.00m,-1.2454780361757105,
1570,2023-11-27 09:46:00,0.010198162711955863,7980.00m,2.8421052631578947,
1571,2023-11-27 14:57:00,-0.018481178308651702,18660.00m,-2.22508038585209,
1572,2023-11-27 15:16:00,0.007820088975960204,1140.00m,15.126315789473761,
1573,2023-11-27 15:59:00,-0.007983498430029087,2580.00m,-6.876744186046613,
1574,2023-11-27 17:10:00,0.010837379433473524,4260.00m,5.6084507042254135,
1575,2023-11-27 21:00:00,-0.009741151383631281,13800.00m,-1.5730434782608822,
1576,2023-11-28 00:44:00,0.015046384408748368,13440.00m,2.4705357142857207,
1577,2023-11-28 05:37:00,-0.01244475397101756,17580.00m,-1.585665529010234,
1578,2023-11-28 17:47:00,0.03721615258595433,43800.00m,1.8795890410958884,
1579,2023-11-28 18:53:00,-0.00961022999176266,3960.00m,-5.568181818181818,
1580,2023-11-28 19:42:00,0.01250759115992916,2940.00m,9.66734693877545,
1581,2023-11-29 00:15:00,-0.017659929016056067,16380.00m,-2.48058608058607,
1582,2023-11-29 01:02:00,0.010398332868766432,2820.00m,8.334042553191427,
1583,2023-11-29 02:38:00,-0.006050781373156801,5760.00m,-2.398958333333288,
1584,2023-11-29 08:57:00,0.013726874063265627,22740.00m,1.3701846965699094,
1585,2023-11-29 10:44:00,-0.011439314527694696,6420.00m,-4.099999999999973,
1586,2023-11-29 12:39:00,0.00929533255080916,6900.00m,3.064347826086969,
1587,2023-11-29 15:13:00,-0.017912444889308238,9240.00m,-4.4506493506493605,
1588,2023-11-29 19:10:00,0.008733717418204482,14220.00m,1.384810126582266,
1589,2023-11-29 21:06:00,-0.008148955197893623,6960.00m,-2.6629310344827086,
1590,2023-11-30 04:15:00,0.014123166781035059,25740.00m,1.2377622377622377,
1591,2023-11-30 08:41:00,-0.014120559786827842,15960.00m,-2.024060150375945,
1592,2023-11-30 13:45:00,0.009396016004086072,18240.00m,1.1618421052631482,
1593,2023-11-30 14:03:00,-0.011061153923191187,1080.00m,-23.316666666666507,
1594,2023-11-30 14:32:00,0.006558486724460904,1740.00m,8.486206896551675,
1595,2023-11-30 15:48:00,-0.006568705321683838,4560.00m,-3.264473684210507,
1596,2023-12-01 10:04:00,0.034081429778342665,65760.00m,1.1667883211678791,
1597,2023-12-01 14:18:00,-0.01441984294097787,15240.00m,-2.202755905511811,
1598,2023-12-01 16:34:00,0.01908151417842548,8160.00m,5.36544117647062,
1599,2023-12-01 19:25:00,-0.008596157645833174,10260.00m,-1.95906432748538,
1600,2023-12-01 21:50:00,0.006149720855473757,8700.00m,1.6386206896551623,
1601,2023-12-02 00:17:00,-0.0065185794950287845,8820.00m,-1.7238095238095337,
1602,2023-12-02 19:12:00,0.025970932234768943,68100.00m,0.8837004405286344,
1603,2023-12-02 19:19:00,-0.013959028950284015,420.00m,-79.0142857142855,
1604,2023-12-02 21:52:00,0.01611466598413101,9180.00m,4.115032679738553,
1605,2023-12-02 22:53:00,-0.010088262854033794,3660.00m,-6.565573770491803,
1606,2023-12-03 01:22:00,0.006132455959551236,8940.00m,1.6174496644295302,
1607,2023-12-03 03:12:00,-0.007197756201931673,6600.00m,-2.587272727272714,
1608,2023-12-03 13:57:00,0.01264281438269804,38700.00m,0.7694573643410898,
1609,2023-12-03 15:20:00,-0.006256320468507196,4980.00m,-2.9963855421687273,
1610,2023-12-03 16:03:00,0.008404403705025681,2580.00m,7.72093023255814,
1611,2023-12-03 17:45:00,-0.009777809017675367,6120.00m,-3.8186274509803924,
1612,2023-12-03 22:33:00,0.01907183564199817,17280.00m,2.612152777777788,
1613,2023-12-03 22:43:00,-0.006980464153600027,600.00m,-28.059999999999853,
1614,2023-12-03 23:10:00,0.006984440330382957,1620.00m,10.325925925925764,
1615,2023-12-03 23:31:00,-0.010102970188650107,1260.00m,-19.338095238095168,
1616,2023-12-04 01:47:00,0.026574516210103077,8160.00m,7.775000000000011,
1617,2023-12-04 02:24:00,-0.008766775853542663,2220.00m,-9.678378378378339,
1618,2023-12-04 05:23:00,0.02579446915604849,10740.00m,5.834636871508347,
1619,2023-12-04 05:33:00,-0.006435737726231847,600.00m,-26.729999999999563,
1620,2023-12-04 06:22:00,0.01178682899404846,2940.00m,9.926530612244928,
1621,2023-12-04 07:44:00,-0.009953823456151582,4920.00m,-5.0682926829269,
1622,2023-12-04 09:09:00,0.011340874563347371,5100.00m,5.515294117647093,
1623,2023-12-04 09:58:00,-0.00603262689566084,2940.00m,-5.146938775510145,
1624,2023-12-04 11:01:00,0.014066102257795917,3780.00m,9.277777777777779,
1625,2023-12-04 11:20:00,-0.01728593702166441,1140.00m,-38.33684210526324,
1626,2023-12-04 13:07:00,0.011948833491507964,6420.00m,4.62429906542052,
1627,2023-12-04 15:34:00,-0.017055366104518042,8820.00m,-4.861904761904742,
1628,2023-12-04 17:08:00,0.014098082058752053,5640.00m,6.177659574468054,
1629,2023-12-04 18:11:00,-0.006020966849968998,3780.00m,-3.992063492063492,
1630,2023-12-04 19:56:00,0.012902464402011706,6300.00m,5.1019047619048035,
1631,2023-12-04 21:13:00,-0.007896820584521626,4620.00m,-4.312987012986994,
1632,2023-12-04 22:19:00,0.016182998264737673,3960.00m,10.230303030302986,
1633,2023-12-05 01:32:00,-0.01769187225812535,11580.00m,-3.8865284974093193,
1634,2023-12-05 05:41:00,0.006485320988573218,14940.00m,1.0847389558232874,
1635,2023-12-05 07:44:00,-0.011706188272341168,7380.00m,-3.9894308943089194,
1636,2023-12-05 17:15:00,0.044178597205224504,34260.00m,3.205253940455336,
1637,2023-12-05 17:19:00,-0.006842744032826678,240.00m,-74.0,
1638,2023-12-05 17:28:00,0.01950816428662869,540.00m,93.12222222222206,
1639,2023-12-05 17:43:00,-0.012933908072219839,900.00m,-37.766666666666666,
1640,2023-12-05 18:43:00,0.02043110487103638,3600.00m,14.721666666666716,
1641,2023-12-05 19:01:00,-0.010179887751493743,1080.00m,-24.949999999999918,
1642,2023-12-05 19:26:00,0.0068838696232649725,1500.00m,12.023999999999942,
1643,2023-12-05 20:21:00,-0.011444713074766008,3300.00m,-9.149090909090988,
1644,2023-12-05 21:47:00,0.017920289338244633,5160.00m,9.056976744186063,
1645,2023-12-05 22:00:00,-0.009472556482745495,780.00m,-32.23846153846143,
1646,2023-12-05 22:29:00,0.013779963262558648,1740.00m,20.82413793103453,
1647,2023-12-06 00:34:00,-0.01279361849627719,7500.00m,-4.547200000000011,
1648,2023-12-06 00:59:00,0.006735066119471078,1500.00m,11.816000000000058,
1649,2023-12-06 02:34:00,-0.012172916562866603,5700.00m,-5.657894736842105,
1650,2023-12-06 03:03:00,0.007020053693552351,1740.00m,10.558620689655072,
1651,2023-12-06 06:20:00,-0.010429354272483638,11820.00m,-2.3253807106598914,
1652,2023-12-06 10:33:00,0.018757189527446805,15180.00m,3.222529644268786,
1653,2023-12-06 11:34:00,-0.017323339649016757,3660.00m,-12.575409836065669,
1654,2023-12-06 14:28:00,0.017860836232770093,10440.00m,4.466666666666692,
1655,2023-12-06 14:40:00,-0.007093927940864465,720.00m,-26.183333333333696,
1656,2023-12-06 14:44:00,0.006050862719773106,240.00m,66.52500000000146,
1657,2023-12-06 16:07:00,-0.011036699342047335,4980.00m,-5.883132530120517,
1658,2023-12-06 19:43:00,0.00884013255627935,12960.00m,1.7907407407407543,
1659,2023-12-06 21:36:00,-0.011834587624428579,6780.00m,-4.623008849557535,
1660,2023-12-06 22:19:00,0.007691531749634337,2580.00m,7.8023255813953485,
1661,2023-12-06 23:12:00,-0.007484944795688307,3180.00m,-6.2075471698113205,
1662,2023-12-07 05:29:00,0.009950511049628743,22620.00m,1.1514588859416406,
1663,2023-12-07 09:27:00,-0.026552428506581967,14280.00m,-4.9155462184874015,
1664,2023-12-07 09:47:00,0.01570991907223352,1200.00m,33.69000000000015,
1665,2023-12-07 10:20:00,-0.010813999664860092,1980.00m,-14.275757575757531,
1666,2023-12-07 11:24:00,0.007035978168046566,3840.00m,4.7374999999999545,
1667,2023-12-07 12:21:00,-0.008747349986173807,3420.00m,-6.659649122806992,
1668,2023-12-07 13:02:00,0.012030295422211063,2460.00m,12.621951219512194,
1669,2023-12-07 13:50:00,-0.0071553433071698145,2880.00m,-6.489583333333333,
1670,2023-12-07 15:31:00,0.016479880802546726,6060.00m,7.052475247524709,
1671,2023-12-07 19:44:00,-0.019062381215758845,15180.00m,-3.3102766798418974,
1672,2023-12-07 21:33:00,0.008487790390095016,6540.00m,3.35596330275232,
1673,2023-12-07 22:58:00,-0.0071785196604008,5100.00m,-3.6705882352941175,
1674,2023-12-08 04:30:00,0.009617390095246923,19920.00m,1.25,
1675,2023-12-08 08:10:00,-0.01007436992149845,13200.00m,-1.9950000000000065,
1676,2023-12-08 12:41:00,0.01624732476795343,16260.00m,2.585608856088577,
1677,2023-12-08 13:38:00,-0.006762830897284405,3420.00m,-5.200000000000026,
1678,2023-12-08 14:50:00,0.012218766223921157,4320.00m,7.387500000000021,
1679,2023-12-08 17:15:00,-0.008705657542671698,8700.00m,-2.6455172413793506,
1680,2023-12-08 21:25:00,0.024388903769943543,15000.00m,4.261200000000011,
1681,2023-12-09 01:32:00,-0.014911163258464567,14820.00m,-2.7012145748987733,
1682,2023-12-09 05:30:00,0.007010331731619999,14280.00m,1.2983193277310925,
1683,2023-12-09 09:07:00,-0.014006416321969691,13020.00m,-2.8649769585253657,
1684,2023-12-09 14:16:00,0.009331636395209916,18540.00m,1.3216828478964449,
1685,2023-12-09 14:49:00,-0.00872016027708914,1980.00m,-11.672727272727185,
1686,2023-12-09 15:53:00,0.0080318258530246,3840.00m,5.4953124999999545,
1687,2023-12-09 23:34:00,-0.011644766651563209,27660.00m,-1.1149674620390455,
1688,2023-12-10 08:02:00,0.009806078943749207,30480.00m,0.8421259842519743,
1689,2023-12-10 09:59:00,-0.009731283112921117,7020.00m,-3.6641025641026013,
1690,2023-12-10 21:09:00,0.01060169489582832,40200.00m,0.6902985074626866,
1691,2023-12-11 02:12:00,-0.07164145927653127,18180.00m,-10.424092409240924,
1692,2023-12-11 02:15:00,0.026570337486042938,180.00m,362.5,
1693,2023-12-11 02:16:00,-0.009351066007244791,60.00m,-392.90000000000146,
1694,2023-12-11 02:29:00,0.014643099964683583,780.00m,46.88461538461539,
1695,2023-12-11 02:49:00,-0.011261282592841617,1200.00m,-23.779999999999927,
1696,2023-12-11 03:41:00,0.018878000651378502,3120.00m,15.15961538461544,
1697,2023-12-11 05:46:00,-0.02096324205152556,7500.00m,-7.135200000000011,
1698,2023-12-11 05:58:00,0.010023047006289912,720.00m,34.791666666666664,
1699,2023-12-11 06:40:00,-0.006733774645543964,2520.00m,-6.7452380952381645,
1700,2023-12-11 07:17:00,0.01234798340201301,2220.00m,13.945945945945946,
1701,2023-12-11 08:16:00,-0.007604445894261022,3540.00m,-5.4525423728813065,
1702,2023-12-11 10:01:00,0.012012147918775749,6300.00m,4.802857142857171,
1703,2023-12-11 16:19:00,-0.025092499317435197,22680.00m,-2.820370370370386,
1704,2023-12-11 16:38:00,0.010521309393612444,1140.00m,22.93684210526331,
1705,2023-12-11 18:13:00,-0.02227133181226326,5700.00m,-9.812631578947338,
1706,2023-12-11 18:18:00,0.006859005529721879,300.00m,56.13999999999942,
1707,2023-12-11 18:30:00,-0.013335760223273874,720.00m,-45.791666666666664,
1708,2023-12-11 19:04:00,0.011144863548597325,2040.00m,13.326470588235251,
1709,2023-12-11 19:40:00,-0.01936821005823592,2160.00m,-22.116666666666585,
1710,2023-12-11 20:03:00,0.013065458767029426,1380.00m,22.899999999999874,
1711,2023-12-11 20:09:00,-0.006101995391671146,360.00m,-41.53333333333285,
1712,2023-12-12 01:14:00,0.03181086920637886,18300.00m,4.23344262295081,
1713,2023-12-12 01:44:00,-0.006136419530528091,1800.00m,-8.566666666666666,
1714,2023-12-12 02:40:00,0.007704671091987679,3360.00m,5.726785714285792,
1715,2023-12-12 04:59:00,-0.012707177051744196,8340.00m,-3.8345323741007196,
1716,2023-12-12 08:47:00,0.016570156332253054,13680.00m,3.0096491228070046,
1717,2023-12-12 11:58:00,-0.012290370088840359,11460.00m,-2.7089005235602173,
1718,2023-12-12 13:38:00,0.01012491402240468,6000.00m,4.21,
1719,2023-12-12 17:59:00,-0.03016789836577651,15660.00m,-4.854789272030646,
1720,2023-12-12 18:29:00,0.0169659625133486,1800.00m,23.03666666666662,
1721,2023-12-12 19:28:00,-0.00900168012050523,3540.00m,-6.320338983050872,
1722,2023-12-12 21:04:00,0.008676652205579765,5760.00m,3.710416666666712,
1723,2023-12-12 21:53:00,-0.007870288754349945,2940.00m,-6.651020408163295,
1724,2023-12-12 23:35:00,0.011754253584207616,6120.00m,4.73431372549021,
1725,2023-12-13 02:27:00,-0.019017993114548222,10320.00m,-4.59593023255814,
1726,2023-12-13 03:08:00,0.007099869038685089,2460.00m,7.060975609756097,
1727,2023-12-13 04:19:00,-0.008842101161819426,4260.00m,-5.114084507042233,
1728,2023-12-13 08:35:00,0.014805242028608034,15360.00m,2.3539062499999943,
1729,2023-12-13 11:57:00,-0.00731883286042172,12120.00m,-1.496534653465361,
1730,2023-12-13 16:09:00,0.029717990054167958,15120.00m,4.8353174603174605,
1731,2023-12-13 16:44:00,-0.010698568945017292,2100.00m,-12.905714285714202,
1732,2023-12-13 19:40:00,0.02647424279787104,10560.00m,6.282954545454521,
1733,2023-12-13 20:14:00,-0.00623677833314272,2040.00m,-7.86470588235277,
1734,2023-12-13 22:15:00,0.02026413314150378,7260.00m,7.135537190082596,
1735,2023-12-14 03:38:00,-0.018315785115031437,19380.00m,-2.465015479876152,
1736,2023-12-14 06:24:00,0.010242650763336384,9960.00m,2.633132530120473,
1737,2023-12-14 09:00:00,-0.009115876005529834,9360.00m,-2.519230769230769,
1738,2023-12-14 12:00:00,0.014548697756948965,10800.00m,3.452777777777778,
1739,2023-12-14 13:31:00,-0.033073297015927546,5460.00m,-15.751648351648369,
1740,2023-12-14 14:31:00,0.020495529354494665,3600.00m,14.315000000000024,
1741,2023-12-14 15:39:00,-0.010957405017116527,4080.00m,-6.8911764705882135,
1742,2023-12-14 17:48:00,0.026162612005579556,7740.00m,8.5782945736434,
1743,2023-12-14 19:14:00,-0.013194758038503653,5160.00m,-6.659302325581361,
1744,2023-12-14 23:08:00,0.008143653297035449,14040.00m,1.490598290598272,
1745,2023-12-15 06:19:00,-0.014430392059231504,25860.00m,-1.4457076566125258,
1746,2023-12-15 09:14:00,0.011109910096201363,10500.00m,2.7017142857143024,
1747,2023-12-15 15:46:00,-0.030411764979293193,23520.00m,-3.3382653061224454,
1748,2023-12-15 16:24:00,0.009259170485704868,2280.00m,10.165789473684095,
1749,2023-12-15 16:53:00,-0.008687371013439435,1740.00m,-12.613793103448126,
1750,2023-12-15 20:58:00,0.012723609470716017,14700.00m,2.1677551020408106,
1751,2023-12-16 00:38:00,-0.012627624643975807,13200.00m,-2.4263636363636496,
1752,2023-12-16 03:51:00,0.016073850105178457,11580.00m,3.476165803108816,
1753,2023-12-16 08:42:00,-0.006378287883610984,17460.00m,-0.929553264604811,
1754,2023-12-16 13:06:00,0.009969387028643265,15840.00m,1.5912878787878733,
1755,2023-12-16 13:36:00,-0.006306524339095551,1800.00m,-8.946666666666715,
1756,2023-12-16 16:44:00,0.010326147356274651,11280.00m,2.322872340425555,
1757,2023-12-17 01:50:00,-0.019104836708997104,32760.00m,-1.4950549450549502,
1758,2023-12-17 02:11:00,0.006003182927673064,1260.00m,11.980952380952312,
1759,2023-12-17 08:18:00,-0.010682427833131992,22020.00m,-1.227247956403254,
1760,2023-12-17 10:04:00,0.007765095667225115,6360.00m,3.0556603773584357,
1761,2023-12-17 14:35:00,-0.009698783429520201,16260.00m,-1.504428044280432,
1762,2023-12-17 17:14:00,0.019902230443085867,9540.00m,5.210691823899371,
1763,2023-12-17 18:16:00,-0.014520573756977647,3720.00m,-9.943548387096774,
1764,2023-12-17 18:48:00,0.009784777906573809,1920.00m,12.793750000000045,
1765,2023-12-18 02:37:00,-0.033846233955583324,28140.00m,-3.0490405117270787,
1766,2023-12-18 07:31:00,0.012589447793845684,17640.00m,1.7479591836734745,
1767,2023-12-18 09:24:00,-0.012120830893844746,6780.00m,-4.433628318584071,
1768,2023-12-18 09:52:00,0.008125820418878833,1680.00m,11.849999999999843,
1769,2023-12-18 10:37:00,-0.014160225047735226,2700.00m,-12.953333333333365,
1770,2023-12-18 11:14:00,0.015502061273924105,2220.00m,17.00270270270286,
1771,2023-12-18 12:49:00,-0.006677861143195579,5700.00m,-2.896842105263204,
1772,2023-12-18 14:49:00,0.020439421921261795,7200.00m,6.972500000000037,
1773,2023-12-18 16:09:00,-0.014219949583815112,4800.00m,-7.425,
1774,2023-12-18 17:31:00,0.011382208590446839,4920.00m,5.71585365853655,
1775,2023-12-18 18:00:00,-0.006149302470766167,1740.00m,-8.83103448275857,
1776,2023-12-18 21:47:00,0.033364821736178725,13620.00m,6.083700440528634,
1777,2023-12-18 22:43:00,-0.007011612764455202,3360.00m,-5.3553571428571685,
1778,2023-12-19 02:00:00,0.02237474100583921,11820.00m,4.823857868020319,
1779,2023-12-19 06:15:00,-0.013050897810572087,15300.00m,-2.2223529411764877,
1780,2023-12-19 10:48:00,0.009382671109493241,16380.00m,1.4728937728937677,
1781,2023-12-19 14:51:00,-0.023024802520707297,14580.00m,-4.098765432098766,
1782,2023-12-19 15:29:00,0.011752958352361698,2280.00m,13.071052631579063,
1783,2023-12-19 18:00:00,-0.020882446490046433,9060.00m,-5.913245033112592,
1784,2023-12-19 19:33:00,0.015480526925511424,5580.00m,6.968817204301059,
1785,2023-12-19 20:40:00,-0.007948044860938652,4020.00m,-5.043283582089574,
1786,2023-12-19 21:59:00,0.008858181369841065,4740.00m,4.729113924050707,
1787,2023-12-19 23:44:00,-0.007137602733770105,6300.00m,-2.892380952380994,
1788,2023-12-20 01:15:00,0.006372261253243045,5460.00m,2.9582417582418064,
1789,2023-12-20 02:08:00,-0.006592998202978795,3180.00m,-5.288679245283074,
1790,2023-12-20 04:56:00,0.015402100178763806,10080.00m,3.8720238095238093,
1791,2023-12-20 05:34:00,-0.006277253118806041,2280.00m,-7.0842105263157125,
1792,2023-12-20 06:22:00,0.009824994485613248,2880.00m,8.722916666666606,
1793,2023-12-20 10:18:00,-0.006854965202337659,14160.00m,-1.25,
1794,2023-12-20 14:03:00,0.02817300155593768,13500.00m,5.3515555555555485,
1795,2023-12-20 14:16:00,-0.00620340618429074,780.00m,-20.969230769230656,
1796,2023-12-20 14:30:00,0.011962171692885472,840.00m,37.314285714285816,
1797,2023-12-20 15:00:00,-0.007349513728294336,1800.00m,-10.826666666666764,
1798,2023-12-20 15:14:00,0.010513214463192451,840.00m,32.942857142857456,
1799,2023-12-20 16:57:00,-0.018236039864831365,6180.00m,-7.848543689320403,
1800,2023-12-20 19:00:00,0.01758904814642911,7380.00m,6.223577235772358,
1801,2023-12-20 20:08:00,-0.022997771349992886,4080.00m,-14.977941176470589,
1802,2023-12-20 20:43:00,0.01240859380055656,2100.00m,15.34000000000004,
1803,2023-12-20 21:55:00,-0.008818567616247415,4320.00m,-5.365277777777818,
1804,2023-12-20 22:33:00,0.008090927934775165,2280.00m,9.24473684210534,
1805,2023-12-21 02:49:00,-0.010153003292186744,15360.00m,-1.7359375000000057,
1806,2023-12-21 08:33:00,0.01496333601840921,20640.00m,1.8845930232558012,
1807,2023-12-21 09:26:00,-0.007649940192203479,3180.00m,-6.3471698113206445,
1808,2023-12-21 12:25:00,0.014074953366118298,10740.00m,3.431284916201101,
1809,2023-12-21 13:04:00,-0.006268643225164997,2340.00m,-7.11282051282055,
1810,2023-12-21 13:55:00,0.0069653845629068355,3060.00m,6.005882352941233,
1811,2023-12-21 15:03:00,-0.017804516168370595,4080.00m,-11.594117647058845,
1812,2023-12-21 16:08:00,0.010611024889348739,3900.00m,7.1,
1813,2023-12-21 17:50:00,-0.012267370432725055,6120.00m,-5.286274509803893,
1814,2023-12-21 19:05:00,0.010915632457134299,4500.00m,6.318666666666589,
1815,2023-12-21 19:37:00,-0.009947890914973525,1920.00m,-13.643749999999955,
1816,2023-12-21 21:47:00,0.016079775200738385,7800.00m,5.374615384615418,
1817,2023-12-22 00:16:00,-0.007718999429228981,8940.00m,-2.2872483221476707,
1818,2023-12-22 01:49:00,0.011353572243779992,5580.00m,5.348387096774209,
1819,2023-12-22 03:42:00,-0.008413944397549911,6780.00m,-3.2991150442478134,
1820,2023-12-22 06:34:00,0.011710588010360855,10320.00m,2.991279069767442,
1821,2023-12-22 07:57:00,-0.01982042381060584,4980.00m,-10.614457831325302,
1822,2023-12-22 08:30:00,0.006029640952899125,1980.00m,7.960606060606193,
1823,2023-12-22 09:17:00,-0.0076475902789820025,2820.00m,-7.131914893617114,
1824,2023-12-22 11:43:00,0.00838705524236941,8760.00m,2.4986301369863213,
1825,2023-12-22 12:56:00,-0.007076998841779862,4380.00m,-4.252054794520568,
1826,2023-12-22 13:41:00,0.0068059701492537645,2700.00m,6.586666666666699,
1827,2023-12-22 14:25:00,-0.00917293095898419,2640.00m,-9.14090909090919,
1828,2023-12-22 18:54:00,0.013553017433857752,16140.00m,2.1888475836431334,
1829,2023-12-22 19:53:00,-0.008809302114323382,3540.00m,-6.574576271186466,
1830,2023-12-22 23:35:00,0.009985084236260267,13320.00m,1.963063063063076,
1831,2023-12-23 04:12:00,-0.01728412986123245,16620.00m,-2.7505415162454927,
1832,2023-12-24 04:11:00,0.015145778988434602,86340.00m,0.45594162612925543,
1833,2023-12-24 10:41:00,-0.012081837221518442,23400.00m,-1.3623076923076811,
1834,2023-12-24 14:14:00,0.010500923031594774,12780.00m,2.1417840375586716,
1835,2023-12-24 22:16:00,-0.026501138952164043,28920.00m,-2.4136929460580947,
1836,2023-12-24 22:26:00,0.010239466873827084,600.00m,43.759999999999856,
1837,2023-12-24 22:40:00,-0.008669529487517908,840.00m,-26.735714285713975,
1838,2023-12-24 23:45:00,0.009553760639627696,3900.00m,6.2907692307692535,
1839,2023-12-25 00:43:00,-0.010102108829682842,3480.00m,-7.525862068965517,
1840,2023-12-25 06:29:00,0.013747214903103176,20760.00m,1.699421965317919,
1841,2023-12-25 09:38:00,-0.006279938100059337,11340.00m,-1.4407407407407562,
1842,2023-12-25 13:02:00,0.01758262161158556,12240.00m,3.7137254901960715,
1843,2023-12-25 20:44:00,-0.010938383783093367,27720.00m,-1.0380952380952349,
1844,2023-12-25 22:44:00,0.009043951482728338,7200.00m,3.268333333333309,
1845,2023-12-26 06:02:00,-0.02674241627854887,26280.00m,-2.6716894977168884,
1846,2023-12-26 07:23:00,0.006483046867662218,4860.00m,3.408641975308624,
1847,2023-12-26 09:46:00,-0.011275169664124422,8580.00m,-3.3797202797202495,
1848,2023-12-26 14:25:00,0.011061612805798749,16740.00m,1.680286738351239,
1849,2023-12-26 17:39:00,-0.023643161196370527,11640.00m,-5.222164948453601,
1850,2023-12-26 18:08:00,0.008083850226476811,1740.00m,11.662068965517141,
1851,2023-12-26 18:32:00,-0.006966261763569051,1440.00m,-12.241666666666484,
1852,2023-12-26 22:20:00,0.016907468559653648,13680.00m,3.1057017543859584,
1853,2023-12-27 03:32:00,-0.009563502312803843,18720.00m,-1.3054487179487273,
1854,2023-12-27 10:44:00,0.02507011334298997,25920.00m,2.4479166666666665,
1855,2023-12-27 13:02:00,-0.010145886140354056,8280.00m,-3.1789855072463555,
1856,2023-12-27 14:46:00,0.008548965549467914,6240.00m,3.5182692307692447,
1857,2023-12-27 15:16:00,-0.007712016753771486,1800.00m,-11.096666666666716,
1858,2023-12-27 16:32:00,0.008913583993836668,4560.00m,5.023684210526354,
1859,2023-12-27 17:16:00,-0.006867937975670721,2640.00m,-6.745454545454612,
1860,2023-12-27 22:17:00,0.018206600883069107,18060.00m,2.5960132890365495,
1861,2023-12-27 22:56:00,-0.008924505548067615,2340.00m,-10.0,
1862,2023-12-28 00:38:00,0.012004183800932383,6120.00m,5.097058823529426,
1863,2023-12-28 02:09:00,-0.01109747249588183,5460.00m,-5.345054945054961,
1864,2023-12-28 04:29:00,0.007325221371650585,8400.00m,2.267857142857143,
1865,2023-12-28 07:29:00,-0.017487042181906463,10800.00m,-4.241666666666666,
1866,2023-12-28 10:49:00,0.007720747644379311,12000.00m,1.6559999999999855,
1867,2023-12-28 13:01:00,-0.012658286412236276,7920.00m,-4.145454545454523,
1868,2023-12-28 13:25:00,0.006909332870993019,1440.00m,12.28750000000006,
1869,2023-12-28 16:24:00,-0.01434046206862859,10740.00m,-3.4430167597765524,
1870,2023-12-28 19:48:00,0.008123229461756339,12240.00m,1.6867647058823458,
1871,2023-12-28 20:31:00,-0.006954835718350229,2580.00m,-6.906976744186046,
1872,2023-12-28 21:11:00,0.00608152880060182,2400.00m,6.447500000000036,
1873,2023-12-28 21:51:00,-0.006794796671745024,2400.00m,-7.247500000000036,
1874,2023-12-28 23:38:00,0.009557499569322551,6420.00m,3.7850467289719627,
1875,2023-12-29 01:01:00,-0.011540412481504184,4980.00m,-5.948192771084302,
1876,2023-12-29 01:18:00,0.006924212039804657,1020.00m,17.22352941176445,
1877,2023-12-29 01:41:00,-0.008684991733052656,1380.00m,-16.078260869565028,
1878,2023-12-29 03:49:00,0.014248011106530806,7680.00m,4.698437500000011,
1879,2023-12-29 07:57:00,-0.012302970278527949,14880.00m,-2.1237903225806627,
1880,2023-12-29 14:42:00,0.020629503761461235,24300.00m,2.1538271604938344,
1881,2023-12-29 16:21:00,-0.025233800780417273,5940.00m,-11.0,
1882,2023-12-29 16:33:00,0.006113998012712863,720.00m,21.433333333333092,
1883,2023-12-29 17:45:00,-0.013854826743784973,4320.00m,-8.144444444444465,
1884,2023-12-29 21:13:00,0.012274127777431776,12480.00m,2.462980769230783,
1885,2023-12-29 22:21:00,-0.01736784180068882,4080.00m,-10.791176470588278,
1886,2023-12-30 00:27:00,0.017419496250906368,7560.00m,5.739682539682574,
1887,2023-12-30 03:28:00,-0.009088563183151509,10860.00m,-2.1209944751381293,
1888,2023-12-30 06:12:00,0.0078435588685016,9840.00m,2.001829268292701,
1889,2023-12-30 09:44:00,-0.014391610148799572,12720.00m,-2.863679245283046,
1890,2023-12-30 16:18:00,0.025461070009524592,23640.00m,2.6868020304568674,
1891,2023-12-30 17:16:00,-0.007878355747986468,3480.00m,-5.791379310344853,
1892,2023-12-30 17:31:00,0.008101673999229243,900.00m,22.846666666666472,
1893,2023-12-30 22:52:00,-0.012020843006758467,19260.00m,-1.5968847352024875,
1894,2023-12-31 01:00:00,0.007932589603607812,7680.00m,2.6109374999999773,
1895,2023-12-31 02:51:00,-0.010227438642432817,6660.00m,-3.9126126126125733,
1896,2023-12-31 07:34:00,0.01596720429979606,16980.00m,2.3713780918727863,
1897,2023-12-31 08:41:00,-0.007034964052364147,4020.00m,-4.483582089552261,
1898,2023-12-31 09:45:00,0.012089451564364622,3840.00m,8.009374999999977,
1899,2023-12-31 12:56:00,-0.012159428800462228,11460.00m,-2.7319371727748463,
1900,2023-12-31 18:41:00,0.008718749557693271,20700.00m,1.0713043478260829,
1901,2023-12-31 23:21:00,-0.015366806201912924,16800.00m,-2.346785714285709,
1902,2024-01-01 01:38:00,0.016801293941891404,8220.00m,5.163503649635047,
1903,2024-01-01 05:56:00,-0.013251174339485203,15480.00m,-2.198837209302337,
1904,2024-01-01 20:46:00,0.038994886847836446,53400.00m,1.8508988764044976,
1905,2024-01-01 22:20:00,-0.009960971764336083,5640.00m,-4.65106382978728,
1906,2024-01-02 01:08:00,0.04542954519826665,10080.00m,11.75059523809523,
1907,2024-01-02 01:49:00,-0.014664899775910054,2460.00m,-16.248780487804808,
1908,2024-01-02 03:43:00,0.0163509226576114,6840.00m,6.420175438596504,
1909,2024-01-02 05:04:00,-0.007332851217415929,4860.00m,-4.118518518518501,
1910,2024-01-02 09:06:00,0.017065874230241983,14520.00m,3.1847107438016407,
1911,2024-01-02 11:44:00,-0.013566001175676527,9480.00m,-3.94367088607594,
1912,2024-01-02 12:34:00,0.0072901193831538345,3000.00m,6.605999999999913,
1913,2024-01-02 12:56:00,-0.006402531212887386,1320.00m,-13.28181818181805,
1914,2024-01-02 14:13:00,0.010913862303180026,4620.00m,6.427272727272746,
1915,2024-01-02 15:19:00,-0.020915819715581565,3960.00m,-14.527272727272772,
1916,2024-01-02 15:54:00,0.00996833927111257,2100.00m,12.782857142857184,
1917,2024-01-02 16:22:00,-0.008605874761468768,1680.00m,-13.932142857142805,
1918,2024-01-02 16:49:00,0.01119285081687784,1620.00m,18.62962962962963,
1919,2024-01-02 18:17:00,-0.010402179462352437,5280.00m,-5.371590909090958,
1920,2024-01-02 18:33:00,0.00722264102273315,960.00m,20.300000000000182,
1921,2024-01-02 19:27:00,-0.009795891333384784,3240.00m,-8.216666666666613,
1922,2024-01-02 20:16:00,0.007551704763348637,2940.00m,6.912244897959124,
1923,2024-01-02 21:09:00,-0.010438265526283696,3180.00m,-8.899999999999945,
1924,2024-01-02 22:09:00,0.01274660202424985,3600.00m,9.5,
1925,2024-01-02 23:47:00,-0.010033607284964195,5880.00m,-4.636734693877566,
1926,2024-01-03 02:06:00,0.013304812929646201,8340.00m,4.2913669064748206,
1927,2024-01-03 07:54:00,-0.009744683567430357,20880.00m,-1.2721264367816218,
1928,2024-01-03 09:39:00,0.01209455133904768,6300.00m,5.181904761904818,
1929,2024-01-03 12:01:00,-0.06472470586168196,8520.00m,-20.753521126760564,
1930,2024-01-03 12:03:00,0.010283132515974059,120.00m,218.9499999999971,
1931,2024-01-03 12:09:00,-0.06009455583396466,360.00m,-430.899999999999,
1932,2024-01-03 12:16:00,0.05050844775056369,420.00m,291.77142857142775,
1933,2024-01-03 12:20:00,-0.009785965837398,240.00m,-103.92499999999927,
1934,2024-01-03 12:24:00,0.01085263946176614,240.00m,114.125,
1935,2024-01-03 12:27:00,-0.011046566321730882,180.00m,-156.5666666666657,
1936,2024-01-03 12:28:00,0.007212790396263418,60.00m,303.29999999999563,
1937,2024-01-03 12:32:00,-0.00618365380982966,240.00m,-65.47500000000036,
1938,2024-01-03 12:37:00,0.00730310251189668,300.00m,61.48000000000029,
1939,2024-01-03 12:40:00,-0.006483628190221053,180.00m,-91.63333333333382,
1940,2024-01-03 12:59:00,0.015943329487563107,1140.00m,35.34736842105294,
1941,2024-01-03 13:22:00,-0.010725351553189799,1380.00m,-19.956521739130434,
1942,2024-01-03 13:40:00,0.008481982577804617,1080.00m,19.949999999999918,
1943,2024-01-03 14:37:00,-0.014116109509344091,3420.00m,-10.573684210526393,
1944,2024-01-03 16:03:00,0.034060133228169975,5160.00m,16.67093023255819,
1945,2024-01-03 16:09:00,-0.008893351008227062,360.00m,-64.51666666666642,
1946,2024-01-03 16:29:00,0.007127988539585255,1200.00m,15.375,
1947,2024-01-03 17:19:00,-0.018808993884545284,3000.00m,-16.344000000000086,
1948,2024-01-03 18:06:00,0.009200072249420113,2820.00m,8.344680851063922,
1949,2024-01-03 19:02:00,-0.018137105640563218,3360.00m,-13.933928571428623,
1950,2024-01-03 19:35:00,0.01714880924198668,1980.00m,21.951515151515196,
1951,2024-01-03 20:10:00,-0.010289435465852353,2100.00m,-12.631428571428529,
1952,2024-01-03 21:51:00,0.010304696373602788,6060.00m,4.33861386138611,
1953,2024-01-03 23:10:00,-0.00805353505964504,4740.00m,-4.379746835443038,
1954,2024-01-04 00:17:00,0.008006288644069716,4020.00m,5.092537313432793,
1955,2024-01-04 01:24:00,-0.007244335706986108,4020.00m,-4.644776119402942,
1956,2024-01-04 05:39:00,0.014545156108942185,15300.00m,2.4325490196078547,
1957,2024-01-04 08:18:00,-0.011456821396544333,9540.00m,-3.117610062893109,
1958,2024-01-04 09:33:00,0.007654701422222049,4500.00m,4.365333333333353,
1959,2024-01-04 10:25:00,-0.009506131303873617,3120.00m,-7.878846153846098,
1960,2024-01-04 12:16:00,0.016983377372987763,6660.00m,6.531531531531532,
1961,2024-01-04 12:27:00,-0.00602112692277574,660.00m,-23.763636363636497,
1962,2024-01-04 15:30:00,0.026241877624419534,10980.00m,6.18797814207651,
1963,2024-01-04 16:30:00,-0.010814094226461481,3600.00m,-7.981666666666691,
1964,2024-01-04 17:24:00,0.008523965949792184,3240.00m,6.914814814814842,
1965,2024-01-04 17:44:00,-0.007919998732438075,1200.00m,-17.495000000000072,
1966,2024-01-04 19:28:00,0.013438468242777678,6240.00m,5.663461538461538,
1967,2024-01-04 20:08:00,-0.01173837868991232,2400.00m,-13.035000000000036,
1968,2024-01-04 20:38:00,0.014114859785406714,1800.00m,20.653333333333286,
1969,2024-01-04 20:59:00,-0.008983165830274583,1260.00m,-19.042857142857212,
1970,2024-01-04 22:18:00,0.013677360274000582,4740.00m,7.637974683544322,
1971,2024-01-05 00:38:00,-0.01645121544898149,8400.00m,-5.2549999999999795,
1972,2024-01-05 01:05:00,0.006543228962995872,1620.00m,10.659259259259098,
1973,2024-01-05 01:48:00,-0.039553037797986065,2580.00m,-40.72325581395345,
1974,2024-01-05 02:00:00,0.028832744214049025,720.00m,102.16666666666667,
1975,2024-01-05 02:29:00,-0.010085239935904256,1740.00m,-15.213793103448175,
1976,2024-01-05 03:03:00,0.010093312920410349,2040.00m,12.855882352941133,
1977,2024-01-05 04:22:00,-0.01050225178885768,4740.00m,-5.81518987341774,
1978,2024-01-05 09:05:00,0.021985232281972817,16980.00m,3.362544169611302,
1979,2024-01-05 10:59:00,-0.01372210366405035,6840.00m,-5.324561403508772,
1980,2024-01-05 12:26:00,0.011054776497769859,5220.00m,5.5436781609195735,
1981,2024-01-05 13:36:00,-0.00864646739438459,4200.00m,-5.44857142857145,
1982,2024-01-05 14:00:00,0.007246890514554415,1440.00m,13.204166666666728,
1983,2024-01-05 14:42:00,-0.017077600690187465,2520.00m,-17.90952380952374,
1984,2024-01-05 14:49:00,0.011495872388194085,420.00m,71.09999999999958,
1985,2024-01-05 14:59:00,-0.006894031946839032,600.00m,-30.190000000000147,
1986,2024-01-05 15:11:00,0.007013170965012325,720.00m,25.416666666666668,
1987,2024-01-05 17:09:00,-0.015300973179341712,7080.00m,-5.6788135593220215,
1988,2024-01-05 20:54:00,0.023235052000602906,13500.00m,4.453333333333333,
1989,2024-01-05 21:10:00,-0.010959400813570044,960.00m,-30.22499999999991,
1990,2024-01-05 23:06:00,0.015079199594893981,6960.00m,5.673275862068953,
1991,2024-01-06 07:02:00,-0.01966547030541065,28560.00m,-1.83025210084033,
1992,2024-01-06 18:51:00,0.016115662517441804,42540.00m,0.9871650211565504,
1993,2024-01-06 20:13:00,-0.009154832233167232,4920.00m,-4.926829268292683,
1994,2024-01-07 00:50:00,0.012242228254779294,16620.00m,1.9324909747292522,
1995,2024-01-07 05:57:00,-0.009667653238742944,18420.00m,-1.3938110749185717,
1996,2024-01-07 08:36:00,0.007425895042787301,9540.00m,2.047169811320755,
1997,2024-01-07 09:54:00,-0.0063656909412888665,4680.00m,-3.6038461538461353,
1998,2024-01-07 14:07:00,0.013533132015269851,15180.00m,2.347035573122541,
1999,2024-01-07 17:03:00,-0.014616168180377006,10560.00m,-3.6931818181818183,
2000,2024-01-07 20:09:00,0.009938089467907158,11160.00m,2.3413978494623655,
2001,2024-01-07 23:44:00,-0.014863252652699763,12900.00m,-3.059534883720944,
2002,2024-01-08 00:05:00,0.007844216610472717,1260.00m,16.285714285714285,
2003,2024-01-08 02:53:00,-0.01658815229512304,10080.00m,-4.338690476190485,
2004,2024-01-08 06:21:00,0.023581357999264096,12480.00m,4.899038461538462,
2005,2024-01-08 07:39:00,-0.0101150547917642,4680.00m,-5.735897435897455,
2006,2024-01-08 08:22:00,0.0063128515863209705,2580.00m,6.42790697674422,
2007,2024-01-08 09:55:00,-0.009698116890338325,5580.00m,-4.5946236559139315,
2008,2024-01-08 12:15:00,0.03545727067710526,8400.00m,11.050714285714275,
2009,2024-01-08 12:29:00,-0.014940272112156068,840.00m,-48.214285714285715,
2010,2024-01-08 13:00:00,0.014746690813820401,1860.00m,21.170967741935343,
2011,2024-01-08 15:04:00,-0.010391663640470042,7440.00m,-3.7846774193548036,
2012,2024-01-08 15:41:00,0.010664124819038764,2220.00m,12.881081081081042,
2013,2024-01-08 16:47:00,-0.0073989616657625795,3960.00m,-5.06363636363632,
2014,2024-01-08 18:44:00,0.04741682149604196,7020.00m,18.17008547008542,
2015,2024-01-08 18:52:00,-0.0063010804894356115,480.00m,-36.98749999999927,
2016,2024-01-08 19:12:00,0.010429814654886006,1200.00m,24.334999999999855,
2017,2024-01-08 19:28:00,-0.010523636826366293,960.00m,-31.012499999999818,
2018,2024-01-08 20:36:00,0.01094635493025363,4080.00m,7.510294117647016,
2019,2024-01-08 21:01:00,-0.009742290445346705,1500.00m,-18.38,
2020,2024-01-08 21:41:00,0.01085299533250549,2400.00m,12.672500000000037,
2021,2024-01-08 22:33:00,-0.008038057395330513,3120.00m,-7.298076923076923,
2022,2024-01-09 00:15:00,0.006606396289827376,6120.00m,3.0333333333333474,
2023,2024-01-09 00:39:00,-0.016632444402963034,1440.00m,-32.670833333333576,
2024,2024-01-09 01:15:00,0.009454536041778629,2160.00m,12.17500000000008,
2025,2024-01-09 01:45:00,-0.009934397504113542,1800.00m,-15.496666666666716,
2026,2024-01-09 03:50:00,0.01388885891207176,7500.00m,5.148,
2027,2024-01-09 05:42:00,-0.007838111700542348,6720.00m,-3.287499999999974,
2028,2024-01-09 07:28:00,0.007213446791711125,6360.00m,3.17169811320752,
2029,2024-01-09 10:56:00,-0.010855579887354156,12480.00m,-2.449999999999993,
2030,2024-01-09 12:50:00,0.01094456648145749,6840.00m,4.457894736842079,
2031,2024-01-09 12:56:00,-0.024199973584535878,360.00m,-189.33333333333334,
2032,2024-01-09 13:53:00,0.02585894485899289,3420.00m,20.780701754385966,
2033,2024-01-09 15:05:00,-0.01176402990378938,4320.00m,-7.677777777777717,
2034,2024-01-09 15:42:00,0.011912683390075715,2220.00m,14.951351351351272,
2035,2024-01-09 18:34:00,-0.010312591107677807,10320.00m,-2.8174418604651077,
2036,2024-01-09 20:01:00,0.008471934030726888,5220.00m,4.528735632183908,
2037,2024-01-09 20:57:00,-0.0061470560015352265,3360.00m,-5.148214285714338,
2038,2024-01-09 21:14:00,0.029425772651795152,1020.00m,80.68235294117682,
2039,2024-01-09 21:17:00,-0.03953417611777308,180.00m,-632.3333333333334,
2040,2024-01-09 21:18:00,0.010243714035255182,60.00m,472.09999999999854,
2041,2024-01-09 21:20:00,-0.010824998013269213,120.00m,-252.0,
2042,2024-01-09 21:23:00,0.00731301121053342,180.00m,112.26666666666522,
2043,2024-01-09 21:26:00,-0.02507129508080106,180.00m,-387.69999999999953,
2044,2024-01-09 21:30:00,0.01726120198281628,240.00m,195.1750000000011,
2045,2024-01-09 21:32:00,-0.007709310943657137,120.00m,-177.35000000000218,
2046,2024-01-09 21:41:00,0.01362622824425137,540.00m,69.12222222222206,
2047,2024-01-09 22:03:00,-0.02054381578634598,1320.00m,-43.21363636363623,
2048,2024-01-09 22:59:00,0.02040109429466525,3360.00m,16.51249999999995,
2049,2024-01-10 01:34:00,-0.012894939968476028,9300.00m,-3.8477419354838336,
2050,2024-01-10 03:18:00,0.01246541946760762,6240.00m,5.47211538461537,
2051,2024-01-10 08:59:00,-0.01936681421098414,20460.00m,-2.6252199413489863,
2052,2024-01-10 10:14:00,0.008881888096152193,4500.00m,5.368000000000078,
2053,2024-01-10 11:53:00,-0.010384686032170909,5940.00m,-4.796969696969712,
2054,2024-01-10 12:02:00,0.008593354678616522,540.00m,43.21111111111127,
2055,2024-01-10 13:00:00,-0.026528761217049945,3480.00m,-20.877586206896577,
2056,2024-01-10 13:28:00,0.019712426773251985,1680.00m,31.282142857142908,
2057,2024-01-10 14:12:00,-0.009748442941703657,2640.00m,-10.038636363636463,
2058,2024-01-10 14:30:00,0.011776741159086333,1080.00m,29.355555555555636,
2059,2024-01-10 15:00:00,-0.0128732391263644,1800.00m,-19.48000000000005,
2060,2024-01-10 15:10:00,0.010086561442110502,600.00m,45.2,
2061,2024-01-10 15:25:00,-0.006124058580641106,900.00m,-18.479999999999805,
2062,2024-01-10 15:59:00,0.012939322336057798,2040.00m,17.120588235294075,
2063,2024-01-10 16:06:00,-0.00748315740964252,420.00m,-48.714285714285715,
2064,2024-01-10 16:32:00,0.007908817546652451,1560.00m,13.757692307692196,
2065,2024-01-10 17:03:00,-0.006925417400632152,1860.00m,-10.183870967741841,
2066,2024-01-10 17:44:00,0.022741329798983873,2460.00m,25.109756097560975,
2067,2024-01-10 17:47:00,-0.006209570297735396,180.00m,-95.83333333333333,
2068,2024-01-10 18:03:00,0.013316091454403135,960.00m,38.29374999999982,
2069,2024-01-10 18:09:00,-0.010884788534832397,360.00m,-84.58333333333333,
2070,2024-01-10 18:35:00,0.010466810647654333,1560.00m,18.565384615384783,
2071,2024-01-10 18:41:00,-0.007493578312399905,360.00m,-58.20000000000073,
2072,2024-01-10 19:06:00,0.00983120255477224,1500.00m,18.188000000000173,
2073,2024-01-10 19:38:00,-0.011912969378273207,1920.00m,-17.387500000000045,
2074,2024-01-10 19:53:00,0.007705475741619505,900.00m,23.70666666666657,
2075,2024-01-10 20:12:00,-0.022731084666893137,1140.00m,-55.63684210526308,
2076,2024-01-10 20:17:00,0.00958468562627204,300.00m,87.1199999999997,
2077,2024-01-10 20:22:00,-0.00961356142021787,300.00m,-88.21999999999971,
2078,2024-01-10 20:42:00,0.015375643677654968,1200.00m,34.93499999999985,
2079,2024-01-10 20:44:00,-0.014535973663164996,120.00m,-335.34999999999854,
2080,2024-01-10 20:48:00,0.008640862106883692,240.00m,98.22500000000036,
2081,2024-01-10 20:50:00,-0.008941868045849663,120.00m,-205.04999999999927,
2082,2024-01-10 20:58:00,0.016634838777809035,480.00m,94.51249999999982,
2083,2024-01-10 21:03:00,-0.009190870157047762,300.00m,-84.94000000000088,
2084,2024-01-10 21:07:00,0.010781011790093654,240.00m,123.40000000000146,
2085,2024-01-10 21:39:00,-0.0216043113544724,1920.00m,-31.24375000000009,
2086,2024-01-10 22:22:00,0.03122266884579701,2580.00m,32.876744186046444,
2087,2024-01-10 22:32:00,-0.008339812000847992,600.00m,-38.939999999999415,
2088,2024-01-10 23:16:00,0.028946726188547774,2640.00m,30.461363636363537,
2089,2024-01-10 23:30:00,-0.02240641778576316,840.00m,-76.25,
2090,2024-01-10 23:33:00,0.007491127233221216,180.00m,116.30000000000048,
2091,2024-01-11 00:20:00,-0.012724831642656179,2820.00m,-12.704255319148904,
2092,2024-01-11 01:29:00,0.008794026796526456,4140.00m,5.904347826086978,
2093,2024-01-11 06:18:00,-0.02234119265721335,17340.00m,-3.6128027681661097,
2094,2024-01-11 11:23:00,0.03177924368901865,18300.00m,4.760655737704918,
2095,2024-01-11 11:39:00,-0.006034932608151508,960.00m,-17.78125,
2096,2024-01-11 12:59:00,0.012663873813695539,4800.00m,7.417500000000018,
2097,2024-01-11 13:31:00,-0.012134597511964858,1920.00m,-17.993749999999864,
2098,2024-01-11 14:29:00,0.021601995080564786,3480.00m,17.45862068965515,
2099,2024-01-11 14:31:00,-0.006007780671109077,120.00m,-143.85000000000218,
2100,2024-01-11 14:49:00,0.027476775307666807,1080.00m,72.6611111111112,
2101,2024-01-11 15:42:00,-0.04050249345200491,3180.00m,-37.37547169811323,
2102,2024-01-11 15:44:00,0.006610238838030063,120.00m,155.10000000000218,
2103,2024-01-11 15:50:00,-0.01336017647033915,360.00m,-105.1833333333331,
2104,2024-01-11 16:02:00,0.007239364635253049,720.00m,28.11666666666618,
2105,2024-01-11 16:31:00,-0.022620713748596602,1740.00m,-36.617241379310144,
2106,2024-01-11 16:41:00,0.01221181383467945,600.00m,56.02999999999956,
2107,2024-01-11 16:56:00,-0.010490481696564047,900.00m,-32.479999999999805,
2108,2024-01-11 17:09:00,0.007964330245523328,780.00m,28.153846153846153,
2109,2024-01-11 17:28:00,-0.012329207765824898,1140.00m,-30.05789473684203,
2110,2024-01-11 18:40:00,0.01978806464727705,4320.00m,12.57361111111105,
2111,2024-01-11 19:22:00,-0.006725952789727075,2520.00m,-7.471428571428468,
2112,2024-01-11 20:14:00,0.013186941238161175,3120.00m,11.751923076923049,
2113,2024-01-11 20:56:00,-0.016883056031214684,2520.00m,-18.873809523809626,
2114,2024-01-11 21:32:00,0.006102725970922783,2160.00m,7.825000000000121,
2115,2024-01-11 21:57:00,-0.006431761316411743,1500.00m,-11.948000000000174,
2116,2024-01-11 23:14:00,0.007305597635162352,4620.00m,4.377922077922154,
2117,2024-01-12 00:34:00,-0.007265521796565483,4800.00m,-4.221250000000055,
2118,2024-01-12 00:46:00,0.007975363063232927,720.00m,30.666666666666668,
2119,2024-01-12 01:26:00,-0.012838071730656321,2400.00m,-14.927499999999963,
2120,2024-01-12 02:50:00,0.007694988347526907,5040.00m,4.205952380952415,
2121,2024-01-12 04:55:00,-0.008286809189410034,7500.00m,-3.0672000000000117,
2122,2024-01-12 06:26:00,0.010605258168075657,5460.00m,5.347252747252731,
2123,2024-01-12 09:29:00,-0.016098944349195052,10980.00m,-4.079234972677596,
2124,2024-01-12 11:30:00,0.014150757293470366,7260.00m,5.335537190082633,
2125,2024-01-12 14:45:00,-0.02133844551164279,11700.00m,-5.063076923076901,
2126,2024-01-12 14:56:00,0.006309447829457128,660.00m,25.97272727272701,
2127,2024-01-12 15:56:00,-0.02619000592534074,3600.00m,-19.890000000000025,
2128,2024-01-12 16:09:00,0.0073083995889448436,780.00m,24.94615384615407,
2129,2024-01-12 16:38:00,-0.026884931954297725,1740.00m,-41.43793103448291,
2130,2024-01-12 16:49:00,0.010325039888542121,660.00m,40.827272727273254,
2131,2024-01-12 16:54:00,-0.015250777671332413,300.00m,-134.04000000000087,
2132,2024-01-12 17:06:00,0.012154795713932492,720.00m,43.833333333333336,
2133,2024-01-12 17:25:00,-0.010280563730134532,1140.00m,-23.699999999999772,
2134,2024-01-12 18:05:00,0.013381529291270254,2400.00m,14.502499999999964,
2135,2024-01-12 18:38:00,-0.012685831612828394,1980.00m,-16.887878787878876,
2136,2024-01-12 18:56:00,0.006527011822859956,1080.00m,15.727777777777696,
2137,2024-01-12 19:12:00,-0.007368857472048898,960.00m,-20.106249999999818,
2138,2024-01-12 19:28:00,0.009195800161532248,960.00m,24.90625,
2139,2024-01-12 20:01:00,-0.006260646872534851,1980.00m,-8.296969696969786,
2140,2024-01-12 20:39:00,0.012165293363737081,2280.00m,13.913157894736957,
2141,2024-01-12 22:04:00,-0.03315646852351983,5100.00m,-17.158823529411766,
2142,2024-01-12 22:05:00,0.0070515096438035696,60.00m,299.90000000000146,
2143,2024-01-12 22:21:00,-0.0261149946999519,960.00m,-69.90625,
2144,2024-01-12 22:37:00,0.016367267383179066,960.00m,42.66874999999982,
2145,2024-01-12 22:42:00,-0.007435014388828539,300.00m,-63.03999999999942,
2146,2024-01-13 00:08:00,0.021331406789166955,5160.00m,10.437209302325565,
2147,2024-01-13 01:24:00,-0.010163717761376078,4560.00m,-5.74736842105267,
2148,2024-01-13 02:14:00,0.007585872927813247,3000.00m,6.454000000000088,
2149,2024-01-13 03:29:00,-0.009194560254582833,4500.00m,-5.254666666666744,
2150,2024-01-13 07:24:00,0.01858331645796159,14100.00m,3.358297872340444,
2151,2024-01-13 12:17:00,-0.016355583090985587,17580.00m,-2.4146757679180886,
2152,2024-01-13 15:34:00,0.016510027050592364,11820.00m,3.565989847715736,
2153,2024-01-13 20:04:00,-0.011916101765451199,16200.00m,-1.9088888888888944,
2154,2024-01-13 22:18:00,0.006692093502117603,8040.00m,2.1343283582089554,
2155,2024-01-14 04:41:00,-0.010482765032656952,22980.00m,-1.1775456919060052,
2156,2024-01-14 09:58:00,0.01213003852297288,19020.00m,1.629022082018932,
2157,2024-01-14 12:56:00,-0.007962699937802251,10680.00m,-1.9275280898876324,
2158,2024-01-14 17:20:00,0.0063632726872895964,15840.00m,1.0303030303030303,
2159,2024-01-14 20:02:00,-0.017827711176666164,9720.00m,-4.733950617283959,
2160,2024-01-14 20:46:00,0.011758468558877445,2640.00m,11.290909090908992,
2161,2024-01-14 21:38:00,-0.015353052363663484,3120.00m,-12.621153846153762,
2162,2024-01-14 22:05:00,0.013064581655417238,1620.00m,20.36666666666672,
2163,2024-01-14 22:31:00,-0.013184555636854944,1560.00m,-21.62307692307709,
2164,2024-01-14 22:51:00,0.0076380868184778355,1200.00m,16.07000000000007,
2165,2024-01-15 00:01:00,-0.015919811320754717,4200.00m,-9.642857142857142,
2166,2024-01-15 05:12:00,0.026063511084481725,18660.00m,3.4967845659163985,
2167,2024-01-15 07:37:00,-0.006533138686131319,8700.00m,-1.9289655172413593,
2168,2024-01-15 13:52:00,0.009649023812210673,22500.00m,1.0943999999999845,
2169,2024-01-15 14:55:00,-0.017562734030067556,3780.00m,-11.971428571428525,
2170,2024-01-15 15:35:00,0.0068430159520253405,2400.00m,7.217499999999927,
2171,2024-01-15 15:54:00,-0.006438672526996519,1140.00m,-14.394736842105264,
2172,2024-01-15 18:46:00,0.027051810009430445,10320.00m,6.637790697674444,
2173,2024-01-15 19:45:00,-0.011655081564807844,3540.00m,-8.562711864406854,
2174,2024-01-15 20:16:00,0.006230056931842884,1860.00m,8.609677419354886,
2175,2024-01-15 22:17:00,-0.01648201245256057,7260.00m,-5.871900826446281,
2176,2024-01-15 22:45:00,0.009033636734587978,1680.00m,13.678571428571429,
2177,2024-01-16 00:08:00,-0.006923779981813907,4980.00m,-3.568674698795146,
2178,2024-01-16 04:08:00,0.010733477858671167,14400.00m,1.9,
2179,2024-01-16 07:22:00,-0.007522141411600865,11640.00m,-1.6649484536082475,
2180,2024-01-16 09:24:00,0.012605327933284614,7320.00m,4.4032786885245665,
2181,2024-01-16 11:36:00,-0.008993351732512056,7920.00m,-2.9401515151515043,
2182,2024-01-16 12:59:00,0.009215264462423387,4980.00m,4.7481927710843195,
2183,2024-01-16 14:44:00,-0.024390582968992127,6300.00m,-10.025714285714258,
2184,2024-01-16 15:01:00,0.016956639450547883,1020.00m,42.0,
2185,2024-01-16 15:11:00,-0.006197835661608482,600.00m,-26.540000000000145,
2186,2024-01-16 15:39:00,0.017579189773474918,1680.00m,26.717857142857092,
2187,2024-01-16 15:47:00,-0.006112585182465335,480.00m,-33.087499999999636,
2188,2024-01-16 16:01:00,0.008213404461958113,840.00m,25.25,
2189,2024-01-16 16:19:00,-0.008741061325700815,1080.00m,-21.072222222222383,
2190,2024-01-16 16:51:00,0.007074506667658669,1920.00m,9.509375000000091,
2191,2024-01-16 18:38:00,-0.011228614498856164,6420.00m,-4.545794392523378,
2192,2024-01-16 20:19:00,0.011946814844215054,6060.00m,5.0663366336633375,
2193,2024-01-16 20:47:00,-0.00615321434504137,1680.00m,-9.524999999999896,
2194,2024-01-16 21:38:00,0.01127993221361999,3060.00m,9.527450980392185,
2195,2024-01-17 08:07:00,-0.022840798486768406,37740.00m,-1.5818759936406994,
2196,2024-01-17 10:59:00,0.006732851900750305,10320.00m,1.6662790697674335,
2197,2024-01-17 12:36:00,-0.008458953656601485,5820.00m,-3.7371134020618557,
2198,2024-01-17 12:59:00,0.006911970629419933,1380.00m,12.769565217391177,
2199,2024-01-17 14:38:00,-0.008624477623103317,5940.00m,-3.727272727272727,
2200,2024-01-17 14:49:00,0.011639420787340789,660.00m,44.88181818181858,
2201,2024-01-17 17:05:00,-0.015527885173351672,8160.00m,-4.899264705882374,
2202,2024-01-17 20:49:00,0.014354837182437137,13440.00m,2.7071428571428635,
2203,2024-01-17 22:25:00,-0.008217036172695416,5760.00m,-3.667708333333318,
2204,2024-01-17 23:49:00,0.006840337993171359,5040.00m,3.460714285714251,
2205,2024-01-18 01:44:00,-0.0063451480067120685,6900.00m,-2.360869565217391,
2206,2024-01-18 08:01:00,0.009758426609528907,22620.00m,1.1005305039787838,
2207,2024-01-18 13:15:00,-0.013048541880182547,18840.00m,-1.78407643312101,
2208,2024-01-18 15:18:00,0.010311103139351978,7380.00m,3.552032520325156,
2209,2024-01-18 17:14:00,-0.025861565522896014,6960.00m,-9.543965517241366,
2210,2024-01-18 17:28:00,0.011143457325378508,840.00m,33.192857142857456,
2211,2024-01-18 17:52:00,-0.01353687660525118,1440.00m,-23.783333333333456,
2212,2024-01-18 18:00:00,0.007282037720426523,480.00m,37.86250000000018,
2213,2024-01-18 19:13:00,-0.014580509040918064,4380.00m,-8.368493150684952,
2214,2024-01-18 19:26:00,0.006948834392976118,780.00m,22.06923076923088,
2215,2024-01-18 19:57:00,-0.015855911330049367,1860.00m,-21.264516129032398,
2216,2024-01-18 20:12:00,0.006589238229313454,900.00m,17.97333333333372,
2217,2024-01-18 20:35:00,-0.012026281540762681,1380.00m,-21.534782608695778,
2218,2024-01-18 20:52:00,0.014598360756460512,1020.00m,34.94117647058823,
2219,2024-01-18 21:21:00,-0.012513473906039909,1740.00m,-17.813793103448226,
2220,2024-01-19 00:05:00,0.014546114617496057,9840.00m,3.6158536585365852,
2221,2024-01-19 03:32:00,-0.014900906433526264,12420.00m,-2.977294685990352,
2222,2024-01-19 07:03:00,0.019573626287318745,12660.00m,3.779620853080569,
2223,2024-01-19 08:15:00,-0.0092534863063328,4320.00m,-5.338888888888909,
2224,2024-01-19 11:31:00,0.008540529245542038,11760.00m,1.7933673469387754,
2225,2024-01-19 14:48:00,-0.015071720768426446,11820.00m,-3.17563451776649,
2226,2024-01-19 14:50:00,0.006097948760597489,120.00m,124.65000000000146,
2227,2024-01-19 15:08:00,-0.006851130144729587,1080.00m,-15.655555555555717,
2228,2024-01-19 15:18:00,0.006869016232518367,600.00m,28.059999999999853,
2229,2024-01-19 15:35:00,-0.007918659298285639,1020.00m,-19.158823529411592,
2230,2024-01-19 15:48:00,0.006283543683372171,780.00m,19.723076923077034,
2231,2024-01-19 16:45:00,-0.01795603656962507,3420.00m,-12.935087719298297,
2232,2024-01-19 18:56:00,0.038954372199255606,7860.00m,11.990839694656511,
2233,2024-01-19 19:12:00,-0.007349343237482401,960.00m,-19.24375000000009,
2234,2024-01-19 20:14:00,0.013730252242287253,3720.00m,9.209677419354838,
2235,2024-01-20 00:35:00,-0.016210446415864166,15660.00m,-2.6183908045977065,
2236,2024-01-20 07:41:00,0.0071585982746066625,25560.00m,0.6969483568075151,
2237,2024-01-20 09:54:00,-0.007095747100295691,7980.00m,-2.2285714285714393,
2238,2024-01-20 21:09:00,0.009186234632345672,40500.00m,0.5644444444444444,
2239,2024-01-21 06:19:00,-0.006613134047366946,33000.00m,-0.5032727272727194,
2240,2024-01-21 14:16:00,0.007109306794486644,28620.00m,0.619706498951779,
2241,2024-01-21 16:30:00,-0.008152855290400728,8040.00m,-2.5477611940298615,
2242,2024-01-21 21:55:00,0.006416507156873368,19500.00m,0.82,
2243,2024-01-22 05:01:00,-0.02604066985645933,25560.00m,-2.5551643192488265,
2244,2024-01-22 06:40:00,0.013757783427287094,5940.00m,5.657575757575743,
2245,2024-01-22 08:43:00,-0.01217786565095607,7380.00m,-4.086178861788606,
2246,2024-01-22 09:27:00,0.006647207437023229,2640.00m,6.159090909090909,
2247,2024-01-22 10:29:00,-0.016176900584795356,3720.00m,-10.708064516129056,
2248,2024-01-22 13:11:00,0.021314589571553435,9720.00m,5.312345679012338,
2249,2024-01-22 15:23:00,-0.02050600557270583,7920.00m,-6.406060606060595,
2250,2024-01-22 16:04:00,0.01185904815664837,2460.00m,11.682926829268293,
2251,2024-01-22 16:31:00,-0.010731561704032987,1620.00m,-16.24444444444439,
2252,2024-01-22 17:41:00,0.008879215463190829,4200.00m,5.128571428571429,
2253,2024-01-22 18:50:00,-0.015368774592123201,4140.00m,-9.085507246376833,
2254,2024-01-22 18:53:00,0.00817157824497815,180.00m,109.40000000000146,
2255,2024-01-22 19:42:00,-0.02596081181868932,2940.00m,-21.453061224489886,
2256,2024-01-22 20:36:00,0.021858186741580975,3240.00m,15.964814814814789,
2257,2024-01-22 22:01:00,-0.01393455029067528,5100.00m,-6.607058823529394,
2258,2024-01-22 22:16:00,0.007923786709477127,900.00m,20.99333333333343,
2259,2024-01-22 22:47:00,-0.010822348711803475,1860.00m,-13.983870967741936,
2260,2024-01-22 23:04:00,0.008480030285822449,1020.00m,19.764705882352942,
2261,2024-01-22 23:53:00,-0.011369295644230962,2940.00m,-9.27142857142863,
2262,2024-01-23 04:26:00,0.01653748209051197,16380.00m,2.3930402930403036,
2263,2024-01-23 09:32:00,-0.030923239743510002,18360.00m,-4.058169934640532,
2264,2024-01-23 09:47:00,0.008865316568891219,900.00m,23.0,
2265,2024-01-23 10:16:00,-0.010198493659053308,1740.00m,-13.806896551723938,
2266,2024-01-23 10:28:00,0.007532108604411111,720.00m,24.391666666666424,
2267,2024-01-23 11:50:00,-0.01267080428064257,4920.00m,-6.049999999999982,
2268,2024-01-23 12:04:00,0.00926095988038358,840.00m,25.571428571428573,
2269,2024-01-23 12:38:00,-0.006248894653068517,2040.00m,-7.170588235294203,
2270,2024-01-23 12:59:00,0.00759844317029949,1260.00m,14.02857142857136,
2271,2024-01-23 14:23:00,-0.012929500815293175,5040.00m,-6.013095238095221,
2272,2024-01-23 14:27:00,0.008285659455506397,240.00m,79.875,
2273,2024-01-23 14:33:00,-0.007806049881558947,360.00m,-50.583333333333336,
2274,2024-01-23 15:41:00,0.021523410564953962,4080.00m,12.210294117647102,
2275,2024-01-23 16:16:00,-0.0120537266316305,2100.00m,-13.571428571428571,
2276,2024-01-23 18:16:00,0.018224129826697386,7200.00m,5.9125,
2277,2024-01-23 19:10:00,-0.015662918060411625,3240.00m,-11.498148148148175,
2278,2024-01-23 20:48:00,0.008533975730705655,5880.00m,3.3979591836734695,
2279,2024-01-23 20:57:00,-0.007917974258960412,540.00m,-34.622222222222064,
2280,2024-01-24 00:53:00,0.030326392926573756,14160.00m,5.016949152542373,
2281,2024-01-24 03:35:00,-0.016360106299672564,9720.00m,-4.062345679012337,
2282,2024-01-24 07:23:00,0.014360161545499043,13680.00m,2.492105263157882,
2283,2024-01-24 08:17:00,-0.0063384492724736265,3240.00m,-4.711111111111138,
2284,2024-01-24 10:49:00,0.014991875952820385,9120.00m,3.933552631578957,
2285,2024-01-24 14:20:00,-0.017058017020961228,12660.00m,-3.272511848341232,
2286,2024-01-24 14:32:00,0.010010304355475204,720.00m,33.19166666666691,
2287,2024-01-24 14:57:00,-0.009139703339114668,1500.00m,-14.692000000000116,
2288,2024-01-24 16:59:00,0.009191361125062783,7320.00m,3.0,
2289,2024-01-24 18:24:00,-0.013957597173144912,5100.00m,-6.598823529411781,
2290,2024-01-24 20:09:00,0.008550136151076033,6300.00m,3.2266666666666945,
2291,2024-01-24 20:56:00,-0.011185094547829415,2820.00m,-9.51063829787234,
2292,2024-01-25 00:55:00,0.016296824902763123,14340.00m,2.694560669456067,
2293,2024-01-25 05:31:00,-0.009349890067204669,16560.00m,-1.3605072463768115,
2294,2024-01-25 11:33:00,0.012192914988915496,21720.00m,1.3400552486187807,
2295,2024-01-25 13:49:00,-0.011899529432214576,8160.00m,-3.5235294117646845,
2296,2024-01-25 14:37:00,0.006976399363679963,2880.00m,5.783333333333303,
2297,2024-01-25 17:16:00,-0.01270062317657838,9540.00m,-3.2006289308176195,
2298,2024-01-25 18:17:00,0.011703741152679473,3660.00m,7.590163934426229,
2299,2024-01-25 19:03:00,-0.007268320715588573,2760.00m,-6.323913043478292,
2300,2024-01-25 19:41:00,0.006400366454327934,2280.00m,6.692105263157972,
2301,2024-01-25 20:58:00,-0.00852789948582518,4620.00m,-4.428571428571429,
2302,2024-01-26 04:40:00,0.013739298884612013,27720.00m,1.1790043290043226,
2303,2024-01-26 07:31:00,-0.007218195525763771,10260.00m,-1.696491228070167,
2304,2024-01-26 09:46:00,0.0120275689223058,8100.00m,3.5548148148148258,
2305,2024-01-26 09:59:00,-0.007783575491767015,780.00m,-24.176923076923302,
2306,2024-01-26 12:27:00,0.03547182620502387,8880.00m,9.602702702702732,
2307,2024-01-26 13:51:00,-0.013351234609562593,5040.00m,-6.594047619047636,
2308,2024-01-26 14:59:00,0.015835672527477824,4080.00m,9.532352941176427,
2309,2024-01-26 15:30:00,-0.008588036391533618,1860.00m,-11.51935483870963,
2310,2024-01-26 18:10:00,0.021232777023093414,9600.00m,5.470625000000018,
2311,2024-01-26 18:18:00,-0.006211504704353754,480.00m,-32.6875,
2312,2024-01-26 20:13:00,0.009197424338755757,6900.00m,3.346086956521701,
2313,2024-01-27 09:00:00,-0.019747718046733163,46020.00m,-1.087092568448495,
2314,2024-01-28 05:19:00,0.03366852868408845,73140.00m,1.1431501230516816,
2315,2024-01-28 06:44:00,-0.011261666623814122,5100.00m,-5.6682352941176815,
2316,2024-01-28 09:41:00,0.008553090389002562,10620.00m,2.044067796610186,
2317,2024-01-28 20:15:00,-0.02339301912930151,38040.00m,-1.5741324921135647,
2318,2024-01-28 21:55:00,0.008268469649076068,6000.00m,3.445,
2319,2024-01-28 22:39:00,-0.007710289272723845,2640.00m,-7.361363636363669,
2320,2024-01-29 03:30:00,0.01880776971997054,17460.00m,2.6941580756013748,
2321,2024-01-29 09:07:00,-0.01237611522784905,20220.00m,-1.559643916913942,
2322,2024-01-29 10:46:00,0.009922919751187843,5940.00m,4.2040404040403745,
2323,2024-01-29 14:55:00,-0.013014790070704397,14940.00m,-2.21405622489961,
2324,2024-01-29 16:52:00,0.03540453786577764,7020.00m,12.65128205128209,
2325,2024-01-29 18:48:00,-0.009233420500642305,6960.00m,-3.4456896551724516,
2326,2024-01-30 02:45:00,0.020410970721891814,28620.00m,1.8352201257861664,
2327,2024-01-30 08:05:00,-0.012247481383142805,19200.00m,-1.675,
2328,2024-01-30 12:23:00,0.014020972469296558,15480.00m,2.349224806201545,
2329,2024-01-30 14:10:00,-0.016840731666141896,6420.00m,-6.899065420560721,
2330,2024-01-30 15:27:00,0.01084091330981987,4620.00m,6.06753246753243,
2331,2024-01-30 16:18:00,-0.008130715833547516,3060.00m,-6.94509803921563,
2332,2024-01-30 17:08:00,0.008340854914485442,3000.00m,7.2080000000000295,
2333,2024-01-30 18:24:00,-0.006793758922546558,4560.00m,-3.8947368421052633,
2334,2024-01-30 20:32:00,0.009983038078819782,7680.00m,3.375,
2335,2024-01-30 23:46:00,-0.023047495275183454,11640.00m,-5.192268041237129,
2336,2024-01-31 00:01:00,0.008229874397221457,900.00m,23.426666666666765,
2337,2024-01-31 02:22:00,-0.008611017549564969,8460.00m,-2.6290780141843766,
2338,2024-01-31 08:01:00,0.00884514091305285,20340.00m,1.1135693215339233,
2339,2024-01-31 10:59:00,-0.015802565478222733,10680.00m,-3.822471910112368,
2340,2024-01-31 13:36:00,0.011598573717608357,9420.00m,3.1305732484076434,
2341,2024-01-31 14:07:00,-0.006629746613977156,1860.00m,-9.167741935484012,
2342,2024-01-31 17:59:00,0.026343722406958682,13920.00m,4.835344827586219,
2343,2024-01-31 19:32:00,-0.015098958929184338,5580.00m,-7.095698924731199,
2344,2024-01-31 19:46:00,0.010075478974378138,840.00m,30.97857142857174,
2345,2024-01-31 20:11:00,-0.01630449782422701,1500.00m,-28.35600000000006,
2346,2024-01-31 20:28:00,0.006446122156002167,1020.00m,16.21764705882336,
2347,2024-01-31 21:29:00,-0.017641756648763208,3660.00m,-12.449180327868877,
2348,2024-01-31 23:37:00,0.008896519431871494,7680.00m,2.939062500000034,
2349,2024-02-01 01:38:00,-0.018339333933393372,7260.00m,-6.4661157024793505,
2350,2024-02-01 03:06:00,0.006934097421203473,5280.00m,3.3000000000000167,
2351,2024-02-01 04:35:00,-0.006179690019539737,5340.00m,-2.928089887640433,
2352,2024-02-01 10:25:00,0.009408300683849496,21000.00m,1.1265714285714161,
2353,2024-02-01 12:07:00,-0.00833488952607427,6120.00m,-3.456862745098025,
2354,2024-02-01 15:30:00,0.02244258250598906,12180.00m,4.637931034482759,
2355,2024-02-01 16:35:00,-0.0126594082950598,3900.00m,-8.353846153846154,
2356,2024-02-01 17:32:00,0.018722550177095666,3420.00m,13.910526315789498,
2357,2024-02-01 18:43:00,-0.00856224315008962,4260.00m,-5.202816901408471,
2358,2024-02-01 19:51:00,0.011034869720738307,4080.00m,6.9411764705882355,
2359,2024-02-01 20:57:00,-0.008065579077591955,3960.00m,-5.284848484848529,
2360,2024-02-01 21:19:00,0.006615893530271627,1320.00m,12.900000000000132,
2361,2024-02-01 22:45:00,-0.0070981114160327,5160.00m,-3.563953488372093,
2362,2024-02-02 00:24:00,0.01217054625180769,5940.00m,5.2707070707071,
2363,2024-02-02 04:47:00,-0.010719931421934942,15780.00m,-1.768821292775682,
2364,2024-02-02 07:08:00,0.007183687160207439,8460.00m,2.187234042553202,
2365,2024-02-02 10:10:00,-0.007208769860542499,10920.00m,-1.7126373626373466,
2366,2024-02-02 12:22:00,0.006976912128179503,7920.00m,2.268939393939394,
2367,2024-02-02 13:50:00,-0.01589754504150213,5280.00m,-7.809090909090958,
2368,2024-02-02 16:05:00,0.021918400737195497,8100.00m,6.906666666666678,
2369,2024-02-02 18:06:00,-0.01632085020242915,7260.00m,-5.863636363636363,
2370,2024-02-03 00:28:00,0.014066062554808535,22920.00m,1.574607329842932,
2371,2024-02-03 15:10:00,-0.01159025920118067,52920.00m,-0.5698412698412683,
2372,2024-02-03 17:51:00,0.009222750540112913,9660.00m,2.455279503105563,
2373,2024-02-04 09:14:00,-0.012190019118425485,55380.00m,-0.5712892741061708,
2374,2024-02-04 12:37:00,0.008694247988504402,12180.00m,1.8300492610837438,
2375,2024-02-04 20:27:00,-0.012654028106141668,28200.00m,-1.1604255319148968,
2376,2024-02-04 21:02:00,0.009131604610449848,2100.00m,11.1028571428571,
2377,2024-02-04 22:40:00,-0.01386919274126128,5880.00m,-6.077551020408149,
2378,2024-02-04 23:05:00,0.006663754324238098,1500.00m,11.287999999999883,
2379,2024-02-05 01:13:00,-0.009235128674875082,7680.00m,-3.0757812499999773,
2380,2024-02-05 13:37:00,0.031131472405710667,44640.00m,1.7673387096774211,
2381,2024-02-05 16:28:00,-0.023764749643528756,10260.00m,-6.052631578947368,
2382,2024-02-05 19:30:00,0.008017988141186245,10920.00m,1.873076923076931,
2383,2024-02-05 20:25:00,-0.012639472861416225,3300.00m,-9.849090909090988,
2384,2024-02-06 03:10:00,0.014736707777890651,24300.00m,1.5397530864197495,
2385,2024-02-06 06:17:00,-0.0065603625549316156,11220.00m,-1.5064171122994496,
2386,2024-02-06 09:00:00,0.010176285808054727,9780.00m,2.6631901840490704,
2387,2024-02-06 12:54:00,-0.010238535601653135,14040.00m,-1.885470085470073,
2388,2024-02-06 16:31:00,0.01692813047321393,13020.00m,3.327188940092166,
2389,2024-02-06 18:36:00,-0.008044193494094272,7500.00m,-2.7912000000000114,
2390,2024-02-06 20:00:00,0.006389457047229487,5040.00m,3.272619047619065,
2391,2024-02-07 03:58:00,-0.012122709814799024,28680.00m,-1.0981171548117186,
2392,2024-02-07 09:45:00,0.009494085191938994,20820.00m,1.1703170028818402,
2393,2024-02-07 10:55:00,-0.007779046366265976,4200.00m,-4.798571428571449,
2394,2024-02-07 14:51:00,0.01065955251819393,14160.00m,1.9351694915254423,
2395,2024-02-07 15:08:00,-0.008796583904722568,1020.00m,-22.405882352941262,
2396,2024-02-07 17:40:00,0.017763280521901244,9120.00m,5.01578947368422,
2397,2024-02-07 17:47:00,-0.0067166639195648924,420.00m,-41.914285714285924,
2398,2024-02-07 21:31:00,0.023024268823895456,13440.00m,4.459821428571429,
2399,2024-02-07 22:58:00,-0.0062088852843110425,5220.00m,-3.1678160919540064,
2400,2024-02-08 02:05:00,0.013907654083659016,11220.00m,3.2807486631016043,
2401,2024-02-08 07:04:00,-0.006586787521324301,17940.00m,-0.9852842809364499,
2402,2024-02-08 14:14:00,0.016387096483785047,25800.00m,1.693255813953485,
2403,2024-02-08 14:31:00,-0.006264476498802053,1020.00m,-16.64117647058832,
2404,2024-02-08 16:00:00,0.01245417980457481,5340.00m,6.2797752808988925,
2405,2024-02-08 16:52:00,-0.011612091012734532,3120.00m,-10.146153846153819,
2406,2024-02-08 20:17:00,0.014362761034831365,12300.00m,3.1463414634146343,
2407,2024-02-09 00:43:00,-0.0072860504732969525,15960.00m,-1.2477443609022612,
2408,2024-02-09 02:55:00,0.024033135121149636,7920.00m,8.2333333333333,
2409,2024-02-09 04:19:00,-0.010045845507334571,5040.00m,-5.538095238095203,
2410,2024-02-09 12:10:00,0.03726454709058195,28260.00m,3.626963906581747,
2411,2024-02-09 12:34:00,-0.007453081756773838,1440.00m,-14.766666666666728,
2412,2024-02-09 14:12:00,0.010543177021976222,5880.00m,5.077551020408149,
2413,2024-02-09 14:20:00,-0.021591814484002242,480.00m,-128.72500000000036,
2414,2024-02-09 14:38:00,0.012390654934618066,1080.00m,32.12222222222246,
2415,2024-02-09 15:17:00,-0.009787817723062364,2340.00m,-11.856410256410294,
2416,2024-02-09 18:24:00,0.028832834544677274,11220.00m,7.2128342245989465,
2417,2024-02-09 19:22:00,-0.016300011635444887,3480.00m,-13.525862068965518,
2418,2024-02-09 20:10:00,0.006268970076651162,2880.00m,6.183333333333242,
2419,2024-02-10 00:39:00,-0.0128271597423233,16140.00m,-2.2717472118959057,
2420,2024-02-10 03:31:00,0.009440782479268552,10320.00m,2.5813953488372094,
2421,2024-02-10 10:53:00,-0.013144036735897544,26520.00m,-1.411764705882353,
2422,2024-02-10 20:47:00,0.027547491995731026,35640.00m,2.17272727272727,
2423,2024-02-10 21:11:00,-0.007816686954462464,1440.00m,-15.679166666666484,
2424,2024-02-10 21:30:00,0.00690683209007552,1140.00m,17.363157894736535,
2425,2024-02-10 22:22:00,-0.009579117648281853,3120.00m,-8.859615384615328,
2426,2024-02-10 23:05:00,0.006044065626082514,2580.00m,6.695348837209337,
2427,2024-02-11 01:28:00,-0.0076479401686929014,8580.00m,-2.562937062937063,
2428,2024-02-11 03:59:00,0.02023345648923659,9060.00m,6.372185430463556,
2429,2024-02-11 10:51:00,-0.012181272170018406,24720.00m,-1.4344660194174756,
2430,2024-02-11 12:19:00,0.010847951325060905,5280.00m,5.907954545454562,
2431,2024-02-11 14:12:00,-0.010459067828097203,6780.00m,-4.484070796460151,
2432,2024-02-11 17:10:00,0.00940147227848544,10680.00m,2.532022471910096,
2433,2024-02-11 18:34:00,-0.007416821657367255,5040.00m,-4.272619047619065,
2434,2024-02-11 19:32:00,0.007141206426669387,3480.00m,5.913793103448276,
2435,2024-02-11 21:28:00,-0.008084904938799865,6960.00m,-3.3715517241379187,
2436,2024-02-12 00:31:00,0.01679344767938651,10980.00m,4.4032786885246065,
2437,2024-02-12 06:47:00,-0.019770931033352035,22560.00m,-2.5654255319149093,
2438,2024-02-12 07:33:00,0.011611276299446785,2760.00m,12.071739130434846,
2439,2024-02-12 10:07:00,-0.012991039593216135,9240.00m,-4.0811688311688314,
2440,2024-02-12 10:30:00,0.006383112395551987,1380.00m,13.252173913043604,
2441,2024-02-12 11:33:00,-0.006030489555891336,3780.00m,-4.600000000000046,
2442,2024-02-12 15:14:00,0.027867102122848857,13260.00m,6.023076923076917,
2443,2024-02-12 15:19:00,-0.007312040833368977,300.00m,-71.8,
2444,2024-02-12 15:58:00,0.024941472892870232,2340.00m,31.169230769230733,
2445,2024-02-12 16:16:00,-0.009340649441382692,1080.00m,-25.922222222222143,
2446,2024-02-12 16:27:00,0.0068118762263296604,660.00m,30.645454545454413,
2447,2024-02-12 16:45:00,-0.006316207786577549,1080.00m,-17.48333333333317,
2448,2024-02-12 17:31:00,0.015966632666457953,2760.00m,17.184782608695652,
2449,2024-02-12 19:59:00,-0.014992047713717664,8880.00m,-5.095270270270261,
2450,2024-02-12 21:14:00,0.014951792176547315,4500.00m,9.877333333333276,
2451,2024-02-12 21:59:00,-0.008976528585092961,2700.00m,-10.031111111110981,
2452,2024-02-13 01:36:00,0.010697236697682135,13020.00m,2.456682027649763,
2453,2024-02-13 03:54:00,-0.012132606951977798,8280.00m,-4.428260869565207,
2454,2024-02-13 09:58:00,0.010217596212012995,21840.00m,1.3967032967032806,
2455,2024-02-13 11:15:00,-0.011775425389480187,4620.00m,-7.687012987012912,
2456,2024-02-13 11:56:00,0.006967455680861914,2460.00m,8.44146341463411,
2457,2024-02-13 13:36:00,-0.01579371410178749,6000.00m,-7.9,
2458,2024-02-13 13:51:00,0.01272194337181257,900.00m,41.75333333333304,
2459,2024-02-13 14:23:00,-0.026091037824783992,1920.00m,-40.649999999999864,
2460,2024-02-13 14:38:00,0.012429101603529164,900.00m,40.233333333333334,
2461,2024-02-13 15:14:00,-0.0135804503355445,2160.00m,-18.544444444444405,
2462,2024-02-13 15:34:00,0.010958666812397155,1200.00m,26.56999999999971,
2463,2024-02-13 17:12:00,-0.012612524401960637,5880.00m,-6.309183673469343,
2464,2024-02-13 18:43:00,0.018072737189181058,5460.00m,9.613186813186767,
2465,2024-02-13 19:16:00,-0.0068710531015113594,1980.00m,-10.260606060606017,
2466,2024-02-13 21:30:00,0.015954034073959105,8040.00m,5.826865671641813,
2467,2024-02-13 22:18:00,-0.007252410430921063,2880.00m,-7.51249999999997,
2468,2024-02-13 23:53:00,0.008002301421370804,5700.00m,4.157894736842105,
2469,2024-02-14 04:36:00,-0.00972750915471161,16980.00m,-1.7102473498233215,
2470,2024-02-14 09:10:00,0.04578886908941825,16440.00m,8.23394160583941,
2471,2024-02-14 09:16:00,-0.011256037991068916,360.00m,-96.66666666666667,
2472,2024-02-14 09:57:00,0.014340139632840579,2460.00m,17.819512195121916,
2473,2024-02-14 11:06:00,-0.011600568901961164,4140.00m,-8.68840579710145,
2474,2024-02-14 14:36:00,0.018220795238747766,12600.00m,4.4319047619047485,
2475,2024-02-14 15:16:00,-0.011882398860212615,2400.00m,-15.45,
2476,2024-02-14 15:35:00,0.011219710575832398,1140.00m,30.347368421052938,
2477,2024-02-14 16:21:00,-0.011493545103457355,2760.00m,-12.984782608695715,
2478,2024-02-14 16:46:00,0.007552899495824493,1500.00m,15.52,
2479,2024-02-14 19:19:00,-0.009834038524701019,9180.00m,-3.326797385620915,
2480,2024-02-14 20:24:00,0.012253658536585365,3900.00m,9.661538461538461,
2481,2024-02-14 21:31:00,-0.007446316357608291,4020.00m,-5.765671641791088,
2482,2024-02-15 00:39:00,0.018746710634917917,11280.00m,5.1345744680851215,
2483,2024-02-15 01:34:00,-0.013239415140019445,3300.00m,-12.627272727272727,
2484,2024-02-15 03:42:00,0.012516783385655667,7680.00m,5.061718750000011,
2485,2024-02-15 08:04:00,-0.014035382290537728,15720.00m,-2.807633587786254,
2486,2024-02-15 12:04:00,0.016236153792564267,14400.00m,3.495833333333333,
2487,2024-02-15 13:37:00,-0.007464704515765379,5580.00m,-4.21505376344086,
2488,2024-02-15 14:51:00,0.013380197921023336,4440.00m,9.424324324324246,
2489,2024-02-15 16:14:00,-0.019580001211680548,4980.00m,-12.460240963855387,
2490,2024-02-15 16:40:00,0.01154002124167227,1560.00m,22.984615384615328,
2491,2024-02-15 21:59:00,-0.019729833952495678,19140.00m,-3.239811912225705,
2492,2024-02-16 04:11:00,0.019932189658630823,22320.00m,2.7513440860215055,
2493,2024-02-16 09:10:00,-0.013810656717443772,17940.00m,-2.419063545150487,
2494,2024-02-16 11:40:00,0.015626542857308783,9000.00m,5.380666666666657,
2495,2024-02-16 12:04:00,-0.006224216682807055,1440.00m,-13.604166666666666,
2496,2024-02-16 14:00:00,0.007619427622151531,6960.00m,3.4241379310344575,
2497,2024-02-16 14:18:00,-0.009598854686437994,1080.00m,-28.01111111111095,
2498,2024-02-16 14:41:00,0.00769661053113151,1380.00m,17.408695652173975,
2499,2024-02-16 15:13:00,-0.014697663062035392,1920.00m,-24.078125,
2500,2024-02-16 16:22:00,0.012084533655484253,4140.00m,9.046376811594161,
2501,2024-02-16 19:55:00,-0.011270730914168699,12780.00m,-2.766197183098578,
2502,2024-02-16 23:45:00,0.010640808856248476,13800.00m,2.391304347826087,
2503,2024-02-17 14:48:00,-0.029547569001757347,54180.00m,-1.7093023255813953,
2504,2024-02-17 15:32:00,0.009975480478081304,2640.00m,11.493181818181752,
2505,2024-02-17 16:24:00,-0.008011718749999943,3120.00m,-7.888461538461483,
2506,2024-02-17 21:34:00,0.025064087671146568,18600.00m,4.106451612903226,
2507,2024-02-18 02:48:00,-0.015876979340335245,18840.00m,-2.6324840764331396,
2508,2024-02-18 10:07:00,0.016683516732310416,26340.00m,1.947152619589984,
2509,2024-02-18 12:58:00,-0.00970993069820128,10260.00m,-2.9578947368421225,
2510,2024-02-18 17:38:00,0.008244612795918265,16800.00m,1.5189285714285818,
2511,2024-02-18 20:24:00,-0.007375433806635171,9960.00m,-2.310843373493967,
2512,2024-02-18 23:22:00,0.01491470531835148,10680.00m,4.325842696629214,
2513,2024-02-18 23:38:00,-0.006979420538238032,960.00m,-22.856250000000273,
2514,2024-02-19 00:39:00,0.006988114823413757,3660.00m,5.960655737705014,
2515,2024-02-19 01:37:00,-0.008392054173314992,3480.00m,-7.581034482758696,
2516,2024-02-19 07:28:00,0.010870925087238845,21060.00m,1.6091168091168175,
2517,2024-02-19 08:55:00,-0.00790176675888568,5220.00m,-4.7701149425287355,
2518,2024-02-19 12:54:00,0.007310252970450024,14340.00m,1.593723849372391,
2519,2024-02-19 16:57:00,-0.014371506197866906,14580.00m,-3.104115226337461,
2520,2024-02-19 18:19:00,0.009587968645796082,4920.00m,6.048780487804878,
2521,2024-02-19 21:42:00,-0.009255660332200497,12180.00m,-2.3812807881773472,
2522,2024-02-19 22:10:00,0.0074250011112378875,1680.00m,13.721428571428728,
2523,2024-02-20 01:24:00,-0.015304546666589989,11640.00m,-4.112371134020633,
2524,2024-02-20 06:13:00,0.014260527366770245,17340.00m,2.5328719723183393,
2525,2024-02-20 09:48:00,-0.009046818727490996,12900.00m,-2.1906976744186046,
2526,2024-02-20 13:40:00,0.027868931897696382,13920.00m,6.197413793103461,
2527,2024-02-20 15:30:00,-0.029627017516731424,6600.00m,-14.282727272727326,
2528,2024-02-20 16:08:00,0.006640341092381863,2280.00m,8.99210526315801,
2529,2024-02-20 17:24:00,-0.018337873239137555,4560.00m,-12.498684210526335,
2530,2024-02-20 23:16:00,0.032884955752212335,21120.00m,4.750568181818173,
2531,2024-02-21 10:11:00,-0.03056231460220625,39300.00m,-2.450687022900759,
2532,2024-02-21 10:51:00,0.0097649115226741,2400.00m,12.429999999999927,
2533,2024-02-21 12:05:00,-0.011039751663937173,4440.00m,-7.670270270270251,
2534,2024-02-21 13:09:00,0.01217977209882279,3840.00m,9.676562500000045,
2535,2024-02-21 14:35:00,-0.012377127379488165,5160.00m,-7.406976744186046,
2536,2024-02-21 16:53:00,0.012028590034409587,8280.00m,4.430434782608706,
2537,2024-02-21 19:02:00,-0.01457028827592374,7740.00m,-5.810077519379845,
2538,2024-02-21 23:50:00,0.02504004671459112,17280.00m,4.4072916666666515,
2539,2024-02-22 01:54:00,-0.014801742105962048,7440.00m,-6.202419354838698,
2540,2024-02-22 09:54:00,0.017086987947100018,28800.00m,1.8222916666666606,
2541,2024-02-22 13:49:00,-0.020658514146549428,14100.00m,-4.5770212765957385,
2542,2024-02-22 16:10:00,0.015565766688043452,8460.00m,5.6290780141844285,
2543,2024-02-22 16:27:00,-0.006235540844820223,1020.00m,-18.99411764705891,
2544,2024-02-22 20:31:00,0.011498049975806817,14640.00m,2.4249999999999883,
2545,2024-02-22 22:29:00,-0.01577827044182223,7080.00m,-6.960169491525387,
2546,2024-02-23 01:37:00,0.006462845955499832,11280.00m,1.7611702127659496,
2547,2024-02-23 04:09:00,-0.010519293128326095,9120.00m,-3.5684210526315887,
2548,2024-02-23 06:52:00,0.006411211289690289,9780.00m,2.0067484662576596,
2549,2024-02-23 08:51:00,-0.008586658253338582,7140.00m,-3.705042016806735,
2550,2024-02-23 11:46:00,0.007435243644192653,10500.00m,2.162857142857143,
2551,2024-02-23 14:06:00,-0.006366421174346345,8400.00m,-2.3321428571428573,
2552,2024-02-23 14:30:00,0.007117598345310556,1440.00m,15.112500000000182,
2553,2024-02-23 14:46:00,-0.00889890863176609,960.00m,-28.543750000000273,
2554,2024-02-23 14:55:00,0.008099999606796136,540.00m,45.77777777777778,
2555,2024-02-23 16:21:00,-0.011908058709498726,5160.00m,-7.099999999999983,
2556,2024-02-23 18:35:00,0.011054837996589373,8040.00m,4.179850746268646,
2557,2024-02-23 23:17:00,-0.012392217187856791,16920.00m,-2.2510638297872183,
2558,2024-02-24 00:48:00,0.006750225831127732,5460.00m,3.7527472527472527,
2559,2024-02-24 02:02:00,-0.00629658135096725,4440.00m,-4.333783783783843,
2560,2024-02-25 02:07:00,0.02547039518530312,86700.00m,0.8921107266436026,
2561,2024-02-25 03:21:00,-0.007822615451014241,4440.00m,-5.486486486486487,
2562,2024-02-25 06:44:00,0.006775441403792114,12180.00m,1.7187192118226313,
2563,2024-02-25 16:46:00,-0.01009573005013134,36120.00m,-0.8694352159468342,
2564,2024-02-25 20:26:00,0.0135073255612301,13200.00m,3.1509090909090776,
2565,2024-02-26 09:57:00,-0.020412008420890675,48660.00m,-1.309124537607888,
2566,2024-02-26 16:12:00,0.05262228223536748,22500.00m,7.149866666666659,
2567,2024-02-26 16:31:00,-0.009078365931422845,1140.00m,-25.62631578947376,
2568,2024-02-26 20:09:00,0.034073996022285766,13080.00m,8.306880733944961,
2569,2024-02-26 20:32:00,-0.011570864494059018,1380.00m,-27.647826086956584,
2570,2024-02-26 20:49:00,0.0068997130028663435,1020.00m,22.047058823529582,
2571,2024-02-26 21:06:00,-0.0060333589903447974,1020.00m,-19.41176470588235,
2572,2024-02-26 22:14:00,0.008188956680566257,4080.00m,6.547058823529369,
2573,2024-02-26 23:52:00,-0.006027976085136067,5880.00m,-3.371428571428586,
2574,2024-02-27 02:08:00,0.044863593896554275,8160.00m,17.972058823529444,
2575,2024-02-27 02:32:00,-0.013069851681777218,1440.00m,-31.0,
2576,2024-02-27 03:16:00,0.008404991732065471,2640.00m,10.731818181818115,
2577,2024-02-27 03:58:00,-0.018262019201067525,2520.00m,-24.633333333333297,
2578,2024-02-27 04:33:00,0.01000566358316028,2100.00m,15.9,
2579,2024-02-27 04:57:00,-0.008231419670672034,1440.00m,-19.266666666666726,
2580,2024-02-27 06:44:00,0.013975294637119764,6420.00m,7.276635514018677,
2581,2024-02-27 07:36:00,-0.011093763276404062,3120.00m,-12.051923076923021,
2582,2024-02-27 10:24:00,0.016552551262429577,10080.00m,5.5041666666666496,
2583,2024-02-27 11:45:00,-0.007226726208504332,4860.00m,-5.0666666666665945,
2584,2024-02-27 12:44:00,0.018992954798612165,3540.00m,18.149152542372807,
2585,2024-02-27 13:01:00,-0.012567537458920515,1020.00m,-42.470588235294116,
2586,2024-02-27 13:16:00,0.008819340144832549,900.00m,33.35333333333353,
2587,2024-02-27 13:33:00,-0.0073495620143321444,1020.00m,-24.74117647058815,
2588,2024-02-27 14:00:00,0.006590702251295065,1620.00m,13.86666666666645,
2589,2024-02-27 14:24:00,-0.008011304315891248,1440.00m,-19.087499999999938,
2590,2024-02-27 14:38:00,0.010864966257430822,840.00m,44.02142857142878,
2591,2024-02-27 14:46:00,-0.010312190987427654,480.00m,-73.91250000000036,
2592,2024-02-27 15:23:00,0.009970290015965203,2220.00m,15.29189189189197,
2593,2024-02-27 16:09:00,-0.016913724997557358,2760.00m,-21.073913043478292,
2594,2024-02-27 17:09:00,0.016061762356908333,3600.00m,15.083333333333334,
2595,2024-02-27 18:00:00,-0.008871615720524043,3060.00m,-9.958823529411793,
2596,2024-02-27 19:54:00,0.014597626806198624,6840.00m,7.265789473684236,
2597,2024-02-27 21:53:00,-0.01636952322721401,7140.00m,-7.91932773109245,
2598,2024-02-27 23:26:00,0.009218054672600126,5580.00m,5.612903225806452,
2599,2024-02-28 02:06:00,-0.007174103237095363,9600.00m,-2.5625,
2600,2024-02-28 08:03:00,0.03504582305252027,21420.00m,5.5700280112044815,
2601,2024-02-28 08:12:00,-0.008273666107596847,540.00m,-53.98888888888905,
2602,2024-02-28 08:57:00,0.022432034284183743,2700.00m,29.033333333333335,
2603,2024-02-28 09:20:00,-0.010470351357115389,1380.00m,-27.108695652173914,
2604,2024-02-28 11:19:00,0.010168755176018647,7140.00m,5.035294117647095,
2605,2024-02-28 11:52:00,-0.01367833239254906,1980.00m,-24.672727272727403,
2606,2024-02-28 13:25:00,0.03620981560399658,5580.00m,22.85913978494625,
2607,2024-02-28 13:30:00,-0.009583062799470712,300.00m,-116.6,
2608,2024-02-28 14:08:00,0.008436024463309233,2280.00m,13.376315789473761,
2609,2024-02-28 14:34:00,-0.013989052332221889,1560.00m,-32.69230769230769,
2610,2024-02-28 14:58:00,0.020598613294876778,1440.00m,51.42083333333327,
2611,2024-02-28 15:06:00,-0.008044693102889997,480.00m,-61.48750000000018,
2612,2024-02-28 15:15:00,0.010904474560622572,540.00m,73.48888888888905,
2613,2024-02-28 15:43:00,-0.00727712776888032,1680.00m,-15.935714285714441,
2614,2024-02-28 17:05:00,0.03566828543828415,4920.00m,26.476829268292754,
2615,2024-02-28 17:10:00,-0.0062912137156708615,300.00m,-79.32000000000116,
2616,2024-02-28 17:15:00,0.024783018882984245,300.00m,310.5,
2617,2024-02-28 17:25:00,-0.03716107807004151,600.00m,-238.55999999999986,
2618,2024-02-28 17:27:00,0.010787793679401315,120.00m,333.40000000000146,
2619,2024-02-28 17:31:00,-0.04018092942407977,240.00m,-627.6000000000004,
2620,2024-02-28 17:34:00,0.019200560308169516,180.00m,383.80000000000047,
2621,2024-02-28 17:37:00,-0.016314235974763714,180.00m,-332.36666666666616,
2622,2024-02-28 17:44:00,0.022110300342806886,420.00m,189.89999999999938,
2623,2024-02-28 17:46:00,-0.008299349396100282,120.00m,-255.0,
2624,2024-02-28 17:49:00,0.009699609127576666,180.00m,197.03333333333285,
2625,2024-02-28 17:52:00,-0.006100920338622111,180.00m,-125.1333333333314,
2626,2024-02-28 17:56:00,0.008375261420327866,240.00m,128.04999999999927,
2627,2024-02-28 18:05:00,-0.01176613668242293,540.00m,-80.62222222222206,
2628,2024-02-28 18:06:00,0.006230422247710514,60.00m,379.6999999999971,
2629,2024-02-28 18:23:00,-0.030019927400338563,1020.00m,-108.28823529411773,
2630,2024-02-28 18:24:00,0.008579109205016046,60.00m,510.3000000000029,
2631,2024-02-28 18:25:00,-0.0067092278970529405,60.00m,-402.5,
2632,2024-02-28 19:02:00,0.033135032178487824,2220.00m,53.36486486486486,
2633,2024-02-28 19:10:00,-0.008350659476317305,480.00m,-64.26249999999982,
2634,2024-02-28 19:28:00,0.0071662689046173705,1080.00m,24.305555555555557,
2635,2024-02-28 19:45:00,-0.011553586588471807,1020.00m,-41.78823529411773,
2636,2024-02-28 20:00:00,0.006087829277522747,900.00m,24.666666666666668,
2637,2024-02-28 20:29:00,-0.01843426496802782,1740.00m,-38.86896551724128,
2638,2024-02-28 20:57:00,0.010005031672881281,1680.00m,21.446428571428573,
2639,2024-02-28 21:09:00,-0.011918449760228834,720.00m,-60.208333333333336,
2640,2024-02-28 23:18:00,0.04417524516760215,7740.00m,20.511627906976745,
2641,2024-02-28 23:20:00,-0.006525027260895657,120.00m,-204.0500000000029,
2642,2024-02-28 23:40:00,0.007805496679042805,1200.00m,24.25,
2643,2024-02-29 00:33:00,-0.016532871718137863,3180.00m,-19.533962264150862,
2644,2024-02-29 00:39:00,0.007016273337511789,360.00m,72.01666666666642,
2645,2024-02-29 01:26:00,-0.01401378643124922,2820.00m,-18.491489361702097,
2646,2024-02-29 01:37:00,0.007934794696181701,660.00m,44.10909090909065,
2647,2024-02-29 02:21:00,-0.007437501622491652,2640.00m,-10.418181818181852,
2648,2024-02-29 02:59:00,0.010723299637761708,2280.00m,17.263157894736842,
2649,2024-02-29 03:31:00,-0.009834840662966247,1920.00m,-19.003124999999955,
2650,2024-02-29 04:53:00,0.02356136817639094,4920.00m,17.591463414634145,
2651,2024-02-29 05:19:00,-0.012127866006229894,1560.00m,-29.23076923076923,
2652,2024-02-29 06:46:00,0.02892306996459125,5220.00m,20.580459770114942,
2653,2024-02-29 07:48:00,-0.016734148558545995,3720.00m,-17.191935483870992,
2654,2024-02-29 08:17:00,0.008978096828686527,1740.00m,19.389655172413892,
2655,2024-02-29 08:25:00,-0.011841595126003922,480.00m,-93.53750000000036,
2656,2024-02-29 09:07:00,0.008900746586552521,2520.00m,13.233333333333402,
2657,2024-02-29 10:16:00,-0.011022222222222246,4140.00m,-10.06376811594205,
2658,2024-02-29 11:36:00,0.018014432089571427,4800.00m,14.030000000000019,
2659,2024-02-29 12:06:00,-0.015450589644951756,1800.00m,-32.666666666666664,
2660,2024-02-29 13:18:00,0.00674641301562905,4320.00m,5.85138888888893,
2661,2024-02-29 13:29:00,-0.009311380912464452,660.00m,-53.218181818181954,
2662,2024-02-29 14:36:00,0.0211274502720607,4020.00m,19.64029850746271,
2663,2024-02-29 15:12:00,-0.014948160214340365,2160.00m,-26.408333333333456,
2664,2024-02-29 15:27:00,0.010440692683534139,900.00m,43.60666666666657,
2665,2024-02-29 16:43:00,-0.025199358010337507,4560.00m,-20.989473684210488,
2666,2024-02-29 17:02:00,0.011635444350813508,1140.00m,37.78947368421053,
2667,2024-02-29 17:52:00,-0.02815974113350209,3000.00m,-35.15800000000003,
2668,2024-02-29 18:13:00,0.014824924466070331,1260.00m,42.8285714285715,
2669,2024-02-29 18:50:00,-0.015360376822186984,2220.00m,-25.55945945945938,
2670,2024-02-29 20:55:00,0.027879409717296393,7500.00m,13.520799999999989,
2671,2024-02-29 21:11:00,-0.022538231060198796,960.00m,-87.77500000000009,
2672,2024-02-29 21:18:00,0.008186183967491665,420.00m,71.22857142857121,
2673,2024-02-29 21:36:00,-0.012440132169279623,1080.00m,-42.43888888888897,
2674,2024-02-29 22:01:00,0.014569062468050302,1500.00m,35.34,
2675,2024-02-29 22:44:00,-0.01285641609928859,2580.00m,-18.3953488372093,
2676,2024-02-29 23:31:00,0.013917908543221634,2820.00m,17.985106382978785,
2677,2024-03-01 00:04:00,-0.006169210782721687,1980.00m,-11.512121212121256,
2678,2024-03-01 00:29:00,0.009581683690059354,1500.00m,23.45600000000006,
2679,2024-03-01 02:19:00,-0.014988711126216869,6600.00m,-8.419090909090896,
2680,2024-03-01 07:15:00,0.015749157087367155,17760.00m,3.238175675675676,
2681,2024-03-01 08:08:00,-0.006556247361243939,3180.00m,-7.6471698113208095,
2682,2024-03-01 08:41:00,0.014433285135540035,1980.00m,26.860606060606106,
2683,2024-03-01 11:37:00,-0.006695024077046525,10560.00m,-2.3698863636363554,
2684,2024-03-01 13:21:00,0.013184579261799325,6240.00m,7.845192307692321,
2685,2024-03-01 14:42:00,-0.016030609836233,4860.00m,-12.408641975308713,
2686,2024-03-01 15:03:00,0.008444946566667262,1260.00m,24.80952380952381,
2687,2024-03-01 15:54:00,-0.015552594483297334,3060.00m,-18.972549019607815,
2688,2024-03-01 18:47:00,0.020606689949401662,10380.00m,7.295375722543344,
2689,2024-03-01 19:26:00,-0.007442104522214284,2340.00m,-11.928205128205054,
2690,2024-03-01 20:58:00,0.018304751466701005,5520.00m,12.344565217391272,
2691,2024-03-01 21:08:00,-0.012635387632419838,600.00m,-79.82999999999956,
2692,2024-03-01 21:17:00,0.008561846960792777,540.00m,59.344444444444285,
2693,2024-03-01 22:34:00,-0.00874824168924989,4620.00m,-7.148051948051967,
2694,2024-03-01 23:23:00,0.006075513388096892,2940.00m,7.73265306122452,
2695,2024-03-02 01:24:00,-0.0117939563942369,7260.00m,-6.115702479338843,
2696,2024-03-02 03:35:00,0.007736597638861962,7860.00m,3.66183206106868,
2697,2024-03-02 05:18:00,-0.010397911775390976,6180.00m,-6.307766990291234,
2698,2024-03-02 06:29:00,0.007972959860271049,4260.00m,6.943661971830986,
2699,2024-03-02 09:38:00,-0.009366727100614548,11340.00m,-3.088888888888904,
2700,2024-03-02 12:48:00,0.008098057761826405,11400.00m,2.6315789473684212,
2701,2024-03-02 14:06:00,-0.009727970284304149,4680.00m,-7.762820512820513,
2702,2024-03-02 20:02:00,0.009737546988288083,21360.00m,1.6859550561797876,
2703,2024-03-02 22:59:00,-0.0082522064529812,10620.00m,-2.9016949152542293,
2704,2024-03-02 23:30:00,0.006538753780925803,1860.00m,13.01935483870963,
2705,2024-03-03 02:31:00,-0.006610556609832368,10860.00m,-2.269060773480687,
2706,2024-03-03 04:23:00,0.007367476165477442,6720.00m,4.0598214285714675,
2707,2024-03-03 07:32:00,-0.012306202641386198,11340.00m,-4.04814814814814,
2708,2024-03-03 12:30:00,0.021254975019053216,17880.00m,4.379865771812071,
2709,2024-03-03 13:23:00,-0.010205383339711698,3180.00m,-12.075471698113208,
2710,2024-03-03 17:05:00,0.015362804485114038,13320.00m,4.295495495495489,
2711,2024-03-03 17:34:00,-0.006476733263943495,1740.00m,-14.075862068965417,
2712,2024-03-03 22:28:00,0.011222120369098637,17640.00m,2.3901360544217587,
2713,2024-03-03 22:55:00,-0.009001880919328934,1620.00m,-21.11111111111111,
2714,2024-03-04 00:43:00,0.026532228633898616,6480.00m,15.415740740740754,
2715,2024-03-04 00:49:00,-0.029842428005899292,360.00m,-320.38333333333384,
2716,2024-03-04 01:02:00,0.020756024303638758,780.00m,99.77692307692352,
2717,2024-03-04 01:09:00,-0.006682886605695626,420.00m,-60.90000000000042,
2718,2024-03-04 01:29:00,0.008613791851775911,1200.00m,27.290000000000145,
2719,2024-03-04 02:10:00,-0.011536662113338793,2460.00m,-17.982926829268365,
2720,2024-03-04 02:39:00,0.012473880833280568,1740.00m,27.17241379310345,
2721,2024-03-04 03:57:00,-0.00831926203877421,4680.00m,-6.821794871794853,
2722,2024-03-04 04:39:00,0.006181822194964653,2520.00m,9.335714285714252,
2723,2024-03-04 05:38:00,-0.00858351613914138,3540.00m,-9.284745762711914,
2724,2024-03-04 07:47:00,0.017432616536172285,7740.00m,8.550387596899224,
2725,2024-03-04 07:54:00,-0.006075320931041745,420.00m,-55.87142857142836,
2726,2024-03-04 08:44:00,0.025404748992327895,3000.00m,32.51000000000015,
2727,2024-03-04 09:06:00,-0.011665975710871712,1320.00m,-34.79090909090949,
2728,2024-03-04 09:33:00,0.012702755219433613,1620.00m,30.5074074074073,
2729,2024-03-04 10:39:00,-0.012118554118526642,3960.00m,-12.057575757575691,
2730,2024-03-04 13:41:00,0.012367412184899142,10920.00m,4.408241758241735,
2731,2024-03-04 14:03:00,-0.013457298429829519,1320.00m,-40.17272727272707,
2732,2024-03-04 14:43:00,0.02333826203183793,2400.00m,37.80249999999997,
2733,2024-03-04 14:47:00,-0.006803644497131962,240.00m,-112.77499999999782,
2734,2024-03-04 14:56:00,0.008218479125791888,540.00m,60.13333333333301,
2735,2024-03-04 15:05:00,-0.007341157474907049,540.00m,-54.155555555556525,
2736,2024-03-04 15:19:00,0.008906705672069361,840.00m,41.92857142857143,
2737,2024-03-04 15:20:00,-0.006127016019875869,60.00m,-407.3999999999942,
2738,2024-03-04 16:14:00,0.011241582810017314,3240.00m,13.7574074074073,
2739,2024-03-04 16:32:00,-0.008949854776223573,1080.00m,-33.22777777777729,
2740,2024-03-04 17:36:00,0.019178677876122183,3840.00m,19.846874999999955,
2741,2024-03-04 18:29:00,-0.019122962962963005,3180.00m,-24.354716981132132,
2742,2024-03-04 20:39:00,0.023785214139424776,7800.00m,12.113846153846175,
2743,2024-03-04 20:48:00,-0.008569868995633102,540.00m,-64.5444444444438,
2744,2024-03-04 20:58:00,0.008727275973876205,600.00m,58.65,
2745,2024-03-04 21:26:00,-0.01412901093973121,1680.00m,-34.20714285714296,
2746,2024-03-04 22:11:00,0.014841737017407793,2700.00m,22.042222222222094,
2747,2024-03-04 22:32:00,-0.007205445883960874,1260.00m,-23.271428571428434,
2748,2024-03-04 23:13:00,0.01792232865523135,2460.00m,29.434146341463485,
2749,2024-03-04 23:31:00,-0.013505627223095937,1080.00m,-51.427777777777614,
2750,2024-03-05 00:22:00,0.012837179310844606,3060.00m,17.019607843137255,
2751,2024-03-05 00:38:00,-0.009337933914587473,960.00m,-39.96875,
2752,2024-03-05 01:53:00,0.013936260218204542,4500.00m,12.606666666666667,
2753,2024-03-05 02:18:00,-0.014352355934938353,1500.00m,-39.49200000000012,
2754,2024-03-05 02:27:00,0.00872972797583572,540.00m,65.76666666666603,
2755,2024-03-05 03:12:00,-0.010604622872824983,2700.00m,-16.117777777777842,
2756,2024-03-05 04:04:00,0.011739427274366387,3120.00m,15.276923076923245,
2757,2024-03-05 05:03:00,-0.03837794571729877,3540.00m,-44.53389830508475,
2758,2024-03-05 05:27:00,0.019747464544635576,1440.00m,54.17083333333297,
2759,2024-03-05 05:44:00,-0.00875531008513993,1020.00m,-34.576470588234606,
2760,2024-03-05 06:35:00,0.01487334068635536,3060.00m,19.407843137254673,
2761,2024-03-05 08:09:00,-0.028229866268670734,5640.00m,-20.282978723404163,
2762,2024-03-05 08:59:00,0.020269137826480498,3000.00m,26.60600000000006,
2763,2024-03-05 09:51:00,-0.010889742107849239,3120.00m,-14.023076923077147,
2764,2024-03-05 10:32:00,0.014945744486501555,2460.00m,24.143902439024604,
2765,2024-03-05 11:44:00,-0.009194797003397743,4320.00m,-8.584722222222304,
2766,2024-03-05 13:21:00,0.021876834517684275,5820.00m,15.021649484536143,
2767,2024-03-05 14:24:00,-0.010171638128877034,3780.00m,-10.988888888888935,
2768,2024-03-05 15:03:00,0.02456304410749676,2340.00m,42.43076923076931,
2769,2024-03-05 15:05:00,-0.020387023120842906,120.00m,-703.5999999999985,
2770,2024-03-05 15:17:00,0.01278226957382065,720.00m,72.02499999999903,
2771,2024-03-05 15:31:00,-0.027300843732750664,840.00m,-133.54285714285652,
2772,2024-03-05 15:36:00,0.012685440117216468,300.00m,169.0,
2773,2024-03-05 15:44:00,-0.007677506196558519,480.00m,-64.73750000000109,
2774,2024-03-05 15:50:00,0.007635321166018651,360.00m,85.1833333333343,
2775,2024-03-05 16:12:00,-0.03748406226834697,1320.00m,-114.9227272727274,
2776,2024-03-05 16:14:00,0.008602670601663235,120.00m,279.25,
2777,2024-03-05 16:20:00,-0.007270900211056145,360.00m,-79.34999999999975,
2778,2024-03-05 16:30:00,0.01647742219336932,600.00m,107.10999999999986,
2779,2024-03-05 16:48:00,-0.01540971499140369,1080.00m,-56.56666666666651,
2780,2024-03-05 16:59:00,0.008683154771969107,660.00m,51.354545454544926,
2781,2024-03-05 17:10:00,-0.02522176285660719,660.00m,-150.46363636363557,
2782,2024-03-05 17:22:00,0.013644578124902225,720.00m,72.73333333333296,
2783,2024-03-05 17:31:00,-0.007674322481940027,540.00m,-55.28888888888873,
2784,2024-03-05 17:57:00,0.020548009076497557,1560.00m,50.85000000000022,
2785,2024-03-05 18:54:00,-0.028316842841065493,3420.00m,-32.6210526315791,
2786,2024-03-05 19:03:00,0.007720434388062413,540.00m,54.73333333333398,
2787,2024-03-05 19:18:00,-0.024595122967838483,900.00m,-105.42666666666676,
2788,2024-03-05 19:31:00,0.00987468887475099,780.00m,47.6384615384612,
2789,2024-03-05 19:39:00,-0.023839823668354947,480.00m,-188.73749999999927,
2790,2024-03-05 19:42:00,0.010574958795185718,180.00m,217.9333333333319,
2791,2024-03-05 19:56:00,-0.03900344275125604,840.00m,-174.06428571428583,
2792,2024-03-05 20:05:00,0.044275526213230054,540.00m,295.37777777777796,
2793,2024-03-05 20:07:00,-0.006897860626533079,120.00m,-216.25,
2794,2024-03-05 20:14:00,0.01348523561823798,420.00m,119.95714285714348,
2795,2024-03-05 20:17:00,-0.009914780740257216,180.00m,-208.5666666666681,
2796,2024-03-05 20:25:00,0.006622696740346482,480.00m,51.725000000000364,
2797,2024-03-05 20:40:00,-0.02020640455101209,900.00m,-84.72666666666676,
2798,2024-03-05 20:46:00,0.015594320486815416,360.00m,160.16666666666666,
2799,2024-03-05 20:59:00,-0.01005656217045348,780.00m,-48.415384615384724,
2800,2024-03-05 21:29:00,0.03314255462694857,1800.00m,68.44666666666672,
2801,2024-03-05 21:36:00,-0.011459147008279956,420.00m,-104.78571428571429,
2802,2024-03-05 21:42:00,0.009022306859576643,360.00m,95.15000000000025,
2803,2024-03-05 21:56:00,-0.011306646785930225,840.00m,-51.564285714285816,
2804,2024-03-05 22:02:00,0.007706869648557239,360.00m,81.08333333333333,
2805,2024-03-05 22:24:00,-0.017039237879645373,1320.00m,-49.26818181818189,
2806,2024-03-05 22:31:00,0.014313564621346243,420.00m,127.85714285714286,
2807,2024-03-05 22:45:00,-0.009389323448396563,840.00m,-42.535714285714285,
2808,2024-03-05 23:48:00,0.02451152041459486,3780.00m,24.444444444444443,
2809,2024-03-06 00:05:00,-0.011925254320496625,1020.00m,-45.152941176470506,
2810,2024-03-06 00:33:00,0.008643081761006243,1680.00m,19.632142857142753,
2811,2024-03-06 02:01:00,-0.01711465525170023,5280.00m,-12.476136363636298,
2812,2024-03-06 02:43:00,0.007333652647505609,2520.00m,11.009523809523671,
2813,2024-03-06 03:14:00,-0.010476397404044989,1860.00m,-21.46451612903207,
2814,2024-03-06 06:13:00,0.05899237535163744,10740.00m,20.712849162011125,
2815,2024-03-06 07:03:00,-0.013804833194102873,3000.00m,-18.375999999999767,
2816,2024-03-06 08:33:00,0.03122752812412393,5400.00m,22.774444444444413,
2817,2024-03-06 08:51:00,-0.013482588314203785,1080.00m,-50.70000000000032,
2818,2024-03-06 09:24:00,0.008091387905898535,1980.00m,16.37272727272736,
2819,2024-03-06 09:58:00,-0.017161108222535797,2040.00m,-33.97647058823521,
2820,2024-03-06 12:02:00,0.02206173537404876,7440.00m,11.770967741935413,
2821,2024-03-06 12:46:00,-0.03534340736534181,2640.00m,-54.31590909090896,
2822,2024-03-06 12:53:00,0.01724219869844161,420.00m,160.67142857142815,
2823,2024-03-06 12:58:00,-0.006269384605646666,300.00m,-83.2,
2824,2024-03-06 13:01:00,0.006550072643778701,180.00m,143.96666666666957,
2825,2024-03-06 13:08:00,-0.01356032309729844,420.00m,-128.5714285714296,
2826,2024-03-06 13:21:00,0.015080166366020453,780.00m,75.9461538461535,
2827,2024-03-06 13:44:00,-0.00699846819165347,1380.00m,-20.221739130434404,
2828,2024-03-06 14:32:00,0.0193158898841228,2880.00m,26.556249999999938,
2829,2024-03-06 14:48:00,-0.016247194017869,960.00m,-68.30624999999964,
2830,2024-03-06 14:52:00,0.007576982535463182,240.00m,125.34999999999854,
2831,2024-03-06 15:07:00,-0.01702124468507914,900.00m,-75.65999999999961,
2832,2024-03-06 15:16:00,0.010669722279014662,540.00m,77.69999999999871,
2833,2024-03-06 15:21:00,-0.006085456046883997,300.00m,-80.61999999999826,
2834,2024-03-06 16:29:00,0.017130237192573193,4080.00m,16.585294117647102,
2835,2024-03-06 16:35:00,-0.008706092472739327,360.00m,-97.16666666666667,
2836,2024-03-06 16:59:00,0.011759282692794257,1440.00m,32.524999999999636,
2837,2024-03-06 17:30:00,-0.006058467411728535,1860.00m,-13.125806451612716,
2838,2024-03-06 18:05:00,0.010767684363638586,2100.00m,20.53714285714294,
2839,2024-03-06 18:48:00,-0.011976447259022437,2580.00m,-18.793023255814088,
2840,2024-03-06 19:30:00,0.009508595085950772,2520.00m,15.092857142857005,
2841,2024-03-06 19:47:00,-0.008824678788527088,1020.00m,-34.93529411764672,
2842,2024-03-06 20:17:00,0.010211974934788431,1800.00m,22.70666666666657,
2843,2024-03-06 20:37:00,-0.00820779020348065,1200.00m,-27.654999999999564,
2844,2024-03-06 20:52:00,0.00606277334474463,900.00m,27.01333333333314,
2845,2024-03-06 23:03:00,-0.021949960811608816,7860.00m,-11.266412213740523,
2846,2024-03-07 00:14:00,0.008334423098562511,4260.00m,7.719718309859237,
2847,2024-03-07 00:26:00,-0.00725213575322522,720.00m,-40.07499999999951,
2848,2024-03-07 00:50:00,0.007288403872970751,1440.00m,19.99166666666618,
2849,2024-03-07 01:09:00,-0.009205192548981672,1140.00m,-32.12631578947338,
2850,2024-03-07 02:01:00,0.012333333333333378,3120.00m,15.582692307692364,
2851,2024-03-07 02:30:00,-0.007895017764165938,1740.00m,-18.10689655172434,
2852,2024-03-07 03:18:00,0.006856082879191224,2880.00m,9.425000000000182,
2853,2024-03-07 04:03:00,-0.010862824665551007,2700.00m,-16.037777777778036,
2854,2024-03-07 04:30:00,0.007722636378715045,1620.00m,18.796296296296298,
2855,2024-03-07 06:12:00,-0.0073131249679114696,6120.00m,-4.74803921568616,
2856,2024-03-07 08:17:00,0.019837509184031894,7500.00m,10.43279999999993,
2857,2024-03-07 09:32:00,-0.006118443033745363,4500.00m,-5.469333333333295,
2858,2024-03-07 11:06:00,0.009841970194948493,5640.00m,6.976595744680882,
2859,2024-03-07 11:25:00,-0.009817384170917088,1140.00m,-34.768421052631886,
2860,2024-03-07 12:05:00,0.008362825350227037,2400.00m,13.929999999999927,
2861,2024-03-07 12:56:00,-0.007803778797178976,3060.00m,-10.280392156862517,
2862,2024-03-07 14:40:00,0.019668142289881074,6240.00m,12.606730769230685,
2863,2024-03-07 14:46:00,-0.018097104404447572,360.00m,-205.0166666666652,
2864,2024-03-07 15:03:00,0.009108194078400201,1020.00m,35.75882352941142,
2865,2024-03-07 15:22:00,-0.007885671863400235,1140.00m,-27.952631578947674,
2866,2024-03-07 15:53:00,0.012385717214740228,1860.00m,26.696774193548574,
2867,2024-03-07 16:12:00,-0.00816302395541524,1140.00m,-29.06315789473669,
2868,2024-03-07 17:25:00,0.013466121563232644,4380.00m,12.376712328767123,
2869,2024-03-07 19:23:00,-0.010163564115309697,7080.00m,-5.856779661016999,
2870,2024-03-07 20:32:00,0.009435910540852632,4140.00m,9.20434782608704,
2871,2024-03-07 21:07:00,-0.011973483187080707,2100.00m,-23.242857142857144,
2872,2024-03-07 22:13:00,0.006003429254129778,3960.00m,6.106060606060606,
2873,2024-03-08 00:35:00,-0.010469219458236402,8520.00m,-4.97887323943662,
2874,2024-03-08 01:05:00,0.007417960233028959,1800.00m,16.523333333333238,
2875,2024-03-08 02:12:00,-0.0061467617349970725,4020.00m,-6.176119402985118,
2876,2024-03-08 03:22:00,0.006400004782815301,4200.00m,6.117142857142816,
2877,2024-03-08 05:44:00,-0.006876128694990971,8520.00m,-3.26056338028169,
2878,2024-03-08 07:00:00,0.01186157310898249,4560.00m,10.436842105263311,
2879,2024-03-08 08:29:00,-0.008446070766693367,5340.00m,-6.421348314606742,
2880,2024-03-08 11:59:00,0.010864008370458275,12600.00m,3.4709523809523533,
2881,2024-03-08 13:24:00,-0.006438913626846703,5100.00m,-5.137647058823495,
2882,2024-03-08 15:30:00,0.040102218139564605,7560.00m,21.44682539682542,
2883,2024-03-08 15:38:00,-0.03434701716138094,480.00m,-300.91250000000036,
2884,2024-03-08 15:42:00,0.009884707957854797,240.00m,167.25,
2885,2024-03-08 15:45:00,-0.006357051206084041,180.00m,-144.83333333333334,
2886,2024-03-08 15:48:00,0.007080930813313065,180.00m,160.29999999999805,
2887,2024-03-08 16:04:00,-0.02400150886678536,960.00m,-102.59999999999945,
2888,2024-03-08 16:07:00,0.00758155678827205,180.00m,168.6999999999971,
2889,2024-03-08 16:15:00,-0.012534901769545605,480.00m,-105.38749999999891,
2890,2024-03-08 16:23:00,0.014506806229118704,480.00m,120.4375,
2891,2024-03-08 16:34:00,-0.008953615729156506,660.00m,-54.84545454545481,
2892,2024-03-08 17:55:00,0.03024680542639494,4860.00m,24.935802469135837,
2893,2024-03-08 18:07:00,-0.009286728655713812,720.00m,-53.24166666666739,
2894,2024-03-08 18:13:00,0.009827137453747355,360.00m,111.63333333333382,
2895,2024-03-08 19:35:00,-0.007533271343058058,4920.00m,-6.323170731707317,
2896,2024-03-08 20:04:00,0.015887980441959066,1740.00m,37.424137931034586,
2897,2024-03-08 21:55:00,-0.019854513594678606,6660.00m,-12.41261261261264,
2898,2024-03-08 22:35:00,0.006367525765617505,2400.00m,10.827500000000146,
2899,2024-03-09 02:00:00,-0.007627454160037834,12300.00m,-2.5468292682927114,
2900,2024-03-09 07:50:00,0.00989282769991756,21000.00m,1.92,
2901,2024-03-09 10:28:00,-0.008724489795918368,9480.00m,-3.787974683544304,
2902,2024-03-09 13:00:00,0.008449813607052872,9120.00m,3.780263157894775,
2903,2024-03-09 17:16:00,-0.0074967809484646365,15360.00m,-2.0082031250000227,
2904,2024-03-10 01:21:00,0.018139343539713877,29100.00m,2.5455670103092904,
2905,2024-03-10 01:42:00,-0.008368375937636315,1260.00m,-27.61428571428613,
2906,2024-03-10 02:18:00,0.008203246081374646,2160.00m,15.658333333333253,
2907,2024-03-10 03:04:00,-0.007224265448813806,2760.00m,-10.880434782608695,
2908,2024-03-10 04:21:00,0.013764195644367202,4620.00m,12.294805194805345,
2909,2024-03-10 06:25:00,-0.007337228546924786,7440.00m,-4.1258064516129505,
2910,2024-03-10 08:57:00,0.007628404247634183,9120.00m,3.473684210526316,
2911,2024-03-10 09:33:00,-0.0069024848371878784,2160.00m,-13.37222222222206,
2912,2024-03-10 10:21:00,0.010614828418633081,2880.00m,15.316666666666606,
2913,2024-03-10 14:43:00,-0.01739650955472246,15720.00m,-4.64770992366411,
2914,2024-03-10 16:31:00,0.015269173338993924,6480.00m,9.724074074074046,
2915,2024-03-10 22:56:00,-0.02277983597143315,23100.00m,-4.131688311688304,
2916,2024-03-10 23:47:00,0.01150814934655735,3060.00m,15.398039215686046,
2917,2024-03-11 00:52:00,-0.0233832049478514,3900.00m,-24.83076923076923,
2918,2024-03-11 01:10:00,0.01479011243155679,1080.00m,55.388888888888886,
2919,2024-03-11 01:37:00,-0.009037100058619775,1620.00m,-22.89629629629619,
2920,2024-03-11 07:14:00,0.043374485718121206,20220.00m,8.724925816023747,
2921,2024-03-11 07:16:00,-0.007039545306734072,120.00m,-248.9499999999971,
2922,2024-03-11 07:39:00,0.01779838276774819,1380.00m,54.34782608695652,
2923,2024-03-11 07:42:00,-0.010106167924108731,180.00m,-240.8000000000029,
2924,2024-03-11 08:24:00,0.014716211575396425,2520.00m,24.792857142857212,
2925,2024-03-11 08:48:00,-0.007768802228412297,1440.00m,-23.241666666666788,
2926,2024-03-11 11:46:00,0.014840922936124979,10680.00m,5.939887640449455,
2927,2024-03-11 12:00:00,-0.011058167760496269,840.00m,-57.107142857142854,
2928,2024-03-11 13:24:00,0.013041958041958042,5040.00m,11.101190476190476,
2929,2024-03-11 13:53:00,-0.012584130052117488,1740.00m,-31.43103448275862,
2930,2024-03-11 14:21:00,0.01257113295395766,1680.00m,32.110714285714494,
2931,2024-03-11 14:39:00,-0.006821310658228862,1080.00m,-27.444444444444443,
2932,2024-03-11 15:35:00,0.01103632756398565,3360.00m,14.174999999999793,
2933,2024-03-11 16:03:00,-0.011309146464722782,1680.00m,-29.371428571428364,
2934,2024-03-11 19:18:00,0.013286971035154253,11700.00m,4.898974358974375,
2935,2024-03-11 19:58:00,-0.012149155557507821,2400.00m,-22.127500000000147,
2936,2024-03-11 22:21:00,0.011930352088506452,8580.00m,6.004195804195845,
2937,2024-03-12 01:01:00,-0.011550772179830597,9600.00m,-5.257499999999982,
2938,2024-03-12 01:54:00,0.007790501089808701,3180.00m,10.581132075471478,
2939,2024-03-12 04:05:00,-0.01634551366789837,7860.00m,-9.051908396946477,
2940,2024-03-12 04:50:00,0.010964110196033836,2700.00m,17.38666666666654,
2941,2024-03-12 06:30:00,-0.007894098485636068,6000.00m,-5.695,
2942,2024-03-12 07:20:00,0.011582580023193104,3000.00m,16.58,
2943,2024-03-12 08:28:00,-0.012315958122703752,4080.00m,-13.113235294117604,
2944,2024-03-12 11:24:00,0.012556233158020512,10560.00m,5.1017045454545125,
2945,2024-03-12 12:29:00,-0.009722655721313332,3900.00m,-10.830769230769231,
2946,2024-03-12 13:30:00,0.009509903185587577,3660.00m,11.178688524590306,
2947,2024-03-12 13:45:00,-0.008252965693689931,900.00m,-39.82666666666725,
2948,2024-03-12 14:06:00,0.016529063766303136,1260.00m,56.504761904762184,
2949,2024-03-12 14:18:00,-0.016415143205988993,720.00m,-99.82500000000073,
2950,2024-03-12 14:30:00,0.006251271291520892,720.00m,37.39166666666764,
2951,2024-03-12 15:00:00,-0.014464300301414745,1800.00m,-34.82333333333372,
2952,2024-03-12 15:34:00,0.013535839418724556,2040.00m,28.33823529411765,
2953,2024-03-12 16:30:00,-0.027615257627358114,3360.00m,-35.576785714285506,
2954,2024-03-12 16:35:00,0.009677474534087035,300.00m,135.77999999999884,
2955,2024-03-12 16:40:00,-0.006865589462315537,300.00m,-97.26000000000059,
2956,2024-03-12 16:46:00,0.006465259889800625,360.00m,75.80000000000048,
2957,2024-03-12 17:22:00,-0.025148305084745762,2160.00m,-49.458333333333336,
2958,2024-03-12 18:03:00,0.03352241033331156,2460.00m,56.4317073170731,
2959,2024-03-12 18:15:00,-0.008279454727952641,720.00m,-49.21666666666594,
2960,2024-03-12 19:09:00,0.013874242676972572,3240.00m,18.175925925925927,
2961,2024-03-12 20:33:00,-0.013956257380713037,5040.00m,-11.916666666666666,
2962,2024-03-12 20:43:00,0.006423643759959452,600.00m,45.429999999998834,
2963,2024-03-12 21:08:00,-0.0066748715182065,1500.00m,-19.00399999999965,
2964,2024-03-13 08:45:00,0.042316869465349696,41820.00m,4.292539454806304,
2965,2024-03-13 12:39:00,-0.014805778473746799,14040.00m,-4.662820512820476,
2966,2024-03-13 13:10:00,0.006771060739830547,1860.00m,15.858064516128751,
2967,2024-03-13 13:57:00,-0.01801224986216499,2820.00m,-28.01276595744662,
2968,2024-03-13 14:11:00,0.015351479072307488,840.00m,78.70714285714244,
2969,2024-03-13 14:55:00,-0.008287596048298573,2640.00m,-13.727272727272727,
2970,2024-03-13 15:16:00,0.012284852509823373,1260.00m,42.2809523809521,
2971,2024-03-13 16:13:00,-0.009922926470568137,3420.00m,-12.736842105263158,
2972,2024-03-13 17:08:00,0.010650502016209748,3300.00m,14.027272727272727,
2973,2024-03-13 17:34:00,-0.0060702587372659005,1560.00m,-17.092307692307468,
2974,2024-03-13 18:37:00,0.0072136329279185625,3780.00m,8.33174603174594,
2975,2024-03-13 19:29:00,-0.006103160189875937,3120.00m,-8.601923076922853,
2976,2024-03-13 20:14:00,0.008530722406943109,2700.00m,13.80888888888876,
2977,2024-03-14 01:36:00,-0.01182756179897629,19320.00m,-2.698447204968926,
2978,2024-03-14 04:13:00,0.015315083249420254,9420.00m,7.081528662420308,
2979,2024-03-14 04:52:00,-0.012949940914622649,2340.00m,-24.474358974358974,
2980,2024-03-14 07:05:00,0.015209120248953987,7980.00m,8.319548872180452,
2981,2024-03-14 13:55:00,-0.03057993010997986,24600.00m,-5.508780487804857,
2982,2024-03-14 14:21:00,0.01295804626516932,1560.00m,35.6846153846155,
2983,2024-03-14 14:50:00,-0.015305791824134449,1740.00m,-38.279310344827785,
2984,2024-03-14 15:13:00,0.009791649164076323,1380.00m,30.404347826087083,
2985,2024-03-14 15:39:00,-0.019875952094712483,1560.00m,-55.130769230769566,
2986,2024-03-14 15:49:00,0.008559233432224311,600.00m,60.5,
2987,2024-03-14 16:15:00,-0.013664118817936471,1560.00m,-37.46538461538428,
2988,2024-03-14 16:21:00,0.0061409546781047925,360.00m,71.96666666666715,
2989,2024-03-14 16:30:00,-0.009050611619498362,540.00m,-71.14444444444477,
2990,2024-03-14 17:00:00,0.01979422676706654,1800.00m,46.25666666666657,
2991,2024-03-14 18:54:00,-0.027038632612527008,6840.00m,-16.9570175438597,
2992,2024-03-14 19:08:00,0.011719227324545998,840.00m,58.22857142857226,
2993,2024-03-14 19:21:00,-0.010642817661109381,780.00m,-57.61538461538461,
2994,2024-03-14 19:22:00,0.007092066163892914,60.00m,493.79999999998836,
2995,2024-03-14 19:35:00,-0.018294117730947385,780.00m,-98.67692307692218,
2996,2024-03-14 19:52:00,0.01511662872740519,1020.00m,61.21176470588184,
2997,2024-03-14 19:58:00,-0.007096583078963893,360.00m,-82.64999999999903,
2998,2024-03-14 20:47:00,0.026234167545847054,2940.00m,37.146938775510144,
2999,2024-03-14 21:07:00,-0.011207392946926393,1200.00m,-39.9,
3000,2024-03-15 00:34:00,0.029482281087990867,12420.00m,10.027536231884044,
3001,2024-03-15 02:53:00,-0.058499710957537546,8340.00m,-30.504316546762524,
3002,2024-03-15 03:02:00,0.017574581700629657,540.00m,133.25555555555425,
3003,2024-03-15 03:08:00,-0.007400644298162788,360.00m,-85.64999999999903,
3004,2024-03-15 03:15:00,0.006472158546847428,420.00m,63.72857142857226,
3005,2024-03-15 03:28:00,-0.033163188082817235,780.00m,-176.96923076923122,
3006,2024-03-15 03:50:00,0.027750982160828414,1320.00m,84.60454545454559,
3007,2024-03-15 04:05:00,-0.018097335375902326,900.00m,-83.16666666666667,
3008,2024-03-15 04:14:00,0.01249754377981621,540.00m,93.98888888888824,
3009,2024-03-15 04:44:00,-0.021788615988046277,1800.00m,-49.773333333333234,
3010,2024-03-15 05:10:00,0.018314985530594633,1560.00m,47.22307692307704,
3011,2024-03-15 05:48:00,-0.015641800140040883,2280.00m,-28.100000000000076,
3012,2024-03-15 06:59:00,0.022476859430340102,4260.00m,21.273239436619637,
3013,2024-03-15 07:19:00,-0.006773553160894363,1200.00m,-23.26999999999971,
3014,2024-03-15 07:46:00,0.009271280570901002,1620.00m,23.433333333333227,
3015,2024-03-15 09:13:00,-0.04371353031620736,5220.00m,-34.60689655172418,
3016,2024-03-15 10:02:00,0.03429140558932005,2940.00m,46.093877551020526,
3017,2024-03-15 10:10:00,-0.010958039443070305,480.00m,-93.3125,
3018,2024-03-15 10:22:00,0.009482464342431307,720.00m,53.241666666666184,
3019,2024-03-15 11:11:00,-0.017235675775811074,2940.00m,-23.92448979591813,
3020,2024-03-15 11:15:00,0.007839194777061678,240.00m,131.0,
3021,2024-03-15 11:29:00,-0.006914303018068075,840.00m,-33.27142857142878,
3022,2024-03-15 13:07:00,0.02226546968840885,5880.00m,15.19999999999991,
3023,2024-03-15 13:30:00,-0.012617083434466823,1380.00m,-37.517391304347576,
3024,2024-03-15 13:55:00,0.01687879932176789,1500.00m,45.59200000000012,
3025,2024-03-15 14:15:00,-0.010290046498894043,1200.00m,-35.33000000000029,
3026,2024-03-15 14:26:00,0.00611079475645846,660.00m,37.75454545454572,
3027,2024-03-15 14:32:00,-0.006594322652353777,360.00m,-75.14999999999903,
3028,2024-03-15 15:03:00,0.011026689299105939,1860.00m,24.161290322580644,
3029,2024-03-15 16:09:00,-0.015254437197761718,3960.00m,-15.87272727272736,
3030,2024-03-15 16:42:00,0.011643192488262824,1980.00m,23.860606060605885,
3031,2024-03-15 17:06:00,-0.01059126009100344,1440.00m,-30.191666666666304,
3032,2024-03-15 19:00:00,0.04258364935596385,6840.00m,25.285087719298247,
3033,2024-03-15 20:09:00,-0.038733052960914116,4140.00m,-39.61594202898551,
3034,2024-03-15 20:24:00,0.009739192473978904,900.00m,44.046666666666475,
3035,2024-03-15 20:49:00,-0.012481751824817519,1500.00m,-34.2,
3036,2024-03-16 00:22:00,0.035971616527459574,12780.00m,11.423943661971844,
3037,2024-03-16 02:33:00,-0.015656772495908106,7860.00m,-8.375572519083946,
3038,2024-03-16 03:15:00,0.006825057878172258,2520.00m,11.209523809523532,
3039,2024-03-16 05:19:00,-0.010883791516142743,7440.00m,-6.095967741935437,
3040,2024-03-16 07:43:00,0.011670257365785447,8640.00m,5.567361111111091,
3041,2024-03-16 11:31:00,-0.023799348755426438,13680.00m,-7.254385964912281,
3042,2024-03-16 11:48:00,0.009421655953316182,1020.00m,37.59999999999983,
3043,2024-03-16 12:08:00,-0.00661625018800301,1200.00m,-22.654999999999564,
3044,2024-03-16 12:24:00,0.0064839232218820465,960.00m,27.568749999999454,
3045,2024-03-16 14:04:00,-0.012912054610060498,6000.00m,-8.840999999999912,
3046,2024-03-16 15:51:00,0.013474524611314593,6420.00m,8.511214953271,
3047,2024-03-16 18:13:00,-0.02533669112011387,8520.00m,-12.221830985915492,
3048,2024-03-16 18:17:00,0.007950630598244555,240.00m,132.70000000000073,
3049,2024-03-16 18:55:00,-0.007783893670645342,2280.00m,-13.784210526315865,
3050,2024-03-16 19:09:00,0.014632539052554329,840.00m,69.78571428571429,
3051,2024-03-16 20:22:00,-0.014118914769875712,4380.00m,-13.102739726027398,
3052,2024-03-16 20:46:00,0.011593139640212951,1440.00m,32.262500000000124,
3053,2024-03-16 21:35:00,-0.021018652000035606,2940.00m,-28.981632653061343,
3054,2024-03-16 21:41:00,0.007474634772472794,360.00m,82.40000000000146,
3055,2024-03-16 22:07:00,-0.011095754530816584,1560.00m,-28.438461538461873,
3056,2024-03-16 22:37:00,0.013337137151415867,1800.00m,29.296666666666958,
3057,2024-03-16 23:17:00,-0.026082099386620726,2400.00m,-43.54250000000011,
3058,2024-03-16 23:24:00,0.012671462991978254,420.00m,117.72857142857121,
3059,2024-03-16 23:28:00,-0.007669298511995119,240.00m,-126.27499999999964,
3060,2024-03-16 23:40:00,0.006490714544739634,720.00m,35.350000000000364,
3061,2024-03-16 23:46:00,-0.007222658868850528,360.00m,-79.1833333333343,
3062,2024-03-17 00:25:00,0.015489097145657233,2340.00m,25.935897435897434,
3063,2024-03-17 00:58:00,-0.01621641999230951,1980.00m,-32.58787878787883,
3064,2024-03-17 03:53:00,0.02100855148903816,10500.00m,7.831999999999993,
3065,2024-03-17 07:22:00,-0.029142465099450947,12540.00m,-9.288038277511946,
3066,2024-03-17 07:50:00,0.018020859910777016,1680.00m,41.62142857142836,
3067,2024-03-17 08:16:00,-0.007143627468105757,1560.00m,-18.08846153846137,
3068,2024-03-17 09:17:00,0.02213736487334134,3660.00m,23.721311475409955,
3069,2024-03-17 09:47:00,-0.007131995042777002,1800.00m,-15.883333333333333,
3070,2024-03-17 10:31:00,0.015546822119812712,2640.00m,23.4386363636361,
3071,2024-03-17 10:46:00,-0.007086618848565371,900.00m,-31.826666666666277,
3072,2024-03-17 11:14:00,0.008807128227361835,1680.00m,21.03928571428592,
3073,2024-03-17 11:57:00,-0.007614322276412686,2580.00m,-11.948837209302393,
3074,2024-03-17 12:08:00,0.007032105166484144,660.00m,42.80909090909038,
3075,2024-03-17 12:56:00,-0.013590824969748738,2880.00m,-19.09375,
3076,2024-03-17 13:16:00,0.014371898428562194,1200.00m,47.8,
3077,2024-03-17 13:26:00,-0.007721412618359178,600.00m,-52.1,
3078,2024-03-17 16:40:00,0.02183897230474189,11640.00m,7.537113402061841,
3079,2024-03-17 16:54:00,-0.006375710909306128,840.00m,-31.15714285714265,
3080,2024-03-17 17:54:00,0.01039722152348426,3600.00m,11.780000000000049,
3081,2024-03-17 18:52:00,-0.008326235868765975,3480.00m,-9.860344827586106,
3082,2024-03-17 20:13:00,0.008594339539540629,4860.00m,7.227160493827089,
3083,2024-03-17 21:54:00,-0.00938136826783115,6060.00m,-6.381188118811881,
3084,2024-03-17 22:39:00,0.012830704351595347,2700.00m,19.40444444444438,
3085,2024-03-17 23:25:00,-0.011150652775984333,2760.00m,-16.708695652173724,
3086,2024-03-17 23:54:00,0.007477981986528733,1740.00m,17.575862068965417,
3087,2024-03-18 01:06:00,-0.025759504177964822,4320.00m,-24.568055555555677,
3088,2024-03-18 02:50:00,0.019328589002539667,6240.00m,12.433653846153902,
3089,2024-03-18 04:17:00,-0.006060650497111225,5220.00m,-4.7505747126437115,
3090,2024-03-18 05:35:00,0.018015452776380385,4680.00m,15.65512820512828,
3091,2024-03-18 08:27:00,-0.022445791269213308,10320.00m,-9.004651162790715,
3092,2024-03-18 08:52:00,0.010702266763524145,1500.00m,28.875999999999767,
3093,2024-03-18 09:11:00,-0.006216364087075865,1140.00m,-22.305263157894125,
3094,2024-03-18 09:25:00,0.007825703198914808,840.00m,37.87142857142836,
3095,2024-03-18 10:13:00,-0.007576012758983834,2880.00m,-10.777083333333394,
3096,2024-03-18 11:34:00,0.011392479782775515,4860.00m,9.530864197530864,
3097,2024-03-18 12:18:00,-0.0061019026497023034,2640.00m,-9.504545454545388,
3098,2024-03-18 13:00:00,0.00819903167747637,2520.00m,13.297619047619047,
3099,2024-03-18 13:27:00,-0.011332876115923585,1620.00m,-28.825925925926033,
3100,2024-03-18 13:36:00,0.010015022533800702,540.00m,75.55555555555556,
3101,2024-03-18 14:02:00,-0.01887048324535574,1560.00m,-49.77307692307715,
3102,2024-03-18 14:15:00,0.00771804250348156,780.00m,39.94615384615407,
3103,2024-03-18 14:55:00,-0.015860608348868405,2400.00m,-26.884999999999856,
3104,2024-03-18 15:01:00,0.006387142989878238,360.00m,71.03333333333285,
3105,2024-03-18 15:20:00,-0.006121750007445659,1140.00m,-21.636842105263465,
3106,2024-03-18 16:19:00,0.020023103581055197,3540.00m,22.65084745762727,
3107,2024-03-18 17:08:00,-0.021521960419686997,2940.00m,-29.902040816326473,
3108,2024-03-18 18:12:00,0.01339356082270866,3840.00m,13.940624999999955,
3109,2024-03-18 19:05:00,-0.008153313098185039,3180.00m,-10.384905660377523,
3110,2024-03-18 19:35:00,0.007295846967929638,1800.00m,16.283333333333335,
3111,2024-03-18 19:59:00,-0.0068011576943378125,1440.00m,-19.11249999999988,
3112,2024-03-18 21:35:00,0.013465560559940406,5760.00m,9.395833333333334,
3113,2024-03-18 22:25:00,-0.0075610162076488515,3000.00m,-10.266000000000059,
3114,2024-03-18 23:18:00,0.009779678928495227,3180.00m,12.432075471698278,
3115,2024-03-18 23:58:00,-0.006095544387821803,2400.00m,-10.367499999999927,
3116,2024-03-19 00:19:00,0.00810723676621517,1260.00m,26.104761904761766,
3117,2024-03-19 02:04:00,-0.0358767024416579,6300.00m,-23.291428571428625,
3118,2024-03-19 02:34:00,0.010485201122316785,1800.00m,22.970000000000194,
3119,2024-03-19 02:50:00,-0.012121613665350103,960.00m,-50.3125,
3120,2024-03-19 03:07:00,0.006368387919878468,1020.00m,24.576470588235466,
3121,2024-03-19 03:40:00,-0.014881155232032534,1980.00m,-29.772727272727494,
3122,2024-03-19 03:55:00,0.015750162206375734,900.00m,68.29333333333344,
3123,2024-03-19 04:19:00,-0.014485733747067282,1440.00m,-39.875,
3124,2024-03-19 04:34:00,0.01019536769675006,900.00m,44.25333333333353,
3125,2024-03-19 05:47:00,-0.01573014574635339,4380.00m,-14.172602739726107,
3126,2024-03-19 06:12:00,0.011341238113480416,1500.00m,29.368000000000176,
3127,2024-03-19 07:16:00,-0.025788359497429435,3840.00m,-26.381250000000023,
3128,2024-03-19 07:57:00,0.015320696737375118,2460.00m,23.834146341463345,
3129,2024-03-19 08:30:00,-0.01775318791479948,1980.00m,-34.83939393939385,
3130,2024-03-19 08:37:00,0.00901895127376765,420.00m,81.95714285714244,
3131,2024-03-19 08:56:00,-0.01488372527818366,1140.00m,-50.27894736842082,
3132,2024-03-19 09:02:00,0.007507642865841365,360.00m,79.11666666666618,
3133,2024-03-19 09:11:00,-0.009752980993224804,540.00m,-69.03333333333285,
3134,2024-03-19 09:17:00,0.015912545991506263,360.00m,167.29999999999927,
3135,2024-03-19 09:41:00,-0.009103378111634215,1440.00m,-24.308333333333394,
3136,2024-03-19 09:58:00,0.011560138387816674,1020.00m,43.182352941176816,
3137,2024-03-19 10:47:00,-0.02118256202052413,2940.00m,-27.769387755102134,
3138,2024-03-19 10:49:00,0.008680563839042227,120.00m,272.90000000000146,
3139,2024-03-19 11:27:00,-0.013637245178715892,2280.00m,-22.760526315789512,
3140,2024-03-19 12:11:00,0.01804114647441531,2640.00m,25.649999999999967,
3141,2024-03-19 12:18:00,-0.009024017988367812,420.00m,-82.09999999999958,
3142,2024-03-19 12:43:00,0.011392643742998436,1500.00m,28.76,
3143,2024-03-19 13:16:00,-0.008370685211789505,1980.00m,-16.19090909090918,
3144,2024-03-19 13:29:00,0.008659369687624393,780.00m,42.16153846153835,
3145,2024-03-19 13:51:00,-0.011174164404631846,1320.00m,-32.42727272727246,
3146,2024-03-19 13:59:00,0.0075478811283963484,480.00m,59.5625,
3147,2024-03-19 14:32:00,-0.017652200708100436,1980.00m,-34.024242424242516,
3148,2024-03-19 14:50:00,0.010737148710069802,1080.00m,37.272222222222304,
3149,2024-03-19 15:16:00,-0.007296345968404714,1560.00m,-17.723076923077034,
3150,2024-03-19 16:11:00,0.031010892572028378,3300.00m,35.34909090909099,
3151,2024-03-19 16:16:00,-0.006554937243089691,300.00m,-84.74000000000088,
3152,2024-03-19 17:28:00,0.023832586358865454,4320.00m,21.255555555555574,
3153,2024-03-19 18:13:00,-0.022365198874439142,2700.00m,-32.67555555555558,
3154,2024-03-19 18:43:00,0.010792754836280652,1800.00m,23.12333333333348,
3155,2024-03-19 19:04:00,-0.007105003517099967,1260.00m,-21.980952380952658,
3156,2024-03-19 19:24:00,0.011583292898257148,1200.00m,37.36000000000022,
3157,2024-03-19 20:24:00,-0.024202384838300898,3600.00m,-26.321666666666715,
3158,2024-03-19 20:36:00,0.008409946823380124,720.00m,44.625,
3159,2024-03-19 21:22:00,-0.009222848118909596,2760.00m,-12.873913043478197,
3160,2024-03-19 21:49:00,0.008408010952892212,1620.00m,19.811111111111163,
3161,2024-03-19 23:25:00,-0.03946047561447045,5760.00m,-26.369791666666668,
3162,2024-03-19 23:47:00,0.010983215219412697,1320.00m,30.763636363636166,
3163,2024-03-19 23:55:00,-0.007029106826692972,480.00m,-54.73750000000018,
3164,2024-03-20 00:26:00,0.01880045651323468,1860.00m,37.516129032258064,
3165,2024-03-20 00:32:00,-0.008014508942738524,360.00m,-84.1833333333331,
3166,2024-03-20 00:58:00,0.014411826335093357,1560.00m,34.65384615384615,
3167,2024-03-20 01:26:00,-0.02207694527358475,1680.00m,-50.00357142857138,
3168,2024-03-20 03:25:00,0.02294458149921798,7140.00m,11.957983193277311,
3169,2024-03-20 03:58:00,-0.02641783045931717,1980.00m,-50.78787878787879,
3170,2024-03-20 04:14:00,0.009097237962633188,960.00m,35.11875000000009,
3171,2024-03-20 04:36:00,-0.01724588827796222,1320.00m,-48.85909090909097,
3172,2024-03-20 05:02:00,0.009233833444892472,1560.00m,21.753846153846098,
3173,2024-03-20 05:32:00,-0.014697841749894022,1800.00m,-30.28666666666662,
3174,2024-03-20 07:55:00,0.03732063700541778,8580.00m,15.896503496503476,
3175,2024-03-20 08:05:00,-0.006636257739399012,600.00m,-41.929999999999566,
3176,2024-03-20 08:33:00,0.008786898201035946,1680.00m,19.696428571428573,
3177,2024-03-20 08:59:00,-0.009125741920607038,1560.00m,-22.223076923077034,
3178,2024-03-20 09:46:00,0.009404248807732524,2820.00m,12.553191489361701,
3179,2024-03-20 10:21:00,-0.006169505871057755,2100.00m,-11.16285714285706,
3180,2024-03-20 11:29:00,0.014905405255104693,4080.00m,13.795588235294096,
3181,2024-03-20 11:47:00,-0.010136986301369864,1080.00m,-35.97222222222222,
3182,2024-03-20 12:25:00,0.01773753509153454,2280.00m,29.513157894736842,
3183,2024-03-20 13:32:00,-0.01900573435484623,4020.00m,-18.253731343283583,
3184,2024-03-20 13:45:00,0.011369324842378688,780.00m,55.207692307692085,
3185,2024-03-20 13:50:00,-0.006219877607344163,300.00m,-79.4199999999997,
3186,2024-03-20 15:01:00,0.01425293081110734,4260.00m,12.7366197183099,
3187,2024-03-20 16:32:00,-0.03377885934773258,5460.00m,-23.886813186813235,
3188,2024-03-20 16:47:00,0.019455684720444223,900.00m,80.64666666666696,
3189,2024-03-20 17:05:00,-0.007302770761782032,1080.00m,-25.716666666666747,
3190,2024-03-20 17:20:00,0.027553874515288332,900.00m,115.58666666666686,
3191,2024-03-20 17:36:00,-0.009522439674718353,960.00m,-38.48125000000027,
3192,2024-03-20 17:38:00,0.006103797345808484,120.00m,195.45000000000073,
3193,2024-03-20 17:51:00,-0.007401486815762132,780.00m,-36.6846153846155,
3194,2024-03-20 18:14:00,0.013476431489725006,1380.00m,37.473913043478326,
3195,2024-03-20 18:35:00,-0.011077169921935266,1260.00m,-34.19047619047619,
3196,2024-03-20 19:13:00,0.025549141965678583,2280.00m,43.09736842105256,
3197,2024-03-20 19:25:00,-0.007202868369291899,720.00m,-39.458333333333336,
3198,2024-03-20 20:38:00,0.03859543210519716,4380.00m,34.505479452054914,
3199,2024-03-20 21:06:00,-0.01179940132569922,1680.00m,-28.56428571428582,
3200,2024-03-20 21:28:00,0.014282664485028313,1320.00m,43.48636363636351,
3201,2024-03-20 21:48:00,-0.006951722107742168,1200.00m,-23.615000000000144,
3202,2024-03-20 22:15:00,0.009586809688191578,1620.00m,23.955555555555662,
3203,2024-03-20 22:50:00,-0.00967635378663876,2100.00m,-18.831428571428738,
3204,2024-03-20 23:41:00,0.008651642418546266,3060.00m,11.443137254902075,
3205,2024-03-21 00:27:00,-0.00741927423977429,2760.00m,-10.973913043478325,
3206,2024-03-21 00:43:00,0.0107871271148544,960.00m,45.53125,
3207,2024-03-21 03:53:00,-0.026541581273521308,11400.00m,-9.535789473684227,
3208,2024-03-21 04:31:00,0.008002901390349912,2280.00m,13.99473684210534,
3209,2024-03-21 05:21:00,-0.012131490668485912,3000.00m,-16.251999999999825,
3210,2024-03-21 08:21:00,0.02282148583725869,10800.00m,8.389444444444395,
3211,2024-03-21 10:40:00,-0.014175490025147595,8340.00m,-6.902158273381253,
3212,2024-03-21 13:28:00,0.01455318281555377,10080.00m,5.779761904761905,
3213,2024-03-21 14:00:00,-0.01636535001285241,1920.00m,-34.61875000000009,
3214,2024-03-21 14:23:00,0.012095999038808035,1380.00m,35.017391304347576,
3215,2024-03-21 15:36:00,-0.018461360391990304,4380.00m,-17.042465753424537,
3216,2024-03-21 17:07:00,0.013036451569499313,5460.00m,9.475824175824208,
3217,2024-03-21 18:16:00,-0.027304365474961134,4140.00m,-26.51594202898559,
3218,2024-03-21 18:29:00,0.0065067967719169935,780.00m,32.62307692307737,
3219,2024-03-21 18:45:00,-0.009633837941163579,960.00m,-39.500000000000455,
3220,2024-03-21 19:39:00,0.009724473257698475,3240.00m,11.69999999999992,
3221,2024-03-21 20:04:00,-0.01312461986619279,1500.00m,-34.439999999999706,
3222,2024-03-21 20:18:00,0.018892230413849645,840.00m,87.36428571428561,
3223,2024-03-21 20:49:00,-0.013263295130677361,1860.00m,-28.222580645161337,
3224,2024-03-21 22:06:00,0.012035809375148858,4620.00m,10.174025974025993,
3225,2024-03-21 23:30:00,-0.008490644806254551,5040.00m,-6.658333333333368,
3226,2024-03-22 00:19:00,0.010276636269544243,2940.00m,13.69795918367341,
3227,2024-03-22 00:35:00,-0.00790944526281961,960.00m,-32.618749999999636,
3228,2024-03-22 01:16:00,0.007509642925339024,2460.00m,11.990243902439166,
3229,2024-03-22 02:09:00,-0.011703593863004857,3180.00m,-14.564150943396392,
3230,2024-03-22 06:09:00,0.022529156732973114,14400.00m,6.11875,
3231,2024-03-22 12:03:00,-0.03976852456163249,21240.00m,-7.487570621468922,
3232,2024-03-22 12:08:00,0.009551547575706958,300.00m,122.26000000000059,
3233,2024-03-22 13:58:00,-0.026318884902664236,6600.00m,-15.459090909090909,
3234,2024-03-22 14:04:00,0.008569262242314107,360.00m,89.84999999999975,
3235,2024-03-22 14:15:00,-0.008469661150512238,660.00m,-48.85454545454559,
3236,2024-03-22 14:19:00,0.006028998960462656,240.00m,94.82500000000073,
3237,2024-03-22 14:23:00,-0.006863437501481255,240.00m,-108.60000000000036,
3238,2024-03-22 14:36:00,0.006922006124965176,780.00m,33.469230769230656,
3239,2024-03-22 14:58:00,-0.008828836230459733,1320.00m,-25.399999999999803,
3240,2024-03-22 15:32:00,0.025985991602612897,2040.00m,47.947058823529325,
3241,2024-03-22 16:07:00,-0.01476912559816044,2100.00m,-27.159999999999958,
3242,2024-03-22 16:15:00,0.006039732927110043,480.00m,47.875,
3243,2024-03-22 16:51:00,-0.014130891398260717,2160.00m,-25.041666666666668,
3244,2024-03-22 18:39:00,0.01658640048716187,6480.00m,9.659259259259231,
3245,2024-03-22 19:18:00,-0.007028673044710454,2340.00m,-11.52307692307696,
3246,2024-03-22 19:53:00,0.010542033464222814,2100.00m,19.122857142857224,
3247,2024-03-22 21:37:00,-0.02692103868574452,6240.00m,-16.60769230769228,
3248,2024-03-22 21:53:00,0.009996668311154085,960.00m,39.00624999999991,
3249,2024-03-22 22:24:00,-0.006770290651479924,1860.00m,-13.77096774193553,
3250,2024-03-23 01:48:00,0.027283323752953902,12240.00m,8.375980392156848,
3251,2024-03-23 03:36:00,-0.020218631045732773,6480.00m,-12.044444444444403,
3252,2024-03-23 07:19:00,0.028604334990061195,13380.00m,8.085650224215241,
3253,2024-03-23 09:14:00,-0.009114884560218387,6900.00m,-5.139130434782609,
3254,2024-03-23 10:32:00,0.007279604034366783,4680.00m,5.996153846153809,
3255,2024-03-23 10:54:00,-0.007043113185826556,1320.00m,-20.71818181818162,
3256,2024-03-23 12:51:00,0.010247448253109637,7020.00m,5.628205128205129,
3257,2024-03-23 13:46:00,-0.009026716616552471,3300.00m,-10.654545454545454,
3258,2024-03-23 14:32:00,0.016895063762583106,2760.00m,23.62826086956525,
3259,2024-03-23 15:24:00,-0.00966687200871916,3120.00m,-12.16153846153849,
3260,2024-03-23 17:34:00,0.01864420121969104,7800.00m,9.291538461538472,
3261,2024-03-23 20:10:00,-0.019049985756453603,9360.00m,-8.058974358974387,
3262,2024-03-23 20:30:00,0.006064481846716569,1200.00m,19.629999999999928,
3263,2024-03-23 23:59:00,-0.017041249681407307,12540.00m,-5.310526315789446,
3264,2024-03-24 01:26:00,0.010841873593219628,5220.00m,7.978160919540213,
3265,2024-03-24 04:39:00,-0.013290705005377452,11580.00m,-4.456476683937816,
3266,2024-03-24 08:59:00,0.022567000186361763,15600.00m,5.542307692307692,
3267,2024-03-24 09:22:00,-0.006262319033682385,1380.00m,-17.77826086956528,
3268,2024-03-24 12:07:00,0.012168959905311414,9900.00m,4.785454545454537,
3269,2024-03-24 12:14:00,-0.006261039040136383,420.00m,-58.74285714285673,
3270,2024-03-24 12:54:00,0.00844406173005956,2400.00m,13.777499999999781,
3271,2024-03-24 13:43:00,-0.0074647615545786914,2940.00m,-10.026530612244809,
3272,2024-03-24 14:23:00,0.009758957574941251,2400.00m,15.937500000000181,
3273,2024-03-24 15:12:00,-0.007490665094046518,2940.00m,-10.083673469387874,
3274,2024-03-24 16:09:00,0.006186228386387243,3420.00m,7.105263157894737,
3275,2024-03-24 17:08:00,-0.017746269336450442,3540.00m,-19.8135593220339,
3276,2024-03-24 18:34:00,0.02116252472799213,5160.00m,15.922093023255847,
3277,2024-03-24 18:39:00,-0.006187067998722675,300.00m,-81.76000000000059,
3278,2024-03-24 23:19:00,0.029958348879531513,16800.00m,7.025714285714275,
3279,2024-03-25 00:49:00,-0.015488299126001566,5400.00m,-11.63888888888889,
3280,2024-03-25 01:15:00,0.0063438473391586704,1560.00m,16.246153846154183,
3281,2024-03-25 02:16:00,-0.008281273784970565,3660.00m,-9.096721311475553,
3282,2024-03-25 04:10:00,0.015493960274906524,6840.00m,9.031578947368471,
3283,2024-03-25 04:21:00,-0.006003144574867494,660.00m,-36.827272727273254,
3284,2024-03-25 05:33:00,0.010283826454092553,4320.00m,9.580555555555597,
3285,2024-03-25 07:53:00,-0.013824041554762018,8400.00m,-6.691428571428593,
3286,2024-03-25 08:41:00,0.0060422689483040784,2880.00m,8.41250000000006,
3287,2024-03-25 09:33:00,-0.006465574940877204,3120.00m,-8.359615384615328,
3288,2024-03-25 10:08:00,0.008357997134657662,2100.00m,15.951428571428655,
3289,2024-03-25 11:44:00,-0.008006639289987958,5760.00m,-5.617708333333364,
3290,2024-03-25 14:00:00,0.021687497100301736,8160.00m,10.655147058823465,
3291,2024-03-25 14:05:00,-0.006221215707873816,300.00m,-84.93999999999942,
3292,2024-03-25 14:22:00,0.02280455825841637,1020.00m,91.00588235294151,
3293,2024-03-25 14:42:00,-0.00625317054049081,1200.00m,-21.695000000000437,
3294,2024-03-25 15:02:00,0.012263087902382657,1200.00m,42.28000000000029,
3295,2024-03-25 15:16:00,-0.0082922042105716,840.00m,-41.34285714285735,
3296,2024-03-25 20:00:00,0.02778897368888666,17040.00m,6.773239436619739,
3297,2024-03-25 21:28:00,-0.02107377437441409,5280.00m,-17.037500000000033,
3298,2024-03-25 22:43:00,0.015709444907101713,4500.00m,14.588000000000077,
3299,2024-03-25 23:47:00,-0.01351567215765889,3840.00m,-14.939062500000091,
3300,2024-03-26 07:29:00,0.025186289120715435,27720.00m,3.804329004329017,
3301,2024-03-26 08:00:00,-0.015413409820300518,1860.00m,-35.57096774193586,
3302,2024-03-26 09:51:00,0.012139598999984466,6660.00m,7.703603603603656,
3303,2024-03-26 12:08:00,-0.009631946587370566,8220.00m,-5.0124087591240665,
3304,2024-03-26 12:59:00,0.00794252152397844,3060.00m,10.996078431372606,
3305,2024-03-26 13:40:00,-0.013985198424575095,2460.00m,-24.275609756097634,
3306,2024-03-26 13:48:00,0.011326325869852747,480.00m,99.35000000000036,
3307,2024-03-26 14:03:00,-0.011310795348863588,900.00m,-53.51333333333411,
3308,2024-03-26 14:07:00,0.007255764634454063,240.00m,127.27500000000146,
3309,2024-03-26 14:32:00,-0.017601946967767495,1500.00m,-49.76,
3310,2024-03-26 14:54:00,0.014322339046521592,1320.00m,45.19999999999973,
3311,2024-03-26 15:19:00,-0.009040900596952152,1500.00m,-25.467999999999883,
3312,2024-03-26 16:02:00,0.011318613451940797,2580.00m,18.369767441860667,
3313,2024-03-26 16:43:00,-0.015436909160980254,2460.00m,-26.573170731707318,
3314,2024-03-26 18:36:00,0.013697309323466727,6780.00m,8.42300884955742,
3315,2024-03-26 20:01:00,-0.014051695133013938,5100.00m,-11.644705882352804,
3316,2024-03-26 21:31:00,0.011517622004863838,5400.00m,8.887777777777712,
3317,2024-03-26 22:23:00,-0.007580071174377224,3120.00m,-10.240384615384615,
3318,2024-03-26 23:10:00,0.009230107218417183,2820.00m,13.691489361702128,
3319,2024-03-27 00:12:00,-0.006685521808956584,3720.00m,-7.587096774193454,
3320,2024-03-27 01:16:00,0.012432287031446205,3840.00m,13.576562499999909,
3321,2024-03-27 02:19:00,-0.007145330309004527,3780.00m,-8.025396825396918,
3322,2024-03-27 03:05:00,0.006614579404132891,2760.00m,10.102173913043732,
3323,2024-03-27 04:52:00,-0.008103950021635125,6420.00m,-5.356074766355195,
3324,2024-03-27 06:10:00,0.006664718335459866,4680.00m,5.993589743589744,
3325,2024-03-27 09:05:00,-0.015385269001458573,10500.00m,-6.207999999999966,
3326,2024-03-27 13:29:00,0.03166270175731294,15840.00m,8.338636363636342,
3327,2024-03-27 13:45:00,-0.027958398393932552,960.00m,-125.33749999999964,
3328,2024-03-27 13:50:00,0.012452203446228296,300.00m,173.63999999999942,
3329,2024-03-27 14:12:00,-0.02576823042096137,1320.00m,-82.68181818181819,
3330,2024-03-27 14:39:00,0.022025016067632328,1620.00m,56.099999999999895,
3331,2024-03-27 15:59:00,-0.01941340086645373,4800.00m,-17.05625,
3332,2024-03-27 16:06:00,0.006341951771567943,420.00m,62.442857142857974,
3333,2024-03-27 16:13:00,-0.011130478913365369,420.00m,-110.28571428571429,
3334,2024-03-27 17:13:00,0.012922255059624745,3600.00m,14.771666666666473,
3335,2024-03-27 18:20:00,-0.01397513292857402,4020.00m,-14.491044776119317,
3336,2024-03-28 00:20:00,0.0216269479216087,21600.00m,4.115277777777778,
3337,2024-03-28 02:44:00,-0.013540237768632914,8640.00m,-6.580555555555596,
3338,2024-03-28 09:08:00,0.027478257846585284,23040.00m,4.940104166666667,
3339,2024-03-28 10:30:00,-0.007478846354467713,4920.00m,-6.469512195121951,
3340,2024-03-28 11:11:00,0.008570669674118663,2460.00m,14.71707317073192,
3341,2024-03-28 12:34:00,-0.007772549759669335,4980.00m,-6.649397590361551,
3342,2024-03-28 13:35:00,0.013093575418994415,3660.00m,15.12295081967213,
3343,2024-03-28 14:13:00,-0.008167908665128355,2280.00m,-15.342105263157896,
3344,2024-03-28 14:58:00,0.011476977536200153,2700.00m,18.055555555555557,
3345,2024-03-28 15:36:00,-0.008261831344684153,2280.00m,-15.568421052631349,
3346,2024-03-28 15:52:00,0.006521175867565511,960.00m,28.943749999999454,
3347,2024-03-28 17:23:00,-0.0128445295678803,5460.00m,-10.089010989010893,
3348,2024-03-28 18:17:00,0.006627002911005859,3240.00m,8.659259259259098,
3349,2024-03-28 18:53:00,-0.007463316973449561,2160.00m,-14.724999999999758,
3350,2024-03-28 23:20:00,0.00902304059871784,16020.00m,2.382397003745286,
3351,2024-03-29 09:43:00,-0.020901573663004838,37380.00m,-2.3865168539325654,
3352,2024-03-29 11:25:00,0.010195759735579213,6120.00m,6.961764705882267,
3353,2024-03-29 12:15:00,-0.006195571992432763,3000.00m,-8.717999999999883,
3354,2024-03-29 13:38:00,0.010428942460612536,4980.00m,8.785542168674663,
3355,2024-03-29 15:40:00,-0.020233545647558387,7320.00m,-11.717213114754099,
3356,2024-03-30 05:03:00,0.016662693855143986,48180.00m,1.436363636363629,
3357,2024-03-30 08:48:00,-0.007046646555043762,13500.00m,-2.203999999999974,
3358,2024-03-30 16:50:00,0.006295257448696216,28920.00m,0.9126556016597389,
3359,2024-03-30 23:29:00,-0.010237791515389314,23940.00m,-1.804260651629058,
3360,2024-03-31 13:15:00,0.017240437943618986,49560.00m,1.4526634382566517,
3361,2024-03-31 15:28:00,-0.0064987803310548944,7980.00m,-3.459398496240536,
3362,2024-03-31 18:50:00,0.014542678332276446,12120.00m,5.063861386138585,
3363,2024-03-31 19:02:00,-0.00804224173809946,720.00m,-47.82499999999951,
3364,2024-03-31 19:44:00,0.006488497855532428,2520.00m,10.935714285714354,
3365,2024-03-31 21:41:00,-0.0066389598869271435,7020.00m,-4.042735042735043,
3366,2024-03-31 23:57:00,0.00974946695849129,8160.00m,5.073529411764706,
3367,2024-04-01 06:02:00,-0.0344653394549075,21900.00m,-6.747945205479452,
3368,2024-04-01 07:08:00,0.012031866620483115,3960.00m,12.578787878787836,
3369,2024-04-01 08:32:00,-0.007069996835184685,5040.00m,-5.877380952380918,
3370,2024-04-01 13:37:00,0.011177357989863938,18300.00m,2.540983606557377,
3371,2024-04-01 15:12:00,-0.024566548188887552,5700.00m,-18.130526315789563,
3372,2024-04-01 15:29:00,0.006941154451287588,1020.00m,27.923529411764534,
3373,2024-04-01 15:59:00,-0.00846452205001451,1800.00m,-19.429999999999804,
3374,2024-04-01 16:54:00,0.00771517698920641,3300.00m,9.578181818181871,
3375,2024-04-01 17:37:00,-0.007518043012565478,2580.00m,-12.030232558139602,
3376,2024-04-01 20:02:00,0.022292998294052527,8700.00m,10.499310344827546,
3377,2024-04-01 20:25:00,-0.00640139573058839,1380.00m,-19.430434782608444,
3378,2024-04-01 21:31:00,0.0080442868263991,3960.00m,8.454545454545455,
3379,2024-04-02 00:41:00,-0.011521080029746665,11400.00m,-4.24000000000003,
3380,2024-04-02 01:06:00,0.007867658973587394,1500.00m,21.752000000000116,
3381,2024-04-02 02:39:00,-0.04618286531289562,5580.00m,-34.593548387096746,
3382,2024-04-02 03:05:00,0.013022800812702278,1560.00m,33.280769230769344,
3383,2024-04-02 04:19:00,-0.013347140036517572,4440.00m,-12.140540540540659,
3384,2024-04-02 04:36:00,0.006295558476718869,1020.00m,24.594117647059164,
3385,2024-04-02 05:20:00,-0.008050276821786623,2640.00m,-12.227272727272727,
3386,2024-04-02 06:43:00,0.012850721052313916,4980.00m,10.263855421686676,
3387,2024-04-02 09:04:00,-0.019197574165337433,8460.00m,-9.141843971631205,
3388,2024-04-02 09:21:00,0.010375841433211545,1020.00m,40.194117647058995,
3389,2024-04-02 10:48:00,-0.01487416251115896,5220.00m,-11.375862068965484,
3390,2024-04-02 11:00:00,0.008293095951852535,720.00m,45.30000000000049,
3391,2024-04-02 11:30:00,-0.01434664657349372,1800.00m,-31.60666666666681,
3392,2024-04-02 12:18:00,0.01136407246112062,2880.00m,15.422916666666575,
3393,2024-04-02 13:34:00,-0.01808476083795508,4560.00m,-15.677631578947368,
3394,2024-04-02 14:43:00,0.02395015202642661,4140.00m,22.455072463768243,
3395,2024-04-02 14:57:00,-0.008698395733227232,840.00m,-41.15714285714369,
3396,2024-04-02 15:12:00,0.007229018409859785,900.00m,31.646666666667443,
3397,2024-04-02 15:57:00,-0.020782998642286367,2700.00m,-30.546666666666795,
3398,2024-04-02 16:14:00,0.011075255535311782,1020.00m,42.194117647058995,
3399,2024-04-02 16:20:00,-0.009188602284857426,360.00m,-100.28333333333406,
3400,2024-04-02 16:51:00,0.013412123005597956,1860.00m,28.070967741935625,
3401,2024-04-02 17:50:00,-0.006173215029854718,3540.00m,-6.879661016949178,
3402,2024-04-02 19:53:00,0.013122475931925228,7380.00m,6.971544715447095,
3403,2024-04-02 21:27:00,-0.013953966110501813,5640.00m,-9.827659574468038,
3404,2024-04-02 22:51:00,0.010067463648674385,5040.00m,7.823809523809576,
3405,2024-04-03 00:37:00,-0.020261826476262117,6360.00m,-12.60377358490566,
3406,2024-04-03 04:30:00,0.029773625094425982,13980.00m,8.254935622317571,
3407,2024-04-03 05:40:00,-0.008437531003755069,4200.00m,-8.01857142857147,
3408,2024-04-03 07:20:00,0.008162163883031353,6000.00m,5.384000000000087,
3409,2024-04-03 08:05:00,-0.006729191760161079,2700.00m,-9.944444444444445,
3410,2024-04-03 08:41:00,0.009186451044451687,2160.00m,16.855555555555636,
3411,2024-04-03 11:09:00,-0.015734931878801102,8880.00m,-7.087162162162221,
3412,2024-04-03 12:11:00,0.009664434849272398,3720.00m,10.227419354838803,
3413,2024-04-03 13:30:00,-0.008411099269689505,4740.00m,-7.053164556961988,
3414,2024-04-03 14:28:00,0.018220817615232993,3480.00m,20.636206896551624,
3415,2024-04-03 15:35:00,-0.01597356676708695,4020.00m,-15.946268656716331,
3416,2024-04-03 16:33:00,0.011469663658836293,3480.00m,13.01551724137921,
3417,2024-04-03 18:32:00,-0.015737847743796145,7140.00m,-8.804201680672245,
3418,2024-04-03 19:01:00,0.008816576445684992,1740.00m,19.920689655172314,
3419,2024-04-03 21:08:00,-0.00858067834558708,7620.00m,-4.466141732283441,
3420,2024-04-03 23:11:00,0.01135122103065843,7380.00m,6.04796747967475,
3421,2024-04-04 00:02:00,-0.006634107186773384,3060.00m,-8.621568627450923,
3422,2024-04-04 00:49:00,0.007574537887877961,2820.00m,10.610638297872278,
3423,2024-04-04 04:25:00,-0.01834251112112714,12960.00m,-5.633333333333313,
3424,2024-04-04 14:44:00,0.04226753622876822,37140.00m,4.446688206785125,
3425,2024-04-04 15:24:00,-0.006457610787141773,2400.00m,-10.957499999999708,
3426,2024-04-04 18:01:00,0.02682430959544798,9420.00m,11.521656050955379,
3427,2024-04-04 18:34:00,-0.009249898908208654,1980.00m,-19.40909090909091,
3428,2024-04-04 18:46:00,0.006113390716217018,720.00m,34.94999999999951,
3429,2024-04-04 19:10:00,-0.00863916178543626,1440.00m,-24.84583333333285,
3430,2024-04-04 19:37:00,0.009432004512864795,1620.00m,23.90370370370349,
3431,2024-04-04 20:18:00,-0.024570013898540737,2460.00m,-41.39268292682941,
3432,2024-04-04 21:03:00,0.011646770533240298,2700.00m,17.437777777778038,
3433,2024-04-04 21:40:00,-0.009044947446874688,2220.00m,-16.66216216216216,
3434,2024-04-05 00:55:00,0.017091309104852962,11700.00m,5.91999999999997,
3435,2024-04-05 02:46:00,-0.01786091196914007,6660.00m,-11.054054054054054,
3436,2024-04-05 04:14:00,0.008336976901015999,5280.00m,6.392045454545454,
3437,2024-04-05 05:21:00,-0.023926623844310893,4020.00m,-24.295522388059744,
3438,2024-04-05 08:24:00,0.01871690771204678,10980.00m,6.791803278688572,
3439,2024-04-05 09:23:00,-0.018139459940486217,3540.00m,-20.798305084745863,
3440,2024-04-05 10:43:00,0.011857695608316735,4800.00m,9.845000000000073,
3441,2024-04-05 12:03:00,-0.013208131102269823,4800.00m,-11.096250000000145,
3442,2024-04-05 12:28:00,0.007236029667872553,1500.00m,19.19600000000035,
3443,2024-04-05 12:33:00,-0.010763344151567046,300.00m,-143.8,
3444,2024-04-05 14:13:00,0.02757037489898874,6000.00m,18.21899999999994,
3445,2024-04-05 14:26:00,-0.006880331999581718,780.00m,-35.93846153846131,
3446,2024-04-05 14:48:00,0.016590422100791157,1320.00m,50.85454545454559,
3447,2024-04-05 15:22:00,-0.013498591647910646,2040.00m,-27.217647058823786,
3448,2024-04-05 16:05:00,0.01111786354851935,2580.00m,17.48604651162811,
3449,2024-04-05 18:03:00,-0.015159004296464933,7080.00m,-8.784745762711914,
3450,2024-04-05 19:34:00,0.009246390240135854,5460.00m,6.8428571428571106,
3451,2024-04-05 20:01:00,-0.009166091640318445,1620.00m,-23.074074074074073,
3452,2024-04-06 00:39:00,0.010224976204582766,16680.00m,2.476978417266208,
3453,2024-04-06 02:36:00,-0.008536970757053553,7020.00m,-4.964102564102589,
3454,2024-04-06 05:30:00,0.011421336729293397,10440.00m,4.427586206896602,
3455,2024-04-06 13:28:00,-0.009631635032708948,28680.00m,-1.3746861924686313,
3456,2024-04-06 23:13:00,0.03045910665127431,35100.00m,3.517948717948718,
3457,2024-04-07 00:29:00,-0.011168562564632969,4560.00m,-10.231578947368497,
3458,2024-04-07 02:10:00,0.013069673940830646,6060.00m,8.908910891089137,
3459,2024-04-07 04:33:00,-0.009739598716489255,8580.00m,-4.750349650349671,
3460,2024-04-07 15:26:00,0.012279398669985274,39180.00m,1.2987748851454912,
3461,2024-04-07 15:48:00,-0.006984195094042808,1320.00m,-22.195454545454677,
3462,2024-04-07 16:41:00,0.013029569315551595,3180.00m,17.067924528301997,
3463,2024-04-07 19:54:00,-0.018761205892682205,11580.00m,-6.83678756476684,
3464,2024-04-07 20:36:00,0.006127937541116072,2520.00m,10.069047619047481,
3465,2024-04-07 22:03:00,-0.0069979419512145105,5220.00m,-5.585057471264301,
3466,2024-04-08 01:20:00,0.012345392523147569,11820.00m,4.320812182741102,
3467,2024-04-08 03:11:00,-0.008978510028653254,6660.00m,-5.64594594594592,
3468,2024-04-08 09:27:00,0.05017398331437125,22560.00m,9.23058510638297,
3469,2024-04-08 10:16:00,-0.010120588073343938,2940.00m,-15.004081632653001,
3470,2024-04-08 12:14:00,0.012280833500211258,7080.00m,7.483898305084672,
3471,2024-04-08 14:46:00,-0.019044701402216296,9120.00m,-9.120394736842028,
3472,2024-04-08 16:35:00,0.008567955454473995,6540.00m,5.612844036697141,
3473,2024-04-08 17:29:00,-0.00874927448088922,3240.00m,-11.668518518518356,
3474,2024-04-08 18:43:00,0.010783430666238993,4440.00m,10.402702702702742,
3475,2024-04-08 20:34:00,-0.00821679363499931,6660.00m,-5.34144144144152,
3476,2024-04-08 23:01:00,0.00636211960728972,8820.00m,3.0972789115646457,
3477,2024-04-09 01:11:00,-0.014847367726796255,7800.00m,-8.225384615384637,
3478,2024-04-09 03:15:00,0.010496094443708363,7440.00m,6.005645161290299,
3479,2024-04-09 08:08:00,-0.027371542466758367,17580.00m,-6.697610921501687,
3480,2024-04-09 09:14:00,0.015440433083569313,3960.00m,16.31363636363632,
3481,2024-04-09 09:53:00,-0.007000502759528382,2340.00m,-12.710256410256335,
3482,2024-04-09 12:49:00,0.009599863468608446,10560.00m,3.835227272727273,
3483,2024-04-09 13:22:00,-0.007130732442578686,1980.00m,-15.339393939393851,
3484,2024-04-09 13:32:00,0.00714079988876644,600.00m,50.33000000000029,
3485,2024-04-09 14:00:00,-0.016106083487355222,1680.00m,-40.83214285714296,
3486,2024-04-09 14:19:00,0.008854233036426266,1140.00m,32.547368421052326,
3487,2024-04-09 14:48:00,-0.023627355391019435,1740.00m,-57.40689655172424,
3488,2024-04-09 14:59:00,0.009013618544128441,660.00m,56.3727272727278,
3489,2024-04-09 15:11:00,-0.011494468134147662,720.00m,-66.49166666666618,
3490,2024-04-09 16:02:00,0.010543865248381986,3060.00m,14.186274509803921,
3491,2024-04-09 17:11:00,-0.0154481581042262,4140.00m,-15.52463768115959,
3492,2024-04-09 22:40:00,0.017240268110337718,19740.00m,3.5775075987841944,
3493,2024-04-09 23:32:00,-0.0075121602824583375,3120.00m,-10.032692307692251,
3494,2024-04-10 00:16:00,0.006116731494928682,2640.00m,9.581818181818313,
3495,2024-04-10 01:25:00,-0.009393300099643514,4140.00m,-9.440579710145053,
3496,2024-04-10 02:03:00,0.013786848996810668,2280.00m,24.92368421052647,
3497,2024-04-10 02:54:00,-0.015852275174820154,3060.00m,-21.647058823529413,
3498,2024-04-10 07:17:00,0.014721545397510907,15780.00m,3.8365019011406845,
3499,2024-04-10 10:22:00,-0.01253666532466777,11100.00m,-4.712972972972942,
3500,2024-04-10 12:00:00,0.00770428140211793,5880.00m,5.398979591836645,
3501,2024-04-10 12:39:00,-0.022368261344523244,2340.00m,-39.69230769230769,
3502,2024-04-10 12:53:00,0.007530610193741391,840.00m,36.392857142857146,
3503,2024-04-10 13:49:00,-0.007952563348379653,3360.00m,-9.680357142856987,
3504,2024-04-10 14:42:00,0.02000899081103609,3180.00m,25.530188679245118,
3505,2024-04-10 15:13:00,-0.009002909636012798,1860.00m,-20.032258064516128,
3506,2024-04-10 17:22:00,0.02268248759814327,7740.00m,12.01937984496124,
3507,2024-04-10 18:33:00,-0.011166231804449202,4260.00m,-10.994366197182975,
3508,2024-04-10 20:21:00,0.015381922443747968,6480.00m,9.845370370370263,
3509,2024-04-10 21:44:00,-0.007768924018982623,4980.00m,-6.569879518072149,
3510,2024-04-10 22:34:00,0.02165853490435718,3000.00m,30.167999999999882,
3511,2024-04-11 00:30:00,-0.01114078113361344,6960.00m,-6.833620689655147,
3512,2024-04-11 02:47:00,0.010569881026658458,8220.00m,5.42846715328465,
3513,2024-04-11 04:36:00,-0.009450945094509451,6540.00m,-6.165137614678899,
3514,2024-04-11 07:24:00,0.012136528850522531,10080.00m,5.0880952380952555,
3515,2024-04-11 08:04:00,-0.007966411734009785,2400.00m,-14.197500000000218,
3516,2024-04-11 08:49:00,0.008429146946573065,2700.00m,13.246666666666796,
3517,2024-04-11 11:58:00,-0.018409871695996553,11340.00m,-6.946560846560816,
3518,2024-04-11 12:42:00,0.015282398670896848,2640.00m,24.3136363636361,
3519,2024-04-11 13:47:00,-0.018139377165940367,3900.00m,-19.83384615384611,
3520,2024-04-11 13:57:00,0.009642791121581836,600.00m,67.29000000000087,
3521,2024-04-11 14:19:00,-0.010669130629786867,1320.00m,-34.16818181818235,
3522,2024-04-11 14:31:00,0.006016879973717522,720.00m,34.95000000000073,
3523,2024-04-11 14:59:00,-0.007024769227917195,1680.00m,-17.59285714285735,
3524,2024-04-11 16:02:00,0.007641744230633986,3780.00m,8.446031746031839,
3525,2024-04-11 16:39:00,-0.007360025540599986,2220.00m,-13.956756756756993,
3526,2024-04-11 17:27:00,0.011867088607594937,2880.00m,17.21875,
3527,2024-04-11 18:33:00,-0.00638827123617727,3960.00m,-6.821212121212077,
3528,2024-04-11 20:24:00,0.010609416660597332,6660.00m,6.692792792792871,
3529,2024-04-11 23:26:00,-0.012134426896684428,10920.00m,-4.718131868131932,
3530,2024-04-12 04:50:00,0.019730527315615524,19440.00m,4.257098765432108,
3531,2024-04-12 13:45:00,-0.022353555106037353,32100.00m,-2.9785046728971962,
3532,2024-04-12 14:04:00,0.006228772884391132,1140.00m,22.847368421052938,
3533,2024-04-12 14:59:00,-0.011936948499004743,3300.00m,-15.220000000000105,
3534,2024-04-12 15:29:00,0.006498801409156093,1800.00m,15.010000000000097,
3535,2024-04-12 17:35:00,-0.03081588758244918,7560.00m,-17.056349206349253,
3536,2024-04-12 17:46:00,0.012791662783007859,660.00m,78.60000000000053,
3537,2024-04-12 18:35:00,-0.042078430513253134,2940.00m,-58.785714285714285,
3538,2024-04-12 18:43:00,0.01571330537552412,480.00m,128.79999999999927,
3539,2024-04-12 18:46:00,-0.006020532869707261,180.00m,-133.66666666666666,
3540,2024-04-12 18:57:00,0.009676094036046032,660.00m,58.23636363636417,
3541,2024-04-12 19:02:00,-0.0065315281621662925,300.00m,-87.32000000000116,
3542,2024-04-12 19:05:00,0.00791767306545562,180.00m,175.26666666666765,
3543,2024-04-12 19:16:00,-0.006010380343680853,660.00m,-36.57272727272754,
3544,2024-04-12 19:33:00,0.011544837889794308,1020.00m,45.182352941176816,
3545,2024-04-12 20:00:00,-0.0073521545319465515,1620.00m,-18.325925925926033,
3546,2024-04-12 20:43:00,0.00929568356954249,2580.00m,14.44186046511628,
3547,2024-04-12 21:41:00,-0.010295701077622602,3480.00m,-11.96896551724133,
3548,2024-04-12 22:17:00,0.00824641850986038,2160.00m,15.286111111111191,
3549,2024-04-13 01:58:00,-0.021261163783045465,13260.00m,-6.472850678733032,
3550,2024-04-13 04:48:00,0.031830564995945304,10200.00m,12.329999999999947,
3551,2024-04-13 08:53:00,-0.012228486825935669,14700.00m,-3.3914285714285475,
3552,2024-04-13 11:09:00,0.00998554762578776,8160.00m,4.927941176470567,
3553,2024-04-13 12:12:00,-0.008593067717799231,3780.00m,-9.246031746031745,
3554,2024-04-13 15:29:00,0.010490337729355238,11820.00m,3.5786802030456855,
3555,2024-04-13 17:40:00,-0.01855110536491846,7860.00m,-9.616793893129794,
3556,2024-04-13 17:47:00,0.006100534284372607,420.00m,58.08571428571512,
3557,2024-04-13 18:09:00,-0.008023085010401677,1320.00m,-24.454545454545453,
3558,2024-04-13 19:01:00,0.010998444041883172,3120.00m,14.069230769230881,
3559,2024-04-13 19:54:00,-0.040697337253030236,3180.00m,-51.639622641509604,
3560,2024-04-13 19:55:00,0.0072667299095379384,60.00m,468.8000000000029,
3561,2024-04-13 19:56:00,-0.013874611430857754,60.00m,-901.5999999999985,
3562,2024-04-13 20:00:00,0.011516782042559034,240.00m,184.5,
3563,2024-04-13 20:08:00,-0.055445675919183465,480.00m,-449.2375000000002,
3564,2024-04-13 20:14:00,0.021863796356033915,360.00m,223.09999999999977,
3565,2024-04-13 20:19:00,-0.006785149712849907,300.00m,-84.9,
3566,2024-04-13 20:20:00,0.006717241778862116,60.00m,417.40000000000146,
3567,2024-04-13 20:23:00,-0.016183899226293263,180.00m,-337.46666666666715,
3568,2024-04-13 20:24:00,0.01345062687265618,60.00m,827.8000000000029,
3569,2024-04-13 20:26:00,-0.0068733425897126625,120.00m,-214.35000000000218,
3570,2024-04-13 20:41:00,0.011941681586369409,900.00m,49.313333333333624,
3571,2024-04-13 20:54:00,-0.019118604265312134,780.00m,-92.1846153846155,
3572,2024-04-13 21:05:00,0.016742567171947196,660.00m,93.58181818181832,
3573,2024-04-13 21:29:00,-0.011253587230897696,1440.00m,-29.3125,
3574,2024-04-13 21:58:00,0.018238178673642823,1740.00m,38.8724137931033,
3575,2024-04-13 22:07:00,-0.011659241275430042,540.00m,-81.53333333333285,
3576,2024-04-13 22:44:00,0.03775195568087911,2220.00m,63.46756756756744,
3577,2024-04-13 22:48:00,-0.008865761862197211,240.00m,-143.0749999999989,
3578,2024-04-13 23:06:00,0.022766703032538575,1080.00m,80.92222222222215,
3579,2024-04-13 23:58:00,-0.025067241273916543,3120.00m,-31.544230769230825,
3580,2024-04-14 00:06:00,0.0076165007986431915,480.00m,60.73750000000018,
3581,2024-04-14 00:25:00,-0.020841111608920704,1140.00m,-70.51052631578932,
3582,2024-04-14 00:45:00,0.019892948894138857,1200.00m,62.604999999999926,
3583,2024-04-14 01:11:00,-0.013180359535159026,1560.00m,-32.54230769230764,
3584,2024-04-14 01:32:00,0.01092538189900531,1260.00m,32.957142857142784,
3585,2024-04-14 03:14:00,-0.02893191755153034,6120.00m,-18.16470588235297,
3586,2024-04-14 06:37:00,0.04302171507963056,12180.00m,13.179310344827593,
3587,2024-04-14 07:50:00,-0.00845787865426299,4380.00m,-7.515068493150665,
3588,2024-04-14 08:29:00,0.00796094163012719,2340.00m,13.128205128205128,
3589,2024-04-14 09:39:00,-0.014332212383920009,4200.00m,-13.272857142857122,
3590,2024-04-14 10:36:00,0.01100366371451508,3420.00m,12.33508771929822,
3591,2024-04-14 11:44:00,-0.011332817337461278,4080.00m,-10.766176470588213,
3592,2024-04-14 12:48:00,0.014710049962500724,3840.00m,14.6796875,
3593,2024-04-14 13:03:00,-0.006368099939204541,900.00m,-27.513333333333623,
3594,2024-04-14 13:08:00,0.006526934670089354,300.00m,84.06000000000058,
3595,2024-04-14 14:38:00,-0.020660340970454348,5400.00m,-14.878888888888874,
3596,2024-04-14 16:31:00,0.018802411623939162,6780.00m,10.561946902654867,
3597,2024-04-14 17:25:00,-0.03056778012475766,3240.00m,-36.607407407407464,
3598,2024-04-14 18:35:00,0.03100525420863073,4200.00m,27.76857142857147,
3599,2024-04-14 19:25:00,-0.010851470688342814,3000.00m,-14.028000000000029,
3600,2024-04-14 20:05:00,0.006015484476421343,2400.00m,9.614999999999963,
3601,2024-04-14 21:23:00,-0.015161785832001397,4680.00m,-12.502564102564065,
3602,2024-04-14 22:07:00,0.03145187262015262,2640.00m,45.27954545454536,
3603,2024-04-14 22:20:00,-0.009163303319573794,780.00m,-46.05384615384593,
3604,2024-04-14 22:37:00,0.010684605641199869,1020.00m,40.688235294117476,
3605,2024-04-14 22:50:00,-0.007569956762754462,780.00m,-38.09999999999967,
3606,2024-04-14 23:21:00,0.013330376503055368,1860.00m,27.922580645161243,
3607,2024-04-14 23:31:00,-0.0065714285714285935,600.00m,-43.240000000000144,
3608,2024-04-15 00:13:00,0.006845899191648574,2520.00m,10.654761904762077,
3609,2024-04-15 00:36:00,-0.008128833656714147,1380.00m,-23.260869565217707,
3610,2024-04-15 00:45:00,0.006179524847541616,540.00m,44.822222222222386,
3611,2024-04-15 04:15:00,-0.014881971880304795,12600.00m,-4.654761904761905,
3612,2024-04-15 07:00:00,0.027577040769016695,9900.00m,10.81454545454542,
3613,2024-04-15 08:14:00,-0.00651973818776846,4440.00m,-5.858108108108108,
3614,2024-04-15 09:42:00,0.010275989336466031,5280.00m,7.713636363636397,
3615,2024-04-15 12:00:00,-0.013385639170638848,8280.00m,-6.4731884057971225,
3616,2024-04-15 13:48:00,0.007051687058794985,6480.00m,4.299074074074101,
3617,2024-04-15 15:01:00,-0.03675797468430786,4380.00m,-33.38767123287665,
3618,2024-04-15 15:19:00,0.01356674714338948,1080.00m,48.138888888888886,
3619,2024-04-15 15:44:00,-0.006546599336689579,1500.00m,-16.952000000000115,
3620,2024-04-15 16:03:00,0.007305001702634542,1140.00m,24.726315789473837,
3621,2024-04-15 16:32:00,-0.013034505008343402,1740.00m,-29.117241379310396,
3622,2024-04-15 17:11:00,0.011988269794721408,2340.00m,19.653846153846153,
3623,2024-04-15 17:48:00,-0.01985503214638967,2220.00m,-34.721621621621544,
3624,2024-04-15 18:00:00,0.00923378214518291,720.00m,48.799999999999876,
3625,2024-04-15 18:17:00,-0.012931822407347006,1020.00m,-48.6882352941179,
3626,2024-04-15 18:44:00,0.010423064016765543,1620.00m,24.38888888888889,
3627,2024-04-15 19:06:00,-0.024011642388193373,1320.00m,-69.67272727272707,
3628,2024-04-15 19:13:00,0.012490590325650926,420.00m,111.17142857142815,
3629,2024-04-15 19:19:00,-0.006773819733644398,360.00m,-71.21666666666594,
3630,2024-04-15 20:06:00,0.014750900982861328,2820.00m,19.66382978723398,
3631,2024-04-15 21:32:00,-0.013718581899399118,5160.00m,-10.141860465116245,
3632,2024-04-15 21:57:00,0.01009635472316753,1500.00m,25.32399999999994,
3633,2024-04-15 22:21:00,-0.00969704241785071,1440.00m,-25.59166666666685,
3634,2024-04-16 00:16:00,0.014719879090693187,6900.00m,8.028695652173939,
3635,2024-04-16 00:45:00,-0.01143319507290091,1740.00m,-25.093103448275762,
3636,2024-04-16 01:34:00,0.013981179365006159,2940.00m,17.953061224489737,
3637,2024-04-16 02:27:00,-0.01674451410658312,3180.00m,-20.156603773584962,
3638,2024-04-16 03:06:00,0.012373329592534626,2340.00m,19.902564102564213,
3639,2024-04-16 04:45:00,-0.028653128193500403,5940.00m,-18.380808080808123,
3640,2024-04-16 07:33:00,0.03335321828161626,10080.00m,12.24702380952381,
3641,2024-04-16 08:45:00,-0.010668954925587115,4320.00m,-9.445833333333313,
3642,2024-04-16 09:27:00,0.007016503450375482,2520.00m,10.535714285714286,
3643,2024-04-16 10:30:00,-0.03023078945835258,3780.00m,-30.4746031746032,
3644,2024-04-16 11:04:00,0.019669352246047156,2040.00m,35.62941176470593,
3645,2024-04-16 11:41:00,-0.006909279676940641,2220.00m,-11.727027027027066,
3646,2024-04-16 12:36:00,0.015697731284985177,3300.00m,17.8,
3647,2024-04-16 13:16:00,-0.010007151348100065,2400.00m,-15.847499999999854,
3648,2024-04-16 13:28:00,0.008797527698578188,720.00m,45.97499999999976,
3649,2024-04-16 13:47:00,-0.017427385892116183,1140.00m,-58.026315789473685,
3650,2024-04-16 14:16:00,0.01478764478764474,1740.00m,31.69655172413783,
3651,2024-04-16 14:37:00,-0.01721803700744459,1260.00m,-51.71904761904755,
3652,2024-04-16 14:45:00,0.008225108923412468,480.00m,63.73750000000018,
3653,2024-04-16 15:01:00,-0.009866726397132892,960.00m,-38.54374999999982,
3654,2024-04-16 15:27:00,0.007132434803825631,1560.00m,16.97692307692285,
3655,2024-04-16 16:20:00,-0.010159206901586247,3180.00m,-11.9471698113207,
3656,2024-04-16 17:26:00,0.02499736605370004,3960.00m,23.36666666666662,
3657,2024-04-16 17:57:00,-0.014660790332196314,1860.00m,-29.90645161290318,
3658,2024-04-16 18:11:00,0.00992463440625524,840.00m,44.17142857142868,
3659,2024-04-16 18:21:00,-0.006845919145690359,600.00m,-43.08000000000029,
3660,2024-04-16 19:01:00,0.009262814974110864,2400.00m,14.472500000000036,
3661,2024-04-16 20:08:00,-0.008331206273057466,4020.00m,-7.843283582089552,
3662,2024-04-16 21:49:00,0.028223550213746975,6060.00m,17.479207920792092,
3663,2024-04-17 00:27:00,-0.011317557062006366,9480.00m,-4.606962025316465,
3664,2024-04-17 00:50:00,0.00873276603641252,1380.00m,24.143478260869692,
3665,2024-04-17 01:16:00,-0.00872264332729478,1560.00m,-21.51923076923077,
3666,2024-04-17 02:10:00,0.010680376636223926,3240.00m,12.5759259259259,
3667,2024-04-17 04:18:00,-0.009538925976067099,7680.00m,-4.7890625,
3668,2024-04-17 05:16:00,0.01178318931657502,3480.00m,12.931034482758621,
3669,2024-04-17 12:42:00,-0.036593167701863334,26760.00m,-5.283856502242149,
3670,2024-04-17 13:46:00,0.013129519014109454,3840.00m,12.728124999999977,
3671,2024-04-17 14:23:00,-0.02761144166215913,2220.00m,-46.90810810810807,
3672,2024-04-17 14:30:00,0.00613032210777059,420.00m,53.52857142857101,
3673,2024-04-17 14:34:00,-0.009925671291817036,240.00m,-152.60000000000036,
3674,2024-04-17 14:46:00,0.016653883360405474,720.00m,84.5,
3675,2024-04-17 15:15:00,-0.02025986782055774,1740.00m,-43.244827586206846,
3676,2024-04-17 15:24:00,0.006386178285344981,540.00m,43.03333333333366,
3677,2024-04-17 15:43:00,-0.015021160371531278,1140.00m,-48.25263157894752,
3678,2024-04-17 15:50:00,0.008531682333312841,420.00m,73.27142857142879,
3679,2024-04-17 16:05:00,-0.013358073560943451,900.00m,-53.99333333333343,
3680,2024-04-17 16:16:00,0.019182515575868312,660.00m,104.31818181818181,
3681,2024-04-17 16:46:00,-0.016297180797669557,1800.00m,-33.119999999999955,
3682,2024-04-17 18:24:00,0.03181378597392203,5880.00m,19.46938775510204,
3683,2024-04-17 19:40:00,-0.018220160951488318,4560.00m,-14.835526315789474,
3684,2024-04-17 20:35:00,0.010147396489148952,3300.00m,11.209090909090909,
3685,2024-04-17 20:54:00,-0.00987600006517734,1140.00m,-31.899999999999924,
3686,2024-04-17 21:21:00,0.014380012145169261,1620.00m,32.362962962962804,
3687,2024-04-17 21:43:00,-0.010361996602783594,1320.00m,-29.03181818181805,
3688,2024-04-17 23:07:00,0.011837704918032764,5040.00m,8.596428571428554,
3689,2024-04-17 23:30:00,-0.008484805280442452,1380.00m,-22.76956521739118,
