index,datetime,percentage_change,duration,trend,volatility
0,2023-04-18 12:22:00,,,,
1,2023-04-18 18:02:00,-0.015550168509430662,20400.00m,-1.3923529411764748,
2,2023-04-18 20:54:00,0.015011678345011726,10320.00m,2.615697674418613,
3,2023-04-19 09:08:00,-0.04470428896873433,44040.00m,-1.8527247956403288,
4,2023-04-19 14:39:00,0.014260151410874104,19860.00m,1.2519637462235693,
5,2023-04-19 21:43:00,-0.021242162690334736,25440.00m,-1.4766509433962318,
6,2023-04-19 22:09:00,0.012628127134007872,1560.00m,14.011538461538434,
7,2023-04-19 23:25:00,-0.019406009735525007,4560.00m,-7.45921052631576,
8,2023-04-20 01:41:00,0.01145372603916115,8160.00m,2.4124999999999894,
9,2023-04-20 03:05:00,-0.012618296529968404,5040.00m,-4.352380952380935,
10,2023-04-20 06:17:00,0.015069106060500085,11520.00m,2.2453124999999923,
11,2023-04-20 12:17:00,-0.02342687323730253,21600.00m,-1.8897222222222203,
12,2023-04-20 12:53:00,0.02013470150569484,2160.00m,15.86111111111111,
13,2023-04-20 19:28:00,-0.03151054268924986,23700.00m,-2.307848101265819,
14,2023-04-21 00:48:00,0.012120606458612859,19200.00m,1.0612499999999954,
15,2023-04-21 06:51:00,-0.018333450878059154,21780.00m,-1.4322314049586817,
16,2023-04-21 08:02:00,0.013592881698104449,4260.00m,5.329577464788753,
17,2023-04-21 11:20:00,-0.01042652348803008,11880.00m,-1.4858585858585895,
18,2023-04-21 13:40:00,0.013272545599753681,8400.00m,2.647142857142873,
19,2023-04-22 01:17:00,-0.0401655539022158,41820.00m,-1.630416068866573,
20,2023-04-22 23:07:00,0.025920129619059946,78600.00m,0.5373282442748103,
21,2023-04-23 00:34:00,-0.01476288926217868,5220.00m,-4.727586206896585,
22,2023-04-23 08:12:00,0.011140620275346111,27480.00m,0.6676855895196571,
23,2023-04-23 15:19:00,-0.014948711759004769,25620.00m,-0.9716627634660456,
24,2023-04-23 16:48:00,0.011876371616678885,5340.00m,3.648314606741581,
25,2023-04-23 18:50:00,-0.010280248836965572,7320.00m,-2.3311475409836184,
26,2023-04-24 01:18:00,0.021351117409232265,23280.00m,1.5067010309278408,
27,2023-04-24 08:59:00,-0.028285457841794533,27660.00m,-1.7158351409978307,
28,2023-04-24 13:52:00,0.018753289001578667,17580.00m,1.7392491467576743,
29,2023-04-24 17:02:00,-0.024075712969819568,11400.00m,-3.5078947368421054,
30,2023-04-25 00:21:00,0.020353851278824497,26340.00m,1.2526195899772243,
31,2023-04-25 08:23:00,-0.013458169036054108,28920.00m,-0.7697095435684648,
32,2023-04-26 12:57:00,0.10215510426203939,102840.00m,1.6208868144690765,
33,2023-04-26 14:23:00,-0.014816124587560545,5160.00m,-5.163953488372076,
34,2023-04-26 16:07:00,0.012096173383000364,6240.00m,3.4346153846153915,
35,2023-04-26 19:47:00,-0.06992625605610434,13200.00m,-9.499545454545462,
36,2023-04-26 19:54:00,0.012504811618394672,420.00m,49.65714285714317,
37,2023-04-26 20:04:00,-0.02994148140515691,600.00m,-84.27000000000007,
38,2023-04-26 20:16:00,0.022554958941037692,720.00m,51.316666666666606,
39,2023-04-26 20:29:00,-0.013704420087398759,780.00m,-29.43076923076912,
40,2023-04-26 20:59:00,0.03159205967590802,1800.00m,28.996666666666595,
41,2023-04-26 21:18:00,-0.010230485155939158,1140.00m,-15.294736842105186,
42,2023-04-26 22:00:00,0.02042703639021577,2520.00m,13.673809523809506,
43,2023-04-26 22:31:00,-0.01637212869043887,1860.00m,-15.15161290322583,
44,2023-04-27 00:26:00,0.04262685467038521,6900.00m,10.460000000000013,
45,2023-04-27 01:24:00,-0.026371243482812348,3480.00m,-13.377586206896577,
46,2023-04-27 05:34:00,0.0210603114538352,15000.00m,2.413199999999997,
47,2023-04-27 06:54:00,-0.019966085006290685,4800.00m,-7.3,
48,2023-04-27 11:12:00,0.014937765126144255,15480.00m,1.659689922480623,
49,2023-04-27 12:38:00,-0.013143693845424036,5160.00m,-4.446511627906951,
50,2023-04-27 15:21:00,0.025871256713361216,9780.00m,4.557055214723921,
51,2023-04-27 15:44:00,-0.017050199971481172,1380.00m,-21.834782608695683,
52,2023-04-27 18:44:00,0.03205305332964908,10800.00m,5.155555555555556,
53,2023-04-27 19:13:00,-0.013386880856760375,1740.00m,-13.793103448275861,
54,2023-04-27 19:34:00,0.010427408412483088,1260.00m,14.638095238095307,
55,2023-04-28 13:53:00,-0.028512055432834114,65940.00m,-0.7727934485896296,
56,2023-04-28 14:24:00,0.011396739938005706,1860.00m,10.638709677419449,
57,2023-04-28 15:06:00,-0.010222803822617978,2520.00m,-7.123809523809541,
58,2023-04-29 04:25:00,0.015250943259448965,47940.00m,0.5529411764705874,
59,2023-04-29 17:30:00,-0.01191751245303548,47100.00m,-0.4464968152866242,
60,2023-04-30 15:30:00,0.03030626290433588,79200.00m,0.6671969696969702,
61,2023-04-30 20:15:00,-0.026479006836847476,17100.00m,-2.7817543859649096,
62,2023-04-30 21:29:00,0.010796661165984413,4440.00m,4.252702702702663,
63,2023-05-01 05:42:00,-0.03750178192012918,29580.00m,-2.241176470588231,
64,2023-05-01 07:06:00,0.011767526985615924,5040.00m,3.972619047619056,
65,2023-05-01 16:25:00,-0.022843081899105704,33540.00m,-1.172450805008947,
66,2023-05-01 17:05:00,0.012862034527036615,2400.00m,9.014999999999963,
67,2023-05-01 20:57:00,-0.02587633730798755,13920.00m,-3.1672413793103416,
68,2023-05-02 12:44:00,0.019358826974383445,56820.00m,0.5654699049630412,
69,2023-05-02 14:07:00,-0.010125082898007965,4980.00m,-3.4397590361445785,
70,2023-05-02 14:31:00,0.024194068458501396,1440.00m,28.13749999999997,
71,2023-05-02 15:02:00,-0.011260323712443648,1860.00m,-10.383870967741865,
72,2023-05-02 19:12:00,0.02062253230120423,15000.00m,2.331599999999991,
73,2023-05-03 02:06:00,-0.01600105379557054,24840.00m,-1.1149758454106244,
74,2023-05-03 08:35:00,0.013034364926989943,23340.00m,0.9511568123393316,
75,2023-05-03 15:06:00,-0.020798775928920366,23460.00m,-1.5296675191815818,
76,2023-05-03 17:42:00,0.02171288141371661,9360.00m,3.9192307692307553,
77,2023-05-03 18:37:00,-0.016204492210581956,3300.00m,-8.476363636363649,
78,2023-05-03 18:40:00,0.010263712036631383,180.00m,96.83333333333333,
79,2023-05-03 19:10:00,-0.011897559286705897,1800.00m,-11.339999999999902,
80,2023-05-03 22:25:00,0.035251770552029986,11700.00m,5.107692307692307,
81,2023-05-03 23:44:00,-0.010762429957025593,4740.00m,-3.9848101265823153,
82,2023-05-04 10:35:00,0.014646571119505477,39060.00m,0.6509984639016942,
83,2023-05-04 13:40:00,-0.023120757249079592,11100.00m,-3.669189189189205,
84,2023-05-05 02:01:00,0.026973406647815112,44460.00m,1.0439946018893416,
85,2023-05-05 12:33:00,-0.019596858798724803,37920.00m,-0.9132911392405075,
86,2023-05-05 17:02:00,0.026814191470572932,16140.00m,2.8784386617100344,
87,2023-05-05 18:52:00,-0.01095754583350189,6600.00m,-2.9536363636363436,
88,2023-05-06 00:38:00,0.01575740215986546,20760.00m,1.3355491329479727,
89,2023-05-06 15:01:00,-0.046233382570162504,51780.00m,-1.5958285052143693,
90,2023-05-06 18:43:00,0.018978698241513818,13320.00m,2.4288288288288324,
91,2023-05-06 21:44:00,-0.010390328151986159,10860.00m,-1.66187845303867,
92,2023-05-07 01:27:00,0.015466400457953399,13380.00m,1.9869955156950605,
93,2023-05-07 11:26:00,-0.012260976272072018,35940.00m,-0.5954924874791331,
94,2023-05-07 14:51:00,0.011257812608750122,12300.00m,1.578048780487805,
95,2023-05-08 08:56:00,-0.0486525735483893,65100.00m,-1.3030414746543773,
96,2023-05-08 15:01:00,0.014707744173512394,21900.00m,1.113972602739732,
97,2023-05-08 20:10:00,-0.02771648266249345,18540.00m,-2.516181229773463,
98,2023-05-09 01:33:00,0.0167409732203091,19380.00m,1.4136222910216671,
99,2023-05-09 06:36:00,-0.010825430024160712,18180.00m,-0.9907590759075932,
100,2023-05-09 13:12:00,0.013473905245198908,23760.00m,0.9333333333333388,
101,2023-05-09 16:05:00,-0.01662566006244517,10380.00m,-2.6716763005780386,
102,2023-05-10 01:23:00,0.01725424497589456,33480.00m,0.845340501792116,
103,2023-05-10 08:07:00,-0.01194538635521885,24240.00m,-0.822277227722774,
104,2023-05-10 13:03:00,0.02947844979747213,17760.00m,2.7364864864864864,
105,2023-05-10 17:21:00,-0.05181757442280564,15480.00m,-5.681395348837206,
106,2023-05-10 20:19:00,0.04054522610255053,10680.00m,6.109550561797753,
107,2023-05-10 21:23:00,-0.021193576357786265,3840.00m,-9.2421875,
108,2023-05-10 23:04:00,0.01393957807884205,6060.00m,3.7702970297029634,
109,2023-05-11 17:47:00,-0.034243484351251144,67380.00m,-0.844612644701692,
110,2023-05-11 19:14:00,0.010770012934482678,5220.00m,3.3114942528735467,
111,2023-05-11 19:44:00,-0.010241028467026323,1800.00m,-9.229999999999928,
112,2023-05-12 01:16:00,0.01003684411129457,19920.00m,0.8090361445783089,
113,2023-05-12 06:19:00,-0.03378838327783941,18180.00m,-3.0141914191419117,
114,2023-05-12 14:15:00,0.0180344377352422,28560.00m,0.9894957983193278,
115,2023-05-12 19:28:00,-0.027256964686678452,18780.00m,-2.3153354632587884,
116,2023-05-13 18:49:00,0.043761357924448026,84060.00m,0.8078515346181293,
117,2023-05-14 01:16:00,-0.013172907374753602,23220.00m,-0.9188630490956035,
118,2023-05-14 15:09:00,0.01819499084056581,49980.00m,0.5818727490996407,
119,2023-05-15 00:48:00,-0.014533308263192267,34740.00m,-0.6808290155440427,
120,2023-05-15 17:12:00,0.03387991634773299,59040.00m,0.9203252032520309,
121,2023-05-16 01:31:00,-0.02755171827336768,29940.00m,-1.5258517034068093,
122,2023-05-16 08:22:00,0.014765255508132399,24660.00m,0.9654501216544994,
123,2023-05-16 19:54:00,-0.013479668655370128,41520.00m,-0.5312138728323731,
124,2023-05-17 01:38:00,0.011210603982440767,20640.00m,0.8767441860465179,
125,2023-05-17 11:44:00,-0.023521670887751065,36360.00m,-1.0559405940594084,
126,2023-05-17 20:08:00,0.03332605553213272,30240.00m,1.7565476190476175,
127,2023-05-18 06:26:00,-0.011151143347383017,37080.00m,-0.4953074433656935,
128,2023-05-18 12:15:00,0.011365310934276451,20940.00m,0.8839541547277937,
129,2023-05-18 17:57:00,-0.03950459885256352,20520.00m,-3.1710526315789473,
130,2023-05-18 21:41:00,0.025087226941747573,13440.00m,2.953125,
131,2023-05-19 15:08:00,-0.011520745851754619,62820.00m,-0.2974212034383968,
132,2023-05-19 15:20:00,0.015480142674816032,720.00m,34.466666666666846,
133,2023-05-19 15:34:00,-0.016099249217704725,840.00m,-31.19999999999995,
134,2023-05-21 00:58:00,0.02088413891792065,120240.00m,0.2781936127744511,
135,2023-05-22 02:05:00,-0.026236221397014575,90420.00m,-0.4744525547445255,
136,2023-05-23 05:54:00,0.03329263605326822,100140.00m,0.5293588975434392,
137,2023-05-24 15:09:00,-0.04806917351363384,119700.00m,-0.660701754385966,
138,2023-05-24 20:32:00,0.014048301331657935,19380.00m,1.135294117647061,
139,2023-05-25 01:27:00,-0.021949791269196623,17700.00m,-1.9694915254237289,
140,2023-05-26 14:34:00,0.03888985456863083,133620.00m,0.4520880107768295,
141,2023-05-27 13:57:00,-0.012407372291813094,84180.00m,-0.2378474697077696,
142,2023-05-29 00:22:00,0.0690545750256009,123900.00m,0.8882324455205814,
143,2023-05-29 17:05:00,-0.030331950499721764,60180.00m,-0.8587238285144558,
144,2023-05-30 10:37:00,0.017563420436180012,63120.00m,0.4596958174904929,
145,2023-05-30 16:17:00,-0.016100306587527296,20400.00m,-1.3267647058823486,
146,2023-05-30 19:46:00,0.010109914027641772,12540.00m,1.3334928229665106,
147,2023-05-31 16:07:00,-0.03554947442513571,73260.00m,-0.810728910728912,
148,2023-06-01 00:16:00,0.01747108632027349,29340.00m,0.9595092024539893,
149,2023-06-01 03:05:00,-0.024962488563586405,10140.00m,-4.036094674556205,
150,2023-06-01 16:56:00,0.018151177236712165,49860.00m,0.5819494584837528,
151,2023-06-02 00:38:00,-0.022336092013344938,27720.00m,-1.3114718614718648,
152,2023-06-02 05:42:00,0.02524075624231735,18240.00m,2.201973684210531,
153,2023-06-02 14:09:00,-0.011393894814269926,30420.00m,-0.6110453648915173,
154,2023-06-03 15:58:00,0.015799733632934305,92940.00m,0.27417688831504244,
155,2023-06-03 21:12:00,-0.013935227743005834,18840.00m,-1.2117834394904459,
156,2023-06-04 22:16:00,0.017396859354340218,90240.00m,0.3114361702127645,
157,2023-06-05 16:03:00,-0.06796311439502353,64020.00m,-1.7447985004686044,
158,2023-06-05 16:17:00,0.015949175711191477,840.00m,29.08571428571434,
159,2023-06-05 19:27:00,-0.020336722144473615,11400.00m,-2.776315789473684,
160,2023-06-05 23:29:00,0.016957356714467922,14520.00m,1.7805785123967002,
161,2023-06-06 12:11:00,-0.016353413281634033,45720.00m,-0.5545931758530213,
162,2023-06-06 20:06:00,0.06896388935878926,28500.00m,3.690526315789474,
163,2023-06-06 20:23:00,-0.010013948130619222,1020.00m,-16.00588235294109,
164,2023-06-07 00:45:00,0.017706319702602204,15720.00m,1.817938931297707,
165,2023-06-07 10:02:00,-0.03611152712382603,33420.00m,-1.7748653500897638,
166,2023-06-07 11:32:00,0.021229588027755382,5400.00m,6.224444444444453,
167,2023-06-07 15:01:00,-0.02506317746466335,12540.00m,-3.231578947368428,
168,2023-06-07 15:32:00,0.013523646398325217,1860.00m,11.461290322580622,
169,2023-06-07 16:28:00,-0.014255777796137816,3360.00m,-6.778571428571403,
170,2023-06-07 18:14:00,0.0103397566309308,6360.00m,2.5603773584905456,
171,2023-06-07 21:59:00,-0.014242296263895273,13500.00m,-1.6786666666666537,
172,2023-06-08 15:53:00,0.024179573787674137,64440.00m,0.5885474860335181,
173,2023-06-09 02:24:00,-0.016911929483827567,37860.00m,-0.7175911251980971,
174,2023-06-09 13:23:00,0.016522802911721268,39540.00m,0.6599393019726826,
175,2023-06-10 05:51:00,-0.04851603933308661,59280.00m,-1.3138663967611321,
176,2023-06-10 11:53:00,0.010644983895042816,21720.00m,0.7486187845303868,
177,2023-06-10 17:03:00,-0.010039255315014158,18600.00m,-0.8332258064516105,
178,2023-06-10 17:44:00,0.025806122328793448,2460.00m,16.031707317073153,
179,2023-06-10 18:58:00,-0.023170545009185604,4440.00m,-8.1810810810811,
180,2023-06-10 22:42:00,0.01484174809776445,13440.00m,1.6910714285714417,
181,2023-06-11 04:23:00,-0.01002262425969261,20460.00m,-0.7612903225806515,
182,2023-06-11 20:11:00,0.020735673782651794,56880.00m,0.5608649789029544,
183,2023-06-12 02:49:00,-0.01969167287523646,23880.00m,-1.294974874371863,
184,2023-06-12 09:09:00,0.015702643609620412,22800.00m,1.0602631578947406,
185,2023-06-12 17:23:00,-0.015805226200069123,29640.00m,-0.8338056680161974,
186,2023-06-13 12:31:00,0.028375264629168388,68880.00m,0.6339721254355426,
187,2023-06-13 15:58:00,-0.02479442239232055,12420.00m,-3.1594202898550723,
188,2023-06-14 02:00:00,0.01224589762429586,36120.00m,0.5232558139534884,
189,2023-06-14 20:57:00,-0.043809216565084,68220.00m,-1.0032541776605108,
190,2023-06-15 00:58:00,0.011900936651510983,14460.00m,1.2294605809128598,
191,2023-06-15 11:17:00,-0.013690039097386288,37140.00m,-0.5571890145395824,
192,2023-06-15 19:09:00,0.025675490772115936,28320.00m,1.3516949152542372,
193,2023-06-15 20:29:00,-0.010272064535873725,4800.00m,-3.272499999999991,
194,2023-06-15 21:33:00,0.02072959944181922,3840.00m,8.170312500000023,
195,2023-06-16 14:46:00,-0.019046361422573724,61980.00m,-0.47473378509196656,
196,2023-06-16 18:15:00,0.047740653197293426,12540.00m,5.769377990430618,
197,2023-06-17 02:08:00,-0.010837732540783176,28380.00m,-0.6063424947145861,
198,2023-06-17 06:23:00,0.022272055256090433,15300.00m,2.2862745098039214,
199,2023-06-17 16:06:00,-0.014551950163120778,34980.00m,-0.6679245283018831,
200,2023-06-18 20:00:00,0.011475204684128439,100440.00m,0.1807646356033444,
201,2023-06-19 00:54:00,-0.01399943762302002,17640.00m,-1.2700680272108893,
202,2023-06-19 18:15:00,0.026422957439608256,62460.00m,0.6675312199807891,
203,2023-06-19 19:00:00,-0.021589982959176086,2700.00m,-12.951111111111095,
204,2023-06-20 01:14:00,0.027211940388925937,22440.00m,1.9216577540106972,
205,2023-06-20 14:29:00,-0.017357233163410164,47700.00m,-0.5923270440251591,
206,2023-06-20 18:57:00,0.0535278892681646,16080.00m,5.324626865671642,
207,2023-06-20 19:10:00,-0.010727764722637588,780.00m,-23.17692307692302,
208,2023-06-21 01:11:00,0.04354554844932635,21660.00m,3.3515235457063652,
209,2023-06-21 04:08:00,-0.011071027018824195,10620.00m,-1.8135593220338984,
210,2023-06-21 16:35:00,0.07226508007365669,44820.00m,2.7738955823293203,
211,2023-06-21 17:44:00,-0.028029935893474512,4140.00m,-12.489855072463758,
212,2023-06-21 18:23:00,0.012886537567051106,2340.00m,9.874358974358938,
213,2023-06-21 21:43:00,-0.015097955003468895,12000.00m,-2.285,
214,2023-06-22 02:57:00,0.022460754058768233,18840.00m,2.1324840764331165,
215,2023-06-22 11:56:00,-0.02008424754606048,32340.00m,-1.1358070500927588,
216,2023-06-22 13:48:00,0.015273155804937396,6720.00m,4.0732142857142595,
217,2023-06-22 14:54:00,-0.022274909647294696,3960.00m,-10.234848484848484,
218,2023-06-22 20:02:00,0.019322025895359595,18480.00m,1.8600649350649399,
219,2023-06-23 02:07:00,-0.013218409820335507,21900.00m,-1.0945205479452054,
220,2023-06-23 16:08:00,0.05222727044109506,50460.00m,1.8520808561236604,
221,2023-06-23 16:23:00,-0.01860036773726852,900.00m,-38.91333333333314,
222,2023-06-23 17:58:00,0.014663575496632785,5700.00m,4.7536842105263,
223,2023-06-24 01:32:00,-0.026103235303529735,27240.00m,-1.7966960352422925,
224,2023-06-24 12:40:00,0.011447986251901748,40080.00m,0.521556886227547,
225,2023-06-24 16:03:00,-0.015817839820412825,12180.00m,-2.398522167487692,
226,2023-06-25 04:38:00,0.02426489034421756,45300.00m,0.9736423841059632,
227,2023-06-26 01:20:00,-0.03287152069455589,74520.00m,-0.821256038647343,
228,2023-06-26 07:14:00,0.018290630758516283,21240.00m,1.5505649717514063,
229,2023-06-26 10:09:00,-0.014077777923216904,10500.00m,-2.458285714285718,
230,2023-06-26 13:59:00,0.016681823914818553,13800.00m,2.185217391304357,
231,2023-06-26 17:16:00,-0.022460758964715714,11820.00m,-3.4923857868020303,
232,2023-06-27 14:08:00,0.03493948542573942,75120.00m,0.8356230031948887,
233,2023-06-28 13:04:00,-0.030939611609130956,82560.00m,-0.6968023255813974,
234,2023-06-28 14:42:00,0.014421956271270044,5880.00m,4.419387755102063,
235,2023-06-28 19:31:00,-0.018576207092375563,17340.00m,-1.9581314878892784,
236,2023-06-29 13:17:00,0.030774839620306586,63960.00m,0.8631332082551615,
237,2023-06-29 20:24:00,-0.01712965516793816,25620.00m,-1.236299765807966,
238,2023-06-30 04:51:00,0.03215582700561241,30420.00m,1.921104536489152,
239,2023-06-30 06:35:00,-0.020598771750255887,6240.00m,-6.1923076923076925,
240,2023-06-30 12:31:00,0.015395166557805404,21360.00m,1.3241573033707905,
241,2023-06-30 13:47:00,-0.04782351389773382,4560.00m,-19.564473684210544,
242,2023-06-30 14:14:00,0.022449289803914897,1620.00m,24.61481481481476,
243,2023-06-30 16:08:00,-0.010978192281898018,6840.00m,-2.914912280701748,
244,2023-06-30 17:22:00,0.025042756740867454,4440.00m,10.13108108108109,
245,2023-06-30 18:46:00,-0.012344190442051041,5040.00m,-4.509523809523801,
246,2023-07-01 15:01:00,0.011297459061558542,72900.00m,0.28181069958847554,
247,2023-07-02 15:23:00,-0.013249548941112707,87720.00m,-0.27777017783857627,
248,2023-07-03 19:51:00,0.037035445046951415,102480.00m,0.6557962529273996,
249,2023-07-03 21:25:00,-0.01320299323111451,5640.00m,-4.4053191489361545,
250,2023-07-04 02:03:00,0.011789983844911194,16680.00m,1.3125899280575593,
251,2023-07-05 13:29:00,-0.034999313425877136,127560.00m,-0.51552210724365,
252,2023-07-06 09:00:00,0.041460807640251555,70260.00m,1.069940222032449,
253,2023-07-06 14:40:00,-0.050515064279767895,20400.00m,-4.675882352941175,
254,2023-07-06 16:06:00,0.018974633558664078,5160.00m,6.593023255813954,
255,2023-07-07 00:03:00,-0.02295641893001412,28620.00m,-1.4654088050314464,
256,2023-07-07 05:46:00,0.017781512605042016,20580.00m,1.5422740524781342,
257,2023-07-07 07:55:00,-0.010492420489448156,7740.00m,-2.462790697674424,
258,2023-07-07 16:12:00,0.015466618604666735,29820.00m,0.932394366197186,
259,2023-07-08 19:23:00,-0.012065854388046625,97860.00m,-0.22507664009810066,
260,2023-07-09 14:36:00,0.011813983817736686,69180.00m,0.30797918473547453,
261,2023-07-10 00:17:00,-0.014862212167942998,34860.00m,-0.7779690189328744,
262,2023-07-10 20:07:00,0.03487234944443886,71400.00m,0.8779831932773102,
263,2023-07-10 21:57:00,-0.02627275805905399,6600.00m,-7.405454545454532,
264,2023-07-11 15:18:00,0.018975916584136207,62460.00m,0.5503362151777116,
265,2023-07-11 18:36:00,-0.01168906311964057,11880.00m,-1.8161616161616088,
266,2023-07-12 12:30:00,0.017415357088823254,64440.00m,0.4930167597765363,
267,2023-07-12 13:38:00,-0.014311252776098583,4080.00m,-6.51029411764707,
268,2023-07-12 14:06:00,0.010380112164245187,1680.00m,11.303571428571429,
269,2023-07-12 19:36:00,-0.018930455246287455,19800.00m,-1.7672727272727293,
270,2023-07-13 15:45:00,0.0284440003573284,72540.00m,0.7110835401157988,
271,2023-07-13 16:34:00,-0.010587440483850165,2940.00m,-6.716326530612215,
272,2023-07-13 18:23:00,0.02283538558083425,6540.00m,6.44311926605504,
273,2023-07-13 18:31:00,-0.010983177142275855,480.00m,-43.1875,
274,2023-07-13 19:31:00,0.022621714660401047,3600.00m,11.729999999999988,
275,2023-07-13 21:21:00,-0.023076802187612978,6600.00m,-6.674545454545462,
276,2023-07-14 03:17:00,0.016019278472908193,21360.00m,1.3985955056179815,
277,2023-07-14 19:04:00,-0.051923417945989786,56820.00m,-1.7314677930306237,
278,2023-07-15 01:42:00,0.014713004559194375,23880.00m,1.10678391959799,
279,2023-07-16 02:21:00,-0.010217248189598467,88740.00m,-0.20987153482082585,
280,2023-07-16 15:09:00,0.011353659509936996,46080.00m,0.4445312500000019,
281,2023-07-17 18:48:00,-0.024842984446417415,99540.00m,-0.4553948161543098,
282,2023-07-17 21:57:00,0.020444774156564524,11340.00m,3.207936507936504,
283,2023-07-18 16:48:00,-0.023709759498774033,67860.00m,-0.634394341290893,
284,2023-07-19 04:36:00,0.0211614423086687,42480.00m,0.8830508474576282,
285,2023-07-19 15:01:00,-0.013182187308374376,37500.00m,-0.6363200000000012,
286,2023-07-20 10:41:00,0.021053480138923386,70800.00m,0.5311864406779655,
287,2023-07-20 18:29:00,-0.026590040330804685,28080.00m,-1.7271367521367507,
288,2023-07-21 18:38:00,0.015146855557395523,86940.00m,0.3093167701863359,
289,2023-07-22 23:31:00,-0.013432761289678246,103980.00m,-0.2328332371609925,
290,2023-07-23 19:10:00,0.023040323941285617,70740.00m,0.57913486005089,
291,2023-07-24 09:50:00,-0.04149377593360996,52800.00m,-1.4295454545454545,
292,2023-07-24 10:29:00,0.010258157316980921,2340.00m,7.6435897435898,
293,2023-07-24 15:10:00,-0.015123697539674158,16860.00m,-1.5800711743772242,
294,2023-07-26 20:54:00,0.025479094829822233,193440.00m,0.2285049627791554,
295,2023-07-27 18:39:00,-0.01902491011986262,78300.00m,-0.43226053639846634,
296,2023-07-28 15:21:00,0.01507228439310338,74520.00m,0.3529790660225454,
297,2023-07-30 20:02:00,-0.016494552056061155,189660.00m,-0.15406516925023728,
298,2023-07-31 00:44:00,0.015662289628382193,16920.00m,1.612765957446806,
299,2023-08-01 15:30:00,-0.02815611998901428,139560.00m,-0.3570077386070514,
300,2023-08-02 01:32:00,0.04673386294889105,36120.00m,2.225083056478405,
301,2023-08-02 16:55:00,-0.03523455259351101,55380.00m,-1.1452871072589366,
302,2023-08-03 15:00:00,0.01568508224303586,79500.00m,0.34264150943396227,
303,2023-08-04 20:50:00,-0.01660617646358515,107400.00m,-0.27273743016759816,
304,2023-08-07 02:52:00,0.010245412566368645,194520.00m,0.09136335595311558,
305,2023-08-07 16:15:00,-0.017348759017622693,48180.00m,-0.6310087173100881,
306,2023-08-08 13:04:00,0.033167247386759635,74940.00m,0.7621297037630115,
307,2023-08-08 13:52:00,-0.010316370957678983,2880.00m,-6.372916666666697,
308,2023-08-08 21:21:00,0.028078784161384856,26940.00m,1.8351893095768375,
309,2023-08-09 02:41:00,-0.016997016904209454,19200.00m,-1.6024999999999978,
310,2023-08-09 13:00:00,0.015621838878923136,37140.00m,0.7484652665589648,
311,2023-08-09 20:05:00,-0.02480038511976893,25500.00m,-1.7576470588235293,
312,2023-08-10 14:02:00,0.011176740939962867,64620.00m,0.3048282265552454,
313,2023-08-14 02:20:00,-0.02022099670727022,303480.00m,-0.1187425860023722,
314,2023-08-14 16:49:00,0.020054155842370712,52140.00m,0.67157652474108,
315,2023-08-17 00:45:00,-0.043894518406726674,201360.00m,-0.38825983313468415,
316,2023-08-17 04:20:00,0.010887258736232374,12900.00m,1.4372093023255814,
317,2023-08-17 16:04:00,-0.0330768051082577,42240.00m,-1.3480113636363635,
318,2023-08-17 16:42:00,0.011621452104766146,2280.00m,8.484210526315827,
319,2023-08-17 21:44:00,-0.11616579129282154,18120.00m,-10.79503311258279,
320,2023-08-17 21:48:00,0.056482597635068396,240.00m,350.25,
321,2023-08-17 21:49:00,-0.010047662477914577,60.00m,-263.2999999999993,
322,2023-08-17 22:01:00,0.017122944437163216,720.00m,37.01666666666673,
323,2023-08-17 22:10:00,-0.013347987569165495,540.00m,-39.13333333333341,
324,2023-08-17 23:07:00,0.03422089744870136,3420.00m,15.629824561403534,
325,2023-08-17 23:35:00,-0.01669842189513726,1680.00m,-16.057142857142935,
326,2023-08-18 00:08:00,0.011837537912982444,1980.00m,9.49696969696974,
327,2023-08-18 04:25:00,-0.023498889448830655,15420.00m,-2.4494163424124515,
328,2023-08-18 06:14:00,0.016556443289116502,6540.00m,3.9733944954128306,
329,2023-08-18 17:22:00,-0.03422445011864421,40080.00m,-1.3624251497005966,
330,2023-08-18 18:49:00,0.023518417568725178,5220.00m,6.942528735632184,
331,2023-08-19 07:18:00,-0.0187704481473028,44940.00m,-0.6587449933244345,
332,2023-08-20 20:44:00,0.017733768600296268,134760.00m,0.2036509349955483,
333,2023-08-21 15:27:00,-0.015885714285714284,67380.00m,-0.371326803205699,
334,2023-08-21 21:35:00,0.015054387798552296,22080.00m,1.0567934782608734,
335,2023-08-22 21:27:00,-0.027301606672285435,85920.00m,-0.49993016759776643,
336,2023-08-23 00:15:00,0.025511644318983798,10080.00m,3.87321428571429,
337,2023-08-23 13:12:00,-0.01352999422710057,46620.00m,-0.4554697554697574,
338,2023-08-23 19:48:00,0.03857333312663739,23760.00m,2.5133838383838363,
339,2023-08-23 21:54:00,-0.021505255969639613,7560.00m,-4.573809523809517,
340,2023-08-24 09:09:00,0.012733679610095472,40500.00m,0.49466666666666886,
341,2023-08-24 17:38:00,-0.02406639629156837,30540.00m,-1.2555992141453876,
342,2023-08-25 14:16:00,0.01209263560806593,74280.00m,0.253150242326334,
343,2023-08-25 14:56:00,-0.016500190621425822,2400.00m,-10.819999999999983,
344,2023-08-27 17:01:00,0.014315507109298655,180300.00m,0.1228951747088184,
345,2023-08-28 09:18:00,-0.011201345231498233,58620.00m,-0.2999999999999985,
346,2023-08-28 12:28:00,0.013129314276438236,11400.00m,1.7878947368420899,
347,2023-08-28 19:24:00,-0.011120394001472547,24960.00m,-0.7007211538461539,
348,2023-08-29 01:17:00,0.010153694216406424,21180.00m,0.7456090651558094,
349,2023-08-29 10:39:00,-0.0106130274052121,33720.00m,-0.49448398576512065,
350,2023-08-29 14:45:00,0.06560800404525424,14760.00m,6.909349593495922,
351,2023-08-29 14:53:00,-0.013167141190874646,480.00m,-45.4375,
352,2023-08-29 16:27:00,0.02943864685002808,5640.00m,8.53191489361702,
353,2023-08-30 15:04:00,-0.03531454692620094,81420.00m,-0.7298452468680897,
354,2023-08-31 11:42:00,0.01536516760488938,74280.00m,0.33578352180937054,
355,2023-08-31 21:08:00,-0.06393427106995175,33960.00m,-3.1030035335689097,
356,2023-09-01 12:23:00,0.016154561116274786,54900.00m,0.453989071038253,
357,2023-09-01 15:04:00,-0.01976310300618081,9660.00m,-3.207453416149077,
358,2023-09-01 16:33:00,0.012966021293791154,5340.00m,3.731460674157328,
359,2023-09-01 17:41:00,-0.02277107133496752,4080.00m,-8.688235294117636,
360,2023-09-03 20:51:00,0.02883128766604613,184200.00m,0.23811074918566774,
361,2023-09-05 03:23:00,-0.019359488449477484,109920.00m,-0.27565502183406115,
362,2023-09-05 15:21:00,0.010723053587903209,43080.00m,0.382033426183843,
363,2023-09-06 17:07:00,-0.017277322885200785,92760.00m,-0.2889391979301428,
364,2023-09-06 17:56:00,0.021843513853904283,2940.00m,11.326530612244898,
365,2023-09-06 19:10:00,-0.01469013596271623,4440.00m,-5.154054054054074,
366,2023-09-07 22:52:00,0.03237874097007235,99720.00m,0.4983754512635396,
367,2023-09-07 23:34:00,-0.010208293102207966,2520.00m,-6.419047619047671,
368,2023-09-08 00:57:00,0.010355657739199655,4980.00m,3.261445783132539,
369,2023-09-08 10:16:00,-0.027912612169171964,33540.00m,-1.3187835420393572,
370,2023-09-08 13:34:00,0.010372441944706249,11880.00m,1.3449494949494913,
371,2023-09-10 19:40:00,-0.011923624041541833,194760.00m,-0.0952865064695007,
372,2023-09-10 22:32:00,0.014708865895719214,10320.00m,2.191860465116279,
373,2023-09-11 20:01:00,-0.04230269380724247,77340.00m,-0.8535298681148182,
374,2023-09-12 04:02:00,0.04252918787839868,28860.00m,2.2022869022869083,
375,2023-09-12 05:19:00,-0.013486399993838338,4620.00m,-4.548051948051958,
376,2023-09-12 14:01:00,0.028407249958035216,31320.00m,1.3940613026819937,
377,2023-09-12 14:52:00,-0.011216805089506688,3060.00m,-5.794117647058823,
378,2023-09-12 16:30:00,0.015163788106215617,5880.00m,4.030612244897959,
379,2023-09-12 18:10:00,-0.021180688173832233,6000.00m,-5.601000000000022,
380,2023-09-12 19:17:00,0.011895471298650177,4020.00m,4.595522388059723,
381,2023-09-13 00:06:00,-0.01645559471130167,17340.00m,-1.491349480968858,
382,2023-09-13 16:27:00,0.02353196923996633,58860.00m,0.6179408766564737,
383,2023-09-13 19:02:00,-0.011286878624335897,9300.00m,-1.920000000000014,
384,2023-09-14 01:04:00,0.017595409159432772,21720.00m,1.2671270718232064,
385,2023-09-14 01:22:00,-0.014871079613992762,1080.00m,-21.916666666666668,
386,2023-09-14 18:35:00,0.02321541316700789,61980.00m,0.5873184898354314,
387,2023-09-15 14:47:00,-0.019345405045586767,72720.00m,-0.42681518151815123,
388,2023-09-15 23:08:00,0.023227789451204805,30060.00m,1.2157684630738494,
389,2023-09-17 21:12:00,-0.016331246273106767,165840.00m,-0.15853835021707696,
390,2023-09-18 13:03:00,0.037853586827209504,57060.00m,1.0505783385909593,
391,2023-09-18 18:42:00,-0.027751716685710557,20340.00m,-2.242477876106197,
392,2023-09-19 09:41:00,0.02889305252565455,53940.00m,0.8559510567296996,
393,2023-09-19 14:02:00,-0.01830145024852019,15660.00m,-1.921455938697318,
394,2023-09-19 15:36:00,0.02098086666889701,5640.00m,6.004255319148913,
395,2023-09-19 21:29:00,-0.016497300210084748,21180.00m,-1.2835694050991462,
396,2023-09-20 02:01:00,0.013083074189249276,16320.00m,1.2992647058823583,
397,2023-09-20 10:17:00,-0.015771740957559625,29760.00m,-0.870161290322585,
398,2023-09-20 18:33:00,0.01311734697666127,29760.00m,0.7122983870967727,
399,2023-09-20 19:19:00,-0.017385504505792036,2760.00m,-10.313043478260822,
400,2023-09-20 21:25:00,0.015496387905731239,7560.00m,3.2976190476190474,
401,2023-09-21 14:00:00,-0.03121028933238331,59700.00m,-0.8540703517587933,
402,2023-09-24 18:05:00,0.013389743123161263,273900.00m,0.07737130339539915,
403,2023-09-25 00:22:00,-0.02672866569902288,22620.00m,-1.8952254641909814,
404,2023-09-25 01:13:00,0.011780713453843818,3060.00m,6.009803921568627,
405,2023-09-25 11:36:00,-0.01179170022337362,37380.00m,-0.4982343499197397,
406,2023-09-25 20:05:00,0.015138468162317564,30540.00m,0.7736738703339868,
407,2023-09-26 15:47:00,-0.011902147157950516,70920.00m,-0.2659052453468691,
408,2023-09-27 12:02:00,0.028295270324650162,72900.00m,0.6076543209876537,
409,2023-09-27 18:07:00,-0.026815996422049123,21900.00m,-1.9712328767123288,
410,2023-09-28 16:25:00,0.04336403500373396,80280.00m,0.8462630792227199,
411,2023-09-28 18:48:00,-0.013749917412402035,8580.00m,-2.6195804195804095,
412,2023-09-28 20:09:00,0.010212436544444859,4860.00m,3.3876543209876275,
413,2023-09-29 02:42:00,-0.010263929618768276,23580.00m,-0.7089058524172992,
414,2023-09-29 07:39:00,0.013132328308207679,17820.00m,1.1878787878787855,
415,2023-09-29 14:09:00,-0.018381353379038692,23400.00m,-1.282820512820511,
416,2023-09-29 14:37:00,0.012594741274445587,1680.00m,12.017857142857142,
417,2023-09-29 18:14:00,-0.011465956974939039,13020.00m,-1.429493087557607,
418,2023-10-01 22:17:00,0.05541097375840387,187380.00m,0.4745116874799877,
419,2023-10-01 22:20:00,-0.016754234615970604,180.00m,-157.6333333333338,
420,2023-10-02 08:36:00,0.025799198639416564,36960.00m,1.1623376623376624,
421,2023-10-02 11:59:00,-0.010032035069971286,12180.00m,-1.4068965517241308,
422,2023-10-02 13:59:00,0.01266002441170624,7200.00m,2.9733333333333274,
423,2023-10-02 19:05:00,-0.03210581639803781,18360.00m,-2.994444444444442,
424,2023-10-02 19:55:00,0.012025905291470755,3000.00m,6.644000000000014,
425,2023-10-02 21:54:00,-0.023347486577073202,7140.00m,-5.484873949579838,
426,2023-10-03 06:51:00,0.012976500922968709,32220.00m,0.6597765363128477,
427,2023-10-03 20:06:00,-0.015540088583566819,47700.00m,-0.5406289308176091,
428,2023-10-04 10:08:00,0.014481575748226963,50520.00m,0.46828978622327705,
429,2023-10-04 14:48:00,-0.010810223734704168,16800.00m,-1.0664285714285662,
430,2023-10-05 00:48:00,0.019781579159255436,36000.00m,0.9008333333333334,
431,2023-10-05 07:38:00,-0.011828925599072712,24600.00m,-0.8039024390243956,
432,2023-10-05 14:20:00,0.01946299706184655,24120.00m,1.3330845771144313,
433,2023-10-05 17:19:00,-0.025407727768238228,10740.00m,-3.9843575418994455,
434,2023-10-06 10:35:00,0.015502430822093013,62160.00m,0.4093629343629329,
435,2023-10-06 13:00:00,-0.020924297454024472,8700.00m,-4.008965517241374,
436,2023-10-06 21:38:00,0.038081162361487925,31080.00m,1.999613899613898,
437,2023-10-08 13:12:00,-0.018993752567680492,142440.00m,-0.22590564448188682,
438,2023-10-08 13:48:00,0.010361272667540335,2160.00m,7.972222222222222,
439,2023-10-09 16:43:00,-0.025701861267834594,96900.00m,-0.44538699690402433,
440,2023-10-09 18:30:00,0.016452121612205176,6420.00m,4.192523364485968,
441,2023-10-11 03:59:00,-0.025794137597598386,120540.00m,-0.35584868093578786,
442,2023-10-11 10:25:00,0.010840459691785796,23160.00m,0.7582901554404163,
443,2023-10-11 17:49:00,-0.02740222911033442,26640.00m,-1.6844594594594628,
444,2023-10-12 02:53:00,0.013810250324913773,32640.00m,0.6738970588235267,
445,2023-10-12 17:35:00,-0.013454914332214823,52920.00m,-0.4105442176870732,
446,2023-10-13 21:01:00,0.020557438794726903,98760.00m,0.33159173754556454,
447,2023-10-13 22:55:00,-0.012470567394208616,6840.00m,-2.964035087719279,
448,2023-10-16 05:39:00,0.04481667096446272,197040.00m,0.3651644336175387,
449,2023-10-16 09:18:00,-0.011510492862278251,13140.00m,-1.4694063926940606,
450,2023-10-16 13:30:00,0.08940015125582144,15120.00m,9.803968253968263,
451,2023-10-16 13:49:00,-0.07491222650709671,1140.00m,-118.70000000000016,
452,2023-10-16 14:32:00,0.017708774676308617,2580.00m,11.469767441860482,
453,2023-10-16 15:42:00,-0.011134710236453776,4200.00m,-4.508571428571408,
454,2023-10-16 19:08:00,0.026844392433334918,12360.00m,3.652427184466009,
455,2023-10-17 04:07:00,-0.024554734786627005,32340.00m,-1.3111317254174342,
456,2023-10-17 10:21:00,0.018397871332447576,22440.00m,1.3810160427807487,
457,2023-10-17 13:48:00,-0.015564665062398567,12420.00m,-2.1497584541062804,
458,2023-10-18 04:57:00,0.024185124389775846,54540.00m,0.7488448844884457,
459,2023-10-19 01:44:00,-0.024894106382757245,74820.00m,-0.5754611066559732,
460,2023-10-19 16:24:00,0.026308767810448795,52800.00m,0.8403409090909091,
461,2023-10-19 17:43:00,-0.013692457016084304,4740.00m,-5.0,
462,2023-10-20 10:40:00,0.058007942923417564,61020.00m,1.6229105211406096,
463,2023-10-20 12:51:00,-0.023309581942299092,7860.00m,-5.3564885496183265,
464,2023-10-20 14:06:00,0.010179648865035449,4500.00m,3.990666666666657,
465,2023-10-20 17:09:00,-0.011312712323785988,10980.00m,-1.8360655737704918,
466,2023-10-20 23:06:00,0.013693125512938904,21420.00m,1.1263305322128911,
467,2023-10-21 03:12:00,-0.010558601413636461,14760.00m,-1.277642276422761,
468,2023-10-21 19:01:00,0.026513518193454558,56940.00m,0.8228661749209673,
469,2023-10-22 02:37:00,-0.013345990249323605,27360.00m,-0.8848684210526315,
470,2023-10-22 06:11:00,0.01140115922401056,12840.00m,1.5892523364486082,
471,2023-10-22 07:40:00,-0.016665340863893183,5340.00m,-5.649438202247223,
472,2023-10-23 01:31:00,0.030737235233048898,64260.00m,0.8514472455648939,
473,2023-10-23 02:07:00,-0.012868097908729705,2160.00m,-10.930555555555555,
474,2023-10-23 06:11:00,0.024819452726429495,14640.00m,3.070491803278691,
475,2023-10-23 09:46:00,-0.018752101166309,12900.00m,-2.698139534883731,
476,2023-10-23 11:51:00,0.012933576235953833,7500.00m,3.140800000000018,
477,2023-10-23 13:37:00,-0.011148801373761265,6360.00m,-3.2339622641509367,
478,2023-10-23 17:07:00,0.02872892198296985,12600.00m,4.15952380952381,
479,2023-10-23 18:45:00,-0.016324364417617337,5880.00m,-5.210204081632675,
480,2023-10-23 20:40:00,0.032573014645181024,6900.00m,8.714782608695659,
481,2023-10-23 21:16:00,-0.011268492288322317,2160.00m,-9.944444444444445,
482,2023-10-23 22:42:00,0.10430408760983069,5160.00m,38.09767441860467,
483,2023-10-23 22:47:00,-0.04422227603463982,300.00m,-306.8,
484,2023-10-23 22:49:00,0.011539946432449344,120.00m,191.29999999999927,
485,2023-10-23 22:50:00,-0.0120255240480664,60.00m,-403.3000000000029,
486,2023-10-23 23:00:00,0.013886164237619278,600.00m,46.01000000000058,
487,2023-10-23 23:11:00,-0.025826194119153,660.00m,-78.87272727272747,
488,2023-10-23 23:23:00,0.015412727417176385,720.00m,42.033333333333154,
489,2023-10-23 23:39:00,-0.016740594512286846,960.00m,-34.768749999999955,
490,2023-10-24 02:26:00,0.07750127776264523,10020.00m,15.163473053892211,
491,2023-10-24 03:59:00,-0.032252475388137455,5580.00m,-12.209677419354838,
492,2023-10-24 05:29:00,0.014962827733768587,5400.00m,5.664444444444476,
493,2023-10-24 07:33:00,-0.024244597451194196,7440.00m,-6.761290322580657,
494,2023-10-24 11:19:00,0.03387419426539231,13560.00m,5.057522123893805,
495,2023-10-24 14:22:00,-0.023135686746642545,10980.00m,-4.410382513661194,
496,2023-10-24 15:06:00,0.01339264754213817,2640.00m,10.372727272727305,
497,2023-10-24 15:30:00,-0.0325179239491759,1440.00m,-46.791666666666664,
498,2023-10-24 15:33:00,0.011618649698609386,180.00m,129.39999999999904,
499,2023-10-24 15:39:00,-0.015005917159763228,360.00m,-84.53333333333285,
500,2023-10-24 16:34:00,0.029300629565551708,3300.00m,17.736363636363638,
501,2023-10-24 18:25:00,-0.02474006589180096,6660.00m,-7.637837837837864,
502,2023-10-24 20:22:00,0.015891443874268742,7020.00m,4.539316239316227,
503,2023-10-24 21:06:00,-0.012620907409370987,2640.00m,-9.738636363636363,
504,2023-10-24 23:06:00,0.02035312963299942,7200.00m,5.685833333333358,
505,2023-10-24 23:42:00,-0.013778526197618005,2160.00m,-13.091666666666747,
506,2023-10-25 01:37:00,0.019383946807533074,6900.00m,5.686086956521752,
507,2023-10-25 07:46:00,-0.01942247295568226,22140.00m,-1.8100271002710067,
508,2023-10-25 13:23:00,0.02782613337445627,20220.00m,2.7842729970326494,
509,2023-10-25 13:44:00,-0.010081250144265213,1260.00m,-16.638095238095307,
510,2023-10-25 16:16:00,0.02404616864379609,9120.00m,5.427631578947368,
511,2023-10-25 17:02:00,-0.020091649114817596,2760.00m,-15.345652173913075,
512,2023-10-25 20:12:00,0.01153127822912098,11400.00m,2.0894736842105264,
513,2023-10-25 23:04:00,-0.013361052803868349,10320.00m,-2.7052325581395094,
514,2023-10-26 03:42:00,0.013393558751797072,16680.00m,1.6553956834532269,
515,2023-10-26 06:04:00,-0.011484778862722615,8520.00m,-2.816197183098602,
516,2023-10-26 07:29:00,0.010424141707897506,5100.00m,4.2211764705882695,
517,2023-10-26 11:48:00,-0.02305133284836508,15540.00m,-3.0953667953668123,
518,2023-10-26 13:16:00,0.011101562224079806,5280.00m,4.286363636363686,
519,2023-10-26 16:54:00,-0.016807162983489783,13080.00m,-2.648623853211016,
520,2023-10-26 23:19:00,0.014897711460461174,23100.00m,1.3070129870129796,
521,2023-10-27 01:53:00,-0.014072263289012147,9240.00m,-3.1324675324674947,
522,2023-10-27 06:59:00,0.013154702377077753,18360.00m,1.4529411764705837,
523,2023-10-27 18:31:00,-0.02419807022872224,41520.00m,-1.1973988439306338,
524,2023-10-28 11:20:00,0.02946985975854279,60540.00m,0.9759167492566868,
525,2023-10-29 04:04:00,-0.013125572336003023,60240.00m,-0.4497011952191235,
526,2023-10-29 17:52:00,0.024211270509912553,49680.00m,0.9926328502415477,
527,2023-10-30 08:03:00,-0.017248172936158587,51060.00m,-0.7047003525264446,
528,2023-10-30 12:29:00,0.019505870784215024,15960.00m,2.505639097744361,
529,2023-10-30 17:19:00,-0.020611039824088507,17400.00m,-2.475862068965517,
530,2023-10-31 00:43:00,0.014584804954613173,26640.00m,1.120720720720734,
531,2023-10-31 08:06:00,-0.015259148411251797,26580.00m,-1.1923250564334185,
532,2023-10-31 11:53:00,0.013641524212972064,13620.00m,2.048458149779736,
533,2023-10-31 14:05:00,-0.01136833940628777,7920.00m,-2.9757575757575427,
534,2023-10-31 21:20:00,0.016619193016250245,26100.00m,1.305057471264361,
535,2023-11-01 06:05:00,-0.01117574221787078,31500.00m,-0.7392380952380925,
536,2023-11-01 13:21:00,0.024779477502191432,26160.00m,1.9516055045871592,
537,2023-11-01 14:56:00,-0.029534126366163004,5700.00m,-10.940000000000031,
538,2023-11-01 21:04:00,0.04159236321576555,22080.00m,3.859782608695656,
539,2023-11-01 21:43:00,-0.010854378157426394,2340.00m,-9.899999999999963,
540,2023-11-02 02:47:00,0.021074441235988266,18240.00m,2.4391447368421053,
541,2023-11-02 06:21:00,-0.023058316609280705,12840.00m,-3.871028037383185,
542,2023-11-02 10:31:00,0.011026300718846426,15000.00m,1.548,
543,2023-11-02 16:30:00,-0.030920194223458552,21540.00m,-3.056267409470764,
544,2023-11-02 20:18:00,0.0202368870264659,13680.00m,3.052192982456147,
545,2023-11-03 10:19:00,-0.027038274293402005,50460.00m,-1.127942925089178,
546,2023-11-03 15:36:00,0.020688442947121636,19020.00m,2.2277602523659215,
547,2023-11-03 17:44:00,-0.014445541485367773,7680.00m,-3.932031249999966,
548,2023-11-05 04:02:00,0.028682592703688968,123480.00m,0.47857142857142926,
549,2023-11-05 14:12:00,-0.014152332204695025,36600.00m,-0.8195081967213138,
550,2023-11-05 17:13:00,0.012974220986764332,10860.00m,2.4961325966850585,
551,2023-11-05 21:52:00,-0.02047643211706962,16740.00m,-2.5888888888888735,
552,2023-11-05 23:04:00,0.023040367673446666,4320.00m,11.056944444444424,
553,2023-11-06 05:30:00,-0.0169314115167546,23160.00m,-1.5505181347150259,
554,2023-11-06 10:39:00,0.015611510791366906,18540.00m,1.755663430420712,
555,2023-11-07 12:12:00,-0.021287809024580377,91980.00m,-0.4900848010437071,
556,2023-11-07 20:56:00,0.03895058654592202,31440.00m,2.5675572519084,
557,2023-11-08 15:25:00,-0.0205675656094475,66540.00m,-0.6655545536519374,
558,2023-11-08 21:08:00,0.018800233295873308,20580.00m,1.9265306122449066,
559,2023-11-08 21:41:00,-0.011189830574739086,1980.00m,-12.142424242424374,
560,2023-11-08 23:45:00,0.019820043718192838,7440.00m,5.659677419354862,
561,2023-11-09 00:06:00,-0.014907062785236467,1260.00m,-25.63333333333347,
562,2023-11-09 14:53:00,0.06832039716519415,53220.00m,2.7399098083427313,
563,2023-11-09 16:12:00,-0.04512346588636515,4740.00m,-21.706329113924088,
564,2023-11-09 16:19:00,0.011736791631301091,420.00m,60.84285714285735,
565,2023-11-09 16:37:00,-0.024900922004167325,1080.00m,-50.78888888888873,
566,2023-11-09 17:05:00,0.01977971636316907,1680.00m,25.28928571428566,
567,2023-11-09 17:23:00,-0.012860406383363372,1080.00m,-26.083333333333332,
568,2023-11-09 17:57:00,0.01819750873386062,2040.00m,19.28823529411752,
569,2023-11-09 20:35:00,-0.014667367967798208,9480.00m,-3.4063291139240324,
570,2023-11-10 03:13:00,0.021642626986212332,23880.00m,1.9660804020100502,
571,2023-11-10 08:17:00,-0.015076614868157492,18240.00m,-1.8319078947368468,
572,2023-11-10 13:11:00,0.024158148049399315,17640.00m,2.9894557823129304,
573,2023-11-10 14:10:00,-0.01054482018250138,3540.00m,-6.65932203389833,
574,2023-11-10 23:16:00,0.0172457285764273,32760.00m,1.1644688644688697,
575,2023-11-11 22:12:00,-0.019006530161667576,82560.00m,-0.5180232558139556,
576,2023-11-12 00:01:00,0.011369906578128435,6540.00m,3.8376146788991092,
577,2023-11-12 00:49:00,-0.011110394427064895,2880.00m,-8.612500000000031,
578,2023-11-13 01:18:00,0.01680934909634461,88140.00m,0.42103471749489446,
579,2023-11-13 14:46:00,-0.021409384313148996,48480.00m,-0.9913366336633663,
580,2023-11-13 16:29:00,0.011812905428473882,6180.00m,4.199029126213592,
581,2023-11-14 00:58:00,-0.02172222972060999,30540.00m,-1.5809430255402694,
582,2023-11-14 08:55:00,0.014826036208309412,28620.00m,1.1264150943396134,
583,2023-11-14 12:42:00,-0.014590402853911038,13620.00m,-2.3638766519823724,
584,2023-11-14 14:46:00,0.012720399547473855,7440.00m,3.717741935483871,
585,2023-11-14 15:34:00,-0.019396763119176107,2880.00m,-14.831250000000031,
586,2023-11-14 16:37:00,0.012433974898652686,3780.00m,7.103174603174603,
587,2023-11-14 18:53:00,-0.04502217489626101,8160.00m,-12.0625,
588,2023-11-15 18:23:00,0.07492003643981826,84600.00m,1.848936170212766,
589,2023-11-15 18:24:00,-0.016083798300186306,60.00m,-601.5999999999985,
590,2023-11-15 19:07:00,0.026644929012974623,2580.00m,22.804651162790663,
591,2023-11-15 19:21:00,-0.013905687992779879,840.00m,-37.52857142857153,
592,2023-11-15 20:11:00,0.0160423214530152,3000.00m,11.954000000000088,
593,2023-11-15 20:40:00,-0.012980974973187483,1740.00m,-16.944827586206948,
594,2023-11-15 23:56:00,0.016242907611604792,11760.00m,3.0964285714285786,
595,2023-11-16 14:26:00,-0.03824771074691416,52200.00m,-1.6693103448275897,
596,2023-11-16 15:32:00,0.011120360583373913,3960.00m,6.153030303030281,
597,2023-11-16 19:39:00,-0.03804228605784196,14820.00m,-5.687044534412943,
598,2023-11-17 02:29:00,0.031813063063063064,24600.00m,2.7560975609756095,
599,2023-11-17 10:26:00,-0.013186903137789984,28620.00m,-1.0132075471698174,
600,2023-11-17 13:09:00,0.012743767056435934,9780.00m,2.8276073619631994,
601,2023-11-17 14:54:00,-0.019649117059266703,6300.00m,-6.854285714285687,
602,2023-11-17 23:08:00,0.02233770284533483,29640.00m,1.623684210526313,
603,2023-11-18 07:04:00,-0.013293380550258785,28560.00m,-1.0252100840336134,
604,2023-11-18 16:12:00,0.01748384959416937,32880.00m,1.1556569343065746,
605,2023-11-19 11:21:00,-0.012568070263978433,68940.00m,-0.4031331592689332,
606,2023-11-19 23:42:00,0.030885824121169157,44460.00m,1.5168690958164643,
607,2023-11-20 14:14:00,-0.016688834926871357,52320.00m,-0.7180045871559617,
608,2023-11-20 16:04:00,0.02032800216860942,6600.00m,6.817272727272741,
609,2023-11-20 17:28:00,-0.018868275420498043,5040.00m,-8.454761904761957,
610,2023-11-20 17:51:00,0.022737796407769476,1380.00m,36.508695652174104,
611,2023-11-21 15:12:00,-0.03970409908550304,76860.00m,-1.170647931303668,
612,2023-11-21 15:52:00,0.02564668126099391,2400.00m,23.254999999999928,
613,2023-11-21 16:04:00,-0.010454301075268856,720.00m,-32.40833333333345,
614,2023-11-21 17:21:00,0.01846997237246378,4620.00m,8.829870129870148,
615,2023-11-21 18:11:00,-0.0200741511296044,3000.00m,-15.051999999999971,
616,2023-11-21 20:42:00,0.011693486923763652,9060.00m,2.845033112582772,
617,2023-11-22 00:00:00,-0.03895017219113208,11880.00m,-7.311616161616146,
618,2023-11-22 10:02:00,0.029131894189018525,36120.00m,1.7285714285714262,
619,2023-11-22 15:09:00,-0.013794548011610121,18420.00m,-1.6517915309446205,
620,2023-11-22 21:31:00,0.0443705211591612,22920.00m,4.210994764397903,
621,2023-11-22 23:25:00,-0.015928731406355607,6840.00m,-5.29035087719297,
622,2023-11-23 09:57:00,0.010400088031712888,37920.00m,0.6131329113924051,
623,2023-11-23 15:54:00,-0.01923403848401473,21420.00m,-2.028291316526627,
624,2023-11-24 11:34:00,0.0289930043035856,70800.00m,0.9072033898305085,
625,2023-11-24 14:30:00,-0.010217617889516995,10560.00m,-2.2056818181818016,
626,2023-11-24 15:39:00,0.02087488365908789,4140.00m,11.376811594202898,
627,2023-11-26 17:01:00,-0.032466788226100586,177720.00m,-0.42079675894665813,
628,2023-11-26 22:10:00,0.016032371660259104,18540.00m,1.9271844660194175,
629,2023-11-27 07:33:00,-0.017848862320511052,33780.00m,-1.196447602131436,
630,2023-11-27 09:46:00,0.010198162711955863,7980.00m,2.8421052631578947,
631,2023-11-27 15:59:00,-0.01870284562073532,22380.00m,-1.8774798927614018,
632,2023-11-28 00:44:00,0.016051949748524977,31500.00m,1.123428571428577,
633,2023-11-28 05:37:00,-0.01244475397101756,17580.00m,-1.585665529010234,
634,2023-11-28 19:42:00,0.040096668149417806,50700.00m,1.7494674556212966,
635,2023-11-29 00:15:00,-0.017659929016056067,16380.00m,-2.48058608058607,
636,2023-11-29 08:57:00,0.01807032214390945,31320.00m,1.3040229885057417,
637,2023-11-29 15:13:00,-0.02012245046961938,22560.00m,-2.0523936170212687,
638,2023-11-30 04:15:00,0.014644011868488708,46920.00m,0.7037084398977019,
639,2023-11-30 15:48:00,-0.01591710203310887,41580.00m,-0.8757575757575778,
640,2023-12-01 10:04:00,0.034081429778342665,65760.00m,1.1667883211678791,
641,2023-12-01 14:18:00,-0.01441984294097787,15240.00m,-2.202755905511811,
642,2023-12-02 19:12:00,0.03613641831323289,104040.00m,0.796943483275664,
643,2023-12-02 19:19:00,-0.013959028950284015,420.00m,-79.0142857142855,
644,2023-12-02 21:52:00,0.01611466598413101,9180.00m,4.115032679738553,
645,2023-12-03 03:12:00,-0.011186510695321832,19200.00m,-1.3878124999999955,
646,2023-12-03 22:33:00,0.024006827068818418,69660.00m,0.8117140396210175,
647,2023-12-03 23:31:00,-0.010147296251794283,3480.00m,-7.03275862068968,
648,2023-12-04 11:01:00,0.0590173410404625,41400.00m,3.4033333333333378,
649,2023-12-04 11:20:00,-0.01728593702166441,1140.00m,-38.33684210526324,
650,2023-12-04 13:07:00,0.011948833491507964,6420.00m,4.62429906542052,
651,2023-12-04 15:34:00,-0.017055366104518042,8820.00m,-4.861904761904742,
652,2023-12-04 22:19:00,0.029327506676377763,24300.00m,2.982716049382716,
653,2023-12-05 07:44:00,-0.02289494787489969,33900.00m,-1.7180530973451276,
654,2023-12-05 17:28:00,0.057264171210771535,35040.00m,4.062157534246568,
655,2023-12-05 17:43:00,-0.012933908072219839,900.00m,-37.766666666666666,
656,2023-12-05 18:43:00,0.02043110487103638,3600.00m,14.721666666666716,
657,2023-12-05 20:21:00,-0.014772284229900998,5880.00m,-6.650000000000045,
658,2023-12-05 22:29:00,0.02217201545161946,7680.00m,7.528906250000034,
659,2023-12-06 06:20:00,-0.021661819916990066,28260.00m,-2.043312101910831,
660,2023-12-06 10:33:00,0.018757189527446805,15180.00m,3.222529644268786,
661,2023-12-06 11:34:00,-0.017323339649016757,3660.00m,-12.575409836065669,
662,2023-12-06 14:28:00,0.017860836232770093,10440.00m,4.466666666666692,
663,2023-12-06 21:36:00,-0.015172245627819396,25680.00m,-1.5700934579439252,
664,2023-12-07 05:29:00,0.010101010101010067,28380.00m,0.9315010570824492,
665,2023-12-07 09:27:00,-0.026552428506581967,14280.00m,-4.9155462184874015,
666,2023-12-07 09:47:00,0.01570991907223352,1200.00m,33.69000000000015,
667,2023-12-07 12:21:00,-0.012567745312058837,9240.00m,-3.5551948051948052,
668,2023-12-07 15:31:00,0.021347672050659645,11400.00m,4.83315789473682,
669,2023-12-07 19:44:00,-0.019062381215758845,15180.00m,-3.3102766798418974,
670,2023-12-08 04:30:00,0.01087773683673192,31560.00m,0.8912547528517165,
671,2023-12-08 08:10:00,-0.01007436992149845,13200.00m,-1.9950000000000065,
672,2023-12-08 21:25:00,0.03751469493659443,47700.00m,2.0350943396226433,
673,2023-12-10 09:59:00,-0.025028494803888735,131640.00m,-0.5104375569735649,
674,2023-12-10 21:09:00,0.01060169489582832,40200.00m,0.6902985074626866,
675,2023-12-11 02:12:00,-0.07164145927653127,18180.00m,-10.424092409240924,
676,2023-12-11 02:29:00,0.03186241573843546,1020.00m,76.71176470588227,
677,2023-12-11 02:49:00,-0.011261282592841617,1200.00m,-23.779999999999927,
678,2023-12-11 03:41:00,0.018878000651378502,3120.00m,15.15961538461544,
679,2023-12-11 05:46:00,-0.02096324205152556,7500.00m,-7.135200000000011,
680,2023-12-11 10:01:00,0.019993277956498846,15300.00m,3.2658823529411882,
681,2023-12-11 16:19:00,-0.025092499317435197,22680.00m,-2.820370370370386,
682,2023-12-11 16:38:00,0.010521309393612444,1140.00m,22.93684210526331,
683,2023-12-11 18:30:00,-0.028693273446179206,6720.00m,-10.723214285714286,
684,2023-12-11 19:04:00,0.011144863548597325,2040.00m,13.326470588235251,
685,2023-12-11 19:40:00,-0.01936821005823592,2160.00m,-22.116666666666585,
686,2023-12-12 02:40:00,0.04049374386044992,25200.00m,3.8866666666666707,
687,2023-12-12 04:59:00,-0.012707177051744196,8340.00m,-3.8345323741007196,
688,2023-12-12 08:47:00,0.016570156332253054,13680.00m,3.0096491228070046,
689,2023-12-12 11:58:00,-0.012290370088840359,11460.00m,-2.7089005235602173,
690,2023-12-12 13:38:00,0.01012491402240468,6000.00m,4.21,
691,2023-12-12 17:59:00,-0.03016789836577651,15660.00m,-4.854789272030646,
692,2023-12-12 23:35:00,0.020410217383299206,20160.00m,2.474404761904766,
693,2023-12-13 04:19:00,-0.020788675332423897,17040.00m,-3.0426056338028116,
694,2023-12-13 16:09:00,0.03731530300871203,42600.00m,2.139154929577458,
695,2023-12-13 16:44:00,-0.010698568945017292,2100.00m,-12.905714285714202,
696,2023-12-13 22:15:00,0.040743232404971054,19860.00m,5.141389728096663,
697,2023-12-14 03:38:00,-0.018315785115031437,19380.00m,-2.465015479876152,
698,2023-12-14 12:00:00,0.015597136463227421,30120.00m,1.3258964143426266,
699,2023-12-14 13:31:00,-0.033073297015927546,5460.00m,-15.751648351648369,
700,2023-12-14 14:31:00,0.020495529354494665,3600.00m,14.315000000000024,
701,2023-12-14 15:39:00,-0.010957405017116527,4080.00m,-6.8911764705882135,
702,2023-12-14 17:48:00,0.026162612005579556,7740.00m,8.5782945736434,
703,2023-12-15 06:19:00,-0.019514510317116554,45060.00m,-1.1278295605858855,
704,2023-12-15 09:14:00,0.011109910096201363,10500.00m,2.7017142857143024,
705,2023-12-15 15:46:00,-0.030411764979293193,23520.00m,-3.3382653061224454,
706,2023-12-15 20:58:00,0.01322122298709513,18720.00m,1.7679487179487132,
707,2023-12-16 00:38:00,-0.012627624643975807,13200.00m,-2.4263636363636496,
708,2023-12-16 16:44:00,0.02369030106424276,57960.00m,1.0236024844720528,
709,2023-12-17 14:35:00,-0.025718859560843896,78660.00m,-0.8382151029748296,
710,2023-12-17 17:14:00,0.019902230443085867,9540.00m,5.210691823899371,
711,2023-12-18 02:37:00,-0.03855901264809097,33780.00m,-2.907815275310832,
712,2023-12-18 07:31:00,0.012589447793845684,17640.00m,1.7479591836734745,
713,2023-12-18 10:37:00,-0.01819576230590959,11160.00m,-4.043548387096806,
714,2023-12-18 14:49:00,0.029338347087480465,15120.00m,4.724603174603198,
715,2023-12-18 16:09:00,-0.014219949583815112,4800.00m,-7.425,
716,2023-12-19 02:00:00,0.05449472173450579,35460.00m,3.796954314720812,
717,2023-12-19 14:51:00,-0.02672820186862524,46260.00m,-1.5053177691310062,
718,2023-12-19 15:29:00,0.011752958352361698,2280.00m,13.071052631579063,
719,2023-12-19 18:00:00,-0.020882446490046433,9060.00m,-5.913245033112592,
720,2023-12-20 15:14:00,0.05886230906116021,76440.00m,1.934301412872844,
721,2023-12-20 16:57:00,-0.018236039864831365,6180.00m,-7.848543689320403,
722,2023-12-20 19:00:00,0.01758904814642911,7380.00m,6.223577235772358,
723,2023-12-20 20:08:00,-0.022997771349992886,4080.00m,-14.977941176470589,
724,2023-12-20 20:43:00,0.01240859380055656,2100.00m,15.34000000000004,
725,2023-12-21 02:49:00,-0.010943881219852425,21960.00m,-1.3098360655737746,
726,2023-12-21 13:55:00,0.02204224263085129,39960.00m,1.4339339339339339,
727,2023-12-21 15:03:00,-0.017804516168370595,4080.00m,-11.594117647058845,
728,2023-12-21 16:08:00,0.010611024889348739,3900.00m,7.1,
729,2023-12-21 17:50:00,-0.012267370432725055,6120.00m,-5.286274509803893,
730,2023-12-22 06:34:00,0.023823673033159097,45840.00m,1.3537958115183188,
731,2023-12-22 14:25:00,-0.02260788182437893,28260.00m,-2.1335456475583894,
732,2023-12-22 23:35:00,0.014655581182298314,33000.00m,1.1576363636363716,
733,2023-12-23 04:12:00,-0.01728412986123245,16620.00m,-2.7505415162454927,
734,2023-12-24 04:11:00,0.015145778988434602,86340.00m,0.45594162612925543,
735,2023-12-24 10:41:00,-0.012081837221518442,23400.00m,-1.3623076923076811,
736,2023-12-24 14:14:00,0.010500923031594774,12780.00m,2.1417840375586716,
737,2023-12-24 22:16:00,-0.026501138952164043,28920.00m,-2.4136929460580947,
738,2023-12-24 23:45:00,0.011049077371620681,5340.00m,5.305617977528139,
739,2023-12-25 00:43:00,-0.010102108829682842,3480.00m,-7.525862068965517,
740,2023-12-25 13:02:00,0.025093343121599623,44340.00m,1.4523680649526327,
741,2023-12-26 09:46:00,-0.03340814129581978,74640.00m,-1.1774919614147874,
742,2023-12-26 14:25:00,0.011061612805798749,16740.00m,1.680286738351239,
743,2023-12-26 17:39:00,-0.023643161196370527,11640.00m,-5.222164948453601,
744,2023-12-27 10:44:00,0.03352813930419603,61500.00m,1.368487804878046,
745,2023-12-27 13:02:00,-0.010145886140354056,8280.00m,-3.1789855072463555,
746,2023-12-28 00:38:00,0.024048784476816926,41760.00m,1.4788793103448317,
747,2023-12-29 01:41:00,-0.036970280494093094,90180.00m,-1.0781104457751174,
748,2023-12-29 03:49:00,0.014248011106530806,7680.00m,4.698437500000011,
749,2023-12-29 07:57:00,-0.012302970278527949,14880.00m,-2.1237903225806627,
750,2023-12-29 14:42:00,0.020629503761461235,24300.00m,2.1538271604938344,
751,2023-12-29 17:45:00,-0.03286186985012662,10980.00m,-7.749726775956308,
752,2023-12-29 21:13:00,0.012274127777431776,12480.00m,2.462980769230783,
753,2023-12-29 22:21:00,-0.01736784180068882,4080.00m,-10.791176470588278,
754,2023-12-30 00:27:00,0.017419496250906368,7560.00m,5.739682539682574,
755,2023-12-30 09:44:00,-0.01568895759696411,33420.00m,-1.18976660682227,
756,2023-12-30 17:31:00,0.02562462118661193,28020.00m,2.281370449678804,
757,2023-12-31 02:51:00,-0.014368260847134018,33600.00m,-1.0941071428571376,
758,2023-12-31 09:45:00,0.021015990996885447,24840.00m,2.1335748792270426,
759,2023-12-31 23:21:00,-0.018858999095849194,48960.00m,-0.9917892156862692,
760,2024-01-01 01:38:00,0.016801293941891404,8220.00m,5.163503649635047,
761,2024-01-01 05:56:00,-0.013251174339485203,15480.00m,-2.198837209302337,
762,2024-01-02 01:08:00,0.07537638481204424,69120.00m,2.7640624999999974,
763,2024-01-02 01:49:00,-0.014664899775910054,2460.00m,-16.248780487804808,
764,2024-01-02 09:06:00,0.026115901881059826,26220.00m,2.675057208237986,
765,2024-01-02 11:44:00,-0.013566001175676527,9480.00m,-3.94367088607594,
766,2024-01-02 14:13:00,0.011763952864732198,8940.00m,3.577181208053691,
767,2024-01-02 15:19:00,-0.020915819715581565,3960.00m,-14.527272727272772,
768,2024-01-02 16:49:00,0.012483818716147482,5400.00m,6.225555555555588,
769,2024-01-02 21:09:00,-0.015945460627079522,15600.00m,-2.7869230769230713,
770,2024-01-02 22:09:00,0.01274660202424985,3600.00m,9.5,
771,2024-01-02 23:47:00,-0.010033607284964195,5880.00m,-4.636734693877566,
772,2024-01-03 09:39:00,0.015566519603688354,35520.00m,1.1788851351351375,
773,2024-01-03 12:01:00,-0.06472470586168196,8520.00m,-20.753521126760564,
774,2024-01-03 12:03:00,0.010283132515974059,120.00m,218.9499999999971,
775,2024-01-03 12:09:00,-0.06009455583396466,360.00m,-430.899999999999,
776,2024-01-03 12:24:00,0.05151742966802509,900.00m,138.8799999999998,
777,2024-01-03 12:27:00,-0.011046566321730882,180.00m,-156.5666666666657,
778,2024-01-03 12:59:00,0.017728767690123493,1920.00m,23.296875,
779,2024-01-03 14:37:00,-0.016417498913444913,5880.00m,-7.1693877551021,
780,2024-01-03 16:03:00,0.034060133228169975,5160.00m,16.67093023255819,
781,2024-01-03 19:02:00,-0.02951967633808062,10740.00m,-7.178212290502802,
782,2024-01-03 19:35:00,0.01714880924198668,1980.00m,21.951515151515196,
783,2024-01-03 20:10:00,-0.010289435465852353,2100.00m,-12.631428571428529,
784,2024-01-04 05:39:00,0.0174606048776817,34140.00m,1.304920913884007,
785,2024-01-04 10:25:00,-0.01335897269962188,17160.00m,-2.020979020979021,
786,2024-01-04 15:30:00,0.03738685556867375,18300.00m,5.232786885245901,
787,2024-01-04 16:30:00,-0.010814094226461481,3600.00m,-7.981666666666691,
788,2024-01-04 19:28:00,0.013982134826587285,10680.00m,3.441011235955056,
789,2024-01-04 20:08:00,-0.01173837868991232,2400.00m,-13.035000000000036,
790,2024-01-04 22:18:00,0.01875071189375125,7800.00m,6.33153846153845,
791,2024-01-05 01:48:00,-0.04917251973944602,12600.00m,-10.471428571428572,
792,2024-01-05 02:00:00,0.028832744214049025,720.00m,102.16666666666667,
793,2024-01-05 02:29:00,-0.010085239935904256,1740.00m,-15.213793103448175,
794,2024-01-05 03:03:00,0.010093312920410349,2040.00m,12.855882352941133,
795,2024-01-05 04:22:00,-0.01050225178885768,4740.00m,-5.81518987341774,
796,2024-01-05 09:05:00,0.021985232281972817,16980.00m,3.362544169611302,
797,2024-01-05 10:59:00,-0.01372210366405035,6840.00m,-5.324561403508772,
798,2024-01-05 12:26:00,0.011054776497769859,5220.00m,5.5436781609195735,
799,2024-01-05 14:42:00,-0.018514866074970746,8160.00m,-6.005147058823508,
800,2024-01-05 15:11:00,0.011567476174417482,1740.00m,17.268965517241227,
801,2024-01-05 17:09:00,-0.015300973179341712,7080.00m,-5.6788135593220215,
802,2024-01-05 20:54:00,0.023235052000602906,13500.00m,4.453333333333333,
803,2024-01-05 21:10:00,-0.010959400813570044,960.00m,-30.22499999999991,
804,2024-01-05 23:06:00,0.015079199594893981,6960.00m,5.673275862068953,
805,2024-01-06 07:02:00,-0.01966547030541065,28560.00m,-1.83025210084033,
806,2024-01-07 14:07:00,0.0239812294783766,111900.00m,0.5584450402144772,
807,2024-01-08 02:53:00,-0.02831489072727814,45960.00m,-1.6438642297650188,
808,2024-01-08 06:21:00,0.023581357999264096,12480.00m,4.899038461538462,
809,2024-01-08 09:55:00,-0.013526681452642951,12840.00m,-2.795794392523344,
810,2024-01-08 12:15:00,0.03545727067710526,8400.00m,11.050714285714275,
811,2024-01-08 12:29:00,-0.014940272112156068,840.00m,-48.214285714285715,
812,2024-01-08 13:00:00,0.014746690813820401,1860.00m,21.170967741935343,
813,2024-01-08 15:04:00,-0.010391663640470042,7440.00m,-3.7846774193548036,
814,2024-01-08 19:12:00,0.05502339350083569,14880.00m,9.915725806451606,
815,2024-01-08 19:28:00,-0.010523636826366293,960.00m,-31.012499999999818,
816,2024-01-08 21:41:00,0.011962327563294635,7980.00m,4.196240601503749,
817,2024-01-09 01:45:00,-0.018655918191850168,14640.00m,-3.6098360655737824,
818,2024-01-09 03:50:00,0.01388885891207176,7500.00m,5.148,
819,2024-01-09 10:56:00,-0.011529389725729923,25560.00m,-1.2713615023474145,
820,2024-01-09 12:50:00,0.01094456648145749,6840.00m,4.457894736842079,
821,2024-01-09 12:56:00,-0.024199973584535878,360.00m,-189.33333333333334,
822,2024-01-09 13:53:00,0.02585894485899289,3420.00m,20.780701754385966,
823,2024-01-09 15:05:00,-0.01176402990378938,4320.00m,-7.677777777777717,
824,2024-01-09 15:42:00,0.011912683390075715,2220.00m,14.951351351351272,
825,2024-01-09 18:34:00,-0.010312591107677807,10320.00m,-2.8174418604651077,
826,2024-01-09 21:14:00,0.03176545214109862,9600.00m,9.233125000000019,
827,2024-01-09 21:17:00,-0.03953417611777308,180.00m,-632.3333333333334,
828,2024-01-09 21:18:00,0.010243714035255182,60.00m,472.09999999999854,
829,2024-01-09 21:26:00,-0.028572410430658862,480.00m,-166.28750000000036,
830,2024-01-09 21:41:00,0.023173390288445776,900.00m,69.87333333333324,
831,2024-01-09 22:03:00,-0.02054381578634598,1320.00m,-43.21363636363623,
832,2024-01-09 22:59:00,0.02040109429466525,3360.00m,16.51249999999995,
833,2024-01-10 01:34:00,-0.012894939968476028,9300.00m,-3.8477419354838336,
834,2024-01-10 03:18:00,0.01246541946760762,6240.00m,5.47211538461537,
835,2024-01-10 13:00:00,-0.038714157764249274,34920.00m,-3.0747422680412373,
836,2024-01-10 14:30:00,0.02166363969851844,5400.00m,10.69555555555554,
837,2024-01-10 15:00:00,-0.0128732391263644,1800.00m,-19.48000000000005,
838,2024-01-10 18:03:00,0.04044889661497673,10980.00m,9.904918032786878,
839,2024-01-10 18:09:00,-0.010884788534832397,360.00m,-84.58333333333333,
840,2024-01-10 19:06:00,0.012754460374871076,3420.00m,10.319298245614112,
841,2024-01-10 20:22:00,-0.027050405306452818,4560.00m,-16.623684210526335,
842,2024-01-10 20:42:00,0.015375643677654968,1200.00m,34.93499999999985,
843,2024-01-10 20:50:00,-0.01490874650796356,480.00m,-85.98749999999927,
844,2024-01-10 21:07:00,0.01815069698676429,1020.00m,48.529411764705884,
845,2024-01-10 21:39:00,-0.0216043113544724,1920.00m,-31.24375000000009,
846,2024-01-10 23:16:00,0.05222403816422984,5820.00m,24.37731958762885,
847,2024-01-11 06:18:00,-0.04098013122709511,25320.00m,-4.6265402843601935,
848,2024-01-11 12:59:00,0.038539993258948343,24060.00m,4.391271820448882,
849,2024-01-11 13:31:00,-0.012134597511964858,1920.00m,-17.993749999999864,
850,2024-01-11 14:49:00,0.04336612245681618,4680.00m,26.061538461538408,
851,2024-01-11 16:31:00,-0.06187727595224504,6120.00m,-29.669607843137214,
852,2024-01-11 16:41:00,0.01221181383467945,600.00m,56.02999999999956,
853,2024-01-11 17:28:00,-0.014906733330318734,2820.00m,-14.72978723404246,
854,2024-01-11 20:14:00,0.02628645371127302,9960.00m,7.244578313253003,
855,2024-01-12 04:55:00,-0.02277838832519743,31260.00m,-2.05278310940499,
856,2024-01-12 06:26:00,0.010605258168075657,5460.00m,5.347252747252731,
857,2024-01-12 09:29:00,-0.016098944349195052,10980.00m,-4.079234972677596,
858,2024-01-12 11:30:00,0.014150757293470366,7260.00m,5.335537190082633,
859,2024-01-12 16:38:00,-0.05991968635316395,18480.00m,-9.001298701298706,
860,2024-01-12 16:49:00,0.010325039888542121,660.00m,40.827272727273254,
861,2024-01-12 16:54:00,-0.015250777671332413,300.00m,-134.04000000000087,
862,2024-01-12 17:06:00,0.012154795713932492,720.00m,43.833333333333336,
863,2024-01-12 17:25:00,-0.010280563730134532,1140.00m,-23.699999999999772,
864,2024-01-12 18:05:00,0.013381529291270254,2400.00m,14.502499999999964,
865,2024-01-12 19:12:00,-0.013564484224088317,4020.00m,-8.894029850746291,
866,2024-01-12 20:39:00,0.015077881619937727,5220.00m,7.5103448275862235,
867,2024-01-12 22:21:00,-0.051765920106209784,6120.00m,-22.324509803921554,
868,2024-01-13 00:08:00,0.030329910599765496,6420.00m,11.823364485981294,
869,2024-01-13 03:29:00,-0.0118250947031395,12060.00m,-2.528358208955246,
870,2024-01-13 07:24:00,0.01858331645796159,14100.00m,3.358297872340444,
871,2024-01-13 12:17:00,-0.016355583090985587,17580.00m,-2.4146757679180886,
872,2024-01-13 15:34:00,0.016510027050592364,11820.00m,3.565989847715736,
873,2024-01-14 04:41:00,-0.01573091897790646,47220.00m,-0.864548919949176,
874,2024-01-14 09:58:00,0.01213003852297288,19020.00m,1.629022082018932,
875,2024-01-14 20:02:00,-0.019448389821854605,36240.00m,-1.3874172185430464,
876,2024-01-14 20:46:00,0.011758468558877445,2640.00m,11.290909090908992,
877,2024-01-14 21:38:00,-0.015353052363663484,3120.00m,-12.621153846153762,
878,2024-01-14 22:05:00,0.013064581655417238,1620.00m,20.36666666666672,
879,2024-01-15 00:01:00,-0.021477082981557635,6960.00m,-7.8948275862069215,
880,2024-01-15 13:52:00,0.02919592570401431,49860.00m,1.4659446450060134,
881,2024-01-15 14:55:00,-0.017562734030067556,3780.00m,-11.971428571428525,
882,2024-01-15 18:46:00,0.027421839816065833,13860.00m,5.008225108225114,
883,2024-01-15 22:17:00,-0.021889036794714215,12660.00m,-4.496682464454991,
884,2024-01-16 12:59:00,0.01799651391250817,52920.00m,0.8650793650793651,
885,2024-01-16 14:44:00,-0.024390582968992127,6300.00m,-10.025714285714258,
886,2024-01-16 16:01:00,0.030529075649410792,4620.00m,16.694805194805195,
887,2024-01-16 18:38:00,-0.012937600390847384,9420.00m,-3.575796178343958,
888,2024-01-16 21:38:00,0.017064543618598497,10800.00m,4.060555555555563,
889,2024-01-17 14:38:00,-0.02631168163370256,61200.00m,-1.1237254901960827,
890,2024-01-17 14:49:00,0.011639420787340789,660.00m,44.88181818181858,
891,2024-01-17 17:05:00,-0.015527885173351672,8160.00m,-4.899264705882374,
892,2024-01-18 08:01:00,0.016295959624653238,53760.00m,0.7683035714285731,
893,2024-01-18 13:15:00,-0.013048541880182547,18840.00m,-1.78407643312101,
894,2024-01-18 15:18:00,0.010311103139351978,7380.00m,3.552032520325156,
895,2024-01-18 17:14:00,-0.025861565522896014,6960.00m,-9.543965517241366,
896,2024-01-18 17:28:00,0.011143457325378508,840.00m,33.192857142857456,
897,2024-01-18 20:35:00,-0.03502322945100715,11220.00m,-7.897326203208572,
898,2024-01-18 20:52:00,0.014598360756460512,1020.00m,34.94117647058823,
899,2024-01-18 21:21:00,-0.012513473906039909,1740.00m,-17.813793103448226,
900,2024-01-19 00:05:00,0.014546114617496057,9840.00m,3.6158536585365852,
901,2024-01-19 03:32:00,-0.014900906433526264,12420.00m,-2.977294685990352,
902,2024-01-19 07:03:00,0.019573626287318745,12660.00m,3.779620853080569,
903,2024-01-19 16:45:00,-0.02929628729138131,34920.00m,-2.09106529209622,
904,2024-01-19 20:14:00,0.045479006351040734,12540.00m,8.774641148325367,
905,2024-01-22 05:01:00,-0.03431139997153565,204420.00m,-0.424567067801585,
906,2024-01-22 06:40:00,0.013757783427287094,5940.00m,5.657575757575743,
907,2024-01-22 10:29:00,-0.021697729189079175,13740.00m,-3.910480349344978,
908,2024-01-22 13:11:00,0.021314589571553435,9720.00m,5.312345679012338,
909,2024-01-22 15:23:00,-0.02050600557270583,7920.00m,-6.406060606060595,
910,2024-01-22 16:04:00,0.01185904815664837,2460.00m,11.682926829268293,
911,2024-01-22 19:42:00,-0.03497666998612678,13080.00m,-6.557339449541284,
912,2024-01-22 20:36:00,0.021858186741580975,3240.00m,15.964814814814789,
913,2024-01-22 23:53:00,-0.019812568388718376,11820.00m,-4.053299492385787,
914,2024-01-23 04:26:00,0.01653748209051197,16380.00m,2.3930402930403036,
915,2024-01-23 11:50:00,-0.03736786403536073,26640.00m,-3.379729729729726,
916,2024-01-23 12:59:00,0.010575084913689293,4140.00m,5.924637681159357,
917,2024-01-23 14:23:00,-0.012929500815293175,5040.00m,-6.013095238095221,
918,2024-01-23 15:41:00,0.021947272604679463,4680.00m,10.850000000000037,
919,2024-01-23 16:16:00,-0.0120537266316305,2100.00m,-13.571428571428571,
920,2024-01-23 18:16:00,0.018224129826697386,7200.00m,5.9125,
921,2024-01-23 19:10:00,-0.015662918060411625,3240.00m,-11.498148148148175,
922,2024-01-24 00:53:00,0.030891454491869696,20580.00m,3.5142857142857182,
923,2024-01-24 03:35:00,-0.016360106299672564,9720.00m,-4.062345679012337,
924,2024-01-24 10:49:00,0.023041463007799197,26040.00m,2.100691244239625,
925,2024-01-24 14:20:00,-0.017058017020961228,12660.00m,-3.272511848341232,
926,2024-01-24 14:32:00,0.010010304355475204,720.00m,33.19166666666691,
927,2024-01-24 20:56:00,-0.016681887063823682,23040.00m,-1.7458333333333371,
928,2024-01-25 11:33:00,0.019070321811680533,52620.00m,0.8592930444697818,
929,2024-01-25 17:16:00,-0.0176431879415453,20580.00m,-2.0714285714285716,
930,2024-01-26 12:27:00,0.048705763397371156,69060.00m,1.674022589053,
931,2024-01-26 13:51:00,-0.013351234609562593,5040.00m,-6.594047619047636,
932,2024-01-26 20:13:00,0.03150766254040142,22920.00m,3.3761780104711963,
933,2024-01-27 09:00:00,-0.019747718046733163,46020.00m,-1.087092568448495,
934,2024-01-28 05:19:00,0.03366852868408845,73140.00m,1.1431501230516816,
935,2024-01-28 20:15:00,-0.02613230237738504,53760.00m,-1.2477678571428572,
936,2024-01-29 03:30:00,0.019311496893023486,26100.00m,1.8496551724137897,
937,2024-01-29 14:55:00,-0.015557266611567627,41100.00m,-0.964525547445262,
938,2024-01-30 02:45:00,0.046782688563487586,42600.00m,2.754788732394368,
939,2024-01-30 08:05:00,-0.012247481383142805,19200.00m,-1.675,
940,2024-01-30 12:23:00,0.014020972469296558,15480.00m,2.349224806201545,
941,2024-01-30 14:10:00,-0.016840731666141896,6420.00m,-6.899065420560721,
942,2024-01-30 20:32:00,0.014140523482457803,22920.00m,1.595287958115187,
943,2024-01-31 10:59:00,-0.030419582019613135,52020.00m,-1.5334486735870818,
944,2024-01-31 17:59:00,0.031364525591196846,25200.00m,3.1645238095238057,
945,2024-01-31 19:32:00,-0.015098958929184338,5580.00m,-7.095698924731199,
946,2024-01-31 19:46:00,0.010075478974378138,840.00m,30.97857142857174,
947,2024-02-01 01:38:00,-0.03677194402789412,21120.00m,-4.5420454545454625,
948,2024-02-01 15:30:00,0.02418815663801337,49920.00m,1.2175480769230769,
949,2024-02-01 16:35:00,-0.0126594082950598,3900.00m,-8.353846153846154,
950,2024-02-02 00:24:00,0.024694214876033127,28140.00m,2.2298507462686628,
951,2024-02-02 13:50:00,-0.01973001995584836,48360.00m,-1.062282878411916,
952,2024-02-02 16:05:00,0.021918400737195497,8100.00m,6.906666666666678,
953,2024-02-02 18:06:00,-0.01632085020242915,7260.00m,-5.863636363636363,
954,2024-02-03 00:28:00,0.014066062554808535,22920.00m,1.574607329842932,
955,2024-02-05 01:13:00,-0.025989299880084863,175500.00m,-0.3852991452991453,
956,2024-02-05 13:37:00,0.031131472405710667,44640.00m,1.7673387096774211,
957,2024-02-05 20:25:00,-0.028375340685481067,24480.00m,-3.028921568627458,
958,2024-02-06 09:00:00,0.018338173886534914,45300.00m,1.0278145695364238,
959,2024-02-06 12:54:00,-0.010238535601653135,14040.00m,-1.885470085470073,
960,2024-02-06 16:31:00,0.01692813047321393,13020.00m,3.327188940092166,
961,2024-02-07 03:58:00,-0.013808161317320296,41220.00m,-0.8717612809315887,
962,2024-02-08 16:00:00,0.06222004021134337,129720.00m,1.2309898242368185,
963,2024-02-08 16:52:00,-0.011612091012734532,3120.00m,-10.146153846153819,
964,2024-02-09 02:55:00,0.03117275840722534,36180.00m,2.3215588723051312,
965,2024-02-09 04:19:00,-0.010045845507334571,5040.00m,-5.538095238095203,
966,2024-02-09 14:12:00,0.040388285979167805,35580.00m,3.1222596964586846,
967,2024-02-09 14:20:00,-0.021591814484002242,480.00m,-128.72500000000036,
968,2024-02-09 18:24:00,0.031385944685647794,14640.00m,6.002459016393466,
969,2024-02-10 10:53:00,-0.02657036950848562,59340.00m,-1.2930232558139565,
970,2024-02-10 20:47:00,0.027547491995731026,35640.00m,2.17272727272727,
971,2024-02-11 01:28:00,-0.01216644578588545,16860.00m,-2.0843416370106658,
972,2024-02-11 03:59:00,0.02023345648923659,9060.00m,6.372185430463556,
973,2024-02-11 10:51:00,-0.012181272170018406,24720.00m,-1.4344660194174756,
974,2024-02-11 12:19:00,0.010847951325060905,5280.00m,5.907954545454562,
975,2024-02-11 14:12:00,-0.010459067828097203,6780.00m,-4.484070796460151,
976,2024-02-12 00:31:00,0.01772032549494882,37140.00m,1.3723747980613894,
977,2024-02-12 06:47:00,-0.019770931033352035,22560.00m,-2.5654255319149093,
978,2024-02-12 07:33:00,0.011611276299446785,2760.00m,12.071739130434846,
979,2024-02-12 10:07:00,-0.012991039593216135,9240.00m,-4.0811688311688314,
980,2024-02-12 17:31:00,0.053381081024481164,26640.00m,5.740990990990991,
981,2024-02-12 19:59:00,-0.014992047713717664,8880.00m,-5.095270270270261,
982,2024-02-13 01:36:00,0.016600768176579697,20220.00m,2.440652818991098,
983,2024-02-13 03:54:00,-0.012132606951977798,8280.00m,-4.428260869565207,
984,2024-02-13 09:58:00,0.010217596212012995,21840.00m,1.3967032967032806,
985,2024-02-13 13:36:00,-0.020606497074545777,13080.00m,-4.751376146788971,
986,2024-02-13 13:51:00,0.01272194337181257,900.00m,41.75333333333304,
987,2024-02-13 14:23:00,-0.026091037824783992,1920.00m,-40.649999999999864,
988,2024-02-13 14:38:00,0.012429101603529164,900.00m,40.233333333333334,
989,2024-02-13 15:14:00,-0.0135804503355445,2160.00m,-18.544444444444405,
990,2024-02-13 15:34:00,0.010958666812397155,1200.00m,26.56999999999971,
991,2024-02-13 17:12:00,-0.012612524401960637,5880.00m,-6.309183673469343,
992,2024-02-14 09:10:00,0.06452925767079026,57480.00m,3.260438413361169,
993,2024-02-14 09:16:00,-0.011256037991068916,360.00m,-96.66666666666667,
994,2024-02-14 09:57:00,0.014340139632840579,2460.00m,17.819512195121916,
995,2024-02-14 11:06:00,-0.011600568901961164,4140.00m,-8.68840579710145,
996,2024-02-14 14:36:00,0.018220795238747766,12600.00m,4.4319047619047485,
997,2024-02-14 15:16:00,-0.011882398860212615,2400.00m,-15.45,
998,2024-02-14 15:35:00,0.011219710575832398,1140.00m,30.347368421052938,
999,2024-02-14 19:19:00,-0.013821887573770989,13440.00m,-3.2066964285714414,
1000,2024-02-15 00:39:00,0.02355121951219512,19200.00m,3.771875,
1001,2024-02-15 01:34:00,-0.013239415140019445,3300.00m,-12.627272727272727,
1002,2024-02-15 03:42:00,0.012516783385655667,7680.00m,5.061718750000011,
1003,2024-02-15 08:04:00,-0.014035382290537728,15720.00m,-2.807633587786254,
1004,2024-02-15 14:51:00,0.022146191180227,24420.00m,2.8117936117935973,
1005,2024-02-15 16:14:00,-0.019580001211680548,4980.00m,-12.460240963855387,
1006,2024-02-15 16:40:00,0.01154002124167227,1560.00m,22.984615384615328,
1007,2024-02-15 21:59:00,-0.019729833952495678,19140.00m,-3.239811912225705,
1008,2024-02-16 04:11:00,0.019932189658630823,22320.00m,2.7513440860215055,
1009,2024-02-16 09:10:00,-0.013810656717443772,17940.00m,-2.419063545150487,
1010,2024-02-16 14:00:00,0.0169953900633696,17400.00m,3.0268965517241226,
1011,2024-02-16 15:13:00,-0.016644741476304528,4380.00m,-11.976712328767064,
1012,2024-02-16 16:22:00,0.012084533655484253,4140.00m,9.046376811594161,
1013,2024-02-16 19:55:00,-0.011270730914168699,12780.00m,-2.766197183098578,
1014,2024-02-16 23:45:00,0.010640808856248476,13800.00m,2.391304347826087,
1015,2024-02-17 14:48:00,-0.029547569001757347,54180.00m,-1.7093023255813953,
1016,2024-02-17 21:34:00,0.026995145410825278,24360.00m,3.3706896551724137,
1017,2024-02-18 02:48:00,-0.015876979340335245,18840.00m,-2.6324840764331396,
1018,2024-02-19 07:28:00,0.025054551274294432,103200.00m,0.746337209302328,
1019,2024-02-20 01:24:00,-0.022646653934984672,64560.00m,-1.105390334572492,
1020,2024-02-20 13:40:00,0.0330953331839745,44160.00m,2.3081521739130473,
1021,2024-02-20 17:24:00,-0.041096148732870375,13440.00m,-9.72901785714287,
1022,2024-02-20 23:16:00,0.032884955752212335,21120.00m,4.750568181818173,
1023,2024-02-21 12:05:00,-0.03190270019153803,46140.00m,-2.1789336801040293,
1024,2024-02-21 13:09:00,0.01217977209882279,3840.00m,9.676562500000045,
1025,2024-02-21 14:35:00,-0.012377127379488165,5160.00m,-7.406976744186046,
1026,2024-02-21 16:53:00,0.012028590034409587,8280.00m,4.430434782608706,
1027,2024-02-21 19:02:00,-0.01457028827592374,7740.00m,-5.810077519379845,
1028,2024-02-21 23:50:00,0.02504004671459112,17280.00m,4.4072916666666515,
1029,2024-02-22 01:54:00,-0.014801742105962048,7440.00m,-6.202419354838698,
1030,2024-02-22 09:54:00,0.017086987947100018,28800.00m,1.8222916666666606,
1031,2024-02-22 13:49:00,-0.020658514146549428,14100.00m,-4.5770212765957385,
1032,2024-02-22 20:31:00,0.020837378236167412,24120.00m,2.6430348258706466,
1033,2024-02-23 16:21:00,-0.0266461233444631,71400.00m,-1.165546218487395,
1034,2024-02-23 18:35:00,0.011054837996589373,8040.00m,4.179850746268646,
1035,2024-02-23 23:17:00,-0.012392217187856791,16920.00m,-2.2510638297872183,
1036,2024-02-25 02:07:00,0.025892008246542392,96600.00m,0.8136024844720506,
1037,2024-02-25 16:46:00,-0.011184798692891053,52740.00m,-0.6604095563139932,
1038,2024-02-25 20:26:00,0.0135073255612301,13200.00m,3.1509090909090776,
1039,2024-02-26 09:57:00,-0.020412008420890675,48660.00m,-1.309124537607888,
1040,2024-02-26 20:09:00,0.0786076252458205,36720.00m,6.544444444444439,
1041,2024-02-26 20:32:00,-0.011570864494059018,1380.00m,-27.647826086956584,
1042,2024-02-27 02:08:00,0.047933491773914795,20160.00m,7.749404761904771,
1043,2024-02-27 03:58:00,-0.022949535264884108,6600.00m,-11.876363636363651,
1044,2024-02-27 06:44:00,0.015690822298335932,9960.00m,5.257228915662633,
1045,2024-02-27 07:36:00,-0.011093763276404062,3120.00m,-12.051923076923021,
1046,2024-02-27 12:44:00,0.02837401211860839,18480.00m,5.146428571428567,
1047,2024-02-27 14:24:00,-0.012637163705230324,6000.00m,-7.26,
1048,2024-02-27 14:38:00,0.010864966257430822,840.00m,44.02142857142878,
1049,2024-02-27 16:09:00,-0.017350919691174933,5460.00m,-10.93296703296705,
1050,2024-02-27 19:54:00,0.021748158665365187,13500.00m,5.446222222222229,
1051,2024-02-27 21:53:00,-0.01636952322721401,7140.00m,-7.91932773109245,
1052,2024-02-28 08:57:00,0.05158402203856747,39840.00m,4.399246987951805,
1053,2024-02-28 09:20:00,-0.010470351357115389,1380.00m,-27.108695652173914,
1054,2024-02-28 11:19:00,0.010168755176018647,7140.00m,5.035294117647095,
1055,2024-02-28 11:52:00,-0.01367833239254906,1980.00m,-24.672727272727403,
1056,2024-02-28 13:25:00,0.03620981560399658,5580.00m,22.85913978494625,
1057,2024-02-28 14:34:00,-0.01519975672499235,4140.00m,-13.401449275362276,
1058,2024-02-28 17:15:00,0.07151178899649141,9660.00m,26.611180124223566,
1059,2024-02-28 17:25:00,-0.03716107807004151,600.00m,-238.55999999999986,
1060,2024-02-28 17:27:00,0.010787793679401315,120.00m,333.40000000000146,
1061,2024-02-28 17:31:00,-0.04018092942407977,240.00m,-627.6000000000004,
1062,2024-02-28 17:34:00,0.019200560308169516,180.00m,383.80000000000047,
1063,2024-02-28 17:37:00,-0.016314235974763714,180.00m,-332.36666666666616,
1064,2024-02-28 17:56:00,0.025734639803197817,1140.00m,81.43157894736827,
1065,2024-02-28 18:23:00,-0.035460567388537145,1620.00m,-80.9925925925927,
1066,2024-02-28 19:02:00,0.035007405639045336,2340.00m,53.39230769230777,
1067,2024-02-28 20:29:00,-0.025082840621142178,5220.00m,-17.749425287356285,
1068,2024-02-28 20:57:00,0.010005031672881281,1680.00m,21.446428571428573,
1069,2024-02-28 21:09:00,-0.011918449760228834,720.00m,-60.208333333333336,
1070,2024-02-28 23:40:00,0.045459098664725486,9060.00m,18.032450331125787,
1071,2024-02-29 01:26:00,-0.023511394794373038,6360.00m,-13.88962264150939,
1072,2024-02-29 04:53:00,0.024811769400344033,12420.00m,7.329468599033802,
1073,2024-02-29 05:19:00,-0.012127866006229894,1560.00m,-29.23076923076923,
1074,2024-02-29 06:46:00,0.02892306996459125,5220.00m,20.580459770114942,
1075,2024-02-29 10:16:00,-0.021830221944514658,12600.00m,-6.621428571428571,
1076,2024-02-29 11:36:00,0.018014432089571427,4800.00m,14.030000000000019,
1077,2024-02-29 13:29:00,-0.018037775115091106,6780.00m,-10.124778761061934,
1078,2024-02-29 14:36:00,0.0211274502720607,4020.00m,19.64029850746271,
1079,2024-02-29 15:12:00,-0.014948160214340365,2160.00m,-26.408333333333456,
1080,2024-02-29 15:27:00,0.010440692683534139,900.00m,43.60666666666657,
1081,2024-02-29 16:43:00,-0.025199358010337507,4560.00m,-20.989473684210488,
1082,2024-02-29 17:02:00,0.011635444350813508,1140.00m,37.78947368421053,
1083,2024-02-29 17:52:00,-0.02815974113350209,3000.00m,-35.15800000000003,
1084,2024-02-29 18:13:00,0.014824924466070331,1260.00m,42.8285714285715,
1085,2024-02-29 18:50:00,-0.015360376822186984,2220.00m,-25.55945945945938,
1086,2024-02-29 20:55:00,0.027879409717296393,7500.00m,13.520799999999989,
1087,2024-02-29 21:36:00,-0.026795844774433204,2460.00m,-40.72439024390255,
1088,2024-02-29 22:01:00,0.014569062468050302,1500.00m,35.34,
1089,2024-02-29 22:44:00,-0.01285641609928859,2580.00m,-18.3953488372093,
1090,2024-03-01 00:29:00,0.01731794180262688,6300.00m,10.017142857142884,
1091,2024-03-01 02:19:00,-0.014988711126216869,6600.00m,-8.419090909090896,
1092,2024-03-01 13:21:00,0.030206834000433804,39720.00m,2.7770392749244737,
1093,2024-03-01 15:54:00,-0.023153553178051324,9180.00m,-9.488235294117676,
1094,2024-03-01 20:58:00,0.031554147053493124,18240.00m,6.357236842105259,
1095,2024-03-03 07:32:00,-0.02806122852751745,124440.00m,-0.8548216007714533,
1096,2024-03-03 12:30:00,0.021254975019053216,17880.00m,4.379865771812071,
1097,2024-03-03 13:23:00,-0.010205383339711698,3180.00m,-12.075471698113208,
1098,2024-03-04 00:43:00,0.037746487949478026,40800.00m,3.445588235294118,
1099,2024-03-04 00:49:00,-0.029842428005899292,360.00m,-320.38333333333384,
1100,2024-03-04 01:29:00,0.02266824765132577,2400.00m,35.41500000000015,
1101,2024-03-04 02:10:00,-0.011536662113338793,2460.00m,-17.982926829268365,
1102,2024-03-04 02:39:00,0.012473880833280568,1740.00m,27.17241379310345,
1103,2024-03-04 05:38:00,-0.010753595997498483,10740.00m,-3.8424581005586753,
1104,2024-03-04 08:44:00,0.036941974516454444,11160.00m,12.566666666666714,
1105,2024-03-04 09:06:00,-0.011665975710871712,1320.00m,-34.79090909090949,
1106,2024-03-04 09:33:00,0.012702755219433613,1620.00m,30.5074074074073,
1107,2024-03-04 10:39:00,-0.012118554118526642,3960.00m,-12.057575757575691,
1108,2024-03-04 13:41:00,0.012367412184899142,10920.00m,4.408241758241735,
1109,2024-03-04 14:03:00,-0.013457298429829519,1320.00m,-40.17272727272707,
1110,2024-03-04 17:36:00,0.041817794556617806,12780.00m,12.720187793427236,
1111,2024-03-04 18:29:00,-0.019122962962963005,3180.00m,-24.354716981132132,
1112,2024-03-04 20:58:00,0.023869794530065443,8940.00m,10.606711409396032,
1113,2024-03-04 21:26:00,-0.01412901093973121,1680.00m,-34.20714285714296,
1114,2024-03-04 23:13:00,0.025586621937460908,6420.00m,15.981308411214954,
1115,2024-03-04 23:31:00,-0.013505627223095937,1080.00m,-51.427777777777614,
1116,2024-03-05 01:53:00,0.017362728699229914,8520.00m,8.267605633802816,
1117,2024-03-05 03:12:00,-0.01629158846985266,4740.00m,-14.186075949367236,
1118,2024-03-05 04:04:00,0.011739427274366387,3120.00m,15.276923076923245,
1119,2024-03-05 05:03:00,-0.03837794571729877,3540.00m,-44.53389830508475,
1120,2024-03-05 06:35:00,0.02585351849967254,5520.00m,18.501086956521643,
1121,2024-03-05 08:09:00,-0.028229866268670734,5640.00m,-20.282978723404163,
1122,2024-03-05 08:59:00,0.020269137826480498,3000.00m,26.60600000000006,
1123,2024-03-05 09:51:00,-0.010889742107849239,3120.00m,-14.023076923077147,
1124,2024-03-05 13:21:00,0.027613165058452956,12600.00m,8.709047619047661,
1125,2024-03-05 14:24:00,-0.010171638128877034,3780.00m,-10.988888888888935,
1126,2024-03-05 15:03:00,0.02456304410749676,2340.00m,42.43076923076931,
1127,2024-03-05 15:05:00,-0.020387023120842906,120.00m,-703.5999999999985,
1128,2024-03-05 15:17:00,0.01278226957382065,720.00m,72.02499999999903,
1129,2024-03-05 15:31:00,-0.027300843732750664,840.00m,-133.54285714285652,
1130,2024-03-05 15:36:00,0.012685440117216468,300.00m,169.0,
1131,2024-03-05 16:12:00,-0.03758108893395485,2160.00m,-70.41944444444461,
1132,2024-03-05 16:30:00,0.01776755691856498,1080.00m,64.08333333333333,
1133,2024-03-05 17:10:00,-0.03190909751313646,2400.00m,-52.70999999999985,
1134,2024-03-05 17:57:00,0.026534077052471013,2820.00m,36.11276595744687,
1135,2024-03-05 19:39:00,-0.05846116827916628,6120.00m,-37.63529411764709,
1136,2024-03-05 19:42:00,0.010574958795185718,180.00m,217.9333333333319,
1137,2024-03-05 19:56:00,-0.03900344275125604,840.00m,-174.06428571428583,
1138,2024-03-05 20:14:00,0.05105742294586151,1080.00m,170.31111111111144,
1139,2024-03-05 20:40:00,-0.02349630315111607,1560.00m,-57.030769230769344,
1140,2024-03-05 20:46:00,0.015594320486815416,360.00m,160.16666666666666,
1141,2024-03-05 20:59:00,-0.01005656217045348,780.00m,-48.415384615384724,
1142,2024-03-05 21:29:00,0.03314255462694857,1800.00m,68.44666666666672,
1143,2024-03-05 22:24:00,-0.02315107014528982,3300.00m,-26.943636363636394,
1144,2024-03-05 23:48:00,0.029418773319515548,5040.00m,21.898809523809526,
1145,2024-03-06 03:14:00,-0.0235957220713526,12360.00m,-7.372815533980562,
1146,2024-03-06 06:13:00,0.05899237535163744,10740.00m,20.712849162011125,
1147,2024-03-06 07:03:00,-0.013804833194102873,3000.00m,-18.375999999999767,
1148,2024-03-06 08:33:00,0.03122752812412393,5400.00m,22.774444444444413,
1149,2024-03-06 09:58:00,-0.022567010354970576,5100.00m,-17.970588235294116,
1150,2024-03-06 12:02:00,0.02206173537404876,7440.00m,11.770967741935413,
1151,2024-03-06 12:46:00,-0.03534340736534181,2640.00m,-54.31590909090896,
1152,2024-03-06 13:01:00,0.017485953441311153,900.00m,76.04000000000039,
1153,2024-03-06 13:08:00,-0.01356032309729844,420.00m,-128.5714285714296,
1154,2024-03-06 14:32:00,0.027446116624230014,5040.00m,21.391666666666683,
1155,2024-03-06 15:07:00,-0.025664887686384023,2100.00m,-49.32571428571412,
1156,2024-03-06 18:05:00,0.0295007979786575,10680.00m,10.862359550561798,
1157,2024-03-06 18:48:00,-0.011976447259022437,2580.00m,-18.793023255814088,
1158,2024-03-06 20:17:00,0.010818108181081768,5340.00m,8.103370786516821,
1159,2024-03-07 01:09:00,-0.025037395825913484,17520.00m,-5.778082191780812,
1160,2024-03-07 02:01:00,0.012333333333333378,3120.00m,15.582692307692364,
1161,2024-03-07 04:03:00,-0.011944014686447192,7320.00m,-6.511475409836137,
1162,2024-03-07 14:40:00,0.03433415657397986,38220.00m,3.5420722135007896,
1163,2024-03-07 14:46:00,-0.018097104404447572,360.00m,-205.0166666666652,
1164,2024-03-07 17:25:00,0.018814211719439408,9540.00m,7.897484276729541,
1165,2024-03-08 00:35:00,-0.017257911285365114,25800.00m,-2.7290697674418603,
1166,2024-03-08 15:30:00,0.04883403193149802,53700.00m,3.6461452513966517,
1167,2024-03-08 15:38:00,-0.03434701716138094,480.00m,-300.91250000000036,
1168,2024-03-08 15:48:00,0.010570284115170797,600.00m,71.53999999999942,
1169,2024-03-08 16:15:00,-0.02892871920310767,1620.00m,-73.28148148148115,
1170,2024-03-08 20:04:00,0.044833333584272675,13740.00m,13.00305676855894,
1171,2024-03-09 02:00:00,-0.021137030440321218,21360.00m,-4.120224719101132,
1172,2024-03-10 10:21:00,0.030455776704746244,116460.00m,1.0658423493044837,
1173,2024-03-10 14:43:00,-0.01739650955472246,15720.00m,-4.64770992366411,
1174,2024-03-10 16:31:00,0.015269173338993924,6480.00m,9.724074074074046,
1175,2024-03-10 22:56:00,-0.02277983597143315,23100.00m,-4.131688311688304,
1176,2024-03-10 23:47:00,0.01150814934655735,3060.00m,15.398039215686046,
1177,2024-03-11 00:52:00,-0.0233832049478514,3900.00m,-24.83076923076923,
1178,2024-03-11 07:39:00,0.06039468980075645,24420.00m,10.002948402948432,
1179,2024-03-11 07:42:00,-0.010106167924108731,180.00m,-240.8000000000029,
1180,2024-03-11 11:46:00,0.021775414189350608,14640.00m,6.314754098360668,
1181,2024-03-11 12:00:00,-0.011058167760496269,840.00m,-57.107142857142854,
1182,2024-03-11 13:24:00,0.013041958041958042,5040.00m,11.101190476190476,
1183,2024-03-11 13:53:00,-0.012584130052117488,1740.00m,-31.43103448275862,
1184,2024-03-11 15:35:00,0.01676290879601787,6120.00m,11.753921568627394,
1185,2024-03-11 16:03:00,-0.011309146464722782,1680.00m,-29.371428571428364,
1186,2024-03-11 19:18:00,0.013286971035154253,11700.00m,4.898974358974375,
1187,2024-03-11 19:58:00,-0.012149155557507821,2400.00m,-22.127500000000147,
1188,2024-03-11 22:21:00,0.011930352088506452,8580.00m,6.004195804195845,
1189,2024-03-12 04:05:00,-0.020132836626328636,20640.00m,-4.262209302325573,
1190,2024-03-12 07:20:00,0.014600596131451527,11700.00m,5.343076923076893,
1191,2024-03-12 08:28:00,-0.012315958122703752,4080.00m,-13.113235294117604,
1192,2024-03-12 14:06:00,0.020486559278873114,20280.00m,4.334319526627219,
1193,2024-03-12 15:00:00,-0.02458229017215426,3240.00m,-33.22037037037053,
1194,2024-03-12 15:34:00,0.013535839418724556,2040.00m,28.33823529411765,
1195,2024-03-12 17:22:00,-0.043321149519924405,6480.00m,-28.938888888888837,
1196,2024-03-12 19:09:00,0.0391860271372584,6420.00m,25.27663551401875,
1197,2024-03-12 21:08:00,-0.014246257534078544,7140.00m,-8.586554621848764,
1198,2024-03-13 08:45:00,0.042316869465349696,41820.00m,4.292539454806304,
1199,2024-03-13 13:57:00,-0.026000689335117164,18720.00m,-6.141346153846126,
1200,2024-03-13 20:14:00,0.02348766545784848,22620.00m,4.471883289124653,
1201,2024-03-14 01:36:00,-0.01182756179897629,19320.00m,-2.698447204968926,
1202,2024-03-14 04:13:00,0.015315083249420254,9420.00m,7.081528662420308,
1203,2024-03-14 04:52:00,-0.012949940914622649,2340.00m,-24.474358974358974,
1204,2024-03-14 07:05:00,0.015209120248953987,7980.00m,8.319548872180452,
1205,2024-03-14 13:55:00,-0.03057993010997986,24600.00m,-5.508780487804857,
1206,2024-03-14 14:21:00,0.01295804626516932,1560.00m,35.6846153846155,
1207,2024-03-14 16:30:00,-0.03339119596404708,7740.00m,-18.773643410852735,
1208,2024-03-14 17:00:00,0.01979422676706654,1800.00m,46.25666666666657,
1209,2024-03-14 18:54:00,-0.027038632612527008,6840.00m,-16.9570175438597,
1210,2024-03-14 19:08:00,0.011719227324545998,840.00m,58.22857142857226,
1211,2024-03-14 19:35:00,-0.021854010097177877,1620.00m,-56.96296296296296,
1212,2024-03-14 20:47:00,0.03435452169656039,4320.00m,32.84583333333325,
1213,2024-03-14 21:07:00,-0.011207392946926393,1200.00m,-39.9,
1214,2024-03-15 00:34:00,0.029482281087990867,12420.00m,10.027536231884044,
1215,2024-03-15 02:53:00,-0.058499710957537546,8340.00m,-30.504316546762524,
1216,2024-03-15 03:02:00,0.017574581700629657,540.00m,133.25555555555425,
1217,2024-03-15 03:28:00,-0.03410719197464274,1560.00m,-91.09230769230747,
1218,2024-03-15 03:50:00,0.027750982160828414,1320.00m,84.60454545454559,
1219,2024-03-15 04:05:00,-0.018097335375902326,900.00m,-83.16666666666667,
1220,2024-03-15 04:14:00,0.01249754377981621,540.00m,93.98888888888824,
1221,2024-03-15 04:44:00,-0.021788615988046277,1800.00m,-49.773333333333234,
1222,2024-03-15 05:10:00,0.018314985530594633,1560.00m,47.22307692307704,
1223,2024-03-15 05:48:00,-0.015641800140040883,2280.00m,-28.100000000000076,
1224,2024-03-15 07:46:00,0.02496651686062081,7080.00m,14.217796610169467,
1225,2024-03-15 09:13:00,-0.04371353031620736,5220.00m,-34.60689655172418,
1226,2024-03-15 10:02:00,0.03429140558932005,2940.00m,46.093877551020526,
1227,2024-03-15 11:11:00,-0.018787936615118045,4140.00m,-18.549275362318756,
1228,2024-03-15 13:07:00,0.02315554518308392,6960.00m,13.343103448275762,
1229,2024-03-15 13:30:00,-0.012617083434466823,1380.00m,-37.517391304347576,
1230,2024-03-15 13:55:00,0.01687879932176789,1500.00m,45.59200000000012,
1231,2024-03-15 14:32:00,-0.01080848076914671,2220.00m,-20.05945945945938,
1232,2024-03-15 15:03:00,0.011026689299105939,1860.00m,24.161290322580644,
1233,2024-03-15 16:09:00,-0.015254437197761718,3960.00m,-15.87272727272736,
1234,2024-03-15 16:42:00,0.011643192488262824,1980.00m,23.860606060605885,
1235,2024-03-15 17:06:00,-0.01059126009100344,1440.00m,-30.191666666666304,
1236,2024-03-15 19:00:00,0.04258364935596385,6840.00m,25.285087719298247,
1237,2024-03-15 20:49:00,-0.04148623832411358,6540.00m,-26.860550458715622,
1238,2024-03-16 00:22:00,0.035971616527459574,12780.00m,11.423943661971844,
1239,2024-03-16 05:19:00,-0.019725078947406015,17820.00m,-4.6542087542087645,
1240,2024-03-16 07:43:00,0.011670257365785447,8640.00m,5.567361111111091,
1241,2024-03-16 14:04:00,-0.027495873964174272,22860.00m,-5.015485564304447,
1242,2024-03-16 15:51:00,0.013474524611314593,6420.00m,8.511214953271,
1243,2024-03-16 18:13:00,-0.02533669112011387,8520.00m,-12.221830985915492,
1244,2024-03-16 19:09:00,0.014738923339624337,3360.00m,17.571428571428573,
1245,2024-03-16 20:22:00,-0.014118914769875712,4380.00m,-13.102739726027398,
1246,2024-03-16 20:46:00,0.011593139640212951,1440.00m,32.262500000000124,
1247,2024-03-16 22:07:00,-0.024644854197070114,4860.00m,-20.556790123456864,
1248,2024-03-16 22:37:00,0.013337137151415867,1800.00m,29.296666666666958,
1249,2024-03-16 23:17:00,-0.026082099386620726,2400.00m,-43.54250000000011,
1250,2024-03-17 00:25:00,0.019675287033776707,4080.00m,18.817647058823507,
1251,2024-03-17 00:58:00,-0.01621641999230951,1980.00m,-32.58787878787883,
1252,2024-03-17 03:53:00,0.02100855148903816,10500.00m,7.831999999999993,
1253,2024-03-17 07:22:00,-0.029142465099450947,12540.00m,-9.288038277511946,
1254,2024-03-17 11:14:00,0.043430055899612734,13920.00m,12.106034482758647,
1255,2024-03-17 12:56:00,-0.014217946267011203,6120.00m,-9.405882352941262,
1256,2024-03-17 22:39:00,0.03623041340254696,34980.00m,4.133790737564323,
1257,2024-03-18 01:06:00,-0.029418805229171636,8820.00m,-13.794557823129272,
1258,2024-03-18 05:35:00,0.031403164979843454,16140.00m,7.810037174721222,
1259,2024-03-18 08:27:00,-0.022445791269213308,10320.00m,-9.004651162790715,
1260,2024-03-18 13:00:00,0.018135590707603857,16380.00m,4.480952380952392,
1261,2024-03-18 13:27:00,-0.011332876115923585,1620.00m,-28.825925925926033,
1262,2024-03-18 13:36:00,0.010015022533800702,540.00m,75.55555555555556,
1263,2024-03-18 14:55:00,-0.02697949779812764,4740.00m,-23.42025316455692,
1264,2024-03-18 16:19:00,0.020253927148804547,5040.00m,16.089285714285715,
1265,2024-03-18 17:08:00,-0.021521960419686997,2940.00m,-29.902040816326473,
1266,2024-03-19 00:19:00,0.02330887905113177,25860.00m,3.6025522041763276,
1267,2024-03-19 02:04:00,-0.0358767024416579,6300.00m,-23.291428571428625,
1268,2024-03-19 02:34:00,0.010485201122316785,1800.00m,22.970000000000194,
1269,2024-03-19 03:40:00,-0.020624812717304458,3960.00m,-20.753030303030368,
1270,2024-03-19 03:55:00,0.015750162206375734,900.00m,68.29333333333344,
1271,2024-03-19 04:19:00,-0.014485733747067282,1440.00m,-39.875,
1272,2024-03-19 04:34:00,0.01019536769675006,900.00m,44.25333333333353,
1273,2024-03-19 05:47:00,-0.01573014574635339,4380.00m,-14.172602739726107,
1274,2024-03-19 06:12:00,0.011341238113480416,1500.00m,29.368000000000176,
1275,2024-03-19 07:16:00,-0.025788359497429435,3840.00m,-26.381250000000023,
1276,2024-03-19 07:57:00,0.015320696737375118,2460.00m,23.834146341463345,
1277,2024-03-19 09:11:00,-0.025909432027695935,4440.00m,-22.674324324324246,
1278,2024-03-19 09:58:00,0.01830148869017141,2820.00m,24.56382978723404,
1279,2024-03-19 11:27:00,-0.026150119557636787,5340.00m,-18.87415730337082,
1280,2024-03-19 13:29:00,0.020568441581277828,7320.00m,10.546721311475386,
1281,2024-03-19 14:32:00,-0.0212973245598234,3780.00m,-21.582539682539636,
1282,2024-03-19 17:28:00,0.05218936047628193,10560.00m,18.52840909090909,
1283,2024-03-19 18:13:00,-0.022365198874439142,2700.00m,-32.67555555555558,
1284,2024-03-19 19:24:00,0.015236189723467792,4260.00m,13.792957746478914,
1285,2024-03-19 23:25:00,-0.055668703326544444,14460.00m,-15.073029045643148,
1286,2024-03-20 00:58:00,0.029174976834308843,5580.00m,19.331182795698876,
1287,2024-03-20 01:26:00,-0.02207694527358475,1680.00m,-50.00357142857138,
1288,2024-03-20 03:25:00,0.02294458149921798,7140.00m,11.957983193277311,
1289,2024-03-20 05:32:00,-0.039910469405125944,7620.00m,-19.937007874015748,
1290,2024-03-20 11:29:00,0.04867837793465769,21420.00m,8.305322128851541,
1291,2024-03-20 11:47:00,-0.010136986301369864,1080.00m,-35.97222222222222,
1292,2024-03-20 12:25:00,0.01773753509153454,2280.00m,29.513157894736842,
1293,2024-03-20 13:32:00,-0.01900573435484623,4020.00m,-18.253731343283583,
1294,2024-03-20 15:01:00,0.01940404904476763,5340.00m,13.762921348314622,
1295,2024-03-20 16:32:00,-0.03377885934773258,5460.00m,-23.886813186813235,
1296,2024-03-20 17:20:00,0.039895653068970714,2880.00m,51.67916666666679,
1297,2024-03-20 17:51:00,-0.010852518953629792,1860.00m,-22.63548387096788,
1298,2024-03-20 18:14:00,0.013476431489725006,1380.00m,37.473913043478326,
1299,2024-03-20 18:35:00,-0.011077169921935266,1260.00m,-34.19047619047619,
1300,2024-03-20 20:38:00,0.05745865834633394,7380.00m,29.94390243902444,
1301,2024-03-20 21:06:00,-0.01179940132569922,1680.00m,-28.56428571428582,
1302,2024-03-21 00:43:00,0.019100283204918155,13020.00m,5.895852534562186,
1303,2024-03-21 05:21:00,-0.030655101541544525,16680.00m,-7.527338129496372,
1304,2024-03-21 08:21:00,0.02282148583725869,10800.00m,8.389444444444395,
1305,2024-03-21 10:40:00,-0.014175490025147595,8340.00m,-6.902158273381253,
1306,2024-03-21 13:28:00,0.01455318281555377,10080.00m,5.779761904761905,
1307,2024-03-21 14:00:00,-0.01636535001285241,1920.00m,-34.61875000000009,
1308,2024-03-21 14:23:00,0.012095999038808035,1380.00m,35.017391304347576,
1309,2024-03-21 15:36:00,-0.018461360391990304,4380.00m,-17.042465753424537,
1310,2024-03-21 17:07:00,0.013036451569499313,5460.00m,9.475824175824208,
1311,2024-03-21 20:04:00,-0.03382750613363267,10620.00m,-12.80621468926556,
1312,2024-03-21 20:18:00,0.018892230413849645,840.00m,87.36428571428561,
1313,2024-03-21 20:49:00,-0.013263295130677361,1860.00m,-28.222580645161337,
1314,2024-03-22 00:19:00,0.013754991235091524,12600.00m,4.263333333333312,
1315,2024-03-22 02:09:00,-0.012157419026315269,6600.00m,-7.292727272727246,
1316,2024-03-22 06:09:00,0.022529156732973114,14400.00m,6.11875,
1317,2024-03-22 14:58:00,-0.0587675748341727,31740.00m,-7.404347826086945,
1318,2024-03-22 15:32:00,0.025985991602612897,2040.00m,47.947058823529325,
1319,2024-03-22 16:51:00,-0.022824871045926273,4740.00m,-18.59620253164555,
1320,2024-03-22 19:53:00,0.020082709408870966,10920.00m,6.940109890109881,
1321,2024-03-22 21:37:00,-0.02692103868574452,6240.00m,-16.60769230769228,
1322,2024-03-23 01:48:00,0.030528200823952186,15060.00m,7.593227091633443,
1323,2024-03-23 03:36:00,-0.020218631045732773,6480.00m,-12.044444444444403,
1324,2024-03-23 17:34:00,0.04693991836397991,50280.00m,3.5309069212410518,
1325,2024-03-23 23:59:00,-0.02991902392309697,23100.00m,-5.128571428571429,
1326,2024-03-24 01:26:00,0.010841873593219628,5220.00m,7.978160919540213,
1327,2024-03-24 04:39:00,-0.013290705005377452,11580.00m,-4.456476683937816,
1328,2024-03-24 14:23:00,0.03300952324275738,35040.00m,3.6092465753424703,
1329,2024-03-24 17:08:00,-0.019073073780246624,9900.00m,-7.6248484848485205,
1330,2024-03-24 23:19:00,0.045247589020771466,22260.00m,7.891374663072769,
1331,2024-03-25 02:16:00,-0.017447439588240427,10620.00m,-6.666666666666667,
1332,2024-03-25 05:33:00,0.019778275047891973,11820.00m,6.671573604060928,
1333,2024-03-25 09:33:00,-0.01428002243012716,14400.00m,-4.032083333333321,
1334,2024-03-25 20:00:00,0.06507650643803808,37620.00m,6.9330143540669855,
1335,2024-03-25 21:28:00,-0.02107377437441409,5280.00m,-17.037500000000033,
1336,2024-03-25 22:43:00,0.015709444907101713,4500.00m,14.588000000000077,
1337,2024-03-25 23:47:00,-0.01351567215765889,3840.00m,-14.939062500000091,
1338,2024-03-26 07:29:00,0.025186289120715435,27720.00m,3.804329004329017,
1339,2024-03-26 08:00:00,-0.015413409820300518,1860.00m,-35.57096774193586,
1340,2024-03-26 09:51:00,0.012139598999984466,6660.00m,7.703603603603656,
1341,2024-03-26 13:40:00,-0.015726428591466283,13740.00m,-4.896069868995621,
1342,2024-03-26 13:48:00,0.011326325869852747,480.00m,99.35000000000036,
1343,2024-03-26 14:32:00,-0.0216662251506322,2640.00m,-34.94545454545468,
1344,2024-03-26 16:02:00,0.01652887800662546,5400.00m,12.751111111111175,
1345,2024-03-26 16:43:00,-0.015436909160980254,2460.00m,-26.573170731707318,
1346,2024-03-26 18:36:00,0.013697309323466727,6780.00m,8.42300884955742,
1347,2024-03-26 20:01:00,-0.014051695133013938,5100.00m,-11.644705882352804,
1348,2024-03-27 01:16:00,0.018853824544529007,18900.00m,4.156825396825378,
1349,2024-03-27 09:05:00,-0.017423808817190543,28140.00m,-2.628784648187621,
1350,2024-03-27 13:29:00,0.03166270175731294,15840.00m,8.338636363636342,
1351,2024-03-27 13:45:00,-0.027958398393932552,960.00m,-125.33749999999964,
1352,2024-03-27 13:50:00,0.012452203446228296,300.00m,173.63999999999942,
1353,2024-03-27 14:12:00,-0.02576823042096137,1320.00m,-82.68181818181819,
1354,2024-03-27 14:39:00,0.022025016067632328,1620.00m,56.099999999999895,
1355,2024-03-27 16:13:00,-0.02417818499996435,5640.00m,-18.078723404255257,
1356,2024-03-27 17:13:00,0.012922255059624745,3600.00m,14.771666666666473,
1357,2024-03-27 18:20:00,-0.01397513292857402,4020.00m,-14.491044776119317,
1358,2024-03-28 00:20:00,0.0216269479216087,21600.00m,4.115277777777778,
1359,2024-03-28 02:44:00,-0.013540237768632914,8640.00m,-6.580555555555596,
1360,2024-03-28 14:58:00,0.037226738358315324,44040.00m,3.5013623978201633,
1361,2024-03-29 09:43:00,-0.02736906198328625,67500.00m,-1.742044444444434,
1362,2024-03-29 13:38:00,0.014407020586790944,14100.00m,4.2697872340425285,
1363,2024-03-29 15:40:00,-0.020233545647558387,7320.00m,-11.717213114754099,
1364,2024-03-30 05:03:00,0.016662693855143986,48180.00m,1.436363636363629,
1365,2024-03-30 23:29:00,-0.011025394357851338,66360.00m,-0.7015370705244071,
1366,2024-03-31 23:57:00,0.02679818385585801,88080.00m,1.2705040871934645,
1367,2024-04-01 06:02:00,-0.0344653394549075,21900.00m,-6.747945205479452,
1368,2024-04-01 13:37:00,0.01610867230627202,27300.00m,2.442857142857143,
1369,2024-04-01 15:59:00,-0.026109802086958588,8520.00m,-12.89154929577469,
1370,2024-04-01 21:31:00,0.02406233066299556,19920.00m,4.948795180722891,
1371,2024-04-02 02:39:00,-0.04975401864881872,18480.00m,-11.295454545454545,
1372,2024-04-02 03:05:00,0.013022800812702278,1560.00m,33.280769230769344,
1373,2024-04-02 05:20:00,-0.015128442452343889,8100.00m,-7.542962962962985,
1374,2024-04-02 06:43:00,0.012850721052313916,4980.00m,10.263855421686676,
1375,2024-04-02 09:04:00,-0.019197574165337433,8460.00m,-9.141843971631205,
1376,2024-04-02 09:21:00,0.010375841433211545,1020.00m,40.194117647058995,
1377,2024-04-02 11:30:00,-0.02095488005386373,7740.00m,-10.808527131782911,
1378,2024-04-02 12:18:00,0.01136407246112062,2880.00m,15.422916666666575,
1379,2024-04-02 13:34:00,-0.01808476083795508,4560.00m,-15.677631578947368,
1380,2024-04-02 14:43:00,0.02395015202642661,4140.00m,22.455072463768243,
1381,2024-04-02 15:57:00,-0.0222834119087409,4440.00m,-19.947297297297375,
1382,2024-04-02 19:53:00,0.022193743630917365,14160.00m,6.09067796610167,
1383,2024-04-02 21:27:00,-0.013953966110501813,5640.00m,-9.827659574468038,
1384,2024-04-02 22:51:00,0.010067463648674385,5040.00m,7.823809523809576,
1385,2024-04-03 00:37:00,-0.020261826476262117,6360.00m,-12.60377358490566,
1386,2024-04-03 08:41:00,0.03188505405505818,29040.00m,4.255785123966948,
1387,2024-04-03 11:09:00,-0.015734931878801102,8880.00m,-7.087162162162221,
1388,2024-04-03 14:28:00,0.019414220329605894,11940.00m,6.401005025125643,
1389,2024-04-03 15:35:00,-0.01597356676708695,4020.00m,-15.946268656716331,
1390,2024-04-03 16:33:00,0.011469663658836293,3480.00m,13.01551724137921,
1391,2024-04-03 18:32:00,-0.015737847743796145,7140.00m,-8.804201680672245,
1392,2024-04-04 00:49:00,0.012413715217102573,22620.00m,2.1575596816975975,
1393,2024-04-04 04:25:00,-0.01834251112112714,12960.00m,-5.633333333333313,
1394,2024-04-04 18:01:00,0.0633145426429917,48960.00m,5.0528186274509785,
1395,2024-04-04 20:18:00,-0.026992952457974784,8220.00m,-13.6430656934307,
1396,2024-04-05 00:55:00,0.019630455852253672,16620.00m,4.774729241877277,
1397,2024-04-05 05:21:00,-0.0333680264929583,15960.00m,-8.617669172932342,
1398,2024-04-05 08:24:00,0.01871690771204678,10980.00m,6.791803278688572,
1399,2024-04-05 09:23:00,-0.018139459940486217,3540.00m,-20.798305084745863,
1400,2024-04-05 10:43:00,0.011857695608316735,4800.00m,9.845000000000073,
1401,2024-04-05 12:33:00,-0.01676571153096483,6600.00m,-10.24363636363639,
1402,2024-04-05 14:48:00,0.03743088112006634,8100.00m,18.322222222222223,
1403,2024-04-05 15:22:00,-0.013498591647910646,2040.00m,-27.217647058823786,
1404,2024-04-05 16:05:00,0.01111786354851935,2580.00m,17.48604651162811,
1405,2024-04-05 20:01:00,-0.015163391428713615,14160.00m,-4.3936440677966475,
1406,2024-04-06 23:13:00,0.03384220631406396,97920.00m,1.39650735294118,
1407,2024-04-07 00:29:00,-0.011168562564632969,4560.00m,-10.231578947368497,
1408,2024-04-07 16:41:00,0.021568302772548877,58320.00m,1.5276748971193506,
1409,2024-04-07 22:03:00,-0.019656966386232017,19320.00m,-4.293478260869565,
1410,2024-04-08 09:27:00,0.05359339103798756,41040.00m,5.402339181286545,
1411,2024-04-08 10:16:00,-0.010120588073343938,2940.00m,-15.004081632653001,
1412,2024-04-08 12:14:00,0.012280833500211258,7080.00m,7.483898305084672,
1413,2024-04-08 17:29:00,-0.019296103000471087,18900.00m,-4.459047619047592,
1414,2024-04-08 18:43:00,0.010783430666238993,4440.00m,10.402702702702742,
1415,2024-04-09 01:11:00,-0.016726004786777857,23280.00m,-3.110567010309301,
1416,2024-04-09 03:15:00,0.010496094443708363,7440.00m,6.005645161290299,
1417,2024-04-09 08:08:00,-0.027371542466758367,17580.00m,-6.697610921501687,
1418,2024-04-09 12:49:00,0.01801168752016635,16860.00m,4.469750889679715,
1419,2024-04-09 15:11:00,-0.03339132394683638,8520.00m,-16.692957746478832,
1420,2024-04-09 16:02:00,0.010543865248381986,3060.00m,14.186274509803921,
1421,2024-04-09 17:11:00,-0.0154481581042262,4140.00m,-15.52463768115959,
1422,2024-04-09 22:40:00,0.017240268110337718,19740.00m,3.5775075987841944,
1423,2024-04-10 01:25:00,-0.010821139452304911,9900.00m,-4.554545454545455,
1424,2024-04-10 02:03:00,0.013786848996810668,2280.00m,24.92368421052647,
1425,2024-04-10 02:54:00,-0.015852275174820154,3060.00m,-21.647058823529413,
1426,2024-04-10 07:17:00,0.014721545397510907,15780.00m,3.8365019011406845,
1427,2024-04-10 13:49:00,-0.0276557197906481,23520.00m,-4.90663265306121,
1428,2024-04-10 17:22:00,0.033753988933021284,12780.00m,10.716431924882588,
1429,2024-04-10 18:33:00,-0.011166231804449202,4260.00m,-10.994366197182975,
1430,2024-04-10 22:34:00,0.029314330518208535,14460.00m,8.4082987551867,
1431,2024-04-11 00:30:00,-0.01114078113361344,6960.00m,-6.833620689655147,
1432,2024-04-11 08:49:00,0.013568731230537633,29940.00m,1.9132264529058058,
1433,2024-04-11 11:58:00,-0.018409871695996553,11340.00m,-6.946560846560816,
1434,2024-04-11 12:42:00,0.015282398670896848,2640.00m,24.3136363636361,
1435,2024-04-11 14:59:00,-0.020278056447062723,8220.00m,-10.51970802919706,
1436,2024-04-11 20:24:00,0.016298845193284124,19500.00m,3.492000000000027,
1437,2024-04-11 23:26:00,-0.012134426896684428,10920.00m,-4.718131868131932,
1438,2024-04-12 04:50:00,0.019730527315615524,19440.00m,4.257098765432108,
1439,2024-04-12 17:35:00,-0.0518375225499466,45900.00m,-4.830457516339873,
1440,2024-04-12 17:46:00,0.012791662783007859,660.00m,78.60000000000053,
1441,2024-04-12 18:35:00,-0.042078430513253134,2940.00m,-58.785714285714285,
1442,2024-04-12 20:43:00,0.02823027068242466,7680.00m,14.462499999999977,
1443,2024-04-13 01:58:00,-0.023349973749076682,18900.00m,-4.998095238095219,
1444,2024-04-13 04:48:00,0.031830564995945304,10200.00m,12.329999999999947,
1445,2024-04-13 08:53:00,-0.012228486825935669,14700.00m,-3.3914285714285475,
1446,2024-04-13 15:29:00,0.011810718595884754,23760.00m,2.0017676767676695,
1447,2024-04-13 18:09:00,-0.020486027769228803,9600.00m,-8.694999999999983,
1448,2024-04-13 19:01:00,0.010998444041883172,3120.00m,14.069230769230881,
1449,2024-04-13 19:56:00,-0.04713301541559052,3300.00m,-57.63090909090917,
1450,2024-04-13 20:00:00,0.011516782042559034,240.00m,184.5,
1451,2024-04-13 20:08:00,-0.055445675919183465,480.00m,-449.2375000000002,
1452,2024-04-13 20:14:00,0.021863796356033915,360.00m,223.09999999999977,
1453,2024-04-13 20:23:00,-0.016295548014724336,540.00m,-113.27777777777777,
1454,2024-04-13 20:41:00,0.018503954919764247,1080.00m,63.26666666666683,
1455,2024-04-13 20:54:00,-0.019118604265312134,780.00m,-92.1846153846155,
1456,2024-04-13 21:05:00,0.016742567171947196,660.00m,93.58181818181832,
1457,2024-04-13 21:29:00,-0.011253587230897696,1440.00m,-29.3125,
1458,2024-04-13 21:58:00,0.018238178673642823,1740.00m,38.8724137931033,
1459,2024-04-13 22:07:00,-0.011659241275430042,540.00m,-81.53333333333285,
1460,2024-04-13 23:06:00,0.051968220386666944,3540.00m,54.78983050847455,
1461,2024-04-14 00:25:00,-0.03811510483525886,4740.00m,-31.570886075949346,
1462,2024-04-14 00:45:00,0.019892948894138857,1200.00m,62.604999999999926,
1463,2024-04-14 01:11:00,-0.013180359535159026,1560.00m,-32.54230769230764,
1464,2024-04-14 01:32:00,0.01092538189900531,1260.00m,32.957142857142784,
1465,2024-04-14 03:14:00,-0.02893191755153034,6120.00m,-18.16470588235297,
1466,2024-04-14 06:37:00,0.04302171507963056,12180.00m,13.179310344827593,
1467,2024-04-14 09:39:00,-0.014888394853120244,10920.00m,-5.30604395604394,
1468,2024-04-14 10:36:00,0.01100366371451508,3420.00m,12.33508771929822,
1469,2024-04-14 11:44:00,-0.011332817337461278,4080.00m,-10.766176470588213,
1470,2024-04-14 13:08:00,0.014829045576886019,5040.00m,11.274999999999983,
1471,2024-04-14 14:38:00,-0.020660340970454348,5400.00m,-14.878888888888874,
1472,2024-04-14 16:31:00,0.018802411623939162,6780.00m,10.561946902654867,
1473,2024-04-14 17:25:00,-0.03056778012475766,3240.00m,-36.607407407407464,
1474,2024-04-14 18:35:00,0.03100525420863073,4200.00m,27.76857142857147,
1475,2024-04-14 21:23:00,-0.01998873699649114,10080.00m,-7.690476190476191,
1476,2024-04-15 00:13:00,0.03900423715434994,10200.00m,14.533529411764732,
1477,2024-04-15 04:15:00,-0.016851755904040346,14520.00m,-4.583057851239693,
1478,2024-04-15 09:42:00,0.031368033876302,19620.00m,6.207033639143722,
1479,2024-04-15 15:01:00,-0.042950025248854745,19140.00m,-8.985266457680236,
1480,2024-04-15 16:03:00,0.014286966841711367,3720.00m,14.71774193548387,
1481,2024-04-15 16:32:00,-0.013034505008343402,1740.00m,-29.117241379310396,
1482,2024-04-15 17:11:00,0.011988269794721408,2340.00m,19.653846153846153,
1483,2024-04-15 18:17:00,-0.02359668644906038,3960.00m,-23.13333333333338,
1484,2024-04-15 18:44:00,0.010423064016765543,1620.00m,24.38888888888889,
1485,2024-04-15 19:06:00,-0.024011642388193373,1320.00m,-69.67272727272707,
1486,2024-04-15 20:06:00,0.020466142025491567,3600.00m,21.251666666666644,
1487,2024-04-15 21:32:00,-0.013718581899399118,5160.00m,-10.141860465116245,
1488,2024-04-16 00:16:00,0.015025723298323234,9840.00m,5.745121951219494,
1489,2024-04-16 00:45:00,-0.01143319507290091,1740.00m,-25.093103448275762,
1490,2024-04-16 01:34:00,0.013981179365006159,2940.00m,17.953061224489737,
1491,2024-04-16 02:27:00,-0.01674451410658312,3180.00m,-20.156603773584962,
1492,2024-04-16 03:06:00,0.012373329592534626,2340.00m,19.902564102564213,
1493,2024-04-16 04:45:00,-0.028653128193500403,5940.00m,-18.380808080808123,
1494,2024-04-16 07:33:00,0.03335321828161626,10080.00m,12.24702380952381,
1495,2024-04-16 10:30:00,-0.033845420161673655,10620.00m,-12.189265536723164,
1496,2024-04-16 12:36:00,0.028520073650472006,7560.00m,13.94047619047619,
1497,2024-04-16 13:47:00,-0.018702432879151645,4260.00m,-16.685915492957704,
1498,2024-04-16 14:16:00,0.01478764478764474,1740.00m,31.69655172413783,
1499,2024-04-16 16:20:00,-0.021951768570305223,7440.00m,-11.166935483870944,
1500,2024-04-16 17:26:00,0.02499736605370004,3960.00m,23.36666666666662,
1501,2024-04-16 17:57:00,-0.014660790332196314,1860.00m,-29.90645161290318,
1502,2024-04-16 21:49:00,0.032200495589764684,13920.00m,8.648275862068973,
1503,2024-04-17 01:16:00,-0.011382859630574019,12420.00m,-3.5367149758454035,
1504,2024-04-17 05:16:00,0.012835010120486452,14400.00m,3.4004166666666604,
1505,2024-04-17 12:42:00,-0.036593167701863334,26760.00m,-5.283856502242149,
1506,2024-04-17 13:46:00,0.013129519014109454,3840.00m,12.728124999999977,
1507,2024-04-17 14:34:00,-0.03136116325686473,2880.00m,-41.06875000000006,
1508,2024-04-17 14:46:00,0.016653883360405474,720.00m,84.5,
1509,2024-04-17 16:05:00,-0.03361189776529181,4740.00m,-26.336708860759472,
1510,2024-04-17 16:16:00,0.019182515575868312,660.00m,104.31818181818181,
1511,2024-04-17 16:46:00,-0.016297180797669557,1800.00m,-33.119999999999955,
1512,2024-04-17 18:24:00,0.03181378597392203,5880.00m,19.46938775510204,
1513,2024-04-17 19:40:00,-0.018220160951488318,4560.00m,-14.835526315789474,
1514,2024-04-17 21:21:00,0.014553654461809366,6060.00m,8.754455445544526,
1515,2024-04-17 21:43:00,-0.010361996602783594,1320.00m,-29.03181818181805,
1516,2024-04-17 23:07:00,0.011837704918032764,5040.00m,8.596428571428554,
