index,datetime,percentage_change,duration,trend,volatility
0,4/18/2023 0:13,,,,
1,4/18/2023 1:15,-0.00995013,3720.00m,-4.724193548,
2,4/18/2023 12:22,0.044589091,40020.00m,1.948275862,
3,4/18/2023 13:07,-0.00570567,2700.00m,-3.86,
4,4/18/2023 13:48,0.004757232,2460.00m,3.512195122,
5,4/18/2023 14:31,-0.009666696,2580.00m,-6.837209302,
6,4/18/2023 15:00,0.004767644,1740.00m,4.951724138,
7,4/18/2023 15:47,-0.005316671,2820.00m,-3.423404255,
8,4/18/2023 17:09,0.004740486,4920.00m,1.740243902,
9,4/18/2023 18:02,-0.009095688,3180.00m,-5.190566038,
10,4/18/2023 18:32,0.009342676,1800.00m,9.333333333,
11,4/18/2023 18:51,-0.00545124,1140.00m,-8.678947368,
12,4/18/2023 20:54,0.011128432,7380.00m,2.72195122,
13,4/19/2023 2:16,-0.009628566,19320.00m,-0.909627329,
14,4/19/2023 5:46,0.005496731,12600.00m,0.788571429,
15,4/19/2023 8:13,-0.029838971,8820.00m,-6.148979592,
16,4/19/2023 8:17,0.00479436,240.00m,35.225,
17,4/19/2023 8:22,-0.013718438,300.00m,-81.02,
18,4/19/2023 8:38,0.007811293,960.00m,14.21875,
19,4/19/2023 9:08,-0.009948215,1800.00m,-9.733333333,
20,4/19/2023 9:43,0.007002753,2100.00m,5.814285714,
21,4/19/2023 10:49,-0.005139508,3960.00m,-2.278787879,
22,4/19/2023 11:38,0.007141115,2940.00m,4.242857143,
23,4/19/2023 13:03,-0.004962314,5100.00m,-1.711764706,
24,4/19/2023 14:39,0.010244897,5760.00m,3.113541667,
25,4/19/2023 15:33,-0.011172407,3240.00m,-6.098148148,
26,4/19/2023 16:34,0.006608315,3660.00m,3.157377049,
27,4/19/2023 17:41,-0.006217256,4020.00m,-2.72238806,
28,4/19/2023 18:02,0.006101807,1260.00m,8.471428571,
29,4/19/2023 18:37,-0.004411384,2100.00m,-3.697142857,
30,4/19/2023 19:16,0.004341901,2340.00m,3.251282051,
31,4/19/2023 21:22,-0.013136451,7560.00m,-3.057936508,
32,4/19/2023 21:23,0.007707642,60.00m,223.1,
33,4/19/2023 21:43,-0.010974205,1200.00m,-16.005,
34,4/19/2023 22:09,0.012628127,1560.00m,14.01153846,
35,4/19/2023 23:25,-0.01940601,4560.00m,-7.459210526,
36,4/19/2023 23:57,0.007254143,1920.00m,6.49375,
37,4/20/2023 0:14,-0.0048417,1020.00m,-8.217647059,
38,4/20/2023 1:41,0.00905488,5220.00m,2.988505747,
39,4/20/2023 3:05,-0.012618297,5040.00m,-4.352380952,
40,4/20/2023 4:31,0.011444271,5160.00m,3.806976744,
41,4/20/2023 5:34,-0.004420161,3780.00m,-2.03015873,
42,4/20/2023 6:17,0.008039517,2580.00m,5.386046512,
43,4/20/2023 12:17,-0.023426873,21600.00m,-1.889722222,
44,4/20/2023 12:53,0.020134702,2160.00m,15.86111111,
45,4/20/2023 13:46,-0.007265814,3180.00m,-3.966037736,
46,4/20/2023 14:13,0.004498639,1620.00m,4.785185185,
47,4/20/2023 16:03,-0.016454643,6600.00m,-4.315454545,
48,4/20/2023 16:22,0.00865572,1140.00m,12.92631579,
49,4/20/2023 17:09,-0.00939556,2820.00m,-5.721276596,
50,4/20/2023 17:28,0.007717541,1140.00m,11.51578947,
51,4/20/2023 19:28,-0.0193001,7200.00m,-4.595,
52,4/20/2023 19:46,0.006481455,1080.00m,10.08888889,
53,4/20/2023 20:17,-0.005432624,1860.00m,-4.941935484,
54,4/20/2023 20:36,0.008746096,1140.00m,12.91052632,
55,4/20/2023 21:32,-0.004831737,3360.00m,-2.441071429,
56,4/20/2023 22:09,0.006698537,2220.00m,5.097297297,
57,4/20/2023 23:27,-0.005655518,4680.00m,-2.055128205,
58,4/21/2023 0:17,0.004396158,3000.00m,2.478,
59,4/21/2023 0:35,-0.00799432,1080.00m,-12.57222222,
60,4/21/2023 0:48,0.009853532,780.00m,21.28461538,
61,4/21/2023 2:30,-0.007179632,6120.00m,-1.996078431,
62,4/21/2023 4:06,0.006318728,5760.00m,1.853125,
63,4/21/2023 6:51,-0.017442989,9900.00m,-2.995151515,
64,4/21/2023 7:09,0.006929352,1080.00m,10.71666667,
65,4/21/2023 7:29,-0.006375085,1200.00m,-8.935,
66,4/21/2023 8:02,0.013076119,1980.00m,11.03636364,
67,4/21/2023 9:33,-0.008250492,5460.00m,-2.558241758,
68,4/21/2023 10:21,0.005153,2880.00m,3.004166667,
69,4/21/2023 11:20,-0.007309469,3540.00m,-3.484745763,
70,4/21/2023 13:40,0.013272546,8400.00m,2.647142857,
71,4/21/2023 14:16,-0.008846742,2160.00m,-6.952777778,
72,4/21/2023 14:27,0.005466683,660.00m,13.93636364,
73,4/21/2023 17:26,-0.01326434,10740.00m,-2.089385475,
74,4/21/2023 18:16,0.005793997,3000.00m,3.224,
75,4/21/2023 19:07,-0.022749445,3060.00m,-12.48235294,
76,4/21/2023 19:24,0.004102902,1020.00m,6.6,
77,4/21/2023 20:04,-0.009100941,2400.00m,-6.2475,
78,4/21/2023 20:36,0.00672944,1920.00m,5.721875,
79,4/21/2023 21:03,-0.005085445,1620.00m,-5.159259259,
80,4/21/2023 21:36,0.004142724,1980.00m,3.421212121,
81,4/21/2023 22:37,-0.007516764,3660.00m,-3.372131148,
82,4/21/2023 23:18,0.006115656,2460.00m,4.051219512,
83,4/22/2023 1:17,-0.006199247,7140.00m,-1.423529412,
84,4/22/2023 5:59,0.008373686,16920.00m,0.806382979,
85,4/22/2023 10:52,-0.007661436,17580.00m,-0.716040956,
86,4/22/2023 13:14,0.006274357,8520.00m,1.200704225,
87,4/22/2023 13:38,-0.004143414,1440.00m,-4.720833333,
88,4/22/2023 15:00,0.010785383,4920.00m,3.581707317,
89,4/22/2023 15:10,-0.005663942,600.00m,-15.59,
90,4/22/2023 17:30,0.013084098,8400.00m,2.557857143,
91,4/22/2023 18:38,-0.00710133,4080.00m,-2.895588235,
92,4/22/2023 23:07,0.011990425,16140.00m,1.227137546,
93,4/23/2023 0:34,-0.014762889,5220.00m,-4.727586207,
94,4/23/2023 1:31,0.007224281,3420.00m,3.478947368,
95,4/23/2023 1:44,-0.00653226,780.00m,-13.89230769,
96,4/23/2023 8:12,0.010489027,23280.00m,0.742525773,
97,4/23/2023 10:33,-0.010124338,8460.00m,-1.992907801,
98,4/23/2023 12:31,0.00880108,7080.00m,2.049152542,
99,4/23/2023 15:19,-0.013555494,10080.00m,-2.236309524,
100,4/23/2023 16:48,0.011876372,5340.00m,3.648314607,
101,4/23/2023 18:22,-0.009879015,5640.00m,-2.907446809,
102,4/23/2023 18:43,0.004702206,1260.00m,6.133333333,
103,4/23/2023 18:50,-0.005083539,420.00m,-19.98571429,
104,4/23/2023 19:38,0.004908639,2880.00m,2.8,
105,4/23/2023 20:04,-0.00429952,1560.00m,-4.55,
106,4/23/2023 21:08,0.005245215,3840.00m,2.2453125,
107,4/23/2023 22:16,-0.004433535,4080.00m,-1.795588235,
108,4/23/2023 23:23,0.008049457,4020.00m,3.294029851,
109,4/24/2023 0:42,-0.007880255,4740.00m,-2.756962025,
110,4/24/2023 1:18,0.019838882,2160.00m,15.11111111,
111,4/24/2023 1:37,-0.009944609,1140.00m,-14.63684211,
112,4/24/2023 1:53,0.004991548,960.00m,8.6375,
113,4/24/2023 2:44,-0.00589398,3060.00m,-3.215686275,
114,4/24/2023 3:59,0.004302086,4500.00m,1.586666667,
115,4/24/2023 7:25,-0.015284377,12360.00m,-2.061165049,
116,4/24/2023 8:13,0.005311566,2880.00m,3.027083333,
117,4/24/2023 8:59,-0.011883334,2760.00m,-7.104347826,
118,4/24/2023 11:59,0.013472486,10800.00m,2.033888889,
119,4/24/2023 13:31,-0.00573711,5520.00m,-1.717391304,
120,4/24/2023 13:52,0.011010883,1260.00m,14.35714286,
121,4/24/2023 14:42,-0.014673,3000.00m,-8.124,
122,4/24/2023 14:59,0.005114143,1020.00m,8.205882353,
123,4/24/2023 15:53,-0.007221849,3240.00m,-3.666666667,
124,4/24/2023 16:37,0.006010552,2640.00m,3.718181818,
125,4/24/2023 17:02,-0.013344338,1500.00m,-14.616,
126,4/24/2023 18:22,0.019143502,4800.00m,6.465,
127,4/24/2023 18:43,-0.008687378,1260.00m,-11.39047619,
128,4/24/2023 20:17,0.006407767,5640.00m,1.860638298,
129,4/24/2023 21:38,-0.00532947,4860.00m,-1.807407407,
130,4/25/2023 0:21,0.008908083,9780.00m,1.493251534,
131,4/25/2023 3:58,-0.008931001,13020.00m,-1.134562212,
132,4/25/2023 4:48,0.004051873,3000.00m,2.214,
133,4/25/2023 5:13,-0.004199567,1500.00m,-4.608,
134,4/25/2023 5:53,0.004605326,2400.00m,3.145,
135,4/25/2023 8:23,-0.008968005,9000.00m,-1.640666667,
136,4/25/2023 9:00,0.008556437,2220.00m,6.289189189,
137,4/25/2023 10:20,-0.005395828,4800.00m,-1.85,
138,4/25/2023 12:18,0.006689736,7080.00m,1.546610169,
139,4/25/2023 14:35,-0.008881008,8220.00m,-1.780291971,
140,4/25/2023 15:20,0.00759023,2700.00m,4.591111111,
141,4/25/2023 15:51,-0.005155729,1860.00m,-4.561290323,
142,4/25/2023 18:38,0.016038469,10020.00m,2.620359281,
143,4/25/2023 19:13,-0.008978429,2100.00m,-7.111428571,
144,4/25/2023 22:05,0.03261008,10320.00m,5.20872093,
145,4/25/2023 23:14,-0.007441221,4140.00m,-3.05942029,
146,4/26/2023 0:30,0.010469531,4560.00m,3.878947368,
147,4/26/2023 1:23,-0.007222513,3180.00m,-3.877358491,
148,4/26/2023 3:11,0.00651746,6480.00m,1.70462963,
149,4/26/2023 4:02,-0.004973392,3060.00m,-2.77254902,
150,4/26/2023 6:09,0.00635209,7620.00m,1.41496063,
151,4/26/2023 7:48,-0.005788631,5940.00m,-1.664646465,
152,4/26/2023 8:30,0.015022187,2520.00m,10.12380952,
153,4/26/2023 8:34,-0.00459102,240.00m,-32.975,
154,4/26/2023 10:52,0.016361227,8280.00m,3.39057971,
155,4/26/2023 11:27,-0.005453107,2100.00m,-4.528571429,
156,4/26/2023 12:33,0.036001038,3960.00m,15.76818182,
157,4/26/2023 12:47,-0.005352575,840.00m,-11.45,
158,4/26/2023 12:57,0.00625086,600.00m,18.62,
159,4/26/2023 13:40,-0.010072029,2580.00m,-7.020930233,
160,4/26/2023 14:03,0.006541477,1380.00m,8.439130435,
161,4/26/2023 14:23,-0.011260183,1200.00m,-16.815,
162,4/26/2023 16:07,0.012096173,6240.00m,3.434615385,
163,4/26/2023 16:20,-0.005105865,780.00m,-11.73846154,
164,4/26/2023 16:25,0.004210583,300.00m,25.04,
165,4/26/2023 19:39,-0.051701619,11640.00m,-7.957731959,
166,4/26/2023 19:40,0.005915384,60.00m,167.5,
167,4/26/2023 19:42,-0.011185423,120.00m,-159.3,
168,4/26/2023 19:43,0.004796751,60.00m,135.1,
169,4/26/2023 19:47,-0.017763251,240.00m,-125.675,
170,4/26/2023 19:54,0.012504812,420.00m,49.65714286,
171,4/26/2023 20:01,-0.029664344,420.00m,-119.2714286,
172,4/26/2023 20:03,0.007843281,120.00m,107.1,
173,4/26/2023 20:04,-0.00806563,60.00m,-222,
174,4/26/2023 20:05,0.006270557,60.00m,171.2,
175,4/26/2023 20:08,-0.004204066,180.00m,-38.5,
176,4/26/2023 20:16,0.020473063,480.00m,70.0125,
177,4/26/2023 20:29,-0.01370442,780.00m,-29.43076923,
178,4/26/2023 20:42,0.022440204,780.00m,47.53076923,
179,4/26/2023 20:46,-0.007555065,240.00m,-53.175,
180,4/26/2023 20:59,0.016631712,780.00m,35.74615385,
181,4/26/2023 21:05,-0.008287186,360.00m,-39.23333333,
182,4/26/2023 21:09,0.005953163,240.00m,41.925,
183,4/26/2023 21:18,-0.007865874,540.00m,-24.76666667,
184,4/26/2023 21:29,0.006025318,660.00m,15.4,
185,4/26/2023 21:34,-0.004617435,300.00m,-26.12,
186,4/26/2023 22:00,0.019020726,1560.00m,20.59615385,
187,4/26/2023 22:31,-0.016372129,1860.00m,-15.1516129,
188,4/26/2023 23:14,0.007675598,2580.00m,5.037209302,
189,4/26/2023 23:36,-0.005362939,1320.00m,-6.931818182,
190,4/27/2023 0:26,0.0402639,3000.00m,22.776,
191,4/27/2023 0:45,-0.009904086,1140.00m,-15.33684211,
192,4/27/2023 0:51,0.007926319,360.00m,38.48333333,
193,4/27/2023 1:24,-0.024365074,1980.00m,-21.67878788,
194,4/27/2023 1:40,0.009208868,960.00m,16.4875,
195,4/27/2023 1:53,-0.00791073,780.00m,-17.59230769,
196,4/27/2023 2:14,0.014054405,1260.00m,19.1952381,
197,4/27/2023 2:30,-0.005449638,960.00m,-9.90625,
198,4/27/2023 2:51,0.004304086,1260.00m,5.928571429,
199,4/27/2023 3:09,-0.006437066,1080.00m,-10.38888889,
200,4/27/2023 3:52,0.005411679,2580.00m,3.63255814,
201,4/27/2023 3:57,-0.006144102,300.00m,-35.66,
202,4/27/2023 5:34,0.014153266,5820.00m,4.208247423,
203,4/27/2023 6:54,-0.019966085,4800.00m,-7.3,
204,4/27/2023 7:51,0.008993358,3420.00m,4.522807018,
205,4/27/2023 8:12,-0.00508239,1260.00m,-7,
206,4/27/2023 8:36,0.010063802,1440.00m,12.06666667,
207,4/27/2023 9:24,-0.006953141,2880.00m,-4.210416667,
208,4/27/2023 11:12,0.007964967,6480.00m,2.128703704,
209,4/27/2023 11:51,-0.006781514,2340.00m,-5.058974359,
210,4/27/2023 12:28,0.004786047,2220.00m,3.737837838,
211,4/27/2023 12:30,-0.008775676,120.00m,-127.4,
212,4/27/2023 12:33,0.004499653,180.00m,43.16666667,
213,4/27/2023 12:38,-0.006852419,300.00m,-39.62,
214,4/27/2023 15:21,0.025871257,9780.00m,4.557055215,
215,4/27/2023 15:28,-0.006932797,420.00m,-29.17142857,
216,4/27/2023 15:32,0.004649573,240.00m,34,
217,4/27/2023 15:44,-0.014768938,720.00m,-36.16666667,
218,4/27/2023 16:02,0.007353551,1080.00m,11.82777778,
219,4/27/2023 16:23,-0.005084879,1260.00m,-7.061904762,
220,4/27/2023 17:47,0.013226911,5040.00m,4.569047619,
221,4/27/2023 18:08,-0.005938695,1260.00m,-8.314285714,
222,4/27/2023 18:44,0.022384332,2160.00m,18.17222222,
223,4/27/2023 19:13,-0.013386881,1740.00m,-13.79310345,
224,4/27/2023 19:34,0.010427408,1260.00m,14.63809524,
225,4/27/2023 20:18,-0.010709226,2640.00m,-7.25,
226,4/27/2023 21:15,0.009365965,3420.00m,4.842105263,
227,4/27/2023 22:53,-0.015024677,5880.00m,-4.560204082,
228,4/28/2023 0:08,0.007393122,4500.00m,2.888,
229,4/28/2023 0:31,-0.005787064,1380.00m,-7.426086957,
230,4/28/2023 1:00,0.007541756,1740.00m,7.631034483,
231,4/28/2023 1:33,-0.005567469,1980.00m,-4.987878788,
232,4/28/2023 1:53,0.004993197,1200.00m,7.34,
233,4/28/2023 3:16,-0.007435661,4980.00m,-2.646987952,
234,4/28/2023 5:47,0.007375431,9060.00m,1.432450331,
235,4/28/2023 9:09,-0.013461551,12120.00m,-1.968811881,
236,4/28/2023 12:31,0.007946284,12120.00m,1.146534653,
237,4/28/2023 12:49,-0.005568926,1080.00m,-9.088888889,
238,4/28/2023 13:27,0.004018662,2280.00m,3.089473684,
239,4/28/2023 13:53,-0.013398747,1560.00m,-15.11538462,
240,4/28/2023 14:24,0.01139674,1860.00m,10.63870968,
241,4/28/2023 15:06,-0.010222804,2520.00m,-7.123809524,
242,4/28/2023 16:07,0.009665605,3660.00m,4.590163934,
243,4/28/2023 16:25,-0.005070311,1080.00m,-8.238888889,
244,4/28/2023 17:08,0.005924317,2580.00m,4.009302326,
245,4/28/2023 18:13,-0.005749365,3900.00m,-2.589230769,
246,4/28/2023 22:47,0.010208043,16440.00m,1.084306569,
247,4/29/2023 0:53,-0.006931596,7560.00m,-1.617460317,
248,4/29/2023 4:25,0.007284795,12720.00m,1.003301887,
249,4/29/2023 11:35,-0.006144064,25800.00m,-0.420232558,
250,4/29/2023 13:58,0.00507701,8580.00m,1.037762238,
251,4/29/2023 17:30,-0.010831161,12720.00m,-1.500943396,
252,4/29/2023 19:33,0.007742602,7380.00m,1.829268293,
253,4/30/2023 1:59,-0.006846508,23160.00m,-0.519430052,
254,4/30/2023 8:31,0.008609397,23520.00m,0.63877551,
255,4/30/2023 11:47,-0.005996271,11760.00m,-0.89744898,
256,4/30/2023 15:30,0.02680819,13380.00m,3.505381166,
257,4/30/2023 15:49,-0.011739872,1140.00m,-18.5,
258,4/30/2023 16:03,0.008401714,840.00m,17.75714286,
259,4/30/2023 16:29,-0.007255897,1560.00m,-8.326923077,
260,4/30/2023 17:34,0.00581676,3900.00m,2.650769231,
261,4/30/2023 19:21,-0.018842973,6420.00m,-5.246728972,
262,4/30/2023 19:54,0.004621616,1980.00m,4.093939394,
263,4/30/2023 20:15,-0.007470894,1260.00m,-10.44761905,
264,4/30/2023 21:29,0.010796661,4440.00m,4.252702703,
265,5/1/2023 2:00,-0.034681257,16260.00m,-3.770479705,
266,5/1/2023 2:13,0.007693173,780.00m,16.83076923,
267,5/1/2023 3:15,-0.00781588,3720.00m,-3.612903226,
268,5/1/2023 5:14,0.00632306,7140.00m,1.51092437,
269,5/1/2023 5:42,-0.00900564,1680.00m,-9.203571429,
270,5/1/2023 7:06,0.011767527,5040.00m,3.972619048,
271,5/1/2023 12:01,-0.008870254,17700.00m,-0.862711864,
272,5/1/2023 13:31,0.005721439,5400.00m,1.807777778,
273,5/1/2023 14:00,-0.006451139,1740.00m,-6.362068966,
274,5/1/2023 14:17,0.004930477,1020.00m,8.241176471,
275,5/1/2023 15:40,-0.016729002,4980.00m,-5.755421687,
276,5/1/2023 16:04,0.005751937,1440.00m,6.729166667,
277,5/1/2023 16:25,-0.00718864,1260.00m,-9.666666667,
278,5/1/2023 17:05,0.012862035,2400.00m,9.015,
279,5/1/2023 17:32,-0.008599621,1620.00m,-9.044444444,
280,5/1/2023 17:42,0.005353007,600.00m,15.07,
281,5/1/2023 19:19,-0.017637644,5820.00m,-5.146391753,
282,5/1/2023 19:27,0.007750711,480.00m,26.9375,
283,5/1/2023 20:01,-0.007062964,2040.00m,-5.820588235,
284,5/1/2023 20:08,0.004597164,420.00m,18.27142857,
285,5/1/2023 20:27,-0.006733597,1140.00m,-9.905263158,
286,5/1/2023 20:36,0.005745429,540.00m,17.72222222,
287,5/1/2023 20:57,-0.00927269,1260.00m,-12.32857143,
288,5/1/2023 21:33,0.013885575,2160.00m,10.66944444,
289,5/1/2023 22:08,-0.004168167,2100.00m,-3.34,
290,5/1/2023 22:42,0.006881736,2040.00m,5.652941176,
291,5/1/2023 22:50,-0.005390951,480.00m,-18.95,
292,5/1/2023 23:16,0.005398719,1560.00m,5.807692308,
293,5/2/2023 0:22,-0.00538751,3960.00m,-2.295454545,
294,5/2/2023 0:43,0.005298705,1260.00m,7.057142857,
295,5/2/2023 2:02,-0.007020589,4740.00m,-2.498734177,
296,5/2/2023 3:53,0.004229958,6660.00m,1.063963964,
297,5/2/2023 5:05,-0.004825594,4320.00m,-1.879166667,
298,5/2/2023 7:15,0.007737602,7800.00m,1.660769231,
299,5/2/2023 9:28,-0.006351668,7980.00m,-1.342857143,
300,5/2/2023 12:44,0.009209019,11760.00m,1.312755102,
301,5/2/2023 14:07,-0.010125083,4980.00m,-3.439759036,
302,5/2/2023 14:31,0.024194068,1440.00m,28.1375,
303,5/2/2023 14:34,-0.007031143,180.00m,-67,
304,5/2/2023 14:41,0.006291812,420.00m,25.51428571,
305,5/2/2023 15:02,-0.010484969,1260.00m,-14.26190476,
306,5/2/2023 15:21,0.009584224,1140.00m,14.25789474,
307,5/2/2023 15:33,-0.005049744,720.00m,-12.00833333,
308,5/2/2023 15:42,0.011059453,540.00m,34.88888889,
309,5/2/2023 16:17,-0.009433568,2100.00m,-7.737142857,
310,5/2/2023 16:36,0.005408789,1140.00m,8.094736842,
311,5/2/2023 17:22,-0.005806429,2760.00m,-3.608695652,
312,5/2/2023 18:09,0.008672554,2820.00m,5.244680851,
313,5/2/2023 18:24,-0.004342594,900.00m,-8.3,
314,5/2/2023 19:12,0.010618322,2880.00m,6.314583333,
315,5/2/2023 20:08,-0.007626152,3360.00m,-3.928571429,
316,5/2/2023 20:43,0.00440127,2100.00m,3.6,
317,5/2/2023 21:31,-0.005101881,2880.00m,-3.05625,
318,5/2/2023 22:47,0.00592504,4560.00m,2.230263158,
319,5/3/2023 2:06,-0.013566437,11940.00m,-1.961809045,
320,5/3/2023 8:35,0.013034365,23340.00m,0.951156812,
321,5/3/2023 13:08,-0.020680542,16380.00m,-2.178388278,
322,5/3/2023 13:54,0.007577641,2760.00m,4.639130435,
323,5/3/2023 15:06,-0.007640475,4320.00m,-3.011111111,
324,5/3/2023 17:42,0.021712881,9360.00m,3.919230769,
325,5/3/2023 17:57,-0.009499545,900.00m,-18.22,
326,5/3/2023 18:15,0.005225203,1080.00m,8.272222222,
327,5/3/2023 18:37,-0.011932108,1320.00m,-15.53636364,
328,5/3/2023 18:40,0.010263712,180.00m,96.83333333,
329,5/3/2023 19:10,-0.011897559,1800.00m,-11.34,
330,5/3/2023 20:18,0.006777825,4080.00m,2.816176471,
331,5/3/2023 20:38,-0.005811133,1200.00m,-8.265,
332,5/3/2023 21:25,0.023963847,2820.00m,14.41914894,
333,5/3/2023 21:28,-0.004489291,180.00m,-43.33333333,
334,5/3/2023 22:25,0.014642116,3420.00m,7.405263158,
335,5/3/2023 23:44,-0.01076243,4740.00m,-3.984810127,
336,5/4/2023 0:18,0.004945551,2040.00m,4.208823529,
337,5/4/2023 0:39,-0.004384728,1260.00m,-6.071428571,
338,5/4/2023 2:04,0.007751108,5100.00m,2.64,
339,5/4/2023 2:58,-0.006584382,3240.00m,-3.557407407,
340,5/4/2023 6:00,0.007318083,10920.00m,1.165384615,
341,5/4/2023 8:13,-0.007199838,7980.00m,-1.580451128,
342,5/4/2023 10:35,0.01290327,8520.00m,2.633802817,
343,5/4/2023 13:40,-0.023120757,11100.00m,-3.669189189,
344,5/4/2023 14:46,0.00733261,3960.00m,3.186363636,
345,5/4/2023 14:59,-0.004167474,780.00m,-9.261538462,
346,5/4/2023 16:26,0.006169621,5220.00m,2.040229885,
347,5/4/2023 18:31,-0.008895414,7500.00m,-2.06,
348,5/4/2023 19:34,0.006817707,3780.00m,3.104761905,
349,5/4/2023 22:27,-0.004850168,10380.00m,-0.80982659,
350,5/5/2023 2:01,0.0246369,12840.00m,3.309345794,
351,5/5/2023 3:52,-0.010698147,6660.00m,-2.838738739,
352,5/5/2023 4:35,0.004180022,2580.00m,2.83255814,
353,5/5/2023 9:16,-0.008178289,16860.00m,-0.851601423,
354,5/5/2023 12:15,0.005809566,10740.00m,0.941899441,
355,5/5/2023 12:33,-0.010729812,1080.00m,-17.4,
356,5/5/2023 12:47,0.006922584,840.00m,14.27857143,
357,5/5/2023 13:02,-0.006159635,900.00m,-11.94,
358,5/5/2023 13:50,0.011416291,2880.00m,6.872916667,
359,5/5/2023 14:11,-0.004181037,1260.00m,-5.819047619,
360,5/5/2023 14:46,0.010733551,2100.00m,8.925714286,
361,5/5/2023 15:10,-0.008753323,1440.00m,-10.72916667,
362,5/5/2023 16:17,0.015778518,4020.00m,6.867164179,
363,5/5/2023 16:39,-0.005300473,1320.00m,-7.136363636,
364,5/5/2023 17:02,0.006374096,1380.00m,8.165217391,
365,5/5/2023 18:52,-0.010957546,6600.00m,-2.953636364,
366,5/5/2023 22:49,0.010748178,14220.00m,1.329957806,
367,5/5/2023 23:43,-0.006055781,3240.00m,-3.324074074,
368,5/6/2023 0:38,0.011078828,3300.00m,5.934545455,
369,5/6/2023 6:35,-0.017137774,21420.00m,-1.429971989,
370,5/6/2023 7:34,0.004867219,3540.00m,2.415254237,
371,5/6/2023 8:04,-0.008592794,1800.00m,-8.426666667,
372,5/6/2023 9:02,0.006123317,3480.00m,3.079310345,
373,5/6/2023 14:08,-0.026402415,18360.00m,-2.532026144,
374,5/6/2023 14:13,0.004098561,300.00m,23.42,
375,5/6/2023 15:01,-0.009666029,2880.00m,-5.777083333,
376,5/6/2023 18:43,0.018978698,13320.00m,2.428828829,
377,5/6/2023 21:44,-0.010390328,10860.00m,-1.661878453,
378,5/7/2023 0:55,0.010045656,11460.00m,1.506806283,
379,5/7/2023 1:10,-0.004388845,900.00m,-8.466666667,
380,5/7/2023 1:27,0.009798681,1020.00m,16.60588235,
381,5/7/2023 3:31,-0.01224379,7440.00m,-2.872580645,
382,5/7/2023 8:17,0.007193043,17160.00m,0.722727273,
383,5/7/2023 11:26,-0.007158948,11340.00m,-1.096296296,
384,5/7/2023 14:51,0.011257813,12300.00m,1.57804878,
385,5/7/2023 16:31,-0.007402156,6000.00m,-2.151,
386,5/7/2023 17:06,0.005817501,2100.00m,4.794285714,
387,5/7/2023 19:11,-0.007731337,7500.00m,-1.7944,
388,5/7/2023 21:32,0.005109857,8460.00m,1.043262411,
389,5/8/2023 0:02,-0.020031381,9000.00m,-3.864,
390,5/8/2023 0:26,0.008908482,1440.00m,10.525,
391,5/8/2023 1:28,-0.006033362,3720.00m,-2.783870968,
392,5/8/2023 1:33,0.004160366,300.00m,23.66,
393,5/8/2023 1:45,-0.016817671,720.00m,-40.01666667,
394,5/8/2023 2:58,0.007601583,4380.00m,2.923287671,
395,5/8/2023 3:45,-0.007837661,2820.00m,-4.717021277,
396,5/8/2023 4:34,0.005380405,2940.00m,3.081632653,
397,5/8/2023 5:14,-0.004688862,2400.00m,-3.3075,
398,5/8/2023 5:59,0.005707978,2700.00m,3.562222222,
399,5/8/2023 7:48,-0.013833124,6540.00m,-3.58440367,
400,5/8/2023 7:58,0.004358581,600.00m,12.14,
401,5/8/2023 8:56,-0.01176786,3480.00m,-5.675862069,
402,5/8/2023 11:35,0.011097727,9540.00m,1.929559748,
403,5/8/2023 13:01,-0.007945736,5160.00m,-2.58255814,
404,5/8/2023 13:19,0.007908402,1080.00m,12.18333333,
405,5/8/2023 14:38,-0.008114693,4740.00m,-2.870886076,
406,5/8/2023 15:01,0.011882045,1380.00m,14.32173913,
407,5/8/2023 18:03,-0.025495599,10920.00m,-3.92967033,
408,5/8/2023 18:19,0.008194113,960.00m,14,
409,5/8/2023 19:17,-0.008196454,3480.00m,-3.894827586,
410,5/8/2023 19:29,0.005454585,720.00m,12.425,
411,5/8/2023 20:10,-0.007622645,2460.00m,-5.109756098,
412,5/8/2023 20:55,0.009664741,2700.00m,5.857777778,
413,5/8/2023 21:14,-0.004528288,1140.00m,-6.563157895,
414,5/8/2023 23:54,0.009947726,9600.00m,1.704375,
415,5/9/2023 0:56,-0.004836379,3720.00m,-2.159677419,
416,5/9/2023 1:06,0.005368012,600.00m,14.79,
417,5/9/2023 1:21,-0.004093863,900.00m,-7.56,
418,5/9/2023 1:33,0.005234425,720.00m,12.03333333,
419,5/9/2023 6:36,-0.01082543,18180.00m,-0.990759076,
420,5/9/2023 7:58,0.00817694,4920.00m,2.735365854,
421,5/9/2023 11:12,-0.004487418,11640.00m,-0.639690722,
422,5/9/2023 13:12,0.009785333,7200.00m,2.245,
423,5/9/2023 14:29,-0.01440267,4620.00m,-5.2,
424,5/9/2023 14:47,0.007569343,1080.00m,11.52222222,
425,5/9/2023 16:05,-0.009751009,4680.00m,-3.451282051,
426,5/9/2023 17:00,0.013347623,3300.00m,6.634545455,
427,5/9/2023 19:14,-0.007403504,8040.00m,-1.530597015,
428,5/9/2023 20:01,0.00943705,2820.00m,5.521276596,
429,5/9/2023 22:20,-0.00838332,8340.00m,-1.674100719,
430,5/10/2023 1:23,0.010357932,10980.00m,1.557923497,
431,5/10/2023 8:07,-0.011945386,24240.00m,-0.822277228,
432,5/10/2023 13:03,0.02947845,17760.00m,2.736486486,
433,5/10/2023 13:19,-0.0095766,960.00m,-16.93125,
434,5/10/2023 13:36,0.006849462,1020.00m,11.28823529,
435,5/10/2023 13:40,-0.004736128,240.00m,-33.4,
436,5/10/2023 14:07,0.005734619,1620.00m,5.962962963,
437,5/10/2023 14:58,-0.006523564,3060.00m,-3.611764706,
438,5/10/2023 16:29,0.00806719,5460.00m,2.486813187,
439,5/10/2023 17:16,-0.041749475,2820.00m,-25.11914894,
440,5/10/2023 17:17,0.005092702,60.00m,138,
441,5/10/2023 17:21,-0.015189678,240.00m,-103.425,
442,5/10/2023 17:57,0.025270395,2160.00m,18.82777778,
443,5/10/2023 18:14,-0.005709153,1020.00m,-9.235294118,
444,5/10/2023 20:19,0.020725824,7500.00m,4.5336,
445,5/10/2023 21:23,-0.021193576,3840.00m,-9.2421875,
446,5/10/2023 21:26,0.009678636,180.00m,88.13333333,
447,5/10/2023 21:32,-0.007439554,360.00m,-34.2,
448,5/10/2023 23:04,0.011747044,5520.00m,3.495652174,
449,5/11/2023 0:47,-0.009971587,6180.00m,-2.681553398,
450,5/11/2023 1:19,0.005375148,1920.00m,4.60625,
451,5/11/2023 4:24,-0.006565131,11100.00m,-0.978378378,
452,5/11/2023 7:34,0.005513182,11400.00m,0.794736842,
453,5/11/2023 8:02,-0.007875846,1680.00m,-7.746428571,
454,5/11/2023 12:16,0.007583355,15240.00m,0.815748031,
455,5/11/2023 13:34,-0.00796943,4680.00m,-2.812820513,
456,5/11/2023 13:42,0.005254332,480.00m,17.9375,
457,5/11/2023 14:03,-0.012052757,1260.00m,-15.75714286,
458,5/11/2023 14:15,0.006960779,720.00m,15.73333333,
459,5/11/2023 14:50,-0.011320948,2100.00m,-8.834285714,
460,5/11/2023 15:04,0.005843795,840.00m,11.27142857,
461,5/11/2023 15:16,-0.00458013,720.00m,-10.36666667,
462,5/11/2023 16:22,0.006125076,3960.00m,2.509090909,
463,5/11/2023 17:47,-0.016609073,5100.00m,-5.315294118,
464,5/11/2023 19:14,0.010770013,5220.00m,3.311494253,
465,5/11/2023 19:44,-0.010241028,1800.00m,-9.23,
466,5/11/2023 21:03,0.009853745,4740.00m,3.337974684,
467,5/11/2023 23:09,-0.00813318,7560.00m,-1.744444444,
468,5/11/2023 23:45,0.008225985,2160.00m,6.125,
469,5/12/2023 0:32,-0.004073885,2820.00m,-2.342553191,
470,5/12/2023 1:16,0.004246592,2640.00m,2.597727273,
471,5/12/2023 2:56,-0.017602664,6000.00m,-4.758,
472,5/12/2023 3:29,0.005245874,1980.00m,4.221212121,
473,5/12/2023 4:00,-0.005911552,1860.00m,-5.090322581,
474,5/12/2023 4:52,0.005939169,3120.00m,3.030769231,
475,5/12/2023 5:51,-0.020079945,3540.00m,-9.084745763,
476,5/12/2023 5:58,0.005042569,420.00m,18.84285714,
477,5/12/2023 6:19,-0.00656163,1260.00m,-8.214285714,
478,5/12/2023 8:12,0.009277589,6780.00m,2.144247788,
479,5/12/2023 8:34,-0.004385599,1320.00m,-5.254545455,
480,5/12/2023 9:53,0.006836004,4740.00m,2.270886076,
481,5/12/2023 12:04,-0.00407981,7860.00m,-0.822900763,
482,5/12/2023 12:46,0.005510165,2520.00m,3.452380952,
483,5/12/2023 13:24,-0.00430839,2280.00m,-3,
484,5/12/2023 14:15,0.009174068,3060.00m,4.739215686,
485,5/12/2023 16:09,-0.012675034,6840.00m,-2.956140351,
486,5/12/2023 16:18,0.004731302,540.00m,13.8,
487,5/12/2023 16:54,-0.00459907,2160.00m,-3.369444444,
488,5/12/2023 17:24,0.004620319,1800.00m,4.043333333,
489,5/12/2023 19:28,-0.019408604,7440.00m,-4.128225806,
490,5/12/2023 19:31,0.006031783,180.00m,52,
491,5/12/2023 19:36,-0.005115493,300.00m,-26.62,
492,5/12/2023 20:09,0.021996531,1980.00m,17.25454545,
493,5/12/2023 20:26,-0.004010539,1020.00m,-6.241176471,
494,5/12/2023 21:12,0.015002353,2760.00m,8.593478261,
495,5/12/2023 21:16,-0.005126288,240.00m,-34.275,
496,5/12/2023 21:29,0.006870269,780.00m,14.06153846,
497,5/12/2023 21:45,-0.004057454,960.00m,-6.79375,
498,5/12/2023 22:11,0.006948635,1560.00m,7.130769231,
499,5/12/2023 22:54,-0.009089251,2580.00m,-5.679069767,
500,5/12/2023 23:54,0.006284111,3600.00m,2.788333333,
501,5/13/2023 0:32,-0.004158268,2280.00m,-2.931578947,
502,5/13/2023 1:24,0.010648985,3120.00m,5.463461538,
503,5/13/2023 7:13,-0.009728254,20940.00m,-0.751575931,
504,5/13/2023 12:38,0.006692784,19500.00m,0.549846154,
505,5/13/2023 14:29,-0.004553724,6660.00m,-1.102702703,
506,5/13/2023 18:49,0.008898706,15600.00m,0.915769231,
507,5/13/2023 18:59,-0.008216397,600.00m,-22.18,
508,5/13/2023 19:24,0.00632727,1500.00m,6.776,
509,5/13/2023 19:46,-0.006766287,1320.00m,-8.286363636,
510,5/13/2023 21:33,0.006087421,6420.00m,1.522429907,
511,5/14/2023 1:16,-0.010541173,13380.00m,-1.27264574,
512,5/14/2023 6:28,0.009133157,18720.00m,0.779807692,
513,5/14/2023 12:28,-0.005471961,21600.00m,-0.408611111,
514,5/14/2023 15:09,0.014531296,9660.00m,2.413043478,
515,5/14/2023 15:35,-0.005375333,1560.00m,-5.607692308,
516,5/14/2023 15:45,0.005063366,600.00m,13.66,
517,5/14/2023 19:27,-0.010835451,13320.00m,-1.323423423,
518,5/14/2023 21:09,0.004556148,6120.00m,1.198039216,
519,5/15/2023 0:48,-0.007920395,13140.00m,-0.974429224,
520,5/15/2023 1:54,0.019858061,3960.00m,8.042424242,
521,5/15/2023 2:18,-0.00562719,1440.00m,-6.391666667,
522,5/15/2023 6:27,0.014494358,14940.00m,1.577911647,
523,5/15/2023 11:49,-0.006610909,19320.00m,-0.564596273,
524,5/15/2023 13:41,0.004107152,6720.00m,1.001785714,
525,5/15/2023 14:19,-0.007247434,2280.00m,-5.231578947,
526,5/15/2023 14:52,0.009852524,1980.00m,8.13030303,
527,5/15/2023 15:08,-0.005083655,960.00m,-8.7375,
528,5/15/2023 16:28,0.004842819,4800.00m,1.65625,
529,5/15/2023 16:42,-0.004724908,840.00m,-9.278571429,
530,5/15/2023 17:12,0.009962467,1800.00m,9.086666667,
531,5/15/2023 23:47,-0.017701997,23700.00m,-1.238481013,
532,5/16/2023 0:27,0.005013612,2400.00m,3.4025,
533,5/16/2023 1:31,-0.014965802,3840.00m,-6.3796875,
534,5/16/2023 5:09,0.010113902,13080.00m,1.246788991,
535,5/16/2023 6:05,-0.00542259,3360.00m,-2.628571429,
536,5/16/2023 8:22,0.010082042,8220.00m,1.986861314,
537,5/16/2023 11:02,-0.010381105,9600.00m,-1.769375,
538,5/16/2023 12:17,0.004535416,4500.00m,1.632,
539,5/16/2023 12:38,-0.004994467,1260.00m,-6.447619048,
540,5/16/2023 12:43,0.005238261,300.00m,28.26,
541,5/16/2023 14:10,-0.007320428,5220.00m,-2.281609195,
542,5/16/2023 16:55,0.006802291,9900.00m,1.10969697,
543,5/16/2023 17:21,-0.005272965,1560.00m,-5.496153846,
544,5/16/2023 17:47,0.00464804,1560.00m,4.819230769,
545,5/16/2023 19:54,-0.006638875,7620.00m,-1.415748031,
546,5/17/2023 1:38,0.011210604,20640.00m,0.876744186,
547,5/17/2023 8:23,-0.016089132,24300.00m,-1.080740741,
548,5/17/2023 10:41,0.004744648,8280.00m,0.920289855,
549,5/17/2023 11:44,-0.012240648,3780.00m,-5.225396825,
550,5/17/2023 12:19,0.006903873,2100.00m,5.24,
551,5/17/2023 14:37,-0.006101345,8280.00m,-1.182608696,
552,5/17/2023 20:08,0.032540907,19860.00m,2.613595166,
553,5/17/2023 21:11,-0.006808718,3780.00m,-2.966666667,
554,5/17/2023 21:22,0.006609642,660.00m,16.38181818,
555,5/17/2023 22:39,-0.00545122,4620.00m,-1.942857143,
556,5/18/2023 0:18,0.005638643,5940.00m,1.554545455,
557,5/18/2023 6:26,-0.011064679,22080.00m,-0.825271739,
558,5/18/2023 7:53,0.010716917,5220.00m,3.343678161,
559,5/18/2023 12:07,-0.004829615,15240.00m,-0.521653543,
560,5/18/2023 12:15,0.005497685,480.00m,18.7625,
561,5/18/2023 13:10,-0.01037064,3300.00m,-5.176363636,
562,5/18/2023 14:33,0.007895376,4980.00m,2.584337349,
563,5/18/2023 14:45,-0.010313232,720.00m,-23.53333333,
564,5/18/2023 15:02,0.006859804,1020.00m,10.93529412,
565,5/18/2023 17:57,-0.033636544,10500.00m,-5.244571429,
566,5/18/2023 18:03,0.008570995,360.00m,37.66666667,
567,5/18/2023 18:10,-0.004373167,420.00m,-16.61428571,
568,5/18/2023 19:45,0.013026056,5700.00m,3.630526316,
569,5/18/2023 20:11,-0.004813105,1560.00m,-4.965384615,
570,5/18/2023 21:41,0.012587334,5400.00m,3.733333333,
571,5/19/2023 1:48,-0.010373851,14820.00m,-1.135222672,
572,5/19/2023 7:15,0.007271273,19620.00m,0.594801223,
573,5/19/2023 11:13,-0.005916062,14280.00m,-0.669747899,
574,5/19/2023 12:13,0.00578326,3600.00m,2.581666667,
575,5/19/2023 15:08,-0.008203689,10500.00m,-1.262857143,
576,5/19/2023 15:20,0.015480143,720.00m,34.46666667,
577,5/19/2023 15:34,-0.016099249,840.00m,-31.2,
578,5/19/2023 15:46,0.010046863,720.00m,22.35,
579,5/19/2023 16:34,-0.00616398,2880.00m,-3.4625,
580,5/19/2023 17:47,0.005679761,4380.00m,2.084931507,
581,5/19/2023 19:27,-0.006111521,6000.00m,-1.647,
582,5/20/2023 18:00,0.013123311,81180.00m,0.259793052,
583,5/20/2023 21:03,-0.006706982,10980.00m,-0.994535519,
584,5/21/2023 0:58,0.011074464,14100.00m,1.270212766,
585,5/21/2023 11:57,-0.016886586,39540.00m,-0.698330804,
586,5/21/2023 14:33,0.006386187,9360.00m,1.096794872,
587,5/21/2023 15:44,-0.006060089,4260.00m,-2.301408451,
588,5/21/2023 17:10,0.004436584,5160.00m,1.38255814,
589,5/21/2023 21:22,-0.008885983,15120.00m,-0.949206349,
590,5/21/2023 23:11,0.004033044,6540.00m,0.987155963,
591,5/22/2023 0:35,-0.008511528,5040.00m,-2.714285714,
592,5/22/2023 1:04,0.004356306,1740.00m,3.989655172,
593,5/22/2023 2:05,-0.005154658,3660.00m,-2.254098361,
594,5/22/2023 6:30,0.013411261,15900.00m,1.343018868,
595,5/22/2023 13:01,-0.007436797,23460.00m,-0.511508951,
596,5/22/2023 14:00,0.012800965,3540.00m,5.791525424,
597,5/22/2023 14:09,-0.008707231,540.00m,-26.15555556,
598,5/22/2023 14:32,0.006817266,1380.00m,7.943478261,
599,5/22/2023 15:18,-0.006659922,2760.00m,-3.906521739,
600,5/22/2023 16:13,0.004227202,3300.00m,2.06,
601,5/22/2023 17:15,-0.00538715,3720.00m,-2.338709677,
602,5/22/2023 21:24,0.006424887,14940.00m,0.690763052,
603,5/23/2023 0:57,-0.00559331,12780.00m,-0.707511737,
604,5/23/2023 5:54,0.023465785,17820.00m,2.116835017,
605,5/23/2023 7:31,-0.007144186,5820.00m,-2.019587629,
606,5/23/2023 12:29,0.005733701,17880.00m,0.523825503,
607,5/23/2023 13:49,-0.006858746,4800.00m,-2.3475,
608,5/23/2023 15:27,0.00543884,5880.00m,1.509183673,
609,5/23/2023 19:01,-0.008536568,12840.00m,-1.090654206,
610,5/23/2023 23:28,0.004847313,16020.00m,0.492134831,
611,5/24/2023 3:41,-0.02081926,15180.00m,-2.241501976,
612,5/24/2023 5:29,0.00515145,6480.00m,1.272222222,
613,5/24/2023 7:37,-0.005587572,7680.00m,-1.1703125,
614,5/24/2023 9:20,0.00558896,6180.00m,1.446601942,
615,5/24/2023 13:53,-0.018374632,16380.00m,-1.804395604,
616,5/24/2023 13:59,0.004404148,360.00m,19.31666667,
617,5/24/2023 14:06,-0.00877724,420.00m,-33.14285714,
618,5/24/2023 14:17,0.005870229,660.00m,13.98181818,
619,5/24/2023 14:20,-0.004007012,180.00m,-35.2,
620,5/24/2023 14:34,0.004849856,840.00m,9.092857143,
621,5/24/2023 15:09,-0.01033914,2100.00m,-7.791428571,
622,5/24/2023 15:31,0.009650306,1320.00m,11.45,
623,5/24/2023 17:10,-0.007330761,5940.00m,-1.951515152,
624,5/24/2023 17:41,0.007021769,1860.00m,5.925806452,
625,5/24/2023 19:00,-0.005773348,4740.00m,-1.925316456,
626,5/24/2023 19:32,0.006780412,1920.00m,5.55,
627,5/24/2023 19:51,-0.005536448,1140.00m,-7.684210526,
628,5/24/2023 20:32,0.009334711,2460.00m,5.970731707,
629,5/24/2023 20:45,-0.005421334,780.00m,-11.03846154,
630,5/24/2023 20:56,0.005112816,660.00m,12.23636364,
631,5/25/2023 0:45,-0.009897735,13740.00m,-1.143668122,
632,5/25/2023 1:03,0.004057453,1080.00m,5.905555556,
633,5/25/2023 1:27,-0.015833492,1440.00m,-17.35416667,
634,5/25/2023 6:55,0.015153447,19680.00m,1.196036585,
635,5/25/2023 7:58,-0.006266933,3780.00m,-2.614285714,
636,5/25/2023 12:22,0.012551644,15840.00m,1.241666667,
637,5/25/2023 13:49,-0.006761484,5220.00m,-2.055172414,
638,5/25/2023 14:45,0.005581551,3360.00m,2.617857143,
639,5/25/2023 15:47,-0.008765055,3720.00m,-3.733870968,
640,5/25/2023 19:11,0.015271083,12240.00m,1.959803922,
641,5/26/2023 0:54,-0.007065463,20580.00m,-0.547521866,
642,5/26/2023 1:21,0.005062102,1620.00m,4.948148148,
643,5/26/2023 6:02,-0.007603918,16860.00m,-0.717793594,
644,5/26/2023 8:32,0.00782173,9000.00m,1.372666667,
645,5/26/2023 12:39,-0.006370147,14820.00m,-0.684210526,
646,5/26/2023 14:34,0.020268579,6900.00m,4.646086957,
647,5/26/2023 18:09,-0.010607801,12900.00m,-1.326976744,
648,5/26/2023 19:37,0.007110109,5280.00m,2.15,
649,5/27/2023 0:53,-0.006533777,18960.00m,-0.554113924,
650,5/27/2023 4:51,0.005633993,14280.00m,0.630252101,
651,5/27/2023 13:57,-0.007936775,32760.00m,-0.389194139,
652,5/27/2023 18:33,0.00960409,16560.00m,0.924275362,
653,5/27/2023 18:59,-0.004739584,1560.00m,-4.888461538,
654,5/28/2023 4:05,0.021521492,32760.00m,1.052014652,
655,5/28/2023 5:43,-0.005369718,5880.00m,-1.493877551,
656,5/28/2023 11:16,0.006733634,19980.00m,0.548348348,
657,5/28/2023 12:37,-0.007249031,4860.00m,-2.443209877,
658,5/28/2023 18:22,0.021835785,20700.00m,1.715362319,
659,5/28/2023 18:35,-0.005712408,780.00m,-12.16923077,
660,5/28/2023 18:53,0.004049259,1080.00m,6.194444444,
661,5/28/2023 19:50,-0.006535877,3420.00m,-3.170175439,
662,5/28/2023 23:12,0.025405309,12120.00m,3.454455446,
663,5/28/2023 23:43,-0.004008592,1860.00m,-3.641935484,
664,5/29/2023 0:22,0.012270245,2340.00m,8.825641026,
665,5/29/2023 4:23,-0.019221152,14460.00m,-2.26473029,
666,5/29/2023 5:45,0.006517056,4920.00m,2.213414634,
667,5/29/2023 7:33,-0.006874409,6480.00m,-1.784259259,
668,5/29/2023 10:15,0.004263833,9720.00m,0.732716049,
669,5/29/2023 10:49,-0.007021372,2040.00m,-5.773529412,
670,5/29/2023 11:50,0.006091235,3660.00m,2.772131148,
671,5/29/2023 17:05,-0.01417099,18900.00m,-1.256507937,
672,5/29/2023 17:54,0.006493672,2940.00m,3.648979592,
673,5/29/2023 22:18,-0.00555329,15840.00m,-0.582954545,
674,5/29/2023 23:13,0.00871572,3300.00m,4.367272727,
675,5/30/2023 0:36,-0.006971323,4980.00m,-2.334939759,
676,5/30/2023 3:19,0.011091872,9780.00m,1.878527607,
677,5/30/2023 5:12,-0.008641445,6780.00m,-2.134513274,
678,5/30/2023 7:02,0.005854547,6600.00m,1.472727273,
679,5/30/2023 8:13,-0.004677934,4260.00m,-1.833802817,
680,5/30/2023 10:37,0.011388823,8640.00m,2.190972222,
681,5/30/2023 11:01,-0.006353036,1440.00m,-7.416666667,
682,5/30/2023 11:58,0.006041645,3420.00m,2.950877193,
683,5/30/2023 12:34,-0.008011911,2160.00m,-6.233333333,
684,5/30/2023 13:39,0.00594229,3900.00m,2.54,
685,5/30/2023 16:17,-0.013667752,9480.00m,-2.417721519,
686,5/30/2023 19:46,0.010109914,12540.00m,1.333492823,
687,5/30/2023 22:03,-0.007419458,8220.00m,-1.508029197,
688,5/31/2023 1:25,0.005774428,12120.00m,0.79009901,
689,5/31/2023 6:01,-0.028382622,16560.00m,-2.858695652,
690,5/31/2023 8:11,0.006841986,7800.00m,1.421538462,
691,5/31/2023 11:09,-0.00743165,10680.00m,-1.135393258,
692,5/31/2023 13:45,0.007646597,9360.00m,1.323076923,
693,5/31/2023 14:25,-0.012066709,2400.00m,-8.205,
694,5/31/2023 14:56,0.007629156,1860.00m,6.612903226,
695,5/31/2023 16:07,-0.00811801,4260.00m,-3.095774648,
696,6/1/2023 0:16,0.017471086,29340.00m,0.959509202,
697,6/1/2023 0:55,-0.01126075,2340.00m,-7.88974359,
698,6/1/2023 1:36,0.004993097,2460.00m,3.290243902,
699,6/1/2023 3:05,-0.018757228,5340.00m,-5.72247191,
700,6/1/2023 6:12,0.0085276,11220.00m,1.214973262,
701,6/1/2023 7:09,-0.004291015,3420.00m,-2.022807018,
702,6/1/2023 9:19,0.006765141,7800.00m,1.392307692,
703,6/1/2023 12:19,-0.004499588,10800.00m,-0.673333333,
704,6/1/2023 13:07,0.00514645,2880.00m,2.875,
705,6/1/2023 16:45,-0.005661791,13080.00m,-0.7,
706,6/1/2023 16:56,0.012182836,660.00m,29.68181818,
707,6/1/2023 17:11,-0.007995871,900.00m,-14.46,
708,6/1/2023 17:19,0.004901596,480.00m,16.4875,
709,6/1/2023 17:33,-0.00451898,840.00m,-8.728571429,
710,6/1/2023 18:23,0.004093717,3000.00m,2.204,
711,6/1/2023 19:33,-0.012534453,4200.00m,-4.84,
712,6/1/2023 21:29,0.009021869,6960.00m,2.075862069,
713,6/1/2023 23:31,-0.0080352,7320.00m,-1.773770492,
714,6/1/2023 23:45,0.004218588,840.00m,8.05,
715,6/2/2023 0:38,-0.011450808,3180.00m,-5.796226415,
716,6/2/2023 5:42,0.025240756,18240.00m,2.201973684,
717,6/2/2023 7:59,-0.005579257,8220.00m,-1.10729927,
718,6/2/2023 12:26,0.004693342,16020.00m,0.475280899,
719,6/2/2023 12:32,-0.005565945,360.00m,-25.2,
720,6/2/2023 12:42,0.005989487,600.00m,16.18,
721,6/2/2023 14:09,-0.010877325,5220.00m,-3.397701149,
722,6/2/2023 19:41,0.014724593,19920.00m,1.192168675,
723,6/2/2023 21:11,-0.004835753,5400.00m,-1.465555556,
724,6/2/2023 22:39,0.005043453,5280.00m,1.555681818,
725,6/3/2023 1:37,-0.006850922,10680.00m,-1.05,
726,6/3/2023 15:58,0.007780292,51660.00m,0.244831591,
727,6/3/2023 21:12,-0.013935228,18840.00m,-1.211783439,
728,6/3/2023 23:34,0.005556298,8520.00m,1.053521127,
729,6/4/2023 1:07,-0.004956785,5580.00m,-1.443010753,
730,6/4/2023 13:54,0.012602172,46020.00m,0.442633638,
731,6/4/2023 16:07,-0.004585895,7980.00m,-0.940601504,
732,6/4/2023 22:16,0.008786854,22140.00m,0.646612466,
733,6/4/2023 22:31,-0.006651383,900.00m,-12.14666667,
734,6/4/2023 22:52,0.00431817,1260.00m,5.595238095,
735,6/5/2023 1:16,-0.014088063,8640.00m,-2.673611111,
736,6/5/2023 2:05,0.004676522,2940.00m,2.571428571,
737,6/5/2023 13:05,-0.015364382,39600.00m,-0.630151515,
738,6/5/2023 14:02,0.005534045,3420.00m,2.587719298,
739,6/5/2023 15:07,-0.007145336,3900.00m,-2.946153846,
740,6/5/2023 15:09,0.004024924,120.00m,53.55,
741,6/5/2023 16:03,-0.04436243,3240.00m,-21.94814815,
742,6/5/2023 16:17,0.015949176,840.00m,29.08571429,
743,6/5/2023 16:25,-0.006411369,480.00m,-20.7875,
744,6/5/2023 16:28,0.004248797,180.00m,36.5,
745,6/5/2023 16:49,-0.009253714,1260.00m,-11.4047619,
746,6/5/2023 16:59,0.006036971,600.00m,15.48,
747,6/5/2023 17:30,-0.008939093,1860.00m,-7.438709677,
748,6/5/2023 17:47,0.008206147,1020.00m,12.34117647,
749,6/5/2023 19:03,-0.013912166,4560.00m,-4.718421053,
750,6/5/2023 19:07,0.005500169,240.00m,34.95,
751,6/5/2023 19:27,-0.005728327,1200.00m,-7.32,
752,6/5/2023 20:02,0.009625828,2100.00m,6.988571429,
753,6/5/2023 21:37,-0.006045511,5700.00m,-1.632631579,
754,6/5/2023 23:29,0.013388078,6720.00m,3.048214286,
755,6/6/2023 2:03,-0.00907448,9240.00m,-1.522727273,
756,6/6/2023 5:04,0.007447124,10860.00m,1.05359116,
757,6/6/2023 8:26,-0.005457809,12120.00m,-0.697029703,
758,6/6/2023 10:47,0.004871946,8460.00m,0.886524823,
759,6/6/2023 12:11,-0.014079536,5040.00m,-4.321428571,
760,6/6/2023 12:19,0.009532202,480.00m,30.2875,
761,6/6/2023 12:35,-0.007240447,960.00m,-11.6125,
762,6/6/2023 12:45,0.005228532,600.00m,13.32,
763,6/6/2023 13:17,-0.007024929,1920.00m,-5.621875,
764,6/6/2023 14:03,0.023315991,2760.00m,12.88913043,
765,6/6/2023 14:05,-0.006102576,120.00m,-79.4,
766,6/6/2023 14:10,0.005525268,300.00m,28.58,
767,6/6/2023 14:19,-0.005910197,540.00m,-17.07777778,
768,6/6/2023 15:11,0.007453911,3120.00m,3.705769231,
769,6/6/2023 15:26,-0.00491075,900.00m,-8.526666667,
770,6/6/2023 20:06,0.048427673,16800.00m,4.4825,
771,6/6/2023 20:23,-0.010013948,1020.00m,-16.00588235,
772,6/6/2023 21:13,0.00570632,3000.00m,3.07,
773,6/6/2023 21:34,-0.004091892,1260.00m,-5.271428571,
774,6/6/2023 23:28,0.014193031,6840.00m,3.354385965,
775,6/6/2023 23:38,-0.006638561,600.00m,-18.14,
776,6/7/2023 0:07,0.004748782,1740.00m,4.444827586,
777,6/7/2023 0:19,-0.004165337,720.00m,-9.466666667,
778,6/7/2023 0:45,0.007997319,1560.00m,8.353846154,
779,6/7/2023 3:35,-0.024086527,10200.00m,-3.878823529,
780,6/7/2023 5:27,0.00906168,6720.00m,2.161607143,
781,6/7/2023 7:21,-0.007982492,6840.00m,-1.887719298,
782,6/7/2023 7:34,0.005212423,780.00m,10.72307692,
783,6/7/2023 10:02,-0.018431586,8880.00m,-3.347972973,
784,6/7/2023 11:32,0.021229588,5400.00m,6.224444444,
785,6/7/2023 11:51,-0.006664712,1140.00m,-9.452631579,
786,6/7/2023 12:00,0.00468091,540.00m,13.92222222,
787,6/7/2023 12:17,-0.005447393,1020.00m,-8.617647059,
788,6/7/2023 12:42,0.004082686,1500.00m,4.368,
789,6/7/2023 13:45,-0.006795426,3780.00m,-2.896825397,
790,6/7/2023 13:57,0.005994646,720.00m,13.325,
791,6/7/2023 14:24,-0.01181723,1620.00m,-11.74444444,
792,6/7/2023 14:29,0.004819622,300.00m,25.56,
793,6/7/2023 14:38,-0.008523367,540.00m,-25.23333333,
794,6/7/2023 14:45,0.004447843,420.00m,16.78571429,
795,6/7/2023 15:01,-0.009885132,960.00m,-16.39375,
796,6/7/2023 15:32,0.013523646,1860.00m,11.46129032,
797,6/7/2023 15:56,-0.013072804,1440.00m,-14.50416667,
798,6/7/2023 16:08,0.004277066,720.00m,9.366666667,
799,6/7/2023 16:13,-0.005156846,300.00m,-27.22,
800,6/7/2023 16:22,0.005149299,540.00m,15.02222222,
801,6/7/2023 16:28,-0.005418473,360.00m,-23.83333333,
802,6/7/2023 16:47,0.006773798,1140.00m,9.357894737,
803,6/7/2023 17:05,-0.006103837,1080.00m,-8.961111111,
804,6/7/2023 18:14,0.009705041,4140.00m,3.694202899,
805,6/7/2023 20:41,-0.007786694,8820.00m,-1.404761905,
806,6/7/2023 21:27,0.004940505,2760.00m,2.826086957,
807,6/7/2023 21:59,-0.011390495,1920.00m,-9.4125,
808,6/7/2023 22:17,0.007903022,1080.00m,11.47777778,
809,6/7/2023 22:37,-0.004804828,1200.00m,-6.33,
810,6/8/2023 1:25,0.008912398,10080.00m,1.391071429,
811,6/8/2023 3:32,-0.008988645,7620.00m,-1.872440945,
812,6/8/2023 5:30,0.007826744,7080.00m,1.738983051,
813,6/8/2023 6:11,-0.005222723,2460.00m,-3.365853659,
814,6/8/2023 7:30,0.00772684,4740.00m,2.570886076,
815,6/8/2023 9:55,-0.004764404,8700.00m,-0.870344828,
816,6/8/2023 11:00,0.004650651,3900.00m,1.886153846,
817,6/8/2023 12:29,-0.0047575,5340.00m,-1.415730337,
818,6/8/2023 12:48,0.006715101,1140.00m,9.315789474,
819,6/8/2023 13:34,-0.007883778,2760.00m,-4.547826087,
820,6/8/2023 13:38,0.004941826,240.00m,32.525,
821,6/8/2023 14:04,-0.00442237,1560.00m,-4.5,
822,6/8/2023 14:35,0.012532556,1860.00m,10.6483871,
823,6/8/2023 14:45,-0.004210803,600.00m,-11.23,
824,6/8/2023 15:53,0.008163511,4080.00m,3.188235294,
825,6/8/2023 17:05,-0.013020094,4320.00m,-4.841666667,
826,6/8/2023 20:58,0.007935547,13980.00m,0.9,
827,6/9/2023 0:56,-0.007809244,14280.00m,-0.87394958,
828,6/9/2023 1:41,0.00557004,2700.00m,3.271111111,
829,6/9/2023 2:24,-0.00952424,2580.00m,-5.886046512,
830,6/9/2023 6:44,0.008825585,15600.00m,0.893461538,
831,6/9/2023 7:31,-0.004278155,2820.00m,-2.417021277,
832,6/9/2023 9:49,0.00846448,8280.00m,1.62173913,
833,6/9/2023 11:34,-0.004260474,6300.00m,-1.081904762,
834,6/9/2023 13:23,0.007758916,6540.00m,1.889908257,
835,6/9/2023 19:47,-0.014064083,23040.00m,-0.979947917,
836,6/10/2023 1:11,0.005504212,19440.00m,0.448148148,
837,6/10/2023 4:28,-0.027634307,11820.00m,-3.720812183,
838,6/10/2023 4:31,0.005544355,180.00m,47.66666667,
839,6/10/2023 4:42,-0.007279738,660.00m,-17.16363636,
840,6/10/2023 4:48,0.004967723,360.00m,21.31666667,
841,6/10/2023 5:20,-0.014535771,1920.00m,-11.753125,
842,6/10/2023 5:26,0.006808377,360.00m,28.93333333,
843,6/10/2023 5:51,-0.008320479,1500.00m,-8.544,
844,6/10/2023 6:19,0.006485191,1680.00m,5.896428571,
845,6/10/2023 6:48,-0.005253072,1740.00m,-4.64137931,
846,6/10/2023 7:25,0.009058987,2220.00m,6.240540541,
847,6/10/2023 8:10,-0.005423921,2700.00m,-3.1,
848,6/10/2023 8:43,0.005535596,1980.00m,4.290909091,
849,6/10/2023 10:23,-0.005034699,6000.00m,-1.295,
850,6/10/2023 11:53,0.005353235,5400.00m,1.522222222,
851,6/10/2023 13:11,-0.00612927,4680.00m,-2.021794872,
852,6/10/2023 14:04,0.004716225,3180.00m,2.275471698,
853,6/10/2023 17:03,-0.008609717,10740.00m,-1.23575419,
854,6/10/2023 17:44,0.025806122,2460.00m,16.03170732,
855,6/10/2023 17:53,-0.008864054,540.00m,-25.73333333,
856,6/10/2023 17:59,0.00438671,360.00m,18.93333333,
857,6/10/2023 18:24,-0.018515955,1500.00m,-19.264,
858,6/10/2023 18:35,0.007242914,660.00m,16.80909091,
859,6/10/2023 18:58,-0.007416395,1380.00m,-8.291304348,
860,6/10/2023 20:36,0.012314576,5880.00m,3.207142857,
861,6/10/2023 21:16,-0.00607271,2400.00m,-3.9225,
862,6/10/2023 22:42,0.008621495,5160.00m,2.574418605,
863,6/11/2023 1:05,-0.006683036,8580.00m,-1.21048951,
864,6/11/2023 1:36,0.004162731,1860.00m,3.45483871,
865,6/11/2023 4:23,-0.007493594,10020.00m,-1.159281437,
866,6/11/2023 5:57,0.006454305,5640.00m,1.760638298,
867,6/11/2023 8:31,-0.004793217,9240.00m,-0.803246753,
868,6/11/2023 11:33,0.00540812,10920.00m,0.763186813,
869,6/11/2023 13:59,-0.005007261,8760.00m,-0.885616438,
870,6/11/2023 17:09,0.011236436,11400.00m,1.519473684,
871,6/11/2023 17:24,-0.004310693,900.00m,-7.466666667,
872,6/11/2023 17:38,0.00537304,840.00m,9.928571429,
873,6/11/2023 17:47,-0.004263925,540.00m,-12.32222222,
874,6/11/2023 18:07,0.0051587,1200.00m,6.68,
875,6/11/2023 19:04,-0.00408734,3420.00m,-1.866666667,
876,6/11/2023 20:11,0.009577554,4020.00m,3.705970149,
877,6/11/2023 22:43,-0.0160162,9120.00m,-2.757894737,
878,6/11/2023 23:17,0.006391166,2040.00m,4.841176471,
879,6/11/2023 23:30,-0.004224716,780.00m,-8.423076923,
880,6/12/2023 0:55,0.007055569,5100.00m,2.142352941,
881,6/12/2023 2:49,-0.01282727,6840.00m,-2.924561404,
882,6/12/2023 6:32,0.008847109,13380.00m,1.01793722,
883,6/12/2023 8:01,-0.004326813,5340.00m,-1.258426966,
884,6/12/2023 9:09,0.011170562,4080.00m,4.233823529,
885,6/12/2023 14:00,-0.011492268,17460.00m,-1.029209622,
886,6/12/2023 16:31,0.004801739,9060.00m,0.819205298,
887,6/12/2023 17:23,-0.009121042,3120.00m,-4.540384615,
888,6/12/2023 17:48,0.010994538,1500.00m,11.28,
889,6/12/2023 19:26,-0.006690808,5880.00m,-1.770408163,
890,6/13/2023 0:19,0.008972109,17580.00m,0.788737201,
891,6/13/2023 1:04,-0.006560544,2700.00m,-3.788888889,
892,6/13/2023 3:18,0.011948935,8040.00m,2.302238806,
893,6/13/2023 4:30,-0.006074246,4320.00m,-2.204166667,
894,6/13/2023 8:46,0.011090573,15360.00m,1.125,
895,6/13/2023 11:42,-0.006630865,10560.00m,-0.989204545,
896,6/13/2023 12:31,0.011310526,2940.00m,6.020408163,
897,6/13/2023 12:55,-0.016787416,1440.00m,-18.45,
898,6/13/2023 13:03,0.007476643,480.00m,24.2375,
899,6/13/2023 13:11,-0.004902786,480.00m,-16.0125,
900,6/13/2023 13:33,0.00488848,1320.00m,5.777272727,
901,6/13/2023 14:13,-0.008684503,2400.00m,-5.6725,
902,6/13/2023 14:22,0.004691102,540.00m,13.5,
903,6/13/2023 15:58,-0.011478925,5760.00m,-3.111458333,
904,6/13/2023 18:19,0.008918124,8460.00m,1.626950355,
905,6/13/2023 22:29,-0.005899284,15000.00m,-0.6124,
906,6/14/2023 2:00,0.009252225,12660.00m,1.131279621,
907,6/14/2023 5:56,-0.008149659,14160.00m,-0.899152542,
908,6/14/2023 12:55,0.007918469,25140.00m,0.488066826,
909,6/14/2023 17:20,-0.004998041,15900.00m,-0.490943396,
910,6/14/2023 17:59,0.004548245,2340.00m,3.020512821,
911,6/14/2023 18:07,-0.009120644,480.00m,-29.6625,
912,6/14/2023 19:09,0.007288426,3720.00m,3.030645161,
913,6/14/2023 20:06,-0.020178293,3420.00m,-9.192982456,
914,6/14/2023 20:12,0.005686887,360.00m,24.11666667,
915,6/14/2023 20:35,-0.017812202,1380.00m,-19.8173913,
916,6/14/2023 20:38,0.006151177,180.00m,51.53333333,
917,6/14/2023 20:49,-0.014963619,660.00m,-34.4,
918,6/14/2023 20:53,0.0044802,240.00m,27.9,
919,6/14/2023 20:57,-0.004955797,240.00m,-31,
920,6/14/2023 21:19,0.010764263,1320.00m,12.18181818,
921,6/14/2023 21:53,-0.005753978,2040.00m,-4.258823529,
922,6/14/2023 21:57,0.004376429,240.00m,27.375,
923,6/14/2023 22:49,-0.005758081,3120.00m,-2.782692308,
924,6/15/2023 0:58,0.008336935,7740.00m,1.614728682,
925,6/15/2023 7:08,-0.012491317,22200.00m,-0.850540541,
926,6/15/2023 8:38,0.006266379,5400.00m,1.732222222,
927,6/15/2023 11:17,-0.007433682,9540.00m,-1.170440252,
928,6/15/2023 11:48,0.007380698,1860.00m,5.916129032,
929,6/15/2023 12:38,-0.004438319,3000.00m,-2.222,
930,6/15/2023 13:45,0.006512606,4020.00m,2.42238806,
931,6/15/2023 16:04,-0.006506347,8340.00m,-1.174100719,
932,6/15/2023 19:09,0.022736758,11100.00m,3.062702703,
933,6/15/2023 19:48,-0.004410161,2340.00m,-2.882051282,
934,6/15/2023 20:05,0.004240528,1020.00m,6.329411765,
935,6/15/2023 20:29,-0.01008563,1440.00m,-10.70833333,
936,6/15/2023 21:33,0.020729599,3840.00m,8.1703125,
937,6/16/2023 1:05,-0.011810764,12720.00m,-1.434433962,
938,6/16/2023 4:18,0.006720747,11580.00m,0.886010363,
939,6/16/2023 5:34,-0.005910692,4560.00m,-1.992105263,
940,6/16/2023 9:23,0.005706274,13740.00m,0.634497817,
941,6/16/2023 11:57,-0.00587305,9240.00m,-0.976623377,
942,6/16/2023 13:28,0.00578205,5460.00m,1.617582418,
943,6/16/2023 14:46,-0.013590936,4680.00m,-4.461538462,
944,6/16/2023 15:00,0.016375464,840.00m,29.54285714,
945,6/16/2023 15:06,-0.00439408,360.00m,-18.8,
946,6/16/2023 15:26,0.004793001,1200.00m,6.125,
947,6/16/2023 15:49,-0.004520922,1380.00m,-5.047826087,
948,6/16/2023 18:15,0.035150306,8760.00m,6.154794521,
949,6/16/2023 18:33,-0.006605424,1080.00m,-9.711111111,
950,6/16/2023 18:51,0.004252843,1080.00m,6.211111111,
951,6/16/2023 19:14,-0.004409074,1380.00m,-5.060869565,
952,6/16/2023 20:54,0.005718373,6000.00m,1.503,
953,6/17/2023 2:08,-0.009748808,18840.00m,-0.820700637,
954,6/17/2023 5:41,0.021679917,12780.00m,2.664319249,
955,6/17/2023 5:55,-0.004030841,840.00m,-7.7,
956,6/17/2023 6:23,0.004629073,1680.00m,4.403571429,
957,6/17/2023 12:05,-0.012156521,20520.00m,-0.951169591,
958,6/17/2023 13:50,0.005008701,6300.00m,1.260952381,
959,6/17/2023 15:16,-0.00642541,5160.00m,-1.984883721,
960,6/17/2023 15:26,0.005110681,600.00m,13.49,
961,6/17/2023 16:06,-0.006057157,2400.00m,-4.0175,
962,6/17/2023 22:14,0.00761095,22080.00m,0.545380435,
963,6/18/2023 0:47,-0.006597518,9180.00m,-1.145751634,
964,6/18/2023 5:39,0.008963717,17520.00m,0.810273973,
965,6/18/2023 6:01,-0.005609814,1320.00m,-6.790909091,
966,6/18/2023 7:18,0.00624941,4620.00m,2.149350649,
967,6/18/2023 12:31,-0.00784299,18780.00m,-0.667731629,
968,6/18/2023 20:00,0.00883165,26940.00m,0.520044543,
969,6/18/2023 20:23,-0.010523948,1380.00m,-12.20434783,
970,6/18/2023 20:41,0.004095969,1080.00m,6.005555556,
971,6/18/2023 23:00,-0.006415119,8340.00m,-1.223021583,
972,6/18/2023 23:08,0.004428425,480.00m,14.575,
973,6/19/2023 0:54,-0.005573516,6360.00m,-1.390566038,
974,6/19/2023 13:34,0.009943306,45600.00m,0.344078947,
975,6/19/2023 16:34,-0.008234001,10800.00m,-1.215,
976,6/19/2023 18:15,0.024755238,6060.00m,6.456435644,
977,6/19/2023 19:00,-0.021589983,2700.00m,-12.95111111,
978,6/19/2023 20:11,0.015807688,4260.00m,5.88028169,
979,6/19/2023 21:13,-0.006958966,3720.00m,-3.011290323,
980,6/20/2023 1:14,0.01831319,14460.00m,2.024481328,
981,6/20/2023 2:28,-0.009638812,4440.00m,-3.533783784,
982,6/20/2023 5:21,0.005768859,10380.00m,0.895953757,
983,6/20/2023 9:33,-0.011523346,15120.00m,-1.235714286,
984,6/20/2023 12:09,0.009022162,9360.00m,1.544871795,
985,6/20/2023 12:50,-0.004852892,2460.00m,-3.190243902,
986,6/20/2023 13:50,0.00406007,3600.00m,1.815,
987,6/20/2023 14:29,-0.010103561,2340.00m,-6.976923077,
988,6/20/2023 17:08,0.030650062,9540.00m,5.138993711,
989,6/20/2023 17:24,-0.005091698,960.00m,-8.74375,
990,6/20/2023 18:21,0.026960587,3420.00m,12.92982456,
991,6/20/2023 18:34,-0.006896257,780.00m,-14.89230769,
992,6/20/2023 18:57,0.007403263,1380.00m,8.973913043,
993,6/20/2023 19:10,-0.010727765,780.00m,-23.17692308,
994,6/20/2023 20:02,0.010246647,3120.00m,5.475,
995,6/20/2023 20:09,-0.007153698,420.00m,-28.68571429,
996,6/20/2023 20:48,0.012993118,2340.00m,9.284615385,
997,6/20/2023 21:05,-0.005203555,1020.00m,-8.641176471,
998,6/20/2023 21:43,0.005576168,2280.00m,4.121052632,
999,6/20/2023 22:09,-0.005169898,1560.00m,-5.615384615,
1000,6/20/2023 23:53,0.009930805,6240.00m,2.682692308,
1001,6/21/2023 0:19,-0.004366766,1560.00m,-4.765384615,
1002,6/21/2023 0:23,0.005430185,240.00m,38.35,
1003,6/21/2023 0:41,-0.004481937,1080.00m,-7.072222222,
1004,6/21/2023 1:11,0.025428284,1800.00m,23.96666667,
1005,6/21/2023 1:23,-0.009822519,720.00m,-23.73333333,
1006,6/21/2023 2:09,0.005231663,2760.00m,3.265217391,
1007,6/21/2023 4:08,-0.006458766,7140.00m,-1.566386555,
1008,6/21/2023 5:59,0.010323085,6660.00m,2.666666667,
1009,6/21/2023 6:35,-0.007048768,2160.00m,-5.672222222,
1010,6/21/2023 10:29,0.009500998,14040.00m,1.167948718,
1011,6/21/2023 11:03,-0.008564433,2040.00m,-7.314705882,
1012,6/21/2023 11:45,0.00769017,2520.00m,5.271428571,
1013,6/21/2023 12:01,-0.004394824,960.00m,-7.96875,
1014,6/21/2023 12:30,0.008018308,1740.00m,7.986206897,
1015,6/21/2023 13:00,-0.008634576,1800.00m,-8.38,
1016,6/21/2023 13:54,0.016314384,3240.00m,8.72037037,
1017,6/21/2023 14:10,-0.008856315,960.00m,-16.2375,
1018,6/21/2023 14:25,0.011301728,900.00m,21.90666667,
1019,6/21/2023 14:28,-0.004315769,180.00m,-42.3,
1020,6/21/2023 14:38,0.007374415,600.00m,21.59,
1021,6/21/2023 14:53,-0.005174144,900.00m,-10.17333333,
1022,6/21/2023 15:35,0.021935774,2520.00m,15.32380952,
1023,6/21/2023 15:42,-0.007887593,420.00m,-33.78571429,
1024,6/21/2023 15:53,0.004323081,660.00m,11.69090909,
1025,6/21/2023 16:01,-0.004137114,480.00m,-15.45,
1026,6/21/2023 16:30,0.030343873,1740.00m,31.13103448,
1027,6/21/2023 16:32,-0.004501698,120.00m,-69,
1028,6/21/2023 16:35,0.007490882,180.00m,76.2,
1029,6/21/2023 17:11,-0.027275359,2160.00m,-23.29444444,
1030,6/21/2023 17:20,0.007690482,540.00m,25.55555556,
1031,6/21/2023 17:44,-0.008401605,1440.00m,-10.55,
1032,6/21/2023 18:23,0.012886538,2340.00m,9.874358974,
1033,6/21/2023 19:02,-0.007809971,2340.00m,-6.061538462,
1034,6/21/2023 19:09,0.004415202,420.00m,18.94285714,
1035,6/21/2023 19:17,-0.007681036,480.00m,-28.9625,
1036,6/21/2023 19:54,0.006664774,2220.00m,5.391891892,
1037,6/21/2023 20:47,-0.008648326,3180.00m,-4.916981132,
1038,6/21/2023 21:18,0.004890802,1860.00m,4.712903226,
1039,6/21/2023 21:43,-0.006879091,1500.00m,-8.26,
1040,6/21/2023 23:12,0.011877767,5340.00m,3.978651685,
1041,6/22/2023 0:11,-0.009374762,3540.00m,-4.793220339,
1042,6/22/2023 0:39,0.011066382,1680.00m,11.81071429,
1043,6/22/2023 1:07,-0.005285629,1680.00m,-5.703571429,
1044,6/22/2023 1:24,0.005030894,1020.00m,8.894117647,
1045,6/22/2023 1:30,-0.00419129,360.00m,-21.1,
1046,6/22/2023 2:57,0.013388123,5220.00m,4.628735632,
1047,6/22/2023 4:29,-0.009310535,5520.00m,-3.084782609,
1048,6/22/2023 4:59,0.004646034,1800.00m,4.676666667,
1049,6/22/2023 7:40,-0.010791711,9660.00m,-2.033540373,
1050,6/22/2023 10:20,0.007573965,9600.00m,1.420625,
1051,6/22/2023 11:09,-0.011816258,2940.00m,-7.291836735,
1052,6/22/2023 11:24,0.006535991,900.00m,13.02,
1053,6/22/2023 11:56,-0.006869265,1920.00m,-6.45625,
1054,6/22/2023 13:24,0.014714055,5280.00m,4.994318182,
1055,6/22/2023 13:35,-0.004863258,660.00m,-13.4,
1056,6/22/2023 13:48,0.005440711,780.00m,12.62307692,
1057,6/22/2023 14:54,-0.02227491,3960.00m,-10.23484848,
1058,6/22/2023 15:05,0.009079227,660.00m,24.47272727,
1059,6/22/2023 15:30,-0.007383194,1500.00m,-8.836,
1060,6/22/2023 16:31,0.014933464,3660.00m,7.270491803,
1061,6/22/2023 16:48,-0.008463302,1020.00m,-15.00588235,
1062,6/22/2023 17:49,0.008913634,3660.00m,4.367213115,
1063,6/22/2023 18:42,-0.005156998,3180.00m,-2.933962264,
1064,6/22/2023 20:02,0.007510576,4800.00m,2.81625,
1065,6/22/2023 23:59,-0.01151441,14220.00m,-1.46835443,
1066,6/23/2023 0:31,0.005613389,1920.00m,5.240625,
1067,6/23/2023 2:07,-0.007296282,5760.00m,-2.283333333,
1068,6/23/2023 5:31,0.007738864,12240.00m,1.131372549,
1069,6/23/2023 8:03,-0.005134041,9120.00m,-1.015131579,
1070,6/23/2023 10:04,0.009153846,7260.00m,2.261983471,
1071,6/23/2023 10:25,-0.006953075,1260.00m,-9.99047619,
1072,6/23/2023 12:16,0.007602482,6660.00m,2.052252252,
1073,6/23/2023 12:40,-0.006823067,1440.00m,-8.583333333,
1074,6/23/2023 13:10,0.00586613,1800.00m,5.863333333,
1075,6/23/2023 13:49,-0.007151477,2340.00m,-5.530769231,
1076,6/23/2023 15:23,0.028928835,5640.00m,9.215957447,
1077,6/23/2023 15:28,-0.007276339,300.00m,-44.84,
1078,6/23/2023 15:42,0.013148947,840.00m,28.72857143,
1079,6/23/2023 15:47,-0.00625359,300.00m,-38.76,
1080,6/23/2023 15:55,0.017261758,480.00m,66.45,
1081,6/23/2023 16:02,-0.008893003,420.00m,-39.8,
1082,6/23/2023 16:08,0.010682976,360.00m,55.28333333,
1083,6/23/2023 16:23,-0.018600368,900.00m,-38.91333333,
1084,6/23/2023 17:04,0.01236468,2460.00m,9.287804878,
1085,6/23/2023 17:05,-0.004211276,60.00m,-131.3,
1086,6/23/2023 17:17,0.004528632,720.00m,11.71666667,
1087,6/23/2023 17:36,-0.005886974,1140.00m,-9.663157895,
1088,6/23/2023 17:58,0.007905457,1320.00m,11.14090909,
1089,6/23/2023 19:37,-0.018029377,5940.00m,-5.690909091,
1090,6/23/2023 20:49,0.007840811,4320.00m,3.341666667,
1091,6/23/2023 22:22,-0.015520821,5580.00m,-5.161290323,
1092,6/24/2023 0:07,0.007491904,6300.00m,2.172380952,
1093,6/24/2023 1:32,-0.00785674,5100.00m,-2.835294118,
1094,6/24/2023 2:43,0.011392126,4260.00m,4.883098592,
1095,6/24/2023 8:52,-0.007482131,22140.00m,-0.624119241,
1096,6/24/2023 12:40,0.007594183,13680.00m,1.01754386,
1097,6/24/2023 13:48,-0.006692288,4080.00m,-3.029411765,
1098,6/24/2023 14:39,0.00406532,3060.00m,2.437254902,
1099,6/24/2023 16:03,-0.013198697,5040.00m,-4.823809524,
1100,6/24/2023 18:23,0.012741461,8400.00m,2.757142857,
1101,6/24/2023 21:14,-0.009090376,10260.00m,-1.630994152,
1102,6/25/2023 4:38,0.020656604,26640.00m,1.414414414,
1103,6/25/2023 6:08,-0.008440246,5400.00m,-2.91,
1104,6/25/2023 6:27,0.006438508,1140.00m,10.42631579,
1105,6/25/2023 10:24,-0.012478162,14220.00m,-1.630379747,
1106,6/25/2023 12:01,0.005006589,5820.00m,1.578350515,
1107,6/25/2023 13:36,-0.006660636,5700.00m,-2.154736842,
1108,6/25/2023 14:04,0.006315493,1680.00m,6.885714286,
1109,6/25/2023 15:02,-0.007219841,3480.00m,-3.824137931,
1110,6/25/2023 16:08,0.004711614,3960.00m,2.177272727,
1111,6/25/2023 19:36,-0.010439647,12480.00m,-1.537980769,
1112,6/25/2023 20:18,0.006186743,2520.00m,4.466666667,
1113,6/25/2023 20:54,-0.006656725,2160.00m,-5.641666667,
1114,6/25/2023 22:33,0.00804094,5940.00m,2.461616162,
1115,6/26/2023 0:13,-0.005204395,6000.00m,-1.59,
1116,6/26/2023 0:22,0.004616331,540.00m,15.58888889,
1117,6/26/2023 1:20,-0.017112969,3480.00m,-9.00862069,
1118,6/26/2023 1:37,0.010136655,1020.00m,17.89411765,
1119,6/26/2023 2:26,-0.006798816,2940.00m,-4.206122449,
1120,6/26/2023 3:57,0.006908463,5460.00m,2.285714286,
1121,6/26/2023 5:21,-0.004815939,5040.00m,-1.738095238,
1122,6/26/2023 7:14,0.012886974,6780.00m,3.440707965,
1123,6/26/2023 7:37,-0.008989227,1380.00m,-11.94347826,
1124,6/26/2023 8:02,0.004487503,1500.00m,5.436,
1125,6/26/2023 10:09,-0.009579224,7620.00m,-2.294488189,
1126,6/26/2023 13:59,0.016681824,13800.00m,2.185217391,
1127,6/26/2023 14:43,-0.0114132,2640.00m,-7.945454545,
1128,6/26/2023 15:40,0.005402621,3420.00m,2.870175439,
1129,6/26/2023 16:49,-0.014895616,4140.00m,-6.572463768,
1130,6/26/2023 17:02,0.005628224,780.00m,12.98461538,
1131,6/26/2023 17:16,-0.007204788,840.00m,-15.52142857,
1132,6/26/2023 18:48,0.009508002,5520.00m,3.094565217,
1133,6/26/2023 19:15,-0.005610711,1620.00m,-6.281481481,
1134,6/26/2023 19:54,0.007705027,2340.00m,5.938461538,
1135,6/26/2023 22:00,-0.006153866,7560.00m,-1.479365079,
1136,6/27/2023 2:59,0.012284286,17940.00m,1.236789298,
1137,6/27/2023 6:33,-0.008020136,12840.00m,-1.142056075,
1138,6/27/2023 7:51,0.007760785,4680.00m,3.007692308,
1139,6/27/2023 9:53,-0.00436588,7320.00m,-1.090163934,
1140,6/27/2023 10:13,0.011401065,1200.00m,17.29,
1141,6/27/2023 10:29,-0.005789486,960.00m,-11.1,
1142,6/27/2023 11:02,0.005482201,1980.00m,5.066666667,
1143,6/27/2023 11:23,-0.004330543,1260.00m,-6.323809524,
1144,6/27/2023 11:50,0.006969486,1620.00m,7.881481481,
1145,6/27/2023 13:42,-0.006748867,6720.00m,-1.852678571,
1146,6/27/2023 14:08,0.014768292,1560.00m,17.34615385,
1147,6/27/2023 14:17,-0.00986789,540.00m,-33.97777778,
1148,6/27/2023 14:30,0.005846772,780.00m,13.8,
1149,6/27/2023 16:17,-0.013482163,6420.00m,-3.888785047,
1150,6/27/2023 17:58,0.00962988,6060.00m,2.902970297,
1151,6/27/2023 20:39,-0.006040969,9660.00m,-1.153416149,
1152,6/27/2023 22:02,0.005688215,4980.00m,2.093975904,
1153,6/27/2023 23:00,-0.005405458,3480.00m,-2.863793103,
1154,6/27/2023 23:53,0.005110905,3180.00m,2.947169811,
1155,6/28/2023 0:23,-0.008450988,1800.00m,-8.653333333,
1156,6/28/2023 1:03,0.006365997,2400.00m,4.8475,
1157,6/28/2023 8:04,-0.016246583,25260.00m,-1.182897862,
1158,6/28/2023 11:47,0.007299052,13380.00m,0.986995516,
1159,6/28/2023 12:23,-0.005669192,2160.00m,-4.783333333,
1160,6/28/2023 12:33,0.005082361,600.00m,15.35,
1161,6/28/2023 13:04,-0.010719462,1860.00m,-10.49677419,
1162,6/28/2023 13:34,0.005607614,1800.00m,5.613333333,
1163,6/28/2023 13:45,-0.004486904,660.00m,-12.31818182,
1164,6/28/2023 14:42,0.013311823,3420.00m,7.021052632,
1165,6/28/2023 15:04,-0.00594478,1320.00m,-8.231818182,
1166,6/28/2023 16:12,0.005524625,4080.00m,2.460294118,
1167,6/28/2023 17:16,-0.013073935,3840.00m,-6.2203125,
1168,6/28/2023 18:32,0.006319089,4560.00m,2.498684211,
1169,6/28/2023 19:31,-0.011371715,3540.00m,-5.828813559,
1170,6/28/2023 20:00,0.007579153,1740.00m,7.813793103,
1171,6/28/2023 20:17,-0.005955305,1020.00m,-10.55294118,
1172,6/28/2023 21:38,0.008325263,4860.00m,3.077777778,
1173,6/29/2023 0:51,-0.004924771,11580.00m,-0.770466321,
1174,6/29/2023 1:37,0.006130681,2760.00m,4.004347826,
1175,6/29/2023 3:05,-0.004803207,5280.00m,-1.65,
1176,6/29/2023 10:56,0.021452836,28260.00m,1.370276008,
1177,6/29/2023 11:39,-0.00510576,2580.00m,-3.648837209,
1178,6/29/2023 13:17,0.008007039,5880.00m,2.497959184,
1179,6/29/2023 13:58,-0.010036375,2460.00m,-7.543902439,
1180,6/29/2023 14:22,0.004139816,1440.00m,5.2625,
1181,6/29/2023 14:54,-0.007804824,1920.00m,-7.471875,
1182,6/29/2023 17:07,0.005908711,7980.00m,1.35037594,
1183,6/29/2023 17:13,-0.004493809,360.00m,-22.9,
1184,6/29/2023 17:29,0.006245483,960.00m,11.88125,
1185,6/29/2023 19:20,-0.004649325,6660.00m,-1.282882883,
1186,6/29/2023 20:01,0.004615279,2460.00m,3.431707317,
1187,6/29/2023 20:24,-0.010983988,1380.00m,-14.62608696,
1188,6/29/2023 23:31,0.007405084,11220.00m,1.199465241,
1189,6/30/2023 1:05,-0.005318818,5640.00m,-1.726595745,
1190,6/30/2023 3:32,0.016555746,8820.00m,3.418367347,
1191,6/30/2023 4:17,-0.005574552,2700.00m,-3.822222222,
1192,6/30/2023 4:51,0.018952171,2040.00m,17.10294118,
1193,6/30/2023 6:35,-0.020598772,6240.00m,-6.192307692,
1194,6/30/2023 8:54,0.008945134,8340.00m,1.970503597,
1195,6/30/2023 9:53,-0.004884459,3540.00m,-2.557627119,
1196,6/30/2023 12:06,0.01006408,7980.00m,2.326315789,
1197,6/30/2023 12:14,-0.004553593,480.00m,-17.675,
1198,6/30/2023 12:31,0.00583611,1020.00m,10.61176471,
1199,6/30/2023 13:08,-0.005532076,2220.00m,-4.648648649,
1200,6/30/2023 13:28,0.005304113,1200.00m,8.2,
1201,6/30/2023 13:38,-0.032010655,600.00m,-99.5,
1202,6/30/2023 13:40,0.005251193,120.00m,79,
1203,6/30/2023 13:41,-0.008070382,60.00m,-244.1,
1204,6/30/2023 13:44,0.009772584,180.00m,97.73333333,
1205,6/30/2023 13:47,-0.022808668,180.00m,-230.3333333,
1206,6/30/2023 13:53,0.012001554,360.00m,59.21666667,
1207,6/30/2023 13:56,-0.004669591,180.00m,-46.63333333,
1208,6/30/2023 13:59,0.010063749,180.00m,100.0333333,
1209,6/30/2023 14:01,-0.004877158,120.00m,-73.45,
1210,6/30/2023 14:14,0.009875522,780.00m,22.76923077,
1211,6/30/2023 14:49,-0.008890254,2100.00m,-7.688571429,
1212,6/30/2023 15:08,0.00621,1140.00m,9.805263158,
1213,6/30/2023 16:08,-0.008265339,3600.00m,-4.158333333,
1214,6/30/2023 17:22,0.025042757,4440.00m,10.13108108,
1215,6/30/2023 17:32,-0.006419761,600.00m,-19.7,
1216,6/30/2023 17:41,0.004775414,540.00m,16.17777778,
1217,6/30/2023 18:46,-0.010687088,3900.00m,-5.036923077,
1218,6/30/2023 20:28,0.006335024,6120.00m,1.882352941,
1219,6/30/2023 21:11,-0.00489513,2580.00m,-3.472093023,
1220,6/30/2023 23:33,0.006105356,8520.00m,1.304929577,
1221,7/1/2023 4:30,-0.00700819,17820.00m,-0.720538721,
1222,7/1/2023 15:01,0.010830527,37860.00m,0.52044374,
1223,7/2/2023 6:00,-0.006045657,53940.00m,-0.206117909,
1224,7/2/2023 14:45,0.005297918,31500.00m,0.307428571,
1225,7/2/2023 15:23,-0.012479511,2280.00m,-10.05789474,
1226,7/2/2023 16:18,0.013278667,3300.00m,7.301818182,
1227,7/2/2023 18:03,-0.009100817,6300.00m,-2.656190476,
1228,7/2/2023 22:34,0.012918756,16260.00m,1.447601476,
1229,7/2/2023 22:43,-0.007493742,540.00m,-25.61111111,
1230,7/3/2023 3:53,0.00853301,18600.00m,0.840322581,
1231,7/3/2023 6:31,-0.005631882,9480.00m,-1.097468354,
1232,7/3/2023 7:39,0.004001228,4080.00m,1.801470588,
1233,7/3/2023 12:31,-0.00544601,17520.00m,-0.573287671,
1234,7/3/2023 15:48,0.017444808,11820.00m,2.707106599,
1235,7/3/2023 16:07,-0.006491127,1140.00m,-10.62631579,
1236,7/3/2023 16:59,0.004320095,3120.00m,2.567307692,
1237,7/3/2023 17:16,-0.004079186,1020.00m,-7.447058824,
1238,7/3/2023 19:02,0.011892976,6360.00m,3.467924528,
1239,7/3/2023 19:12,-0.004917414,600.00m,-15.38,
1240,7/3/2023 19:51,0.007753158,2340.00m,6.187179487,
1241,7/3/2023 21:25,-0.013202993,5640.00m,-4.405319149,
1242,7/4/2023 2:03,0.011789984,16680.00m,1.312589928,
1243,7/4/2023 6:08,-0.013265251,14700.00m,-1.695510204,
1244,7/4/2023 6:27,0.004582598,1140.00m,7.452631579,
1245,7/4/2023 9:04,-0.005260767,9420.00m,-1.040127389,
1246,7/4/2023 12:19,0.006198628,11700.00m,0.981538462,
1247,7/4/2023 15:42,-0.005973762,12180.00m,-0.914285714,
1248,7/4/2023 16:27,0.00712676,2700.00m,4.891111111,
1249,7/4/2023 19:32,-0.014879259,11100.00m,-2.501621622,
1250,7/5/2023 3:53,0.007323545,30060.00m,0.447904192,
1251,7/5/2023 8:18,-0.006904193,15900.00m,-0.804150943,
1252,7/5/2023 8:55,0.004557585,2220.00m,3.775675676,
1253,7/5/2023 13:29,-0.01860879,16440.00m,-2.091240876,
1254,7/5/2023 14:43,0.007104825,4440.00m,2.901351351,
1255,7/5/2023 15:38,-0.006505967,3300.00m,-3.6,
1256,7/5/2023 18:01,0.011155724,8580.00m,2.358741259,
1257,7/5/2023 23:02,-0.00623755,18060.00m,-0.633554817,
1258,7/5/2023 23:43,0.004561882,2460.00m,3.380487805,
1259,7/6/2023 1:20,-0.005835365,5820.00m,-1.836082474,
1260,7/6/2023 2:11,0.006756156,3060.00m,4.019607843,
1261,7/6/2023 5:14,-0.004049405,10980.00m,-0.675956284,
1262,7/6/2023 9:00,0.034439916,13560.00m,4.636283186,
1263,7/6/2023 10:38,-0.013021181,5880.00m,-4.181632653,
1264,7/6/2023 10:57,0.006335716,1140.00m,10.35789474,
1265,7/6/2023 12:45,-0.02354537,6480.00m,-6.814814815,
1266,7/6/2023 13:03,0.004085471,1080.00m,6.927777778,
1267,7/6/2023 14:10,-0.015195367,4020.00m,-6.950746269,
1268,7/6/2023 14:12,0.004350304,120.00m,65.65,
1269,7/6/2023 14:40,-0.014221574,1680.00m,-15.39642857,
1270,7/6/2023 16:06,0.018974634,5160.00m,6.593023256,
1271,7/6/2023 16:47,-0.009484712,2460.00m,-7.043902439,
1272,7/6/2023 17:06,0.005629936,1140.00m,8.936842105,
1273,7/6/2023 17:31,-0.004187273,1500.00m,-5.08,
1274,7/6/2023 18:02,0.004059199,1860.00m,3.95483871,
1275,7/6/2023 18:42,-0.004112037,2400.00m,-3.1175,
1276,7/6/2023 18:58,0.005655461,960.00m,10.675,
1277,7/6/2023 23:22,-0.015728458,15840.00m,-1.809469697,
1278,7/6/2023 23:27,0.005372316,300.00m,32.12,
1279,7/7/2023 0:03,-0.010134888,2160.00m,-8.461111111,
1280,7/7/2023 5:46,0.017781513,20580.00m,1.542274052,
1281,7/7/2023 7:55,-0.01049242,7740.00m,-2.462790698,
1282,7/7/2023 12:34,0.011161064,16740.00m,1.198566308,
1283,7/7/2023 12:42,-0.007119822,480.00m,-26.9625,
1284,7/7/2023 14:03,0.011296543,4860.00m,4.195061728,
1285,7/7/2023 14:34,-0.005276169,1860.00m,-5.177419355,
1286,7/7/2023 16:12,0.005466088,5880.00m,1.687755102,
1287,7/7/2023 18:54,-0.009587605,9720.00m,-1.800617284,
1288,7/8/2023 2:51,0.007798759,28620.00m,0.492662474,
1289,7/8/2023 6:24,-0.0070897,12780.00m,-1.010798122,
1290,7/8/2023 8:17,0.004629768,6780.00m,1.23539823,
1291,7/8/2023 12:05,-0.004763587,13680.00m,-0.632894737,
1292,7/8/2023 16:45,0.004577418,16800.00m,0.492857143,
1293,7/8/2023 19:23,-0.007541438,9480.00m,-1.44556962,
1294,7/9/2023 1:11,0.011161902,20880.00m,0.96408046,
1295,7/9/2023 14:09,-0.00686011,46680.00m,-0.267994859,
1296,7/9/2023 14:36,0.007556834,1620.00m,8.448148148,
1297,7/9/2023 22:10,-0.011925939,27240.00m,-0.798898678,
1298,7/9/2023 22:50,0.004409318,2400.00m,3.3125,
1299,7/10/2023 0:17,-0.007348629,5220.00m,-2.549425287,
1300,7/10/2023 0:35,0.008347602,1080.00m,13.89444444,
1301,7/10/2023 1:58,-0.005961444,4980.00m,-2.169879518,
1302,7/10/2023 3:07,0.006636542,4140.00m,2.888405797,
1303,7/10/2023 9:15,-0.006771419,22080.00m,-0.55625,
1304,7/10/2023 13:40,0.009681835,15900.00m,1.096981132,
1305,7/10/2023 13:55,-0.004139728,900.00m,-8.366666667,
1306,7/10/2023 20:07,0.026995247,22320.00m,2.190860215,
1307,7/10/2023 21:57,-0.026272758,6600.00m,-7.405454545,
1308,7/11/2023 0:17,0.00964529,8400.00m,2.08,
1309,7/11/2023 0:41,-0.004291043,1440.00m,-5.45,
1310,7/11/2023 2:00,0.007792088,4740.00m,2.993670886,
1311,7/11/2023 3:28,-0.006541824,5280.00m,-2.273863636,
1312,7/11/2023 7:06,0.00821714,13080.00m,1.145412844,
1313,7/11/2023 9:24,-0.009485139,8280.00m,-2.105797101,
1314,7/11/2023 13:39,0.004290403,15300.00m,0.510588235,
1315,7/11/2023 13:43,-0.004357384,240.00m,-33.2,
1316,7/11/2023 15:18,0.013828013,5700.00m,4.416842105,
1317,7/11/2023 15:32,-0.008861064,840.00m,-19.47142857,
1318,7/11/2023 15:40,0.004375033,480.00m,16.675,
1319,7/11/2023 16:21,-0.004215565,2460.00m,-3.148780488,
1320,7/11/2023 16:51,0.005879556,1800.00m,5.976666667,
1321,7/11/2023 18:36,-0.008821573,6300.00m,-2.577142857,
1322,7/11/2023 23:29,0.007426606,17580.00m,0.770648464,
1323,7/12/2023 1:35,-0.004733921,7560.00m,-1.150793651,
1324,7/12/2023 7:33,0.011297359,21480.00m,0.962011173,
1325,7/12/2023 11:06,-0.005929405,12780.00m,-0.858215962,
1326,7/12/2023 12:30,0.009368087,5040.00m,3.417857143,
1327,7/12/2023 12:53,-0.009096875,1380.00m,-12.23478261,
1328,7/12/2023 13:20,0.005869054,1620.00m,6.662962963,
1329,7/12/2023 13:38,-0.011066353,1080.00m,-18.95555556,
1330,7/12/2023 14:06,0.010380112,1680.00m,11.30357143,
1331,7/12/2023 19:36,-0.018930455,19800.00m,-1.767272727,
1332,7/13/2023 0:16,0.006461688,16800.00m,0.6975,
1333,7/13/2023 4:16,-0.005618088,14400.00m,-0.712083333,
1334,7/13/2023 10:44,0.01217573,23280.00m,0.949226804,
1335,7/13/2023 12:34,-0.004879642,6600.00m,-1.358181818,
1336,7/13/2023 13:43,0.00659389,4140.00m,2.911594203,
1337,7/13/2023 14:08,-0.006214846,1500.00m,-7.624,
1338,7/13/2023 15:32,0.01271085,5040.00m,4.611904762,
1339,7/13/2023 15:34,-0.004059575,120.00m,-62.65,
1340,7/13/2023 15:45,0.011190631,660.00m,31.27272727,
1341,7/13/2023 16:34,-0.01058744,2940.00m,-6.716326531,
1342,7/13/2023 18:15,0.022591522,6060.00m,6.879207921,
1343,7/13/2023 18:17,-0.005395918,120.00m,-84.85,
1344,7/13/2023 18:23,0.005664962,360.00m,29.53333333,
1345,7/13/2023 18:31,-0.010983177,480.00m,-43.1875,
1346,7/13/2023 19:31,0.022621715,3600.00m,11.73,
1347,7/13/2023 19:48,-0.008907608,1020.00m,-16.67058824,
1348,7/13/2023 20:04,0.004290865,960.00m,8.45625,
1349,7/13/2023 21:21,-0.018507992,4620.00m,-7.611688312,
1350,7/13/2023 22:22,0.008323333,3660.00m,4.240983607,
1351,7/13/2023 22:40,-0.004240587,1080.00m,-7.383333333,
1352,7/14/2023 0:38,0.009526678,7080.00m,2.519491525,
1353,7/14/2023 1:15,-0.005202448,2220.00m,-4.42972973,
1354,7/14/2023 3:17,0.007616343,7320.00m,1.956557377,
1355,7/14/2023 7:57,-0.015510209,16800.00m,-1.749285714,
1356,7/14/2023 8:38,0.006288317,2460.00m,4.768292683,
1357,7/14/2023 10:43,-0.0060892,7500.00m,-1.524,
1358,7/14/2023 11:28,0.004258001,2700.00m,2.942222222,
1359,7/14/2023 13:37,-0.004400067,7740.00m,-1.065116279,
1360,7/14/2023 15:19,0.008173204,6120.00m,2.491176471,
1361,7/14/2023 16:31,-0.007845327,4320.00m,-3.415277778,
1362,7/14/2023 16:49,0.004656308,1080.00m,8.044444444,
1363,7/14/2023 18:35,-0.038258905,6360.00m,-11.27641509,
1364,7/14/2023 18:38,0.005052068,180.00m,50.6,
1365,7/14/2023 18:45,-0.004808122,420.00m,-20.74285714,
1366,7/14/2023 18:49,0.006029208,240.00m,45.3,
1367,7/14/2023 19:04,-0.009770166,900.00m,-19.69333333,
1368,7/14/2023 19:14,0.009305433,600.00m,27.86,
1369,7/14/2023 20:34,-0.008359228,4800.00m,-3.1575,
1370,7/15/2023 1:42,0.013832574,18480.00m,1.345779221,
1371,7/16/2023 2:21,-0.010217248,88740.00m,-0.209871535,
1372,7/16/2023 2:46,0.008230904,1500.00m,9.9,
1373,7/16/2023 4:46,-0.006108764,7200.00m,-1.543333333,
1374,7/16/2023 15:09,0.009262609,37380.00m,0.447993579,
1375,7/16/2023 19:41,-0.006540397,16320.00m,-0.73125,
1376,7/16/2023 22:20,0.004322771,9540.00m,0.821383648,
1377,7/16/2023 23:31,-0.00653864,4260.00m,-2.794366197,
1378,7/17/2023 1:35,0.005924835,7440.00m,1.440322581,
1379,7/17/2023 10:24,-0.009962767,31740.00m,-0.571077505,
1380,7/17/2023 11:14,0.007354901,3000.00m,4.416,
1381,7/17/2023 12:30,-0.007215227,4560.00m,-2.871052632,
1382,7/17/2023 14:02,0.009046277,5520.00m,2.952173913,
1383,7/17/2023 17:21,-0.012569731,11940.00m,-1.913567839,
1384,7/17/2023 17:30,0.007290852,540.00m,24.23333333,
1385,7/17/2023 18:34,-0.010961659,3840.00m,-5.1609375,
1386,7/17/2023 18:36,0.004036642,120.00m,60.15,
1387,7/17/2023 18:48,-0.008916427,720.00m,-22.23333333,
1388,7/17/2023 21:57,0.020444774,11340.00m,3.207936508,
1389,7/17/2023 23:03,-0.006278543,3960.00m,-2.878787879,
1390,7/18/2023 1:57,0.004808492,10440.00m,0.831034483,
1391,7/18/2023 8:19,-0.010636608,22920.00m,-0.841361257,
1392,7/18/2023 8:33,0.006700117,840.00m,14.30714286,
1393,7/18/2023 10:16,-0.006592392,6180.00m,-1.926213592,
1394,7/18/2023 11:21,0.005130967,3900.00m,2.36,
1395,7/18/2023 13:08,-0.010608879,6420.00m,-2.979439252,
1396,7/18/2023 14:24,0.008872744,4560.00m,3.471052632,
1397,7/18/2023 14:31,-0.005537534,420.00m,-23.72857143,
1398,7/18/2023 14:44,0.004656511,780.00m,10.68461538,
1399,7/18/2023 16:48,-0.014141704,7440.00m,-3.417741935,
1400,7/18/2023 19:06,0.012919582,8280.00m,2.765942029,
1401,7/18/2023 20:31,-0.007832654,5100.00m,-2.757647059,
1402,7/19/2023 4:36,0.016095461,29100.00m,0.985360825,
1403,7/19/2023 9:03,-0.010172525,16020.00m,-1.149438202,
1404,7/19/2023 9:48,0.00571618,2700.00m,3.793333333,
1405,7/19/2023 13:17,-0.006386245,12540.00m,-0.917703349,
1406,7/19/2023 13:45,0.007590101,1680.00m,8.089285714,
1407,7/19/2023 15:01,-0.009851004,4560.00m,-3.897368421,
1408,7/19/2023 15:51,0.006996554,3000.00m,4.166,
1409,7/19/2023 16:49,-0.004005991,3480.00m,-2.070689655,
1410,7/19/2023 17:49,0.006748158,3600.00m,3.358333333,
1411,7/19/2023 18:13,-0.004264591,1440.00m,-5.341666667,
1412,7/19/2023 19:21,0.005087979,4080.00m,2.239705882,
1413,7/19/2023 23:06,-0.008991012,13500.00m,-1.202222222,
1414,7/20/2023 2:09,0.007107137,10980.00m,1.157923497,
1415,7/20/2023 3:30,-0.004212875,4860.00m,-1.561728395,
1416,7/20/2023 10:41,0.016658584,25860.00m,1.155684455,
1417,7/20/2023 14:50,-0.025086682,14940.00m,-3.062650602,
1418,7/20/2023 16:08,0.007312053,4680.00m,2.778205128,
1419,7/20/2023 16:56,-0.006093251,2880.00m,-3.789583333,
1420,7/20/2023 17:49,0.004165712,3180.00m,2.332075472,
1421,7/20/2023 18:29,-0.006850281,2400.00m,-5.1025,
1422,7/20/2023 22:01,0.009043504,12720.00m,1.262264151,
1423,7/21/2023 0:37,-0.004581702,9360.00m,-0.876923077,
1424,7/21/2023 2:28,0.00703877,6660.00m,1.884684685,
1425,7/21/2023 11:24,-0.006872634,32160.00m,-0.383768657,
1426,7/21/2023 13:17,0.005698983,6780.00m,1.499115044,
1427,7/21/2023 14:03,-0.004158025,2760.00m,-2.702173913,
1428,7/21/2023 18:38,0.009029315,16500.00m,0.977454545,
1429,7/21/2023 19:14,-0.008229439,2160.00m,-6.866666667,
1430,7/22/2023 0:53,0.006360917,20340.00m,0.55899705,
1431,7/22/2023 6:07,-0.00491648,18840.00m,-0.469426752,
1432,7/22/2023 7:46,0.00462904,5940.00m,1.394949495,
1433,7/22/2023 23:31,-0.011227333,56700.00m,-0.356084656,
1434,7/23/2023 5:21,0.01128058,21000.00m,0.955142857,
1435,7/23/2023 13:31,-0.004341109,29400.00m,-0.265510204,
1436,7/23/2023 19:10,0.016039304,20340.00m,1.41179941,
1437,7/23/2023 19:50,-0.010185436,2400.00m,-7.72,
1438,7/23/2023 20:57,0.00419874,4020.00m,1.880597015,
1439,7/23/2023 21:41,-0.007154472,2640.00m,-4.9,
1440,7/24/2023 0:20,0.005691959,9540.00m,1.071069182,
1441,7/24/2023 4:06,-0.014360396,13560.00m,-1.911946903,
1442,7/24/2023 7:50,0.006615505,13440.00m,0.875892857,
1443,7/24/2023 9:50,-0.026596279,7200.00m,-6.616666667,
1444,7/24/2023 10:29,0.010258157,2340.00m,7.643589744,
1445,7/24/2023 15:10,-0.015123698,16860.00m,-1.580071174,
1446,7/24/2023 16:38,0.007771349,5280.00m,2.553409091,
1447,7/24/2023 18:18,-0.004811487,6000.00m,-1.402,
1448,7/24/2023 23:20,0.006596916,18120.00m,0.633443709,
1449,7/25/2023 1:34,-0.005255278,8040.00m,-1.144776119,
1450,7/25/2023 9:39,0.007872904,29100.00m,0.471340206,
1451,7/25/2023 13:04,-0.006017448,12300.00m,-0.85902439,
1452,7/25/2023 14:15,0.007889634,4260.00m,3.232394366,
1453,7/25/2023 14:52,-0.00573362,2220.00m,-4.543243243,
1454,7/25/2023 18:40,0.007042833,13680.00m,0.900438596,
1455,7/26/2023 1:35,-0.008567389,24900.00m,-0.606024096,
1456,7/26/2023 3:10,0.009624107,5700.00m,2.948421053,
1457,7/26/2023 5:06,-0.006796192,6960.00m,-1.721551724,
1458,7/26/2023 6:41,0.00409808,5700.00m,1.258947368,
1459,7/26/2023 11:51,-0.005299618,18600.00m,-0.500967742,
1460,7/26/2023 18:41,0.00917022,24600.00m,0.65195122,
1461,7/26/2023 19:10,-0.006639244,1740.00m,-6.734482759,
1462,7/26/2023 20:54,0.014712173,6240.00m,4.133653846,
1463,7/26/2023 23:44,-0.0126102,10200.00m,-2.199411765,
1464,7/27/2023 9:55,0.009386304,36660.00m,0.449754501,
1465,7/27/2023 18:39,-0.015735242,31440.00m,-0.88740458,
1466,7/28/2023 1:42,0.006814158,25380.00m,0.46855792,
1467,7/28/2023 8:10,-0.005811909,23280.00m,-0.438659794,
1468,7/28/2023 15:21,0.014096069,25860.00m,0.952204176,
1469,7/28/2023 17:45,-0.011407321,8640.00m,-2.338888889,
1470,7/29/2023 4:29,0.006872664,38640.00m,0.311490683,
1471,7/29/2023 8:51,-0.004916856,15720.00m,-0.551526718,
1472,7/29/2023 20:25,0.004195704,41640.00m,0.176801153,
1473,7/30/2023 10:56,-0.004723004,52260.00m,-0.15924225,
1474,7/30/2023 15:03,0.007000089,14820.00m,0.828340081,
1475,7/30/2023 20:02,-0.013417004,17940.00m,-1.320735786,
1476,7/30/2023 20:58,0.00774505,3360.00m,4.016071429,
1477,7/30/2023 22:47,-0.00422721,6540.00m,-1.134862385,
1478,7/31/2023 0:44,0.012134898,7020.00m,3.022222222,
1479,7/31/2023 9:45,-0.005696325,32460.00m,-0.310536044,
1480,7/31/2023 12:58,0.004569527,11580.00m,0.694300518,
1481,7/31/2023 20:04,-0.011500847,25560.00m,-0.795305164,
1482,8/1/2023 1:11,0.007386701,18420.00m,0.700651466,
1483,8/1/2023 2:10,-0.018005795,3540.00m,-8.952542373,
1484,8/1/2023 2:19,0.006581779,540.00m,21.06666667,
1485,8/1/2023 4:01,-0.006552538,6120.00m,-1.862745098,
1486,8/1/2023 8:59,0.006154882,17880.00m,0.594966443,
1487,8/1/2023 15:30,-0.011088991,23460.00m,-0.821994885,
1488,8/1/2023 16:09,0.012099517,2340.00m,8.892307692,
1489,8/1/2023 16:39,-0.005343151,1800.00m,-5.166666667,
1490,8/1/2023 19:01,0.015256064,8520.00m,3.1,
1491,8/1/2023 20:41,-0.004243146,6000.00m,-1.243,
1492,8/1/2023 21:30,0.004624614,2940.00m,2.753061224,
1493,8/1/2023 21:46,-0.004166539,960.00m,-7.63125,
1494,8/2/2023 1:32,0.028064476,13560.00m,3.623893805,
1495,8/2/2023 4:14,-0.01406249,9720.00m,-2.604320988,
1496,8/2/2023 4:34,0.004175132,1200.00m,6.175,
1497,8/2/2023 8:21,-0.010136887,13620.00m,-1.326431718,
1498,8/2/2023 12:09,0.00630903,13680.00m,0.813596491,
1499,8/2/2023 15:21,-0.01345487,11520.00m,-2.0734375,
1500,8/2/2023 15:38,0.005563606,1020.00m,9.552941176,
1501,8/2/2023 16:55,-0.013879756,4620.00m,-5.290909091,
1502,8/2/2023 17:39,0.010257491,2640.00m,6.747727273,
1503,8/2/2023 18:36,-0.007072116,3420.00m,-3.628070175,
1504,8/2/2023 19:48,0.00544519,4320.00m,2.195833333,
1505,8/2/2023 21:17,-0.004744304,5340.00m,-1.556179775,
1506,8/3/2023 1:49,0.006952475,16320.00m,0.742647059,
1507,8/3/2023 8:26,-0.009570556,23820.00m,-0.705289673,
1508,8/3/2023 15:00,0.014573929,23640.00m,1.071827411,
1509,8/3/2023 16:04,-0.006541106,3840.00m,-3.0046875,
1510,8/3/2023 17:15,0.004844829,4260.00m,1.992957746,
1511,8/3/2023 18:09,-0.006862501,3240.00m,-3.72962963,
1512,8/3/2023 20:28,0.006779545,8340.00m,1.421582734,
1513,8/4/2023 2:24,-0.008056134,21360.00m,-0.664044944,
1514,8/4/2023 6:07,0.004679174,13380.00m,0.610762332,
1515,8/4/2023 12:36,-0.004236781,23340.00m,-0.318508997,
1516,8/4/2023 13:48,0.00645261,4320.00m,2.609722222,
1517,8/4/2023 14:07,-0.005254556,1140.00m,-8.105263158,
1518,8/4/2023 15:45,0.004527696,5880.00m,1.346938776,
1519,8/4/2023 20:50,-0.012818455,18300.00m,-1.230819672,
1520,8/5/2023 0:47,0.007882949,14220.00m,0.961603376,
1521,8/5/2023 12:49,-0.005645471,43320.00m,-0.227839335,
1522,8/6/2023 8:49,0.005201233,72000.00m,0.125583333,
1523,8/6/2023 14:14,-0.004731395,19500.00m,-0.424,
1524,8/6/2023 21:22,0.007289525,25680.00m,0.493691589,
1525,8/7/2023 0:35,-0.006568921,11580.00m,-0.993782383,
1526,8/7/2023 2:52,0.006908844,8220.00m,1.462773723,
1527,8/7/2023 16:15,-0.017348759,48180.00m,-0.631008717,
1528,8/7/2023 17:12,0.009686411,3420.00m,4.877192982,
1529,8/7/2023 17:32,-0.004216992,1200.00m,-6.11,
1530,8/7/2023 18:31,0.011127746,3540.00m,5.442372881,
1531,8/7/2023 19:27,-0.004654367,3360.00m,-2.425,
1532,8/7/2023 21:30,0.007892263,7380.00m,1.863414634,
1533,8/8/2023 2:02,-0.004588269,16320.00m,-0.49375,
1534,8/8/2023 5:47,0.005275261,13500.00m,0.683111111,
1535,8/8/2023 9:11,-0.004325753,12240.00m,-0.621078431,
1536,8/8/2023 13:04,0.016764393,13980.00m,2.098283262,
1537,8/8/2023 13:52,-0.010316371,2880.00m,-6.372916667,
1538,8/8/2023 17:17,0.016492878,12300.00m,2.36097561,
1539,8/8/2023 17:30,-0.004381495,780.00m,-10.05384615,
1540,8/8/2023 18:24,0.007835202,3240.00m,4.309259259,
1541,8/8/2023 18:48,-0.005759722,1440.00m,-7.183333333,
1542,8/8/2023 21:21,0.013790508,9180.00m,2.682352941,
1543,8/8/2023 21:30,-0.011776599,540.00m,-39.47777778,
1544,8/8/2023 21:46,0.00413219,960.00m,7.7,
1545,8/8/2023 22:39,-0.008003233,3180.00m,-4.520754717,
1546,8/9/2023 1:54,0.005821882,11700.00m,0.886666667,
1547,8/9/2023 2:41,-0.007164091,2820.00m,-4.553191489,
1548,8/9/2023 13:00,0.015621839,37140.00m,0.748465267,
1549,8/9/2023 14:14,-0.010262114,4440.00m,-4.177027027,
1550,8/9/2023 14:35,0.004139356,1260.00m,5.876190476,
1551,8/9/2023 17:46,-0.016332162,11460.00m,-2.559685864,
1552,8/9/2023 18:30,0.00431639,2640.00m,2.888636364,
1553,8/9/2023 20:05,-0.006746018,5700.00m,-2.1,
1554,8/10/2023 1:44,0.009178341,20340.00m,0.795280236,
1555,8/10/2023 9:37,-0.005798989,28380.00m,-0.363424947,
1556,8/10/2023 14:02,0.007824588,15900.00m,0.870188679,
1557,8/11/2023 3:00,-0.011901636,46680.00m,-0.45437018,
1558,8/11/2023 7:02,0.00432393,14520.00m,0.524380165,
1559,8/11/2023 10:10,-0.004257817,11280.00m,-0.667553191,
1560,8/11/2023 14:47,0.006436182,16620.00m,0.681949458,
1561,8/11/2023 16:44,-0.008504127,7020.00m,-2.147008547,
1562,8/12/2023 16:30,0.006149402,85560.00m,0.126297335,
1563,8/13/2023 16:15,-0.005005515,85500.00m,-0.103508772,
1564,8/13/2023 19:48,0.004757844,12780.00m,0.654929577,
1565,8/14/2023 2:20,-0.01216246,23520.00m,-0.914030612,
1566,8/14/2023 8:37,0.012624909,22620.00m,0.974535809,
1567,8/14/2023 13:31,-0.004696524,17640.00m,-0.470748299,
1568,8/14/2023 16:49,0.012089928,11880.00m,1.790909091,
1569,8/14/2023 18:07,-0.01331658,4680.00m,-5.067948718,
1570,8/14/2023 22:25,0.005769986,15480.00m,0.65503876,
1571,8/15/2023 7:30,-0.004059949,32700.00m,-0.219449541,
1572,8/15/2023 15:02,0.004386668,27120.00m,0.284734513,
1573,8/15/2023 19:09,-0.012338976,14820.00m,-1.472064777,
1574,8/16/2023 2:19,0.004964953,25800.00m,0.336046512,
1575,8/16/2023 14:03,-0.006684103,42240.00m,-0.277698864,
1576,8/16/2023 15:15,0.004271504,4320.00m,1.723611111,
1577,8/16/2023 16:30,-0.007581288,4500.00m,-2.949333333,
1578,8/16/2023 18:23,0.009245093,6780.00m,2.369026549,
1579,8/17/2023 0:45,-0.028805486,22920.00m,-2.203664921,
1580,8/17/2023 4:20,0.010887259,12900.00m,1.437209302,
1581,8/17/2023 12:23,-0.008703138,28980.00m,-0.516977226,
1582,8/17/2023 12:41,0.004078605,1080.00m,6.444444444,
1583,8/17/2023 14:42,-0.007938481,7260.00m,-1.873553719,
1584,8/17/2023 15:05,0.005471155,1380.00m,6.739130435,
1585,8/17/2023 15:43,-0.017861782,2280.00m,-13.38947368,
1586,8/17/2023 15:46,0.004400106,180.00m,41.03333333,
1587,8/17/2023 16:04,-0.012736791,1080.00m,-19.88333333,
1588,8/17/2023 16:42,0.011621452,2280.00m,8.484210526,
1589,8/17/2023 16:56,-0.006563522,840.00m,-13.15714286,
1590,8/17/2023 17:18,0.005229555,1320.00m,6.627272727,
1591,8/17/2023 20:54,-0.016834488,12960.00m,-2.184259259,
1592,8/17/2023 21:01,0.005313203,420.00m,20.91428571,
1593,8/17/2023 21:12,-0.00451618,660.00m,-11.37272727,
1594,8/17/2023 21:33,0.004525789,1260.00m,5.942857143,
1595,8/17/2023 21:44,-0.104548359,660.00m,-263.2727273,
1596,8/17/2023 21:46,0.050213473,120.00m,622.75,
1597,8/17/2023 21:47,-0.009144094,60.00m,-238.2,
1598,8/17/2023 21:48,0.01525295,60.00m,393.7,
1599,8/17/2023 21:49,-0.010047662,60.00m,-263.3,
1600,8/17/2023 21:56,0.015989638,420.00m,59.25714286,
1601,8/17/2023 22:00,-0.005581145,240.00m,-36.775,
1602,8/17/2023 22:01,0.006734199,60.00m,176.5,
1603,8/17/2023 22:10,-0.013347988,540.00m,-39.13333333,
1604,8/17/2023 22:29,0.016263473,1140.00m,22.28421053,
1605,8/17/2023 22:45,-0.006024825,960.00m,-9.9625,
1606,8/17/2023 22:57,0.022442942,720.00m,49.18333333,
1607,8/17/2023 23:00,-0.007657691,180.00m,-68.63333333,
1608,8/17/2023 23:07,0.009092238,420.00m,34.65714286,
1609,8/17/2023 23:35,-0.016698422,1680.00m,-16.05714286,
1610,8/17/2023 23:43,0.008249261,480.00m,27.3,
1611,8/17/2023 23:52,-0.004177047,540.00m,-12.38888889,
1612,8/18/2023 0:08,0.007768415,960.00m,12.90625,
1613,8/18/2023 1:54,-0.008664166,6360.00m,-2.189622642,
1614,8/18/2023 2:15,0.00431911,1260.00m,5.461904762,
1615,8/18/2023 3:49,-0.013632734,5640.00m,-3.868085106,
1616,8/18/2023 4:13,0.00441319,1440.00m,4.8375,
1617,8/18/2023 4:25,-0.010013776,720.00m,-22.05,
1618,8/18/2023 6:14,0.016556443,6540.00m,3.973394495,
1619,8/18/2023 8:00,-0.00700208,6360.00m,-1.756603774,
1620,8/18/2023 9:19,0.006934056,4740.00m,2.317721519,
1621,8/18/2023 11:30,-0.007931852,7860.00m,-1.609923664,
1622,8/18/2023 11:52,0.004534064,1320.00m,5.436363636,
1623,8/18/2023 13:28,-0.010065025,5760.00m,-2.778125,
1624,8/18/2023 13:46,0.004727231,1080.00m,6.888888889,
1625,8/18/2023 14:19,-0.00806678,1980.00m,-6.442424242,
1626,8/18/2023 14:42,0.005890813,1380.00m,6.695652174,
1627,8/18/2023 14:54,-0.01190277,720.00m,-26.08333333,
1628,8/18/2023 15:17,0.009606133,1380.00m,10.85217391,
1629,8/18/2023 15:54,-0.010826059,2220.00m,-7.675675676,
1630,8/18/2023 16:11,0.006705461,1020.00m,10.23529412,
1631,8/18/2023 16:58,-0.012065995,2820.00m,-6.706382979,
1632,8/18/2023 17:02,0.004285526,240.00m,27.65,
1633,8/18/2023 17:22,-0.009120933,1200.00m,-11.82,
1634,8/18/2023 17:40,0.016128027,1080.00m,23.01111111,
1635,8/18/2023 18:12,-0.007127474,1920.00m,-5.8125,
1636,8/18/2023 18:49,0.014503941,2220.00m,10.15675676,
1637,8/18/2023 19:39,-0.011260747,3000.00m,-5.92,
1638,8/18/2023 19:48,0.005028857,540.00m,14.52222222,
1639,8/18/2023 19:55,-0.004134652,420.00m,-15.42857143,
1640,8/18/2023 20:29,0.008403587,2040.00m,6.429411765,
1641,8/18/2023 23:42,-0.008718592,11580.00m,-1.184974093,
1642,8/19/2023 0:42,0.005453301,3600.00m,2.363333333,
1643,8/19/2023 7:18,-0.013456036,23760.00m,-0.888383838,
1644,8/19/2023 8:25,0.007234633,4020.00m,2.785074627,
1645,8/19/2023 12:13,-0.004572889,13680.00m,-0.521052632,
1646,8/19/2023 16:59,0.014682681,17160.00m,1.327622378,
1647,8/19/2023 18:05,-0.008677558,3960.00m,-3.45,
1648,8/19/2023 19:54,0.005051437,6540.00m,1.205504587,
1649,8/19/2023 20:44,-0.004211324,3000.00m,-2.202,
1650,8/20/2023 0:54,0.005396851,15000.00m,0.562,
1651,8/20/2023 1:39,-0.005318214,2700.00m,-3.093333333,
1652,8/20/2023 13:06,0.006157096,41220.00m,0.233333333,
1653,8/20/2023 15:08,-0.008272476,7320.00m,-1.776229508,
1654,8/20/2023 20:44,0.01044706,20160.00m,0.807738095,
1655,8/21/2023 10:53,-0.013142857,50940.00m,-0.406360424,
1656,8/21/2023 14:08,0.009805057,11700.00m,1.302564103,
1657,8/21/2023 15:27,-0.01246225,4740.00m,-4.126582278,
1658,8/21/2023 21:35,0.015054388,22080.00m,1.056793478,
1659,8/22/2023 5:24,-0.008759853,28140.00m,-0.489765458,
1660,8/22/2023 7:43,0.004243581,8340.00m,0.79352518,
1661,8/22/2023 16:26,-0.011201992,31380.00m,-0.559082218,
1662,8/22/2023 16:55,0.00901585,1740.00m,8.024137931,
1663,8/22/2023 17:47,-0.011580936,3120.00m,-5.8,
1664,8/22/2023 18:39,0.009323575,3120.00m,4.615384615,
1665,8/22/2023 19:56,-0.008244423,4620.00m,-2.781818182,
1666,8/22/2023 21:18,0.004695929,4920.00m,1.475609756,
1667,8/22/2023 21:27,-0.014755871,540.00m,-42.44444444,
1668,8/22/2023 21:32,0.007096369,300.00m,36.2,
1669,8/22/2023 21:39,-0.004671624,420.00m,-17.14285714,
1670,8/23/2023 0:15,0.023064888,9360.00m,3.780128205,
1671,8/23/2023 4:09,-0.007225682,14040.00m,-0.807692308,
1672,8/23/2023 6:49,0.00722821,9600.00m,1.173125,
1673,8/23/2023 7:05,-0.005692897,960.00m,-9.30625,
1674,8/23/2023 7:19,0.004333532,840.00m,8.05,
1675,8/23/2023 13:12,-0.012113694,21180.00m,-0.89631728,
1676,8/23/2023 14:04,0.010394221,3120.00m,5.157692308,
1677,8/23/2023 14:18,-0.006087223,840.00m,-11.33571429,
1678,8/23/2023 16:52,0.021294906,9240.00m,3.583116883,
1679,8/23/2023 17:03,-0.004009205,660.00m,-9.645454545,
1680,8/23/2023 17:51,0.008407315,2880.00m,4.616666667,
1681,8/23/2023 18:53,-0.005929359,3720.00m,-2.541935484,
1682,8/23/2023 19:48,0.01423435,3300.00m,6.838181818,
1683,8/23/2023 20:00,-0.009459626,720.00m,-21.125,
1684,8/23/2023 20:26,0.005982384,1560.00m,6.107692308,
1685,8/23/2023 21:54,-0.018035157,5280.00m,-5.472727273,
1686,8/23/2023 23:18,0.010887887,5040.00m,3.398809524,
1687,8/23/2023 23:54,-0.004108302,2160.00m,-3.025,
1688,8/24/2023 0:49,0.004852567,3300.00m,2.329090909,
1689,8/24/2023 1:55,-0.007166418,3960.00m,-2.88030303,
1690,8/24/2023 9:09,0.008326878,26040.00m,0.505299539,
1691,8/24/2023 10:04,-0.005708756,3300.00m,-2.756363636,
1692,8/24/2023 11:31,0.004798497,5220.00m,1.456321839,
1693,8/24/2023 16:00,-0.020557239,16140.00m,-2.027509294,
1694,8/24/2023 16:49,0.00625736,2940.00m,3.318367347,
1695,8/24/2023 17:38,-0.008849625,2940.00m,-4.72244898,
1696,8/24/2023 19:29,0.007701628,6660.00m,1.798198198,
1697,8/24/2023 20:52,-0.006689335,4980.00m,-2.104819277,
1698,8/25/2023 0:02,0.009074263,11400.00m,1.238947368,
1699,8/25/2023 7:58,-0.00802616,28560.00m,-0.441386555,
1700,8/25/2023 13:36,0.009127039,20280.00m,0.701183432,
1701,8/25/2023 14:08,-0.007445485,1920.00m,-6.096875,
1702,8/25/2023 14:16,0.008508691,480.00m,27.6625,
1703,8/25/2023 14:56,-0.016500191,2400.00m,-10.82,
1704,8/25/2023 15:38,0.007714015,2520.00m,4.738095238,
1705,8/25/2023 15:57,-0.00439295,1140.00m,-6.010526316,
1706,8/25/2023 16:31,0.005138706,2040.00m,3.911764706,
1707,8/25/2023 17:46,-0.007211224,4500.00m,-2.501333333,
1708,8/25/2023 18:57,0.008514214,4260.00m,3.097183099,
1709,8/25/2023 19:50,-0.004173177,3180.00m,-2.050943396,
1710,8/26/2023 2:16,0.006453702,23160.00m,0.433678756,
1711,8/27/2023 1:41,-0.005692178,84300.00m,-0.105765125,
1712,8/27/2023 17:01,0.008055506,55200.00m,0.227282609,
1713,8/27/2023 18:00,-0.005178377,3540.00m,-2.296610169,
1714,8/27/2023 19:06,0.00459068,3960.00m,1.810606061,
1715,8/28/2023 9:18,-0.010596356,51120.00m,-0.325234742,
1716,8/28/2023 12:28,0.013129314,11400.00m,1.787894737,
1717,8/28/2023 15:51,-0.005874925,12180.00m,-0.75862069,
1718,8/28/2023 17:14,0.004328622,4980.00m,1.359036145,
1719,8/28/2023 19:24,-0.009563692,7800.00m,-1.925384615,
1720,8/29/2023 1:17,0.010153694,21180.00m,0.745609065,
1721,8/29/2023 10:39,-0.010613027,33720.00m,-0.494483986,
1722,8/29/2023 14:22,0.037009445,13380.00m,4.29955157,
1723,8/29/2023 14:23,-0.006424549,60.00m,-172.6,
1724,8/29/2023 14:26,0.015090042,180.00m,134.2666667,
1725,8/29/2023 14:29,-0.00589019,180.00m,-53.2,
1726,8/29/2023 14:36,0.017559947,420.00m,67.57142857,
1727,8/29/2023 14:39,-0.005125997,180.00m,-46.83333333,
1728,8/29/2023 14:45,0.012387784,360.00m,56.3,
1729,8/29/2023 14:53,-0.013167141,480.00m,-45.4375,
1730,8/29/2023 14:57,0.010329221,240.00m,70.35,
1731,8/29/2023 15:04,-0.005813003,420.00m,-22.85714286,
1732,8/29/2023 15:11,0.004761644,420.00m,18.61428571,
1733,8/29/2023 15:20,-0.008423411,540.00m,-25.73333333,
1734,8/29/2023 15:43,0.007970451,1380.00m,9.447826087,
1735,8/29/2023 16:05,-0.005039937,1320.00m,-6.295454545,
1736,8/29/2023 16:13,0.015814498,480.00m,54.05,
1737,8/29/2023 16:15,-0.006066738,120.00m,-84.25,
1738,8/29/2023 16:27,0.015909643,720.00m,36.6,
1739,8/29/2023 16:37,-0.010500943,600.00m,-29.45,
1740,8/29/2023 17:07,0.009318717,1800.00m,8.62,
1741,8/29/2023 17:12,-0.004498522,300.00m,-25.2,
1742,8/29/2023 17:35,0.004651546,1380.00m,5.639130435,
1743,8/29/2023 17:53,-0.007460848,1080.00m,-11.61111111,
1744,8/29/2023 18:46,0.006718482,3180.00m,3.524528302,
1745,8/29/2023 20:59,-0.015387254,7980.00m,-3.238345865,
1746,8/29/2023 21:15,0.005776488,960.00m,9.95,
1747,8/29/2023 22:26,-0.007168317,4260.00m,-2.798591549,
1748,8/29/2023 23:50,0.008749841,5040.00m,2.866666667,
1749,8/30/2023 3:25,-0.017416331,12900.00m,-2.248837209,
1750,8/30/2023 8:37,0.007889199,18720.00m,0.68974359,
1751,8/30/2023 9:35,-0.006889026,3480.00m,-3.265517241,
1752,8/30/2023 10:34,0.004922428,3540.00m,2.277966102,
1753,8/30/2023 12:43,-0.005729281,7740.00m,-1.218604651,
1754,8/30/2023 13:19,0.005919914,2160.00m,4.486111111,
1755,8/30/2023 13:38,-0.007349967,1140.00m,-10.61578947,
1756,8/30/2023 14:09,0.006218659,1860.00m,5.464516129,
1757,8/30/2023 15:04,-0.012962422,3300.00m,-6.46,
1758,8/30/2023 15:38,0.008349751,2040.00m,6.644117647,
1759,8/30/2023 16:37,-0.008126654,3540.00m,-3.757627119,
1760,8/30/2023 17:30,0.006408243,3180.00m,3.271698113,
1761,8/30/2023 18:09,-0.004303713,2340.00m,-3.005128205,
1762,8/30/2023 23:45,0.007114117,20160.00m,0.574107143,
1763,8/31/2023 3:30,-0.005163322,13500.00m,-0.626666667,
1764,8/31/2023 11:42,0.011167961,29520.00m,0.616666667,
1765,8/31/2023 12:02,-0.013064972,1200.00m,-17.945,
1766,8/31/2023 12:14,0.005329842,720.00m,12.04166667,
1767,8/31/2023 14:18,-0.007833138,7440.00m,-1.721774194,
1768,8/31/2023 14:51,0.004677822,1980.00m,3.833333333,
1769,8/31/2023 17:00,-0.038492399,7740.00m,-8.106976744,
1770,8/31/2023 17:26,0.009792062,1560.00m,9.838461538,
1771,8/31/2023 18:49,-0.007255772,4980.00m,-2.306024096,
1772,8/31/2023 19:10,0.00455941,1260.00m,5.685714286,
1773,8/31/2023 19:13,-0.010833618,180.00m,-95,
1774,8/31/2023 19:17,0.008212282,240.00m,53.425,
1775,8/31/2023 19:21,-0.004997008,240.00m,-32.775,
1776,8/31/2023 19:45,0.005592884,1440.00m,6.083333333,
1777,8/31/2023 20:01,-0.006975079,960.00m,-11.44375,
1778,8/31/2023 20:33,0.00406253,1920.00m,3.309375,
1779,8/31/2023 21:08,-0.017548351,2100.00m,-13.12285714,
1780,8/31/2023 22:57,0.013023983,6540.00m,3.072477064,
1781,8/31/2023 23:55,-0.005055856,3480.00m,-2.270689655,
1782,9/1/2023 4:13,0.006516883,15480.00m,0.654651163,
1783,9/1/2023 8:30,-0.005278653,15420.00m,-0.535797665,
1784,9/1/2023 12:23,0.006975355,13980.00m,0.776824034,
1785,9/1/2023 13:50,-0.010306359,5220.00m,-3.095402299,
1786,9/1/2023 13:58,0.00563414,480.00m,18.2125,
1787,9/1/2023 15:04,-0.015104265,3960.00m,-5.951515152,
1788,9/1/2023 15:35,0.012177362,1860.00m,10.06129032,
1789,9/1/2023 16:03,-0.006634523,1680.00m,-6.142857143,
1790,9/1/2023 16:33,0.007463208,1800.00m,6.406666667,
1791,9/1/2023 17:41,-0.022771071,4080.00m,-8.688235294,
1792,9/1/2023 18:47,0.017988988,3960.00m,6.910606061,
1793,9/1/2023 19:52,-0.009197807,3900.00m,-3.652307692,
1794,9/1/2023 20:33,0.011265744,2460.00m,7.026829268,
1795,9/1/2023 21:04,-0.004736826,1860.00m,-3.951612903,
1796,9/1/2023 21:16,0.004095001,720.00m,8.783333333,
1797,9/1/2023 21:32,-0.00438011,960.00m,-7.075,
1798,9/2/2023 15:40,0.009362284,65280.00m,0.221415441,
1799,9/2/2023 18:28,-0.008305162,10080.00m,-1.283928571,
1800,9/3/2023 12:49,0.011053692,66060.00m,0.258583106,
1801,9/3/2023 16:40,-0.009350711,13860.00m,-1.054112554,
1802,9/3/2023 20:51,0.011167835,15060.00m,1.147808765,
1803,9/4/2023 1:32,-0.008219157,16860.00m,-0.762989324,
1804,9/4/2023 3:19,0.007757721,6420.00m,1.875700935,
1805,9/4/2023 15:10,-0.013524243,42660.00m,-0.495921238,
1806,9/4/2023 15:35,0.008756138,1500.00m,9.008,
1807,9/4/2023 15:46,-0.006810745,660.00m,-16.06363636,
1808,9/4/2023 18:49,0.006562505,10980.00m,0.924043716,
1809,9/4/2023 21:56,-0.010996002,11220.00m,-1.52513369,
1810,9/4/2023 23:36,0.007200359,6000.00m,1.847,
1811,9/5/2023 3:23,-0.009900837,13620.00m,-1.126872247,
1812,9/5/2023 8:07,0.00795531,17040.00m,0.716549296,
1813,9/5/2023 8:37,-0.005150501,1800.00m,-4.426666667,
1814,9/5/2023 12:58,0.006689772,15660.00m,0.657471264,
1815,9/5/2023 14:37,-0.006761493,5940.00m,-1.763636364,
1816,9/5/2023 15:21,0.008055178,2640.00m,4.695454545,
1817,9/5/2023 15:30,-0.007623372,540.00m,-21.9,
1818,9/5/2023 16:43,0.006333406,4380.00m,2.226027397,
1819,9/5/2023 20:03,-0.006096026,12000.00m,-0.787,
1820,9/6/2023 3:02,0.007462192,25140.00m,0.457040573,
1821,9/6/2023 17:07,-0.017258318,50700.00m,-0.528047337,
1822,9/6/2023 17:56,0.021843514,2940.00m,11.32653061,
1823,9/6/2023 18:23,-0.013218811,1620.00m,-12.71111111,
1824,9/6/2023 18:45,0.004180361,1320.00m,4.868181818,
1825,9/6/2023 19:10,-0.005647785,1500.00m,-5.812,
1826,9/7/2023 4:02,0.009901648,31920.00m,0.47612782,
1827,9/7/2023 12:52,-0.007962098,31800.00m,-0.388113208,
1828,9/7/2023 13:42,0.004810919,3000.00m,2.466,
1829,9/7/2023 14:00,-0.005246093,1080.00m,-7.505555556,
1830,9/7/2023 16:46,0.011382888,9960.00m,1.756626506,
1831,9/7/2023 17:08,-0.004928789,1320.00m,-5.804545455,
1832,9/7/2023 17:57,0.006725805,2940.00m,3.53877551,
1833,9/7/2023 19:17,-0.004904699,4800.00m,-1.59125,
1834,9/7/2023 21:09,0.017241379,6720.00m,3.975892857,
1835,9/7/2023 21:11,-0.004613154,120.00m,-60.6,
1836,9/7/2023 21:21,0.008030132,600.00m,21,
1837,9/7/2023 21:59,-0.008042031,2280.00m,-5.578947368,
1838,9/7/2023 22:52,0.009958125,3180.00m,4.913207547,
1839,9/7/2023 23:34,-0.010208293,2520.00m,-6.419047619,
1840,9/8/2023 0:57,0.010355658,4980.00m,3.261445783,
1841,9/8/2023 2:43,-0.008030745,6360.00m,-2.000943396,
1842,9/8/2023 5:01,0.006179649,8280.00m,1.173188406,
1843,9/8/2023 10:16,-0.026061425,18900.00m,-2.180952381,
1844,9/8/2023 13:34,0.010372442,11880.00m,1.344949495,
1845,9/8/2023 16:52,-0.008538903,11880.00m,-1.118686869,
1846,9/8/2023 23:13,0.007749255,22860.00m,0.523097113,
1847,9/9/2023 13:42,-0.004464096,52140.00m,-0.133141542,
1848,9/9/2023 16:32,0.004487989,10200.00m,0.681176471,
1849,9/10/2023 19:40,-0.011081102,97680.00m,-0.176412776,
1850,9/10/2023 20:20,0.009726579,2400.00m,6.2325,
1851,9/10/2023 20:38,-0.004061035,1080.00m,-5.838888889,
1852,9/10/2023 22:32,0.009032008,6840.00m,2.042105263,
1853,9/11/2023 2:04,-0.013676666,12720.00m,-1.677830189,
1854,9/11/2023 5:59,0.009071382,14100.00m,0.990212766,
1855,9/11/2023 11:55,-0.011860242,21360.00m,-0.862359551,
1856,9/11/2023 13:33,0.006654208,5880.00m,1.736734694,
1857,9/11/2023 14:11,-0.018669411,2280.00m,-12.65,
1858,9/11/2023 14:18,0.006154199,420.00m,22.21428571,
1859,9/11/2023 14:49,-0.01424312,1860.00m,-11.68064516,
1860,9/11/2023 14:57,0.005031783,480.00m,15.7625,
1861,9/11/2023 15:02,-0.004673083,300.00m,-23.54,
1862,9/11/2023 15:07,0.004970262,300.00m,24.92,
1863,9/11/2023 15:17,-0.008704557,600.00m,-21.93,
1864,9/11/2023 16:10,0.009697931,3180.00m,4.569811321,
1865,9/11/2023 17:18,-0.005877081,4080.00m,-2.179411765,
1866,9/11/2023 17:59,0.005648546,2460.00m,3.453658537,
1867,9/11/2023 20:01,-0.01199524,7320.00m,-2.478688525,
1868,9/11/2023 21:23,0.011474409,4920.00m,3.485365854,
1869,9/11/2023 23:25,-0.004139973,7320.00m,-0.854918033,
1870,9/12/2023 3:28,0.033584306,14580.00m,3.467489712,
1871,9/12/2023 3:45,-0.007512041,1020.00m,-11.45882353,
1872,9/12/2023 4:02,0.008936585,1020.00m,13.52941176,
1873,9/12/2023 5:19,-0.0134864,4620.00m,-4.548051948,
1874,9/12/2023 6:01,0.008123607,2520.00m,4.954761905,
1875,9/12/2023 6:42,-0.004418234,2460.00m,-2.782926829,
1876,9/12/2023 8:15,0.005701906,5580.00m,1.576344086,
1877,9/12/2023 8:55,-0.004845827,2400.00m,-3.1325,
1878,9/12/2023 10:24,0.02001399,5340.00m,5.786516854,
1879,9/12/2023 11:45,-0.008157123,4860.00m,-2.643209877,
1880,9/12/2023 12:43,0.005857972,3480.00m,2.629310345,
1881,9/12/2023 13:23,-0.005831494,2400.00m,-3.8175,
1882,9/12/2023 14:01,0.011973403,2280.00m,8.202631579,
1883,9/12/2023 14:52,-0.011216805,3060.00m,-5.794117647,
1884,9/12/2023 16:30,0.015163788,5880.00m,4.030612245,
1885,9/12/2023 17:18,-0.020303359,2880.00m,-11.18541667,
1886,9/12/2023 17:30,0.005126028,720.00m,11.06666667,
1887,9/12/2023 18:10,-0.005990829,2400.00m,-3.9,
1888,9/12/2023 19:17,0.011895471,4020.00m,4.595522388,
1889,9/13/2023 0:06,-0.016455595,17340.00m,-1.491349481,
1890,9/13/2023 0:41,0.007891866,2100.00m,5.808571429,
1891,9/13/2023 3:49,-0.005307349,11280.00m,-0.732978723,
1892,9/13/2023 7:41,0.009494235,13920.00m,1.056896552,
1893,9/13/2023 7:57,-0.008457544,960.00m,-13.78125,
1894,9/13/2023 10:09,0.013221977,7920.00m,2.589393939,
1895,9/13/2023 10:29,-0.004031658,1200.00m,-5.28,
1896,9/13/2023 12:19,0.00541647,6600.00m,1.284545455,
1897,9/13/2023 12:30,-0.006359519,660.00m,-15.16363636,
1898,9/13/2023 12:37,0.006599748,420.00m,24.57142857,
1899,9/13/2023 12:42,-0.005565382,300.00m,-29.2,
1900,9/13/2023 12:59,0.004492556,1020.00m,6.894117647,
1901,9/13/2023 14:06,-0.005212785,4020.00m,-2.03880597,
1902,9/13/2023 14:44,0.00813635,2280.00m,5.581578947,
1903,9/13/2023 14:57,-0.004231306,780.00m,-8.553846154,
1904,9/13/2023 15:46,0.006656706,2940.00m,3.555102041,
1905,9/13/2023 16:08,-0.005625719,1320.00m,-6.736363636,
1906,9/13/2023 16:27,0.006558478,1140.00m,9.042105263,
1907,9/13/2023 19:02,-0.011286879,9300.00m,-1.92,
1908,9/13/2023 22:27,0.008454389,12300.00m,1.075121951,
1909,9/14/2023 0:29,-0.004461823,7320.00m,-0.96147541,
1910,9/14/2023 1:04,0.013586832,2100.00m,10.16,
1911,9/14/2023 1:22,-0.01487108,1080.00m,-21.91666667,
1912,9/14/2023 3:09,0.005766545,6420.00m,1.408411215,
1913,9/14/2023 5:54,-0.004934523,9900.00m,-0.786060606,
1914,9/14/2023 7:48,0.008216559,6840.00m,1.885087719,
1915,9/14/2023 9:38,-0.004281478,6600.00m,-1.026363636,
1916,9/14/2023 12:15,0.009273894,9420.00m,1.550955414,
1917,9/14/2023 12:33,-0.005445283,1080.00m,-8.016666667,
1918,9/14/2023 13:31,0.012615867,3480.00m,5.732758621,
1919,9/14/2023 13:54,-0.006242459,1380.00m,-7.243478261,
1920,9/14/2023 14:57,0.007744631,3780.00m,3.26031746,
1921,9/14/2023 15:28,-0.005604819,1860.00m,-4.832258065,
1922,9/14/2023 16:04,0.004981714,2160.00m,3.677777778,
1923,9/14/2023 16:41,-0.005791925,2220.00m,-4.181081081,
1924,9/14/2023 18:35,0.006977997,6840.00m,1.625438596,
1925,9/14/2023 19:00,-0.007090448,1500.00m,-7.584,
1926,9/14/2023 20:01,0.004662795,3660.00m,2.029508197,
1927,9/14/2023 21:56,-0.007224155,6900.00m,-1.675652174,
1928,9/14/2023 23:17,0.004965693,4860.00m,1.62345679,
1929,9/15/2023 1:06,-0.006647077,6540.00m,-1.62293578,
1930,9/15/2023 4:17,0.007966319,11460.00m,1.102617801,
1931,9/15/2023 8:19,-0.004387002,14520.00m,-0.483057851,
1932,9/15/2023 9:00,0.004628722,2460.00m,2.995121951,
1933,9/15/2023 12:39,-0.011754863,13140.00m,-1.430593607,
1934,9/15/2023 13:41,0.005235483,3720.00m,2.224193548,
1935,9/15/2023 14:47,-0.009611971,3960.00m,-3.856060606,
1936,9/15/2023 23:08,0.023227789,30060.00m,1.215768463,
1937,9/16/2023 0:04,-0.010103608,3360.00m,-4.841071429,
1938,9/16/2023 2:21,0.00669405,8220.00m,1.297810219,
1939,9/16/2023 6:51,-0.01060635,16200.00m,-1.05037037,
1940,9/16/2023 9:47,0.004105069,10560.00m,0.617045455,
1941,9/16/2023 10:04,-0.004268984,1020.00m,-6.670588235,
1942,9/16/2023 18:04,0.00570882,28800.00m,0.314583333,
1943,9/17/2023 1:08,-0.00670268,25440.00m,-0.420518868,
1944,9/17/2023 11:45,0.006698709,38220.00m,0.277864992,
1945,9/17/2023 21:12,-0.00775188,34020.00m,-0.36366843,
1946,9/18/2023 0:08,0.005614955,10560.00m,0.842045455,
1947,9/18/2023 0:36,-0.005515786,1680.00m,-5.228571429,
1948,9/18/2023 2:31,0.012763491,6900.00m,2.929565217,
1949,9/18/2023 4:41,-0.006639858,7800.00m,-1.365384615,
1950,9/18/2023 11:21,0.024360761,24000.00m,1.61725,
1951,9/18/2023 11:39,-0.004367342,1080.00m,-6.6,
1952,9/18/2023 13:03,0.011438868,5040.00m,3.688095238,
1953,9/18/2023 14:08,-0.009849268,3900.00m,-4.150769231,
1954,9/18/2023 15:32,0.007340606,5040.00m,2.370238095,
1955,9/18/2023 17:34,-0.023138693,7320.00m,-5.181967213,
1956,9/18/2023 18:17,0.005147996,2580.00m,3.195348837,
1957,9/18/2023 18:42,-0.007257505,1500.00m,-7.788,
1958,9/18/2023 19:45,0.010776226,3780.00m,4.555555556,
1959,9/18/2023 21:04,-0.007206618,4740.00m,-2.455696203,
1960,9/18/2023 22:58,0.005365622,6840.00m,1.257894737,
1961,9/19/2023 1:00,-0.007964539,7320.00m,-1.754098361,
1962,9/19/2023 9:41,0.028028407,31260.00m,1.433973129,
1963,9/19/2023 10:31,-0.011572064,3000.00m,-6.342,
1964,9/19/2023 12:27,0.006959546,6960.00m,1.625,
1965,9/19/2023 12:46,-0.007828083,1140.00m,-11.23684211,
1966,9/19/2023 13:39,0.00479673,3180.00m,2.449056604,
1967,9/19/2023 14:02,-0.010636302,1380.00m,-12.57391304,
1968,9/19/2023 14:22,0.010036914,1200.00m,13.5,
1969,9/19/2023 14:35,-0.004118407,780.00m,-8.607692308,
1970,9/19/2023 15:03,0.007498485,1680.00m,7.246428571,
1971,9/19/2023 15:07,-0.004291735,240.00m,-29.25,
1972,9/19/2023 15:36,0.011803409,1740.00m,11.04827586,
1973,9/19/2023 15:47,-0.008534467,660.00m,-21.30909091,
1974,9/19/2023 16:14,0.008112168,1620.00m,8.181481481,
1975,9/19/2023 17:05,-0.013055705,3060.00m,-7.02745098,
1976,9/19/2023 17:38,0.004672759,1980.00m,3.836363636,
1977,9/19/2023 19:17,-0.005558454,5940.00m,-1.528282828,
1978,9/19/2023 20:14,0.004632691,3420.00m,2.2,
1979,9/19/2023 21:29,-0.006689,4500.00m,-2.425333333,
1980,9/20/2023 2:01,0.013083074,16320.00m,1.299264706,
1981,9/20/2023 6:04,-0.015618262,14580.00m,-1.758847737,
1982,9/20/2023 8:56,0.009039275,10320.00m,1.415697674,
1983,9/20/2023 10:17,-0.009112816,4860.00m,-3.058024691,
1984,9/20/2023 12:02,0.006701617,6300.00m,1.719047619,
1985,9/20/2023 12:48,-0.004794518,2760.00m,-2.826086957,
1986,9/20/2023 14:05,0.007945361,4620.00m,2.784415584,
1987,9/20/2023 14:16,-0.005654682,660.00m,-13.98181818,
1988,9/20/2023 17:18,0.007861002,10920.00m,1.168131868,
1989,9/20/2023 18:00,-0.005103183,2520.00m,-3.311904762,
1990,9/20/2023 18:33,0.006220868,1980.00m,5.112121212,
1991,9/20/2023 19:19,-0.017385505,2760.00m,-10.31304348,
1992,9/20/2023 21:25,0.015496388,7560.00m,3.297619048,
1993,9/20/2023 22:18,-0.007018459,3180.00m,-3.605660377,
1994,9/21/2023 0:46,0.004009306,8880.00m,0.732432432,
1995,9/21/2023 2:44,-0.007938701,7080.00m,-1.826271186,
1996,9/21/2023 4:53,0.005937616,7740.00m,1.239534884,
1997,9/21/2023 10:17,-0.015935828,19440.00m,-1.332407407,
1998,9/21/2023 10:43,0.004985333,1560.00m,5.111538462,
1999,9/21/2023 10:59,-0.005759375,960.00m,-9.64375,
2000,9/21/2023 12:02,0.004801628,3780.00m,2.03015873,
2001,9/21/2023 14:00,-0.01443319,7080.00m,-3.273728814,
2002,9/21/2023 15:50,0.010106754,6600.00m,2.423636364,
2003,9/21/2023 16:12,-0.004057046,1320.00m,-4.913636364,
2004,9/21/2023 17:54,0.005162623,6120.00m,1.343137255,
2005,9/22/2023 0:27,-0.006973109,23580.00m,-0.473282443,
2006,9/22/2023 1:32,0.006308541,3900.00m,2.570769231,
2007,9/22/2023 3:03,-0.004149315,5460.00m,-1.215384615,
2008,9/22/2023 8:09,0.006664306,18360.00m,0.578104575,
2009,9/22/2023 13:43,-0.00598399,20040.00m,-0.478742515,
2010,9/22/2023 15:34,0.004487715,6660.00m,1.073873874,
2011,9/22/2023 21:13,-0.007394886,20340.00m,-0.5820059,
2012,9/24/2023 18:05,0.00937572,161520.00m,0.092236256,
2013,9/24/2023 18:21,-0.011282527,960.00m,-18.85,
2014,9/24/2023 18:46,0.006810443,1500.00m,7.2,
2015,9/24/2023 20:22,-0.008188651,5760.00m,-2.269791667,
2016,9/24/2023 21:53,0.004433145,5460.00m,1.285714286,
2017,9/25/2023 0:22,-0.018559664,8940.00m,-3.302013423,
2018,9/25/2023 1:13,0.011780713,3060.00m,6.009803922,
2019,9/25/2023 6:14,-0.010811591,18060.00m,-0.94551495,
2020,9/25/2023 8:01,0.00624832,6420.00m,1.520560748,
2021,9/25/2023 11:36,-0.00719419,12900.00m,-0.876744186,
2022,9/25/2023 16:19,0.014446512,16980.00m,1.327915194,
2023,9/25/2023 17:25,-0.006957444,3960.00m,-2.781818182,
2024,9/25/2023 18:47,0.006391812,4920.00m,2.042682927,
2025,9/25/2023 19:34,-0.004277118,2820.00m,-2.4,
2026,9/25/2023 20:05,0.005594038,1860.00m,4.738709677,
2027,9/26/2023 1:37,-0.006964063,19920.00m,-0.553915663,
2028,9/26/2023 3:40,0.006086237,7380.00m,1.297560976,
2029,9/26/2023 15:47,-0.010992052,43620.00m,-0.398899587,
2030,9/26/2023 16:41,0.006975131,3240.00m,3.37037037,
2031,9/26/2023 18:39,-0.005339737,7080.00m,-1.188983051,
2032,9/26/2023 20:09,0.005525285,5400.00m,1.604444444,
2033,9/26/2023 21:21,-0.00638157,4320.00m,-2.329166667,
2034,9/27/2023 11:53,0.027486395,52320.00m,0.823050459,
2035,9/27/2023 11:58,-0.004081435,300.00m,-21.9,
2036,9/27/2023 12:02,0.004180499,240.00m,27.925,
2037,9/27/2023 12:44,-0.005855168,2520.00m,-3.74047619,
2038,9/27/2023 13:12,0.004367565,1680.00m,4.160714286,
2039,9/27/2023 14:47,-0.023116489,5700.00m,-6.518947368,
2040,9/27/2023 15:28,0.00560542,2460.00m,3.57804878,
2041,9/27/2023 18:07,-0.007838801,9540.00m,-1.297484277,
2042,9/28/2023 0:29,0.015843594,22920.00m,1.082984293,
2043,9/28/2023 1:10,-0.00632229,2460.00m,-4.090243902,
2044,9/28/2023 2:07,0.005952765,3420.00m,2.752631579,
2045,9/28/2023 3:17,-0.006894367,4200.00m,-2.611428571,
2046,9/28/2023 7:49,0.006216865,16320.00m,0.601838235,
2047,9/28/2023 9:39,-0.004563073,6600.00m,-1.099090909,
2048,9/28/2023 10:41,0.008038098,3720.00m,3.419354839,
2049,9/28/2023 11:48,-0.005882707,4020.00m,-2.334328358,
2050,9/28/2023 15:15,0.017517972,12420.00m,2.236714976,
2051,9/28/2023 15:19,-0.004276206,240.00m,-28.75,
2052,9/28/2023 16:25,0.017394876,3960.00m,7.057575758,
2053,9/28/2023 16:59,-0.007197968,2040.00m,-5.767647059,
2054,9/28/2023 17:12,0.004403332,780.00m,9.161538462,
2055,9/28/2023 17:19,-0.004041698,420.00m,-15.68571429,
2056,9/28/2023 18:09,0.005821044,3000.00m,3.15,
2057,9/28/2023 18:48,-0.012688089,2340.00m,-8.853846154,
2058,9/28/2023 20:09,0.010212437,4860.00m,3.387654321,
2059,9/28/2023 21:27,-0.009272904,4680.00m,-3.226923077,
2060,9/29/2023 0:31,0.007292159,11040.00m,1.06576087,
2061,9/29/2023 0:48,-0.004142056,1020.00m,-6.6,
2062,9/29/2023 1:20,0.00460042,1920.00m,3.878125,
2063,9/29/2023 2:42,-0.008667929,4920.00m,-2.864634146,
2064,9/29/2023 7:39,0.013132328,17820.00m,1.187878788,
2065,9/29/2023 12:17,-0.012043589,16680.00m,-1.179136691,
2066,9/29/2023 13:32,0.005105987,4500.00m,1.830666667,
2067,9/29/2023 14:09,-0.011462484,2220.00m,-8.372972973,
2068,9/29/2023 14:37,0.012594741,1680.00m,12.01785714,
2069,9/29/2023 18:14,-0.011465957,13020.00m,-1.429493088,
2070,9/30/2023 21:17,0.012171045,97380.00m,0.200554529,
2071,10/1/2023 0:02,-0.00469905,9900.00m,-0.770909091,
2072,10/1/2023 10:11,0.012359838,36540.00m,0.54679803,
2073,10/1/2023 20:03,-0.009242863,35520.00m,-0.425844595,
2074,10/1/2023 22:17,0.044506531,8040.00m,8.975373134,
2075,10/1/2023 22:20,-0.016754235,180.00m,-157.6333333,
2076,10/1/2023 22:33,0.010355712,780.00m,22.10769231,
2077,10/1/2023 22:41,-0.00716828,480.00m,-25.125,
2078,10/1/2023 23:01,0.00630406,1200.00m,8.775,
2079,10/1/2023 23:31,-0.005522101,1800.00m,-5.156666667,
2080,10/2/2023 0:02,0.005696339,1860.00m,5.119354839,
2081,10/2/2023 1:25,-0.006774047,4980.00m,-2.286746988,
2082,10/2/2023 4:02,0.010852028,9420.00m,1.923566879,
2083,10/2/2023 5:42,-0.007244702,6000.00m,-2.038,
2084,10/2/2023 7:48,0.016593202,7560.00m,3.677777778,
2085,10/2/2023 8:03,-0.005431394,900.00m,-10.28,
2086,10/2/2023 8:36,0.008234082,1980.00m,7.045454545,
2087,10/2/2023 9:19,-0.008349491,2580.00m,-5.527906977,
2088,10/2/2023 11:29,0.004087691,7800.00m,0.887692308,
2089,10/2/2023 11:59,-0.005760852,1800.00m,-5.443333333,
2090,10/2/2023 13:59,0.012660024,7200.00m,2.973333333,
2091,10/2/2023 14:19,-0.012789068,1200.00m,-18.25,
2092,10/2/2023 14:34,0.006182786,900.00m,11.61333333,
2093,10/2/2023 15:17,-0.004405768,2580.00m,-2.904651163,
2094,10/2/2023 15:33,0.006009006,960.00m,10.6,
2095,10/2/2023 16:07,-0.019042823,2040.00m,-15.90294118,
2096,10/2/2023 16:21,0.008957678,840.00m,17.82142857,
2097,10/2/2023 17:12,-0.00694951,3060.00m,-3.829411765,
2098,10/2/2023 17:45,0.006790314,1980.00m,5.742424242,
2099,10/2/2023 18:44,-0.014346778,3540.00m,-6.83220339,
2100,10/2/2023 18:54,0.005383877,600.00m,14.91,
2101,10/2/2023 19:05,-0.007872743,660.00m,-19.92727273,
2102,10/2/2023 19:55,0.012025905,3000.00m,6.644,
2103,10/2/2023 21:54,-0.023347487,7140.00m,-5.48487395,
2104,10/2/2023 23:49,0.010716693,6900.00m,2.544347826,
2105,10/3/2023 1:10,-0.008106306,4860.00m,-2.761728395,
2106,10/3/2023 6:51,0.010426675,20460.00m,0.836950147,
2107,10/3/2023 13:02,-0.009693573,22260.00m,-0.722641509,
2108,10/3/2023 13:54,0.006455052,3120.00m,3.4,
2109,10/3/2023 14:50,-0.01102437,3360.00m,-5.426785714,
2110,10/3/2023 15:24,0.005153637,2040.00m,4.132352941,
2111,10/3/2023 15:54,-0.005762185,1800.00m,-5.263333333,
2112,10/3/2023 17:33,0.007817977,5940.00m,2.151515152,
2113,10/3/2023 19:02,-0.007604369,5340.00m,-2.346067416,
2114,10/3/2023 19:15,0.005842395,780.00m,12.24615385,
2115,10/3/2023 20:06,-0.006589245,3060.00m,-3.541176471,
2116,10/3/2023 21:27,0.007562152,4860.00m,2.541975309,
2117,10/3/2023 22:46,-0.006014522,4740.00m,-2.088607595,
2118,10/3/2023 23:43,0.006898044,3420.00m,3.3,
2119,10/4/2023 0:40,-0.008118237,3420.00m,-3.910526316,
2120,10/4/2023 2:24,0.009198129,6240.00m,2.408653846,
2121,10/4/2023 6:28,-0.00525027,14640.00m,-0.591393443,
2122,10/4/2023 10:08,0.010314557,13200.00m,1.281818182,
2123,10/4/2023 14:48,-0.010810224,16800.00m,-1.066428571,
2124,10/4/2023 19:11,0.018010204,15780.00m,1.871102662,
2125,10/4/2023 19:39,-0.009706818,1680.00m,-9.642857143,
2126,10/5/2023 0:48,0.011559057,18540.00m,1.030420712,
2127,10/5/2023 7:38,-0.011828926,24600.00m,-0.803902439,
2128,10/5/2023 13:35,0.019292301,21420.00m,1.487955182,
2129,10/5/2023 13:46,-0.005961055,660.00m,-15.20909091,
2130,10/5/2023 14:20,0.006165272,2040.00m,5.058823529,
2131,10/5/2023 15:37,-0.02282848,4620.00m,-8.322077922,
2132,10/5/2023 15:54,0.006296164,1020.00m,10.15882353,
2133,10/5/2023 17:19,-0.008879759,5100.00m,-2.883529412,
2134,10/5/2023 17:41,0.006060606,1320.00m,7.536363636,
2135,10/5/2023 18:26,-0.004305521,2700.00m,-2.633333333,
2136,10/5/2023 18:41,0.004145335,900.00m,7.573333333,
2137,10/5/2023 22:20,-0.005192983,13140.00m,-0.652511416,
2138,10/6/2023 2:27,0.007265753,14820.00m,0.805263158,
2139,10/6/2023 6:46,-0.004108958,15540.00m,-0.437451737,
2140,10/6/2023 10:35,0.011671267,13740.00m,1.399563319,
2141,10/6/2023 11:04,-0.00635324,1740.00m,-6.086206897,
2142,10/6/2023 11:59,0.005267238,3300.00m,2.643636364,
2143,10/6/2023 13:00,-0.019827027,3660.00m,-9.019672131,
2144,10/6/2023 13:34,0.016573651,2040.00m,13.25882353,
2145,10/6/2023 13:52,-0.007677953,1080.00m,-11.79444444,
2146,10/6/2023 15:50,0.021284117,7080.00m,4.949152542,
2147,10/6/2023 16:17,-0.008225592,1620.00m,-8.537037037,
2148,10/6/2023 16:44,0.004886333,1620.00m,5.02962963,
2149,10/6/2023 17:12,-0.004816024,1680.00m,-4.803571429,
2150,10/6/2023 17:39,0.007048512,1620.00m,7.255555556,
2151,10/6/2023 18:51,-0.004776877,4320.00m,-1.856944444,
2152,10/6/2023 19:30,0.005901929,2340.00m,4.215384615,
2153,10/6/2023 20:08,-0.004900124,2280.00m,-3.613157895,
2154,10/6/2023 21:38,0.012667489,5400.00m,3.924444444,
2155,10/7/2023 0:24,-0.013890266,9960.00m,-2.362650602,
2156,10/7/2023 9:00,0.006080436,30960.00m,0.328100775,
2157,10/7/2023 20:00,-0.006215038,39600.00m,-0.263787879,
2158,10/8/2023 3:35,0.008592386,27300.00m,0.525714286,
2159,10/8/2023 13:12,-0.013480401,34620.00m,-0.655979203,
2160,10/8/2023 13:48,0.010361273,2160.00m,7.972222222,
2161,10/8/2023 18:28,-0.006606804,16800.00m,-0.660357143,
2162,10/8/2023 21:37,0.005845029,11340.00m,0.85978836,
2163,10/8/2023 22:12,-0.005639414,2100.00m,-4.505714286,
2164,10/8/2023 23:17,0.004430667,3900.00m,1.895384615,
2165,10/9/2023 1:00,-0.005191662,6180.00m,-1.40776699,
2166,10/9/2023 1:52,0.006823973,3120.00m,3.646153846,
2167,10/9/2023 12:15,-0.021180382,37380.00m,-0.951043339,
2168,10/9/2023 12:32,0.00558041,1020.00m,8.988235294,
2169,10/9/2023 13:04,-0.00520805,1920.00m,-4.48125,
2170,10/9/2023 14:24,0.00629041,4800.00m,2.15375,
2171,10/9/2023 16:01,-0.006483282,5820.00m,-1.842268041,
2172,10/9/2023 16:23,0.005313225,1320.00m,6.613636364,
2173,10/9/2023 16:43,-0.009553215,1200.00m,-13.15,
2174,10/9/2023 18:30,0.016452122,6420.00m,4.192523364,
2175,10/10/2023 1:05,-0.008255279,23700.00m,-0.579240506,
2176,10/10/2023 8:23,0.008120261,26280.00m,0.509589041,
2177,10/10/2023 13:44,-0.013125226,19260.00m,-1.133021807,
2178,10/10/2023 14:19,0.009533282,2100.00m,7.448571429,
2179,10/10/2023 16:21,-0.009888796,7320.00m,-2.237704918,
2180,10/10/2023 16:31,0.005344992,600.00m,14.61,
2181,10/10/2023 18:58,-0.007241604,8820.00m,-1.353741497,
2182,10/11/2023 1:08,0.006495339,22200.00m,0.478918919,
2183,10/11/2023 2:34,-0.015922326,5160.00m,-5.08372093,
2184,10/11/2023 2:48,0.005492004,840.00m,10.6,
2185,10/11/2023 3:59,-0.006212849,4260.00m,-2.377464789,
2186,10/11/2023 5:47,0.004581363,6480.00m,1.14537037,
2187,10/11/2023 7:58,-0.004401941,7860.00m,-0.911450382,
2188,10/11/2023 10:25,0.010679504,8820.00m,1.961904762,
2189,10/11/2023 12:37,-0.009218346,7920.00m,-1.906060606,
2190,10/11/2023 12:53,0.004814768,960.00m,8.1375,
2191,10/11/2023 17:49,-0.023056823,17760.00m,-2.116554054,
2192,10/11/2023 19:51,0.008931834,7320.00m,1.943442623,
2193,10/11/2023 21:38,-0.004260229,6420.00m,-1.06635514,
2194,10/12/2023 0:08,0.007803214,9000.00m,1.387333333,
2195,10/12/2023 1:39,-0.005603387,5460.00m,-1.654945055,
2196,10/12/2023 2:53,0.006963257,4440.00m,2.514864865,
2197,10/12/2023 5:15,-0.005280153,8520.00m,-1.000704225,
2198,10/12/2023 6:36,0.005042959,4860.00m,1.666666667,
2199,10/12/2023 9:57,-0.008173202,12060.00m,-1.094029851,
2200,10/12/2023 13:09,0.006291901,11520.00m,0.874479167,
2201,10/12/2023 15:49,-0.008792314,9600.00m,-1.475625,
2202,10/12/2023 16:33,0.006018732,2640.00m,3.640909091,
2203,10/12/2023 17:35,-0.008481128,3720.00m,-3.662903226,
2204,10/13/2023 7:34,0.013634652,50340.00m,0.431466031,
2205,10/13/2023 9:59,-0.006918847,8700.00m,-1.284137931,
2206,10/13/2023 13:00,0.007344963,10860.00m,1.084530387,
2207,10/13/2023 15:52,-0.008951753,10320.00m,-1.401162791,
2208,10/13/2023 16:45,0.004302671,3180.00m,2.166037736,
2209,10/13/2023 17:34,-0.004112569,2940.00m,-2.248979592,
2210,10/13/2023 21:01,0.015367781,12420.00m,1.98115942,
2211,10/13/2023 21:16,-0.008458876,900.00m,-15.28,
2212,10/13/2023 22:08,0.007202251,3120.00m,3.721153846,
2213,10/13/2023 22:55,-0.011167734,2820.00m,-6.429787234,
2214,10/14/2023 3:37,0.008079857,16920.00m,0.766666667,
2215,10/14/2023 21:29,-0.006647117,64320.00m,-0.167257463,
2216,10/15/2023 9:18,0.004209772,42540.00m,0.15909732,
2217,10/15/2023 13:05,-0.00415496,13620.00m,-0.492511013,
2218,10/15/2023 21:03,0.015737541,28680.00m,0.882217573,
2219,10/15/2023 21:14,-0.004908607,660.00m,-12.14545455,
2220,10/15/2023 22:11,0.007070621,3420.00m,3.359649123,
2221,10/15/2023 23:12,-0.009407745,3660.00m,-4.206557377,
2222,10/16/2023 2:27,0.008975232,11700.00m,1.243589744,
2223,10/16/2023 3:16,-0.004291798,2940.00m,-2.387755102,
2224,10/16/2023 5:16,0.024027144,7200.00m,5.435,
2225,10/16/2023 5:21,-0.004187578,300.00m,-23.28,
2226,10/16/2023 5:39,0.010007189,1080.00m,15.38888889,
2227,10/16/2023 5:46,-0.005941246,420.00m,-23.72857143,
2228,10/16/2023 6:05,0.005544961,1140.00m,8.110526316,
2229,10/16/2023 6:54,-0.00572909,2940.00m,-3.267346939,
2230,10/16/2023 7:32,0.004527623,2280.00m,3.310526316,
2231,10/16/2023 9:18,-0.009870731,6360.00m,-2.599056604,
2232,10/16/2023 13:30,0.089400151,15120.00m,9.803968254,
2233,10/16/2023 13:35,-0.045290126,300.00m,-272.7,
2234,10/16/2023 13:38,0.009592101,180.00m,91.9,
2235,10/16/2023 13:40,-0.024574317,120.00m,-356.55,
2236,10/16/2023 13:41,0.007164812,60.00m,202.8,
2237,10/16/2023 13:42,-0.012445717,60.00m,-354.8,
2238,10/16/2023 13:45,0.005658367,180.00m,53.1,
2239,10/16/2023 13:49,-0.0163074,240.00m,-115.425,
2240,10/16/2023 13:53,0.011267262,240.00m,78.45,
2241,10/16/2023 13:58,-0.007314198,300.00m,-41.2,
2242,10/16/2023 14:01,0.004349319,180.00m,40.53333333,
2243,10/16/2023 14:08,-0.006584758,420.00m,-26.41428571,
2244,10/16/2023 14:32,0.016085262,1440.00m,18.69583333,
2245,10/16/2023 14:39,-0.008245189,420.00m,-33.38571429,
2246,10/16/2023 14:44,0.004379209,300.00m,24.62,
2247,10/16/2023 15:42,-0.007260955,3480.00m,-3.534482759,
2248,10/16/2023 19:08,0.026844392,12360.00m,3.652427184,
2249,10/16/2023 19:39,-0.013721048,1860.00m,-12.73870968,
2250,10/16/2023 20:23,0.008655767,2640.00m,5.584090909,
2251,10/16/2023 21:10,-0.013104494,2820.00m,-7.982978723,
2252,10/17/2023 0:04,0.009509417,10440.00m,1.544252874,
2253,10/17/2023 0:57,-0.010275233,3180.00m,-5.530188679,
2254,10/17/2023 1:42,0.005897605,2700.00m,3.7,
2255,10/17/2023 4:07,-0.011423219,8700.00m,-2.237241379,
2256,10/17/2023 4:35,0.00544634,1680.00m,5.460714286,
2257,10/17/2023 6:30,-0.004244193,6900.00m,-1.04173913,
2258,10/17/2023 8:07,0.013925357,5820.00m,4.035051546,
2259,10/17/2023 8:42,-0.005284507,2100.00m,-4.302857143,
2260,10/17/2023 10:21,0.008557983,5940.00m,2.450505051,
2261,10/17/2023 10:33,-0.00680648,720.00m,-16.21666667,
2262,10/17/2023 10:50,0.005204995,1020.00m,8.694117647,
2263,10/17/2023 13:03,-0.013561709,7980.00m,-2.910526316,
2264,10/17/2023 13:23,0.007454762,1200.00m,10.495,
2265,10/17/2023 13:48,-0.007790908,1500.00m,-8.84,
2266,10/17/2023 15:14,0.014172831,5160.00m,4.638372093,
2267,10/17/2023 16:08,-0.004592861,3240.00m,-2.427777778,
2268,10/17/2023 17:00,0.006328045,3120.00m,3.457692308,
2269,10/17/2023 18:57,-0.009663204,7020.00m,-2.361538462,
2270,10/17/2023 20:02,0.006981746,3900.00m,3.041538462,
2271,10/17/2023 21:01,-0.004127739,3540.00m,-1.994915254,
2272,10/17/2023 21:23,0.005011146,1320.00m,6.468181818,
2273,10/18/2023 0:45,-0.007796349,12120.00m,-1.101485149,
2274,10/18/2023 4:57,0.017996574,15120.00m,2.022222222,
2275,10/18/2023 5:13,-0.006688383,960.00m,-12.05,
2276,10/18/2023 5:41,0.006461009,1680.00m,6.607142857,
2277,10/18/2023 8:17,-0.012554523,9360.00m,-2.319230769,
2278,10/18/2023 9:32,0.004339957,4500.00m,1.646666667,
2279,10/18/2023 9:59,-0.011679496,1620.00m,-12.36296296,
2280,10/18/2023 10:21,0.005381255,1320.00m,6.909090909,
2281,10/18/2023 14:46,-0.008489975,15900.00m,-0.909811321,
2282,10/18/2023 17:23,0.0089853,9420.00m,1.611464968,
2283,10/18/2023 20:51,-0.00787396,12480.00m,-1.075480769,
2284,10/19/2023 1:08,0.007727131,15420.00m,0.847470817,
2285,10/19/2023 1:44,-0.010410432,2160.00m,-8.213888889,
2286,10/19/2023 10:10,0.013821442,30360.00m,0.767786561,
2287,10/19/2023 10:26,-0.004000421,960.00m,-7.125,
2288,10/19/2023 12:21,0.005735828,6900.00m,1.415652174,
2289,10/19/2023 12:43,-0.004466506,1320.00m,-5.795454545,
2290,10/19/2023 13:31,0.004623781,2880.00m,2.7375,
2291,10/19/2023 14:02,-0.004147154,1860.00m,-3.819354839,
2292,10/19/2023 15:04,0.012616377,3720.00m,5.785483871,
2293,10/19/2023 15:27,-0.008006252,1380.00m,-10.02173913,
2294,10/19/2023 16:24,0.010101717,3420.00m,5.061403509,
2295,10/19/2023 17:43,-0.013692457,4740.00m,-5,
2296,10/19/2023 20:44,0.012782483,10860.00m,2.009392265,
2297,10/19/2023 21:59,-0.007866966,4500.00m,-3.022666667,
2298,10/20/2023 0:03,0.005557887,7440.00m,1.281451613,
2299,10/20/2023 1:10,-0.006417637,4020.00m,-2.753731343,
2300,10/20/2023 3:26,0.027387237,8160.00m,5.752205882,
2301,10/20/2023 3:50,-0.006569734,1440.00m,-8.033333333,
2302,10/20/2023 4:03,0.004328752,780.00m,9.707692308,
2303,10/20/2023 4:11,-0.004088101,480.00m,-14.9625,
2304,10/20/2023 4:27,0.005003361,960.00m,9.11875,
2305,10/20/2023 4:37,-0.004081034,600.00m,-11.96,
2306,10/20/2023 4:57,0.004419821,1200.00m,6.45,
2307,10/20/2023 5:33,-0.00672336,2160.00m,-5.475,
2308,10/20/2023 8:44,0.023613773,11460.00m,3.6,
2309,10/20/2023 9:18,-0.005317686,2040.00m,-4.661764706,
2310,10/20/2023 10:23,0.011123966,3900.00m,5.073846154,
2311,10/20/2023 10:30,-0.005484113,420.00m,-23.48571429,
2312,10/20/2023 10:40,0.009740684,600.00m,29.04,
2313,10/20/2023 11:01,-0.010098494,1260.00m,-14.47619048,
2314,10/20/2023 11:31,0.007151127,1800.00m,7.103333333,
2315,10/20/2023 12:30,-0.015370211,3540.00m,-7.818644068,
2316,10/20/2023 12:39,0.00401336,540.00m,13.17777778,
2317,10/20/2023 12:51,-0.009036094,720.00m,-22.34166667,
2318,10/20/2023 14:06,0.010179649,4500.00m,3.990666667,
2319,10/20/2023 14:14,-0.008770719,480.00m,-32.5625,
2320,10/20/2023 14:48,0.005166335,2040.00m,4.473529412,
2321,10/20/2023 16:17,-0.004980958,5340.00m,-1.656179775,
2322,10/20/2023 16:36,0.004523642,1140.00m,7.010526316,
2323,10/20/2023 17:09,-0.0072147,1980.00m,-6.466666667,
2324,10/20/2023 18:04,0.00561551,3300.00m,2.998181818,
2325,10/20/2023 19:43,-0.004744328,5940.00m,-1.415151515,
2326,10/20/2023 23:06,0.012837744,12180.00m,1.85862069,
2327,10/21/2023 3:12,-0.010558601,14760.00m,-1.277642276,
2328,10/21/2023 10:00,0.013428219,24480.00m,0.969362745,
2329,10/21/2023 13:13,-0.0050924,11580.00m,-0.787564767,
2330,10/21/2023 15:02,0.009034765,6540.00m,2.46146789,
2331,10/21/2023 15:15,-0.006617787,780.00m,-15.25384615,
2332,10/21/2023 18:01,0.015574608,9960.00m,2.792771084,
2333,10/21/2023 18:13,-0.00858088,720.00m,-21.61666667,
2334,10/21/2023 19:01,0.00878194,2880.00m,5.483333333,
2335,10/21/2023 19:25,-0.007008712,1440.00m,-8.829166667,
2336,10/21/2023 19:50,0.004599975,1500.00m,5.524,
2337,10/21/2023 23:38,-0.010699602,13680.00m,-1.415350877,
2338,10/22/2023 1:14,0.007225855,5760.00m,2.245833333,
2339,10/22/2023 2:37,-0.007406939,4980.00m,-2.681927711,
2340,10/22/2023 6:11,0.011401159,12840.00m,1.589252336,
2341,10/22/2023 7:40,-0.016665341,5340.00m,-5.649438202,
2342,10/22/2023 9:26,0.010428885,6360.00m,2.918867925,
2343,10/22/2023 11:36,-0.005254028,7800.00m,-1.211538462,
2344,10/22/2023 13:26,0.004540653,6600.00m,1.230909091,
2345,10/22/2023 15:50,-0.005845454,8640.00m,-1.215972222,
2346,10/22/2023 17:44,0.004842208,6840.00m,1.264912281,
2347,10/22/2023 22:02,-0.007148109,15480.00m,-0.829069767,
2348,10/22/2023 22:59,0.010545235,3420.00m,5.496491228,
2349,10/23/2023 0:26,-0.004882858,5220.00m,-1.685057471,
2350,10/23/2023 1:31,0.023519922,3900.00m,10.81076923,
2351,10/23/2023 2:07,-0.012868098,2160.00m,-10.93055556,
2352,10/23/2023 4:00,0.020907043,6780.00m,5.584955752,
2353,10/23/2023 4:27,-0.008196748,1620.00m,-9.355555556,
2354,10/23/2023 5:35,0.011650771,4080.00m,5.236764706,
2355,10/23/2023 5:55,-0.005349185,1200.00m,-8.27,
2356,10/23/2023 6:11,0.005852669,960.00m,11.25,
2357,10/23/2023 7:10,-0.010560785,3540.00m,-5.537288136,
2358,10/23/2023 7:40,0.004243919,1800.00m,4.33,
2359,10/23/2023 7:54,-0.009857377,840.00m,-21.64285714,
2360,10/23/2023 8:58,0.00831926,3840.00m,3.95625,
2361,10/23/2023 9:46,-0.010867228,2880.00m,-6.947916667,
2362,10/23/2023 11:51,0.012933576,7500.00m,3.1408,
2363,10/23/2023 13:37,-0.011148801,6360.00m,-3.233962264,
2364,10/23/2023 16:20,0.018283237,9780.00m,3.410429448,
2365,10/23/2023 16:29,-0.005419757,540.00m,-18.64444444,
2366,10/23/2023 16:57,0.015201507,1680.00m,16.71785714,
2367,10/23/2023 17:03,-0.005396483,360.00m,-28.11666667,
2368,10/23/2023 17:07,0.005982169,240.00m,46.5,
2369,10/23/2023 17:30,-0.013466162,1380.00m,-18.31304348,
2370,10/23/2023 18:14,0.007644893,2640.00m,5.361363636,
2371,10/23/2023 18:45,-0.010462128,1860.00m,-10.49354839,
2372,10/23/2023 19:02,0.018954881,1020.00m,34.30588235,
2373,10/23/2023 19:24,-0.008644062,1320.00m,-12.31818182,
2374,10/23/2023 20:40,0.022200772,4560.00m,9.078947368,
2375,10/23/2023 21:16,-0.011268492,2160.00m,-9.944444444,
2376,10/23/2023 22:29,0.024423787,4380.00m,10.50958904,
2377,10/23/2023 22:33,-0.004185934,240.00m,-33.675,
2378,10/23/2023 22:42,0.082507139,540.00m,293.7666667,
2379,10/23/2023 22:47,-0.044222276,300.00m,-306.8,
2380,10/23/2023 22:49,0.011539946,120.00m,191.3,
2381,10/23/2023 22:50,-0.012025524,60.00m,-403.3,
2382,10/23/2023 22:52,0.007741363,120.00m,128.25,
2383,10/23/2023 22:54,-0.006507898,120.00m,-108.65,
2384,10/23/2023 23:00,0.012688068,360.00m,70.15,
2385,10/23/2023 23:11,-0.025826194,660.00m,-78.87272727,
2386,10/23/2023 23:23,0.015412727,720.00m,42.03333333,
2387,10/23/2023 23:39,-0.016740595,960.00m,-34.76875,
2388,10/24/2023 0:03,0.013958983,1440.00m,19.00416667,
2389,10/24/2023 0:08,-0.007844759,300.00m,-51.98,
2390,10/24/2023 0:55,0.025770828,2820.00m,18.02340426,
2391,10/24/2023 1:01,-0.006634517,360.00m,-37.28333333,
2392,10/24/2023 1:10,0.006989332,540.00m,26.01111111,
2393,10/24/2023 1:15,-0.004370256,300.00m,-29.48,
2394,10/24/2023 1:25,0.006378683,600.00m,21.42,
2395,10/24/2023 1:36,-0.006764354,660.00m,-20.78181818,
2396,10/24/2023 2:04,0.025766992,1680.00m,30.88928571,
2397,10/24/2023 2:06,-0.007925974,120.00m,-136.45,
2398,10/24/2023 2:26,0.030692484,1200.00m,52.42,
2399,10/24/2023 2:30,-0.013318526,240.00m,-117.225,
2400,10/24/2023 2:31,0.004821851,60.00m,167.5,
2401,10/24/2023 2:41,-0.008789521,600.00m,-30.68,
2402,10/24/2023 2:47,0.008387671,360.00m,48.36666667,
2403,10/24/2023 3:01,-0.011952328,840.00m,-29.78571429,
2404,10/24/2023 3:06,0.006002042,300.00m,41.38,
2405,10/24/2023 3:59,-0.017515175,3180.00m,-11.46037736,
2406,10/24/2023 4:30,0.013319206,1860.00m,14.63870968,
2407,10/24/2023 4:51,-0.007212186,1260.00m,-11.85714286,
2408,10/24/2023 5:29,0.00889838,2280.00m,8.026315789,
2409,10/24/2023 5:58,-0.020227929,1740.00m,-24.12068966,
2410,10/24/2023 6:10,0.007012697,720.00m,19.8,
2411,10/24/2023 6:29,-0.008118644,1140.00m,-14.57894737,
2412,10/24/2023 6:51,0.006583535,1320.00m,10.12727273,
2413,10/24/2023 6:55,-0.006643221,240.00m,-56.575,
2414,10/24/2023 7:01,0.005239594,360.00m,29.55,
2415,10/24/2023 7:12,-0.005767908,660.00m,-17.83636364,
2416,10/24/2023 7:22,0.00546133,600.00m,18.47,
2417,10/24/2023 7:33,-0.007699026,660.00m,-23.8,
2418,10/24/2023 8:42,0.013700822,4140.00m,6.7,
2419,10/24/2023 9:02,-0.004116381,1200.00m,-7.04,
2420,10/24/2023 9:51,0.012579263,2940.00m,8.744897959,
2421,10/24/2023 10:20,-0.00633761,1740.00m,-7.537931034,
2422,10/24/2023 11:19,0.017844482,3540.00m,10.36610169,
2423,10/24/2023 11:45,-0.011987789,1560.00m,-16.08461538,
2424,10/24/2023 12:05,0.006307428,1200.00m,10.87,
2425,10/24/2023 12:18,-0.006071841,780.00m,-16.2,
2426,10/24/2023 12:41,0.009148897,1380.00m,13.71304348,
2427,10/24/2023 13:11,-0.014412395,1800.00m,-16.71333333,
2428,10/24/2023 13:33,0.006559127,1320.00m,10.22272727,
2429,10/24/2023 13:51,-0.007973807,1080.00m,-15.28888889,
2430,10/24/2023 14:00,0.006352628,540.00m,24.16666667,
2431,10/24/2023 14:22,-0.010938811,1320.00m,-17.13181818,
2432,10/24/2023 15:06,0.013392648,2640.00m,10.37272727,
2433,10/24/2023 15:30,-0.032517924,1440.00m,-46.79166667,
2434,10/24/2023 15:33,0.01161865,180.00m,129.4,
2435,10/24/2023 15:39,-0.015005917,360.00m,-84.53333333,
2436,10/24/2023 15:50,0.015838259,660.00m,47.93636364,
2437,10/24/2023 16:05,-0.009127708,900.00m,-20.58,
2438,10/24/2023 16:18,0.012858311,780.00m,33.14615385,
2439,10/24/2023 16:28,-0.004310256,600.00m,-14.63,
2440,10/24/2023 16:34,0.013975027,360.00m,78.71666667,
2441,10/24/2023 16:59,-0.009580283,1500.00m,-13.132,
2442,10/24/2023 17:08,0.004163229,540.00m,15.7,
2443,10/24/2023 17:12,-0.005880057,240.00m,-50.1,
2444,10/24/2023 17:25,0.004515819,780.00m,11.76923077,
2445,10/24/2023 18:25,-0.018023206,3600.00m,-10.22333333,
2446,10/24/2023 18:52,0.013386993,1620.00m,16.57037037,
2447,10/24/2023 19:19,-0.005037218,1620.00m,-6.318518519,
2448,10/24/2023 19:32,0.004768928,780.00m,12.36153846,
2449,10/24/2023 20:06,-0.004288499,2040.00m,-4.270588235,
2450,10/24/2023 20:22,0.007083363,960.00m,14.925,
2451,10/24/2023 21:06,-0.012620907,2640.00m,-9.738636364,
2452,10/24/2023 21:33,0.006971312,1620.00m,8.655555556,
2453,10/24/2023 21:40,-0.005344108,420.00m,-25.77142857,
2454,10/24/2023 21:58,0.018241979,1080.00m,34.02777778,
2455,10/24/2023 22:03,-0.007964573,300.00m,-54.46,
2456,10/24/2023 22:08,0.006972987,300.00m,47.3,
2457,10/24/2023 22:17,-0.004052341,540.00m,-15.37777778,
2458,10/24/2023 23:06,0.0056064,2940.00m,3.891836735,
2459,10/24/2023 23:42,-0.013778526,2160.00m,-13.09166667,
2460,10/25/2023 0:10,0.006465268,1680.00m,7.789285714,
2461,10/25/2023 0:35,-0.004797922,1500.00m,-6.516,
2462,10/25/2023 1:37,0.017718627,3720.00m,9.656451613,
2463,10/25/2023 3:53,-0.013356403,8160.00m,-3.377205882,
2464,10/25/2023 4:58,0.007831128,3900.00m,4.087692308,
2465,10/25/2023 5:48,-0.007814145,3000.00m,-5.344,
2466,10/25/2023 7:03,0.008037799,4500.00m,3.636,
2467,10/25/2023 7:46,-0.014029281,2580.00m,-11.15813953,
2468,10/25/2023 9:36,0.017072903,6600.00m,5.233636364,
2469,10/25/2023 10:23,-0.006997941,2820.00m,-5.106382979,
2470,10/25/2023 11:17,0.008823754,3240.00m,5.564814815,
2471,10/25/2023 11:58,-0.005160626,2460.00m,-4.324390244,
2472,10/25/2023 12:26,0.007048187,1680.00m,8.603571429,
2473,10/25/2023 12:40,-0.004430576,840.00m,-10.89285714,
2474,10/25/2023 13:23,0.011410262,2580.00m,9.093023256,
2475,10/25/2023 13:44,-0.01008125,1260.00m,-16.63809524,
2476,10/25/2023 13:58,0.005231863,840.00m,12.82142857,
2477,10/25/2023 14:06,-0.004221697,480.00m,-18.2,
2478,10/25/2023 15:03,0.013376855,3420.00m,8.059649123,
2479,10/25/2023 15:11,-0.00478704,480.00m,-20.825,
2480,10/25/2023 15:34,0.009830897,1380.00m,14.80434783,
2481,10/25/2023 15:41,-0.005815383,420.00m,-29.05714286,
2482,10/25/2023 15:52,0.005642341,660.00m,17.83636364,
2483,10/25/2023 16:00,-0.004775658,480.00m,-20.875,
2484,10/25/2023 16:16,0.009539682,960.00m,20.75,
2485,10/25/2023 16:29,-0.014595548,780.00m,-39.44615385,
2486,10/25/2023 16:32,0.005022934,180.00m,57.96666667,
2487,10/25/2023 16:42,-0.00806148,600.00m,-28.05,
2488,10/25/2023 16:47,0.004792175,300.00m,33.08,
2489,10/25/2023 17:02,-0.007263552,900.00m,-16.79333333,
2490,10/25/2023 18:01,0.008565677,3540.00m,4.998305085,
2491,10/25/2023 18:31,-0.007767186,1800.00m,-8.99,
2492,10/25/2023 20:12,0.010791419,6060.00m,3.681188119,
2493,10/25/2023 23:04,-0.013361053,10320.00m,-2.705232558,
2494,10/26/2023 0:31,0.006740435,5220.00m,2.662068966,
2495,10/26/2023 0:48,-0.004506901,1020.00m,-9.170588235,
2496,10/26/2023 3:42,0.011165803,10440.00m,2.209770115,
2497,10/26/2023 6:04,-0.011484779,8520.00m,-2.816197183,
2498,10/26/2023 7:29,0.010424142,5100.00m,4.221176471,
2499,10/26/2023 11:48,-0.023051333,15540.00m,-3.095366795,
2500,10/26/2023 13:16,0.011101562,5280.00m,4.286363636,
2501,10/26/2023 13:39,-0.005102694,1380.00m,-7.62173913,
2502,10/26/2023 13:46,0.004807031,420.00m,23.47142857,
2503,10/26/2023 13:59,-0.005124711,780.00m,-13.53846154,
2504,10/26/2023 14:13,0.004612584,840.00m,11.25714286,
2505,10/26/2023 14:39,-0.011280408,1560.00m,-14.89230769,
2506,10/26/2023 15:01,0.009479106,1320.00m,14.62272727,
2507,10/26/2023 15:30,-0.01163181,1740.00m,-13.74137931,
2508,10/26/2023 16:01,0.006612327,1860.00m,7.222580645,
2509,10/26/2023 16:54,-0.009033326,3180.00m,-5.809433962,
2510,10/26/2023 23:19,0.014897711,23100.00m,1.307012987,
2511,10/27/2023 1:53,-0.014072263,9240.00m,-3.132467532,
2512,10/27/2023 4:47,0.011409027,10440.00m,2.216091954,
2513,10/27/2023 5:23,-0.00594148,2160.00m,-5.641666667,
2514,10/27/2023 6:59,0.007713293,5760.00m,2.730208333,
2515,10/27/2023 7:59,-0.008422307,3600.00m,-4.806666667,
2516,10/27/2023 9:28,0.006791541,5340.00m,2.591011236,
2517,10/27/2023 12:29,-0.006280606,10860.00m,-1.186187845,
2518,10/27/2023 12:50,0.007262312,1260.00m,11.74761905,
2519,10/27/2023 14:31,-0.010211418,6060.00m,-3.459405941,
2520,10/27/2023 15:43,0.00750874,4320.00m,3.531944444,
2521,10/27/2023 17:07,-0.017200299,5040.00m,-6.986904762,
2522,10/27/2023 17:27,0.006047485,1200.00m,10.14,
2523,10/27/2023 18:31,-0.009591729,3840.00m,-5.05625,
2524,10/28/2023 5:22,0.022900718,39060.00m,1.175422427,
2525,10/28/2023 8:06,-0.004034641,9840.00m,-0.840853659,
2526,10/28/2023 11:20,0.010499073,11640.00m,1.842268041,
2527,10/28/2023 13:00,-0.012108086,6000.00m,-4.165,
2528,10/28/2023 15:54,0.007553999,10440.00m,1.475287356,
2529,10/29/2023 4:04,-0.008519599,43800.00m,-0.399589041,
2530,10/29/2023 13:07,0.016702507,32580.00m,1.044198895,
2531,10/29/2023 14:10,-0.004992177,3780.00m,-2.734920635,
2532,10/29/2023 15:05,0.00659548,3300.00m,4.118181818,
2533,10/29/2023 16:27,-0.005386453,4920.00m,-2.270731707,
2534,10/29/2023 17:52,0.011252981,5100.00m,4.551764706,
2535,10/29/2023 17:59,-0.005559566,420.00m,-27.61428571,
2536,10/29/2023 18:30,0.005333241,1860.00m,5.948387097,
2537,10/29/2023 21:58,-0.009660529,12480.00m,-1.614423077,
2538,10/29/2023 22:51,0.008790328,3180.00m,5.709433962,
2539,10/30/2023 6:10,-0.015457802,26340.00m,-1.222779043,
2540,10/30/2023 7:16,0.004562738,3960.00m,2.363636364,
2541,10/30/2023 8:03,-0.005147615,2820.00m,-3.761702128,
2542,10/30/2023 9:32,0.014671107,5340.00m,5.63258427,
2543,10/30/2023 10:28,-0.006535816,3360.00m,-4.046428571,
2544,10/30/2023 12:29,0.011375019,7260.00m,3.238016529,
2545,10/30/2023 13:03,-0.009952434,2040.00m,-10.19705882,
2546,10/30/2023 14:22,0.009953898,4740.00m,4.34556962,
2547,10/30/2023 14:44,-0.007673912,1320.00m,-12.15,
2548,10/30/2023 15:21,0.005751483,2220.00m,5.372972973,
2549,10/30/2023 17:19,-0.018585425,7080.00m,-5.475423729,
2550,10/31/2023 0:43,0.014584805,26640.00m,1.120720721,
2551,10/31/2023 5:16,-0.012532031,16380.00m,-1.589010989,
2552,10/31/2023 6:14,0.005222123,3480.00m,3.077586207,
2553,10/31/2023 8:06,-0.007942375,6720.00m,-2.436607143,
2554,10/31/2023 11:53,0.013641524,13620.00m,2.04845815,
2555,10/31/2023 14:05,-0.011368339,7920.00m,-2.975757576,
2556,10/31/2023 14:17,0.00632917,720.00m,18.01666667,
2557,10/31/2023 14:38,-0.005495193,1260.00m,-8.995238095,
2558,10/31/2023 15:00,0.005657187,1320.00m,8.790909091,
2559,10/31/2023 15:16,-0.004973822,960.00m,-10.6875,
2560,10/31/2023 15:34,0.00433804,1080.00m,8.244444444,
2561,10/31/2023 15:43,-0.004074814,540.00m,-15.55555556,
2562,10/31/2023 19:01,0.011748409,11880.00m,2.03030303,
2563,10/31/2023 19:25,-0.004639017,1440.00m,-6.691666667,
2564,10/31/2023 21:20,0.007783208,6900.00m,2.332173913,
2565,10/31/2023 21:49,-0.007959225,1740.00m,-9.531034483,
2566,10/31/2023 23:57,0.006571729,7680.00m,1.76875,
2567,11/1/2023 6:05,-0.009749978,22080.00m,-0.91875,
2568,11/1/2023 7:46,0.005090437,6060.00m,1.730693069,
2569,11/1/2023 12:28,-0.004511252,16920.00m,-0.55212766,
2570,11/1/2023 13:21,0.024209791,3180.00m,15.69433962,
2571,11/1/2023 13:49,-0.021023137,1680.00m,-26.42142857,
2572,11/1/2023 14:25,0.006008708,2160.00m,5.75,
2573,11/1/2023 14:56,-0.014614652,1860.00m,-16.33870968,
2574,11/1/2023 16:36,0.011370258,6000.00m,3.883,
2575,11/1/2023 17:32,-0.004400848,3360.00m,-2.714285714,
2576,11/1/2023 18:36,0.009547268,3840.00m,5.1296875,
2577,11/1/2023 18:48,-0.006682971,720.00m,-19.33333333,
2578,11/1/2023 19:06,0.00506045,1080.00m,9.694444444,
2579,11/1/2023 19:14,-0.004128964,480.00m,-17.8875,
2580,11/1/2023 19:30,0.005473062,960.00m,11.80625,
2581,11/1/2023 19:52,-0.00579194,1320.00m,-9.136363636,
2582,11/1/2023 21:04,0.03096886,4320.00m,14.84027778,
2583,11/1/2023 21:09,-0.009367207,300.00m,-66.64,
2584,11/1/2023 21:17,0.007333055,480.00m,32.3,
2585,11/1/2023 21:43,-0.008769978,1560.00m,-11.97307692,
2586,11/1/2023 22:05,0.009603579,1320.00m,15.35909091,
2587,11/1/2023 22:42,-0.00875215,2220.00m,-8.402702703,
2588,11/2/2023 0:23,0.012228855,6060.00m,4.263366337,
2589,11/2/2023 0:43,-0.007387269,1200.00m,-13.165,
2590,11/2/2023 2:47,0.015466759,7440.00m,4.412903226,
2591,11/2/2023 3:03,-0.007465283,960.00m,-16.7625,
2592,11/2/2023 3:18,0.004299163,900.00m,10.22,
2593,11/2/2023 6:21,-0.019923823,10980.00m,-3.898907104,
2594,11/2/2023 7:37,0.006812373,4560.00m,3.146052632,
2595,11/2/2023 8:11,-0.006443671,2040.00m,-6.697058824,
2596,11/2/2023 10:31,0.01069802,8400.00m,2.682857143,
2597,11/2/2023 11:14,-0.004785134,2580.00m,-3.948837209,
2598,11/2/2023 12:49,0.004020943,5700.00m,1.494736842,
2599,11/2/2023 14:35,-0.019006066,6360.00m,-6.35754717,
2600,11/2/2023 14:53,0.004881667,1080.00m,9.433333333,
2601,11/2/2023 15:31,-0.011072011,2280.00m,-10.18421053,
2602,11/2/2023 15:46,0.005479373,900.00m,12.62666667,
2603,11/2/2023 16:30,-0.010579651,2640.00m,-8.356818182,
2604,11/2/2023 20:18,0.020236887,13680.00m,3.052192982,
2605,11/2/2023 23:11,-0.01013864,10380.00m,-2.056069364,
2606,11/2/2023 23:59,0.006110361,2880.00m,4.420833333,
2607,11/3/2023 1:18,-0.015898638,4740.00m,-7.03164557,
2608,11/3/2023 2:31,0.009286134,4380.00m,4.373972603,
2609,11/3/2023 4:56,-0.010805702,8700.00m,-2.586206897,
2610,11/3/2023 6:27,0.006804762,5460.00m,2.567032967,
2611,11/3/2023 7:42,-0.005751899,4500.00m,-2.650666667,
2612,11/3/2023 8:22,0.007181997,2400.00m,6.17,
2613,11/3/2023 10:19,-0.013738605,7020.00m,-4.064102564,
2614,11/3/2023 15:36,0.020688443,19020.00m,2.227760252,
2615,11/3/2023 17:44,-0.014445541,7680.00m,-3.93203125,
2616,11/3/2023 18:31,0.007123324,2820.00m,5.204255319,
2617,11/3/2023 19:20,-0.004661317,2940.00m,-3.289795918,
2618,11/3/2023 21:30,0.007788782,7800.00m,2.062307692,
2619,11/3/2023 22:22,-0.00400987,3120.00m,-2.675,
2620,11/4/2023 2:00,0.006243072,13080.00m,0.989449541,
2621,11/4/2023 5:10,-0.005419088,11400.00m,-0.991578947,
2622,11/4/2023 6:08,0.010642728,3480.00m,6.344827586,
2623,11/4/2023 6:31,-0.006550181,1380.00m,-9.952173913,
2624,11/4/2023 7:27,0.004012478,3360.00m,2.4875,
2625,11/4/2023 8:02,-0.0041944,2100.00m,-4.177142857,
2626,11/4/2023 8:55,0.004272569,3180.00m,2.798113208,
2627,11/4/2023 15:17,-0.006113357,22920.00m,-0.557853403,
2628,11/4/2023 23:07,0.017433973,28200.00m,1.285106383,
2629,11/5/2023 0:13,-0.008834293,3960.00m,-4.718181818,
2630,11/5/2023 2:02,0.004304818,6540.00m,1.379816514,
2631,11/5/2023 2:21,-0.004158117,1140.00m,-7.678947368,
2632,11/5/2023 4:02,0.010895167,6060.00m,3.769306931,
2633,11/5/2023 6:53,-0.007606985,10260.00m,-1.571345029,
2634,11/5/2023 8:06,0.004304775,4380.00m,2.067123288,
2635,11/5/2023 8:50,-0.004808976,2640.00m,-3.847727273,
2636,11/5/2023 12:32,0.004318452,13320.00m,0.681531532,
2637,11/5/2023 14:12,-0.010347572,6000.00m,-3.641,
2638,11/5/2023 17:13,0.012974221,10860.00m,2.496132597,
2639,11/5/2023 21:52,-0.020476432,16740.00m,-2.588888889,
2640,11/5/2023 23:04,0.023040368,4320.00m,11.05694444,
2641,11/6/2023 0:11,-0.011839258,4020.00m,-6.246268657,
2642,11/6/2023 1:10,0.005757229,3540.00m,3.408474576,
2643,11/6/2023 3:16,-0.008132396,7560.00m,-2.267460317,
2644,11/6/2023 4:05,0.005099669,2940.00m,3.626530612,
2645,11/6/2023 5:30,-0.007797711,5100.00m,-3.212941176,
2646,11/6/2023 10:39,0.015611511,18540.00m,1.75566343,
2647,11/6/2023 11:12,-0.004890557,1980.00m,-5.23030303,
2648,11/6/2023 12:37,0.004228372,5100.00m,1.747058824,
2649,11/6/2023 13:47,-0.009643193,4200.00m,-4.858571429,
2650,11/6/2023 15:12,0.00841438,5100.00m,3.457647059,
2651,11/6/2023 18:19,-0.011123666,11220.00m,-2.095187166,
2652,11/6/2023 19:52,0.008061923,5580.00m,3.019354839,
2653,11/6/2023 21:21,-0.005451252,5340.00m,-2.150561798,
2654,11/6/2023 22:34,0.00673257,4380.00m,3.220547945,
2655,11/7/2023 3:00,-0.009603213,15960.00m,-1.269172932,
2656,11/7/2023 8:08,0.004876886,18480.00m,0.551298701,
2657,11/7/2023 9:40,-0.006833947,5520.00m,-2.598913043,
2658,11/7/2023 9:51,0.004716818,660.00m,14.9,
2659,11/7/2023 10:52,-0.009569803,3660.00m,-5.47704918,
2660,11/7/2023 11:23,0.004540486,1860.00m,5.064516129,
2661,11/7/2023 12:12,-0.005573661,2940.00m,-3.951020408,
2662,11/7/2023 14:57,0.008621588,9900.00m,1.804848485,
2663,11/7/2023 17:05,-0.006736703,7680.00m,-1.83359375,
2664,11/7/2023 18:16,0.023936332,4260.00m,11.66619718,
2665,11/7/2023 18:29,-0.007177006,780.00m,-19.56153846,
2666,11/7/2023 18:51,0.009579769,1320.00m,15.31818182,
2667,11/7/2023 19:05,-0.00425732,840.00m,-10.8,
2668,11/7/2023 19:12,0.005041836,420.00m,25.47142857,
2669,11/7/2023 19:32,-0.005241627,1200.00m,-9.315,
2670,11/7/2023 20:05,0.005877345,1980.00m,6.296969697,
2671,11/7/2023 20:28,-0.005308754,1380.00m,-8.208695652,
2672,11/7/2023 20:56,0.014459323,1680.00m,18.26785714,
2673,11/7/2023 22:36,-0.018232432,6000.00m,-6.543,
2674,11/7/2023 22:50,0.006011529,840.00m,15.12857143,
2675,11/7/2023 23:01,-0.005318234,660.00m,-17.13636364,
2676,11/7/2023 23:56,0.00536936,3300.00m,3.441818182,
2677,11/8/2023 0:38,-0.00478207,2520.00m,-4.035714286,
2678,11/8/2023 1:30,0.004459198,3120.00m,3.025,
2679,11/8/2023 6:19,-0.006615358,17340.00m,-0.811072664,
2680,11/8/2023 13:05,0.00792936,24360.00m,0.687438424,
2681,11/8/2023 15:25,-0.009270691,8400.00m,-2.349285714,
2682,11/8/2023 16:54,0.009007497,5340.00m,3.557303371,
2683,11/8/2023 17:35,-0.006003085,2460.00m,-5.192682927,
2684,11/8/2023 19:16,0.014433142,6060.00m,5.037623762,
2685,11/8/2023 19:29,-0.00583317,780.00m,-16.04615385,
2686,11/8/2023 19:48,0.006081165,1140.00m,11.37894737,
2687,11/8/2023 19:53,-0.004249537,300.00m,-30.4,
2688,11/8/2023 20:13,0.004273288,1200.00m,7.61,
2689,11/8/2023 20:37,-0.008211067,1440.00m,-12.2375,
2690,11/8/2023 21:08,0.009420692,1860.00m,10.78064516,
2691,11/8/2023 21:41,-0.011189831,1980.00m,-12.14242424,
2692,11/8/2023 22:20,0.014502127,2340.00m,13.16666667,
2693,11/8/2023 22:21,-0.00620231,60.00m,-222.8,
2694,11/8/2023 22:27,0.004179354,360.00m,24.86666667,
2695,11/8/2023 22:42,-0.004145222,900.00m,-9.906666667,
2696,11/8/2023 23:45,0.011498632,3780.00m,6.515873016,
2697,11/9/2023 0:06,-0.014907063,1260.00m,-25.63333333,
2698,11/9/2023 1:47,0.014837471,6060.00m,5.225742574,
2699,11/9/2023 2:02,-0.006565115,900.00m,-15.8,
2700,11/9/2023 2:37,0.018383901,2100.00m,18.83714286,
2701,11/9/2023 2:52,-0.007001221,900.00m,-17.04666667,
2702,11/9/2023 4:40,0.015631506,6480.00m,5.249074074,
2703,11/9/2023 5:30,-0.008120347,3000.00m,-5.982,
2704,11/9/2023 6:22,0.007603813,3120.00m,5.342307692,
2705,11/9/2023 7:55,-0.007225885,5580.00m,-2.860215054,
2706,11/9/2023 10:21,0.011976654,8760.00m,2.997945205,
2707,11/9/2023 11:13,-0.008722738,3120.00m,-6.203846154,
2708,11/9/2023 13:09,0.009143181,6960.00m,2.889655172,
2709,11/9/2023 13:30,-0.004595042,1260.00m,-8.095238095,
2710,11/9/2023 14:12,0.025427411,2520.00m,22.2952381,
2711,11/9/2023 14:17,-0.006837417,300.00m,-51.64,
2712,11/9/2023 14:23,0.004940727,360.00m,30.88333333,
2713,11/9/2023 14:27,-0.004632541,240.00m,-43.65,
2714,11/9/2023 14:53,0.012984036,1560.00m,18.73461538,
2715,11/9/2023 15:05,-0.00741269,720.00m,-23.475,
2716,11/9/2023 15:09,0.005424077,240.00m,51.15,
2717,11/9/2023 15:28,-0.017806056,1140.00m,-35.54210526,
2718,11/9/2023 15:38,0.008252349,600.00m,30.74,
2719,11/9/2023 16:12,-0.033809582,2040.00m,-37.34705882,
2720,11/9/2023 16:15,0.011612782,180.00m,140.4666667,
2721,11/9/2023 16:16,-0.005301152,60.00m,-194.6,
2722,11/9/2023 16:19,0.005452643,180.00m,66.36666667,
2723,11/9/2023 16:37,-0.024900922,1080.00m,-50.78888889,
2724,11/9/2023 16:39,0.008218038,120.00m,147.1,
2725,11/9/2023 16:40,-0.004729383,60.00m,-170.7,
2726,11/9/2023 17:05,0.016273787,1500.00m,23.384,
2727,11/9/2023 17:23,-0.012860406,1080.00m,-26.08333333,
2728,11/9/2023 17:57,0.018197509,2040.00m,19.28823529,
2729,11/9/2023 19:22,-0.013533658,5100.00m,-5.842352941,
2730,11/9/2023 19:32,0.004795964,600.00m,17.36,
2731,11/9/2023 19:42,-0.005240482,600.00m,-19.06,
2732,11/9/2023 19:59,0.006064107,1020.00m,12.90588235,
2733,11/9/2023 20:35,-0.006703389,2160.00m,-6.777777778,
2734,11/9/2023 21:11,0.015438868,2160.00m,15.50555556,
2735,11/9/2023 21:21,-0.004867393,600.00m,-17.87,
2736,11/9/2023 21:25,0.006191323,240.00m,56.55,
2737,11/9/2023 21:53,-0.007948598,1680.00m,-10.43571429,
2738,11/9/2023 22:16,0.007101922,1380.00m,11.26086957,
2739,11/9/2023 22:44,-0.005595186,1680.00m,-7.339285714,
2740,11/9/2023 22:50,0.004243959,360.00m,25.83333333,
2741,11/9/2023 23:03,-0.00415241,780.00m,-11.71538462,
2742,11/9/2023 23:54,0.007312759,3060.00m,5.237254902,
2743,11/10/2023 1:01,-0.008450138,4020.00m,-4.640298507,
2744,11/10/2023 3:13,0.012515967,7920.00m,3.459090909,
2745,11/10/2023 8:17,-0.015076615,18240.00m,-1.831907895,
2746,11/10/2023 11:09,0.016940115,10320.00m,3.583139535,
2747,11/10/2023 11:23,-0.004792229,840.00m,-12.66428571,
2748,11/10/2023 11:35,0.008799542,720.00m,27,
2749,11/10/2023 11:45,-0.004765225,600.00m,-17.7,
2750,11/10/2023 12:07,0.005648266,1320.00m,9.490909091,
2751,11/10/2023 12:20,-0.007857241,780.00m,-22.46923077,
2752,11/10/2023 13:11,0.0101996,3060.00m,7.376470588,
2753,11/10/2023 14:10,-0.01054482,3540.00m,-6.659322034,
2754,11/10/2023 15:12,0.008644564,3720.00m,5.140322581,
2755,11/10/2023 15:45,-0.00613944,1980.00m,-6.918181818,
2756,11/10/2023 16:29,0.013261178,2640.00m,11.13863636,
2757,11/10/2023 18:19,-0.007372969,6600.00m,-2.51,
2758,11/10/2023 19:16,0.006537266,3420.00m,4.263157895,
2759,11/10/2023 20:16,-0.007911371,3600.00m,-4.933333333,
2760,11/10/2023 21:37,0.007276695,4860.00m,3.334567901,
2761,11/10/2023 22:44,-0.005694249,4020.00m,-3.17761194,
2762,11/10/2023 23:16,0.008801448,1920.00m,10.225,
2763,11/11/2023 2:20,-0.014964176,11040.00m,-3.05,
2764,11/11/2023 3:00,0.005484317,2400.00m,5.065,
2765,11/11/2023 4:31,-0.004872888,5460.00m,-1.989010989,
2766,11/11/2023 5:24,0.005056367,3180.00m,3.526415094,
2767,11/11/2023 11:19,-0.00520051,21300.00m,-0.544225352,
2768,11/11/2023 14:52,0.00907,12780.00m,1.57370892,
2769,11/11/2023 15:53,-0.006494656,3660.00m,-3.970491803,
2770,11/11/2023 19:50,0.004089069,14220.00m,0.639240506,
2771,11/11/2023 22:12,-0.011058694,8520.00m,-2.897183099,
2772,11/11/2023 22:48,0.005161715,2160.00m,5.275,
2773,11/11/2023 23:14,-0.004637642,1560.00m,-6.596153846,
2774,11/12/2023 0:01,0.010864338,2820.00m,8.508510638,
2775,11/12/2023 0:49,-0.011110394,2880.00m,-8.6125,
2776,11/12/2023 1:51,0.006500883,3720.00m,3.858064516,
2777,11/12/2023 2:34,-0.004069212,2580.00m,-3.504651163,
2778,11/12/2023 7:43,0.008581073,18540.00m,1.024271845,
2779,11/12/2023 13:06,-0.006010753,19380.00m,-0.692260062,
2780,11/12/2023 15:01,0.007385792,6900.00m,2.374782609,
2781,11/12/2023 18:09,-0.004426905,11280.00m,-0.87712766,
2782,11/12/2023 18:48,0.004325246,2340.00m,4.112820513,
2783,11/12/2023 23:35,-0.006994227,17220.00m,-0.907665505,
2784,11/13/2023 0:17,0.004447809,2520.00m,3.916666667,
2785,11/13/2023 0:24,-0.004169695,420.00m,-22.12857143,
2786,11/13/2023 1:18,0.011336943,3240.00m,7.766666667,
2787,11/13/2023 6:35,-0.015406204,19020.00m,-1.81829653,
2788,11/13/2023 8:53,0.006167695,8280.00m,1.646376812,
2789,11/13/2023 12:23,-0.01041973,12600.00m,-1.839047619,
2790,11/13/2023 13:00,0.008037494,2220.00m,7.967567568,
2791,11/13/2023 14:46,-0.00974768,6360.00m,-3.4,
2792,11/13/2023 15:00,0.006896552,840.00m,18.03571429,
2793,11/13/2023 15:12,-0.00420453,720.00m,-12.91666667,
2794,11/13/2023 16:29,0.009125579,4620.00m,4.350649351,
2795,11/13/2023 18:09,-0.010983938,6000.00m,-4.069,
2796,11/13/2023 20:04,0.007377566,6900.00m,2.350434783,
2797,11/13/2023 21:17,-0.011100454,4380.00m,-5.612328767,
2798,11/13/2023 21:26,0.005148129,540.00m,20.87777778,
2799,11/13/2023 21:34,-0.007910245,480.00m,-36.275,
2800,11/13/2023 22:35,0.006363267,3660.00m,3.796721311,
2801,11/14/2023 0:20,-0.009664737,6300.00m,-3.371428571,
2802,11/14/2023 0:37,0.005017368,1020.00m,10.70588235,
2803,11/14/2023 0:58,-0.005916722,1260.00m,-10.27142857,
2804,11/14/2023 8:55,0.014826036,28620.00m,1.126415094,
2805,11/14/2023 12:42,-0.014590403,13620.00m,-2.363876652,
2806,11/14/2023 13:33,0.012099556,3060.00m,8.598039216,
2807,11/14/2023 14:01,-0.0052727,1680.00m,-6.907142857,
2808,11/14/2023 14:46,0.005917322,2700.00m,4.797777778,
2809,11/14/2023 15:34,-0.019396763,2880.00m,-14.83125,
2810,11/14/2023 16:37,0.012433975,3780.00m,7.103174603,
2811,11/14/2023 17:17,-0.00777768,2400.00m,-7.085,
2812,11/14/2023 17:26,0.005108673,540.00m,20.52222222,
2813,11/14/2023 18:53,-0.042428362,5220.00m,-17.72183908,
2814,11/14/2023 18:57,0.014213828,240.00m,123.65,
2815,11/14/2023 19:03,-0.004445805,360.00m,-26.15,
2816,11/14/2023 19:17,0.009605861,840.00m,24.10714286,
2817,11/14/2023 19:20,-0.004039772,180.00m,-47.76666667,
2818,11/14/2023 19:43,0.004528857,1380.00m,6.956521739,
2819,11/14/2023 20:00,-0.007100792,1020.00m,-14.82352941,
2820,11/14/2023 20:21,0.007077788,1260.00m,11.87619048,
2821,11/14/2023 21:16,-0.006943505,3300.00m,-4.48,
2822,11/14/2023 22:11,0.011336549,3300.00m,7.263636364,
2823,11/14/2023 22:24,-0.004161113,780.00m,-11.40769231,
2824,11/14/2023 23:07,0.005499955,2580.00m,4.539534884,
2825,11/15/2023 0:38,-0.004973884,5460.00m,-1.950549451,
2826,11/15/2023 1:16,0.004260904,2280.00m,3.981578947,
2827,11/15/2023 3:55,-0.007066702,9540.00m,-1.58490566,
2828,11/15/2023 9:24,0.015439926,19740.00m,1.661702128,
2829,11/15/2023 10:23,-0.005356711,3540.00m,-3.26440678,
2830,11/15/2023 12:40,0.017384229,8220.00m,4.537956204,
2831,11/15/2023 13:33,-0.009822999,3180.00m,-6.743396226,
2832,11/15/2023 14:21,0.005329396,2880.00m,4,
2833,11/15/2023 14:41,-0.00526525,1200.00m,-9.535,
2834,11/15/2023 16:02,0.013792089,4860.00m,6.134567901,
2835,11/15/2023 17:08,-0.006592781,3960.00m,-3.648484848,
2836,11/15/2023 18:11,0.029205711,3780.00m,16.82063492,
2837,11/15/2023 18:13,-0.008199509,120.00m,-153.1,
2838,11/15/2023 18:23,0.009898076,600.00m,36.66,
2839,11/15/2023 18:24,-0.016083798,60.00m,-601.6,
2840,11/15/2023 18:29,0.00989335,300.00m,72.82,
2841,11/15/2023 18:34,-0.006710326,300.00m,-49.88,
2842,11/15/2023 19:07,0.023455192,1980.00m,26.23939394,
2843,11/15/2023 19:21,-0.013905688,840.00m,-37.52857143,
2844,11/15/2023 19:30,0.008653245,540.00m,35.82222222,
2845,11/15/2023 19:48,-0.00766097,1080.00m,-15.99444444,
2846,11/15/2023 20:11,0.015102354,1380.00m,24.48695652,
2847,11/15/2023 20:40,-0.012980975,1740.00m,-16.94482759,
2848,11/15/2023 21:09,0.007911359,1740.00m,10.19310345,
2849,11/15/2023 21:16,-0.004256551,420.00m,-22.9,
2850,11/15/2023 21:47,0.006450787,1860.00m,7.803225806,
2851,11/15/2023 22:18,-0.005842422,1860.00m,-7.112903226,
2852,11/15/2023 22:43,0.009578713,1500.00m,14.376,
2853,11/15/2023 23:23,-0.006190586,2400.00m,-5.8625,
2854,11/15/2023 23:56,0.008641116,1980.00m,9.857575758,
2855,11/16/2023 0:41,-0.00689212,2700.00m,-5.815555556,
2856,11/16/2023 0:50,0.005431035,540.00m,22.75555556,
2857,11/16/2023 2:02,-0.0137258,4320.00m,-7.227777778,
2858,11/16/2023 3:12,0.004380429,4200.00m,2.34,
2859,11/16/2023 4:25,-0.005072236,4380.00m,-2.609589041,
2860,11/16/2023 4:38,0.004388911,780.00m,12.61538462,
2861,11/16/2023 5:21,-0.00473743,2580.00m,-4.134883721,
2862,11/16/2023 7:04,0.007736975,6180.00m,2.805825243,
2863,11/16/2023 8:27,-0.010451064,4980.00m,-4.739759036,
2864,11/16/2023 8:49,0.00454244,1320.00m,7.690909091,
2865,11/16/2023 9:07,-0.004933468,1080.00m,-10.25555556,
2866,11/16/2023 9:30,0.006378699,1380.00m,10.32608696,
2867,11/16/2023 9:47,-0.005222733,1020.00m,-11.51176471,
2868,11/16/2023 11:28,0.007645855,6060.00m,2.821782178,
2869,11/16/2023 11:53,-0.010423295,1500.00m,-15.66,
2870,11/16/2023 12:10,0.004810512,1020.00m,10.51764706,
2871,11/16/2023 12:29,-0.006758168,1140.00m,-13.28421053,
2872,11/16/2023 12:49,0.004124545,1200.00m,7.65,
2873,11/16/2023 13:48,-0.012403351,3540.00m,-7.830508475,
2874,11/16/2023 13:52,0.004183657,240.00m,38.475,
2875,11/16/2023 14:26,-0.011405012,2040.00m,-12.39117647,
2876,11/16/2023 15:32,0.011120361,3960.00m,6.153030303,
2877,11/16/2023 15:46,-0.015610147,840.00m,-41.17142857,
2878,11/16/2023 15:49,0.004134994,180.00m,50.1,
2879,11/16/2023 15:54,-0.004252218,300.00m,-31.04,
2880,11/16/2023 16:40,0.00866182,2760.00m,6.843478261,
2881,11/16/2023 18:24,-0.014588823,6240.00m,-5.142307692,
2882,11/16/2023 18:37,0.00538709,780.00m,14.96923077,
2883,11/16/2023 18:50,-0.005217798,780.00m,-14.57692308,
2884,11/16/2023 19:01,0.004434172,660.00m,14.56363636,
2885,11/16/2023 19:39,-0.021182903,2280.00m,-20.22894737,
2886,11/16/2023 20:07,0.01509009,1680.00m,19.14285714,
2887,11/16/2023 20:15,-0.009876304,480.00m,-44.5125,
2888,11/16/2023 20:35,0.010308152,1200.00m,18.4,
2889,11/16/2023 21:08,-0.005791854,1980.00m,-6.33030303,
2890,11/16/2023 21:21,0.004777043,780.00m,13.17692308,
2891,11/16/2023 21:29,-0.004002187,480.00m,-18.025,
2892,11/16/2023 22:57,0.010917876,5280.00m,4.452272727,
2893,11/16/2023 23:16,-0.006725858,1140.00m,-12.84210526,
2894,11/17/2023 2:29,0.017097788,11580.00m,3.192227979,
2895,11/17/2023 3:20,-0.008919509,3060.00m,-6.409803922,
2896,11/17/2023 4:39,0.005674075,4740.00m,2.608860759,
2897,11/17/2023 5:35,-0.006977979,3360.00m,-4.551785714,
2898,11/17/2023 6:33,0.005155165,3480.00m,3.224137931,
2899,11/17/2023 8:14,-0.007161017,6060.00m,-2.585148515,
2900,11/17/2023 9:17,0.007149132,3780.00m,4.107936508,
2901,11/17/2023 10:26,-0.008017225,4140.00m,-4.236231884,
2902,11/17/2023 11:36,0.008441467,4200.00m,4.361428571,
2903,11/17/2023 12:24,-0.005735907,2880.00m,-4.358333333,
2904,11/17/2023 13:09,0.010059896,2700.00m,8.106666667,
2905,11/17/2023 14:54,-0.019649117,6300.00m,-6.854285714,
2906,11/17/2023 15:18,0.007001245,1440.00m,10.475,
2907,11/17/2023 15:55,-0.005207512,2220.00m,-5.089189189,
2908,11/17/2023 16:13,0.00643296,1080.00m,12.85555556,
2909,11/17/2023 16:38,-0.0072509,1500.00m,-10.5,
2910,11/17/2023 17:03,0.018536501,1500.00m,26.648,
2911,11/17/2023 17:04,-0.004510177,60.00m,-165.1,
2912,11/17/2023 17:08,0.005068467,240.00m,46.175,
2913,11/17/2023 17:18,-0.008682428,600.00m,-31.8,
2914,11/17/2023 18:03,0.006607414,2700.00m,5.331111111,
2915,11/17/2023 18:49,-0.004035833,2760.00m,-3.206521739,
2916,11/17/2023 19:15,0.005288447,1560.00m,7.403846154,
2917,11/17/2023 19:52,-0.008914371,2220.00m,-8.816216216,
2918,11/17/2023 20:15,0.006157214,1380.00m,9.708695652,
2919,11/17/2023 20:38,-0.00422311,1380.00m,-6.7,
2920,11/17/2023 21:02,0.00529233,1440.00m,8.0125,
2921,11/17/2023 21:30,-0.004788121,1680.00m,-6.246428571,
2922,11/17/2023 23:08,0.009820372,5880.00m,3.642857143,
2923,11/18/2023 7:04,-0.013293381,28560.00m,-1.025210084,
2924,11/18/2023 11:14,0.008610789,15000.00m,1.2476,
2925,11/18/2023 13:22,-0.004294641,7680.00m,-1.22578125,
2926,11/18/2023 16:12,0.013148418,10200.00m,2.813529412,
2927,11/18/2023 17:55,-0.00656622,6180.00m,-2.349514563,
2928,11/18/2023 19:05,0.004719596,4200.00m,2.468571429,
2929,11/19/2023 1:32,-0.010169602,23220.00m,-0.966666667,
2930,11/19/2023 8:25,0.008140174,24780.00m,0.717675545,
2931,11/19/2023 11:21,-0.008616556,10560.00m,-1.797159091,
2932,11/19/2023 20:02,0.018014899,31260.00m,1.258349328,
2933,11/19/2023 20:30,-0.005868111,1680.00m,-7.764285714,
2934,11/19/2023 23:23,0.018566235,10380.00m,3.952601156,
2935,11/19/2023 23:29,-0.004374355,360.00m,-27.35,
2936,11/19/2023 23:42,0.004447122,780.00m,12.77692308,
2937,11/20/2023 0:33,-0.009041452,3060.00m,-6.650980392,
2938,11/20/2023 1:44,0.004995037,4260.00m,2.615492958,
2939,11/20/2023 3:47,-0.007828684,7380.00m,-2.37804878,
2940,11/20/2023 4:49,0.004310752,3720.00m,2.577419355,
2941,11/20/2023 5:47,-0.004614571,3480.00m,-2.962068966,
2942,11/20/2023 7:58,0.005828685,7860.00m,1.648854962,
2943,11/20/2023 8:44,-0.005140298,2760.00m,-4.165217391,
2944,11/20/2023 11:07,0.008721095,8580.00m,2.261538462,
2945,11/20/2023 13:06,-0.008835505,7140.00m,-2.777310924,
2946,11/20/2023 13:24,0.004620314,1080.00m,9.516666667,
2947,11/20/2023 14:14,-0.009576687,3000.00m,-7.134,
2948,11/20/2023 14:58,0.016007048,2640.00m,13.42045455,
2949,11/20/2023 15:03,-0.004818506,300.00m,-36.12,
2950,11/20/2023 15:13,0.004321727,600.00m,16.12,
2951,11/20/2023 15:36,-0.005389591,1380.00m,-8.77826087,
2952,11/20/2023 16:04,0.010217611,1680.00m,13.59642857,
2953,11/20/2023 17:28,-0.018868275,5040.00m,-8.454761905,
2954,11/20/2023 17:51,0.022737796,1380.00m,36.50869565,
2955,11/20/2023 18:20,-0.010333762,1740.00m,-13.45862069,
2956,11/20/2023 18:32,0.00659727,720.00m,20.55,
2957,11/20/2023 18:46,-0.00525173,840.00m,-14.11428571,
2958,11/20/2023 18:52,0.006174505,360.00m,38.51666667,
2959,11/20/2023 19:13,-0.004413264,1260.00m,-7.914285714,
2960,11/20/2023 19:34,0.006398528,1260.00m,11.42380952,
2961,11/20/2023 21:30,-0.011287232,6960.00m,-3.671551724,
2962,11/20/2023 22:26,0.007167556,3360.00m,4.775,
2963,11/20/2023 22:48,-0.005482456,1320.00m,-9.363636364,
2964,11/20/2023 23:12,0.006730285,1440.00m,10.47916667,
2965,11/21/2023 0:52,-0.007729951,6000.00m,-2.908,
2966,11/21/2023 1:58,0.008564364,3960.00m,4.843939394,
2967,11/21/2023 7:58,-0.010297805,21600.00m,-1.076944444,
2968,11/21/2023 8:58,0.004707322,3600.00m,2.923333333,
2969,11/21/2023 15:12,-0.031164772,22440.00m,-3.119518717,
2970,11/21/2023 15:52,0.025646681,2400.00m,23.255,
2971,11/21/2023 16:04,-0.010454301,720.00m,-32.40833333,
2972,11/21/2023 16:13,0.006476307,540.00m,26.48888889,
2973,11/21/2023 16:33,-0.004979824,1200.00m,-9.225,
2974,11/21/2023 16:52,0.01071477,1140.00m,20.78947368,
2975,11/21/2023 16:56,-0.004514224,240.00m,-42.05,
2976,11/21/2023 17:21,0.010762487,1500.00m,15.968,
2977,11/21/2023 17:45,-0.018484436,1440.00m,-28.875,
2978,11/21/2023 17:55,0.005924235,600.00m,21.8,
2979,11/21/2023 18:11,-0.00749946,960.00m,-17.35,
2980,11/21/2023 18:33,0.006668772,1320.00m,11.13636364,
2981,11/21/2023 19:08,-0.005161775,2100.00m,-5.454285714,
2982,11/21/2023 19:22,0.008643066,840.00m,22.71428571,
2983,11/21/2023 20:07,-0.006927958,2700.00m,-5.713333333,
2984,11/21/2023 20:42,0.008536526,2100.00m,8.988571429,
2985,11/21/2023 23:06,-0.025026905,8640.00m,-6.459722222,
2986,11/21/2023 23:10,0.004150362,240.00m,37.6,
2987,11/21/2023 23:30,-0.009420636,1200.00m,-17.14,
2988,11/21/2023 23:32,0.004400007,120.00m,79.3,
2989,11/22/2023 0:00,-0.013360402,1680.00m,-17.275,
2990,11/22/2023 0:35,0.011584449,2100.00m,11.82285714,
2991,11/22/2023 0:46,-0.004347694,660.00m,-14.28181818,
2992,11/22/2023 7:33,0.015924063,24420.00m,1.407616708,
2993,11/22/2023 8:30,-0.004024635,3420.00m,-2.580701754,
2994,11/22/2023 10:02,0.009837155,5520.00m,3.892391304,
2995,11/22/2023 10:31,-0.005329032,1740.00m,-6.755172414,
2996,11/22/2023 10:54,0.004211678,1380.00m,6.695652174,
2997,11/22/2023 11:51,-0.007312291,3420.00m,-4.710526316,
2998,11/22/2023 13:05,0.004921743,4440.00m,2.424324324,
2999,11/22/2023 13:24,-0.004406236,1140.00m,-8.494736842,
3000,11/22/2023 14:12,0.004710915,2880.00m,3.579166667,
3001,11/22/2023 15:09,-0.010548494,3420.00m,-6.780701754,
3002,11/22/2023 15:32,0.010103768,1380.00m,15.92608696,
3003,11/22/2023 16:48,-0.00652647,4560.00m,-3.144736842,
3004,11/22/2023 19:08,0.028709962,8400.00m,7.460714286,
3005,11/22/2023 19:33,-0.008055983,1500.00m,-12.06,
3006,11/22/2023 21:31,0.019887351,7080.00m,6.256779661,
3007,11/22/2023 21:57,-0.008026433,1560.00m,-11.68846154,
3008,11/22/2023 22:11,0.005181251,840.00m,13.9,
3009,11/22/2023 23:25,-0.013079721,4440.00m,-6.672972973,
3010,11/23/2023 0:12,0.007337765,2820.00m,5.817021277,
3011,11/23/2023 0:54,-0.005901521,2520.00m,-5.273809524,
3012,11/23/2023 1:28,0.004733163,2040.00m,5.194117647,
3013,11/23/2023 3:10,-0.005940599,6120.00m,-2.183333333,
3014,11/23/2023 9:57,0.010242828,24420.00m,0.937837838,
3015,11/23/2023 11:24,-0.011350234,5220.00m,-4.911494253,
3016,11/23/2023 12:21,0.00786147,3420.00m,5.133333333,
3017,11/23/2023 15:54,-0.015712264,12780.00m,-2.76713615,
3018,11/23/2023 20:24,0.012317626,16200.00m,1.684444444,
3019,11/23/2023 22:25,-0.004277975,7260.00m,-1.321487603,
3020,11/24/2023 1:15,0.006886527,10200.00m,1.507647059,
3021,11/24/2023 4:03,-0.004627221,10080.00m,-1.032142857,
3022,11/24/2023 10:33,0.017822817,23400.00m,1.704615385,
3023,11/24/2023 11:00,-0.009951192,1620.00m,-13.99259259,
3024,11/24/2023 11:34,0.010793482,2040.00m,11.93235294,
3025,11/24/2023 11:35,-0.007661897,60.00m,-291.1,
3026,11/24/2023 11:45,0.0072675,600.00m,27.4,
3027,11/24/2023 11:56,-0.006635752,660.00m,-22.90909091,
3028,11/24/2023 12:25,0.006375235,1740.00m,8.293103448,
3029,11/24/2023 13:00,-0.007759861,2100.00m,-8.417142857,
3030,11/24/2023 13:16,0.004937616,960.00m,11.625,
3031,11/24/2023 13:38,-0.005658284,1320.00m,-9.736363636,
3032,11/24/2023 14:03,0.004428587,1500.00m,6.668,
3033,11/24/2023 14:30,-0.005382388,1620.00m,-7.537037037,
3034,11/24/2023 15:29,0.018159819,3540.00m,11.57457627,
3035,11/24/2023 15:31,-0.005372454,120.00m,-102.85,
3036,11/24/2023 15:39,0.008082516,480.00m,38.475,
3037,11/24/2023 15:51,-0.00638708,720.00m,-20.43333333,
3038,11/24/2023 16:09,0.005353285,1080.00m,11.34444444,
3039,11/24/2023 16:55,-0.019601554,2760.00m,-16.34130435,
3040,11/24/2023 17:36,0.00805111,2460.00m,7.382926829,
3041,11/24/2023 18:45,-0.007722955,4140.00m,-4.242028986,
3042,11/24/2023 21:18,0.00855419,9180.00m,2.102614379,
3043,11/24/2023 23:09,-0.009370139,6660.00m,-3.201801802,
3044,11/25/2023 3:24,0.007060809,15300.00m,1.040392157,
3045,11/25/2023 11:42,-0.006694169,29880.00m,-0.508634538,
3046,11/25/2023 20:03,0.007641224,30060.00m,0.573253493,
3047,11/26/2023 15:01,-0.015567901,68280.00m,-0.518101933,
3048,11/26/2023 15:41,0.005672796,2400.00m,5.2875,
3049,11/26/2023 17:01,-0.00936399,4800.00m,-4.38875,
3050,11/26/2023 18:12,0.004633369,4260.00m,2.423943662,
3051,11/26/2023 18:43,-0.004453889,1860.00m,-5.361290323,
3052,11/26/2023 20:49,0.01248469,7560.00m,3.680952381,
3053,11/26/2023 21:23,-0.004190007,2040.00m,-4.635294118,
3054,11/26/2023 22:10,0.007566272,2820.00m,6.029787234,
3055,11/26/2023 23:16,-0.011134341,3960.00m,-6.366666667,
3056,11/27/2023 1:06,0.006125582,6600.00m,2.078181818,
3057,11/27/2023 3:36,-0.009017911,9000.00m,-2.257333333,
3058,11/27/2023 6:22,0.005380433,9960.00m,1.206024096,
3059,11/27/2023 7:33,-0.009184931,4260.00m,-4.83943662,
3060,11/27/2023 9:46,0.010198163,7980.00m,2.842105263,
3061,11/27/2023 11:09,-0.012942166,4980.00m,-5.838554217,
3062,11/27/2023 11:51,0.00452665,2520.00m,3.983333333,
3063,11/27/2023 12:39,-0.005979605,2880.00m,-4.625,
3064,11/27/2023 12:50,0.004004964,660.00m,13.43636364,
3065,11/27/2023 13:52,-0.006318147,3720.00m,-3.775806452,
3066,11/27/2023 14:02,0.004853617,600.00m,17.87,
3067,11/27/2023 14:57,-0.006624933,3300.00m,-4.456363636,
3068,11/27/2023 15:16,0.007820089,1140.00m,15.12631579,
3069,11/27/2023 15:59,-0.007983498,2580.00m,-6.876744186,
3070,11/27/2023 17:10,0.010837379,4260.00m,5.608450704,
3071,11/27/2023 18:05,-0.007199513,3300.00m,-4.861818182,
3072,11/27/2023 18:31,0.005036069,1560.00m,7.142307692,
3073,11/27/2023 19:48,-0.007180306,4620.00m,-3.455844156,
3074,11/27/2023 20:18,0.004152896,1800.00m,5.093333333,
3075,11/27/2023 21:00,-0.004514648,2520.00m,-3.971428571,
3076,11/28/2023 0:44,0.015046384,13440.00m,2.470535714,
3077,11/28/2023 5:37,-0.012444754,17580.00m,-1.585665529,
3078,11/28/2023 7:53,0.007212138,8160.00m,1.955147059,
3079,11/28/2023 9:00,-0.005838268,4020.00m,-3.235820896,
3080,11/28/2023 17:47,0.035836663,31620.00m,2.510436433,
3081,11/28/2023 18:53,-0.00961023,3960.00m,-5.568181818,
3082,11/28/2023 19:42,0.012507591,2940.00m,9.667346939,
3083,11/28/2023 20:07,-0.00758605,1500.00m,-11.636,
3084,11/28/2023 20:57,0.005573395,3000.00m,4.242,
3085,11/29/2023 0:15,-0.015637127,11880.00m,-3.022222222,
3086,11/29/2023 1:02,0.010398333,2820.00m,8.334042553,
3087,11/29/2023 2:38,-0.006050781,5760.00m,-2.398958333,
3088,11/29/2023 8:57,0.013726874,22740.00m,1.370184697,
3089,11/29/2023 9:31,-0.0048709,2040.00m,-5.494117647,
3090,11/29/2023 9:51,0.004488594,1200.00m,8.565,
3091,11/29/2023 9:53,-0.005196336,120.00m,-99.6,
3092,11/29/2023 9:56,0.00413001,180.00m,52.5,
3093,11/29/2023 10:44,-0.009962656,2880.00m,-7.947916667,
3094,11/29/2023 12:39,0.009295333,6900.00m,3.064347826,
3095,11/29/2023 15:13,-0.017912445,9240.00m,-4.450649351,
3096,11/29/2023 15:41,0.007757095,1680.00m,10.41071429,
3097,11/29/2023 16:18,-0.00590441,2220.00m,-6.043243243,
3098,11/29/2023 17:54,0.00507087,5760.00m,1.988541667,
3099,11/29/2023 18:14,-0.004521993,1200.00m,-8.555,
3100,11/29/2023 19:10,0.006385035,3360.00m,4.294642857,
3101,11/29/2023 21:06,-0.008148955,6960.00m,-2.662931034,
3102,11/29/2023 23:44,0.006870083,9480.00m,1.634810127,
3103,11/30/2023 2:00,-0.004620127,8160.00m,-1.286029412,
3104,11/30/2023 4:15,0.011878603,8100.00m,3.315555556,
3105,11/30/2023 8:41,-0.01412056,15960.00m,-2.02406015,
3106,11/30/2023 13:45,0.009396016,18240.00m,1.161842105,
3107,11/30/2023 14:03,-0.011061154,1080.00m,-23.31666667,
3108,11/30/2023 14:32,0.006558487,1740.00m,8.486206897,
3109,11/30/2023 15:48,-0.006568705,4560.00m,-3.264473684,
3110,11/30/2023 22:12,0.007427662,23040.00m,0.72578125,
3111,11/30/2023 23:03,-0.005208912,3060.00m,-3.860784314,
3112,12/1/2023 4:42,0.016655276,20340.00m,1.847492625,
3113,12/1/2023 6:07,-0.00434214,5100.00m,-1.952941176,
3114,12/1/2023 10:04,0.019354245,14220.00m,3.108438819,
3115,12/1/2023 14:18,-0.014419843,15240.00m,-2.202755906,
3116,12/1/2023 16:34,0.019081514,8160.00m,5.365441176,
3117,12/1/2023 16:45,-0.007972615,660.00m,-28.24545455,
3118,12/1/2023 17:05,0.005271571,1200.00m,10.19,
3119,12/1/2023 17:34,-0.004178674,1740.00m,-5.6,
3120,12/1/2023 18:18,0.004139364,2640.00m,3.640909091,
3121,12/1/2023 19:25,-0.005812906,4020.00m,-3.371641791,
3122,12/1/2023 21:50,0.006149721,8700.00m,1.63862069,
3123,12/2/2023 0:17,-0.006518579,8820.00m,-1.723809524,
3124,12/2/2023 4:59,0.004761769,16920.00m,0.65212766,
3125,12/2/2023 8:20,-0.004027935,12060.00m,-0.77761194,
3126,12/2/2023 13:54,0.005102503,20040.00m,0.590419162,
3127,12/2/2023 15:04,-0.004010823,4200.00m,-2.225714286,
3128,12/2/2023 19:08,0.019168189,14640.00m,3.039344262,
3129,12/2/2023 19:09,-0.005242108,60.00m,-206.7,
3130,12/2/2023 19:12,0.010174893,180.00m,133.0333333,
3131,12/2/2023 19:19,-0.013959029,420.00m,-79.01428571,
3132,12/2/2023 19:30,0.007937036,660.00m,28.19090909,
3133,12/2/2023 19:36,-0.004372767,360.00m,-28.7,
3134,12/2/2023 21:02,0.010893213,5160.00m,4.96627907,
3135,12/2/2023 21:16,-0.005227703,840.00m,-14.8,
3136,12/2/2023 21:52,0.006893613,2160.00m,7.55,
3137,12/2/2023 22:53,-0.010088263,3660.00m,-6.56557377,
3138,12/3/2023 1:22,0.006132456,8940.00m,1.617449664,
3139,12/3/2023 3:12,-0.007197756,6600.00m,-2.587272727,
3140,12/3/2023 10:59,0.007219371,28020.00m,0.606852248,
3141,12/3/2023 12:54,-0.004238863,6900.00m,-1.457391304,
3142,12/3/2023 13:57,0.0096644,3780.00m,6.03968254,
3143,12/3/2023 14:25,-0.005006063,1680.00m,-7.107142857,
3144,12/3/2023 14:33,0.004042697,480.00m,19.9875,
3145,12/3/2023 15:20,-0.005277909,2820.00m,-4.459574468,
3146,12/3/2023 16:03,0.008404404,2580.00m,7.720930233,
3147,12/3/2023 17:45,-0.009777809,6120.00m,-3.818627451,
3148,12/3/2023 22:33,0.019071836,17280.00m,2.612152778,
3149,12/3/2023 22:43,-0.006980464,600.00m,-28.06,
3150,12/3/2023 23:10,0.00698444,1620.00m,10.32592593,
3151,12/3/2023 23:31,-0.01010297,1260.00m,-19.33809524,
3152,12/4/2023 1:47,0.026574516,8160.00m,7.775,
3153,12/4/2023 2:24,-0.008766776,2220.00m,-9.678378378,
3154,12/4/2023 3:29,0.009906321,3900.00m,6.170769231,
3155,12/4/2023 4:25,-0.004538963,3360.00m,-3.314285714,
3156,12/4/2023 5:23,0.020363692,3480.00m,14.29137931,
3157,12/4/2023 5:33,-0.006435738,600.00m,-26.73,
3158,12/4/2023 6:01,0.007487932,1680.00m,11.03571429,
3159,12/4/2023 6:09,-0.005310833,480.00m,-27.6,
3160,12/4/2023 6:22,0.009628917,780.00m,30.63076923,
3161,12/4/2023 7:44,-0.009953823,4920.00m,-5.068292683,
3162,12/4/2023 9:09,0.011340875,5100.00m,5.515294118,
3163,12/4/2023 9:58,-0.006032627,2940.00m,-5.146938776,
3164,12/4/2023 11:01,0.014066102,3780.00m,9.277777778,
3165,12/4/2023 11:14,-0.015332844,780.00m,-49.7,
3166,12/4/2023 11:16,0.004935867,120.00m,102.4,
3167,12/4/2023 11:20,-0.006885387,240.00m,-71.775,
3168,12/4/2023 11:31,0.006273862,660.00m,23.61818182,
3169,12/4/2023 11:37,-0.004552469,360.00m,-31.61666667,
3170,12/4/2023 12:24,0.008199132,2820.00m,7.236170213,
3171,12/4/2023 12:39,-0.005741258,900.00m,-16.00666667,
3172,12/4/2023 13:07,0.007809043,1680.00m,11.59642857,
3173,12/4/2023 14:35,-0.010132515,5280.00m,-4.825,
3174,12/4/2023 14:54,0.004537115,1140.00m,9.905263158,
3175,12/4/2023 15:34,-0.01147875,2400.00m,-11.9575,
3176,12/4/2023 15:44,0.006428745,600.00m,26.48,
3177,12/4/2023 16:02,-0.005608518,1080.00m,-12.91666667,
3178,12/4/2023 17:08,0.013303479,3960.00m,8.309090909,
3179,12/4/2023 18:11,-0.006020967,3780.00m,-3.992063492,
3180,12/4/2023 19:56,0.012902464,6300.00m,5.101904762,
3181,12/4/2023 21:13,-0.007896821,4620.00m,-4.312987013,
3182,12/4/2023 22:19,0.016182998,3960.00m,10.23030303,
3183,12/4/2023 23:30,-0.013868579,4260.00m,-8.281690141,
3184,12/4/2023 23:54,0.004661564,1440.00m,8.120833333,
3185,12/5/2023 0:21,-0.00606834,1620.00m,-9.440740741,
3186,12/5/2023 1:00,0.004421557,2340.00m,4.733333333,
3187,12/5/2023 1:32,-0.006836836,1920.00m,-8.959375,
3188,12/5/2023 1:58,0.004442001,1560.00m,7.115384615,
3189,12/5/2023 2:16,-0.004384109,1080.00m,-10.18888889,
3190,12/5/2023 5:41,0.006446656,12300.00m,1.309756098,
3191,12/5/2023 7:44,-0.011706188,7380.00m,-3.989430894,
3192,12/5/2023 8:07,0.005228436,1380.00m,9.417391304,
3193,12/5/2023 8:43,-0.004615322,2160.00m,-5.338888889,
3194,12/5/2023 10:22,0.007420685,5940.00m,3.107070707,
3195,12/5/2023 11:02,-0.004602568,2400.00m,-4.805,
3196,12/5/2023 13:16,0.011523537,8040.00m,3.574626866,
3197,12/5/2023 13:56,-0.005567698,2400.00m,-5.8525,
3198,12/5/2023 15:00,0.011479958,3840.00m,7.5,
3199,12/5/2023 15:08,-0.004643904,480.00m,-24.55,
3200,12/5/2023 15:44,0.007186024,2160.00m,8.402777778,
3201,12/5/2023 16:04,-0.005898849,1200.00m,-12.505,
3202,12/5/2023 16:16,0.005900636,720.00m,20.725,
3203,12/5/2023 16:19,-0.004630077,180.00m,-65.43333333,
3204,12/5/2023 17:15,0.025049526,3360.00m,18.87678571,
3205,12/5/2023 17:19,-0.006842744,240.00m,-74,
3206,12/5/2023 17:28,0.019508164,540.00m,93.12222222,
3207,12/5/2023 17:43,-0.012933908,900.00m,-37.76666667,
3208,12/5/2023 17:52,0.007369354,540.00m,35.4,
3209,12/5/2023 18:01,-0.00494355,540.00m,-23.92222222,
3210,12/5/2023 18:43,0.017998726,2520.00m,18.57142857,
3211,12/5/2023 19:01,-0.010179888,1080.00m,-24.95,
3212,12/5/2023 19:26,0.00688387,1500.00m,12.024,
3213,12/5/2023 19:47,-0.007994469,1260.00m,-16.73809524,
3214,12/5/2023 20:00,0.005287002,780.00m,17.73846154,
3215,12/5/2023 20:21,-0.008718955,1260.00m,-18.2047619,
3216,12/5/2023 21:47,0.017920289,5160.00m,9.056976744,
3217,12/5/2023 22:00,-0.009472556,780.00m,-32.23846154,
3218,12/5/2023 22:29,0.013779963,1740.00m,20.82413793,
3219,12/5/2023 23:33,-0.011224802,3840.00m,-7.7921875,
3220,12/5/2023 23:50,0.005356285,1020.00m,13.84117647,
3221,12/6/2023 0:34,-0.006905921,2640.00m,-6.931818182,
3222,12/6/2023 0:59,0.006735066,1500.00m,11.816,
3223,12/6/2023 2:34,-0.012172917,5700.00m,-5.657894737,
3224,12/6/2023 3:03,0.007020054,1740.00m,10.55862069,
3225,12/6/2023 4:44,-0.00678443,6060.00m,-2.95049505,
3226,12/6/2023 5:08,0.005152879,1440.00m,9.366666667,
3227,12/6/2023 6:20,-0.008777471,4320.00m,-5.345833333,
3228,12/6/2023 6:47,0.006269268,1620.00m,10.09259259,
3229,12/6/2023 7:35,-0.004995599,2880.00m,-4.552083333,
3230,12/6/2023 8:57,0.0084375,4920.00m,4.47804878,
3231,12/6/2023 9:09,-0.004201681,720.00m,-15.36666667,
3232,12/6/2023 10:33,0.013237138,5040.00m,6.886904762,
3233,12/6/2023 11:19,-0.016210003,2760.00m,-15.60434783,
3234,12/6/2023 11:28,0.004526725,540.00m,21.91111111,
3235,12/6/2023 11:34,-0.005632908,360.00m,-41.08333333,
3236,12/6/2023 12:13,0.0131865,2340.00m,14.71282051,
3237,12/6/2023 12:21,-0.004570405,480.00m,-25.1875,
3238,12/6/2023 12:52,0.007457874,1860.00m,10.55806452,
3239,12/6/2023 13:13,-0.005018795,1260.00m,-10.56666667,
3240,12/6/2023 14:28,0.006808071,4500.00m,3.993333333,
3241,12/6/2023 14:40,-0.007093928,720.00m,-26.18333333,
3242,12/6/2023 14:44,0.006050863,240.00m,66.525,
3243,12/6/2023 16:07,-0.011036699,4980.00m,-5.88313253,
3244,12/6/2023 16:30,0.006828934,1380.00m,12.99130435,
3245,12/6/2023 16:53,-0.005345736,1380.00m,-10.23913043,
3246,12/6/2023 17:50,0.007245831,3420.00m,5.570175439,
3247,12/6/2023 18:16,-0.005591832,1560.00m,-9.492307692,
3248,12/6/2023 19:43,0.005759985,5220.00m,2.905747126,
3249,12/6/2023 21:36,-0.011834588,6780.00m,-4.62300885,
3250,12/6/2023 22:19,0.007691532,2580.00m,7.802325581,
3251,12/6/2023 23:12,-0.007484945,3180.00m,-6.20754717,
3252,12/7/2023 5:29,0.009950511,22620.00m,1.151458886,
3253,12/7/2023 9:27,-0.026552429,14280.00m,-4.915546218,
3254,12/7/2023 9:47,0.015709919,1200.00m,33.69,
3255,12/7/2023 10:07,-0.009728238,1200.00m,-21.19,
3256,12/7/2023 10:09,0.00433935,120.00m,93.6,
3257,12/7/2023 10:20,-0.005412292,660.00m,-21.31818182,
3258,12/7/2023 11:24,0.007035978,3840.00m,4.7375,
3259,12/7/2023 12:21,-0.00874735,3420.00m,-6.659649123,
3260,12/7/2023 13:02,0.012030295,2460.00m,12.62195122,
3261,12/7/2023 13:50,-0.007155343,2880.00m,-6.489583333,
3262,12/7/2023 15:31,0.016479881,6060.00m,7.052475248,
3263,12/7/2023 16:19,-0.008981511,2880.00m,-8.220833333,
3264,12/7/2023 16:34,0.005190617,900.00m,15.06666667,
3265,12/7/2023 17:48,-0.010967393,4440.00m,-6.486486486,
3266,12/7/2023 18:29,0.004354747,2460.00m,4.597560976,
3267,12/7/2023 19:44,-0.008680931,4500.00m,-5.032,
3268,12/7/2023 20:14,0.005687144,1800.00m,8.17,
3269,12/7/2023 20:40,-0.004782856,1560.00m,-7.973076923,
3270,12/7/2023 21:33,0.007604034,3180.00m,6.188679245,
3271,12/7/2023 22:58,-0.00717852,5100.00m,-3.670588235,
3272,12/8/2023 4:30,0.00961739,19920.00m,1.25,
3273,12/8/2023 7:30,-0.009463802,10800.00m,-2.290555556,
3274,12/8/2023 7:46,0.004085397,960.00m,11.01875,
3275,12/8/2023 8:10,-0.004682668,1440.00m,-8.454166667,
3276,12/8/2023 9:26,0.004588762,4560.00m,2.603947368,
3277,12/8/2023 10:20,-0.004203116,3240.00m,-3.372222222,
3278,12/8/2023 11:48,0.014616542,5280.00m,7.165909091,
3279,12/8/2023 12:13,-0.004829406,1500.00m,-8.456,
3280,12/8/2023 12:41,0.006099339,1680.00m,9.489285714,
3281,12/8/2023 13:38,-0.006762831,3420.00m,-5.2,
3282,12/8/2023 14:50,0.012218766,4320.00m,7.3875,
3283,12/8/2023 15:59,-0.006463429,4140.00m,-4.127536232,
3284,12/8/2023 16:35,0.004282924,2160.00m,5.208333333,
3285,12/8/2023 17:15,-0.00651185,2400.00m,-7.1575,
3286,12/8/2023 21:25,0.024388904,15000.00m,4.2612,
3287,12/8/2023 21:54,-0.008157336,1740.00m,-12.5862069,
3288,12/8/2023 22:02,0.005225327,480.00m,28.9875,
3289,12/9/2023 1:32,-0.011972142,12600.00m,-2.543333333,
3290,12/9/2023 5:30,0.007010332,14280.00m,1.298319328,
3291,12/9/2023 9:07,-0.014006416,13020.00m,-2.864976959,
3292,12/9/2023 9:34,0.004898881,1620.00m,7.940740741,
3293,12/9/2023 12:25,-0.004852261,10260.00m,-1.247953216,
3294,12/9/2023 14:16,0.009308574,6660.00m,3.67027027,
3295,12/9/2023 14:49,-0.00872016,1980.00m,-11.67272727,
3296,12/9/2023 15:53,0.008031826,3840.00m,5.4953125,
3297,12/9/2023 20:31,-0.005586769,16680.00m,-0.88705036,
3298,12/9/2023 21:37,0.004918735,3960.00m,3.271212121,
3299,12/9/2023 23:34,-0.010956873,7020.00m,-4.130769231,
3300,12/10/2023 8:02,0.009806079,30480.00m,0.842125984,
3301,12/10/2023 9:59,-0.009731283,7020.00m,-3.664102564,
3302,12/10/2023 15:18,0.008687659,19140.00m,1.188087774,
3303,12/10/2023 19:48,-0.005335866,16200.00m,-0.86962963,
3304,12/10/2023 21:09,0.00727222,4860.00m,3.92962963,
3305,12/10/2023 23:21,-0.011059799,7920.00m,-3.693939394,
3306,12/11/2023 0:08,0.005344037,2820.00m,4.957446809,
3307,12/11/2023 2:12,-0.066249173,7440.00m,-23.41854839,
3308,12/11/2023 2:15,0.026570337,180.00m,362.5,
3309,12/11/2023 2:16,-0.009351066,60.00m,-392.9,
3310,12/11/2023 2:19,0.010047161,180.00m,139.4,
3311,12/11/2023 2:20,-0.004776188,60.00m,-200.8,
3312,12/11/2023 2:29,0.009371169,540.00m,43.56666667,
3313,12/11/2023 2:49,-0.011261283,1200.00m,-23.78,
3314,12/11/2023 3:41,0.018878001,3120.00m,15.15961538,
3315,12/11/2023 4:33,-0.012191539,3120.00m,-9.975,
3316,12/11/2023 5:06,0.004432843,1980.00m,5.645454545,
3317,12/11/2023 5:46,-0.013254054,2400.00m,-13.9875,
3318,12/11/2023 5:58,0.010023047,720.00m,34.79166667,
3319,12/11/2023 6:40,-0.006733775,2520.00m,-6.745238095,
3320,12/11/2023 7:17,0.012347983,2220.00m,13.94594595,
3321,12/11/2023 8:16,-0.007604446,3540.00m,-5.452542373,
3322,12/11/2023 10:01,0.012012148,6300.00m,4.802857143,
3323,12/11/2023 13:49,-0.012634512,13680.00m,-2.354385965,
3324,12/11/2023 13:54,0.004195471,300.00m,35.2,
3325,12/11/2023 14:28,-0.006556521,2040.00m,-8.123529412,
3326,12/11/2023 14:46,0.005610541,1080.00m,13.04444444,
3327,12/11/2023 14:59,-0.005139647,780.00m,-16.63846154,
3328,12/11/2023 15:17,0.004499824,1080.00m,10.46666667,
3329,12/11/2023 15:45,-0.007178404,1680.00m,-10.78214286,
3330,12/11/2023 15:47,0.004437813,120.00m,92.65,
3331,12/11/2023 16:19,-0.012384329,1920.00m,-16.23125,
3332,12/11/2023 16:38,0.010521309,1140.00m,22.93684211,
3333,12/11/2023 18:13,-0.022271332,5700.00m,-9.812631579,
3334,12/11/2023 18:18,0.006859006,300.00m,56.14,
3335,12/11/2023 18:30,-0.01333576,720.00m,-45.79166667,
3336,12/11/2023 19:04,0.011144864,2040.00m,13.32647059,
3337,12/11/2023 19:40,-0.01936821,2160.00m,-22.11666667,
3338,12/11/2023 20:03,0.013065459,1380.00m,22.9,
3339,12/11/2023 20:09,-0.006101995,360.00m,-41.53333333,
3340,12/11/2023 21:16,0.017001766,4020.00m,10.3,
3341,12/11/2023 21:21,-0.00535126,300.00m,-44.18,
3342,12/11/2023 22:48,0.00749164,5220.00m,3.535632184,
3343,12/11/2023 23:05,-0.004460109,1020.00m,-10.85294118,
3344,12/12/2023 0:24,0.01285264,4740.00m,6.7,
3345,12/12/2023 0:33,-0.004188293,540.00m,-19.41111111,
3346,12/12/2023 1:14,0.008289035,2460.00m,8.397560976,
3347,12/12/2023 1:44,-0.00613642,1800.00m,-8.566666667,
3348,12/12/2023 2:40,0.007704671,3360.00m,5.726785714,
3349,12/12/2023 4:59,-0.012707177,8340.00m,-3.834532374,
3350,12/12/2023 5:20,0.00674204,1260.00m,13.2952381,
3351,12/12/2023 6:27,-0.005953323,4020.00m,-3.704477612,
3352,12/12/2023 7:53,0.014673236,5160.00m,7.070930233,
3353,12/12/2023 8:28,-0.005873834,2100.00m,-7.057142857,
3354,12/12/2023 8:47,0.007035229,1140.00m,15.47894737,
3355,12/12/2023 11:58,-0.01229037,11460.00m,-2.708900524,
3356,12/12/2023 13:08,0.01008403,4200.00m,5.99,
3357,12/12/2023 13:22,-0.005285727,840.00m,-15.85714286,
3358,12/12/2023 13:38,0.005354506,960.00m,13.98125,
3359,12/12/2023 14:55,-0.014966097,4620.00m,-8.163636364,
3360,12/12/2023 15:09,0.005319895,840.00m,15.72142857,
3361,12/12/2023 15:28,-0.00909045,1140.00m,-19.9,
3362,12/12/2023 16:03,0.005978406,2100.00m,7.04,
3363,12/12/2023 16:12,-0.007095757,540.00m,-32.68888889,
3364,12/12/2023 16:34,0.005203171,1320.00m,9.736363636,
3365,12/12/2023 16:40,-0.004398111,360.00m,-30.33333333,
3366,12/12/2023 16:59,0.004191809,1140.00m,9.089473684,
3367,12/12/2023 17:59,-0.015411352,3600.00m,-10.62666667,
3368,12/12/2023 18:29,0.016965963,1800.00m,23.03666667,
3369,12/12/2023 19:28,-0.00900168,3540.00m,-6.320338983,
3370,12/12/2023 19:53,0.005731657,1500.00m,9.412,
3371,12/12/2023 20:26,-0.00469628,1980.00m,-5.875757576,
3372,12/12/2023 20:37,0.005446037,660.00m,20.34545455,
3373,12/12/2023 20:43,-0.004080556,360.00m,-28.1,
3374,12/12/2023 21:04,0.006308734,1260.00m,12.36190476,
3375,12/12/2023 21:53,-0.007870289,2940.00m,-6.651020408,
3376,12/12/2023 23:35,0.011754254,6120.00m,4.734313725,
3377,12/13/2023 0:24,-0.005656079,2940.00m,-4.797959184,
3378,12/13/2023 0:46,0.004451886,1320.00m,8.363636364,
3379,12/13/2023 1:29,-0.011593456,2580.00m,-11.19302326,
3380,12/13/2023 1:34,0.004072282,300.00m,33.42,
3381,12/13/2023 2:27,-0.010320238,3180.00m,-8.022641509,
3382,12/13/2023 3:08,0.007099869,2460.00m,7.06097561,
3383,12/13/2023 4:19,-0.008842101,4260.00m,-5.114084507,
3384,12/13/2023 6:03,0.009291972,6240.00m,3.636538462,
3385,12/13/2023 6:57,-0.005479552,3240.00m,-4.168518519,
3386,12/13/2023 8:35,0.011002352,5880.00m,4.586734694,
3387,12/13/2023 9:39,-0.004687152,3840.00m,-3.025,
3388,12/13/2023 10:12,0.004186248,1980.00m,5.215151515,
3389,12/13/2023 11:57,-0.006801848,6300.00m,-2.674285714,
3390,12/13/2023 14:00,0.01256521,7380.00m,4.188617886,
3391,12/13/2023 14:22,-0.004080227,1320.00m,-7.7,
3392,12/13/2023 16:09,0.021106271,6420.00m,8.156074766,
3393,12/13/2023 16:44,-0.010698569,2100.00m,-12.90571429,
3394,12/13/2023 17:26,0.009059372,2520.00m,9.00952381,
3395,12/13/2023 17:35,-0.004223284,540.00m,-19.77777778,
3396,12/13/2023 18:16,0.005496875,2460.00m,5.626829268,
3397,12/13/2023 18:30,-0.004443128,840.00m,-13.39285714,
3398,12/13/2023 19:13,0.010980065,2580.00m,10.72790698,
3399,12/13/2023 19:18,-0.004522788,300.00m,-38.42,
3400,12/13/2023 19:40,0.01402498,1320.00m,26.95454545,
3401,12/13/2023 20:14,-0.006236778,2040.00m,-7.864705882,
3402,12/13/2023 21:54,0.013816881,6000.00m,5.887,
3403,12/13/2023 21:58,-0.005877859,240.00m,-63.475,
3404,12/13/2023 22:15,0.012309598,1020.00m,31.09411765,
3405,12/14/2023 0:44,-0.018124852,8940.00m,-5.287919463,
3406,12/14/2023 2:08,0.004249955,5040.00m,2.15952381,
3407,12/14/2023 3:38,-0.004425605,5400.00m,-2.107777778,
3408,12/14/2023 6:24,0.010242651,9960.00m,2.63313253,
3409,12/14/2023 7:49,-0.007343731,5100.00m,-3.724705882,
3410,12/14/2023 8:17,0.004350976,1680.00m,6.65,
3411,12/14/2023 9:00,-0.006109648,2580.00m,-6.106976744,
3412,12/14/2023 12:00,0.014548698,10800.00m,3.452777778,
3413,12/14/2023 13:31,-0.033073297,5460.00m,-15.75164835,
3414,12/14/2023 13:56,0.01697342,1500.00m,28.452,
3415,12/14/2023 14:13,-0.005169177,1020.00m,-12.95882353,
3416,12/14/2023 14:31,0.008677357,1080.00m,20.43888889,
3417,12/14/2023 14:51,-0.006210599,1200.00m,-13.28,
3418,12/14/2023 15:00,0.004912941,540.00m,23.2,
3419,12/14/2023 15:39,-0.009642041,2340.00m,-10.55897436,
3420,12/14/2023 16:11,0.009478214,1920.00m,12.528125,
3421,12/14/2023 16:23,-0.004698123,720.00m,-16.71666667,
3422,12/14/2023 17:48,0.021326061,5100.00m,10.66235294,
3423,12/14/2023 19:14,-0.013194758,5160.00m,-6.659302326,
3424,12/14/2023 19:59,0.006399585,2700.00m,6.091111111,
3425,12/14/2023 20:26,-0.005347407,1620.00m,-8.537037037,
3426,12/14/2023 23:08,0.00711845,9720.00m,1.883950617,
3427,12/15/2023 6:19,-0.014430392,25860.00m,-1.445707657,
3428,12/15/2023 9:14,0.01110991,10500.00m,2.701714286,
3429,12/15/2023 14:52,-0.023337532,20280.00m,-2.971005917,
3430,12/15/2023 15:03,0.005875046,660.00m,22.44545455,
3431,12/15/2023 15:46,-0.013041699,2580.00m,-12.82093023,
3432,12/15/2023 16:24,0.00925917,2280.00m,10.16578947,
3433,12/15/2023 16:53,-0.008687371,1740.00m,-12.6137931,
3434,12/15/2023 17:34,0.008154993,2460.00m,8.302439024,
3435,12/15/2023 17:57,-0.005361,1380.00m,-9.808695652,
3436,12/15/2023 19:34,0.008182798,5820.00m,3.530927835,
3437,12/15/2023 19:46,-0.004104402,720.00m,-14.43333333,
3438,12/15/2023 20:58,0.005877398,4320.00m,3.430555556,
3439,12/15/2023 22:31,-0.006443921,5580.00m,-2.929032258,
3440,12/15/2023 22:48,0.005369048,1020.00m,13.26470588,
3441,12/16/2023 0:38,-0.011530947,6600.00m,-4.426363636,
3442,12/16/2023 3:51,0.01607385,11580.00m,3.476165803,
3443,12/16/2023 8:42,-0.006378288,17460.00m,-0.929553265,
3444,12/16/2023 13:06,0.009969387,15840.00m,1.591287879,
3445,12/16/2023 13:36,-0.006306524,1800.00m,-8.946666667,
3446,12/16/2023 16:44,0.010326147,11280.00m,2.32287234,
3447,12/17/2023 1:50,-0.019104837,32760.00m,-1.495054945,
3448,12/17/2023 2:11,0.006003183,1260.00m,11.98095238,
3449,12/17/2023 2:59,-0.006448828,2880.00m,-5.664583333,
3450,12/17/2023 4:55,0.00467167,6960.00m,1.687068966,
3451,12/17/2023 5:54,-0.006222898,3540.00m,-4.438983051,
3452,12/17/2023 7:13,0.005353309,4740.00m,2.834177215,
3453,12/17/2023 8:18,-0.007995529,3900.00m,-5.172307692,
3454,12/17/2023 10:04,0.007765096,6360.00m,3.055660377,
3455,12/17/2023 14:35,-0.009698783,16260.00m,-1.504428044,
3456,12/17/2023 14:46,0.004117372,660.00m,15.58181818,
3457,12/17/2023 14:55,-0.004062211,540.00m,-18.86666667,
3458,12/17/2023 17:14,0.019863032,8340.00m,5.948920863,
3459,12/17/2023 18:16,-0.014520574,3720.00m,-9.943548387,
3460,12/17/2023 18:48,0.009784778,1920.00m,12.79375,
3461,12/17/2023 22:38,-0.014063939,13800.00m,-2.583478261,
3462,12/17/2023 22:53,0.004001853,900.00m,11.11333333,
3463,12/17/2023 23:37,-0.012538735,2640.00m,-11.91818182,
3464,12/17/2023 23:54,0.004063151,1020.00m,9.870588235,
3465,12/18/2023 0:15,-0.006171351,1260.00m,-12.18571429,
3466,12/18/2023 0:34,0.005755898,1140.00m,12.48421053,
3467,12/18/2023 1:40,-0.012432715,3960.00m,-7.807575758,
3468,12/18/2023 1:51,0.005819436,660.00m,21.65454545,
3469,12/18/2023 2:37,-0.008503765,2760.00m,-7.610869565,
3470,12/18/2023 4:53,0.009723199,8160.00m,2.918382353,
3471,12/18/2023 5:59,-0.004478756,3960.00m,-2.796969697,
3472,12/18/2023 7:31,0.007350325,5520.00m,3.27826087,
3473,12/18/2023 8:14,-0.006031384,2580.00m,-5.797674419,
3474,12/18/2023 8:44,0.004661125,1800.00m,6.383333333,
3475,12/18/2023 9:24,-0.010737475,2400.00m,-11.08,
3476,12/18/2023 9:52,0.00812582,1680.00m,11.85,
3477,12/18/2023 10:37,-0.014160225,2700.00m,-12.95333333,
3478,12/18/2023 11:14,0.015502061,2220.00m,17.0027027,
3479,12/18/2023 12:49,-0.006677861,5700.00m,-2.896842105,
3480,12/18/2023 14:49,0.020439422,7200.00m,6.9725,
3481,12/18/2023 15:32,-0.010734386,2580.00m,-10.42790698,
3482,12/18/2023 15:40,0.004065444,480.00m,21,
3483,12/18/2023 16:09,-0.007558102,1740.00m,-10.8137931,
3484,12/18/2023 17:31,0.011382209,4920.00m,5.715853659,
3485,12/18/2023 18:00,-0.006149302,1740.00m,-8.831034483,
3486,12/18/2023 20:01,0.010427413,7260.00m,3.566942149,
3487,12/18/2023 20:18,-0.004652998,1020.00m,-11.44705882,
3488,12/18/2023 21:47,0.027481569,5340.00m,12.85393258,
3489,12/18/2023 22:09,-0.006595452,1320.00m,-12.82272727,
3490,12/18/2023 22:12,0.005438952,180.00m,77.03333333,
3491,12/18/2023 22:43,-0.005826188,1860.00m,-8.029032258,
3492,12/19/2023 0:15,0.007896967,5520.00m,3.645652174,
3493,12/19/2023 0:31,-0.004763195,960.00m,-12.74375,
3494,12/19/2023 0:41,0.004940909,600.00m,21.05,
3495,12/19/2023 1:06,-0.004190218,1500.00m,-7.176,
3496,12/19/2023 2:00,0.018475604,3240.00m,14.58703704,
3497,12/19/2023 6:15,-0.013050898,15300.00m,-2.222352941,
3498,12/19/2023 8:42,0.008208962,8820.00m,2.393197279,
3499,12/19/2023 10:19,-0.005355564,5820.00m,-2.38556701,
3500,12/19/2023 10:48,0.006554821,1740.00m,9.713793103,
3501,12/19/2023 14:17,-0.015386856,12540.00m,-3.184688995,
3502,12/19/2023 14:29,0.004176831,720.00m,14.825,
3503,12/19/2023 14:51,-0.011884498,1320.00m,-23.10454545,
3504,12/19/2023 15:29,0.011752958,2280.00m,13.07105263,
3505,12/19/2023 16:01,-0.006370678,1920.00m,-8.5125,
3506,12/19/2023 16:12,0.004446171,660.00m,17.17272727,
3507,12/19/2023 17:26,-0.018024647,4440.00m,-10.39459459,
3508,12/19/2023 17:47,0.005634078,1260.00m,11.24285714,
3509,12/19/2023 18:00,-0.006556436,780.00m,-21.25384615,
3510,12/19/2023 19:33,0.015480527,5580.00m,6.968817204,
3511,12/19/2023 19:50,-0.006350909,1020.00m,-15.88235294,
3512,12/19/2023 20:08,0.004438542,1080.00m,10.41666667,
3513,12/19/2023 20:40,-0.00601917,1920.00m,-7.98125,
3514,12/19/2023 21:59,0.008858181,4740.00m,4.729113924,
3515,12/19/2023 23:44,-0.007137603,6300.00m,-2.892380952,
3516,12/20/2023 1:15,0.006372261,5460.00m,2.958241758,
3517,12/20/2023 2:08,-0.006592998,3180.00m,-5.288679245,
3518,12/20/2023 4:56,0.0154021,10080.00m,3.87202381,
3519,12/20/2023 5:34,-0.006277253,2280.00m,-7.084210526,
3520,12/20/2023 6:22,0.009824994,2880.00m,8.722916667,
3521,12/20/2023 6:46,-0.004940222,1440.00m,-8.858333333,
3522,12/20/2023 8:06,0.004628473,4800.00m,2.4775,
3523,12/20/2023 8:48,-0.005469536,2520.00m,-5.602380952,
3524,12/20/2023 9:29,0.004410445,2460.00m,4.602439024,
3525,12/20/2023 10:18,-0.005445216,2940.00m,-4.775510204,
3526,12/20/2023 11:08,0.004897109,3000.00m,4.186,
3527,12/20/2023 11:35,-0.004065306,1620.00m,-6.466666667,
3528,12/20/2023 11:49,0.005636575,840.00m,17.22142857,
3529,12/20/2023 12:13,-0.005188851,1440.00m,-9.3,
3530,12/20/2023 14:03,0.026909172,6600.00m,10.46818182,
3531,12/20/2023 14:16,-0.006203406,780.00m,-20.96923077,
3532,12/20/2023 14:30,0.011962172,840.00m,37.31428571,
3533,12/20/2023 15:00,-0.007349514,1800.00m,-10.82666667,
3534,12/20/2023 15:14,0.010513214,840.00m,32.94285714,
3535,12/20/2023 16:57,-0.01823604,6180.00m,-7.848543689,
3536,12/20/2023 17:03,0.006332517,360.00m,45.93333333,
3537,12/20/2023 17:17,-0.004029956,840.00m,-12.60714286,
3538,12/20/2023 19:00,0.015277221,6180.00m,6.469902913,
3539,12/20/2023 20:08,-0.022997771,4080.00m,-14.97794118,
3540,12/20/2023 20:43,0.012408594,2100.00m,15.34,
3541,12/20/2023 20:59,-0.007387234,960.00m,-20.225,
3542,12/20/2023 21:28,0.00581164,1740.00m,8.713793103,
3543,12/20/2023 21:55,-0.007211714,1620.00m,-11.68148148,
3544,12/20/2023 22:33,0.008090928,2280.00m,9.244736842,
3545,12/20/2023 23:16,-0.006065757,2580.00m,-6.174418605,
3546,12/21/2023 0:34,0.005829242,4680.00m,3.251282051,
3547,12/21/2023 2:09,-0.008610918,5700.00m,-3.966315789,
3548,12/21/2023 2:35,0.004960628,1560.00m,8.276923077,
3549,12/21/2023 2:49,-0.006213759,840.00m,-19.35,
3550,12/21/2023 5:23,0.009423924,9240.00m,2.651298701,
3551,12/21/2023 5:52,-0.005668333,1740.00m,-8.548275862,
3552,12/21/2023 8:33,0.011219625,9660.00m,3.030434783,
3553,12/21/2023 9:26,-0.00764994,3180.00m,-6.347169811,
3554,12/21/2023 11:12,0.011753571,6360.00m,4.838679245,
3555,12/21/2023 11:51,-0.005297764,2340.00m,-5.997435897,
3556,12/21/2023 12:25,0.007632614,2040.00m,9.858823529,
3557,12/21/2023 13:04,-0.006268643,2340.00m,-7.112820513,
3558,12/21/2023 13:55,0.006965385,3060.00m,6.005882353,
3559,12/21/2023 14:16,-0.011795153,1260.00m,-24.87142857,
3560,12/21/2023 14:21,0.00427116,300.00m,37.38,
3561,12/21/2023 15:03,-0.010308223,2520.00m,-10.78571429,
3562,12/21/2023 15:28,0.010507559,1500.00m,18.28,
3563,12/21/2023 15:50,-0.004976166,1320.00m,-9.940909091,
3564,12/21/2023 16:08,0.005103954,1080.00m,12.4,
3565,12/21/2023 17:13,-0.01053829,3900.00m,-7.126153846,
3566,12/21/2023 17:32,0.004228481,1140.00m,9.678947368,
3567,12/21/2023 17:50,-0.005950814,1080.00m,-14.43888889,
3568,12/21/2023 19:05,0.010915632,4500.00m,6.318666667,
3569,12/21/2023 19:37,-0.009947891,1920.00m,-13.64375,
3570,12/21/2023 21:47,0.016079775,7800.00m,5.374615385,
3571,12/22/2023 0:16,-0.007718999,8940.00m,-2.287248322,
3572,12/22/2023 1:49,0.011353572,5580.00m,5.348387097,
3573,12/22/2023 3:42,-0.008413944,6780.00m,-3.299115044,
3574,12/22/2023 6:34,0.011710588,10320.00m,2.99127907,
3575,12/22/2023 7:02,-0.015797845,1680.00m,-25.07857143,
3576,12/22/2023 7:12,0.005545536,600.00m,24.26,
3577,12/22/2023 7:57,-0.009579559,2700.00m,-9.364444444,
3578,12/22/2023 8:30,0.006029641,1980.00m,7.960606061,
3579,12/22/2023 9:17,-0.00764759,2820.00m,-7.131914894,
3580,12/22/2023 11:43,0.008387055,8760.00m,2.498630137,
3581,12/22/2023 12:56,-0.007076999,4380.00m,-4.252054795,
3582,12/22/2023 13:41,0.00680597,2700.00m,6.586666667,
3583,12/22/2023 14:25,-0.009172931,2640.00m,-9.140909091,
3584,12/22/2023 16:30,0.00662459,7500.00m,2.3024,
3585,12/22/2023 16:48,-0.005156407,1080.00m,-12.52777778,
3586,12/22/2023 18:54,0.01210164,7560.00m,4.178571429,
3587,12/22/2023 19:53,-0.008809302,3540.00m,-6.574576271,
3588,12/22/2023 23:35,0.009985084,13320.00m,1.963063063,
3589,12/23/2023 4:12,-0.01728413,16620.00m,-2.750541516,
3590,12/23/2023 16:48,0.012950437,45360.00m,0.742063492,
3591,12/24/2023 0:19,-0.005332726,27060.00m,-0.518847007,
3592,12/24/2023 1:27,0.006575631,4080.00m,4.220588235,
3593,12/24/2023 1:43,-0.004097148,960.00m,-11.25,
3594,12/24/2023 4:11,0.005076223,8880.00m,1.500675676,
3595,12/24/2023 6:11,-0.011354153,7200.00m,-4.160833333,
3596,12/24/2023 9:48,0.00582623,13020.00m,1.167281106,
3597,12/24/2023 10:41,-0.00652426,3180.00m,-5.383018868,
3598,12/24/2023 14:14,0.010500923,12780.00m,2.141784038,
3599,12/24/2023 22:16,-0.026501139,28920.00m,-2.413692946,
3600,12/24/2023 22:26,0.010239467,600.00m,43.76,
3601,12/24/2023 22:40,-0.008669529,840.00m,-26.73571429,
3602,12/24/2023 23:45,0.009553761,3900.00m,6.290769231,
3603,12/25/2023 0:43,-0.010102109,3480.00m,-7.525862069,
3604,12/25/2023 2:03,0.008409648,4800.00m,4.49625,
3605,12/25/2023 2:37,-0.005214226,2040.00m,-6.614705882,
3606,12/25/2023 6:29,0.010562354,13920.00m,1.953448276,
3607,12/25/2023 9:38,-0.006279938,11340.00m,-1.440740741,
3608,12/25/2023 13:02,0.017582622,12240.00m,3.71372549,
3609,12/25/2023 13:43,-0.006329027,2460.00m,-6.768292683,
3610,12/25/2023 14:06,0.005745029,1380.00m,10.8826087,
3611,12/25/2023 16:50,-0.007211582,9840.00m,-1.926829268,
3612,12/25/2023 18:34,0.004657214,6240.00m,1.948076923,
3613,12/25/2023 20:44,-0.00775655,7800.00m,-2.607692308,
3614,12/25/2023 22:44,0.009043951,7200.00m,3.268333333,
3615,12/26/2023 6:02,-0.026742416,26280.00m,-2.671689498,
3616,12/26/2023 7:23,0.006483047,4860.00m,3.408641975,
3617,12/26/2023 9:46,-0.01127517,8580.00m,-3.37972028,
3618,12/26/2023 14:25,0.011061613,16740.00m,1.680286738,
3619,12/26/2023 15:13,-0.007528658,2880.00m,-6.720833333,
3620,12/26/2023 15:31,0.005525901,1080.00m,13.05555556,
3621,12/26/2023 16:24,-0.012707544,3180.00m,-10.25283019,
3622,12/26/2023 17:16,0.004540653,3120.00m,3.686538462,
3623,12/26/2023 17:39,-0.013529732,1380.00m,-24.94782609,
3624,12/26/2023 17:45,0.005330274,360.00m,37.16666667,
3625,12/26/2023 17:51,-0.004545941,360.00m,-31.86666667,
3626,12/26/2023 18:08,0.007318186,1020.00m,18.02352941,
3627,12/26/2023 18:32,-0.006966262,1440.00m,-12.24166667,
3628,12/26/2023 19:20,0.010503595,2880.00m,9.164583333,
3629,12/26/2023 20:00,-0.005058978,2400.00m,-5.3525,
3630,12/26/2023 22:20,0.011454234,8400.00m,3.445,
3631,12/27/2023 3:32,-0.009563502,18720.00m,-1.305448718,
3632,12/27/2023 10:44,0.025070113,25920.00m,2.447916667,
3633,12/27/2023 13:02,-0.010145886,8280.00m,-3.178985507,
3634,12/27/2023 14:21,0.007439165,4740.00m,4.030379747,
3635,12/27/2023 14:28,-0.005290024,420.00m,-32.58571429,
3636,12/27/2023 14:46,0.00642562,1080.00m,15.31111111,
3637,12/27/2023 15:16,-0.007712017,1800.00m,-11.09666667,
3638,12/27/2023 16:32,0.008913584,4560.00m,5.023684211,
3639,12/27/2023 17:16,-0.006867938,2640.00m,-6.745454545,
3640,12/27/2023 20:46,0.014690635,12600.00m,3.002380952,
3641,12/27/2023 21:50,-0.005928954,3840.00m,-4.034375,
3642,12/27/2023 22:17,0.009450045,1620.00m,15.15185185,
3643,12/27/2023 22:56,-0.008924506,2340.00m,-10,
3644,12/28/2023 0:38,0.012004184,6120.00m,5.097058824,
3645,12/28/2023 0:58,-0.005843057,1200.00m,-12.805,
3646,12/28/2023 1:13,0.004160767,900.00m,12.08666667,
3647,12/28/2023 2:09,-0.009406925,3360.00m,-7.35,
3648,12/28/2023 4:29,0.007325221,8400.00m,2.267857143,
3649,12/28/2023 7:29,-0.017487042,10800.00m,-4.241666667,
3650,12/28/2023 8:14,0.004965336,2700.00m,4.733333333,
3651,12/28/2023 9:15,-0.004374814,3660.00m,-3.091803279,
3652,12/28/2023 10:49,0.007147883,5640.00m,3.263829787,
3653,12/28/2023 13:01,-0.012658286,7920.00m,-4.145454545,
3654,12/28/2023 13:25,0.006909333,1440.00m,12.2875,
3655,12/28/2023 14:24,-0.008085852,3540.00m,-5.889830508,
3656,12/28/2023 14:31,0.00477846,420.00m,29.1,
3657,12/28/2023 14:56,-0.006053814,1500.00m,-10.372,
3658,12/28/2023 15:02,0.004051845,360.00m,28.75,
3659,12/28/2023 16:24,-0.00902313,4920.00m,-4.703658537,
3660,12/28/2023 17:22,0.007223796,3480.00m,5.275862069,
3661,12/28/2023 18:17,-0.004486008,3300.00m,-3.48,
3662,12/28/2023 18:31,0.005014762,840.00m,15.21428571,
3663,12/28/2023 18:45,-0.005598816,840.00m,-17.07142857,
3664,12/28/2023 19:48,0.006019044,3780.00m,4.055555556,
3665,12/28/2023 20:31,-0.006954836,2580.00m,-6.906976744,
3666,12/28/2023 21:11,0.006081529,2400.00m,6.4475,
3667,12/28/2023 21:51,-0.006794797,2400.00m,-7.2475,
3668,12/28/2023 23:38,0.0095575,6420.00m,3.785046729,
3669,12/29/2023 1:01,-0.011540412,4980.00m,-5.948192771,
3670,12/29/2023 1:18,0.006924212,1020.00m,17.22352941,
3671,12/29/2023 1:41,-0.008684992,1380.00m,-16.07826087,
3672,12/29/2023 3:49,0.014248011,7680.00m,4.6984375,
3673,12/29/2023 5:32,-0.005902716,6180.00m,-2.453398058,
3674,12/29/2023 5:57,0.004574922,1500.00m,7.788,
3675,12/29/2023 7:57,-0.010963025,7200.00m,-3.905833333,
3676,12/29/2023 8:16,0.006399569,1140.00m,14.24210526,
3677,12/29/2023 8:27,-0.004688084,660.00m,-18.13636364,
3678,12/29/2023 12:06,0.014312292,13140.00m,2.76803653,
3679,12/29/2023 13:32,-0.005078978,5160.00m,-2.537209302,
3680,12/29/2023 14:42,0.009667035,4200.00m,5.902857143,
3681,12/29/2023 15:52,-0.022807741,4200.00m,-14.06142857,
3682,12/29/2023 16:05,0.004927428,780.00m,15.98461538,
3683,12/29/2023 16:21,-0.007373779,960.00m,-19.53125,
3684,12/29/2023 16:33,0.006113998,720.00m,21.43333333,
3685,12/29/2023 17:09,-0.011600818,2160.00m,-13.63888889,
3686,12/29/2023 17:21,0.005421479,720.00m,18.9,
3687,12/29/2023 17:45,-0.007660412,1440.00m,-13.425,
3688,12/29/2023 19:38,0.010872534,6780.00m,4.015929204,
3689,12/29/2023 20:44,-0.004827929,3960.00m,-3.086363636,
3690,12/29/2023 21:13,0.006244597,1740.00m,9.04137931,
3691,12/29/2023 22:21,-0.017367842,4080.00m,-10.79117647,
3692,12/29/2023 22:28,0.007926931,420.00m,47.01428571,
3693,12/29/2023 22:32,-0.00409838,240.00m,-42.875,
3694,12/30/2023 0:27,0.013571914,6900.00m,4.91826087,
3695,12/30/2023 3:28,-0.009088563,10860.00m,-2.120994475,
3696,12/30/2023 6:12,0.007843559,9840.00m,2.001829268,
3697,12/30/2023 9:44,-0.01439161,12720.00m,-2.863679245,
3698,12/30/2023 12:30,0.013223594,9960.00m,3.312048193,
3699,12/30/2023 13:16,-0.004790277,2760.00m,-4.386956522,
3700,12/30/2023 14:05,0.008395905,2940.00m,7.183673469,
3701,12/30/2023 14:37,-0.004066021,1920.00m,-5.371875,
3702,12/30/2023 16:18,0.012599364,6060.00m,5.252475248,
3703,12/30/2023 17:16,-0.007878356,3480.00m,-5.79137931,
3704,12/30/2023 17:31,0.008101674,900.00m,22.84666667,
3705,12/30/2023 22:52,-0.012020843,19260.00m,-1.596884735,
3706,12/31/2023 1:00,0.00793259,7680.00m,2.6109375,
3707,12/31/2023 2:51,-0.010227439,6660.00m,-3.912612613,
3708,12/31/2023 7:34,0.015967204,16980.00m,2.371378092,
3709,12/31/2023 8:41,-0.007034964,4020.00m,-4.48358209,
3710,12/31/2023 9:45,0.012089452,3840.00m,8.009375,
3711,12/31/2023 12:04,-0.009780207,8340.00m,-3.01942446,
3712,12/31/2023 12:34,0.004299481,1800.00m,6.09,
3713,12/31/2023 12:56,-0.006673509,1320.00m,-12.94545455,
3714,12/31/2023 15:17,0.005527064,8460.00m,1.661702128,
3715,12/31/2023 15:32,-0.005421612,900.00m,-15.40666667,
3716,12/31/2023 16:50,0.008034042,4680.00m,4.366666667,
3717,12/31/2023 17:30,-0.005075441,2400.00m,-5.4225,
3718,12/31/2023 18:41,0.00570813,4260.00m,3.418309859,
3719,12/31/2023 22:52,-0.013563761,15060.00m,-2.310756972,
3720,12/31/2023 22:57,0.004886086,300.00m,41.22,
3721,12/31/2023 23:21,-0.006681278,1440.00m,-11.8,
3722,1/1/2024 0:16,0.011319616,3300.00m,8.665454545,
3723,1/1/2024 0:35,-0.004332969,1140.00m,-9.710526316,
3724,1/1/2024 1:38,0.009795735,3780.00m,6.592063492,
3725,1/1/2024 4:21,-0.012938173,9780.00m,-3.398159509,
3726,1/1/2024 4:58,0.004288006,2220.00m,4.897297297,
3727,1/1/2024 5:56,-0.004585448,3480.00m,-3.355172414,
3728,1/1/2024 12:39,0.013646908,24180.00m,1.430521092,
3729,1/1/2024 14:27,-0.004656648,6480.00m,-1.846296296,
3730,1/1/2024 16:16,0.006391201,6540.00m,2.499082569,
3731,1/1/2024 16:25,-0.004508842,540.00m,-21.48888889,
3732,1/1/2024 20:46,0.02789689,15660.00m,4.563984674,
3733,1/1/2024 22:20,-0.009960972,5640.00m,-4.65106383,
3734,1/2/2024 0:23,0.032938204,7380.00m,11.63658537,
3735,1/2/2024 0:38,-0.005498447,900.00m,-16.45333333,
3736,1/2/2024 1:08,0.017688727,1800.00m,26.32,
3737,1/2/2024 1:14,-0.010799459,360.00m,-81.76666667,
3738,1/2/2024 1:26,0.004014456,720.00m,15.03333333,
3739,1/2/2024 1:49,-0.007890421,1380.00m,-15.47826087,
3740,1/2/2024 2:59,0.014699969,4200.00m,9.4,
3741,1/2/2024 3:04,-0.005154117,300.00m,-46.82,
3742,1/2/2024 3:43,0.006816286,2340.00m,7.897435897,
3743,1/2/2024 5:04,-0.007332851,4860.00m,-4.118518519,
3744,1/2/2024 5:15,0.004552671,660.00m,18.69090909,
3745,1/2/2024 6:03,-0.004168329,2880.00m,-3.939583333,
3746,1/2/2024 7:26,0.009515946,4980.00m,5.179518072,
3747,1/2/2024 7:33,-0.005602247,420.00m,-36.5,
3748,1/2/2024 7:44,0.004914975,660.00m,20.26363636,
3749,1/2/2024 8:07,-0.0045245,1380.00m,-8.965217391,
3750,1/2/2024 8:21,0.011596305,840.00m,37.57857143,
3751,1/2/2024 8:46,-0.004835055,1500.00m,-8.876,
3752,1/2/2024 9:06,0.005668669,1200.00m,12.945,
3753,1/2/2024 10:52,-0.008802334,6360.00m,-3.814150943,
3754,1/2/2024 11:06,0.004816954,840.00m,15.66428571,
3755,1/2/2024 11:44,-0.009576794,2280.00m,-11.52894737,
3756,1/2/2024 12:34,0.007290119,3000.00m,6.606,
3757,1/2/2024 12:56,-0.006402531,1320.00m,-13.28181818,
3758,1/2/2024 14:13,0.010913862,4620.00m,6.427272727,
3759,1/2/2024 14:39,-0.010034707,1560.00m,-17.69230769,
3760,1/2/2024 14:43,0.004032534,240.00m,45.75,
3761,1/2/2024 14:56,-0.009643599,780.00m,-33.8,
3762,1/2/2024 15:01,0.005216678,300.00m,47.08,
3763,1/2/2024 15:19,-0.010533533,1080.00m,-26.54444444,
3764,1/2/2024 15:24,0.005937779,300.00m,53.3,
3765,1/2/2024 15:30,-0.004505123,360.00m,-33.9,
3766,1/2/2024 15:54,0.008550413,1440.00m,16.0125,
3767,1/2/2024 16:22,-0.008605875,1680.00m,-13.93214286,
3768,1/2/2024 16:49,0.011192851,1620.00m,18.62962963,
3769,1/2/2024 18:17,-0.010402179,5280.00m,-5.371590909,
3770,1/2/2024 18:33,0.007222641,960.00m,20.3,
3771,1/2/2024 19:27,-0.009795891,3240.00m,-8.216666667,
3772,1/2/2024 20:16,0.007551705,2940.00m,6.912244898,
3773,1/2/2024 21:09,-0.010438266,3180.00m,-8.9,
3774,1/2/2024 22:09,0.012746602,3600.00m,9.5,
3775,1/2/2024 23:47,-0.010033607,5880.00m,-4.636734694,
3776,1/3/2024 2:06,0.013304813,8340.00m,4.291366906,
3777,1/3/2024 4:35,-0.005969637,8940.00m,-1.820134228,
3778,1/3/2024 7:10,0.005445241,9300.00m,1.586451613,
3779,1/3/2024 7:54,-0.009192901,2640.00m,-9.486363636,
3780,1/3/2024 9:39,0.012094551,6300.00m,5.181904762,
3781,1/3/2024 11:51,-0.032184453,7920.00m,-11.10151515,
3782,1/3/2024 11:52,0.004173295,60.00m,183.9,
3783,1/3/2024 12:01,-0.037638588,540.00m,-185.0555556,
3784,1/3/2024 12:03,0.010283133,120.00m,218.95,
3785,1/3/2024 12:09,-0.060094556,360.00m,-430.9,
3786,1/3/2024 12:16,0.050508448,420.00m,291.7714286,
3787,1/3/2024 12:20,-0.009785966,240.00m,-103.925,
3788,1/3/2024 12:24,0.010852639,240.00m,114.125,
3789,1/3/2024 12:27,-0.011046566,180.00m,-156.5666667,
3790,1/3/2024 12:28,0.00721279,60.00m,303.3,
3791,1/3/2024 12:32,-0.006183654,240.00m,-65.475,
3792,1/3/2024 12:37,0.007303103,300.00m,61.48,
3793,1/3/2024 12:40,-0.006483628,180.00m,-91.63333333,
3794,1/3/2024 12:59,0.015943329,1140.00m,35.34736842,
3795,1/3/2024 13:01,-0.006425864,120.00m,-137.5,
3796,1/3/2024 13:16,0.004082708,900.00m,11.57333333,
3797,1/3/2024 13:22,-0.008375806,360.00m,-59.6,
3798,1/3/2024 13:40,0.008481983,1080.00m,19.95,
3799,1/3/2024 13:50,-0.00873386,600.00m,-37.29,
3800,1/3/2024 13:59,0.005261914,540.00m,24.74444444,
3801,1/3/2024 14:16,-0.008423883,1020.00m,-21.08235294,
3802,1/3/2024 14:18,0.004754986,120.00m,100.3,
3803,1/3/2024 14:37,-0.006952456,1140.00m,-15.51052632,
3804,1/3/2024 16:03,0.034060133,5160.00m,16.67093023,
3805,1/3/2024 16:09,-0.008893351,360.00m,-64.51666667,
3806,1/3/2024 16:16,0.004561913,420.00m,28.11428571,
3807,1/3/2024 16:18,-0.004075077,120.00m,-88.3,
3808,1/3/2024 16:29,0.006656627,660.00m,26.11818182,
3809,1/3/2024 16:45,-0.013943329,960.00m,-37.8625,
3810,1/3/2024 16:55,0.005555361,600.00m,23.8,
3811,1/3/2024 17:19,-0.010431876,1440.00m,-18.725,
3812,1/3/2024 17:33,0.006856658,840.00m,20.87857143,
3813,1/3/2024 17:53,-0.005824465,1200.00m,-12.5,
3814,1/3/2024 18:06,0.008199679,780.00m,26.91538462,
3815,1/3/2024 19:02,-0.018137106,3360.00m,-13.93392857,
3816,1/3/2024 19:35,0.017148809,1980.00m,21.95151515,
3817,1/3/2024 20:10,-0.010289435,2100.00m,-12.63142857,
3818,1/3/2024 20:39,0.007325223,1740.00m,10.74137931,
3819,1/3/2024 21:12,-0.005166239,1980.00m,-6.706060606,
3820,1/3/2024 21:51,0.008166234,2340.00m,8.923076923,
3821,1/3/2024 23:10,-0.008053535,4740.00m,-4.379746835,
3822,1/4/2024 0:17,0.008006289,4020.00m,5.092537313,
3823,1/4/2024 1:24,-0.007244336,4020.00m,-4.644776119,
3824,1/4/2024 3:15,0.013623627,6660.00m,5.234234234,
3825,1/4/2024 4:02,-0.005829622,2820.00m,-5.361702128,
3826,1/4/2024 5:39,0.006778281,5820.00m,3.003092784,
3827,1/4/2024 7:19,-0.006746512,6000.00m,-2.919,
3828,1/4/2024 7:32,0.004141953,780.00m,13.69230769,
3829,1/4/2024 7:41,-0.007028496,540.00m,-33.7,
3830,1/4/2024 7:43,0.004256749,120.00m,91.2,
3831,1/4/2024 8:18,-0.00606293,2100.00m,-7.454285714,
3832,1/4/2024 9:33,0.007654701,4500.00m,4.365333333,
3833,1/4/2024 10:25,-0.009506131,3120.00m,-7.878846154,
3834,1/4/2024 11:02,0.010637451,2220.00m,12.27297297,
3835,1/4/2024 11:17,-0.004007612,900.00m,-11.52666667,
3836,1/4/2024 12:16,0.010328136,3540.00m,7.522033898,
3837,1/4/2024 12:27,-0.006021127,660.00m,-23.76363636,
3838,1/4/2024 12:59,0.005418007,1920.00m,7.30625,
3839,1/4/2024 13:31,-0.004496822,1920.00m,-6.096875,
3840,1/4/2024 13:52,0.006790751,1260.00m,13.96666667,
3841,1/4/2024 14:39,-0.004891409,2820.00m,-4.525531915,
3842,1/4/2024 15:15,0.016736112,2160.00m,20.11666667,
3843,1/4/2024 15:23,-0.005309586,480.00m,-29.2,
3844,1/4/2024 15:30,0.0119395,420.00m,74.64285714,
3845,1/4/2024 16:07,-0.010247308,2220.00m,-12.26486486,
3846,1/4/2024 16:17,0.00453104,600.00m,19.86,
3847,1/4/2024 16:30,-0.005080673,780.00m,-17.20769231,
3848,1/4/2024 16:48,0.005067811,1080.00m,12.33333333,
3849,1/4/2024 17:03,-0.004042891,900.00m,-11.86666667,
3850,1/4/2024 17:24,0.00751199,1260.00m,15.68571429,
3851,1/4/2024 17:44,-0.007919999,1200.00m,-17.495,
3852,1/4/2024 18:03,0.006005102,1140.00m,13.85263158,
3853,1/4/2024 18:22,-0.004266022,1140.00m,-9.9,
3854,1/4/2024 19:28,0.011704951,3960.00m,7.786363636,
3855,1/4/2024 20:08,-0.011738379,2400.00m,-13.035,
3856,1/4/2024 20:38,0.01411486,1800.00m,20.65333333,
3857,1/4/2024 20:59,-0.008983166,1260.00m,-19.04285714,
3858,1/4/2024 21:09,0.007888169,600.00m,34.8,
3859,1/4/2024 21:16,-0.005186136,420.00m,-32.94285714,
3860,1/4/2024 22:18,0.010986999,3720.00m,7.838709677,
3861,1/4/2024 22:48,-0.012137719,1800.00m,-18.09333333,
3862,1/4/2024 22:52,0.004006583,240.00m,44.25,
3863,1/5/2024 0:38,-0.008339665,6360.00m,-3.489622642,
3864,1/5/2024 1:05,0.006543229,1620.00m,10.65925926,
3865,1/5/2024 1:48,-0.039553038,2580.00m,-40.72325581,
3866,1/5/2024 1:49,0.015340619,60.00m,652.3,
3867,1/5/2024 1:51,-0.005102679,120.00m,-110.15,
3868,1/5/2024 2:00,0.018485278,540.00m,88.22222222,
3869,1/5/2024 2:29,-0.01008524,1740.00m,-15.2137931,
3870,1/5/2024 3:03,0.010093313,2040.00m,12.85588235,
3871,1/5/2024 4:22,-0.010502252,4740.00m,-5.815189873,
3872,1/5/2024 9:05,0.021985232,16980.00m,3.36254417,
3873,1/5/2024 9:24,-0.006137646,1140.00m,-14.28947368,
3874,1/5/2024 9:54,0.004819885,1800.00m,7.063333333,
3875,1/5/2024 10:59,-0.012391456,3900.00m,-8.421538462,
3876,1/5/2024 11:35,0.006087806,2160.00m,7.377777778,
3877,1/5/2024 12:08,-0.004859456,1980.00m,-6.463636364,
3878,1/5/2024 12:26,0.00984421,1080.00m,23.88888889,
3879,1/5/2024 12:48,-0.006241144,1320.00m,-12.51363636,
3880,1/5/2024 13:17,0.005287988,1740.00m,7.993103448,
3881,1/5/2024 13:36,-0.007667869,1140.00m,-17.78421053,
3882,1/5/2024 14:00,0.007246891,1440.00m,13.20416667,
3883,1/5/2024 14:42,-0.017077601,2520.00m,-17.90952381,
3884,1/5/2024 14:49,0.011495872,420.00m,71.1,
3885,1/5/2024 14:59,-0.006894032,600.00m,-30.19,
3886,1/5/2024 15:11,0.007013171,720.00m,25.41666667,
3887,1/5/2024 15:20,-0.004902431,540.00m,-23.85555556,
3888,1/5/2024 15:24,0.00450437,240.00m,49.075,
3889,1/5/2024 15:55,-0.008490915,1860.00m,-11.99032258,
3890,1/5/2024 16:15,0.004287574,1200.00m,9.305,
3891,1/5/2024 17:09,-0.010692672,3240.00m,-8.631481481,
3892,1/5/2024 17:57,0.011209405,2880.00m,10.07083333,
3893,1/5/2024 18:21,-0.004279041,1440.00m,-7.775,
3894,1/5/2024 19:46,0.00828165,5100.00m,4.230588235,
3895,1/5/2024 19:53,-0.005226023,420.00m,-32.68571429,
3896,1/5/2024 20:54,0.013188801,3660.00m,9.416393443,
3897,1/5/2024 21:10,-0.010959401,960.00m,-30.225,
3898,1/5/2024 22:09,0.007561367,3540.00m,5.593220339,
3899,1/5/2024 22:44,-0.004632399,2100.00m,-5.82,
3900,1/5/2024 23:06,0.012150096,1320.00m,24.17272727,
3901,1/5/2024 23:48,-0.006464865,2520.00m,-6.819047619,
3902,1/6/2024 0:09,0.004116816,1260.00m,8.628571429,
3903,1/6/2024 7:02,-0.017331964,24780.00m,-1.85472155,
3904,1/6/2024 10:43,0.007342884,13260.00m,1.442986425,
3905,1/6/2024 13:07,-0.004443561,8640.00m,-1.35,
3906,1/6/2024 18:51,0.013211095,20640.00m,1.672674419,
3907,1/6/2024 20:13,-0.009154832,4920.00m,-4.926829268,
3908,1/7/2024 0:50,0.012242228,16620.00m,1.932490975,
3909,1/7/2024 2:39,-0.009441721,6540.00m,-3.833944954,
3910,1/7/2024 5:03,0.004630147,8640.00m,1.409722222,
3911,1/7/2024 5:57,-0.004835842,3240.00m,-3.944444444,
3912,1/7/2024 8:36,0.007425895,9540.00m,2.047169811,
3913,1/7/2024 9:54,-0.006365691,4680.00m,-3.603846154,
3914,1/7/2024 14:07,0.013533132,15180.00m,2.347035573,
3915,1/7/2024 15:49,-0.01128593,6120.00m,-4.920588235,
3916,1/7/2024 16:25,0.004439451,2160.00m,5.422222222,
3917,1/7/2024 17:03,-0.007773194,2280.00m,-9.034210526,
3918,1/7/2024 20:09,0.009938089,11160.00m,2.341397849,
3919,1/7/2024 22:36,-0.011229913,8820.00m,-3.380952381,
3920,1/7/2024 23:07,0.005466204,1860.00m,7.716129032,
3921,1/7/2024 23:44,-0.009091116,2220.00m,-10.81081081,
3922,1/8/2024 0:05,0.007844217,1260.00m,16.28571429,
3923,1/8/2024 2:53,-0.016588152,10080.00m,-4.338690476,
3924,1/8/2024 3:11,0.004866692,1080.00m,11.68333333,
3925,1/8/2024 3:26,-0.004080843,900.00m,-11.81333333,
3926,1/8/2024 6:21,0.022797906,10500.00m,5.633714286,
3927,1/8/2024 6:52,-0.009276278,1860.00m,-13.23548387,
3928,1/8/2024 7:17,0.005597798,1500.00m,9.812,
3929,1/8/2024 7:39,-0.006408554,1320.00m,-12.83636364,
3930,1/8/2024 8:22,0.006312852,2580.00m,6.427906977,
3931,1/8/2024 9:55,-0.009698117,5580.00m,-4.594623656,
3932,1/8/2024 11:11,0.012687703,4560.00m,7.284210526,
3933,1/8/2024 11:18,-0.004306755,420.00m,-27.18571429,
3934,1/8/2024 12:15,0.02690693,3420.00m,20.76842105,
3935,1/8/2024 12:29,-0.014940272,840.00m,-48.21428571,
3936,1/8/2024 13:00,0.014746691,1860.00m,21.17096774,
3937,1/8/2024 14:07,-0.007079086,4020.00m,-4.771641791,
3938,1/8/2024 14:32,0.005372256,1500.00m,9.636,
3939,1/8/2024 15:04,-0.008661917,1920.00m,-12.203125,
3940,1/8/2024 15:41,0.010664125,2220.00m,12.88108108,
3941,1/8/2024 15:50,-0.005627816,540.00m,-28.24444444,
3942,1/8/2024 16:05,0.005007314,900.00m,14.99333333,
3943,1/8/2024 16:47,-0.006754661,2520.00m,-7.25952381,
3944,1/8/2024 18:44,0.047416821,7020.00m,18.17008547,
3945,1/8/2024 18:52,-0.00630108,480.00m,-36.9875,
3946,1/8/2024 19:12,0.010429815,1200.00m,24.335,
3947,1/8/2024 19:28,-0.010523637,960.00m,-31.0125,
3948,1/8/2024 19:56,0.008258529,1680.00m,13.76071429,
3949,1/8/2024 20:08,-0.004349481,720.00m,-17.05,
3950,1/8/2024 20:36,0.007045937,1680.00m,11.78571429,
3951,1/8/2024 21:01,-0.00974229,1500.00m,-18.38,
3952,1/8/2024 21:41,0.010852995,2400.00m,12.6725,
3953,1/8/2024 22:33,-0.008038057,3120.00m,-7.298076923,
3954,1/8/2024 23:13,0.006160134,2400.00m,7.2125,
3955,1/8/2024 23:43,-0.005649178,1800.00m,-8.873333333,
3956,1/9/2024 0:15,0.006127323,1920.00m,8.971875,
3957,1/9/2024 0:39,-0.016632444,1440.00m,-32.67083333,
3958,1/9/2024 1:15,0.009454536,2160.00m,12.175,
3959,1/9/2024 1:45,-0.009934398,1800.00m,-15.49666667,
3960,1/9/2024 3:50,0.013888859,7500.00m,5.148,
3961,1/9/2024 5:42,-0.007838112,6720.00m,-3.2875,
3962,1/9/2024 7:28,0.007213447,6360.00m,3.171698113,
3963,1/9/2024 9:26,-0.010188822,7080.00m,-4.053389831,
3964,1/9/2024 9:36,0.00446785,600.00m,20.76,
3965,1/9/2024 10:00,-0.004068742,1440.00m,-7.9125,
3966,1/9/2024 10:23,0.004016522,1380.00m,8.117391304,
3967,1/9/2024 10:56,-0.005050386,1980.00m,-7.142424242,
3968,1/9/2024 12:50,0.010944566,6840.00m,4.457894737,
3969,1/9/2024 12:56,-0.024199974,360.00m,-189.3333333,
3970,1/9/2024 13:20,0.022389982,1440.00m,42.73333333,
3971,1/9/2024 13:44,-0.004776669,1440.00m,-9.320833333,
3972,1/9/2024 13:53,0.008208874,540.00m,42.51111111,
3973,1/9/2024 15:05,-0.01176403,4320.00m,-7.677777778,
3974,1/9/2024 15:42,0.011912683,2220.00m,14.95135135,
3975,1/9/2024 15:51,-0.004496596,540.00m,-23.47777778,
3976,1/9/2024 16:16,0.004125712,1500.00m,7.72,
3977,1/9/2024 17:41,-0.007099854,5100.00m,-3.923529412,
3978,1/9/2024 17:48,0.004303238,420.00m,28.67142857,
3979,1/9/2024 18:34,-0.007119983,2760.00m,-7.25,
3980,1/9/2024 20:01,0.008471934,5220.00m,4.528735632,
3981,1/9/2024 20:57,-0.006147056,3360.00m,-5.148214286,
3982,1/9/2024 21:14,0.029425773,1020.00m,80.68235294,
3983,1/9/2024 21:17,-0.039534176,180.00m,-632.3333333,
3984,1/9/2024 21:18,0.010243714,60.00m,472.1,
3985,1/9/2024 21:20,-0.010824998,120.00m,-252,
3986,1/9/2024 21:23,0.007313011,180.00m,112.2666667,
3987,1/9/2024 21:26,-0.025071295,180.00m,-387.7,
3988,1/9/2024 21:30,0.017261202,240.00m,195.175,
3989,1/9/2024 21:32,-0.007709311,120.00m,-177.35,
3990,1/9/2024 21:41,0.013626228,540.00m,69.12222222,
3991,1/9/2024 21:56,-0.019385566,900.00m,-59.80666667,
3992,1/9/2024 21:58,0.004854604,120.00m,110.15,
3993,1/9/2024 22:00,-0.00460308,120.00m,-104.95,
3994,1/9/2024 22:01,0.004743336,60.00m,215.3,
3995,1/9/2024 22:03,-0.006124288,120.00m,-139.65,
3996,1/9/2024 22:08,0.010689229,300.00m,96.9,
3997,1/9/2024 22:14,-0.00496611,360.00m,-37.91666667,
3998,1/9/2024 22:59,0.014648005,2700.00m,14.83777778,
3999,1/9/2024 23:17,-0.006075584,1080.00m,-15.61111111,
4000,1/10/2024 0:18,0.005647198,3660.00m,4.255737705,
4001,1/10/2024 0:39,-0.009457206,1260.00m,-20.81904762,
4002,1/10/2024 0:55,0.005258549,960.00m,15.05,
4003,1/10/2024 1:34,-0.008224552,2340.00m,-9.707692308,
4004,1/10/2024 3:18,0.012465419,6240.00m,5.472115385,
4005,1/10/2024 8:59,-0.019366814,20460.00m,-2.625219941,
4006,1/10/2024 10:14,0.008881888,4500.00m,5.368,
4007,1/10/2024 11:53,-0.010384686,5940.00m,-4.796969697,
4008,1/10/2024 12:02,0.008593355,540.00m,43.21111111,
4009,1/10/2024 12:57,-0.023812132,3300.00m,-19.76181818,
4010,1/10/2024 12:58,0.004064375,60.00m,181.1,
4011,1/10/2024 13:00,-0.006819553,120.00m,-152.55,
4012,1/10/2024 13:13,0.015508429,780.00m,53.00769231,
4013,1/10/2024 13:19,-0.004753673,360.00m,-35.75,
4014,1/10/2024 13:28,0.008935948,540.00m,44.58888889,
4015,1/10/2024 14:12,-0.009748443,2640.00m,-10.03863636,
4016,1/10/2024 14:30,0.011776741,1080.00m,29.35555556,
4017,1/10/2024 15:00,-0.012873239,1800.00m,-19.48,
4018,1/10/2024 15:10,0.010086561,600.00m,45.2,
4019,1/10/2024 15:25,-0.006124059,900.00m,-18.48,
4020,1/10/2024 15:50,0.009091536,1500.00m,16.36,
4021,1/10/2024 15:55,-0.004214037,300.00m,-38.26,
4022,1/10/2024 15:59,0.008061127,240.00m,91.1,
4023,1/10/2024 16:06,-0.007483157,420.00m,-48.71428571,
4024,1/10/2024 16:32,0.007908818,1560.00m,13.75769231,
4025,1/10/2024 17:03,-0.006925417,1860.00m,-10.18387097,
4026,1/10/2024 17:44,0.02274133,2460.00m,25.1097561,
4027,1/10/2024 17:47,-0.00620957,180.00m,-95.83333333,
4028,1/10/2024 18:03,0.013316091,960.00m,38.29375,
4029,1/10/2024 18:09,-0.010884789,360.00m,-84.58333333,
4030,1/10/2024 18:35,0.010466811,1560.00m,18.56538462,
4031,1/10/2024 18:41,-0.007493578,360.00m,-58.2,
4032,1/10/2024 19:06,0.009831203,1500.00m,18.188,
4033,1/10/2024 19:08,-0.010392803,120.00m,-242.7,
4034,1/10/2024 19:12,0.004749026,240.00m,54.875,
4035,1/10/2024 19:38,-0.006255451,1560.00m,-11.17307692,
4036,1/10/2024 19:53,0.007705476,900.00m,23.70666667,
4037,1/10/2024 20:12,-0.022731085,1140.00m,-55.63684211,
4038,1/10/2024 20:13,0.006469003,60.00m,294,
4039,1/10/2024 20:14,-0.004103495,60.00m,-187.7,
4040,1/10/2024 20:17,0.007228815,180.00m,109.7666667,
4041,1/10/2024 20:22,-0.009613561,300.00m,-88.22,
4042,1/10/2024 20:37,0.01148497,900.00m,34.79333333,
4043,1/10/2024 20:41,-0.005417295,240.00m,-62.25,
4044,1/10/2024 20:42,0.00931425,60.00m,425.8,
4045,1/10/2024 20:44,-0.014535974,120.00m,-335.35,
4046,1/10/2024 20:48,0.008640862,240.00m,98.225,
4047,1/10/2024 20:50,-0.008941868,120.00m,-205.05,
4048,1/10/2024 20:51,0.007638693,60.00m,347.2,
4049,1/10/2024 20:55,-0.004218341,240.00m,-48.3,
4050,1/10/2024 20:58,0.013201979,180.00m,200.7,
4051,1/10/2024 21:03,-0.00919087,300.00m,-84.94,
4052,1/10/2024 21:07,0.010781012,240.00m,123.4,
4053,1/10/2024 21:20,-0.015471781,780.00m,-55.07692308,
4054,1/10/2024 21:28,0.005743847,480.00m,32.7125,
4055,1/10/2024 21:39,-0.011904372,660.00m,-49.59090909,
4056,1/10/2024 22:00,0.016321392,1260.00m,35.19047619,
4057,1/10/2024 22:05,-0.005150271,300.00m,-47.4,
4058,1/10/2024 22:22,0.01991481,1020.00m,53.62941176,
4059,1/10/2024 22:32,-0.008339812,600.00m,-38.94,
4060,1/10/2024 23:16,0.028946726,2640.00m,30.46136364,
4061,1/10/2024 23:30,-0.022406418,840.00m,-76.25,
4062,1/10/2024 23:33,0.007491127,180.00m,116.3,
4063,1/10/2024 23:41,-0.008204757,480.00m,-48.125,
4064,1/10/2024 23:47,0.004166398,360.00m,32.31666667,
4065,1/11/2024 0:20,-0.00868767,1980.00m,-12.3030303,
4066,1/11/2024 0:57,0.008312665,2220.00m,10.40810811,
4067,1/11/2024 1:08,-0.004382172,660.00m,-18.60909091,
4068,1/11/2024 1:29,0.004880954,1260.00m,10.80952381,
4069,1/11/2024 3:17,-0.009100382,6480.00m,-3.937962963,
4070,1/11/2024 3:36,0.00553888,1140.00m,13.5,
4071,1/11/2024 6:18,-0.018797178,9720.00m,-5.40308642,
4072,1/11/2024 7:28,0.010376405,4200.00m,6.772857143,
4073,1/11/2024 7:36,-0.004159058,480.00m,-24,
4074,1/11/2024 11:23,0.025447933,13620.00m,5.153744493,
4075,1/11/2024 11:39,-0.006034933,960.00m,-17.78125,
4076,1/11/2024 12:05,0.006596568,1560.00m,11.88846154,
4077,1/11/2024 12:17,-0.004339917,720.00m,-17.05833333,
4078,1/11/2024 12:59,0.010412652,2520.00m,11.64285714,
4079,1/11/2024 13:31,-0.012134598,1920.00m,-17.99375,
4080,1/11/2024 13:35,0.006587691,240.00m,77.2,
4081,1/11/2024 13:41,-0.004596888,360.00m,-36.15,
4082,1/11/2024 14:16,0.018176515,2100.00m,24.39142857,
4083,1/11/2024 14:20,-0.005225749,240.00m,-62.475,
4084,1/11/2024 14:29,0.006661622,540.00m,35.21111111,
4085,1/11/2024 14:31,-0.006007781,120.00m,-143.85,
4086,1/11/2024 14:49,0.027476775,1080.00m,72.66111111,
4087,1/11/2024 14:55,-0.009853174,360.00m,-80.31666667,
4088,1/11/2024 14:58,0.005420619,180.00m,87.5,
4089,1/11/2024 15:10,-0.015208868,720.00m,-61.70833333,
4090,1/11/2024 15:12,0.004041862,120.00m,96.9,
4091,1/11/2024 15:19,-0.010811765,420.00m,-74.35714286,
4092,1/11/2024 15:25,0.005768403,360.00m,45.78333333,
4093,1/11/2024 15:42,-0.02023125,1020.00m,-57,
4094,1/11/2024 15:44,0.006610239,120.00m,155.1,
4095,1/11/2024 15:50,-0.013360176,360.00m,-105.1833333,
4096,1/11/2024 16:02,0.007239365,720.00m,28.11666667,
4097,1/11/2024 16:15,-0.019438178,780.00m,-70.19230769,
4098,1/11/2024 16:19,0.005763482,240.00m,66.325,
4099,1/11/2024 16:31,-0.008957481,720.00m,-34.55833333,
4100,1/11/2024 16:41,0.012211814,600.00m,56.03,
4101,1/11/2024 16:56,-0.010490482,900.00m,-32.48,
4102,1/11/2024 17:09,0.00796433,780.00m,28.15384615,
4103,1/11/2024 17:28,-0.012329208,1140.00m,-30.05789474,
4104,1/11/2024 17:58,0.016861276,1800.00m,25.71333333,
4105,1/11/2024 18:15,-0.004597904,1020.00m,-12.58235294,
4106,1/11/2024 18:40,0.007510695,1500.00m,13.912,
4107,1/11/2024 19:22,-0.006725953,2520.00m,-7.471428571,
4108,1/11/2024 20:14,0.013186941,3120.00m,11.75192308,
4109,1/11/2024 20:39,-0.012802327,1500.00m,-24.044,
4110,1/11/2024 20:48,0.004476681,540.00m,23.05555556,
4111,1/11/2024 20:56,-0.008571956,480.00m,-49.8875,
4112,1/11/2024 21:06,0.005030362,600.00m,23.22,
4113,1/11/2024 21:08,-0.004360675,120.00m,-101.15,
4114,1/11/2024 21:32,0.005451444,1440.00m,10.49166667,
4115,1/11/2024 21:57,-0.006431761,1500.00m,-11.948,
4116,1/11/2024 23:14,0.007305598,4620.00m,4.377922078,
4117,1/12/2024 0:34,-0.007265522,4800.00m,-4.22125,
4118,1/12/2024 0:46,0.007975363,720.00m,30.66666667,
4119,1/12/2024 1:26,-0.012838072,2400.00m,-14.9275,
4120,1/12/2024 2:01,0.007244136,2100.00m,9.502857143,
4121,1/12/2024 2:32,-0.005001557,1860.00m,-7.461290323,
4122,1/12/2024 2:50,0.005476558,1080.00m,14,
4123,1/12/2024 3:25,-0.007216916,2100.00m,-9.54,
4124,1/12/2024 3:49,0.005238133,1440.00m,10.025,
4125,1/12/2024 4:55,-0.006282893,3960.00m,-4.395454545,
4126,1/12/2024 6:26,0.010605258,5460.00m,5.347252747,
4127,1/12/2024 8:42,-0.015492943,8160.00m,-5.282352941,
4128,1/12/2024 9:01,0.005298887,1140.00m,12.73157895,
4129,1/12/2024 9:29,-0.00588325,1680.00m,-9.642857143,
4130,1/12/2024 9:47,0.009624531,1080.00m,24.39444444,
4131,1/12/2024 10:17,-0.004289861,1800.00m,-6.586666667,
4132,1/12/2024 11:30,0.008810736,4380.00m,5.535616438,
4133,1/12/2024 12:49,-0.012289112,4740.00m,-7.197468354,
4134,1/12/2024 13:25,0.005544858,2160.00m,7.038888889,
4135,1/12/2024 13:41,-0.006950519,960.00m,-19.9625,
4136,1/12/2024 14:29,0.005662445,2880.00m,5.383333333,
4137,1/12/2024 14:45,-0.01331593,960.00m,-38.19375,
4138,1/12/2024 14:56,0.006309448,660.00m,25.97272727,
4139,1/12/2024 15:25,-0.018186407,1740.00m,-28.57586207,
4140,1/12/2024 15:27,0.005009131,120.00m,112.05,
4141,1/12/2024 15:47,-0.011149316,1200.00m,-25.065,
4142,1/12/2024 15:50,0.004471324,180.00m,66.26666667,
4143,1/12/2024 15:56,-0.006410673,360.00m,-47.71666667,
4144,1/12/2024 16:09,0.0073084,780.00m,24.94615385,
4145,1/12/2024 16:20,-0.01601865,660.00m,-65.09090909,
4146,1/12/2024 16:27,0.005706893,420.00m,35.85714286,
4147,1/12/2024 16:38,-0.016655024,660.00m,-66.97272727,
4148,1/12/2024 16:49,0.01032504,660.00m,40.82727273,
4149,1/12/2024 16:54,-0.015250778,300.00m,-134.04,
4150,1/12/2024 17:06,0.012154796,720.00m,43.83333333,
4151,1/12/2024 17:20,-0.00892215,840.00m,-27.91428571,
4152,1/12/2024 17:23,0.004273179,180.00m,61.83333333,
4153,1/12/2024 17:25,-0.005619807,120.00m,-122.5,
4154,1/12/2024 17:37,0.008952545,720.00m,32.34166667,
4155,1/12/2024 17:43,-0.004414834,360.00m,-32.18333333,
4156,1/12/2024 18:05,0.008843562,1320.00m,17.50454545,
4157,1/12/2024 18:38,-0.012685832,1980.00m,-16.88787879,
4158,1/12/2024 18:56,0.006527012,1080.00m,15.72777778,
4159,1/12/2024 19:12,-0.007368857,960.00m,-20.10625,
4160,1/12/2024 19:28,0.0091958,960.00m,24.90625,
4161,1/12/2024 20:01,-0.006260647,1980.00m,-8.296969697,
4162,1/12/2024 20:39,0.012165293,2280.00m,13.91315789,
4163,1/12/2024 20:59,-0.006856353,1200.00m,-15.08,
4164,1/12/2024 21:05,0.004108793,360.00m,29.91666667,
4165,1/12/2024 21:44,-0.013235673,2340.00m,-14.88717949,
4166,1/12/2024 21:54,0.004555777,600.00m,19.72,
4167,1/12/2024 22:04,-0.021916661,600.00m,-95.3,
4168,1/12/2024 22:05,0.00705151,60.00m,299.9,
4169,1/12/2024 22:13,-0.006705612,480.00m,-35.9,
4170,1/12/2024 22:15,0.004832803,120.00m,102.8,
4171,1/12/2024 22:21,-0.024255992,360.00m,-172.8166667,
4172,1/12/2024 22:25,0.010443213,240.00m,108.9,
4173,1/12/2024 22:27,-0.005770294,120.00m,-121.6,
4174,1/12/2024 22:37,0.011700637,600.00m,49.03,
4175,1/12/2024 22:42,-0.007435014,300.00m,-63.04,
4176,1/12/2024 23:19,0.020668365,2220.00m,23.50540541,
4177,1/12/2024 23:21,-0.005148026,120.00m,-110.55,
4178,1/12/2024 23:28,0.005113815,420.00m,31.21428571,
4179,1/12/2024 23:43,-0.004719892,900.00m,-13.51333333,
4180,1/13/2024 0:08,0.005455839,1500.00m,9.328,
4181,1/13/2024 1:24,-0.010163718,4560.00m,-5.747368421,
4182,1/13/2024 1:42,0.007249716,1080.00m,17.13333333,
4183,1/13/2024 2:01,-0.005549851,1140.00m,-12.51578947,
4184,1/13/2024 2:14,0.005916424,780.00m,19.39230769,
4185,1/13/2024 3:29,-0.00919456,4500.00m,-5.254666667,
4186,1/13/2024 6:25,0.016760776,10560.00m,4.044318182,
4187,1/13/2024 6:40,-0.004733673,900.00m,-13.62666667,
4188,1/13/2024 7:24,0.006557209,2640.00m,6.404545455,
4189,1/13/2024 10:12,-0.01433512,10080.00m,-3.691071429,
4190,1/13/2024 10:36,0.005544441,1440.00m,9.85,
4191,1/13/2024 11:05,-0.005798427,1740.00m,-8.572413793,
4192,1/13/2024 11:09,0.004246324,240.00m,45.25,
4193,1/13/2024 11:52,-0.005777214,2580.00m,-5.751162791,
4194,1/13/2024 12:08,0.004370424,960.00m,11.625,
4195,1/13/2024 12:17,-0.004559619,540.00m,-21.65555556,
4196,1/13/2024 15:34,0.016510027,11820.00m,3.565989848,
4197,1/13/2024 15:50,-0.005907187,960.00m,-15.96875,
4198,1/13/2024 15:58,0.004816626,480.00m,25.8875,
4199,1/13/2024 17:05,-0.009239885,4020.00m,-5.958208955,
4200,1/13/2024 17:12,0.004258868,420.00m,26.04285714,
4201,1/13/2024 18:18,-0.005108509,3960.00m,-3.327272727,
4202,1/13/2024 19:43,0.005158122,5100.00m,2.595294118,
4203,1/13/2024 20:04,-0.005841151,1260.00m,-11.95714286,
4204,1/13/2024 22:18,0.006692094,8040.00m,2.134328358,
4205,1/14/2024 4:41,-0.010482765,22980.00m,-1.177545692,
4206,1/14/2024 7:12,0.011439444,9060.00m,3.225165563,
4207,1/14/2024 9:37,-0.004993149,8700.00m,-1.482758621,
4208,1/14/2024 9:58,0.005704416,1260.00m,11.63809524,
4209,1/14/2024 12:56,-0.0079627,10680.00m,-1.92752809,
4210,1/14/2024 14:13,0.006150384,4620.00m,3.414285714,
4211,1/14/2024 14:24,-0.004692128,660.00m,-18.34545455,
4212,1/14/2024 17:20,0.004926833,10560.00m,1.198295455,
4213,1/14/2024 20:02,-0.017827711,9720.00m,-4.733950617,
4214,1/14/2024 20:16,0.011730066,840.00m,35.4,
4215,1/14/2024 20:23,-0.005523324,420.00m,-33.72857143,
4216,1/14/2024 20:46,0.005582229,1380.00m,10.3173913,
4217,1/14/2024 21:38,-0.015353052,3120.00m,-12.62115385,
4218,1/14/2024 22:05,0.013064582,1620.00m,20.36666667,
4219,1/14/2024 22:31,-0.013184556,1560.00m,-21.62307692,
4220,1/14/2024 22:51,0.007638087,1200.00m,16.07,
4221,1/14/2024 23:24,-0.012287736,1980.00m,-15.78787879,
4222,1/14/2024 23:31,0.005754674,420.00m,34.42857143,
4223,1/14/2024 23:41,-0.008349953,600.00m,-35.17,
4224,1/14/2024 23:49,0.005295882,480.00m,27.65,
4225,1/15/2024 0:01,-0.006299194,720.00m,-22.04166667,
4226,1/15/2024 0:44,0.015283403,2580.00m,14.83023256,
4227,1/15/2024 1:12,-0.004343444,1680.00m,-6.571428571,
4228,1/15/2024 1:46,0.005144777,2040.00m,6.382352941,
4229,1/15/2024 2:08,-0.004316475,1320.00m,-8.318181818,
4230,1/15/2024 5:12,0.014208994,11040.00m,3.259782609,
4231,1/15/2024 7:37,-0.006533139,8700.00m,-1.928965517,
4232,1/15/2024 8:40,0.005647406,3780.00m,3.812698413,
4233,1/15/2024 11:09,-0.004996142,8940.00m,-1.434228188,
4234,1/15/2024 13:52,0.009020355,9780.00m,2.355214724,
4235,1/15/2024 14:55,-0.017562734,3780.00m,-11.97142857,
4236,1/15/2024 15:35,0.006843016,2400.00m,7.2175,
4237,1/15/2024 15:54,-0.006438673,1140.00m,-14.39473684,
4238,1/15/2024 18:46,0.02705181,10320.00m,6.637790698,
4239,1/15/2024 19:45,-0.011655082,3540.00m,-8.562711864,
4240,1/15/2024 20:16,0.006230057,1860.00m,8.609677419,
4241,1/15/2024 22:17,-0.016482012,7260.00m,-5.871900826,
4242,1/15/2024 22:45,0.009033637,1680.00m,13.67857143,
4243,1/16/2024 0:08,-0.00692378,4980.00m,-3.568674699,
4244,1/16/2024 4:08,0.010733478,14400.00m,1.9,
4245,1/16/2024 7:22,-0.007522141,11640.00m,-1.664948454,
4246,1/16/2024 9:24,0.012605328,7320.00m,4.403278689,
4247,1/16/2024 11:36,-0.008993352,7920.00m,-2.940151515,
4248,1/16/2024 12:59,0.009215264,4980.00m,4.748192771,
4249,1/16/2024 14:44,-0.024390583,6300.00m,-10.02571429,
4250,1/16/2024 15:01,0.016956639,1020.00m,42,
4251,1/16/2024 15:11,-0.006197836,600.00m,-26.54,
4252,1/16/2024 15:39,0.01757919,1680.00m,26.71785714,
4253,1/16/2024 15:47,-0.006112585,480.00m,-33.0875,
4254,1/16/2024 16:01,0.008213404,840.00m,25.25,
4255,1/16/2024 16:19,-0.008741061,1080.00m,-21.07222222,
4256,1/16/2024 16:51,0.007074507,1920.00m,9.509375,
4257,1/16/2024 18:38,-0.011228614,6420.00m,-4.545794393,
4258,1/16/2024 20:19,0.011946815,6060.00m,5.066336634,
4259,1/16/2024 20:47,-0.006153214,1680.00m,-9.525,
4260,1/16/2024 21:38,0.011279932,3060.00m,9.52745098,
4261,1/17/2024 8:07,-0.022840798,37740.00m,-1.581875994,
4262,1/17/2024 9:25,0.00602104,4680.00m,3.285897436,
4263,1/17/2024 10:09,-0.004812756,2640.00m,-4.684090909,
4264,1/17/2024 10:59,0.005547004,3000.00m,4.728,
4265,1/17/2024 12:36,-0.008458954,5820.00m,-3.737113402,
4266,1/17/2024 12:59,0.006911971,1380.00m,12.76956522,
4267,1/17/2024 14:38,-0.008624478,5940.00m,-3.727272727,
4268,1/17/2024 14:49,0.011639421,660.00m,44.88181818,
4269,1/17/2024 15:00,-0.009314867,660.00m,-36.33636364,
4270,1/17/2024 15:11,0.005690399,660.00m,21.99090909,
4271,1/17/2024 17:05,-0.011894153,6840.00m,-4.460526316,
4272,1/17/2024 20:49,0.014354837,13440.00m,2.707142857,
4273,1/17/2024 20:57,-0.006578763,480.00m,-35.2375,
4274,1/17/2024 21:24,0.005041334,1620.00m,7.948148148,
4275,1/17/2024 22:25,-0.006656896,3660.00m,-4.668852459,
4276,1/17/2024 23:49,0.006840338,5040.00m,3.460714286,
4277,1/18/2024 1:44,-0.006345148,6900.00m,-2.360869565,
4278,1/18/2024 2:45,0.004936837,3660.00m,3.440983607,
4279,1/18/2024 3:33,-0.004044281,2880.00m,-3.6,
4280,1/18/2024 8:01,0.00887809,16080.00m,1.409701493,
4281,1/18/2024 13:15,-0.013048542,18840.00m,-1.784076433,
4282,1/18/2024 13:49,0.006391043,2040.00m,7.964705882,
4283,1/18/2024 14:08,-0.004798019,1140.00m,-10.76842105,
4284,1/18/2024 15:18,0.008735096,4200.00m,5.295714286,
4285,1/18/2024 16:51,-0.024492685,5580.00m,-11.27419355,
4286,1/18/2024 16:59,0.004638388,480.00m,24.2125,
4287,1/18/2024 17:14,-0.006013744,900.00m,-16.82,
4288,1/18/2024 17:28,0.011143457,840.00m,33.19285714,
4289,1/18/2024 17:52,-0.013536877,1440.00m,-23.78333333,
4290,1/18/2024 18:00,0.007282038,480.00m,37.8625,
4291,1/18/2024 18:15,-0.010317816,900.00m,-28.82,
4292,1/18/2024 18:20,0.004454241,300.00m,36.94,
4293,1/18/2024 19:03,-0.006492072,2580.00m,-6.288372093,
4294,1/18/2024 19:06,0.004608462,180.00m,63.56666667,
4295,1/18/2024 19:13,-0.006822047,420.00m,-40.51428571,
4296,1/18/2024 19:26,0.006948834,780.00m,22.06923077,
4297,1/18/2024 19:57,-0.015855911,1860.00m,-21.26451613,
4298,1/18/2024 20:12,0.006589238,900.00m,17.97333333,
4299,1/18/2024 20:35,-0.012026282,1380.00m,-21.53478261,
4300,1/18/2024 20:52,0.014598361,1020.00m,34.94117647,
4301,1/18/2024 20:59,-0.010563542,420.00m,-62.3,
4302,1/18/2024 21:06,0.004626977,420.00m,27,
4303,1/18/2024 21:21,-0.00656734,900.00m,-17.96666667,
4304,1/18/2024 21:27,0.007569867,360.00m,51.43333333,
4305,1/18/2024 21:33,-0.005684654,360.00m,-38.91666667,
4306,1/19/2024 0:05,0.012680574,9120.00m,3.407236842,
4307,1/19/2024 0:29,-0.005800304,1440.00m,-9.995833333,
4308,1/19/2024 0:49,0.005109436,1200.00m,10.505,
4309,1/19/2024 1:29,-0.004529387,2400.00m,-4.68,
4310,1/19/2024 1:55,0.004469787,1560.00m,7.073076923,
4311,1/19/2024 3:32,-0.014111908,5820.00m,-6.012371134,
4312,1/19/2024 7:03,0.019573626,12660.00m,3.779620853,
4313,1/19/2024 8:15,-0.009253486,4320.00m,-5.338888889,
4314,1/19/2024 9:16,0.007116703,3660.00m,4.801639344,
4315,1/19/2024 9:33,-0.004629719,1020.00m,-11.28823529,
4316,1/19/2024 11:31,0.006071594,7080.00m,2.122881356,
4317,1/19/2024 14:48,-0.015071721,11820.00m,-3.175634518,
4318,1/19/2024 14:50,0.006097949,120.00m,124.65,
4319,1/19/2024 15:08,-0.00685113,1080.00m,-15.65555556,
4320,1/19/2024 15:18,0.006869016,600.00m,28.06,
4321,1/19/2024 15:35,-0.007918659,1020.00m,-19.15882353,
4322,1/19/2024 15:48,0.006283544,780.00m,19.72307692,
4323,1/19/2024 16:32,-0.013448153,2640.00m,-12.55,
4324,1/19/2024 16:35,0.004100303,180.00m,55.36666667,
4325,1/19/2024 16:45,-0.008634233,600.00m,-35.12,
4326,1/19/2024 16:50,0.005073889,300.00m,40.92,
4327,1/19/2024 17:09,-0.004572069,1140.00m,-9.752631579,
4328,1/19/2024 17:37,0.020885696,1680.00m,30.09285714,
4329,1/19/2024 17:42,-0.00573253,300.00m,-47.22,
4330,1/19/2024 18:00,0.007860825,1080.00m,17.88333333,
4331,1/19/2024 18:17,-0.005565544,1020.00m,-13.51176471,
4332,1/19/2024 18:56,0.020778664,2340.00m,21.86666667,
4333,1/19/2024 19:12,-0.007349343,960.00m,-19.24375,
4334,1/19/2024 20:14,0.013730252,3720.00m,9.209677419,
4335,1/19/2024 20:27,-0.006923953,780.00m,-22.45384615,
4336,1/19/2024 20:36,0.004660095,540.00m,21.67777778,
4337,1/19/2024 21:30,-0.011725771,3240.00m,-9.133333333,
4338,1/19/2024 21:40,0.004135393,600.00m,17.19,
4339,1/19/2024 22:06,-0.004551999,1560.00m,-7.307692308,
4340,1/19/2024 22:57,0.004481359,3060.00m,3.650980392,
4341,1/20/2024 0:35,-0.006265559,5880.00m,-2.668367347,
4342,1/20/2024 7:41,0.007158598,25560.00m,0.696948357,
4343,1/20/2024 9:54,-0.007095747,7980.00m,-2.228571429,
4344,1/20/2024 12:50,0.005475575,10560.00m,1.290340909,
4345,1/20/2024 15:03,-0.004968563,7980.00m,-1.557894737,
4346,1/20/2024 21:09,0.008702253,21960.00m,0.986612022,
4347,1/21/2024 6:19,-0.006613134,33000.00m,-0.503272727,
4348,1/21/2024 14:16,0.007109307,28620.00m,0.619706499,
4349,1/21/2024 16:30,-0.008152855,8040.00m,-2.547761194,
4350,1/21/2024 21:55,0.006416507,19500.00m,0.82,
4351,1/22/2024 0:39,-0.007715311,9840.00m,-1.966463415,
4352,1/22/2024 1:05,0.005055753,1560.00m,8.065384615,
4353,1/22/2024 1:23,-0.009736802,1080.00m,-22.55,
4354,1/22/2024 1:47,0.004588034,1440.00m,7.891666667,
4355,1/22/2024 5:01,-0.018306901,11640.00m,-3.913402062,
4356,1/22/2024 6:08,0.011512718,4020.00m,6.995522388,
4357,1/22/2024 6:20,-0.004062632,720.00m,-13.94166667,
4358,1/22/2024 6:40,0.006307771,1200.00m,12.935,
4359,1/22/2024 8:43,-0.012177866,7380.00m,-4.086178862,
4360,1/22/2024 9:27,0.006647207,2640.00m,6.159090909,
4361,1/22/2024 9:57,-0.01040692,1800.00m,-14.23666667,
4362,1/22/2024 10:10,0.00566815,780.00m,17.70769231,
4363,1/22/2024 10:29,-0.011434,1140.00m,-24.57894737,
4364,1/22/2024 11:33,0.013569909,3840.00m,8.5609375,
4365,1/22/2024 12:16,-0.00542469,2580.00m,-5.162790698,
4366,1/22/2024 13:11,0.013136947,3300.00m,9.721818182,
4367,1/22/2024 14:30,-0.016475615,4740.00m,-8.6,
4368,1/22/2024 14:37,0.005338127,420.00m,30.92857143,
4369,1/22/2024 14:49,-0.006246658,720.00m,-21.225,
4370,1/22/2024 14:56,0.005444346,420.00m,31.51428571,
4371,1/22/2024 15:23,-0.008556764,1620.00m,-12.91111111,
4372,1/22/2024 16:04,0.011859048,2460.00m,11.68292683,
4373,1/22/2024 16:31,-0.010731562,1620.00m,-16.24444444,
4374,1/22/2024 17:41,0.008879215,4200.00m,5.128571429,
4375,1/22/2024 18:50,-0.015368775,4140.00m,-9.085507246,
4376,1/22/2024 18:53,0.008171578,180.00m,109.4,
4377,1/22/2024 18:59,-0.004225547,360.00m,-28.51666667,
4378,1/22/2024 19:04,0.004087231,300.00m,32.96,
4379,1/22/2024 19:23,-0.014620049,1140.00m,-31.15263158,
4380,1/22/2024 19:25,0.004943149,120.00m,98.6,
4381,1/22/2024 19:42,-0.016218185,1020.00m,-38.24705882,
4382,1/22/2024 20:36,0.021858187,3240.00m,15.96481481,
4383,1/22/2024 21:14,-0.007681867,2280.00m,-8.147368421,
4384,1/22/2024 21:23,0.00475582,540.00m,21.13333333,
4385,1/22/2024 22:01,-0.011004572,2280.00m,-11.63684211,
4386,1/22/2024 22:16,0.007923787,900.00m,20.99333333,
4387,1/22/2024 22:47,-0.010822349,1860.00m,-13.98387097,
4388,1/22/2024 23:04,0.00848003,1020.00m,19.76470588,
4389,1/22/2024 23:53,-0.011369296,2940.00m,-9.271428571,
4390,1/23/2024 1:20,0.010338141,5220.00m,4.694252874,
4391,1/23/2024 1:36,-0.005000927,960.00m,-12.475,
4392,1/23/2024 4:26,0.011192808,10200.00m,2.614705882,
4393,1/23/2024 9:13,-0.026015066,17220.00m,-3.640069686,
4394,1/23/2024 9:16,0.004029371,180.00m,52.53333333,
4395,1/23/2024 9:32,-0.009032248,960.00m,-22.16875,
4396,1/23/2024 9:47,0.008865317,900.00m,23,
4397,1/23/2024 10:16,-0.010198494,1740.00m,-13.80689655,
4398,1/23/2024 10:28,0.007532109,720.00m,24.39166667,
4399,1/23/2024 11:50,-0.012670804,4920.00m,-6.05,
4400,1/23/2024 12:04,0.00926096,840.00m,25.57142857,
4401,1/23/2024 12:19,-0.005567104,900.00m,-14.48,
4402,1/23/2024 12:25,0.004386858,360.00m,28.36666667,
4403,1/23/2024 12:38,-0.005050311,780.00m,-15.13846154,
4404,1/23/2024 12:59,0.007598443,1260.00m,14.02857143,
4405,1/23/2024 14:23,-0.012929501,5040.00m,-6.013095238,
4406,1/23/2024 14:27,0.008285659,240.00m,79.875,
4407,1/23/2024 14:33,-0.00780605,360.00m,-50.58333333,
4408,1/23/2024 15:41,0.021523411,4080.00m,12.21029412,
4409,1/23/2024 16:16,-0.012053727,2100.00m,-13.57142857,
4410,1/23/2024 16:32,0.006791346,960.00m,16.525,
4411,1/23/2024 16:37,-0.005500519,300.00m,-43.12,
4412,1/23/2024 17:01,0.012844818,1440.00m,20.8625,
4413,1/23/2024 17:16,-0.005253107,900.00m,-13.82666667,
4414,1/23/2024 17:33,0.008491623,1020.00m,19.61764706,
4415,1/23/2024 17:51,-0.005824654,1080.00m,-12.81666667,
4416,1/23/2024 18:16,0.006719693,1500.00m,10.584,
4417,1/23/2024 19:10,-0.015662918,3240.00m,-11.49814815,
4418,1/23/2024 19:36,0.006542715,1560.00m,9.819230769,
4419,1/23/2024 20:02,-0.004422571,1560.00m,-6.680769231,
4420,1/23/2024 20:48,0.006429322,2760.00m,5.465217391,
4421,1/23/2024 20:57,-0.007917974,540.00m,-34.62222222,
4422,1/23/2024 21:00,0.00602942,180.00m,78.46666667,
4423,1/23/2024 21:20,-0.005326232,1200.00m,-10.46,
4424,1/24/2024 0:53,0.029635431,12780.00m,5.435680751,
4425,1/24/2024 2:02,-0.013257628,4140.00m,-7.728985507,
4426,1/24/2024 2:34,0.004620509,1920.00m,5.73125,
4427,1/24/2024 3:35,-0.00772896,3660.00m,-5.052459016,
4428,1/24/2024 7:23,0.014360162,13680.00m,2.492105263,
4429,1/24/2024 7:53,-0.005364262,1800.00m,-7.176666667,
4430,1/24/2024 8:07,0.004656732,840.00m,13.27857143,
4431,1/24/2024 8:17,-0.005610049,600.00m,-22.5,
4432,1/24/2024 9:14,0.005132693,3420.00m,3.59122807,
4433,1/24/2024 9:49,-0.00420842,2100.00m,-4.82,
4434,1/24/2024 10:49,0.014076498,3600.00m,9.365,
4435,1/24/2024 11:45,-0.009046554,3360.00m,-6.539285714,
4436,1/24/2024 12:06,0.00402111,1260.00m,7.680952381,
4437,1/24/2024 14:20,-0.012057227,8040.00m,-3.623880597,
4438,1/24/2024 14:32,0.010010304,720.00m,33.19166667,
4439,1/24/2024 14:35,-0.007131606,180.00m,-95.53333333,
4440,1/24/2024 14:39,0.005801903,240.00m,57.875,
4441,1/24/2024 14:57,-0.007779289,1080.00m,-17.34444444,
4442,1/24/2024 15:49,0.007204922,3120.00m,5.517307692,
4443,1/24/2024 16:21,-0.004587739,1920.00m,-5.75,
4444,1/24/2024 16:59,0.006590203,2280.00m,6.923684211,
4445,1/24/2024 18:24,-0.013957597,5100.00m,-6.598823529,
4446,1/24/2024 18:43,0.006319227,1140.00m,13.17894737,
4447,1/24/2024 19:47,-0.005883312,3840.00m,-3.665625,
4448,1/24/2024 20:09,0.00814815,1320.00m,14.68181818,
4449,1/24/2024 20:56,-0.011185095,2820.00m,-9.510638298,
4450,1/25/2024 0:55,0.016296825,14340.00m,2.694560669,
4451,1/25/2024 2:56,-0.006334519,7260.00m,-2.102479339,
4452,1/25/2024 3:27,0.004590731,1860.00m,5.909677419,
4453,1/25/2024 5:31,-0.007590478,7440.00m,-2.454032258,
4454,1/25/2024 8:12,0.009164166,9660.00m,2.264596273,
4455,1/25/2024 10:06,-0.004739726,6840.00m,-1.669298246,
4456,1/25/2024 11:33,0.007777836,5220.00m,3.572413793,
4457,1/25/2024 13:49,-0.011899529,8160.00m,-3.523529412,
4458,1/25/2024 14:37,0.006976399,2880.00m,5.783333333,
4459,1/25/2024 15:53,-0.010486936,4560.00m,-5.528947368,
4460,1/25/2024 16:31,0.004658413,2280.00m,4.860526316,
4461,1/25/2024 17:16,-0.006863587,2700.00m,-6.075555556,
4462,1/25/2024 18:17,0.011703741,3660.00m,7.590163934,
4463,1/25/2024 19:03,-0.007268321,2760.00m,-6.323913043,
4464,1/25/2024 19:41,0.006400366,2280.00m,6.692105263,
4465,1/25/2024 20:58,-0.008527899,4620.00m,-4.428571429,
4466,1/25/2024 22:37,0.008391894,5940.00m,3.360606061,
4467,1/26/2024 1:09,-0.004019701,9120.00m,-1.057236842,
4468,1/26/2024 4:40,0.009360229,12660.00m,1.766350711,
4469,1/26/2024 7:31,-0.007218196,10260.00m,-1.696491228,
4470,1/26/2024 9:46,0.012027569,8100.00m,3.554814815,
4471,1/26/2024 9:59,-0.007783575,780.00m,-24.17692308,
4472,1/26/2024 11:30,0.031193842,5460.00m,13.73406593,
4473,1/26/2024 11:31,-0.004218766,60.00m,-174.3,
4474,1/26/2024 12:27,0.008402789,3360.00m,6.173214286,
4475,1/26/2024 13:51,-0.013351235,5040.00m,-6.594047619,
4476,1/26/2024 14:59,0.015835673,4080.00m,9.532352941,
4477,1/26/2024 15:30,-0.008588036,1860.00m,-11.51935484,
4478,1/26/2024 17:00,0.018132641,5400.00m,8.305555556,
4479,1/26/2024 17:29,-0.005189236,1740.00m,-7.510344828,
4480,1/26/2024 18:10,0.008277111,2460.00m,8.429268293,
4481,1/26/2024 18:18,-0.006211505,480.00m,-32.6875,
4482,1/26/2024 18:45,0.007885214,1620.00m,12.21851852,
4483,1/26/2024 19:48,-0.005565872,3780.00m,-3.725396825,
4484,1/26/2024 20:13,0.006906255,1500.00m,11.584,
4485,1/26/2024 20:54,-0.009044919,2460.00m,-9.314634146,
4486,1/26/2024 21:46,0.004466942,3120.00m,3.594230769,
4487,1/27/2024 0:46,-0.007666391,10800.00m,-1.79,
4488,1/27/2024 1:33,0.004970579,2820.00m,4.410638298,
4489,1/27/2024 9:00,-0.012499791,26820.00m,-1.172035794,
4490,1/27/2024 22:29,0.019096954,48540.00m,0.977008653,
4491,1/28/2024 0:47,-0.005796696,8280.00m,-1.77173913,
4492,1/28/2024 5:19,0.020212378,16320.00m,3.116176471,
4493,1/28/2024 6:44,-0.011261667,5100.00m,-5.668235294,
4494,1/28/2024 7:21,0.004626423,2220.00m,5.289189189,
4495,1/28/2024 8:07,-0.004541583,2760.00m,-4.195652174,
4496,1/28/2024 8:43,0.006890732,2160.00m,8.097222222,
4497,1/28/2024 9:14,-0.004031018,1860.00m,-5.538709677,
4498,1/28/2024 9:41,0.005640808,1620.00m,8.862962963,
4499,1/28/2024 13:17,-0.009366584,12960.00m,-1.85,
4500,1/28/2024 14:24,0.005711893,4020.00m,3.602985075,
4501,1/28/2024 16:34,-0.008396837,7800.00m,-2.745384615,
4502,1/28/2024 16:56,0.004140251,1320.00m,7.931818182,
4503,1/28/2024 18:25,-0.009385256,5340.00m,-4.462921348,
4504,1/28/2024 18:36,0.004066834,660.00m,15.5,
4505,1/28/2024 20:15,-0.010231619,5940.00m,-4.350505051,
4506,1/28/2024 21:55,0.00826847,6000.00m,3.445,
4507,1/28/2024 22:39,-0.007710289,2640.00m,-7.361363636,
4508,1/28/2024 23:42,0.009056037,3780.00m,5.992063492,
4509,1/29/2024 0:19,-0.004550382,2220.00m,-5.172972973,
4510,1/29/2024 1:36,0.010155,4620.00m,5.522077922,
4511,1/29/2024 2:03,-0.004333723,1620.00m,-6.788888889,
4512,1/29/2024 3:30,0.008453467,5220.00m,4.091954023,
4513,1/29/2024 8:13,-0.01213123,16980.00m,-1.8204947,
4514,1/29/2024 8:55,0.004242772,2520.00m,4.238095238,
4515,1/29/2024 9:07,-0.004471692,720.00m,-15.7,
4516,1/29/2024 10:46,0.00992292,5940.00m,4.204040404,
4517,1/29/2024 14:55,-0.01301479,14940.00m,-2.214056225,
4518,1/29/2024 16:02,0.022533857,4020.00m,14.06119403,
4519,1/29/2024 16:13,-0.005468967,660.00m,-21.25454545,
4520,1/29/2024 16:52,0.018155304,2340.00m,19.79230769,
4521,1/29/2024 17:20,-0.007983663,1680.00m,-12.34285714,
4522,1/29/2024 17:26,0.005146381,360.00m,36.83333333,
4523,1/29/2024 17:48,-0.00552083,1320.00m,-10.83181818,
4524,1/29/2024 18:11,0.004072172,1380.00m,7.6,
4525,1/29/2024 18:48,-0.004909479,2220.00m,-5.718918919,
4526,1/30/2024 2:45,0.020410971,28620.00m,1.835220126,
4527,1/30/2024 8:05,-0.012247481,19200.00m,-1.675,
4528,1/30/2024 12:23,0.014020972,15480.00m,2.349224806,
4529,1/30/2024 12:49,-0.013400496,1560.00m,-22.59230769,
4530,1/30/2024 13:07,0.004848914,1080.00m,11.65,
4531,1/30/2024 14:10,-0.008295652,3780.00m,-5.722222222,
4532,1/30/2024 15:27,0.010840913,4620.00m,6.067532468,
4533,1/30/2024 16:18,-0.008130716,3060.00m,-6.945098039,
4534,1/30/2024 17:08,0.008340855,3000.00m,7.208,
4535,1/30/2024 18:24,-0.006793759,4560.00m,-3.894736842,
4536,1/30/2024 20:32,0.009983038,7680.00m,3.375,
4537,1/30/2024 21:09,-0.005065736,2220.00m,-5.983783784,
4538,1/30/2024 21:31,0.004052065,1320.00m,8.009090909,
4539,1/30/2024 23:46,-0.022036088,8100.00m,-7.126666667,
4540,1/31/2024 0:01,0.008229874,900.00m,23.42666667,
4541,1/31/2024 0:19,-0.00483397,1080.00m,-11.56111111,
4542,1/31/2024 0:25,0.004381276,360.00m,31.28333333,
4543,1/31/2024 2:22,-0.008141002,7020.00m,-2.994017094,
4544,1/31/2024 8:01,0.008845141,20340.00m,1.113569322,
4545,1/31/2024 10:59,-0.015802565,10680.00m,-3.82247191,
4546,1/31/2024 12:27,0.007954993,5280.00m,3.830681818,
4547,1/31/2024 13:25,-0.004584084,3480.00m,-3.375862069,
4548,1/31/2024 13:36,0.008236667,660.00m,31.83636364,
4549,1/31/2024 14:07,-0.006629747,1860.00m,-9.167741935,
4550,1/31/2024 14:53,0.008665389,2760.00m,8.02173913,
4551,1/31/2024 15:18,-0.005445588,1500.00m,-9.356,
4552,1/31/2024 16:06,0.01911827,2880.00m,17.01458333,
4553,1/31/2024 16:36,-0.005002871,1800.00m,-7.26,
4554,1/31/2024 17:59,0.008952564,4980.00m,4.672289157,
4555,1/31/2024 19:32,-0.015098959,5580.00m,-7.095698925,
4556,1/31/2024 19:46,0.010075479,840.00m,30.97857143,
4557,1/31/2024 20:11,-0.016304498,1500.00m,-28.356,
4558,1/31/2024 20:28,0.006446122,1020.00m,16.21764706,
4559,1/31/2024 21:00,-0.012600591,1920.00m,-16.95,
4560,1/31/2024 21:16,0.004030285,960.00m,10.70625,
4561,1/31/2024 21:29,-0.009099111,780.00m,-29.86923077,
4562,1/31/2024 23:37,0.008896519,7680.00m,2.9390625,
4563,2/1/2024 0:40,-0.01047761,3780.00m,-7.095238095,
4564,2/1/2024 0:57,0.005993074,1020.00m,14.88235294,
4565,2/1/2024 1:38,-0.013855007,2460.00m,-14.35121951,
4566,2/1/2024 3:06,0.006934097,5280.00m,3.3,
4567,2/1/2024 4:35,-0.00617969,5340.00m,-2.928089888,
4568,2/1/2024 7:46,0.008911997,11460.00m,1.955497382,
4569,2/1/2024 10:04,-0.00402523,8280.00m,-1.233333333,
4570,2/1/2024 10:25,0.004535406,1260.00m,9.095238095,
4571,2/1/2024 12:07,-0.00833489,6120.00m,-3.456862745,
4572,2/1/2024 12:46,0.006140424,2340.00m,6.605128205,
4573,2/1/2024 13:11,-0.005449062,1500.00m,-9.2,
4574,2/1/2024 15:30,0.021770357,8340.00m,6.574820144,
4575,2/1/2024 16:08,-0.009850092,2280.00m,-11.11842105,
4576,2/1/2024 16:15,0.004038097,420.00m,24.5,
4577,2/1/2024 16:35,-0.006847709,1200.00m,-14.6,
4578,2/1/2024 17:32,0.01872255,3420.00m,13.91052632,
4579,2/1/2024 18:09,-0.007653635,2220.00m,-8.924324324,
4580,2/1/2024 18:20,0.005190049,660.00m,20.2,
4581,2/1/2024 18:43,-0.00607414,1380.00m,-11.36521739,
4582,2/1/2024 19:51,0.01103487,4080.00m,6.941176471,
4583,2/1/2024 20:57,-0.008065579,3960.00m,-5.284848485,
4584,2/1/2024 21:19,0.006615894,1320.00m,12.9,
4585,2/1/2024 22:45,-0.007098111,5160.00m,-3.563953488,
4586,2/2/2024 0:24,0.012170546,5940.00m,5.270707071,
4587,2/2/2024 4:47,-0.010719931,15780.00m,-1.768821293,
4588,2/2/2024 7:08,0.007183687,8460.00m,2.187234043,
4589,2/2/2024 10:10,-0.00720877,10920.00m,-1.712637363,
4590,2/2/2024 12:22,0.006976912,7920.00m,2.268939394,
4591,2/2/2024 13:50,-0.015897545,5280.00m,-7.809090909,
4592,2/2/2024 16:05,0.021918401,8100.00m,6.906666667,
4593,2/2/2024 18:06,-0.01632085,7260.00m,-5.863636364,
4594,2/3/2024 0:28,0.014066063,22920.00m,1.57460733,
4595,2/3/2024 15:10,-0.011590259,52920.00m,-0.56984127,
4596,2/3/2024 17:51,0.009222751,9660.00m,2.455279503,
4597,2/4/2024 0:32,-0.008673801,24060.00m,-0.935660848,
4598,2/4/2024 2:16,0.004011054,6240.00m,1.653846154,
4599,2/4/2024 9:14,-0.007527843,25080.00m,-0.775358852,
4600,2/4/2024 12:37,0.008694248,12180.00m,1.830049261,
4601,2/4/2024 20:27,-0.012654028,28200.00m,-1.160425532,
4602,2/4/2024 21:02,0.009131605,2100.00m,11.10285714,
4603,2/4/2024 22:40,-0.013869193,5880.00m,-6.07755102,
4604,2/4/2024 23:05,0.006663754,1500.00m,11.288,
4605,2/5/2024 1:13,-0.009235129,7680.00m,-3.07578125,
4606,2/5/2024 8:06,0.022307456,24780.00m,2.281355932,
4607,2/5/2024 9:35,-0.005632341,5340.00m,-2.73258427,
4608,2/5/2024 13:37,0.014344606,14520.00m,2.545041322,
4609,2/5/2024 16:28,-0.02376475,10260.00m,-6.052631579,
4610,2/5/2024 17:43,0.007145394,4500.00m,4.050666667,
4611,2/5/2024 18:15,-0.005401593,1920.00m,-7.228125,
4612,2/5/2024 19:30,0.006302038,4500.00m,3.578666667,
4613,2/5/2024 20:25,-0.012639473,3300.00m,-9.849090909,
4614,2/5/2024 21:42,0.004322232,4620.00m,2.375324675,
4615,2/5/2024 22:01,-0.004207158,1140.00m,-9.410526316,
4616,2/6/2024 3:10,0.0146384,18540.00m,2.004854369,
4617,2/6/2024 6:17,-0.006560363,11220.00m,-1.506417112,
4618,2/6/2024 9:00,0.010176286,9780.00m,2.663190184,
4619,2/6/2024 10:15,-0.004497344,4500.00m,-2.584,
4620,2/6/2024 10:35,0.004158673,1200.00m,8.92,
4621,2/6/2024 11:02,-0.009086118,1620.00m,-14.4962963,
4622,2/6/2024 12:06,0.004608144,3840.00m,3.0734375,
4623,2/6/2024 12:54,-0.005389208,2880.00m,-4.814583333,
4624,2/6/2024 16:31,0.01692813,13020.00m,3.32718894,
4625,2/6/2024 18:36,-0.008044193,7500.00m,-2.7912,
4626,2/6/2024 20:00,0.006389457,5040.00m,3.272619048,
4627,2/6/2024 21:03,-0.005810771,3780.00m,-3.993650794,
4628,2/6/2024 21:43,0.00443698,2400.00m,4.775,
4629,2/7/2024 3:58,-0.010738165,22500.00m,-1.238133333,
4630,2/7/2024 9:45,0.009494085,20820.00m,1.170317003,
4631,2/7/2024 10:55,-0.007779046,4200.00m,-4.798571429,
4632,2/7/2024 14:51,0.010659553,14160.00m,1.935169492,
4633,2/7/2024 15:08,-0.008796584,1020.00m,-22.40588235,
4634,2/7/2024 17:40,0.017763281,9120.00m,5.015789474,
4635,2/7/2024 17:47,-0.006716664,420.00m,-41.91428571,
4636,2/7/2024 19:01,0.006361059,4440.00m,3.72972973,
4637,2/7/2024 19:33,-0.005381885,1920.00m,-7.34375,
4638,2/7/2024 21:31,0.022058485,7080.00m,8.118644068,
4639,2/7/2024 21:50,-0.006141299,1140.00m,-14.34736842,
4640,2/7/2024 22:37,0.004329554,2820.00m,4.063829787,
4641,2/7/2024 22:58,-0.0043786,1260.00m,-9.238095238,
4642,2/8/2024 2:05,0.013907654,11220.00m,3.280748663,
4643,2/8/2024 7:04,-0.006586788,17940.00m,-0.985284281,
4644,2/8/2024 11:14,0.009767889,15000.00m,1.736,
4645,2/8/2024 12:38,-0.005915485,5040.00m,-3.15952381,
4646,2/8/2024 14:14,0.012544871,5760.00m,5.828125,
4647,2/8/2024 14:31,-0.006264476,1020.00m,-16.64117647,
4648,2/8/2024 15:02,0.005851615,1860.00m,8.470967742,
4649,2/8/2024 15:10,-0.004266811,480.00m,-24.075,
4650,2/8/2024 16:00,0.010877376,3000.00m,9.778,
4651,2/8/2024 16:52,-0.011612091,3120.00m,-10.14615385,
4652,2/8/2024 17:37,0.006753838,2700.00m,6.74,
4653,2/8/2024 18:04,-0.004490048,1620.00m,-7.518518519,
4654,2/8/2024 20:17,0.012102266,7980.00m,4.095488722,
4655,2/8/2024 20:25,-0.00542667,480.00m,-30.9,
4656,2/8/2024 20:49,0.004749965,1440.00m,8.966666667,
4657,2/9/2024 0:43,-0.006588197,14040.00m,-1.281623932,
4658,2/9/2024 2:55,0.024033135,7920.00m,8.233333333,
4659,2/9/2024 4:19,-0.010045846,5040.00m,-5.538095238,
4660,2/9/2024 9:00,0.019087092,16860.00m,3.113879004,
4661,2/9/2024 9:17,-0.005062343,1020.00m,-13.91176471,
4662,2/9/2024 12:10,0.023015856,10380.00m,6.183815029,
4663,2/9/2024 12:34,-0.007453082,1440.00m,-14.76666667,
4664,2/9/2024 12:44,0.005237688,600.00m,24.72,
4665,2/9/2024 13:08,-0.004554882,1440.00m,-9.004166667,
4666,2/9/2024 13:45,0.0076862,2220.00m,9.810810811,
4667,2/9/2024 13:51,-0.004141583,360.00m,-32.85,
4668,2/9/2024 14:12,0.006342655,1260.00m,14.31428571,
4669,2/9/2024 14:20,-0.021591814,480.00m,-128.725,
4670,2/9/2024 14:21,0.006716069,60.00m,313.4,
4671,2/9/2024 14:25,-0.005340843,240.00m,-62.725,
4672,2/9/2024 14:38,0.011036517,780.00m,39.66923077,
4673,2/9/2024 15:04,-0.008659594,1560.00m,-15.73461538,
4674,2/9/2024 15:09,0.004422067,300.00m,41.42,
4675,2/9/2024 15:17,-0.005535667,480.00m,-32.55,
4676,2/9/2024 15:32,0.009739205,900.00m,30.37333333,
4677,2/9/2024 15:52,-0.004416161,1200.00m,-10.43,
4678,2/9/2024 16:15,0.008622706,1380.00m,17.63043478,
4679,2/9/2024 16:33,-0.005835661,1080.00m,-15.37777778,
4680,2/9/2024 18:24,0.020635893,6660.00m,8.766666667,
4681,2/9/2024 19:22,-0.016300012,3480.00m,-13.52586207,
4682,2/9/2024 19:36,0.00622039,840.00m,21.03571429,
4683,2/9/2024 19:55,-0.004347297,1140.00m,-10.9,
4684,2/9/2024 20:10,0.004414769,900.00m,13.96,
4685,2/9/2024 21:32,-0.007117804,4920.00m,-4.135365854,
4686,2/9/2024 22:01,0.004877172,1740.00m,7.955172414,
4687,2/10/2024 0:39,-0.010575877,9480.00m,-3.18164557,
4688,2/10/2024 3:31,0.009440782,10320.00m,2.581395349,
4689,2/10/2024 10:53,-0.013144037,26520.00m,-1.411764706,
4690,2/10/2024 20:47,0.027547492,35640.00m,2.172727273,
4691,2/10/2024 21:11,-0.007816687,1440.00m,-15.67916667,
4692,2/10/2024 21:30,0.006906832,1140.00m,17.36315789,
4693,2/10/2024 22:22,-0.009579118,3120.00m,-8.859615385,
4694,2/10/2024 23:05,0.006044066,2580.00m,6.695348837,
4695,2/11/2024 1:28,-0.00764794,8580.00m,-2.562937063,
4696,2/11/2024 3:59,0.020233456,9060.00m,6.37218543,
4697,2/11/2024 5:49,-0.007826107,6600.00m,-3.451818182,
4698,2/11/2024 7:22,0.004163083,5580.00m,2.15483871,
4699,2/11/2024 7:43,-0.005643616,1260.00m,-12.99047619,
4700,2/11/2024 8:10,0.004277541,1620.00m,7.614814815,
4701,2/11/2024 10:51,-0.007136849,9660.00m,-2.139751553,
4702,2/11/2024 12:19,0.010847951,5280.00m,5.907954545,
4703,2/11/2024 14:12,-0.010459068,6780.00m,-4.484070796,
4704,2/11/2024 14:59,0.005999253,2820.00m,6.119148936,
4705,2/11/2024 16:17,-0.005227373,4680.00m,-3.232051282,
4706,2/11/2024 17:10,0.008654544,3180.00m,7.833962264,
4707,2/11/2024 18:34,-0.007416822,5040.00m,-4.272619048,
4708,2/11/2024 19:32,0.007141206,3480.00m,5.913793103,
4709,2/11/2024 21:28,-0.008084905,6960.00m,-3.371551724,
4710,2/11/2024 22:28,0.005135152,3600.00m,4.106666667,
4711,2/11/2024 23:15,-0.004379072,2820.00m,-4.493617021,
4712,2/12/2024 0:31,0.016048082,4560.00m,10.13947368,
4713,2/12/2024 6:47,-0.019770931,22560.00m,-2.565425532,
4714,2/12/2024 7:33,0.011611276,2760.00m,12.07173913,
4715,2/12/2024 10:07,-0.01299104,9240.00m,-4.081168831,
4716,2/12/2024 10:30,0.006383112,1380.00m,13.25217391,
4717,2/12/2024 11:33,-0.00603049,3780.00m,-4.6,
4718,2/12/2024 15:14,0.027867102,13260.00m,6.023076923,
4719,2/12/2024 15:19,-0.007312041,300.00m,-71.8,
4720,2/12/2024 15:58,0.024941473,2340.00m,31.16923077,
4721,2/12/2024 16:16,-0.009340649,1080.00m,-25.92222222,
4722,2/12/2024 16:27,0.006811876,660.00m,30.64545455,
4723,2/12/2024 16:45,-0.006316208,1080.00m,-17.48333333,
4724,2/12/2024 17:19,0.012330967,2040.00m,17.95588235,
4725,2/12/2024 17:21,-0.005716281,120.00m,-143.25,
4726,2/12/2024 17:31,0.009361173,600.00m,46.65,
4727,2/12/2024 18:39,-0.011403579,4080.00m,-8.435294118,
4728,2/12/2024 19:11,0.004281428,1920.00m,6.653125,
4729,2/12/2024 19:59,-0.007877563,2880.00m,-8.195833333,
4730,2/12/2024 21:14,0.014951792,4500.00m,9.877333333,
4731,2/12/2024 21:59,-0.008976529,2700.00m,-10.03111111,
4732,2/13/2024 1:36,0.010697237,13020.00m,2.456682028,
4733,2/13/2024 3:54,-0.012132607,8280.00m,-4.42826087,
4734,2/13/2024 7:17,0.007667217,12180.00m,1.879310345,
4735,2/13/2024 7:41,-0.004276129,1440.00m,-8.933333333,
4736,2/13/2024 9:58,0.006836337,8220.00m,2.491240876,
4737,2/13/2024 11:15,-0.011775425,4620.00m,-7.687012987,
4738,2/13/2024 11:56,0.006967456,2460.00m,8.441463415,
4739,2/13/2024 13:36,-0.015793714,6000.00m,-7.9,
4740,2/13/2024 13:51,0.012721943,900.00m,41.75333333,
4741,2/13/2024 14:13,-0.015677087,1320.00m,-35.52727273,
4742,2/13/2024 14:17,0.004815118,240.00m,59.075,
4743,2/13/2024 14:23,-0.015321156,360.00m,-125.9166667,
4744,2/13/2024 14:38,0.012429102,900.00m,40.23333333,
4745,2/13/2024 15:14,-0.01358045,2160.00m,-18.54444444,
4746,2/13/2024 15:34,0.010958667,1200.00m,26.57,
4747,2/13/2024 16:23,-0.007482248,2940.00m,-7.485714286,
4748,2/13/2024 16:31,0.004353018,480.00m,26.475,
4749,2/13/2024 17:12,-0.0094807,2460.00m,-11.3,
4750,2/13/2024 18:43,0.018072737,5460.00m,9.613186813,
4751,2/13/2024 19:16,-0.006871053,1980.00m,-10.26060606,
4752,2/13/2024 19:35,0.006307646,1140.00m,16.24736842,
4753,2/13/2024 19:58,-0.004588898,1380.00m,-9.826086957,
4754,2/13/2024 21:30,0.014240167,5520.00m,7.588043478,
4755,2/13/2024 22:18,-0.00725241,2880.00m,-7.5125,
4756,2/13/2024 22:31,0.004288828,780.00m,16.28461538,
4757,2/13/2024 23:09,-0.004161582,2280.00m,-5.428947368,
4758,2/13/2024 23:53,0.007892039,2640.00m,8.854545455,
4759,2/14/2024 1:25,-0.008543728,5520.00m,-4.620652174,
4760,2/14/2024 3:19,0.005913153,6840.00m,2.55877193,
4761,2/14/2024 4:36,-0.007065358,4620.00m,-4.553246753,
4762,2/14/2024 9:10,0.045788869,16440.00m,8.233941606,
4763,2/14/2024 9:16,-0.011256038,360.00m,-96.66666667,
4764,2/14/2024 9:57,0.01434014,2460.00m,17.8195122,
4765,2/14/2024 10:23,-0.007811759,1560.00m,-15.52692308,
4766,2/14/2024 10:34,0.005193584,660.00m,24.20909091,
4767,2/14/2024 11:06,-0.00896566,1920.00m,-14.440625,
4768,2/14/2024 11:56,0.013136514,3000.00m,13.42,
4769,2/14/2024 12:12,-0.005565217,960.00m,-18,
4770,2/14/2024 12:37,0.006727294,1500.00m,13.848,
4771,2/14/2024 12:52,-0.005367876,900.00m,-18.54,
4772,2/14/2024 13:40,0.006097407,2880.00m,6.545833333,
4773,2/14/2024 14:21,-0.004710257,2460.00m,-5.956097561,
4774,2/14/2024 14:36,0.007937969,900.00m,27.30666667,
4775,2/14/2024 14:46,-0.005468211,600.00m,-28.44,
4776,2/14/2024 14:50,0.005467344,240.00m,70.7,
4777,2/14/2024 15:16,-0.011852,1560.00m,-23.70769231,
4778,2/14/2024 15:35,0.011219711,1140.00m,30.34736842,
4779,2/14/2024 16:21,-0.011493545,2760.00m,-12.98478261,
4780,2/14/2024 16:46,0.007552899,1500.00m,15.52,
4781,2/14/2024 17:07,-0.004509361,1260.00m,-11.11428571,
4782,2/14/2024 17:15,0.004310479,480.00m,27.7625,
4783,2/14/2024 19:19,-0.009617819,7440.00m,-4.013709677,
4784,2/14/2024 20:24,0.012253659,3900.00m,9.661538462,
4785,2/14/2024 21:31,-0.007446316,4020.00m,-5.765671642,
4786,2/15/2024 0:39,0.018746711,11280.00m,5.134574468,
4787,2/15/2024 1:34,-0.013239415,3300.00m,-12.62727273,
4788,2/15/2024 3:42,0.012516783,7680.00m,5.06171875,
4789,2/15/2024 5:55,-0.010724971,7980.00m,-4.226315789,
4790,2/15/2024 7:19,0.005626028,5040.00m,3.472619048,
4791,2/15/2024 8:04,-0.008922133,2700.00m,-10.33777778,
4792,2/15/2024 11:34,0.015885886,12600.00m,3.909047619,
4793,2/15/2024 11:38,-0.004922308,240.00m,-64.6,
4794,2/15/2024 12:04,0.005293153,1560.00m,10.63461538,
4795,2/15/2024 12:18,-0.006543042,840.00m,-24.54285714,
4796,2/15/2024 12:34,0.005280792,960.00m,17.21875,
4797,2/15/2024 13:37,-0.006175911,3780.00m,-5.141269841,
4798,2/15/2024 13:52,0.004430008,900.00m,15.39333333,
4799,2/15/2024 14:03,-0.004232828,660.00m,-20.14545455,
4800,2/15/2024 14:34,0.013030609,1860.00m,21.91290323,
4801,2/15/2024 14:39,-0.004353309,300.00m,-45.98,
4802,2/15/2024 14:51,0.004539706,720.00m,19.89166667,
4803,2/15/2024 15:33,-0.018959015,2520.00m,-23.84285714,
4804,2/15/2024 15:37,0.004010205,240.00m,51.95,
4805,2/15/2024 16:14,-0.004624646,2220.00m,-6.502702703,
4806,2/15/2024 16:40,0.011540021,1560.00m,22.98461538,
4807,2/15/2024 18:02,-0.009923142,4920.00m,-6.33902439,
4808,2/15/2024 18:12,0.004143625,600.00m,21.49,
4809,2/15/2024 19:23,-0.005534039,4260.00m,-4.05915493,
4810,2/15/2024 19:49,0.00540457,1560.00m,10.76538462,
4811,2/15/2024 20:18,-0.008071919,1740.00m,-14.49310345,
4812,2/15/2024 20:42,0.004956524,1440.00m,10.66666667,
4813,2/15/2024 21:42,-0.009577094,3600.00m,-8.285,
4814,2/15/2024 21:48,0.00428338,360.00m,36.7,
4815,2/15/2024 21:59,-0.00540596,660.00m,-25.37272727,
4816,2/15/2024 22:32,0.009608737,1980.00m,14.95151515,
4817,2/15/2024 22:49,-0.0054627,1020.00m,-16.65882353,
4818,2/16/2024 1:26,0.010989288,9420.00m,3.608917197,
4819,2/16/2024 2:02,-0.00479608,2160.00m,-6.944444444,
4820,2/16/2024 4:11,0.009574774,7740.00m,3.850387597,
4821,2/16/2024 7:56,-0.011723688,13500.00m,-2.728888889,
4822,2/16/2024 8:46,0.005025252,3000.00m,5.202,
4823,2/16/2024 9:10,-0.007101292,1440.00m,-15.39166667,
4824,2/16/2024 11:40,0.015626543,9000.00m,5.380666667,
4825,2/16/2024 12:04,-0.006224217,1440.00m,-13.60416667,
4826,2/16/2024 13:02,0.00680032,3480.00m,6.112068966,
4827,2/16/2024 13:35,-0.005980825,1980.00m,-9.512121212,
4828,2/16/2024 14:00,0.00683528,1500.00m,14.264,
4829,2/16/2024 14:18,-0.009598855,1080.00m,-28.01111111,
4830,2/16/2024 14:41,0.007696611,1380.00m,17.40869565,
4831,2/16/2024 15:13,-0.014697663,1920.00m,-24.078125,
4832,2/16/2024 15:23,0.004594136,600.00m,23.73,
4833,2/16/2024 15:36,-0.00401618,780.00m,-16.03076923,
4834,2/16/2024 16:22,0.011518584,2760.00m,12.94130435,
4835,2/16/2024 17:39,-0.008366968,4620.00m,-5.680519481,
4836,2/16/2024 18:55,0.004230357,4560.00m,2.885526316,
4837,2/16/2024 19:55,-0.007128464,3600.00m,-6.185,
4838,2/16/2024 23:45,0.010640809,13800.00m,2.391304348,
4839,2/17/2024 10:26,-0.013316028,38460.00m,-1.085179407,
4840,2/17/2024 11:36,0.005381998,4200.00m,3.962857143,
4841,2/17/2024 14:48,-0.021715721,11520.00m,-5.8609375,
4842,2/17/2024 14:56,0.004712561,480.00m,29.8625,
4843,2/17/2024 15:09,-0.004380247,780.00m,-17.16153846,
4844,2/17/2024 15:32,0.009660797,1380.00m,21.3,
4845,2/17/2024 16:24,-0.008011719,3120.00m,-7.888461538,
4846,2/17/2024 21:34,0.025064088,18600.00m,4.106451613,
4847,2/18/2024 0:38,-0.009348325,11040.00m,-2.645108696,
4848,2/18/2024 1:07,0.004903434,1740.00m,8.720689655,
4849,2/18/2024 2:48,-0.011437612,6060.00m,-5.869306931,
4850,2/18/2024 6:05,0.0096182,11820.00m,2.501522843,
4851,2/18/2024 6:49,-0.005519148,2640.00m,-6.488636364,
4852,2/18/2024 10:07,0.012586624,11880.00m,3.27020202,
4853,2/18/2024 12:58,-0.009709931,10260.00m,-2.957894737,
4854,2/18/2024 14:54,0.007333499,6960.00m,3.261206897,
4855,2/18/2024 16:24,-0.004687906,5400.00m,-2.706666667,
4856,2/18/2024 17:38,0.005618727,4440.00m,3.927027027,
4857,2/18/2024 20:24,-0.007375434,9960.00m,-2.310843373,
4858,2/18/2024 22:36,0.014817857,7920.00m,5.795454545,
4859,2/18/2024 22:46,-0.004473974,600.00m,-23.44,
4860,2/18/2024 23:22,0.004589944,2160.00m,6.65,
4861,2/18/2024 23:38,-0.006979421,960.00m,-22.85625,
4862,2/19/2024 0:39,0.006988115,3660.00m,5.960655738,
4863,2/19/2024 1:37,-0.008392054,3480.00m,-7.581034483,
4864,2/19/2024 2:44,0.00578769,4020.00m,4.488059701,
4865,2/19/2024 3:44,-0.004611928,3600.00m,-4.016666667,
4866,2/19/2024 4:33,0.004444889,2940.00m,4.718367347,
4867,2/19/2024 5:39,-0.004053899,3960.00m,-3.209090909,
4868,2/19/2024 7:28,0.009334246,6540.00m,4.455963303,
4869,2/19/2024 8:55,-0.007901767,5220.00m,-4.770114943,
4870,2/19/2024 10:21,0.006070446,5160.00m,3.677906977,
4871,2/19/2024 10:26,-0.004042258,300.00m,-42.38,
4872,2/19/2024 10:43,0.005261515,1020.00m,16.15882353,
4873,2/19/2024 12:05,-0.004001219,4920.00m,-2.56097561,
4874,2/19/2024 12:54,0.004051727,2940.00m,4.32244898,
4875,2/19/2024 14:45,-0.008045986,6660.00m,-3.804504505,
4876,2/19/2024 15:26,0.005906249,2460.00m,7.5,
4877,2/19/2024 16:57,-0.012210956,5460.00m,-7.027472527,
4878,2/19/2024 18:19,0.009587969,4920.00m,6.048780488,
4879,2/19/2024 21:42,-0.00925566,12180.00m,-2.381280788,
4880,2/19/2024 22:10,0.007425001,1680.00m,13.72142857,
4881,2/20/2024 0:43,-0.011151332,9180.00m,-3.799346405,
4882,2/20/2024 0:50,0.00420005,420.00m,30.92857143,
4883,2/20/2024 1:24,-0.008364968,2040.00m,-12.73529412,
4884,2/20/2024 3:01,0.009179727,5820.00m,4.857731959,
4885,2/20/2024 4:04,-0.004559696,3780.00m,-3.749206349,
4886,2/20/2024 6:13,0.009638227,7740.00m,3.852713178,
4887,2/20/2024 8:24,-0.008172869,7860.00m,-3.248091603,
4888,2/20/2024 8:43,0.004279877,1140.00m,11.63157895,
4889,2/20/2024 9:48,-0.005139034,3900.00m,-4.1,
4890,2/20/2024 12:20,0.016002636,9120.00m,5.431578947,
4891,2/20/2024 12:47,-0.004674047,1620.00m,-9.074074074,
4892,2/20/2024 13:40,0.016430238,3180.00m,16.17358491,
4893,2/20/2024 14:22,-0.017882567,2520.00m,-22.57857143,
4894,2/20/2024 14:31,0.005645053,540.00m,32.66666667,
4895,2/20/2024 14:40,-0.010779952,540.00m,-62.73333333,
4896,2/20/2024 14:53,0.005825085,780.00m,23.21538462,
4897,2/20/2024 15:30,-0.012549844,2220.00m,-17.67567568,
4898,2/20/2024 16:08,0.006640341,2280.00m,8.992105263,
4899,2/20/2024 17:24,-0.018337873,4560.00m,-12.49868421,
4900,2/20/2024 20:48,0.02739233,12240.00m,6.827941176,
4901,2/20/2024 21:03,-0.005993159,900.00m,-20.87333333,
4902,2/20/2024 23:16,0.011407708,7980.00m,4.454135338,
4903,2/21/2024 4:36,-0.01279459,19200.00m,-2.1,
4904,2/21/2024 5:06,0.005880402,1800.00m,10.16333333,
4905,2/21/2024 7:07,-0.011107255,7260.00m,-4.787603306,
4906,2/21/2024 7:26,0.004602934,1140.00m,12.49473684,
4907,2/21/2024 8:01,-0.004726595,2100.00m,-6.997142857,
4908,2/21/2024 8:29,0.00449307,1680.00m,8.275,
4909,2/21/2024 10:11,-0.017046332,6120.00m,-8.656862745,
4910,2/21/2024 10:51,0.009764912,2400.00m,12.43,
4911,2/21/2024 12:05,-0.011039752,4440.00m,-7.67027027,
4912,2/21/2024 13:09,0.012179772,3840.00m,9.6765625,
4913,2/21/2024 13:34,-0.00958693,1500.00m,-19.736,
4914,2/21/2024 14:12,0.004953651,2280.00m,6.644736842,
4915,2/21/2024 14:35,-0.007732552,1380.00m,-17.22173913,
4916,2/21/2024 14:41,0.006710749,360.00m,56.85,
4917,2/21/2024 15:02,-0.005237444,1260.00m,-12.76190476,
4918,2/21/2024 15:38,0.008541904,2160.00m,12.07777778,
4919,2/21/2024 16:05,-0.004809415,1620.00m,-9.144444444,
4920,2/21/2024 16:53,0.006858498,2880.00m,7.3,
4921,2/21/2024 18:02,-0.010114638,4140.00m,-7.54057971,
4922,2/21/2024 18:18,0.004145719,960.00m,13.19375,
4923,2/21/2024 19:02,-0.008611197,2640.00m,-10.00681818,
4924,2/21/2024 20:21,0.008853678,4740.00m,5.681012658,
4925,2/21/2024 20:51,-0.004679348,1800.00m,-7.976666667,
4926,2/21/2024 23:50,0.020821095,10740.00m,5.920670391,
4927,2/22/2024 1:54,-0.014801742,7440.00m,-6.202419355,
4928,2/22/2024 3:52,0.009745854,7080.00m,4.227966102,
4929,2/22/2024 4:53,-0.00521185,3660.00m,-4.416393443,
4930,2/22/2024 5:50,0.005680614,3420.00m,5.124561404,
4931,2/22/2024 5:55,-0.004014496,300.00m,-41.52,
4932,2/22/2024 8:07,0.008849626,7920.00m,3.453030303,
4933,2/22/2024 8:32,-0.004568829,1500.00m,-9.496,
4934,2/22/2024 8:57,0.004380996,1500.00m,9.064,
4935,2/22/2024 9:36,-0.004117421,2340.00m,-5.484615385,
4936,2/22/2024 9:54,0.006370793,1080.00m,18.31111111,
4937,2/22/2024 13:49,-0.020658514,14100.00m,-4.577021277,
4938,2/22/2024 16:10,0.015565767,8460.00m,5.629078014,
4939,2/22/2024 16:27,-0.006235541,1020.00m,-18.99411765,
4940,2/22/2024 17:54,0.005905454,5220.00m,3.493103448,
4941,2/22/2024 18:32,-0.004547492,2280.00m,-6.194736842,
4942,2/22/2024 18:58,0.004414955,1560.00m,8.75,
4943,2/22/2024 19:56,-0.004911422,3480.00m,-4.382758621,
4944,2/22/2024 20:31,0.01067711,2100.00m,15.71142857,
4945,2/22/2024 20:48,-0.005300408,1020.00m,-16.22941176,
4946,2/22/2024 20:59,0.004791731,660.00m,22.55454545,
4947,2/22/2024 22:29,-0.015252341,5400.00m,-8.816666667,
4948,2/22/2024 22:39,0.005873363,600.00m,30.09,
4949,2/22/2024 23:21,-0.005202572,2520.00m,-6.383333333,
4950,2/23/2024 1:37,0.005818887,8160.00m,2.193382353,
4951,2/23/2024 4:09,-0.010519293,9120.00m,-3.568421053,
4952,2/23/2024 6:52,0.006411211,9780.00m,2.006748466,
4953,2/23/2024 7:53,-0.008261421,3660.00m,-6.954098361,
4954,2/23/2024 8:14,0.005449415,1260.00m,13.21428571,
4955,2/23/2024 8:51,-0.005746049,2220.00m,-7.951351351,
4956,2/23/2024 11:46,0.007435244,10500.00m,2.162857143,
4957,2/23/2024 14:06,-0.006366421,8400.00m,-2.332142857,
4958,2/23/2024 14:30,0.007117598,1440.00m,15.1125,
4959,2/23/2024 14:46,-0.008898909,960.00m,-28.54375,
4960,2/23/2024 14:55,0.0081,540.00m,45.77777778,
4961,2/23/2024 16:21,-0.011908059,5160.00m,-7.1,
4962,2/23/2024 18:35,0.011054838,8040.00m,4.179850746,
4963,2/23/2024 23:17,-0.012392217,16920.00m,-2.25106383,
4964,2/24/2024 0:48,0.006750226,5460.00m,3.752747253,
4965,2/24/2024 2:02,-0.006296581,4440.00m,-4.333783784,
4966,2/24/2024 17:52,0.021915881,57000.00m,1.167578947,
4967,2/24/2024 17:56,-0.004073788,240.00m,-52.675,
4968,2/24/2024 18:15,0.004267116,1140.00m,11.56842105,
4969,2/24/2024 18:58,-0.00541272,2580.00m,-6.511627907,
4970,2/24/2024 22:30,0.004954325,12720.00m,1.202358491,
4971,2/25/2024 1:16,-0.004502475,9960.00m,-1.402409639,
4972,2/25/2024 2:07,0.008328784,3060.00m,8.405882353,
4973,2/25/2024 3:21,-0.007822615,4440.00m,-5.486486486,
4974,2/25/2024 6:44,0.006775441,12180.00m,1.718719212,
4975,2/25/2024 9:11,-0.005186744,8820.00m,-1.829251701,
4976,2/25/2024 14:45,0.004657313,20040.00m,0.719161677,
4977,2/25/2024 16:46,-0.009547428,7260.00m,-4.088429752,
4978,2/25/2024 20:26,0.013507326,13200.00m,3.150909091,
4979,2/25/2024 22:12,-0.006257991,6360.00m,-3.070754717,
4980,2/25/2024 22:35,0.004196332,1380.00m,9.430434783,
4981,2/26/2024 9:57,-0.018362428,40920.00m,-1.397507331,
4982,2/26/2024 10:39,0.006404092,2520.00m,7.769047619,
4983,2/26/2024 12:22,-0.005415567,6180.00m,-2.696116505,
4984,2/26/2024 15:32,0.034499729,11400.00m,9.260526316,
4985,2/26/2024 15:37,-0.005542088,300.00m,-58.48,
4986,2/26/2024 16:12,0.022213751,2100.00m,33.3,
4987,2/26/2024 16:31,-0.009078366,1140.00m,-25.62631579,
4988,2/26/2024 17:20,0.007296867,2940.00m,7.914285714,
4989,2/26/2024 17:29,-0.00510144,540.00m,-30.34444444,
4990,2/26/2024 18:28,0.006900009,3540.00m,6.228813559,
4991,2/26/2024 18:36,-0.005338599,480.00m,-35.7875,
4992,2/26/2024 19:15,0.018943797,2340.00m,25.91025641,
4993,2/26/2024 19:17,-0.005804701,120.00m,-157.75,
4994,2/26/2024 20:09,0.017025372,3120.00m,17.69230769,
4995,2/26/2024 20:32,-0.011570864,1380.00m,-27.64782609,
4996,2/26/2024 20:49,0.006899713,1020.00m,22.04705882,
4997,2/26/2024 21:06,-0.006033359,1020.00m,-19.41176471,
4998,2/26/2024 22:14,0.008188957,4080.00m,6.547058824,
4999,2/26/2024 22:41,-0.005400366,1620.00m,-10.96296296,
5000,2/26/2024 22:51,0.004593223,600.00m,25.04,
5001,2/26/2024 23:52,-0.005200354,3660.00m,-4.668852459,
5002,2/27/2024 2:08,0.044863594,8160.00m,17.97205882,
5003,2/27/2024 2:15,-0.009605638,420.00m,-78.11428571,
5004,2/27/2024 2:21,0.005296383,360.00m,49.76666667,
5005,2/27/2024 2:32,-0.008747863,660.00m,-45.07272727,
5006,2/27/2024 3:16,0.008404992,2640.00m,10.73181818,
5007,2/27/2024 3:58,-0.018262019,2520.00m,-24.63333333,
5008,2/27/2024 4:33,0.010005664,2100.00m,15.9,
5009,2/27/2024 4:57,-0.00823142,1440.00m,-19.26666667,
5010,2/27/2024 6:44,0.013975295,6420.00m,7.276635514,
5011,2/27/2024 7:36,-0.011093763,3120.00m,-12.05192308,
5012,2/27/2024 8:48,0.011266547,4320.00m,8.741666667,
5013,2/27/2024 9:07,-0.004474819,1140.00m,-13.30526316,
5014,2/27/2024 9:41,0.008924079,2040.00m,14.76176471,
5015,2/27/2024 10:03,-0.004014592,1320.00m,-10.35454545,
5016,2/27/2024 10:24,0.004848253,1260.00m,13.04761905,
5017,2/27/2024 10:38,-0.006689652,840.00m,-27.13571429,
5018,2/27/2024 10:53,0.004291845,900.00m,16.14,
5019,2/27/2024 11:45,-0.004811885,3120.00m,-5.242307692,
5020,2/27/2024 12:44,0.018992955,3540.00m,18.14915254,
5021,2/27/2024 13:01,-0.012567537,1020.00m,-42.47058824,
5022,2/27/2024 13:16,0.00881934,900.00m,33.35333333,
5023,2/27/2024 13:33,-0.007349562,1020.00m,-24.74117647,
5024,2/27/2024 14:00,0.006590702,1620.00m,13.86666667,
5025,2/27/2024 14:24,-0.008011304,1440.00m,-19.0875,
5026,2/27/2024 14:38,0.010864966,840.00m,44.02142857,
5027,2/27/2024 14:46,-0.010312191,480.00m,-73.9125,
5028,2/27/2024 15:04,0.006911184,1080.00m,21.78888889,
5029,2/27/2024 15:10,-0.004508162,360.00m,-42.93333333,
5030,2/27/2024 15:23,0.007580446,780.00m,33.16923077,
5031,2/27/2024 15:55,-0.01162884,1920.00m,-20.828125,
5032,2/27/2024 16:02,0.005281749,420.00m,42.74285714,
5033,2/27/2024 16:09,-0.01057297,420.00m,-86.01428571,
5034,2/27/2024 17:09,0.016061762,3600.00m,15.08333333,
5035,2/27/2024 17:39,-0.008387773,1800.00m,-16.00666667,
5036,2/27/2024 17:47,0.00497976,480.00m,35.3375,
5037,2/27/2024 18:00,-0.005440603,780.00m,-23.87692308,
5038,2/27/2024 19:54,0.014597627,6840.00m,7.265789474,
5039,2/27/2024 20:56,-0.014434501,3720.00m,-13.40322581,
5040,2/27/2024 20:59,0.004811471,180.00m,91,
5041,2/27/2024 21:53,-0.006742393,3240.00m,-7.118518519,
5042,2/27/2024 23:26,0.009218055,5580.00m,5.612903226,
5043,2/28/2024 0:16,-0.004173228,3000.00m,-4.77,
5044,2/28/2024 1:02,0.004083533,2760.00m,5.052173913,
5045,2/28/2024 2:06,-0.007068121,3840.00m,-6.3109375,
5046,2/28/2024 8:03,0.035045823,21420.00m,5.570028011,
5047,2/28/2024 8:12,-0.008273666,540.00m,-53.98888889,
5048,2/28/2024 8:25,0.009709388,780.00m,43.5,
5049,2/28/2024 8:32,-0.004135485,420.00m,-34.74285714,
5050,2/28/2024 8:57,0.016805288,1500.00m,39.368,
5051,2/28/2024 9:20,-0.010470351,1380.00m,-27.10869565,
5052,2/28/2024 9:51,0.008184898,1860.00m,15.55806452,
5053,2/28/2024 10:17,-0.005349457,1560.00m,-12.22307692,
5054,2/28/2024 11:19,0.007356562,3720.00m,7.011290323,
5055,2/28/2024 11:52,-0.013678332,1980.00m,-24.67272727,
5056,2/28/2024 13:08,0.021553178,4560.00m,16.65,
5057,2/28/2024 13:15,-0.004860277,420.00m,-41.64285714,
5058,2/28/2024 13:25,0.019301494,600.00m,115.2,
5059,2/28/2024 13:30,-0.009583063,300.00m,-116.6,
5060,2/28/2024 13:36,0.005083522,360.00m,51.05,
5061,2/28/2024 13:45,-0.004785353,540.00m,-32.2,
5062,2/28/2024 14:08,0.008159947,1380.00m,21.3826087,
5063,2/28/2024 14:27,-0.013092107,1140.00m,-41.86842105,
5064,2/28/2024 14:31,0.004594247,240.00m,68.875,
5065,2/28/2024 14:34,-0.005477924,180.00m,-110,
5066,2/28/2024 14:58,0.020598613,1440.00m,51.42083333,
5067,2/28/2024 15:06,-0.008044693,480.00m,-61.4875,
5068,2/28/2024 15:15,0.010904475,540.00m,73.48888889,
5069,2/28/2024 15:23,-0.005669049,480.00m,-43.45,
5070,2/28/2024 15:33,0.004048038,600.00m,24.68,
5071,2/28/2024 15:43,-0.005642445,600.00m,-34.54,
5072,2/28/2024 16:07,0.007836476,1440.00m,19.875,
5073,2/28/2024 16:09,-0.004859307,120.00m,-149.05,
5074,2/28/2024 16:58,0.025093328,2940.00m,31.26326531,
5075,2/28/2024 17:01,-0.004301694,180.00m,-89.73333333,
5076,2/28/2024 17:05,0.011707441,240.00m,182.375,
5077,2/28/2024 17:10,-0.006291214,300.00m,-79.32,
5078,2/28/2024 17:15,0.024783019,300.00m,310.5,
5079,2/28/2024 17:17,-0.01047414,120.00m,-336.2,
5080,2/28/2024 17:18,0.004188981,60.00m,266.1,
5081,2/28/2024 17:25,-0.031028423,420.00m,-282.7571429,
5082,2/28/2024 17:27,0.010787794,120.00m,333.4,
5083,2/28/2024 17:31,-0.040180929,240.00m,-627.6,
5084,2/28/2024 17:34,0.01920056,180.00m,383.8,
5085,2/28/2024 17:37,-0.016314236,180.00m,-332.3666667,
5086,2/28/2024 17:39,0.011129167,120.00m,334.55,
5087,2/28/2024 17:41,-0.00483958,120.00m,-147.1,
5088,2/28/2024 17:44,0.015776198,180.00m,318.1333333,
5089,2/28/2024 17:46,-0.008299349,120.00m,-255,
5090,2/28/2024 17:49,0.009699609,180.00m,197.0333333,
5091,2/28/2024 17:52,-0.00610092,180.00m,-125.1333333,
5092,2/28/2024 17:56,0.008375261,240.00m,128.05,
5093,2/28/2024 18:05,-0.011766137,540.00m,-80.62222222,
5094,2/28/2024 18:06,0.006230422,60.00m,379.7,
5095,2/28/2024 18:11,-0.012104836,300.00m,-148.46,
5096,2/28/2024 18:12,0.00428192,60.00m,259.4,
5097,2/28/2024 18:13,-0.004099297,60.00m,-249.4,
5098,2/28/2024 18:14,0.004040251,60.00m,244.8,
5099,2/28/2024 18:23,-0.022247025,540.00m,-150.3777778,
5100,2/28/2024 18:24,0.008579109,60.00m,510.3,
5101,2/28/2024 18:25,-0.006709228,60.00m,-402.5,
5102,2/28/2024 18:35,0.018543535,600.00m,110.5,
5103,2/28/2024 18:39,-0.005204755,240.00m,-78.975,
5104,2/28/2024 19:02,0.019632784,1380.00m,51.53913043,
5105,2/28/2024 19:10,-0.008350659,480.00m,-64.2625,
5106,2/28/2024 19:16,0.006607709,360.00m,67.23333333,
5107,2/28/2024 19:22,-0.005942724,360.00m,-60.86666667,
5108,2/28/2024 19:28,0.006536461,360.00m,66.55,
5109,2/28/2024 19:45,-0.011553587,1020.00m,-41.78823529,
5110,2/28/2024 20:00,0.006087829,900.00m,24.66666667,
5111,2/28/2024 20:08,-0.013377598,480.00m,-102.25,
5112,2/28/2024 20:10,0.005576091,120.00m,168.2,
5113,2/28/2024 20:29,-0.01064198,1140.00m,-33.97894737,
5114,2/28/2024 20:34,0.007067668,300.00m,84.84,
5115,2/28/2024 20:44,-0.005565482,600.00m,-33.64,
5116,2/28/2024 20:57,0.008529703,780.00m,39.43846154,
5117,2/28/2024 21:09,-0.01191845,720.00m,-60.20833333,
5118,2/28/2024 22:29,0.025254684,4800.00m,18.90875,
5119,2/28/2024 22:34,-0.005313424,300.00m,-65.26,
5120,2/28/2024 23:18,0.023894886,2640.00m,33.17272727,
5121,2/28/2024 23:20,-0.006525027,120.00m,-204.05,
5122,2/28/2024 23:28,0.007193932,480.00m,55.875,
5123,2/28/2024 23:30,-0.005170758,120.00m,-161.8,
5124,2/28/2024 23:40,0.005807986,600.00m,36.16,
5125,2/28/2024 23:48,-0.004944052,480.00m,-38.7,
5126,2/28/2024 23:51,0.004835415,180.00m,100.4333333,
5127,2/29/2024 0:33,-0.016402502,2520.00m,-24.45238095,
5128,2/29/2024 0:39,0.007016273,360.00m,72.01666667,
5129,2/29/2024 1:14,-0.013317209,2100.00m,-23.59714286,
5130,2/29/2024 1:19,0.004704894,300.00m,57.58,
5131,2/29/2024 1:26,-0.005385535,420.00m,-47.3,
5132,2/29/2024 1:37,0.007934795,660.00m,44.10909091,
5133,2/29/2024 2:21,-0.007437502,2640.00m,-10.41818182,
5134,2/29/2024 2:59,0.0107233,2280.00m,17.26315789,
5135,2/29/2024 3:31,-0.009834841,1920.00m,-19.003125,
5136,2/29/2024 4:53,0.023561368,4920.00m,17.59146341,
5137,2/29/2024 5:19,-0.012127866,1560.00m,-29.23076923,
5138,2/29/2024 6:18,0.025215812,3540.00m,26.45762712,
5139,2/29/2024 6:30,-0.005313031,720.00m,-28.1,
5140,2/29/2024 6:46,0.0089768,960.00m,35.41875,
5141,2/29/2024 7:05,-0.013330486,1140.00m,-44.68947368,
5142,2/29/2024 7:10,0.005683644,300.00m,71.44,
5143,2/29/2024 7:48,-0.009081675,2280.00m,-15.10526316,
5144,2/29/2024 8:17,0.008978097,1740.00m,19.38965517,
5145,2/29/2024 8:25,-0.011841595,480.00m,-93.5375,
5146,2/29/2024 9:07,0.008900747,2520.00m,13.23333333,
5147,2/29/2024 9:30,-0.00847619,1380.00m,-23.2173913,
5148,2/29/2024 9:57,0.005960042,1620.00m,13.78888889,
5149,2/29/2024 10:16,-0.008477314,1140.00m,-28.03684211,
5150,2/29/2024 11:36,0.018014432,4800.00m,14.03,
5151,2/29/2024 12:06,-0.01545059,1800.00m,-32.66666667,
5152,2/29/2024 12:27,0.005971368,1260.00m,17.75714286,
5153,2/29/2024 12:47,-0.005198907,1200.00m,-16.33,
5154,2/29/2024 13:18,0.006000547,1860.00m,12.09677419,
5155,2/29/2024 13:29,-0.009311381,660.00m,-53.21818182,
5156,2/29/2024 13:41,0.01205448,720.00m,62.56666667,
5157,2/29/2024 13:45,-0.004392819,240.00m,-69.225,
5158,2/29/2024 14:36,0.013416659,3060.00m,16.50980392,
5159,2/29/2024 15:12,-0.01494816,2160.00m,-26.40833333,
5160,2/29/2024 15:27,0.010440693,900.00m,43.60666667,
5161,2/29/2024 16:28,-0.017166589,3660.00m,-17.8147541,
5162,2/29/2024 16:35,0.004598459,420.00m,40.87142857,
5163,2/29/2024 16:43,-0.012713071,480.00m,-99.325,
5164,2/29/2024 17:02,0.011635444,1140.00m,37.78947368,
5165,2/29/2024 17:43,-0.023882677,2460.00m,-36.36341463,
5166,2/29/2024 17:46,0.005948952,180.00m,120.8333333,
5167,2/29/2024 17:52,-0.01026957,360.00m,-104.9166667,
5168,2/29/2024 18:00,0.00982724,480.00m,74.525,
5169,2/29/2024 18:02,-0.004211262,120.00m,-129,
5170,2/29/2024 18:13,0.00919905,660.00m,51.01818182,
5171,2/29/2024 18:50,-0.015360377,2220.00m,-25.55945946,
5172,2/29/2024 19:01,0.006801184,660.00m,37.48181818,
5173,2/29/2024 19:03,-0.004464717,120.00m,-136.25,
5174,2/29/2024 20:55,0.02551447,6720.00m,13.84196429,
5175,2/29/2024 21:11,-0.022538231,960.00m,-87.775,
5176,2/29/2024 21:18,0.008186184,420.00m,71.22857143,
5177,2/29/2024 21:23,-0.005869124,300.00m,-72.08,
5178,2/29/2024 21:27,0.004476974,240.00m,68.325,
5179,2/29/2024 21:36,-0.011037362,540.00m,-75.2,
5180,2/29/2024 21:42,0.009691271,360.00m,97.95,
5181,2/29/2024 21:46,-0.005100449,240.00m,-78.075,
5182,2/29/2024 22:01,0.009982337,900.00m,40.54,
5183,2/29/2024 22:29,-0.007364402,1680.00m,-16.18214286,
5184,2/29/2024 22:33,0.004447166,240.00m,67.9,
5185,2/29/2024 22:44,-0.00993574,660.00m,-55.40909091,
5186,2/29/2024 23:31,0.013917909,2820.00m,17.98510638,
5187,3/1/2024 0:04,-0.006169211,1980.00m,-11.51212121,
5188,3/1/2024 0:29,0.009581684,1500.00m,23.456,
5189,3/1/2024 1:08,-0.006728007,2340.00m,-10.65897436,
5190,3/1/2024 1:26,0.004376674,1080.00m,14.92222222,
5191,3/1/2024 2:19,-0.01263802,3180.00m,-14.69811321,
5192,3/1/2024 3:08,0.004899738,2940.00m,6.085714286,
5193,3/1/2024 3:26,-0.004856226,1080.00m,-16.5,
5194,3/1/2024 5:00,0.012511994,5640.00m,8.10106383,
5195,3/1/2024 6:02,-0.005567717,3720.00m,-5.533870968,
5196,3/1/2024 6:19,0.008647193,1020.00m,31.17058824,
5197,3/1/2024 6:56,-0.004123935,2220.00m,-6.889189189,
5198,3/1/2024 7:15,0.004287223,1140.00m,13.88947368,
5199,3/1/2024 8:08,-0.006556247,3180.00m,-7.647169811,
5200,3/1/2024 8:41,0.014433285,1980.00m,26.86060606,
5201,3/1/2024 8:57,-0.005807384,960.00m,-22.6125,
5202,3/1/2024 9:31,0.005276227,2040.00m,9.611764706,
5203,3/1/2024 11:37,-0.006136674,7560.00m,-3.032539683,
5204,3/1/2024 12:45,0.011523377,4080.00m,10.48676471,
5205,3/1/2024 13:02,-0.005131318,1020.00m,-18.89411765,
5206,3/1/2024 13:21,0.006808533,1140.00m,22.31578947,
5207,3/1/2024 14:42,-0.01603061,4860.00m,-12.40864198,
5208,3/1/2024 15:03,0.008444947,1260.00m,24.80952381,
5209,3/1/2024 15:54,-0.015552594,3060.00m,-18.97254902,
5210,3/1/2024 16:27,0.006782362,1980.00m,12.58787879,
5211,3/1/2024 16:34,-0.005116562,420.00m,-45.07142857,
5212,3/1/2024 18:47,0.018944692,7980.00m,8.738345865,
5213,3/1/2024 19:26,-0.007442105,2340.00m,-11.92820513,
5214,3/1/2024 20:58,0.018304751,5520.00m,12.34456522,
5215,3/1/2024 21:08,-0.012635388,600.00m,-79.83,
5216,3/1/2024 21:17,0.008561847,540.00m,59.34444444,
5217,3/1/2024 22:34,-0.008748242,4620.00m,-7.148051948,
5218,3/1/2024 23:23,0.006075513,2940.00m,7.732653061,
5219,3/2/2024 1:24,-0.011793956,7260.00m,-6.115702479,
5220,3/2/2024 1:32,0.004486807,480.00m,34.775,
5221,3/2/2024 2:10,-0.00431584,2280.00m,-7.073684211,
5222,3/2/2024 3:35,0.007583845,5100.00m,5.532941176,
5223,3/2/2024 5:18,-0.010397912,6180.00m,-6.30776699,
5224,3/2/2024 6:29,0.00797296,4260.00m,6.943661972,
5225,3/2/2024 7:10,-0.007293789,2460.00m,-11.08780488,
5226,3/2/2024 8:01,0.00421351,3060.00m,5.111764706,
5227,3/2/2024 8:26,-0.004472656,1500.00m,-11.116,
5228,3/2/2024 8:46,0.005383541,1200.00m,16.65,
5229,3/2/2024 9:38,-0.007155698,3120.00m,-8.557692308,
5230,3/2/2024 12:48,0.008098058,11400.00m,2.631578947,
5231,3/2/2024 14:06,-0.00972797,4680.00m,-7.762820513,
5232,3/2/2024 14:21,0.005282481,900.00m,21.70666667,
5233,3/2/2024 14:41,-0.00407822,1200.00m,-12.635,
5234,3/2/2024 15:14,0.005049376,1980.00m,9.442424242,
5235,3/2/2024 16:45,-0.004953065,5460.00m,-3.375824176,
5236,3/2/2024 20:02,0.008472819,11820.00m,2.654314721,
5237,3/2/2024 22:59,-0.008252206,10620.00m,-2.901694915,
5238,3/2/2024 23:30,0.006538754,1860.00m,13.01935484,
5239,3/3/2024 2:31,-0.006610557,10860.00m,-2.269060773,
5240,3/3/2024 4:23,0.007367476,6720.00m,4.059821429,
5241,3/3/2024 6:12,-0.005557173,6540.00m,-3.169724771,
5242,3/3/2024 6:27,0.004475434,900.00m,18.44666667,
5243,3/3/2024 7:28,-0.010611387,3660.00m,-10.80327869,
5244,3/3/2024 7:30,0.004164761,120.00m,127.95,
5245,3/3/2024 7:32,-0.004752026,120.00m,-146.6,
5246,3/3/2024 7:56,0.005750178,1440.00m,14.7125,
5247,3/3/2024 8:10,-0.004896381,840.00m,-21.6,
5248,3/3/2024 9:36,0.008049465,5160.00m,5.752325581,
5249,3/3/2024 10:14,-0.004363041,2280.00m,-7.113157895,
5250,3/3/2024 12:30,0.016700199,8160.00m,7.574264706,
5251,3/3/2024 13:23,-0.010205383,3180.00m,-12.0754717,
5252,3/3/2024 13:59,0.006089702,2160.00m,10.5,
5253,3/3/2024 14:59,-0.004877502,3600.00m,-5.076666667,
5254,3/3/2024 17:05,0.014163558,7560.00m,6.985714286,
5255,3/3/2024 17:34,-0.006476733,1740.00m,-14.07586207,
5256,3/3/2024 18:54,0.00502576,4800.00m,3.93375,
5257,3/3/2024 20:07,-0.00464151,4380.00m,-4.001369863,
5258,3/3/2024 22:28,0.01085728,8460.00m,4.823404255,
5259,3/3/2024 22:55,-0.009001881,1620.00m,-21.11111111,
5260,3/4/2024 0:43,0.026532229,6480.00m,15.41574074,
5261,3/4/2024 0:49,-0.029842428,360.00m,-320.3833333,
5262,3/4/2024 1:02,0.020756024,780.00m,99.77692308,
5263,3/4/2024 1:09,-0.006682887,420.00m,-60.9,
5264,3/4/2024 1:29,0.008613792,1200.00m,27.29,
5265,3/4/2024 2:10,-0.011536662,2460.00m,-17.98292683,
5266,3/4/2024 2:39,0.012473881,1740.00m,27.17241379,
5267,3/4/2024 3:57,-0.008319262,4680.00m,-6.821794872,
5268,3/4/2024 4:39,0.006181822,2520.00m,9.335714286,
5269,3/4/2024 5:38,-0.008583516,3540.00m,-9.284745763,
5270,3/4/2024 7:47,0.017432617,7740.00m,8.550387597,
5271,3/4/2024 7:54,-0.006075321,420.00m,-55.87142857,
5272,3/4/2024 8:44,0.025404749,3000.00m,32.51,
5273,3/4/2024 9:06,-0.011665976,1320.00m,-34.79090909,
5274,3/4/2024 9:33,0.012702755,1620.00m,30.50740741,
5275,3/4/2024 10:10,-0.011200297,2220.00m,-19.87837838,
5276,3/4/2024 10:27,0.004655611,1020.00m,17.78235294,
5277,3/4/2024 10:39,-0.005558391,720.00m,-30.21666667,
5278,3/4/2024 11:02,0.005740526,1380.00m,16.19130435,
5279,3/4/2024 11:29,-0.004789676,1620.00m,-11.57407407,
5280,3/4/2024 11:59,0.005883078,1800.00m,12.73333333,
5281,3/4/2024 12:45,-0.005482745,2760.00m,-7.784782609,
5282,3/4/2024 13:41,0.011061351,3360.00m,12.83035714,
5283,3/4/2024 14:03,-0.013457298,1320.00m,-40.17272727,
5284,3/4/2024 14:43,0.023338262,2400.00m,37.8025,
5285,3/4/2024 14:47,-0.006803644,240.00m,-112.775,
5286,3/4/2024 14:56,0.008218479,540.00m,60.13333333,
5287,3/4/2024 15:05,-0.007341157,540.00m,-54.15555556,
5288,3/4/2024 15:19,0.008906706,840.00m,41.92857143,
5289,3/4/2024 15:20,-0.006127016,60.00m,-407.4,
5290,3/4/2024 16:14,0.011241583,3240.00m,13.75740741,
5291,3/4/2024 16:32,-0.008949855,1080.00m,-33.22777778,
5292,3/4/2024 17:00,0.006167918,1680.00m,14.58928571,
5293,3/4/2024 17:08,-0.005321264,480.00m,-44.325,
5294,3/4/2024 17:36,0.018349911,1680.00m,43.43928571,
5295,3/4/2024 17:40,-0.007173333,240.00m,-121.05,
5296,3/4/2024 17:44,0.004942118,240.00m,82.8,
5297,3/4/2024 17:51,-0.006329903,420.00m,-60.9,
5298,3/4/2024 17:54,0.004852011,180.00m,108.2333333,
5299,3/4/2024 18:12,-0.011664738,1080.00m,-43.57777778,
5300,3/4/2024 18:16,0.005297844,240.00m,88.025,
5301,3/4/2024 18:29,-0.009038647,780.00m,-46.45384615,
5302,3/4/2024 18:48,0.007275424,1140.00m,25.35263158,
5303,3/4/2024 19:10,-0.004199973,1320.00m,-12.73181818,
5304,3/4/2024 19:57,0.016590675,2820.00m,23.44255319,
5305,3/4/2024 20:06,-0.005179774,540.00m,-38.85555556,
5306,3/4/2024 20:39,0.009247665,1980.00m,18.82121212,
5307,3/4/2024 20:48,-0.008569869,540.00m,-64.54444444,
5308,3/4/2024 20:58,0.008727276,600.00m,58.65,
5309,3/4/2024 21:26,-0.014129011,1680.00m,-34.20714286,
5310,3/4/2024 22:11,0.014841737,2700.00m,22.04222222,
5311,3/4/2024 22:32,-0.007205446,1260.00m,-23.27142857,
5312,3/4/2024 23:13,0.017922329,2460.00m,29.43414634,
5313,3/4/2024 23:31,-0.013505627,1080.00m,-51.42777778,
5314,3/4/2024 23:41,0.006309148,600.00m,42.66,
5315,3/4/2024 23:46,-0.004583886,300.00m,-62.38,
5316,3/5/2024 0:22,0.011121971,2160.00m,20.925,
5317,3/5/2024 0:38,-0.009337934,960.00m,-39.96875,
5318,3/5/2024 1:13,0.011324409,2100.00m,21.95142857,
5319,3/5/2024 1:36,-0.005928914,1380.00m,-17.68695652,
5320,3/5/2024 1:53,0.008562284,1020.00m,34.35294118,
5321,3/5/2024 2:18,-0.014352356,1500.00m,-39.492,
5322,3/5/2024 2:27,0.008729728,540.00m,65.76666667,
5323,3/5/2024 2:39,-0.006411315,720.00m,-36.54166667,
5324,3/5/2024 2:51,0.005627154,720.00m,31.86666667,
5325,3/5/2024 3:12,-0.009792416,1260.00m,-31.86666667,
5326,3/5/2024 4:04,0.011739427,3120.00m,15.27692308,
5327,3/5/2024 4:23,-0.009694174,1140.00m,-34.93157895,
5328,3/5/2024 4:29,0.004097339,360.00m,46.3,
5329,3/5/2024 4:52,-0.012446036,1380.00m,-36.83913043,
5330,3/5/2024 4:54,0.00557633,120.00m,187.45,
5331,3/5/2024 5:03,-0.026169468,540.00m,-196.5777778,
5332,3/5/2024 5:27,0.019747465,1440.00m,54.17083333,
5333,3/5/2024 5:44,-0.00875531,1020.00m,-34.57647059,
5334,3/5/2024 5:58,0.008210541,840.00m,39.02857143,
5335,3/5/2024 6:06,-0.004583054,480.00m,-38.4375,
5336,3/5/2024 6:35,0.011243122,1740.00m,25.89310345,
5337,3/5/2024 7:46,-0.015839878,4260.00m,-15.06760563,
5338,3/5/2024 7:51,0.004501374,300.00m,59.84,
5339,3/5/2024 8:09,-0.017014189,1080.00m,-63.11111111,
5340,3/5/2024 8:26,0.017797775,1020.00m,68.71176471,
5341,3/5/2024 8:34,-0.004676654,480.00m,-39.05,
5342,3/5/2024 8:59,0.007138184,1500.00m,18.984,
5343,3/5/2024 9:51,-0.010889742,3120.00m,-14.02307692,
5344,3/5/2024 10:32,0.014945744,2460.00m,24.14390244,
5345,3/5/2024 11:44,-0.009194797,4320.00m,-8.584722222,
5346,3/5/2024 12:16,0.00878917,1920.00m,18.29375,
5347,3/5/2024 12:22,-0.004033332,360.00m,-45.16666667,
5348,3/5/2024 13:21,0.017075842,3540.00m,19.36779661,
5349,3/5/2024 13:31,-0.006585192,600.00m,-44.82,
5350,3/5/2024 13:38,0.005012305,420.00m,48.41428571,
5351,3/5/2024 14:24,-0.008579522,2760.00m,-12.67391304,
5352,3/5/2024 15:03,0.024563044,2340.00m,42.43076923,
5353,3/5/2024 15:05,-0.020387023,120.00m,-703.6,
5354,3/5/2024 15:17,0.01278227,720.00m,72.025,
5355,3/5/2024 15:31,-0.027300844,840.00m,-133.5428571,
5356,3/5/2024 15:36,0.01268544,300.00m,169,
5357,3/5/2024 15:44,-0.007677506,480.00m,-64.7375,
5358,3/5/2024 15:50,0.007635321,360.00m,85.18333333,
5359,3/5/2024 16:08,-0.026978503,1080.00m,-101.0944444,
5360,3/5/2024 16:09,0.004603057,60.00m,302.1,
5361,3/5/2024 16:12,-0.015329337,180.00m,-336.9,
5362,3/5/2024 16:14,0.008602671,120.00m,279.25,
5363,3/5/2024 16:20,-0.0072709,360.00m,-79.35,
5364,3/5/2024 16:24,0.012889956,240.00m,209.475,
5365,3/5/2024 16:26,-0.004638377,120.00m,-152.7,
5366,3/5/2024 16:30,0.008218309,240.00m,134.65,
5367,3/5/2024 16:44,-0.013115359,840.00m,-61.9,
5368,3/5/2024 16:45,0.004134424,60.00m,269.6,
5369,3/5/2024 16:48,-0.006432675,180.00m,-140.4,
5370,3/5/2024 16:59,0.008683155,660.00m,51.35454545,
5371,3/5/2024 17:10,-0.025221763,660.00m,-150.4636364,
5372,3/5/2024 17:22,0.013644578,720.00m,72.73333333,
5373,3/5/2024 17:31,-0.007674322,540.00m,-55.28888889,
5374,3/5/2024 17:57,0.020548009,1560.00m,50.85,
5375,3/5/2024 18:54,-0.028316843,3420.00m,-32.62105263,
5376,3/5/2024 19:03,0.007720434,540.00m,54.73333333,
5377,3/5/2024 19:10,-0.013401807,420.00m,-123.1,
5378,3/5/2024 19:12,0.005328238,120.00m,169,
5379,3/5/2024 19:18,-0.016585233,360.00m,-176.2833333,
5380,3/5/2024 19:22,0.009377207,240.00m,147.025,
5381,3/5/2024 19:24,-0.005295084,120.00m,-167.6,
5382,3/5/2024 19:31,0.005818755,420.00m,52.34285714,
5383,3/5/2024 19:39,-0.023839824,480.00m,-188.7375,
5384,3/5/2024 19:42,0.010574959,180.00m,217.9333333,
5385,3/5/2024 19:46,-0.007047157,240.00m,-110.075,
5386,3/5/2024 19:50,0.004516528,240.00m,70.05,
5387,3/5/2024 19:56,-0.036534604,360.00m,-379.4666667,
5388,3/5/2024 19:57,0.022667391,60.00m,1361,
5389,3/5/2024 19:58,-0.005812401,60.00m,-356.9,
5390,3/5/2024 20:05,0.027099103,420.00m,236.3285714,
5391,3/5/2024 20:07,-0.006897861,120.00m,-216.25,
5392,3/5/2024 20:14,0.013485236,420.00m,119.9571429,
5393,3/5/2024 20:17,-0.009914781,180.00m,-208.5666667,
5394,3/5/2024 20:25,0.006622697,480.00m,51.725,
5395,3/5/2024 20:40,-0.020206405,900.00m,-84.72666667,
5396,3/5/2024 20:46,0.01559432,360.00m,160.1666667,
5397,3/5/2024 20:48,-0.007490493,120.00m,-234.4,
5398,3/5/2024 20:53,0.005541138,300.00m,68.84,
5399,3/5/2024 20:59,-0.008081791,360.00m,-84.13333333,
5400,3/5/2024 21:25,0.032072451,1560.00m,76.42692308,
5401,3/5/2024 21:26,-0.005218653,60.00m,-333.7,
5402,3/5/2024 21:29,0.006288319,180.00m,133.3333333,
5403,3/5/2024 21:36,-0.011459147,420.00m,-104.7857143,
5404,3/5/2024 21:42,0.009022307,360.00m,95.15,
5405,3/5/2024 21:56,-0.011306647,840.00m,-51.56428571,
5406,3/5/2024 22:02,0.00770687,360.00m,81.08333333,
5407,3/5/2024 22:17,-0.011960008,900.00m,-50.72,
5408,3/5/2024 22:19,0.004267222,120.00m,134.1,
5409,3/5/2024 22:24,-0.00936796,300.00m,-118.26,
5410,3/5/2024 22:31,0.014313565,420.00m,127.8571429,
5411,3/5/2024 22:45,-0.009389323,840.00m,-42.53571429,
5412,3/5/2024 23:48,0.02451152,3780.00m,24.44444444,
5413,3/6/2024 0:05,-0.011925254,1020.00m,-45.15294118,
5414,3/6/2024 0:33,0.008643082,1680.00m,19.63214286,
5415,3/6/2024 0:57,-0.011085009,1440.00m,-29.62916667,
5416,3/6/2024 1:07,0.005110453,600.00m,32.42,
5417,3/6/2024 1:43,-0.008152089,2160.00m,-14.43888889,
5418,3/6/2024 1:48,0.004362538,300.00m,55.18,
5419,3/6/2024 2:01,-0.007353717,780.00m,-35.93076923,
5420,3/6/2024 2:15,0.007260697,840.00m,32.7,
5421,3/6/2024 2:32,-0.00546689,1020.00m,-20.42352941,
5422,3/6/2024 2:43,0.005569769,660.00m,31.98181818,
5423,3/6/2024 3:14,-0.010476397,1860.00m,-21.46451613,
5424,3/6/2024 3:34,0.008907091,1200.00m,27.99,
5425,3/6/2024 3:42,-0.004431576,480.00m,-35.125,
5426,3/6/2024 4:21,0.008755283,2340.00m,14.17179487,
5427,3/6/2024 4:30,-0.004140998,540.00m,-29.3,
5428,3/6/2024 5:00,0.019602123,1800.00m,41.43666667,
5429,3/6/2024 5:05,-0.004038064,300.00m,-52.22,
5430,3/6/2024 5:31,0.025283158,1560.00m,62.62307692,
5431,3/6/2024 5:34,-0.005918809,180.00m,-130.2666667,
5432,3/6/2024 5:37,0.009263209,180.00m,202.6666667,
5433,3/6/2024 5:46,-0.005371052,540.00m,-39.53333333,
5434,3/6/2024 6:00,0.009286944,840.00m,43.70714286,
5435,3/6/2024 6:07,-0.005903751,420.00m,-56.08571429,
5436,3/6/2024 6:13,0.006790455,360.00m,74.81666667,
5437,3/6/2024 7:03,-0.013804833,3000.00m,-18.376,
5438,3/6/2024 7:24,0.011176521,1260.00m,34.93333333,
5439,3/6/2024 7:34,-0.005769069,600.00m,-38.29,
5440,3/6/2024 8:19,0.024645278,2700.00m,36.14,
5441,3/6/2024 8:27,-0.005395284,480.00m,-45.6,
5442,3/6/2024 8:33,0.006505596,360.00m,72.91666667,
5443,3/6/2024 8:51,-0.013482588,1080.00m,-50.7,
5444,3/6/2024 9:24,0.008091388,1980.00m,16.37272727,
5445,3/6/2024 9:58,-0.017161108,2040.00m,-33.97647059,
5446,3/6/2024 10:19,0.009418106,1260.00m,29.67142857,
5447,3/6/2024 10:32,-0.004761698,780.00m,-24.46153846,
5448,3/6/2024 10:47,0.005085391,900.00m,22.53333333,
5449,3/6/2024 11:10,-0.005254263,1380.00m,-15.26086957,
5450,3/6/2024 11:25,0.01197257,900.00m,53.04,
5451,3/6/2024 11:32,-0.005505037,420.00m,-52.88571429,
5452,3/6/2024 12:02,0.011096441,1800.00m,24.73666667,
5453,3/6/2024 12:46,-0.035343407,2640.00m,-54.31590909,
5454,3/6/2024 12:53,0.017242199,420.00m,160.6714286,
5455,3/6/2024 12:58,-0.006269385,300.00m,-83.2,
5456,3/6/2024 13:01,0.006550073,180.00m,143.9666667,
5457,3/6/2024 13:08,-0.013560323,420.00m,-128.5714286,
5458,3/6/2024 13:21,0.015080166,780.00m,75.94615385,
5459,3/6/2024 13:23,-0.005779642,120.00m,-192.05,
5460,3/6/2024 13:36,0.004554033,780.00m,23.14615385,
5461,3/6/2024 13:44,-0.005753742,480.00m,-47.7375,
5462,3/6/2024 13:54,0.01075277,600.00m,70.96,
5463,3/6/2024 13:59,-0.004614561,300.00m,-61.56,
5464,3/6/2024 14:32,0.013147253,1980.00m,26.45151515,
5465,3/6/2024 14:45,-0.015758098,780.00m,-81.53846154,
5466,3/6/2024 14:46,0.004167233,60.00m,275.9,
5467,3/6/2024 14:48,-0.004644803,120.00m,-154.4,
5468,3/6/2024 14:52,0.007576983,240.00m,125.35,
5469,3/6/2024 15:07,-0.017021245,900.00m,-75.66,
5470,3/6/2024 15:16,0.010669722,540.00m,77.7,
5471,3/6/2024 15:21,-0.006085456,300.00m,-80.62,
5472,3/6/2024 15:39,0.013536502,1080.00m,49.51111111,
5473,3/6/2024 15:49,-0.005922551,600.00m,-39.52,
5474,3/6/2024 16:29,0.0095247,2400.00m,15.795,
5475,3/6/2024 16:35,-0.008706092,360.00m,-97.16666667,
5476,3/6/2024 16:59,0.011759283,1440.00m,32.525,
5477,3/6/2024 17:05,-0.004499555,360.00m,-50.36666667,
5478,3/6/2024 17:16,0.004198325,660.00m,25.51818182,
5479,3/6/2024 17:30,-0.005740184,840.00m,-27.52857143,
5480,3/6/2024 17:35,0.006456416,300.00m,86.2,
5481,3/6/2024 17:41,-0.005955083,360.00m,-66.68333333,
5482,3/6/2024 18:05,0.010300032,1440.00m,28.6625,
5483,3/6/2024 18:34,-0.009539957,1740.00m,-22.19655172,
5484,3/6/2024 18:45,0.004064019,660.00m,24.69090909,
5485,3/6/2024 18:48,-0.006497571,180.00m,-145.3333333,
5486,3/6/2024 18:59,0.007452075,660.00m,45.16363636,
5487,3/6/2024 19:04,-0.004898545,300.00m,-65.8,
5488,3/6/2024 19:30,0.006974016,1560.00m,17.92692308,
5489,3/6/2024 19:47,-0.008824679,1020.00m,-34.93529412,
5490,3/6/2024 20:17,0.010211975,1800.00m,22.70666667,
5491,3/6/2024 20:37,-0.00820779,1200.00m,-27.655,
5492,3/6/2024 20:52,0.006062773,900.00m,27.01333333,
5493,3/6/2024 22:22,-0.01504626,5400.00m,-11.24111111,
5494,3/6/2024 22:29,0.004519264,420.00m,42.75714286,
5495,3/6/2024 23:03,-0.011476561,2040.00m,-22.45588235,
5496,3/6/2024 23:20,0.008066797,1020.00m,31.20588235,
5497,3/7/2024 0:06,-0.005026103,2760.00m,-7.243478261,
5498,3/7/2024 0:14,0.005318318,480.00m,43.85,
5499,3/7/2024 0:26,-0.007252136,720.00m,-40.075,
5500,3/7/2024 0:50,0.007288404,1440.00m,19.99166667,
5501,3/7/2024 1:09,-0.009205193,1140.00m,-32.12631579,
5502,3/7/2024 1:26,0.008138508,1020.00m,31.45294118,
5503,3/7/2024 1:40,-0.005515236,840.00m,-26.09285714,
5504,3/7/2024 2:01,0.009729859,1260.00m,30.51904762,
5505,3/7/2024 2:30,-0.007895018,1740.00m,-18.10689655,
5506,3/7/2024 3:18,0.006856083,2880.00m,9.425,
5507,3/7/2024 4:03,-0.010862825,2700.00m,-16.03777778,
5508,3/7/2024 4:30,0.007722636,1620.00m,18.7962963,
5509,3/7/2024 4:55,-0.005316852,1500.00m,-14.084,
5510,3/7/2024 5:22,0.004560408,1620.00m,11.12592593,
5511,3/7/2024 6:12,-0.006537538,3000.00m,-8.652,
5512,3/7/2024 6:24,0.007420242,720.00m,40.65,
5513,3/7/2024 7:10,-0.005765029,2760.00m,-8.3,
5514,3/7/2024 8:17,0.018195735,4020.00m,17.88208955,
5515,3/7/2024 9:32,-0.006118443,4500.00m,-5.469333333,
5516,3/7/2024 11:06,0.00984197,5640.00m,6.976595745,
5517,3/7/2024 11:25,-0.009817384,1140.00m,-34.76842105,
5518,3/7/2024 12:05,0.008362825,2400.00m,13.93,
5519,3/7/2024 12:56,-0.007803779,3060.00m,-10.28039216,
5520,3/7/2024 14:40,0.019668142,6240.00m,12.60673077,
5521,3/7/2024 14:43,-0.014692771,180.00m,-332.9,
5522,3/7/2024 14:44,0.004237497,60.00m,283.8,
5523,3/7/2024 14:46,-0.007660135,120.00m,-257.6,
5524,3/7/2024 15:03,0.009108194,1020.00m,35.75882353,
5525,3/7/2024 15:22,-0.007885672,1140.00m,-27.95263158,
5526,3/7/2024 15:53,0.012385717,1860.00m,26.69677419,
5527,3/7/2024 16:12,-0.008163024,1140.00m,-29.06315789,
5528,3/7/2024 16:25,0.006465527,780.00m,33.36923077,
5529,3/7/2024 16:38,-0.005873111,780.00m,-30.50769231,
5530,3/7/2024 17:25,0.012904523,2820.00m,18.43191489,
5531,3/7/2024 17:55,-0.007188468,1800.00m,-16.29333333,
5532,3/7/2024 18:23,0.004076494,1680.00m,9.828571429,
5533,3/7/2024 18:41,-0.004499574,1080.00m,-16.94444444,
5534,3/7/2024 19:02,0.005343869,1260.00m,17.17142857,
5535,3/7/2024 19:23,-0.007858219,1260.00m,-25.38571429,
5536,3/7/2024 20:32,0.009435911,4140.00m,9.204347826,
5537,3/7/2024 21:07,-0.011973483,2100.00m,-23.24285714,
5538,3/7/2024 22:13,0.006003429,3960.00m,6.106060606,
5539,3/8/2024 0:35,-0.010469219,8520.00m,-4.978873239,
5540,3/8/2024 1:05,0.00741796,1800.00m,16.52333333,
5541,3/8/2024 2:12,-0.006146762,4020.00m,-6.176119403,
5542,3/8/2024 3:22,0.006400005,4200.00m,6.117142857,
5543,3/8/2024 5:44,-0.006876129,8520.00m,-3.26056338,
5544,3/8/2024 7:00,0.011861573,4560.00m,10.43684211,
5545,3/8/2024 8:29,-0.008446071,5340.00m,-6.421348315,
5546,3/8/2024 8:46,0.005319474,1020.00m,20.99411765,
5547,3/8/2024 9:06,-0.004929577,1200.00m,-16.625,
5548,3/8/2024 9:13,0.005198346,420.00m,49.84285714,
5549,3/8/2024 10:00,-0.004264345,2820.00m,-6.121276596,
5550,3/8/2024 11:59,0.009575952,7140.00m,5.405882353,
5551,3/8/2024 12:31,-0.005428917,1920.00m,-11.50625,
5552,3/8/2024 13:08,0.004241422,2220.00m,7.732432432,
5553,3/8/2024 13:24,-0.005234729,960.00m,-22.1625,
5554,3/8/2024 14:11,0.010454802,2820.00m,14.9893617,
5555,3/8/2024 14:15,-0.004633587,240.00m,-78.875,
5556,3/8/2024 14:38,0.010006743,1380.00m,29.48695652,
5557,3/8/2024 14:41,-0.004037836,180.00m,-92.13333333,
5558,3/8/2024 15:30,0.028037685,2940.00m,39.01020408,
5559,3/8/2024 15:32,-0.025451007,120.00m,-891.9,
5560,3/8/2024 15:35,0.005040715,180.00m,114.7666667,
5561,3/8/2024 15:38,-0.014097987,180.00m,-322.6,
5562,3/8/2024 15:42,0.009884708,240.00m,167.25,
5563,3/8/2024 15:45,-0.006357051,180.00m,-144.8333333,
5564,3/8/2024 15:48,0.007080931,180.00m,160.3,
5565,3/8/2024 16:04,-0.024001509,960.00m,-102.6,
5566,3/8/2024 16:07,0.007581557,180.00m,168.7,
5567,3/8/2024 16:15,-0.012534902,480.00m,-105.3875,
5568,3/8/2024 16:23,0.014506806,480.00m,120.4375,
5569,3/8/2024 16:34,-0.008953616,660.00m,-54.84545455,
5570,3/8/2024 17:02,0.021281184,1680.00m,50.75357143,
5571,3/8/2024 17:18,-0.005102759,960.00m,-21.75,
5572,3/8/2024 17:55,0.013952755,2220.00m,25.58648649,
5573,3/8/2024 18:07,-0.009286729,720.00m,-53.24166667,
5574,3/8/2024 18:13,0.009827137,360.00m,111.6333333,
5575,3/8/2024 18:37,-0.006121055,1440.00m,-17.55416667,
5576,3/8/2024 19:15,0.005709967,2280.00m,10.27894737,
5577,3/8/2024 19:35,-0.007090395,1200.00m,-24.39,
5578,3/8/2024 20:04,0.01588798,1740.00m,37.42413793,
5579,3/8/2024 20:06,-0.005277052,120.00m,-183.1,
5580,3/8/2024 20:19,0.004628516,780.00m,24.57692308,
5581,3/8/2024 20:27,-0.006053518,480.00m,-52.475,
5582,3/8/2024 20:47,0.004863024,1200.00m,16.76,
5583,3/8/2024 21:55,-0.017996492,4080.00m,-18.33088235,
5584,3/8/2024 22:35,0.006367526,2400.00m,10.8275,
5585,3/8/2024 22:59,-0.004514237,1440.00m,-12.875,
5586,3/8/2024 23:18,0.004263213,1140.00m,15.28947368,
5587,3/9/2024 2:00,-0.007359173,9720.00m,-3.108641975,
5588,3/9/2024 7:50,0.009892828,21000.00m,1.92,
5589,3/9/2024 10:28,-0.00872449,9480.00m,-3.787974684,
5590,3/9/2024 13:00,0.008449814,9120.00m,3.780263158,
5591,3/9/2024 17:16,-0.007496781,15360.00m,-2.008203125,
5592,3/10/2024 1:21,0.018139344,29100.00m,2.54556701,
5593,3/10/2024 1:42,-0.008368376,1260.00m,-27.61428571,
5594,3/10/2024 2:18,0.008203246,2160.00m,15.65833333,
5595,3/10/2024 3:04,-0.007224265,2760.00m,-10.88043478,
5596,3/10/2024 4:21,0.013764196,4620.00m,12.29480519,
5597,3/10/2024 4:30,-0.004649589,540.00m,-36.02222222,
5598,3/10/2024 4:43,0.00412954,780.00m,22.04615385,
5599,3/10/2024 6:25,-0.006801647,6120.00m,-4.647058824,
5600,3/10/2024 8:57,0.007628404,9120.00m,3.473684211,
5601,3/10/2024 9:33,-0.006902485,2160.00m,-13.37222222,
5602,3/10/2024 10:21,0.010614828,2880.00m,15.31666667,
5603,3/10/2024 11:34,-0.006920316,4380.00m,-6.635616438,
5604,3/10/2024 12:22,0.005604755,2880.00m,8.116666667,
5605,3/10/2024 12:38,-0.004277417,960.00m,-18.6875,
5606,3/10/2024 13:02,0.004265621,1440.00m,12.37083333,
5607,3/10/2024 14:43,-0.016034358,6060.00m,-11.0970297,
5608,3/10/2024 15:03,0.009920165,1200.00m,34.115,
5609,3/10/2024 15:15,-0.005463466,720.00m,-31.625,
5610,3/10/2024 16:31,0.010819042,4560.00m,9.834210526,
5611,3/10/2024 19:05,-0.00859095,9240.00m,-3.895454545,
5612,3/10/2024 20:07,0.004210639,3720.00m,4.701612903,
5613,3/10/2024 22:56,-0.018444813,10140.00m,-7.587573964,
5614,3/10/2024 23:47,0.011508149,3060.00m,15.39803922,
5615,3/11/2024 0:52,-0.023383205,3900.00m,-24.83076923,
5616,3/11/2024 0:59,0.010977616,420.00m,105.7142857,
5617,3/11/2024 1:01,-0.004534123,120.00m,-154.5,
5618,3/11/2024 1:10,0.00834305,540.00m,62.88888889,
5619,3/11/2024 1:37,-0.0090371,1620.00m,-22.8962963,
5620,3/11/2024 4:06,0.016045447,8940.00m,7.3,
5621,3/11/2024 4:53,-0.004786836,2820.00m,-7.014893617,
5622,3/11/2024 5:09,0.004261328,960.00m,18.25625,
5623,3/11/2024 6:08,-0.004885326,3540.00m,-5.7,
5624,3/11/2024 7:14,0.032502463,3960.00m,33.73484848,
5625,3/11/2024 7:16,-0.007039545,120.00m,-248.95,
5626,3/11/2024 7:39,0.017798383,1380.00m,54.34782609,
5627,3/11/2024 7:42,-0.010106168,180.00m,-240.8,
5628,3/11/2024 7:48,0.0104284,360.00m,122.9833333,
5629,3/11/2024 7:55,-0.005643625,420.00m,-57.64285714,
5630,3/11/2024 8:01,0.007127274,360.00m,84.45,
5631,3/11/2024 8:17,-0.004047497,960.00m,-18.1125,
5632,3/11/2024 8:24,0.006871407,420.00m,70,
5633,3/11/2024 8:48,-0.007768802,1440.00m,-23.24166667,
5634,3/11/2024 10:23,0.009787738,5700.00m,7.34,
5635,3/11/2024 10:58,-0.005430952,2100.00m,-11.16285714,
5636,3/11/2024 11:46,0.01049214,2880.00m,15.63958333,
5637,3/11/2024 12:00,-0.011058168,840.00m,-57.10714286,
5638,3/11/2024 12:05,0.004955245,300.00m,70.86,
5639,3/11/2024 12:17,-0.004514692,720.00m,-27.03333333,
5640,3/11/2024 12:36,0.010067119,1140.00m,37.9,
5641,3/11/2024 13:05,-0.005010381,1740.00m,-12.48275862,
5642,3/11/2024 13:24,0.007574282,1140.00m,28.65789474,
5643,3/11/2024 13:42,-0.01054361,1080.00m,-42.42777778,
5644,3/11/2024 13:45,0.004124528,180.00m,98.53333333,
5645,3/11/2024 13:53,-0.00616138,480.00m,-55.425,
5646,3/11/2024 14:21,0.012571133,1680.00m,32.11071429,
5647,3/11/2024 14:39,-0.006821311,1080.00m,-27.44444444,
5648,3/11/2024 15:35,0.011036328,3360.00m,14.175,
5649,3/11/2024 16:03,-0.011309146,1680.00m,-29.37142857,
5650,3/11/2024 16:30,0.010699955,1620.00m,28.49259259,
5651,3/11/2024 17:14,-0.005185312,2640.00m,-8.563636364,
5652,3/11/2024 17:45,0.004302116,1860.00m,10.03225806,
5653,3/11/2024 18:15,-0.004451729,1800.00m,-10.77333333,
5654,3/11/2024 18:25,0.005289314,600.00m,38.23,
5655,3/11/2024 18:35,-0.004576102,600.00m,-33.25,
5656,3/11/2024 19:18,0.007261405,2580.00m,12.21395349,
5657,3/11/2024 19:58,-0.012149156,2400.00m,-22.1275,
5658,3/11/2024 22:21,0.011930352,8580.00m,6.004195804,
5659,3/12/2024 1:01,-0.011550772,9600.00m,-5.2575,
5660,3/12/2024 1:54,0.007790501,3180.00m,10.58113208,
5661,3/12/2024 3:23,-0.013230245,5340.00m,-10.78426966,
5662,3/12/2024 3:27,0.00420333,240.00m,75.225,
5663,3/12/2024 4:05,-0.007329559,2280.00m,-13.86578947,
5664,3/12/2024 4:50,0.01096411,2700.00m,17.38666667,
5665,3/12/2024 5:05,-0.00507052,900.00m,-24.38666667,
5666,3/12/2024 5:11,0.00450564,360.00m,53.9,
5667,3/12/2024 6:30,-0.007310669,4740.00m,-6.672151899,
5668,3/12/2024 7:20,0.01158258,3000.00m,16.58,
5669,3/12/2024 8:28,-0.012315958,4080.00m,-13.11323529,
5670,3/12/2024 9:45,0.008611347,4620.00m,7.997402597,
5671,3/12/2024 10:25,-0.005635963,2400.00m,-10.1625,
5672,3/12/2024 11:24,0.009601281,3540.00m,11.67118644,
5673,3/12/2024 12:29,-0.009722656,3900.00m,-10.83076923,
5674,3/12/2024 12:32,0.009187746,180.00m,219.6,
5675,3/12/2024 12:38,-0.005957464,360.00m,-71.85,
5676,3/12/2024 13:30,0.006314306,3120.00m,8.734615385,
5677,3/12/2024 13:45,-0.008252966,900.00m,-39.82666667,
5678,3/12/2024 14:06,0.016529064,1260.00m,56.5047619,
5679,3/12/2024 14:18,-0.016415143,720.00m,-99.825,
5680,3/12/2024 14:30,0.006251271,720.00m,37.39166667,
5681,3/12/2024 15:00,-0.0144643,1800.00m,-34.82333333,
5682,3/12/2024 15:34,0.013535839,2040.00m,28.33823529,
5683,3/12/2024 16:30,-0.027615258,3360.00m,-35.57678571,
5684,3/12/2024 16:35,0.009677475,300.00m,135.78,
5685,3/12/2024 16:40,-0.006865589,300.00m,-97.26,
5686,3/12/2024 16:46,0.00646526,360.00m,75.8,
5687,3/12/2024 17:02,-0.007745763,960.00m,-34.275,
5688,3/12/2024 17:03,0.004552209,60.00m,319.8,
5689,3/12/2024 17:22,-0.021990495,1140.00m,-81.67894737,
5690,3/12/2024 17:25,0.009497316,180.00m,218.5,
5691,3/12/2024 17:29,-0.005392178,240.00m,-93.925,
5692,3/12/2024 18:03,0.029349503,2040.00m,59.82058824,
5693,3/12/2024 18:15,-0.008279455,720.00m,-49.21666667,
5694,3/12/2024 19:09,0.013874243,3240.00m,18.17592593,
5695,3/12/2024 20:33,-0.013956257,5040.00m,-11.91666667,
5696,3/12/2024 20:43,0.006423644,600.00m,45.43,
5697,3/12/2024 21:08,-0.006674872,1500.00m,-19.004,
5698,3/12/2024 21:43,0.006827218,2100.00m,13.79142857,
5699,3/12/2024 22:01,-0.005523636,1080.00m,-21.84444444,
5700,3/12/2024 22:18,0.005709701,1020.00m,23.77647059,
5701,3/12/2024 22:31,-0.004140682,780.00m,-22.67692308,
5702,3/13/2024 0:08,0.011425759,5820.00m,8.351546392,
5703,3/13/2024 0:33,-0.004205753,1500.00m,-12.064,
5704,3/13/2024 0:48,0.004744453,900.00m,22.58666667,
5705,3/13/2024 1:21,-0.004132491,1980.00m,-8.984848485,
5706,3/13/2024 7:17,0.024631921,21360.00m,4.943820225,
5707,3/13/2024 7:55,-0.004888543,2280.00m,-9.418421053,
5708,3/13/2024 8:32,0.011418712,2220.00m,22.48378378,
5709,3/13/2024 8:39,-0.004246397,420.00m,-44.7,
5710,3/13/2024 8:45,0.004376263,360.00m,53.51666667,
5711,3/13/2024 10:43,-0.006259651,7080.00m,-3.909322034,
5712,3/13/2024 11:14,0.004351869,1860.00m,10.28064516,
5713,3/13/2024 12:39,-0.012895709,5100.00m,-11.15882353,
5714,3/13/2024 13:10,0.006771061,1860.00m,15.85806452,
5715,3/13/2024 13:57,-0.01801225,2820.00m,-28.01276596,
5716,3/13/2024 14:11,0.015351479,840.00m,78.70714286,
5717,3/13/2024 14:35,-0.008210757,1440.00m,-24.93333333,
5718,3/13/2024 14:43,0.005038627,480.00m,45.525,
5719,3/13/2024 14:55,-0.005090453,720.00m,-30.81666667,
5720,3/13/2024 15:16,0.012284853,1260.00m,42.28095238,
5721,3/13/2024 15:25,-0.007215307,540.00m,-58.65555556,
5722,3/13/2024 15:37,0.004266479,720.00m,25.825,
5723,3/13/2024 16:13,-0.006964065,2160.00m,-14.11111111,
5724,3/13/2024 17:08,0.010650502,3300.00m,14.02727273,
5725,3/13/2024 17:34,-0.006070259,1560.00m,-17.09230769,
5726,3/13/2024 18:37,0.007213633,3780.00m,8.331746032,
5727,3/13/2024 19:29,-0.00610316,3120.00m,-8.601923077,
5728,3/13/2024 20:14,0.008530722,2700.00m,13.80888889,
5729,3/13/2024 20:35,-0.006424916,1260.00m,-22.47619048,
5730,3/13/2024 21:38,0.005333461,3780.00m,6.179365079,
5731,3/13/2024 22:48,-0.006586147,4200.00m,-6.904285714,
5732,3/14/2024 0:24,0.004365003,5760.00m,3.314583333,
5733,3/14/2024 1:36,-0.008483095,4320.00m,-8.626388889,
5734,3/14/2024 4:13,0.015315083,9420.00m,7.081528662,
5735,3/14/2024 4:52,-0.012949941,2340.00m,-24.47435897,
5736,3/14/2024 6:29,0.012263513,5820.00m,9.197938144,
5737,3/14/2024 6:37,-0.004584179,480.00m,-42.2,
5738,3/14/2024 7:05,0.007528613,1680.00m,19.71071429,
5739,3/14/2024 7:55,-0.00929475,3000.00m,-13.73,
5740,3/14/2024 8:30,0.005728936,2100.00m,11.97714286,
5741,3/14/2024 11:15,-0.012303035,9900.00m,-5.487272727,
5742,3/14/2024 12:08,0.005816785,3180.00m,7.977358491,
5743,3/14/2024 12:24,-0.006233159,960.00m,-28.48125,
5744,3/14/2024 13:03,0.004169116,2340.00m,7.766666667,
5745,3/14/2024 13:40,-0.012704883,2220.00m,-25.05135135,
5746,3/14/2024 13:41,0.004192738,60.00m,302,
5747,3/14/2024 13:55,-0.010106275,840.00m,-52.21428571,
5748,3/14/2024 14:21,0.012958046,1560.00m,35.68461538,
5749,3/14/2024 14:50,-0.015305792,1740.00m,-38.27931034,
5750,3/14/2024 15:13,0.009791649,1380.00m,30.40434783,
5751,3/14/2024 15:31,-0.017768275,1080.00m,-71.18888889,
5752,3/14/2024 15:34,0.0056765,180.00m,134.0333333,
5753,3/14/2024 15:39,-0.007778152,300.00m,-110.82,
5754,3/14/2024 15:49,0.008559233,600.00m,60.5,
5755,3/14/2024 15:59,-0.005392144,600.00m,-38.44,
5756,3/14/2024 16:04,0.004167578,300.00m,59.1,
5757,3/14/2024 16:06,-0.005481742,120.00m,-195.15,
5758,3/14/2024 16:07,0.004301671,60.00m,304.6,
5759,3/14/2024 16:15,-0.011242465,480.00m,-99.9375,
5760,3/14/2024 16:21,0.006140955,360.00m,71.96666667,
5761,3/14/2024 16:30,-0.009050612,540.00m,-71.14444444,
5762,3/14/2024 17:00,0.019794227,1800.00m,46.25666667,
5763,3/14/2024 17:29,-0.008883263,1740.00m,-21.9,
5764,3/14/2024 17:35,0.005534943,360.00m,65.36666667,
5765,3/14/2024 17:41,-0.006200606,360.00m,-73.63333333,
5766,3/14/2024 17:57,0.004633572,960.00m,20.50625,
5767,3/14/2024 18:19,-0.010540166,1320.00m,-34.08181818,
5768,3/14/2024 18:26,0.005333326,420.00m,53.62857143,
5769,3/14/2024 18:54,-0.016987691,1680.00m,-42.93214286,
5770,3/14/2024 18:56,0.009039561,120.00m,314.4,
5771,3/14/2024 19:01,-0.005727336,300.00m,-80.4,
5772,3/14/2024 19:08,0.008431285,420.00m,84.05714286,
5773,3/14/2024 19:21,-0.010642818,780.00m,-57.61538462,
5774,3/14/2024 19:22,0.007092066,60.00m,493.8,
5775,3/14/2024 19:35,-0.018294118,780.00m,-98.67692308,
5776,3/14/2024 19:52,0.015116629,1020.00m,61.21176471,
5777,3/14/2024 19:58,-0.007096583,360.00m,-82.65,
5778,3/14/2024 20:47,0.026234168,2940.00m,37.14693878,
5779,3/14/2024 21:07,-0.011207393,1200.00m,-39.9,
5780,3/14/2024 21:14,0.009443932,420.00m,94.98571429,
5781,3/14/2024 21:32,-0.004231046,1080.00m,-16.70555556,
5782,3/14/2024 22:27,0.013463484,3300.00m,17.32363636,
5783,3/14/2024 22:31,-0.005165779,240.00m,-92.625,
5784,3/14/2024 23:39,0.005795253,4080.00m,6.080882353,
5785,3/15/2024 0:15,-0.005382847,2160.00m,-10.73055556,
5786,3/15/2024 0:34,0.015438779,1140.00m,58,
5787,3/15/2024 2:41,-0.039071091,7620.00m,-22.2984252,
5788,3/15/2024 2:42,0.004259944,60.00m,296.7,
5789,3/15/2024 2:48,-0.011507531,360.00m,-134.15,
5790,3/15/2024 2:49,0.00402947,60.00m,278.6,
5791,3/15/2024 2:53,-0.016978012,240.00m,-294.65,
5792,3/15/2024 3:02,0.017574582,540.00m,133.2555556,
5793,3/15/2024 3:08,-0.007400644,360.00m,-85.65,
5794,3/15/2024 3:15,0.006472159,420.00m,63.72857143,
5795,3/15/2024 3:23,-0.02421867,480.00m,-210.0125,
5796,3/15/2024 3:24,0.004671158,60.00m,316.2,
5797,3/15/2024 3:28,-0.013773339,240.00m,-234.175,
5798,3/15/2024 3:41,0.022534161,780.00m,116.2615385,
5799,3/15/2024 3:42,-0.005664677,60.00m,-388.5,
5800,3/15/2024 3:50,0.010827869,480.00m,92.3,
5801,3/15/2024 3:58,-0.012506383,480.00m,-107.7625,
5802,3/15/2024 4:00,0.005798383,120.00m,197.35,
5803,3/15/2024 4:05,-0.011394076,300.00m,-156.02,
5804,3/15/2024 4:14,0.012497544,540.00m,93.98888889,
5805,3/15/2024 4:41,-0.019093493,1620.00m,-48.46296296,
5806,3/15/2024 4:42,0.004070054,60.00m,273.6,
5807,3/15/2024 4:44,-0.006790002,120.00m,-229.15,
5808,3/15/2024 4:53,0.009246994,540.00m,68.87777778,
5809,3/15/2024 4:57,-0.004123687,240.00m,-69.75,
5810,3/15/2024 5:10,0.013162874,780.00m,68.22307692,
5811,3/15/2024 5:21,-0.00760703,660.00m,-47.20909091,
5812,3/15/2024 5:31,0.00476925,600.00m,32.31,
5813,3/15/2024 5:48,-0.012804541,1020.00m,-51.27058824,
5814,3/15/2024 6:59,0.022476859,4260.00m,21.27323944,
5815,3/15/2024 7:19,-0.006773553,1200.00m,-23.27,
5816,3/15/2024 7:46,0.009271281,1620.00m,23.43333333,
5817,3/15/2024 8:30,-0.017029228,2640.00m,-26.65681818,
5818,3/15/2024 8:34,0.004454764,240.00m,75.4,
5819,3/15/2024 8:51,-0.012122745,1020.00m,-48.49411765,
5820,3/15/2024 8:56,0.005002977,300.00m,67.22,
5821,3/15/2024 9:09,-0.019691599,780.00m,-102.2692308,
5822,3/15/2024 9:10,0.005783648,60.00m,382.8,
5823,3/15/2024 9:13,-0.010582941,180.00m,-234.8333333,
5824,3/15/2024 9:30,0.020012176,1020.00m,77.53529412,
5825,3/15/2024 9:32,-0.005967283,120.00m,-200.45,
5826,3/15/2024 9:54,0.018970652,1320.00m,57.58636364,
5827,3/15/2024 9:57,-0.004095578,180.00m,-92.9,
5828,3/15/2024 10:02,0.005211723,300.00m,70.64,
5829,3/15/2024 10:10,-0.010958039,480.00m,-93.3125,
5830,3/15/2024 10:22,0.009482464,720.00m,53.24166667,
5831,3/15/2024 10:41,-0.008549472,1140.00m,-30.60526316,
5832,3/15/2024 10:46,0.004539226,300.00m,61.22,
5833,3/15/2024 11:11,-0.013240233,1500.00m,-35.876,
5834,3/15/2024 11:15,0.007839195,240.00m,131,
5835,3/15/2024 11:29,-0.006914303,840.00m,-33.27142857,
5836,3/15/2024 12:02,0.015739487,1980.00m,31.90909091,
5837,3/15/2024 12:16,-0.005784727,840.00m,-28.07857143,
5838,3/15/2024 12:33,0.007072054,1020.00m,28.10588235,
5839,3/15/2024 12:42,-0.005517383,540.00m,-41.71111111,
5840,3/15/2024 13:07,0.010748684,1500.00m,29.092,
5841,3/15/2024 13:30,-0.012617083,1380.00m,-37.5173913,
5842,3/15/2024 13:55,0.016878799,1500.00m,45.592,
5843,3/15/2024 14:15,-0.010290046,1200.00m,-35.33,
5844,3/15/2024 14:26,0.006110795,660.00m,37.75454545,
5845,3/15/2024 14:32,-0.006594323,360.00m,-75.15,
5846,3/15/2024 15:03,0.011026689,1860.00m,24.16129032,
5847,3/15/2024 16:09,-0.015254437,3960.00m,-15.87272727,
5848,3/15/2024 16:16,0.004866364,420.00m,47.01428571,
5849,3/15/2024 16:20,-0.004059944,240.00m,-68.975,
5850,3/15/2024 16:42,0.010847997,1320.00m,33.37272727,
5851,3/15/2024 17:06,-0.01059126,1440.00m,-30.19166667,
5852,3/15/2024 19:00,0.042583649,6840.00m,25.28508772,
5853,3/15/2024 19:06,-0.005809604,360.00m,-68.33333333,
5854,3/15/2024 19:12,0.005170831,360.00m,60.46666667,
5855,3/15/2024 19:23,-0.010676974,660.00m,-68.45454545,
5856,3/15/2024 19:29,0.004088998,360.00m,47.55,
5857,3/15/2024 19:50,-0.020849897,1260.00m,-69.55714286,
5858,3/15/2024 19:59,0.005915693,540.00m,45.08888889,
5859,3/15/2024 20:09,-0.016864484,600.00m,-116.37,
5860,3/15/2024 20:24,0.009739192,900.00m,44.04666667,
5861,3/15/2024 20:49,-0.012481752,1500.00m,-34.2,
5862,3/15/2024 21:22,0.009765689,1980.00m,20.01818182,
5863,3/15/2024 21:52,-0.005059614,1800.00m,-11.52,
5864,3/15/2024 22:56,0.017875221,3840.00m,18.98125,
5865,3/15/2024 23:04,-0.005100123,480.00m,-44.1,
5866,3/15/2024 23:37,0.014336985,1980.00m,29.9,
5867,3/15/2024 23:58,-0.005413365,1260.00m,-17.9952381,
5868,3/16/2024 0:22,0.009325832,1440.00m,26.97916667,
5869,3/16/2024 0:58,-0.007287563,2160.00m,-14.18611111,
5870,3/16/2024 1:09,0.004553844,660.00m,28.8,
5871,3/16/2024 1:36,-0.010804987,1620.00m,-27.96666667,
5872,3/16/2024 1:45,0.004255793,540.00m,32.68888889,
5873,3/16/2024 2:33,-0.006372482,2880.00m,-9.216666667,
5874,3/16/2024 3:15,0.006825058,2520.00m,11.20952381,
5875,3/16/2024 4:03,-0.005694589,2880.00m,-8.239583333,
5876,3/16/2024 4:21,0.004208154,1080.00m,16.14444444,
5877,3/16/2024 5:19,-0.009387573,3480.00m,-11.22413793,
5878,3/16/2024 7:43,0.011670257,8640.00m,5.567361111,
5879,3/16/2024 11:15,-0.018538743,12720.00m,-6.077358491,
5880,3/16/2024 11:17,0.004330788,120.00m,147.7,
5881,3/16/2024 11:31,-0.009648973,840.00m,-47.21428571,
5882,3/16/2024 11:48,0.009421656,1020.00m,37.6,
5883,3/16/2024 12:08,-0.00661625,1200.00m,-22.655,
5884,3/16/2024 12:24,0.006483923,960.00m,27.56875,
5885,3/16/2024 13:01,-0.008191801,2220.00m,-15.15945946,
5886,3/16/2024 13:17,0.00555441,960.00m,23.575,
5887,3/16/2024 14:04,-0.010256681,2820.00m,-14.90212766,
5888,3/16/2024 14:59,0.009620222,3300.00m,11.82181818,
5889,3/16/2024 15:10,-0.00434515,660.00m,-26.95454545,
5890,3/16/2024 15:51,0.00819835,2460.00m,13.58536585,
5891,3/16/2024 17:29,-0.009274791,5880.00m,-6.482653061,
5892,3/16/2024 17:36,0.004441353,420.00m,43.05714286,
5893,3/16/2024 18:13,-0.020562294,2220.00m,-37.88108108,
5894,3/16/2024 18:17,0.007950631,240.00m,132.7,
5895,3/16/2024 18:27,-0.00593377,600.00m,-39.93,
5896,3/16/2024 18:32,0.00492873,300.00m,65.94,
5897,3/16/2024 18:55,-0.006756596,1380.00m,-19.74782609,
5898,3/16/2024 19:09,0.014632539,840.00m,69.78571429,
5899,3/16/2024 19:18,-0.005845364,540.00m,-44,
5900,3/16/2024 19:38,0.00549369,1200.00m,18.5,
5901,3/16/2024 20:05,-0.013036031,1620.00m,-32.6962963,
5902,3/16/2024 20:07,0.004914928,120.00m,164.25,
5903,3/16/2024 20:22,-0.005601073,900.00m,-25.08,
5904,3/16/2024 20:46,0.01159314,1440.00m,32.2625,
5905,3/16/2024 21:09,-0.012114476,1380.00m,-35.58695652,
5906,3/16/2024 21:14,0.004317907,300.00m,57.64,
5907,3/16/2024 21:20,-0.011898528,360.00m,-132.9333333,
5908,3/16/2024 21:24,0.004345076,240.00m,71.95,
5909,3/16/2024 21:35,-0.00571225,660.00m,-34.54545455,
5910,3/16/2024 21:41,0.007474635,360.00m,82.4,
5911,3/16/2024 21:42,-0.006163141,60.00m,-410.7,
5912,3/16/2024 21:47,0.004399992,300.00m,58.28,
5913,3/16/2024 22:07,-0.009322177,1200.00m,-31.005,
5914,3/16/2024 22:37,0.013337137,1800.00m,29.29666667,
5915,3/16/2024 23:17,-0.026082099,2400.00m,-43.5425,
5916,3/16/2024 23:24,0.012671463,420.00m,117.7285714,
5917,3/16/2024 23:28,-0.007669299,240.00m,-126.275,
5918,3/16/2024 23:40,0.006490715,720.00m,35.35,
5919,3/16/2024 23:46,-0.007222659,360.00m,-79.18333333,
5920,3/17/2024 0:06,0.012634754,1200.00m,41.255,
5921,3/17/2024 0:12,-0.00445341,360.00m,-49.08333333,
5922,3/17/2024 0:25,0.00730467,780.00m,36.99230769,
5923,3/17/2024 0:58,-0.01621642,1980.00m,-32.58787879,
5924,3/17/2024 2:52,0.020464408,6840.00m,11.71140351,
5925,3/17/2024 3:16,-0.004677417,1440.00m,-12.975,
5926,3/17/2024 3:53,0.005235136,2220.00m,9.375675676,
5927,3/17/2024 5:38,-0.008063269,6300.00m,-5.115238095,
5928,3/17/2024 6:03,0.004870326,1500.00m,12.872,
5929,3/17/2024 6:42,-0.014342861,2340.00m,-24.41794872,
5930,3/17/2024 6:44,0.004151698,120.00m,135.85,
5931,3/17/2024 6:59,-0.010770785,900.00m,-47.18666667,
5932,3/17/2024 7:03,0.005665544,240.00m,92.075,
5933,3/17/2024 7:22,-0.010796126,1140.00m,-37.14736842,
5934,3/17/2024 7:30,0.012568521,480.00m,101.6,
5935,3/17/2024 7:35,-0.00547018,300.00m,-71.64,
5936,3/17/2024 7:50,0.010914546,900.00m,47.38666667,
5937,3/17/2024 8:16,-0.007143627,1560.00m,-18.08846154,
5938,3/17/2024 9:17,0.022137365,3660.00m,23.72131148,
5939,3/17/2024 9:47,-0.007131995,1800.00m,-15.88333333,
5940,3/17/2024 10:31,0.015546822,2640.00m,23.43863636,
5941,3/17/2024 10:46,-0.007086619,900.00m,-31.82666667,
5942,3/17/2024 11:14,0.008807128,1680.00m,21.03928571,
5943,3/17/2024 11:57,-0.007614322,2580.00m,-11.94883721,
5944,3/17/2024 12:08,0.007032105,660.00m,42.80909091,
5945,3/17/2024 12:56,-0.013590825,2880.00m,-19.09375,
5946,3/17/2024 13:16,0.014371898,1200.00m,47.8,
5947,3/17/2024 13:26,-0.007721413,600.00m,-52.1,
5948,3/17/2024 13:53,0.005012419,1620.00m,12.42962963,
5949,3/17/2024 14:09,-0.004893794,960.00m,-20.58125,
5950,3/17/2024 14:59,0.010343489,3000.00m,13.852,
5951,3/17/2024 15:22,-0.005183836,1380.00m,-15.24782609,
5952,3/17/2024 15:48,0.012769327,1560.00m,33.05384615,
5953,3/17/2024 16:17,-0.004920681,1740.00m,-11.56551724,
5954,3/17/2024 16:40,0.008698742,1380.00m,25.65217391,
5955,3/17/2024 16:54,-0.006375711,840.00m,-31.15714286,
5956,3/17/2024 17:54,0.010397222,3600.00m,11.78,
5957,3/17/2024 18:05,-0.004789879,660.00m,-29.90909091,
5958,3/17/2024 18:08,0.004423801,180.00m,100.8,
5959,3/17/2024 18:52,-0.007942045,2640.00m,-12.39318182,
5960,3/17/2024 20:13,0.00859434,4860.00m,7.227160494,
5961,3/17/2024 21:54,-0.009381368,6060.00m,-6.381188119,
5962,3/17/2024 22:39,0.012830704,2700.00m,19.40444444,
5963,3/17/2024 23:25,-0.011150653,2760.00m,-16.70869565,
5964,3/17/2024 23:54,0.007477982,1740.00m,17.57586207,
5965,3/18/2024 0:14,-0.010731064,1200.00m,-36.845,
5966,3/18/2024 0:21,0.004048112,420.00m,39.28571429,
5967,3/18/2024 1:06,-0.019162003,2700.00m,-29.04444444,
5968,3/18/2024 1:21,0.01181449,900.00m,52.69333333,
5969,3/18/2024 1:28,-0.004951892,420.00m,-47.88571429,
5970,3/18/2024 2:13,0.007078795,2700.00m,10.59555556,
5971,3/18/2024 2:33,-0.005229026,1200.00m,-17.735,
5972,3/18/2024 2:50,0.01060787,1020.00m,42.10588235,
5973,3/18/2024 2:57,-0.005859753,420.00m,-57.08571429,
5974,3/18/2024 3:49,0.005687785,3120.00m,7.415384615,
5975,3/18/2024 4:17,-0.005856556,1680.00m,-14.26071429,
5976,3/18/2024 4:47,0.012127346,1800.00m,27.4,
5977,3/18/2024 5:08,-0.004768034,1260.00m,-15.57619048,
5978,3/18/2024 5:35,0.010636303,1620.00m,26.8962963,
5979,3/18/2024 8:27,-0.022445791,10320.00m,-9.004651163,
5980,3/18/2024 8:52,0.010702267,1500.00m,28.876,
5981,3/18/2024 9:11,-0.006216364,1140.00m,-22.30526316,
5982,3/18/2024 9:25,0.007825703,840.00m,37.87142857,
5983,3/18/2024 10:13,-0.007576013,2880.00m,-10.77708333,
5984,3/18/2024 11:34,0.01139248,4860.00m,9.530864198,
5985,3/18/2024 12:01,-0.004612175,1620.00m,-11.70740741,
5986,3/18/2024 12:11,0.004360898,600.00m,29.75,
5987,3/18/2024 12:18,-0.005832095,420.00m,-57.08571429,
5988,3/18/2024 13:00,0.008199032,2520.00m,13.29761905,
5989,3/18/2024 13:27,-0.011332876,1620.00m,-28.82592593,
5990,3/18/2024 13:36,0.010015023,540.00m,75.55555556,
5991,3/18/2024 13:47,-0.017797253,660.00m,-110.9545455,
5992,3/18/2024 13:56,0.005374309,540.00m,40.22222222,
5993,3/18/2024 14:02,-0.006432416,360.00m,-72.6,
5994,3/18/2024 14:15,0.007718043,780.00m,39.94615385,
5995,3/18/2024 14:55,-0.015860608,2400.00m,-26.885,
5996,3/18/2024 15:01,0.006387143,360.00m,71.03333333,
5997,3/18/2024 15:20,-0.00612175,1140.00m,-21.63684211,
5998,3/18/2024 16:19,0.020023104,3540.00m,22.65084746,
5999,3/18/2024 17:08,-0.02152196,2940.00m,-29.90204082,
6000,3/18/2024 17:16,0.010169018,480.00m,84.675,
6001,3/18/2024 17:24,-0.005804596,480.00m,-48.825,
6002,3/18/2024 17:33,0.005999919,540.00m,44.6,
6003,3/18/2024 17:43,-0.004409953,600.00m,-29.68,
6004,3/18/2024 18:12,0.007474013,1740.00m,17.26896552,
6005,3/18/2024 19:05,-0.008153313,3180.00m,-10.38490566,
6006,3/18/2024 19:35,0.007295847,1800.00m,16.28333333,
6007,3/18/2024 19:59,-0.006801158,1440.00m,-19.1125,
6008,3/18/2024 21:35,0.013465561,5760.00m,9.395833333,
6009,3/18/2024 22:25,-0.007561016,3000.00m,-10.266,
6010,3/18/2024 23:18,0.009779679,3180.00m,12.43207547,
6011,3/18/2024 23:58,-0.006095544,2400.00m,-10.3675,
6012,3/19/2024 0:19,0.008107237,1260.00m,26.1047619,
6013,3/19/2024 1:10,-0.021343235,3060.00m,-28.52745098,
6014,3/19/2024 1:18,0.004167173,480.00m,34.75,
6015,3/19/2024 1:38,-0.016630865,1200.00m,-55.705,
6016,3/19/2024 1:47,0.005771467,540.00m,42.24444444,
6017,3/19/2024 2:04,-0.008071722,1020.00m,-31.45882353,
6018,3/19/2024 2:34,0.010485201,1800.00m,22.97,
6019,3/19/2024 2:50,-0.012121614,960.00m,-50.3125,
6020,3/19/2024 3:07,0.006368388,1020.00m,24.57647059,
6021,3/19/2024 3:15,-0.007135381,480.00m,-58.8875,
6022,3/19/2024 3:19,0.004669575,240.00m,76.525,
6023,3/19/2024 3:40,-0.012413052,1260.00m,-38.92857143,
6024,3/19/2024 3:55,0.015750162,900.00m,68.29333333,
6025,3/19/2024 4:19,-0.014485734,1440.00m,-39.875,
6026,3/19/2024 4:34,0.010195368,900.00m,44.25333333,
6027,3/19/2024 4:48,-0.007976063,840.00m,-37.47142857,
6028,3/19/2024 5:03,0.005695264,900.00m,24.77333333,
6029,3/19/2024 5:29,-0.012144385,1560.00m,-30.65,
6030,3/19/2024 5:32,0.005775826,180.00m,124.8,
6031,3/19/2024 5:47,-0.007041811,900.00m,-30.60666667,
6032,3/19/2024 6:12,0.011341238,1500.00m,29.368,
6033,3/19/2024 6:38,-0.011492041,1560.00m,-28.93846154,
6034,3/19/2024 6:55,0.004386656,1020.00m,16.7,
6035,3/19/2024 7:16,-0.018766855,1260.00m,-58.09047619,
6036,3/19/2024 7:26,0.011888748,600.00m,75.83,
6037,3/19/2024 7:44,-0.004928627,1080.00m,-17.67222222,
6038,3/19/2024 7:57,0.008361464,780.00m,41.30769231,
6039,3/19/2024 8:30,-0.017753188,1980.00m,-34.83939394,
6040,3/19/2024 8:37,0.009018951,420.00m,81.95714286,
6041,3/19/2024 8:56,-0.014883725,1140.00m,-50.27894737,
6042,3/19/2024 9:02,0.007507643,360.00m,79.11666667,
6043,3/19/2024 9:11,-0.009752981,540.00m,-69.03333333,
6044,3/19/2024 9:17,0.015912546,360.00m,167.3,
6045,3/19/2024 9:19,-0.007908111,120.00m,-253.4,
6046,3/19/2024 9:24,0.004882092,300.00m,62.08,
6047,3/19/2024 9:27,-0.004069514,180.00m,-86.66666667,
6048,3/19/2024 9:35,0.004505758,480.00m,35.8375,
6049,3/19/2024 9:41,-0.006472517,360.00m,-68.95,
6050,3/19/2024 9:58,0.011560138,1020.00m,43.18235294,
6051,3/19/2024 10:30,-0.017862035,1920.00m,-35.85625,
6052,3/19/2024 10:35,0.004343043,300.00m,54.8,
6053,3/19/2024 10:47,-0.00769056,720.00m,-40.60833333,
6054,3/19/2024 10:49,0.008680564,120.00m,272.9,
6055,3/19/2024 11:27,-0.013637245,2280.00m,-22.76052632,
6056,3/19/2024 11:34,0.008307623,420.00m,74.24285714,
6057,3/19/2024 11:36,-0.004209161,120.00m,-132.75,
6058,3/19/2024 11:49,0.008724559,780.00m,42.15384615,
6059,3/19/2024 12:00,-0.004471332,660.00m,-25.75454545,
6060,3/19/2024 12:02,0.005651921,120.00m,178.25,
6061,3/19/2024 12:04,-0.004136687,120.00m,-131.2,
6062,3/19/2024 12:11,0.008162102,420.00m,73.65714286,
6063,3/19/2024 12:18,-0.009024018,420.00m,-82.1,
6064,3/19/2024 12:43,0.011392644,1500.00m,28.76,
6065,3/19/2024 12:47,-0.004897391,240.00m,-78.15,
6066,3/19/2024 12:53,0.004132732,360.00m,43.75,
6067,3/19/2024 13:16,-0.007591745,1380.00m,-21.05217391,
6068,3/19/2024 13:29,0.00865937,780.00m,42.16153846,
6069,3/19/2024 13:51,-0.011174164,1320.00m,-32.42727273,
6070,3/19/2024 13:59,0.007547881,480.00m,59.5625,
6071,3/19/2024 14:32,-0.017652201,1980.00m,-34.02424242,
6072,3/19/2024 14:50,0.010737149,1080.00m,37.27222222,
6073,3/19/2024 15:02,-0.00709842,720.00m,-37.35833333,
6074,3/19/2024 15:06,0.005505003,240.00m,86.3,
6075,3/19/2024 15:16,-0.005673113,600.00m,-35.77,
6076,3/19/2024 15:49,0.023689629,1980.00m,45.00606061,
6077,3/19/2024 15:53,-0.004470289,240.00m,-71.725,
6078,3/19/2024 16:11,0.011674315,1080.00m,41.43888889,
6079,3/19/2024 16:16,-0.006554937,300.00m,-84.74,
6080,3/19/2024 17:28,0.023832586,4320.00m,21.25555556,
6081,3/19/2024 17:42,-0.014162294,840.00m,-66.50714286,
6082,3/19/2024 17:45,0.004381776,180.00m,94.66666667,
6083,3/19/2024 18:13,-0.012647105,1680.00m,-29.40357143,
6084,3/19/2024 18:43,0.010792755,1800.00m,23.12333333,
6085,3/19/2024 19:04,-0.007105004,1260.00m,-21.98095238,
6086,3/19/2024 19:24,0.011583293,1200.00m,37.36,
6087,3/19/2024 20:24,-0.024202385,3600.00m,-26.32166667,
6088,3/19/2024 20:36,0.008409947,720.00m,44.625,
6089,3/19/2024 20:45,-0.007441197,540.00m,-53.08888889,
6090,3/19/2024 20:51,0.004882924,360.00m,51.86666667,
6091,3/19/2024 21:07,-0.004570331,960.00m,-18.29375,
6092,3/19/2024 21:18,0.004625824,660.00m,26.80909091,
6093,3/19/2024 21:22,-0.006679605,240.00m,-106.95,
6094,3/19/2024 21:49,0.008408011,1620.00m,19.81111111,
6095,3/19/2024 21:55,-0.006348904,360.00m,-67.88333333,
6096,3/19/2024 22:00,0.004732883,300.00m,60.34,
6097,3/19/2024 22:55,-0.023606028,3300.00m,-27.48909091,
6098,3/19/2024 23:00,0.004263192,300.00m,53.32,
6099,3/19/2024 23:15,-0.013735253,900.00m,-57.50666667,
6100,3/19/2024 23:18,0.004795017,180.00m,99,
6101,3/19/2024 23:25,-0.009881693,420.00m,-87.85714286,
6102,3/19/2024 23:47,0.010983215,1320.00m,30.76363636,
6103,3/19/2024 23:55,-0.007029107,480.00m,-54.7375,
6104,3/20/2024 0:26,0.018800457,1860.00m,37.51612903,
6105,3/20/2024 0:32,-0.008014509,360.00m,-84.18333333,
6106,3/20/2024 0:36,0.010267427,240.00m,160.475,
6107,3/20/2024 0:50,-0.005859721,840.00m,-26.43571429,
6108,3/20/2024 0:58,0.01002072,480.00m,78.65,
6109,3/20/2024 1:26,-0.022076945,1680.00m,-50.00357143,
6110,3/20/2024 1:29,0.006644738,180.00m,137.3666667,
6111,3/20/2024 1:41,-0.005502065,720.00m,-28.625,
6112,3/20/2024 1:55,0.008974417,840.00m,39.8,
6113,3/20/2024 2:00,-0.00524864,300.00m,-65.76,
6114,3/20/2024 2:29,0.011587714,1740.00m,24.9,
6115,3/20/2024 2:31,-0.004064209,120.00m,-128.1,
6116,3/20/2024 2:49,0.00417477,1080.00m,14.56111111,
6117,3/20/2024 2:55,-0.00423831,360.00m,-44.53333333,
6118,3/20/2024 3:06,0.005984695,660.00m,34.15454545,
6119,3/20/2024 3:15,-0.004178774,540.00m,-29.32222222,
6120,3/20/2024 3:25,0.008799687,600.00m,55.34,
6121,3/20/2024 3:55,-0.02384225,1800.00m,-50.42,
6122,3/20/2024 3:56,0.0040966,60.00m,253.7,
6123,3/20/2024 3:58,-0.00670761,120.00m,-208.55,
6124,3/20/2024 4:02,0.00571188,240.00m,88.2,
6125,3/20/2024 4:07,-0.005615047,300.00m,-69.76,
6126,3/20/2024 4:14,0.009031893,420.00m,79.7,
6127,3/20/2024 4:36,-0.017245888,1320.00m,-48.85909091,
6128,3/20/2024 5:02,0.009233833,1560.00m,21.75384615,
6129,3/20/2024 5:12,-0.011404335,600.00m,-70.5,
6130,3/20/2024 5:19,0.005083975,420.00m,44.38571429,
6131,3/20/2024 5:32,-0.008372908,780.00m,-39.56153846,
6132,3/20/2024 6:30,0.018681661,3480.00m,19.61896552,
6133,3/20/2024 6:38,-0.004672197,480.00m,-36.2375,
6134,3/20/2024 7:28,0.016222999,3000.00m,20.038,
6135,3/20/2024 7:31,-0.004141179,180.00m,-86.63333333,
6136,3/20/2024 7:55,0.0109312,1440.00m,28.46666667,
6137,3/20/2024 8:05,-0.006636258,600.00m,-41.93,
6138,3/20/2024 8:11,0.007505907,360.00m,78.51666667,
6139,3/20/2024 8:13,-0.004777418,120.00m,-151.05,
6140,3/20/2024 8:33,0.006077902,1200.00m,19.125,
6141,3/20/2024 8:41,-0.007908029,480.00m,-62.5875,
6142,3/20/2024 8:48,0.004833264,420.00m,43.37142857,
6143,3/20/2024 8:59,-0.006031531,660.00m,-34.60909091,
6144,3/20/2024 9:06,0.004843985,420.00m,43.41428571,
6145,3/20/2024 9:14,-0.004349516,480.00m,-34.275,
6146,3/20/2024 9:46,0.008926623,1920.00m,17.509375,
6147,3/20/2024 10:21,-0.006169506,2100.00m,-11.16285714,
6148,3/20/2024 10:29,0.005991716,480.00m,47.1375,
6149,3/20/2024 10:44,-0.005558012,900.00m,-23.46,
6150,3/20/2024 11:29,0.014499199,2700.00m,20.28666667,
6151,3/20/2024 11:47,-0.010136986,1080.00m,-35.97222222,
6152,3/20/2024 12:25,0.017737535,2280.00m,29.51315789,
6153,3/20/2024 13:32,-0.019005734,4020.00m,-18.25373134,
6154,3/20/2024 13:45,0.011369325,780.00m,55.20769231,
6155,3/20/2024 13:50,-0.006219878,300.00m,-79.42,
6156,3/20/2024 14:10,0.008403918,1200.00m,26.66,
6157,3/20/2024 14:12,-0.004320114,120.00m,-138.2,
6158,3/20/2024 14:32,0.008963415,1200.00m,28.55,
6159,3/20/2024 14:45,-0.004549245,780.00m,-22.49230769,
6160,3/20/2024 15:01,0.005765684,960.00m,23.05625,
6161,3/20/2024 15:16,-0.008040292,900.00m,-34.49333333,
6162,3/20/2024 15:27,0.005403119,660.00m,31.35454545,
6163,3/20/2024 15:33,-0.008200578,360.00m,-87.71666667,
6164,3/20/2024 15:40,0.004354923,420.00m,39.6,
6165,3/20/2024 16:01,-0.007186063,1260.00m,-21.87619048,
6166,3/20/2024 16:10,0.005111084,540.00m,36.04444444,
6167,3/20/2024 16:32,-0.02534866,1320.00m,-73.50454545,
6168,3/20/2024 16:47,0.019455685,900.00m,80.64666667,
6169,3/20/2024 16:50,-0.005269228,180.00m,-111.3333333,
6170,3/20/2024 16:55,0.004554905,300.00m,57.44,
6171,3/20/2024 17:05,-0.006569298,600.00m,-41.61,
6172,3/20/2024 17:20,0.027553875,900.00m,115.5866667,
6173,3/20/2024 17:36,-0.00952244,960.00m,-38.48125,
6174,3/20/2024 17:38,0.006103797,120.00m,195.45,
6175,3/20/2024 17:51,-0.007401487,780.00m,-36.68461538,
6176,3/20/2024 18:06,0.013337274,900.00m,56.86666667,
6177,3/20/2024 18:07,-0.004071959,60.00m,-263.9,
6178,3/20/2024 18:14,0.004226496,420.00m,38.97142857,
6179,3/20/2024 18:19,-0.010918263,300.00m,-141.54,
6180,3/20/2024 18:29,0.005315838,600.00m,34.08,
6181,3/20/2024 18:35,-0.005447541,360.00m,-58.51666667,
6182,3/20/2024 19:13,0.025549142,2280.00m,43.09736842,
6183,3/20/2024 19:25,-0.007202868,720.00m,-39.45833333,
6184,3/20/2024 19:49,0.010946277,1440.00m,29.76666667,
6185,3/20/2024 20:00,-0.004022516,660.00m,-24.12727273,
6186,3/20/2024 20:38,0.031498999,2280.00m,54.47105263,
6187,3/20/2024 21:06,-0.011799401,1680.00m,-28.56428571,
6188,3/20/2024 21:28,0.014282664,1320.00m,43.48636364,
6189,3/20/2024 21:48,-0.006951722,1200.00m,-23.615,
6190,3/20/2024 22:15,0.00958681,1620.00m,23.95555556,
6191,3/20/2024 22:50,-0.009676354,2100.00m,-18.83142857,
6192,3/20/2024 23:41,0.008651642,3060.00m,11.44313725,
6193,3/21/2024 0:27,-0.007419274,2760.00m,-10.97391304,
6194,3/21/2024 0:43,0.010787127,960.00m,45.53125,
6195,3/21/2024 0:59,-0.008298822,960.00m,-35.40625,
6196,3/21/2024 1:28,0.004347364,1740.00m,10.14827586,
6197,3/21/2024 2:12,-0.004444739,2640.00m,-6.868181818,
6198,3/21/2024 2:21,0.004250365,540.00m,31.96666667,
6199,3/21/2024 3:53,-0.02243586,5520.00m,-16.57717391,
6200,3/21/2024 3:58,0.006547692,300.00m,87.02,
6201,3/21/2024 4:03,-0.004573453,300.00m,-61.18,
6202,3/21/2024 4:31,0.006046852,1680.00m,14.37857143,
6203,3/21/2024 4:39,-0.006103068,480.00m,-51.1,
6204,3/21/2024 4:55,0.00453481,960.00m,18.86875,
6205,3/21/2024 5:21,-0.010552397,1560.00m,-27.14230769,
6206,3/21/2024 5:30,0.008922459,540.00m,65.6,
6207,3/21/2024 5:41,-0.004712367,660.00m,-28.6,
6208,3/21/2024 6:07,0.013937655,1560.00m,35.61923077,
6209,3/21/2024 7:02,-0.005983198,3300.00m,-7.329090909,
6210,3/21/2024 7:27,0.005520473,1500.00m,14.788,
6211,3/21/2024 7:48,-0.005433733,1260.00m,-17.42380952,
6212,3/21/2024 8:21,0.010564006,1980.00m,21.43939394,
6213,3/21/2024 8:30,-0.006461269,540.00m,-48.58888889,
6214,3/21/2024 8:53,0.004627998,1380.00m,13.53043478,
6215,3/21/2024 9:46,-0.011987429,3180.00m,-15.27924528,
6216,3/21/2024 10:13,0.004560689,1620.00m,11.27407407,
6217,3/21/2024 10:40,-0.004890475,1620.00m,-12.14444444,
6218,3/21/2024 11:13,0.006805974,1980.00m,13.76060606,
6219,3/21/2024 11:27,-0.005753637,840.00m,-27.60714286,
6220,3/21/2024 12:30,0.010486851,3780.00m,11.11746032,
6221,3/21/2024 12:45,-0.005968398,900.00m,-26.85333333,
6222,3/21/2024 13:11,0.008588975,1560.00m,22.16153846,
6223,3/21/2024 13:24,-0.004544635,780.00m,-23.65384615,
6224,3/21/2024 13:28,0.005004847,240.00m,84.275,
6225,3/21/2024 13:37,-0.008710065,540.00m,-65.51111111,
6226,3/21/2024 13:40,0.004189132,180.00m,93.7,
6227,3/21/2024 14:00,-0.01186199,1200.00m,-39.965,
6228,3/21/2024 14:23,0.012095999,1380.00m,35.0173913,
6229,3/21/2024 15:36,-0.01846136,4380.00m,-17.04246575,
6230,3/21/2024 15:59,0.006898449,1380.00m,19.83913043,
6231,3/21/2024 16:09,-0.005130507,600.00m,-34.17,
6232,3/21/2024 16:27,0.007547551,1080.00m,27.78333333,
6233,3/21/2024 16:38,-0.004062313,660.00m,-24.65454545,
6234,3/21/2024 17:07,0.007802818,1740.00m,17.88965517,
6235,3/21/2024 17:30,-0.013238797,1380.00m,-38.56956522,
6236,3/21/2024 17:35,0.005125491,300.00m,67.78,
6237,3/21/2024 18:16,-0.019280944,2460.00m,-31.25365854,
6238,3/21/2024 18:21,0.005379116,300.00m,70.12,
6239,3/21/2024 18:23,-0.004477434,120.00m,-146.7,
6240,3/21/2024 18:29,0.005624264,360.00m,61.15,
6241,3/21/2024 18:35,-0.006152242,360.00m,-67.26666667,
6242,3/21/2024 18:37,0.005455647,120.00m,177.85,
6243,3/21/2024 18:45,-0.008910184,480.00m,-73.0125,
6244,3/21/2024 19:01,0.005525619,960.00m,22.4375,
6245,3/21/2024 19:26,-0.004255378,1500.00m,-11.12,
6246,3/21/2024 19:39,0.00846719,780.00m,42.36923077,
6247,3/21/2024 20:04,-0.01312462,1500.00m,-34.44,
6248,3/21/2024 20:18,0.01889223,840.00m,87.36428571,
6249,3/21/2024 20:25,-0.008815414,420.00m,-83.07142857,
6250,3/21/2024 20:28,0.004839215,180.00m,105.4666667,
6251,3/21/2024 20:49,-0.009281738,1260.00m,-29.03809524,
6252,3/21/2024 21:26,0.007628005,2220.00m,13.41891892,
6253,3/21/2024 21:29,-0.005757361,180.00m,-125.8666667,
6254,3/21/2024 22:06,0.010190467,2220.00m,17.95945946,
6255,3/21/2024 23:30,-0.008490645,5040.00m,-6.658333333,
6256,3/22/2024 0:19,0.010276636,2940.00m,13.69795918,
6257,3/22/2024 0:35,-0.007909445,960.00m,-32.61875,
6258,3/22/2024 1:16,0.007509643,2460.00m,11.9902439,
6259,3/22/2024 2:09,-0.011703594,3180.00m,-14.56415094,
6260,3/22/2024 3:31,0.015260301,4920.00m,12.1304878,
6261,3/22/2024 4:05,-0.005446009,2040.00m,-10.6,
6262,3/22/2024 4:56,0.007613592,3060.00m,9.825490196,
6263,3/22/2024 5:15,-0.004789076,1140.00m,-16.71578947,
6264,3/22/2024 6:09,0.009859091,3240.00m,12.05,
6265,3/22/2024 10:33,-0.028607351,15840.00m,-7.222348485,
6266,3/22/2024 10:45,0.004315458,720.00m,23.28333333,
6267,3/22/2024 11:02,-0.006599163,1020.00m,-25.24117647,
6268,3/22/2024 11:17,0.005800821,900.00m,24.98,
6269,3/22/2024 12:03,-0.014913266,2760.00m,-21.06304348,
6270,3/22/2024 12:08,0.009551548,300.00m,122.26,
6271,3/22/2024 12:39,-0.004356816,1860.00m,-9.080645161,
6272,3/22/2024 12:44,0.004169134,300.00m,53.64,
6273,3/22/2024 13:22,-0.010395043,2280.00m,-17.67105263,
6274,3/22/2024 13:26,0.005822302,240.00m,93.05,
6275,3/22/2024 13:58,-0.021585162,1920.00m,-43.371875,
6276,3/22/2024 14:04,0.008569262,360.00m,89.85,
6277,3/22/2024 14:15,-0.008469661,660.00m,-48.85454545,
6278,3/22/2024 14:19,0.006028999,240.00m,94.825,
6279,3/22/2024 14:23,-0.006863438,240.00m,-108.6,
6280,3/22/2024 14:36,0.006922006,780.00m,33.46923077,
6281,3/22/2024 14:58,-0.008828836,1320.00m,-25.4,
6282,3/22/2024 15:10,0.012884601,720.00m,67.35833333,
6283,3/22/2024 15:15,-0.004940032,300.00m,-62.78,
6284,3/22/2024 15:32,0.017963504,1020.00m,66.81176471,
6285,3/22/2024 15:39,-0.008750233,420.00m,-80.45714286,
6286,3/22/2024 15:51,0.005459179,720.00m,29.025,
6287,3/22/2024 16:07,-0.011468594,960.00m,-45.98125,
6288,3/22/2024 16:15,0.006039733,480.00m,47.875,
6289,3/22/2024 16:51,-0.014130891,2160.00m,-25.04166667,
6290,3/22/2024 17:06,0.013551178,900.00m,56.82,
6291,3/22/2024 17:30,-0.005455926,1440.00m,-14.49166667,
6292,3/22/2024 18:04,0.00806159,2040.00m,15.03235294,
6293,3/22/2024 18:17,-0.005934862,780.00m,-29.17692308,
6294,3/22/2024 18:39,0.006404727,1320.00m,18.49545455,
6295,3/22/2024 19:18,-0.007028673,2340.00m,-11.52307692,
6296,3/22/2024 19:53,0.010542033,2100.00m,19.12285714,
6297,3/22/2024 21:20,-0.019956981,5220.00m,-14.71724138,
6298,3/22/2024 21:24,0.005831966,240.00m,91.675,
6299,3/22/2024 21:37,-0.012862819,780.00m,-62.57692308,
6300,3/22/2024 21:53,0.009996668,960.00m,39.00625,
6301,3/22/2024 22:24,-0.006770291,1860.00m,-13.77096774,
6302,3/22/2024 22:38,0.009292968,840.00m,41.57142857,
6303,3/22/2024 22:52,-0.005578231,840.00m,-25.18571429,
6304,3/23/2024 1:48,0.023534222,10560.00m,8.405113636,
6305,3/23/2024 2:01,-0.004258844,780.00m,-21.07692308,
6306,3/23/2024 2:05,0.004106914,240.00m,65.775,
6307,3/23/2024 3:36,-0.020052607,5460.00m,-14.17472527,
6308,3/23/2024 4:35,0.016880857,3540.00m,18.03559322,
6309,3/23/2024 5:12,-0.004524181,2220.00m,-7.837837838,
6310,3/23/2024 7:19,0.016125999,7620.00m,8.102362205,
6311,3/23/2024 7:33,-0.005418035,840.00m,-25.09285714,
6312,3/23/2024 8:08,0.005418087,2100.00m,9.982857143,
6313,3/23/2024 8:34,-0.00846429,1560.00m,-21.10769231,
6314,3/23/2024 9:00,0.004458043,1560.00m,11.02307692,
6315,3/23/2024 9:14,-0.005062338,840.00m,-23.35,
6316,3/23/2024 10:32,0.007279604,4680.00m,5.996153846,
6317,3/23/2024 10:54,-0.007043113,1320.00m,-20.71818182,
6318,3/23/2024 12:51,0.010247448,7020.00m,5.628205128,
6319,3/23/2024 13:46,-0.009026717,3300.00m,-10.65454545,
6320,3/23/2024 14:01,0.005723399,900.00m,24.54666667,
6321,3/23/2024 14:16,-0.004097334,900.00m,-17.67333333,
6322,3/23/2024 14:32,0.015267981,960.00m,61.4875,
6323,3/23/2024 14:44,-0.004613317,720.00m,-25.15,
6324,3/23/2024 14:50,0.004396668,360.00m,47.71666667,
6325,3/23/2024 15:24,-0.009432174,2040.00m,-18.14411765,
6326,3/23/2024 17:34,0.018644201,7800.00m,9.291538462,
6327,3/23/2024 20:10,-0.019049986,9360.00m,-8.058974359,
6328,3/23/2024 20:30,0.006064482,1200.00m,19.63,
6329,3/23/2024 23:59,-0.01704125,12540.00m,-5.310526316,
6330,3/24/2024 1:26,0.010841874,5220.00m,7.97816092,
6331,3/24/2024 3:13,-0.011564659,6420.00m,-6.994392523,
6332,3/24/2024 3:21,0.004508645,480.00m,36.05,
6333,3/24/2024 4:39,-0.006226811,4680.00m,-5.129487179,
6334,3/24/2024 6:15,0.00906282,5760.00m,6.028125,
6335,3/24/2024 7:32,-0.005147983,4620.00m,-4.307792208,
6336,3/24/2024 8:13,0.013913914,2460.00m,21.75365854,
6337,3/24/2024 8:30,-0.004525089,1020.00m,-17.3,
6338,3/24/2024 8:59,0.009214966,1740.00m,20.55862069,
6339,3/24/2024 9:22,-0.006262319,1380.00m,-17.77826087,
6340,3/24/2024 9:36,0.004732887,840.00m,21.93571429,
6341,3/24/2024 9:57,-0.004506584,1260.00m,-13.99047619,
6342,3/24/2024 10:47,0.007551653,3000.00m,9.802,
6343,3/24/2024 11:09,-0.005913766,1320.00m,-17.57727273,
6344,3/24/2024 12:07,0.010351814,3480.00m,11.60172414,
6345,3/24/2024 12:14,-0.006261039,420.00m,-58.74285714,
6346,3/24/2024 12:54,0.008444062,2400.00m,13.7775,
6347,3/24/2024 13:43,-0.007464762,2940.00m,-10.02653061,
6348,3/24/2024 14:23,0.009758958,2400.00m,15.9375,
6349,3/24/2024 15:12,-0.007490665,2940.00m,-10.08367347,
6350,3/24/2024 16:09,0.006186228,3420.00m,7.105263158,
6351,3/24/2024 17:08,-0.017746269,3540.00m,-19.81355932,
6352,3/24/2024 18:34,0.021162525,5160.00m,15.92209302,
6353,3/24/2024 18:39,-0.006187068,300.00m,-81.76,
6354,3/24/2024 19:02,0.005261595,1380.00m,15.02173913,
6355,3/24/2024 19:08,-0.00437055,360.00m,-48.08333333,
6356,3/24/2024 20:29,0.011481783,4860.00m,9.316049383,
6357,3/24/2024 20:57,-0.004574576,1680.00m,-10.86071429,
6358,3/24/2024 22:09,0.012993411,4320.00m,11.94166667,
6359,3/24/2024 22:22,-0.004077169,780.00m,-21.02307692,
6360,3/24/2024 23:19,0.013079982,3420.00m,15.31929825,
6361,3/25/2024 0:49,-0.015488299,5400.00m,-11.63888889,
6362,3/25/2024 1:15,0.006343847,1560.00m,16.24615385,
6363,3/25/2024 2:16,-0.008281274,3660.00m,-9.096721311,
6364,3/25/2024 4:10,0.01549396,6840.00m,9.031578947,
6365,3/25/2024 4:21,-0.006003145,660.00m,-36.82727273,
6366,3/25/2024 5:33,0.010283826,4320.00m,9.580555556,
6367,3/25/2024 6:42,-0.011303604,4140.00m,-11.10144928,
6368,3/25/2024 7:06,0.004640299,1440.00m,12.95416667,
6369,3/25/2024 7:53,-0.007156345,2820.00m,-10.24893617,
6370,3/25/2024 8:41,0.006042269,2880.00m,8.4125,
6371,3/25/2024 9:33,-0.006465575,3120.00m,-8.359615385,
6372,3/25/2024 10:08,0.008357997,2100.00m,15.95142857,
6373,3/25/2024 11:44,-0.008006639,5760.00m,-5.617708333,
6374,3/25/2024 12:34,0.00692635,3000.00m,9.256,
6375,3/25/2024 13:22,-0.005796662,2880.00m,-8.125,
6376,3/25/2024 14:00,0.020575541,2280.00m,36.21842105,
6377,3/25/2024 14:05,-0.006221216,300.00m,-84.94,
6378,3/25/2024 14:22,0.022804558,1020.00m,91.00588235,
6379,3/25/2024 14:42,-0.006253171,1200.00m,-21.695,
6380,3/25/2024 15:02,0.012263088,1200.00m,42.28,
6381,3/25/2024 15:16,-0.008292204,840.00m,-41.34285714,
6382,3/25/2024 15:51,0.011099121,2100.00m,21.95142857,
6383,3/25/2024 16:29,-0.005856551,2280.00m,-10.78684211,
6384,3/25/2024 17:32,0.016889887,3780.00m,18.65396825,
6385,3/25/2024 17:46,-0.005952911,840.00m,-30.08571429,
6386,3/25/2024 18:26,0.006830257,2400.00m,12.01,
6387,3/25/2024 18:32,-0.00541697,360.00m,-63.93333333,
6388,3/25/2024 19:07,0.007334849,2100.00m,14.76,
6389,3/25/2024 19:27,-0.005315198,1200.00m,-18.855,
6390,3/25/2024 20:00,0.008146475,1980.00m,17.42121212,
6391,3/25/2024 21:28,-0.021073774,5280.00m,-17.0375,
6392,3/25/2024 22:43,0.015709445,4500.00m,14.588,
6393,3/25/2024 23:47,-0.013515672,3840.00m,-14.9390625,
6394,3/26/2024 0:35,0.007245214,2880.00m,10.53333333,
6395,3/26/2024 1:01,-0.005633835,1560.00m,-15.23076923,
6396,3/26/2024 4:04,0.011797933,10980.00m,4.506010929,
6397,3/26/2024 6:01,-0.005743924,7020.00m,-3.471794872,
6398,3/26/2024 7:29,0.017487769,5280.00m,13.97272727,
6399,3/26/2024 8:00,-0.01541341,1860.00m,-35.57096774,
6400,3/26/2024 9:51,0.012139599,6660.00m,7.703603604,
6401,3/26/2024 12:08,-0.009631947,8220.00m,-5.012408759,
6402,3/26/2024 12:59,0.007942522,3060.00m,10.99607843,
6403,3/26/2024 13:40,-0.013985198,2460.00m,-24.27560976,
6404,3/26/2024 13:48,0.011326326,480.00m,99.35,
6405,3/26/2024 14:03,-0.011310795,900.00m,-53.51333333,
6406,3/26/2024 14:07,0.007255765,240.00m,127.275,
6407,3/26/2024 14:32,-0.017601947,1500.00m,-49.76,
6408,3/26/2024 14:54,0.014322339,1320.00m,45.2,
6409,3/26/2024 15:19,-0.009040901,1500.00m,-25.468,
6410,3/26/2024 16:02,0.011318613,2580.00m,18.36976744,
6411,3/26/2024 16:43,-0.015436909,2460.00m,-26.57317073,
6412,3/26/2024 17:01,0.006854411,1080.00m,26.46111111,
6413,3/26/2024 17:10,-0.005409894,540.00m,-42.05555556,
6414,3/26/2024 18:36,0.012272601,5160.00m,9.930232558,
6415,3/26/2024 19:23,-0.01058349,2820.00m,-15.86170213,
6416,3/26/2024 19:28,0.00431455,300.00m,60.14,
6417,3/26/2024 20:01,-0.007786259,1980.00m,-16.51515152,
6418,3/26/2024 21:31,0.011517622,5400.00m,8.887777778,
6419,3/26/2024 22:23,-0.007580071,3120.00m,-10.24038462,
6420,3/26/2024 23:10,0.009230107,2820.00m,13.69148936,
6421,3/27/2024 0:12,-0.006685522,3720.00m,-7.587096774,
6422,3/27/2024 1:16,0.012432287,3840.00m,13.5765625,
6423,3/27/2024 2:19,-0.00714533,3780.00m,-8.025396825,
6424,3/27/2024 3:05,0.006614579,2760.00m,10.10217391,
6425,3/27/2024 4:52,-0.00810395,6420.00m,-5.356074766,
6426,3/27/2024 6:10,0.006664718,4680.00m,5.993589744,
6427,3/27/2024 7:53,-0.012533103,6180.00m,-8.59223301,
6428,3/27/2024 8:15,0.004593564,1320.00m,14.55909091,
6429,3/27/2024 9:05,-0.007447718,3000.00m,-10.434,
6430,3/27/2024 12:03,0.012385188,10680.00m,4.837640449,
6431,3/27/2024 12:45,-0.004505048,2520.00m,-7.55,
6432,3/27/2024 13:29,0.023653287,2640.00m,37.66818182,
6433,3/27/2024 13:45,-0.027958398,960.00m,-125.3375,
6434,3/27/2024 13:50,0.012452203,300.00m,173.64,
6435,3/27/2024 14:12,-0.02576823,1320.00m,-82.68181818,
6436,3/27/2024 14:39,0.022025016,1620.00m,56.1,
6437,3/27/2024 14:49,-0.007388332,600.00m,-51.93,
6438,3/27/2024 14:59,0.005168618,600.00m,36.06,
6439,3/27/2024 15:16,-0.013086109,1020.00m,-53.98235294,
6440,3/27/2024 15:22,0.00407455,360.00m,47,
6441,3/27/2024 15:31,-0.005386224,540.00m,-41.58888889,
6442,3/27/2024 15:35,0.004158118,240.00m,71.85,
6443,3/27/2024 15:59,-0.006962014,1440.00m,-20.13333333,
6444,3/27/2024 16:06,0.006341952,420.00m,62.44285714,
6445,3/27/2024 16:13,-0.011130479,420.00m,-110.2857143,
6446,3/27/2024 17:13,0.012922255,3600.00m,14.77166667,
6447,3/27/2024 18:20,-0.013975133,4020.00m,-14.49104478,
6448,3/27/2024 18:45,0.006277143,1500.00m,17.2,
6449,3/27/2024 18:59,-0.005817285,840.00m,-28.64285714,
6450,3/27/2024 19:14,0.006594048,900.00m,30.12666667,
6451,3/27/2024 19:40,-0.005955056,1560.00m,-15.8,
6452,3/27/2024 20:24,0.009037137,2640.00m,14.08409091,
6453,3/27/2024 20:57,-0.004383436,1980.00m,-9.190909091,
6454,3/27/2024 21:22,0.005609023,1500.00m,15.456,
6455,3/27/2024 21:56,-0.004495102,2040.00m,-9.158823529,
6456,3/27/2024 23:07,0.007567716,4260.00m,7.350704225,
6457,3/27/2024 23:32,-0.00509312,1500.00m,-14.156,
6458,3/28/2024 0:20,0.012324249,2880.00m,17.75,
6459,3/28/2024 2:44,-0.013540238,8640.00m,-6.580555556,
6460,3/28/2024 9:08,0.027478258,23040.00m,4.940104167,
6461,3/28/2024 10:30,-0.007478846,4920.00m,-6.469512195,
6462,3/28/2024 11:11,0.00857067,2460.00m,14.71707317,
6463,3/28/2024 12:34,-0.00777255,4980.00m,-6.64939759,
6464,3/28/2024 13:02,0.00718337,1680.00m,18.075,
6465,3/28/2024 13:16,-0.005239535,840.00m,-26.55714286,
6466,3/28/2024 13:28,0.007943198,720.00m,46.725,
6467,3/28/2024 13:31,-0.00470278,180.00m,-111.5333333,
6468,3/28/2024 13:35,0.007937606,240.00m,140.525,
6469,3/28/2024 13:54,-0.007442184,1140.00m,-27.95789474,
6470,3/28/2024 14:07,0.005424465,780.00m,29.56153846,
6471,3/28/2024 14:13,-0.00612242,360.00m,-72.68333333,
6472,3/28/2024 14:38,0.010064426,1500.00m,28.5,
6473,3/28/2024 14:43,-0.004266751,300.00m,-61.02,
6474,3/28/2024 14:58,0.005689503,900.00m,27.00666667,
6475,3/28/2024 15:36,-0.008261831,2280.00m,-15.56842105,
6476,3/28/2024 15:52,0.006521176,960.00m,28.94375,
6477,3/28/2024 16:19,-0.011027185,1620.00m,-29.19259259,
6478,3/28/2024 16:37,0.004792777,1080.00m,18.82222222,
6479,3/28/2024 17:23,-0.00659876,2760.00m,-10.18913043,
6480,3/28/2024 18:17,0.006627003,3240.00m,8.659259259,
6481,3/28/2024 18:53,-0.007463317,2160.00m,-14.725,
6482,3/28/2024 21:27,0.006421523,9240.00m,2.93961039,
6483,3/28/2024 22:11,-0.004830162,2640.00m,-7.788636364,
6484,3/28/2024 23:20,0.007451071,4140.00m,7.624637681,
6485,3/29/2024 0:52,-0.006462506,5520.00m,-4.99673913,
6486,3/29/2024 1:24,0.004092046,1920.00m,9.0375,
6487,3/29/2024 6:06,-0.011851263,16920.00m,-2.982269504,
6488,3/29/2024 6:44,0.005990996,2280.00m,11.05526316,
6489,3/29/2024 7:58,-0.00990899,4440.00m,-9.445945946,
6490,3/29/2024 8:06,0.004195123,480.00m,36.625,
6491,3/29/2024 8:14,-0.005102943,480.00m,-44.7375,
6492,3/29/2024 8:52,0.004985805,2280.00m,9.155263158,
6493,3/29/2024 9:43,-0.006836266,3060.00m,-9.4,
6494,3/29/2024 11:25,0.01019576,6120.00m,6.961764706,
6495,3/29/2024 12:15,-0.006195572,3000.00m,-8.718,
6496,3/29/2024 13:38,0.010428942,4980.00m,8.785542169,
6497,3/29/2024 15:40,-0.020233546,7320.00m,-11.71721311,
6498,3/29/2024 15:50,0.004037821,600.00m,27.95,
6499,3/29/2024 15:57,-0.004001439,420.00m,-39.72857143,
6500,3/29/2024 16:21,0.005349463,1440.00m,15.42916667,
6501,3/29/2024 16:59,-0.005072408,2280.00m,-9.289473684,
6502,3/29/2024 20:00,0.007243007,10860.00m,2.770718232,
6503,3/29/2024 21:32,-0.005536222,5520.00m,-4.19673913,
6504,3/30/2024 1:36,0.012267391,14640.00m,3.486885246,
6505,3/30/2024 3:58,-0.005664806,8520.00m,-2.800704225,
6506,3/30/2024 5:03,0.008110853,3900.00m,8.710769231,
6507,3/30/2024 8:48,-0.007046647,13500.00m,-2.204,
6508,3/30/2024 13:01,0.006037666,15180.00m,1.667588933,
6509,3/30/2024 16:18,-0.004638698,11820.00m,-1.655329949,
6510,3/30/2024 16:50,0.004917555,1920.00m,10.753125,
6511,3/30/2024 23:29,-0.010237792,23940.00m,-1.804260652,
6512,3/31/2024 2:27,0.008570649,10680.00m,3.351123596,
6513,3/31/2024 3:18,-0.004733989,3060.00m,-6.515686275,
6514,3/31/2024 8:21,0.009701956,18180.00m,2.236963696,
6515,3/31/2024 9:17,-0.004024667,3360.00m,-5.069642857,
6516,3/31/2024 13:15,0.007711786,14280.00m,2.276470588,
6517,3/31/2024 15:28,-0.00649878,7980.00m,-3.459398496,
6518,3/31/2024 18:50,0.014542678,12120.00m,5.063861386,
6519,3/31/2024 19:02,-0.008042242,720.00m,-47.825,
6520,3/31/2024 19:44,0.006488498,2520.00m,10.93571429,
6521,3/31/2024 21:41,-0.00663896,7020.00m,-4.042735043,
6522,3/31/2024 23:57,0.009749467,8160.00m,5.073529412,
6523,4/1/2024 6:02,-0.034465339,21900.00m,-6.747945205,
6524,4/1/2024 7:08,0.012031867,3960.00m,12.57878788,
6525,4/1/2024 8:32,-0.007069997,5040.00m,-5.877380952,
6526,4/1/2024 11:12,0.006892464,9600.00m,2.986875,
6527,4/1/2024 12:00,-0.004609358,2880.00m,-6.704166667,
6528,4/1/2024 13:37,0.008905971,5820.00m,6.380412371,
6529,4/1/2024 14:53,-0.020554373,4560.00m,-18.96184211,
6530,4/1/2024 15:01,0.005382224,480.00m,46.2,
6531,4/1/2024 15:12,-0.009427854,660.00m,-59.17272727,
6532,4/1/2024 15:29,0.006941154,1020.00m,27.92352941,
6533,4/1/2024 15:59,-0.008464522,1800.00m,-19.43,
6534,4/1/2024 16:54,0.007715177,3300.00m,9.578181818,
6535,4/1/2024 17:37,-0.007518043,2580.00m,-12.03023256,
6536,4/1/2024 19:25,0.018577987,6480.00m,11.74722222,
6537,4/1/2024 19:39,-0.004088604,840.00m,-20.31428571,
6538,4/1/2024 20:02,0.007767615,1380.00m,23.39565217,
6539,4/1/2024 20:25,-0.006401396,1380.00m,-19.43043478,
6540,4/1/2024 21:31,0.008044287,3960.00m,8.454545455,
6541,4/2/2024 0:41,-0.01152108,11400.00m,-4.24,
6542,4/2/2024 1:06,0.007867659,1500.00m,21.752,
6543,4/2/2024 2:39,-0.046182865,5580.00m,-34.59354839,
6544,4/2/2024 2:47,0.010169313,480.00m,84.4625,
6545,4/2/2024 2:50,-0.00426694,180.00m,-95.46666667,
6546,4/2/2024 3:05,0.007122092,900.00m,31.73333333,
6547,4/2/2024 3:21,-0.009303182,960.00m,-39.1375,
6548,4/2/2024 3:29,0.0045888,480.00m,38.25,
6549,4/2/2024 4:19,-0.008631126,3000.00m,-11.564,
6550,4/2/2024 4:36,0.006295558,1020.00m,24.59411765,
6551,4/2/2024 5:20,-0.008050277,2640.00m,-12.22727273,
6552,4/2/2024 6:43,0.012850721,4980.00m,10.26385542,
6553,4/2/2024 8:22,-0.011126848,5940.00m,-7.546464646,
6554,4/2/2024 8:32,0.00501982,600.00m,33.33,
6555,4/2/2024 9:04,-0.013115521,1920.00m,-27.35,
6556,4/2/2024 9:21,0.010375841,1020.00m,40.19411765,
6557,4/2/2024 9:38,-0.008114136,1020.00m,-31.75882353,
6558,4/2/2024 9:49,0.00477285,660.00m,28.63636364,
6559,4/2/2024 10:05,-0.00529758,960.00m,-21.95625,
6560,4/2/2024 10:28,0.005416755,1380.00m,15.53478261,
6561,4/2/2024 10:48,-0.011622559,1200.00m,-38.54,
6562,4/2/2024 11:00,0.008293096,720.00m,45.3,
6563,4/2/2024 11:30,-0.014346647,1800.00m,-31.60666667,
6564,4/2/2024 11:34,0.006368977,240.00m,103.725,
6565,4/2/2024 11:42,-0.005791747,480.00m,-47.4625,
6566,4/2/2024 12:18,0.010817885,2160.00m,19.58611111,
6567,4/2/2024 12:53,-0.010544258,2100.00m,-19.84857143,
6568,4/2/2024 12:57,0.00437187,240.00m,71.25,
6569,4/2/2024 13:05,-0.00577324,480.00m,-47.25,
6570,4/2/2024 13:15,0.00541811,600.00m,35.27,
6571,4/2/2024 13:34,-0.011558583,1140.00m,-39.81578947,
6572,4/2/2024 14:43,0.023950152,4140.00m,22.45507246,
6573,4/2/2024 14:57,-0.008698396,840.00m,-41.15714286,
6574,4/2/2024 15:12,0.007229018,900.00m,31.64666667,
6575,4/2/2024 15:39,-0.011800619,1620.00m,-28.90740741,
6576,4/2/2024 15:43,0.005185121,240.00m,84.725,
6577,4/2/2024 15:57,-0.014201129,840.00m,-66.64285714,
6578,4/2/2024 16:14,0.011075256,1020.00m,42.19411765,
6579,4/2/2024 16:20,-0.009188602,360.00m,-100.2833333,
6580,4/2/2024 16:37,0.009925772,1020.00m,37.88235294,
6581,4/2/2024 16:44,-0.004715714,420.00m,-44.14285714,
6582,4/2/2024 16:51,0.0082065,420.00m,76.45714286,
6583,4/2/2024 17:50,-0.006173215,3540.00m,-6.879661017,
6584,4/2/2024 18:00,0.006748702,600.00m,44.1,
6585,4/2/2024 18:05,-0.004748666,300.00m,-62.48,
6586,4/2/2024 19:53,0.011132578,6480.00m,6.749074074,
6587,4/2/2024 21:27,-0.013953966,5640.00m,-9.827659574,
6588,4/2/2024 22:51,0.010067464,5040.00m,7.823809524,
6589,4/3/2024 0:37,-0.020261826,6360.00m,-12.60377358,
6590,4/3/2024 0:51,0.013338844,840.00m,61.55,
6591,4/3/2024 1:10,-0.004596525,1140.00m,-15.83684211,
6592,4/3/2024 2:06,0.013405134,3360.00m,15.59821429,
6593,4/3/2024 2:17,-0.004321944,660.00m,-25.94545455,
6594,4/3/2024 4:30,0.011779521,7980.00m,5.823308271,
6595,4/3/2024 5:40,-0.008437531,4200.00m,-8.018571429,
6596,4/3/2024 7:20,0.008162164,6000.00m,5.384,
6597,4/3/2024 8:05,-0.006729192,2700.00m,-9.944444444,
6598,4/3/2024 8:41,0.009186451,2160.00m,16.85555556,
6599,4/3/2024 11:09,-0.015734932,8880.00m,-7.087162162,
6600,4/3/2024 12:11,0.009664435,3720.00m,10.22741935,
6601,4/3/2024 12:36,-0.006874398,1500.00m,-18.216,
6602,4/3/2024 13:05,0.004371458,1740.00m,9.917241379,
6603,4/3/2024 13:30,-0.005893036,1500.00m,-15.576,
6604,4/3/2024 14:07,0.015721145,2220.00m,27.91081081,
6605,4/3/2024 14:09,-0.004293981,120.00m,-143.25,
6606,4/3/2024 14:28,0.006784095,1140.00m,23.72105263,
6607,4/3/2024 15:35,-0.015973567,4020.00m,-15.94626866,
6608,4/3/2024 16:33,0.011469664,3480.00m,13.01551724,
6609,4/3/2024 18:32,-0.015737848,7140.00m,-8.804201681,
6610,4/3/2024 19:01,0.008816576,1740.00m,19.92068966,
6611,4/3/2024 21:08,-0.008580678,7620.00m,-4.466141732,
6612,4/3/2024 23:11,0.011351221,7380.00m,6.04796748,
6613,4/4/2024 0:02,-0.006634107,3060.00m,-8.621568627,
6614,4/4/2024 0:49,0.007574538,2820.00m,10.6106383,
6615,4/4/2024 2:32,-0.012320294,6180.00m,-7.934951456,
6616,4/4/2024 2:51,0.005090018,1140.00m,17.55263158,
6617,4/4/2024 4:25,-0.0111307,5640.00m,-7.79787234,
6618,4/4/2024 8:19,0.020392839,14040.00m,5.675213675,
6619,4/4/2024 8:47,-0.004188181,1680.00m,-9.939285714,
6620,4/4/2024 10:22,0.004601742,5700.00m,3.205263158,
6621,4/4/2024 11:14,-0.004691982,3120.00m,-5.998076923,
6622,4/4/2024 13:21,0.019358193,7620.00m,10.08503937,
6623,4/4/2024 13:28,-0.004209418,420.00m,-40.55714286,
6624,4/4/2024 13:50,0.004017266,1320.00m,12.26363636,
6625,4/4/2024 14:01,-0.004690797,660.00m,-28.75454545,
6626,4/4/2024 14:44,0.011321103,2580.00m,17.66976744,
6627,4/4/2024 15:24,-0.006457611,2400.00m,-10.9575,
6628,4/4/2024 16:23,0.009799051,3540.00m,11.2,
6629,4/4/2024 17:07,-0.005270508,2640.00m,-8.156818182,
6630,4/4/2024 18:01,0.022247811,3240.00m,27.90740741,
6631,4/4/2024 18:11,-0.007008549,600.00m,-48.53,
6632,4/4/2024 18:18,0.005113535,420.00m,50.22857143,
6633,4/4/2024 18:34,-0.007333205,960.00m,-31.675,
6634,4/4/2024 18:46,0.006113391,720.00m,34.95,
6635,4/4/2024 19:10,-0.008639162,1440.00m,-24.84583333,
6636,4/4/2024 19:37,0.009432005,1620.00m,23.9037037,
6637,4/4/2024 20:18,-0.024570014,2460.00m,-41.39268293,
6638,4/4/2024 21:03,0.011646771,2700.00m,17.43777778,
6639,4/4/2024 21:40,-0.009044947,2220.00m,-16.66216216,
6640,4/4/2024 23:53,0.014341954,7980.00m,7.283458647,
6641,4/5/2024 0:39,-0.005082336,2760.00m,-7.569565217,
6642,4/5/2024 0:55,0.007832626,960.00m,33.36875,
6643,4/5/2024 1:37,-0.011902908,2520.00m,-19.46904762,
6644,4/5/2024 1:56,0.004422523,1140.00m,15.8,
6645,4/5/2024 2:46,-0.010406278,3000.00m,-14.19,
6646,4/5/2024 4:14,0.008336977,5280.00m,6.392045455,
6647,4/5/2024 5:21,-0.023926624,4020.00m,-24.29552239,
6648,4/5/2024 6:55,0.011630113,5640.00m,8.215957447,
6649,4/5/2024 7:47,-0.004785829,3120.00m,-6.182692308,
6650,4/5/2024 8:24,0.011847852,2220.00m,21.40810811,
6651,4/5/2024 9:23,-0.01813946,3540.00m,-20.79830508,
6652,4/5/2024 10:43,0.011857696,4800.00m,9.845,
6653,4/5/2024 11:35,-0.008759296,3120.00m,-11.32115385,
6654,4/5/2024 11:41,0.004217959,360.00m,46.83333333,
6655,4/5/2024 12:03,-0.00866954,1320.00m,-26.36363636,
6656,4/5/2024 12:28,0.00723603,1500.00m,19.196,
6657,4/5/2024 12:33,-0.010763344,300.00m,-143.8,
6658,4/5/2024 12:59,0.01230596,1560.00m,31.27692308,
6659,4/5/2024 13:09,-0.004693923,600.00m,-31.4,
6660,4/5/2024 14:13,0.019866028,3840.00m,20.6671875,
6661,4/5/2024 14:26,-0.006880332,780.00m,-35.93846154,
6662,4/5/2024 14:48,0.016590422,1320.00m,50.85454545,
6663,4/5/2024 15:22,-0.013498592,2040.00m,-27.21764706,
6664,4/5/2024 16:05,0.011117864,2580.00m,17.48604651,
6665,4/5/2024 18:03,-0.015159004,7080.00m,-8.784745763,
6666,4/5/2024 19:34,0.00924639,5460.00m,6.842857143,
6667,4/5/2024 20:01,-0.009166092,1620.00m,-23.07407407,
6668,4/5/2024 21:21,0.007163126,4800.00m,6.03,
6669,4/5/2024 21:59,-0.004919848,2280.00m,-8.781578947,
6670,4/5/2024 23:48,0.007058447,6540.00m,4.370642202,
6671,4/6/2024 0:13,-0.004038546,1500.00m,-10.98,
6672,4/6/2024 0:39,0.004992946,1560.00m,13,
6673,4/6/2024 2:36,-0.008536971,7020.00m,-4.964102564,
6674,4/6/2024 3:23,0.006404488,2820.00m,9.191489362,
6675,4/6/2024 4:47,-0.004050986,5040.00m,-3.273809524,
6676,4/6/2024 5:30,0.009072663,2580.00m,14.26511628,
6677,4/6/2024 13:28,-0.009631635,28680.00m,-1.374686192,
6678,4/6/2024 15:14,0.010067194,6360.00m,6.416981132,
6679,4/6/2024 16:37,-0.004612711,4980.00m,-3.792771084,
6680,4/6/2024 17:45,0.008114068,4080.00m,8.105882353,
6681,4/6/2024 20:13,-0.004529618,8880.00m,-2.095945946,
6682,4/6/2024 23:13,0.021293075,10800.00m,8.064444444,
6683,4/7/2024 0:04,-0.010888487,3060.00m,-14.86470588,
6684,4/7/2024 0:21,0.004421637,1020.00m,17.91176471,
6685,4/7/2024 0:29,-0.004684085,480.00m,-40.5,
6686,4/7/2024 2:10,0.013069674,6060.00m,8.908910891,
6687,4/7/2024 4:33,-0.009739599,8580.00m,-4.75034965,
6688,4/7/2024 5:09,0.005698822,2160.00m,10.93333333,
6689,4/7/2024 6:50,-0.004337717,6060.00m,-2.983168317,
6690,4/7/2024 8:46,0.00600354,6960.00m,3.579310345,
6691,4/7/2024 9:48,-0.004993216,3720.00m,-5.603225806,
6692,4/7/2024 10:42,0.004137114,3240.00m,5.303703704,
6693,4/7/2024 11:18,-0.004230839,2160.00m,-8.169444444,
6694,4/7/2024 15:26,0.010050665,14880.00m,2.805241935,
6695,4/7/2024 15:48,-0.006984195,1320.00m,-22.19545455,
6696,4/7/2024 16:41,0.013029569,3180.00m,17.06792453,
6697,4/7/2024 19:54,-0.018761206,11580.00m,-6.836787565,
6698,4/7/2024 20:36,0.006127938,2520.00m,10.06904762,
6699,4/7/2024 22:03,-0.006997942,5220.00m,-5.585057471,
6700,4/7/2024 23:47,0.007820296,6240.00m,5.184615385,
6701,4/8/2024 0:34,-0.005078575,2820.00m,-7.508510638,
6702,4/8/2024 1:20,0.009617401,2760.00m,14.45434783,
6703,4/8/2024 3:11,-0.00897851,6660.00m,-5.645945946,
6704,4/8/2024 8:16,0.033190552,18300.00m,7.527540984,
6705,4/8/2024 8:23,-0.005216233,420.00m,-53.25714286,
6706,4/8/2024 9:01,0.015372086,2280.00m,28.76052632,
6707,4/8/2024 9:07,-0.004950872,360.00m,-59.56666667,
6708,4/8/2024 9:27,0.011305562,1200.00m,40.605,
6709,4/8/2024 10:16,-0.010120588,2940.00m,-15.00408163,
6710,4/8/2024 11:28,0.01058424,4320.00m,10.57083333,
6711,4/8/2024 11:49,-0.004824556,1260.00m,-16.6952381,
6712,4/8/2024 12:14,0.006534908,1500.00m,18.904,
6713,4/8/2024 13:39,-0.013736418,5100.00m,-11.76352941,
6714,4/8/2024 13:49,0.005478326,600.00m,39.33,
6715,4/8/2024 14:07,-0.006943242,1080.00m,-27.84444444,
6716,4/8/2024 14:10,0.004803018,180.00m,114.7666667,
6717,4/8/2024 14:46,-0.008646589,2160.00m,-17.3,
6718,4/8/2024 15:22,0.008560953,2160.00m,16.98055556,
6719,4/8/2024 15:30,-0.004562818,480.00m,-41.075,
6720,4/8/2024 16:17,0.004486088,2820.00m,6.842553191,
6721,4/8/2024 16:23,-0.005117352,360.00m,-61.41666667,
6722,4/8/2024 16:35,0.005248362,720.00m,31.33333333,
6723,4/8/2024 17:29,-0.008749274,3240.00m,-11.66851852,
6724,4/8/2024 18:43,0.010783431,4440.00m,10.4027027,
6725,4/8/2024 20:34,-0.008216794,6660.00m,-5.341441441,
6726,4/8/2024 21:13,0.005402142,2340.00m,9.912820513,
6727,4/8/2024 22:35,-0.004070837,4920.00m,-3.57195122,
6728,4/8/2024 23:01,0.005046199,1560.00m,13.90769231,
6729,4/9/2024 1:11,-0.014847368,7800.00m,-8.225384615,
6730,4/9/2024 3:15,0.010496094,7440.00m,6.005645161,
6731,4/9/2024 4:18,-0.009749647,3780.00m,-11.0952381,
6732,4/9/2024 4:47,0.005676384,1740.00m,13.89655172,
6733,4/9/2024 5:42,-0.005266188,3300.00m,-6.836363636,
6734,4/9/2024 6:33,0.004281718,3060.00m,5.962745098,
6735,4/9/2024 6:56,-0.00933167,1380.00m,-28.93913043,
6736,4/9/2024 7:14,0.004063039,1080.00m,15.95,
6737,4/9/2024 8:08,-0.017139193,3240.00m,-22.51851852,
6738,4/9/2024 9:14,0.015440433,3960.00m,16.31363636,
6739,4/9/2024 9:53,-0.007000503,2340.00m,-12.71025641,
6740,4/9/2024 12:49,0.009599863,10560.00m,3.835227273,
6741,4/9/2024 13:22,-0.007130732,1980.00m,-15.33939394,
6742,4/9/2024 13:32,0.0071408,600.00m,50.33,
6743,4/9/2024 14:00,-0.016106083,1680.00m,-40.83214286,
6744,4/9/2024 14:19,0.008854233,1140.00m,32.54736842,
6745,4/9/2024 14:48,-0.023627355,1740.00m,-57.40689655,
6746,4/9/2024 14:59,0.009013619,660.00m,56.37272727,
6747,4/9/2024 15:11,-0.011494468,720.00m,-66.49166667,
6748,4/9/2024 15:25,0.008655151,840.00m,42.42142857,
6749,4/9/2024 15:31,-0.004068659,360.00m,-46.93333333,
6750,4/9/2024 16:02,0.005965438,1860.00m,13.26451613,
6751,4/9/2024 16:20,-0.006659783,1080.00m,-25.65555556,
6752,4/9/2024 16:28,0.005810121,480.00m,50.025,
6753,4/9/2024 17:11,-0.014572748,2580.00m,-23.47906977,
6754,4/9/2024 18:27,0.011328482,4560.00m,10.17631579,
6755,4/9/2024 19:11,-0.004127815,2640.00m,-6.477272727,
6756,4/9/2024 22:40,0.010014718,12540.00m,3.294736842,
6757,4/9/2024 23:32,-0.00751216,3120.00m,-10.03269231,
6758,4/10/2024 0:16,0.006116731,2640.00m,9.581818182,
6759,4/10/2024 1:25,-0.0093933,4140.00m,-9.44057971,
6760,4/10/2024 1:35,0.004626186,600.00m,31.78,
6761,4/10/2024 1:40,-0.00419337,300.00m,-57.88,
6762,4/10/2024 2:03,0.013367906,1380.00m,39.94347826,
6763,4/10/2024 2:54,-0.015852275,3060.00m,-21.64705882,
6764,4/10/2024 7:17,0.014721545,15780.00m,3.836501901,
6765,4/10/2024 8:06,-0.009225283,2940.00m,-13.09387755,
6766,4/10/2024 8:20,0.004571419,840.00m,22.5,
6767,4/10/2024 10:22,-0.007877622,7320.00m,-4.469672131,
6768,4/10/2024 12:00,0.007704281,5880.00m,5.398979592,
6769,4/10/2024 12:39,-0.022368261,2340.00m,-39.69230769,
6770,4/10/2024 12:53,0.00753061,840.00m,36.39285714,
6771,4/10/2024 13:13,-0.007579947,1200.00m,-25.835,
6772,4/10/2024 13:44,0.004084257,1860.00m,8.912903226,
6773,4/10/2024 13:49,-0.004441579,300.00m,-60.34,
6774,4/10/2024 14:24,0.017829311,2100.00m,34.44857143,
6775,4/10/2024 14:32,-0.004973101,480.00m,-42.7875,
6776,4/10/2024 14:42,0.007150158,600.00m,48.97,
6777,4/10/2024 15:13,-0.00900291,1860.00m,-20.03225806,
6778,4/10/2024 16:11,0.007990438,3480.00m,9.417241379,
6779,4/10/2024 16:19,-0.00413045,480.00m,-35.575,
6780,4/10/2024 16:58,0.013728116,2340.00m,24.15384615,
6781,4/10/2024 17:13,-0.004778588,900.00m,-22.16,
6782,4/10/2024 17:22,0.009812518,540.00m,75.47777778,
6783,4/10/2024 18:33,-0.011166232,4260.00m,-10.9943662,
6784,4/10/2024 19:59,0.0143852,5160.00m,11.5627907,
6785,4/10/2024 20:06,-0.004895823,420.00m,-49.04285714,
6786,4/10/2024 20:21,0.005907331,900.00m,27.48,
6787,4/10/2024 21:44,-0.007768924,4980.00m,-6.569879518,
6788,4/10/2024 22:34,0.021658535,3000.00m,30.168,
6789,4/11/2024 0:30,-0.011140781,6960.00m,-6.83362069,
6790,4/11/2024 2:47,0.010569881,8220.00m,5.428467153,
6791,4/11/2024 4:36,-0.009450945,6540.00m,-6.165137615,
6792,4/11/2024 7:24,0.012136529,10080.00m,5.088095238,
6793,4/11/2024 8:04,-0.007966412,2400.00m,-14.1975,
6794,4/11/2024 8:49,0.008429147,2700.00m,13.24666667,
6795,4/11/2024 11:58,-0.018409872,11340.00m,-6.946560847,
6796,4/11/2024 12:42,0.015282399,2640.00m,24.31363636,
6797,4/11/2024 13:47,-0.018139377,3900.00m,-19.83384615,
6798,4/11/2024 13:57,0.009642791,600.00m,67.29,
6799,4/11/2024 14:19,-0.010669131,1320.00m,-34.16818182,
6800,4/11/2024 14:31,0.00601688,720.00m,34.95,
6801,4/11/2024 14:59,-0.007024769,1680.00m,-17.59285714,
6802,4/11/2024 16:02,0.007641744,3780.00m,8.446031746,
6803,4/11/2024 16:39,-0.007360026,2220.00m,-13.95675676,
6804,4/11/2024 17:27,0.011867089,2880.00m,17.21875,
6805,4/11/2024 18:33,-0.006388271,3960.00m,-6.821212121,
6806,4/11/2024 20:24,0.010609417,6660.00m,6.692792793,
6807,4/11/2024 23:26,-0.012134427,10920.00m,-4.718131868,
6808,4/12/2024 4:50,0.019730527,19440.00m,4.257098765,
6809,4/12/2024 7:40,-0.008702947,10200.00m,-3.649411765,
6810,4/12/2024 8:19,0.004011842,2340.00m,7.269230769,
6811,4/12/2024 9:46,-0.004811887,5220.00m,-3.924137931,
6812,4/12/2024 11:56,0.005625433,7800.00m,3.055384615,
6813,4/12/2024 13:45,-0.018483179,6540.00m,-12.04036697,
6814,4/12/2024 14:04,0.006228773,1140.00m,22.84736842,
6815,4/12/2024 14:11,-0.006027653,420.00m,-60.38571429,
6816,4/12/2024 14:20,0.004022719,540.00m,31.15555556,
6817,4/12/2024 14:59,-0.009927913,2340.00m,-17.81538462,
6818,4/12/2024 15:29,0.006498801,1800.00m,15.01,
6819,4/12/2024 16:21,-0.013508747,3120.00m,-18.11730769,
6820,4/12/2024 16:26,0.004796658,300.00m,66,
6821,4/12/2024 17:28,-0.021904325,3720.00m,-24.42258065,
6822,4/12/2024 17:29,0.004533105,60.00m,306.5,
6823,4/12/2024 17:35,-0.004848337,360.00m,-54.88333333,
6824,4/12/2024 17:46,0.012791663,660.00m,78.6,
6825,4/12/2024 18:00,-0.00560364,840.00m,-27.4,
6826,4/12/2024 18:10,0.004686221,600.00m,31.9,
6827,4/12/2024 18:35,-0.041173606,1500.00m,-112.636,
6828,4/12/2024 18:43,0.015713305,480.00m,128.8,
6829,4/12/2024 18:46,-0.006020533,180.00m,-133.6666667,
6830,4/12/2024 18:57,0.009676094,660.00m,58.23636364,
6831,4/12/2024 19:02,-0.006531528,300.00m,-87.32,
6832,4/12/2024 19:05,0.007917673,180.00m,175.2666667,
6833,4/12/2024 19:16,-0.00601038,660.00m,-36.57272727,
6834,4/12/2024 19:33,0.011544838,1020.00m,45.18235294,
6835,4/12/2024 19:48,-0.007138187,900.00m,-32.02666667,
6836,4/12/2024 19:58,0.004573508,600.00m,30.56,
6837,4/12/2024 20:00,-0.004767211,120.00m,-160,
6838,4/12/2024 20:43,0.009295684,2580.00m,14.44186047,
6839,4/12/2024 21:41,-0.010295701,3480.00m,-11.96896552,
6840,4/12/2024 22:17,0.008246419,2160.00m,15.28611111,
6841,4/12/2024 23:09,-0.006425167,3120.00m,-8.313461538,
6842,4/12/2024 23:53,0.005904263,2640.00m,8.970454545,
6843,4/13/2024 1:33,-0.015992338,6000.00m,-10.754,
6844,4/13/2024 1:35,0.004205878,120.00m,139.15,
6845,4/13/2024 1:51,-0.007834745,960.00m,-32.5375,
6846,4/13/2024 1:52,0.004128809,60.00m,272.2,
6847,4/13/2024 1:58,-0.005247798,360.00m,-57.9,
6848,4/13/2024 4:48,0.031830565,10200.00m,12.33,
6849,4/13/2024 4:57,-0.005342328,540.00m,-40.33333333,
6850,4/13/2024 5:11,0.004956729,840.00m,23.92857143,
6851,4/13/2024 7:19,-0.010609556,7680.00m,-5.6296875,
6852,4/13/2024 7:36,0.00492267,1020.00m,19.45882353,
6853,4/13/2024 8:53,-0.006117272,4620.00m,-5.364935065,
6854,4/13/2024 11:09,0.009985548,8160.00m,4.927941176,
6855,4/13/2024 12:12,-0.008593068,3780.00m,-9.246031746,
6856,4/13/2024 13:21,0.008797004,4140.00m,8.568115942,
6857,4/13/2024 14:39,-0.005470832,4680.00m,-4.755128205,
6858,4/13/2024 15:29,0.007188728,3000.00m,9.694,
6859,4/13/2024 17:28,-0.017049111,7140.00m,-9.729411765,
6860,4/13/2024 17:34,0.004194637,360.00m,46.66666667,
6861,4/13/2024 17:40,-0.005698779,360.00m,-63.66666667,
6862,4/13/2024 17:47,0.006100534,420.00m,58.08571429,
6863,4/13/2024 18:09,-0.008023085,1320.00m,-24.45454545,
6864,4/13/2024 19:01,0.010998444,3120.00m,14.06923077,
6865,4/13/2024 19:54,-0.040697337,3180.00m,-51.63962264,
6866,4/13/2024 19:55,0.00726673,60.00m,468.8,
6867,4/13/2024 19:56,-0.013874611,60.00m,-901.6,
6868,4/13/2024 20:00,0.011516782,240.00m,184.5,
6869,4/13/2024 20:02,-0.016337953,120.00m,-529.5,
6870,4/13/2024 20:04,0.005555259,120.00m,177.1,
6871,4/13/2024 20:08,-0.045062202,240.00m,-722.275,
6872,4/13/2024 20:11,0.019431763,180.00m,396.5666667,
6873,4/13/2024 20:13,-0.004636765,120.00m,-144.7,
6874,4/13/2024 20:14,0.007055153,60.00m,438.3,
6875,4/13/2024 20:15,-0.005452096,60.00m,-341.1,
6876,4/13/2024 20:16,0.004654302,60.00m,289.6,
6877,4/13/2024 20:19,-0.005966893,180.00m,-124.3333333,
6878,4/13/2024 20:20,0.006717242,60.00m,417.4,
6879,4/13/2024 20:23,-0.016183899,180.00m,-337.4666667,
6880,4/13/2024 20:24,0.013450627,60.00m,827.8,
6881,4/13/2024 20:26,-0.006873343,120.00m,-214.35,
6882,4/13/2024 20:36,0.01183836,600.00m,73.33,
6883,4/13/2024 20:40,-0.004306274,240.00m,-67.475,
6884,4/13/2024 20:41,0.004427452,60.00m,276.3,
6885,4/13/2024 20:49,-0.016554886,480.00m,-129.7125,
6886,4/13/2024 20:51,0.004457804,120.00m,137.4,
6887,4/13/2024 20:54,-0.007033326,180.00m,-145.1666667,
6888,4/13/2024 21:05,0.016742567,660.00m,93.58181818,
6889,4/13/2024 21:29,-0.011253587,1440.00m,-29.3125,
6890,4/13/2024 21:58,0.018238179,1740.00m,38.87241379,
6891,4/13/2024 22:07,-0.011659241,540.00m,-81.53333333,
6892,4/13/2024 22:33,0.024929505,1560.00m,59.64230769,
6893,4/13/2024 22:35,-0.004086012,120.00m,-130.25,
6894,4/13/2024 22:44,0.016664672,540.00m,117.5666667,
6895,4/13/2024 22:48,-0.008865762,240.00m,-143.075,
6896,4/13/2024 23:06,0.022766703,1080.00m,80.92222222,
6897,4/13/2024 23:08,-0.006919738,120.00m,-226.4,
6898,4/13/2024 23:10,0.00585536,120.00m,190.25,
6899,4/13/2024 23:18,-0.008073288,480.00m,-65.9625,
6900,4/13/2024 23:20,0.00548615,120.00m,177.85,
6901,4/13/2024 23:28,-0.013049207,480.00m,-106.3375,
6902,4/13/2024 23:40,0.004836729,720.00m,25.93333333,
6903,4/13/2024 23:58,-0.013247809,1080.00m,-47.58333333,
6904,4/14/2024 0:06,0.007616501,480.00m,60.7375,
6905,4/14/2024 0:25,-0.020841112,1140.00m,-70.51052632,
6906,4/14/2024 0:45,0.019892949,1200.00m,62.605,
6907,4/14/2024 1:11,-0.01318036,1560.00m,-32.54230769,
6908,4/14/2024 1:32,0.010925382,1260.00m,32.95714286,
6909,4/14/2024 1:49,-0.005559026,1020.00m,-20.94117647,
6910,4/14/2024 1:55,0.004308775,360.00m,45.73333333,
6911,4/14/2024 2:45,-0.014859659,3000.00m,-19.008,
6912,4/14/2024 2:48,0.004578784,180.00m,96.16666667,
6913,4/14/2024 3:14,-0.017525456,1560.00m,-42.66538462,
6914,4/14/2024 3:41,0.020081303,1620.00m,46.25185185,
6915,4/14/2024 3:52,-0.005285642,660.00m,-30.48181818,
6916,4/14/2024 4:29,0.01625497,2220.00m,27.72162162,
6917,4/14/2024 4:34,-0.004316475,300.00m,-55.36,
6918,4/14/2024 5:14,0.008180161,2400.00m,13.0575,
6919,4/14/2024 5:19,-0.005002183,300.00m,-64.4,
6920,4/14/2024 5:37,0.005904771,1080.00m,21.01111111,
6921,4/14/2024 6:10,-0.005154583,1980.00m,-10.06363636,
6922,4/14/2024 6:37,0.011960185,1620.00m,28.39259259,
6923,4/14/2024 7:50,-0.008457879,4380.00m,-7.515068493,
6924,4/14/2024 8:29,0.007960942,2340.00m,13.12820513,
6925,4/14/2024 8:52,-0.00648351,1380.00m,-18.27391304,
6926,4/14/2024 9:08,0.00425894,960.00m,17.14375,
6927,4/14/2024 9:39,-0.012107297,1860.00m,-25.26129032,
6928,4/14/2024 10:36,0.011003664,3420.00m,12.33508772,
6929,4/14/2024 11:44,-0.011332817,4080.00m,-10.76617647,
6930,4/14/2024 12:48,0.01471005,3840.00m,14.6796875,
6931,4/14/2024 13:03,-0.0063681,900.00m,-27.51333333,
6932,4/14/2024 13:08,0.006526935,300.00m,84.06,
6933,4/14/2024 14:25,-0.015156985,4620.00m,-12.75844156,
6934,4/14/2024 14:33,0.004989613,480.00m,39.8125,
6935,4/14/2024 14:38,-0.010525151,300.00m,-135.04,
6936,4/14/2024 15:30,0.014666984,3120.00m,17.90384615,
6937,4/14/2024 15:40,-0.005960541,600.00m,-38.39,
6938,4/14/2024 16:31,0.010096372,3060.00m,12.6745098,
6939,4/14/2024 17:25,-0.03056778,3240.00m,-36.60740741,
6940,4/14/2024 17:32,0.019779049,420.00m,177.1428571,
6941,4/14/2024 17:35,-0.005928118,180.00m,-126.3333333,
6942,4/14/2024 17:43,0.007494461,480.00m,59.5375,
6943,4/14/2024 17:49,-0.005683282,360.00m,-60.65,
6944,4/14/2024 18:35,0.015242044,2760.00m,21.09565217,
6945,4/14/2024 19:25,-0.010851471,3000.00m,-14.028,
6946,4/14/2024 20:05,0.006015484,2400.00m,9.615,
6947,4/14/2024 21:23,-0.015161786,4680.00m,-12.5025641,
6948,4/14/2024 22:07,0.031451873,2640.00m,45.27954545,
6949,4/14/2024 22:11,-0.008978109,240.00m,-146.65,
6950,4/14/2024 22:17,0.005386864,360.00m,58.13333333,
6951,4/14/2024 22:20,-0.005543872,180.00m,-120.3,
6952,4/14/2024 22:37,0.010684606,1020.00m,40.68823529,
6953,4/14/2024 22:50,-0.007569957,780.00m,-38.1,
6954,4/14/2024 23:03,0.006044562,780.00m,30.19230769,
6955,4/14/2024 23:06,-0.004041214,180.00m,-88,
6956,4/14/2024 23:21,0.011329037,900.00m,49.14,
6957,4/14/2024 23:31,-0.006571429,600.00m,-43.24,
6958,4/14/2024 23:44,0.005522614,780.00m,27.76923077,
6959,4/15/2024 0:05,-0.005303627,1260.00m,-16.6,
6960,4/15/2024 0:13,0.00665494,480.00m,54.3875,
6961,4/15/2024 0:30,-0.006756808,1020.00m,-26.15882353,
6962,4/15/2024 0:34,0.004185381,240.00m,68.4,
6963,4/15/2024 0:36,-0.005543538,120.00m,-181.95,
6964,4/15/2024 0:45,0.006179525,540.00m,44.82222222,
6965,4/15/2024 1:10,-0.006293818,1500.00m,-16.536,
6966,4/15/2024 1:30,0.005207591,1200.00m,16.995,
6967,4/15/2024 2:42,-0.009907026,4320.00m,-9.027777778,
6968,4/15/2024 3:44,0.005080049,3720.00m,5.322580645,
6969,4/15/2024 4:15,-0.008944708,1860.00m,-18.83870968,
6970,4/15/2024 6:43,0.025928044,8880.00m,11.33581081,
6971,4/15/2024 6:46,-0.004406202,180.00m,-97.5,
6972,4/15/2024 7:00,0.006040138,840.00m,28.51428571,
6973,4/15/2024 7:06,-0.004540505,360.00m,-50.31666667,
6974,4/15/2024 7:25,0.004156311,1140.00m,14.47894737,
6975,4/15/2024 8:14,-0.006119139,2940.00m,-8.3,
6976,4/15/2024 8:42,0.004885182,1680.00m,11.525,
6977,4/15/2024 9:07,-0.004290475,1500.00m,-11.392,
6978,4/15/2024 9:42,0.009696678,2100.00m,18.31142857,
6979,4/15/2024 12:00,-0.013385639,8280.00m,-6.473188406,
6980,4/15/2024 12:41,0.005583029,2460.00m,8.965853659,
6981,4/15/2024 13:05,-0.004605045,1440.00m,-12.70416667,
6982,4/15/2024 13:31,0.004799325,1560.00m,12.16538462,
6983,4/15/2024 13:38,-0.005244528,420.00m,-49.61428571,
6984,4/15/2024 13:48,0.006567073,600.00m,43.26,
6985,4/15/2024 14:14,-0.016741898,1560.00m,-42.69615385,
6986,4/15/2024 14:18,0.004603001,240.00m,75.025,
6987,4/15/2024 14:48,-0.017689441,1800.00m,-38.62,
6988,4/15/2024 14:52,0.004446821,240.00m,71.525,
6989,4/15/2024 15:01,-0.011679835,540.00m,-83.86666667,
6990,4/15/2024 15:19,0.013566747,1080.00m,48.13888889,
6991,4/15/2024 15:44,-0.006546599,1500.00m,-16.952,
6992,4/15/2024 16:03,0.007305002,1140.00m,24.72631579,
6993,4/15/2024 16:32,-0.013034505,1740.00m,-29.11724138,
6994,4/15/2024 16:36,0.00561173,240.00m,89.7,
6995,4/15/2024 16:40,-0.004920967,240.00m,-79.1,
6996,4/15/2024 17:11,0.011317617,1860.00m,23.35806452,
6997,4/15/2024 17:29,-0.014379327,1080.00m,-51.68888889,
6998,4/15/2024 17:35,0.004677484,360.00m,49.71666667,
6999,4/15/2024 17:48,-0.010185432,780.00m,-50.2,
7000,4/15/2024 18:00,0.009233782,720.00m,48.8,
7001,4/15/2024 18:17,-0.012931822,1020.00m,-48.68823529,
7002,4/15/2024 18:44,0.010423064,1620.00m,24.38888889,
7003,4/15/2024 19:06,-0.024011642,1320.00m,-69.67272727,
7004,4/15/2024 19:13,0.01249059,420.00m,111.1714286,
7005,4/15/2024 19:19,-0.00677382,360.00m,-71.21666667,
7006,4/15/2024 19:55,0.014650348,2160.00m,25.49722222,
7007,4/15/2024 19:59,-0.004747395,240.00m,-75.45,
7008,4/15/2024 20:06,0.004869614,420.00m,44.01428571,
7009,4/15/2024 20:23,-0.009092768,1020.00m,-34.00588235,
7010,4/15/2024 20:32,0.005268262,540.00m,36.87777778,
7011,4/15/2024 20:51,-0.005430131,1140.00m,-18.1,
7012,4/15/2024 21:09,0.005985277,1080.00m,20.94444444,
7013,4/15/2024 21:32,-0.010401658,1380.00m,-28.65652174,
7014,4/15/2024 21:57,0.010096355,1500.00m,25.324,
7015,4/15/2024 22:21,-0.009697042,1440.00m,-25.59166667,
7016,4/15/2024 22:42,0.012294997,1260.00m,36.72380952,
7017,4/15/2024 22:52,-0.004929452,600.00m,-31.3,
7018,4/15/2024 23:14,0.005020346,1320.00m,14.41818182,
7019,4/15/2024 23:27,-0.005511802,780.00m,-26.92307692,
7020,4/16/2024 0:16,0.00788439,2940.00m,10.16122449,
7021,4/16/2024 0:45,-0.011433195,1740.00m,-25.09310345,
7022,4/16/2024 1:34,0.013981179,2940.00m,17.95306122,
7023,4/16/2024 2:27,-0.016744514,3180.00m,-20.15660377,
7024,4/16/2024 3:06,0.01237333,2340.00m,19.9025641,
7025,4/16/2024 4:13,-0.017956821,4020.00m,-17.02089552,
7026,4/16/2024 4:21,0.004074237,480.00m,31.7625,
7027,4/16/2024 4:26,-0.004945578,300.00m,-61.94,
7028,4/16/2024 4:33,0.004886707,420.00m,43.5,
7029,4/16/2024 4:45,-0.014823593,720.00m,-77.35,
7030,4/16/2024 5:46,0.01876696,3660.00m,18.97868852,
7031,4/16/2024 5:55,-0.004383739,540.00m,-30.61111111,
7032,4/16/2024 7:33,0.018783642,5880.00m,11.99285714,
7033,4/16/2024 7:44,-0.007131461,660.00m,-41.32727273,
7034,4/16/2024 8:04,0.004261263,1200.00m,13.485,
7035,4/16/2024 8:45,-0.007790966,2460.00m,-12.07804878,
7036,4/16/2024 9:27,0.007016503,2520.00m,10.53571429,
7037,4/16/2024 10:27,-0.028136568,3600.00m,-29.78166667,
7038,4/16/2024 10:28,0.004259476,60.00m,262.9,
7039,4/16/2024 10:30,-0.006387122,120.00m,-197.95,
7040,4/16/2024 10:49,0.015847192,1140.00m,51.36842105,
7041,4/16/2024 10:52,-0.004051838,180.00m,-84.5,
7042,4/16/2024 11:04,0.007846164,720.00m,40.74166667,
7043,4/16/2024 11:19,-0.005697489,900.00m,-23.85333333,
7044,4/16/2024 11:23,0.004343244,240.00m,67.8,
7045,4/16/2024 11:41,-0.005537927,1080.00m,-19.29444444,
7046,4/16/2024 11:55,0.012896512,840.00m,57.45,
7047,4/16/2024 12:18,-0.005857211,1380.00m,-16.08695652,
7048,4/16/2024 12:36,0.008673567,1080.00m,30.26111111,
7049,4/16/2024 13:16,-0.010007151,2400.00m,-15.8475,
7050,4/16/2024 13:28,0.008797528,720.00m,45.975,
7051,4/16/2024 13:47,-0.017427386,1140.00m,-58.02631579,
7052,4/16/2024 14:16,0.014787645,1740.00m,31.69655172,
7053,4/16/2024 14:37,-0.017218037,1260.00m,-51.71904762,
7054,4/16/2024 14:45,0.008225109,480.00m,63.7375,
7055,4/16/2024 15:01,-0.009866726,960.00m,-38.54375,
7056,4/16/2024 15:07,0.006786639,360.00m,70,
7057,4/16/2024 15:15,-0.005716918,480.00m,-44.525,
7058,4/16/2024 15:27,0.006095228,720.00m,31.46666667,
7059,4/16/2024 16:09,-0.009987534,2520.00m,-14.82142857,
7060,4/16/2024 16:15,0.005450108,360.00m,56.05,
7061,4/16/2024 16:20,-0.00559303,300.00m,-69.4,
7062,4/16/2024 17:08,0.020147663,2880.00m,25.89583333,
7063,4/16/2024 17:12,-0.004696723,240.00m,-73.9,
7064,4/16/2024 17:26,0.009495242,840.00m,42.48571429,
7065,4/16/2024 17:31,-0.010506557,300.00m,-132.88,
7066,4/16/2024 17:36,0.005523211,300.00m,69.12,
7067,4/16/2024 17:57,-0.009668155,1260.00m,-28.96666667,
7068,4/16/2024 18:11,0.009924634,840.00m,44.17142857,
7069,4/16/2024 18:21,-0.006845919,600.00m,-43.08,
7070,4/16/2024 19:01,0.009262815,2400.00m,14.4725,
7071,4/16/2024 19:16,-0.005380802,900.00m,-22.62666667,
7072,4/16/2024 19:27,0.004598584,660.00m,26.22727273,
7073,4/16/2024 20:08,-0.007530321,2460.00m,-11.57560976,
7074,4/16/2024 21:49,0.02822355,6060.00m,17.47920792,
7075,4/17/2024 0:27,-0.011317557,9480.00m,-4.606962025,
7076,4/17/2024 0:50,0.008732766,1380.00m,24.14347826,
7077,4/17/2024 1:16,-0.008722643,1560.00m,-21.51923077,
7078,4/17/2024 2:10,0.010680377,3240.00m,12.57592593,
7079,4/17/2024 2:47,-0.008728195,2220.00m,-15.15945946,
7080,4/17/2024 3:30,0.004966869,2580.00m,7.358139535,
7081,4/17/2024 4:18,-0.005756149,2880.00m,-7.677083333,
7082,4/17/2024 5:16,0.011783189,3480.00m,12.93103448,
7083,4/17/2024 7:06,-0.016652174,6600.00m,-9.749090909,
7084,4/17/2024 7:33,0.004536726,1620.00m,10.64074074,
7085,4/17/2024 7:59,-0.005566306,1560.00m,-13.61923077,
7086,4/17/2024 8:29,0.004658493,1800.00m,9.823333333,
7087,4/17/2024 8:46,-0.005338641,1020.00m,-19.95882353,
7088,4/17/2024 9:24,0.004490937,2280.00m,7.471052632,
7089,4/17/2024 10:23,-0.01121573,3540.00m,-12.07118644,
7090,4/17/2024 11:17,0.005169786,3240.00m,6.011111111,
7091,4/17/2024 12:42,-0.016939592,5100.00m,-12.57764706,
7092,4/17/2024 13:03,0.006010309,1260.00m,17.75714286,
7093,4/17/2024 13:11,-0.004639814,480.00m,-36.2,
7094,4/17/2024 13:46,0.011771106,2100.00m,20.89428571,
7095,4/17/2024 14:23,-0.027611442,2220.00m,-46.90810811,
7096,4/17/2024 14:30,0.006130322,420.00m,53.52857143,
7097,4/17/2024 14:34,-0.009925671,240.00m,-152.6,
7098,4/17/2024 14:46,0.016653883,720.00m,84.5,
7099,4/17/2024 15:15,-0.020259868,1740.00m,-43.24482759,
7100,4/17/2024 15:24,0.006386178,540.00m,43.03333333,
7101,4/17/2024 15:33,-0.014996584,540.00m,-101.7,
7102,4/17/2024 15:38,0.005808518,300.00m,69.84,
7103,4/17/2024 15:43,-0.005799781,300.00m,-70.14,
7104,4/17/2024 15:50,0.008531682,420.00m,73.27142857,
7105,4/17/2024 16:05,-0.013358074,900.00m,-53.99333333,
7106,4/17/2024 16:16,0.019182516,660.00m,104.3181818,
7107,4/17/2024 16:46,-0.016297181,1800.00m,-33.12,
7108,4/17/2024 16:54,0.007378197,480.00m,55.3125,
7109,4/17/2024 16:56,-0.005539877,120.00m,-167.35,
7110,4/17/2024 18:24,0.029962484,5280.00m,20.45681818,
7111,4/17/2024 18:37,-0.00638958,780.00m,-30.41538462,
7112,4/17/2024 18:44,0.004901881,420.00m,43.05714286,
7113,4/17/2024 19:25,-0.01431184,2460.00m,-21.56829268,
7114,4/17/2024 19:34,0.004497264,540.00m,30.43333333,
7115,4/17/2024 19:40,-0.00691593,360.00m,-70.51666667,
7116,4/17/2024 19:53,0.008269346,780.00m,38.64615385,
7117,4/17/2024 20:12,-0.005410003,1140.00m,-17.44210526,
7118,4/17/2024 20:35,0.007312209,1380.00m,19.36956522,
7119,4/17/2024 20:54,-0.009876,1140.00m,-31.9,
7120,4/17/2024 21:21,0.014380012,1620.00m,32.36296296,
7121,4/17/2024 21:43,-0.010361997,1320.00m,-29.03181818,
7122,4/17/2024 23:07,0.011837705,5040.00m,8.596428571,
7123,4/17/2024 23:30,-0.008484805,1380.00m,-22.76956522,
