datetime,average,duration,signal,trend,next-signal,variance
4/18/2023 1:00,0.003048,1,MS,0,WS,0
4/18/2023 2:00,0.003128,2,WS,-0.000284,MB,2.02E-08
4/18/2023 4:00,-0.00031025,4,MB,-0.0003067,MS,1.21E-07
4/18/2023 8:00,0.0029515,2,MS,-0.000315,WS,2.48E-08
4/18/2023 10:00,0.002628,1,WS,0,MS,0
4/18/2023 11:00,0.00343,1,MS,0,SS,0
4/18/2023 12:00,0.005601667,3,SS,0.0002165,MS,3.12E-08
4/18/2023 15:00,0.005858,1,MS,0,SS,0
4/18/2023 16:00,0.006808,1,SS,0,MS,0
4/18/2023 17:00,0.007179333,3,MS,0.0002875,SS,5.73E-08
4/18/2023 20:00,0.00878,2,SS,0.000142,MS,5.04E-09
4/18/2023 22:00,0.008302429,7,MS,-0.000160893,WS,1.46E-07
4/19/2023 5:00,0.007701667,3,WS,-6.85E-05,SB,3.16E-09
4/19/2023 8:00,0.003771,1,SB,0,MB,0
4/19/2023 9:00,0.005265667,3,MB,0.0001515,SB,5.46E-08
4/19/2023 12:00,5.83E-05,9,SB,-0.0007805,MB,5.43E-06
4/19/2023 21:00,-0.0009932,5,MB,0.0004304,WB,4.07E-07
4/20/2023 2:00,-0.000406,2,WB,-4.60E-05,MB,5.29E-10
4/20/2023 4:00,-0.003212,4,MB,-0.0003424,WB,1.51E-07
4/20/2023 8:00,-0.00109275,4,WB,1.13E-05,MS,3.92E-09
4/20/2023 12:00,0.0012445,2,MS,0.000343,SS,2.94E-08
4/20/2023 14:00,0.0061989,10,SS,0.000899618,MS,7.79E-06
4/21/2023 0:00,0.006532,4,MS,5.16E-05,WS,8.73E-09
4/21/2023 4:00,0.006696,8,WS,0.00022969,MS,3.13E-07
4/21/2023 12:00,0.007933,2,MS,5.20E-05,WS,6.76E-10
4/21/2023 14:00,0.007966,1,WS,0,MS,0
4/21/2023 15:00,0.007972,1,MS,0,SS,0
4/21/2023 16:00,0.011392167,6,SS,-7.14E-07,MS,5.81E-12
4/21/2023 22:00,0.011376,2,MS,-1.40E-05,WB,4.90E-11
4/22/2023 0:00,0.0072136,5,WB,7.00E-07,MB,6.64E-12
4/22/2023 5:00,0.007096,3,MB,-0.000165,WS,2.22E-08
4/22/2023 8:00,0.009273,5,WS,1.50E-05,WB,1.12E-09
4/22/2023 13:00,0.008889333,3,WB,-0.000188,SB,2.40E-08
4/22/2023 16:00,-0.0021945,10,SB,-0.000787145,MB,7.22E-06
4/23/2023 2:00,-0.004068,2,MB,0.000556,WB,7.73E-08
4/23/2023 4:00,-3.63E-05,4,WB,4.39E-05,WS,2.35E-08
4/23/2023 8:00,0.003657667,3,WS,-0.0005465,MS,3.37E-07
4/23/2023 11:00,0.0039228,5,MS,-0.0004285,WS,5.99E-07
4/23/2023 16:00,0.0007655,4,WS,-3.46E-05,WB,6.84E-08
4/23/2023 20:00,-0.0004835,4,WB,-3.10E-05,WS,1.39E-08
4/24/2023 0:00,0.002135333,3,WS,-0.000486,WB,1.76E-07
4/24/2023 3:00,0.001135,6,WB,-3.47E-05,WS,1.95E-07
4/24/2023 9:00,0.001811333,3,WS,-7.25E-05,MS,3.94E-09
4/24/2023 12:00,0.003088,1,MS,0,SS,0
4/24/2023 13:00,0.003194,1,SS,0,MS,0
4/24/2023 14:00,0.0028905,2,MS,-0.000251,SS,1.58E-08
4/24/2023 16:00,0.00776525,4,SS,7.21E-05,MS,7.43E-09
4/24/2023 20:00,0.00640975,4,MS,-0.0003449,SB,1.76E-07
4/25/2023 0:00,-0.002250667,3,SB,-0.0003805,MB,1.12E-07
4/25/2023 3:00,-0.001499,1,MB,0,SB,0
4/25/2023 4:00,-0.0032675,2,SB,-1.70E-05,MB,7.22E-11
4/25/2023 6:00,-0.002637,2,MB,0.00048,WS,5.76E-08
4/25/2023 8:00,0.003877,4,WS,6.44E-05,MS,1.10E-08
4/25/2023 12:00,0.006331,3,MS,-0.000145,WS,2.25E-08
4/25/2023 15:00,0.005742,1,WS,0,WB,0
4/25/2023 16:00,0.0027065,2,WB,-0.000583,WS,8.50E-08
4/25/2023 18:00,0.002655,1,WS,0,WB,0
4/25/2023 19:00,0.002069,1,WB,0,WS,0
4/25/2023 20:00,0.003376667,12,WS,0.000163601,SB,5.04E-07
4/26/2023 8:00,0.000704,1,SB,0,MB,0
4/26/2023 9:00,0.001804,1,MB,0,SB,0
4/26/2023 10:00,0.000612,2,SB,-0.000236,MB,1.39E-08
4/26/2023 12:00,0.001465,1,MB,0,WB,0
4/26/2023 13:00,0.002921,1,WB,0,MS,0
4/26/2023 14:00,0.0040875,2,MS,0.000535,SS,7.16E-08
4/26/2023 16:00,0.010581,6,SS,-1.63E-05,MS,1.01E-09
4/26/2023 22:00,0.0098895,2,MS,-0.000951,WB,2.26E-07
4/27/2023 0:00,0.003087,4,WB,5.28E-05,SB,6.94E-09
4/27/2023 4:00,-0.002921667,3,SB,-0.0003065,MB,7.39E-08
4/27/2023 7:00,-0.002879,1,MB,0,WB,0
4/27/2023 8:00,0.002895,12,WB,-0.00011765,WS,1.04E-06
4/27/2023 20:00,0.004381333,3,WS,-0.0003135,MS,6.90E-08
4/27/2023 23:00,0.003955,1,MS,0,SS,0
4/28/2023 0:00,0.006677,1,SS,0,MS,0
4/28/2023 1:00,0.006164,3,MS,8.50E-05,WS,8.40E-08
4/28/2023 4:00,0.0048125,4,WS,4.50E-05,SB,3.05E-09
4/28/2023 8:00,0.001387,1,SB,0,WB,0
4/28/2023 9:00,0.003478333,3,WB,-5.35E-05,MB,2.54E-09
4/28/2023 12:00,0.001037625,8,MB,-0.00015656,SB,1.45E-07
4/28/2023 20:00,-0.006053455,11,SB,-0.001176509,MB,1.46E-05
4/29/2023 7:00,-0.009421,1,MB,0,WB,0
4/29/2023 8:00,-0.005528429,7,WB,0.000332393,WS,7.56E-07
4/29/2023 15:00,-0.0040212,5,WS,-6.00E-07,MS,4.33E-07
4/29/2023 20:00,-0.0039375,4,MS,-0.0002248,SS,6.61E-08
4/30/2023 0:00,0.003829636,11,SS,0.000631,MS,4.47E-06
4/30/2023 11:00,0.006489,1,MS,0,SS,0
4/30/2023 12:00,0.008091,1,SS,0,MS,0
4/30/2023 13:00,0.007239857,7,MS,-0.000232857,WB,3.18E-07
4/30/2023 20:00,0.003392333,3,WB,3.25E-05,MB,7.06E-10
4/30/2023 23:00,0.003277,1,MB,0,SB,0
5/1/2023 0:00,0.000410571,7,SB,-0.000138714,MB,1.04E-07
5/1/2023 7:00,-0.000495,1,MB,0,WS,0
5/1/2023 8:00,0.005447,4,WS,0.0002272,MS,7.80E-08
5/1/2023 12:00,0.00836825,4,MS,0.0001285,WS,2.41E-08
5/1/2023 16:00,0.004445143,7,WS,5.40E-05,WB,7.54E-08
5/1/2023 23:00,0.003586,1,WB,0,WS,0
5/2/2023 0:00,0.00573225,4,WS,0.0001049,WB,2.62E-08
5/2/2023 4:00,0.003878333,3,WB,0.000182,MB,2.21E-08
5/2/2023 7:00,0.003334,5,MB,-0.0002618,MS,1.50E-07
5/2/2023 12:00,0.006137667,3,MS,-1.40E-05,SS,3.38E-09
5/2/2023 15:00,0.006288,1,SS,0,WS,0
5/2/2023 16:00,0.005262,1,WS,0,WB,0
5/2/2023 17:00,0.004074,1,WB,0,MB,0
5/2/2023 18:00,0.003396,2,MB,-0.000354,SB,3.13E-08
5/2/2023 20:00,-0.0014113,10,SB,-0.000470927,MB,3.25E-06
5/3/2023 6:00,-0.0032865,2,MB,-0.000445,WS,4.95E-08
5/3/2023 8:00,0.003158667,3,WS,4.25E-05,MS,5.05E-09
5/3/2023 11:00,0.004382,1,MS,0,SS,0
5/3/2023 12:00,0.00799525,4,SS,6.87E-05,WS,2.67E-08
5/3/2023 16:00,0.002958625,8,WS,0.000266988,SS,4.29E-07
5/4/2023 0:00,0.01208175,4,SS,-2.70E-06,MS,1.07E-11
5/4/2023 4:00,0.01205975,4,MS,-1.99E-05,WB,7.62E-10
5/4/2023 8:00,0.005974375,8,WB,0.000162702,WS,4.64E-07
5/4/2023 16:00,0.008272,5,WS,-3.83E-05,WB,1.77E-08
5/4/2023 21:00,0.008242667,3,WB,-7.50E-06,SB,1.14E-10
5/5/2023 0:00,0.004459,1,SB,0,MB,0
5/5/2023 1:00,0.005,3,MB,0.000279,SB,5.96E-08
5/5/2023 4:00,0.000835333,6,SB,-0.000385029,MB,8.14E-07
5/5/2023 10:00,-8.53E-05,6,MB,-0.000166229,WS,1.33E-07
5/5/2023 16:00,0.005024714,7,WS,-0.000152464,MS,1.28E-07
5/5/2023 23:00,0.004612,1,MS,0,MB,0
5/6/2023 0:00,-0.000392556,9,MB,9.47E-06,WB,6.62E-08
5/6/2023 9:00,7.71E-05,7,WB,9.64E-05,SB,4.95E-08
5/6/2023 16:00,-0.014535214,14,SB,-0.001690771,MB,5.18E-05
5/7/2023 6:00,-0.0233555,2,MB,-0.000489,WS,5.98E-08
5/7/2023 8:00,-0.005972,2,WS,0.002184,MS,1.19E-06
5/7/2023 10:00,-0.000613833,6,MS,0.000721229,WS,2.94E-06
5/7/2023 16:00,-0.009334,4,WS,0.0004462,WB,2.97E-07
5/7/2023 20:00,-0.0147025,4,WB,-0.0003856,WS,2.09E-07
5/8/2023 0:00,-0.00871,4,WS,0.000133,SB,4.30E-08
5/8/2023 4:00,-0.03208825,8,SB,-0.002295476,WB,3.58E-05
5/8/2023 12:00,-0.017561,1,WB,0,WS,0
5/8/2023 13:00,-0.015948333,3,WS,0.0006285,MS,2.63E-07
5/8/2023 16:00,-0.007043125,8,MS,0.00015944,WS,2.75E-07
5/9/2023 0:00,-0.011992,8,WS,0.000317119,MS,6.68E-07
5/9/2023 8:00,-0.0058855,4,MS,0.0004744,SB,5.01E-07
5/9/2023 12:00,-0.0195754,5,SB,-0.0003935,MB,3.22E-07
5/9/2023 17:00,-0.018544667,3,MB,0.000247,SS,4.08E-08
5/9/2023 20:00,0.00462625,4,SS,-0.0001609,MS,3.44E-08
5/10/2023 0:00,0.002646273,11,MS,2.22E-05,WS,4.68E-07
5/10/2023 11:00,0.003215,1,WS,0,MS,0
5/10/2023 12:00,0.004329,1,MS,0,WS,0
5/10/2023 13:00,0.0036986,5,WS,-0.0004434,WB,5.70E-07
5/10/2023 18:00,0.001202,1,WB,0,MB,0
5/10/2023 19:00,0.002065,1,MB,0,SB,0
5/10/2023 20:00,-0.003759889,9,SB,-0.001100583,MB,1.16E-05
5/11/2023 5:00,-0.005513667,3,MB,0.0003785,MS,9.78E-08
5/11/2023 8:00,0.00487025,8,MS,0.000388452,WB,1.03E-06
5/11/2023 16:00,-0.0010708,5,WB,-8.38E-05,WS,1.05E-07
5/11/2023 21:00,-0.000357,2,WS,-0.000232,WB,1.35E-08
5/11/2023 23:00,-0.000867,1,WB,0,MS,0
5/12/2023 0:00,0.0061305,4,MS,-0.0001516,WS,3.13E-08
5/12/2023 4:00,0.00395625,4,WS,-0.0002645,MB,1.26E-07
5/12/2023 8:00,-0.00106225,4,MB,-2.35E-05,WB,1.17E-08
5/12/2023 12:00,0.0003035,2,WB,-0.000741,MB,1.37E-07
5/12/2023 14:00,-0.00124,2,MB,-6.40E-05,MS,1.02E-09
5/12/2023 16:00,0.005288286,7,MS,0.000269571,WS,4.97E-07
5/12/2023 23:00,0.004585,1,WS,0,WB,0
5/13/2023 0:00,0.000988333,3,WB,-0.000267,MB,1.00E-07
5/13/2023 3:00,0.000333,1,MB,0,SB,0
5/13/2023 4:00,-0.002333,1,SB,0,MB,0
5/13/2023 5:00,-0.001703,3,MB,0.000611,WS,2.56E-07
5/13/2023 8:00,0.002579,1,WS,0,WB,0
5/13/2023 9:00,0.000371714,7,WB,7.11E-06,WS,1.08E-07
5/13/2023 16:00,0.002991,2,WS,0.000176,MS,7.74E-09
5/13/2023 18:00,0.004080333,3,MS,0.000662,SS,4.60E-07
5/13/2023 21:00,0.0052075,2,SS,-0.000363,MS,3.29E-08
5/13/2023 23:00,0.004676,5,MS,-2.92E-05,MB,6.49E-08
5/14/2023 4:00,-0.0005765,4,MB,-0.0002174,SB,6.66E-08
5/14/2023 8:00,-0.009041,5,SB,0.0005723,MB,1.22E-06
5/14/2023 13:00,-0.007588333,3,MB,0.0001445,WS,1.42E-08
5/14/2023 16:00,0.00108325,4,WS,-0.0001743,MS,9.40E-08
5/14/2023 20:00,0.00528675,4,MS,0.0001071,WB,2.58E-08
5/15/2023 0:00,-0.003720375,8,WB,-0.000377702,MS,9.31E-07
5/15/2023 8:00,0.00469325,8,MS,0.00072981,MB,3.16E-06
5/15/2023 16:00,-0.002668,2,MB,0.001034,WB,2.67E-07
5/15/2023 18:00,-0.001208,2,WB,5.80E-05,WS,8.41E-10
5/15/2023 20:00,0.001828,4,WS,0.0005002,SS,3.22E-07
5/16/2023 0:00,0.011485,4,SS,-0.0002312,MS,6.76E-08
5/16/2023 4:00,0.01038725,4,MS,-8.63E-05,MB,1.17E-08
5/16/2023 8:00,-0.001857,1,MB,0,SB,0
5/16/2023 9:00,-0.003265,1,SB,0,MB,0
5/16/2023 10:00,-0.003329833,6,MB,-0.000259,MS,6.09E-07
5/16/2023 16:00,0.011012375,8,MS,0.000707702,WB,3.33E-06
5/17/2023 0:00,0.003583375,8,WB,-0.000235464,WS,3.59E-07
5/17/2023 8:00,0.006032571,7,WS,0.000410571,WB,8.20E-07
5/17/2023 15:00,0.006644,3,WB,3.75E-05,WS,2.68E-09
5/17/2023 18:00,0.00723425,4,WS,0.0004013,MS,2.04E-07
5/17/2023 22:00,0.0080255,2,MS,1.10E-05,SS,3.03E-11
5/18/2023 0:00,0.0092655,2,SS,0.000245,MS,1.50E-08
5/18/2023 2:00,0.0084195,2,MS,-0.000587,MB,8.61E-08
5/18/2023 4:00,0.0046085,4,MB,-0.0001306,SB,1.87E-07
5/18/2023 8:00,0.0003698,5,SB,-0.0003312,MB,5.59E-07
5/18/2023 13:00,0.00118,3,MB,0.0005985,WS,2.45E-07
5/18/2023 16:00,0.0056275,8,WS,-0.000155619,MB,1.64E-07
5/19/2023 0:00,0.001377333,3,MB,0.0001095,WB,8.00E-09
5/19/2023 3:00,0.002495,5,WB,0.000163,SS,1.83E-07
5/19/2023 8:00,0.008168667,3,SS,-0.0002565,MS,4.44E-08
5/19/2023 11:00,0.0076072,5,MS,-1.64E-05,WB,4.14E-08
5/19/2023 16:00,0.0038805,8,WB,6.19E-07,MB,9.63E-09
5/20/2023 0:00,0.001736333,3,MB,-0.000608,SB,2.50E-07
5/20/2023 3:00,-0.001797,4,SB,-0.000697,MB,1.68E-06
5/20/2023 7:00,-0.000823,1,MB,0,WB,0
5/20/2023 8:00,0.001543,9,WB,-0.000131467,MB,2.66E-07
5/20/2023 17:00,-0.000639,1,MB,0,WB,0
5/20/2023 18:00,0.000722,1,WB,0,WS,0
5/20/2023 19:00,0.0016455,2,WS,0.000431,MS,4.64E-08
5/20/2023 21:00,0.002726667,3,MS,0.000203,SB,5.15E-08
5/21/2023 0:00,-0.002631,1,SB,0,WB,0
5/21/2023 1:00,-0.000171,1,WB,0,WS,0
5/21/2023 2:00,0.001796,1,WS,0,MS,0
5/21/2023 3:00,0.0022645,4,MS,2.32E-05,WS,6.95E-10
5/21/2023 7:00,0.002076,4,WS,-2.26E-05,WB,4.37E-08
5/21/2023 11:00,0.001077,1,WB,0,SB,0
5/21/2023 12:00,-0.00064,1,SB,0,MB,0
5/21/2023 13:00,-0.000307,1,MB,0,WB,0
5/21/2023 14:00,0.0007955,2,WB,0.000627,MB,9.83E-08
5/21/2023 16:00,-0.00052525,4,MB,0.0002351,SS,7.07E-08
5/21/2023 20:00,0.004072,2,SS,-8.60E-05,MS,1.85E-09
5/21/2023 22:00,0.0038715,2,MS,-1.90E-05,SS,9.02E-11
5/22/2023 0:00,0.009257333,6,SS,5.45E-05,MS,1.54E-08
5/22/2023 6:00,0.0087975,2,MS,-0.000377,WS,3.55E-08
5/22/2023 8:00,0.00631375,8,WS,-7.69E-05,WB,6.28E-08
5/22/2023 16:00,0.0052512,5,WB,0.0006242,WS,8.64E-07
5/22/2023 21:00,0.007023,1,WS,0,WB,0
5/22/2023 22:00,0.0066695,2,WB,4.30E-05,WS,4.62E-10
5/23/2023 0:00,0.007620667,3,WS,0.0001905,MS,2.84E-08
5/23/2023 3:00,0.008519,1,MS,0,SS,0
5/23/2023 4:00,0.0138253,10,SS,0.000849473,MS,7.12E-06
5/23/2023 14:00,0.015086,2,MS,-0.000474,WB,5.62E-08
5/23/2023 16:00,0.008469,3,WB,-0.000311,MB,6.68E-08
5/23/2023 19:00,0.007824,5,MB,5.75E-05,WS,3.19E-08
5/24/2023 0:00,0.01187775,4,WS,4.75E-05,WB,4.57E-09
5/24/2023 4:00,0.01050075,4,WB,-0.0004745,SB,2.96E-07
5/24/2023 8:00,0.000812875,8,SB,-0.000824917,MB,4.67E-06
5/24/2023 16:00,0.0024105,2,MB,0.000201,WB,1.01E-08
5/24/2023 18:00,0.002765,2,WB,0.000172,WS,7.40E-09
5/24/2023 20:00,0.006842,10,WS,-7.40E-05,MS,1.48E-07
5/25/2023 6:00,0.006799,2,MS,-4.00E-06,WS,4.00E-12
5/25/2023 8:00,0.00599875,4,WS,-1.35E-05,WB,3.80E-10
5/25/2023 12:00,0.004139333,3,WB,-2.15E-05,MB,2.38E-09
5/25/2023 15:00,0.00434,1,MB,0,WB,0
5/25/2023 16:00,0.00529525,4,WB,9.63E-05,SB,1.90E-08
5/25/2023 20:00,0.00401,2,SB,0,MB,0
5/25/2023 22:00,0.00401,2,MB,0,SB,0
5/26/2023 0:00,0.002425,4,SB,9.28E-05,MB,1.26E-07
5/26/2023 4:00,0.003358,2,MB,0.000132,WB,4.36E-09
5/26/2023 6:00,0.0034695,6,WB,2.60E-06,SS,1.15E-08
5/26/2023 12:00,0.006100667,3,SS,1.15E-05,MS,9.09E-11
5/26/2023 15:00,0.005675,1,MS,0,SS,0
5/26/2023 16:00,0.00701725,4,SS,-9.71E-05,WS,1.04E-07
5/26/2023 20:00,0.004622,1,WS,0,WB,0
5/26/2023 21:00,0.003811333,3,WB,-0.0002075,SB,3.04E-08
5/27/2023 0:00,0.0009,2,SB,0.00081,MB,1.64E-07
5/27/2023 2:00,0.0017955,2,MB,0.000215,SB,1.16E-08
5/27/2023 4:00,-0.0020065,6,SB,-0.001054829,MB,5.76E-06
5/27/2023 10:00,-0.0022085,2,MB,0.000179,WB,8.01E-09
5/27/2023 12:00,-0.00022425,4,WB,-0.0002695,SS,9.26E-08
5/27/2023 16:00,0.008123714,7,SS,0.000419071,MS,8.67E-07
5/27/2023 23:00,0.008579,1,MS,0,WB,0
5/28/2023 0:00,0.002009,1,WB,0,WS,0
5/28/2023 1:00,0.004451333,9,WS,0.0002809,MS,7.26E-07
5/28/2023 10:00,0.0084045,6,MS,0.000370029,WS,4.66E-07
5/28/2023 16:00,0.007569,2,WS,0.00077,MS,1.48E-07
5/28/2023 18:00,0.0088804,5,MS,0.0003448,SS,2.75E-07
5/28/2023 23:00,0.015123333,6,SS,0.000801029,MS,4.31E-06
5/29/2023 5:00,0.015075333,3,MS,-0.00066,WB,2.90E-07
5/29/2023 8:00,0.009548,4,WB,-0.0003,MB,1.13E-07
5/29/2023 12:00,0.008417375,8,MB,-5.55E-05,WB,6.64E-08
5/29/2023 20:00,0.00941075,8,WB,0.000146143,WS,1.57E-07
5/30/2023 4:00,0.0100355,2,WS,0.000261,MS,1.70E-08
5/30/2023 6:00,0.01039,1,MS,0,SS,0
5/30/2023 7:00,0.010757,1,SS,0,WS,0
5/30/2023 8:00,0.009398667,3,WS,-0.0001265,WB,1.07E-08
5/30/2023 11:00,0.008774,1,WB,0,SB,0
5/30/2023 12:00,0.0069765,6,SB,-0.000128886,MB,1.50E-07
5/30/2023 18:00,0.007305,4,MB,0.0002504,WB,8.07E-08
5/30/2023 22:00,0.007842,2,WB,0.000192,WS,9.22E-09
5/31/2023 0:00,0.009384,1,WS,0,MS,0
5/31/2023 1:00,0.009634333,3,MS,-0.0001135,SS,1.16E-08
5/31/2023 4:00,0.0109815,2,SS,-0.000367,MS,3.37E-08
5/31/2023 6:00,0.010552,2,MS,-0.000248,SB,1.54E-08
5/31/2023 8:00,0.0022894,5,SB,0.0001357,MB,4.64E-08
5/31/2023 13:00,0.003100333,3,MB,7.30E-05,MS,6.10E-09
5/31/2023 16:00,0.0093805,2,MS,-4.90E-05,WS,6.00E-10
5/31/2023 18:00,0.008384333,6,WS,-0.000362229,MB,3.87E-07
6/1/2023 0:00,0.00256225,8,MB,-0.000378619,WS,1.36E-06
6/1/2023 8:00,0.0055265,4,WS,2.06E-05,WB,1.72E-09
6/1/2023 12:00,0.00511325,4,WB,4.45E-05,WS,2.94E-09
6/1/2023 16:00,0.006551333,3,WS,0.000141,MS,1.33E-08
6/1/2023 19:00,0.006838,1,MS,0,SS,0
6/1/2023 20:00,0.008412,1,SS,0,MS,0
6/1/2023 21:00,0.007571333,3,MS,-0.000498,WB,1.66E-07
6/2/2023 0:00,0.004978625,8,WB,9.46E-05,SS,6.69E-08
6/2/2023 8:00,0.0094975,2,SS,-0.000185,MS,8.56E-09
6/2/2023 10:00,0.0084815,2,MS,0.000327,WS,2.67E-08
6/2/2023 12:00,0.00743775,4,WS,-6.25E-05,SB,7.71E-09
6/2/2023 16:00,0.002042333,3,SB,0.0001635,MB,1.79E-08
6/2/2023 19:00,0.002624,1,MB,0,WB,0
6/2/2023 20:00,0.005548,1,WB,0,WS,0
6/2/2023 21:00,0.0058875,2,WS,-4.50E-05,WB,5.06E-10
6/2/2023 23:00,0.005708,1,WB,0,SS,0
6/3/2023 0:00,0.01151175,4,SS,8.21E-05,MS,2.81E-08
6/3/2023 4:00,0.01051,4,MS,0.0002616,WB,1.01E-07
6/3/2023 8:00,0.006339,5,WB,-0.0003268,MB,2.66E-07
6/3/2023 13:00,0.003894667,3,MB,-0.0007665,SB,3.95E-07
6/3/2023 16:00,0.001183,2,SB,-0.00072,MB,1.30E-07
6/3/2023 18:00,0.0017955,2,MB,0.000329,SB,2.71E-08
6/3/2023 20:00,0.000459,1,SB,0,MB,0
6/3/2023 21:00,0.0015035,6,MB,0.000141114,WB,1.85E-07
6/4/2023 3:00,0.003081,2,WB,0.00166,WS,6.89E-07
6/4/2023 5:00,0.004167,3,WS,-4.40E-05,SS,6.70E-09
6/4/2023 8:00,0.010346222,9,SS,0.000552483,MS,2.46E-06
6/4/2023 17:00,0.011567143,7,MS,-9.11E-05,WB,4.14E-08
6/5/2023 0:00,0.0073725,2,WB,-0.002073,MB,1.07E-06
6/5/2023 2:00,0.005443833,6,MB,-3.85E-05,SB,9.41E-08
6/5/2023 8:00,0.003373,2,SB,0.000956,MB,2.28E-07
6/5/2023 10:00,0.004574167,6,MB,0.000253229,SB,2.48E-07
6/5/2023 16:00,0.000689,1,SB,0,MB,0
6/5/2023 17:00,0.003206333,6,MB,-0.000162514,SB,1.04E-07
6/5/2023 23:00,-0.001791429,7,SB,-0.000387643,MB,2.53E-06
6/6/2023 6:00,-0.002475,1,MB,0,SB,0
6/6/2023 7:00,-0.003223,1,SB,0,MB,0
6/6/2023 8:00,-0.0012845,2,MB,0.000425,WB,4.52E-08
6/6/2023 10:00,-0.000716667,3,WB,0.0003955,WS,1.22E-07
6/6/2023 13:00,0.000776667,3,WS,0.0003115,MS,7.75E-08
6/6/2023 16:00,0.0034755,2,MS,0.000481,SS,5.78E-08
6/6/2023 18:00,0.011066182,11,SS,0.001418355,MS,2.20E-05
6/7/2023 5:00,0.015424333,3,MS,-0.00016,WS,1.83E-08
6/7/2023 8:00,0.0095,4,WS,-0.000343,WB,1.49E-07
6/7/2023 12:00,0.0088315,12,WB,6.39E-05,MB,1.47E-07
6/8/2023 0:00,0.006811143,7,MB,-0.000239321,SB,3.20E-07
6/8/2023 7:00,0.005587,1,SB,0,MB,0
6/8/2023 8:00,0.006171429,7,MB,-4.18E-06,WB,3.79E-08
6/8/2023 15:00,0.006957,3,WB,-3.60E-05,WS,3.46E-09
6/8/2023 18:00,0.007434,1,WS,0,MS,0
6/8/2023 19:00,0.008234667,3,MS,0.0002185,SS,3.75E-08
6/8/2023 22:00,0.0084545,2,SS,-0.000333,MS,2.77E-08
6/9/2023 0:00,0.007973333,3,MS,-0.000139,WB,1.99E-08
6/9/2023 3:00,0.006949,1,WB,0,SB,0
6/9/2023 4:00,0.0053065,2,SB,-3.10E-05,MB,2.40E-10
6/9/2023 6:00,0.005796,2,MB,-0.000104,SB,2.70E-09
6/9/2023 8:00,0.004400333,3,SB,0.000218,MB,3.23E-08
6/9/2023 11:00,0.0052075,2,MB,0.000669,WB,1.12E-07
6/9/2023 13:00,0.005709333,3,WB,-9.00E-06,SS,5.24E-10
6/9/2023 16:00,0.012786143,7,SS,0.000528214,MS,1.25E-06
6/9/2023 23:00,0.01353,1,MS,0,WS,0
6/10/2023 0:00,0.009469,3,WS,-0.0006555,WB,2.91E-07
6/10/2023 3:00,0.0077474,5,WB,-0.0003185,MB,2.43E-07
6/10/2023 8:00,0.004151,4,MB,-3.78E-05,SB,2.18E-08
6/10/2023 12:00,-0.00133925,4,SB,0.0001307,MB,2.77E-08
6/10/2023 16:00,0.00137275,4,MB,0.0001289,WB,2.58E-08
6/10/2023 20:00,0.0038325,4,WB,-0.0001994,MB,5.01E-08
6/11/2023 0:00,5.60E-05,1,MB,0,WB,0
6/11/2023 1:00,0.001327714,7,WB,6.34E-05,MS,2.14E-08
6/11/2023 8:00,0.0033336,5,MS,1.32E-05,SS,7.38E-08
6/11/2023 13:00,0.004676,3,SS,6.85E-05,WS,5.94E-09
6/11/2023 16:00,0.003426,1,WS,0,MS,0
6/11/2023 17:00,0.003978333,3,MS,7.30E-05,SS,4.84E-09
6/11/2023 20:00,0.005317,2,SS,3.00E-05,MS,2.25E-10
6/11/2023 22:00,0.0052395,2,MS,-8.10E-05,SS,1.64E-09
6/12/2023 0:00,0.0076774,5,SS,2.08E-05,MS,5.99E-09
6/12/2023 5:00,0.007341667,3,MS,-0.000211,WB,2.97E-08
6/12/2023 8:00,0.0046925,4,WB,-2.16E-05,MB,6.86E-10
6/12/2023 12:00,0.0044715,2,MB,-5.30E-05,WB,7.02E-10
6/12/2023 14:00,0.0048755,2,WB,8.10E-05,MS,1.64E-09
6/12/2023 16:00,0.006776,1,MS,0,WS,0
6/12/2023 17:00,0.006741,1,WS,0,MS,0
6/12/2023 18:00,0.007275,2,MS,0.000404,SS,4.08E-08
6/12/2023 20:00,0.010732222,9,SS,0.000408017,MS,1.12E-06
6/13/2023 5:00,0.011527429,7,MS,-3.81E-05,WS,6.82E-08
6/13/2023 12:00,0.011276,2,WS,0.000436,MS,4.75E-08
6/13/2023 14:00,0.0121765,2,MS,0.000167,WB,6.97E-09
6/13/2023 16:00,0.010113,2,WB,0.00018,MB,8.10E-09
6/13/2023 18:00,0.0098295,2,MB,-0.000267,SB,1.78E-08
6/13/2023 20:00,0.007782778,9,SB,-0.0002246,MB,4.59E-07
6/14/2023 5:00,0.007224667,6,MB,8.79E-05,WB,2.67E-08
6/14/2023 11:00,0.0080405,4,WB,0.000176,WS,1.08E-07
6/14/2023 15:00,0.008216,1,WS,0,WB,0
6/14/2023 16:00,0.0074506,5,WB,5.42E-05,SB,1.33E-08
6/14/2023 21:00,0.0030063,10,SB,-0.000728139,MB,5.12E-06
6/15/2023 7:00,0.001713,1,MB,0,MS,0
6/15/2023 8:00,0.008715,1,MS,0,SS,0
6/15/2023 9:00,0.0145504,5,SS,0.0007638,MS,2.55E-06
6/15/2023 14:00,0.0140915,2,MS,-0.000425,WS,4.52E-08
6/15/2023 16:00,0.00895175,4,WS,-0.0007555,WB,7.29E-07
6/15/2023 20:00,0.00703875,4,WB,-0.0002709,WS,1.16E-07
6/16/2023 0:00,0.0096165,6,WS,0.000113514,WB,4.67E-08
6/16/2023 6:00,0.00967,2,WB,-0.000482,MB,5.81E-08
6/16/2023 8:00,0.0076772,5,MB,-8.74E-05,WB,2.09E-08
6/16/2023 13:00,0.008005,1,WB,0,WS,0
6/16/2023 14:00,0.008764,1,WS,0,MS,0
6/16/2023 15:00,0.009344,1,MS,0,SS,0
6/16/2023 16:00,0.015297889,9,SS,0.00057135,MS,2.40E-06
6/17/2023 1:00,0.0158775,2,MS,-0.001185,WS,3.51E-07
6/17/2023 3:00,0.0144428,5,WS,3.90E-06,WB,6.09E-09
6/17/2023 8:00,0.01141225,4,WB,0.0001187,MB,1.98E-08
6/17/2023 12:00,0.01106375,4,MB,-0.0001941,WB,5.92E-08
6/17/2023 16:00,0.012745,1,WB,0,MB,0
6/17/2023 17:00,0.011482714,7,MB,-0.00014425,SB,1.18E-07
6/18/2023 0:00,0.009059,1,SB,0,MB,0
6/18/2023 1:00,0.010123143,7,MB,3.54E-05,WS,3.91E-08
6/18/2023 8:00,0.011004,1,WS,0,WB,0
6/18/2023 9:00,0.010706,3,WB,-0.000179,MB,2.30E-08
6/18/2023 12:00,0.010131,1,MB,0,WB,0
6/18/2023 13:00,0.01046,2,WB,0.000318,WS,2.53E-08
6/18/2023 15:00,0.010824,1,WS,0,SB,0
6/18/2023 16:00,0.00721975,4,SB,0.0002799,MB,1.46E-07
6/18/2023 20:00,0.0082045,4,MB,0.0001448,SS,2.73E-08
6/19/2023 0:00,0.0120385,2,SS,-3.50E-05,MS,3.06E-10
6/19/2023 2:00,0.011358,4,MS,-6.02E-05,WS,4.84E-08
6/19/2023 6:00,0.01055,2,WS,-0.000294,MB,2.16E-08
6/19/2023 8:00,0.007042091,11,MB,-0.000159082,WB,3.63E-07
6/19/2023 19:00,0.0078258,5,WB,8.72E-05,MS,8.19E-08
6/20/2023 0:00,0.0104545,2,MS,0.000661,SS,1.09E-07
6/20/2023 2:00,0.01171975,4,SS,0.0001727,MS,6.11E-08
6/20/2023 6:00,0.0112945,2,MS,-0.000419,WB,4.39E-08
6/20/2023 8:00,0.00810525,4,WB,-0.0002693,MB,1.11E-07
6/20/2023 12:00,0.0069485,4,MB,-0.0002202,SB,6.14E-08
6/20/2023 16:00,0.003645,2,SB,0.001412,WS,4.98E-07
6/20/2023 18:00,0.0092135,2,WS,0.001273,WB,4.05E-07
6/20/2023 20:00,0.007791,2,WB,3.80E-05,WS,3.61E-10
6/20/2023 22:00,0.0094105,2,WS,0.000983,SB,2.42E-07
6/21/2023 0:00,0.004487,1,SB,0,MB,0
6/21/2023 1:00,0.005398333,3,MB,0.0001435,WS,1.63E-08
6/21/2023 4:00,0.008061,1,WS,0,MS,0
6/21/2023 5:00,0.009574,3,MS,0.00035,SS,8.99E-08
6/21/2023 8:00,0.0202566,5,SS,-0.0004098,MS,3.48E-07
6/21/2023 13:00,0.016628333,3,MS,-0.00103,MB,7.46E-07
6/21/2023 16:00,0.0063226,5,MB,0.0004339,WB,4.30E-07
6/21/2023 21:00,0.008335,3,WB,0.000535,SS,1.94E-07
6/22/2023 0:00,0.0223795,2,SS,-0.000303,MS,2.30E-08
6/22/2023 2:00,0.021928667,6,MS,-0.000144286,WB,1.66E-07
6/22/2023 8:00,0.011083333,3,WB,-0.0006635,MB,2.95E-07
6/22/2023 11:00,0.007706067,15,MB,-7.79E-05,WB,3.27E-07
6/23/2023 2:00,0.0076304,5,WB,0.0002756,WS,1.58E-07
6/23/2023 7:00,0.008418,1,WS,0,SS,0
6/23/2023 8:00,0.011391667,6,SS,4.56E-05,MS,8.27E-08
6/23/2023 14:00,0.010656,2,MS,0.00025,WB,1.56E-08
6/23/2023 16:00,0.00853175,4,WB,-0.0002017,MB,5.78E-08
6/23/2023 20:00,0.006929,4,MB,-0.0004434,SB,2.84E-07
6/24/2023 0:00,0.00251725,4,SB,0.0008963,MB,1.25E-06
6/24/2023 4:00,0.00344875,4,MB,1.89E-05,WS,5.34E-10
6/24/2023 8:00,0.008675,4,WS,5.80E-05,MS,5.65E-09
6/24/2023 12:00,0.00944175,4,MS,6.70E-06,WB,1.38E-09
6/24/2023 16:00,0.006415,2,WB,-0.000124,WS,3.84E-09
6/24/2023 18:00,0.006331,2,WS,-2.40E-05,WB,1.44E-10
6/24/2023 20:00,0.005804,2,WB,1.00E-04,WS,2.50E-09
6/24/2023 22:00,0.006304,2,WS,0.00035,SS,3.06E-08
6/25/2023 0:00,0.010352,1,SS,0,MS,0
6/25/2023 1:00,0.010494333,3,MS,8.80E-05,SS,5.72E-09
6/25/2023 4:00,0.0115225,2,SS,0.000179,MS,8.01E-09
6/25/2023 6:00,0.0114025,2,MS,-0.000279,WS,1.95E-08
6/25/2023 8:00,0.0098715,2,WS,0.000351,MS,3.08E-08
6/25/2023 10:00,0.012263143,14,MS,0.000225473,WB,9.59E-07
6/26/2023 0:00,0.011209,1,WB,0,MB,0
6/26/2023 1:00,0.009948,1,MB,0,SB,0
6/26/2023 2:00,0.009275,1,SB,0,MB,0
6/26/2023 3:00,0.010105,4,MB,6.40E-06,WB,6.20E-08
6/26/2023 7:00,0.010768,1,WB,0,WS,0
6/26/2023 8:00,0.012114333,3,WS,-9.00E-06,WB,9.39E-09
6/26/2023 11:00,0.011343,1,WB,0,MB,0
6/26/2023 12:00,0.009897,4,MB,-0.0004856,SB,3.01E-07
6/26/2023 16:00,0.006606167,6,SB,-7.28E-05,MB,2.38E-08
6/26/2023 22:00,0.0064265,2,MB,3.00E-06,SB,2.25E-12
6/27/2023 0:00,0.003965667,3,SB,0.0004345,MB,1.46E-07
6/27/2023 3:00,0.0044402,5,MB,0.000115,MS,2.26E-07
6/27/2023 8:00,0.00999475,4,MS,-0.0001203,SS,2.58E-08
6/27/2023 12:00,0.01160975,4,SS,3.17E-05,WB,1.56E-09
6/27/2023 16:00,0.00628225,4,WB,-7.69E-05,SB,4.87E-07
6/27/2023 20:00,0.000837,2,SB,-3.20E-05,MB,2.56E-10
6/27/2023 22:00,0.0022735,2,MB,0.000529,SB,7.00E-08
6/28/2023 0:00,0.000347,1,SB,0,MB,0
6/28/2023 1:00,0.000352,3,MB,5.30E-05,WB,2.00E-09
6/28/2023 4:00,0.00277675,4,WB,1.05E-05,WS,5.10E-09
6/28/2023 8:00,0.0069505,6,WS,-8.17E-05,MS,5.66E-08
6/28/2023 14:00,0.0071109,10,MS,7.35E-05,WS,6.00E-08
6/29/2023 0:00,0.00706425,4,WS,-4.89E-05,MB,1.70E-08
6/29/2023 4:00,0.005549,4,MB,0.0002146,SS,6.63E-08
6/29/2023 8:00,0.011293818,11,SS,0.000523127,MS,3.29E-06
6/29/2023 19:00,0.0125202,5,MS,-0.0002281,WB,1.07E-07
6/30/2023 0:00,0.008980333,3,WB,-0.000431,MB,1.24E-07
6/30/2023 3:00,0.008041,2,MB,0.000198,WB,9.80E-09
6/30/2023 5:00,0.0100885,2,WB,0.001057,WS,2.79E-07
6/30/2023 7:00,0.010881,1,WS,0,MS,0
6/30/2023 8:00,0.013999,5,MS,0.0001168,WS,6.66E-08
6/30/2023 13:00,0.012114,3,WS,-0.0005075,SB,2.32E-07
6/30/2023 16:00,0.007331,2,SB,-0.000174,MB,7.57E-09
6/30/2023 18:00,0.007702333,6,MB,1.40E-05,WS,1.48E-08
7/1/2023 0:00,0.011457625,8,WS,7.59E-05,WB,5.88E-08
7/1/2023 8:00,0.0091465,8,WB,-4.85E-05,WS,2.57E-08
7/1/2023 16:00,0.01006825,4,WS,7.00E-07,WB,3.75E-09
7/1/2023 20:00,0.009727667,6,WB,-1.60E-05,WS,8.76E-09
7/2/2023 2:00,0.010091,2,WS,6.80E-05,MS,1.16E-09
7/2/2023 4:00,0.0107575,2,MS,0.000343,SS,2.94E-08
7/2/2023 6:00,0.011213,2,SS,6.80E-05,MS,1.16E-09
7/2/2023 8:00,0.0105785,2,MS,-0.000155,WS,6.01E-09
7/2/2023 10:00,0.010284,3,WS,-0.000154,WB,1.61E-08
7/2/2023 13:00,0.010098,1,WB,0,WS,0
7/2/2023 14:00,0.010305,1,WS,0,MS,0
7/2/2023 15:00,0.010592,1,MS,0,SS,0
7/2/2023 16:00,0.011543,2,SS,-0.000126,MS,3.97E-09
7/2/2023 18:00,0.011103,2,MS,-0.000278,MB,1.93E-08
7/2/2023 20:00,0.009975,1,MB,0,SB,0
7/2/2023 21:00,0.009476,1,SB,0,MB,0
7/2/2023 22:00,0.009815,1,MB,0,WS,0
7/2/2023 23:00,0.010893,1,WS,0,MB,0
7/3/2023 0:00,0.009991,1,MB,0,WB,0
7/3/2023 1:00,0.010381667,3,WB,0.0001475,MS,1.67E-08
7/3/2023 4:00,0.011044,2,MS,0.000138,WS,4.76E-09
7/3/2023 6:00,0.010854,1,WS,0,WB,0
7/3/2023 7:00,0.010341,1,WB,0,SS,0
7/3/2023 8:00,0.013122857,7,SS,7.65E-05,MS,3.07E-08
7/3/2023 15:00,0.013452,1,MS,0,WB,0
7/3/2023 16:00,0.0107015,2,WB,-0.000385,MB,3.71E-08
7/3/2023 18:00,0.009915833,6,MB,-3.34E-05,WB,1.31E-08
7/4/2023 0:00,0.010572667,3,WB,-3.65E-05,MB,1.12E-09
7/4/2023 3:00,0.0097572,5,MB,-9.89E-05,SB,3.69E-08
7/4/2023 8:00,0.007047333,6,SB,-9.35E-05,MB,7.64E-08
7/4/2023 14:00,0.006844,2,MB,0.000134,MS,4.49E-09
7/4/2023 16:00,0.010651625,8,MS,1.39E-05,SB,3.49E-08
7/5/2023 0:00,0.00635,1,SB,0,MB,0
7/5/2023 1:00,0.006508333,3,MB,0.000165,SB,1.93E-08
7/5/2023 4:00,0.004851,2,SB,0.00015,MB,5.62E-09
7/5/2023 6:00,0.0050485,2,MB,-5.30E-05,WS,7.02E-10
7/5/2023 8:00,0.00781,1,WS,0,WB,0
7/5/2023 9:00,0.007475,3,WB,-0.0002565,WS,4.50E-08
7/5/2023 12:00,0.0088085,4,WS,-5.92E-05,MB,8.07E-09
7/5/2023 16:00,0.0061445,2,MB,0.000111,WB,3.08E-09
7/5/2023 18:00,0.0065495,2,WB,0.000315,MB,2.48E-08
7/5/2023 20:00,0.005564333,3,MB,-2.45E-05,WB,6.07E-10
7/5/2023 23:00,0.005795,1,WB,0,WS,0
7/6/2023 0:00,0.006717,1,WS,0,WB,0
7/6/2023 1:00,0.006322667,3,WB,-0.0003145,WS,6.86E-08
7/6/2023 4:00,0.006943,1,WS,0,WB,0
7/6/2023 5:00,0.006772667,3,WB,0.0001015,MS,6.97E-09
7/6/2023 8:00,0.007913,1,MS,0,SS,0
7/6/2023 9:00,0.00929925,4,SS,0.0001461,MS,4.23E-08
7/6/2023 13:00,0.009239,1,MS,0,WS,0
7/6/2023 14:00,0.008023,1,WS,0,WB,0
7/6/2023 15:00,0.006674,1,WB,0,SB,0
7/6/2023 16:00,-0.000259,11,SB,-0.000744409,MB,6.18E-06
7/7/2023 3:00,-0.003388333,12,MB,-0.000327021,SB,1.84E-06
7/7/2023 15:00,-0.006188,1,SB,0,WS,0
7/7/2023 16:00,-0.0016,1,WS,0,MS,0
7/7/2023 17:00,9.00E-05,1,MS,0,SS,0
7/7/2023 18:00,0.000551,2,SS,-0.000138,MS,4.76E-09
7/7/2023 20:00,-0.000822667,3,MS,-0.000355,WS,8.53E-08
7/7/2023 23:00,-0.001384,1,WS,0,WB,0
7/8/2023 0:00,-0.003252,1,WB,0,WS,0
7/8/2023 1:00,-0.001969333,3,WS,0.000463,MS,1.54E-07
7/8/2023 4:00,0.00042625,4,MS,-2.85E-05,SS,4.46E-09
7/8/2023 8:00,0.006704429,7,SS,0.0002405,MS,3.13E-07
7/8/2023 15:00,0.0060926,5,MS,-0.0001954,WS,2.60E-07
7/8/2023 20:00,0.003924,2,WS,-0.000314,WB,2.46E-08
7/8/2023 22:00,0.002756,2,WB,-0.000636,SB,1.01E-07
7/9/2023 0:00,-0.0045552,5,SB,0.0004822,MB,7.41E-07
7/9/2023 5:00,-0.004083667,3,MB,0.0002335,WS,3.99E-08
7/9/2023 8:00,0.004303,4,WS,-0.0001138,MS,1.73E-08
7/9/2023 12:00,0.007461,4,MS,-1.92E-05,WS,2.71E-09
7/9/2023 16:00,0.003971833,12,WS,0.000126622,WB,2.55E-07
7/10/2023 4:00,0.00361875,4,WB,4.53E-05,MB,8.59E-09
7/10/2023 8:00,0.003209,4,MB,-4.00E-07,WS,6.66E-09
7/10/2023 12:00,0.0049505,2,WS,-0.000129,MS,4.16E-09
7/10/2023 14:00,0.004928,1,MS,0,SS,0
7/10/2023 15:00,0.008794111,9,SS,0.000739783,MS,4.01E-06
7/11/2023 0:00,0.010815455,11,MS,0.000138236,WS,3.02E-07
7/11/2023 11:00,0.01053,3,WS,-0.00025,WB,4.47E-08
7/11/2023 14:00,0.0098255,2,WB,-0.000167,SB,6.97E-09
7/11/2023 16:00,0.003616333,6,SB,4.97E-06,MB,1.55E-08
7/11/2023 22:00,0.00474,2,MB,0.000568,WB,8.07E-08
7/12/2023 0:00,0.0080115,2,WB,0.000289,WS,2.09E-08
7/12/2023 2:00,0.008363,6,WS,-5.49E-05,MS,3.03E-08
7/12/2023 8:00,0.010275875,8,MS,-6.53E-05,MB,1.50E-07
7/12/2023 16:00,0.004693667,3,MB,-0.000518,SB,1.81E-07
7/12/2023 19:00,0.001466167,6,SB,-0.000467914,MB,9.47E-07
7/13/2023 1:00,0.001492333,6,MB,0.000203029,WB,1.23E-07
7/13/2023 7:00,0.003471,3,WB,0.0010855,WS,1.00E-06
7/13/2023 10:00,0.004445333,3,WS,0.0005135,MS,3.06E-07
7/13/2023 13:00,0.004900667,3,MS,-0.0003485,SS,8.30E-08
7/13/2023 16:00,0.011923273,11,SS,0.000639109,MS,4.20E-06
7/14/2023 3:00,0.0145946,5,MS,-0.0001396,WS,4.08E-08
7/14/2023 8:00,0.0112174,5,WS,7.06E-05,WB,2.94E-08
7/14/2023 13:00,0.01155,3,WB,3.00E-06,WS,8.00E-12
7/14/2023 16:00,0.012702,1,WS,0,WB,0
7/14/2023 17:00,0.012185,2,WB,-0.000584,MB,8.53E-08
7/14/2023 19:00,0.010656,1,MB,0,SB,0
7/14/2023 20:00,-0.005888417,12,SB,-0.00255099,WB,9.51E-05
7/15/2023 8:00,-0.0012275,6,WB,0.000291571,WS,3.44E-07
7/15/2023 14:00,-0.000314,2,WS,0.000564,WB,7.95E-08
7/15/2023 16:00,-0.00687375,4,WB,-0.0001461,WS,8.93E-08
7/15/2023 20:00,-0.0045445,4,WS,0.0001152,SS,1.87E-08
7/16/2023 0:00,0.0040305,2,SS,-0.000147,MS,5.40E-09
7/16/2023 2:00,0.004439636,11,MS,2.22E-05,WS,2.06E-07
7/16/2023 13:00,0.003194333,3,WS,-0.0005355,MB,1.93E-07
7/16/2023 16:00,-0.002594,1,MB,0,WB,0
7/16/2023 17:00,-0.001514,1,WB,0,MB,0
7/16/2023 18:00,-0.001794,2,MB,6.00E-06,SB,9.00E-12
7/16/2023 20:00,-0.004368,4,SB,0.000189,WB,4.60E-08
7/17/2023 0:00,0.001171,3,WB,0.0002505,WS,5.32E-08
7/17/2023 3:00,0.002938,4,WS,0.0005466,MS,6.45E-07
7/17/2023 7:00,0.003406,1,MS,0,MB,0
7/17/2023 8:00,-0.002868667,6,MB,-0.000318057,WB,3.52E-07
7/17/2023 14:00,-0.002687,2,WB,0.000316,SS,2.50E-08
7/17/2023 16:00,0.003391,1,SS,0,MS,0
7/17/2023 17:00,0.003478571,7,MS,0.000223607,WS,2.99E-07
7/18/2023 0:00,0.001472,4,WS,-6.20E-06,WB,3.07E-09
7/18/2023 4:00,0.000701,1,WB,0,WS,0
7/18/2023 5:00,0.000866667,3,WS,3.45E-05,MS,1.12E-09
7/18/2023 8:00,0.004641,1,MS,0,SS,0
7/18/2023 9:00,0.005654,1,SS,0,MS,0
7/18/2023 10:00,0.005853,2,MS,0.000174,SS,7.57E-09
7/18/2023 12:00,0.007243667,3,SS,1.95E-05,MS,8.75E-09
7/18/2023 15:00,0.007049,1,MS,0,WS,0
7/18/2023 16:00,0.00487675,4,WS,-7.85E-05,WB,1.54E-08
7/18/2023 20:00,0.003772,1,WB,0,WS,0
7/18/2023 21:00,0.00461725,8,WS,6.69E-05,WB,6.02E-08
7/19/2023 5:00,0.00474,4,WB,-9.22E-05,MS,1.33E-08
7/19/2023 9:00,0.006175,1,MS,0,WS,0
7/19/2023 10:00,0.005628,2,WS,-0.000592,MS,8.76E-08
7/19/2023 12:00,0.006599,1,MS,0,SS,0
7/19/2023 13:00,0.007783,3,SS,0.0003485,SB,8.61E-08
7/19/2023 16:00,0.002701,1,SB,0,MB,0
7/19/2023 17:00,0.003256,1,MB,0,WB,0
7/19/2023 18:00,0.005019,1,WB,0,MS,0
7/19/2023 19:00,0.006279,1,MS,0,WS,0
7/19/2023 20:00,0.005771,1,WS,0,WB,0
7/19/2023 21:00,0.004938,2,WB,-0.000396,MB,3.92E-08
7/19/2023 23:00,0.003966,1,MB,0,SB,0
7/20/2023 0:00,0.0019975,2,SB,0.000919,MB,2.11E-07
7/20/2023 2:00,0.003551,1,MB,0,WB,0
7/20/2023 3:00,0.00443,3,WB,0.0001605,WS,1.61E-07
7/20/2023 6:00,0.005664,1,WS,0,MS,0
7/20/2023 7:00,0.006958667,3,MS,0.0006685,SS,3.02E-07
7/20/2023 10:00,0.009148,4,SS,0.0004674,MS,3.56E-07
7/20/2023 14:00,0.009076,2,MS,-0.000262,WB,1.72E-08
7/20/2023 16:00,0.00475075,4,WB,-0.0003469,MB,1.51E-07
7/20/2023 20:00,0.0032615,4,MB,-3.36E-05,SB,1.50E-09
7/21/2023 0:00,0.0018,1,SB,0,MB,0
7/21/2023 1:00,0.0023435,4,MB,-0.0003096,SB,2.85E-07
7/21/2023 5:00,0.0005575,2,SB,-0.000489,MB,5.98E-08
7/21/2023 7:00,0.000201,1,MB,0,SB,0
7/21/2023 8:00,-0.004853875,8,SB,-0.00020294,MS,4.87E-07
7/21/2023 16:00,0.0042455,4,MS,0.0001594,SS,3.68E-08
7/21/2023 20:00,0.007013,2,SS,-2.00E-05,MS,1.00E-10
7/21/2023 22:00,0.005220167,6,MS,-0.000426257,WS,9.56E-07
7/22/2023 4:00,0.0033,4,WS,-0.0001666,MB,3.52E-08
7/22/2023 8:00,-0.00347175,4,MB,0.0003915,SB,2.14E-07
7/22/2023 12:00,-0.005367,1,SB,0,MB,0
7/22/2023 13:00,-0.005189,2,MB,0.000188,SB,8.84E-09
7/22/2023 15:00,-0.005151,1,SB,0,MB,0
7/22/2023 16:00,-0.00458625,4,MB,7.70E-06,WB,5.92E-09
7/22/2023 20:00,-0.0018945,4,WB,0.000117,WS,1.84E-08
7/23/2023 0:00,-0.000756167,6,WS,-5.11E-05,MS,1.73E-07
7/23/2023 6:00,-0.000956,2,MS,0.000142,SS,5.04E-09
7/23/2023 8:00,0.0006805,2,SS,-2.10E-05,MS,1.10E-10
7/23/2023 10:00,0.000686,2,MS,1.00E-05,SS,2.50E-11
7/23/2023 12:00,0.002291333,3,SS,5.00E-07,MS,2.22E-13
7/23/2023 15:00,0.002258,1,MS,0,SS,0
7/23/2023 16:00,0.007848667,6,SS,0.000125657,MS,8.71E-08
7/23/2023 22:00,0.007458,2,MS,-0.000438,WS,4.80E-08
7/24/2023 0:00,0.003826667,3,WS,0.000262,WB,5.52E-08
7/24/2023 3:00,0.0024258,5,WB,-0.0002783,SB,3.26E-07
7/24/2023 8:00,-0.004579167,6,SB,-0.000605629,MB,1.62E-06
7/24/2023 14:00,-0.0048555,2,MB,0.000749,WS,1.40E-07
7/24/2023 16:00,0.00410425,4,WS,2.87E-05,MS,1.26E-09
7/24/2023 20:00,0.00744875,4,MS,-0.0002331,WS,8.90E-08
7/25/2023 0:00,0.003499,4,WS,-5.60E-05,WB,6.73E-09
7/25/2023 4:00,0.001025,4,WB,4.00E-06,WS,1.44E-09
7/25/2023 8:00,0.001782667,3,WS,9.20E-05,WB,7.06E-09
7/25/2023 11:00,0.001906,1,WB,0,WS,0
7/25/2023 12:00,0.00446375,4,WS,3.57E-05,SS,2.18E-09
7/25/2023 16:00,0.007282,1,SS,0,MS,0
7/25/2023 17:00,0.007211,3,MS,-3.55E-05,WS,8.45E-10
7/25/2023 20:00,0.005321333,3,WS,6.05E-05,MS,2.45E-09
7/25/2023 23:00,0.005393,1,MS,0,WB,0
7/26/2023 0:00,0.003040875,8,WB,-2.35E-05,MS,5.88E-09
7/26/2023 8:00,0.006006,2,MS,-2.00E-05,WS,1.00E-10
7/26/2023 10:00,0.0057535,2,WS,-9.50E-05,MS,2.26E-09
7/26/2023 12:00,0.0065665,4,MS,-8.62E-05,MB,9.67E-09
7/26/2023 16:00,0.003891,1,MB,0,WB,0
7/26/2023 17:00,0.0039132,5,WB,3.72E-05,MB,7.32E-08
7/26/2023 22:00,0.00321,2,MB,-0.000366,SB,3.35E-08
7/27/2023 0:00,-0.000799,5,SB,0.0003027,MB,2.38E-07
7/27/2023 5:00,0.000153,3,MB,0.000263,MS,4.62E-08
7/27/2023 8:00,0.0068825,8,MS,-1.22E-05,SB,6.68E-08
7/27/2023 16:00,-0.002785,1,SB,0,MB,0
7/27/2023 17:00,-0.002417286,7,MB,-0.000289429,WS,4.47E-07
7/28/2023 0:00,0.004087625,8,WS,9.55E-05,MS,7.50E-08
7/28/2023 8:00,0.0079745,16,MS,0.000222906,MB,1.24E-06
7/29/2023 0:00,0.00485525,4,MB,-0.0002053,SB,5.82E-08
7/29/2023 4:00,0.00233,4,SB,-7.40E-05,MB,1.06E-08
7/29/2023 8:00,0.004297,2,MB,0.000226,WB,1.28E-08
7/29/2023 10:00,0.00456,2,WB,6.40E-05,MB,1.02E-09
7/29/2023 12:00,0.0030966,5,MB,6.82E-05,WB,1.27E-08
7/29/2023 17:00,0.0034586,5,WB,0.0002147,WS,1.36E-07
7/29/2023 22:00,0.003992,1,WS,0,MS,0
7/29/2023 23:00,0.004519333,3,MS,8.20E-05,WS,5.65E-08
7/30/2023 2:00,0.0037275,2,WS,-0.000193,SS,9.31E-09
7/30/2023 4:00,0.004996333,3,SS,7.15E-05,MS,3.79E-09
7/30/2023 7:00,0.004965,1,MS,0,SS,0
7/30/2023 8:00,0.00561225,4,SS,0.0001461,MS,2.97E-08
7/30/2023 12:00,0.005291,1,MS,0,WS,0
7/30/2023 13:00,0.004778,1,WS,0,WB,0
7/30/2023 14:00,0.004399,1,WB,0,WS,0
7/30/2023 15:00,0.004508,1,WS,0,SB,0
7/30/2023 16:00,0.0007765,6,SB,-0.000216371,MB,4.17E-07
7/30/2023 22:00,0.00094,2,MB,2.00E-06,WS,1.00E-12
7/31/2023 0:00,0.004227,1,WS,0,MS,0
7/31/2023 1:00,0.005218333,3,MS,-3.65E-05,WS,1.22E-09
7/31/2023 4:00,0.0045975,4,WS,0.0001566,SS,3.50E-08
7/31/2023 8:00,0.011590286,7,SS,0.000402821,MS,9.19E-07
7/31/2023 15:00,0.012415,1,MS,0,WS,0
7/31/2023 16:00,0.00722775,4,WS,-0.0002619,WB,8.76E-08
7/31/2023 20:00,0.00614075,4,WB,-4.53E-05,SB,1.65E-08
8/1/2023 0:00,-0.000228143,7,SB,-0.000349321,MB,1.46E-06
8/1/2023 7:00,-0.001264,1,MB,0,WB,0
8/1/2023 8:00,0.002717167,6,WB,0.000210714,WS,1.49E-07
8/1/2023 14:00,0.0036705,2,WS,0.000259,MS,1.68E-08
8/1/2023 16:00,0.007408,1,MS,0,SS,0
8/1/2023 17:00,0.011360111,9,SS,0.000765767,MS,4.57E-06
8/2/2023 2:00,0.015204818,11,MS,0.000167045,WS,6.04E-07
8/2/2023 13:00,0.014436333,3,WS,-0.000368,WB,9.53E-08
8/2/2023 16:00,0.012242,1,WB,0,MB,0
8/2/2023 17:00,0.0121155,2,MB,-0.000299,SB,2.24E-08
8/2/2023 19:00,0.011676,2,SB,1.40E-05,MB,4.90E-11
8/2/2023 21:00,0.01162,3,MB,-0.0001235,SB,1.02E-08
8/3/2023 0:00,0.009897333,3,SB,-6.65E-05,MB,6.02E-09
8/3/2023 3:00,0.0099446,5,MB,3.52E-05,WS,7.50E-09
8/3/2023 8:00,0.0125055,2,WS,0.000463,MS,5.36E-08
8/3/2023 10:00,0.013784667,3,MS,0.000362,SS,8.74E-08
8/3/2023 13:00,0.0160755,8,SS,0.000450333,MS,1.16E-06
8/3/2023 21:00,0.0159505,2,MS,-0.000671,WS,1.13E-07
8/3/2023 23:00,0.015361,1,WS,0,WB,0
8/4/2023 0:00,0.011652,1,WB,0,MB,0
8/4/2023 1:00,0.011554571,7,MB,6.64E-05,WB,4.62E-08
8/4/2023 8:00,0.01294925,4,WB,0.0001057,MB,1.15E-07
8/4/2023 12:00,0.011235833,6,MB,-0.000512029,SB,9.40E-07
8/4/2023 18:00,0.0086565,6,SB,-0.000108829,MB,5.16E-08
8/5/2023 0:00,0.008924,3,MB,0.0001755,WB,2.86E-08
8/5/2023 3:00,0.0096144,5,WB,0.0001332,SS,4.90E-08
8/5/2023 8:00,0.014414571,7,SS,0.000202036,MS,1.69E-07
8/5/2023 15:00,0.014824,1,MS,0,WS,0
8/5/2023 16:00,0.011322,1,WS,0,WB,0
8/5/2023 17:00,0.010700333,15,WB,1.37E-05,MB,3.70E-08
8/6/2023 8:00,0.0102065,2,MB,0.000275,WB,1.89E-08
8/6/2023 10:00,0.0107295,4,WB,0.0002162,WS,7.02E-08
8/6/2023 14:00,0.011126,1,WS,0,SS,0
8/6/2023 15:00,0.016719667,9,SS,0.000568,MS,3.72E-06
8/7/2023 0:00,0.017796833,6,MS,6.93E-05,WS,1.49E-07
8/7/2023 6:00,0.016414167,6,WS,-2.39E-05,WB,1.27E-07
8/7/2023 12:00,0.015871667,3,WB,-5.35E-05,MB,1.14E-08
8/7/2023 15:00,0.016262,1,MB,0,SS,0
8/7/2023 16:00,0.018946,2,SS,0.000198,MS,9.80E-09
8/7/2023 18:00,0.018214667,6,MS,6.44E-05,SB,1.60E-08
8/8/2023 0:00,0.012358,5,SB,1.01E-05,MB,3.09E-09
8/8/2023 5:00,0.012342727,11,MB,-0.000116845,SB,2.57E-07
8/8/2023 16:00,0.009046,1,SB,0,MB,0
8/8/2023 17:00,0.009073,3,MB,-0.0003985,SB,1.28E-07
8/8/2023 20:00,0.0077125,2,SB,-0.000389,MB,3.78E-08
8/8/2023 22:00,0.009138,2,MB,0.001006,WB,2.53E-07
8/9/2023 0:00,0.010972,2,WB,-9.60E-05,WS,2.30E-09
8/9/2023 2:00,0.011399,2,WS,0.00061,MS,9.30E-08
8/9/2023 4:00,0.0127988,10,MS,-2.22E-05,WS,1.57E-07
8/9/2023 14:00,0.0123565,2,WS,0.000151,MB,5.70E-09
8/9/2023 16:00,0.00920425,8,MB,-7.40E-05,WS,3.52E-08
8/10/2023 0:00,0.011688,7,WS,4.81E-05,MS,5.90E-08
8/10/2023 7:00,0.012392,1,MS,0,SS,0
8/10/2023 8:00,0.017280667,6,SS,-2.73E-05,MS,4.96E-09
8/10/2023 14:00,0.017027,2,MS,-0.000188,WB,8.84E-09
8/10/2023 16:00,0.01091675,4,WB,-0.0001019,MB,1.49E-08
8/10/2023 20:00,0.010594,4,MB,-0.0001706,SB,3.94E-08
8/11/2023 0:00,0.008155,1,SB,0,MB,0
8/11/2023 1:00,0.008671429,7,MB,0.000203714,MS,2.12E-07
8/11/2023 8:00,0.014564,8,MS,-0.000241024,SB,4.00E-07
8/11/2023 16:00,0.006781,1,SB,0,MB,0
8/11/2023 17:00,0.006899923,13,MB,-2.31E-05,WB,2.91E-08
8/12/2023 6:00,0.007726667,3,WB,0.0009065,WS,7.14E-07
8/12/2023 9:00,0.00917775,4,WS,0.0001221,MS,1.91E-08
8/12/2023 13:00,0.009687,2,MS,0.00031,SS,2.40E-08
8/12/2023 15:00,0.010058,2,SS,2.20E-05,MS,1.21E-10
8/12/2023 17:00,0.0097035,4,MS,-4.20E-05,WS,8.37E-09
8/12/2023 21:00,0.008837,2,WS,-0.000424,WB,4.49E-08
8/12/2023 23:00,0.008366,1,WB,0,SB,0
8/13/2023 0:00,0.006060667,3,SB,0.0002125,MB,3.28E-08
8/13/2023 3:00,0.006363,2,MB,-1.20E-05,SB,3.60E-11
8/13/2023 5:00,0.005799,3,SB,-0.000187,WS,2.50E-08
8/13/2023 8:00,0.008862667,6,WS,-5.34E-05,MS,4.63E-08
8/13/2023 14:00,0.0097275,2,MS,0.000401,WB,4.02E-08
8/13/2023 16:00,0.007475333,3,WB,-1.05E-05,WS,5.94E-09
8/13/2023 19:00,0.007978,1,WS,0,WB,0
8/13/2023 20:00,0.00752825,4,WB,-8.59E-05,SS,1.75E-08
8/14/2023 0:00,0.01214425,8,SS,0.000343929,WS,7.35E-07
8/14/2023 8:00,0.0105675,6,WS,-0.0001918,WB,1.10E-07
8/14/2023 14:00,0.010038,1,WB,0,WS,0
8/14/2023 15:00,0.010544,1,WS,0,SS,0
8/14/2023 16:00,0.015570571,7,SS,0.000220607,MS,2.10E-07
8/14/2023 23:00,0.015433,1,MS,0,MB,0
8/15/2023 0:00,0.0101388,5,MB,-6.55E-05,WB,2.62E-08
8/15/2023 5:00,0.011097,3,WB,0.000415,SS,1.16E-07
8/15/2023 8:00,0.018367333,3,SS,0.0001005,MS,9.16E-09
8/15/2023 11:00,0.0182222,5,MS,-3.32E-05,MB,1.64E-08
8/15/2023 16:00,0.0116566,5,MB,-6.54E-05,WB,1.25E-08
8/15/2023 21:00,0.0113895,2,WB,-0.000221,MB,1.22E-08
8/15/2023 23:00,0.009694,9,MB,-0.000136417,MS,2.55E-07
8/16/2023 8:00,0.016031,15,MS,-7.28E-05,WS,1.84E-07
8/16/2023 23:00,0.015759,1,WS,0,WB,0
8/17/2023 0:00,0.012917667,3,WB,-0.000477,MB,1.53E-07
8/17/2023 3:00,0.011936,1,MB,0,SB,0
8/17/2023 4:00,0.003438875,8,SB,-0.001061607,MB,8.06E-06
8/17/2023 12:00,0.0021744,5,MB,0.0003862,WB,5.55E-07
8/17/2023 17:00,0.003407,4,WB,-0.0003548,SB,2.98E-07
8/17/2023 21:00,-0.01892875,4,SB,-0.0036943,MB,0.000118019
8/18/2023 1:00,-0.016465667,3,MB,5.00E-07,SB,9.06E-08
8/18/2023 4:00,-0.032709,2,SB,-3.40E-05,MB,2.89E-10
8/18/2023 6:00,-0.0283975,2,MB,-0.000273,WB,1.86E-08
8/18/2023 8:00,-0.012754,3,WB,0.0023995,WS,4.71E-06
8/18/2023 11:00,-0.010738,1,WS,0,MS,0
8/18/2023 12:00,0.00546725,4,MS,0.0002001,WS,6.25E-08
8/18/2023 16:00,-0.0025255,4,WS,-0.0001102,MS,1.69E-08
8/18/2023 20:00,0.003767625,8,MS,0.00096375,WS,6.88E-06
8/19/2023 4:00,0.00401975,4,WS,-6.75E-05,WB,1.64E-08
8/19/2023 8:00,-0.000641333,3,WB,-0.000123,MB,1.16E-08
8/19/2023 11:00,-0.0019836,5,MB,-0.0002991,WB,2.41E-07
8/19/2023 16:00,-0.000230667,3,WB,-0.0004,MB,2.01E-07
8/19/2023 19:00,-0.001508333,3,MB,-0.0002515,WB,1.24E-07
8/19/2023 22:00,-0.000669,3,WB,0.000324,MB,7.50E-08
8/20/2023 1:00,-0.002148,3,MB,5.20E-05,WB,1.80E-09
8/20/2023 4:00,-0.001914,3,WB,-0.000159,MB,2.06E-08
8/20/2023 7:00,-0.001976,1,MB,0,SB,0
8/20/2023 8:00,-0.006805143,7,SB,-0.000368393,MB,9.74E-07
8/20/2023 15:00,-0.0065016,5,MB,-9.74E-05,WB,4.25E-07
8/20/2023 20:00,-0.005414333,3,WB,0.000596,WS,2.37E-07
8/20/2023 23:00,-0.00432,1,WS,0,SS,0
8/21/2023 0:00,-0.001251,1,SS,0,MS,0
8/21/2023 1:00,-0.001488,3,MS,0.0002145,SS,3.48E-08
8/21/2023 4:00,0.001644167,6,SS,0.000324143,MS,3.26E-07
8/21/2023 10:00,0.0015636,5,MS,-0.0002368,WS,1.17E-07
8/21/2023 15:00,0.000826,1,WS,0,MS,0
8/21/2023 16:00,0.002995,5,MS,0.0001459,WS,2.24E-07
8/21/2023 21:00,0.002441,1,WS,0,MS,0
8/21/2023 22:00,0.0025685,2,MS,-1.90E-05,SB,9.02E-11
8/22/2023 0:00,-0.001021333,3,SB,0.0001865,MB,9.68E-08
8/22/2023 3:00,8.80E-05,1,MB,0,WS,0
8/22/2023 4:00,0.002524,1,WS,0,MS,0
8/22/2023 5:00,0.002862,3,MS,4.50E-06,SS,3.80E-09
8/22/2023 8:00,0.004251,1,SS,0,MS,0
8/22/2023 9:00,0.003683,2,MS,0.001022,SS,2.61E-07
8/22/2023 11:00,0.005113,1,SS,0,MS,0
8/22/2023 12:00,0.00435675,4,MS,3.83E-05,WS,6.20E-09
8/22/2023 16:00,0.003818,2,WS,0.000196,MS,9.60E-09
8/22/2023 18:00,0.00438325,4,MS,0.0001267,WS,6.49E-08
8/22/2023 22:00,0.003643333,3,WS,-0.0001715,MB,2.78E-08
8/23/2023 1:00,0.002455,1,MB,0,SB,0
8/23/2023 2:00,0.000622667,3,SB,-0.0001435,MB,3.45E-07
8/23/2023 5:00,0.001867333,3,MB,0.000463,MS,1.46E-07
8/23/2023 8:00,0.0055725,2,MS,0.000335,SS,2.81E-08
8/23/2023 10:00,0.006142,1,SS,0,MS,0
8/23/2023 11:00,0.005452375,8,MS,5.36E-05,WS,1.25E-07
8/23/2023 19:00,0.004413,2,WS,-0.000238,WB,1.42E-08
8/23/2023 21:00,0.0037815,2,WB,-0.000171,WS,7.31E-09
8/23/2023 23:00,0.004039,1,WS,0,MS,0
8/24/2023 0:00,0.0059065,2,MS,-0.000327,WS,2.67E-08
8/24/2023 2:00,0.0053035,2,WS,-8.30E-05,WB,1.72E-09
8/24/2023 4:00,0.004578,3,WB,2.45E-05,MB,4.54E-09
8/24/2023 7:00,0.004298,1,MB,0,SB,0
8/24/2023 8:00,-0.0006195,2,SB,0.003461,MB,2.99E-06
8/24/2023 10:00,0.002886,2,MB,0.000228,SB,1.30E-08
8/24/2023 12:00,0.000785,1,SB,0,MB,0
8/24/2023 13:00,0.001184667,3,MB,0.000106,MS,8.91E-09
8/24/2023 16:00,0.0061445,4,MS,-0.0001006,SS,1.44E-08
8/24/2023 20:00,0.008338,2,SS,-0.000274,MS,1.88E-08
8/24/2023 22:00,0.007722,2,MS,-0.000322,MB,2.59E-08
8/25/2023 0:00,0.001753333,3,MB,0.000101,WB,9.34E-09
8/25/2023 3:00,0.001893,1,WB,0,MB,0
8/25/2023 4:00,0.00019075,4,MB,7.49E-05,WS,1.74E-08
8/25/2023 8:00,0.0039885,4,WS,0.0002324,MS,6.84E-08
8/25/2023 12:00,0.006644,10,MS,6.90E-05,WS,1.09E-07
8/25/2023 22:00,0.005285,2,WS,-0.001004,WB,2.52E-07
8/26/2023 0:00,0.003827143,7,WB,4.63E-05,MB,1.19E-07
8/26/2023 7:00,0.003848,2,MB,-0.000672,SB,1.13E-07
8/26/2023 9:00,0.001463333,3,SB,-2.00E-05,WB,1.05E-08
8/26/2023 12:00,0.003991,1,WB,0,WS,0
8/26/2023 13:00,0.005217667,3,WS,0.0003575,MS,9.15E-08
8/26/2023 16:00,0.007209875,8,MS,1.61E-05,WS,1.72E-09
8/27/2023 0:00,0.005389,1,WS,0,WB,0
8/27/2023 1:00,0.004938,1,WB,0,WS,0
8/27/2023 2:00,0.005406833,6,WS,0.0001534,WB,7.42E-08
8/27/2023 8:00,0.004206,1,WB,0,WS,0
8/27/2023 9:00,0.005939,2,WS,3.20E-05,WB,2.56E-10
8/27/2023 11:00,0.005858667,6,WB,1.93E-05,SB,9.21E-09
8/27/2023 17:00,0.0005915,10,SB,-0.000792527,MB,5.82E-06
8/28/2023 3:00,-0.0004262,5,MB,-8.31E-05,WS,1.55E-07
8/28/2023 8:00,0.00228725,4,WS,1.50E-06,WB,4.82E-09
8/28/2023 12:00,0.0005555,4,WB,-0.000162,MB,3.85E-08
8/28/2023 16:00,-0.00181375,4,MB,0.0001885,MS,6.07E-08
8/28/2023 20:00,0.001444,4,MS,0.000125,SS,2.43E-08
8/29/2023 0:00,0.003651,2,SS,-7.20E-05,MS,1.30E-09
8/29/2023 2:00,0.003212,2,MS,6.40E-05,WS,1.02E-09
8/29/2023 4:00,0.00159,6,WS,6.09E-05,MS,2.61E-08
8/29/2023 10:00,0.002826,2,MS,0.000916,SS,2.10E-07
8/29/2023 12:00,0.0045215,2,SS,0.000247,MS,1.53E-08
8/29/2023 14:00,0.003174,1,MS,0,MB,0
8/29/2023 15:00,0.000102,1,MB,0,SB,0
8/29/2023 16:00,-0.0036515,4,SB,-0.0001104,MB,9.90E-07
8/29/2023 20:00,-0.001837333,3,MB,0.0004855,WB,1.57E-07
8/29/2023 23:00,-0.000114,1,WB,0,WS,0
8/30/2023 0:00,0.002762,1,WS,0,MS,0
8/30/2023 1:00,0.004612143,7,MS,0.000375036,SS,6.68E-07
8/30/2023 8:00,0.007782,2,SS,-6.00E-06,MS,9.00E-12
8/30/2023 10:00,0.007654,6,MS,-9.03E-05,WS,3.00E-08
8/30/2023 16:00,0.0049705,4,WS,-0.000193,MB,6.59E-08
8/30/2023 20:00,0.001571667,3,MB,3.70E-05,SB,6.05E-09
8/30/2023 23:00,0.000521,2,SB,-0.001644,MB,6.76E-07
8/31/2023 1:00,0.00244,3,MB,0.0003385,WS,8.21E-08
8/31/2023 4:00,0.0053915,4,WS,0.0001126,MS,1.84E-08
8/31/2023 8:00,0.0077585,8,MS,1.34E-05,MB,2.14E-08
8/31/2023 16:00,0.002364,2,MB,0.000452,WB,5.11E-08
8/31/2023 18:00,0.003461,2,WB,0.000166,SB,6.89E-09
8/31/2023 20:00,-0.007405778,9,SB,-0.001541133,MB,2.27E-05
9/1/2023 5:00,-0.009114667,3,MB,0.0008575,WS,5.03E-07
9/1/2023 8:00,0.000223,7,WS,0.000272536,MS,1.17E-06
9/1/2023 15:00,0.003992889,9,MS,0.000513317,SS,2.14E-06
9/2/2023 0:00,0.009103,1,SS,0,MS,0
9/2/2023 1:00,0.008826143,7,MS,0.000266393,SB,6.11E-07
9/2/2023 8:00,-0.004238857,7,SB,-0.00074175,MB,2.49E-06
9/2/2023 15:00,-0.003641,4,MB,0.0007628,WB,1.10E-06
9/2/2023 19:00,0.0003592,5,WB,0.0003947,WS,6.26E-07
9/3/2023 0:00,0.002600167,6,WS,-0.000144657,MS,8.67E-08
9/3/2023 6:00,0.0027085,2,MS,0.000103,WS,2.65E-09
9/3/2023 8:00,0.00046325,4,WS,0.0003629,WB,1.68E-07
9/3/2023 12:00,-0.0002025,2,WB,0.000447,WS,5.00E-08
9/3/2023 14:00,0.000687,2,WS,0.000462,MS,5.34E-08
9/3/2023 16:00,0.00294825,4,MS,-1.10E-06,SS,5.36E-09
9/3/2023 20:00,0.005625333,3,SS,-0.0001605,MS,2.41E-08
9/3/2023 23:00,0.004681,1,MS,0,WS,0
9/4/2023 0:00,0.003311,1,WS,0,MS,0
9/4/2023 1:00,0.0050156,10,MS,2.64E-06,WS,8.88E-08
9/4/2023 11:00,0.004953,4,WS,0.0001138,MS,3.02E-08
9/4/2023 15:00,0.005369,1,MS,0,WS,0
9/4/2023 16:00,0.004980333,3,WS,5.40E-05,WB,2.12E-09
9/4/2023 19:00,0.004778667,3,WB,-0.0001505,MB,1.53E-08
9/4/2023 22:00,0.0043555,2,MB,-0.000243,SB,1.48E-08
9/5/2023 0:00,0.001202667,12,SB,-0.000519727,MB,4.23E-06
9/5/2023 12:00,-0.00069575,4,MB,0.0001245,MS,2.07E-08
9/5/2023 16:00,0.005651,1,MS,0,SS,0
9/5/2023 17:00,0.0067885,4,SS,0.0001854,MS,4.98E-08
9/5/2023 21:00,0.006911333,3,MS,-0.000128,WB,1.16E-08
9/6/2023 0:00,0.001353333,3,WB,0.0003525,WS,8.31E-08
9/6/2023 3:00,0.00246,1,WS,0,WB,0
9/6/2023 4:00,0.002312333,3,WB,3.75E-05,WS,8.92E-09
9/6/2023 7:00,0.004097333,9,WS,0.0001638,MB,2.50E-07
9/6/2023 16:00,0.0019645,2,MB,3.10E-05,WB,2.40E-10
9/6/2023 18:00,0.002866,1,WB,0,WS,0
9/6/2023 19:00,0.0042635,2,WS,0.000587,MS,8.61E-08
9/6/2023 21:00,0.004855,3,MS,-8.80E-05,SS,6.31E-09
9/7/2023 0:00,0.005860667,3,SS,9.75E-05,MS,1.26E-08
9/7/2023 3:00,0.0058138,5,MS,5.53E-05,SB,1.02E-08
9/7/2023 8:00,0.0017155,4,SB,-6.40E-06,MB,1.83E-09
9/7/2023 12:00,0.0018835,4,MB,9.36E-05,SS,1.38E-08
9/7/2023 16:00,0.0081735,2,SS,-0.000735,MS,1.35E-07
9/7/2023 18:00,0.0064465,2,MS,-0.000445,WS,4.95E-08
9/7/2023 20:00,0.00562875,4,WS,-0.0001503,SB,2.98E-08
9/8/2023 0:00,-0.005902,3,SB,0.0019495,MB,2.66E-06
9/8/2023 3:00,-0.0015955,2,MB,0.001055,WB,2.78E-07
9/8/2023 5:00,0.001353,2,WB,0.001526,WS,5.82E-07
9/8/2023 7:00,0.0034334,5,WS,-6.74E-05,WB,1.19E-07
9/8/2023 12:00,0.002061,4,WB,-5.80E-05,WS,5.57E-09
9/8/2023 16:00,0.0030145,6,WS,-0.000440886,WB,6.00E-07
9/8/2023 22:00,0.001180333,3,WB,-5.50E-06,WS,1.45E-08
9/9/2023 1:00,0.002540667,3,WS,0.000242,MS,3.94E-08
9/9/2023 4:00,0.003587,4,MS,0.0002378,WB,7.11E-08
9/9/2023 8:00,0.002109,7,WB,-4.13E-05,MB,1.83E-08
9/9/2023 15:00,0.001645,2,MB,-0.0004,WS,4.00E-08
9/9/2023 17:00,0.002655,2,WS,6.00E-06,MS,9.00E-12
9/9/2023 19:00,0.0033776,5,MS,0.0001159,WB,5.13E-08
9/10/2023 0:00,0.002474,1,WB,0,SB,0
9/10/2023 1:00,-4.55E-05,4,SB,-0.0002002,MB,6.42E-08
9/10/2023 5:00,0.000770667,3,MB,0.0002635,SB,5.95E-08
9/10/2023 8:00,-0.0010485,2,SB,0.000907,MB,2.06E-07
9/10/2023 10:00,-0.000171,1,MB,0,WB,0
9/10/2023 11:00,0.000396,1,WB,0,WS,0
9/10/2023 12:00,0.0021986,5,WS,8.47E-05,SS,2.66E-08
9/10/2023 17:00,0.005126667,3,SS,0.000564,MS,2.23E-07
9/10/2023 20:00,0.003599,3,MS,-0.00021,WS,2.99E-08
9/10/2023 23:00,0.003096,1,WS,0,WB,0
9/11/2023 0:00,0.000689,1,WB,0,MB,0
9/11/2023 1:00,-0.0011374,5,MB,1.82E-05,WB,1.07E-07
9/11/2023 6:00,0.0006065,2,WB,0.000737,MS,1.36E-07
9/11/2023 8:00,0.00503275,8,MS,0.000235929,WS,4.65E-07
9/11/2023 16:00,0.003333,1,WS,0,WB,0
9/11/2023 17:00,0.002121,3,WB,-0.0004575,MB,1.40E-07
9/11/2023 20:00,4.00E-05,2,MB,0.00045,WB,5.06E-08
9/11/2023 22:00,0.000787667,3,WB,0.0003595,MB,9.43E-08
9/12/2023 1:00,-0.000230333,3,MB,0.000213,WB,8.76E-08
9/12/2023 4:00,0.000804,1,WB,0,MB,0
9/12/2023 5:00,0.000205333,3,MB,-0.0002855,WB,6.06E-08
9/12/2023 8:00,0.001895,1,WB,0,WS,0
9/12/2023 9:00,0.002534,1,WS,0,MS,0
9/12/2023 10:00,0.0039,2,MS,0.000338,SS,2.86E-08
9/12/2023 12:00,0.006301333,3,SS,-0.000523,MS,2.10E-07
9/12/2023 15:00,0.004861,1,MS,0,MB,0
9/12/2023 16:00,0.000136,1,MB,0,WB,0
9/12/2023 17:00,0.000835429,7,WB,1.00E-05,SB,1.27E-07
9/13/2023 0:00,-0.002882,1,SB,0,MB,0
9/13/2023 1:00,-0.00143175,4,MB,0.0003645,WB,1.68E-07
9/13/2023 5:00,0.00044,2,WB,0.001076,WS,2.89E-07
9/13/2023 7:00,0.001636,1,WS,0,MS,0
9/13/2023 8:00,0.0050876,5,MS,-0.0004735,WS,4.99E-07
9/13/2023 13:00,0.003087,3,WS,-0.00038,SB,9.78E-08
9/13/2023 16:00,-0.003525,2,SB,0.00039,MB,3.80E-08
9/13/2023 18:00,-0.00296,10,MB,-0.000107818,WB,7.12E-07
9/14/2023 4:00,-0.000898,2,WB,0.000838,WS,1.76E-07
9/14/2023 6:00,0.0002245,2,WS,0.000345,SS,2.98E-08
9/14/2023 8:00,0.007066333,6,SS,0.000138571,MS,1.62E-07
9/14/2023 14:00,0.0065445,2,MS,-0.000993,WB,2.47E-07
9/14/2023 16:00,-0.0002395,4,WB,0.0002984,MB,1.31E-07
9/14/2023 20:00,-0.001832,2,MB,-0.00011,WB,3.03E-09
9/14/2023 22:00,0.000378333,12,WB,0.000207112,WS,8.61E-07
9/15/2023 10:00,0.00199325,4,WS,8.21E-05,MS,1.48E-08
9/15/2023 14:00,0.001952,1,MS,0,SS,0
9/15/2023 15:00,0.0062026,5,SS,0.0006497,WS,3.55E-06
9/15/2023 20:00,0.00320875,4,WS,-6.45E-05,MB,1.25E-07
9/16/2023 0:00,-0.000978125,8,MB,-5.93E-05,WS,2.34E-08
9/16/2023 8:00,0.0042025,4,WS,0.0001264,MS,2.41E-08
9/16/2023 12:00,0.005274,3,MS,-0.000159,WS,1.69E-08
9/16/2023 15:00,0.0048585,2,WS,-0.000275,MS,1.89E-08
9/16/2023 17:00,0.005716571,7,MS,0.000135071,WS,1.38E-07
9/17/2023 0:00,0.0039345,4,WS,3.08E-05,SB,4.51E-09
9/17/2023 4:00,-0.001121,5,SB,-0.0002082,MB,1.32E-07
9/17/2023 9:00,0.0004332,5,MB,0.0002021,WB,9.39E-08
9/17/2023 14:00,0.00068,1,WB,0,MB,0
9/17/2023 15:00,-4.20E-05,2,MB,-0.000624,WB,9.73E-08
9/17/2023 17:00,0.001055,2,WB,0.001076,WS,2.89E-07
9/17/2023 19:00,0.002404,2,WS,0.000934,MS,2.18E-07
9/17/2023 21:00,0.003225667,3,MS,0.00017,WB,1.95E-08
9/18/2023 0:00,0.00101,1,WB,0,WS,0
9/18/2023 1:00,0.001226,3,WS,0.0001735,MS,2.07E-08
9/18/2023 4:00,0.002104,2,MS,-0.000112,WS,3.14E-09
9/18/2023 6:00,0.0019535,2,WS,-3.50E-05,MS,3.06E-10
9/18/2023 8:00,0.002704,4,MS,5.72E-05,SS,4.61E-08
9/18/2023 12:00,0.003547,1,SS,0,WS,0
9/18/2023 13:00,0.002527667,3,WS,-0.0001555,SB,1.73E-08
9/18/2023 16:00,-0.004373667,3,SB,0.001407,MB,1.33E-06
9/18/2023 19:00,-0.001693,1,MB,0,SB,0
9/18/2023 20:00,-0.003122,1,SB,0,MB,0
9/18/2023 21:00,-0.0024047,10,MB,-0.000155121,WB,2.72E-07
9/19/2023 7:00,-0.0023368,5,WB,0.0001368,WS,1.72E-07
9/19/2023 12:00,-0.001189667,3,WS,-0.000206,MS,3.24E-08
9/19/2023 15:00,-0.001537,1,MS,0,SS,0
9/19/2023 16:00,0.0025175,6,SS,0.000143114,MS,3.15E-07
9/19/2023 22:00,0.00231,2,MS,-0.000226,MB,1.28E-08
9/20/2023 0:00,-0.002519,2,MB,0.000166,WB,6.89E-09
9/20/2023 2:00,-0.001282,1,WB,0,WS,0
9/20/2023 3:00,-0.000408,1,WS,0,WB,0
9/20/2023 4:00,-0.00144925,4,WB,-9.81E-05,MB,3.18E-08
9/20/2023 8:00,-0.0026214,5,MB,0.0001813,WB,8.05E-08
9/20/2023 13:00,-0.001885,3,WB,5.65E-05,MS,2.24E-09
9/20/2023 16:00,0.00175725,4,MS,1.47E-05,SS,1.73E-07
9/20/2023 20:00,0.003391,4,SS,0.000153,WS,5.67E-08
9/21/2023 0:00,0.0006195,2,WS,0.001257,MS,3.95E-07
9/21/2023 2:00,0.002069667,3,MS,-5.90E-05,WS,2.14E-08
9/21/2023 5:00,0.001251667,3,WS,-5.70E-05,SS,5.10E-09
9/21/2023 8:00,0.004484,1,SS,0,MS,0
9/21/2023 9:00,0.003905,7,MS,0.000166893,MB,1.43E-07
9/21/2023 16:00,0.001047,3,MB,-0.000508,SB,1.74E-07
9/21/2023 19:00,-0.000307,1,SB,0,MB,0
9/21/2023 20:00,0.0005045,4,MB,-3.12E-05,SB,3.88E-08
9/22/2023 0:00,-0.003984333,6,SB,-0.000475771,MB,7.07E-07
9/22/2023 6:00,-0.004373,2,MB,0.000342,WB,2.92E-08
9/22/2023 8:00,-0.001571,1,WB,0,MB,0
9/22/2023 9:00,-0.003163,1,MB,0,WB,0
9/22/2023 10:00,-0.002107667,3,WB,0.000662,WS,2.92E-07
9/22/2023 13:00,-0.000959333,3,WS,-2.25E-05,SS,8.83E-09
9/22/2023 16:00,0.005068,8,SS,0.000598071,MS,2.10E-06
9/23/2023 0:00,0.004718333,3,MS,-0.00023,WS,3.55E-08
9/23/2023 3:00,0.003864833,6,WS,-1.23E-05,WB,7.30E-09
9/23/2023 9:00,0.002605286,7,WB,0.000375071,SB,5.76E-07
9/23/2023 16:00,-0.003833,5,SB,-0.0007772,MB,2.52E-06
9/23/2023 21:00,-0.0023145,2,MB,0.001085,WB,2.94E-07
9/23/2023 23:00,-0.000902,1,WB,0,MS,0
9/24/2023 0:00,0.006373125,8,MS,0.000104083,WS,7.83E-08
9/24/2023 8:00,0.004697375,8,WS,-8.49E-06,MS,1.68E-07
9/24/2023 16:00,0.006226,1,MS,0,WS,0
9/24/2023 17:00,0.006067,4,WS,-0.000295,WB,1.99E-07
9/24/2023 21:00,0.004502,1,WB,0,MB,0
9/24/2023 22:00,0.003925,1,MB,0,SB,0
9/24/2023 23:00,-0.006138429,7,SB,-0.001452857,MB,1.65E-05
9/25/2023 6:00,-0.0064425,2,MB,0.001177,WB,3.46E-07
9/25/2023 8:00,0.0001505,4,WB,-0.0001516,WS,2.98E-08
9/25/2023 12:00,0.003206375,8,WS,-0.000294607,MS,5.27E-07
9/25/2023 20:00,0.00451575,8,MS,0.000220881,WS,2.73E-07
9/26/2023 4:00,0.003826714,7,WS,0.000153071,MS,1.34E-07
9/26/2023 11:00,0.004566,1,MS,0,SS,0
9/26/2023 12:00,0.006791,4,SS,0.0002658,MS,8.85E-08
9/26/2023 16:00,0.0064775,6,MS,0.000190086,SS,1.48E-07
9/26/2023 22:00,0.007418,1,SS,0,MS,0
9/26/2023 23:00,0.007209,1,MS,0,SS,0
9/27/2023 0:00,0.008925667,3,SS,-4.60E-05,MS,1.42E-09
9/27/2023 3:00,0.008909,6,MS,7.68E-05,SS,8.30E-08
9/27/2023 9:00,0.009914,1,SS,0,MS,0
9/27/2023 10:00,0.0097398,5,MS,0.0001341,SS,8.55E-08
9/27/2023 15:00,0.012284833,6,SS,0.000355686,MS,4.21E-07
9/27/2023 21:00,0.012002,2,MS,-0.000674,WS,1.14E-07
9/27/2023 23:00,0.010672,1,WS,0,SB,0
9/28/2023 0:00,0.004836625,8,SB,-0.000366774,MB,7.67E-07
9/28/2023 8:00,0.00562825,4,MB,-3.63E-05,WB,8.09E-09
9/28/2023 12:00,0.0059595,4,WB,0.0001486,MB,3.93E-08
9/28/2023 16:00,0.004666,1,MB,0,SB,0
9/28/2023 17:00,0.0002265,4,SB,9.14E-05,MB,1.22E-08
9/28/2023 21:00,0.001299,1,MB,0,WB,0
9/28/2023 22:00,0.00286,1,WB,0,WS,0
9/28/2023 23:00,0.004168,1,WS,0,MS,0
9/29/2023 0:00,0.0067555,8,MS,-3.37E-05,WS,5.19E-08
9/29/2023 8:00,0.005852583,12,WS,3.60E-05,MS,2.13E-07
9/29/2023 20:00,0.007362,1,MS,0,SS,0
9/29/2023 21:00,0.007832,2,SS,6.20E-05,MS,9.61E-10
9/29/2023 23:00,0.007530286,7,MS,3.80E-05,WS,2.23E-08
9/30/2023 6:00,0.007241,2,WS,-0.000146,MB,5.33E-09
9/30/2023 8:00,0.00550075,4,MB,-0.0001301,SB,2.46E-08
9/30/2023 12:00,0.004957,3,SB,-3.05E-05,MB,2.73E-09
9/30/2023 15:00,0.00508,1,MB,0,SB,0
9/30/2023 16:00,0.002086125,8,SB,-0.000345607,MB,7.51E-07
10/1/2023 0:00,0.001738889,9,MB,-0.000240033,WB,4.61E-07
10/1/2023 9:00,0.002342333,3,WB,0.0002165,MS,5.76E-08
10/1/2023 12:00,0.003407,3,MS,0.0001425,SS,1.79E-08
10/1/2023 15:00,0.0078335,10,SS,0.000600176,MS,3.21E-06
10/2/2023 1:00,0.008008,2,MS,-0.000432,WS,4.67E-08
10/2/2023 3:00,0.006972333,6,WS,4.75E-05,WB,3.74E-08
10/2/2023 9:00,0.005532333,3,WB,1.90E-05,MB,1.26E-08
10/2/2023 12:00,0.004215,1,MB,0,SB,0
10/2/2023 13:00,0.002667,3,SB,-0.000208,MB,5.09E-08
10/2/2023 16:00,0.004444,1,MB,0,WB,0
10/2/2023 17:00,0.005954,1,WB,0,WS,0
10/2/2023 18:00,0.0072845,2,WS,0.000845,MS,1.79E-07
10/2/2023 20:00,0.009239556,9,MS,2.35E-05,WS,7.74E-08
10/3/2023 5:00,0.008253333,3,WS,-0.000271,WB,5.16E-08
10/3/2023 8:00,0.0058708,5,WB,-0.000237,MB,1.20E-07
10/3/2023 13:00,0.005359667,3,MB,-0.000114,WS,2.80E-08
10/3/2023 16:00,0.0080768,5,WS,-0.0001075,WB,3.26E-08
10/3/2023 21:00,0.007442667,3,WB,-0.00018,MB,2.22E-08
10/4/2023 0:00,0.00616,1,MB,0,WB,0
10/4/2023 1:00,0.006623,3,WB,1.00E-05,SB,1.03E-09
10/4/2023 4:00,0.004563333,3,SB,-3.80E-05,MB,1.82E-09
10/4/2023 7:00,0.004607,1,MB,0,SB,0
10/4/2023 8:00,0.003165,7,SB,-0.000240036,MB,2.38E-07
10/4/2023 15:00,0.00297,1,MB,0,WB,0
10/4/2023 16:00,0.004600333,3,WB,0.000224,WS,3.51E-08
10/4/2023 19:00,0.00511,1,WS,0,MS,0
10/4/2023 20:00,0.00596225,4,MS,-0.0001275,WB,3.41E-08
10/5/2023 0:00,0.004146857,7,WB,-2.32E-06,WS,3.09E-09
10/5/2023 7:00,0.004525,1,WS,0,MB,0
10/5/2023 8:00,0.003201,1,MB,0,WB,0
10/5/2023 9:00,0.0039775,2,WB,0.000479,WS,5.74E-08
10/5/2023 11:00,0.004629,1,WS,0,MB,0
10/5/2023 12:00,0.0035555,2,MB,0.000269,SB,1.81E-08
10/5/2023 14:00,0.000767444,9,SB,-0.0002599,MB,8.90E-07
10/5/2023 23:00,0.0004238,5,MB,0.0001108,WB,5.19E-08
10/6/2023 4:00,0.00111125,4,WB,5.77E-05,MS,6.38E-09
10/6/2023 8:00,0.002628,1,MS,0,WS,0
10/6/2023 9:00,0.001991,2,WS,-0.000734,WB,1.35E-07
10/6/2023 11:00,0.001013,1,WB,0,SB,0
10/6/2023 12:00,-0.002487286,7,SB,-0.000707536,MB,3.34E-06
10/6/2023 19:00,-0.002821,1,MB,0,WB,0
10/6/2023 20:00,-0.00068,1,WB,0,WS,0
10/6/2023 21:00,0.0005405,2,WS,0.000841,MS,1.77E-07
10/6/2023 23:00,0.001544,1,MS,0,SS,0
10/7/2023 0:00,0.007391143,7,SS,0.00043925,MS,9.34E-07
10/7/2023 7:00,0.006892,3,MS,-0.00082,WS,8.32E-07
10/7/2023 10:00,0.0056185,2,WS,-0.000231,WB,1.33E-08
10/7/2023 12:00,0.00105825,4,WB,-0.0003047,MB,1.17E-07
10/7/2023 16:00,-0.00201625,12,MB,-0.00012257,WB,6.11E-07
10/8/2023 4:00,-0.000374,3,WB,0.000517,WS,1.80E-07
10/8/2023 7:00,0.000769,1,WS,0,MS,0
10/8/2023 8:00,0.004294,1,MS,0,SS,0
10/8/2023 9:00,0.004628333,3,SS,9.15E-05,MS,5.66E-09
10/8/2023 12:00,0.00267175,4,MS,-1.31E-05,WS,1.49E-09
10/8/2023 16:00,0.0019125,4,WS,7.00E-06,MS,1.60E-09
10/8/2023 20:00,0.003789,4,MS,-0.0001014,WS,1.32E-08
10/9/2023 0:00,0.00266275,4,WS,0.0001153,MS,3.08E-08
10/9/2023 4:00,0.004433,3,MS,0.000232,SS,3.61E-08
10/9/2023 7:00,0.00494,1,SS,0,MS,0
10/9/2023 8:00,0.004646,1,MS,0,MB,0
10/9/2023 9:00,0.0019065,2,MB,0.000243,WB,1.48E-08
10/9/2023 11:00,0.002347,1,WB,0,MB,0
10/9/2023 12:00,0.001689,1,MB,0,WB,0
10/9/2023 13:00,0.002889,1,WB,0,MS,0
10/9/2023 14:00,0.003937,2,MS,0.000192,MB,9.22E-09
10/9/2023 16:00,0.0016465,4,MB,-1.30E-05,WB,1.51E-09
10/9/2023 20:00,0.00278775,4,WB,5.07E-05,SS,3.26E-09
10/10/2023 0:00,0.0050415,2,SS,-0.000117,MS,3.42E-09
10/10/2023 2:00,0.004778,2,MS,-7.00E-05,SS,1.22E-09
10/10/2023 4:00,0.005539,1,SS,0,MS,0
10/10/2023 5:00,0.005757091,11,MS,8.15E-05,MB,7.41E-08
10/10/2023 16:00,0.002467,1,MB,0,WS,0
10/10/2023 17:00,0.004863667,3,WS,0.000154,MB,2.00E-08
10/10/2023 20:00,0.00384325,4,MB,1.35E-05,SB,1.74E-09
10/11/2023 0:00,0.0035,1,SB,0,MB,0
10/11/2023 1:00,0.003549,2,MB,-8.40E-05,SB,1.76E-09
10/11/2023 3:00,0.000665,5,SB,-0.0006089,MB,1.36E-06
10/11/2023 8:00,0.002132,1,MB,0,WB,0
10/11/2023 9:00,0.002506,3,WB,0.00016,WS,1.74E-08
10/11/2023 12:00,0.003927667,3,WS,-8.20E-05,MS,9.55E-09
10/11/2023 15:00,0.004449,1,MS,0,SS,0
10/11/2023 16:00,0.00918,7,SS,0.000487464,MS,1.15E-06
10/11/2023 23:00,0.009941,1,MS,0,SS,0
10/12/2023 0:00,0.011825,2,SS,-0.000286,MS,2.04E-08
10/12/2023 2:00,0.010831,5,MS,-0.0003577,WS,2.58E-07
10/12/2023 7:00,0.009692,1,WS,0,MB,0
10/12/2023 8:00,0.00610125,8,MB,0.000135214,WB,1.33E-07
10/12/2023 16:00,0.00851675,4,WB,0.0001269,WS,2.32E-08
10/12/2023 20:00,0.008805,3,WS,-0.000158,WB,1.72E-08
10/12/2023 23:00,0.00826,1,WB,0,MB,0
10/13/2023 0:00,0.0067845,2,MB,-0.000215,WB,1.16E-08
10/13/2023 2:00,0.0070735,2,WB,0.000509,WS,6.48E-08
10/13/2023 4:00,0.008073,2,WS,0.000404,MS,4.08E-08
10/13/2023 6:00,0.008712,2,MS,0.000392,SS,3.84E-08
10/13/2023 8:00,0.009994667,3,SS,2.45E-05,MS,1.88E-09
10/13/2023 11:00,0.009823,3,MS,-0.000221,WS,3.66E-08
10/13/2023 14:00,0.009128333,3,WS,0.000103,MS,1.12E-08
10/13/2023 17:00,0.0095805,2,MS,6.30E-05,WS,9.92E-10
10/13/2023 19:00,0.009441,1,WS,0,WB,0
10/13/2023 20:00,0.008584,1,WB,0,WS,0
10/13/2023 21:00,0.008838,1,WS,0,WB,0
10/13/2023 22:00,0.008618,1,WB,0,MB,0
10/13/2023 23:00,0.0077565,2,MB,-3.90E-05,SB,3.80E-10
10/14/2023 1:00,0.0069268,5,SB,-0.0002004,MB,8.25E-08
10/14/2023 6:00,0.007057,1,MB,0,WB,0
10/14/2023 7:00,0.007803,1,WB,0,SS,0
10/14/2023 8:00,0.0115302,5,SS,7.30E-05,MS,2.68E-08
10/14/2023 13:00,0.010962333,3,MS,-0.000296,SB,5.85E-08
10/14/2023 16:00,0.0053895,2,SB,-0.000399,MB,3.98E-08
10/14/2023 18:00,0.006062,2,MB,0.000118,SB,3.48E-09
10/14/2023 20:00,0.004834,1,SB,0,MB,0
10/14/2023 21:00,0.004691333,3,MB,5.90E-05,SB,3.02E-09
10/15/2023 0:00,0.002982,1,SB,0,MB,0
10/15/2023 1:00,0.003633571,7,MB,-4.33E-05,WB,1.01E-07
10/15/2023 8:00,0.006019,2,WB,0.00024,WS,1.44E-08
10/15/2023 10:00,0.006043,2,WS,-9.80E-05,MS,2.40E-09
10/15/2023 12:00,0.00719875,4,MS,-7.97E-05,WB,9.39E-09
10/15/2023 16:00,0.004472,1,WB,0,WS,0
10/15/2023 17:00,0.005159,1,WS,0,WB,0
10/15/2023 18:00,0.004998,1,WB,0,WS,0
10/15/2023 19:00,0.005392,1,WS,0,MS,0
10/15/2023 20:00,0.006657,3,MS,-9.00E-06,WS,7.74E-09
10/15/2023 23:00,0.005839,1,WS,0,WB,0
10/16/2023 0:00,0.004866333,3,WB,0.0001235,MB,6.19E-08
10/16/2023 3:00,0.004369,1,MB,0,SB,0
10/16/2023 4:00,0.002091,2,SB,0.000496,MB,6.15E-08
10/16/2023 6:00,0.003407,2,MB,0.000234,SB,1.37E-08
10/16/2023 8:00,0.002086,1,SB,0,MB,0
10/16/2023 9:00,0.003426,1,MB,0,WB,0
10/16/2023 10:00,0.004338667,3,WB,0.0002765,WS,7.13E-08
10/16/2023 13:00,0.005491,1,WS,0,SS,0
10/16/2023 14:00,0.008495,5,SS,0.0005891,MS,1.10E-06
10/16/2023 19:00,0.008827,1,MS,0,SS,0
10/16/2023 20:00,0.0105555,2,SS,-0.000473,MS,5.59E-08
10/16/2023 22:00,0.009417,2,MS,-0.00021,MB,1.10E-08
10/17/2023 0:00,0.002872,8,MB,-0.000227119,WB,3.59E-07
10/17/2023 8:00,0.004434,4,WB,7.00E-06,MB,1.23E-09
10/17/2023 12:00,0.0030565,4,MB,-0.0002406,SB,7.35E-08
10/17/2023 16:00,-0.000171,2,SB,-0.000592,MB,8.76E-08
10/17/2023 18:00,-0.0005844,10,MB,6.17E-05,WB,1.13E-07
10/18/2023 4:00,0.000750857,7,WB,-2.07E-06,WS,3.51E-08
10/18/2023 11:00,0.000677333,3,WS,0.000151,MS,1.70E-08
10/18/2023 14:00,0.001167,1,MS,0,SS,0
10/18/2023 15:00,0.001549,1,SS,0,MB,0
10/18/2023 16:00,-0.00078125,4,MB,-0.0001479,SB,2.79E-08
10/18/2023 20:00,-0.0047643,10,SB,-0.000542903,MB,2.83E-06
10/19/2023 6:00,-0.006037,2,MB,5.80E-05,WB,8.41E-10
10/19/2023 8:00,-0.0030855,4,WB,-4.40E-06,WS,6.44E-08
10/19/2023 12:00,-0.002997,1,WS,0,WB,0
10/19/2023 13:00,-0.004071,3,WB,-0.0002895,SB,6.02E-08
10/19/2023 16:00,-0.0110405,4,SB,0.000613,MB,4.71E-07
10/19/2023 20:00,-0.00931975,4,MB,-9.00E-07,WB,7.96E-09
10/20/2023 0:00,-0.00771,2,WB,0.000118,WS,3.48E-09
10/20/2023 2:00,-0.005521667,6,WS,9.70E-05,MS,1.56E-07
10/20/2023 8:00,-0.003043,3,MS,6.10E-05,SS,6.23E-08
10/20/2023 11:00,0.0037746,10,SS,0.001164121,MS,1.35E-05
10/20/2023 21:00,0.006252667,3,MS,-0.000453,WS,1.49E-07
10/21/2023 0:00,0.0027052,5,WS,0.0001536,WB,2.01E-07
10/21/2023 5:00,0.002138,7,WB,5.78E-05,MB,5.84E-08
10/21/2023 12:00,0.00014775,4,MB,0.0001965,SB,5.79E-08
10/21/2023 16:00,-0.0025105,2,SB,-0.000505,MB,6.38E-08
10/21/2023 18:00,-0.000861,2,MB,0.001044,WS,2.72E-07
10/21/2023 20:00,0.002626333,3,WS,0.0001515,MS,1.56E-08
10/21/2023 23:00,0.0032174,5,MS,0.0001263,SS,6.35E-08
10/22/2023 4:00,0.005589,3,SS,0.000187,MS,2.74E-08
10/22/2023 7:00,0.005553,1,MS,0,SS,0
10/22/2023 8:00,0.006991,3,SS,0.0005375,MS,2.09E-07
10/22/2023 11:00,0.0075498,5,MS,3.63E-05,SS,4.52E-09
10/22/2023 16:00,0.00964075,4,SS,0.0001703,MS,4.03E-08
10/22/2023 20:00,0.00976875,4,MS,0.0002213,SS,6.31E-08
10/23/2023 0:00,0.014508222,9,SS,0.000827117,MS,4.82E-06
10/23/2023 9:00,0.0151845,2,MS,-0.001419,WS,5.03E-07
10/23/2023 11:00,0.012893,1,WS,0,WB,0
10/23/2023 12:00,0.011258,1,WB,0,MB,0
10/23/2023 13:00,0.008545,2,MB,-0.001534,SB,5.88E-07
10/23/2023 15:00,-0.002964333,6,SB,-0.001208743,MB,1.92E-05
10/23/2023 21:00,-0.0016745,2,MB,0.001091,WB,2.98E-07
10/23/2023 23:00,0.002133,1,WB,0,MS,0
10/24/2023 0:00,0.020802,2,MS,0.00088,SS,1.94E-07
10/24/2023 2:00,0.02548275,4,SS,0.0012281,MS,1.95E-06
10/24/2023 6:00,0.024672667,3,MS,-0.0038645,WS,1.09E-05
10/24/2023 9:00,0.015592,5,WS,-0.0016497,WB,5.72E-06
10/24/2023 14:00,0.011427,8,WB,-2.19E-05,MB,6.47E-08
10/24/2023 22:00,0.011014,5,MB,-2.64E-05,WB,1.18E-08
10/25/2023 3:00,0.0119114,5,WB,0.0002307,WS,1.13E-07
10/25/2023 8:00,0.013631,1,WS,0,MS,0
10/25/2023 9:00,0.0135005,2,MS,-1.90E-05,SS,9.02E-11
10/25/2023 11:00,0.0147732,5,SS,0.0004621,WS,4.71E-07
10/25/2023 16:00,0.013237,3,WS,-0.0001325,WB,3.79E-08
10/25/2023 19:00,0.0123595,4,WB,-0.0001032,MB,1.80E-08
10/25/2023 23:00,0.011832,1,MB,0,WS,0
10/26/2023 0:00,0.013007,1,WS,0,WB,0
10/26/2023 1:00,0.012745,1,WB,0,WS,0
10/26/2023 2:00,0.013205,1,WS,0,MS,0
10/26/2023 3:00,0.014065,1,MS,0,SS,0
10/26/2023 4:00,0.018666,8,SS,0.000600833,WS,2.29E-06
10/26/2023 12:00,0.015653,1,WS,0,WB,0
10/26/2023 13:00,0.013980667,3,WB,-0.0006635,SB,2.94E-07
10/26/2023 16:00,0.009812,1,SB,0,MB,0
10/26/2023 17:00,0.0109345,2,MB,0.000549,SB,7.54E-08
10/26/2023 19:00,0.0092965,2,SB,-0.000341,MB,2.91E-08
10/26/2023 21:00,0.010563714,7,MB,0.000232071,WB,3.97E-07
10/27/2023 4:00,0.011156,4,WB,9.80E-05,WS,1.64E-08
10/27/2023 8:00,0.0130895,2,WS,0.000367,MS,3.37E-08
10/27/2023 10:00,0.013859333,3,MS,0.0001605,SS,1.77E-08
10/27/2023 13:00,0.014594667,3,SS,8.95E-05,MS,6.24E-09
10/27/2023 16:00,0.013424,1,MS,0,WS,0
10/27/2023 17:00,0.01271575,4,WS,-0.0002549,WB,8.43E-08
10/27/2023 21:00,0.011447,1,WB,0,MB,0
10/27/2023 22:00,0.010685,1,MB,0,SB,0
10/27/2023 23:00,0.0080718,5,SB,-0.0004478,MB,1.16E-06
10/28/2023 4:00,0.0088375,4,MB,0.0004168,SS,2.21E-07
10/28/2023 8:00,0.016561667,3,SS,0.0001675,MS,5.74E-08
10/28/2023 11:00,0.0165334,5,MS,-3.78E-05,WS,1.49E-08
10/28/2023 16:00,0.01377375,4,WS,0.0001733,MS,5.76E-08
10/28/2023 20:00,0.01809625,4,MS,0.0003675,SS,1.79E-07
10/29/2023 0:00,0.02216,2,SS,-0.001438,MS,5.17E-07
10/29/2023 2:00,0.0207395,6,MS,6.15E-05,WS,1.16E-07
10/29/2023 8:00,0.018959,3,WS,-0.0006195,WB,2.68E-07
10/29/2023 11:00,0.01785,1,WB,0,MB,0
10/29/2023 12:00,0.016035,1,MB,0,WB,0
10/29/2023 13:00,0.017383,3,WB,0.000725,SS,3.51E-07
10/29/2023 16:00,0.02756425,8,SS,0.000488643,WB,1.67E-06
10/30/2023 0:00,0.020777667,3,WB,-0.000808,MB,4.65E-07
10/30/2023 3:00,0.018987,1,MB,0,SB,0
10/30/2023 4:00,0.0129965,4,SB,-0.0006358,MB,5.06E-07
10/30/2023 8:00,0.012750625,8,MB,-0.000195774,WB,6.51E-07
10/30/2023 16:00,0.0166045,6,WB,-0.000126714,WS,5.70E-08
10/30/2023 22:00,0.0160385,2,WS,-0.000309,MB,2.39E-08
10/31/2023 0:00,0.01174075,4,MB,-0.0001861,SB,5.20E-08
10/31/2023 4:00,0.008786333,6,SB,-0.000392514,MB,4.68E-07
10/31/2023 10:00,0.0086385,4,MB,0.0005832,WB,4.27E-07
10/31/2023 14:00,0.010195,3,WB,0.0008285,WS,6.22E-07
10/31/2023 17:00,0.011122286,7,WS,-0.000163321,SS,1.39E-07
11/1/2023 0:00,0.015341286,7,SS,0.000276857,MS,9.83E-07
11/1/2023 7:00,0.0152508,5,MS,-0.0001238,WB,3.24E-08
11/1/2023 12:00,0.01265475,4,WB,0.0005043,MS,3.19E-07
11/1/2023 16:00,0.0157645,2,MS,-0.000479,SS,5.74E-08
11/1/2023 18:00,0.024191714,14,SS,0.001102448,MS,2.20E-05
11/2/2023 8:00,0.027032,3,MS,0.0010535,WS,1.11E-06
11/2/2023 11:00,0.026158,1,WS,0,WB,0
11/2/2023 12:00,0.020187,2,WB,-0.001302,MB,4.24E-07
11/2/2023 14:00,0.016929,2,MB,-0.001746,SB,7.62E-07
11/2/2023 16:00,0.010306833,6,SB,-0.000794257,MB,2.10E-06
11/2/2023 22:00,0.009270294,17,MB,-0.000298292,WB,3.81E-06
11/3/2023 15:00,0.008317,1,WB,0,MS,0
11/3/2023 16:00,0.01164275,4,MS,-0.0002641,WS,9.09E-08
11/3/2023 20:00,0.0103705,4,WS,-0.000365,SB,1.68E-07
11/4/2023 0:00,0.0038375,4,SB,0.0002432,MB,7.62E-08
11/4/2023 4:00,0.0050525,4,MB,0.000327,MS,1.34E-07
11/4/2023 8:00,0.012294125,8,MS,5.28E-05,WS,1.57E-08
11/4/2023 16:00,0.0101005,8,WS,-5.47E-05,WB,3.75E-08
11/5/2023 0:00,0.009063,1,WB,0,WS,0
11/5/2023 1:00,0.01014575,4,WS,0.0005603,MS,4.13E-07
11/5/2023 5:00,0.012153333,3,MS,0.0001615,SS,4.02E-08
11/5/2023 8:00,0.0185564,5,SS,-0.0002996,MS,1.91E-07
11/5/2023 13:00,0.017434667,3,MS,-0.000143,WB,1.45E-08
11/5/2023 16:00,0.011517,2,WB,0.000656,WS,1.08E-07
11/5/2023 18:00,0.0142405,2,WS,0.001785,MS,7.97E-07
11/5/2023 20:00,0.017885667,3,MS,-0.000618,WS,2.94E-07
11/5/2023 23:00,0.017116,1,WS,0,SS,0
11/6/2023 0:00,0.0225725,2,SS,-0.000111,MS,3.08E-09
11/6/2023 2:00,0.020993667,3,MS,-0.001007,WS,6.98E-07
11/6/2023 5:00,0.019423,3,WS,-0.000195,SB,3.33E-08
11/6/2023 8:00,0.0125615,2,SB,-0.000151,MB,5.70E-09
11/6/2023 10:00,0.012369167,6,MB,-0.000501229,WB,1.03E-06
11/6/2023 16:00,0.014023,1,WB,0,MB,0
11/6/2023 17:00,0.012113857,7,MB,-0.000492321,SB,1.12E-06
11/7/2023 0:00,0.006971,4,SB,-8.16E-05,MB,1.11E-08
11/7/2023 4:00,0.00706925,4,MB,0.0001383,WB,2.45E-08
11/7/2023 8:00,0.008876,12,WB,-0.000113364,WS,2.87E-07
11/7/2023 20:00,0.0088505,4,WS,5.88E-05,SS,6.56E-09
11/8/2023 0:00,0.01165375,4,SS,-0.0002127,MS,6.85E-08
11/8/2023 4:00,0.010956,4,MS,-0.0001288,MB,2.10E-08
11/8/2023 8:00,0.00773775,8,MB,-1.40E-05,MS,3.56E-09
11/8/2023 16:00,0.01084525,4,MS,0.0002177,SS,6.00E-08
11/8/2023 20:00,0.012992,2,SS,-8.00E-05,MS,1.60E-09
11/8/2023 22:00,0.013253,10,MS,5.72E-05,SS,7.06E-08
11/9/2023 8:00,0.017171667,3,SS,-0.000604,MS,2.44E-07
11/9/2023 11:00,0.015794,1,MS,0,SS,0
11/9/2023 12:00,0.020619875,8,SS,0.000675583,MS,4.19E-06
11/9/2023 20:00,0.021182,1,MS,0,SS,0
11/9/2023 21:00,0.0287325,2,SS,0.001865,MS,8.70E-07
11/9/2023 23:00,0.02242,1,MS,0,SS,0
11/10/2023 0:00,0.062003167,6,SS,-0.000363743,MS,3.03E-06
11/10/2023 6:00,0.0610055,2,MS,0.000323,WS,2.61E-08
11/10/2023 8:00,0.03536,1,WS,0,WB,0
11/10/2023 9:00,0.0300822,5,WB,-0.001923,MB,7.67E-06
11/10/2023 14:00,0.012294067,15,MB,-0.000830121,WB,2.74E-05
11/11/2023 5:00,0.011486333,3,WB,0.0004425,WS,1.31E-07
11/11/2023 8:00,0.0174304,5,WS,-0.0001141,MS,5.21E-08
11/11/2023 13:00,0.016612667,3,MS,-0.00054,MB,1.94E-07
11/11/2023 16:00,0.0091874,5,MB,-9.81E-05,WB,5.87E-08
11/11/2023 21:00,0.010079,3,WB,0.0002815,SS,5.46E-08
11/12/2023 0:00,0.018841,1,SS,0,MS,0
11/12/2023 1:00,0.019566857,7,MS,0.000274857,WS,3.49E-07
11/12/2023 8:00,0.017637,1,WS,0,MS,0
11/12/2023 9:00,0.0192154,5,MS,0.0001199,WS,1.59E-07
11/12/2023 14:00,0.018557,2,WS,-0.00053,MS,7.02E-08
11/12/2023 16:00,0.023021667,3,MS,0.000397,SS,2.36E-07
11/12/2023 19:00,0.028315833,6,SS,0.000509457,MS,9.88E-07
11/13/2023 1:00,0.027129667,3,MS,-0.001116,WS,8.41E-07
11/13/2023 4:00,0.023961,2,WS,-0.001006,WB,2.53E-07
11/13/2023 6:00,0.022354,2,WB,-0.00054,SB,7.29E-08
11/13/2023 8:00,0.014319286,7,SB,-0.000512214,MB,1.35E-06
11/13/2023 15:00,0.013643,1,MB,0,WB,0
11/13/2023 16:00,0.018981,1,WB,0,MB,0
11/13/2023 17:00,0.015105143,7,MB,-0.000724036,SB,2.16E-06
11/14/2023 0:00,0.009478,1,SB,0,MB,0
11/14/2023 1:00,0.009168143,7,MB,-0.000169143,MS,1.63E-07
11/14/2023 8:00,0.015425,1,MS,0,WS,0
11/14/2023 9:00,0.014628,3,WS,6.20E-05,MS,1.67E-08
11/14/2023 12:00,0.015903667,3,MS,0.00021,WS,9.54E-08
11/14/2023 15:00,0.014999,1,WS,0,SS,0
11/14/2023 16:00,0.021081333,3,SS,-0.000142,MS,3.14E-08
11/14/2023 19:00,0.0180025,2,MS,-0.001099,WS,3.02E-07
11/14/2023 21:00,0.016766333,3,WS,2.60E-05,MB,5.68E-10
11/15/2023 0:00,0.0097045,8,MB,-0.00018381,WB,2.25E-07
11/15/2023 8:00,0.0143205,6,WB,1.69E-06,WS,1.96E-10
11/15/2023 14:00,0.01427,2,WS,-5.20E-05,MB,6.76E-10
11/15/2023 16:00,0.008179143,7,MB,0.000128143,WB,7.63E-08
11/15/2023 23:00,0.009072,1,WB,0,WS,0
11/16/2023 0:00,0.012248,1,WS,0,MS,0
11/16/2023 1:00,0.014045,6,MS,0.0001584,WS,1.25E-07
11/16/2023 7:00,0.012794667,3,WS,-0.000771,WB,4.66E-07
11/16/2023 10:00,0.011814,1,WB,0,WS,0
11/16/2023 11:00,0.011800333,3,WS,-4.65E-05,WB,2.61E-09
11/16/2023 14:00,0.01061375,4,WB,-0.0004427,MB,2.71E-07
11/16/2023 18:00,0.010097167,6,MB,8.67E-05,SB,3.80E-08
11/17/2023 0:00,0.007814,3,SB,0.0001145,MB,9.22E-09
11/17/2023 3:00,0.0078528,5,MB,-8.00E-05,WS,1.36E-08
11/17/2023 8:00,0.01012725,8,WS,-5.73E-05,MS,2.08E-08
11/17/2023 16:00,0.01023175,4,MS,-1.50E-06,WS,7.46E-10
11/17/2023 20:00,0.0100185,4,WS,-3.76E-05,MB,2.18E-09
11/18/2023 0:00,0.0080815,8,MB,-1.14E-06,SS,4.63E-10
11/18/2023 8:00,0.011532333,3,SS,1.00E-06,MS,8.89E-13
11/18/2023 11:00,0.0115238,5,MS,-8.10E-06,MB,1.85E-10
11/18/2023 16:00,0.007869625,16,MB,-5.82E-05,WB,1.01E-07
11/19/2023 8:00,0.00857025,4,WB,-1.03E-05,WS,1.84E-10
11/19/2023 12:00,0.008538333,3,WS,4.50E-06,MS,1.62E-11
11/19/2023 15:00,0.008544,1,MS,0,WB,0
11/19/2023 16:00,0.007902571,7,WB,1.19E-05,WS,6.42E-10
11/19/2023 23:00,0.008082,1,WS,0,SS,0
11/20/2023 0:00,0.0112799,10,SS,0.000157909,MS,2.49E-07
11/20/2023 10:00,0.0118215,6,MS,-8.31E-05,MB,2.34E-08
11/20/2023 16:00,0.009013875,8,MB,-5.72E-05,SB,2.05E-08
11/21/2023 0:00,0.0066875,4,SB,3.00E-06,MB,1.28E-11
11/21/2023 4:00,0.00686825,4,MB,6.23E-05,WB,6.53E-09
11/21/2023 8:00,0.00903,1,WB,0,WS,0
11/21/2023 9:00,0.008994429,7,WS,-1.08E-05,WB,6.08E-10
11/21/2023 16:00,0.007794571,7,WB,3.32E-06,WS,3.59E-09
11/21/2023 23:00,0.007892,1,WS,0,SS,0
11/22/2023 0:00,0.010582,4,SS,6.30E-05,WS,6.15E-09
11/22/2023 4:00,0.00924125,4,WS,-5.50E-06,SB,9.87E-11
11/22/2023 8:00,0.00629225,4,SB,2.25E-05,WB,6.72E-10
11/22/2023 12:00,0.00779225,4,WB,6.75E-05,MS,6.18E-09
11/22/2023 16:00,0.010730938,16,MS,0.00016499,SS,6.27E-07
11/23/2023 8:00,0.0135124,5,SS,0.0002704,MS,1.55E-07
11/23/2023 13:00,0.013560667,3,MS,-0.000158,WS,1.67E-08
11/23/2023 16:00,0.01183,1,WS,0,WB,0
11/23/2023 17:00,0.011325,1,WB,0,MB,0
11/23/2023 18:00,0.010327667,3,MB,-0.0003865,SB,1.00E-07
11/23/2023 21:00,0.009777,1,SB,0,MB,0
11/23/2023 22:00,0.010293444,9,MB,7.11E-05,WB,7.28E-08
11/24/2023 7:00,0.010436,1,WB,0,MB,0
11/24/2023 8:00,0.010235,1,MB,0,WB,0
11/24/2023 9:00,0.010618,1,WB,0,WS,0
11/24/2023 10:00,0.011491,1,WS,0,MS,0
11/24/2023 11:00,0.012406,1,MS,0,SS,0
11/24/2023 12:00,0.015704625,8,SS,0.000713107,MS,3.61E-06
11/24/2023 20:00,0.016195667,3,MS,-0.0003235,WS,7.11E-08
11/24/2023 23:00,0.01511,1,WS,0,SB,0
11/25/2023 0:00,0.005437667,6,SB,-0.000208629,MB,1.29E-07
11/25/2023 6:00,0.004818,2,MB,-6.20E-05,WB,9.61E-10
11/25/2023 8:00,0.011283286,7,WB,-7.17E-05,WS,2.51E-08
11/25/2023 15:00,0.011102,1,WS,0,MB,0
11/25/2023 16:00,0.00634025,4,MB,-2.81E-05,WB,2.53E-09
11/25/2023 20:00,0.006464,4,WB,5.06E-05,WS,3.24E-09
11/26/2023 0:00,0.009073875,8,WS,0.00013975,MS,1.05E-07
11/26/2023 8:00,0.011669714,7,MS,-0.000100857,SS,5.57E-08
11/26/2023 15:00,0.012517,1,SS,0,WB,0
11/26/2023 16:00,0.0079895,4,WB,5.16E-05,MB,4.34E-09
11/26/2023 20:00,0.007122,3,MB,0.0002295,SB,3.93E-08
11/26/2023 23:00,0.006474,1,SB,0,WS,0
11/27/2023 0:00,0.00970075,4,WS,6.49E-05,MS,7.59E-09
11/27/2023 4:00,0.011104,1,MS,0,WS,0
11/27/2023 5:00,0.010290333,3,WS,-0.0004105,SB,1.16E-07
11/27/2023 8:00,0.006666,1,SB,0,MB,0
11/27/2023 9:00,0.006296667,3,MB,-0.0001665,SB,1.87E-08
11/27/2023 12:00,0.005177,2,SB,-5.40E-05,MB,7.29E-10
11/27/2023 14:00,0.0050425,2,MB,-1.70E-05,SB,7.22E-11
11/27/2023 16:00,0.003689,3,SB,-1.50E-05,MB,1.82E-10
11/27/2023 19:00,0.0035238,5,MB,-2.60E-05,WS,7.32E-09
11/28/2023 0:00,0.008123,2,WS,1.00E-05,MS,2.50E-11
11/28/2023 2:00,0.008717857,7,MS,1.60E-05,WS,4.23E-07
11/28/2023 9:00,0.007422571,7,WS,-7.25E-05,MS,3.19E-08
11/28/2023 16:00,0.008393,1,MS,0,WS,0
11/28/2023 17:00,0.008495143,7,WS,4.69E-05,SB,1.60E-08
11/29/2023 0:00,0.003254125,8,SB,-0.00021694,MS,4.21E-07
11/29/2023 8:00,0.00953725,8,MS,0.000196952,WB,2.17E-07
11/29/2023 16:00,0.005214167,12,WB,8.13E-05,WS,3.04E-07
11/30/2023 4:00,0.007279,4,WS,8.58E-05,MS,9.30E-09
11/30/2023 8:00,0.00895725,4,MS,-4.10E-06,WS,6.32E-11
11/30/2023 12:00,0.008187,1,WS,0,MS,0
11/30/2023 13:00,0.008023,3,MS,-0.000121,MB,1.00E-08
11/30/2023 16:00,0.005014125,8,MB,-9.68E-06,WS,5.12E-09
12/1/2023 0:00,0.0077645,4,WS,0.0001424,MS,2.70E-08
12/1/2023 4:00,0.009483667,3,MS,0.000227,SS,3.66E-08
12/1/2023 7:00,0.017805636,11,SS,0.000975327,MS,1.11E-05
12/1/2023 18:00,0.019718,3,MS,-0.0010605,WS,8.69E-07
12/1/2023 21:00,0.018189,3,WS,-2.75E-05,MB,9.85E-10
12/2/2023 0:00,0.008615333,3,MB,-0.0004495,SB,1.39E-07
12/2/2023 3:00,0.0075465,2,SB,-0.000249,MB,1.55E-08
12/2/2023 5:00,0.007971333,3,MB,0.0003795,WB,9.89E-08
12/2/2023 8:00,0.011417333,12,WB,-0.000105958,WS,4.03E-07
12/2/2023 20:00,0.01342,1,WS,0,MS,0
12/2/2023 21:00,0.013793667,3,MS,3.35E-05,SS,1.15E-09
12/3/2023 0:00,0.015493667,3,SS,0.000203,MS,3.02E-08
12/3/2023 3:00,0.014460667,3,MS,-0.0005335,WS,1.98E-07
12/3/2023 6:00,0.013932,1,WS,0,MS,0
12/3/2023 7:00,0.0151374,5,MS,0.000309,WS,2.82E-07
12/3/2023 12:00,0.014343,4,WS,0.000156,WB,3.24E-08
12/3/2023 16:00,0.013874667,3,WB,9.50E-06,MB,7.20E-10
12/3/2023 19:00,0.013596,1,MB,0,MS,0
12/3/2023 20:00,0.015668,3,MS,9.65E-05,SS,8.87E-09
12/3/2023 23:00,0.0280315,12,SS,0.001698462,MS,3.93E-05
12/4/2023 11:00,0.031909,3,MS,-0.002282,WS,3.52E-06
12/4/2023 14:00,0.0281755,2,WS,-0.000529,WB,7.00E-08
12/4/2023 16:00,0.021229,2,WB,-0.000912,MB,2.08E-07
12/4/2023 18:00,0.0177035,2,MB,-0.000695,SB,1.21E-07
12/4/2023 20:00,0.013748,3,SB,0.00014,MB,1.57E-08
12/4/2023 23:00,0.0153058,5,MB,0.0003964,WB,4.39E-07
12/5/2023 4:00,0.0172677,10,WB,-0.000351679,MB,1.56E-06
12/5/2023 14:00,0.014274,1,MB,0,SB,0
12/5/2023 15:00,0.0119892,5,SB,-0.0002434,MB,1.33E-07
12/5/2023 20:00,0.01180525,4,MB,2.57E-05,MS,1.11E-09
12/6/2023 0:00,0.0170205,2,MS,-5.90E-05,WS,8.70E-10
12/6/2023 2:00,0.016735,2,WS,-0.000176,WB,7.74E-09
12/6/2023 4:00,0.0147585,2,WB,-7.90E-05,WS,1.56E-09
12/6/2023 6:00,0.0146565,2,WS,-1.30E-05,SB,4.23E-11
12/6/2023 8:00,0.009151333,3,SB,4.90E-05,MB,1.87E-09
12/6/2023 11:00,0.0092518,5,MB,1.07E-05,WS,4.43E-10
12/6/2023 16:00,0.0123195,2,WS,-7.00E-06,WB,1.23E-11
12/6/2023 18:00,0.011012833,6,WB,-0.000417171,SB,7.15E-07
12/7/2023 0:00,0.00556025,4,SB,-3.90E-06,MB,2.67E-11
12/7/2023 4:00,0.005812,4,MB,1.00E-05,WS,1.28E-10
12/7/2023 8:00,0.00946025,4,WS,1.31E-05,MS,2.48E-10
12/7/2023 12:00,0.01098925,4,MS,9.70E-06,WS,1.28E-10
12/7/2023 16:00,0.009852,4,WS,3.74E-05,MS,2.50E-09
12/7/2023 20:00,0.01093125,4,MS,0.0002995,SS,1.38E-07
12/8/2023 0:00,0.022998231,13,SS,0.000961571,MS,1.42E-05
12/8/2023 13:00,0.027222,3,MS,-0.00071,WS,3.41E-07
12/8/2023 16:00,0.021517667,3,WS,-0.0007845,WB,4.97E-07
12/8/2023 19:00,0.020062,3,WB,-0.0005385,MB,1.93E-07
12/8/2023 22:00,0.019163,2,MB,-0.000102,SB,2.60E-09
12/9/2023 0:00,0.010319,5,SB,0.0003769,MB,3.23E-07
12/9/2023 5:00,0.011982333,3,MB,0.0008015,MS,4.33E-07
12/9/2023 8:00,0.02474875,8,MS,-0.000381738,MB,1.03E-06
12/9/2023 16:00,0.013756,1,MB,0,WB,0
12/9/2023 17:00,0.015374571,7,WB,0.00023625,WS,2.51E-07
12/10/2023 0:00,0.019067333,3,WS,-0.000568,WB,2.15E-07
12/10/2023 3:00,0.018019,5,WB,1.85E-05,WS,2.67E-08
12/10/2023 8:00,0.021375,2,WS,-0.000354,MS,3.13E-08
12/10/2023 10:00,0.022964,4,MS,0.0005282,SS,4.13E-07
12/10/2023 14:00,0.0266122,5,SS,0.0011706,MS,4.94E-06
12/10/2023 19:00,0.027262286,7,MS,3.37E-05,WS,4.31E-07
12/11/2023 2:00,0.02392,1,WS,0,WB,0
12/11/2023 3:00,0.0230452,5,WB,0.0002196,SB,1.41E-07
12/11/2023 8:00,0.011517714,7,SB,-9.81E-05,MB,2.10E-07
12/11/2023 15:00,0.011377,1,MB,0,WB,0
12/11/2023 16:00,0.01786325,8,WB,-0.000278548,MB,1.02E-06
12/12/2023 0:00,0.00926025,8,MB,-8.45E-05,WS,1.24E-07
12/12/2023 8:00,0.013225,1,WS,0,WB,0
12/12/2023 9:00,0.012183286,7,WB,-0.000187143,WS,1.47E-07
12/12/2023 16:00,0.01396,1,WS,0,MS,0
12/12/2023 17:00,0.016097,2,MS,0.001244,SS,3.87E-07
12/12/2023 19:00,0.017771,1,SS,0,MS,0
12/12/2023 20:00,0.016563,4,MS,-0.000728,SS,6.92E-07
12/13/2023 0:00,0.02143775,4,SS,-0.0003417,MS,1.68E-07
12/13/2023 4:00,0.02038325,4,MS,-0.0004333,SB,2.36E-07
12/13/2023 8:00,0.0097505,2,SB,3.00E-06,MB,2.25E-12
12/13/2023 10:00,0.010813667,6,MB,0.000351771,MS,3.78E-07
12/13/2023 16:00,0.02013925,4,MS,-0.0001021,WS,1.58E-08
12/13/2023 20:00,0.01886625,4,WS,-0.0004845,SB,2.94E-07
12/14/2023 0:00,0.005965333,3,SB,-0.000175,MB,2.08E-08
12/14/2023 3:00,0.0059232,5,MB,5.84E-05,WB,7.22E-09
12/14/2023 8:00,0.008338,16,WB,-0.000116171,SS,4.85E-07
12/15/2023 0:00,0.014655929,14,SS,0.000729699,MS,9.92E-06
12/15/2023 14:00,0.018379,2,MS,-0.00038,WS,3.61E-08
12/15/2023 16:00,0.0149302,5,WS,-0.0002747,WB,1.59E-07
12/15/2023 21:00,0.014282333,3,WB,7.40E-05,SB,4.68E-09
12/16/2023 0:00,0.010452,2,SB,0.000376,MB,3.53E-08
12/16/2023 2:00,0.011328,6,MB,0.000235943,SS,1.73E-07
12/16/2023 8:00,0.0231442,5,SS,8.01E-05,MS,4.00E-08
12/16/2023 13:00,0.022838,3,MS,0.0001565,SS,2.46E-08
12/16/2023 16:00,0.027251,2,SS,-0.001066,MS,2.84E-07
12/16/2023 18:00,0.028547857,14,MS,0.000355086,SS,2.82E-06
12/17/2023 8:00,0.037466333,3,SS,-0.0015525,MS,1.62E-06
12/17/2023 11:00,0.0351448,5,MS,8.03E-05,SB,5.47E-08
12/17/2023 16:00,0.022887,1,SB,0,MB,0
12/17/2023 17:00,0.025536714,7,MB,0.000292607,WS,9.53E-07
12/18/2023 0:00,0.030906,1,WS,0,WB,0
12/18/2023 1:00,0.028818,5,WB,-0.000896,MB,1.65E-06
12/18/2023 6:00,0.026538,1,MB,0,WB,0
12/18/2023 7:00,0.026585,1,WB,0,SB,0
12/18/2023 8:00,0.0078306,5,SB,0.0005886,MB,8.13E-07
12/18/2023 13:00,0.011021,3,MB,0.0002155,WS,7.57E-08
12/18/2023 16:00,0.02288025,8,WS,-0.000275952,MB,4.06E-07
12/19/2023 0:00,0.0105735,4,MB,0.0002888,WB,1.35E-07
12/19/2023 4:00,0.01337375,4,WB,0.0007401,SS,6.88E-07
12/19/2023 8:00,0.037250333,6,SS,0.000722971,MS,1.55E-06
12/19/2023 14:00,0.0380475,2,MS,-0.000653,WS,1.07E-07
12/19/2023 16:00,0.024988,2,WS,-0.00152,WB,5.78E-07
12/19/2023 18:00,0.023051833,6,WB,-0.000673514,WS,1.52E-06
12/20/2023 0:00,0.031449,8,WS,-0.000164476,SB,2.06E-07
12/20/2023 8:00,0.009283,5,SB,3.42E-05,MB,5.29E-09
12/20/2023 13:00,0.010430333,3,MB,0.000883,WB,5.20E-07
12/20/2023 16:00,0.0164625,8,WB,0.00018519,WS,3.92E-07
12/21/2023 0:00,0.022115333,3,WS,0.0007725,MS,4.34E-07
12/21/2023 3:00,0.0236082,5,MS,0.0001453,SS,1.00E-07
12/21/2023 8:00,0.026681,1,SS,0,MS,0
12/21/2023 9:00,0.025549,1,MS,0,SS,0
12/21/2023 10:00,0.028784667,3,SS,0.001308,MS,1.25E-06
12/21/2023 13:00,0.027328,3,MS,-0.001483,WS,1.48E-06
12/21/2023 16:00,0.025389667,3,WS,-0.000678,WB,3.18E-07
12/21/2023 19:00,0.02334025,4,WB,-0.0002185,MB,8.26E-08
12/21/2023 23:00,0.02246,1,MB,0,SB,0
12/22/2023 0:00,0.01521275,4,SB,0.0006207,MB,5.37E-07
12/22/2023 4:00,0.01715275,4,MB,0.0004031,SS,2.08E-07
12/22/2023 8:00,0.066202167,6,SS,-0.000268714,MS,5.52E-07
12/22/2023 14:00,0.0634425,2,MS,-0.001077,WB,2.90E-07
12/22/2023 16:00,0.01972,1,WB,0,MB,0
12/22/2023 17:00,0.0186195,2,MB,-0.000313,WB,2.45E-08
12/22/2023 19:00,0.018133667,3,WB,-0.000285,MB,5.46E-08
12/22/2023 22:00,0.011161929,14,MB,-0.000713321,WB,9.10E-06
12/23/2023 12:00,0.008063333,3,WB,0.000158,MB,1.66E-08
12/23/2023 15:00,0.0086615,2,MB,0.000903,WB,2.04E-07
12/23/2023 17:00,0.008538429,7,WB,-0.000105464,SB,5.00E-08
12/24/2023 0:00,0.006558,1,SB,0,MB,0
12/24/2023 1:00,0.007062,1,MB,0,WB,0
12/24/2023 2:00,0.0081165,2,WB,0.000663,MS,1.10E-07
12/24/2023 4:00,0.009299,1,MS,0,SS,0
12/24/2023 5:00,0.024286444,9,SS,0.003008267,MS,9.10E-05
12/24/2023 14:00,0.0296495,2,MS,-0.000415,WS,4.31E-08
12/24/2023 16:00,0.0183874,5,WS,-0.0001489,WB,4.48E-08
12/24/2023 21:00,0.017145545,11,WB,0.000182709,SS,9.48E-07
12/25/2023 8:00,0.035936375,8,SS,0.000381893,WS,1.07E-06
12/25/2023 16:00,0.0278045,8,WS,-2.38E-06,SS,3.81E-07
12/26/2023 0:00,0.045375333,6,SS,0.0015016,MS,7.34E-06
12/26/2023 6:00,0.045927,6,MS,3.12E-05,WS,6.40E-07
12/26/2023 12:00,0.04320225,4,WS,0.0002629,MS,1.12E-07
12/26/2023 16:00,0.048120667,3,MS,0.001198,WS,2.17E-06
12/26/2023 19:00,0.046542667,3,WS,-0.000976,WB,6.80E-07
12/26/2023 22:00,0.043368,1,WB,0,SB,0
12/26/2023 23:00,0.029963571,7,SB,-0.00148575,MB,2.30E-05
12/27/2023 6:00,0.027226429,7,MB,-5.18E-05,WB,1.88E-06
12/27/2023 13:00,0.029423333,3,WB,-5.00E-06,WS,6.89E-10
12/27/2023 16:00,0.03404175,4,WS,3.99E-05,MS,4.60E-09
12/27/2023 20:00,0.036872,4,MS,-0.0009022,WB,1.02E-06
12/28/2023 0:00,0.0295015,2,WB,0.000743,SS,1.38E-07
12/28/2023 2:00,0.038316,1,SS,0,MS,0
12/28/2023 3:00,0.034198,1,MS,0,WB,0
12/28/2023 4:00,0.030904,1,WB,0,WS,0
12/28/2023 5:00,0.033009333,3,WS,0.001333,SS,1.19E-06
12/28/2023 8:00,0.055027875,8,SS,0.000886345,MS,4.67E-06
12/28/2023 16:00,0.0521655,4,MS,0.0006714,WS,8.34E-07
12/28/2023 20:00,0.05023175,8,WS,0.000143857,WB,2.03E-06
12/29/2023 4:00,0.047411,2,WB,-0.00031,MB,2.40E-08
12/29/2023 6:00,0.046932,2,MB,-0.000112,SB,3.14E-09
12/29/2023 8:00,0.0348942,5,SB,0.0002222,MB,4.28E-07
12/29/2023 13:00,0.0351525,8,MB,-0.00022769,WB,5.70E-07
12/29/2023 21:00,0.0360505,2,WB,-0.000239,MB,1.43E-08
12/29/2023 23:00,0.0330514,5,MB,-0.0003145,WB,7.04E-07
12/30/2023 4:00,0.034236,2,WB,0.000984,WS,2.42E-07
12/30/2023 6:00,0.036756,1,WS,0,SS,0
12/30/2023 7:00,0.045341833,6,SS,0.000937514,MS,7.89E-06
12/30/2023 13:00,0.044040667,3,MS,-0.0006795,MB,3.08E-07
12/30/2023 16:00,0.03048125,8,MB,-0.000512071,WB,1.56E-06
12/31/2023 0:00,0.0347705,8,WB,0.000396857,WS,1.19E-06
12/31/2023 8:00,0.0392905,2,WS,0.001639,MS,6.72E-07
12/31/2023 10:00,0.040768667,3,MS,-0.000883,WS,7.77E-07
12/31/2023 13:00,0.037105545,11,WS,-1.97E-05,SS,6.72E-07
1/1/2024 0:00,0.043714667,6,SS,0.000639429,MS,1.26E-06
1/1/2024 6:00,0.043418667,6,MS,-0.000183143,WS,2.17E-07
1/1/2024 12:00,0.041597667,3,WS,-0.000215,WB,3.64E-08
1/1/2024 15:00,0.040932,1,WB,0,SB,0
1/1/2024 16:00,0.02525925,4,SB,0.0008045,MB,1.11E-06
1/1/2024 20:00,0.031582,1,MB,0,WB,0
1/1/2024 21:00,0.0361805,2,WB,0.002331,WS,1.36E-06
1/1/2024 23:00,0.03934,1,WS,0,SS,0
1/2/2024 0:00,0.063236,3,SS,-0.0001365,MS,5.32E-07
1/2/2024 3:00,0.055657,4,MS,-0.0014242,WS,4.30E-06
1/2/2024 7:00,0.050921,1,WS,0,WB,0
1/2/2024 8:00,0.043032,1,WB,0,WS,0
1/2/2024 9:00,0.046988167,6,WS,0.000720714,WB,3.54E-06
1/2/2024 15:00,0.044866,1,WB,0,WS,0
1/2/2024 16:00,0.050623333,3,WS,-0.0023355,WB,3.66E-06
1/2/2024 19:00,0.045741,1,WB,0,MB,0
1/2/2024 20:00,0.039308,2,MB,-0.001202,SB,3.61E-07
1/2/2024 22:00,0.019278778,9,SB,-0.002815,MB,9.80E-05
1/3/2024 7:00,0.014264778,9,MB,-0.000377167,SB,3.64E-06
1/3/2024 16:00,-0.00427725,4,SB,-0.0002155,MB,7.52E-08
1/3/2024 20:00,-0.0029,4,MB,0.0004844,WS,2.98E-07
1/4/2024 0:00,0.01167,8,WS,0.000152048,WB,1.38E-07
1/4/2024 8:00,0.0065845,2,WB,-8.10E-05,WS,1.64E-09
1/4/2024 10:00,0.007375846,13,WS,0.000340648,WB,2.72E-06
1/4/2024 23:00,0.008247,1,WB,0,SB,0
1/5/2024 0:00,0.0023292,5,SB,-0.000197,MB,1.33E-07
1/5/2024 5:00,0.002964333,3,MB,0.00022,WS,3.23E-08
1/5/2024 8:00,0.007353,2,WS,0.000636,MS,1.01E-07
1/5/2024 10:00,0.0082534,5,MS,0.0001555,WS,8.10E-08
1/5/2024 15:00,0.0070858,5,WS,-0.0004351,WB,4.10E-07
1/5/2024 20:00,0.0043115,4,WB,-0.0001026,SB,1.42E-08
1/6/2024 0:00,0.001361333,3,SB,-0.000185,MB,2.33E-08
1/6/2024 3:00,0.001162,1,MB,0,SB,0
1/6/2024 4:00,0.000819,1,SB,0,MB,0
1/6/2024 5:00,0.002111333,3,MB,0.0007585,WB,3.84E-07
1/6/2024 8:00,0.003544222,9,WB,-0.000147783,MB,1.87E-07
1/6/2024 17:00,0.001830333,3,MB,-1.30E-05,SB,6.46E-09
1/6/2024 20:00,-0.0006155,4,SB,-0.0003186,SS,1.55E-07
1/7/2024 0:00,0.0049015,2,SS,0.000299,MS,2.24E-08
1/7/2024 2:00,0.004454,2,MS,-0.00018,SS,8.10E-09
1/7/2024 4:00,0.00720075,4,SS,3.43E-05,MS,3.50E-09
1/7/2024 8:00,0.0054605,2,MS,-0.000137,WS,4.69E-09
1/7/2024 10:00,0.00536675,4,WS,8.03E-05,MS,1.04E-08
1/7/2024 14:00,0.005849,1,MS,0,WS,0
1/7/2024 15:00,0.005914,1,WS,0,MS,0
1/7/2024 16:00,0.006156,1,MS,0,WS,0
1/7/2024 17:00,0.005265,3,WS,0.000497,WB,1.76E-07
1/7/2024 20:00,0.003369,1,WB,0,MB,0
1/7/2024 21:00,0.0033725,2,MB,-0.000119,SB,3.54E-09
1/7/2024 23:00,0.0001825,8,SB,-0.000466286,MB,1.75E-06
1/8/2024 7:00,-0.00048225,4,MB,-2.79E-05,WB,5.21E-08
1/8/2024 11:00,0.0014135,4,WB,6.20E-06,WS,5.04E-08
1/8/2024 15:00,0.002313,1,WS,0,MS,0
1/8/2024 16:00,0.004257,4,MS,9.74E-05,SS,3.45E-08
1/8/2024 20:00,0.014339,9,SS,0.00129445,MS,1.59E-05
1/9/2024 5:00,0.016433,3,MS,1.05E-05,WS,2.06E-09
1/9/2024 8:00,0.01023775,4,WS,-5.07E-05,WB,3.65E-09
1/9/2024 12:00,0.010298,4,WB,-2.38E-05,MB,5.00E-09
1/9/2024 16:00,0.007851125,8,MB,0.000124369,WB,3.63E-07
1/10/2024 0:00,0.0105985,2,WB,0.000507,WS,6.43E-08
1/10/2024 2:00,0.011908,3,WS,0.0003455,MS,8.10E-08
1/10/2024 5:00,0.011985667,3,MS,-0.0002155,WS,3.12E-08
1/10/2024 8:00,0.0102025,2,WS,-0.000499,WB,6.23E-08
1/10/2024 10:00,0.00883425,4,WB,-0.0002699,MB,9.44E-08
1/10/2024 14:00,0.008296,1,MB,0,WB,0
1/10/2024 15:00,0.008317,1,WB,0,SB,0
1/10/2024 16:00,0.0046126,5,SB,0.0001308,MB,3.72E-08
1/10/2024 21:00,0.005282333,3,MB,0.000168,MS,2.47E-08
1/11/2024 0:00,0.01100875,8,MS,-6.26E-05,WS,2.67E-08
1/11/2024 8:00,0.009955,1,WS,0,MS,0
1/11/2024 9:00,0.011387857,7,MS,0.000233071,SS,3.82E-07
1/11/2024 16:00,0.034543,4,SS,-0.0016574,MS,1.21E-05
1/11/2024 20:00,0.025767,2,MS,-0.002682,WS,1.80E-06
1/11/2024 22:00,0.021615,2,WS,-0.001698,MB,7.21E-07
1/12/2024 0:00,0.006839727,11,MB,9.31E-05,WB,4.13E-07
1/12/2024 11:00,0.0077444,5,WB,0.0001767,SS,9.07E-08
1/12/2024 16:00,0.0464252,5,SS,-0.0015922,MS,1.01E-05
1/12/2024 21:00,0.039142,3,MS,-0.002534,WB,4.32E-06
1/13/2024 0:00,0.007349,1,WB,0,MB,0
1/13/2024 1:00,0.000344364,11,MB,-0.000504273,WB,8.28E-06
1/13/2024 12:00,0.004458667,9,WB,0.000140733,WS,3.45E-07
1/13/2024 21:00,0.006449,2,WS,0.000246,MS,1.51E-08
1/13/2024 23:00,0.0072175,2,MS,0.000967,SS,2.34E-07
1/14/2024 1:00,0.0088325,2,SS,6.10E-05,MS,9.30E-10
1/14/2024 3:00,0.0095574,5,MS,0.0001854,SS,7.42E-08
1/14/2024 8:00,0.012894333,3,SS,-0.0004405,MS,1.29E-07
1/14/2024 11:00,0.0113175,4,MS,-0.0004662,WS,2.72E-07
1/14/2024 15:00,0.010104,1,WS,0,MB,0
1/14/2024 16:00,0.006131667,3,MB,0.000706,WB,4.20E-07
1/14/2024 19:00,0.0087505,2,WB,0.001033,WS,2.67E-07
1/14/2024 21:00,0.009721333,3,WS,0.000261,SS,4.54E-08
1/15/2024 0:00,0.0136605,2,SS,0.000465,MS,5.41E-08
1/15/2024 2:00,0.01352975,4,MS,-8.99E-05,WS,4.82E-08
1/15/2024 6:00,0.012045,2,WS,-0.000742,MS,1.38E-07
1/15/2024 8:00,0.013327,4,MS,0.0001734,WS,1.29E-07
1/15/2024 12:00,0.01265125,4,WS,-0.0001403,SS,3.17E-08
1/15/2024 16:00,0.016419,2,SS,0.000462,MS,5.34E-08
1/15/2024 18:00,0.0152395,2,MS,-0.000875,WS,1.91E-07
1/15/2024 20:00,0.01353,1,WS,0,MB,0
1/15/2024 21:00,0.011858,1,MB,0,SB,0
1/15/2024 22:00,0.010153,2,SB,-0.00076,MB,1.44E-07
1/16/2024 0:00,0.011142,3,MB,0.000298,WB,6.17E-08
1/16/2024 3:00,0.011717,1,WB,0,MB,0
1/16/2024 4:00,0.011253667,3,MB,2.55E-05,WB,3.93E-09
1/16/2024 7:00,0.011492,1,WB,0,MB,0
1/16/2024 8:00,0.0106565,2,MB,0.000381,WB,3.63E-08
1/16/2024 10:00,0.011530667,6,WB,0.000101371,SB,1.11E-07
1/16/2024 16:00,0.006506,7,SB,-0.00024075,MB,4.04E-07
1/16/2024 23:00,0.00633,1,MB,0,SB,0
1/17/2024 0:00,0.004583,2,SB,0.000848,MB,1.80E-07
1/17/2024 2:00,0.004347143,14,MB,-6.69E-05,MS,1.77E-07
1/17/2024 16:00,0.00592525,4,MS,0.0001055,SS,1.43E-08
1/17/2024 20:00,0.009709625,16,SS,0.000435494,MS,4.39E-06
1/18/2024 12:00,0.0124432,5,MS,0.0001857,SS,3.24E-07
1/18/2024 17:00,0.022781714,7,SS,0.001106321,MB,7.27E-06
1/19/2024 0:00,0.00640075,4,MB,-0.0002359,SB,6.97E-08
1/19/2024 4:00,0.003617,1,SB,0,MB,0
1/19/2024 5:00,0.004411667,6,MB,0.000538171,WB,9.63E-07
1/19/2024 11:00,0.0093308,5,WB,0.0005959,MS,1.15E-06
1/19/2024 16:00,0.017504,1,MS,0,WS,0
1/19/2024 17:00,0.011878,1,WS,0,WB,0
1/19/2024 18:00,0.009915,2,WB,0.000438,WS,4.80E-08
1/19/2024 20:00,0.010178,4,WS,-0.0001304,SS,3.01E-08
1/20/2024 0:00,0.013683,1,SS,0,MS,0
1/20/2024 1:00,0.01302775,4,MS,-0.0004267,WS,2.31E-07
1/20/2024 5:00,0.012021667,3,WS,-0.0001225,SB,1.29E-08
1/20/2024 8:00,0.003755143,7,SB,-0.000223714,MB,2.55E-07
1/20/2024 15:00,0.003355,11,MB,-0.000309736,WB,1.40E-06
1/21/2024 2:00,0.0038435,2,WB,0.001269,WS,4.03E-07
1/21/2024 4:00,0.005334,3,WS,-0.0001415,MS,2.07E-08
1/21/2024 7:00,0.005153,1,MS,0,MB,0
1/21/2024 8:00,0.002542333,3,MB,-0.000169,WS,1.52E-07
1/21/2024 11:00,0.004025,2,WS,0.000678,MS,1.15E-07
1/21/2024 13:00,0.005258,2,MS,0.000876,SS,1.92E-07
1/21/2024 15:00,0.007572,7,SS,0.000230464,MS,2.32E-07
1/21/2024 22:00,0.0083805,2,MS,1.50E-05,SS,5.62E-11
1/22/2024 0:00,0.0098395,2,SS,-3.70E-05,MS,3.42E-10
1/22/2024 2:00,0.0093666,5,MS,-0.0001779,WS,6.95E-08
1/22/2024 7:00,0.008725,1,WS,0,WB,0
1/22/2024 8:00,0.006034,1,WB,0,MB,0
1/22/2024 9:00,0.005618286,7,MB,-3.26E-05,MS,1.94E-08
1/22/2024 16:00,0.009435,1,MS,0,SS,0
1/22/2024 17:00,0.0108455,2,SS,0.000321,MS,2.58E-08
1/22/2024 19:00,0.01009725,4,MS,-0.0002925,WS,1.33E-07
1/22/2024 23:00,0.0091025,2,WS,-0.001091,WB,2.98E-07
1/23/2024 1:00,0.007387857,7,WB,-0.000107143,MB,7.67E-08
1/23/2024 8:00,0.006010429,7,MB,0.000164393,WB,1.16E-07
1/23/2024 15:00,0.006694,1,WB,0,SS,0
1/23/2024 16:00,0.01106425,4,SS,-3.30E-06,MS,9.48E-09
1/23/2024 20:00,0.01097075,4,MS,1.79E-05,WS,6.57E-09
1/24/2024 0:00,0.008363,1,WS,0,WB,0
1/24/2024 1:00,0.008060714,7,WB,4.17E-05,MS,1.78E-08
1/24/2024 8:00,0.010678,5,MS,7.41E-05,WS,1.45E-08
1/24/2024 13:00,0.010415,3,WS,-0.0002685,SB,4.81E-08
1/24/2024 16:00,0.00743,2,SB,-8.20E-05,MB,1.68E-09
1/24/2024 18:00,0.007235333,6,MB,-1.78E-05,WB,9.45E-09
1/25/2024 0:00,0.008579429,7,WB,4.16E-05,WS,1.88E-08
1/25/2024 7:00,0.00899075,4,WS,8.27E-05,MS,5.00E-08
1/25/2024 11:00,0.009984,1,MS,0,SS,0
1/25/2024 12:00,0.010319,3,SS,-9.80E-05,MS,6.45E-09
1/25/2024 15:00,0.010133,1,MS,0,WB,0
1/25/2024 16:00,0.0084425,8,WB,2.12E-05,SS,1.32E-08
1/26/2024 0:00,0.0120305,2,SS,-0.000501,MS,6.28E-08
1/26/2024 2:00,0.010826333,6,MS,1.98E-05,MB,2.65E-08
1/26/2024 8:00,0.008533,1,MB,0,WB,0
1/26/2024 9:00,0.009246,1,WB,0,WS,0
1/26/2024 10:00,0.009860333,6,WS,-4.11E-05,SS,8.76E-09
1/26/2024 16:00,0.0136575,4,SS,2.60E-05,MS,9.07E-08
1/26/2024 20:00,0.013049,4,MS,-3.76E-05,SB,3.69E-09
1/27/2024 0:00,0.0074655,2,SB,0.000589,MB,8.67E-08
1/27/2024 2:00,0.0073475,14,MB,-0.000193492,SB,7.75E-07
1/27/2024 16:00,0.004251,1,SB,0,MB,0
1/27/2024 17:00,0.005489667,3,MB,0.000514,WS,1.77E-07
1/27/2024 20:00,0.0078065,4,WS,-3.24E-05,SB,8.64E-09
1/28/2024 0:00,0.002167,3,SB,0.0010185,MB,7.23E-07
1/28/2024 3:00,0.00346,2,MB,-0.0002,WB,1.00E-08
1/28/2024 5:00,0.004659333,3,WB,-0.0001675,MB,2.79E-08
1/28/2024 8:00,0.003304,1,MB,0,WB,0
1/28/2024 9:00,0.004748667,3,WB,0.00014,WS,1.45E-08
1/28/2024 12:00,0.006072,1,WS,0,MS,0
1/28/2024 13:00,0.006834667,3,MS,0.000269,SS,5.54E-08
1/28/2024 16:00,0.010602,6,SS,8.41E-05,MS,5.27E-08
1/28/2024 22:00,0.010881,2,MS,3.60E-05,WS,3.24E-10
1/29/2024 0:00,0.007126,2,WS,-3.40E-05,WB,2.89E-10
1/29/2024 2:00,0.0071495,6,WB,-2.27E-05,MS,9.41E-09
1/29/2024 8:00,0.010923875,8,MS,0.000117226,WB,7.82E-08
1/29/2024 16:00,0.008898625,8,WB,5.63E-05,WS,8.38E-08
1/30/2024 0:00,0.009653167,6,WS,0.000132,SS,2.03E-07
1/30/2024 8:00,0.01188825,4,SS,-1.65E-05,MS,8.65E-09
1/30/2024 12:00,0.011539,1,MS,0,WS,0
1/30/2024 13:00,0.0104125,2,WS,-0.000753,WB,1.42E-07
1/30/2024 15:00,0.009452,1,WB,0,SB,0
1/30/2024 16:00,0.003526556,9,SB,-0.0007983,MB,5.29E-06
1/31/2024 1:00,0.002379667,6,MB,0.000226571,WB,2.11E-07
1/31/2024 7:00,0.0042335,2,WB,0.001827,WS,8.34E-07
1/31/2024 9:00,0.005479333,3,WS,-3.00E-05,MS,3.24E-09
1/31/2024 12:00,0.008403,4,MS,-0.0002338,SS,6.86E-08
1/31/2024 16:00,0.008636,1,SS,0,MS,0
1/31/2024 17:00,0.008838889,9,MS,4.11E-05,WS,4.08E-08
2/1/2024 2:00,0.0080735,2,WS,-0.000691,SB,1.19E-07
2/1/2024 4:00,0.00264275,8,SB,-0.000194095,WB,2.57E-07
2/1/2024 12:00,0.0047325,4,WB,-1.80E-06,WS,4.28E-11
2/1/2024 16:00,0.0072465,2,WS,0.001209,MS,3.65E-07
2/1/2024 18:00,0.0090155,6,MS,0.000369229,WS,5.30E-07
2/2/2024 0:00,0.007356875,8,WS,8.78E-05,MS,6.05E-08
2/2/2024 8:00,0.010460375,8,MS,5.98E-05,WS,2.39E-08
2/2/2024 16:00,0.0093235,2,WS,-0.000499,WB,6.23E-08
2/2/2024 18:00,0.008423667,6,WB,-7.48E-05,SB,2.30E-08
2/3/2024 0:00,0.005459,1,SB,0,MB,0
2/3/2024 1:00,0.007354,2,MB,0.000664,WB,1.10E-07
2/3/2024 3:00,0.007823,1,WB,0,MB,0
2/3/2024 4:00,0.006889714,7,MB,2.48E-05,WB,2.70E-08
2/3/2024 11:00,0.007324,1,WB,0,WS,0
2/3/2024 12:00,0.008306333,3,WS,0.000109,MS,7.98E-09
2/3/2024 15:00,0.0086405,8,MS,1.56E-05,WS,9.54E-09
2/3/2024 23:00,0.008131,1,WS,0,MS,0
2/4/2024 0:00,0.008682333,3,MS,-0.0001255,WS,1.05E-08
2/4/2024 3:00,0.008442,1,WS,0,SB,0
2/4/2024 4:00,0.003942,9,SB,-0.000746767,MB,5.62E-06
2/4/2024 13:00,0.003140333,3,MB,0.000165,WB,2.36E-08
2/4/2024 16:00,0.00537225,4,WB,-0.0002287,WS,1.12E-07
2/4/2024 20:00,0.00659525,4,WS,-0.0003643,MB,1.71E-07
2/5/2024 0:00,0.0022535,2,MB,5.50E-05,WB,7.56E-10
2/5/2024 2:00,0.0036485,2,WB,0.000383,MB,3.67E-08
2/5/2024 4:00,0.002405,2,MB,0.000208,WB,1.08E-08
2/5/2024 6:00,0.00295,2,WB,0.000302,SS,2.28E-08
2/5/2024 8:00,0.013633444,9,SS,0.0009305,MS,6.25E-06
2/5/2024 17:00,0.01516475,4,MS,-0.0006389,WS,5.14E-07
2/5/2024 21:00,0.012734,3,WS,-0.0006305,MB,2.68E-07
2/6/2024 0:00,0.00618,8,MB,3.47E-05,WS,2.46E-08
2/6/2024 8:00,0.014183571,7,WS,0.000129714,MS,8.67E-08
2/6/2024 15:00,0.014418,1,MS,0,WB,0
2/6/2024 16:00,0.010628625,8,WB,-0.000199274,MB,2.12E-07
2/7/2024 0:00,0.007923375,8,MB,9.81E-05,SB,2.31E-07
2/7/2024 8:00,0.005384,1,SB,0,MB,0
2/7/2024 9:00,0.007508,1,MB,0,WB,0
2/7/2024 10:00,0.008784167,6,WB,-0.000150657,MB,7.71E-08
2/7/2024 16:00,0.007582,1,MB,0,WB,0
2/7/2024 17:00,0.00853,1,WB,0,WS,0
2/7/2024 18:00,0.009059,2,WS,0.000222,MS,1.23E-08
2/7/2024 20:00,0.0092755,4,MS,3.32E-05,SS,1.52E-09
2/8/2024 0:00,0.013896875,8,SS,0.000249393,WS,5.54E-07
2/8/2024 8:00,0.01144125,8,WS,1.96E-05,SB,2.90E-08
2/8/2024 16:00,0.007103,1,SB,0,WS,0
2/8/2024 17:00,0.012441,1,WS,0,MS,0
2/8/2024 18:00,0.014937833,6,MS,0.000137457,SB,2.08E-07
2/9/2024 0:00,0.0032615,4,SB,-0.0003694,MB,2.08E-06
2/9/2024 4:00,0.006295,2,MB,0.001506,WB,5.67E-07
2/9/2024 6:00,0.0084155,2,WB,0.000915,MS,2.09E-07
2/9/2024 8:00,0.015868833,6,MS,-3.19E-05,WS,1.95E-07
2/9/2024 14:00,0.014566,2,WS,-0.000442,MB,4.88E-08
2/9/2024 16:00,0.00351075,8,MB,-0.000676405,WB,2.93E-06
2/10/2024 0:00,0.004936,8,WB,0.000190786,WS,2.07E-07
2/10/2024 8:00,0.008104,1,WS,0,WB,0
2/10/2024 9:00,0.006422,3,WB,-0.00011,WS,1.35E-08
2/10/2024 12:00,0.006299667,3,WS,-4.45E-05,MS,2.46E-09
2/10/2024 15:00,0.006372,1,MS,0,WS,0
2/10/2024 16:00,0.0056855,2,WS,9.30E-05,MS,2.16E-09
2/10/2024 18:00,0.00725925,4,MS,0.0004459,SS,2.51E-07
2/10/2024 22:00,0.014074,10,SS,0.000872109,MS,8.00E-06
2/11/2024 8:00,0.016572375,8,MS,0.000244774,WB,3.94E-07
2/11/2024 16:00,0.0119525,2,WB,-0.001213,MB,3.68E-07
2/11/2024 18:00,0.010008333,3,MB,-0.0007685,SB,3.94E-07
2/11/2024 21:00,0.009115,2,SB,0.00029,MB,2.10E-08
2/11/2024 23:00,0.009745,1,MB,0,WB,0
2/12/2024 0:00,0.012619875,8,WB,0.000141893,WS,1.24E-07
2/12/2024 8:00,0.013569125,8,WS,-0.000199107,WB,2.43E-07
2/12/2024 16:00,0.011286,2,WB,0.000404,WS,4.08E-08
2/12/2024 18:00,0.0128845,2,WS,0.000705,MS,1.24E-07
2/12/2024 20:00,0.0139165,4,MS,0.0001764,SS,4.27E-08
2/13/2024 0:00,0.0184385,4,SS,-0.0004438,MS,2.52E-07
2/13/2024 4:00,0.0172635,4,MS,-0.0002704,MB,1.11E-07
2/13/2024 8:00,0.011004188,16,MB,-0.000191396,SB,8.06E-07
2/14/2024 0:00,0.00435625,4,SB,0.0002033,MB,5.38E-08
2/14/2024 4:00,0.0058285,4,MB,0.0005654,WB,4.00E-07
2/14/2024 8:00,0.007935,1,WB,0,MS,0
2/14/2024 9:00,0.012413,1,MS,0,SS,0
2/14/2024 10:00,0.016859222,9,SS,0.0008186,MS,5.17E-06
2/14/2024 19:00,0.0183356,5,MS,-0.0004383,MB,4.76E-07
2/15/2024 0:00,0.00863,1,MB,0,WB,0
2/15/2024 1:00,0.01133975,4,WB,0.0002397,MB,6.73E-07
2/15/2024 5:00,0.010395333,3,MB,-0.000334,WS,7.47E-08
2/15/2024 8:00,0.016134125,8,WS,2.82E-05,MB,5.46E-08
2/15/2024 16:00,0.0104275,2,MB,0.002047,WB,1.05E-06
2/15/2024 18:00,0.0122115,6,WB,-5.19E-05,SS,2.01E-07
2/16/2024 0:00,0.017049,1,SS,0,MS,0
2/16/2024 1:00,0.016933333,3,MS,0.0002745,SS,9.35E-08
2/16/2024 4:00,0.022763125,8,SS,0.001305226,MS,9.41E-06
2/16/2024 12:00,0.023709667,3,MS,-0.001508,WS,1.52E-06
2/16/2024 15:00,0.02039125,4,WS,-0.0004985,WB,3.36E-07
2/16/2024 19:00,0.018174,2,WB,-0.001832,MB,8.39E-07
2/16/2024 21:00,0.016094,3,MB,-0.0005605,SB,2.10E-07
2/17/2024 0:00,0.0097888,5,SB,0.0001694,MB,3.40E-07
2/17/2024 5:00,0.010083,3,MB,0.000174,WB,2.02E-08
2/17/2024 8:00,0.014479857,7,WB,-0.000257179,WS,2.72E-07
2/17/2024 15:00,0.014351,1,WS,0,SB,0
2/17/2024 16:00,0.007286,4,SB,-0.0002238,MB,7.14E-08
2/17/2024 20:00,0.007488333,3,MB,0.000646,WB,2.93E-07
2/17/2024 23:00,0.008626,1,WB,0,MS,0
2/18/2024 0:00,0.015582,1,MS,0,SS,0
2/18/2024 1:00,0.017190333,3,SS,0.0003205,MS,7.52E-08
2/18/2024 4:00,0.016782333,3,MS,-0.0006195,WS,2.57E-07
2/18/2024 7:00,0.014702308,13,WS,0.000165544,MS,9.97E-07
2/18/2024 20:00,0.017657667,3,MS,0.0003265,SS,1.01E-07
2/18/2024 23:00,0.02242175,4,SS,0.0004699,MS,5.21E-06
2/19/2024 3:00,0.0202872,5,MS,-3.92E-05,SS,3.10E-08
2/19/2024 8:00,0.023902,2,SS,0.000378,MS,3.57E-08
2/19/2024 10:00,0.0243,2,MS,0.00019,SS,9.02E-09
2/19/2024 12:00,0.026288,2,SS,-6.20E-05,MS,9.61E-10
2/19/2024 14:00,0.0252255,2,MS,-0.000591,WB,8.73E-08
2/19/2024 16:00,0.019122,1,WB,0,MB,0
2/19/2024 17:00,0.018051,1,MB,0,SB,0
2/19/2024 18:00,0.008352,10,SB,-0.001669006,MB,2.48E-05
2/20/2024 4:00,0.006223,3,MB,0.001865,WB,2.32E-06
2/20/2024 7:00,0.008714,1,WB,0,WS,0
2/20/2024 8:00,0.015947,5,WS,0.000201,MS,1.50E-06
2/20/2024 13:00,0.019917333,3,MS,0.0002175,WB,5.23E-07
2/20/2024 16:00,0.009691714,7,WB,0.000258429,WS,4.06E-07
2/20/2024 23:00,0.011622,1,WS,0,SS,0
2/21/2024 0:00,0.027388,2,SS,-0.001388,MS,4.82E-07
2/21/2024 2:00,0.0227295,4,MS,-0.000799,WS,1.05E-06
2/21/2024 6:00,0.018247,2,WS,-0.00203,MB,1.03E-06
2/21/2024 8:00,0.005568375,8,MB,-0.000536345,WB,2.29E-06
2/21/2024 16:00,0.008366375,8,WB,0.000145179,MS,6.65E-07
2/22/2024 0:00,0.01861375,8,MS,-0.000367381,SS,1.51E-06
2/22/2024 8:00,0.0290996,5,SS,0.0012503,MS,6.69E-06
2/22/2024 13:00,0.026423,1,MS,0,WS,0
2/22/2024 14:00,0.0222815,2,WS,-0.001747,WB,7.63E-07
2/22/2024 16:00,0.014684,4,WB,-0.0003372,MB,1.69E-07
2/22/2024 20:00,0.009039333,12,MB,-0.000258902,WB,9.04E-07
2/23/2024 8:00,0.009686154,13,WB,-0.000147615,MB,4.50E-07
2/23/2024 21:00,0.0079184,5,MB,-0.0001207,WB,3.77E-08
2/24/2024 2:00,0.008895,1,WB,0,WS,0
2/24/2024 3:00,0.009329,1,WS,0,MS,0
2/24/2024 4:00,0.010019,1,MS,0,SS,0
2/24/2024 5:00,0.016113875,16,SS,0.000767538,MS,1.41E-05
2/24/2024 21:00,0.019525667,3,MS,-0.0012365,WB,1.02E-06
2/25/2024 0:00,0.014619,4,WB,0.0003578,MB,5.14E-07
2/25/2024 4:00,0.012965,3,MB,0.000337,WB,8.22E-08
2/25/2024 7:00,0.014776,1,WB,0,SS,0
2/25/2024 8:00,0.0244858,5,SS,0.0004547,MS,8.85E-07
2/25/2024 13:00,0.024769,3,MS,-0.0007305,MB,3.79E-07
2/25/2024 16:00,0.014021,4,MB,-0.0006972,WB,1.69E-06
2/25/2024 20:00,0.01724925,4,WB,0.0008401,MS,1.19E-06
2/26/2024 0:00,0.022118,1,MS,0,WS,0
2/26/2024 1:00,0.021594,1,WS,0,WB,0
2/26/2024 2:00,0.017849,1,WB,0,MB,0
2/26/2024 3:00,0.011748364,11,MB,-0.000281273,WB,1.40E-06
2/26/2024 14:00,0.0123715,2,WB,0.000831,MS,1.73E-07
2/26/2024 16:00,0.017829,1,MS,0,SS,0
2/26/2024 17:00,0.025441167,6,SS,0.001376314,MS,7.82E-06
2/26/2024 23:00,0.023756333,3,MS,-0.001799,SS,2.35E-06
2/27/2024 2:00,0.060714667,6,SS,0.007034343,MS,0.000193353
2/27/2024 8:00,0.056096667,3,MS,-0.0041345,WS,1.17E-05
2/27/2024 11:00,0.049243,4,WS,-0.0011518,WB,3.62E-06
2/27/2024 15:00,0.0360188,5,WB,-0.0012536,MB,7.03E-06
2/27/2024 20:00,0.02174875,12,MB,-0.000483955,MS,6.52E-06
2/28/2024 8:00,0.044369,1,MS,0,WS,0
2/28/2024 9:00,0.038318333,3,WS,-0.000999,MS,1.45E-06
2/28/2024 12:00,0.042587,1,MS,0,SS,0
2/28/2024 13:00,0.070214,8,SS,0.006998786,MS,0.000379618
2/28/2024 21:00,0.074636667,3,MS,-0.0062075,WS,2.62E-05
2/29/2024 0:00,0.06649975,8,WS,0.001842119,WB,3.03E-05
2/29/2024 8:00,0.0612845,4,WB,0.0018224,WS,5.62E-06
2/29/2024 12:00,0.072832,2,WS,-0.000638,WB,1.02E-07
2/29/2024 14:00,0.06636,2,WB,-0.006692,SB,1.12E-05
2/29/2024 16:00,0.049686,1,SB,0,MB,0
2/29/2024 17:00,0.060448,1,MB,0,WS,0
2/29/2024 18:00,0.070642,1,WS,0,MS,0
2/29/2024 19:00,0.0760385,2,MS,-0.006847,MB,1.17E-05
2/29/2024 21:00,0.059875,1,MB,0,SB,0
2/29/2024 22:00,0.052387,2,SB,-0.002304,MB,1.33E-06
3/1/2024 0:00,0.0563795,2,MB,0.004909,WB,6.02E-06
3/1/2024 2:00,0.060284,3,WB,0.001265,WS,1.25E-06
3/1/2024 5:00,0.063673,1,WS,0,WB,0
3/1/2024 6:00,0.0610165,2,WB,-0.003151,SB,2.48E-06
3/1/2024 8:00,0.047464,1,SB,0,MB,0
3/1/2024 9:00,0.0519385,2,MB,-0.003471,SB,3.01E-06
3/1/2024 11:00,0.044561667,3,SB,-0.0014205,MB,2.21E-06
3/1/2024 14:00,0.0422306,5,MB,-0.0005733,SB,1.36E-06
3/1/2024 19:00,0.024778,6,SB,-0.0035536,MB,5.48E-05
3/2/2024 1:00,0.0250765,6,MB,0.000781229,WB,2.38E-06
3/2/2024 7:00,0.02862875,4,WB,0.0004053,WS,2.57E-07
3/2/2024 11:00,0.0341,2,WS,0.00323,MS,2.61E-06
3/2/2024 13:00,0.038631333,3,MS,0.0001065,SS,3.82E-08
3/2/2024 16:00,0.0453808,5,SS,0.0009609,MS,1.88E-06
3/2/2024 21:00,0.041975,1,MS,0,WS,0
3/2/2024 22:00,0.0362555,4,WS,-0.0008104,WB,2.25E-06
3/3/2024 2:00,0.033854833,6,WB,0.0001522,MB,8.20E-07
3/3/2024 8:00,0.031139,1,MB,0,WB,0
3/3/2024 9:00,0.0373365,2,WB,0.000321,WS,2.58E-08
3/3/2024 11:00,0.038107,1,WS,0,MS,0
3/3/2024 12:00,0.043127333,3,MS,-0.000469,WS,5.12E-07
3/3/2024 15:00,0.039398,1,WS,0,WB,0
3/3/2024 16:00,0.036033,1,WB,0,WS,0
3/3/2024 17:00,0.039637,1,WS,0,MS,0
3/3/2024 18:00,0.043315,1,MS,0,SS,0
3/3/2024 19:00,0.060960889,9,SS,0.00456365,MS,0.000181359
3/4/2024 4:00,0.0644595,2,MS,-0.005469,WS,7.48E-06
3/4/2024 6:00,0.056458,2,WS,-0.001858,SS,8.63E-07
3/4/2024 8:00,0.0853775,4,SS,0.0031248,MS,2.47E-05
3/4/2024 12:00,0.085012333,3,MS,-0.0028745,WS,5.67E-06
3/4/2024 15:00,0.077297,1,WS,0,WB,0
3/4/2024 16:00,0.062631,1,WB,0,WS,0
3/4/2024 17:00,0.069096,1,WS,0,WB,0
3/4/2024 18:00,0.0662285,2,WB,-0.001781,MB,7.93E-07
3/4/2024 20:00,0.052489,1,MB,0,SB,0
3/4/2024 21:00,0.040093667,3,SB,-0.0013435,WB,2.05E-06
3/5/2024 0:00,0.065847,1,WB,0,WS,0
3/5/2024 1:00,0.0766734,5,WS,0.0002459,MS,3.17E-06
3/5/2024 6:00,0.088586,4,MS,0.0036812,SS,1.93E-05
3/5/2024 10:00,0.099376,1,SS,0,MS,0
3/5/2024 11:00,0.097938,1,MS,0,SS,0
3/5/2024 12:00,0.102738,1,SS,0,MS,0
3/5/2024 13:00,0.0945135,2,MS,-0.005999,WS,9.00E-06
3/5/2024 15:00,0.085312,1,WS,0,WB,0
3/5/2024 16:00,0.068421333,3,WB,-0.004039,MB,1.09E-05
3/5/2024 19:00,0.059259,1,MB,0,SB,0
3/5/2024 20:00,0.027836571,7,SB,-0.005191607,MB,0.000113532
3/6/2024 3:00,0.0224788,5,MB,0.002617,WB,1.77E-05
3/6/2024 8:00,0.046794,2,WB,0.003278,WS,2.69E-06
3/6/2024 10:00,0.0539355,2,WS,0.003745,MS,3.51E-06
3/6/2024 12:00,0.061516667,3,MS,-0.002826,WS,5.35E-06
3/6/2024 15:00,0.05098,1,WS,0,WB,0
3/6/2024 16:00,0.035755,5,WB,-0.0021615,MB,1.21E-05
3/6/2024 21:00,0.024866,1,MB,0,WB,0
3/6/2024 22:00,0.025124,1,WB,0,MB,0
3/6/2024 23:00,0.024673,1,MB,0,WB,0
3/7/2024 0:00,0.027916,2,WB,-0.000946,MB,2.24E-07
3/7/2024 2:00,0.023442667,6,MB,-0.001208971,WB,5.02E-06
3/7/2024 8:00,0.02973775,4,WB,0.0008257,WS,1.33E-06
3/7/2024 12:00,0.03595,1,WS,0,MS,0
3/7/2024 13:00,0.039996,1,MS,0,SS,0
3/7/2024 14:00,0.043071,1,SS,0,MS,0
3/7/2024 15:00,0.040047,1,MS,0,WS,0
3/7/2024 16:00,0.03150625,4,WS,-0.0013551,WB,3.60E-06
3/7/2024 20:00,0.026337,1,WB,0,MB,0
3/7/2024 21:00,0.022442,3,MB,0.000599,WB,3.06E-07
3/8/2024 0:00,0.0274105,2,WB,-0.001419,WS,5.03E-07
3/8/2024 2:00,0.031112,1,WS,0,MS,0
3/8/2024 3:00,0.0374564,5,MS,-0.000179,SS,1.04E-06
3/8/2024 8:00,0.043901,1,SS,0,MS,0
3/8/2024 9:00,0.039649,1,MS,0,WS,0
3/8/2024 10:00,0.035427,1,WS,0,WB,0
3/8/2024 11:00,0.033399,1,WB,0,MS,0
3/8/2024 12:00,0.040865333,3,MS,0.0010845,SS,8.52E-07
3/8/2024 15:00,0.045105,1,SS,0,WS,0
3/8/2024 16:00,0.035748,1,WS,0,WB,0
3/8/2024 17:00,0.0329225,2,WB,-0.001847,MB,8.53E-07
3/8/2024 19:00,0.027987,1,MB,0,SB,0
3/8/2024 20:00,0.013644429,7,SB,-0.001283607,MB,1.53E-05
3/9/2024 3:00,0.01349,4,MB,0.0015312,WB,3.68E-06
3/9/2024 7:00,0.018995,1,WB,0,WS,0
3/9/2024 8:00,0.026118375,8,WS,-0.001075702,MS,7.12E-06
3/9/2024 16:00,0.028234,2,MS,-0.001316,WS,4.33E-07
3/9/2024 18:00,0.022155,3,WS,-0.0012695,WB,1.11E-06
3/9/2024 21:00,0.019904667,3,WB,0.000182,MS,4.73E-08
3/10/2024 0:00,0.027538,1,MS,0,SS,0
3/10/2024 1:00,0.059655333,12,SS,0.003050245,MS,0.000119197
3/10/2024 13:00,0.070185333,3,MS,-0.004704,WS,1.48E-05
3/10/2024 16:00,0.0532705,2,WS,-0.005381,WB,7.24E-06
3/10/2024 18:00,0.046148,2,WB,-0.00268,MB,1.80E-06
3/10/2024 20:00,0.035191833,6,MB,0.000754086,WB,3.58E-06
3/11/2024 2:00,0.0461112,5,WB,-0.0001422,WS,1.18E-06
3/11/2024 7:00,0.058849,1,WS,0,SS,0
3/11/2024 8:00,0.125655571,7,SS,0.007264393,MS,0.000238323
3/11/2024 15:00,0.1185415,2,MS,-0.022481,WS,0.000126349
3/11/2024 17:00,0.0949575,2,WS,-0.012691,WB,4.03E-05
3/11/2024 19:00,0.0671593,10,WB,0.001458042,MB,7.75E-05
3/12/2024 5:00,0.0604005,6,MB,-0.000161,WB,5.57E-06
3/12/2024 11:00,0.06455,5,WB,0.0008001,WS,2.48E-06
3/12/2024 16:00,0.074344,1,WS,0,SS,0
3/12/2024 17:00,0.087200333,3,SS,0.00261,WS,3.37E-05
3/12/2024 20:00,0.067826,1,WS,0,MB,0
3/12/2024 21:00,0.055113333,3,MB,-0.0029695,SB,6.10E-06
3/13/2024 0:00,0.048716,1,SB,0,MB,0
3/13/2024 1:00,0.0505225,2,MB,-0.000623,SB,9.70E-08
3/13/2024 3:00,0.03831525,4,SB,-0.0033395,MB,1.82E-05
3/13/2024 7:00,0.0419655,4,MB,-0.0002282,WB,8.68E-06
3/13/2024 11:00,0.049037,1,WB,0,WS,0
3/13/2024 12:00,0.058892,1,WS,0,WB,0
3/13/2024 13:00,0.050015667,3,WB,-0.005154,MB,1.81E-05
3/13/2024 16:00,0.033727667,3,MB,-0.004283,SB,1.23E-05
3/13/2024 19:00,0.014201167,6,SB,-0.0031178,MB,4.41E-05
3/14/2024 1:00,0.014582,2,MB,0.005224,WB,6.82E-06
3/14/2024 3:00,0.026958667,3,WB,0.0028645,WS,5.62E-06
3/14/2024 6:00,0.0347335,2,WS,0.004061,MS,4.12E-06
3/14/2024 8:00,0.048268625,8,MS,0.000689488,SS,4.60E-06
3/14/2024 16:00,0.062932,2,SS,0.005472,MS,7.49E-06
3/14/2024 18:00,0.06046,4,MS,-0.0007574,WS,2.73E-06
3/14/2024 22:00,0.047857,4,WS,-0.0017676,WB,6.53E-06
3/15/2024 2:00,0.045343,1,WB,0,MB,0
3/15/2024 3:00,0.032413,1,MB,0,SB,0
3/15/2024 4:00,0.023691667,3,SB,0.0032705,MB,8.02E-06
3/15/2024 7:00,0.024145462,13,MB,-0.001475115,SB,3.73E-05
3/15/2024 20:00,0.007786333,3,SB,-7.75E-05,MB,1.26E-07
3/15/2024 23:00,0.0098844,5,MB,-0.0001696,WB,2.66E-06
3/16/2024 4:00,0.014416,2,WB,0.003626,WS,3.29E-06
3/16/2024 6:00,0.020372,3,WS,0.0011515,MS,9.82E-07
3/16/2024 9:00,0.023036333,3,MS,-0.000499,WS,8.37E-07
3/16/2024 12:00,0.0168095,4,WS,-0.0004868,MS,4.04E-07
3/16/2024 16:00,0.021287333,3,MS,-0.0017325,SS,2.06E-06
3/16/2024 19:00,0.029193,5,SS,0.0005725,MS,1.03E-06
3/17/2024 0:00,0.0279,1,MS,0,WS,0
3/17/2024 1:00,0.024601,1,WS,0,SS,0
3/17/2024 2:00,0.032898,2,SS,0.002494,MS,1.56E-06
3/17/2024 4:00,0.0312728,5,MS,0.0003074,SS,1.20E-06
3/17/2024 9:00,0.037782333,3,SS,0.001931,MS,2.88E-06
3/17/2024 12:00,0.036761,2,MS,-0.002768,WS,1.92E-06
3/17/2024 14:00,0.033003,2,WS,-0.00175,WB,7.66E-07
3/17/2024 16:00,0.028672,1,WB,0,MB,0
3/17/2024 17:00,0.027302,1,MB,0,SB,0
3/17/2024 18:00,0.015343625,8,SB,-0.001999631,MB,2.52E-05
3/18/2024 2:00,0.014942,2,MB,0.002964,WB,2.20E-06
3/18/2024 4:00,0.0222465,6,WB,0.000177571,WS,1.95E-06
3/18/2024 10:00,0.022487,7,WS,-0.000455536,WB,1.30E-06
3/18/2024 17:00,0.0179505,2,WB,-0.000905,MB,2.05E-07
3/18/2024 19:00,0.013992,5,MB,-0.0007676,SB,1.19E-06
3/19/2024 0:00,0.009982333,3,SB,0.000189,MB,2.23E-07
3/19/2024 3:00,0.012783,3,MB,0.0010015,WB,6.70E-07
3/19/2024 6:00,0.015171,1,WB,0,WS,0
3/19/2024 7:00,0.017669,1,WS,0,MS,0
3/19/2024 8:00,0.023817,1,MS,0,SS,0
3/19/2024 9:00,0.0447816,5,SS,0.0003656,MS,1.19E-05
3/19/2024 14:00,0.036598,2,MS,-0.003584,WB,3.21E-06
3/19/2024 16:00,0.019355,3,WB,0.001105,WS,3.30E-06
3/19/2024 19:00,0.027222,5,WS,0.0016855,WB,6.13E-06
3/20/2024 0:00,0.02109125,4,WB,0.0011835,MB,2.87E-06
3/20/2024 4:00,0.013711667,12,MB,-0.000273056,WB,3.60E-06
3/20/2024 16:00,0.014858333,3,WB,-0.0010815,MB,7.80E-07
3/20/2024 19:00,0.010232667,9,MB,-0.000242917,WB,6.45E-07
3/21/2024 4:00,0.011069,1,WB,0,WS,0
3/21/2024 5:00,0.012833,1,WS,0,MS,0
3/21/2024 6:00,0.014681,2,MS,0.000268,SS,1.80E-08
3/21/2024 8:00,0.016474,1,SS,0,MS,0
3/21/2024 9:00,0.013883,1,MS,0,WS,0
3/21/2024 10:00,0.012809,1,WS,0,WB,0
3/21/2024 11:00,0.012293,1,WB,0,WS,0
3/21/2024 12:00,0.012427,1,WS,0,WB,0
3/21/2024 13:00,0.011236,1,WB,0,MB,0
3/21/2024 14:00,0.0097425,2,MB,-7.10E-05,WB,1.26E-09
3/21/2024 16:00,0.011471,1,WB,0,MS,0
3/21/2024 17:00,0.014456,1,MS,0,SS,0
3/21/2024 18:00,0.016103,2,SS,0.000876,MS,1.92E-07
3/21/2024 20:00,0.0151045,2,MS,-0.001091,WB,2.98E-07
3/21/2024 22:00,0.012027,1,WB,0,MB,0
3/21/2024 23:00,0.0097175,2,MB,-0.000777,SB,1.51E-07
3/22/2024 1:00,0.007594333,3,SB,-0.0003155,MB,1.05E-07
3/22/2024 4:00,0.0081595,4,MB,0.0002048,WB,5.67E-08
3/22/2024 8:00,0.01016725,4,WB,-0.0003383,WS,1.99E-07
3/22/2024 12:00,0.01198,1,WS,0,MS,0
3/22/2024 13:00,0.014174667,3,MS,0.000675,SS,3.05E-07
3/22/2024 16:00,0.01819275,4,SS,0.0003393,MS,3.95E-07
3/22/2024 20:00,0.016872,2,MS,-0.001856,WS,8.61E-07
3/22/2024 22:00,0.012721,1,WS,0,WB,0
3/22/2024 23:00,0.01123,1,WB,0,WS,0
3/23/2024 0:00,0.014343,2,WS,-0.001336,MB,4.46E-07
3/23/2024 2:00,0.009538333,6,MB,0.000180743,WS,2.15E-07
3/23/2024 8:00,0.014707,1,WS,0,MS,0
3/23/2024 9:00,0.0159445,2,MS,8.50E-05,WS,1.81E-09
3/23/2024 11:00,0.0153925,2,WS,-0.000727,WB,1.32E-07
3/23/2024 13:00,0.012681667,3,WB,-0.000445,WS,1.69E-07
3/23/2024 16:00,0.014734333,3,WS,0.00029,MS,8.95E-08
3/23/2024 19:00,0.015101,2,MS,-0.000188,WS,8.84E-09
3/23/2024 21:00,0.014597,1,WS,0,WB,0
3/23/2024 22:00,0.012239,2,WB,-0.001536,MB,5.90E-07
3/24/2024 0:00,0.010631,5,MB,5.92E-05,WB,1.44E-07
3/24/2024 5:00,0.011729,1,WB,0,MB,0
3/24/2024 6:00,0.011618,1,MB,0,WB,0
3/24/2024 7:00,0.011935,1,WB,0,SS,0
3/24/2024 8:00,0.021872143,7,SS,0.001144429,MS,7.18E-06
3/24/2024 15:00,0.022846,1,MS,0,SS,0
3/24/2024 16:00,0.024266,1,SS,0,MS,0
3/24/2024 17:00,0.024119,1,MS,0,SS,0
3/24/2024 18:00,0.028128,3,SS,0.001181,MS,1.37E-06
3/24/2024 21:00,0.025758,1,MS,0,WS,0
3/24/2024 22:00,0.023308,2,WS,0.000486,MS,5.90E-08
3/25/2024 0:00,0.026391,2,MS,0.000294,WS,2.16E-08
3/25/2024 2:00,0.023996,1,WS,0,WB,0
3/25/2024 3:00,0.020204,2,WB,-0.002686,MB,1.80E-06
3/25/2024 5:00,0.0171735,2,MB,-0.000953,SB,2.27E-07
3/25/2024 7:00,0.015084,1,SB,0,MB,0
3/25/2024 8:00,0.017896,1,MB,0,SB,0
3/25/2024 9:00,0.0127842,5,SB,-0.0004621,MB,7.62E-07
3/25/2024 14:00,0.013324,1,MB,0,WB,0
3/25/2024 15:00,0.016838,1,WB,0,MS,0
3/25/2024 16:00,0.025835,1,MS,0,SS,0
3/25/2024 17:00,0.035308667,6,SS,0.000175314,MS,1.06E-06
3/25/2024 23:00,0.035836,1,MS,0,SS,0
3/26/2024 0:00,0.039449,1,SS,0,MS,0
3/26/2024 1:00,0.036411333,3,MS,-0.000997,WS,6.87E-07
3/26/2024 4:00,0.03049975,4,WS,-0.0014163,WB,2.68E-06
3/26/2024 8:00,0.026293833,6,WB,0.000183971,MB,3.60E-07
3/26/2024 14:00,0.027263,3,MB,-0.0001865,WB,4.38E-07
3/26/2024 17:00,0.02916825,4,WB,0.0003957,WS,4.47E-07
3/26/2024 21:00,0.030824,1,WS,0,WB,0
3/26/2024 22:00,0.0294715,2,WB,0.000741,SS,1.37E-07
3/27/2024 0:00,0.035076,2,SS,-0.00021,MS,1.10E-08
3/27/2024 2:00,0.033651,2,MS,0.000136,SS,4.62E-09
3/27/2024 4:00,0.035444,4,SS,0.0007312,MS,9.83E-07
3/27/2024 8:00,0.035617,2,MS,-0.000302,SS,2.28E-08
3/27/2024 10:00,0.0447035,6,SS,0.001944257,MS,1.14E-05
3/27/2024 16:00,0.041326,1,MS,0,WS,0
3/27/2024 17:00,0.040078,1,WS,0,MS,0
3/27/2024 18:00,0.043728,3,MS,0.0014155,WB,1.71E-06
3/27/2024 21:00,0.038323,1,WB,0,MB,0
3/27/2024 22:00,0.032679,1,MB,0,SB,0
3/27/2024 23:00,0.029672,1,SB,0,WS,0
3/28/2024 0:00,0.0403195,2,WS,0.001463,WB,5.35E-07
3/28/2024 2:00,0.0391755,2,WB,-0.000329,MB,2.71E-08
3/28/2024 4:00,0.0358485,4,MB,-0.0004312,WB,2.52E-07
3/28/2024 8:00,0.0380765,2,WB,0.002875,WS,2.07E-06
3/28/2024 10:00,0.043245,1,WS,0,MS,0
3/28/2024 11:00,0.046984,1,MS,0,SS,0
3/28/2024 12:00,0.053317,3,SS,0.000572,MS,5.51E-07
3/28/2024 15:00,0.048752,1,MS,0,WS,0
3/28/2024 16:00,0.04279,1,WS,0,WB,0
3/28/2024 17:00,0.040948,1,WB,0,WS,0
3/28/2024 18:00,0.042272,1,WS,0,WB,0
3/28/2024 19:00,0.038861,1,WB,0,SB,0
3/28/2024 20:00,0.02490575,4,SB,-0.0025119,MB,9.89E-06
3/29/2024 0:00,0.0286565,2,MB,0.002747,WB,1.89E-06
3/29/2024 2:00,0.031687,2,WB,-0.000532,MB,7.08E-08
3/29/2024 4:00,0.02397825,4,MB,0.0008255,WB,9.02E-07
3/29/2024 8:00,0.03229025,4,WB,0.0016893,WS,4.53E-06
3/29/2024 12:00,0.03452925,4,WS,-0.0007695,MS,9.86E-07
3/29/2024 16:00,0.03672,1,MS,0,WS,0
3/29/2024 17:00,0.030938,1,WS,0,WB,0
3/29/2024 18:00,0.029597,1,WB,0,WS,0
3/29/2024 19:00,0.02991,2,WS,-0.000578,WB,8.35E-08
3/29/2024 21:00,0.0275375,2,WB,-0.000767,MB,1.47E-07
3/29/2024 23:00,0.026361,1,MB,0,SB,0
3/30/2024 0:00,0.020155,2,SB,0.002314,WB,1.34E-06
3/30/2024 2:00,0.027217,1,WB,0,WS,0
3/30/2024 3:00,0.030887,1,WS,0,MS,0
3/30/2024 4:00,0.03627,4,MS,0.0009528,WS,1.98E-06
3/30/2024 8:00,0.033023333,3,WS,0.0007715,MS,5.98E-07
3/30/2024 11:00,0.0372172,5,MS,0.0005815,SS,1.21E-06
3/30/2024 16:00,0.0416555,2,SS,0.002567,MS,1.65E-06
3/30/2024 18:00,0.040179,2,MS,-0.003284,WS,2.70E-06
3/30/2024 20:00,0.03392,1,WS,0,WB,0
3/30/2024 21:00,0.0307925,2,WB,-0.001631,MB,6.65E-07
3/30/2024 23:00,0.029561,1,MB,0,WB,0
3/31/2024 0:00,0.033663,1,WB,0,MB,0
3/31/2024 1:00,0.0304965,4,MB,0.0010508,WB,1.58E-06
3/31/2024 5:00,0.033452,1,WB,0,WS,0
3/31/2024 6:00,0.035879,1,WS,0,MS,0
3/31/2024 7:00,0.03868,1,MS,0,SS,0
3/31/2024 8:00,0.059522,8,SS,0.002532214,MS,4.60E-05
3/31/2024 16:00,0.06366925,4,MS,0.0018561,SS,9.90E-06
3/31/2024 20:00,0.075181,2,SS,0.001354,MS,4.58E-07
3/31/2024 22:00,0.073306,5,MS,-0.0001694,WS,3.43E-06
4/1/2024 3:00,0.062897,1,WS,0,WB,0
4/1/2024 4:00,0.056795,1,WB,0,MB,0
4/1/2024 5:00,0.051596,1,MB,0,SB,0
4/1/2024 6:00,0.028430545,11,SB,-0.002407545,MB,6.53E-05
4/1/2024 17:00,0.008116278,18,MB,-0.000567151,WB,1.21E-05
4/2/2024 11:00,0.009507,1,WB,0,WS,0
4/2/2024 12:00,0.01321,1,WS,0,MS,0
4/2/2024 13:00,0.014662333,3,MS,-0.0007845,WB,7.17E-07
4/2/2024 16:00,0.007177,4,WB,-0.00075,MB,7.19E-07
4/2/2024 20:00,0.004066833,6,MB,0.000124371,WB,1.28E-07
4/3/2024 2:00,0.005516333,3,WB,0.0004275,WS,3.47E-07
4/3/2024 5:00,0.006995,1,WS,0,WB,0
4/3/2024 6:00,0.0067325,2,WB,-9.90E-05,WS,2.45E-09
4/3/2024 8:00,0.007724,1,WS,0,WB,0
4/3/2024 9:00,0.00678225,4,WB,-5.17E-05,WS,2.73E-08
4/3/2024 13:00,0.00755,2,WS,0.00018,MS,8.10E-09
4/3/2024 15:00,0.008203,1,MS,0,SS,0
4/3/2024 16:00,0.010141,3,SS,-0.0009395,MS,7.69E-07
4/3/2024 19:00,0.008701,2,MS,-0.000876,WS,1.92E-07
4/3/2024 21:00,0.006997,1,WS,0,WB,0
4/3/2024 22:00,0.005818,1,WB,0,MB,0
4/3/2024 23:00,0.004715,1,MB,0,SB,0
4/4/2024 0:00,0.00238375,4,SB,-0.0001017,MB,2.67E-07
4/4/2024 4:00,0.00409,1,MB,0,WB,0
4/4/2024 5:00,0.0056795,2,WB,0.001015,WS,2.58E-07
4/4/2024 7:00,0.0075045,2,WS,0.000713,MS,1.27E-07
4/4/2024 9:00,0.009323,6,MS,0.000155657,WS,1.27E-07
4/4/2024 15:00,0.008945,1,WS,0,WB,0
4/4/2024 16:00,0.005998,1,WB,0,WS,0
4/4/2024 17:00,0.007436,2,WS,0.000842,WB,1.77E-07
4/4/2024 19:00,0.0055474,5,WB,-3.81E-05,MB,2.07E-07
4/5/2024 0:00,0.003317,2,MB,-0.000776,SB,1.51E-07
4/5/2024 2:00,0.003002,1,SB,0,MB,0
4/5/2024 3:00,0.004858,1,MB,0,WS,0
4/5/2024 4:00,0.007051,2,WS,0.000134,WB,4.49E-09
4/5/2024 6:00,0.006397,3,WB,0.000156,WS,2.25E-08
4/5/2024 9:00,0.006695143,7,WS,-0.000104214,MB,7.74E-08
4/5/2024 16:00,0.004548333,3,MB,-0.000319,SB,7.51E-08
4/5/2024 19:00,0.001074,4,SB,-0.0007858,MB,1.21E-06
4/5/2024 23:00,0.002199,1,MB,0,WS,0
4/6/2024 0:00,0.0055955,2,WS,0.000931,WB,2.17E-07
4/6/2024 2:00,0.004644333,3,WB,0.0001765,WS,3.43E-08
4/6/2024 5:00,0.0056105,2,WS,0.000297,MS,2.21E-08
4/6/2024 7:00,0.006923,1,MS,0,SS,0
4/6/2024 8:00,0.00932,4,SS,0.000181,MS,6.50E-08
4/6/2024 12:00,0.009209,4,MS,-0.0002306,WB,8.09E-08
4/6/2024 16:00,0.005380857,7,WB,0.000102393,WS,2.49E-07
4/6/2024 23:00,0.007724,1,WS,0,MS,0
4/7/2024 0:00,0.008878,1,MS,0,SS,0
4/7/2024 1:00,0.010243,1,SS,0,MS,0
4/7/2024 2:00,0.0102225,4,MS,-8.86E-05,WS,1.28E-08
4/7/2024 6:00,0.009563,1,WS,0,MS,0
4/7/2024 7:00,0.009987,1,MS,0,SS,0
4/7/2024 8:00,0.014957667,3,SS,-0.000305,WS,3.16E-07
4/7/2024 11:00,0.01085,1,WS,0,WB,0
4/7/2024 12:00,0.008612,2,WB,0.000176,WS,7.74E-09
4/7/2024 14:00,0.0109164,5,WS,0.0002138,MS,1.95E-07
4/7/2024 19:00,0.012192,1,MS,0,WS,0
4/7/2024 20:00,0.01167,4,WS,-0.000236,WB,7.13E-08
4/8/2024 0:00,0.010432,1,WB,0,MB,0
4/8/2024 1:00,0.009874,1,MB,0,WB,0
4/8/2024 2:00,0.010658,2,WB,0.000946,WS,2.24E-07
4/8/2024 4:00,0.01136,1,WS,0,WB,0
4/8/2024 5:00,0.010567,1,WB,0,MB,0
4/8/2024 6:00,0.009859,2,MB,-0.000294,WB,2.16E-08
4/8/2024 8:00,0.010912,1,WB,0,SS,0
4/8/2024 9:00,0.025463429,7,SS,0.002316321,MS,2.39E-05
4/8/2024 16:00,0.024535,1,MS,0,WS,0
4/8/2024 17:00,0.0190085,2,WS,-0.001343,WB,4.51E-07
4/8/2024 19:00,0.012482,2,WB,-0.002298,MB,1.32E-06
4/8/2024 21:00,0.010065875,8,MB,-0.000209393,WB,6.07E-07
4/9/2024 5:00,0.0113975,2,WB,-0.000203,MB,1.03E-08
4/9/2024 7:00,0.007040667,9,MB,-0.0003969,MS,1.51E-06
4/9/2024 16:00,0.014207,1,MS,0,WS,0
4/9/2024 17:00,0.01067,4,WS,-0.0005214,WB,3.95E-07
4/9/2024 21:00,0.0084145,2,WB,-0.000863,MB,1.86E-07
4/9/2024 23:00,0.00658975,4,MB,3.30E-06,WB,8.14E-08
4/10/2024 3:00,0.007776,1,WB,0,WS,0
4/10/2024 4:00,0.009192182,11,WS,4.28E-05,MB,2.41E-07
4/10/2024 15:00,0.0072048,5,MB,-0.0002481,SB,1.63E-07
4/10/2024 20:00,0.005478333,3,SB,-0.0002745,MB,5.49E-08
4/10/2024 23:00,0.006244,2,MB,0.000634,WB,1.00E-07
4/11/2024 1:00,0.0073875,2,WB,0.000695,MS,1.21E-07
4/11/2024 3:00,0.009474,1,MS,0,SS,0
4/11/2024 4:00,0.0126705,4,SS,0.0005874,MS,5.07E-07
4/11/2024 8:00,0.0122688,5,MS,4.87E-05,WS,2.48E-07
4/11/2024 13:00,0.0102405,2,WS,-0.001227,WB,3.76E-07
4/11/2024 15:00,0.0081555,2,WB,-0.000223,MB,1.24E-08
4/11/2024 17:00,0.0064205,4,MB,-0.0006594,SB,6.19E-07
4/11/2024 21:00,0.004816,1,SB,0,MB,0
4/11/2024 22:00,0.005189,6,MB,0.000106343,WB,6.38E-08
4/12/2024 4:00,0.00759,1,WB,0,WS,0
4/12/2024 5:00,0.008855,2,WS,0.000816,MS,1.66E-07
4/12/2024 7:00,0.0112955,2,MS,0.001379,SS,4.75E-07
4/12/2024 9:00,0.0142245,4,SS,0.000219,MS,2.57E-07
4/12/2024 13:00,0.012381,2,MS,-0.00146,WS,5.33E-07
4/12/2024 15:00,0.009724,1,WS,0,MS,0
4/12/2024 16:00,0.012026,1,MS,0,WS,0
4/12/2024 17:00,0.011343,1,WS,0,WB,0
4/12/2024 18:00,0.006985,1,WB,0,MB,0
4/12/2024 19:00,0.0047155,2,MB,-0.001369,SB,4.69E-07
4/12/2024 21:00,0.003034,1,SB,0,MB,0
4/12/2024 22:00,0.0048755,2,MB,0.000785,SS,1.54E-07
4/13/2024 0:00,0.02138525,4,SS,0.0009161,MS,3.49E-06
4/13/2024 4:00,0.018055,1,MS,0,WS,0
4/13/2024 5:00,0.014107,2,WS,-0.002178,WB,1.19E-06
4/13/2024 7:00,0.010240667,3,WB,-0.0014295,MB,1.50E-06
4/13/2024 10:00,0.0068175,2,MB,0.000139,WB,4.83E-09
4/13/2024 12:00,0.00946125,4,WB,0.0004385,WS,3.19E-07
4/13/2024 16:00,0.012298,1,WS,0,WB,0
4/13/2024 17:00,0.009254333,3,WB,-0.0004665,SB,1.84E-07
4/13/2024 20:00,-0.010658333,3,SB,-0.004203,MB,2.40E-05
4/13/2024 23:00,-0.005463,1,MB,0,SS,0
4/14/2024 0:00,0.029666,3,SS,9.50E-06,MS,1.64E-08
4/14/2024 3:00,0.0269045,2,MS,0.001495,SS,5.59E-07
4/14/2024 5:00,0.033127,1,SS,0,MS,0
4/14/2024 6:00,0.028828667,3,MS,-0.0041515,WS,1.33E-05
4/14/2024 9:00,0.016942,2,WS,-0.00343,WB,2.94E-06
4/14/2024 11:00,0.013553333,3,WB,0.0012495,WS,1.04E-06
4/14/2024 14:00,0.017155,2,WS,0.001212,WB,3.67E-07
4/14/2024 16:00,0.00766,1,WB,0,MB,0
4/14/2024 17:00,0.003505,1,MB,0,WB,0
4/14/2024 18:00,0.0111495,4,WB,0.0004982,MB,2.32E-06
4/14/2024 22:00,0.006002111,9,MB,-0.001085983,SB,9.73E-06
4/15/2024 7:00,-0.002188667,3,SB,-0.0009445,MB,4.21E-06
4/15/2024 10:00,0.000236333,3,MB,0.0006485,WB,2.81E-07
4/15/2024 13:00,0.002165,2,WB,-0.000128,WS,4.10E-09
4/15/2024 15:00,0.006809,1,WS,0,MS,0
4/15/2024 16:00,0.0114315,4,MS,0.0002502,SS,4.70E-07
4/15/2024 20:00,0.02477225,8,SS,0.003264833,MS,7.74E-05
4/16/2024 4:00,0.0265285,2,MS,-0.003913,WS,3.83E-06
4/16/2024 6:00,0.019622,1,WS,0,WB,0
4/16/2024 7:00,0.013957,1,WB,0,MB,0
4/16/2024 8:00,0.003794727,11,MB,8.41E-05,WB,1.17E-06
4/16/2024 19:00,0.006683,7,WB,-0.000109286,MB,1.55E-06
4/17/2024 2:00,0.002482,1,MB,0,WB,0
4/17/2024 3:00,0.003126,2,WB,0.000986,MB,2.43E-07
4/17/2024 5:00,0.002349714,7,MB,-5.30E-05,SB,4.82E-08
4/17/2024 12:00,-9.00E-06,1,SB,0,MB,0
4/17/2024 13:00,0.000706,3,MB,0.000585,SS,3.74E-07
4/17/2024 16:00,0.0222685,2,SS,-0.009529,MS,2.27E-05
4/17/2024 18:00,0.011356714,7,MS,0.000246464,,9.00E-07
