datetime,sigai_output,rolling_mean,std,0.7std,1.5std,3std,upper_0.7std,lower_0.7std,upper_1.5std,lower_1.5std,upper_3std,lower_3std,SB,MB,WB,A,WS,MS,SS
2023-08-01 00:00:00,-0.00070864,0.007514923333333333,0.003442815191914252,0.0024099706343399764,0.005164222787871378,0.010328445575742756,0.00992489396767331,0.0051049526989933565,0.012679146121204712,0.002350700545461955,0.01784336890907609,-0.002813522242409423,1,0,0,0,0,0,0
2023-08-01 01:00:00,0.00146331,0.007357461666666666,0.003632468403766581,0.002542727882636607,0.005448702605649872,0.010897405211299744,0.009900189549303273,0.0048147337840300595,0.01280616427231654,0.0019087590610167944,0.01825486687796641,-0.0035399435446330776,1,0,0,0,0,0,0
2023-08-01 02:00:00,0.00105748,0.007183013749999999,0.0038333471882403118,0.002683343031768218,0.005750020782360468,0.011500041564720936,0.009866356781768218,0.00449967071823178,0.012933034532360468,0.0014329929676395311,0.018683055314720934,-0.004317027814720937,1,0,0,0,0,0,0
2023-08-01 03:00:00,0.00082329,0.007001922916666666,0.00403020842968235,0.002821145900777645,0.006045312644523525,0.01209062528904705,0.009823068817444311,0.004180777015889021,0.013047235561190192,0.0009566102721431406,0.019092548205713718,-0.005088702372380385,1,0,0,0,0,0,0
2023-08-01 04:00:00,-0.00169631,0.0067468499999999995,0.004378995510779424,0.0030652968575455965,0.006568493266169136,0.013136986532338272,0.009812146857545596,0.003681553142454403,0.013315343266169136,0.00017835673383086344,0.019883836532338273,-0.006390136532338273,1,0,0,0,0,0,0
2023-08-01 05:00:00,-0.00137615,0.0065035375,0.004664327026928203,0.003265028918849742,0.006996490540392305,0.01399298108078461,0.009768566418849742,0.003238508581150258,0.013500028040392305,-0.0004929530403923049,0.02049651858078461,-0.00748944358078461,1,0,0,0,0,0,0
2023-08-01 06:00:00,-0.00115887,0.00626352875,0.004908282284723796,0.003435797599306657,0.007362423427085693,0.014724846854171386,0.009699326349306656,0.0028277311506933428,0.013625952177085694,-0.0010988946770856935,0.020988375604171387,-0.008461318104171386,1,0,0,0,0,0,0
2023-08-01 07:00:00,-0.00126444,0.0060066450000000006,0.005138633994243179,0.0035970437959702254,0.007707950991364769,0.015415901982729538,0.009603688795970226,0.002409601204029775,0.01371459599136477,-0.0017013059913647682,0.021422546982729537,-0.009409256982729538,0,1,0,0,0,0,0
2023-08-01 08:00:00,0.00231001,0.005654912083333332,0.005088389135273959,0.0035618723946917712,0.007632583702910939,0.015265167405821877,0.009216784478025104,0.002093039688641561,0.013287495786244271,-0.0019776716195776065,0.02092007948915521,-0.009610255322488544,0,0,1,0,0,0,0
2023-08-01 09:00:00,0.00241387,0.005305782500000001,0.005007335525537198,0.0035051348678760384,0.007511003288305796,0.015022006576611593,0.00881091736787604,0.0018006476321239624,0.012816785788305796,-0.0022052207883057956,0.020327789076611594,-0.009716224076611591,0,0,1,0,0,0,0
2023-08-01 10:00:00,0.00255512,0.004962639166666666,0.00489607576726945,0.0034272530370886146,0.007344113650904175,0.01468822730180835,0.008389892203755281,0.0015353861295780515,0.012306752817570842,-0.002381474484237509,0.01965086646847502,-0.009725588135141685,0,0,1,0,0,0,0
2023-08-01 11:00:00,0.00254232,0.004622123749999999,0.004760959303392961,0.0033326715123750726,0.0071414389550894415,0.014282877910178883,0.007954795262375072,0.0012894522376249266,0.01176356270508944,-0.0025193152050894422,0.01890500166017888,-0.009660754160178885,0,0,1,0,0,0,0
2023-08-01 12:00:00,0.00311458,0.004219277499999999,0.0044385397627199515,0.0031069778339039658,0.006657809644079927,0.013315619288159854,0.0073262553339039655,0.0011122996660960336,0.010877087144079926,-0.002438532144079928,0.017534896788159855,-0.009096341788159854,0,0,1,0,0,0,0
2023-08-01 13:00:00,0.0033668,0.0038277041666666665,0.004049366900891362,0.002834556830623953,0.006074050351337043,0.012148100702674086,0.00666226099729062,0.0009931473360427134,0.00990175451800371,-0.0022463461846703764,0.015975804869340752,-0.00832039653600742,0,0,1,0,0,0,0
2023-08-01 14:00:00,0.00354109,0.00345302875,0.00359991033519661,0.002519937234637627,0.005399865502794915,0.01079973100558983,0.005972965984637627,0.000933091515362373,0.008852894252794915,-0.0019468367527949153,0.01425275975558983,-0.007346702255589831,0,0,0,0,1,0,0
2023-08-01 15:00:00,0.00379969,0.003094072916666666,0.0030558756361625103,0.002139112945313757,0.004583813454243765,0.00916762690848753,0.005233185861980422,0.0009549599713529091,0.007677886370910431,-0.001489740537577099,0.012261699825154196,-0.006073553991820864,0,0,0,0,1,0,0
2023-08-01 16:00:00,0.00740842,0.003084415833333333,0.003041215559198792,0.0021288508914391545,0.004561823338798189,0.009123646677596377,0.005213266724772488,0.0009555649418941784,0.007646239172131522,-0.0014774075054648558,0.01220806251092971,-0.0060392308442630445,0,0,0,0,0,1,0
2023-08-01 17:00:00,0.00785299,0.0031047329166666664,0.0030725259142538068,0.0021507681399776644,0.00460878887138071,0.00921757774276142,0.005255501056644331,0.000953964776689002,0.007713521788047377,-0.0015040559547140433,0.012322310659428086,-0.006112844826094753,0,0,0,0,0,0,1
2023-08-01 18:00:00,0.0083511,0.0031599525,0.0031568127895867256,0.0022097689527107076,0.004735219184380088,0.009470438368760176,0.0053697214527107075,0.0009501835472892923,0.007895171684380088,-0.0015752666843800883,0.012630390868760177,-0.006310485868760176,0,0,0,0,0,0,1
2023-08-01 19:00:00,0.0090787,0.003251575833333334,0.003298214389200648,0.0023087500724404534,0.004947321583800972,0.009894643167601944,0.005560325905773787,0.0009428257608928804,0.008198897417134306,-0.0016957457504676384,0.013146219000935279,-0.00664306733426861,0,0,0,0,0,0,1
2023-08-01 20:00:00,0.01218971,0.003495409583333333,0.0037249930264300454,0.0026074951185010315,0.005587489539645068,0.011174979079290137,0.006102904701834364,0.0008879144648323016,0.009082899122978402,-0.0020920799563117353,0.01467038866262347,-0.007679569495956804,0,0,0,0,0,0,1
2023-08-01 21:00:00,0.01248322,0.0037660274999999997,0.004128092239891789,0.002889664567924252,0.006192138359837683,0.012384276719675366,0.006655692067924252,0.0008763629320757476,0.009958165859837682,-0.0024261108598376832,0.016150304219675365,-0.008618249219675366,0,0,0,0,0,0,1
2023-08-01 22:00:00,0.01260637,0.004037911250000001,0.0044865211947162295,0.0031405648363013604,0.006729781792074344,0.013459563584148689,0.0071784760863013615,0.0008973464136986403,0.010767693042074346,-0.0026918705420743436,0.01749747483414869,-0.009421652334148687,0,0,0,0,0,0,1
2023-08-01 23:00:00,0.0125977,0.0043063066666666665,0.004800443790003184,0.0033603106530022287,0.007200665685004776,0.014401331370009552,0.007666617319668895,0.0009459960136644378,0.011506972351671443,-0.0028943590183381097,0.01870763803667622,-0.010095024703342885,0,0,0,0,0,0,1
2023-08-02 00:00:00,0.01336677,0.004892782083333333,0.005016084637847768,0.0035112592464934373,0.007524126956771652,0.015048253913543305,0.008404041329826771,0.001381522836839896,0.012416909040104986,-0.002631344873438319,0.01994103599687664,-0.010155471830209971,0,0,0,0,0,0,1
2023-08-02 01:00:00,0.01371407,0.005403230416666666,0.005268882724884577,0.0036882179074192033,0.007903324087326864,0.01580664817465373,0.00909144832408587,0.0017150125092474625,0.01330655450399353,-0.0025000936706601985,0.021209878591320393,-0.010403417757987064,0,0,0,0,0,0,1
2023-08-02 02:00:00,0.01414633,0.005948599166666666,0.005472952755037983,0.003831066928526588,0.008209429132556975,0.01641885826511395,0.009779666095193254,0.0021175322381400785,0.014158028299223642,-0.0022608299658903085,0.022367457431780615,-0.010470259098447284,0,0,0,0,0,1,0
2023-08-02 03:00:00,0.01421672,0.006506658749999999,0.0056087763869387105,0.003926143470857097,0.008413164580408066,0.016826329160816132,0.010432802220857096,0.0025805152791429017,0.014919823330408064,-0.0019065058304080671,0.02333298791081613,-0.010319670410816134,0,0,0,0,0,1,0
2023-08-02 04:00:00,0.01440427,0.007177516249999999,0.005547521738676249,0.0038832652170733744,0.008321282608014374,0.01664256521602875,0.011060781467073373,0.0032942510329266247,0.015498798858014372,-0.0011437663580143751,0.023820081466028747,-0.00946504896602875,0,0,0,0,0,1,0
2023-08-02 05:00:00,0.01463664,0.007844715833333333,0.005435849340181099,0.003805094538126769,0.008153774010271649,0.016307548020543298,0.011649810371460102,0.004039621295206564,0.015998489843604982,-0.00030905817693831564,0.02415226385387663,-0.008462832187209965,0,0,0,0,0,1,0
2023-08-02 06:00:00,0.01499739,0.008517893333333333,0.005270239225205331,0.0036891674576437316,0.007905358837807998,0.015810717675615996,0.012207060790977066,0.004828725875689601,0.01642325217114133,0.0006125344955253357,0.024328611008949327,-0.007292824342282662,0,0,0,0,0,1,0
2023-08-02 07:00:00,0.01580706,0.009229205833333334,0.005039536849823583,0.0035276757948765076,0.007559305274735374,0.015118610549470748,0.012756881628209841,0.005701530038456826,0.016788511108068706,0.0016699005585979598,0.02434781638280408,-0.005889404716137414,0,0,0,0,0,1,0
2023-08-02 08:00:00,0.01655124,0.009822590416666667,0.005027817467653236,0.003519472227357265,0.007541726201479854,0.015083452402959708,0.013342062644023933,0.006303118189309402,0.01736431661814652,0.0022808642151868133,0.024906042819626377,-0.005260861986293041,0,0,0,0,0,1,0
2023-08-02 09:00:00,0.01619963,0.010396997083333333,0.004931155074188108,0.0034518085519316755,0.0073967326112821625,0.014793465222564325,0.01384880563526501,0.006945188531401658,0.017793729694615495,0.0030002644720511706,0.025190462305897658,-0.004396468139230992,0,0,0,0,0,1,0
2023-08-02 10:00:00,0.0157822,0.010948125416666668,0.004752529002355049,0.003326770301648534,0.007128793503532573,0.014257587007065146,0.014274895718315202,0.007621355115018134,0.01807691892019924,0.003819331913134095,0.02520571242373181,-0.003309461590398478,0,0,0,0,0,1,0
2023-08-02 11:00:00,0.0154013,0.011483916249999998,0.004480749693075736,0.003136524785153015,0.006721124539613604,0.013442249079227208,0.014620441035153014,0.008347391464846983,0.018205040789613602,0.004762791710386394,0.024926165329227208,-0.0019583328292272096,0,0,0,0,0,1,0
2023-08-02 12:00:00,0.01511138,0.011983782916666665,0.004164495967420899,0.0029151471771946295,0.006246743951131349,0.012493487902262698,0.014898930093861295,0.009068635739472034,0.018230526867798014,0.005737038965535316,0.024477270818929364,-0.0005097049855960333,0,0,0,0,0,1,0
2023-08-02 13:00:00,0.01475388,0.012458244583333332,0.00377006471834078,0.002639045302838546,0.005655097077511171,0.011310194155022341,0.015097289886171877,0.009819199280494786,0.018113341660844502,0.006803147505822161,0.02376843873835567,0.0011480504283109903,0,0,0,0,1,0,0
2023-08-02 14:00:00,0.0145369,0.012916403333333333,0.0032749063011111947,0.002292434410777836,0.004912359451666792,0.009824718903333585,0.01520883774411117,0.010623968922555497,0.017828762785000125,0.00800404388166654,0.022741122236666918,0.0030916844299997484,0,0,0,0,1,0,0
2023-08-02 15:00:00,0.01401803,0.0133421675,0.002641012452105422,0.0018487087164737953,0.003961518678158133,0.007923037356316266,0.015190876216473796,0.011493458783526204,0.017303686178158133,0.009380648821841867,0.021265204856316264,0.0054191301436837345,0,0,0,0,1,0,0
2023-08-02 16:00:00,0.01224194,0.013543564166666668,0.002335468132030386,0.0016348276924212702,0.003503202198045579,0.007006404396091158,0.015178391859087937,0.011908736474245398,0.017046766364712248,0.010040361968621089,0.020549968562757825,0.0065371597705755095,0,0,1,0,0,0,0
2023-08-02 17:00:00,0.0122646,0.013727381249999998,0.0020204782883188116,0.001414334801823168,0.0030307174324782173,0.006061434864956435,0.015141716051823167,0.01231304644817683,0.016758098682478215,0.010696663817521782,0.019788816114956434,0.007665946385043564,0,1,0,0,0,0,0
2023-08-02 18:00:00,0.01196603,0.013878003333333333,0.0017137185308832143,0.00119960297161825,0.0025705777963248213,0.005141155592649643,0.015077606304951583,0.012678400361715083,0.016448581129658156,0.011307425537008512,0.019019158925982976,0.00873684774068369,0,1,0,0,0,0,0
2023-08-02 19:00:00,0.01166947,0.013985952083333334,0.0014612644061429987,0.001022885084300099,0.002191896609214498,0.004383793218428996,0.015008837167633434,0.012963066999033235,0.016177848692547833,0.011794055474118836,0.01836974530176233,0.009602158864904339,1,0,0,0,0,0,0
2023-08-02 20:00:00,0.01168299,0.01396483875,0.0014916900901218383,0.0010441830630852867,0.0022375351351827575,0.004475070270365515,0.015009021813085287,0.012920655686914712,0.016202373885182756,0.011727303614817242,0.018439909020365516,0.009489768479634484,1,0,0,0,0,0,0
2023-08-02 21:00:00,0.01174124,0.013933922916666666,0.0015309057112488564,0.0010716339978741995,0.0022963585668732845,0.004592717133746569,0.015005556914540865,0.012862288918792467,0.01623028148353995,0.011637564349793381,0.018526640050413233,0.009341205782920097,0,1,0,0,0,0,0
2023-08-02 22:00:00,0.01162452,0.013893012500000001,0.0015802481920811856,0.0011061737344568298,0.0023703722881217785,0.004740744576243557,0.01499918623445683,0.012786838765543172,0.01626338478812178,0.011522640211878222,0.018633757076243557,0.009152267923756445,0,1,0,0,0,0,0
2023-08-02 23:00:00,0.01149368,0.013847011666666666,0.0016347239648668262,0.0011443067754067784,0.0024520859473002392,0.0049041718946004785,0.014991318442073444,0.012702704891259887,0.016299097613966904,0.011394925719366426,0.018751183561267145,0.008942839772066186,0,1,0,0,0,0,0
2023-08-03 00:00:00,0.01000342,0.013706872083333333,0.0018122127061567918,0.0012685488943097543,0.002718319059235188,0.005436638118470376,0.014975420977643088,0.01243832318902358,0.01642519114256852,0.010988553024098145,0.019143510201803708,0.008270233964862959,1,0,0,0,0,0,0
2023-08-03 01:00:00,0.00981853,0.013544557916666667,0.001978377613122419,0.0013848643291856932,0.0029675664196836286,0.005935132839367257,0.01492942224585236,0.012159693587480973,0.016512124336350294,0.010576991496983039,0.019479690756033924,0.0076094250772994095,1,0,0,0,0,0,0
2023-08-03 02:00:00,0.00986957,0.013366359583333334,0.0021100462449670683,0.0014770323714769478,0.0031650693674506025,0.006330138734901205,0.014843391954810282,0.011889327211856386,0.01653142895078394,0.010201290215882732,0.01969649831823454,0.007036220848432129,1,0,0,0,0,0,0
2023-08-03 03:00:00,0.0099128,0.013187029583333334,0.002214919054066052,0.0015504433378462363,0.003322378581099078,0.006644757162198156,0.01473747292117957,0.011636586245487099,0.016509408164432412,0.009864651002234257,0.01983178674553149,0.006542272421135178,0,1,0,0,0,0,0
2023-08-03 04:00:00,0.00994658,0.013001292499999999,0.0022939031526943627,0.0016057322068860538,0.0034408547290415443,0.0068817094580830886,0.014607024706886053,0.011395560293113945,0.016442147229041543,0.009560437770958455,0.01988300195808309,0.0061195830419169105,0,1,0,0,0,0,0
2023-08-03 05:00:00,0.00984075,0.012801463749999999,0.002353370563822829,0.0016473593946759804,0.0035300558457342437,0.0070601116914684875,0.014448823144675979,0.011154104355324018,0.016331519595734242,0.009271407904265755,0.019861575441468486,0.005741352058531511,0,1,0,0,0,0,0
2023-08-03 06:00:00,0.00991879,0.012589855416666665,0.002375556328591836,0.001662889430014285,0.003563334492887754,0.007126668985775508,0.01425274484668095,0.01092696598665238,0.01615318990955442,0.00902652092377891,0.019716524402442172,0.005463186430891157,0,1,0,0,0,0,0
2023-08-03 07:00:00,0.01010283,0.012352179166666666,0.0023244848995907113,0.0016271394297134977,0.003486727349386067,0.006973454698772134,0.013979318596380163,0.010725039736953169,0.015838906516052735,0.008865451817280599,0.0193256338654388,0.005378724467894532,0,1,0,0,0,0,0
2023-08-03 08:00:00,0.01227389,0.01217395625,0.0021456324357285506,0.0015019427050099853,0.003218448653592826,0.006436897307185652,0.013675898955009985,0.010672013544990014,0.015392404903592826,0.008955507596407173,0.018610853557185652,0.005737058942814347,0,0,0,0,1,0,0
2023-08-03 09:00:00,0.01273743,0.012029697916666667,0.0019726167674326,0.00138083173720282,0.0029589251511489,0.0059178503022978,0.013410529653869487,0.010648866179463846,0.014988623067815567,0.009070772765517767,0.017947548218964465,0.006111847614368867,0,0,0,0,1,0,0
2023-08-03 10:00:00,0.01342311,0.011931402499999999,0.0018312080423523683,0.0012818456296466577,0.0027468120635285526,0.005493624127057105,0.013213248129646657,0.01064955687035334,0.014678214563528552,0.009184590436471445,0.017425026627057104,0.0064377783729428935,0,0,0,0,0,1,0
2023-08-03 11:00:00,0.01378355,0.01186399625,0.00172460003946675,0.0012072200276267249,0.002586900059200125,0.00517380011840025,0.013071216277626724,0.010656776222373276,0.014450896309200125,0.009277096190799874,0.01703779636840025,0.00669019613159975,0,0,0,0,0,1,0
2023-08-03 12:00:00,0.01414714,0.011823819583333332,0.001655506569331494,0.0011588545985320457,0.002483259853997241,0.004966519707994482,0.012982674181865378,0.010664964984801286,0.014307079437330573,0.009340559729336092,0.016790339291327814,0.006857299875338851,0,0,0,0,0,1,0
2023-08-03 13:00:00,0.01467654,0.011820597083333334,0.001649619936827266,0.001154733955779086,0.002474429905240899,0.004948859810481798,0.01297533103911242,0.010665863127554248,0.014295026988574232,0.009346167178092436,0.01676945689381513,0.006871737272851536,0,0,0,0,0,0,1
2023-08-03 14:00:00,0.01479718,0.011831442083333333,0.0016689957682963239,0.0011682970378074267,0.002503493652444486,0.005006987304888972,0.012999739121140759,0.010663145045525907,0.014334935735777819,0.009327948430888846,0.016838429388222304,0.006824454778444361,0,0,0,0,0,0,1
2023-08-03 15:00:00,0.01500616,0.011872614166666665,0.0017361196347023971,0.001215283744291678,0.002604179452053596,0.005208358904107192,0.013087897910958343,0.010657330422374987,0.01447679361872026,0.009268434714613069,0.01708097307077386,0.006664255262559473,0,0,0,0,0,0,1
2023-08-03 16:00:00,0.01629289,0.012041403749999999,0.0019565190983074367,0.0013695633688152057,0.002934778647461155,0.00586955729492231,0.013410967118815204,0.010671840381184794,0.014976182397461154,0.009106625102538844,0.01791096104492231,0.006171846455077689,0,0,0,0,0,0,1
2023-08-03 17:00:00,0.01609862,0.012201154583333332,0.002124821627605206,0.001487375139323644,0.0031872324414078087,0.006374464882815617,0.013688529722656976,0.010713779444009688,0.01538838702474114,0.009013922141925524,0.018575619466148947,0.0058266897005177145,0,0,0,0,0,0,1
2023-08-03 18:00:00,0.01677834,0.0124016675,0.0023197858998383887,0.001623850129886872,0.003479678849757583,0.006959357699515166,0.014025517629886871,0.010777817370113128,0.01588134634975758,0.008921988650242418,0.019361025199515165,0.005442309800484834,0,0,0,0,0,0,1
2023-08-03 19:00:00,0.01762392,0.012649769583333333,0.002545506260654275,0.0017818543824579924,0.0038182593909814122,0.0076365187819628245,0.014431623965791325,0.010867915200875341,0.016468028974314746,0.00883151019235192,0.020286288365296157,0.0050132508013705085,0,0,0,0,0,0,1
2023-08-03 20:00:00,0.01732996,0.012885059999999999,0.002708053130933062,0.0018956371916531432,0.004062079696399593,0.008124159392799186,0.014780697191653142,0.010989422808346855,0.01694713969639959,0.008822980303600406,0.021009219392799185,0.004760900607200812,0,0,0,0,0,0,1
2023-08-03 21:00:00,0.01628569,0.013074412083333334,0.002782453949838803,0.001947717764887162,0.004173680924758205,0.00834736184951641,0.015022129848220496,0.011126694318446172,0.01724809300809154,0.008900731158575129,0.021421773932849743,0.004727050233816924,0,0,0,0,0,1,0
2023-08-03 22:00:00,0.01561541,0.013240699166666666,0.002811142422184935,0.0019677996955294545,0.004216713633277402,0.008433427266554805,0.015208498862196121,0.011272899471137212,0.017457412799944068,0.009023985533389265,0.02167412643322147,0.004807271900111862,0,0,0,0,0,1,0
2023-08-03 23:00:00,0.01536125,0.013401847916666666,0.0028174873581491102,0.001972241150704377,0.0042262310372236656,0.008452462074447331,0.015374089067371043,0.011429606765962289,0.017628078953890333,0.009175616879443,0.021854309991114,0.004949385842219335,0,0,0,0,1,0,0
2023-08-04 00:00:00,0.0116524,0.013470555416666667,0.00275031511018039,0.001925220577126273,0.004125472665270585,0.00825094533054117,0.01539577599379294,0.011545334839540393,0.017596028081937252,0.009345082751396082,0.021721500747207835,0.005219610086125497,0,0,1,0,0,0,0
2023-08-04 01:00:00,0.01160265,0.01354489375,0.002670259034950971,0.0018691813244656795,0.0040053885524264565,0.008010777104852913,0.01541407507446568,0.011675712425534321,0.017550282302426456,0.009539505197573545,0.021555670854852913,0.005534116645147087,0,1,0,0,0,0,0
2023-08-04 02:00:00,0.01142923,0.013609879583333333,0.0025948375910214237,0.0018163863137149964,0.0038922563865321355,0.007784512773064271,0.01542626589704833,0.011793493269618337,0.017502135969865468,0.009717623196801198,0.021394392356397604,0.005825366810269062,0,1,0,0,0,0,0
2023-08-04 03:00:00,0.0112985,0.013667617083333333,0.002523431584567977,0.0017664021091975837,0.0037851473768519654,0.007570294753703931,0.015434019192530917,0.01190121497413575,0.0174527644601853,0.009882469706481368,0.021237911837037264,0.006097322329629402,0,1,0,0,0,0,0
2023-08-04 04:00:00,0.0112888,0.013723542916666666,0.00245121841127056,0.001715852887889392,0.00367682761690584,0.00735365523381168,0.015439395804556059,0.012007690028777274,0.017400370533572507,0.010046715299760827,0.021077198150478347,0.006369887682854986,0,1,0,0,0,0,0
2023-08-04 05:00:00,0.01157619,0.013795852916666669,0.0023554230040380777,0.0016487961028266544,0.0035331345060571166,0.007066269012114233,0.015444649019493323,0.012147056813840014,0.017328987422723784,0.010262718410609552,0.020862121928780904,0.0067295839045524355,0,1,0,0,0,0,0
2023-08-04 06:00:00,0.01181427,0.013874831249999999,0.0022491520652232777,0.0015744064456562942,0.0033737280978349167,0.006747456195669833,0.015449237695656292,0.012300424804343705,0.017248559347834917,0.010501103152165082,0.02062228744566983,0.007127375054330165,0,1,0,0,0,0,0
2023-08-04 07:00:00,0.01187276,0.013948578333333335,0.0021467824657655935,0.0015027477260359154,0.0032201736986483902,0.0064403473972967805,0.01545132605936925,0.012445830607297419,0.017168752031981725,0.010728404634684944,0.020388925730630114,0.007508230936036554,0,1,0,0,0,0,0
2023-08-04 08:00:00,0.01249111,0.013957629166666666,0.002139861747659107,0.001497903223361375,0.003209792621488661,0.006419585242977322,0.01545553239002804,0.012459725943305291,0.017167421788155328,0.010747836545178005,0.020377214409643987,0.007538043923689344,0,0,1,0,0,0,0
2023-08-04 09:00:00,0.01316392,0.013975399583333332,0.0021310407766393347,0.0014917285436475342,0.003196561164959002,0.006393122329918004,0.015467128126980867,0.012483671039685798,0.017171960748292334,0.01077883841837433,0.020368521913251336,0.007582277253415329,0,0,1,0,0,0,0
2023-08-04 10:00:00,0.01336581,0.013973012083333333,0.0021317184237910065,0.0014922028966537044,0.0031975776356865096,0.006395155271373019,0.015465214979987037,0.012480809186679629,0.017170589719019844,0.010775434447646823,0.020368167354706354,0.007577856811960314,0,0,1,0,0,0,0
2023-08-04 11:00:00,0.01277605,0.013931032916666667,0.0021454873513360685,0.001501841145935248,0.0032182310270041027,0.0064364620540082055,0.015432874062601916,0.012429191770731419,0.01714926394367077,0.010712801889662565,0.020367494970674874,0.007494570862658462,0,0,1,0,0,0,0
2023-08-04 12:00:00,0.0123357,0.01385555625,0.002169284903307972,0.0015184994323155802,0.0032539273549619576,0.006507854709923915,0.01537405568231558,0.01233705681768442,0.017109483604961957,0.010601628895038042,0.020363410959923917,0.0073477015400760844,0,1,0,0,0,0,0
2023-08-04 13:00:00,0.01173967,0.013733186666666666,0.0022035239322160884,0.0015424667525512617,0.0033052858983241328,0.0066105717966482656,0.015275653419217928,0.012190719914115404,0.0170384725649908,0.010427900768342532,0.02034375846331493,0.0071226148700184,0,1,0,0,0,0,0
2023-08-04 14:00:00,0.01164816,0.013601977500000001,0.0022309968687624928,0.001561697808133745,0.003346495303143739,0.006692990606287478,0.015163675308133746,0.012040279691866256,0.016948472803143738,0.010255482196856262,0.02029496810628748,0.006908986893712523,0,1,0,0,0,0,0
2023-08-04 15:00:00,0.01184864,0.013470414166666667,0.00223768156118529,0.001566377092829703,0.003356522341777935,0.00671304468355587,0.01503679125949637,0.011904037073836964,0.016826936508444603,0.010113891824888732,0.020183458850222536,0.006757369483110796,0,1,0,0,0,0,0
2023-08-04 16:00:00,0.01021636,0.013217225416666667,0.002248187882331124,0.0015737315176317867,0.003372281823496686,0.006744563646993372,0.014790956934298454,0.01164349389903488,0.016589507240163354,0.00984494359316998,0.01996178906366004,0.006472661769673295,0,1,0,0,0,0,0
2023-08-04 17:00:00,0.00962599,0.0129475325,0.0022755690731908968,0.0015928983512336276,0.003413353609786345,0.00682670721957269,0.014540430851233627,0.011354634148766371,0.016360886109786345,0.009534178890213654,0.01977423971957269,0.006120825280427309,0,1,0,0,0,0,0
2023-08-04 18:00:00,0.00897047,0.012622204583333333,0.0022621724639592202,0.0015835207247714542,0.0033932586959388306,0.006786517391877661,0.014205725308104787,0.011038683858561878,0.01601546327927216,0.009228945887394502,0.019408721975210992,0.005835687191455672,1,0,0,0,0,0,0
2023-08-04 19:00:00,0.00868126,0.012249593750000001,0.002135441233387243,0.0014948088633710702,0.0032031618500808646,0.006406323700161729,0.013744402613371072,0.01075478488662893,0.015452755600080866,0.009046431899919136,0.01865591745016173,0.005843270049838272,1,0,0,0,0,0,0
2023-08-04 20:00:00,0.00868372,0.011889333750000002,0.0019635034455208365,0.0013744524118645854,0.0029452551682812547,0.0058905103365625095,0.013263786161864587,0.010514881338135416,0.014834588918281256,0.008944078581718747,0.01777984408656251,0.005998823413437492,1,0,0,0,0,0,0
2023-08-04 21:00:00,0.00872614,0.011574352500000001,0.0018293463178895417,0.0012805424225226791,0.0027440194768343124,0.005488038953668625,0.01285489492252268,0.010293810077477322,0.014318371976834313,0.008830333023165689,0.017062391453668627,0.006086313546331376,1,0,0,0,0,0,0
2023-08-04 22:00:00,0.00867398,0.01128512625,0.00170732506290525,0.001195127544033675,0.0025609875943578752,0.0051219751887157505,0.012480253794033674,0.010089998705966325,0.013846113844357875,0.008724138655642123,0.01640710143871575,0.006163151061284249,1,0,0,0,0,0,0
2023-08-04 23:00:00,0.00820364,0.0109868925,0.0015851235836068125,0.0011095865085247686,0.0023776853754102186,0.004755370750820437,0.012096479008524768,0.009877305991475231,0.013364577875410219,0.00860920712458978,0.015742263250820437,0.006231521749179562,1,0,0,0,0,0,0
2023-08-05 00:00:00,0.00881186,0.010868536666666666,0.0016384225910351957,0.001146895813724637,0.0024576338865527937,0.0049152677731055874,0.012015432480391303,0.00972164085294203,0.01332617055321946,0.008410902780113872,0.015783804439772252,0.005953268893561079,0,1,0,0,0,0,0
2023-08-05 01:00:00,0.00879745,0.010751653333333333,0.001683222245843207,0.0011782555720902448,0.0025248333687648106,0.005049666737529621,0.011929908905423578,0.009573397761243089,0.013276486702098144,0.008226819964568522,0.015801320070862955,0.005701986595803712,0,1,0,0,0,0,0
2023-08-05 02:00:00,0.00916298,0.010657226249999999,0.0017069580291822295,0.0011948706204275607,0.0025604370437733444,0.005120874087546689,0.01185209687042756,0.009462355629572438,0.013217663293773343,0.008096789206226654,0.01577810033754669,0.00553635216245331,0,1,0,0,0,0,0
2023-08-05 03:00:00,0.00951121,0.010582755833333334,0.001716724033933889,0.0012017068237537222,0.0025750860509008338,0.0051501721018016675,0.011784462657087056,0.009381049009579612,0.013157841884234169,0.0080076697824325,0.015732927935135,0.005432583731531666,0,0,1,0,0,0,0
2023-08-05 04:00:00,0.00933639,0.010501405416666667,0.0017280342244245183,0.0012096239570971628,0.002592051336636777,0.005184102673273554,0.01171102937376383,0.009291781459569503,0.013093456753303444,0.00790935408002989,0.015685508089940223,0.005317302743393112,0,0,1,0,0,0,0
2023-08-05 05:00:00,0.00950681,0.01041518125,0.0017236964833482404,0.0012065875383437683,0.0025855447250223607,0.005171089450044721,0.01162176878834377,0.009208593711656232,0.013000725975022361,0.00782963652497764,0.015586270700044723,0.005244091799955279,0,0,1,0,0,0,0
2023-08-05 06:00:00,0.00974621,0.010329012083333334,0.0017022727803477603,0.001191590946243432,0.0025534091705216406,0.005106818341043281,0.011520603029576765,0.009137421137089902,0.012882421253854973,0.007775602912811693,0.015435830424376615,0.005222193742290052,0,0,1,0,0,0,0
2023-08-05 07:00:00,0.0099718,0.010249805416666667,0.001671262531969491,0.0011698837723786437,0.0025068937979542366,0.005013787595908473,0.011419689189045311,0.009079921644288023,0.012756699214620904,0.00774291161871243,0.015263593012575141,0.005236017820758194,0,0,1,0,0,0,0
2023-08-05 08:00:00,0.01367973,0.01029933125,0.0017560305209745235,0.0012292213646821664,0.0026340457814617853,0.0052680915629235705,0.011528552614682167,0.009070109885317833,0.012933377031461786,0.007665285468538214,0.01556742281292357,0.0050312396870764295,0,0,0,0,0,0,1
2023-08-05 09:00:00,0.01410967,0.010338737499999999,0.0018320733990167572,0.00128245137931173,0.0027481100985251358,0.0054962201970502715,0.011621188879311729,0.009056286120688269,0.013086847598525134,0.007590627401474863,0.01583495769705027,0.004842517302949727,0,0,0,0,0,0,1
2023-08-05 10:00:00,0.01425802,0.010375912916666667,0.0019038151253172677,0.0013326705877220874,0.0028557226879759017,0.005711445375951803,0.011708583504388755,0.00904324232894458,0.013231635604642569,0.0075201902286907655,0.01608735829261847,0.004664467540714864,0,0,0,0,0,0,1
2023-08-05 11:00:00,0.01438475,0.010442942083333332,0.002016950600194742,0.0014118654201363194,0.003025425900292113,0.006050851800584226,0.011854807503469652,0.009031076663197012,0.013468367983625445,0.007417516183041218,0.016493793883917557,0.004392090282749106,0,0,0,0,0,0,1
2023-08-05 12:00:00,0.01470281,0.010541571666666666,0.002165907167173725,0.0015161350170216073,0.0032488607507605875,0.006497721501521175,0.012057706683688274,0.009025436649645058,0.013790432417427254,0.007292710915906078,0.017039293168187843,0.004043850165145491,0,0,0,0,0,0,1
2023-08-05 13:00:00,0.01482608,0.010670172083333332,0.0023258583935436006,0.0016281008754805203,0.003488787590315401,0.006977575180630802,0.012298272958813852,0.009042071207852812,0.014158959673648733,0.007181384493017931,0.017647747263964134,0.00369259690270253,0,0,0,0,0,0,1
2023-08-05 14:00:00,0.01494049,0.010807352499999999,0.0024781541928362203,0.0017347079349853542,0.0037172312892543302,0.0074344625785086604,0.012542060434985354,0.009072644565014644,0.01452458378925433,0.007090121210745669,0.01824181507850866,0.0033728899214913385,0,0,0,0,0,0,1
2023-08-05 15:00:00,0.01482417,0.010931332916666666,0.002603762698742087,0.001822633889119461,0.0039056440481131304,0.007811288096226261,0.012753966805786127,0.009108699027547205,0.014836976964779796,0.007025688868553536,0.018742621012892927,0.0031200448204404055,0,0,0,0,0,1,0
2023-08-05 16:00:00,0.01132174,0.010977390416666668,0.0026003399843021824,0.0018202379890115276,0.0039005099764532736,0.007801019952906547,0.012797628405678196,0.00915715242765514,0.014877900393119942,0.007076880440213394,0.018778410369573215,0.003176370463760121,0,0,0,0,1,0,0
2023-08-05 17:00:00,0.01094769,0.01103246125,0.002584422201755053,0.001809095541228537,0.0038766333026325796,0.007753266605265159,0.012841556791228538,0.009223365708771462,0.01490909455263258,0.007155827947367421,0.01878572785526516,0.003279194644734841,0,0,1,0,0,0,0
2023-08-05 18:00:00,0.0108609,0.011111229166666667,0.0025473873811688672,0.0017831711668182069,0.003821081071753301,0.007642162143506602,0.012894400333484874,0.00932805799984846,0.014932310238419969,0.007290148094913366,0.01875339131017327,0.003469067023160065,0,0,1,0,0,0,0
2023-08-05 19:00:00,0.0107147,0.011195955833333333,0.0024963573065044944,0.0017474501145531458,0.0037445359597567413,0.007489071919513483,0.01294340594788648,0.009448505718780188,0.014940491793090075,0.007451419873576592,0.018685027752846816,0.0037068839138198507,0,0,1,0,0,0,0
2023-08-05 20:00:00,0.0104835,0.011270946666666665,0.0024440939716344114,0.0017108657801440878,0.003666140957451617,0.007332281914903234,0.012981812446810752,0.009560080886522578,0.014937087624118283,0.007604805709215048,0.0186032285815699,0.003938664751763431,0,0,1,0,0,0,0
2023-08-05 21:00:00,0.01042657,0.011341797916666667,0.002391189864478014,0.0016738329051346097,0.0035867847967170213,0.007173569593434043,0.013015630821801277,0.009667965011532057,0.014928582713383688,0.0077550131199496455,0.01851536751010071,0.004168228323232624,0,0,1,0,0,0,0
2023-08-05 22:00:00,0.01034242,0.01141131625,0.002333821859743308,0.0016336753018203155,0.0035007327896149623,0.0070014655792299246,0.013044991551820314,0.009777640948179685,0.01491204903961496,0.007910583460385038,0.018412781829229924,0.004409850670770075,0,0,1,0,0,0,0
2023-08-05 23:00:00,0.01045759,0.011505230833333331,0.002242702086666517,0.0015698914606665617,0.0033640531299997754,0.006728106259999551,0.013075122293999892,0.00993533937266677,0.014869283963333106,0.008141177703333556,0.018233337093332882,0.00477712457333378,0,0,1,0,0,0,0
2023-08-06 00:00:00,0.01072561,0.011584970416666665,0.0021757992185750803,0.001523059453002556,0.0032636988278626202,0.0065273976557252405,0.01310802986966922,0.010061910963664109,0.014848669244529284,0.008321271588804045,0.018112368072391905,0.005057572760941424,0,0,1,0,0,0,0
2023-08-06 01:00:00,0.01055837,0.011658342083333334,0.002106292727256922,0.0014744049090798452,0.0031594390908853826,0.006318878181770765,0.013132746992413178,0.010183937174253489,0.014817781174218716,0.008498902992447951,0.0179772202651041,0.0053394639015625685,0,0,1,0,0,0,0
2023-08-06 02:00:00,0.01067315,0.011721265833333333,0.0020503184712452934,0.0014352229298717053,0.00307547770686794,0.00615095541373588,0.013156488763205038,0.010286042903461627,0.014796743540201274,0.008645788126465392,0.017872221247069213,0.0055703104195974525,0,0,1,0,0,0,0
2023-08-06 03:00:00,0.01085485,0.011777250833333334,0.0020051958604930162,0.0014036371023451112,0.003007793790739524,0.006015587581479048,0.013180887935678445,0.010373613730988223,0.014785044624072858,0.00876945704259381,0.017792838414812384,0.005761663251854286,0,0,1,0,0,0,0
2023-08-06 04:00:00,0.01081729,0.011838954999999998,0.0019488121866029291,0.0013641685306220502,0.002923218279904394,0.005846436559808788,0.013203123530622049,0.010474786469377948,0.014762173279904391,0.008915736720095605,0.017685391559808784,0.00599251844019121,0,0,1,0,0,0,0
2023-08-06 05:00:00,0.01087746,0.011896065416666666,0.0018968885224332137,0.0013278219657032494,0.0028453327836498203,0.0056906655672996406,0.013223887382369915,0.010568243450963416,0.014741398200316485,0.009050732633016846,0.017586730983966306,0.006205399849367025,0,0,1,0,0,0,0
2023-08-06 06:00:00,0.01091055,0.011944579583333332,0.001853916592907094,0.0012977416150349657,0.002780874889360641,0.005561749778721282,0.013242321198368297,0.010646837968298366,0.014725454472693973,0.00916370469397269,0.017506329362054613,0.006382829804612049,0,0,1,0,0,0,0
2023-08-06 07:00:00,0.01085423,0.011981347499999998,0.0018215582517777107,0.0012750907762443973,0.002732337377666566,0.005464674755333132,0.013256438276244394,0.010706256723755601,0.014713684877666564,0.009249010122333432,0.017446022255333128,0.006516672744666866,0,0,1,0,0,0,0
2023-08-06 08:00:00,0.01006896,0.011830898749999999,0.0018242949762324575,0.00127700648336272,0.002736442464348686,0.005472884928697372,0.01310790523336272,0.010553892266637279,0.014567341214348686,0.009094456285651312,0.017303783678697372,0.006358013821302627,0,1,0,0,0,0,0
2023-08-06 09:00:00,0.01034364,0.011673980833333332,0.0017812231054870542,0.001246856173840938,0.0026718346582305813,0.0053436693164611625,0.012920837007174269,0.010427124659492394,0.014345815491563912,0.00900214617510275,0.017017650149794495,0.006330311516872169,0,1,0,0,0,0,0
2023-08-06 10:00:00,0.01032856,0.011510253333333333,0.0017126501257805626,0.0011988550880463937,0.002568975188670844,0.005137950377341688,0.012709108421379726,0.01031139824528694,0.014079228522004177,0.008941278144662489,0.01664820371067502,0.006372302955991645,0,0,1,0,0,0,0
2023-08-06 11:00:00,0.0106548,0.011354838749999999,0.001606404317513002,0.0011244830222591014,0.002409606476269503,0.004819212952539006,0.0124793217722591,0.010230355727740897,0.013764445226269502,0.008945232273730496,0.016174051702539004,0.006535625797460993,0,0,1,0,0,0,0
2023-08-06 12:00:00,0.01099938,0.011200529166666666,0.0014400825129195329,0.0010080577590436729,0.0021601237693792993,0.004320247538758599,0.012208586925710339,0.010192471407622992,0.013360652936045965,0.009040405397287366,0.015520776705425263,0.006880281627908067,0,0,1,0,0,0,0
2023-08-06 13:00:00,0.01093499,0.011038400416666668,0.0012157177242896379,0.0008510024070027465,0.001823576586434457,0.003647153172868914,0.011889402823669414,0.010187398009663923,0.012861977003101125,0.009214823830232212,0.014685553589535582,0.007391247243797755,0,0,1,0,0,0,0
2023-08-06 14:00:00,0.01112618,0.010879470833333333,0.0008887826530021453,0.0006221478571015016,0.001333173979503218,0.002666347959006436,0.011501618690434834,0.010257322976231832,0.012212644812836551,0.009546296853830115,0.01354581879233977,0.008213122874326897,0,0,0,0,1,0,0
2023-08-06 15:00:00,0.01148889,0.010740500833333333,0.0003307259631400811,0.00023150817419805676,0.0004960889447101217,0.0009921778894202433,0.01097200900753139,0.010508992659135276,0.011236589778043454,0.010244411888623212,0.011732678722753576,0.00974832294391309,0,0,0,0,0,0,1
2023-08-06 16:00:00,0.01642392,0.010953091666666666,0.0012049620235605682,0.0008434734164923977,0.0018074430353408524,0.0036148860706817047,0.011796565083159063,0.01010961825017427,0.012760534702007519,0.009145648631325814,0.014567977737348371,0.0073382055959849615,0,0,0,0,0,0,1
2023-08-06 17:00:00,0.01669863,0.011192714166666666,0.0016814537827464335,0.0011770176479225034,0.0025221806741196505,0.005044361348239301,0.012369731814589169,0.010015696518744163,0.013714894840786317,0.008670533492547015,0.01623707551490597,0.006148352818427365,0,0,0,0,0,0,1
2023-08-06 18:00:00,0.01717189,0.011455672083333332,0.002074781446457671,0.0014523470125203696,0.003112172169686507,0.006224344339373014,0.012908019095853701,0.010003325070812962,0.014567844253019838,0.008343499913646826,0.017680016422706345,0.005231327743960318,0,0,0,0,0,0,1
2023-08-06 19:00:00,0.01722655,0.011726999166666667,0.002377390478400742,0.0016641733348805193,0.0035660857176011127,0.0071321714352022255,0.013391172501547186,0.010062825831786148,0.015293084884267779,0.008160913449065554,0.018859170601868893,0.004594827731464441,0,0,0,0,0,0,1
2023-08-06 20:00:00,0.01740204,0.012015271666666666,0.0026264626538413023,0.0018385238576889115,0.003939693980761954,0.007879387961523907,0.013853795524355577,0.010176747808977754,0.01595496564742862,0.008075577685904712,0.01989465962819057,0.004135883705142758,0,0,0,0,0,0,1
2023-08-06 21:00:00,0.01784039,0.012324180833333332,0.0028573237197722402,0.002000126603840568,0.00428598557965836,0.00857197115931672,0.0143243074371739,0.010324054229492764,0.016610166412991692,0.008038195253674971,0.020896151992650054,0.003752209674016611,0,0,0,0,0,0,1
2023-08-06 22:00:00,0.01809981,0.012647405416666667,0.003055301952130973,0.002138711366491681,0.004582952928196459,0.009165905856392919,0.014786116783158347,0.010508694050174986,0.017230358344863125,0.008064452488470208,0.021813311273059584,0.0034814995602737483,0,0,0,0,0,0,1
2023-08-06 23:00:00,0.01812424,0.012966849166666664,0.00321310747934673,0.0022491752355427107,0.004819661219020095,0.00963932243804019,0.015216024402209375,0.010717673931123953,0.01778651038568676,0.008147187947646569,0.022606171604706855,0.003327526728626474,0,0,0,0,0,0,1
2023-08-07 00:00:00,0.01818524,0.013277667083333333,0.0033449717989952536,0.0023414802592966774,0.00501745769849288,0.01003491539698576,0.015619147342630011,0.010936186824036655,0.018295124781826214,0.008260209384840452,0.023312582480319095,0.003242751686347573,0,0,0,0,0,1,0
2023-08-07 01:00:00,0.01731453,0.01355917375,0.0033901585010346186,0.0023731109507242327,0.005085237751551928,0.010170475503103855,0.015932284700724234,0.011186062799275767,0.018644411501551928,0.008473935998448073,0.023729649253103856,0.003388698246896145,0,0,0,0,0,1,0
2023-08-07 02:00:00,0.01722612,0.013832214166666664,0.0034114331636092418,0.002388003214526469,0.005117149745413862,0.010234299490827724,0.016220217381193135,0.011444210952140195,0.018949363912080526,0.008715064421252802,0.02406651365749439,0.0035979146758389393,0,0,0,0,0,1,0
2023-08-07 03:00:00,0.01787115,0.01412456,0.0034456543046163944,0.002411958013231476,0.005168481456924592,0.010336962913849184,0.016536518013231475,0.011712601986768524,0.019293041456924592,0.008956078543075407,0.024461522913849183,0.003787597086150816,0,0,0,0,0,1,0
2023-08-07 04:00:00,0.01813536,0.014429479583333335,0.003464009560629752,0.0024248066924408263,0.005196014340944628,0.010392028681889256,0.01685428627577416,0.012004672890892508,0.019625493924277964,0.009233465242388706,0.024821508265222593,0.004037450901444079,0,0,0,0,0,1,0
2023-08-07 05:00:00,0.01804895,0.014728291666666666,0.003453581169316522,0.0024175068185215655,0.005180371753974783,0.010360743507949566,0.01714579848518823,0.012310784848145101,0.01990866342064145,0.009547919912691882,0.025089035174616234,0.004367548158717099,0,0,0,0,0,1,0
2023-08-07 06:00:00,0.01690412,0.01497802375,0.003381461076802229,0.0023670227537615604,0.005072191615203343,0.010144383230406687,0.01734504650376156,0.01261100099623844,0.020050215365203343,0.009905832134796656,0.025122406980406686,0.004833640519593313,0,0,0,0,1,0,0
2023-08-07 07:00:00,0.01643204,0.015210432499999997,0.0032757380438429603,0.002293016630690072,0.00491360706576444,0.00982721413152888,0.01750344913069007,0.012917415869309926,0.02012403956576444,0.010296825434235556,0.025037646631528878,0.005383218368471117,0,0,0,0,1,0,0
2023-08-07 08:00:00,0.01579121,0.015448859583333334,0.003088117461523936,0.002161682223066755,0.004632176192285904,0.009264352384571808,0.01761054180640009,0.013287177360266578,0.02008103577561924,0.01081668339104743,0.024713211967905144,0.006184507198761525,0,0,0,0,1,0,0
2023-08-07 09:00:00,0.01617241,0.015691725,0.0028921441500591523,0.0020245009050414067,0.004338216225088729,0.008676432450177457,0.017716225905041405,0.013667224094958593,0.020029941225088728,0.011353508774911272,0.02436815745017746,0.007015292549822543,0,0,0,0,1,0,0
2023-08-07 10:00:00,0.01666531,0.015955756249999998,0.002661273624153552,0.0018628915369074861,0.0039919104362303275,0.007983820872460655,0.017818647786907484,0.014092864713092512,0.019947666686230325,0.01196384581376967,0.023939577122460653,0.007971935377539343,0,0,0,0,1,0,0
2023-08-07 11:00:00,0.01652075,0.016200170833333336,0.002410845377691819,0.0016875917643842731,0.003616268066537728,0.007232536133075456,0.01788776259771761,0.014512579068949063,0.019816438899871065,0.012583902766795607,0.02343270696640879,0.00896763470025788,0,0,0,0,1,0,0
2023-08-07 12:00:00,0.01599391,0.016408276250000003,0.002143087619186626,0.0015001613334306382,0.0032146314287799394,0.006429262857559879,0.01790843758343064,0.014908114916569364,0.019622907678779944,0.013193644821220063,0.02283753910755988,0.009979013392440124,0,0,1,0,0,0,0
2023-08-07 13:00:00,0.01573407,0.016608237916666668,0.0018078695624190184,0.001265508693693313,0.0027118043436285275,0.005423608687257055,0.01787374661035998,0.015342729222973354,0.019320042260295194,0.013896433573038141,0.022031846603923724,0.011184629229409613,0,0,1,0,0,0,0
2023-08-07 14:00:00,0.01588681,0.0168065975,0.0013940277399248537,0.0009758194179473976,0.0020910416098872805,0.004182083219774561,0.017782416917947397,0.0158307780820526,0.01889763910988728,0.014715555890112718,0.020988680719774562,0.012624514280225438,0,0,1,0,0,0,0
2023-08-07 15:00:00,0.01626211,0.017005481666666666,0.0008279188815736801,0.000579543217101576,0.0012418783223605203,0.0024837566447210406,0.01758502488376824,0.01642593844956509,0.018247359989027184,0.015763603344306147,0.019489238311387706,0.014521725021945625,0,1,0,0,0,0,0
2023-08-07 16:00:00,0.01884696,0.017106441666666666,0.0008986352182088885,0.0006290446527462219,0.0013479528273133328,0.0026959056546266656,0.017735486319412887,0.016477397013920446,0.018454394493979998,0.015758488839353334,0.01980234732129333,0.01441053601204,0,0,0,0,0,0,1
2023-08-07 17:00:00,0.01904491,0.017204203333333334,0.0009765848602883726,0.0006836094022018607,0.001464877290432559,0.002929754580865118,0.017887812735535195,0.016520593931131474,0.018669080623765894,0.015739326042900775,0.020133957914198454,0.014274448752468217,0,0,0,0,0,0,1
2023-08-07 18:00:00,0.01810331,0.0172430125,0.0009936037782484173,0.0006955226447738921,0.0014904056673726261,0.0029808113347452522,0.01793853514477389,0.016547489855226107,0.018733418167372624,0.015752606832627372,0.02022382383474525,0.014262201165254746,0,0,0,0,0,1,0
2023-08-07 19:00:00,0.01800187,0.0172753175,0.0010055770946649219,0.0007039039662654452,0.0015083656419973828,0.0030167312839947656,0.017979221466265446,0.016571413533734557,0.018783683141997385,0.015766951858002618,0.02029204878399477,0.014258586216005236,0,0,0,0,0,1,0
2023-08-07 20:00:00,0.01820816,0.017308905833333336,0.0010233007560101648,0.0007163105292071154,0.0015349511340152474,0.0030699022680304947,0.018025216362540453,0.01659259530412622,0.018843856967348582,0.01577395469931809,0.020378808101363832,0.014239003565302841,0,0,0,0,0,1,0
2023-08-07 21:00:00,0.01832361,0.01732904,0.0010388484835580347,0.0007271939384906243,0.001558272725337052,0.003116545450674104,0.018056233938490623,0.016601846061509377,0.01888731272533705,0.01577076727466295,0.020445585450674104,0.014212494549325896,0,0,0,0,0,1,0
2023-08-07 22:00:00,0.01829814,0.01733730375,0.0010460104625537002,0.0007322073237875901,0.0015690156938305503,0.0031380313876611006,0.01806951107378759,0.016605096426212412,0.018906319443830553,0.01576828805616945,0.020475335137661102,0.0141992723623389,0,0,0,0,0,1,0
2023-08-07 23:00:00,0.01835261,0.017346819166666666,0.0010544847598785813,0.0007381393319150069,0.001581727139817872,0.003163454279635744,0.018084958498581674,0.016608679834751658,0.018928546306484537,0.015765092026848795,0.02051027344630241,0.014183364887030921,0,0,0,0,0,1,0
2023-08-08 00:00:00,0.01241133,0.017106239583333332,0.0014422445589711778,0.0010095711912798244,0.0021633668384567666,0.004326733676913533,0.018115810774613154,0.01609666839205351,0.019269606421790098,0.014942872744876566,0.021432973260246867,0.012779505906419799,1,0,0,0,0,0,0
2023-08-08 01:00:00,0.01225671,0.016895497083333332,0.001747672366468259,0.0012233706565277812,0.0026215085497023885,0.005243017099404777,0.018118867739861114,0.01567212642680555,0.01951700563303572,0.014273988533630943,0.022138514182738107,0.011652479983928555,1,0,0,0,0,0,0
2023-08-08 02:00:00,0.01234463,0.016692101666666664,0.001976585297893527,0.0013836097085254688,0.0029648779468402905,0.005929755893680581,0.018075711375192132,0.015308491958141195,0.019656979613506955,0.013727223719826372,0.022621857560347243,0.010762345772986083,1,0,0,0,0,0,0
2023-08-08 03:00:00,0.01237406,0.01646305625,0.0021453154496914686,0.001501720814784028,0.003217973174537203,0.006435946349074406,0.017964777064784027,0.014961335435215972,0.019681029424537203,0.013245083075462797,0.022899002599074406,0.010027109900925594,1,0,0,0,0,0,0
2023-08-08 04:00:00,0.0124033,0.016224220416666667,0.002266684059226515,0.0015866788414585604,0.0034000260888397723,0.006800052177679545,0.017810899258125228,0.014637541575208107,0.01962424650550644,0.012824194327826895,0.023024272594346213,0.009424168238987122,1,0,0,0,0,0,0
2023-08-08 05:00:00,0.01246618,0.015991605,0.0023559849201498567,0.0016491894441048997,0.003533977380224785,0.00706795476044957,0.0176407944441049,0.0143424155558951,0.019525582380224785,0.012457627619775214,0.023059559760449568,0.00892365023955043,0,1,0,0,0,0,0
2023-08-08 06:00:00,0.01256653,0.015810872083333333,0.0024475347272909322,0.0017132743091036525,0.0036713020909363986,0.007342604181872797,0.017524146392436987,0.01409759777422968,0.019482174174269732,0.012139569992396935,0.02315347626520613,0.008468267901460536,0,1,0,0,0,0,0
2023-08-08 07:00:00,0.01254428,0.015648882083333333,0.002531838991082307,0.0017722872937576148,0.0037977584866234607,0.0075955169732469215,0.01742116937709095,0.013876594789575718,0.019446640569956795,0.011851123596709872,0.023244399056580253,0.008053365110086412,0,1,0,0,0,0,0
2023-08-08 08:00:00,0.01287348,0.015527309999999997,0.002593995445498934,0.0018157968118492538,0.003890993168248401,0.007781986336496802,0.01734310681184925,0.013711513188150743,0.0194183031682484,0.011636316831751595,0.0233092963364968,0.007745323663503195,0,1,0,0,0,0,0
2023-08-08 09:00:00,0.01289903,0.015390919166666668,0.0026441726515817466,0.0018509208561072225,0.00396625897737262,0.00793251795474524,0.017241840022773892,0.013539998310559445,0.019357178144039287,0.011424660189294049,0.023323437121411907,0.007458401211921428,0,1,0,0,0,0,0
2023-08-08 10:00:00,0.01255589,0.015219693333333334,0.002690705473819134,0.0018834938316733935,0.0040360582107287005,0.008072116421457401,0.01710318716500673,0.013336199501659941,0.019255751544062033,0.011183635122604634,0.023291809754790734,0.007147576911875933,0,1,0,0,0,0,0
2023-08-08 11:00:00,0.01247424,0.015051088749999999,0.0027320967597008012,0.0019124677317905608,0.004098145139551201,0.008196290279102403,0.01696355648179056,0.013138621018209437,0.019149233889551198,0.010952943610448797,0.0232473790291024,0.006854798470897596,0,1,0,0,0,0,0
2023-08-08 12:00:00,0.01249645,0.014905361249999999,0.0027725965175645563,0.0019408175622951892,0.004158894776346835,0.00831778955269367,0.01684617881229519,0.01296454368770481,0.019064256026346833,0.010746466473653165,0.023223150802693666,0.006587571697306329,0,1,0,0,0,0,0
2023-08-08 13:00:00,0.01217745,0.01475716875,0.0028210033715903565,0.0019747023601132496,0.004231505057385535,0.00846301011477107,0.01673187111011325,0.01278246638988675,0.018988673807385534,0.010525663692614467,0.02322017886477107,0.006294158635228931,0,1,0,0,0,0,0
2023-08-08 14:00:00,0.01156451,0.014577072916666668,0.0028830383492743365,0.0020181268444920356,0.004324557523911505,0.00864911504782301,0.016595199761158703,0.012558946072174632,0.018901630440578174,0.010252515392755162,0.023226187964489678,0.005927957868843658,0,1,0,0,0,0,0
2023-08-08 15:00:00,0.0111527,0.014364180833333332,0.0029412594152444667,0.0020588815906711264,0.0044118891228667,0.0088237782457334,0.01642306242400446,0.012305299242662205,0.018776069956200032,0.009952291710466632,0.023187959079066733,0.005540402587599932,0,1,0,0,0,0,0
2023-08-08 16:00:00,0.00904638,0.013955823333333332,0.002972005003924687,0.002080403502747281,0.004458007505887031,0.008916015011774062,0.016036226836080615,0.011875419830586051,0.018413830839220362,0.009497815827446302,0.022871838345107393,0.00503980832155927,1,0,0,0,0,0,0
2023-08-08 17:00:00,0.00936617,0.013552542499999999,0.0029073937259252976,0.002035175608147708,0.004361090588887947,0.008722181177775894,0.015587718108147706,0.011517366891852291,0.017913633088887944,0.009191451911112052,0.022274723677775894,0.004830361322224105,0,1,0,0,0,0,0
2023-08-08 18:00:00,0.00928381,0.013185063333333332,0.00286424123187617,0.002004968862313319,0.004296361847814255,0.00859272369562851,0.01519003219564665,0.011180094471020013,0.017481425181147585,0.008888701485519077,0.02177778702896184,0.004592339637704822,0,1,0,0,0,0,0
2023-08-08 19:00:00,0.00856919,0.012792035,0.002821397586587158,0.0019749783106110105,0.004232096379880737,0.008464192759761475,0.014767013310611012,0.010817056689388989,0.017024131379880736,0.008559938620119263,0.021256227759761475,0.004327842240238525,0,1,0,0,0,0,0
2023-08-08 20:00:00,0.00790737,0.012362835416666667,0.0027440923677839496,0.0019208646574487647,0.004116138551675925,0.00823227710335185,0.014283700074115432,0.010441970759217902,0.01647897396834259,0.008246696864990744,0.020595112520018517,0.004130558313314818,1,0,0,0,0,0,0
2023-08-08 21:00:00,0.00751837,0.011912617083333334,0.0026065492899641786,0.001824584502974925,0.003909823934946268,0.007819647869892535,0.013737201586308258,0.01008803258035841,0.0158224410182796,0.008002793148387066,0.01973226495322587,0.004092969213440798,1,0,0,0,0,0,0
2023-08-08 22:00:00,0.00863453,0.011509966666666665,0.002306363380971001,0.0016144543666797005,0.0034595450714565014,0.006919090142913003,0.013124421033346365,0.009895512299986964,0.014969511738123166,0.008050421595210163,0.018429056809579666,0.004590876523753662,0,1,0,0,0,0,0
2023-08-08 23:00:00,0.00964074,0.011146972083333333,0.0018160403170251048,0.0012712282219175734,0.0027240604755376574,0.005448120951075315,0.012418200305250907,0.00987574386141576,0.01387103255887099,0.008422911607795677,0.016595093034408648,0.005698851132258018,0,1,0,0,0,0,0
2023-08-09 00:00:00,0.01101973,0.01108898875,0.0017960216416830783,0.0012572151491781548,0.0026940324625246174,0.005388064925049235,0.012346203899178156,0.009831773600821846,0.013783021212524619,0.008394956287475382,0.016477053675049237,0.005700923824950766,0,0,1,0,0,0,0
2023-08-09 01:00:00,0.01092396,0.011033457499999998,0.0017788688181128785,0.0012452081726790148,0.0026683032271693176,0.005336606454338635,0.012278665672679013,0.009788249327320983,0.013701760727169315,0.008365154272830681,0.016370063954338633,0.005696851045661363,0,0,1,0,0,0,0
2023-08-09 02:00:00,0.01109439,0.010981364166666667,0.0017569739120206023,0.0012298817384144216,0.0026354608680309033,0.005270921736061807,0.012211245905081089,0.009751482428252245,0.01361682503469757,0.008345903298635764,0.016252285902728474,0.00571044243060486,0,0,0,0,1,0,0
2023-08-09 03:00:00,0.01170359,0.010953427916666666,0.0017391064245455014,0.0012173744971818508,0.002608659636818252,0.005217319273636504,0.012170802413848518,0.009736053419484815,0.013562087553484918,0.008344768279848414,0.016170747190303168,0.005736108643030162,0,0,0,0,1,0,0
2023-08-09 04:00:00,0.01253582,0.010958949583333334,0.0017441130859538428,0.00122087916016769,0.002616169628930764,0.005232339257861528,0.012179828743501023,0.009738070423165645,0.013575119212264099,0.008342779954402569,0.016191288841194862,0.005726610325471806,0,0,0,0,0,1,0
2023-08-09 05:00:00,0.0128086,0.010973217083333334,0.001758321558355594,0.0012308250908489157,0.002637482337533391,0.005274964675066782,0.01220404217418225,0.009742391992484417,0.013610699420866724,0.008335734745799944,0.016248181758400114,0.005698252408266552,0,0,0,0,0,1,0
2023-08-09 06:00:00,0.01271584,0.010979438333333333,0.0017644575203251136,0.0012351202642275794,0.0026466862804876705,0.005293372560975341,0.012214558597560913,0.009744318069105752,0.013626124613821003,0.008332752052845662,0.016272810894308674,0.0056860657723579915,0,0,0,0,0,1,0
2023-08-09 07:00:00,0.01258547,0.010981154583333333,0.0017660650860032829,0.001236245560202298,0.002649097629004924,0.005298195258009848,0.012217400143535631,0.009744909023131035,0.013630252212338257,0.008332056954328409,0.01627934984134318,0.005682959325323485,0,0,0,0,0,1,0
2023-08-09 08:00:00,0.01356272,0.011009872916666668,0.0018033840908245008,0.0012623688635771506,0.0027050761362367513,0.005410152272473503,0.012272241780243819,0.009747504053089518,0.01371494905290342,0.008304796780429917,0.01642002518914017,0.005599720644193166,0,0,0,0,0,1,0
2023-08-09 09:00:00,0.01344904,0.01103279,0.0018317072467319648,0.0012821950727123753,0.0027475608700979473,0.0054951217401958945,0.012314985072712377,0.009750594927287625,0.013780350870097949,0.008285229129902053,0.016527911740195897,0.005537668259804106,0,0,0,0,0,1,0
2023-08-09 10:00:00,0.01300664,0.011051571249999998,0.0018502205230712314,0.001295154366149862,0.002775330784606847,0.005550661569213694,0.01234672561614986,0.009756416883850136,0.013826902034606844,0.008276240465393152,0.01660223281921369,0.005500909680786304,0,0,0,0,0,1,0
2023-08-09 11:00:00,0.0124858,0.011052052916666666,0.00185060845222057,0.0012954259165543988,0.0027759126783308548,0.0055518253566617095,0.012347478833221065,0.009756627000112266,0.013827965594997521,0.00827614023833581,0.016603878273328376,0.005500227560004956,0,0,0,0,0,1,0
2023-08-09 12:00:00,0.0123535,0.011046096666666666,0.001845981745744835,0.0012921872220213845,0.0027689726186172527,0.005537945237234505,0.01233828388868805,0.009753909444645282,0.013815069285283919,0.008277124048049414,0.01658404190390117,0.005508151429432161,0,0,0,0,0,1,0
2023-08-09 13:00:00,0.01248354,0.011058850416666667,0.0018551725233928926,0.0012986207663750248,0.002782758785089339,0.005565517570178678,0.012357471183041691,0.009760229650291642,0.013841609201756006,0.008276091631577328,0.016624367986845343,0.005493332846487989,0,0,0,0,0,1,0
2023-08-09 14:00:00,0.01228143,0.011088722083333334,0.0018693859807293951,0.0013085701865105765,0.002804078971094093,0.005608157942188186,0.01239729226984391,0.009780151896822757,0.013892801054427428,0.00828464311223924,0.01669688002552152,0.005480564141145148,0,0,0,0,1,0,0
2023-08-09 15:00:00,0.01243217,0.011142033333333334,0.001889426410773251,0.0013225984875412755,0.0028341396161598764,0.005668279232319753,0.01246463182087461,0.009819434845792058,0.01397617294949321,0.008307893717173458,0.016810312565653088,0.005473754101013581,0,0,0,0,1,0,0
2023-08-09 16:00:00,0.00945289,0.011158971249999998,0.0018715605740555637,0.0013100924018388945,0.0028073408610833454,0.005614681722166691,0.012469063651838893,0.009848878848161104,0.013966312111083344,0.008351630388916653,0.016773652972166687,0.005544289527833307,0,1,0,0,0,0,0
2023-08-09 17:00:00,0.0092868,0.011155664166666667,0.001874933308708226,0.0013124533160957582,0.002812399963062339,0.005624799926124678,0.012468117482762426,0.009843210850570909,0.013968064129729006,0.008343264203604329,0.016780464092791346,0.00553086424054199,0,1,0,0,0,0,0
2023-08-09 18:00:00,0.00943506,0.01116196625,0.0018686115569234519,0.0013080280898464163,0.002802917335385178,0.005605834670770356,0.012469994339846417,0.009853938160153584,0.013964883585385179,0.008359048914614822,0.016767800920770355,0.005556131579229645,0,1,0,0,0,0,0
2023-08-09 19:00:00,0.00934025,0.01119409375,0.0018282885754545013,0.001279802002818151,0.002742432863181752,0.005484865726363504,0.01247389575281815,0.00991429174718185,0.013936526613181753,0.008451660886818247,0.016678959476363504,0.005709228023636496,0,1,0,0,0,0,0
2023-08-09 20:00:00,0.00915017,0.011245877083333333,0.0017469403639368858,0.00122285825475582,0.002620410545905329,0.005240821091810658,0.012468735338089152,0.010023018828577514,0.013866287629238663,0.008625466537428003,0.01648669817514399,0.006005055991522675,0,1,0,0,0,0,0
2023-08-09 21:00:00,0.00897761,0.01130667875,0.0016332605011936034,0.0011432823508355223,0.0024498907517904052,0.0048997815035808105,0.012449961100835523,0.010163396399164477,0.013756569501790406,0.008856787998209594,0.01620646025358081,0.00640689724641919,0,1,0,0,0,0,0
2023-08-09 22:00:00,0.00899424,0.011321666666666667,0.001609145325621945,0.0011264017279353615,0.0024137179884329172,0.0048274359768658345,0.01244806839460203,0.010195264938731305,0.013735384655099585,0.00890794867823375,0.016149102643532504,0.006494230689800833,0,1,0,0,0,0,0
2023-08-09 23:00:00,0.008997,0.011294844166666665,0.0016433834868632671,0.0011503684408042869,0.002465075230294901,0.004930150460589802,0.012445212607470953,0.010144475725862377,0.013759919396961567,0.008829768936371763,0.01622499462725647,0.006364693706076863,0,1,0,0,0,0,0
2023-08-10 00:00:00,0.01176266,0.011325799583333332,0.0016449723097192968,0.0011514806168035077,0.0024674584645789453,0.0049349169291578905,0.01247728020013684,0.010174318966529825,0.013793258047912278,0.008858341118754387,0.016260716512491225,0.006390882654175442,0,0,0,0,1,0,0
2023-08-10 01:00:00,0.01165723,0.0113563525,0.0016439936425780043,0.001150795549804603,0.0024659904638670064,0.004931980927734013,0.012507148049804602,0.010205556950195397,0.013822342963867007,0.008890362036132993,0.016288333427734013,0.006424371572265987,0,0,0,0,1,0,0
2023-08-10 02:00:00,0.01159285,0.011377121666666669,0.001643688870174696,0.0011505822091222872,0.002465533305262044,0.004931066610524088,0.012527703875788956,0.01022653945754438,0.013842654971928712,0.008911588361404625,0.016308188277190758,0.00644605505614258,0,0,0,0,1,0,0
2023-08-10 03:00:00,0.01140365,0.011364624166666665,0.0016422383323323755,0.0011495668326326628,0.002463357498498563,0.004926714996997126,0.012514190999299329,0.010215057334034001,0.013827981665165228,0.008901266668168102,0.016291339163663793,0.006437909169669539,0,0,0,0,1,0,0
2023-08-10 04:00:00,0.01144108,0.01131901,0.0016233886350015252,0.0011363720445010676,0.002435082952502288,0.004870165905004576,0.012455382044501067,0.010182637955498931,0.013754092952502288,0.00888392704749771,0.016189175905004575,0.0064488440949954234,0,0,0,0,1,0,0
2023-08-10 05:00:00,0.01177146,0.011275795833333333,0.001595578110842343,0.00111690467758964,0.0023933671662635147,0.004786734332527029,0.012392700510922974,0.010158891155743692,0.013669162999596848,0.008882428667069817,0.016062530165860362,0.0064890615008063035,0,0,0,0,1,0,0
2023-08-10 06:00:00,0.01218698,0.01125376,0.0015783848953666803,0.001104869426756676,0.0023675773430500203,0.004735154686100041,0.012358629426756676,0.010148890573243323,0.01362133734305002,0.00888618265694998,0.01598891468610004,0.006518605313899959,0,0,0,0,1,0,0
2023-08-10 07:00:00,0.01239193,0.011245695833333333,0.0015717657320487367,0.0011002360124341157,0.002357648598073105,0.00471529719614621,0.012345931845767448,0.010145459820899217,0.013603344431406438,0.008888047235260228,0.015960993029479544,0.006530398637187123,0,0,0,0,0,1,0
2023-08-10 08:00:00,0.01733966,0.011403068333333334,0.00195596862097765,0.001369178034684355,0.0029339529314664752,0.0058679058629329504,0.012772246368017688,0.010033890298648979,0.014337021264799809,0.008469115401866859,0.017270974196266282,0.005535162470400383,0,0,0,0,0,0,1
2023-08-10 09:00:00,0.01732486,0.011564560833333333,0.002267438751245857,0.0015872071258720996,0.003401158126868785,0.00680231625373757,0.013151767959205432,0.009977353707461233,0.014965718960202119,0.008163402706464547,0.018366877087070903,0.0047622445795957626,0,0,0,0,0,0,1
2023-08-10 10:00:00,0.01723662,0.011740809999999999,0.0025332273426719475,0.0017732591398703632,0.0037998410140079215,0.007599682028015843,0.013514069139870362,0.009967550860129636,0.01554065101400792,0.007940968985992078,0.01934049202801584,0.004141127971984156,0,0,0,0,0,0,1
2023-08-10 11:00:00,0.01737674,0.011944599166666665,0.0027804325123368914,0.0019463027586358239,0.004170648768505337,0.008341297537010675,0.013890901925302488,0.009998296408030842,0.016115247935172,0.007773950398161328,0.02028589670367734,0.0036033016296559903,0,0,0,0,0,0,1
2023-08-10 12:00:00,0.01722264,0.01214748,0.002981910490201506,0.002087337343141054,0.0044728657353022595,0.008945731470604519,0.014234817343141054,0.010060142656858947,0.016620345735302258,0.007674614264697741,0.02109321147060452,0.0032017485293954814,0,0,0,0,0,0,1
2023-08-10 13:00:00,0.01718198,0.012343248333333333,0.0031541871557091276,0.0022079310089963894,0.004731280733563692,0.009462561467127383,0.014551179342329721,0.010135317324336944,0.017074529066897024,0.007611967599769641,0.021805809800460714,0.0028806868662059493,0,0,0,0,0,0,1
2023-08-10 14:00:00,0.01712112,0.012544902083333335,0.003301336466025949,0.002310935526218164,0.004952004699038923,0.009904009398077847,0.0148558376095515,0.01023396655711517,0.017496906782372257,0.007592897384294412,0.022448911481411184,0.0026408926852554884,0,0,0,0,0,1,0
2023-08-10 15:00:00,0.01693296,0.012732435,0.0034203433218560155,0.002394240325299211,0.0051305149827840235,0.010261029965568047,0.01512667532529921,0.01033819467470079,0.017862949982784024,0.007601920017215977,0.022993464965568047,0.0024714050344319533,0,0,0,0,0,1,0
2023-08-10 16:00:00,0.01111614,0.012801737083333334,0.0033674460812654554,0.0023572122568858186,0.005051169121898183,0.010102338243796366,0.015158949340219153,0.010444524826447515,0.017852906205231518,0.007750567961435151,0.0229040753271297,0.002699398839536968,0,0,1,0,0,0,0
2023-08-10 17:00:00,0.01089636,0.012868802083333334,0.0033099367885977334,0.002316955752018413,0.0049649051828966,0.0099298103657932,0.015185757835351747,0.01055184633131492,0.017833707266229935,0.007903896900436733,0.022798612449126534,0.0029389917175401334,0,0,1,0,0,0,0
2023-08-10 18:00:00,0.0108703,0.012928603750000002,0.0032577551063774903,0.0022804285744642432,0.004886632659566235,0.00977326531913247,0.015209032324464244,0.010648175175535759,0.017815236409566237,0.008041971090433767,0.02270186906913247,0.0031553384308675315,0,0,1,0,0,0,0
2023-08-10 19:00:00,0.01078479,0.012988792916666667,0.0032014329723795178,0.002241003080665662,0.004802149458569277,0.009604298917138553,0.015229795997332329,0.010747789836001005,0.017790942375235944,0.00818664345809739,0.022593091833805222,0.0033844939995281136,0,0,1,0,0,0,0
2023-08-10 20:00:00,0.01082335,0.013058508750000001,0.003131664724361663,0.002192165307053164,0.004697497086542494,0.009394994173084988,0.015250674057053165,0.010866343442946838,0.017756005836542493,0.008361011663457507,0.02245350292308499,0.0036635145769150137,0,1,0,0,0,0,0
2023-08-10 21:00:00,0.0107551,0.013132570833333334,0.0030509354474451485,0.002135654813211604,0.004576403171167723,0.009152806342335446,0.015268225646544939,0.01099691602012173,0.017708974004501058,0.00855616766216561,0.02228537717566878,0.003979764490997888,0,1,0,0,0,0,0
2023-08-10 22:00:00,0.01043807,0.013192730416666666,0.002979177416717946,0.002085424191702562,0.004468766125076919,0.008937532250153838,0.015278154608369229,0.011107306224964104,0.017661496541743586,0.008723964291589746,0.022130262666820506,0.004255198166512828,0,1,0,0,0,0,0
2023-08-10 23:00:00,0.01036031,0.013249535,0.0029078414620784246,0.002035489023454897,0.004361762193117636,0.008723524386235273,0.015285024023454897,0.011214045976545102,0.017611297193117638,0.008887772806882363,0.021973059386235273,0.004526010613764727,0,1,0,0,0,0,0
2023-08-11 00:00:00,0.00815511,0.013099220416666666,0.0030764008242078226,0.0021534805769454755,0.0046146012363117335,0.009229202472623467,0.015252700993612141,0.010945739839721191,0.017713821652978398,0.008484619180354933,0.022328422889290135,0.0038700179440431994,1,0,0,0,0,0,0
2023-08-11 01:00:00,0.00836326,0.012961971666666667,0.0032139333761034457,0.002249753363272412,0.0048209000641551685,0.009641800128310337,0.01521172502993908,0.010712218303394255,0.017782871730821836,0.008141071602511499,0.022603771794977003,0.0033201715383563302,0,1,0,0,0,0,0
2023-08-11 02:00:00,0.00826454,0.012823292083333333,0.003344724981477756,0.002341307487034429,0.005017087472216634,0.010034174944433268,0.015164599570367763,0.010481984596298904,0.017840379555549967,0.0078062046111166995,0.0228574670277666,0.0027891171389000657,0,1,0,0,0,0,0
2023-08-11 03:00:00,0.00831472,0.012694586666666667,0.0034592003109711667,0.0024214402176798164,0.00518880046645675,0.0103776009329135,0.015116026884346483,0.010273146448986852,0.017883387133123416,0.007505786200209917,0.023072187599580168,0.0023169857337531664,0,1,0,0,0,0,0
2023-08-11 04:00:00,0.00835565,0.012566027083333334,0.0035635715294185227,0.0024945000705929657,0.005345357294127784,0.010690714588255568,0.0150605271539263,0.010071527012740368,0.017911384377461117,0.00722066978920555,0.0232567416715889,0.0018753124950777657,0,1,0,0,0,0,0
2023-08-11 05:00:00,0.00867733,0.012437104999999999,0.003648523784335347,0.0025539666490347426,0.00547278567650302,0.01094557135300604,0.01499107164903474,0.009883138350965257,0.017909890676503018,0.006964319323496978,0.02338267635300604,0.0014915336469939582,0,1,0,0,0,0,0
2023-08-11 06:00:00,0.00921127,0.012313117083333332,0.003707478871263449,0.002595235209884414,0.005561218306895174,0.011122436613790348,0.014908352293217745,0.009717881873448918,0.017874335390228507,0.006751898776438158,0.02343555369712368,0.0011906804695429839,0,1,0,0,0,0,0
2023-08-11 07:00:00,0.00951323,0.01219317125,0.0037511277057593806,0.0026257893940315664,0.00562669155863907,0.01125338311727814,0.014818960644031567,0.009567381855968435,0.01781986280863907,0.00656647969136093,0.02344655436727814,0.00093978813272186,0,1,0,0,0,0,0
2023-08-11 08:00:00,0.01511683,0.012100553333333333,0.00364445748716268,0.0025511202410138756,0.0054666862307440195,0.010933372461488039,0.01465167357434721,0.009549433092319457,0.017567239564077353,0.006633867102589314,0.023033925794821372,0.0011671808718452942,0,0,0,0,0,1,0
2023-08-11 09:00:00,0.0149235,0.012000496666666666,0.0035258239511916914,0.002468076765834184,0.005288735926787537,0.010577471853575073,0.01446857343250085,0.009532419900832482,0.017289232593454204,0.006711760739879129,0.02257796852024174,0.0014230248130915925,0,0,0,0,0,1,0
2023-08-11 10:00:00,0.01500785,0.011907631250000002,0.0034093426955127426,0.0023865398868589197,0.005114014043269114,0.010228028086538228,0.014294171136858921,0.009521091363141082,0.017021645293269116,0.006793617206730888,0.02213565933653823,0.0016796031634617736,0,0,0,0,0,1,0
2023-08-11 11:00:00,0.01503792,0.011810180416666668,0.0032770801050052874,0.002293956073503701,0.004915620157507931,0.009831240315015862,0.01410413649017037,0.009516224343162967,0.0167258005741746,0.006894560259158737,0.02164142073168253,0.001978940101650806,0,0,0,0,0,1,0
2023-08-11 12:00:00,0.01489469,0.0117131825,0.003141562313249281,0.0021990936192744968,0.004712343469873922,0.009424686939747844,0.013912276119274498,0.009514088880725503,0.01642552596987392,0.007000839030126079,0.021137869439747846,0.002288495560252157,0,0,0,0,0,1,0
2023-08-11 13:00:00,0.01447199,0.01160026625,0.0029810545805597985,0.0020867382063918588,0.004471581870839698,0.008943163741679395,0.013687004456391857,0.009513528043608142,0.0160718481208397,0.007128684379160302,0.020543429991679393,0.002657102508320604,0,0,0,0,0,1,0
2023-08-11 14:00:00,0.01373692,0.011459257916666667,0.002781945285924584,0.0019473617001472088,0.004172917928886876,0.008345835857773752,0.013406619616813876,0.009511896216519457,0.015632175845553542,0.0072863399877797904,0.019805093774440417,0.0031134220588929142,0,0,0,0,0,1,0
2023-08-11 15:00:00,0.0133218,0.011308792916666666,0.0025619824654466877,0.0017933877258126812,0.0038429736981700317,0.0076859473963400635,0.013102180642479347,0.009515405190853985,0.015151766614836698,0.007465819218496634,0.018994740313006728,0.0036228455203266025,0,0,0,0,0,1,0
2023-08-11 16:00:00,0.00678132,0.011128175416666665,0.002723842371088847,0.0019066896597621926,0.00408576355663327,0.00817152711326654,0.013034865076428858,0.009221485756904473,0.015213938973299935,0.007042411860033395,0.019299702529933203,0.0029566483034001254,1,0,0,0,0,0,0
2023-08-11 17:00:00,0.00685779,0.010959901666666667,0.0028601243887463055,0.0020020870721224136,0.004290186583119459,0.008580373166238917,0.012961988738789081,0.008957814594544254,0.015250088249786126,0.006669715083547209,0.019540274832905585,0.00237952850042775,0,1,0,0,0,0,0
2023-08-11 18:00:00,0.00706351,0.010801285416666667,0.0029688029043077107,0.0020781620330153974,0.004453204356461566,0.008906408712923131,0.012879447449682065,0.00872312338365127,0.015254489773128233,0.0063480810602051015,0.0197076941295898,0.0018948767037435359,0,1,0,0,0,0,0
2023-08-11 19:00:00,0.00705588,0.010645914166666666,0.0030656980904063304,0.002145988663284431,0.0045985471356094956,0.009197094271218991,0.012791902829951097,0.008499925503382235,0.015244461302276162,0.00604736703105717,0.019843008437885657,0.0014488198954476748,0,1,0,0,0,0,0
2023-08-11 20:00:00,0.00704374,0.010488430416666666,0.00315204942351657,0.002206434596461599,0.004728074135274855,0.00945614827054971,0.012694865013128265,0.008281995820205067,0.015216504551941522,0.005760356281391811,0.01994457868721638,0.001032282146116956,0,1,0,0,0,0,0
2023-08-11 21:00:00,0.00705912,0.01033443125,0.003227830321882428,0.002259481225317699,0.004841745482823642,0.009683490965647284,0.012593912475317699,0.0080749500246823,0.015176176732823642,0.005492685767176358,0.020017922215647285,0.0006509402843527159,0,1,0,0,0,0,0
2023-08-11 22:00:00,0.00707481,0.010194295416666665,0.0032954350109230274,0.002306804507646119,0.004943152516384541,0.009886305032769082,0.012501099924312784,0.007887490909020547,0.015137447933051208,0.005251142900282124,0.02008060044943575,0.00030799038389758317,0,1,0,0,0,0,0
2023-08-11 23:00:00,0.00702721,0.01005541625,0.0033577780243732075,0.002350444617061245,0.0050366670365598115,0.010073334073119623,0.012405860867061243,0.007704971632938754,0.01509208328655981,0.005018749213440188,0.020128750323119622,-1.7917823119623782e-05,0,1,0,0,0,0,0
2023-08-12 00:00:00,0.00668447,0.009994139583333334,0.003407022695281138,0.0023849158866967963,0.005110534042921707,0.010221068085843414,0.01237905547003013,0.0076092236966365375,0.01510467362625504,0.004883605540411627,0.020215207669176748,-0.00022692850251007993,0,1,0,0,0,0,0
2023-08-12 01:00:00,0.00669891,0.009924791666666667,0.0034582153882686422,0.0024207507717880494,0.0051873230824029636,0.010374646164805927,0.012345542438454716,0.007504040894878617,0.01511211474906963,0.004737468584263703,0.020299437831472596,-0.0004498544981392603,0,1,0,0,0,0,0
2023-08-12 02:00:00,0.00664245,0.009857204583333333,0.0035075727600138527,0.0024553009320096965,0.005261359140020779,0.010522718280041558,0.01231250551534303,0.007401903651323636,0.01511856372335411,0.004595845443312554,0.02037992286337489,-0.0006655136967082254,0,1,0,0,0,0,0
2023-08-12 03:00:00,0.00666891,0.009788629166666665,0.0035548107935339454,0.0024883675554737616,0.005332216190300918,0.010664432380601836,0.012276996722140426,0.007300261611192903,0.015120845356967583,0.004456412976365747,0.020453061547268503,-0.0008758032139351713,0,1,0,0,0,0,0
2023-08-12 04:00:00,0.00679815,0.009723733333333333,0.0035960854077958715,0.00251725978545711,0.005394128111693807,0.010788256223387614,0.012240993118790443,0.007206473547876223,0.01511786144502714,0.0043296052216395264,0.02051198955672095,-0.0010645228900542803,0,1,0,0,0,0,0
2023-08-12 05:00:00,0.00702382,0.009654837083333333,0.0036326583116817277,0.0025428608181772092,0.005448987467522592,0.010897974935045183,0.012197697901510542,0.0071119762651561235,0.015103824550855925,0.004205849615810741,0.020552812018378518,-0.0012431378517118504,0,1,0,0,0,0,0
2023-08-12 06:00:00,0.00710761,0.009567184583333332,0.003669024099695686,0.00256831686978698,0.005503536149543529,0.011007072299087059,0.012135501453120312,0.006998867713546353,0.015070720732876863,0.004063648433789803,0.020574256882420393,-0.0014398877157537262,0,0,1,0,0,0,0
2023-08-12 07:00:00,0.00715089,0.00946875375,0.00370207351850146,0.0025914514629510215,0.005553110277752189,0.011106220555504379,0.01206020521295102,0.006877302287048978,0.015021864027752189,0.00391564347224781,0.020574974305504378,-0.001637466805504379,0,0,1,0,0,0,0
2023-08-12 08:00:00,0.0089212,0.0092106025,0.003501693080504697,0.0024511851563532878,0.005252539620757045,0.01050507924151409,0.011661787656353288,0.006759417343646712,0.014463142120757045,0.0039580628792429545,0.019715681741514092,-0.0012944767415140907,0,0,1,0,0,0,0
2023-08-12 09:00:00,0.0090131,0.008964335833333333,0.0032834825545354357,0.002298437788174805,0.0049252238318031535,0.009850447663606307,0.011262773621508139,0.006665898045158528,0.013889559665136487,0.00403911200153018,0.01881478349693964,-0.0008861118302729738,0,0,0,0,1,0,0
2023-08-12 10:00:00,0.00910343,0.008718318333333332,0.003021744528045212,0.002115221169631648,0.004532616792067818,0.009065233584135636,0.01083353950296498,0.006603097163701685,0.01325093512540115,0.004185701541265514,0.01778355191746897,-0.000346915250802304,0,0,0,0,1,0,0
2023-08-12 11:00:00,0.0092115,0.008475550833333333,0.002709909491087556,0.001896936643761289,0.004064864236631334,0.008129728473262668,0.010372487477094622,0.006578614189572044,0.012540415069964667,0.004410686596701999,0.016605279306596,0.0003458223600706651,0,0,0,0,1,0,0
2023-08-12 12:00:00,0.0093839,0.008245934583333333,0.002352218203614923,0.0016465527425304461,0.003528327305422385,0.00705665461084477,0.009892487325863779,0.006599381840802887,0.011774261888755718,0.004717607277910948,0.015302589194178103,0.0011892799724885633,0,0,0,0,1,0,0
2023-08-12 13:00:00,0.0095325,0.0080401225,0.0019685823499141965,0.0013780076449399375,0.002952873524871295,0.00590574704974259,0.009418130144939937,0.006662114855060063,0.010992996024871294,0.005087248975128705,0.01394586954974259,0.0021343754502574103,0,0,0,0,0,1,0
2023-08-12 14:00:00,0.00984207,0.007877837083333334,0.0016056112807859228,0.0011239278965501458,0.002408416921178884,0.004816833842357768,0.009001764979883479,0.006753909186783188,0.010286254004512219,0.00546942016215445,0.012694670925691102,0.0030610032409755655,0,0,0,0,0,1,0
2023-08-12 15:00:00,0.01004734,0.007741401249999999,0.0012143520627544587,0.0008500464439281211,0.001821528094131688,0.003643056188263376,0.00859144769392812,0.006891354806071878,0.009562929344131686,0.005919873155868311,0.011384457438263374,0.004098345061736623,0,0,0,0,0,0,1
2023-08-12 16:00:00,0.01006892,0.007878384583333333,0.0012847299252913764,0.0008993109477039634,0.0019270948879370644,0.003854189775874129,0.008777695531037296,0.00697907363562937,0.009805479471270398,0.005951289695396269,0.011732574359207461,0.004024194807459205,0,0,0,0,0,0,1
2023-08-12 17:00:00,0.00973796,0.007998391666666667,0.0013193044805822059,0.000923513136407544,0.0019789567208733086,0.003957913441746617,0.008921904803074211,0.007074878530259123,0.009977348387539976,0.006019434945793358,0.011956305108413284,0.00404047822492005,0,0,0,0,0,1,0
2023-08-12 18:00:00,0.00970221,0.0081083375,0.001347652682308326,0.0009433568776158281,0.002021479023462489,0.004042958046924978,0.009051694377615828,0.007164980622384172,0.010129816523462488,0.006086858476537511,0.012151295546924977,0.004065379453075022,0,0,0,0,0,1,0
2023-08-12 19:00:00,0.00981303,0.008223218749999999,0.0013713437267856036,0.0009599406087499225,0.0020570155901784054,0.004114031180356811,0.009183159358749922,0.0072632781412500765,0.010280234340178404,0.006166203159821594,0.01233724993035681,0.004109187569643188,0,0,0,0,0,1,0
2023-08-12 20:00:00,0.00956139,0.008328120833333333,0.0013734888713464394,0.0009614422099425076,0.002060233307019659,0.004120466614039318,0.00928956304327584,0.007366678623390825,0.010388354140352992,0.006267887526313673,0.01244858744737265,0.004207654219294014,0,0,0,0,0,1,0
2023-08-12 21:00:00,0.00904895,0.008411030416666666,0.001353467434755446,0.0009474272043288122,0.002030201152133169,0.004060402304266338,0.009358457620995478,0.007463603212337854,0.010441231568799836,0.006380829264533497,0.012471432720933005,0.004350628112400328,0,0,0,0,1,0,0
2023-08-12 22:00:00,0.00862517,0.00847562875,0.001323587422859075,0.0009265111960013524,0.0019853811342886124,0.003970762268577225,0.009402139946001352,0.007549117553998648,0.010461009884288613,0.0064902476157113875,0.012446391018577224,0.0045048664814227755,0,0,0,0,1,0,0
2023-08-12 23:00:00,0.00836631,0.008531424583333334,0.001287610558025651,0.0009013273906179557,0.0019314158370384766,0.0038628316740769533,0.009432751973951289,0.007630097192715378,0.010462840420371811,0.006600008746294858,0.012394256257410287,0.004668592909256381,0,0,1,0,0,0,0
2023-08-13 00:00:00,0.00588479,0.008498104583333334,0.0013464838247531012,0.0009425386773271707,0.0020197257371296516,0.004039451474259303,0.009440643260660506,0.0075555659060061635,0.010517830320462985,0.0064783788462036826,0.012537556057592637,0.004458653109074031,1,0,0,0,0,0,0
2023-08-13 01:00:00,0.00598698,0.008468440833333334,0.0013948189361719346,0.0009763732553203542,0.002092228404257902,0.004184456808515804,0.009444814088653688,0.007492067578012979,0.010560669237591237,0.0063762124290754315,0.012652897641849138,0.004283984024817529,1,0,0,0,0,0,0
2023-08-13 02:00:00,0.00630996,0.008454587083333333,0.001415245371862514,0.0009906717603037597,0.002122868057793771,0.004245736115587542,0.009445258843637092,0.007463915323029573,0.010577455141127104,0.006331719025539561,0.012700323198920876,0.004208850967745791,1,0,0,0,0,0,0
2023-08-13 03:00:00,0.00636859,0.00844207375,0.0014329375547055471,0.001003056288293883,0.0021494063320583205,0.004298812664116641,0.009445130038293881,0.007439017461706116,0.010591480082058319,0.006292667417941679,0.01274088641411664,0.004143261085883358,0,1,0,0,0,0,0
2023-08-13 04:00:00,0.00635679,0.008423683749999999,0.0014575729862039844,0.001020301090342789,0.0021863594793059766,0.004372718958611953,0.009443984840342787,0.00740338265965721,0.010610043229305977,0.006237324270694023,0.012796402708611952,0.004050964791388046,0,1,0,0,0,0,0
2023-08-13 05:00:00,0.00601525,0.008381659999999999,0.0015131666759051218,0.0010592166731335853,0.002269750013857683,0.004539500027715366,0.009440876673133584,0.007322443326866414,0.010651410013857682,0.006111909986142316,0.012921160027715366,0.0038421599722846334,1,0,0,0,0,0,0
2023-08-13 06:00:00,0.00574098,0.008324717083333334,0.0015871036719966444,0.001110972570397651,0.0023806555079949666,0.004761311015989933,0.009435689653730985,0.007213744512935683,0.0107053725913283,0.005944061575338368,0.013086028099323268,0.0035634060673434007,1,0,0,0,0,0,0
2023-08-13 07:00:00,0.00564086,0.008261799166666665,0.0016637420680997081,0.0011646194476697955,0.002495613102149562,0.004991226204299124,0.00942641861433646,0.007097179718996869,0.010757412268816227,0.005766186064517103,0.01325302537096579,0.003270572962367541,1,0,0,0,0,0,0
2023-08-13 08:00:00,0.00882972,0.0082579875,0.0016622698247126433,0.0011635888772988502,0.002493404737068965,0.00498680947413793,0.00942157637729885,0.007094398622701149,0.010751392237068964,0.005764582762931034,0.01324479697413793,0.003271178025862069,0,0,0,0,1,0,0
2023-08-13 09:00:00,0.00913313,0.00826298875,0.0016648191117442776,0.0011653733782209942,0.0024972286676164164,0.004994457335232833,0.009428362128220994,0.007097615371779006,0.010760217417616416,0.005765760082383584,0.013257446085232834,0.0032685314147671675,0,0,0,0,1,0,0
2023-08-13 10:00:00,0.00897587,0.00825767375,0.0016622209046093452,0.0011635546332265415,0.002493331356914018,0.004986662713828036,0.009421228383226541,0.007094119116773458,0.010751005106914017,0.005764342393085982,0.013244336463828036,0.0032710110361719637,0,0,0,0,1,0,0
2023-08-13 11:00:00,0.00891695,0.008245400833333333,0.0016559477437747005,0.0011591634206422903,0.002483921615662051,0.004967843231324102,0.009404564253975622,0.007086237412691042,0.010729322448995384,0.005761479217671282,0.013213244064657435,0.003277557602009231,0,0,0,0,1,0,0
2023-08-13 12:00:00,0.00843023,0.008205664583333333,0.0016387937450321644,0.001147155621522515,0.0024581906175482468,0.0049163812350964935,0.009352820204855847,0.007058508961810817,0.010663855200881579,0.005747473965785086,0.013122045818429826,0.003289283348236839,0,0,0,0,1,0,0
2023-08-13 13:00:00,0.00888992,0.008178890416666666,0.0016213298661190427,0.0011349309062833298,0.0024319947991785643,0.004863989598357129,0.009313821322949997,0.007043959510383336,0.010610885215845231,0.005746895617488102,0.013042880015023794,0.0033149008183095373,0,0,0,0,1,0,0
2023-08-13 14:00:00,0.00952697,0.008165761249999999,0.001608501294560538,0.0011259509061923767,0.002412751941840807,0.004825503883681614,0.009291712156192376,0.007039810343807622,0.010578513191840805,0.005753009308159192,0.012991265133681613,0.0033402573663183846,0,0,0,0,0,1,0
2023-08-13 15:00:00,0.00992832,0.008160802083333333,0.0016026207076644213,0.0011218344953650948,0.002403931061496632,0.004807862122993264,0.009282636578698428,0.0070389675879682385,0.010564733144829965,0.005756871021836701,0.012968664206326598,0.003352939960340069,0,0,0,0,0,1,0
2023-08-13 16:00:00,0.00754016,0.008055437083333334,0.0015541093054404376,0.0010878765138083062,0.0023311639581606565,0.004662327916321313,0.00914331359714164,0.006967560569525027,0.010386601041493991,0.005724273125172677,0.012717764999654647,0.0033931091670120206,0,0,1,0,0,0,0
2023-08-13 17:00:00,0.00736713,0.0079566525,0.0015174286558267379,0.0010622000590787164,0.002276142983740107,0.004552285967480214,0.009018852559078716,0.006894452440921283,0.010232795483740106,0.005680509516259893,0.012508938467480213,0.003404366532519786,0,0,1,0,0,0,0
2023-08-13 18:00:00,0.0075192,0.00786569375,0.0014730240047952214,0.001031116803356655,0.002209536007192832,0.004419072014385664,0.008896810553356654,0.006834576946643345,0.01007522975719283,0.0056561577428071675,0.012284765764385664,0.0034466217356143355,0,0,1,0,0,0,0
2023-08-13 19:00:00,0.00797827,0.007789245416666666,0.001413993483282465,0.0009897954382977255,0.0021209902249236974,0.004241980449847395,0.008779040854964391,0.0067994499783689405,0.009910235641590364,0.005668255191742968,0.012031225866514061,0.003547264966819271,0,0,0,0,1,0,0
2023-08-13 20:00:00,0.0076844,0.0077110375,0.001362692105120942,0.0009538844735846594,0.0020440381576814133,0.0040880763153628265,0.00866492197358466,0.0067571530264153405,0.009755075657681413,0.005666999342318587,0.011799113815362826,0.0036229611846371737,0,0,1,0,0,0,0
2023-08-13 21:00:00,0.0076072,0.007650964583333334,0.0013325938588104043,0.0009328157011672829,0.001998890788215606,0.003997781576431212,0.008583780284500617,0.0067181488821660505,0.00964985537154894,0.005652073795117727,0.011648746159764547,0.003653183006902121,0,0,1,0,0,0,0
2023-08-13 22:00:00,0.00733277,0.0075971145833333325,0.0013175425558245826,0.0009222797890772078,0.001976313833736874,0.003952627667473748,0.00851939437241054,0.0066748347942561246,0.009573428417070207,0.005620800749596458,0.011549742250807082,0.003644486915859584,0,0,1,0,0,0,0
2023-08-13 23:00:00,0.00748906,0.0075605625,0.001307404860222292,0.0009151834021556043,0.001961107290333438,0.003922214580666876,0.008475745902155604,0.006645379097844396,0.009521669790333438,0.005599455209666562,0.011482777080666876,0.0036383479193331236,0,0,1,0,0,0,0
2023-08-14 00:00:00,0.01099168,0.007773349583333333,0.0014324157972870355,0.0010026910581009247,0.0021486236959305533,0.004297247391861107,0.008776040641434257,0.0067706585252324085,0.009921973279263887,0.005624725887402779,0.012070596975194438,0.003476102191472226,0,0,0,0,0,0,1
2023-08-14 01:00:00,0.01138012,0.00799806375,0.001557555316412727,0.0010902887214889088,0.0023363329746190903,0.004672665949238181,0.009088352471488908,0.006907775028511091,0.01033439672461909,0.005661730775380909,0.01267072969923818,0.0033253978007618187,0,0,0,0,0,0,1
2023-08-14 02:00:00,0.01146897,0.0082130225,0.0016666293574738454,0.0011666405502316916,0.0024999440362107684,0.004999888072421537,0.009379663050231692,0.007046381949768308,0.010712966536210768,0.005713078463789232,0.013212910572421537,0.0032131344275784634,0,0,0,0,0,0,1
2023-08-14 03:00:00,0.01136504,0.008421207916666666,0.0017368027045920516,0.001215761893214436,0.0026052040568880774,0.005210408113776155,0.009636969809881102,0.0072054460234522305,0.011026411973554744,0.005816003859778589,0.013631616030442821,0.0032107998028905113,0,0,0,0,0,0,1
2023-08-14 04:00:00,0.01279664,0.008689535,0.0018943132518512594,0.0013260192762958815,0.002841469877776889,0.005682939755553778,0.010015554276295881,0.0073635157237041185,0.011531004877776889,0.005848065122223111,0.014372474755553779,0.003006595244446222,0,0,0,0,0,0,1
2023-08-14 05:00:00,0.01300469,0.008980761666666665,0.00199964097985153,0.0013997486858960708,0.0029994614697772945,0.005998922939554589,0.010380510352562735,0.007581012980770594,0.011980223136443958,0.00598130019688937,0.014979684606221254,0.002981838727112076,0,0,0,0,0,0,1
2023-08-14 06:00:00,0.01316411,0.00929005875,0.0020501881004165896,0.0014351316702916127,0.0030752821506248845,0.006150564301249769,0.010725190420291613,0.007854927079708387,0.012365340900624884,0.0062147765993751155,0.015440623051249769,0.003139494448750231,0,0,0,0,0,0,1
2023-08-14 07:00:00,0.01298181,0.009595931666666667,0.0020295878428276287,0.00142071148997934,0.003044381764241443,0.006088763528482886,0.011016643156646007,0.008175220176687327,0.01264031343090811,0.006551549902425223,0.015684695195149555,0.00350716813818378,0,0,0,0,0,0,1
2023-08-14 08:00:00,0.01107863,0.00968963625,0.0020445345757745394,0.0014311742030421774,0.003066801863661809,0.006133603727323618,0.011120810453042177,0.008258462046957822,0.012756438113661808,0.006622834386338191,0.015823239977323617,0.003556032522676382,0,0,0,0,1,0,0
2023-08-14 09:00:00,0.01079863,0.009759032083333334,0.0020530717886620255,0.0014371502520634178,0.0030796076829930383,0.0061592153659860765,0.011196182335396751,0.008321881831269917,0.012838639766326373,0.006679424400340295,0.01591824744931941,0.0035998167173472576,0,0,0,0,1,0,0
2023-08-14 10:00:00,0.01062444,0.009827722499999999,0.0020533083987581925,0.0014373158791307346,0.0030799625981372887,0.0061599251962745774,0.011265038379130734,0.008390406620869264,0.012907685098137287,0.00674775990186271,0.015987647696274577,0.003667797303725421,0,0,0,0,1,0,0
2023-08-14 11:00:00,0.01055928,0.009896152916666666,0.0020489978277016215,0.001434298479391135,0.0030734967415524325,0.006146993483104865,0.011330451396057801,0.008461854437275531,0.012969649658219099,0.006822656175114234,0.01604314639977153,0.003749159433561801,0,0,0,0,1,0,0
2023-08-14 12:00:00,0.01028832,0.009973573333333333,0.002026176836502619,0.0014183237855518332,0.0030392652547539287,0.006078530509507857,0.011391897118885165,0.0085552495477815,0.013012838588087262,0.0069343080785794035,0.01605210384284119,0.0038950428238254753,0,0,0,0,1,0,0
2023-08-14 13:00:00,0.01005611,0.010022164583333333,0.002012999819635372,0.0014090998737447602,0.003019499729453058,0.006038999458906116,0.011431264457078094,0.008613064709588572,0.013041664312786392,0.007002664853880275,0.01606116404223945,0.003983165124427217,0,0,0,0,1,0,0
2023-08-14 14:00:00,0.01003836,0.0100434725,0.0020102348798439825,0.0014071644158907875,0.003015352319765974,0.006030704639531948,0.011450636915890787,0.008636308084109211,0.013058824819765974,0.007028120180234025,0.016074177139531947,0.004012767860468051,0,0,1,0,0,0,0
2023-08-14 15:00:00,0.01054374,0.010069114999999998,0.002012625851589659,0.0014088380961127613,0.003018938777384489,0.006037877554768978,0.01147795309611276,0.008660276903887237,0.013088053777384487,0.007050176222615509,0.016106992554768974,0.0040312374452310205,0,0,0,0,1,0,0
2023-08-14 16:00:00,0.01476555,0.010370172916666667,0.0021533681633754526,0.0015073577143628167,0.0032300522450631787,0.006460104490126357,0.011877530631029483,0.00886281520230385,0.013600225161729845,0.007140120671603488,0.016830277406793024,0.003910068426540309,0,0,0,0,0,0,1
2023-08-14 17:00:00,0.01514576,0.0106942825,0.002264256370728539,0.0015849794595099772,0.0033963845560928086,0.006792769112185617,0.012279261959509976,0.009109303040490022,0.014090667056092809,0.0072978979439071905,0.017487051612185618,0.003901513387814382,0,0,0,0,0,0,1
2023-08-14 18:00:00,0.01542491,0.011023687083333332,0.0023554859144069087,0.001648840140084836,0.003533228871610363,0.007066457743220726,0.012672527223418169,0.009374846943248496,0.014556915954943695,0.007490458211722969,0.018090144826554057,0.003957229340112606,0,0,0,0,0,0,1
2023-08-14 19:00:00,0.01561581,0.011341917916666666,0.002440542941106009,0.0017083800587742062,0.0036608144116590134,0.007321628823318027,0.013050297975440873,0.00963353785789246,0.01500273232832568,0.007681103505007653,0.018663546739984695,0.004020289093348639,0,0,0,0,0,0,1
2023-08-14 20:00:00,0.01589142,0.011683877083333334,0.0024804260912478747,0.001736298263873512,0.003720639136871812,0.007441278273743624,0.013420175347206846,0.009947578819459822,0.015404516220205146,0.007963237946461522,0.019125155357076956,0.00424259880958971,0,0,0,0,0,0,1
2023-08-14 21:00:00,0.0161486,0.01203976875,0.0024828319583164267,0.0017379823708214986,0.00372424793747464,0.00744849587494928,0.0137777511208215,0.010301786379178501,0.015764016687474642,0.008315520812525361,0.01948826462494928,0.004591272875050721,0,0,0,0,0,0,1
2023-08-14 22:00:00,0.01600099,0.012400944583333332,0.0023973458080841824,0.0016781420656589276,0.0035960187121262736,0.007192037424252547,0.01407908664899226,0.010722802517674403,0.015996963295459604,0.008804925871207058,0.019592982007585878,0.005208907159080785,0,0,0,0,0,0,1
2023-08-14 23:00:00,0.01543291,0.012731938333333333,0.0022324092918748345,0.0015626865043123842,0.0033486139378122518,0.0066972278756245035,0.014294624837645717,0.011169251829020949,0.016080552271145583,0.009383324395521081,0.019429166208957835,0.00603471045770883,0,0,0,0,0,1,0
2023-08-15 00:00:00,0.01044607,0.012709204583333333,0.002253579470411575,0.0015775056292881024,0.003380369205617363,0.006760738411234726,0.014286710212621435,0.01113169895404523,0.016089573788950696,0.00932883537771597,0.019469942994568057,0.005948466172098607,0,1,0,0,0,0,0
2023-08-15 01:00:00,0.0100559,0.012654028749999999,0.0023031997054934594,0.0016122397938454214,0.003454799558240189,0.006909599116480378,0.01426626854384542,0.011041788956154578,0.01610882830824019,0.00919922919175981,0.019563627866480377,0.005744429633519621,0,1,0,0,0,0,0
2023-08-15 02:00:00,0.01004967,0.012594891250000002,0.0023526409833637073,0.0016468486883545951,0.0035289614750455608,0.0070579229500911216,0.014241739938354597,0.010948042561645407,0.016123852725045563,0.009065929774954441,0.019652814200091122,0.0055369682999088805,0,1,0,0,0,0,0
2023-08-15 03:00:00,0.00999072,0.012537627916666667,0.0024001234241795384,0.0016800863969256767,0.0036001851362693076,0.007200370272538615,0.014217714313592344,0.01085754151974099,0.016137813052935976,0.00893744278039736,0.019737998189205283,0.005337257644128052,0,1,0,0,0,0,0
2023-08-15 04:00:00,0.01015131,0.012427405833333334,0.002447975903335686,0.00171358313233498,0.0036719638550035292,0.0073439277100070584,0.014140988965668313,0.010713822700998354,0.016099369688336862,0.008755441978329805,0.019771333543340392,0.005083478123326275,0,1,0,0,0,0,0
2023-08-15 05:00:00,0.0106533,0.01232943125,0.0024708148328511704,0.0017295703829958192,0.003706222249276756,0.007412444498553512,0.014059001632995819,0.010599860867004181,0.016035653499276756,0.008623209000723244,0.01974187574855351,0.004916986751446488,0,0,1,0,0,0,0
2023-08-15 06:00:00,0.01115491,0.012245714583333333,0.002475338401141327,0.0017327368807989287,0.00371300760171199,0.00742601520342398,0.013978451464132262,0.010512977702534404,0.01595872218504532,0.008532706981621343,0.01967172978675731,0.0048196993799093524,0,0,1,0,0,0,0
2023-08-15 07:00:00,0.01148309,0.012183267916666666,0.0024748656030984164,0.0017324059221688914,0.0037122984046476246,0.007424596809295249,0.013915673838835557,0.010450861994497775,0.01589556632131429,0.00847096951201904,0.019607864725961915,0.004758671107371416,0,0,1,0,0,0,0
2023-08-15 08:00:00,0.01823167,0.01248131125,0.0027513245922792936,0.0019259272145955054,0.00412698688841894,0.00825397377683788,0.014407238464595505,0.010555384035404495,0.01660829813841894,0.00835432436158106,0.02073528502683788,0.00422733747316212,0,0,0,0,0,0,1
2023-08-15 09:00:00,0.01843717,0.012799583750000001,0.0029804785238539645,0.002086334966697775,0.004470717785780946,0.008941435571561893,0.014885918716697775,0.010713248783302227,0.01727030153578095,0.008328865964219055,0.021741019321561895,0.0038581481784381085,0,0,0,0,0,0,1
2023-08-15 10:00:00,0.01843301,0.013124940833333333,0.0031538690437466505,0.002207708330622655,0.004730803565619976,0.009461607131239952,0.015332649163955988,0.010917232502710678,0.017855744398953308,0.008394137267713358,0.022586547964573284,0.003663333702093381,0,0,0,0,0,0,1
2023-08-15 11:00:00,0.01835935,0.013449943749999999,0.0032774582347324466,0.0022942207643127125,0.00491618735209867,0.00983237470419734,0.015744164514312712,0.011155722985687285,0.01836613110209867,0.008533756397901328,0.02328231845419734,0.003617569045802658,0,0,0,0,0,1,0
2023-08-15 12:00:00,0.01831183,0.013784256666666666,0.003349364360143106,0.002344555052100174,0.0050240465402146585,0.010048093080429317,0.01612881171876684,0.011439701614566491,0.018808303206881323,0.008760210126452008,0.023832349747095985,0.0037361635862373493,0,0,0,0,0,1,0
2023-08-15 13:00:00,0.01804571,0.014117156666666665,0.003359740713953505,0.0023518184997674534,0.005039611070930258,0.010079222141860515,0.01646897516643412,0.011765338166899212,0.019156767737596923,0.009077545595736407,0.02419637880852718,0.00403793452480615,0,0,0,0,0,1,0
2023-08-15 14:00:00,0.01809019,0.014452649583333333,0.003336672424564228,0.0023356706971949595,0.005005008636846342,0.010010017273692684,0.01678832028052829,0.012116978886138373,0.019457658220179676,0.00944764094648699,0.024462666857026017,0.004442632309640648,0,0,0,0,0,1,0
2023-08-15 15:00:00,0.01830442,0.014776011249999998,0.0033173775707316874,0.002322164299512181,0.004976066356097531,0.009952132712195062,0.01709817554951218,0.012453846950487818,0.01975207760609753,0.009799944893902467,0.02472814396219506,0.004823878537804936,0,0,0,0,0,1,0
2023-08-15 16:00:00,0.01183754,0.014654010833333333,0.0033711831633881865,0.0023598282143717304,0.00505677474508228,0.01011354949016456,0.017013839047705065,0.012294182618961603,0.019710785578415612,0.009597236088251054,0.024767560323497893,0.004540461343168774,0,1,0,0,0,0,0
2023-08-15 17:00:00,0.01162341,0.014507246250000001,0.003425085934330096,0.002397560154031067,0.005137628901495144,0.010275257802990288,0.016904806404031067,0.012109686095968934,0.019644875151495145,0.009369617348504857,0.02478250405299029,0.004231988447009713,0,1,0,0,0,0,0
2023-08-15 18:00:00,0.01166512,0.014350588333333332,0.003467015306508179,0.0024269107145557254,0.005200522959762269,0.010401045919524537,0.01677749904788906,0.011923677618777606,0.0195511112930956,0.009150065373571064,0.024751634252857868,0.003949542413808795,0,1,0,0,0,0,0
2023-08-15 19:00:00,0.01166918,0.014186145416666665,0.0034978543581805966,0.0024484980507264173,0.005246781537270895,0.01049356307454179,0.016634643467393084,0.011737647365940247,0.01943292695393756,0.00893936387939577,0.024679708491208457,0.003692582342124875,0,1,0,0,0,0,0
2023-08-15 20:00:00,0.01148761,0.014002653333333332,0.0035199476606343895,0.0024639633624440726,0.005279921490951584,0.010559842981903168,0.016466616695777404,0.01153868997088926,0.019282574824284915,0.008722731842381749,0.0245624963152365,0.0034428103514301638,0,1,0,0,0,0,0
2023-08-15 21:00:00,0.01150028,0.013808973333333334,0.003524616685039339,0.002467231679527537,0.0052869250275590085,0.010573850055118017,0.01627620501286087,0.011341741653805797,0.019095898360892344,0.008522048305774325,0.024382823388451352,0.0032351232782153166,0,0,1,0,0,0,0
2023-08-15 22:00:00,0.01127909,0.013612227499999999,0.003528724257226831,0.0024701069800587817,0.005293086385840247,0.010586172771680493,0.01608233448005878,0.011142120519941217,0.018905313885840245,0.008319141114159753,0.024198400271680492,0.0030260547283195056,0,0,1,0,0,0,0
2023-08-15 23:00:00,0.01087867,0.013422467499999998,0.0035489546628674888,0.002484268264007242,0.005323431994301233,0.010646863988602467,0.01590673576400724,0.010938199235992756,0.018745899494301232,0.008099035505698765,0.024069331488602463,0.0027756035113975317,0,1,0,0,0,0,0
2023-08-16 00:00:00,0.0102066,0.013412489583333333,0.0035580117424525194,0.0024906082197167635,0.005337017613678779,0.010674035227357558,0.015903097803050097,0.010921881363616569,0.018749507197012114,0.008075471969654554,0.02408652481069089,0.0027384543559757744,0,1,0,0,0,0,0
2023-08-16 01:00:00,0.00973703,0.013399203333333333,0.0035716599891618284,0.00250016199241328,0.005357489983742743,0.010714979967485485,0.015899365325746612,0.010899041340920054,0.018756693317076075,0.008041713349590592,0.02411418330081882,0.002684223365847848,0,1,0,0,0,0,0
2023-08-16 02:00:00,0.00938074,0.01337133125,0.0036014211949297794,0.0025209948364508456,0.005402131792394669,0.010804263584789338,0.015892326086450845,0.010850336413549155,0.01877346304239467,0.007969199457605332,0.024175594834789337,0.002567067665210662,0,1,0,0,0,0,0
2023-08-16 03:00:00,0.0093278,0.013343709583333333,0.0036308981876359255,0.002541628731345148,0.005446347281453889,0.010892694562907777,0.01588533831467848,0.010802080851988185,0.01879005686478722,0.007897362301879445,0.024236404146241113,0.002451015020425556,0,1,0,0,0,0,0
2023-08-16 04:00:00,0.00938843,0.013311922916666668,0.003663256272990457,0.00256427939109332,0.005494884409485686,0.010989768818971372,0.01587620230775999,0.010747643525573348,0.018806807326152353,0.007817038507180983,0.02430169173563804,0.002322154097695296,0,1,0,0,0,0,0
2023-08-16 05:00:00,0.00926946,0.013254262916666664,0.0037174132451038458,0.002602189271572692,0.0055761198676557685,0.011152239735311537,0.015856452188239355,0.010652073645093973,0.018830382784322433,0.007678143049010895,0.0244065026519782,0.002102023181355127,0,1,0,0,0,0,0
2023-08-16 06:00:00,0.00934722,0.0131789425,0.0037795919616554706,0.0026457143731588293,0.005669387942483206,0.011338775884966412,0.01582465687315883,0.010533228126841172,0.018848330442483206,0.007509554557516795,0.024517718384966414,0.001840166615033589,0,1,0,0,0,0,0
2023-08-16 07:00:00,0.00971018,0.013105071249999998,0.00383115197015579,0.002681806379109053,0.005746727955233685,0.01149345591046737,0.01578687762910905,0.010423264870890944,0.018851799205233683,0.007358343294766313,0.024598527160467367,0.001611615339532628,0,1,0,0,0,0,0
2023-08-16 08:00:00,0.01640761,0.01302906875,0.003742086136132798,0.0026194602952929586,0.005613129204199197,0.011226258408398394,0.015648529045292958,0.01040960845470704,0.018642197954199198,0.007415939545800802,0.024255327158398392,0.0018028103416016048,0,0,0,0,0,1,0
2023-08-16 09:00:00,0.01675216,0.01295886,0.0036509042705656614,0.0025556329893959627,0.005476356405848492,0.010952712811696984,0.015514492989395964,0.010403227010604038,0.01843521640584849,0.007482503594151509,0.023911572811696986,0.002006147188303017,0,0,0,0,0,1,0
2023-08-16 10:00:00,0.01676018,0.012889158749999999,0.0035566011071457466,0.0024896207750020223,0.00533490166071862,0.01066980332143724,0.015378779525002021,0.010399537974997977,0.01822406041071862,0.007554257089281379,0.02355896207143724,0.002219355428562759,0,0,0,0,0,1,0
2023-08-16 11:00:00,0.01663689,0.012817389583333332,0.0034574138406372567,0.0024201896884460798,0.005186120760955885,0.01037224152191177,0.01523757927177941,0.010397199894887252,0.018003510344289216,0.007631268822377447,0.0231896311052451,0.0024451480614215617,0,0,0,0,0,1,0
2023-08-16 12:00:00,0.01630997,0.01273397875,0.0033412937247657617,0.002338905607336033,0.0050119405871486425,0.010023881174297285,0.015072884357336032,0.010395073142663967,0.01774591933714864,0.007722038162851357,0.022757859924297283,0.0027100975757027145,0,0,0,0,0,1,0
2023-08-16 13:00:00,0.01608966,0.012652476666666667,0.003228031382840883,0.002259621967988618,0.004842047074261324,0.009684094148522648,0.014912098634655285,0.01039285469867805,0.01749452374092799,0.007810429592405343,0.022336570815189315,0.0029683825181440193,0,0,0,0,0,1,0
2023-08-16 14:00:00,0.01581585,0.0125577125,0.0030919739763068076,0.0021643817834147653,0.004637960964460211,0.009275921928920423,0.014722094283414765,0.010393330716585235,0.01719567346446021,0.007919751535539789,0.021833634428920425,0.0032817905710795774,0,0,0,0,0,1,0
2023-08-16 15:00:00,0.01572231,0.012450124583333333,0.0029236605779368904,0.0020465624045558233,0.004385490866905335,0.00877098173381067,0.014496686987889156,0.01040356217877751,0.016835615450238667,0.008064633716427998,0.021221106317144002,0.003679142849522662,0,0,0,0,0,1,0
2023-08-16 16:00:00,0.01554392,0.012604557083333334,0.0029870963194881498,0.0020909674236417046,0.004480644479232225,0.00896128895846445,0.014695524506975038,0.01051358965969163,0.017085201562565558,0.00812391260410111,0.021565846041797784,0.003643268124868884,0,0,0,0,0,1,0
2023-08-16 17:00:00,0.01544007,0.012763584583333333,0.0030338213219218207,0.0021236749253452742,0.004550731982882731,0.009101463965765461,0.014887259508678606,0.01063990965798806,0.017314316566216063,0.008212852600450602,0.021865048549098792,0.0036621206175678715,0,0,0,0,0,1,0
2023-08-16 18:00:00,0.0155657,0.01292610875,0.0030765942460458644,0.002153615972232105,0.004614891369068797,0.009229782738137593,0.015079724722232105,0.010772492777767895,0.017541000119068798,0.008311217380931202,0.022155891488137593,0.0036963260118624067,0,0,0,0,0,1,0
2023-08-16 19:00:00,0.01567806,0.013093145416666667,0.00311398441402365,0.002179789089816555,0.004670976621035475,0.00934195324207095,0.015272934506483222,0.010913356326850112,0.01776412203770214,0.008422168795631192,0.022435098658737617,0.0037511921745957168,0,0,0,0,0,1,0
2023-08-16 20:00:00,0.01590873,0.01327735875,0.003145486889300131,0.0022018408225100913,0.004718230333950196,0.009436460667900392,0.015479199572510092,0.01107551792748991,0.017995589083950197,0.008559128416049805,0.02271381941790039,0.003840898082099609,0,0,0,0,0,1,0
2023-08-16 21:00:00,0.01595727,0.013463066666666667,0.0031674996024441448,0.0022172497217109012,0.0047512494036662176,0.009502498807332435,0.01568031638837757,0.011245816944955765,0.018214316070332887,0.00871181726300045,0.022965565473999104,0.003960567859334232,0,0,0,0,0,1,0
2023-08-16 22:00:00,0.0158763,0.013654617083333334,0.003168689067666901,0.0022180823473668303,0.0047530336015003515,0.009506067203000703,0.015872699430700164,0.011436534735966505,0.018407650684833687,0.008901583481832983,0.023160684286334037,0.004148549880332631,0,0,0,0,0,1,0
2023-08-16 23:00:00,0.01575895,0.013857962083333335,0.0031392572761291767,0.0021974800932904235,0.004708885914193765,0.00941777182838753,0.016055442176623757,0.01166048199004291,0.0185668479975271,0.00914907616913957,0.023275733911720865,0.004440190254945804,0,0,0,0,1,0,0
2023-08-17 00:00:00,0.01337302,0.01398989625,0.0030442283124996012,0.0021309598187497208,0.004566342468749401,0.009132684937498803,0.01612085606874972,0.011858936431250279,0.018556238718749403,0.009423553781250598,0.023122581187498804,0.004857211312501197,0,0,1,0,0,0,0
2023-08-17 01:00:00,0.01296102,0.014124229166666667,0.0029168709071446413,0.002041809635001249,0.004375306360716962,0.008750612721433924,0.016166038801667917,0.012082419531665417,0.018499535527383627,0.009748922805949705,0.022874841888100593,0.0053736164452327425,0,0,1,0,0,0,0
2023-08-17 02:00:00,0.01241922,0.014250832499999998,0.002763966986319253,0.001934776890423477,0.004145950479478879,0.008291900958957758,0.016185609390423475,0.01231605560957652,0.018396782979478877,0.010104882020521119,0.022542733458957756,0.005958931541042239,0,0,1,0,0,0,0
2023-08-17 03:00:00,0.01193603,0.01435950875,0.0026089096464436525,0.0018262367525105567,0.003913364469665479,0.007826728939330958,0.016185745502510555,0.012533271997489444,0.01827287321966548,0.01044614428033452,0.022186237689330958,0.006532779810669041,0,1,0,0,0,0,0
2023-08-17 04:00:00,0.00614237,0.01422425625,0.002940852634895529,0.0020585968444268702,0.004411278952343293,0.008822557904686586,0.01628285309442687,0.01216565940557313,0.018635535202343293,0.009812977297656705,0.023046814154686585,0.005401698345313413,1,0,0,0,0,0,0
2023-08-17 05:00:00,0.00608985,0.014091772499999997,0.0032310682011334564,0.0022617477407934194,0.004846602301700184,0.009693204603400368,0.016353520240793416,0.011830024759206578,0.01893837480170018,0.009245170198299813,0.023784977103400363,0.004398567896599629,1,0,0,0,0,0,0
2023-08-17 06:00:00,0.00633507,0.013966266249999998,0.0034728327690803197,0.002430982938356224,0.00520924915362048,0.01041849830724096,0.016397249188356222,0.011535283311643774,0.019175515403620478,0.008757017096379518,0.024384764557240958,0.003547767942759038,1,0,0,0,0,0,0
2023-08-17 07:00:00,0.00653076,0.013833790416666665,0.0036957339559239256,0.0025870137691467476,0.005543600933885888,0.011087201867771776,0.016420804185813414,0.011246776647519918,0.019377391350552553,0.008290189482780777,0.02492099228443844,0.002746588548894889,1,0,0,0,0,0,0
2023-08-17 08:00:00,0.00059003,0.013174724583333334,0.004532453765134054,0.0031727176355938374,0.006798680647701081,0.013597361295402162,0.016347442218927172,0.010002006947739495,0.019973405231034413,0.006376043935632253,0.026772085878735495,-0.00042263671206882805,1,0,0,0,0,0,0
2023-08-17 09:00:00,0.00058612,0.012501139583333333,0.005138422500282815,0.0035968957501979703,0.007707633750424223,0.015415267500848446,0.016098035333531303,0.008904243833135362,0.020208773333757556,0.00479350583290911,0.027916407084181777,-0.0029141279175151132,1,0,0,0,0,0,0
2023-08-17 10:00:00,0.00060078,0.011827831249999999,0.005594549939013473,0.003916184957309431,0.00839182490852021,0.01678364981704042,0.01574401620730943,0.007911646292690568,0.020219656158520206,0.003436006341479789,0.028611481067040416,-0.0049558185670404205,1,0,0,0,0,0,0
2023-08-17 11:00:00,0.00063569,0.011161114583333333,0.00593935093963391,0.0041575456577437366,0.008909026409450866,0.017818052818901732,0.01531866024107707,0.007003568925589596,0.0200701409927842,0.0022520881738824668,0.028979167402235065,-0.006656938235568399,1,0,0,0,0,0,0
2023-08-17 12:00:00,0.00176503,0.010555075416666665,0.0061301335204750635,0.004291093464332544,0.009195200280712596,0.018390400561425192,0.01484616888099921,0.006263981952334121,0.019750275697379263,0.0013598751359540692,0.028945475978091856,-0.007835325144758527,0,1,0,0,0,0,0
2023-08-17 13:00:00,0.00180046,0.009959692083333334,0.006261721056548747,0.004383204739584123,0.009392581584823121,0.018785163169646242,0.014342896822917457,0.005576487343749211,0.019352273668156457,0.0005671104985102132,0.028744855252979575,-0.008825471086312908,0,1,0,0,0,0,0
2023-08-17 14:00:00,0.00177841,0.009374798749999998,0.006345963624635964,0.004442174537245175,0.009518945436953946,0.019037890873907892,0.013816973287245172,0.004932624212754823,0.018893744186953942,-0.0001441466869539481,0.02841268962390789,-0.009663092123907894,0,1,0,0,0,0,0
2023-08-17 15:00:00,0.00186553,0.008797432916666665,0.006373643542775948,0.004461550479943163,0.009560465314163923,0.019120930628327846,0.013258983396609829,0.004335882436723502,0.018357898230830588,-0.0007630323974972576,0.02791836354499451,-0.01032349771166118,0,1,0,0,0,0,0
2023-08-17 16:00:00,0.00366265,0.00830238,0.006287688752485338,0.0044013821267397365,0.009431533128728008,0.018863066257456016,0.012703762126739737,0.0039009978732602634,0.017733913128728008,-0.0011291531287280082,0.027165446257456018,-0.010560686257456016,0,1,0,0,0,0,0
2023-08-17 17:00:00,0.00367363,0.007812111666666666,0.006164469304727519,0.004315128513309263,0.009246703957091278,0.018493407914182556,0.01212724017997593,0.0034969831533574035,0.017058815623757946,-0.0014345922904246116,0.026305519580849222,-0.01068129624751589,0,0,1,0,0,0,0
2023-08-17 18:00:00,0.00370362,0.007317858333333333,0.0059888097850594214,0.004192166849541595,0.008983214677589132,0.017966429355178264,0.011510025182874927,0.0031256914837917383,0.016301073010922464,-0.001665356344255799,0.025284287688511597,-0.010648571021844931,0,0,1,0,0,0,0
2023-08-17 19:00:00,0.00378628,0.0068223675,0.005754397888618898,0.004028078522033228,0.008631596832928346,0.017263193665856692,0.010850446022033229,0.0027942889779667716,0.015453964332928345,-0.0018092293329283462,0.02408556116585669,-0.010440826165856693,0,0,1,0,0,0,0
2023-08-17 20:00:00,0.00246359,0.006262153333333333,0.0054792334687028986,0.0038354634280920287,0.008218850203054347,0.016437700406108695,0.01009761676142536,0.002426689905241304,0.01448100353638768,-0.0019566968697210148,0.022699853739442027,-0.010175547072775362,0,0,1,0,0,0,0
2023-08-17 21:00:00,-0.00258708,0.005489472083333333,0.00535882351695012,0.003751176461865084,0.00803823527542518,0.01607647055085036,0.009240648545198417,0.0017382956214682488,0.013527707358758512,-0.0025487631920918475,0.021565942634183693,-0.010586998467517029,1,0,0,0,0,0,0
2023-08-17 22:00:00,-0.02990046,0.003582107083333333,0.008642007785605978,0.006049405449924185,0.012963011678408968,0.025926023356817936,0.009631512533257518,-0.0024672983665908516,0.016545118761742302,-0.009380904595075635,0.02950813044015127,-0.0223439162734846,1,0,0,0,0,0,0
2023-08-17 23:00:00,-0.02753999,0.001777984583333333,0.01034183504571941,0.0072392845320035865,0.015512752568579116,0.03102550513715823,0.00901726911533692,-0.005461299948670254,0.01729073715191245,-0.013734767985245783,0.03280348972049157,-0.029247520553824898,1,0,0,0,0,0,0
2023-08-18 00:00:00,-0.01568834,0.0005670945833333331,0.010622718141716706,0.007435902699201693,0.01593407721257506,0.03186815442515012,0.008002997282535026,-0.006868808115868361,0.016501171795908393,-0.015366982629241726,0.03243524900848345,-0.03130105984181679,1,0,0,0,0,0,0
2023-08-18 01:00:00,-0.01667865,-0.000667891666666667,0.010839884025164451,0.007587918817615115,0.01625982603774668,0.03251965207549336,0.006920027150948449,-0.008255810484281782,0.015591934371080012,-0.016927717704413345,0.03185176040882669,-0.03318754374216003,0,1,0,0,0,0,0
2023-08-18 02:00:00,-0.01604041,-0.001853709583333334,0.01090246254511282,0.007631723781578973,0.01635369381766923,0.03270738763533846,0.005778014198245639,-0.009485433364912307,0.014499984234335897,-0.018207403401002565,0.030853678052005125,-0.034561097218671795,0,1,0,0,0,0,0
2023-08-18 03:00:00,-0.01667759,-0.00304594375,0.01089343886500731,0.007625407205505117,0.016340158297510968,0.032680316595021935,0.004579463455505117,-0.010671350955505117,0.013294214547510967,-0.01938610204751097,0.029634372845021933,-0.03572626034502194,0,1,0,0,0,0,0
2023-08-18 04:00:00,-0.0326917,-0.00466403,0.0122668696910532,0.00858680878373724,0.0184003045365798,0.0368006090731596,0.003922778783737239,-0.01325083878373724,0.013736274536579801,-0.0230643345365798,0.0321365790731596,-0.0414646390731596,1,0,0,0,0,0,0
2023-08-18 05:00:00,-0.03272592,-0.00628135375,0.01330249434769349,0.009311746043385442,0.019953741521540235,0.03990748304308047,0.0030303922933854416,-0.015593099793385443,0.013672387771540236,-0.026235095271540235,0.03362612929308047,-0.04618883679308047,1,0,0,0,0,0,0
2023-08-18 06:00:00,-0.02826115,-0.007722862916666667,0.013743081598151775,0.009620157118706242,0.020614622397227663,0.041229244794455326,0.001897294202039575,-0.017343020035372907,0.012891759480560996,-0.02833748531389433,0.03350638187778866,-0.04895210771112199,0,1,0,0,0,0,0
2023-08-18 07:00:00,-0.0285343,-0.009183907083333333,0.01402293347956922,0.009816053435698455,0.021034400219353832,0.042068800438707664,0.0006321463523651216,-0.018999960519031786,0.011850493136020499,-0.030218307302687167,0.03288489335537433,-0.051252707522040995,0,1,0,0,0,0,0
2023-08-18 08:00:00,-0.01581318,-0.009867374166666667,0.013925247038265214,0.009747672926785649,0.02088787055739782,0.04177574111479564,-0.00011970123988101766,-0.019615047093452315,0.011020496390731155,-0.03075524472406449,0.03190836694812898,-0.05164311528146231,0,0,1,0,0,0,0
2023-08-18 09:00:00,-0.01143542,-0.010368271666666666,0.013747963145380728,0.009623574201766509,0.020621944718071092,0.041243889436142184,-0.0007446974649001573,-0.019991845868433174,0.010253673051404425,-0.030990216384737757,0.03087561776947552,-0.05161216110280885,0,0,1,0,0,0,0
2023-08-18 10:00:00,-0.01101392,-0.010852217499999999,0.01354802274440828,0.009483615921085795,0.02032203411661242,0.04064406823322484,-0.0013686015789142036,-0.020335833421085796,0.009469816616612422,-0.03117425161661242,0.029791850733224844,-0.05149628573322484,0,0,1,0,0,0,0
2023-08-18 11:00:00,-0.01073778,-0.011326112083333333,0.013325810878166575,0.009328067614716601,0.019988716317249862,0.039977432634499724,-0.0019980444686167314,-0.020654179698049932,0.00866260423391653,-0.031314828400583195,0.02865132055116639,-0.051303544717833056,0,0,0,0,1,0,0
2023-08-18 12:00:00,0.00508575,-0.011187748749999999,0.013483948860393568,0.009438764202275497,0.02022592329059035,0.0404518465811807,-0.0017489845477245015,-0.020626512952275494,0.009038174540590352,-0.03141367204059035,0.029264097831180703,-0.0516395953311807,0,0,0,0,0,1,0
2023-08-18 13:00:00,0.00540696,-0.011037477916666665,0.013654012005087417,0.00955780840356119,0.020481018007631125,0.04096203601526225,-0.0014796695131054742,-0.020595286320227855,0.00944354009096446,-0.03151849592429779,0.029924558098595587,-0.05199951393192891,0,0,0,0,0,1,0
2023-08-18 14:00:00,0.0057308,-0.010872795,0.013837903646037862,0.009686532552226504,0.020756855469056795,0.04151371093811359,-0.0011862624477734958,-0.020559327552226503,0.009884060469056795,-0.031629650469056796,0.03064091593811359,-0.05238650593811359,0,0,0,0,0,1,0
2023-08-18 15:00:00,0.00564483,-0.010715324166666667,0.01400960254627584,0.009806721782393087,0.02101440381941376,0.04202880763882752,-0.0009086023842735796,-0.020522045949059754,0.010299079652747093,-0.031729727986080425,0.031313483472160855,-0.052744131805494185,0,0,0,0,0,1,0
2023-08-18 16:00:00,-0.00239366,-0.010967670416666665,0.013792218705478605,0.009654553093835023,0.02068832805821791,0.04137665611643582,-0.0013131173228316424,-0.020622223510501688,0.009720657641551243,-0.031655998474884574,0.030408985699769152,-0.05234432653310248,0,0,0,0,1,0,0
2023-08-18 17:00:00,-0.00244841,-0.011222755416666667,0.013564388007536243,0.009495071605275369,0.020346582011304362,0.040693164022608724,-0.0017276838113912986,-0.020717827021942036,0.009123826594637695,-0.03156933742797103,0.029470408605942057,-0.05191591943927539,0,0,0,0,1,0,0
2023-08-18 18:00:00,-0.00252387,-0.011482234166666666,0.013323872543098735,0.009326710780169114,0.019985808814648103,0.039971617629296206,-0.002155523386497552,-0.02080894494683578,0.008503574647981437,-0.03146804298131477,0.02848938346262954,-0.051453851795962874,0,0,0,0,1,0,0
2023-08-18 19:00:00,-0.00273631,-0.011754008750000001,0.013062856935037483,0.009143999854526238,0.019594285402556224,0.03918857080511245,-0.0026100088954737633,-0.020898008604526237,0.007840276652556223,-0.03134829415255622,0.027434562055112445,-0.05094257955511245,0,0,0,0,1,0,0
2023-08-18 20:00:00,0.0015363,-0.011792645833333332,0.013020277971877808,0.009114194580314464,0.01953041695781671,0.03906083391563342,-0.002678451253018868,-0.020906840413647796,0.007737771124483378,-0.03132306279115004,0.02726818808230009,-0.05085347974896675,0,0,0,0,0,1,0
2023-08-18 21:00:00,0.00127544,-0.0116317075,0.013162110446274737,0.009213477312392315,0.019743165669412106,0.03948633133882421,-0.002418230187607685,-0.020845184812392316,0.008111458169412106,-0.03137487316941211,0.027854623838824213,-0.05111803883882421,0,0,0,0,0,1,0
2023-08-18 22:00:00,0.00095784,-0.010345945,0.012802206714661483,0.008961544700263037,0.019203310071992226,0.03840662014398445,-0.0013844002997369636,-0.01930748970026304,0.008857365071992225,-0.029549255071992228,0.02806067514398445,-0.048752565143984454,0,0,0,0,0,1,0
2023-08-18 23:00:00,0.00084325,-0.009163310000000001,0.012450973968960506,0.008715681778272354,0.01867646095344076,0.03735292190688152,-0.0004476282217276469,-0.017878991778272353,0.009513150953440758,-0.02783977095344076,0.028189611906881518,-0.04651623190688152,0,0,0,0,0,1,0
2023-08-19 00:00:00,0.00629431,-0.00824736625,0.012754952052011185,0.00892846643640783,0.019132428078016777,0.038264856156033554,0.0006811001864078289,-0.01717583268640783,0.010885061828016776,-0.02737979432801678,0.030017489906033555,-0.04651222240603355,0,0,0,0,0,1,0
2023-08-19 01:00:00,0.00660914,-0.007277041666666667,0.01296965515227282,0.009078758606590973,0.01945448272840923,0.03890896545681846,0.001801716939924306,-0.01635580027325764,0.012177441061742563,-0.0267315243950759,0.0316319237901518,-0.046186007123485126,0,0,0,0,0,1,0
2023-08-19 02:00:00,0.00635189,-0.006344029166666667,0.013116424847113433,0.009181497392979403,0.019674637270670148,0.039349274541340296,0.002837468226312736,-0.01552552655964607,0.01333060810400348,-0.026018666437336815,0.03300524537467363,-0.04569330370800696,0,0,0,0,0,1,0
2023-08-19 03:00:00,0.00627352,-0.005387732916666666,0.013166832217422104,0.009216782552195473,0.019750248326133157,0.03950049665226631,0.003829049635528807,-0.014604515468862139,0.014362515409466491,-0.025137981242799822,0.03411276373559965,-0.04488822956893298,0,0,0,0,0,1,0
2023-08-19 04:00:00,0.00423165,-0.00384926,0.01193756613458071,0.008356296294206497,0.017906349201871063,0.03581269840374213,0.004507036294206497,-0.012205556294206497,0.014057089201871063,-0.021755609201871064,0.03196343840374213,-0.03966195840374213,0,0,0,0,1,0,0
2023-08-19 05:00:00,0.00392297,-0.002322222916666667,0.010317161752288865,0.007222013226602205,0.015475742628433297,0.030951485256866595,0.004899790309935538,-0.009544236143268872,0.01315351971176663,-0.017797965545099964,0.028629262340199926,-0.03327370817353326,0,0,0,0,1,0,0
2023-08-19 06:00:00,0.00391385,-0.0009815979166666671,0.008775296526982952,0.006142707568888066,0.013162944790474428,0.026325889580948857,0.005161109652221399,-0.007124305485554733,0.012181346873807761,-0.014144542707141095,0.02534429166428219,-0.027307487497615524,0,0,0,0,1,0,0
2023-08-19 07:00:00,0.00401039,0.0003744308333333327,0.006569928482525195,0.004598949937767637,0.009854892723787792,0.019709785447575585,0.004973380771100969,-0.0042245191044343045,0.010229323557121126,-0.00948046189045446,0.020084216280908916,-0.019335354614242253,0,0,0,0,1,0,0
2023-08-19 08:00:00,-0.00054622,0.001010554166666666,0.005602283191726009,0.003921598234208206,0.008403424787589013,0.016806849575178025,0.004932152400874872,-0.00291104406754154,0.009413978954255678,-0.007392870620922347,0.017817403741844692,-0.01579629540851136,0,0,1,0,0,0,0
2023-08-19 09:00:00,-0.00058633,0.001462599583333333,0.004954627853184614,0.0034682394972292293,0.007431941779776921,0.014863883559553842,0.004930839080562562,-0.0020056399138958965,0.008894541363110254,-0.005969342196443588,0.016326483142887174,-0.013401283976220509,0,0,1,0,0,0,0
2023-08-19 10:00:00,-0.00079181,0.0018885208333333325,0.004220430446566365,0.0029543013125964556,0.006330645669849548,0.012661291339699097,0.004842822145929788,-0.001065780479263123,0.00821916650318288,-0.004442124836516216,0.01454981217303243,-0.010772770506365765,0,0,1,0,0,0,0
2023-08-19 11:00:00,-0.00104003,0.0022925937499999995,0.0033291277201391778,0.0023303894040974243,0.004993691580208766,0.009987383160417532,0.004622983154097424,-3.779565409742485e-05,0.007286285330208766,-0.0027010978302087667,0.012279976910417531,-0.007694789410417533,0,1,0,0,0,0,0
2023-08-19 12:00:00,-0.00208798,0.0019936883333333327,0.0033889496863274185,0.002372264780429193,0.005083424529491128,0.010166849058982255,0.004365953113762526,-0.00037857644709586016,0.00707711286282446,-0.003089736196157795,0.012160537392315589,-0.008173160725648922,0,1,0,0,0,0,0
2023-08-19 13:00:00,-0.00208372,0.001681576666666666,0.0034058226745789523,0.0023840758722052666,0.005108734011868428,0.010217468023736857,0.004065652538871933,-0.0007024992055386006,0.006790310678535094,-0.0034271573452017623,0.011899044690403524,-0.00853589135707019,0,1,0,0,0,0,0
2023-08-19 14:00:00,-0.00225252,0.0013489383333333326,0.003382928977944303,0.002368050284561012,0.005074393466916455,0.01014878693383291,0.0037169886178943443,-0.0010191119512276794,0.0064233318002497874,-0.0037254551335831228,0.011497725267166243,-0.008799848600499578,0,1,0,0,0,0,0
2023-08-19 15:00:00,-0.00245318,0.0010115212499999995,0.003339394676334916,0.002337576273434441,0.005009092014502374,0.010018184029004748,0.0033490975234344404,-0.0013260550234344415,0.006020613264502373,-0.003997570764502374,0.011029705279004747,-0.009006662779004748,0,1,0,0,0,0,0
2023-08-19 16:00:00,-4.756e-05,0.001109275416666666,0.003268977098341146,0.002288283968838802,0.004903465647511719,0.009806931295023438,0.0033975593855054683,-0.001179008552172136,0.006012741064178385,-0.0037941902308450525,0.010916206711690104,-0.008697655878356771,0,0,1,0,0,0,0
2023-08-19 17:00:00,0.00020447,0.0012198120833333329,0.0031872788312276557,0.002231095181859359,0.004780918246841483,0.009561836493682967,0.003450907265192692,-0.001011283098526026,0.006000730330174816,-0.0035611061635081502,0.010781648577016299,-0.008342024410349634,0,0,1,0,0,0,0
2023-08-19 18:00:00,-0.00084801,0.0012896395833333328,0.0031193287845228492,0.002183530149165994,0.004678993176784274,0.009357986353568548,0.0034731697324993267,-0.0008938905658326614,0.005968632760117607,-0.0033893535934509415,0.010647625936901882,-0.008068346770235215,0,0,1,0,0,0,0
2023-08-19 19:00:00,-0.00105404,0.0013597341666666662,0.003042892813011713,0.002130024969108199,0.00456433921951757,0.00912867843903514,0.003489759135774865,-0.0007702908024415328,0.005924073386184236,-0.0032046050528509035,0.010488412605701805,-0.007768944272368473,0,1,0,0,0,0,0
2023-08-19 20:00:00,-0.00191368,0.0012159849999999995,0.0031148288843154816,0.002180380219020837,0.004672243326473222,0.009344486652946444,0.0033963652190208363,-0.0009643952190208375,0.005888228326473221,-0.003456258326473223,0.010560471652946444,-0.008128501652946445,0,1,0,0,0,0,0
2023-08-19 21:00:00,-0.0015567,0.0010979791666666662,0.0031657109557858727,0.002215997669050111,0.004748566433678809,0.009497132867357618,0.0033139768357167768,-0.0011180185023834447,0.0058465456003454755,-0.0036505872670121427,0.010595112034024284,-0.008399153700690953,0,1,0,0,0,0,0
2023-08-19 22:00:00,-0.00104322,0.001014601666666666,0.003195771296869283,0.002237039907808498,0.004793656945303925,0.00958731389060785,0.003251641574475164,-0.0012224382411418322,0.005808258611970591,-0.003779055278637259,0.010601915557274516,-0.008572712223941183,0,0,1,0,0,0,0
2023-08-19 23:00:00,-0.00056909,0.0009557541666666661,0.003212025985375981,0.002248418189763187,0.004818038978063972,0.009636077956127944,0.003204172356429853,-0.0012926640230965206,0.005773793144730638,-0.003862284811397306,0.01059183212279461,-0.008680323789461278,0,0,1,0,0,0,0
2023-08-20 00:00:00,-0.00039503,0.0006770316666666661,0.0030126798796590235,0.0021088759157613162,0.004519019819488535,0.00903803963897707,0.0027859075824279824,-0.0014318442490946501,0.005196051486155201,-0.003841988152821869,0.009715071305643736,-0.008361007972310404,0,0,1,0,0,0,0
2023-08-20 01:00:00,-0.00219959,0.0003100012499999994,0.0027866568126987097,0.0019506597688890967,0.004179985219048065,0.00835997043809613,0.002260661018889096,-0.0016406585188890972,0.004489986469048065,-0.0038699839690480658,0.008669971688096129,-0.008049969188096131,0,1,0,0,0,0,0
2023-08-20 02:00:00,-0.00214801,-4.41612500000006e-05,0.0025119933727973,0.00175839536095811,0.00376799005919595,0.0075359801183919,0.0017142341109581095,-0.0018025566109581106,0.003723828809195949,-0.0038121513091959507,0.007491818868391899,-0.007580141368391901,0,1,0,0,0,0,0
2023-08-20 03:00:00,-0.00209567,-0.0003928775000000006,0.002151942150475806,0.001506359505333064,0.003227913225713709,0.006455826451427418,0.0011134820053330635,-0.0018992370053330647,0.0028350357257137084,-0.003620790725713709,0.006062948951427417,-0.006848703951427418,0,1,0,0,0,0,0
2023-08-20 04:00:00,-0.00171213,-0.0006405350000000006,0.0019268335852650397,0.0013487835096855278,0.0028902503778975596,0.005780500755795119,0.0007082485096855273,-0.0019893185096855285,0.002249715377897559,-0.0035307853778975603,0.005139965755795119,-0.0064210357557951195,0,0,1,0,0,0,0
2023-08-20 05:00:00,-0.0020004,-0.0008873420833333339,0.0016804960649866468,0.0011763472454906527,0.0025207440974799704,0.005041488194959941,0.00028900516215731877,-0.0020636893288239868,0.0016334020141466365,-0.0034080861808133043,0.0041541461116266064,-0.005928830278293275,0,0,1,0,0,0,0
2023-08-20 06:00:00,-0.00202988,-0.0011349975000000006,0.0013470659275411617,0.0009429461492788131,0.0020205988913117425,0.004041197782623485,-0.0001920513507211875,-0.0020779436492788135,0.0008856013913117419,-0.003155596391311743,0.0029062002826234844,-0.005176195282623485,0,0,1,0,0,0,0
2023-08-20 07:00:00,-0.00197579,-0.0013844216666666672,0.0007932956476995318,0.0005553069533896722,0.0011899434715492976,0.002379886943098595,-0.000829114713276995,-0.0019397286200563395,-0.00019447819511736963,-0.002574365138215965,0.000995465276431928,-0.0037643086097652627,0,1,0,0,0,0,0
2023-08-20 08:00:00,-0.00613125,-0.0016171312500000007,0.0012336658140095968,0.0008635660698067177,0.0018504987210143952,0.0037009974420287904,-0.000753565180193283,-0.0024806973198067185,0.00023336747101439454,-0.003467629971014396,0.0020838661920287898,-0.005318128692028791,1,0,0,0,0,0,0
2023-08-20 09:00:00,-0.00592778,-0.0018396916666666673,0.0014939700091041116,0.001045779006372878,0.0022409550136561675,0.004481910027312335,-0.0007939126602937892,-0.0028854706730395453,0.0004012633469895003,-0.004080646680322835,0.002642218360645668,-0.006321601693979002,1,0,0,0,0,0,0
2023-08-20 10:00:00,-0.0059557,-0.0020548537500000006,0.001694840792940998,0.0011863885550586985,0.002542261189411497,0.005084522378822994,-0.0008684651949413022,-0.003241242305058699,0.00048740743941149637,-0.004597114939411498,0.0030296686288229934,-0.007139376128822995,1,0,0,0,0,0,0
2023-08-20 11:00:00,-0.00590346,-0.002257496666666667,0.001851715132006697,0.0012962005924046878,0.0027775726980100455,0.005555145396020091,-0.0009612960742619793,-0.003553697259071355,0.0005200760313433784,-0.005035069364676712,0.003297648729353424,-0.007812642062686758,1,0,0,0,0,0,0
2023-08-20 12:00:00,-0.00834735,-0.0025183037500000004,0.0022291411397411514,0.001560398797818806,0.003343711709611727,0.006687423419223454,-0.0009579049521811944,-0.004078702547818806,0.0008254079596117267,-0.005862015459611727,0.004169119669223453,-0.009205727169223455,1,0,0,0,0,0,0
2023-08-20 13:00:00,-0.00793999,-0.002762315000000001,0.0024853084672078612,0.0017397159270455028,0.003727962700811792,0.007455925401623584,-0.001022599072954498,-0.0045020309270455035,0.000965647700811791,-0.006490277700811793,0.0046936104016235825,-0.010218240401623585,1,0,0,0,0,0,0
2023-08-20 14:00:00,-0.0074312,-0.0029780933333333343,0.00265793796617637,0.0018605565763234588,0.003986906949264554,0.007973813898529108,-0.0011175367570098755,-0.004838649909656793,0.00100881361593122,-0.0069650002825978885,0.004995720565195774,-0.010951907231862443,1,0,0,0,0,0,0
2023-08-20 15:00:00,-0.00719174,-0.003175533333333334,0.00278996875683427,0.0019529781297839889,0.0041849531352514055,0.008369906270502811,-0.001222555203549345,-0.005128511463117323,0.0010094198019180716,-0.00736048646858474,0.005194372937169477,-0.011545439603836145,0,1,0,0,0,0,0
2023-08-20 16:00:00,-0.00541345,-0.0033991120833333343,0.0027430120316164056,0.0019201084221314839,0.004114518047424609,0.008229036094849217,-0.0014790036612018504,-0.005319220505464818,0.0007154059640912744,-0.007513630130757943,0.004829924011515883,-0.011628148178182552,0,1,0,0,0,0,0
2023-08-20 17:00:00,-0.00627349,-0.0036690270833333338,0.0026912288378919177,0.0018838601865243422,0.0040368432568378765,0.008073686513675753,-0.0017851668968089916,-0.0055528872698576755,0.00036781617350454274,-0.007705870340171211,0.00440465943034242,-0.011742713597009086,0,1,0,0,0,0,0
2023-08-20 18:00:00,-0.00648894,-0.0039040658333333333,0.0026804471193279684,0.0018763129835295776,0.004020670678991953,0.008041341357983905,-0.002027752849803756,-0.005780378816862911,0.00011660484565861927,-0.007924736512325286,0.004137275524650572,-0.011945407191317238,0,1,0,0,0,0,0
2023-08-20 19:00:00,-0.00714102,-0.004157690000000001,0.00268701988848184,0.0018809139219372877,0.00403052983272276,0.00806105966544552,-0.0022767760780627137,-0.006038603921937289,-0.00012716016727724096,-0.008188219832722762,0.0039033696654455193,-0.012218749665445523,0,1,0,0,0,0,0
2023-08-20 20:00:00,-0.00602711,-0.004329082916666667,0.0026687880554771793,0.0018681516388340254,0.004003182083215769,0.008006364166431537,-0.0024609312778326414,-0.006197234555500692,-0.0003259008334508982,-0.008332264999882436,0.0036772812497648704,-0.012335447083098205,0,0,1,0,0,0,0
2023-08-20 21:00:00,-0.00538081,-0.004488420833333334,0.002609569178644446,0.001826698425051112,0.003914353767966669,0.007828707535933338,-0.0026617224082822214,-0.006315119258384446,-0.0005740670653666645,-0.008402774601300003,0.0033402867026000047,-0.012317128369266673,0,0,1,0,0,0,0
2023-08-20 22:00:00,-0.00483535,-0.00464642625,0.0025045901672988654,0.0017532131171092056,0.0037568852509482983,0.007513770501896597,-0.0028932131328907947,-0.006399639367109206,-0.0008895409990517019,-0.008403311500948299,0.0028673442518965964,-0.012160196751896597,0,0,1,0,0,0,0
2023-08-20 23:00:00,-0.00431961,-0.004802697916666667,0.0023514509100574232,0.0016460156370401962,0.003527176365086135,0.00705435273017227,-0.0031566822796264705,-0.006448713553706863,-0.001275521551580532,-0.008329874281752803,0.002251654813505603,-0.011857050646838938,0,0,0,0,1,0,0
2023-08-21 00:00:00,-0.00125051,-0.004838342916666667,0.002287341353420256,0.0016011389473941792,0.003431012030130384,0.006862024060260768,-0.003237203969272488,-0.006439481864060846,-0.0014073308865362828,-0.00826935494679705,0.0020236811435941013,-0.011700366976927435,0,0,0,0,0,0,1
2023-08-21 01:00:00,-0.00174817,-0.0048195337500000004,0.0023117099036464614,0.001618196932552523,0.003467564855469692,0.006935129710939384,-0.0032013368174474777,-0.006437730682552523,-0.0013519688945303086,-0.008287098605469691,0.0021155959609393832,-0.011754663460939384,0,0,0,0,0,1,0
2023-08-21 02:00:00,-0.00139689,-0.004788237083333334,0.002354145327682429,0.0016479017293777004,0.0035312179915236437,0.007062435983047287,-0.0031403353539556336,-0.006436138812711035,-0.0012570190918096903,-0.008319455074856978,0.0022741988997139534,-0.011850673066380622,0,0,0,0,0,1,0
2023-08-21 03:00:00,-0.00131932,-0.004755889166666667,0.0023976833028373427,0.0016783783119861397,0.003596524954256014,0.007193049908512028,-0.003077510854680527,-0.006434267478652806,-0.0011593642124106528,-0.00835241412092268,0.002437160741845361,-0.011948939075178695,0,0,0,0,0,1,0
2023-08-21 04:00:00,0.00101495,-0.004642260833333334,0.0026039485180229032,0.001822763962616032,0.003905922777034355,0.00781184555406871,-0.0028194968707173024,-0.006465024795949366,-0.0007363380562989794,-0.00854818361036769,0.0031695847207353755,-0.012454106387402044,0,0,0,0,0,0,1
2023-08-21 05:00:00,0.00107292,-0.004514205833333334,0.0028071563101892635,0.001965009417132484,0.0042107344652838954,0.008421468930567791,-0.00254919641620085,-0.006479215250465818,-0.0003034713680494386,-0.008724940298617229,0.003907263097234457,-0.012935674763901124,0,0,0,0,0,0,1
2023-08-21 06:00:00,0.0013897,-0.004371723333333334,0.003017628708984156,0.002112340096288909,0.0045264430634762345,0.009052886126952469,-0.002259383237044425,-0.006484063429622243,0.00015471973014290034,-0.008898166396809569,0.004681162793619135,-0.013424609460285803,0,0,0,0,0,0,1
2023-08-21 07:00:00,0.0015967,-0.0042228695833333345,0.00322213615071637,0.002255495305501459,0.004833204226074555,0.00966640845214911,-0.0019673742778318756,-0.0064783648888347934,0.0006103346427412202,-0.00905607380940789,0.005443538868815775,-0.013889278035482445,0,0,0,0,0,0,1
2023-08-21 08:00:00,0.00225941,-0.0038732587500000006,0.003453002969963668,0.0024171020789745677,0.005179504454945502,0.010359008909891004,-0.0014561566710254328,-0.006290360828974568,0.0013062457049455014,-0.009052763204945503,0.006485750159891003,-0.014232267659891005,0,0,0,0,0,0,1
2023-08-21 09:00:00,0.00253097,-0.003520810833333334,0.0036596869564617376,0.002561780869523216,0.005489530434692606,0.010979060869385212,-0.0009590299638101178,-0.00608259170285655,0.001968719601359272,-0.00901034126802594,0.007458250036051878,-0.014499871702718546,0,0,0,0,0,0,1
2023-08-21 10:00:00,0.00209578,-0.0031853325000000005,0.0037933718423385377,0.002655360289636976,0.0056900577635078066,0.011380115527015613,-0.0005299722103630244,-0.005840692789636977,0.002504725263507806,-0.008875390263507806,0.008194783027015613,-0.014565448027015614,0,0,0,0,0,1,0
2023-08-21 11:00:00,0.00172105,-0.002867644583333334,0.0038742436340093375,0.002711970543806536,0.005811365451014006,0.011622730902028013,-0.0001556740395267978,-0.005579615127139869,0.0029437208676806725,-0.00867901003434734,0.008755086318694679,-0.014490375485361346,0,0,0,0,0,1,0
2023-08-21 12:00:00,0.00161373,-0.002452599583333334,0.003794422773162247,0.0026560959412135726,0.0056916341597433705,0.011383268319486741,0.00020349635788023852,-0.005108695524546907,0.0032390345764100365,-0.008144233743076705,0.008930668736153407,-0.013835867902820076,0,0,0,0,0,1,0
2023-08-21 13:00:00,0.00122882,-0.002070565833333334,0.0036776907799100206,0.0025743835459370143,0.005516536169865031,0.011033072339730061,0.0005038177126036802,-0.004644949379270348,0.0034459703365316966,-0.007587102003198365,0.008962506506396727,-0.013103638173063396,0,0,0,0,0,1,0
2023-08-21 14:00:00,0.00115755,-0.0017127012500000006,0.003549005626780105,0.0024843039387460733,0.0053235084401701575,0.010647016880340315,0.0007716026887460727,-0.004197005188746074,0.003610807190170157,-0.007036209690170158,0.008934315630340315,-0.012359718130340315,0,0,0,0,0,1,0
2023-08-21 15:00:00,0.00082569,-0.001378641666666667,0.0033843656318041774,0.002369055942262924,0.005076548447706266,0.010153096895412533,0.000990414275596257,-0.003747697608929591,0.0036979067810395993,-0.006455190114372933,0.008774455228745866,-0.011531738562079199,0,0,0,0,1,0,0
2023-08-21 16:00:00,0.00222462,-0.0010603887500000005,0.0033473765527810124,0.0023431635869467084,0.005021064829171518,0.010042129658343037,0.0012827748369467079,-0.003403552336946709,0.003960676079171518,-0.006081453579171519,0.008981740908343036,-0.011102518408343037,0,0,0,0,0,1,0
2023-08-21 17:00:00,0.00303748,-0.0006724316666666673,0.003255211420140862,0.0022786479940986033,0.0048828171302112925,0.009765634260422585,0.0016062163274319359,-0.0029510796607652707,0.004210385463544625,-0.00555524879687796,0.009093202593755918,-0.010438065927089252,0,0,0,0,0,1,0
2023-08-21 18:00:00,0.00352814,-0.00025505333333333385,0.0031162223015079407,0.0021813556110555584,0.004674333452261911,0.009348666904523822,0.0019263022777222245,-0.0024364089443888923,0.004419280118928577,-0.004929386785595245,0.00909361357119049,-0.009603720237857155,0,0,0,0,0,1,0
2023-08-21 19:00:00,0.00342353,0.00018513624999999946,0.002834679542418857,0.0019842756796932,0.004252019313628286,0.008504038627256572,0.0021694119296931996,-0.0017991394296932005,0.0044371555636282855,-0.004066883063628286,0.00868917487725657,-0.008318902377256573,0,0,0,0,0,1,0
2023-08-21 20:00:00,0.00276094,0.0005513049999999994,0.0025506967393688668,0.0017854877175582065,0.0038260451090533004,0.007652090218106601,0.002336792717558206,-0.0012341827175582072,0.0043773501090533,-0.003274740109053301,0.008203395218106601,-0.0071007852181066014,0,0,0,0,0,1,0
2023-08-21 21:00:00,0.00244076,0.0008772037499999995,0.0022406351063053343,0.0015684445744137338,0.0033609526594580016,0.006721905318916003,0.002445648324413733,-0.0006912408244137343,0.004238156409458001,-0.002483748909458002,0.007599109068916003,-0.005844701568916004,0,0,0,0,1,0,0
2023-08-21 22:00:00,0.00257765,0.0011860787499999995,0.0019046716864009538,0.0013332701804806676,0.002857007529601431,0.005714015059202862,0.002519348930480667,-0.00014719143048066811,0.00404308627960143,-0.0016709287796014313,0.006900093809202861,-0.004527936309202862,0,0,0,0,0,1,0
2023-08-21 23:00:00,0.00255885,0.0014726812499999996,0.001518570778572388,0.0010629995450006716,0.002277856167858582,0.004555712335717164,0.0025356807950006714,0.0004096817049993281,0.003750537417858582,-0.0008051749178585824,0.006028393585717164,-0.0030830310857171642,0,0,0,0,0,1,0
2023-08-22 00:00:00,-0.00101595,0.0014824545833333326,0.001500935046252895,0.0010506545323770264,0.0022514025693793427,0.0045028051387586854,0.0025331091157103592,0.0004318000509563062,0.003733857152712675,-0.0007689479860460101,0.005985259722092018,-0.003020350555425353,1,0,0,0,0,0,0
2023-08-22 01:00:00,-0.00140469,0.0014967662499999993,0.0014701122580026327,0.0010290785806018428,0.0022051683870039493,0.0044103367740078985,0.002525844830601842,0.00046768766939815653,0.0037019346370039483,-0.00070840213700395,0.005907103024007898,-0.0029135705240078994,1,0,0,0,0,0,0
2023-08-22 02:00:00,-0.00064275,0.0015281887499999994,0.0014125043670987622,0.0009887530569691334,0.0021187565506481433,0.0042375131012962865,0.002516941806969133,0.000539435693030866,0.0036469453006481426,-0.0005905678006481439,0.005765701851296286,-0.002709324351296287,1,0,0,0,0,0,0
2023-08-22 03:00:00,8.823e-05,0.001586836666666666,0.0013149888865119973,0.000920492220558398,0.001972483329767996,0.003944966659535992,0.002507328887225064,0.000666344446108268,0.0035593199964346622,-0.00038564666310133004,0.005531803326202658,-0.0023581299928693263,0,1,0,0,0,0,0
2023-08-22 04:00:00,0.00252443,0.001649731666666666,0.001322523787943394,0.0009257666515603758,0.0019837856819150913,0.003967571363830183,0.002575498318227042,0.0007239650151062903,0.0036335173485817574,-0.0003340540152484252,0.005617303030496849,-0.0023178396971635165,0,0,0,0,1,0,0
2023-08-22 05:00:00,0.00290079,0.001725892916666666,0.0013403732979888337,0.0009382613085921835,0.0020105599469832504,0.004021119893966501,0.0026641542252588495,0.0007876316080744826,0.0037364528636499167,-0.00028466703031658426,0.005747012810633167,-0.002295226977299835,0,0,0,0,0,1,0
2023-08-22 06:00:00,0.00277473,0.0017836024999999995,0.0013550054923531826,0.0009485038446472278,0.0020325082385297738,0.0040650164770595475,0.002732106344647227,0.0008350986553527718,0.003816110738529773,-0.00024890573852977423,0.005848618977059547,-0.002281413977059548,0,0,0,0,0,1,0
2023-08-22 07:00:00,0.00290977,0.0018383137499999997,0.0013735133992410797,0.0009614593794687557,0.0020602700988616197,0.0041205401977232395,0.0027997731294687554,0.000876854370531244,0.0038985838488616196,-0.00022195634886162008,0.005958853947723239,-0.0022822264477232396,0,0,0,0,0,1,0
2023-08-22 08:00:00,0.00425053,0.0019212770833333325,0.0014576137969493485,0.0010203296578645438,0.0021864206954240227,0.0043728413908480455,0.0029416067411978763,0.0009009474254687887,0.004107697778757355,-0.0002651436120906902,0.006294118474181378,-0.002451564307514713,0,0,0,0,0,0,1
2023-08-22 09:00:00,0.00317199,0.0019479862499999993,0.0014750403060311656,0.0010325282142218159,0.0022125604590467482,0.0044251209180934965,0.002980514464221815,0.0009154580357781834,0.004160546709046748,-0.00026457420904674894,0.006373107168093496,-0.002477134668093497,0,0,0,0,0,1,0
2023-08-22 10:00:00,0.00419419,0.002035419999999999,0.001544727726680226,0.0010813094086761582,0.0023170915900203393,0.004634183180040679,0.0031167294086761575,0.000954110591323841,0.004352511590020338,-0.00028167159002034014,0.006669603180040678,-0.0025987631800406794,0,0,0,0,0,1,0
2023-08-22 11:00:00,0.00511291,0.0021767474999999994,0.0016651802272122256,0.0011656261590485579,0.0024977703408183387,0.004995540681636677,0.003342373659048557,0.0010111213409514416,0.004674517840818338,-0.00032102284081833923,0.007172288181636677,-0.002818793181636678,0,0,0,0,0,0,1
2023-08-22 12:00:00,0.00435439,0.0022909416666666658,0.001718026548827487,0.001202618584179241,0.0025770398232412305,0.005154079646482461,0.0034935602508459067,0.0010883230824874249,0.004867981489907896,-0.00028609815657456477,0.007445021313149127,-0.0028631379798157953,0,0,0,0,0,1,0
2023-08-22 13:00:00,0.00430005,0.002418909583333333,0.001749565723413673,0.0012246960063895709,0.0026243485851205096,0.005248697170241019,0.0036436055897229036,0.001194213576943762,0.005043258168453843,-0.0002054390017871767,0.007667606753574353,-0.0028297875869076864,0,0,0,0,0,1,0
2023-08-22 14:00:00,0.00428727,0.0025493145833333326,0.0017680025155403598,0.0012376017608782517,0.0026520037733105397,0.0053040075466210795,0.003786916344211584,0.0013117128224550809,0.005201318356643872,-0.00010268918997720713,0.007853322129954411,-0.002754692963287747,0,0,0,0,0,1,0
2023-08-22 15:00:00,0.00448606,0.0027018299999999992,0.0017707281090608114,0.0012395096763425679,0.002656092163591217,0.005312184327182434,0.003941339676342567,0.0014623203236574314,0.005357922163591216,4.57378364087822e-05,0.008014014327182434,-0.002610354327182435,0,0,0,0,0,1,0
2023-08-22 16:00:00,0.00371957,0.0027641195833333332,0.0017794838082006604,0.0012456386657404622,0.0026692257123009907,0.005338451424601981,0.004009758249073795,0.001518480917592871,0.0054333452956343235,9.489387103234258e-05,0.008102571007935315,-0.002574331841268648,0,0,0,0,1,0,0
2023-08-22 17:00:00,0.00391558,0.002800707083333333,0.0017943140633668755,0.0012560198443568127,0.002691471095050313,0.005382942190100626,0.004056726927690145,0.00154468723897652,0.005492178178383646,0.00010923598828301972,0.008183649273433959,-0.0025822351067672934,0,0,0,0,1,0,0
2023-08-22 18:00:00,0.00409098,0.0028241587499999994,0.0018078619855109422,0.0012655033898576595,0.0027117929782664134,0.005423585956532827,0.004089662139857659,0.00155865536014234,0.005535951728266413,0.00011236577173358601,0.008247744706532827,-0.0025994272065328274,0,0,0,0,0,1,0
2023-08-22 19:00:00,0.00430053,0.002860700416666666,0.0018292404360935226,0.0012804683052654658,0.002743860654140284,0.005487721308280568,0.004141168721932132,0.0015802321114012,0.00560456107080695,0.00011683976252638197,0.008348421724947234,-0.002627020891613902,0,0,0,0,0,1,0
2023-08-22 20:00:00,0.00479051,0.0029452658333333323,0.0018708676740137194,0.0013096073718096035,0.002806301511020579,0.005612603022041158,0.004254873205142936,0.0016356584615237289,0.005751567344353911,0.0001389643223127534,0.00855786885537449,-0.0026673371887078255,0,0,0,0,0,1,0
2023-08-22 21:00:00,0.00434985,0.003024811249999999,0.0018889820794633836,0.0013222874556243684,0.0028334731191950752,0.0056669462383901505,0.004347098705624368,0.0017025237943756307,0.005858284369195074,0.00019133813080492385,0.008691757488390149,-0.0026421349883901514,0,0,0,0,0,1,0
2023-08-22 22:00:00,0.00375097,0.0030736995833333326,0.0018920866960984227,0.0013244606872688958,0.002838130044147634,0.005676260088295268,0.004398160270602228,0.0017492388960644368,0.005911829627480967,0.00023556953918569884,0.0087499596716286,-0.002602560504961935,0,0,0,0,1,0,0
2023-08-22 23:00:00,0.003771,0.0031242058333333326,0.0018939233965317493,0.0013257463775722244,0.002840885094797624,0.005681770189595248,0.004449952210905557,0.0017984594557611082,0.005965090928130957,0.0002833207385357084,0.008805976022928581,-0.002557564356261916,0,0,0,0,1,0,0
2023-08-23 00:00:00,0.00340768,0.003308523749999999,0.001676225925775663,0.0011733581480429642,0.002514338888663495,0.00502867777732699,0.004481881898042963,0.002135165601957035,0.0058228626386634934,0.0007941848613365042,0.008337201527326988,-0.0017201540273269907,0,0,0,0,1,0,0
2023-08-23 01:00:00,0.00245512,0.003469349166666666,0.0013596199229675646,0.0009517339460772951,0.002039429884451347,0.004078859768902694,0.004421083112743961,0.002517615220589371,0.005508779051118013,0.0014299192822153192,0.0075482089355693605,-0.0006095106022360277,0,1,0,0,0,0,0
2023-08-23 02:00:00,0.00117284,0.003544998749999999,0.0011561606604258642,0.0008093124622981049,0.0017342409906387964,0.003468481981277593,0.004354311212298104,0.0027356862877018938,0.005279239740638795,0.0018107577593612025,0.007013480731277591,7.651676872240604e-05,1,0,0,0,0,0,0
2023-08-23 03:00:00,-0.00019107,0.003533361249999999,0.0011932779302422918,0.0008352945511696042,0.0017899168953634378,0.0035798337907268756,0.004368655801169604,0.002698066698830395,0.005323278145363437,0.0017434443546365612,0.007113195040726874,-4.647254072687656e-05,1,0,0,0,0,0,0
2023-08-23 04:00:00,0.00088632,0.003465106666666666,0.0012959310507180194,0.0009071517355026135,0.001943896576077029,0.003887793152154058,0.004372258402169279,0.0025579549311640524,0.005409003242743695,0.0015212100905896368,0.007352899818820724,-0.0004226864854873923,1,0,0,0,0,0,0
2023-08-23 05:00:00,0.00136574,0.003401146249999999,0.0013612296597622251,0.0009528607618335575,0.0020418444896433377,0.0040836889792866754,0.004354007011833557,0.0024482854881664414,0.005442990739643336,0.0013593017603566611,0.007484835229286674,-0.0006825427292866766,0,1,0,0,0,0,0
2023-08-23 06:00:00,0.00194438,0.003366548333333333,0.0013881298727134528,0.0009716909108994169,0.0020821948090701792,0.0041643896181403585,0.00433823924423275,0.002394857422433916,0.005448743142403512,0.001284353524263154,0.007530937951473691,-0.0007978412848070253,0,1,0,0,0,0,0
2023-08-23 07:00:00,0.00229185,0.003340801666666666,0.0014026252588031174,0.0009818376811621822,0.002103937888204676,0.004207875776409352,0.004322639347828848,0.002358963985504484,0.005444739554871342,0.0012368637784619897,0.007548677443076019,-0.0008670741097426865,0,1,0,0,0,0,0
2023-08-23 08:00:00,0.00540479,0.0033888958333333323,0.0014540222205316874,0.0010178155543721812,0.002181033330797531,0.004362066661595062,0.004406711387705513,0.0023710802789611513,0.005569929164130863,0.0012078625025358013,0.007750962494928394,-0.0009731708282617298,0,0,0,0,0,1,0
2023-08-23 09:00:00,0.00574041,0.0034959133333333325,0.001529902796820587,0.0010709319577744108,0.0022948541952308808,0.0045897083904617615,0.004566845291107744,0.0024249813755589217,0.005790767528564214,0.0012010591381024518,0.008085621723795094,-0.001093795057128429,0,0,0,0,0,1,0
2023-08-23 10:00:00,0.00614195,0.0035770699999999995,0.0016176970357325868,0.0011323879250128106,0.0024265455535988803,0.0048530911071977606,0.00470945792501281,0.002444682074987189,0.00600361555359888,0.0011505244464011192,0.00843016110719776,-0.001276021107197761,0,0,0,0,0,0,1
2023-08-23 11:00:00,0.00590424,0.0036100420833333324,0.001657926009142666,0.0011605482063998661,0.0024868890137139986,0.004973778027427997,0.004770590289733198,0.0024494938769334665,0.006096931097047331,0.0011231530696193337,0.00858382011076133,-0.001363735944094665,0,0,0,0,0,1,0
2023-08-23 12:00:00,0.00506305,0.003639569583333332,0.0016779488282852664,0.0011745641797996863,0.0025169232424278997,0.005033846484855799,0.0048141337631330185,0.002465005403533646,0.0061564928257612315,0.0011226463409054325,0.008673416068189131,-0.0013942769015224672,0,0,0,0,0,1,0
2023-08-23 13:00:00,0.0049593,0.0036670383333333324,0.0016945453082111168,0.0011861817157477817,0.002541817962316675,0.00508363592463335,0.004853220049081114,0.0024808566175855504,0.0062088562956500075,0.0011252203710166572,0.008750674257966683,-0.001416597591300018,0,0,0,0,0,1,0
2023-08-23 14:00:00,0.005119,0.00370169375,0.001716148479030071,0.0012013039353210497,0.0025742227185451064,0.005148445437090213,0.004902997685321049,0.00250038981467895,0.006275916468545107,0.0011274710314548935,0.008850139187090213,-0.0014467516870902129,0,0,0,0,0,1,0
2023-08-23 15:00:00,0.0053446,0.0037374662499999995,0.0017419630013763723,0.0012193741009634605,0.0026129445020645586,0.005225889004129117,0.00495684035096346,0.0025180921490365387,0.006350410752064558,0.0011245217479354409,0.008963355254129116,-0.0014884227541291178,0,0,0,0,0,1,0
2023-08-23 16:00:00,0.00586826,0.0038269949999999993,0.0017953999125447796,0.0012567799387813456,0.0026930998688171693,0.0053861997376343385,0.005083774938781345,0.0025702150612186537,0.006520094868817168,0.00113389513118283,0.009213194737634338,-0.0015592047376343393,0,0,0,0,0,1,0
2023-08-23 17:00:00,0.0056683,0.0039000249999999992,0.0018343836201653713,0.0012840685341157598,0.002751575430248057,0.005503150860496114,0.005184093534115759,0.002615956465884239,0.0066516004302480565,0.0011484495697519424,0.009403175860496113,-0.0016031258604961144,0,0,0,0,0,1,0
2023-08-23 18:00:00,0.00569322,0.003966785,0.001870436755203972,0.0013093057286427802,0.002805655132805958,0.005611310265611916,0.0052760907286427796,0.0026574792713572196,0.0067724401328059574,0.0011611298671940417,0.009578095265611916,-0.0016445252656119161,0,0,0,0,0,1,0
2023-08-23 19:00:00,0.00453231,0.003976442499999999,0.0018728317138733265,0.0013109821997113285,0.0028092475708099895,0.005618495141619979,0.005287424699711328,0.0026654603002886704,0.0067856900708099886,0.0011671949291900095,0.009594937641619977,-0.00164205264161998,0,0,0,0,1,0,0
2023-08-23 20:00:00,0.00429419,0.0039557624999999996,0.0018661802668979406,0.0013063261868285583,0.002799270400346911,0.005598540800693822,0.005262088686828557,0.0026494363131714413,0.006755032900346911,0.0011564920996530886,0.00955430330069382,-0.0016427783006938224,0,0,0,0,1,0,0
2023-08-23 21:00:00,0.00386676,0.00393563375,0.0018643492235184177,0.0013050444564628922,0.0027965238352776266,0.005593047670555253,0.005240678206462892,0.0026305892935371074,0.006732157585277626,0.001139109914722373,0.009528681420555253,-0.0016574139205552535,0,0,1,0,0,0,0
2023-08-23 22:00:00,0.00369596,0.003933341666666665,0.001864619920995051,0.0013052339446965357,0.0027969298814925765,0.005593859762985153,0.005238575611363201,0.0026281077219701297,0.006730271548159241,0.0011364117851740889,0.009527201429651818,-0.0016605180963184876,0,0,1,0,0,0,0
2023-08-23 23:00:00,0.00403916,0.003944514999999999,0.0018644082614880577,0.0013050857830416403,0.0027966123922320866,0.005593224784464173,0.0052496007830416394,0.002639429216958359,0.006741127392232086,0.0011479026077679125,0.009537739784464172,-0.0016487097844641741,0,0,0,0,1,0,0
2023-08-24 00:00:00,0.00607015,0.00405545125,0.0019097369008990363,0.0013368158306293254,0.0028646053513485545,0.005729210702697109,0.005392267080629325,0.002718635419370674,0.006920056601348554,0.0011908458986514452,0.009784661952697109,-0.0016737594526971093,0,0,0,0,0,1,0
2023-08-24 01:00:00,0.00574254,0.004192427083333333,0.0019078567186164522,0.0013354997030315164,0.0028617850779246784,0.005723570155849357,0.005527926786364849,0.0028569273803018165,0.007054212161258011,0.0013306420054086544,0.00991599723918269,-0.001531143072516024,0,0,0,0,0,1,0
2023-08-24 02:00:00,0.00534501,0.0043662675,0.0018082341422848008,0.0012657638995993605,0.0027123512134272013,0.0054247024268544025,0.0056320313995993606,0.003100503600400639,0.007078618713427201,0.0016539162865727985,0.009790969926854402,-0.0010584349268544027,0,0,0,0,1,0,0
2023-08-24 03:00:00,0.00526173,0.004593467499999999,0.0015322191670688384,0.0010725534169481869,0.0022983287506032576,0.004596657501206515,0.0056660209169481866,0.0035209140830518124,0.006891796250603257,0.0022951387493967417,0.009190125001206514,-3.1900012065159272e-06,0,0,0,0,1,0,0
2023-08-24 04:00:00,0.00450816,0.004744377499999999,0.0013140505111537935,0.0009198353578076554,0.0019710757667306903,0.003942151533461381,0.005664212857807655,0.0038245421421923436,0.006715453266730689,0.0027733017332693087,0.00868652903346138,0.0008022259665386184,0,0,1,0,0,0,0
2023-08-24 05:00:00,0.00466921,0.004882022083333333,0.0011004053640404543,0.000770283754828318,0.0016506080460606813,0.0033012160921213627,0.005652305838161651,0.004111738328505015,0.006532630129394014,0.0032314140372726517,0.008183238175454695,0.0015808059912119704,0,0,1,0,0,0,0
2023-08-24 06:00:00,0.00455718,0.004990888749999999,0.0009098936809003171,0.000636925576630222,0.0013648405213504756,0.002729681042700951,0.005627814326630221,0.0043539631733697775,0.006355729271350475,0.0036260482286495236,0.00772056979270095,0.002261207707299048,0,0,1,0,0,0,0
2023-08-24 07:00:00,0.00429779,0.005074469583333333,0.0007244118246492086,0.000507088277254446,0.001086617736973813,0.002173235473947626,0.005581557860587779,0.004567381306078887,0.006161087320307146,0.0039878518463595195,0.007247705057280959,0.002901234109385707,0,1,0,0,0,0,0
2023-08-24 08:00:00,-0.00234999,0.004751353749999999,0.0016756253035777944,0.001172937712504456,0.0025134379553666914,0.005026875910733383,0.005924291462504456,0.003578416037495543,0.007264791705366691,0.002237915794633308,0.009778229660733382,-0.00027552216073338347,1,0,0,0,0,0,0
2023-08-24 09:00:00,0.00111051,0.00455844125,0.0018173309262460135,0.0012721316483722094,0.00272599638936902,0.00545199277873804,0.005830572898372209,0.0032863096016277904,0.00728443763936902,0.0018324448606309796,0.01001043402873804,-0.0008935515287380406,1,0,0,0,0,0,0
2023-08-24 10:00:00,0.00277165,0.004418012083333333,0.0018198631528294753,0.0012739042069806327,0.002729794729244213,0.005459589458488426,0.0056919162903139656,0.0031441078763527006,0.0071478068125775465,0.00168821735408912,0.009877601541821759,-0.0010415773751550929,0,1,0,0,0,0,0
2023-08-24 11:00:00,0.00300023,0.004297011666666666,0.0018132793950182207,0.0012692955765127543,0.002719919092527331,0.005439838185054662,0.0055663072431794205,0.003027716090153912,0.007016930759193997,0.001577092574139335,0.009736849851721328,-0.0011428265183879962,0,1,0,0,0,0,0
2023-08-24 12:00:00,0.00078477,0.00411875,0.0019405284270775866,0.0013583698989543106,0.00291079264061638,0.00582158528123276,0.005477119898954311,0.0027603801010456894,0.00702954264061638,0.00120795735938362,0.00994033528123276,-0.00170283528123276,1,0,0,0,0,0,0
2023-08-24 13:00:00,0.00105234,0.00395596,0.0020288173383184215,0.001420172136822895,0.0030432260074776322,0.0060864520149552645,0.005376132136822895,0.0025357878631771047,0.006999186007477632,0.0009127339925223675,0.010042412014955263,-0.0021304920149552648,0,1,0,0,0,0,0
2023-08-24 14:00:00,0.00123789,0.0037942470833333326,0.0020859562720760595,0.0014601693904532417,0.0031289344081140893,0.0062578688162281786,0.005254416473786574,0.002334077692880091,0.006923181491447421,0.0006653126752192433,0.01005211589956151,-0.002463621732894846,0,1,0,0,0,0,0
2023-08-24 15:00:00,0.00126361,0.003624205833333333,0.0021201364325233703,0.001484095502766359,0.0031802046487850555,0.006360409297570111,0.005108301336099692,0.0021401103305669737,0.006804410482118389,0.00044400118454827756,0.009984615130903443,-0.002736203464236778,0,1,0,0,0,0,0
2023-08-24 16:00:00,0.00625045,0.003640130416666666,0.002139075363342055,0.0014973527543394385,0.0032086130450130826,0.006417226090026165,0.005137483171006105,0.0021427776623272276,0.006848743461679749,0.00043151737165358353,0.010057356506692832,-0.002777095673359499,0,0,0,0,0,1,0
2023-08-24 17:00:00,0.00625199,0.0036644508333333325,0.0021662825448178465,0.0015163977813724924,0.0032494238172267697,0.0064988476344535395,0.0051808486147058245,0.00214805305196084,0.006913874650560103,0.0004150270161065628,0.010163298467786873,-0.002834396801120207,0,0,0,0,0,1,0
2023-08-24 18:00:00,0.006116,0.003682066666666666,0.0021851343888086663,0.0015295940721660663,0.0032777015832129996,0.006555403166425999,0.005211660738832733,0.0021524725945005997,0.006959768249879665,0.00040436508345366657,0.010237469833092665,-0.002873336499759333,0,0,0,0,0,1,0
2023-08-24 19:00:00,0.00596009,0.0037415574999999997,0.0022282984305037282,0.0015598089013526097,0.0033424476457555924,0.006684895291511185,0.005301366401352609,0.00218174859864739,0.0070840051457555925,0.00039910985424440734,0.010426452791511184,-0.002943337791511185,0,0,0,0,0,1,0
2023-08-24 20:00:00,0.00847475,0.0039157474999999995,0.00242784316886107,0.001699490218202749,0.003641764753291605,0.00728352950658321,0.0056152377182027485,0.0022162572817972506,0.0075575122532916044,0.00027398274670839464,0.01119927700658321,-0.0033677820065832103,0,0,0,0,0,0,1
2023-08-24 21:00:00,0.00820117,0.004096347916666666,0.002580456366663183,0.001806319456664228,0.0038706845499947747,0.007741369099989549,0.005902667373330894,0.0022900284600024384,0.007967032466661441,0.0002256633666718917,0.011837717016656216,-0.003645021183322883,0,0,0,0,0,0,1
2023-08-24 22:00:00,0.0078831,0.004270812083333333,0.002691371408552576,0.001883959985986803,0.0040370571128288645,0.008074114225657729,0.006154772069320136,0.00238685209734653,0.008307869196162197,0.00023375497050446854,0.012344926308991061,-0.003803302142324396,0,0,0,0,0,1,0
2023-08-24 23:00:00,0.00756099,0.004417554999999999,0.0027729661232914963,0.0019410762863040472,0.004159449184937244,0.008318898369874489,0.0063586312863040464,0.002476478713695952,0.008577004184937244,0.00025810581506275493,0.012736453369874487,-0.0039013433698744894,0,0,0,0,0,1,0
2023-08-25 00:00:00,0.00168761,0.004234949166666666,0.0028035388962290835,0.001962477227360358,0.004205308344343625,0.00841061668868725,0.0061974263940270235,0.0022724719393063075,0.008440257511010291,2.964082232304044e-05,0.012645565855353917,-0.004175667522020585,0,1,0,0,0,0,0
2023-08-25 01:00:00,0.00168219,0.004065767916666667,0.00283098471142347,0.0019816892979964288,0.004246477067135205,0.00849295413427041,0.0060474572146630955,0.002084078618670238,0.008312244983801871,-0.00018070915046853805,0.012558722050937075,-0.004427186217603743,0,1,0,0,0,0,0
2023-08-25 02:00:00,0.00188991,0.003921805416666666,0.002850883955724801,0.0019956187690073606,0.0042763259335872016,0.008552651867174403,0.005917424185674027,0.0019261866476593054,0.008198131350253868,-0.00035452051692053555,0.01247445728384107,-0.004630846450507737,0,1,0,0,0,0,0
2023-08-25 03:00:00,0.00189318,0.0037814491666666662,0.002864934407879531,0.0020054540855156716,0.004297401611819296,0.008594803223638592,0.005786903252182338,0.0017759950811509946,0.008078850778485962,-0.0005159524451526297,0.012376252390305258,-0.004813354056971926,0,0,1,0,0,0,0
2023-08-25 04:00:00,-2.895e-05,0.0035924029166666664,0.00296291454818239,0.002074040183727673,0.004444371822273585,0.00888874364454717,0.005666443100394339,0.0015183627329389934,0.008036774738940251,-0.0008519689056069187,0.012481146561213836,-0.005296340727880504,0,1,0,0,0,0,0
2023-08-25 05:00:00,0.00027417,0.0034092762499999996,0.00302856076756785,0.002119992537297495,0.0045428411513517754,0.009085682302703551,0.005529268787297495,0.0012892837127025047,0.007952117401351775,-0.0011335649013517759,0.01249495855270355,-0.005676406052703552,0,1,0,0,0,0,0
2023-08-25 06:00:00,0.0003092,0.0032322770833333333,0.003082214394837571,0.0021575500763862995,0.0046233215922563565,0.009246643184512713,0.005389827159719633,0.0010747270069470338,0.00785559867558969,-0.0013910445089230232,0.012478920267846047,-0.006014366101179379,0,1,0,0,0,0,0
2023-08-25 07:00:00,0.00020913,0.0030619162499999995,0.0031333313375437656,0.0021933319362806357,0.0046999970063156486,0.009399994012631297,0.005255248186280636,0.0008685843137193638,0.007761913256315648,-0.001638080756315649,0.012461910262631297,-0.006338077762631298,0,1,0,0,0,0,0
2023-08-25 08:00:00,0.00360858,0.0033101899999999997,0.002914277870934414,0.0020399945096540896,0.00437141680640162,0.00874283361280324,0.005350184509654089,0.0012701954903459101,0.00768160680640162,-0.0010612268064016206,0.01205302361280324,-0.005432643612803241,0,0,0,0,1,0,0
2023-08-25 09:00:00,0.00390374,0.003426574583333333,0.0028781634942971505,0.002014714446008005,0.004317245241445725,0.00863449048289145,0.005441289029341339,0.0014118601373253278,0.007743819824779058,-0.0008906706581123924,0.012061065066224784,-0.005207915899558118,0,0,0,0,1,0,0
2023-08-25 10:00:00,0.0041337,0.003483326666666666,0.0028781166718634915,0.002014681670304444,0.004317175007795237,0.008634350015590474,0.005498008336971109,0.0014686449963622222,0.007800501674461903,-0.000833848341128571,0.01211767668225714,-0.005151023348923808,0,0,0,0,1,0,0
2023-08-25 11:00:00,0.00430737,0.003537790833333333,0.002880943768996823,0.002016660638297776,0.004321415653495235,0.00864283130699047,0.005554451471631109,0.001521130195035557,0.007859206486828568,-0.0007836248201619016,0.012180622140323803,-0.005105040473657136,0,0,0,0,1,0,0
2023-08-25 12:00:00,0.0060525,0.003757279583333333,0.0028626886268886802,0.002003882038822076,0.00429403294033302,0.00858806588066604,0.0057611616221554095,0.0017533975445112571,0.008051312523666353,-0.0005367533569996872,0.012345345463999374,-0.004830786297332707,0,0,0,0,0,1,0
2023-08-25 13:00:00,0.00607163,0.003966416666666666,0.002839737296825233,0.001987816107777663,0.0042596059452378494,0.008519211890475699,0.005954232774444328,0.001978600558889003,0.008226022611904516,-0.0002931892785711836,0.012485628557142366,-0.004552795223809033,0,0,0,0,0,1,0
2023-08-25 14:00:00,0.00649192,0.004185334583333333,0.0028227152365948496,0.0019759006656163945,0.004234072854892274,0.008468145709784549,0.006161235248949727,0.0022094339177169383,0.008419407438225607,-4.873827155894156e-05,0.012653480293117882,-0.004282811126451216,0,0,0,0,0,1,0
2023-08-25 15:00:00,0.00683933,0.00441765625,0.002801160059583814,0.0019608120417086696,0.004201740089375721,0.008403480178751442,0.006378468291708669,0.00245684420829133,0.00861939633937572,0.00021591616062427866,0.012821136428751441,-0.003985823928751442,0,0,0,0,0,1,0
2023-08-25 16:00:00,0.00705229,0.00445106625,0.0028286178774199543,0.001980032514193968,0.004242926816129931,0.008485853632259862,0.006431098764193968,0.002471033735806032,0.008693993066129932,0.00020813943387006876,0.012936919882259862,-0.004034787382259862,0,0,0,0,0,1,0
2023-08-25 17:00:00,0.00688845,0.004477585416666666,0.00284914521141073,0.001994401647987511,0.004273717817116095,0.00854743563423219,0.006471987064654176,0.0024831837686791545,0.00875130323378276,0.00020386759955057059,0.013025021050898856,-0.0040698502175655245,0,0,0,0,0,1,0
2023-08-25 18:00:00,0.00680911,0.004506464999999999,0.0028699116925439577,0.00200893818478077,0.004304867538815937,0.008609735077631873,0.00651540318478077,0.0024975268152192293,0.008811332538815936,0.0002015974611840627,0.013116200077631873,-0.004103270077631874,0,0,0,0,0,1,0
2023-08-25 19:00:00,0.00682783,0.004542620833333333,0.002894382698989284,0.002026067889292499,0.004341574048483926,0.008683148096967852,0.006568688722625832,0.002516552944040834,0.00888419488181726,0.00020104678484940668,0.013225768930301186,-0.004140527263634519,0,0,0,0,0,1,0
2023-08-25 20:00:00,0.00687267,0.004475867499999999,0.0028171981374057985,0.001972038696184059,0.004225797206108698,0.008451594412217395,0.006447906196184058,0.0025038288038159405,0.008701664706108697,0.0002500702938913017,0.012927461912217395,-0.003975726912217396,0,0,0,0,0,1,0
2023-08-25 21:00:00,0.00653453,0.0044064241666666665,0.002740885278118824,0.0019186196946831767,0.004111327917178236,0.008222655834356472,0.006325043861349843,0.0024878044719834898,0.008517752083844903,0.0002950962494884307,0.012629080001023137,-0.003816231667689805,0,0,0,0,0,1,0
2023-08-25 22:00:00,0.00578658,0.004319069166666666,0.0026573999408476714,0.0018601799585933698,0.003986099911271507,0.007972199822543014,0.006179249125260035,0.002458889208073296,0.008305169077938173,0.0003329692553951588,0.01229126898920968,-0.003653130655876348,0,0,0,0,1,0,0
2023-08-25 23:00:00,0.00478261,0.0042033033333333325,0.0025690802802605718,0.0017983561961824,0.003853620420390858,0.007707240840781716,0.006001659529515733,0.0024049471371509323,0.008056923753724191,0.0003496829129424747,0.011910544174115047,-0.003503937507448383,0,0,0,0,1,0,0
2023-08-26 00:00:00,0.00336508,0.0042731979166666665,0.0025200125045428913,0.0017640087531800238,0.003780018756814337,0.007560037513628674,0.00603720666984669,0.002509189163486643,0.008053216673481004,0.0004931791598523296,0.01183323543029534,-0.0032868395969620073,0,0,1,0,0,0,0
2023-08-26 01:00:00,0.00377914,0.004360570833333333,0.002461955780457936,0.0017233690463205552,0.0036929336706869043,0.0073858673413738085,0.006083939879653888,0.002637201787012778,0.008053504504020238,0.0006676371626464289,0.011746438174707143,-0.0030252965080404754,0,0,1,0,0,0,0
2023-08-26 02:00:00,0.00395986,0.0044468187499999996,0.0024072903713590575,0.0016851032599513403,0.0036109355570385863,0.0072218711140771726,0.00613192200995134,0.0027617154900486593,0.008057754307038586,0.0008358831929614133,0.011668689864077172,-0.002775052364077173,0,0,1,0,0,0,0
2023-08-26 03:00:00,0.00448621,0.004554861666666666,0.0023450818259363043,0.0016415572781554129,0.0035176227389044565,0.007035245477808913,0.006196418944822079,0.002913304388511253,0.008072484405571123,0.0010372389277622093,0.01159010714447558,-0.002480383811142247,0,0,1,0,0,0,0
2023-08-26 04:00:00,0.00351256,0.004702424583333332,0.0021471808569013934,0.0015030265998309752,0.00322077128535209,0.00644154257070418,0.006205451183164307,0.0031993979835023573,0.007923195868685423,0.0014816532979812424,0.011143967154037513,-0.0017391179873708475,0,0,1,0,0,0,0
2023-08-26 05:00:00,0.00366357,0.004843649583333332,0.001945228071093433,0.001361659649765403,0.0029178421066401493,0.005835684213280299,0.006205309233098736,0.003481989933567929,0.007761491689973482,0.001925807476693183,0.010679333796613632,-0.0009920346299469663,0,0,1,0,0,0,0
2023-08-26 06:00:00,0.00402295,0.004998389166666666,0.0017012480376859193,0.0011908736263801433,0.002551872056528879,0.005103744113057758,0.00618926279304681,0.003807515540286523,0.007550261223195545,0.0024465171101377874,0.010102133279724423,-0.00010535494639109157,0,0,1,0,0,0,0
2023-08-26 07:00:00,0.00418391,0.005164004999999999,0.0013773907092636004,0.0009641734964845202,0.0020660860638954007,0.004132172127790801,0.00612817849648452,0.004199831503515479,0.0072300910638954,0.0030979189361045986,0.009296177127790801,0.001031832872209198,0,1,0,0,0,0,0
2023-08-26 08:00:00,0.0035117,0.005159968333333332,0.0013822806080712202,0.000967596425649854,0.0020734209121068305,0.004146841824213661,0.0061275647589831865,0.004192371907683478,0.007233389245440163,0.003086547421226502,0.009306810157546993,0.0010131265091196714,0,1,0,0,0,0,0
2023-08-26 09:00:00,0.00155524,0.005062114166666666,0.0015482421848607405,0.0010837695294025182,0.0023223632772911107,0.004644726554582221,0.0061458836960691845,0.003978344637264148,0.007384477443957777,0.0027397508893755554,0.009706840721248888,0.00041738761208444473,1,0,0,0,0,0,0
2023-08-26 10:00:00,0.00132003,0.0049448779166666665,0.0017187408911961885,0.0012031186238373318,0.0025781113367942827,0.005156222673588565,0.0061479965405039985,0.0037417592928293344,0.007522989253460949,0.002366766579872384,0.010101100590255232,-0.00021134475692189889,1,0,0,0,0,0,0
2023-08-26 11:00:00,0.001515,0.0048285291666666655,0.001853039491296426,0.0012971276439074982,0.002779559236944639,0.005559118473889278,0.0061256568105741635,0.0035314015227591675,0.007608088403611305,0.0020489699297220267,0.010387647640555943,-0.0007305893072226122,1,0,0,0,0,0,0
2023-08-26 12:00:00,0.0039907,0.004742620833333332,0.0018415860426249655,0.0012891102298374759,0.0027623790639374484,0.005524758127874897,0.006031731063170808,0.0034535106034958565,0.00750499989727078,0.001980241769395884,0.010267378961208228,-0.0007821372945415643,0,0,1,0,0,0,0
2023-08-26 13:00:00,0.00480389,0.0046897983333333325,0.00181986172258445,0.001273903205809115,0.0027297925838766753,0.005459585167753351,0.005963701539142448,0.0034158951275242173,0.007419590917210008,0.0019600057494566572,0.010149383501086684,-0.0007697868344200181,0,0,0,0,1,0,0
2023-08-26 14:00:00,0.0053303,0.004641397499999999,0.0017849613363497688,0.001249472935444838,0.002677442004524653,0.005354884009049306,0.005890870435444838,0.003391924564555161,0.007318839504524652,0.001963955495475346,0.009996281509049305,-0.0007134865090493072,0,0,0,0,1,0,0
2023-08-26 15:00:00,0.00551877,0.004586374166666666,0.001733884981619815,0.0012137194871338704,0.0026008274724297225,0.005201654944859445,0.005800093653800537,0.003372654679532796,0.007187201639096389,0.001985546694236944,0.009788029111526111,-0.0006152807781927786,0,0,0,0,1,0,0
2023-08-26 16:00:00,0.00715587,0.004590689999999999,0.0017404064353479373,0.001218284504743556,0.002610609653021906,0.005221219306043812,0.005808974504743555,0.003372405495256443,0.007201299653021905,0.001980080346978093,0.00981190930604381,-0.000630529306043813,0,0,0,0,0,1,0
2023-08-26 17:00:00,0.00716329,0.004602141666666666,0.0017570077979949337,0.0012299054585964535,0.0026355116969924005,0.005271023393984801,0.005832047125263119,0.0033722362080702128,0.0072376533636590665,0.0019666299696742655,0.009873165060651466,-0.000668881727318135,0,0,0,0,0,1,0
2023-08-26 18:00:00,0.00716601,0.004617012499999999,0.0017778854251837902,0.0012445197976286532,0.0026668281377756854,0.005333656275551371,0.005861532297628652,0.003372492702371346,0.0072838406377756845,0.0019501843622243137,0.009950668775551369,-0.0007166437755513717,0,0,0,0,0,1,0
2023-08-26 19:00:00,0.00722493,0.0046335583333333335,0.0018010517552245996,0.0012607362286572196,0.0027015776328368993,0.005403155265673799,0.005894294561990553,0.003372822104676114,0.007335135966170233,0.001931980700496434,0.010036713599007131,-0.0007695969323404652,0,0,0,0,0,1,0
2023-08-26 20:00:00,0.00724635,0.004649128333333333,0.001822735066428721,0.0012759145465001047,0.0027341025996430817,0.005468205199286163,0.005925042879833437,0.0033732137868332283,0.007383230932976414,0.0019150257336902512,0.010117333532619496,-0.0008190768659528305,0,0,0,0,0,1,0
2023-08-26 21:00:00,0.0072025,0.004676960416666666,0.001857543120708542,0.0013002801844959793,0.002786314681062813,0.005572629362125626,0.005977240601162646,0.003376680232170687,0.007463275097729479,0.0018906457356038533,0.010249589778792293,-0.0008956689454589599,0,0,0,0,0,1,0
2023-08-26 22:00:00,0.00726005,0.004738354999999999,0.0019191411274296127,0.0013433987892007288,0.002878711691144419,0.005757423382288838,0.006081753789200728,0.0033949562107992697,0.007617066691144418,0.0018596433088555798,0.010495778382288837,-0.0010190683822888392,0,0,0,0,0,1,0
2023-08-26 23:00:00,0.00726052,0.00484160125,0.0019870765527328334,0.0013909535869129834,0.00298061482909925,0.0059612296581985,0.006232554836912983,0.0034506476630870165,0.00782221607909925,0.0018609864209007498,0.0108028309081985,-0.0011196284081985003,0,0,0,0,0,1,0
2023-08-27 00:00:00,0.00538946,0.004925950416666666,0.0019645130345811996,0.0013751591242068396,0.0029467695518717993,0.0058935391037435985,0.006301109540873505,0.003550791292459826,0.007872719968538465,0.0019791808647948664,0.010819489520410265,-0.0009675886870769328,0,0,0,0,1,0,0
2023-08-27 01:00:00,0.00493829,0.004974248333333333,0.0019492825575774908,0.0013644977903042434,0.002923923836366236,0.005847847672732472,0.006338746123637576,0.0036097505430290897,0.007898172169699569,0.002050324496967097,0.010822096006065804,-0.0008735993393991391,0,0,1,0,0,0,0
2023-08-27 02:00:00,0.00506404,0.005020255833333333,0.0019372934453105524,0.0013561054117173866,0.002905940167965829,0.005811880335931658,0.00637636124505072,0.0036641504216159467,0.007926196001299162,0.0021143156653675044,0.01083213616926499,-0.0007916245025983244,0,0,0,0,1,0,0
2023-08-27 03:00:00,0.00517183,0.005048823333333333,0.0019341284844594932,0.001353889939121645,0.0029011927266892395,0.005802385453378479,0.006402713272454978,0.003694933394211688,0.007950016060022573,0.0021476306066440937,0.010851208786711811,-0.0007535621200451459,0,0,0,0,1,0,0
2023-08-27 04:00:00,0.0053704,0.005126233333333333,0.0019069564870431183,0.0013348695409301828,0.0028604347305646776,0.005720869461129355,0.006461102874263516,0.0037913637924031503,0.00798666806389801,0.0022657986027686556,0.010847102794462687,-0.000594636127796022,0,0,0,0,1,0,0
2023-08-27 05:00:00,0.0053622,0.005197009583333333,0.0018816641984240215,0.001317164938896815,0.002822496297636032,0.005644992595272064,0.006514174522230147,0.003879844644436518,0.008019505880969365,0.002374513285697301,0.010842002178605398,-0.00044798301193873114,0,0,0,0,1,0,0
2023-08-27 06:00:00,0.00557614,0.005261725833333332,0.0018661747776248635,0.0013063223443374045,0.002799262166437295,0.00559852433287459,0.006568048177670737,0.003955403488995928,0.008060987999770628,0.002462463666896037,0.010860250166207923,-0.0003367984995412583,0,0,0,0,1,0,0
2023-08-27 07:00:00,0.00589685,0.005333098333333332,0.0018558887457419057,0.0012991221220193339,0.0027838331186128586,0.005567666237225717,0.006632220455352666,0.004033976211313998,0.00811693145194619,0.0025492652147204734,0.010900764570559048,-0.00023456790389238518,0,0,0,0,1,0,0
2023-08-27 08:00:00,0.0042058,0.0053620191666666666,0.0018315195109216498,0.0012820636576451549,0.0027472792663824747,0.005494558532764949,0.006644082824311821,0.004079955509021512,0.00810929843304914,0.002614739900284192,0.010856577699431616,-0.00013253936609828286,0,0,1,0,0,0,0
2023-08-27 09:00:00,0.00592321,0.005544017916666665,0.001644239853205674,0.0011509678972439717,0.0024663597798085107,0.0049327195596170215,0.006694985813910637,0.004393050019422693,0.008010377696475175,0.0030776581368581546,0.010476737476283686,0.0006112983570496439,0,0,0,0,1,0,0
2023-08-27 10:00:00,0.00595463,0.005737126249999999,0.0013770260403456755,0.0009639182282419728,0.0020655390605185133,0.004131078121037027,0.006701044478241972,0.004773208021758027,0.007802665310518512,0.003671587189481486,0.009868204371037026,0.0016060481289629728,0,0,0,0,1,0,0
2023-08-27 11:00:00,0.0057465,0.00591343875,0.0010434117932276773,0.0007303882552593741,0.001565117689841516,0.003130235379683032,0.006643827005259373,0.005183050494740626,0.0074785564398415156,0.004348321060158484,0.009043674129683031,0.0027832033703169678,0,0,1,0,0,0,0
2023-08-27 12:00:00,0.00576459,0.005987350833333332,0.000960851245325284,0.0006725958717276988,0.0014412768679879261,0.0028825537359758522,0.00665994670506103,0.005314754961605633,0.007428627701321258,0.0045460739653454055,0.008869904569309184,0.0031047970973574796,0,0,1,0,0,0,0
2023-08-27 13:00:00,0.00595474,0.0060353029166666655,0.0009273549558944243,0.000649148469126097,0.0013910324338416364,0.0027820648676832728,0.006684451385792762,0.005386154447540569,0.007426335350508302,0.004644270482825029,0.008817367784349939,0.0032532380489833927,0,0,1,0,0,0,0
2023-08-27 14:00:00,0.00599963,0.006063191666666666,0.0009152163582297925,0.0006406514507608546,0.0013728245373446886,0.0027456490746893773,0.006703843117427521,0.0054225402159058115,0.007436016204011355,0.004690367129321978,0.008808840741356044,0.003317542591977289,0,0,1,0,0,0,0
2023-08-27 15:00:00,0.00588761,0.006078559999999999,0.0009087508892169305,0.0006361256224518513,0.0013631263338253958,0.0027262526676507916,0.00671468562245185,0.0054424343775481485,0.007441686333825396,0.004715433666174603,0.008804812667650791,0.0033523073323492077,0,0,1,0,0,0,0
2023-08-27 16:00:00,0.00579811,0.0060219866666666655,0.0008805949191200814,0.000616416443384057,0.0013208923786801221,0.0026417847573602443,0.006638403110050722,0.005405570223282609,0.007342879045346787,0.004701094287986544,0.00866377142402691,0.003380201909306421,0,0,1,0,0,0,0
2023-08-27 17:00:00,0.00410214,0.005894438749999999,0.0009284883714490796,0.0006499418600143556,0.0013927325571736193,0.0027854651143472387,0.006544380610014355,0.005244496889985643,0.007287171307173618,0.004501706192826379,0.008679903864347237,0.00310897363565276,1,0,0,0,0,0,0
2023-08-27 18:00:00,0.0034367,0.005739050833333333,0.0010145074130055284,0.0007101551891038699,0.0015217611195082925,0.003043522239016585,0.006449206022437203,0.0050288956442294626,0.007260811952841626,0.00421728971382504,0.008782573072349918,0.0026955285943167477,1,0,0,0,0,0,0
2023-08-27 19:00:00,0.00373887,0.005593798333333333,0.0010417107424587936,0.0007291975197211554,0.0015625661136881904,0.003125132227376381,0.006322995853054488,0.004864600813612178,0.007156364447021523,0.004031232219645142,0.008718930560709715,0.002468666105956952,1,0,0,0,0,0,0
2023-08-27 20:00:00,0.00083264,0.005326560416666667,0.001370217761136912,0.0009591524327958382,0.0020553266417053678,0.0041106532834107356,0.006285712849462504,0.004367407983870829,0.007381887058372035,0.003271233774961299,0.009437213700077402,0.001215907133255931,1,0,0,0,0,0,0
2023-08-27 21:00:00,0.00073502,0.0050570820833333325,0.001601665881998119,0.0011211661173986833,0.0024024988229971785,0.004804997645994357,0.006178248200732016,0.003935915965934649,0.007459580906330511,0.002654583260336154,0.00986207972932769,0.00025208443733897544,1,0,0,0,0,0,0
2023-08-27 22:00:00,0.00039517,0.004771045416666666,0.0017927319688895423,0.0012549123782226795,0.0026890979533343135,0.005378195906668627,0.0060259577948893455,0.003516133038443987,0.00746014337000098,0.0020819474633323527,0.010149241323335292,-0.0006071504900019608,1,0,0,0,0,0,0
2023-08-27 23:00:00,-0.00024264,0.004458413749999999,0.0019837738993116615,0.001388641729518163,0.0029756608489674924,0.005951321697934985,0.0058470554795181625,0.003069772020481836,0.007434074598967492,0.0014827529010325068,0.010409735447934984,-0.0014929079479349856,1,0,0,0,0,0,0
2023-08-28 00:00:00,-0.0026127,0.004124990416666666,0.0024404111379144476,0.0017082877965401133,0.0036606167068716717,0.007321233413743343,0.005833278213206779,0.0024167026201265523,0.0077856071235383375,0.0004643737097949942,0.01144622383041001,-0.0031962429970766775,1,0,0,0,0,0,0
2023-08-28 01:00:00,-0.00288388,0.003799066666666666,0.002819900764004375,0.0019739305348030626,0.0042298511460065625,0.008459702292013125,0.005772997201469728,0.0018251361318636036,0.008028917812673229,-0.00043078447933989636,0.012258768958679792,-0.004660635625346458,1,0,0,0,0,0,0
2023-08-28 02:00:00,-0.00158562,0.003521997499999999,0.0030104499486207368,0.0021073149640345157,0.004515674922931106,0.009031349845862211,0.005629312464034515,0.0014146825359654834,0.008037672422931104,-0.0009936774229311065,0.01255334734586221,-0.0055093523458622125,1,0,0,0,0,0,0
2023-08-28 03:00:00,-0.00078822,0.003273662083333332,0.0031125310591194177,0.002178771741383592,0.0046687965886791265,0.009337593177358253,0.0054524338247169245,0.00109489034194974,0.007942458672012459,-0.0013951345053457944,0.012611255260691585,-0.006063931094024921,0,1,0,0,0,0,0
2023-08-28 04:00:00,0.0001479,0.003056057916666666,0.0031419889962695153,0.0021993922973886607,0.004712983494404273,0.009425966988808546,0.0052554502140553265,0.0008566656192780051,0.0077690414110709385,-0.0016569255777376074,0.012482024905475212,-0.006369909072141881,0,1,0,0,0,0,0
2023-08-28 05:00:00,-8.468e-05,0.0028291045833333324,0.0031648060411206113,0.0022153642287844276,0.004747209061680917,0.009494418123361834,0.00504446881211776,0.0006137403545489048,0.00757631364501425,-0.0019181044783475845,0.012323522706695166,-0.006665313540028502,0,1,0,0,0,0,0
2023-08-28 06:00:00,-0.0005531,0.002573719583333333,0.0031807554865342738,0.0022265288405739917,0.004771133229801411,0.009542266459602822,0.004800248423907324,0.00034719074275934127,0.007344852813134744,-0.002197413646468078,0.012115986042936155,-0.006968546876269488,0,1,0,0,0,0,0
2023-08-28 07:00:00,-0.00085318,0.0022924683333333325,0.003172557028717902,0.0022207899201025314,0.004758835543076853,0.009517671086153706,0.0045132582534358635,7.167841323080107e-05,0.007051303876410186,-0.0024663672097435204,0.011810139419487038,-0.007225202752820374,0,1,0,0,0,0,0
2023-08-28 08:00:00,0.00235458,0.0022153341666666664,0.003146412337824998,0.0022024886364774986,0.004719618506737497,0.009439237013474993,0.004417822803144165,1.2845530189167786e-05,0.0069349526734041635,-0.0025042843400708303,0.01165457118014166,-0.007223902846808327,0,0,0,0,1,0,0
2023-08-28 09:00:00,0.00217075,0.002058981666666666,0.0030457731355291156,0.0021320411948703806,0.004568659703293673,0.009137319406587347,0.0041910228615370465,-7.305952820371459e-05,0.006627641369960339,-0.0025096780366270074,0.011196301073254013,-0.007078337739920681,0,0,0,0,1,0,0
2023-08-28 10:00:00,0.00230858,0.0019070629166666661,0.00293181352003598,0.002052269464025186,0.00439772028005397,0.00879544056010794,0.0039593323806918525,-0.00014520654735852,0.006304783196720637,-0.002490657363387304,0.010702503476774606,-0.0068883776434412744,0,0,0,0,1,0,0
2023-08-28 11:00:00,0.00231427,0.0017640533333333327,0.0028178846566926635,0.001972519259684864,0.004226826985038995,0.00845365397007799,0.0037365725930181967,-0.00020846592635153142,0.005990880318372328,-0.0024627736517056622,0.010217707303411323,-0.006689600636744657,0,0,0,0,1,0,0
2023-08-28 12:00:00,0.00085069,0.0015593074999999993,0.002690197495503188,0.0018831382468522315,0.004035296243254782,0.008070592486509563,0.003442445746852231,-0.0003238307468522322,0.005594603743254781,-0.0024759887432547825,0.009629899986509562,-0.006511284986509564,0,0,1,0,0,0,0
2023-08-28 13:00:00,0.00061441,0.0013367937499999996,0.0025267219402736055,0.0017687053581915237,0.0037900829104104083,0.0075801658208208165,0.0031054991081915233,-0.00043191160819152415,0.005126876660410408,-0.002453289160410409,0.008916959570820816,-0.006243372070820817,0,0,1,0,0,0,0
2023-08-28 14:00:00,0.00036187,0.0011018870833333328,0.0023286825308158044,0.001630077771571063,0.0034930237962237064,0.006986047592447413,0.002731964854904396,-0.0005281906882377303,0.004594910879557039,-0.0023911367128903738,0.008087934675780745,-0.00588416050911408,0,0,1,0,0,0,0
2023-08-28 15:00:00,0.00039503,0.0008730295833333329,0.002096197577689023,0.0014673383043823161,0.003144296366533535,0.00628859273306707,0.002340367887715649,-0.0005943087210489832,0.004017325949866868,-0.002271266783200202,0.007161622316400403,-0.005415563149733737,0,0,1,0,0,0,0
2023-08-28 16:00:00,-0.00214516,0.0005420599999999995,0.0019029392486866585,0.0013320574740806608,0.002854408873029988,0.005708817746059976,0.0018741174740806604,-0.0007899974740806613,0.0033964688730299874,-0.0023123488730299882,0.006250877746059975,-0.005166757746059976,0,1,0,0,0,0,0
2023-08-28 17:00:00,-0.00194064,0.0002902774999999994,0.0018088580647645917,0.0012662006453352142,0.0027132870971468877,0.0054265741942937755,0.0015564781453352135,-0.0009759231453352149,0.0030035645971468873,-0.002423009597146888,0.005716851694293775,-0.005136296694293776,0,1,0,0,0,0,0
2023-08-28 18:00:00,-0.00150802,8.424749999999943e-05,0.0017140137378713588,0.001199809616509951,0.002571020606807038,0.005142041213614076,0.0012840571165099505,-0.0011155621165099515,0.0026552681068070373,-0.0024867731068070388,0.005226288713614076,-0.005057793713614076,0,1,0,0,0,0,0
2023-08-28 19:00:00,-0.00166081,-0.00014073916666666722,0.0015609987773942226,0.0010926991441759558,0.002341498166091334,0.004682996332182668,0.0009519599775092886,-0.001233438310842623,0.0022007589994246664,-0.0024822373327580013,0.004542257165516,-0.004823735498849335,0,1,0,0,0,0,0
2023-08-28 20:00:00,0.00132015,-0.00012042625000000056,0.001577302631693452,0.0011041118421854163,0.002365953947540178,0.004731907895080356,0.0009836855921854157,-0.001224538092185417,0.0022455276975401773,-0.0024863801975401785,0.004611481645080355,-0.004852334145080356,0,0,0,0,0,1,0
2023-08-28 21:00:00,0.00132836,-9.570375000000058e-05,0.0015958348922740287,0.00111708442459182,0.002393752338411043,0.004787504676822086,0.0010213806745918194,-0.0012127881745918206,0.0022980485884110426,-0.0024894560884110434,0.0046918009268220855,-0.004883208426822086,0,0,0,0,0,1,0
2023-08-28 22:00:00,0.00142345,-5.2858750000000575e-05,0.0016231566333815605,0.0011362096433670922,0.0024347349500723407,0.004869469900144681,0.0010833508933670917,-0.0011890683933670927,0.00238187620007234,-0.0024875937000723414,0.004816611150144681,-0.004922328650144682,0,0,0,0,0,1,0
2023-08-28 23:00:00,0.00170478,2.828374999999942e-05,0.0016614807437759793,0.0011630365206431854,0.002492221115663969,0.004984442231327938,0.0011913202706431848,-0.001134752770643186,0.0025205048656639683,-0.00246393736566397,0.005012725981327937,-0.004956158481327939,0,0,0,0,0,1,0
2023-08-29 00:00:00,0.00368748,0.0002907912499999994,0.0017226495966020318,0.0012058547176214223,0.002583974394903048,0.005167948789806096,0.0014966459676214218,-0.0009150634676214228,0.0028747656449030472,-0.0022931831449030486,0.005458740039806095,-0.0048771575398060965,0,0,0,0,0,0,1
2023-08-29 01:00:00,0.00361483,0.0005615708333333327,0.0017126635197259599,0.0011988644638081718,0.00256899527958894,0.00513799055917788,0.0017604352971415044,-0.000637293630474839,0.0031305661129222727,-0.002007424446255607,0.0056995613925112125,-0.004576419725844547,0,0,0,0,0,0,1
2023-08-29 02:00:00,0.00317968,0.0007601249999999994,0.0017290594653039965,0.0012103416257127975,0.002593589197955995,0.00518717839591199,0.001970466625712797,-0.0004502166257127981,0.0033537141979559943,-0.0018334641979559953,0.005947303395911989,-0.00442705339591199,0,0,0,0,0,1,0
2023-08-29 03:00:00,0.00324367,0.0009281204166666661,0.0017675229176586235,0.0012372660423610364,0.0026512843764879353,0.005302568752975871,0.0021653864590277026,-0.0003091456256943704,0.0035794047931546015,-0.0017231639598212691,0.006230689169642536,-0.004374448336309205,0,0,0,0,0,1,0
2023-08-29 04:00:00,0.00150653,0.0009847299999999994,0.0017631994061145047,0.0012342395842801532,0.002644799109171757,0.005289598218343514,0.0022189695842801524,-0.00024950958428015375,0.003629529109171756,-0.0016600691091717575,0.006274328218343513,-0.004304868218343514,0,0,0,0,1,0,0
2023-08-29 05:00:00,0.00138387,0.0010459195833333328,0.0017499052692436536,0.0012249336884705574,0.0026248579038654803,0.0052497158077309605,0.00227085327180389,-0.00017901410513722457,0.003670777487198813,-0.0015789383205321475,0.006295635391064293,-0.004203796224397628,0,0,0,0,1,0,0
2023-08-29 06:00:00,0.00165838,0.0011380645833333329,0.0017200144297930355,0.0012040101008551247,0.0025800216446895535,0.005160043289379107,0.0023420746841884576,-6.594551752179189e-05,0.0037180862280228864,-0.0014419570613562207,0.0062981078727124395,-0.004021978706045775,0,0,0,0,1,0,0
2023-08-29 07:00:00,0.00163327,0.001241666666666666,0.0016689871141289012,0.0011682909798902308,0.002503480671193352,0.005006961342386704,0.002409957646556897,7.337568677643529e-05,0.003745147337860018,-0.0012618140045266859,0.00624862800905337,-0.003765294675720038,0,0,0,0,1,0,0
2023-08-29 08:00:00,0.00147325,0.0012049445833333327,0.001653055197571453,0.001157138638300017,0.0024795827963571796,0.004959165592714359,0.0023620832216333498,4.780594503331565e-05,0.0036845273796905125,-0.0012746382130238469,0.006164110176047692,-0.0037542210093810266,0,0,0,0,1,0,0
2023-08-29 09:00:00,0.00188533,0.0011930520833333326,0.0016468197815660117,0.001152773847096208,0.0024702296723490176,0.004940459344698035,0.002345825930429541,4.0278236237124626e-05,0.00366328175568235,-0.001277177589015685,0.006133511428031368,-0.003747407261364703,0,0,0,0,1,0,0
2023-08-29 10:00:00,0.00236773,0.001195516666666666,0.0016486051275699893,0.0011540235892989925,0.002472907691354984,0.004945815382709968,0.0023495402559656586,4.149307736767355e-05,0.00366842435802165,-0.001277391024688318,0.006141332049376634,-0.003750298716043302,0,0,0,0,0,1,0
2023-08-29 11:00:00,0.00328361,0.001235905833333333,0.0016885940620373755,0.0011820158434261627,0.0025328910930560635,0.005065782186112127,0.0024179216767594956,5.388998990717023e-05,0.0037687969263893962,-0.0012969852597227306,0.00630168801944546,-0.0038298763527787943,0,0,0,0,0,1,0
2023-08-29 12:00:00,0.00439834,0.0013837245833333326,0.001804694810738075,0.0012632863675166523,0.0027070422161071125,0.005414084432214225,0.0026470109508499847,0.00012043821581668034,0.004090766799440445,-0.0013233176327737798,0.006797809015547557,-0.0040303598488808925,0,0,0,0,0,0,1
2023-08-29 13:00:00,0.00464467,0.0015516520833333328,0.0019141846473335667,0.0013399292531334967,0.0028712769710003503,0.005742553942000701,0.0028915813364668295,0.00021172283019983609,0.004422929054333683,-0.0013196248876670175,0.007294206025334034,-0.004190901858667368,0,0,0,0,0,0,1
2023-08-29 14:00:00,0.00317435,0.0016688387499999994,0.001924242909739237,0.0013469700368174658,0.0028863643646088555,0.005772728729217711,0.0030158087868174654,0.00032186871318253354,0.004555203114608854,-0.0012175256146088561,0.00744156747921771,-0.004103889979217712,0,0,0,0,0,1,0
2023-08-29 15:00:00,0.00010193,0.0016566262499999995,0.0019335862452086244,0.001353510371646037,0.0029003793678129366,0.005800758735625873,0.0030101366216460364,0.00030311587835396255,0.004557005617812936,-0.0012437531178129371,0.007457384985625873,-0.004144132485625874,0,1,0,0,0,0,0
2023-08-29 16:00:00,-0.00240729,0.0016457041666666661,0.0019565981597038633,0.0013696187117927042,0.002934897239555795,0.00586979447911159,0.0030153228784593703,0.000276085454873962,0.004580601406222461,-0.0012891930728891289,0.007515498645778256,-0.004224090312444924,1,0,0,0,0,0,0
2023-08-29 17:00:00,-0.00508903,0.0015145212499999994,0.0022854180578243365,0.0015997926404770354,0.0034281270867365047,0.006856254173473009,0.0031143138904770346,-8.527139047703595e-05,0.004942648336736504,-0.0019136058367365053,0.008370775423473009,-0.00534173292347301,1,0,0,0,0,0,0
2023-08-29 18:00:00,-0.00395804,0.0014124370833333325,0.002473293736442696,0.001731305615509887,0.0037099406046640438,0.0074198812093280875,0.0031437426988432196,-0.0003188685321765545,0.005122377687997376,-0.0022975035213307115,0.00883231829266142,-0.006007444125994755,1,0,0,0,0,0,0
2023-08-29 19:00:00,-0.00315192,0.0013503074999999993,0.0025706626599640374,0.001799463861974826,0.003855993989946056,0.007711987979892112,0.003149771361974825,-0.00044915636197482667,0.005206301489946055,-0.002505686489946057,0.009062295479892112,-0.006361680479892113,1,0,0,0,0,0,0
2023-08-29 20:00:00,-0.00231721,0.0011987508333333328,0.0026775196077031527,0.0018742637253922067,0.004016279411554729,0.008032558823109458,0.0030730145587255396,-0.0006755128920588739,0.005215030244888062,-0.002817528578221396,0.00923130965644279,-0.006833807989776125,0,1,0,0,0,0,0
2023-08-29 21:00:00,-0.00184917,0.0010663537499999995,0.002748453208526577,0.0019239172459686038,0.0041226798127898655,0.008245359625579731,0.0029902709959686033,-0.0008575634959686043,0.005189033562789865,-0.003056326062789866,0.00931171337557973,-0.007179005875579732,0,1,0,0,0,0,0
2023-08-29 22:00:00,-0.00134552,0.0009509799999999994,0.0027906056433904354,0.0019534239503733045,0.004185908465085653,0.008371816930171305,0.0029044039503733038,-0.0010024439503733052,0.005136888465085652,-0.0032349284650856533,0.009322796930171304,-0.0074208369301713055,0,1,0,0,0,0,0
2023-08-29 23:00:00,-0.00011353,0.0008752170833333327,0.0027939316488193736,0.0019557521541735613,0.004190897473229061,0.008381794946458122,0.002830969237506894,-0.0010805350708402287,0.005066114556562393,-0.0033156803898957282,0.009257012029791454,-0.007506577863124789,0,0,1,0,0,0,0
2023-08-30 00:00:00,0.00276187,0.0008366499999999995,0.0027596012769476774,0.001931720893863374,0.004139401915421516,0.008278803830843033,0.0027683708938633735,-0.0010950708938633744,0.004976051915421516,-0.003302751915421517,0.009115453830843032,-0.007442153830843033,0,0,0,0,1,0,0
2023-08-30 01:00:00,0.00330451,0.0008237199999999995,0.0027467151781514904,0.001922700624706043,0.0041200727672272355,0.008240145534454471,0.0027464206247060424,-0.0010989806247060437,0.004943792767227235,-0.003296352767227236,0.009063865534454471,-0.007416425534454472,0,0,0,0,0,1,0
2023-08-30 02:00:00,0.00452626,0.0008798274999999994,0.0028099583773806476,0.001966970864166453,0.0042149375660709715,0.008429875132141943,0.0028467983641664524,-0.0010871433641664536,0.005094765066070971,-0.003335110066070972,0.009309702632141943,-0.007550047632141944,0,0,0,0,0,1,0
2023-08-30 03:00:00,0.00376717,0.0009016399999999995,0.002831058308829424,0.0019817408161805967,0.004246587463244135,0.00849317492648827,0.0028833808161805963,-0.0010801008161805971,0.005148227463244135,-0.003344947463244136,0.00939481492648827,-0.007591534926488271,0,0,0,0,0,1,0
2023-08-30 04:00:00,0.00453272,0.0010277312499999993,0.002925002938521608,0.0020475020569651254,0.004387504407782412,0.008775008815564825,0.0030752333069651245,-0.0010197708069651262,0.005415235657782412,-0.003359773157782413,0.009802740065564823,-0.007747277565564825,0,0,0,0,0,1,0
2023-08-30 05:00:00,0.00497686,0.001177439166666666,0.0030339431539027073,0.0021237602077318948,0.004550914730854061,0.009101829461708122,0.003301199374398561,-0.0009463210410652287,0.005728353897520727,-0.0033734755641873946,0.010279268628374787,-0.007924390295041456,0,0,0,0,0,1,0
2023-08-30 06:00:00,0.00527258,0.0013280308333333327,0.0031464628889375005,0.00220252402225625,0.0047196943334062505,0.009439388666812501,0.0035305548555895827,-0.0008744931889229175,0.006047725166739583,-0.0033916635000729176,0.010767419500145833,-0.008111357833479169,0,0,0,0,0,1,0
2023-08-30 07:00:00,0.00590413,0.0015059833333333327,0.003282316008842264,0.0022976212061895846,0.004923474013263396,0.009846948026526792,0.003803604539522917,-0.0007916378728562519,0.006429457346596729,-0.0034174906799300632,0.011352931359860124,-0.00834096469319346,0,0,0,0,0,1,0
2023-08-30 08:00:00,0.00778477,0.0017689633333333326,0.0035235545898039205,0.002466488212862744,0.0052853318847058805,0.010570663769411761,0.0042354515461960765,-0.0006975248795294115,0.007054295218039213,-0.003516368551372548,0.012339627102745094,-0.008801700436078428,0,0,0,0,0,0,1
2023-08-30 09:00:00,0.00777904,0.0020145345833333327,0.003731273266738688,0.0026118912867170814,0.005596909900108032,0.011193819800216064,0.004626425870050414,-0.0005973567033837487,0.007611444483441365,-0.0035823753167746994,0.013208354383549397,-0.009179285216882731,0,0,0,0,0,0,1
2023-08-30 10:00:00,0.00776853,0.0022395679166666662,0.003911985821864655,0.0027383900753052584,0.005867978732796982,0.011735957465593964,0.004977957991971925,-0.0004988221586385922,0.008107546649463648,-0.003628410816130316,0.01397552538226063,-0.009496389548927299,0,0,0,0,0,1,0
2023-08-30 11:00:00,0.00783283,0.0024291187499999992,0.004071725459694592,0.0028502078217862146,0.006107588189541888,0.012215176379083776,0.005279326571786214,-0.00042108907178621535,0.008536706939541887,-0.0036784694395418887,0.014644295129083775,-0.009786057629083777,0,0,0,0,0,1,0
2023-08-30 12:00:00,0.00779196,0.002570519583333333,0.004199990591527305,0.0029399934140691133,0.006299985887290958,0.012599971774581916,0.005510512997402446,-0.00036947383073578045,0.00887050547062429,-0.003729466303957625,0.015170491357915249,-0.010029452191248582,0,0,0,0,0,1,0
2023-08-30 13:00:00,0.00769479,0.002697607916666666,0.004310183063649895,0.003017128144554926,0.006465274595474842,0.012930549190949684,0.005714736061221592,-0.00031952022788826013,0.009162882512141509,-0.003767666678808176,0.01562815710761635,-0.010232941274283019,0,0,0,0,0,1,0
2023-08-30 14:00:00,0.00744778,0.0028756674999999995,0.004417664746132305,0.0030923653222926133,0.006626497119198458,0.013252994238396916,0.005968032822292612,-0.00021669782229261384,0.009502164619198457,-0.0037508296191984584,0.016128661738396916,-0.010377326738396916,0,0,0,0,0,1,0
2023-08-30 15:00:00,0.00738734,0.0031792262499999997,0.004468792953883325,0.003128155067718327,0.006703189430824987,0.013406378861649974,0.006307381317718326,5.1071182281672584e-05,0.009882415680824987,-0.003523963180824987,0.016585605111649974,-0.010227152611649973,0,0,0,0,0,1,0
2023-08-30 16:00:00,0.00516314,0.003494660833333333,0.004322093470262626,0.003025465429183838,0.006483140205393938,0.012966280410787876,0.0065201262625171705,0.00046919540414949506,0.009977801038727271,-0.002988479372060605,0.01646094124412121,-0.009471619577454543,0,0,0,0,1,0,0
2023-08-30 17:00:00,0.00528432,0.0039268837499999995,0.003927001551293276,0.002748901085905293,0.005890502326939914,0.011781004653879828,0.006675784835905293,0.0011779826640947065,0.009817386076939914,-0.0019636185769399146,0.01570788840387983,-0.007854120903879828,0,0,0,0,1,0,0
2023-08-30 18:00:00,0.00473129,0.004288939166666666,0.0035509941970175017,0.002485695937912251,0.005326491295526253,0.010652982591052506,0.006774635104578917,0.001803243228754415,0.009615430462192919,-0.0010375521288595868,0.014941921757719172,-0.00636404342438584,0,0,0,0,1,0,0
2023-08-30 19:00:00,0.0047036,0.004616252499999999,0.0031777365279124,0.0022244155695386797,0.0047666047918686,0.0095332095837372,0.006840668069538679,0.0023918369304613196,0.0093828572918686,-0.00015035229186860077,0.0141494620837372,-0.004916957083737201,0,0,0,0,1,0,0
2023-08-30 20:00:00,0.00148368,0.004774622916666666,0.0028997179535626126,0.0020298025674938287,0.004349576930343919,0.008699153860687838,0.006804425484160495,0.0027448203491728376,0.009124199847010586,0.0004250459863227472,0.013473776777354503,-0.003924530944021172,0,1,0,0,0,0,0
2023-08-30 21:00:00,0.00167299,0.004921379583333332,0.0026261309822023155,0.0018382916875416208,0.0039391964733034735,0.007878392946606947,0.006759671270874953,0.0030830878957917116,0.008860576056636805,0.0009821831100298587,0.01279977252994028,-0.002957013363273615,0,1,0,0,0,0,0
2023-08-30 22:00:00,0.00155833,0.0050423733333333325,0.0023802237283603693,0.0016661566098522583,0.003570335592540554,0.007140671185081108,0.006708529943185591,0.003376216723481074,0.008612708925873886,0.0014720377407927785,0.01218304451841444,-0.0020982978517477754,0,1,0,0,0,0,0
2023-08-30 23:00:00,0.00134274,0.00510305125,0.0022585227869491133,0.0015809659508643791,0.00338778418042367,0.00677556836084734,0.006684017200864379,0.0035220852991356207,0.00849083543042367,0.0017152670695763299,0.01187861961084734,-0.00167251711084734,1,0,0,0,0,0,0
2023-08-31 00:00:00,-0.00030052,0.004975451666666666,0.002472878731193439,0.0017310151118354073,0.003709318096790159,0.007418636193580318,0.006706466778502073,0.003244436554831259,0.008684769763456824,0.0012661335698765071,0.012394087860246983,-0.0024431845269136518,1,0,0,0,0,0,0
2023-08-31 01:00:00,0.00204841,0.004923114166666666,0.0025225742353242025,0.0017658019647269416,0.0037838613529863037,0.0075677227059726074,0.006688916131393607,0.0031573122019397243,0.008706975519652969,0.0011392528136803621,0.012490836872639273,-0.0026446085393059416,0,1,0,0,0,0,0
2023-08-31 02:00:00,0.00254746,0.0048406641666666654,0.0025680380364462158,0.001797626625512351,0.0038520570546693236,0.007704114109338647,0.006638290792179017,0.0030430375411543142,0.008692721221335988,0.0009886071119973418,0.012544778276005312,-0.002863449942671982,0,1,0,0,0,0,0
2023-08-31 03:00:00,0.00272476,0.004797230416666666,0.0025956504600205027,0.0018169553220143517,0.0038934756900307543,0.007786951380061509,0.006614185738681017,0.0029802750946523143,0.008690706106697421,0.0009037547266359117,0.012584181796728175,-0.0029897209633948426,0,1,0,0,0,0,0
2023-08-31 04:00:00,0.00517447,0.0048239699999999995,0.0025961125951918036,0.0018172788166342625,0.0038941688927877057,0.007788337785575411,0.006641248816634262,0.0030066911833657372,0.008718138892787705,0.0009298011072122938,0.01261230778557541,-0.002964367785575412,0,0,0,0,1,0,0
2023-08-31 05:00:00,0.00538109,0.004840812916666666,0.002598457844393786,0.00181892049107565,0.003897686766590679,0.007795373533181358,0.006659733407742317,0.003021892425591016,0.008738499683257345,0.0009431261500759871,0.012636186449848024,-0.002954560616514692,0,0,0,0,1,0,0
2023-08-31 06:00:00,0.00550183,0.004850365,0.0026005345925673834,0.0018203742147971684,0.003900801888851075,0.00780160377770215,0.006670739214797168,0.0030299907852028313,0.008751166888851074,0.0009495631111489248,0.012651968777702149,-0.00295123877770215,0,0,0,0,1,0,0
2023-08-31 07:00:00,0.00550916,0.004833907916666666,0.002594819537721155,0.0018163736764048083,0.0038922293065817323,0.007784458613163465,0.006650281593071475,0.003017534240261858,0.008726137223248399,0.000941678610084934,0.01261836652983013,-0.0029505506964967983,0,0,0,0,1,0,0
2023-08-31 08:00:00,0.00745057,0.004819982916666666,0.0025791447323154884,0.0018054013126208419,0.003868717098473233,0.007737434196946466,0.006625384229287507,0.003014581604045824,0.008688700015139899,0.0009512658181934329,0.01255741711361313,-0.0029174512802798,0,0,0,0,0,1,0
2023-08-31 09:00:00,0.00775185,0.0048188499999999995,0.0025777940402702177,0.0018044558281891522,0.003866691060405327,0.007733382120810654,0.006623305828189152,0.0030143941718108473,0.008685541060405326,0.0009521589395946727,0.012552232120810653,-0.002914532120810654,0,0,0,0,0,1,0
2023-08-31 10:00:00,0.00785452,0.004822432916666667,0.0025821282153757254,0.0018074897507630078,0.003873192323063588,0.007746384646127176,0.006629922667429675,0.003014943165903659,0.008695625239730255,0.0009492405936030787,0.012568817562793842,-0.0029239517294605095,0,0,0,0,0,1,0
2023-08-31 11:00:00,0.00799604,0.004829233333333333,0.00259060226503367,0.0018134215855235688,0.003885903397550505,0.00777180679510101,0.006642654918856902,0.003015811747809764,0.008715136730883838,0.0009433299357828277,0.012601040128434344,-0.0029425734617676775,0,0,0,0,0,1,0
2023-08-31 12:00:00,0.0078288,0.004830768333333332,0.0025924443437549717,0.00181471104062848,0.0038886665156324576,0.007777333031264915,0.006645479373961812,0.0030160572927048525,0.00871943484896579,0.0009421018177008748,0.012608101364598247,-0.002946564697931583,0,0,0,0,0,1,0
2023-08-31 13:00:00,0.0077651,0.004833697916666666,0.0025958590165677236,0.0018171013115974063,0.0038937885248515854,0.007787577049703171,0.006650799228264072,0.0030165966050692593,0.008727486441518252,0.0009399093918150804,0.012621274966369837,-0.002953879133036505,0,0,0,0,0,1,0
2023-08-31 14:00:00,0.00773028,0.004845468749999999,0.002608835906868888,0.0018261851348082216,0.003913253860303332,0.007826507720606665,0.006671653884808221,0.0030192836151917775,0.008758722610303332,0.0009322148896966668,0.012671976470606663,-0.0029810389706066654,0,0,0,0,0,1,0
2023-08-31 15:00:00,0.00769022,0.004858088749999999,0.0026223640846238213,0.0018356548592366748,0.003933546126935732,0.007867092253871465,0.0066937436092366735,0.003022433890763324,0.008791634876935732,0.0009245426230642664,0.012725181003871464,-0.003009003503871466,0,0,0,0,0,1,0
2023-08-31 16:00:00,0.00213812,0.004732046249999999,0.002679147663586911,0.0018754033645108374,0.004018721495380366,0.008037442990760733,0.006607449614510837,0.0028566428854891615,0.008750767745380365,0.0007133247546196328,0.012769489240760733,-0.0033053967407607335,0,1,0,0,0,0,0
2023-08-31 17:00:00,0.00258958,0.004619765416666666,0.002711270585830861,0.0018978894100816024,0.004066905878746291,0.008133811757492582,0.006517654826748268,0.002721876006585064,0.008686671295412958,0.0005528595379203751,0.012753577174159248,-0.003514046340825916,0,1,0,0,0,0,0
2023-08-31 18:00:00,0.00337848,0.004563398333333333,0.0027228887007187696,0.0019060220905031387,0.004084333051078155,0.00816866610215631,0.006469420423836471,0.0026573762428301942,0.008647731384411488,0.0004790652822551783,0.012732064435489642,-0.0036052677688229763,0,0,1,0,0,0,0
2023-08-31 19:00:00,0.00354363,0.004515066249999999,0.0027305759333499918,0.0019114031533449941,0.004095863900024988,0.008191727800049975,0.0064264694033449934,0.0026036630966550047,0.008610930150024987,0.00041920234997501124,0.012706794050049975,-0.0036766615500499764,0,0,1,0,0,0,0
2023-08-31 20:00:00,-0.00091587,0.004415084999999999,0.0028859094662169347,0.002020136626351854,0.004328864199325402,0.008657728398650803,0.006435221626351854,0.002394948373648145,0.0087439491993254,8.62208006745975e-05,0.013072813398650802,-0.004242643398650804,1,0,0,0,0,0,0
2023-08-31 21:00:00,-0.00215414,0.004255621249999999,0.0031386803713861953,0.0021970762599703366,0.004708020557079293,0.009416041114158585,0.006452697509970335,0.0020585449900296627,0.008963641807079292,-0.00045239930707929345,0.013671662364158585,-0.005160419864158586,1,0,0,0,0,0,0
2023-08-31 22:00:00,-0.00249839,0.0040865912499999995,0.0033894709949686386,0.002372629696478047,0.005084206492452958,0.010168412984905915,0.006459220946478047,0.0017139615535219526,0.009170797742452958,-0.0009976152424529582,0.014255004234905916,-0.006081821734905916,1,0,0,0,0,0,0
2023-08-31 23:00:00,-0.00310947,0.0039010824999999995,0.003657419304656262,0.002560193513259383,0.005486128956984393,0.010972257913968785,0.0064612760132593825,0.0013408889867406164,0.009387211456984393,-0.0015850464569843931,0.014873340413968785,-0.007071175413968785,1,0,0,0,0,0,0
