datetime,sigai_output,rolling_mean,std,0.7std,1.5std,3std,upper_0.7std,lower_0.7std,upper_1.5std,lower_1.5std,upper_3std,lower_3std,SB,MB,WB,A,WS,MS,SS
2024-03-01 00:00:00,0.05392479,0.06469348500000001,0.0077856991927843944,0.005449989434949076,0.011678548789176593,0.023357097578353185,0.07014347443494909,0.05924349556505093,0.0763720337891766,0.05301493621082341,0.08805058257835319,0.041336387421646824,0,1,0,0,0,0,0
2024-03-01 01:00:00,0.05883422,0.06455136166666665,0.007863082662820953,0.005504157863974667,0.01179462399423143,0.02358924798846286,0.07005551953064132,0.05904720380269199,0.07634598566089809,0.052756737672435224,0.08814060965512951,0.04096211367820379,0,1,0,0,0,0,0
2024-03-01 02:00:00,0.05871418,0.064089585,0.007867063255890075,0.0055069442791230525,0.011800594883835114,0.023601189767670228,0.06959652927912306,0.058582640720876954,0.07589017988383512,0.05228899011616489,0.08769077476767023,0.04048839523232978,0,0,1,0,0,0,0
2024-03-01 03:00:00,0.06089419,0.063728335,0.0078035469918995475,0.005462482894329683,0.011705320487849322,0.023410640975698643,0.06919081789432968,0.05826585210567031,0.07543365548784932,0.052023014512150675,0.08713897597569864,0.040317694024301354,0,0,1,0,0,0,0
2024-03-01 04:00:00,0.06124352,0.06355790583333333,0.007811620572105955,0.005468134400474168,0.011717430858158932,0.023434861716317864,0.0690260402338075,0.058089771432859164,0.07527533669149226,0.0518404749751744,0.0869927675496512,0.04012304411701546,0,0,1,0,0,0,0
2024-03-01 05:00:00,0.06367288,0.06339093208333334,0.007762347636739351,0.005433643345717545,0.011643521455109026,0.02328704291021805,0.06882457542905088,0.05795728873761579,0.07503445353844236,0.051747410628224313,0.08667797499355138,0.04010388917311529,0,0,0,0,1,0,0
2024-03-01 06:00:00,0.06259218,0.06298100208333333,0.007520216617560148,0.005264151632292103,0.011280324926340221,0.022560649852680442,0.06824515371562544,0.05771685045104123,0.07426132700967356,0.05170067715699311,0.08554165193601378,0.04042035223065289,0,0,1,0,0,0,0
2024-03-01 07:00:00,0.05944086,0.06251415666666667,0.007370024201109981,0.0051590169407769865,0.011055036301664972,0.022110072603329943,0.06767317360744365,0.05735513972588968,0.07356919296833164,0.05145912036500169,0.0846242292699966,0.040404084063336725,0,0,1,0,0,0,0
2024-03-01 08:00:00,0.04746439,0.06201239416666666,0.007969248371873591,0.0055784738603115135,0.011953872557810385,0.02390774511562077,0.06759086802697817,0.05643392030635515,0.07396626672447704,0.05005852160885627,0.08592013928228742,0.03810464905104589,1,0,0,0,0,0,0
2024-03-01 09:00:00,0.05367387,0.06175780583333334,0.008139316246175312,0.0056975213723227175,0.012208974369262968,0.024417948738525937,0.06745532720565606,0.05606028446101062,0.07396678020259631,0.04954883146407037,0.08617575457185928,0.0373398570948074,0,1,0,0,0,0,0
2024-03-01 10:00:00,0.05020348,0.06132853625,0.008473045629221517,0.005931131940455062,0.012709568443832276,0.02541913688766455,0.06725966819045506,0.05539740430954494,0.07403810469383228,0.04861896780616773,0.08674767313766456,0.03590939936233545,0,1,0,0,0,0,0
2024-03-01 11:00:00,0.04663758,0.060549242083333336,0.00893546812691554,0.0062548276888408786,0.01340320219037331,0.02680640438074662,0.06680406977217422,0.05429441439449246,0.07395244427370665,0.047146039892960026,0.08735564646407995,0.033742837702586716,1,0,0,0,0,0,0
2024-03-01 12:00:00,0.04324969,0.05930335041666667,0.009183145267687409,0.0064282016873811855,0.013774717901531112,0.027549435803062225,0.06573155210404785,0.05287514872928548,0.07307806831819778,0.04552863251513556,0.08685278621972889,0.031753914613604446,1,0,0,0,0,0,0
2024-03-01 13:00:00,0.04379689,0.058106856250000005,0.009257658003892989,0.006480360602725091,0.013886487005839483,0.027772974011678966,0.0645872168527251,0.051626495647274916,0.07199334325583949,0.04422036924416052,0.08587983026167897,0.03033388223832104,1,0,0,0,0,0,0
2024-03-01 14:00:00,0.04310119,0.05699831916666667,0.009400122224766968,0.006580085557336877,0.014100183337150452,0.028200366674300904,0.06357840472400354,0.050418233609329795,0.07109850250381712,0.042898135829516224,0.08519868584096757,0.028797952492365768,0,1,0,0,0,0,0
2024-03-01 15:00:00,0.04214479,0.056128774166666666,0.009777139981567545,0.006843997987097281,0.014665709972351317,0.029331419944702633,0.06297277215376394,0.04928477617956938,0.07079448413901798,0.04146306419431535,0.08546019411136929,0.026797354221964033,0,1,0,0,0,0,0
2024-03-01 16:00:00,0.04335324,0.05586491541666666,0.010040480695898295,0.007028336487128806,0.015060721043847442,0.030121442087694884,0.06289325190379547,0.048836578929537855,0.0709256364605141,0.04080419437281922,0.08598635750436154,0.025743473328971776,0,1,0,0,0,0,0
2024-03-01 17:00:00,0.04249356,0.055116809999999995,0.010348313421034303,0.007243819394724012,0.015522470131551454,0.031044940263102908,0.062360629394724004,0.047872990605275986,0.07063928013155145,0.03959433986844854,0.08616175026310291,0.024071869736897088,0,1,0,0,0,0,0
2024-03-01 18:00:00,0.04005993,0.05384257458333333,0.010235780200994105,0.007165046140695873,0.015353670301491158,0.030707340602982316,0.0610076207240292,0.04667752844263746,0.06919624488482448,0.03848890428184217,0.08454991518631565,0.023135233980351014,0,1,0,0,0,0,0
2024-03-01 19:00:00,0.03798438,0.05211433625,0.009167941266729918,0.006417558886710943,0.013751911900094877,0.027503823800189755,0.05853189513671094,0.04569677736328905,0.06586624815009487,0.03836242434990512,0.07961816005018975,0.024610512449810242,1,0,0,0,0,0,0
2024-03-01 20:00:00,0.03052177,0.05036044249999999,0.009101604317427887,0.00637112302219952,0.01365240647614183,0.02730481295228366,0.05673156552219951,0.04398931947780047,0.06401284897614182,0.036708036023858165,0.07766525545228364,0.02305562954771633,1,0,0,0,0,0,0
2024-03-01 21:00:00,0.02292249,0.04882074624999999,0.010448041848091042,0.007313629293663729,0.015672062772136564,0.03134412554427313,0.05613437554366372,0.041507116956336264,0.06449280902213655,0.03314868347786343,0.08016487179427312,0.017476620705726864,1,0,0,0,0,0,0
2024-03-01 22:00:00,0.01842841,0.047357795,0.012088047980285711,0.008461633586199998,0.018132071970428567,0.036264143940857134,0.055819428586199996,0.03889616141380001,0.06548986697042856,0.029225723029571434,0.08362193894085714,0.011093651059142867,1,0,0,0,0,0,0
2024-03-01 23:00:00,0.01622793,0.04589918375000001,0.01361546203309666,0.009530823423167661,0.02042319304964499,0.04084638609928998,0.05543000717316767,0.03636836032683235,0.066322376799645,0.02547599070035502,0.08674556984929,0.005052797650710032,1,0,0,0,0,0,0
2024-03-02 00:00:00,0.02258413,0.04459332291666666,0.014298089537810345,0.010008662676467241,0.021447134306715517,0.042894268613431034,0.054601985593133895,0.03458466024019942,0.06604045722338217,0.02314618860995114,0.08748759153009769,0.0016990543032356226,1,0,0,0,0,0,0
2024-03-02 01:00:00,0.02235632,0.04307341041666666,0.014652869306062416,0.01025700851424369,0.021979303959093623,0.043958607918187245,0.05333041893091035,0.032816401902422965,0.06505271437576028,0.021094106457573036,0.08703201833485391,-0.0008851975015205862,0,1,0,0,0,0,0
2024-03-02 02:00:00,0.02355056,0.041608259583333335,0.014778420405676652,0.010344894283973656,0.02216763060851498,0.04433526121702996,0.05195315386730699,0.03126336529935968,0.06377589019184832,0.019440628974818356,0.0859435208003633,-0.0027270016336966227,0,1,0,0,0,0,0
2024-03-02 03:00:00,0.02600585,0.040154578749999996,0.014512379849188326,0.010158665894431828,0.02176856977378249,0.04353713954756498,0.05031324464443182,0.029995912855568168,0.06192314852378249,0.018386008976217505,0.08369171829756497,-0.003382560797564986,0,1,0,0,0,0,0
2024-03-02 04:00:00,0.0260636,0.038688748749999995,0.01405927721154926,0.00984149404808448,0.02108891581732389,0.04217783163464778,0.048530242798084475,0.028847254701915515,0.059777664567323884,0.017599832932676106,0.08086658038464778,-0.003489082884647783,0,1,0,0,0,0,0
2024-03-02 05:00:00,0.02634573,0.03713345083333333,0.013214523960026866,0.009250166772018805,0.019821785940040297,0.039643571880080594,0.04638361760535214,0.027883284061314524,0.05695523677337363,0.017311664893293034,0.07677702271341393,-0.002510121046747263,0,1,0,0,0,0,0
2024-03-02 06:00:00,0.02613598,0.035614442499999996,0.012218595953316978,0.008553017167321883,0.018327893929975466,0.03665578785995093,0.04416745966732188,0.027061425332678114,0.053942336429975465,0.01728654857002453,0.07227023035995092,-0.0010413453599509362,0,1,0,0,0,0,0
2024-03-02 07:00:00,0.02782417,0.03429708041666667,0.011199968068186177,0.007839977647730324,0.016799952102279265,0.03359990420455853,0.04213705806439699,0.02645710276893634,0.05109703251894593,0.017497128314387402,0.0678969846212252,0.0006971762121081373,0,0,1,0,0,0,0
2024-03-02 08:00:00,0.02857351,0.033509960416666665,0.010893985927503007,0.007625790149252104,0.01634097889125451,0.03268195778250902,0.04113575056591877,0.02588417026741456,0.04985093930792117,0.017168981525412155,0.06619191819917569,0.0008280026341576444,0,0,1,0,0,0,0
2024-03-02 09:00:00,0.02912576,0.0324871225,0.010037201675369067,0.007026041172758346,0.0150558025130536,0.0301116050261072,0.039513163672758346,0.025461081327241654,0.0475429250130536,0.0174313199869464,0.0625987275261072,0.0023755174738928006,0,0,1,0,0,0,0
2024-03-02 10:00:00,0.02899085,0.031603262916666666,0.009317468899330916,0.006522228229531641,0.013976203348996373,0.027952406697992746,0.03812549114619831,0.025081034687135025,0.04557946626566304,0.017627059567670293,0.05955566961465941,0.00365085621867392,0,0,1,0,0,0,0
2024-03-02 11:00:00,0.03248498,0.03101357125,0.008755498343131095,0.006128848840191766,0.013133247514696644,0.026266495029393287,0.037142420090191766,0.024884722409808234,0.044146818764696644,0.017880323735303356,0.05728006627939329,0.004747076220606713,0,0,0,0,1,0,0
2024-03-02 12:00:00,0.03571533,0.030699639583333337,0.008426588193817324,0.005898611735672126,0.012639882290725987,0.025279764581451973,0.036598251319005466,0.024801027847661212,0.043339521874059324,0.01805975729260735,0.05597940416478531,0.005419875001881364,0,0,0,0,1,0,0
2024-03-02 13:00:00,0.03840123,0.030474820416666663,0.008128675533091838,0.0056900728731642865,0.012193013299637758,0.024386026599275516,0.03616489328983095,0.024784747543502378,0.04266783371630442,0.018281807117028905,0.05486084701594218,0.006088793817391146,0,0,0,0,0,1,0
2024-03-02 14:00:00,0.03887911,0.030298900416666667,0.007885588237120699,0.005519911765984489,0.011828382355681049,0.023656764711362098,0.03581881218265116,0.024778988650682177,0.042127282772347716,0.018470518060985618,0.05395566512802877,0.006642135705304569,0,0,0,0,0,1,0
2024-03-02 15:00:00,0.03861433,0.030151797916666667,0.007685388372657378,0.005379771860860164,0.011528082558986066,0.023056165117972132,0.035531569777526834,0.024772026055806504,0.041679880475652735,0.0186237153576806,0.0532079630346388,0.007095632798694535,0,0,0,0,0,1,0
2024-03-02 16:00:00,0.04349902,0.03015787208333333,0.007696325636181926,0.005387427945327348,0.011544488454272889,0.023088976908545777,0.03554530002866067,0.02477044413800598,0.04170236053760622,0.01861338362906044,0.053246848991879106,0.007068895174787551,0,0,0,0,0,0,1
2024-03-02 17:00:00,0.04461204,0.030246142083333333,0.007854479825063767,0.005498135877544636,0.01178171973759565,0.0235634394751913,0.03574427796087797,0.024748006205788698,0.042027861820928984,0.018464422345737683,0.05380958155852464,0.006682702608142032,0,0,0,0,0,0,1
2024-03-02 18:00:00,0.04504327,0.030453781250000003,0.008184145465890644,0.005728901826123451,0.012276218198835967,0.024552436397671934,0.036182683076123455,0.02472487942387655,0.04272999944883597,0.018177563051164036,0.05500621764767194,0.005901344852328069,0,0,0,0,0,0,1
2024-03-02 19:00:00,0.04628119,0.030799481666666666,0.008676490451313308,0.006073543315919316,0.013014735676969962,0.026029471353939924,0.03687302498258598,0.02472593835074735,0.04381421734363663,0.017784745989696704,0.05682895302060659,0.004770010312726742,0,0,0,0,0,0,1
2024-03-02 20:00:00,0.04746906,0.03150561875,0.00931876274396269,0.006523133920773882,0.013978144115944034,0.027956288231888067,0.03802875267077388,0.024982484829226118,0.045483762865944036,0.017527474634055965,0.059461906981888066,0.0035493305181119317,0,0,0,0,0,0,1
2024-03-02 21:00:00,0.04197462,0.032299457499999996,0.009367172947771263,0.006557021063439883,0.014050759421656893,0.028101518843313786,0.03885647856343988,0.025742436436560115,0.04635021692165689,0.018248698078343104,0.06040097634331378,0.004197938656686211,0,0,0,0,0,1,0
2024-03-02 22:00:00,0.03878097,0.03314748083333333,0.008969646804972338,0.006278752763480637,0.013454470207458508,0.026908940414917017,0.03942623359681397,0.026868728069852695,0.046601951040791845,0.019693010625874825,0.06005642124825035,0.006238540418416316,0,0,0,0,1,0,0
2024-03-02 23:00:00,0.03489547,0.033925295,0.0082164187591545,0.005751493131408149,0.012324628138731749,0.024649256277463498,0.03967678813140815,0.028173801868591853,0.04624992313873175,0.021600666861268252,0.0585745512774635,0.009276038722536503,0,0,0,0,1,0,0
2024-03-03 00:00:00,0.03545177,0.034461446666666666,0.007856120438534338,0.005499284306974037,0.011784180657801508,0.023568361315603015,0.0399607309736407,0.02896216235969263,0.04624562732446817,0.02267726600886516,0.058029807982269685,0.01089308535106365,0,0,0,0,1,0,0
2024-03-03 01:00:00,0.03589404,0.03502551833333333,0.007423260855284584,0.005196282598699208,0.011134891282926876,0.02226978256585375,0.040221800932032536,0.029829235734634123,0.04616040961626021,0.023890627050406454,0.05729530089918708,0.01275573576747958,0,0,0,0,1,0,0
2024-03-03 02:00:00,0.03421544,0.03546988833333333,0.007014434946152761,0.0049101044623069325,0.010521652419229142,0.021043304838458284,0.040379992795640265,0.030559783871026397,0.045991540752562475,0.024948235914104187,0.05651319317179161,0.014426583494875047,0,0,1,0,0,0,0
2024-03-03 03:00:00,0.03359161,0.035785961666666664,0.006734773798180696,0.004714341658726487,0.010102160697271045,0.02020432139454209,0.04050030332539315,0.031071620007940177,0.04588812236393771,0.02568380096939562,0.055990283061208755,0.015581640272124574,0,0,1,0,0,0,0
2024-03-03 04:00:00,0.03197498,0.036032269166666665,0.006466496747443564,0.004526547723210495,0.009699745121165346,0.019399490242330692,0.04055881688987716,0.03150572144345617,0.04573201428783201,0.02633252404550132,0.05543175940899736,0.016632778924335973,0,0,1,0,0,0,0
2024-03-03 05:00:00,0.03460076,0.036376228749999996,0.006140171096029028,0.00429811976722032,0.009210256644043542,0.018420513288087085,0.040674348517220314,0.03207810898277968,0.04558648539404354,0.027165972105956455,0.054796742038087085,0.01795571546191291,0,0,1,0,0,0,0
2024-03-03 06:00:00,0.03458856,0.03672841958333333,0.005757774588742071,0.004030442212119449,0.008636661883113107,0.017273323766226215,0.04075886179545278,0.03269797737121388,0.04536508146644644,0.028091757700220224,0.054001743349559546,0.019455095817107117,0,0,1,0,0,0,0
2024-03-03 07:00:00,0.0341569,0.036992283333333334,0.005469883328297134,0.0038289183298079936,0.008204824992445701,0.016409649984891403,0.04082120166314133,0.03316336500352534,0.045197108325779035,0.028787458340887633,0.05340193331822474,0.02058263334844193,0,0,1,0,0,0,0
2024-03-03 08:00:00,0.03113867,0.037099164999999996,0.005321270767733367,0.0037248895374133563,0.00798190615160005,0.0159638123032001,0.040824054537413355,0.03337427546258664,0.045081071151600045,0.029117258848399948,0.0530629773032001,0.021135352696799895,0,1,0,0,0,0,0
2024-03-03 09:00:00,0.03717588,0.037434586666666665,0.005043276767147773,0.0035302937370034404,0.007564915150721659,0.015129830301443319,0.040964880403670106,0.033904292929663224,0.04499950181738832,0.029869671515945006,0.052564416968109984,0.022304756365223347,0,0,1,0,0,0,0
2024-03-03 10:00:00,0.03749743,0.037789027499999996,0.004712097814625316,0.0032984684702377213,0.007068146721937974,0.014136293443875948,0.04108749597023772,0.03449055902976227,0.04485717422193797,0.030720880778062024,0.05192532094387595,0.023652734056124048,0,0,1,0,0,0,0
2024-03-03 11:00:00,0.03810724,0.03802328833333333,0.004574694942244816,0.003202286459571371,0.006862042413367224,0.013724084826734448,0.0412255747929047,0.034821001873761956,0.04488533074670055,0.031161245919966104,0.05174737316006778,0.02429920350659888,0,0,0,0,1,0,0
2024-03-03 12:00:00,0.04316855,0.03833383916666667,0.004663328816665365,0.0032643301716657556,0.006994993224998048,0.013989986449996095,0.04159816933833242,0.035069508995000914,0.045328832391664714,0.03133884594166862,0.05232382561666277,0.024343852716670573,0,0,0,0,0,1,0
2024-03-03 13:00:00,0.04398185,0.038566365,0.004803850206443891,0.0033626951445107234,0.007205775309665836,0.014411550619331671,0.04192906014451072,0.03520366985548928,0.04577214030966584,0.03136058969033416,0.05297791561933167,0.024154814380668327,0,0,0,0,0,1,0
2024-03-03 14:00:00,0.04223117,0.03870603416666667,0.004861719472900135,0.0034032036310300945,0.0072925792093502025,0.014585158418700405,0.042109237797696764,0.03530283053563657,0.04599861337601687,0.03141345495731646,0.053291192585367075,0.024120875747966262,0,0,0,0,0,1,0
2024-03-03 15:00:00,0.03939781,0.038738679166666665,0.0048637069455833275,0.003404594861908329,0.007295560418374991,0.014591120836749983,0.04214327402857499,0.03533408430475834,0.04603423958504166,0.03144311874829167,0.053329800003416646,0.024147558329916684,0,0,0,0,1,0,0
2024-03-03 16:00:00,0.03603298,0.03842759416666666,0.004784109707215338,0.003348876795050737,0.0071761645608230075,0.014352329121646015,0.041776470961717396,0.03507871737161593,0.04560375872748967,0.03125142960584366,0.05277992328831268,0.024075265045020645,0,0,1,0,0,0,0
2024-03-03 17:00:00,0.03963662,0.038220285,0.0046090655183758725,0.0032263458628631106,0.006913598277563809,0.013827196555127617,0.04144663086286311,0.03499393913713689,0.045133883277563805,0.031306686722436194,0.05204748155512762,0.024393088444872382,0,0,0,0,1,0,0
2024-03-03 18:00:00,0.0433146,0.03814825708333333,0.004510251908620631,0.0031571763360344414,0.006765377862930947,0.013530755725861893,0.04130543341936777,0.03499108074729889,0.044913634946264276,0.031382879220402386,0.05167901280919522,0.024617501357471438,0,0,0,0,0,1,0
2024-03-03 19:00:00,0.04590859,0.038132732083333336,0.004481590104830656,0.003137113073381459,0.0067223851572459845,0.013444770314491969,0.04126984515671479,0.03499561900995188,0.04485511724057932,0.03141034692608735,0.051577502397825305,0.024687961768841367,0,0,0,0,0,0,1
2024-03-03 20:00:00,0.04941272,0.03821371791666666,0.0046711912942188115,0.0032698339059531677,0.007006786941328218,0.014013573882656435,0.04148355182261983,0.034943884010713494,0.04522050485799488,0.031206930975338443,0.052227291799323096,0.024200144034010225,0,0,0,0,0,0,1
2024-03-03 21:00:00,0.04945979,0.0385256,0.0051577544358604325,0.0036104281051023025,0.007736631653790649,0.015473263307581298,0.0421360281051023,0.0349151718948977,0.04626223165379065,0.030788968346209353,0.0539988633075813,0.023052336692418702,0,0,0,0,0,0,1
2024-03-03 22:00:00,0.05131005,0.039047645,0.005781124131966308,0.004046786892376415,0.008671686197949462,0.017343372395898924,0.04309443189237641,0.035000858107623586,0.04771933119794946,0.03037595880205054,0.056391017395898926,0.021704272604101075,0,0,0,0,0,0,1
2024-03-03 23:00:00,0.05140981,0.0397357425,0.006230748449215125,0.004361523914450587,0.009346122673822687,0.018692245347645374,0.04409726641445058,0.03537421858554941,0.04908186517382268,0.03038961982617731,0.05842798784764537,0.021043497152354623,0,0,0,0,0,0,1
2024-03-04 00:00:00,0.06805428,0.04109418041666666,0.00842411100575054,0.005896877704025378,0.01263616650862581,0.02527233301725162,0.04699105812069204,0.03519730271264128,0.05373034692529247,0.028458013908040848,0.06636651343391828,0.01582184739941504,0,0,0,0,0,0,1
2024-03-04 01:00:00,0.08337126,0.043072397916666665,0.011975699296533557,0.008382989507573489,0.017963548944800338,0.035927097889600676,0.051455387424240155,0.034689408409093174,0.061035946861467,0.025108848971866327,0.07899949580626733,0.007145300027065989,0,0,0,0,0,0,1
2024-03-04 02:00:00,0.07775616,0.04488659458333333,0.013743181413483735,0.009620226989438613,0.020614772120225604,0.04122954424045121,0.05450682157277194,0.03526636759389472,0.06550136670355894,0.024271822463107724,0.08611613882378454,0.0036570503428821205,0,0,0,0,0,0,1
2024-03-04 03:00:00,0.071965,0.04648548583333333,0.014578772983255718,0.010205141088279003,0.02186815947488358,0.04373631894976716,0.056690626921612336,0.03628034474505433,0.06835364530821691,0.024617326358449754,0.09022180478310049,0.002749166883566176,0,0,0,0,0,0,1
2024-03-04 04:00:00,0.06719414,0.047952950833333334,0.014825132879035046,0.01037759301532453,0.02223769931855257,0.04447539863710514,0.058330543848657865,0.0375753578180088,0.0701906501518859,0.025715251514780765,0.09242834947043847,0.0034775521962281952,0,0,0,0,0,1,0
2024-03-04 05:00:00,0.06172458,0.049083110000000006,0.014796837982297719,0.010357786587608402,0.022195256973446577,0.044390513946893154,0.059440896587608406,0.038725323412391606,0.07127836697344658,0.02688785302655343,0.09347362394689315,0.0046925960531068525,0,0,0,0,0,1,0
2024-03-04 06:00:00,0.05738689,0.05003304041666667,0.014555697351269244,0.010188988145888471,0.021833546026903867,0.043667092053807734,0.06022202856255514,0.039844052270778196,0.07186658644357054,0.0281994943897628,0.0937001324704744,0.006365948362858934,0,0,0,0,1,0,0
2024-03-04 07:00:00,0.05552889,0.050923539999999996,0.01419138174432557,0.009933967221027898,0.021287072616488354,0.04257414523297671,0.060857507221027896,0.0409895727789721,0.07221061261648835,0.029636467383511642,0.0934976852329767,0.008349394767023288,0,0,0,0,1,0,0
2024-03-04 08:00:00,0.07699704,0.05283430541666667,0.014495657517032723,0.010146960261922905,0.021743486275549083,0.043486972551098166,0.06298126567858958,0.04268734515474377,0.07457779169221576,0.03109081914111759,0.09632127796776484,0.009347332865568506,0,0,0,0,0,0,1
2024-03-04 09:00:00,0.08786966,0.05494654625,0.01575362802895013,0.01102753962026509,0.023630442043425195,0.04726088408685039,0.06597408587026508,0.04391900662973491,0.07857698829342519,0.0313161042065748,0.1022074303368504,0.007685662163149608,0,0,0,0,0,0,1
2024-03-04 10:00:00,0.08991015,0.057130409583333326,0.0168259453143401,0.01177816172003807,0.02523891797151015,0.0504778359430203,0.0689085713033714,0.04535224786329525,0.08236932755484347,0.031891491611823176,0.10760824552635362,0.006652573640313027,0,0,0,0,0,0,1
2024-03-04 11:00:00,0.0867332,0.05915649125,0.017355001878876463,0.012148501315213523,0.026032502818314693,0.052065005636629386,0.07130499256521353,0.04700798993478648,0.08518899406831469,0.033123988431685306,0.11122149688662938,0.007091485613370613,0,0,0,0,0,0,1
2024-03-04 12:00:00,0.08760384,0.061007961666666666,0.0179357268377504,0.012555008786425279,0.0269035902566256,0.0538071805132512,0.07356297045309194,0.04845295288024139,0.08791155192329227,0.034104371410041065,0.11481514217991787,0.007200781153415464,0,0,0,0,0,1,0
2024-03-04 13:00:00,0.08557845,0.06274115333333333,0.018226357375985443,0.01275845016318981,0.027339536063978164,0.05467907212795633,0.07549960349652314,0.049982703170143514,0.0900806893973115,0.03540161726935516,0.11742022546128966,0.008062081205376999,0,0,0,0,0,1,0
2024-03-04 14:00:00,0.08185521,0.06439215499999999,0.018081783727152703,0.012657248609006891,0.027122675590729055,0.05424535118145811,0.07704940360900689,0.0517349063909931,0.09151483059072904,0.03726947940927094,0.1186375061814581,0.010146803818541883,0,0,0,0,0,1,0
2024-03-04 15:00:00,0.07729745,0.06597130666666666,0.017447873722161045,0.012213511605512732,0.02617181058324157,0.05234362116648314,0.0781848182721794,0.053757795061153926,0.09214311724990823,0.03979949608342509,0.1183149278331498,0.01362768550018352,0,0,0,0,1,0,0
2024-03-04 16:00:00,0.06263069,0.06707954458333333,0.016268441797806298,0.011387909258464408,0.024402662696709446,0.04880532539341889,0.07846745384179774,0.05569163532486893,0.09148220728004278,0.042676881886623885,0.11588486997675222,0.01827421918991444,0,0,1,0,0,0,0
2024-03-04 17:00:00,0.0690964,0.06830703541666666,0.015182974664637066,0.010628082265245946,0.022774461996955597,0.045548923993911195,0.07893511768191261,0.057678953151420714,0.09108149741362226,0.045532573419711064,0.11385595941057786,0.022758111422755467,0,0,0,0,1,0,0
2024-03-04 18:00:00,0.06711937,0.06929890083333333,0.014226735617067027,0.009958714931946918,0.02134010342560054,0.04268020685120108,0.07925761576528025,0.059340185901386414,0.09063900425893387,0.04795879740773279,0.11197910768453441,0.02661869398213225,0,0,1,0,0,0,0
2024-03-04 19:00:00,0.06533795,0.0701084575,0.013364543402176727,0.009355180381523708,0.02004681510326509,0.04009363020653018,0.0794636378815237,0.06075327711847629,0.09015527260326509,0.05006164239673491,0.11020208770653017,0.03001482729346982,0,0,1,0,0,0,0
2024-03-04 20:00:00,0.0524886,0.07023661916666667,0.013170792927441418,0.009219555049208992,0.019756189391162127,0.039512378782324255,0.07945617421587566,0.06101706411745768,0.08999280855782879,0.05048042977550454,0.10974899794899093,0.030724240384342412,0,1,0,0,0,0,0
2024-03-04 21:00:00,0.0420884,0.06992947791666666,0.013749603377455075,0.009624722364218552,0.020624405066182613,0.04124881013236523,0.07955420028088521,0.06030475555244811,0.09055388298284928,0.04930507285048405,0.11117828804903189,0.028680667784301436,1,0,0,0,0,0,0
2024-03-04 22:00:00,0.03879189,0.06940788791666666,0.01469179537095783,0.01028425675967048,0.022037693056436745,0.04407538611287349,0.07969214467633715,0.05912363115699618,0.0914455809731034,0.04737019486022992,0.11348327402954014,0.02533250180379317,1,0,0,0,0,0,0
2024-03-04 23:00:00,0.03940096,0.06890751916666667,0.015512967421604362,0.010859077195123053,0.02326945113240654,0.04653890226481308,0.07976659636178972,0.058048441971543616,0.09217697029907321,0.045638068034260126,0.11544642143147975,0.022368616901853586,1,0,0,0,0,0,0
2024-03-05 00:00:00,0.06584711,0.06881555375,0.015524783472591591,0.010867348430814112,0.023287175208887387,0.046574350417774774,0.07968290218081411,0.05794820531918588,0.09210272895888738,0.04552837854111261,0.11538990416777477,0.02224120333222522,0,0,1,0,0,0,0
2024-03-05 01:00:00,0.07509166,0.06847057041666667,0.015277291110107004,0.010694103777074903,0.022915936665160504,0.04583187333032101,0.07916467419374157,0.05777646663959177,0.09138650708182718,0.04555463375150616,0.11430244374698767,0.02263869708634566,0,0,0,0,1,0,0
2024-03-05 02:00:00,0.07876851,0.06851275166666666,0.015305415392586563,0.010713790774810593,0.022958123088879845,0.04591624617775969,0.07922654244147725,0.05779896089185607,0.09147087475554651,0.04555462857778682,0.11442899784442635,0.022596505488906973,0,0,0,0,1,0,0
2024-03-05 03:00:00,0.07663249,0.06870723041666667,0.015380657576598622,0.010766460303619035,0.023070986364897933,0.046141972729795866,0.0794736907202857,0.05794077011304763,0.0917782167815646,0.045636244051768735,0.11484920314646253,0.0225652576868708,0,0,0,0,1,0,0
2024-03-05 04:00:00,0.07433636,0.06900482291666667,0.015419156095991867,0.010793409267194307,0.0231287341439878,0.0462574682879756,0.07979823218386098,0.05821141364947236,0.09213355706065446,0.04587608877267887,0.11526229120464226,0.02274735462869107,0,0,0,0,1,0,0
2024-03-05 05:00:00,0.07853791,0.06970537833333333,0.015455908904389358,0.01081913623307255,0.023183863356584036,0.04636772671316807,0.08052451456640589,0.058886242100260784,0.09288924168991737,0.04652151497674929,0.1160731050465014,0.02333765162016526,0,0,0,0,1,0,0
2024-03-05 06:00:00,0.08411441,0.070819025,0.015492589794723682,0.010844812856306577,0.023238884692085522,0.046477769384171044,0.08166383785630657,0.05997421214369342,0.09405790969208552,0.04758014030791447,0.11729679438417104,0.02434125561582895,0,0,0,0,0,1,0
2024-03-05 07:00:00,0.08631855,0.0721019275,0.015446140226625785,0.010812298158638049,0.023169210339938677,0.046338420679877354,0.08291422565863804,0.06128962934136195,0.09527113783993868,0.04893271716006132,0.11844034817987735,0.025763506820122642,0,0,0,0,0,1,0
2024-03-05 08:00:00,0.08812968,0.07256578749999999,0.01576343793766574,0.011034406556366016,0.023645156906498606,0.04729031381299721,0.08360019405636601,0.06153138094363397,0.0962109444064986,0.04892063059350139,0.1198561013129972,0.02527547368700278,0,0,0,0,0,1,0
2024-03-05 09:00:00,0.09578148,0.07289544666666667,0.016174764429313405,0.011322335100519384,0.024262146643970108,0.048524293287940216,0.08421778176718606,0.06157311156614728,0.09715759331063678,0.04863330002269656,0.12141973995460689,0.024371153378726453,0,0,0,0,0,1,0
2024-03-05 10:00:00,0.09937594,0.07328985458333333,0.016714107702969723,0.011699875392078805,0.025071161554454584,0.05014232310890917,0.08498972997541213,0.06158997919125452,0.09836101613778792,0.04821869302887874,0.12343217769224249,0.02314753147442416,0,0,0,0,0,0,1
2024-03-05 11:00:00,0.09793791,0.0737567175,0.017253713086563118,0.012077599160594182,0.025880569629844676,0.05176113925968935,0.08583431666059418,0.061679118339405814,0.09963728712984468,0.047876147870155324,0.12551785675968935,0.021995578240310648,0,0,0,0,0,1,0
2024-03-05 12:00:00,0.1027377,0.07438729499999999,0.018040408296763247,0.012628285807734271,0.02706061244514487,0.05412122489028974,0.08701558080773426,0.06175900919226572,0.10144790744514487,0.04732668255485512,0.12850851989028972,0.020266070109710252,0,0,0,0,0,0,1
2024-03-05 13:00:00,0.09751333,0.07488458166666667,0.018520414251066177,0.012964289975746323,0.027780621376599264,0.05556124275319853,0.08784887164241299,0.06192029169092035,0.10266520304326593,0.04710396029006741,0.1304458244198652,0.019323338913468144,0,0,0,0,0,1,0
2024-03-05 14:00:00,0.09151431,0.07528704416666666,0.018781585445254892,0.013147109811678423,0.028172378167882338,0.056344756335764676,0.08843415397834509,0.06213993435498824,0.103459422334549,0.047114665998784326,0.13163180050243134,0.018942287830901988,0,0,0,0,0,1,0
2024-03-05 15:00:00,0.08531246,0.07562100291666667,0.01888983329104074,0.013222883303728516,0.028334749936561106,0.05666949987312221,0.08884388622039519,0.06239811961293815,0.10395575285322778,0.04728625298010556,0.13229050278978888,0.018951503043544454,0,0,0,0,1,0,0
2024-03-05 16:00:00,0.07246194,0.07603063833333333,0.01870154336947086,0.013091080358629601,0.028052315054206294,0.05610463010841259,0.08912171869196293,0.06293955797470373,0.10408295338753962,0.04797832327912704,0.13213526844174592,0.019926008224920744,0,0,1,0,0,0,0
2024-03-05 17:00:00,0.06841786,0.07600236583333334,0.01871299154606516,0.013099094082245612,0.02806948731909774,0.05613897463819548,0.08910145991557894,0.06290327175108773,0.10407185315243107,0.0479328785142356,0.1321413404715288,0.01986339119513786,0,0,1,0,0,0,0
2024-03-05 18:00:00,0.06438427,0.07588840333333333,0.018777657916252254,0.013144360541376578,0.02816648687437838,0.05633297374875676,0.0890327638747099,0.06274404279195675,0.1040548902077117,0.04772191645895495,0.13222137708209009,0.019555429584576567,0,0,1,0,0,0,0
2024-03-05 19:00:00,0.05925885,0.0756351075,0.018966217351869416,0.01327635214630859,0.028449326027804124,0.05689865205560825,0.0889114596463086,0.06235875535369142,0.10408443352780414,0.04718578147219588,0.13253375955560825,0.01873645544439176,0,1,0,0,0,0,0
2024-03-05 20:00:00,0.04603343,0.07536614208333332,0.019350612279448905,0.013545428595614233,0.029025918419173357,0.058051836838346714,0.08891157067894756,0.06182071348771909,0.10439206050250668,0.04634022366415996,0.13341797892168003,0.01731430524498661,1,0,0,0,0,0,0
2024-03-05 21:00:00,0.03864796,0.07522279041666667,0.019618742240290168,0.013733119568203117,0.02942811336043525,0.0588562267208705,0.08895590998486978,0.06148967084846355,0.10465090377710193,0.04579467705623142,0.13407901713753717,0.01636656369579617,1,0,0,0,0,0,0
2024-03-05 22:00:00,0.03195149,0.07493777374999999,0.020211739367167848,0.014148217557017492,0.030317609050751773,0.060635218101503546,0.08908599130701748,0.0607895561929825,0.10525538280075177,0.04462016469924822,0.13557299185150354,0.014302555648496446,1,0,0,0,0,0,0
2024-03-05 23:00:00,0.02562799,0.0743639,0.021423795268947072,0.014996656688262949,0.03213569290342061,0.06427138580684122,0.08936055668826294,0.059367243311737046,0.1064995929034206,0.04222820709657939,0.1386352858068412,0.010092514193158778,1,0,0,0,0,0,0
2024-03-06 00:00:00,0.01958704,0.07243639708333334,0.024133072513261484,0.01689315075928304,0.03619960876989223,0.07239921753978446,0.08932954784261637,0.055543246324050305,0.10863600585322557,0.03623678831344111,0.14483561462311778,3.717954354888475e-05,1,0,0,0,0,0,0
2024-03-06 01:00:00,0.01663256,0.07000060125,0.026670242923906226,0.018669170046734358,0.04000536438585934,0.08001072877171868,0.08866977129673437,0.051331431203265644,0.11000596563585935,0.029995236864140663,0.15001133002171868,-0.010010127521718676,1,0,0,0,0,0,0
2024-03-06 02:00:00,0.01637642,0.06740093083333333,0.02873902092485394,0.020117314647397758,0.04310853138728091,0.08621706277456181,0.08751824548073109,0.04728361618593557,0.11050946222061424,0.024292399446052423,0.15361799360789513,-0.018816131941228484,1,0,0,0,0,0,0
2024-03-06 03:00:00,0.01998805,0.06504074583333333,0.030234941398975593,0.021164458979282916,0.04535241209846339,0.09070482419692678,0.08620520481261625,0.043876286854050414,0.11039315793179671,0.019688333734869938,0.15574557003026013,-0.025664078363593454,0,1,0,0,0,0,0
2024-03-06 04:00:00,0.01777532,0.06268403583333333,0.03165012723381296,0.022155089063669073,0.04747519085071944,0.09495038170143888,0.0848391248970024,0.04052894676966426,0.11015922668405277,0.015208844982613892,0.1576344175347722,-0.03226634586810555,0,1,0,0,0,0,0
2024-03-06 05:00:00,0.02019981,0.060253281666666665,0.03260538851104707,0.022823771957732948,0.048908082766570604,0.09781616553314121,0.08307705362439961,0.03742950970893372,0.10916136443323726,0.011345198900096061,0.15806944719980787,-0.03756288386647454,0,1,0,0,0,0,0
2024-03-06 06:00:00,0.02494087,0.057787717499999995,0.032957995725477,0.0230705970078339,0.0494369935882155,0.098873987176431,0.0808583145078339,0.0347171204921661,0.10722471108821549,0.008350723911784493,0.156661704676431,-0.04108626967643101,0,1,0,0,0,0,0
2024-03-06 07:00:00,0.02949038,0.05541987708333334,0.032860342796544505,0.02300223995758115,0.049290514194816754,0.09858102838963351,0.0784221170409145,0.032417637125752186,0.1047103912781501,0.006129362888516586,0.15400090547296685,-0.04316115130630017,0,1,0,0,0,0,0
2024-03-06 08:00:00,0.0451547,0.05362925291666667,0.03216394117655368,0.022514758823587576,0.04824591176483052,0.09649182352966104,0.07614401174025424,0.031114494093079093,0.10187516468149718,0.005383341151836148,0.15012107644632772,-0.04286257061299437,0,0,1,0,0,0,0
2024-03-06 09:00:00,0.04843294,0.05165639708333333,0.030893026617603275,0.02162511863232229,0.04633953992640491,0.09267907985280982,0.07328151571565562,0.030031278451011043,0.09799593700973824,0.005316857156928423,0.14433547693614315,-0.04102268276947649,0,0,1,0,0,0,0
2024-03-06 10:00:00,0.05206313,0.04968502999999999,0.029177462186586404,0.02042422353061048,0.04376619327987961,0.08753238655975921,0.07010925353061047,0.02926080646938951,0.09345122327987959,0.005918836720120384,0.13721741655975922,-0.037847356559759224,0,0,0,0,1,0,0
2024-03-06 11:00:00,0.0558083,0.04792962958333333,0.027358854034760908,0.019151197824332635,0.041038281052141364,0.08207656210428273,0.06708082740766597,0.028778431759000692,0.08896791063547468,0.006891348531191964,0.13000619168761607,-0.0341469325209494,0,0,0,0,1,0,0
2024-03-06 12:00:00,0.06423446,0.046325327916666666,0.02503546238248163,0.017524823667737142,0.03755319357372244,0.07510638714744489,0.06385015158440381,0.028800504248929524,0.0838785214903891,0.008772134342944223,0.12143171506411155,-0.02878105923077822,0,0,0,0,0,1,0
2024-03-06 13:00:00,0.06173366,0.04483450833333333,0.022822257225361266,0.015975580057752885,0.0342333858380419,0.0684667716760838,0.06081008839108622,0.028858928275580443,0.07906789417137522,0.01060112249529143,0.11330128000941712,-0.023632263342750467,0,0,0,0,0,1,0
2024-03-06 14:00:00,0.05858246,0.043462347916666665,0.020793486942419184,0.014555440859693429,0.031190230413628776,0.06238046082725755,0.058017788776360095,0.028906907056973234,0.07465257833029544,0.012272117503037888,0.10584280874392421,-0.018918112910590888,0,0,0,0,0,1,0
2024-03-06 15:00:00,0.05098003,0.04203183,0.01888231262140361,0.013217618834982526,0.028323468932105418,0.056646937864210836,0.05524944883498253,0.02881421116501747,0.07035529893210542,0.013708361067894581,0.09867876786421084,-0.014615107864210837,0,0,0,0,1,0,0
2024-03-06 16:00:00,0.03858853,0.04062043791666666,0.01774029538258816,0.012418206767811711,0.026610443073882238,0.053220886147764476,0.05303864468447837,0.02820223114885495,0.0672308809905489,0.014009994842784423,0.09384132406443113,-0.012600448231097815,0,0,1,0,0,0,0
2024-03-06 17:00:00,0.0385031,0.03937398958333333,0.01672412354062019,0.011706886478434134,0.025086185310930285,0.05017237062186057,0.05108087606176746,0.0276671031048992,0.06446017489426362,0.014287804272403046,0.08954636020519391,-0.01079838103852724,0,0,1,0,0,0,0
2024-03-06 18:00:00,0.03675906,0.038222939166666664,0.015856065646894985,0.011099245952826488,0.023784098470342477,0.047568196940684954,0.049322185119493156,0.027123693213840176,0.06200703763700914,0.014438840696324187,0.08579113610735162,-0.00934525777401829,0,0,1,0,0,0,0
2024-03-06 19:00:00,0.03578154,0.03724471791666666,0.01521301743950399,0.010649112207652791,0.022819526159255983,0.045639052318511966,0.047893830124319456,0.02659560570901387,0.060064244075922646,0.01442519175741068,0.08288377023517862,-0.008394334401845303,0,0,1,0,0,0,0
2024-03-06 20:00:00,0.02914158,0.03654089083333333,0.015179442811610872,0.01062560996812761,0.02276916421741631,0.04553832843483262,0.04716650080146094,0.025915280865205722,0.05931005505074964,0.013771726615917024,0.08207921926816594,-0.008997437601499285,0,0,1,0,0,0,0
2024-03-06 21:00:00,0.02486587,0.03596663708333333,0.015355933689212788,0.010749153582448951,0.023033900533819183,0.046067801067638366,0.046715790665782284,0.025217483500884378,0.059000537617152515,0.012932736549514146,0.0820344381509717,-0.010101163984305037,0,1,0,0,0,0,0
2024-03-06 22:00:00,0.02512359,0.03568214125,0.01549616480266716,0.010847315361867012,0.02324424720400074,0.04648849440800148,0.04652945661186701,0.02483482588813299,0.058926388454000736,0.012437894045999261,0.08217063565800148,-0.010806353158001478,0,0,1,0,0,0,0
2024-03-06 23:00:00,0.02467279,0.03564234125,0.01552431148544069,0.010867018039808482,0.023286467228161037,0.046572934456322074,0.04650935928980848,0.02477532321019152,0.05892880847816104,0.012355874021838964,0.08221527570632207,-0.010930593206322073,0,1,0,0,0,0,0
2024-03-07 00:00:00,0.0283885,0.036009068750000005,0.015229712750239354,0.010660798925167548,0.02284456912535903,0.04568913825071806,0.04666986767516755,0.02534826982483246,0.058853637875359036,0.013164499624640974,0.08169820700071806,-0.009680069500718057,0,0,1,0,0,0,0
2024-03-07 01:00:00,0.02744288,0.03645949875,0.014785093354287139,0.010349565348000996,0.022177640031430707,0.044355280062861414,0.046809064098000994,0.026109933401999005,0.0586371387814307,0.014281858718569292,0.08081477881286142,-0.007895781312861415,0,0,1,0,0,0,0
2024-03-07 02:00:00,0.02520065,0.036827175,0.014367783753465233,0.010057448627425662,0.02155167563019785,0.0431033512603957,0.04688462362742566,0.026769726372574333,0.05837885063019785,0.015275499369802145,0.0799305262603957,-0.006276176260395706,0,1,0,0,0,0,0
2024-03-07 03:00:00,0.02620367,0.03708615916666667,0.014104665910441917,0.009873266137309341,0.021156998865662874,0.04231399773132575,0.04695942530397601,0.027212893029357324,0.058243158032329545,0.015929160301003793,0.07940015689799242,-0.005227838564659082,0,1,0,0,0,0,0
2024-03-07 04:00:00,0.02459431,0.037370283750000004,0.013763305268197391,0.009634313687738174,0.020644957902296087,0.041289915804592174,0.047004597437738174,0.02773597006226183,0.05801524165229609,0.016725325847703917,0.07866019955459218,-0.00391963205459217,0,1,0,0,0,0,0
2024-03-07 05:00:00,0.02375184,0.037518285,0.013588627422640899,0.009512039195848629,0.020382941133961347,0.040765882267922694,0.04703032419584863,0.02800624580415137,0.05790122613396134,0.01713534386603865,0.0782841672679227,-0.003247597267922696,0,1,0,0,0,0,0
2024-03-07 06:00:00,0.02069022,0.03734117458333333,0.013785953562594705,0.009650167493816293,0.02067893034389206,0.04135786068778412,0.046991342077149625,0.027691007089517036,0.05802010492722539,0.016662244239441272,0.07869903527111745,-0.004016686104450787,0,1,0,0,0,0,0
2024-03-07 07:00:00,0.02021476,0.036954690416666665,0.014141062748505497,0.009898743923953847,0.021211594122758245,0.04242318824551649,0.04685343434062051,0.02705594649271282,0.058166284539424906,0.01574309629390842,0.07937787866218315,-0.005468497828849825,0,1,0,0,0,0,0
2024-03-07 08:00:00,0.02819283,0.03624794583333333,0.014137284056188925,0.009896098839332247,0.021205926084283386,0.04241185216856677,0.04614404467266558,0.02635184699400108,0.057453871917616715,0.015042019749049944,0.0786597980019001,-0.006163906335233442,0,0,1,0,0,0,0
2024-03-07 09:00:00,0.03024923,0.03549029124999999,0.013941770127690684,0.009759239089383477,0.020912655191536025,0.04182531038307205,0.04524953033938347,0.025731052160616517,0.05640294644153602,0.014577636058463968,0.07731560163307205,-0.006335019133072058,0,0,1,0,0,0,0
2024-03-07 10:00:00,0.02922129,0.03453854791666667,0.013534946350330389,0.009474462445231271,0.020302419525495583,0.040604839050991166,0.04401301036189794,0.025064085471435398,0.054840967442162256,0.014236128391171086,0.07514338696765784,-0.006066291134324497,0,0,1,0,0,0,0
2024-03-07 11:00:00,0.03128774,0.03351685791666666,0.012763045772043877,0.008934132040430713,0.019144568658065818,0.038289137316131636,0.042450989957097375,0.02458272587623595,0.05266142657473248,0.014372289258600845,0.07180599523279829,-0.004772279399464972,0,0,1,0,0,0,0
2024-03-07 12:00:00,0.03594964,0.03233832375,0.01098537661160146,0.007689763628121022,0.01647806491740219,0.03295612983480438,0.040028087378121024,0.02464856012187898,0.04881638866740219,0.015860258832597812,0.06529445358480437,-0.0006178060848043773,0,0,0,0,1,0,0
2024-03-07 13:00:00,0.03999614,0.03143259375,0.009208865096362704,0.006446205567453893,0.013813297644544056,0.02762659528908811,0.037878799317453894,0.02498638818254611,0.04524589139454406,0.017619296105455946,0.05905918903908811,0.00380599846091189,0,0,0,0,0,1,0
2024-03-07 14:00:00,0.04307055,0.03078626416666667,0.007629389679579733,0.005340572775705813,0.0114440845193696,0.0228881690387392,0.03612683694237248,0.025445691390960857,0.04223034868603627,0.01934217964729707,0.053674433205405866,0.007898095127927472,0,0,0,0,0,0,1
2024-03-07 15:00:00,0.04004684,0.03033071458333333,0.006632476009529368,0.004642733206670557,0.009948714014294051,0.019897428028588102,0.034973447790003886,0.025687981376662776,0.040279428597627384,0.02038200056903928,0.050228142611921434,0.010433286554745229,0,0,0,0,0,1,0
2024-03-07 16:00:00,0.03449558,0.030160175,0.006461324917592715,0.0045229274423149,0.009691987376389074,0.019383974752778147,0.0346831024423149,0.0256372475576851,0.039852162376389076,0.020468187623610926,0.04954414975277815,0.010776200247221854,0,0,0,0,1,0,0
2024-03-07 17:00:00,0.03030586,0.029818623333333332,0.006213021383827807,0.004349114968679465,0.00931953207574171,0.01863906415148342,0.0341677383020128,0.025469508364653868,0.039138155409075046,0.020499091257591622,0.048457687484816755,0.011179559181849912,0,0,0,0,1,0,0
2024-03-07 18:00:00,0.03171292,0.029608367499999996,0.006051213736793541,0.004235849615755479,0.00907682060519031,0.01815364121038062,0.03384421711575548,0.02537251788424452,0.03868518810519031,0.020531546894809686,0.04776200871038062,0.011454726289619376,0,0,0,0,1,0,0
2024-03-07 19:00:00,0.0295098,0.029347045,0.005906731704601789,0.004134712193221252,0.008860097556902684,0.01772019511380537,0.03348175719322125,0.025212332806778745,0.03820714255690268,0.020486947443097314,0.047067240113805364,0.01162684988619463,0,0,0,0,1,0,0
2024-03-07 20:00:00,0.0263367,0.029230174999999997,0.005938636140162454,0.004157045298113718,0.008907954210243681,0.017815908420487362,0.033387220298113716,0.025073129701886278,0.038138129210243676,0.020322220789756318,0.047046083420487356,0.011414266579512635,0,0,1,0,0,0,0
2024-03-07 21:00:00,0.02202586,0.029111841249999996,0.00605650605681507,0.0042395542397705484,0.009084759085222605,0.01816951817044521,0.03335139548977054,0.02487228701022945,0.0381966003352226,0.02002708216477739,0.0472813594204452,0.010942323079554787,0,1,0,0,0,0,0
2024-03-07 22:00:00,0.02207601,0.02898485875,0.006174558224617705,0.004322190757232393,0.009261837336926558,0.018523674673853116,0.03330704950723239,0.024662667992767603,0.03824669608692656,0.01972302141307344,0.04750853342385311,0.010461184076146882,0,1,0,0,0,0,0
2024-03-07 23:00:00,0.02322376,0.0289244825,0.006225430762453844,0.00435780153371769,0.009338146143680765,0.01867629228736153,0.03328228403371769,0.02456668096628231,0.03826262864368077,0.019586336356319234,0.047600774787361536,0.01024819021263847,0,1,0,0,0,0,0
2024-03-08 00:00:00,0.02811958,0.028913277499999997,0.006226679293806237,0.004358675505664366,0.009340018940709356,0.018680037881418712,0.033271953005664365,0.02455460199433563,0.03825329644070935,0.01957325855929064,0.04759331538141871,0.010233239618581285,0,0,1,0,0,0,0
2024-03-08 01:00:00,0.02670059,0.02888234875,0.006236136850106403,0.004365295795074482,0.009354205275159604,0.01870841055031921,0.03324764454507448,0.024517052954925518,0.0382365540251596,0.019528143474840394,0.04759075930031921,0.01017393819968079,0,0,1,0,0,0,0
2024-03-08 02:00:00,0.03111202,0.029128655833333333,0.006201040517873089,0.004340728362511162,0.009301560776809633,0.018603121553619265,0.0334693841958445,0.02478792747082217,0.03843021661014297,0.0198270950565237,0.0477317773869526,0.010525534279714067,0,0,0,0,1,0,0
2024-03-08 03:00:00,0.03642079,0.029554369166666664,0.006340644923192601,0.00443845144623482,0.0095109673847889,0.0190219347695778,0.033992820612901486,0.025115917720431844,0.03906533655145557,0.020043401781877763,0.048576303936244465,0.010532434397088862,0,0,0,0,0,1,0
2024-03-08 04:00:00,0.03895218,0.030152613749999998,0.006526914307005251,0.004568840014903676,0.009790371460507877,0.019580742921015755,0.034721453764903674,0.02558377373509632,0.039942985210507875,0.02036224228949212,0.04973335667101575,0.010571870828984243,0,0,0,0,0,1,0
2024-03-08 05:00:00,0.03829238,0.030758469583333333,0.006581563371695803,0.0046070943601870615,0.009872345057543704,0.019744690115087407,0.035365563943520396,0.02615137522314627,0.04063081464087703,0.02088612452578963,0.050503159698420744,0.011013779468245926,0,0,0,0,0,1,0
2024-03-08 06:00:00,0.03723029,0.031447639166666666,0.006343111135722747,0.004440177795005922,0.00951466670358412,0.01902933340716824,0.03588781696167259,0.027007461371660744,0.040962305870250786,0.021932972463082546,0.050476972573834905,0.012418305759498427,0,0,0,0,0,1,0
2024-03-08 07:00:00,0.03638723,0.032121492083333335,0.005944418176054637,0.004161092723238245,0.008916627264081956,0.01783325452816391,0.03628258480657158,0.02796039936009509,0.04103811934741529,0.02320486481925138,0.04995474661149725,0.014288237555169423,0,0,0,0,0,1,0
2024-03-08 08:00:00,0.04390087,0.032775993749999996,0.006344353502439815,0.00444104745170787,0.009516530253659722,0.019033060507319444,0.037217041201707865,0.028334946298292127,0.042292524003659716,0.023259463496340275,0.05180905425731944,0.013742933242680552,0,0,0,0,0,0,1
2024-03-08 09:00:00,0.03964928,0.03316766249999999,0.0064704838686173395,0.004529338708032137,0.009705725802926009,0.019411451605852018,0.03769700120803213,0.028638323791967856,0.042873388302926,0.023461936697073985,0.05257911410585201,0.013756210894147976,0,0,0,0,0,1,0
2024-03-08 10:00:00,0.0354269,0.033426229583333335,0.006429789522748618,0.0045008526659240326,0.009644684284122927,0.019289368568245854,0.037927082249257366,0.028925376917409304,0.04307091386745626,0.023781545299210408,0.05271559815157919,0.01413686101508748,0,0,0,0,1,0,0
2024-03-08 11:00:00,0.03339904,0.03351420041666667,0.006413682096528184,0.004489577467569728,0.009620523144792276,0.019241046289584552,0.038003777884236395,0.02902462294909694,0.04313472356145894,0.023893677271874393,0.052755246706251216,0.014273154127082115,0,0,1,0,0,0,0
2024-03-08 12:00:00,0.03959694,0.033666171249999995,0.0065162885757844265,0.004561402003049098,0.00977443286367664,0.01954886572735328,0.038227573253049096,0.029104769246950896,0.04344060411367663,0.023891738386323354,0.053215036977353275,0.014117305522646714,0,0,0,0,0,1,0
2024-03-08 13:00:00,0.04123255,0.033717688333333336,0.006573147856975243,0.00460120349988267,0.009859721785462865,0.01971944357092573,0.038318891833216004,0.029116484833450668,0.0435774101187962,0.023857966547870472,0.05343713190425907,0.013998244762407606,0,0,0,0,0,1,0
2024-03-08 14:00:00,0.0417662,0.033663340416666666,0.006497410531795162,0.004548187372256613,0.009746115797692743,0.019492231595385486,0.03821152778892328,0.029115153044410053,0.04340945621435941,0.02391722461897392,0.05315557201205215,0.01417110882128118,0,0,0,0,0,1,0
2024-03-08 15:00:00,0.04510537,0.0338741125,0.006788995828860164,0.004752297080202114,0.010183493743290245,0.02036698748658049,0.03862640958020211,0.029121815419797883,0.04405760624329024,0.023690618756709754,0.054241099986580485,0.013507125013419507,0,0,0,0,0,0,1
2024-03-08 16:00:00,0.03574844,0.033926315,0.006798791963276514,0.0047591543742935595,0.010198187944914772,0.020396375889829545,0.038685469374293555,0.02916716062570644,0.04412450294491477,0.023728127055085226,0.05432269088982954,0.013529939110170454,0,0,0,0,1,0,0
2024-03-08 17:00:00,0.0338459,0.034073816666666666,0.0067550907374691015,0.004728563516228371,0.010132636106203652,0.020265272212407304,0.03880238018289504,0.029345253150438295,0.04420645277287032,0.023941180560463016,0.054339088879073974,0.013808544454259362,0,0,1,0,0,0,0
2024-03-08 18:00:00,0.031999,0.034085736666666665,0.006750994745057108,0.004725696321539975,0.01012649211758566,0.02025298423517132,0.03881143298820664,0.029360040345126688,0.04421222878425232,0.023959244549081004,0.054338720901837986,0.013832752431495343,0,0,1,0,0,0,0
2024-03-08 19:00:00,0.02798745,0.03402230541666667,0.0068028118560642835,0.004761968299244998,0.010204217784096425,0.02040843556819285,0.038784273715911664,0.02926033711742167,0.04422652320076309,0.023818087632570244,0.05443074098485952,0.01361386984847382,0,1,0,0,0,0,0
2024-03-08 20:00:00,0.02146917,0.033819491666666666,0.007107635840611503,0.004975345088428052,0.010661453760917254,0.021322907521834508,0.03879483675509472,0.028844146578238614,0.04448094542758392,0.023158037905749412,0.055142399188501175,0.012496584144832158,1,0,0,0,0,0,0
2024-03-08 21:00:00,0.01671249,0.03359810125,0.0075593553771620674,0.005291548764013447,0.0113390330657431,0.0226780661314862,0.03888965001401345,0.028306552485986552,0.0449371343157431,0.022259068184256898,0.0562761673814862,0.010920035118513798,1,0,0,0,0,0,0
2024-03-08 22:00:00,0.01222954,0.03318783166666667,0.008429053666767671,0.005900337566737369,0.012643580500151507,0.025287161000303014,0.03908816923340404,0.027287494099929296,0.04583141216681817,0.020544251166515162,0.05847499266696968,0.007900670666363654,1,0,0,0,0,0,0
2024-03-08 23:00:00,0.00843362,0.03257157583333333,0.009642522474651331,0.006749765732255932,0.014463783711976996,0.02892756742395399,0.039321341565589266,0.0258218101010774,0.047035359545310323,0.018107792121356336,0.06149914325728732,0.00364400840937934,1,0,0,0,0,0,0
2024-03-09 00:00:00,0.01150499,0.03187930125,0.010531481637182679,0.007372037146027874,0.01579722245577402,0.03159444491154804,0.039251338396027874,0.024507264103972123,0.04767652370577402,0.01608207879422598,0.06347374616154804,0.0002848563384519609,1,0,0,0,0,0,0
2024-03-09 01:00:00,0.01286822,0.0313029525,0.01118541036706814,0.007829787256947697,0.01677811555060221,0.03355623110120442,0.0391327397569477,0.023473165243052305,0.04808106805060221,0.014524836949397792,0.06485918360120442,-0.002253278601204417,1,0,0,0,0,0,0
2024-03-09 02:00:00,0.01229323,0.03051883625,0.011839846672216233,0.008287892670551363,0.01775977000832435,0.0355195400166487,0.03880672892055136,0.022230943579448638,0.04827860625832435,0.012759066241675651,0.0660383762666487,-0.005000703766648698,1,0,0,0,0,0,0
2024-03-09 03:00:00,0.0121355,0.02950694916666666,0.01234068089595649,0.008638476627169541,0.018511021343934734,0.03702204268786947,0.0381454257938362,0.02086847253949712,0.048017970510601395,0.010995927822731927,0.06652899185453613,-0.007515093521202807,0,1,0,0,0,0,0
2024-03-09 04:00:00,0.01152329,0.028364078749999997,0.012692992347763603,0.00888509464343452,0.019039488521645404,0.03807897704329081,0.03724917339343452,0.019478984106565476,0.0474035672716454,0.009324590228354593,0.06644305579329081,-0.009714898293290811,0,1,0,0,0,0,0
2024-03-09 05:00:00,0.01383036,0.027344827916666665,0.012842358817180974,0.00898965117202668,0.01926353822577146,0.03852707645154292,0.03633447908869335,0.018355176744639982,0.04660836614243813,0.008081289690895204,0.06587190436820958,-0.011182248534876257,0,1,0,0,0,0,0
2024-03-09 06:00:00,0.01647075,0.02647984708333333,0.012846702749834793,0.008992691924884354,0.01927005412475219,0.03854010824950438,0.03547253900821769,0.017487155158448977,0.04574990120808552,0.007209792958581141,0.0650199553328377,-0.012060261166171048,0,1,0,0,0,0,0
2024-03-09 07:00:00,0.01899482,0.025755163333333334,0.012753744791510438,0.008927621354057306,0.019130617187265657,0.038261234374531314,0.03468278468739064,0.01682754197927603,0.044885780520598995,0.006624546146067677,0.06401639770786464,-0.01250607104119798,0,0,1,0,0,0,0
2024-03-09 08:00:00,0.02922031,0.02514347333333333,0.012184977854082266,0.008529484497857585,0.0182774667811234,0.0365549335622468,0.03367295783119091,0.016613988835475744,0.04342094011445673,0.006866006552209928,0.061698406895580135,-0.011411460228913473,0,0,0,0,1,0,0
2024-03-09 09:00:00,0.03048565,0.024761655416666663,0.0118496309764122,0.00829474168348854,0.017774446464618298,0.035548892929236596,0.033056397100155205,0.016466913733178122,0.04253610188128496,0.0069872089520483655,0.060310548345903256,-0.010787237512569933,0,0,0,0,1,0,0
2024-03-09 10:00:00,0.02811689,0.024457071666666667,0.011655937086165538,0.008159155960315877,0.017483905629248307,0.034967811258496614,0.03261622762698255,0.01629791570635079,0.04194097729591498,0.0069731660374183595,0.05942488292516328,-0.010510739591829948,0,0,0,0,1,0,0
2024-03-09 11:00:00,0.02476301,0.02409723708333333,0.011500146036002237,0.008050102225201566,0.017250219054003355,0.03450043810800671,0.032147339308534896,0.016047134858131765,0.04134745613733669,0.006847018029329976,0.05859767519134004,-0.010403201024673379,0,0,0,0,1,0,0
2024-03-09 12:00:00,0.02606293,0.02353332,0.011029246401447533,0.0077204724810132725,0.016543869602171298,0.033087739204342596,0.03125379248101327,0.015812847518986727,0.0400771896021713,0.006989450397828702,0.0566210592043426,-0.009554419204342596,0,0,0,0,1,0,0
2024-03-09 13:00:00,0.02414049,0.02282115083333333,0.010368748670713189,0.007258124069499231,0.015553123006069782,0.031106246012139564,0.030079274902832562,0.0155630267638341,0.03837427383940312,0.007268027827263549,0.053927396845472896,-0.008285095178806233,0,0,0,0,1,0,0
2024-03-09 14:00:00,0.02293204,0.022036394166666667,0.009553212532228598,0.006687248772560018,0.014329818798342896,0.028659637596685793,0.028723642939226687,0.015349145394106648,0.03636621296500957,0.007706575368323771,0.05069603176335246,-0.006623243430019125,0,0,0,0,1,0,0
2024-03-09 15:00:00,0.02322648,0.021124773750000003,0.00820488300594903,0.005743418104164321,0.012307324508923547,0.024614649017847094,0.026868191854164322,0.015381355645835681,0.03343209825892355,0.008817449241076455,0.04573942276784709,-0.0034898752678470916,0,0,0,0,1,0,0
2024-03-09 16:00:00,0.02889217,0.020839095833333335,0.0077820433307364675,0.005447430331515527,0.0116730649961047,0.0233461299922094,0.02628652616484886,0.015391665501817808,0.03251216082943804,0.009166030837228634,0.04418522582554274,-0.002507034158876067,0,0,0,0,0,1,0
2024-03-09 17:00:00,0.02757589,0.020577845416666664,0.007423388308531561,0.005196371815972092,0.011135082462797341,0.022270164925594683,0.025774217232638758,0.015381473600694572,0.031712927879464003,0.009442762953869322,0.04284801034226135,-0.001692319508928019,0,0,0,0,0,1,0
2024-03-09 18:00:00,0.02329741,0.020215279166666666,0.007044122799011639,0.004930885959308147,0.010566184198517459,0.021132368397034917,0.025146165125974812,0.01528439320735852,0.030781463365184124,0.009649094968149207,0.04134764756370159,-0.0009170892303682517,0,0,0,0,1,0,0
2024-03-09 19:00:00,0.02240993,0.0199828825,0.006866319734241679,0.004806423813969175,0.010299479601362519,0.020598959202725038,0.024789306313969174,0.015176458686030826,0.03028236210136252,0.009683402898637481,0.04058184170272504,-0.000616076702725038,0,0,0,0,1,0,0
2024-03-09 20:00:00,0.02075768,0.019953237083333335,0.006861157660435427,0.004802810362304799,0.01029173649065314,0.02058347298130628,0.024756047445638134,0.015150426721028537,0.030244973573986478,0.009661500592680195,0.04053671006463962,-0.0006302358979729458,0,0,0,0,1,0,0
2024-03-09 21:00:00,0.01983495,0.02008333958333333,0.006826551272898854,0.004778585891029198,0.010239826909348281,0.020479653818696562,0.02486192547436253,0.015304753692304135,0.030323166492681613,0.00984351267398505,0.040562993402029894,-0.0003963142353632307,0,0,1,0,0,0,0
2024-03-09 22:00:00,0.01967995,0.020393773333333334,0.0066201574558324705,0.004634110219082729,0.009930236183748706,0.01986047236749741,0.02502788355241606,0.015759663114250606,0.03032400951708204,0.010463537149584628,0.04025424570083075,0.0005333009658359221,0,0,1,0,0,0,0
2024-03-09 23:00:00,0.02019925,0.020884007916666666,0.006112118404092951,0.004278482882865065,0.009168177606139426,0.018336355212278853,0.02516249079953173,0.0166055250338016,0.030052185522806092,0.01171583031052724,0.039220363128945515,0.002547652704387813,0,0,1,0,0,0,0
2024-03-10 00:00:00,0.0275377,0.0215520375,0.005915451831571005,0.004140816282099703,0.008873177747356508,0.017746355494713015,0.025692853782099703,0.017411221217900296,0.03042521524735651,0.012678859752643492,0.039298392994713015,0.003805682005286984,0,0,0,0,0,1,0
2024-03-10 01:00:00,0.04042482,0.022700229166666665,0.006769375069046912,0.0047385625483328375,0.010154062603570367,0.020308125207140735,0.0274387917149995,0.01796166661833383,0.032854291770237035,0.012546166563096298,0.0430083543738074,0.0023921039595259305,0,0,0,0,0,0,1
2024-03-10 02:00:00,0.04840552,0.024204907916666667,0.008214729725844257,0.005750310808090979,0.012322094588766385,0.02464418917753277,0.02995521872475765,0.018454597108575686,0.03652700250543305,0.011882813327900282,0.048849097094199434,-0.0004392812608661027,0,0,0,0,0,0,1
2024-03-10 03:00:00,0.04807737,0.025702485833333334,0.00914254062882861,0.006399778440180027,0.013713810943242914,0.02742762188648583,0.03210226427351336,0.019302707393153307,0.03941629677657625,0.01198867489009042,0.05313010771981916,-0.001725136053152495,0,0,0,0,0,0,1
2024-03-10 04:00:00,0.05384759,0.027465998333333335,0.010297608401983302,0.007208325881388311,0.015446412602974954,0.03089282520594991,0.03467432421472165,0.020257672451945024,0.04291241093630829,0.01201958573035838,0.05835882353928325,-0.0034268268726165736,0,0,0,0,0,0,1
2024-03-10 05:00:00,0.0592945,0.0293603375,0.011758318751679875,0.008230823126175912,0.017637478127519812,0.035274956255039625,0.037591160626175915,0.02112951437382409,0.04699781562751981,0.011722859372480188,0.06463529375503962,-0.0059146187550396245,0,0,0,0,0,0,1
2024-03-10 06:00:00,0.05945687,0.031151425833333333,0.012925544713938577,0.009047881299757003,0.019388317070907865,0.03877663414181573,0.040199307133090334,0.02210354453357633,0.050539742904241194,0.011763108762425468,0.06992805997514906,-0.007625208308482397,0,0,0,0,0,0,1
2024-03-10 07:00:00,0.05910874,0.032822839166666666,0.013846023837947105,0.009692216686562973,0.020769035756920656,0.04153807151384131,0.042515055853229636,0.023130622480103693,0.05359187492358732,0.01205380340974601,0.07436091068050799,-0.008715232347174647,0,0,0,0,0,0,1
2024-03-10 08:00:00,0.05934321,0.03407796,0.014835223396529311,0.010384656377570517,0.022252835094793966,0.04450567018958793,0.04446261637757051,0.023693303622429482,0.05633079509479397,0.011825124905206031,0.07858363018958793,-0.010427710189587935,0,0,0,0,0,0,1
2024-03-10 09:00:00,0.06261865,0.035416835,0.015908123230298585,0.01113568626120901,0.02386218484544788,0.04772436969089576,0.04655252126120901,0.02428114873879099,0.05927901984544788,0.01155465015455212,0.08314120469089575,-0.01230753469089576,0,0,0,0,0,0,1
2024-03-10 10:00:00,0.07103241,0.03720498166666667,0.017394418882378363,0.012176093217664854,0.026091628323567546,0.05218325664713509,0.04938107488433152,0.025028888449001818,0.06329660999023422,0.011113353343099125,0.08938823831380177,-0.014978274980468421,0,0,0,0,0,0,1
2024-03-10 11:00:00,0.0742168,0.03926555625,0.018734045275150303,0.013113831692605212,0.028101067912725455,0.05620213582545091,0.052379387942605216,0.026151724557394788,0.06736662416272546,0.011164488337274545,0.09546769207545092,-0.01693657957545091,0,0,0,0,0,0,1
2024-03-10 12:00:00,0.08003719,0.04151448375,0.02025791845790353,0.01418054292053247,0.030386877686855295,0.06077375537371059,0.05569502667053247,0.027333940829467527,0.0719013614368553,0.011127606063144703,0.10228823912371059,-0.01925927162371059,0,0,0,0,0,0,1
2024-03-10 13:00:00,0.07467326,0.04362001583333333,0.020986605874224098,0.014690624111956867,0.031479908811336145,0.06295981762267229,0.0583106399452902,0.028929391721376464,0.07509992464466947,0.012140107021997186,0.10657983345600562,-0.01933980178933896,0,0,0,0,0,1,0
2024-03-10 14:00:00,0.07061822,0.045606940000000006,0.02119908453873177,0.014839359177112238,0.031798626808097655,0.06359725361619531,0.060446299177112243,0.030767580822887768,0.07740556680809765,0.01380831319190235,0.10920419361619532,-0.017990313616195304,0,0,0,0,0,1,0
2024-03-10 15:00:00,0.06526473,0.047358533749999994,0.02100531717711575,0.014703722023981024,0.03150797576567363,0.06301595153134726,0.062062255773981015,0.03265481172601897,0.07886650951567362,0.015850557984326365,0.11037448528134725,-0.015657417781347265,0,0,0,0,0,1,0
2024-03-10 16:00:00,0.05596141,0.04848641875,0.020695104381415263,0.014486573066990683,0.031042656572122893,0.062085313144245785,0.06297299181699069,0.03399984568300932,0.07952907532212289,0.01744376217787711,0.1105717318942458,-0.013598894394245782,0,0,0,0,1,0,0
2024-03-10 17:00:00,0.05057953,0.04944490375,0.020211588584427183,0.014148112009099026,0.030317382876640774,0.06063476575328155,0.06359301575909902,0.035296791740900973,0.07976228662664077,0.019127520873359224,0.11007966950328155,-0.01118986200328155,0,0,0,0,1,0,0
2024-03-10 18:00:00,0.04748799,0.05045284458333333,0.019439366837622388,0.01360755678633567,0.02915905025643358,0.05831810051286716,0.064060401369669,0.03684528779699766,0.07961189483976691,0.021293794326899748,0.1087709450962005,-0.007865255929533833,0,0,1,0,0,0,0
2024-03-10 19:00:00,0.04480816,0.05138610416666667,0.018551925545222486,0.012986347881655739,0.027827888317833727,0.05565577663566745,0.06437245204832241,0.03839975628501093,0.0792139924845004,0.023558215848832942,0.10704188080233412,-0.004269672469000785,0,0,1,0,0,0,0
2024-03-10 20:00:00,0.03549988,0.0520003625,0.01771908438741867,0.012403359071193068,0.026578626581128004,0.05315725316225601,0.06440372157119306,0.03959700342880693,0.07857898908112801,0.025421735918871997,0.10515761566225601,-0.0011568906622560077,0,1,0,0,0,0,0
2024-03-10 21:00:00,0.03293841,0.052546340000000004,0.016866234551341126,0.011806364185938788,0.02529935182701169,0.05059870365402338,0.06435270418593879,0.04073997581406122,0.07784569182701169,0.027246988172988314,0.10314504365402338,0.001947636345976625,0,1,0,0,0,0,0
2024-03-10 22:00:00,0.03292929,0.05309839583333334,0.015934815105508697,0.011154370573856088,0.023902222658263046,0.04780444531652609,0.06425276640718942,0.041944025259477255,0.07700061849159638,0.029196173175070294,0.10090284114985942,0.005293950516807248,0,1,0,0,0,0,0
2024-03-10 23:00:00,0.03525977,0.0537259175,0.01484196989551073,0.01038937892685751,0.022262954843266094,0.04452590968653219,0.06411529642685751,0.043336538573142486,0.0759888723432661,0.0314629626567339,0.09825182718653219,0.00920000781346781,0,1,0,0,0,0,0
2024-03-11 00:00:00,0.03612214,0.0540836025,0.014276056786807455,0.009993239750765218,0.021414085180211182,0.042828170360422364,0.06407684225076522,0.04409036274923478,0.07549768768021119,0.032669517319788816,0.09691177286042237,0.011255432139577637,0,1,0,0,0,0,0
2024-03-11 01:00:00,0.0384024,0.053999335,0.014365872433637914,0.010056110703546539,0.02154880865045687,0.04309761730091374,0.06405544570354654,0.04394322429645346,0.07554814365045687,0.03245052634954313,0.09709695230091375,0.01090171769908626,0,1,0,0,0,0,0
2024-03-11 02:00:00,0.04654865,0.05392196541666666,0.01440226275003888,0.010081583925027216,0.021603394125058323,0.043206788250116646,0.06400354934169387,0.04384038149163945,0.07552535954172498,0.03231857129160834,0.09712875366678331,0.010715177166550016,0,0,1,0,0,0,0
2024-03-11 03:00:00,0.04739978,0.053893732500000006,0.014414876735767412,0.010090413715037189,0.02162231510365112,0.04324463020730224,0.0639841462150372,0.04380331878496282,0.07551604760365113,0.03227141739634889,0.09713836270730225,0.01064910229269777,0,0,1,0,0,0,0
2024-03-11 04:00:00,0.04435494,0.053498205416666667,0.014545836507443908,0.010182085555210735,0.021818754761165862,0.043637509522331724,0.0636802909718774,0.043316119861455935,0.07531696017783253,0.031679450655500804,0.09713571493899839,0.009860695894334942,0,0,1,0,0,0,0
2024-03-11 05:00:00,0.04542761,0.05292041833333333,0.01458095339324016,0.01020666737526811,0.02187143008986024,0.04374286017972048,0.06312708570860144,0.04271375095806522,0.07479184842319357,0.03104898824347309,0.09666327851305381,0.009177558153612847,0,0,1,0,0,0,0
2024-03-11 06:00:00,0.0468239,0.05239404458333333,0.014562741790177549,0.010193919253124283,0.02184411268526632,0.04368822537053264,0.06258796383645761,0.042200125330209046,0.07423815726859964,0.030549931898067005,0.09608226995386597,0.008705819212800683,0,0,1,0,0,0,0
2024-03-11 07:00:00,0.05884928,0.05238323375,0.014557635735924605,0.010190345015147224,0.021836453603886908,0.043672907207773816,0.06257357876514723,0.042192888734852774,0.07421968735388691,0.030546780146113093,0.09605614095777382,0.008710326542226185,0,0,0,0,1,0,0
2024-03-11 08:00:00,0.10442427,0.05426161125,0.017996881825145843,0.01259781727760209,0.026995322737718763,0.053990645475437526,0.06685942852760209,0.04166379397239791,0.08125693398771877,0.027266288512281238,0.10825225672543753,0.00027096577456247467,0,0,0,0,0,0,1
2024-03-11 09:00:00,0.10584216,0.056062590833333335,0.02081208535662394,0.014568459749636756,0.03121812803493591,0.06243625606987182,0.07063105058297009,0.04149413108369658,0.08728071886826924,0.024844462798397426,0.11849884690320515,-0.006373665236538484,0,0,0,0,0,0,1
2024-03-11 10:00:00,0.12136204,0.05815965875,0.024580537150319007,0.017206376005223303,0.03687080572547851,0.07374161145095702,0.0753660347552233,0.0409532827447767,0.09503046447547851,0.021288853024521492,0.13190127020095702,-0.015581952700957018,0,0,0,0,0,0,1
2024-03-11 11:00:00,0.12243332,0.060168680416666655,0.027719925547099438,0.019403947882969605,0.041579888320649155,0.08315977664129831,0.07957262829963627,0.04076473253369705,0.1017485687373158,0.0185887920960175,0.14332845705796496,-0.022991096224631656,0,0,0,0,0,0,1
2024-03-11 12:00:00,0.14127727,0.06272035041666667,0.03210082581894925,0.022470578073264472,0.048151238728423876,0.09630247745684775,0.08519092848993114,0.0402497723434022,0.11087158914509054,0.014569111688242792,0.1590228278735144,-0.033582127040181084,0,0,0,0,0,0,1
2024-03-11 13:00:00,0.14430937,0.065621855,0.036123276848734696,0.025286293794114286,0.05418491527310204,0.10836983054620408,0.0909081487941143,0.04033556120588572,0.11980677027310205,0.011436939726897966,0.1739916855462041,-0.042747975546204076,0,0,0,0,0,0,1
2024-03-11 14:00:00,0.13994233,0.06851035958333333,0.03918230652609922,0.027427614568269452,0.05877345978914883,0.11754691957829766,0.09593797415160278,0.041082745015063885,0.12728381937248218,0.009736899794184503,0.186057279161631,-0.04903655999496433,0,0,0,0,0,0,1
2024-03-11 15:00:00,0.12978156,0.07119856083333333,0.04111543346866585,0.028780803428066094,0.061673150202998774,0.12334630040599755,0.09997936426139942,0.04241775740526724,0.1328717110363321,0.009525410630334553,0.19454486123933087,-0.05214773957266422,0,0,0,0,0,1,0
2024-03-11 16:00:00,0.1073008,0.07333770208333333,0.04162064323443421,0.029134450264103943,0.06243096485165131,0.12486192970330262,0.10247215234743727,0.04420325181922939,0.13576866693498463,0.01090673723168202,0.19819963178663597,-0.05152422761996929,0,0,0,0,0,1,0
2024-03-11 17:00:00,0.10130251,0.07545115958333333,0.04170251161107026,0.02919175812774918,0.0625537674166054,0.1251075348332108,0.10464291771108251,0.046259401455584145,0.13800492699993872,0.01289739216672793,0.20055869441654411,-0.04965637524987747,0,0,0,0,1,0,0
2024-03-11 18:00:00,0.08861181,0.07716465208333333,0.04134693428861677,0.028942854002031736,0.06202040143292516,0.12404080286585031,0.10610750608536507,0.04822179808130159,0.13918505351625848,0.01514425065040817,0.20120545494918363,-0.04687615078251699,0,0,0,0,1,0,0
2024-03-11 19:00:00,0.07647121,0.07848394583333333,0.040770754567757125,0.028539528197429987,0.06115613185163569,0.12231226370327138,0.10702347403076332,0.04994441763590335,0.13964007768496903,0.017327813981697644,0.2007962095366047,-0.043828317869938044,0,0,1,0,0,0,0
2024-03-11 20:00:00,0.05818023,0.07942896041666667,0.03998642679717269,0.027990498758020878,0.059979640195759035,0.11995928039151807,0.10741945917468754,0.05143846165864579,0.13940860061242571,0.01944932022090763,0.19938824080818474,-0.0405303199748514,0,0,1,0,0,0,0
2024-03-11 21:00:00,0.05499402,0.08034794416666667,0.039115467768971346,0.02738082743827994,0.05867320165345702,0.11734640330691404,0.10772877160494661,0.052967116728386734,0.1390211458201237,0.021674742513209652,0.19769434747358072,-0.03699845914024737,0,0,1,0,0,0,0
2024-03-11 22:00:00,0.05597382,0.08130813291666666,0.0381723197570109,0.02672062382990763,0.05725847963551635,0.1145169592710327,0.10802875674657429,0.05458750908675904,0.138566612552183,0.024049653281150316,0.19582509218769936,-0.03320882635436603,0,0,1,0,0,0,0
2024-03-11 23:00:00,0.05766422,0.08224165166666667,0.037260286479371726,0.026082200535560207,0.05589042971905759,0.11178085943811518,0.10832385220222687,0.05615945113110646,0.13813208138572425,0.026351221947609076,0.19402251110478186,-0.029539207771448514,0,0,1,0,0,0,0
2024-03-12 00:00:00,0.07119273,0.08370292624999999,0.03604066988224759,0.025228468917573313,0.05406100482337139,0.10812200964674278,0.1089313951675733,0.05847445733242668,0.13776393107337137,0.029641921426628602,0.19182493589674277,-0.024419083396742786,0,0,1,0,0,0,0
2024-03-12 01:00:00,0.07525541,0.08523846833333333,0.03479006659354824,0.024353046615483768,0.052185099890322356,0.10437019978064471,0.1095915149488171,0.06088542171784957,0.1374235682236557,0.033053368443010975,0.18960866811397803,-0.01913173144731138,0,0,1,0,0,0,0
2024-03-12 02:00:00,0.07668164,0.08649400958333332,0.03386450298067667,0.02370515208647367,0.050796754471015004,0.10159350894203001,0.11019916166980699,0.06278885749685965,0.1372907640543483,0.03569725511231832,0.18808751852536332,-0.015099499358696686,0,0,1,0,0,0,0
2024-03-12 03:00:00,0.0751785,0.08765145625,0.032932100444305376,0.023052470311013762,0.049398150666458064,0.09879630133291613,0.11070392656101376,0.06459898593898623,0.13704960691645807,0.03825330558354193,0.18644775758291612,-0.011144845082916133,0,0,1,0,0,0,0
2024-03-12 04:00:00,0.07000188,0.08872007875,0.031864896071420394,0.022305427249994274,0.04779734410713059,0.09559468821426118,0.11102550599999428,0.06641465150000572,0.1365174228571306,0.04092273464286941,0.1843147669642612,-0.006874609464261175,0,0,1,0,0,0,0
2024-03-12 05:00:00,0.06437101,0.08950938708333334,0.030967889367239567,0.021677522557067695,0.04645183405085935,0.0929036681017187,0.11118690964040104,0.06783186452626563,0.13596122113419268,0.04305755303247399,0.18241305518505202,-0.0033942810183853617,0,1,0,0,0,0,0
2024-03-12 06:00:00,0.05911825,0.09002165166666666,0.030326130502181574,0.0212282913515271,0.04548919575327236,0.09097839150654471,0.11124994301819376,0.06879336031513957,0.13551084741993902,0.0445324559133943,0.1810000431732114,-0.0009567398398780541,0,1,0,0,0,0,0
2024-03-12 07:00:00,0.0567213,0.08993298583333333,0.030424185448773882,0.021296929814141715,0.04563627817316082,0.09127255634632164,0.11122991564747504,0.06863605601919161,0.13556926400649416,0.044296707660172505,0.18120554217965495,-0.0013395705129883168,0,1,0,0,0,0,0
2024-03-12 08:00:00,0.06006118,0.08808452374999999,0.030850155635061313,0.021595108944542918,0.04627523345259197,0.09255046690518394,0.10967963269454291,0.06648941480545707,0.13435975720259197,0.04180929029740802,0.18063499065518393,-0.004465943155183949,0,1,0,0,0,0,0
2024-03-12 09:00:00,0.06021253,0.08618328916666668,0.03111311768796916,0.021779182381578412,0.04666967653195374,0.09333935306390748,0.10796247154824509,0.06440410678508826,0.13285296569862043,0.03951361263471294,0.17952264223057415,-0.0071560638972408,0,1,0,0,0,0,0
2024-03-12 10:00:00,0.0619188,0.0837064875,0.030551874581728318,0.02138631220720982,0.04582781187259248,0.09165562374518496,0.10509279970720982,0.06232017529279017,0.12953429937259248,0.037878675627407515,0.17536211124518497,-0.007949136245184965,0,1,0,0,0,0,0
2024-03-12 11:00:00,0.06436751,0.08128707874999999,0.029637179570819284,0.020746025699573498,0.04445576935622893,0.08891153871245785,0.10203310444957349,0.060541053050426494,0.12574284810622893,0.036831309393771064,0.17019861746245785,-0.0076244599624578635,0,0,1,0,0,0,0
2024-03-12 12:00:00,0.06184,0.0779771925,0.02696114192119862,0.01887279934483903,0.04044171288179793,0.08088342576359586,0.09684999184483903,0.05910439315516097,0.11841890538179793,0.03753547961820207,0.15886061826359588,-0.0029062332635958615,0,0,1,0,0,0,0
2024-03-12 13:00:00,0.06465957,0.07465845083333332,0.023061201354641788,0.016142840948249252,0.03459180203196268,0.06918360406392536,0.09080129178158257,0.05851560988508407,0.109250252865296,0.04006664880137064,0.14384205489725868,0.0054748467694079594,0,0,1,0,0,0,0
2024-03-12 14:00:00,0.06518738,0.07154366124999999,0.018446995214567222,0.012912896650197054,0.027670492821850835,0.05534098564370167,0.08445655790019704,0.05863076459980293,0.09921415407185083,0.04387316842814915,0.12688464689370166,0.016202675606298317,0,0,1,0,0,0,0
2024-03-12 15:00:00,0.06669469,0.06891504166666666,0.013661650284963809,0.009563155199474666,0.020492475427445714,0.04098495085489143,0.07847819686614133,0.059351886467192,0.08940751709411238,0.04842256623922095,0.10989999252155809,0.027930090811775235,0,0,1,0,0,0,0
2024-03-12 16:00:00,0.07434364,0.06754182666666667,0.011040403675412041,0.007728282572788428,0.01656060551311806,0.03312121102623612,0.0752701092394551,0.059813544093878235,0.08410243217978472,0.050981221153548605,0.10066303769290279,0.034420615640430544,0,0,0,0,1,0,0
2024-03-12 17:00:00,0.08076894,0.06668626125,0.00889818443107239,0.006228729101750673,0.013347276646608584,0.02669455329321717,0.07291499035175067,0.06045753214824933,0.08003353789660858,0.05333898460339142,0.09338081454321717,0.039991707956782835,0,0,0,0,0,0,1
2024-03-12 18:00:00,0.09484294,0.06694589166666667,0.0096268145918159,0.006738770214271129,0.014440221887723849,0.028880443775447698,0.07368466188093781,0.06020712145239555,0.08138611355439052,0.052505669778942825,0.09582633544211437,0.038065447891218976,0,0,0,0,0,0,1
2024-03-12 19:00:00,0.08598928,0.06734247791666667,0.010214401758288768,0.007150081230802137,0.015321602637433152,0.030643205274866303,0.0744925591474688,0.060192396685864534,0.08266408055409982,0.05202087527923352,0.09798568319153297,0.03669927264180037,0,0,0,0,0,0,1
2024-03-12 20:00:00,0.06782595,0.06774438291666667,0.010026253300615018,0.007018377310430512,0.015039379950922527,0.030078759901845054,0.07476276022709717,0.06072600560623615,0.08278376286758919,0.05270500296574414,0.09782314281851172,0.03766562301482161,0,0,0,0,1,0,0
2024-03-12 21:00:00,0.05841477,0.06788691416666666,0.009860052759363299,0.006902036931554309,0.014790079139044949,0.029580158278089897,0.07478895109822097,0.06098487723511235,0.08267699330571161,0.05309683502762171,0.09746707244475655,0.038306755888576766,0,1,0,0,0,0,0
2024-03-12 22:00:00,0.05444919,0.06782338791666666,0.009944691600634615,0.00696128412044423,0.014917037400951922,0.029834074801903844,0.0747846720371109,0.06086210379622243,0.08274042531761858,0.05290635051571474,0.09765746271857051,0.037989313114762814,0,1,0,0,0,0,0
2024-03-12 23:00:00,0.05247622,0.06760722125,0.01022748617880634,0.007159240325164438,0.015341229268209512,0.030682458536419023,0.07476646157516444,0.06044798092483557,0.08294845051820951,0.052265991981790494,0.09828967978641903,0.03692476271358098,0,1,0,0,0,0,0
2024-03-13 00:00:00,0.04871631,0.06667070374999999,0.010892348701802642,0.007624644091261849,0.016338523052703963,0.03267704610540793,0.07429534784126184,0.059046059658738145,0.08300922680270395,0.05033218069729603,0.09934774985540792,0.033993657644592064,1,0,0,0,0,0,0
2024-03-13 01:00:00,0.05083368,0.06565313166666667,0.011192113400967723,0.007834479380677405,0.016788170101451585,0.03357634020290317,0.07348761104734408,0.057818652285989265,0.08244130176811826,0.04886496156521508,0.09922947186956985,0.0320767914637635,0,1,0,0,0,0,0
2024-03-13 02:00:00,0.05021083,0.06455018124999999,0.011361068053989428,0.0079527476377926,0.017041602080984142,0.034083204161968285,0.07250292888779258,0.05659743361220739,0.08159178333098413,0.04750857916901585,0.09863338541196828,0.030466977088031706,0,1,0,0,0,0,0
2024-03-13 03:00:00,0.04551176,0.06331406708333333,0.011761262493563818,0.008232883745494673,0.017641893740345728,0.035283787480691456,0.071546950828828,0.05508118333783865,0.08095596082367906,0.0456721733429876,0.09859785456402478,0.028030279602641872,1,0,0,0,0,0,0
2024-03-13 04:00:00,0.03750396,0.061959987083333334,0.012784089632292018,0.008948862742604412,0.019176134448438027,0.038352268896876054,0.07090884982593774,0.053011124340728924,0.08113612153177135,0.04278385263489531,0.10031225598020939,0.02360771818645728,1,0,0,0,0,0,0
2024-03-13 05:00:00,0.03504462,0.060738054166666666,0.013896741673417144,0.009727719171392,0.020845112510125715,0.04169022502025143,0.07046577333805867,0.051010334995274666,0.08158316667679238,0.03989294165654095,0.1024282791869181,0.019047829146415236,1,0,0,0,0,0,0
2024-03-13 06:00:00,0.03520007,0.059741463333333335,0.014843348826688543,0.01039034417868198,0.022265023240032815,0.04453004648006563,0.07013180751201531,0.04935111915465135,0.08200648657336615,0.03747644009330052,0.10427150981339897,0.015211416853267705,1,0,0,0,0,0,0
2024-03-13 07:00:00,0.03972542,0.05903330166666667,0.015389098166138364,0.010772368716296854,0.023083647249207546,0.04616729449841509,0.06980567038296352,0.04826093295036982,0.08211694891587422,0.03594965441745912,0.10520059616508176,0.012866007168251578,0,1,0,0,0,0,0
2024-03-13 08:00:00,0.04694966,0.05848698833333333,0.01558253584640858,0.010907775092486005,0.023373803769612872,0.046747607539225744,0.06939476342581934,0.04757921324084732,0.0818607921029462,0.03511318456372046,0.10523459587255907,0.011739380794107586,0,1,0,0,0,0,0
2024-03-13 09:00:00,0.03985901,0.057638925,0.01603192161721686,0.0112223451320518,0.024047882425825288,0.048095764851650576,0.0688612701320518,0.0464165798679482,0.08168680742582529,0.03359104257417471,0.10573468985165058,0.009543160148349425,0,1,0,0,0,0,0
2024-03-13 10:00:00,0.04132845,0.05678099375,0.016340888841545314,0.01143862218908172,0.02451133326231797,0.04902266652463594,0.06821961593908173,0.04534237156091828,0.08129232701231798,0.03226966048768203,0.10580366027463595,0.007758327225364063,0,1,0,0,0,0,0
2024-03-13 11:00:00,0.04903681,0.05614221458333333,0.016331073513533287,0.0114317514594733,0.02449661027029993,0.04899322054059986,0.06757396604280663,0.044710463123860025,0.08063882485363326,0.0316456043130334,0.1051354351239332,0.007148994042733468,0,0,1,0,0,0,0
2024-03-13 12:00:00,0.05889208,0.05601938458333333,0.016297407151130643,0.011408185005791448,0.024446110726695964,0.04889222145339193,0.06742756958912478,0.04461119957754188,0.08046549531002929,0.03157327385663737,0.10491160603672525,0.007127163129941404,0,0,0,0,1,0,0
2024-03-13 13:00:00,0.05474943,0.055606462083333336,0.0161941936687584,0.011335935568130878,0.024291290503137598,0.048582581006275195,0.06694239765146422,0.044270526515202455,0.07989775258647093,0.03131517158019574,0.10418904308960852,0.00702388107705814,0,0,1,0,0,0,0
2024-03-13 14:00:00,0.05085719,0.05500937083333334,0.016089422752237008,0.011262595926565904,0.024134134128355512,0.048268268256711024,0.06627196675989924,0.04374677490676744,0.07914350496168886,0.03087523670497783,0.10327763909004437,0.006741102576622318,0,0,1,0,0,0,0
2024-03-13 15:00:00,0.04444127,0.054082145,0.01602783338418469,0.011219483368929282,0.024041750076277034,0.04808350015255407,0.06530162836892928,0.04286266163107072,0.07812389507627704,0.030040394923722964,0.10216564515255407,0.00599864484744593,0,0,1,0,0,0,0
2024-03-13 16:00:00,0.0381208,0.05257285999999999,0.015739826188618064,0.011017878332032644,0.023609739282927096,0.04721947856585419,0.06359073833203263,0.041554981667967346,0.07618259928292709,0.028963120717072896,0.09979233856585418,0.0053533814341458,0,1,0,0,0,0,0
2024-03-13 17:00:00,0.03350679,0.050603603750000004,0.01499781689606919,0.010498471827248432,0.022496725344103786,0.04499345068820757,0.061102075577248435,0.04010513192275157,0.07310032909410379,0.028106878405896218,0.09559705443820757,0.005610153061792432,0,1,0,0,0,0,0
2024-03-13 18:00:00,0.02955482,0.04788326541666666,0.012303800080835505,0.008612660056584853,0.018455700121253256,0.03691140024250651,0.05649592547325151,0.03927060536008181,0.06633896553791992,0.029427565295413405,0.08479466565917318,0.010971865174160149,0,1,0,0,0,0,0
2024-03-13 19:00:00,0.02832555,0.04548061,0.00994268406928095,0.006959878848496664,0.014914026103921424,0.029828052207842848,0.05244048884849666,0.03852073115150333,0.06039463610392142,0.030566583896078574,0.07530866220784285,0.01565255779215715,1,0,0,0,0,0,0
2024-03-13 20:00:00,0.01530759,0.043292345,0.010570432628007533,0.007399302839605272,0.0158556489420113,0.0317112978840226,0.050691647839605274,0.03589304216039473,0.0591479939420113,0.027436696057988704,0.0750036428840226,0.011581047115977405,1,0,0,0,0,0,0
2024-03-13 21:00:00,0.01221182,0.04136722208333333,0.01182894018411782,0.008280258128882473,0.01774341027617673,0.03548682055235346,0.0496474802122158,0.033086963954450856,0.05911063235951006,0.0236238118071566,0.07685404263568679,0.0058804015309798716,1,0,0,0,0,0,0
2024-03-13 22:00:00,0.00943111,0.03949146875,0.013158866331560774,0.00921120643209254,0.019738299497341162,0.039476598994682324,0.04870267518209254,0.03028026231790746,0.059229768247341164,0.01975316925265884,0.07896806774468232,1.4869755317677147e-05,1,0,0,0,0,0,0
2024-03-13 23:00:00,0.00921871,0.0376890725,0.014222534990115407,0.009955774493080783,0.02133380248517311,0.04266760497034622,0.04764484699308078,0.02773329800691921,0.059022874985173106,0.016355270014826888,0.08035667747034622,-0.004978532470346221,1,0,0,0,0,0,0
2024-03-14 00:00:00,0.01071056,0.03610549958333333,0.015034029268397798,0.010523820487878458,0.0225510439025967,0.0451020878051934,0.04662932007121179,0.025581679095454876,0.05865654348593003,0.013554455680736634,0.08120758738852674,-0.008996588221860065,1,0,0,0,0,0,0
2024-03-14 01:00:00,0.0119698,0.034486171249999996,0.015465510215165205,0.010825857150615643,0.023198265322747807,0.046396530645495614,0.04531202840061564,0.023660314099384353,0.0576844365727478,0.011287905927252189,0.08088270189549561,-0.011910359395495618,0,1,0,0,0,0,0
2024-03-14 02:00:00,0.0171939,0.03311046583333333,0.015474414122070419,0.010832089885449292,0.02321162118310563,0.04642324236621126,0.043942555718782625,0.022278375947884038,0.05632208701643896,0.009898844650227702,0.07953370819954458,-0.013312776532877928,0,1,0,0,0,0,0
2024-03-14 03:00:00,0.02382073,0.032206672916666665,0.015351568707926545,0.01074609809554858,0.023027353061889817,0.04605470612377963,0.04295277101221524,0.021460574821118086,0.05523402597855648,0.009179319854776848,0.0782613790404463,-0.013848033207112968,0,0,1,0,0,0,0
2024-03-14 04:00:00,0.02750477,0.03179004,0.01533723214948691,0.010736062504640837,0.023005848224230366,0.04601169644846073,0.04252610250464084,0.02105397749535916,0.054795888224230364,0.008784191775769633,0.07780173644846072,-0.014221656448460733,0,0,1,0,0,0,0
2024-03-14 05:00:00,0.0295499,0.03156109333333333,0.015327545265024743,0.01072928168551732,0.022991317897537115,0.04598263579507423,0.04229037501885065,0.02083181164781601,0.05455241123087044,0.008569775435796217,0.07754372912840757,-0.014421542461740898,0,0,1,0,0,0,0
2024-03-14 06:00:00,0.03270343,0.031457066666666665,0.015310236520656474,0.010717165564459532,0.02296535478098471,0.04593070956196942,0.042174232231126194,0.020739901102207133,0.05442242144765137,0.008491711885681954,0.07738777622863609,-0.014473642895302757,0,0,0,0,1,0,0
2024-03-14 07:00:00,0.03676375,0.03133366375,0.015252521695663004,0.010676765186964102,0.022878782543494507,0.04575756508698901,0.0420104289369641,0.020656898563035896,0.054212446293494504,0.00845488120650549,0.07709122883698902,-0.014423901336989016,0,0,0,0,1,0,0
2024-03-14 08:00:00,0.04457504,0.031234721249999996,0.015154202130730899,0.01060794149151163,0.02273130319609635,0.0454626063921927,0.041842662741511626,0.020626779758488367,0.05396602444609634,0.008503418053903648,0.0766973276421927,-0.014227885142192701,0,0,0,0,0,1,0
2024-03-14 09:00:00,0.04715749,0.03153882458333333,0.015405932069180166,0.010784152448426116,0.02310889810377025,0.0462177962075405,0.04232297703175945,0.02075467213490722,0.05464772268710358,0.008429926479563084,0.07775662079087384,-0.014678971624207164,0,0,0,0,0,1,0
2024-03-14 10:00:00,0.04739497,0.03179159625,0.015621793896417003,0.010935255727491901,0.023432690844625504,0.04686538168925101,0.0427268519774919,0.020856340522508097,0.0552242870946255,0.008358905405374494,0.078656977939251,-0.01507378543925101,0,0,0,0,0,1,0
2024-03-14 11:00:00,0.04682321,0.03169936291666667,0.01552176322263337,0.010865234255843358,0.023282644833950053,0.046565289667900106,0.04256459717251003,0.02083412866082331,0.05498200775061672,0.008416718082716615,0.07826465258456677,-0.014865926751233438,0,0,0,0,0,1,0
2024-03-14 12:00:00,0.05211318,0.03141690875,0.015060231836652399,0.010542162285656678,0.022590347754978597,0.045180695509957194,0.04195907103565668,0.02087474646434332,0.0540072565049786,0.008826560995021403,0.0765976042599572,-0.013763786759957194,0,0,0,0,0,1,0
2024-03-14 13:00:00,0.04866618,0.03116344,0.014697282069642293,0.010288097448749605,0.02204592310446344,0.04409184620892688,0.041451537448749604,0.020875342551250398,0.05320936310446344,0.00911751689553656,0.07525528620892688,-0.01292840620892688,0,0,0,0,0,1,0
2024-03-14 14:00:00,0.04965842,0.03111349125,0.014629322734585712,0.010240525914209998,0.021943984101878568,0.043887968203757136,0.04135401716421,0.02087296533579,0.05305747535187857,0.009169507148121432,0.07500145945375714,-0.012774476953757136,0,0,0,0,0,1,0
2024-03-14 15:00:00,0.04976176,0.03133517833333333,0.014878262055946497,0.010414783439162547,0.022317393083919744,0.04463478616783949,0.041749961772495875,0.020920394894170784,0.053652571417253075,0.009017785249413587,0.07596996450117283,-0.013299607834506157,0,0,0,0,0,1,0
2024-03-14 16:00:00,0.06019561,0.03225496208333333,0.015959074677035442,0.011171352273924809,0.02393861201555316,0.04787722403110632,0.04342631435725814,0.021083609809408523,0.05619357409888649,0.00831635006778017,0.08013218611443965,-0.01562226194777299,0,0,0,0,0,0,1
2024-03-14 17:00:00,0.06566794,0.03359501,0.01735771977443173,0.012150403842102211,0.026036579661647595,0.05207315932329519,0.04574541384210221,0.02144460615789779,0.0596315896616476,0.0075584303383524065,0.08566816932329518,-0.01847814932329519,0,0,0,0,0,0,1
2024-03-14 18:00:00,0.06088632,0.034900489166666666,0.018198506709434497,0.012738954696604148,0.027297760064151744,0.05459552012830349,0.04763944386327081,0.02216153447006252,0.06219824923081841,0.007602729102514923,0.08949600929497015,-0.01969503096163682,0,0,0,0,0,1,0
2024-03-14 19:00:00,0.06075474,0.03625170541666666,0.018880244426650854,0.013216171098655598,0.02832036663997628,0.05664073327995256,0.04946787651532226,0.023035534318011065,0.06457207205664295,0.007931338776690382,0.09289243869661923,-0.020389027863285898,0,0,0,0,0,1,0
2024-03-14 20:00:00,0.06237873,0.03821300291666666,0.019054051737119663,0.013337836215983763,0.028581077605679496,0.05716215521135899,0.051550839132650426,0.024875166700682898,0.06679408052234616,0.009631925310987166,0.09537515812802566,-0.01894915229469233,0,0,0,0,0,1,0
2024-03-14 21:00:00,0.05781969,0.04011333083333333,0.01861742892111798,0.013032200244782584,0.02792614338167697,0.05585228676335394,0.05314553107811591,0.027081130588550745,0.0680394742150103,0.01218718745165636,0.09596561759668726,-0.015738955930020608,0,0,0,0,0,1,0
2024-03-14 22:00:00,0.0522059,0.04189561375,0.017570471706642693,0.012299330194649884,0.02635570755996404,0.05271141511992808,0.05419494394464988,0.029596283555350114,0.06825132130996403,0.015539906190035958,0.09460702886992808,-0.010815801369928081,0,0,0,0,1,0,0
2024-03-14 23:00:00,0.04686208,0.0434640875,0.016149353276160613,0.011304547293312428,0.02422402991424092,0.04844805982848184,0.054768634793312426,0.03215954020668757,0.06768811741424091,0.019240057585759078,0.09191214732848184,-0.004983972328481842,0,0,0,0,1,0,0
2024-03-15 00:00:00,0.04563762,0.044919381666666675,0.014565502113224505,0.010195851479257154,0.021848253169836757,0.043696506339673515,0.05511523314592383,0.03472353018740952,0.06676763483650343,0.023071128496829917,0.08861588800634018,0.00122287532699316,0,0,0,0,1,0,0
2024-03-15 01:00:00,0.04672174,0.04636737916666667,0.012763384165091412,0.008934368915563987,0.019145076247637116,0.03829015249527423,0.05530174808223065,0.03743301025110268,0.06551245541430378,0.02722230291902955,0.0846575316619409,0.008077226671392435,0,0,0,0,1,0,0
2024-03-15 02:00:00,0.04534337,0.04754027375,0.011158408372067545,0.007810885860447281,0.016737612558101318,0.033475225116202635,0.05535115961044728,0.03972938788955272,0.06427788630810131,0.030802661191898683,0.08101549886620263,0.014065048633797365,0,0,1,0,0,0,0
2024-03-15 03:00:00,0.03241338,0.04789830083333333,0.010481581231416588,0.00733710686199161,0.015722371847124883,0.031444743694249766,0.055235407695324944,0.04056119397134172,0.0636206726804582,0.03217592898620845,0.07934304452758309,0.016453557139083565,0,1,0,0,0,0,0
2024-03-15 04:00:00,0.02108918,0.047630984583333334,0.011088535807396157,0.00776197506517731,0.016632803711094234,0.03326560742218847,0.055392959648510647,0.03986900951815602,0.06426378829442757,0.0309981808722391,0.0808965920055218,0.014365377161144867,1,0,0,0,0,0,0
2024-03-15 05:00:00,0.02235613,0.04733124416666667,0.011680001111107084,0.008176000777774958,0.017520001666660626,0.03504000333332125,0.055507244944441626,0.03915524338889171,0.0648512458333273,0.02981124250000604,0.08237124749998792,0.012291240833345415,1,0,0,0,0,0,0
2024-03-15 06:00:00,0.02762997,0.04711985,0.011997845012338961,0.008398491508637272,0.01799676751850844,0.03599353503701688,0.05551834150863727,0.038721358491362726,0.06511661751850845,0.029123082481491556,0.08311338503701687,0.011126314962983115,1,0,0,0,0,0,0
2024-03-15 07:00:00,0.03037399,0.04685361,0.012304619782563923,0.008613233847794746,0.018456929673845886,0.03691385934769177,0.05546684384779474,0.038240376152205255,0.06531053967384588,0.02839668032615411,0.08376746934769178,0.009939750652308225,0,1,0,0,0,0,0
2024-03-15 08:00:00,0.03109204,0.04629181833333334,0.01271415666718555,0.008899909667029885,0.019071235000778328,0.038142470001556655,0.055191728000363226,0.03739190866630345,0.06536305333411166,0.02722058333255501,0.08443428833489,0.008149348331776683,0,1,0,0,0,0,0
2024-03-15 09:00:00,0.02919492,0.04554337791666666,0.013181105657652637,0.009226773960356845,0.019771658486478955,0.03954331697295791,0.054770151877023505,0.03631660395630982,0.06531503640314562,0.025771719430187707,0.08508669488962457,0.0060000609437087515,0,1,0,0,0,0,0
2024-03-15 10:00:00,0.02840188,0.04475199916666667,0.013627701002322025,0.009539390701625418,0.02044155150348304,0.04088310300696608,0.054291389868292086,0.03521260846504125,0.0651935506701497,0.02431044766318363,0.08563510217363274,0.0038688961597005897,0,1,0,0,0,0,0
2024-03-15 11:00:00,0.02908136,0.04401275541666666,0.013986936236996685,0.009790855365897678,0.020980404355495027,0.041960808710990054,0.053803610782564334,0.034221900050768986,0.06499315977216169,0.023032351061171633,0.08597356412765672,0.0020519467056766064,0,1,0,0,0,0,0
2024-03-15 12:00:00,0.03174203,0.043163957499999996,0.01409170847171347,0.009864195930199429,0.021137562707570206,0.04227512541514041,0.053028153430199426,0.033299761569800565,0.0643015202075702,0.02202639479242979,0.08543908291514041,0.0008888320848595838,0,1,0,0,0,0,0
2024-03-15 13:00:00,0.02687086,0.042255819166666674,0.014420171717177297,0.010094120202024107,0.021630257575765945,0.04326051515153189,0.052349939368690784,0.03216169896464256,0.06388607674243262,0.020625561590900728,0.08551633431819856,-0.001004695984865217,0,1,0,0,0,0,0
2024-03-15 14:00:00,0.02102469,0.04106274708333333,0.014955661058181212,0.010468962740726848,0.022433491587271818,0.044866983174543636,0.051531709824060176,0.030593784342606484,0.06349623867060515,0.018629255496061512,0.08592973025787697,-0.0038042360912103057,0,1,0,0,0,0,0
2024-03-15 15:00:00,0.01673126,0.03968647625,0.015625148167655357,0.01093760371735875,0.023437722251483037,0.046875444502966074,0.05062407996735875,0.02874887253264125,0.06312419850148304,0.01624875399851696,0.08656192075296607,-0.007188968252966076,0,1,0,0,0,0,0
2024-03-15 16:00:00,0.01763737,0.03791321625,0.015611328893095583,0.010927930225166907,0.023416993339643373,0.046833986679286746,0.04884114647516691,0.02698528602483309,0.06133020958964337,0.014496222910356626,0.08474720292928675,-0.008920770429286747,0,1,0,0,0,0,0
2024-03-15 17:00:00,0.01907388,0.03597179708333333,0.014890250478750176,0.010423175335125122,0.022335375718125265,0.04467075143625053,0.046394972418458455,0.02554862174820821,0.0583071728014586,0.013636421365208068,0.08064254851958386,-0.008698954352917197,0,1,0,0,0,0,0
2024-03-15 18:00:00,0.01857332,0.03420875541666666,0.014305553550633005,0.010013887485443103,0.021458330325949508,0.042916660651899016,0.04422264290210976,0.02419486793122356,0.05566708574261617,0.012750425090717152,0.07712541606856568,-0.008707905235232356,0,1,0,0,0,0,0
2024-03-15 19:00:00,0.01409392,0.032264554583333334,0.013698814826843929,0.00958917037879075,0.020548222240265892,0.041096444480531784,0.041853724962124084,0.022675384204542584,0.05281277682359922,0.011716332343067442,0.07336099906386512,-0.00883188989719845,0,1,0,0,0,0,0
2024-03-15 20:00:00,0.00811056,0.030003380833333333,0.012971482547471196,0.009080037783229836,0.019457223821206793,0.038914447642413585,0.03908341861656317,0.020923343050103495,0.04946060465454012,0.01054615701212654,0.06891782847574691,-0.008911066809080253,1,0,0,0,0,0,0
2024-03-15 21:00:00,0.00729185,0.02789805416666667,0.012345839355834836,0.008642087549084385,0.018518759033752254,0.03703751806750451,0.036540141715751054,0.019255966617582283,0.04641681320041892,0.009379295132914415,0.06493557223417118,-0.009139463900837839,1,0,0,0,0,0,0
2024-03-15 22:00:00,0.00795642,0.026054325833333333,0.011852109737658796,0.008296476816361156,0.017778164606488196,0.03555632921297639,0.03435080264969449,0.017757849016972176,0.04383249043982153,0.008276161226845137,0.06161065504630972,-0.009502003379643058,1,0,0,0,0,0,0
2024-03-15 23:00:00,0.00851058,0.024456346666666667,0.011505014231543452,0.008053509962080416,0.017257521347315178,0.034515042694630356,0.032509856628747086,0.01640283670458625,0.041713868013981845,0.007198825319351489,0.05897138936129702,-0.01005869602796369,0,1,0,0,0,0,0
2024-03-16 00:00:00,0.01306522,0.023099163333333336,0.010797157063566397,0.007558009944496478,0.016195735595349595,0.03239147119069919,0.030657173277829814,0.015541153388836857,0.03929489892868293,0.00690342773798374,0.05549063452403252,-0.009292307857365855,0,1,0,0,0,0,0
2024-03-16 01:00:00,0.0090969,0.021531461666666665,0.009913452741164185,0.006939416918814929,0.014870179111746278,0.029740358223492556,0.028470878585481592,0.014592044747851736,0.036401640778412944,0.006661282554920387,0.05127181989015922,-0.008208896556825891,0,1,0,0,0,0,0
2024-03-16 02:00:00,0.00910682,0.020021605416666664,0.008829331801380194,0.006180532260966136,0.013243997702070291,0.026487995404140582,0.0262021376776328,0.013841073155700528,0.033265603118736956,0.006777607714596373,0.04650960082080725,-0.006466389987473918,0,1,0,0,0,0,0
2024-03-16 03:00:00,0.0096421,0.01907280208333333,0.00866172462583185,0.006063207238082295,0.012992586938747776,0.025985173877495552,0.025136009321415624,0.013009594845251035,0.03206538902208111,0.0060802151445855535,0.04505797596082888,-0.006912371794162223,0,1,0,0,0,0,0
2024-03-16 04:00:00,0.01260319,0.018719219166666665,0.008748603590106728,0.006124022513074709,0.013122905385160092,0.026245810770320184,0.024843241679741376,0.012595196653591956,0.03184212455182676,0.005596313781506573,0.04496502993698685,-0.007526591603653519,0,0,1,0,0,0,0
2024-03-16 05:00:00,0.01622915,0.018463928333333334,0.00872723037913693,0.00610906126539585,0.013090845568705394,0.026181691137410788,0.024572989598729184,0.012354867067937484,0.03155477390203873,0.00537308276462794,0.04464561947074412,-0.0077177628040774535,0,0,1,0,0,0,0
2024-03-16 06:00:00,0.01899854,0.018104285416666668,0.008508179975051794,0.005955725982536256,0.01276226996257769,0.02552453992515538,0.024060011399202923,0.012148559434130412,0.03086655537924436,0.005342015454088977,0.04362882534182205,-0.007420254508488714,0,0,0,0,1,0,0
2024-03-16 07:00:00,0.0208147,0.017705981666666665,0.00812388615727934,0.005686720310095537,0.012185829235919009,0.024371658471838017,0.0233927019767622,0.012019261356571128,0.029891810902585674,0.005520152430747657,0.04207764013850468,-0.006665676805171352,0,0,0,0,1,0,0
2024-03-16 08:00:00,0.02130191,0.017298059583333334,0.007654761625423701,0.005358333137796591,0.011482142438135551,0.022964284876271102,0.022656392721129924,0.011939726445536744,0.028780202021468887,0.005815917145197783,0.040262344459604436,-0.005666225292937768,0,0,0,0,1,0,0
2024-03-16 09:00:00,0.02295643,0.0170381225,0.007332340188065349,0.005132638131645744,0.010998510282098023,0.021997020564196047,0.022170760631645744,0.011905484368354254,0.028036632782098024,0.006039612217901976,0.039035143064196046,-0.0049588980641960476,0,0,0,0,0,1,0
2024-03-16 10:00:00,0.02419469,0.016862822916666666,0.007095307223731583,0.004966715056612108,0.010642960835597374,0.02128592167119475,0.021829537973278773,0.011896107860054558,0.02750578375226404,0.0062198620810692915,0.03814874458786141,-0.004423098754528083,0,0,0,0,0,1,0
2024-03-16 11:00:00,0.02195839,0.016566032499999998,0.006699954483913917,0.004689968138739741,0.010049931725870875,0.02009986345174175,0.02125600063873974,0.011876064361260256,0.026615964225870873,0.006516100774129122,0.036665895951741745,-0.003533830951741753,0,0,0,0,0,1,0
2024-03-16 12:00:00,0.0178592,0.015987581249999997,0.0058821277342469384,0.004117489413972856,0.008823191601370408,0.017646383202740815,0.02010507066397285,0.011870091836027141,0.024810772851370406,0.0071643896486295894,0.03363396445274081,-0.0016588019527408182,0,0,0,0,1,0,0
2024-03-16 13:00:00,0.01675072,0.015565908749999998,0.005411967629620294,0.003788377340734205,0.00811795144443044,0.01623590288886088,0.019354286090734203,0.011777531409265792,0.023683860194430438,0.007447957305569557,0.03180181163886088,-0.000669994138860883,0,0,0,0,1,0,0
2024-03-16 14:00:00,0.01621239,0.015365396250000002,0.0052886703035041425,0.0037020692124528996,0.007933005455256215,0.01586601091051243,0.0190674654624529,0.011663327037547102,0.023298401705256218,0.007432390794743787,0.031231407160512432,-0.0005006146605124277,0,0,0,0,1,0,0
2024-03-16 15:00:00,0.01641622,0.015352269583333333,0.0052855228183907145,0.0036998659728734997,0.007928284227586072,0.015856568455172144,0.019052135556206832,0.011652403610459834,0.023280553810919404,0.007423985355747261,0.03120883803850548,-0.0005042988718388115,0,0,0,0,1,0,0
2024-03-16 16:00:00,0.02319803,0.015583963749999999,0.005507272598010869,0.0038550908186076077,0.008260908897016302,0.016521817794032605,0.019439054568607606,0.011728872931392392,0.0238448726470163,0.0073230548529836965,0.032105781544032604,-0.0009378540440326058,0,0,0,0,0,1,0
2024-03-16 17:00:00,0.02093127,0.015661355,0.0055711274588678035,0.0038997892212074624,0.008356691188301705,0.01671338237660341,0.01956114422120746,0.011761565778792536,0.024018046188301702,0.007304663811698293,0.03237473737660341,-0.0010520273766034122,0,0,0,0,0,1,0
2024-03-16 18:00:00,0.01973274,0.015709664166666668,0.005602414975358754,0.0039216904827511275,0.008403622463038132,0.016807244926076263,0.019631354649417794,0.01178797368391554,0.0241132866297048,0.007306041703628537,0.032516909092742935,-0.001097580759409595,0,0,0,0,0,1,0
2024-03-16 19:00:00,0.02729084,0.01625953583333333,0.006065435300576583,0.004245804710403608,0.009098152950864875,0.01819630590172975,0.02050534054373694,0.012013731122929723,0.025357688784198206,0.007161382882468457,0.03445584173506308,-0.0019367700683964179,0,0,0,0,0,0,1
2024-03-16 20:00:00,0.02961637,0.017155611249999998,0.006389145033751389,0.004472401523625972,0.009583717550627084,0.01916743510125417,0.02162801277362597,0.012683209726374024,0.02673932880062708,0.007571893699372913,0.03632304635125416,-0.0020118238512541707,0,0,0,0,0,0,1
2024-03-16 21:00:00,0.02904442,0.018061968333333334,0.0064714133918535085,0.004529989374297456,0.009707120087780262,0.019414240175560524,0.02259195770763079,0.013531978959035879,0.027769088421113596,0.008354848245553072,0.037476208508893855,-0.0013522718422271894,0,0,0,0,0,0,1
2024-03-16 22:00:00,0.03010458,0.018984808333333332,0.006546438063333443,0.00458250664433341,0.009819657095000163,0.019639314190000326,0.02356731497766674,0.014402301688999922,0.028804465428333495,0.009165151238333169,0.03862412252333366,-0.000654505856666994,0,0,0,0,0,0,1
2024-03-16 23:00:00,0.02990894,0.019876406666666666,0.006514976164233484,0.004560483314963439,0.009772464246350226,0.019544928492700453,0.024436889981630103,0.015315923351703228,0.029648870913016892,0.010103942420316439,0.03942133515936712,0.0003314781739662126,0,0,0,0,0,0,1
2024-03-17 00:00:00,0.02789978,0.020494513333333332,0.006544316973949362,0.004581021881764553,0.009816475460924044,0.019632950921848087,0.025075535215097887,0.015913491451568777,0.030310988794257376,0.010678037872409289,0.04012746425518142,0.0008615624114852449,0,0,0,0,0,1,0
2024-03-17 01:00:00,0.02460075,0.021140507083333333,0.006121899913754262,0.004285329939627983,0.009182849870631393,0.018365699741262786,0.025425837022961317,0.01685517714370535,0.030323356953964726,0.01195765721270194,0.039506206824596116,0.002774807342070546,0,0,0,0,1,0,0
2024-03-17 02:00:00,0.03165123,0.022079857499999998,0.005921496275461184,0.004145047392822829,0.008882244413191777,0.017764488826383554,0.026224904892822826,0.01793481010717717,0.030962101913191774,0.01319761308680822,0.03984434632638355,0.004315368673616444,0,0,0,0,0,0,1
2024-03-17 03:00:00,0.03414503,0.023100812916666668,0.0057947836135657784,0.004056348529496045,0.008692175420348667,0.017384350840697334,0.027157161446162714,0.019044464387170622,0.031792988337015333,0.014408637496318,0.040485163757364,0.0057164620759693335,0,0,0,0,0,0,1
2024-03-17 04:00:00,0.03146654,0.02388678583333333,0.005584482049315211,0.003909137434520647,0.008376723073972817,0.016753446147945633,0.027795923267853975,0.019977648398812685,0.03226350890730614,0.015510062759360514,0.04064023198127896,0.007133339685387697,0,0,0,0,0,1,0
2024-03-17 05:00:00,0.03116644,0.024509172916666665,0.005526006956573064,0.0038682048696011442,0.008289010434859596,0.01657802086971919,0.02837737778626781,0.02064096804706552,0.03279818335152626,0.01622016248180707,0.04108719378638585,0.007931152046947474,0,0,0,0,0,1,0
2024-03-17 06:00:00,0.02948529,0.02494612083333333,0.005485783281450045,0.003840048297015031,0.008228674922175067,0.016457349844350135,0.028786169130348364,0.0211060725363183,0.0331747957555084,0.016717445911158264,0.04140347067768346,0.008488770988983197,0,0,0,0,0,1,0
2024-03-17 07:00:00,0.0313185,0.025383779166666665,0.005560338281052014,0.0038922367967364094,0.008340507421578021,0.016681014843156042,0.029276015963403075,0.021491542369930255,0.03372428658824469,0.017043271745088642,0.04206479400982271,0.008702764323510623,0,0,0,0,0,1,0
2024-03-17 08:00:00,0.03292801,0.025868199999999997,0.005694089839535998,0.003985862887675199,0.008541134759303997,0.017082269518607994,0.029854062887675198,0.021882337112324797,0.034409334759303994,0.017327065240696,0.042950469518607995,0.008785930481392003,0,0,0,0,0,1,0
2024-03-17 09:00:00,0.03629825,0.026424109166666664,0.006038326350858453,0.004226828445600917,0.009057489526287679,0.018114979052575357,0.03065093761226758,0.02219728072106575,0.03548159869295434,0.017366619640378986,0.04453908821924202,0.008309130114091307,0,0,0,0,0,0,1
2024-03-17 10:00:00,0.0368895,0.02695305958333333,0.00638085120457246,0.004466595843200722,0.009571276806858691,0.019142553613717382,0.031419655426534056,0.02248646374013261,0.03652433639019202,0.01738178277647464,0.04609561319705072,0.007810505969615949,0,0,0,0,0,0,1
2024-03-17 11:00:00,0.04016036,0.027711475,0.006827477838374112,0.0047792344868618775,0.010241216757561167,0.020482433515122335,0.03249070948686188,0.022932240513138122,0.03795269175756116,0.017470258242438832,0.048193908515122334,0.007229041484877664,0,0,0,0,0,0,1
2024-03-17 12:00:00,0.03814508,0.028556719999999997,0.006810409824704929,0.0047672868772934505,0.010215614737057394,0.020431229474114788,0.03332400687729345,0.023789433122706545,0.03877233473705739,0.0183411052629426,0.048987949474114785,0.00812549052588521,0,0,0,0,0,1,0
2024-03-17 13:00:00,0.0353767,0.0293328025,0.006458744929995604,0.0045211214509969224,0.009688117394993406,0.01937623478998681,0.03385392395099692,0.024811681049003078,0.03902091989499341,0.019644685105006596,0.04870903728998681,0.00995656771001319,0,0,0,0,0,1,0
2024-03-17 14:00:00,0.03387769,0.03006885666666666,0.005879078751309201,0.004115355125916441,0.008818618126963801,0.017637236253927602,0.0341842117925831,0.02595350154075022,0.03888747479363046,0.02125023853970286,0.04770609292059426,0.012431620412739059,0,0,0,0,1,0,0
2024-03-17 15:00:00,0.03212758,0.030723496666666666,0.005118256366121916,0.0035827794562853406,0.007677384549182873,0.015354769098365747,0.034306276122952006,0.027140717210381325,0.03840088121584954,0.023046112117483794,0.04607826576503241,0.015368727568300919,0,0,0,0,1,0,0
2024-03-17 16:00:00,0.02867181,0.03095157083333333,0.004884976752603857,0.0034194837268226998,0.007327465128905785,0.01465493025781157,0.03437105456015603,0.02753208710651063,0.03827903596223912,0.023624105704427543,0.045606501091144905,0.01629664057552176,0,0,1,0,0,0,0
2024-03-17 17:00:00,0.02730188,0.031217012916666665,0.004472484658577985,0.0031307392610045895,0.006708726987866977,0.013417453975733955,0.034347752177671255,0.028086273655662075,0.03792573990453364,0.024508285928799688,0.04463446689240062,0.01779955894093271,0,1,0,0,0,0,0
2024-03-17 18:00:00,0.02526761,0.031447632499999996,0.003968912668505335,0.002778238867953734,0.005953369002758002,0.011906738005516004,0.03422587136795373,0.02866939363204626,0.037401001502758,0.025494263497241994,0.043354370505516,0.01954089449448399,1,0,0,0,0,0,0
2024-03-17 19:00:00,0.02095894,0.03118380333333333,0.0044397677440536016,0.003107837420837521,0.006659651616080403,0.013319303232160806,0.03429164075417085,0.02807596591249581,0.037843454949413734,0.024524151717252925,0.04450310656549414,0.017864500101172524,1,0,0,0,0,0,0
2024-03-17 20:00:00,0.01754071,0.030680650833333333,0.005237683752989703,0.0036663786270927914,0.007856525629484554,0.01571305125896911,0.03434702946042612,0.02701427220624054,0.03853717646281789,0.02282412520384878,0.04639370209230244,0.014967599574364224,1,0,0,0,0,0,0
2024-03-17 21:00:00,0.01347334,0.03003185583333333,0.0063048582756269,0.00441340079293883,0.00945728741344035,0.0189145748268807,0.03444525662627216,0.0256184550403945,0.039489143246773675,0.02057456841989298,0.04894643066021403,0.01111728100645263,1,0,0,0,0,0,0
2024-03-17 22:00:00,0.01184198,0.029270914166666665,0.007316592197631126,0.005121614538341788,0.010974888296446689,0.021949776592893377,0.03439252870500845,0.024149299628324877,0.04024580246311335,0.018296025870219976,0.05122069075956004,0.007321137573773288,1,0,0,0,0,0,0
2024-03-17 23:00:00,0.01135567,0.028497861250000003,0.008175930286087442,0.005723151200261209,0.012263895429131162,0.024527790858262323,0.03422101245026121,0.022774710049738793,0.040761756679131164,0.01623396582086884,0.05302565210826232,0.00397007039173768,1,0,0,0,0,0,0
2024-03-18 00:00:00,0.01114148,0.027799598749999998,0.008911738242214282,0.006238216769549997,0.013367607363321423,0.026735214726642847,0.03403781551954999,0.02156138198045,0.04116720611332142,0.014431991386678574,0.054534813476642845,0.001064384023357151,1,0,0,0,0,0,0
2024-03-18 01:00:00,0.01116919,0.02723995041666667,0.009522193109524527,0.006665535176667168,0.01428328966428679,0.02856657932857358,0.03390548559333384,0.0205744152399995,0.041523240080953455,0.012956660752379879,0.05580652974524025,-0.001326628911906911,1,0,0,0,0,0,0
2024-03-18 02:00:00,0.0134596,0.026481965833333333,0.009873348870449274,0.006911344209314491,0.014810023305673912,0.029620046611347824,0.033393310042647825,0.01957062162401884,0.041291989139007244,0.01167194252765942,0.05610201244468116,-0.003138080778014491,0,1,0,0,0,0,0
2024-03-18 03:00:00,0.01642426,0.025743600416666665,0.009937762635495931,0.006956433844847151,0.014906643953243898,0.029813287906487795,0.03270003426151381,0.018787166571819513,0.04065024436991056,0.010836956463422767,0.05555688832315446,-0.0040696874898211305,0,1,0,0,0,0,0
2024-03-18 04:00:00,0.01963423,0.0252505875,0.009935003534576542,0.006954502474203579,0.014902505301864814,0.02980501060372963,0.03220508997420358,0.018296085025796424,0.04015309280186481,0.010348082198135187,0.05505559810372963,-0.0045544231037296275,0,0,1,0,0,0,0
2024-03-18 05:00:00,0.02315915,0.024916950416666667,0.00986188107435978,0.006903316752051846,0.01479282161153967,0.02958564322307934,0.03182026716871851,0.018013633664614823,0.03970977202820634,0.010124128805126996,0.05450259363974601,-0.004668692806412675,0,0,1,0,0,0,0
2024-03-18 06:00:00,0.02385923,0.02468253125,0.009815325751765264,0.006870728026235684,0.014722988627647897,0.029445977255295793,0.03155325927623569,0.017811803223764317,0.0394055198776479,0.009959542622352104,0.0541285085052958,-0.004763446005295793,0,0,1,0,0,0,0
2024-03-18 07:00:00,0.0232589,0.02434671458333333,0.009715783545531913,0.006801048481872339,0.01457367531829787,0.02914735063659574,0.03114776306520567,0.017545666101460994,0.0389203899016312,0.009773039265035461,0.05349406521992907,-0.004800636053262409,0,0,1,0,0,0,0
2024-03-18 08:00:00,0.02168871,0.023878410416666666,0.009553695606595206,0.006687586924616643,0.014330543409892808,0.028661086819785617,0.030565997341283308,0.017190823492050023,0.03820895382655948,0.009547867006773857,0.05253949723645228,-0.004782676403118951,0,0,1,0,0,0,0
2024-03-18 09:00:00,0.02187911,0.023277612916666666,0.009184966681713161,0.0064294766771992124,0.013777450022569741,0.027554900045139483,0.02970708959386588,0.016848136239467452,0.03705506293923641,0.009500162894096924,0.050832512961806145,-0.004277287128472817,0,0,1,0,0,0,0
2024-03-18 10:00:00,0.02279123,0.022690184999999998,0.008715389883053861,0.006100772918137703,0.013073084824580791,0.026146169649161582,0.0287909579181377,0.016589412081862296,0.03576326982458079,0.009617100175419207,0.048836354649161584,-0.0034559846491615843,0,0,0,0,1,0,0
2024-03-18 11:00:00,0.02355501,0.021998295416666664,0.007888038048267496,0.005521626633787247,0.011832057072401245,0.02366411414480249,0.02751992205045391,0.016476668782879417,0.033830352489067905,0.01016623834426542,0.04566240956146915,-0.0016658187281358254,0,0,0,0,1,0,0
2024-03-18 12:00:00,0.02365723,0.021394635,0.007115121642684883,0.004980585149879418,0.010672682464027325,0.02134536492805465,0.026375220149879416,0.01641404985012058,0.03206731746402732,0.010721952535972674,0.04273999992805465,4.927007194534955e-05,0,0,0,0,1,0,0
2024-03-18 13:00:00,0.02311128,0.020883575833333334,0.006479245664771039,0.0045354719653397275,0.00971886849715656,0.01943773699431312,0.025419047798673062,0.016348103867993607,0.030602444330489892,0.011164707336176775,0.04032131282764645,0.0014458388390202158,0,0,0,0,1,0,0
2024-03-18 14:00:00,0.02230568,0.02040140875,0.005872374883694761,0.004110662418586332,0.00880856232554214,0.01761712465108428,0.024512071168586332,0.016290746331413666,0.02920997107554214,0.011592846424457858,0.038018533401084284,0.0027842840989157173,0,0,0,0,1,0,0
2024-03-18 15:00:00,0.02188822,0.01997476875,0.005330344188150023,0.003731240931705016,0.007995516282225034,0.01599103256445007,0.023706009681705015,0.016243527818294985,0.027970285032225033,0.011979252467774966,0.03596580131445007,0.003983736185549931,0,0,0,0,1,0,0
2024-03-18 16:00:00,0.0201014,0.01961766833333333,0.004999156897450853,0.0034994098282155966,0.007498735346176279,0.014997470692352558,0.023117078161548926,0.016118258505117736,0.02711640367950961,0.012118932987157053,0.03461513902568589,0.004620197640980773,0,0,0,0,1,0,0
2024-03-18 17:00:00,0.01840302,0.0192468825,0.004727048868766795,0.003308934208136756,0.007090573303150192,0.014181146606300384,0.022555816708136757,0.015937948291863242,0.02633745580315019,0.012156309196849808,0.03342802910630038,0.005065735893699616,0,0,1,0,0,0,0
2024-03-18 18:00:00,0.017498,0.018923148749999997,0.004559886242695905,0.0031919203698871335,0.006839829364043858,0.013679658728087716,0.02211506911988713,0.015731228380112865,0.025762978114043857,0.012083319385956139,0.03260280747808771,0.005243490021912281,0,0,1,0,0,0,0
2024-03-18 19:00:00,0.01545038,0.01869362541666667,0.004591486792872707,0.003214040755010895,0.006887230189309061,0.013774460378618122,0.021907666171677564,0.015479584661655773,0.025580855605975727,0.011806395227357607,0.03246808579528479,0.004919165038048547,0,1,0,0,0,0,0
2024-03-18 20:00:00,0.01473497,0.01857671958333333,0.004657364451886288,0.003260155116320401,0.006986046677829432,0.013972093355658863,0.021836874699653733,0.01531656446701293,0.025562766261162762,0.0115906729055039,0.03254881293899219,0.004604626227674468,0,1,0,0,0,0,0
2024-03-18 21:00:00,0.01418495,0.01860637,0.004625618929376148,0.0032379332505633033,0.006938428394064222,0.013876856788128444,0.021844303250563305,0.015368436749436698,0.025544798394064223,0.011667941605935778,0.03248322678812844,0.004729513211871556,0,1,0,0,0,0,0
2024-03-18 22:00:00,0.01322078,0.01866382,0.004545826832292915,0.0031820787826050407,0.0068187402484393735,0.013637480496878747,0.021845898782605042,0.01548174121739496,0.025482560248439375,0.011845079751560628,0.03230130049687875,0.005026339503121254,0,1,0,0,0,0,0
2024-03-18 23:00:00,0.01236878,0.018706032916666667,0.004479228206047397,0.003135459744233178,0.006718842309071096,0.013437684618142192,0.021841492660899846,0.015570573172433488,0.02542487522573776,0.011987190607595571,0.03214371753480886,0.005268348298524475,0,1,0,0,0,0,0
2024-03-19 00:00:00,0.01010938,0.01866302875,0.0045592512654884275,0.003191475885841899,0.006838876898232642,0.013677753796465283,0.0218545046358419,0.015471552864158102,0.025501905648232643,0.01182415185176736,0.03234078254646529,0.004985274953534718,1,0,0,0,0,0,0
2024-03-19 01:00:00,0.00935131,0.01858728375,0.0047020280078421215,0.003291419605489485,0.007053042011763182,0.014106084023526365,0.021878703355489484,0.015295864144510514,0.025640325761763182,0.011534241738236816,0.03269336777352636,0.004481199726473635,1,0,0,0,0,0,0
2024-03-19 02:00:00,0.01048651,0.018463405,0.00487883468769224,0.003415184281384568,0.00731825203153836,0.01463650406307672,0.021878589281384565,0.01504822071861543,0.025781657031538358,0.01114515296846164,0.03309990906307672,0.003826900936923278,1,0,0,0,0,0,0
2024-03-19 03:00:00,0.01176085,0.018269096250000002,0.005053322762883803,0.003537325934018662,0.007579984144325704,0.015159968288651408,0.021806422184018664,0.01473177031598134,0.025849080394325707,0.010689112105674298,0.03342906453865141,0.003109127961348594,0,1,0,0,0,0,0
2024-03-19 04:00:00,0.0128241,0.017985340833333332,0.005163339054824098,0.003614337338376868,0.007745008582236147,0.015490017164472293,0.0215996781717102,0.014371003494956463,0.025730349415569478,0.010240332251097186,0.03347535799780563,0.0024953236688610384,0,1,0,0,0,0,0
2024-03-19 05:00:00,0.01376362,0.017593860416666666,0.005109913953112699,0.003576939767178889,0.007664870929669048,0.015329741859338096,0.021170800183845553,0.014016920649487776,0.025258731346335713,0.009928989486997618,0.032923602276004764,0.0022641185573285694,0,1,0,0,0,0,0
2024-03-19 06:00:00,0.01517126,0.017231861666666667,0.0049520622690121755,0.0034664435883085226,0.007428093403518263,0.014856186807036527,0.02069830525497519,0.013765418078358144,0.02465995507018493,0.009803768263148403,0.032088048473703196,0.002375674859630141,0,0,1,0,0,0,0
2024-03-19 07:00:00,0.0176689,0.016998944999999998,0.004784899179977656,0.0033494294259843586,0.007177348769966483,0.014354697539932966,0.020348374425984358,0.01364951557401564,0.02417629376996648,0.009821596230033515,0.03135364253993296,0.002644247460067032,0,0,0,0,1,0,0
2024-03-19 08:00:00,0.02381745,0.0170876425,0.004894097085541881,0.003425867959879316,0.007341145628312821,0.014682291256625643,0.020513510459879317,0.013661774540120684,0.024428788128312822,0.009746496871687178,0.031769933756625644,0.002405351243374357,0,0,0,0,0,1,0
2024-03-19 09:00:00,0.03955283,0.0178240475,0.0066581488396528325,0.004660704187756983,0.009987223259479249,0.019974446518958498,0.02248475168775698,0.013163343312243017,0.02781127075947925,0.00783682424052075,0.037798494018958496,-0.0021503990189584987,0,0,0,0,0,0,1
2024-03-19 10:00:00,0.04779696,0.018865952916666668,0.009010285749321893,0.006307200024525324,0.013515428623982839,0.027030857247965678,0.025173152941191993,0.012558752892141343,0.032381381540649505,0.005350524292683829,0.045896810164632346,-0.00816490433129901,0,0,0,0,0,0,1
2024-03-19 11:00:00,0.04778826,0.019875671666666664,0.010748719958846867,0.007524103971192807,0.0161230799382703,0.0322461598765406,0.02739977563785947,0.012351567695473856,0.035998751604936964,0.0037525917283963636,0.052121831543207264,-0.012370488209873937,0,0,0,0,0,0,1
2024-03-19 12:00:00,0.04698122,0.020847504583333332,0.012077733920637778,0.008454413744446445,0.018116600880956665,0.03623320176191333,0.02930191832777978,0.012393090838886888,0.038964105464289994,0.002730903702376667,0.05708070634524666,-0.015385697178579998,0,0,0,0,0,0,1
2024-03-19 13:00:00,0.04178875,0.021625732499999998,0.01280951388112166,0.00896665971678516,0.01921427082168249,0.03842854164336498,0.03059239221678516,0.012659072783214837,0.040840003321682486,0.0024114616783175065,0.06005427414336498,-0.016802809143364985,0,0,0,0,0,0,1
2024-03-19 14:00:00,0.03838969,0.022295899583333334,0.013259472124409715,0.0092816304870868,0.019889208186614573,0.039778416373229146,0.031577530070420134,0.013014269096246533,0.04218510776994791,0.002406691396718761,0.06207431595656248,-0.017482516789895812,0,0,0,0,0,1,0
2024-03-19 15:00:00,0.0348065,0.02283416125,0.01350218714752077,0.009451531003264539,0.020253280721281155,0.04050656144256231,0.03228569225326454,0.01338263024673546,0.04308744197128116,0.0025808805287188437,0.0633407226925623,-0.01767240019256231,0,0,0,0,0,1,0
2024-03-19 16:00:00,0.01936584,0.022803512916666668,0.013509492722412638,0.009456644905688845,0.020264239083618955,0.04052847816723791,0.032260157822355515,0.013346868010977822,0.04306775200028562,0.0025392738330477123,0.06333199108390458,-0.017724965250571243,0,0,1,0,0,0,0
2024-03-19 17:00:00,0.01712326,0.02275018958333333,0.013530127007674971,0.00947108890537248,0.020295190511512455,0.04059038102302491,0.03222127848870581,0.013279100677960851,0.043045380094845785,0.002454999071820875,0.06334057060635824,-0.01784019143969158,0,0,1,0,0,0,0
2024-03-19 18:00:00,0.02157613,0.022920111666666663,0.013486836905645378,0.009440785833951764,0.020230255358468067,0.040460510716936134,0.03236089750061843,0.013479325832714899,0.04315036702513473,0.002689856308198596,0.0633806223836028,-0.01754039905026947,0,0,1,0,0,0,0
2024-03-19 19:00:00,0.02346677,0.023254127916666662,0.013392736583009173,0.00937491560810642,0.02008910487451376,0.04017820974902752,0.03262904352477308,0.013879212308560242,0.04334323279118042,0.003165023042152902,0.06343233766569419,-0.016924081832360858,0,0,0,0,1,0,0
2024-03-19 20:00:00,0.02518012,0.0236893425,0.01327303830666401,0.009291126814664806,0.019909557459996015,0.03981911491999203,0.032980469314664806,0.014398215685335192,0.04359889995999601,0.0037797850400039835,0.06350845741999203,-0.01612977241999203,0,0,0,0,1,0,0
2024-03-19 21:00:00,0.02831496,0.024278092916666664,0.013145895981605088,0.00920212718712356,0.019718843972407633,0.03943768794481527,0.033480220103790224,0.015075965729543103,0.0439969368890743,0.0045592489442590305,0.06371578086148193,-0.015159595028148603,0,0,0,0,1,0,0
2024-03-19 22:00:00,0.02932712,0.024949190416666666,0.01296677182799602,0.009076740279597213,0.019450157741994028,0.038900315483988056,0.034025930696263876,0.015872450137069453,0.044399348158660694,0.005499032674672638,0.06384950590065472,-0.01395112506732139,0,0,0,0,1,0,0
2024-03-19 23:00:00,0.02982092,0.025676362916666667,0.012717552496129048,0.008902286747290333,0.01907632874419357,0.03815265748838714,0.034578649663957,0.016774076169376335,0.04475269166086024,0.006600034172473096,0.06382902040505381,-0.012476294571720475,0,0,0,0,1,0,0
2024-03-20 00:00:00,0.01971043,0.026076406666666663,0.012352348505276927,0.008646643953693849,0.01852852275791539,0.03705704551583078,0.03472305062036051,0.017429762712972814,0.04460492942458205,0.007547883908751274,0.06313345218249744,-0.010980638849164115,0,0,1,0,0,0,0
2024-03-20 01:00:00,0.01916139,0.026485159999999997,0.011929923114287143,0.008350946180001,0.017894884671430713,0.035789769342861426,0.034836106180001,0.018134213819998996,0.04438004467143071,0.008590275328569284,0.062274929342861426,-0.009304609342861429,0,0,1,0,0,0,0
2024-03-20 02:00:00,0.02317785,0.027013965833333334,0.011462037055813277,0.008023425939069294,0.017193055583719915,0.03438611116743983,0.03503739177240263,0.01899053989426404,0.04420702141705325,0.009820910249613419,0.061400077000773164,-0.007372145334106496,0,0,1,0,0,0,0
2024-03-20 03:00:00,0.02231566,0.02745374958333333,0.011046296745062212,0.007732407721543548,0.01656944511759332,0.03313889023518664,0.035186157304876876,0.019721341861789782,0.04402319470092665,0.01088430446574001,0.060592639818519964,-0.005685140651853309,0,0,1,0,0,0,0
2024-03-20 04:00:00,0.01837689,0.027685115833333333,0.010781533035512407,0.007547073124858684,0.01617229955326861,0.03234459910653722,0.035232188958192016,0.02013804270847465,0.04385741538660194,0.011512816280064724,0.060029714939870554,-0.004659483273203886,0,1,0,0,0,0,0
2024-03-20 05:00:00,0.01372803,0.02768363291666667,0.010783533343762683,0.007548473340633878,0.016175300015644024,0.03235060003128805,0.03523210625730055,0.02013515957603279,0.04385893293231069,0.011508332901022645,0.06003423294795472,-0.004666967114621379,0,1,0,0,0,0,0
2024-03-20 06:00:00,0.01312417,0.0275983375,0.010894333346865742,0.007626033342806019,0.016341500020298612,0.032683000040597224,0.03522437084280602,0.019972304157193983,0.04393983752029861,0.011256837479701388,0.060281337540597224,-0.0050846625405972234,0,1,0,0,0,0,0
2024-03-20 07:00:00,0.01401685,0.02744616875,0.011063250612084888,0.007744275428459421,0.016594875918127333,0.033189751836254666,0.03519044417845942,0.019701893321540577,0.04404104466812733,0.010851292831872666,0.060635920586254666,-0.005743583086254667,0,1,0,0,0,0,0
2024-03-20 08:00:00,0.01595972,0.027118763333333334,0.011289269753770988,0.00790248882763969,0.01693390463065648,0.03386780926131296,0.03502125216097302,0.019216274505693645,0.044052667963989815,0.010184858702676852,0.06098657259464629,-0.006749045927979629,0,1,0,0,0,0,0
2024-03-20 09:00:00,0.01328214,0.02602415125,0.011304837331049589,0.007913386131734711,0.016957255996574383,0.033914511993148766,0.03393753738173471,0.018110765118265287,0.042981407246574385,0.009066895253425616,0.05993866324314877,-0.007890360743148767,0,1,0,0,0,0,0
2024-03-20 10:00:00,0.0112699,0.024502190416666667,0.010688118062030091,0.007481682643421063,0.016032177093045136,0.03206435418609027,0.03198387306008773,0.017020507773245604,0.0405343675097118,0.00847001332362153,0.05656654460275694,-0.007562163769423605,0,1,0,0,0,0,0
2024-03-20 11:00:00,0.0110332,0.022970729583333332,0.009803080014374275,0.0068621560100619915,0.014704620021561412,0.029409240043122824,0.029832885593395322,0.01610857357327134,0.03767534960489474,0.00826610956177192,0.052379969626456156,-0.006438510459789493,0,1,0,0,0,0,0
2024-03-20 12:00:00,0.01332801,0.0215685125,0.0085455250776474,0.00598186755435318,0.012818287616471101,0.025636575232942202,0.02755038005435318,0.015586644945646821,0.034386800116471106,0.0087502248835289,0.0472050877329422,-0.004068062732942201,0,1,0,0,0,0,0
2024-03-20 13:00:00,0.01430788,0.02042347625,0.007494897281612532,0.005246428097128772,0.011242345922418798,0.022484691844837597,0.02566990434712877,0.015177048152871228,0.0316658221724188,0.009181130327581201,0.04290816809483759,-0.0020612155948375975,0,1,0,0,0,0,0
2024-03-20 14:00:00,0.01384432,0.019400752499999997,0.006552090567882548,0.004586463397517783,0.009828135851823822,0.019656271703647643,0.02398721589751778,0.014814289102482213,0.029228888351823818,0.009572616648176175,0.039057024203647636,-0.00025551920364764655,0,1,0,0,0,0,0
2024-03-20 15:00:00,0.01226854,0.018461670833333332,0.005822571905562491,0.0040758003338937435,0.008733857858343736,0.01746771571668747,0.022537471167227076,0.014385870499439589,0.027195528691677066,0.009727812974989597,0.0359293865500208,0.0009939551166458609,0,1,0,0,0,0,0
2024-03-20 16:00:00,0.01593874,0.018318875,0.0058414269593871524,0.004088998871571006,0.008762140439080728,0.017524280878161456,0.022407873871571005,0.014229876128428992,0.027081015439080727,0.00955673456091927,0.035843155878161455,0.0007945941218385419,0,0,1,0,0,0,0
2024-03-20 17:00:00,0.01486044,0.018224590833333332,0.005879700208734579,0.004115790146114205,0.008819550313101868,0.017639100626203736,0.022340380979447537,0.014108800687219127,0.027044141146435198,0.009405040520231464,0.035863691459537064,0.0005854902071295957,0,0,1,0,0,0,0
2024-03-20 18:00:00,0.01377635,0.017899599999999998,0.005901913062172837,0.004131339143520985,0.008852869593259255,0.01770573918651851,0.022030939143520983,0.013768260856479014,0.026752469593259255,0.009046730406740743,0.03560533918651851,0.0001938608134814876,0,0,1,0,0,0,0
2024-03-20 19:00:00,0.01160736,0.017405457916666665,0.005911992079822981,0.004138394455876086,0.008867988119734473,0.017735976239468945,0.021543852372542752,0.013267063460790578,0.026273446036401138,0.008537469796932193,0.03514143415613561,-0.00033051832280227983,0,1,0,0,0,0,0
2024-03-20 20:00:00,0.01130072,0.016827149583333333,0.005796115040464839,0.004057280528325387,0.00869417256069726,0.01738834512139452,0.02088443011165872,0.012769869055007946,0.025521322144030592,0.008132977022636073,0.03421549470472785,-0.0005611955380611863,0,1,0,0,0,0,0
2024-03-20 21:00:00,0.01099071,0.01610530583333333,0.005366047355880307,0.0037562331491162145,0.00804907103382046,0.01609814206764092,0.019861538982449543,0.012349072684217116,0.02415437686715379,0.00805623479951287,0.03220344790097425,7.163765692409785e-06,0,1,0,0,0,0,0
2024-03-20 22:00:00,0.00974781,0.015289501249999999,0.0047176872086267495,0.0033023810460387245,0.007076530812940124,0.014153061625880248,0.018591882296038722,0.011987120203961274,0.022366032062940123,0.008212970437059874,0.02944256287588025,0.0011364396241197502,0,1,0,0,0,0,0
2024-03-20 23:00:00,0.00999133,0.014463268333333333,0.0036856112553539035,0.0025799278787477322,0.0055284168830308554,0.011056833766061711,0.017043196212081065,0.011883340454585601,0.01999168521636419,0.008934851450302476,0.025520102099395044,0.003406434567271622,0,1,0,0,0,0,0
2024-03-21 00:00:00,0.00918591,0.014024746666666664,0.003660175648313129,0.0025621229538191903,0.005490263472469694,0.010980526944939388,0.016586869620485854,0.011462623712847474,0.019515010139136358,0.00853448319419697,0.025005273611606052,0.003044219721727276,0,1,0,0,0,0,0
2024-03-21 01:00:00,0.0095605,0.013624709583333332,0.0035985024324351857,0.00251895170270463,0.005397753648652779,0.010795507297305558,0.01614366128603796,0.011105757880628703,0.01902246323198611,0.008226955934680553,0.02442021688063889,0.002829202286027774,0,1,0,0,0,0,0
2024-03-21 02:00:00,0.00965996,0.013061464166666663,0.0030551091366406045,0.002138576395648423,0.004582663704960906,0.009165327409921813,0.015200040562315087,0.01092288777101824,0.01764412787162757,0.008478800461705757,0.022226791576588474,0.0038961367567448505,0,1,0,0,0,0,0
2024-03-21 03:00:00,0.01004989,0.012550390416666666,0.002394156269782245,0.0016759093888475713,0.0035912344046733673,0.007182468809346735,0.014226299805514238,0.010874481027819094,0.016141624821340034,0.008959156011993298,0.0197328592260134,0.005367921607319932,0,1,0,0,0,0,0
2024-03-21 04:00:00,0.01106877,0.012245885416666664,0.0020626848291261583,0.0014438793803883108,0.0030940272436892373,0.0061880544873784745,0.013689764797054976,0.010802006036278353,0.015339912660355903,0.009151858172977426,0.01843393990404514,0.00605783092928819,0,0,1,0,0,0,0
2024-03-21 05:00:00,0.01283293,0.012208589583333332,0.0020427162806629486,0.001429901396464064,0.003064074420994423,0.006128148841988846,0.013638490979797396,0.010778688186869268,0.015272664004327755,0.009144515162338909,0.01833673842532218,0.006080440741344486,0,0,0,0,1,0,0
2024-03-21 06:00:00,0.01454671,0.01226786208333333,0.0020905175930425106,0.0014633623151297573,0.0031357763895637656,0.006271552779127531,0.013731224398463087,0.010804499768203574,0.015403638472897097,0.009132085693769564,0.018539414862460864,0.0059963093042057995,0,0,0,0,0,1,0
2024-03-21 07:00:00,0.01481531,0.01230113125,0.0021256204783497152,0.0014879343348448005,0.0031884307175245727,0.006376861435049145,0.0137890655848448,0.010813196915155199,0.015489561967524573,0.009112700532475426,0.018677992685049147,0.005924269814950854,0,0,0,0,0,1,0
2024-03-21 08:00:00,0.01647401,0.012322559999999998,0.0021663098301255737,0.0015164168810879015,0.0032494647451883603,0.006498929490376721,0.0138389768810879,0.010806143118912096,0.01557202474518836,0.009073095254811637,0.01882148949037672,0.005823630509623277,0,0,0,0,0,0,1
2024-03-21 09:00:00,0.01388311,0.012347600416666667,0.0021813052975840123,0.0015269137083088085,0.003271957946376018,0.006543915892752036,0.013874514124975475,0.010820686708357858,0.015619558363042685,0.009075642470290649,0.018891516309418703,0.00580368452391463,0,0,0,0,0,1,0
2024-03-21 10:00:00,0.01280852,0.012411709583333333,0.0021708393834139633,0.0015195875683897742,0.003256259075120945,0.00651251815024189,0.013931297151723107,0.01089212201494356,0.015667968658454278,0.009155450508212388,0.018924227733575223,0.005899191433091443,0,0,0,0,1,0,0
2024-03-21 11:00:00,0.01229302,0.012464202083333332,0.002151199573361091,0.0015058397013527638,0.003226799360041637,0.006453598720083274,0.013970041784686096,0.010958362381980568,0.015691001443374968,0.009237402723291696,0.018917800803416606,0.006010603363250058,0,0,1,0,0,0,0
2024-03-21 12:00:00,0.01242695,0.012426657916666665,0.002143316862247428,0.0015003218035731995,0.003214975293371142,0.006429950586742284,0.013926979720239865,0.010926336113093465,0.01564163321003781,0.009211682623295523,0.01885660850340895,0.005996707329924381,0,0,0,0,1,0,0
2024-03-21 13:00:00,0.0112357,0.012298650416666666,0.0021176657278913187,0.001482366009523923,0.003176498591836978,0.006352997183673956,0.01378101642619059,0.010816284407142742,0.015475149008503645,0.009122151824829687,0.01865164760034062,0.00594565323299271,0,0,1,0,0,0,0
2024-03-21 14:00:00,0.00977758,0.012129202916666665,0.0021510491855165842,0.0015057344298616089,0.0032265737782748763,0.006453147556549753,0.013634937346528275,0.010623468486805055,0.015355776694941542,0.008902629138391788,0.01858235047321642,0.005676055360116912,0,1,0,0,0,0,0
2024-03-21 15:00:00,0.00970702,0.012022472916666666,0.002206664352593574,0.0015446650468155015,0.0033099965288903607,0.006619993057780721,0.013567137963482167,0.010477807869851164,0.015332469445557027,0.008712476387776304,0.018642465974447388,0.005402479858885944,0,1,0,0,0,0,0
2024-03-21 16:00:00,0.01147074,0.01183630625,0.0020444083089143287,0.0014310858162400301,0.003066612463371493,0.006133224926742986,0.01326739206624003,0.010405220433759969,0.014902918713371491,0.008769693786628507,0.017969531176742985,0.005703081323257014,0,0,1,0,0,0,0
2024-03-21 17:00:00,0.01445626,0.011819465416666666,0.0020199320765384565,0.0014139524535769195,0.0030298981148076847,0.006059796229615369,0.013233417870243586,0.010405512963089746,0.014849363531474351,0.00878956730185898,0.017879261646282035,0.005759669187051297,0,0,0,0,0,1,0
2024-03-21 18:00:00,0.01566543,0.011898177083333331,0.0021331365182526113,0.0014931955627768279,0.0031997047773789167,0.006399409554757833,0.013391372646110159,0.010404981520556503,0.015097881860712248,0.008698472305954413,0.018297586638091164,0.0054987675285754975,0,0,0,0,0,0,1
2024-03-21 19:00:00,0.01654086,0.012103739583333334,0.002332306470106977,0.0016326145290748838,0.0034984597051604654,0.006996919410320931,0.013736354112408217,0.01047112505425845,0.015602199288493799,0.008605279878172868,0.019100658993654263,0.005106820173012403,0,0,0,0,0,0,1
2024-03-21 20:00:00,0.01564958,0.012284942083333333,0.002433928201994408,0.0017037497413960854,0.003650892302991612,0.007301784605983224,0.01398869182472942,0.010581192341937247,0.015935834386324947,0.008634049780341721,0.019586726689316557,0.004983157477350109,0,0,0,0,0,1,0
2024-03-21 21:00:00,0.01455892,0.012433617499999999,0.0024602720165807744,0.001722190411606542,0.0036904080248711616,0.007380816049742323,0.014155807911606541,0.010711427088393457,0.01612402552487116,0.008743209475128837,0.01981443354974232,0.005052801450257676,0,0,0,0,0,1,0
2024-03-21 22:00:00,0.01202738,0.012528599583333333,0.002395217442881849,0.0016766522100172942,0.0035928261643227736,0.007185652328645547,0.014205251793350627,0.010851947373316038,0.016121425747656105,0.00893577341901056,0.01971425191197888,0.005342947254687785,0,0,1,0,0,0,0
2024-03-21 23:00:00,0.01010589,0.012533372916666665,0.002390049751377443,0.00167303482596421,0.0035850746270661643,0.007170149254132329,0.014206407742630876,0.010860338090702455,0.01611844754373283,0.0089482982896005,0.019703522170798994,0.005363223662534337,0,1,0,0,0,0,0
2024-03-22 00:00:00,0.00932888,0.01253933,0.0023815065099881795,0.0016670545569917256,0.0035722597649822693,0.007144519529964539,0.014206384556991726,0.010872275443008273,0.016111589764982268,0.00896707023501773,0.019683849529964537,0.005394810470035461,0,1,0,0,0,0,0
2024-03-22 01:00:00,0.00804941,0.012476367916666667,0.0024815580394851313,0.0017370906276395917,0.003722337059227697,0.007444674118455394,0.014213458544306258,0.010739277289027075,0.016198704975894363,0.00875403085743897,0.01992104203512206,0.0050316937982112725,1,0,0,0,0,0,0
2024-03-22 02:00:00,0.00731633,0.012378716666666664,0.002638362274676266,0.0018468535922733862,0.003957543412014399,0.007915086824028798,0.01422557025894005,0.010531863074393279,0.016336260078681063,0.008421173254652265,0.020293803490695463,0.004463629842637866,1,0,0,0,0,0,0
2024-03-22 03:00:00,0.00741846,0.012269073749999998,0.002789687306940647,0.0019527811148584526,0.00418453096041097,0.00836906192082194,0.014221854864858451,0.010316292635141545,0.01645360471041097,0.008084542789589028,0.020638135670821938,0.003900011829178058,1,0,0,0,0,0,0
2024-03-22 04:00:00,0.00779373,0.012132613749999998,0.0029276435980200017,0.0020493505186140013,0.004391465397030002,0.008782930794060005,0.014181964268613999,0.010083263231385997,0.01652407914703,0.007741148352969996,0.020915544544060003,0.0033496829559399935,0,1,0,0,0,0,0
2024-03-22 05:00:00,0.00816611,0.011938162916666667,0.003032221699207752,0.0021225551894454263,0.004548332548811628,0.009096665097623255,0.014060718106112093,0.00981560772722124,0.016486495465478295,0.007389830367855039,0.021034828014289922,0.0028414978190434113,0,1,0,0,0,0,0
2024-03-22 06:00:00,0.00821882,0.011674500833333332,0.0030704131087841645,0.002149289176148915,0.004605619663176247,0.009211239326352493,0.013823790009482247,0.009525211657184417,0.01628012049650958,0.007068881170157085,0.020885740159685827,0.002463261506980839,0,1,0,0,0,0,0
2024-03-22 07:00:00,0.00845914,0.011409660416666663,0.003061837580558491,0.0021432863063909438,0.004592756370837736,0.009185512741675473,0.013552946723057607,0.00926637411027572,0.0160024167875044,0.006816904045828927,0.020595173158342136,0.0022241476749911906,0,1,0,0,0,0,0
2024-03-22 08:00:00,0.01087322,0.011176294166666665,0.002866255182688607,0.002006378627882025,0.004299382774032911,0.008598765548065821,0.01318267279454869,0.00916991553878464,0.015475676940699575,0.006876911392633754,0.019775059714732486,0.0025775286186008432,0,0,1,0,0,0,0
2024-03-22 09:00:00,0.01019671,0.011022694166666666,0.0028131765575177764,0.0019692235902624435,0.004219764836276665,0.00843952967255333,0.01299191775692911,0.009053470576404222,0.015242459002943331,0.006802929330390001,0.019462223839219996,0.002583164494113336,0,0,1,0,0,0,0
2024-03-22 10:00:00,0.0096818,0.010892414166666668,0.0027992437494581664,0.0019594706246207163,0.00419886562418725,0.0083977312483745,0.012851884791287384,0.008932943542045952,0.015091279790853918,0.006693548542479418,0.01929014541504117,0.002494682918292168,0,0,1,0,0,0,0
2024-03-22 11:00:00,0.00991717,0.010793420416666666,0.002789552077707464,0.0019526864543952247,0.004184328116561196,0.008368656233122392,0.012746106871061891,0.008840733962271441,0.014977748533227862,0.00660909230010547,0.019162076649789056,0.0024247641835442747,0,0,1,0,0,0,0
2024-03-22 12:00:00,0.01197983,0.010774790416666666,0.0027796436839354123,0.0019457505787547884,0.004169465525903119,0.008338931051806237,0.012720540995421454,0.008829039837911877,0.014944255942569784,0.006605324890763547,0.019113721468472903,0.0024358593648604286,0,0,0,0,1,0,0
2024-03-22 13:00:00,0.01352097,0.01087001,0.0028347156856473724,0.0019843009799531608,0.004252073528471059,0.008504147056942118,0.012854310979953161,0.008885709020046838,0.015122083528471058,0.0066179364715289405,0.019374157056942117,0.0023658629430578816,0,0,0,0,0,1,0
2024-03-22 14:00:00,0.01413158,0.011051426666666664,0.002900327169084655,0.0020302290183592583,0.004350490753626982,0.008700981507253965,0.013081655685025922,0.009021197648307406,0.015401917420293646,0.006700935913039682,0.019752408173920627,0.0023504451594126997,0,0,0,0,0,1,0
2024-03-22 15:00:00,0.0148711,0.011266596666666665,0.002986527479053106,0.002090569235337174,0.004479791218579659,0.008959582437159318,0.013357165902003839,0.009176027431329491,0.015746387885246325,0.006786805448087006,0.020226179103825983,0.0023070142295073467,0,0,0,0,0,1,0
2024-03-22 16:00:00,0.01736438,0.011512165,0.0032359325148809777,0.0022651527604166844,0.004853898772321466,0.009707797544642932,0.013777317760416683,0.009247012239583316,0.016366063772321464,0.0066582662276785335,0.02121996254464293,0.0018043674553570675,0,0,0,0,0,0,1
2024-03-22 17:00:00,0.01811743,0.01166471375,0.0034593432776105428,0.00242154029432738,0.005189014916415814,0.010378029832831629,0.01408625404432738,0.00924317345567262,0.016853728666415813,0.006475698833584185,0.022042743582831627,0.001286683917168371,0,0,0,0,0,0,1
2024-03-22 18:00:00,0.01913438,0.011809253333333334,0.0036980080934952905,0.0025886056654467033,0.005547012140242936,0.011094024280485872,0.014397858998780037,0.00922064766788663,0.01735626547357627,0.006262241193090398,0.022903277613819203,0.000715229052847462,0,0,0,0,0,0,1
2024-03-22 19:00:00,0.01815571,0.011876538749999999,0.003801097229968648,0.0026607680609780533,0.005701645844952972,0.011403291689905944,0.014537306810978052,0.009215770689021945,0.017578184594952972,0.0061748929050470264,0.023279830439905943,0.0004732470600940543,0,0,0,0,0,0,1
2024-03-22 20:00:00,0.01779983,0.011966132499999997,0.003917456547777774,0.002742219583444442,0.005876184821666661,0.011752369643333323,0.01470835208344444,0.009223912916555554,0.01784231732166666,0.006089947678333336,0.02371850214333332,0.00021376285666667438,0,0,0,0,0,1,0
2024-03-22 21:00:00,0.01594426,0.012023855,0.003967211810215846,0.002777048267151092,0.005950817715323769,0.011901635430647537,0.014800903267151092,0.009246806732848908,0.01797467271532377,0.006073037284676231,0.02392549043064754,0.00012221956935246255,0,0,0,0,0,1,0
2024-03-22 22:00:00,0.01272092,0.012052752499999998,0.003969763683691139,0.0027788345785837968,0.005954645525536708,0.011909291051073415,0.014831587078583794,0.009273917921416202,0.018007398025536706,0.00609810697446329,0.02396204355107341,0.00014346144892658265,0,0,0,0,1,0,0
2024-03-22 23:00:00,0.01123041,0.012099607499999998,0.003952384142398543,0.00276666889967898,0.005928576213597814,0.011857152427195629,0.014866276399678979,0.009332938600321018,0.018028183713597812,0.006171031286402184,0.023956759927195627,0.00024245507280436923,0,0,1,0,0,0,0
2024-03-23 00:00:00,0.01501105,0.01233636458333333,0.003949381360274178,0.0027645669521919243,0.005924072040411267,0.011848144080822534,0.015100931535525254,0.009571797631141406,0.018260436623744596,0.006412292542922063,0.024184508664155863,0.00048822050251079614,0,0,0,0,1,0,0
2024-03-23 01:00:00,0.0136748,0.01257075583333333,0.0038495623101597277,0.0026946936171118093,0.005774343465239591,0.011548686930479182,0.01526544945044514,0.009876062216221521,0.01834509929857292,0.0067964123680937395,0.02411944276381251,0.0010220689028541483,0,0,0,0,1,0,0
2024-03-23 02:00:00,0.00965266,0.012668102916666667,0.0037388608302225436,0.0026172025811557805,0.005608291245333815,0.01121658249066763,0.015285305497822447,0.010050900335510886,0.018276394162000484,0.007059811671332851,0.023884685407334297,0.001451520425999036,0,1,0,0,0,0,0
2024-03-23 03:00:00,0.0088583,0.01272809625,0.0036617192077007853,0.0025632034453905495,0.005492578811551178,0.010985157623102357,0.015291299695390548,0.01016489280460945,0.01822067506155118,0.007235517438448821,0.023713253873102358,0.0017429386268976426,0,1,0,0,0,0,0
2024-03-23 04:00:00,0.00915337,0.012784747916666665,0.003591911114121654,0.002514337779885158,0.005387866671182481,0.010775733342364962,0.015299085696551824,0.010270410136781507,0.018172614587849148,0.007396881245484184,0.023560481259031627,0.0020090145743017034,0,1,0,0,0,0,0
2024-03-23 05:00:00,0.0095294,0.012841551666666666,0.0035258672646302815,0.0024681070852411967,0.005288800896945422,0.010577601793890844,0.015309658751907863,0.01037344458142547,0.01813035256361209,0.007552750769721244,0.02341915346055751,0.0022639498727758216,0,1,0,0,0,0,0
2024-03-23 06:00:00,0.00969837,0.012903199583333332,0.003453723579809033,0.002417606505866323,0.005180585369713549,0.010361170739427099,0.015320806089199654,0.01048559307746701,0.018083784953046883,0.0077226142136197825,0.02326437032276043,0.002542028843906233,0,1,0,0,0,0,0
2024-03-23 07:00:00,0.0103395,0.012981547916666667,0.0033688103816517444,0.0023581672671562207,0.005053215572477616,0.010106431144955233,0.015339715183822888,0.010623380649510447,0.018034763489144283,0.007928332344189052,0.0230879790616219,0.002875116771711435,0,1,0,0,0,0,0
2024-03-23 08:00:00,0.01470681,0.013141280833333331,0.0033553555507385277,0.002348748885516969,0.005033033326107791,0.010066066652215582,0.015490029718850301,0.010792531947816361,0.018174314159441124,0.00810824750722554,0.023207347485548913,0.003075214181117749,0,0,0,0,1,0,0
2024-03-23 09:00:00,0.01590183,0.013378994166666665,0.0033397305363174093,0.0023378113754221864,0.005009595804476114,0.010019191608952227,0.01571680554208885,0.011041182791244478,0.018388589971142778,0.008369398362190552,0.02339818577561889,0.0033598025577144374,0,0,0,0,0,1,0
2024-03-23 10:00:00,0.01598712,0.013641715833333332,0.003283780514477656,0.002298646360134359,0.004925670771716484,0.009851341543432968,0.01594036219346769,0.011343069473198972,0.018567386605049814,0.008716045061616847,0.0234930573767663,0.0037903742899003633,0,0,0,0,0,1,0
2024-03-23 11:00:00,0.01575596,0.01388499875,0.0032113334736572894,0.0022479334315601025,0.004817000210485934,0.009634000420971869,0.016132932181560103,0.011637065318439898,0.018701998960485935,0.009067998539514066,0.023518999170971867,0.004250998329028132,0,0,0,0,1,0,0
2024-03-23 12:00:00,0.01502852,0.014012027499999998,0.0031929401962095022,0.0022350581373466512,0.0047894102943142535,0.009578820588628507,0.01624708563734665,0.011776969362653347,0.01880143779431425,0.009222617205685745,0.023590848088628505,0.004433206911371491,0,0,0,0,1,0,0
2024-03-23 13:00:00,0.01326256,0.014001260416666666,0.003195103080356376,0.002236572156249463,0.004792654620534564,0.009585309241069128,0.01623783257291613,0.011764688260417204,0.01879391503720123,0.009208605796132103,0.023586569657735795,0.004415951175597538,0,0,1,0,0,0,0
2024-03-23 14:00:00,0.01240893,0.013929483333333331,0.0032113562835242248,0.0022479493984669573,0.004817034425286337,0.009634068850572674,0.01617743273180029,0.011681533934866373,0.018746517758619668,0.009112448908046994,0.023563552183906003,0.004295414482760657,0,0,1,0,0,0,0
2024-03-23 15:00:00,0.0123733,0.013825408333333332,0.003219976486673548,0.0022539835406714835,0.004829964730010322,0.009659929460020644,0.016079391874004815,0.01157142479266185,0.018655373063343653,0.00899544360332301,0.023485337793353975,0.004165478873312688,0,0,1,0,0,0,0
2024-03-23 16:00:00,0.01431465,0.013698336249999998,0.0031332523637590004,0.0021932766546313,0.004699878545638501,0.009399757091277001,0.0158916129046313,0.011505059595368699,0.0183982147956385,0.008998457704361498,0.023098093341277,0.004298579158722997,0,0,0,0,1,0,0
2024-03-23 17:00:00,0.01499344,0.01356817,0.0030039067657162796,0.0021027347360013954,0.00450586014857442,0.00901172029714884,0.015670904736001395,0.011465435263998604,0.018074030148574418,0.00906230985142558,0.02257989029714884,0.00455644970285116,0,0,0,0,1,0,0
2024-03-23 18:00:00,0.0148952,0.0133915375,0.0027785593906470667,0.0019449915734529465,0.0041678390859706,0.0083356781719412,0.015336529073452947,0.011446545926547053,0.0175593765859706,0.0092236984140294,0.021727215671941198,0.0050558593280588,0,0,0,0,1,0,0
2024-03-23 19:00:00,0.01519495,0.0132681725,0.00261898358551158,0.0018332885098581058,0.0039284753782673695,0.007856950756534739,0.015101461009858106,0.011434883990141894,0.01719664787826737,0.00933969712173263,0.02112512325653474,0.005411221743465261,0,0,0,0,0,1,0
2024-03-23 20:00:00,0.01500696,0.013151802916666665,0.0024664812344870448,0.0017265368641409312,0.003699721851730567,0.007399443703461134,0.014878339780807597,0.011425266052525734,0.01685152476839723,0.009452081064936097,0.0205512466201278,0.005752359213205531,0,0,0,0,0,1,0
2024-03-23 21:00:00,0.01459651,0.013095646666666667,0.002414943153982165,0.0016904602077875152,0.0036224147309732472,0.0072448294619464945,0.014786106874454183,0.011405186458879151,0.016718061397639913,0.00947323193569342,0.02034047612861316,0.005850817204720173,0,0,0,0,1,0,0
2024-03-23 22:00:00,0.01300728,0.01310757833333333,0.002413718328468075,0.0016896028299276523,0.0036205774927021124,0.007241154985404225,0.014797181163260982,0.011417975503405677,0.016728155826035443,0.009487000840631216,0.020348733318737555,0.005866423347929105,0,0,1,0,0,0,0
2024-03-23 23:00:00,0.01147093,0.0131176,0.0024060727363980064,0.0016842509154786044,0.0036091091045970095,0.007218218209194019,0.014801850915478604,0.011433349084521396,0.01672670910459701,0.009508490895402991,0.02033581820919402,0.005899381790805981,0,0,1,0,0,0,0
2024-03-24 00:00:00,0.01050414,0.012929812083333332,0.002427648310293811,0.0016993538172056677,0.003641472465440717,0.007282944930881434,0.014629165900539,0.011230458266127664,0.01657128454877405,0.009288339617892615,0.020212757014214766,0.005646867152451898,0,1,0,0,0,0,0
2024-03-24 01:00:00,0.01097376,0.01281726875,0.0024540747307686124,0.0017178523115380286,0.0036811120961529184,0.007362224192305837,0.014535121061538028,0.01109941643846197,0.01649838084615292,0.00913615665384708,0.020179492942305838,0.005455044557694163,0,1,0,0,0,0,0
2024-03-24 02:00:00,0.01027764,0.012843309583333332,0.0024221423744080015,0.001695499662085601,0.0036332135616120023,0.007266427123224005,0.014538809245418933,0.01114780992124773,0.016476523144945333,0.00921009602172133,0.020109736706557337,0.005576882460109327,0,1,0,0,0,0,0
2024-03-24 03:00:00,0.01022386,0.012900207916666665,0.0023390755451493813,0.0016373528816045668,0.0035086133177240717,0.007017226635448143,0.014537560798271232,0.011262855035062098,0.016408821234390737,0.009391594598942593,0.01991743455211481,0.005882981281218521,0,1,0,0,0,0,0
2024-03-24 04:00:00,0.01117516,0.012984449166666663,0.002232234103745399,0.0015625638726217792,0.0033483511556180985,0.006696702311236197,0.014547013039288443,0.011421885294044884,0.016332800322284763,0.009636098011048564,0.01968115147790286,0.006287746855430466,0,1,0,0,0,0,0
2024-03-24 05:00:00,0.01172871,0.013076087083333333,0.002126887551292253,0.0014888212859045771,0.00319033132693838,0.00638066265387676,0.01456490836923791,0.011587265797428756,0.016266418410271714,0.009885755756394953,0.019456749737210094,0.006695424429456574,0,0,1,0,0,0,0
2024-03-24 06:00:00,0.0116178,0.013156063333333334,0.0020281506332146047,0.0014197054432502233,0.003042225949821907,0.006084451899643814,0.014575768776583557,0.01173635789008311,0.01619828928315524,0.010113837383511428,0.019240515232977148,0.00707161143368952,0,1,0,0,0,0,0
2024-03-24 07:00:00,0.01193518,0.01322255,0.001956699977578366,0.001369689984304856,0.002935049966367549,0.005870099932735098,0.014592239984304856,0.011852860015695143,0.01615759996636755,0.01028750003363245,0.019092649932735097,0.007352450067264902,0,0,1,0,0,0,0
2024-03-24 08:00:00,0.01690151,0.013313995833333333,0.0020766878228841525,0.0014536814760189067,0.003115031734326229,0.006230063468652458,0.01476767730935224,0.011860314357314427,0.016429027567659564,0.010198964099007104,0.019544059301985793,0.007083932364680875,0,0,0,0,0,0,1
2024-03-24 09:00:00,0.01963347,0.013469480833333332,0.0023942793890860507,0.0016759955723602354,0.003591419083629076,0.007182838167258152,0.015145476405693567,0.011793485260973097,0.017060899916962406,0.009878061749704256,0.020652319000591484,0.00628664266607518,0,0,0,0,0,0,1
2024-03-24 10:00:00,0.02158085,0.013702552916666666,0.0028741823617581988,0.002011927653230739,0.004311273542637298,0.008622547085274596,0.015714480569897406,0.011690625263435927,0.018013826459303963,0.009391279374029369,0.02232510000194126,0.00508000583139207,0,0,0,0,0,0,1
2024-03-24 11:00:00,0.02206508,0.013965432916666666,0.003323552936652113,0.002326487055656479,0.004985329404978169,0.009970658809956338,0.016291919972323144,0.011638945861010188,0.018950762321644835,0.008980103511688497,0.023936091726623004,0.003994774106710328,0,0,0,0,0,0,1
2024-03-24 12:00:00,0.02531164,0.014393896249999998,0.004050004916699274,0.002835003441689492,0.006075007375048911,0.012150014750097821,0.01722889969168949,0.011558892808310507,0.02046890362504891,0.008318888874951087,0.02654391100009782,0.0022438814999021766,0,0,0,0,0,0,1
2024-03-24 13:00:00,0.02455083,0.014864240833333332,0.004538877570612686,0.00317721429942888,0.006808316355919029,0.013616632711838057,0.018041455132762212,0.011687026533904452,0.02167255718925236,0.008055924477414303,0.02848087354517139,0.0012476081214952747,0,0,0,0,0,0,1
2024-03-24 14:00:00,0.02306148,0.015308097083333333,0.004801586687908774,0.003361110681536142,0.007202380031863161,0.014404760063726322,0.018669207764869473,0.01194698640179719,0.022510477115196492,0.008105717051470172,0.029712857147059655,0.000903337019607011,0,0,0,0,0,0,1
2024-03-24 15:00:00,0.02284591,0.015744455833333334,0.004995241967556424,0.0034966693772894965,0.0074928629513346355,0.014985725902669271,0.01924112521062283,0.012247786456043838,0.02323731878466797,0.008251592881998698,0.030730181736002605,0.0007587299306640628,0,0,0,0,0,1,0
2024-03-24 16:00:00,0.02426604,0.01615909708333333,0.00527649821473263,0.003693548750312841,0.007914747322098944,0.01582949464419789,0.01985264583364617,0.01246554833302049,0.024073844405432275,0.008244349761234386,0.03198859172753122,0.00032960243913544157,0,0,0,0,0,0,1
2024-03-24 17:00:00,0.02411885,0.0165393225,0.005512366199384626,0.003858656339569238,0.00826854929907694,0.01653709859815388,0.020397978839569238,0.01268066616043076,0.02480787179907694,0.008270773200923058,0.03307642109815388,2.2239018461177318e-06,0,0,0,0,0,1,0
2024-03-24 18:00:00,0.02647824,0.017021949166666665,0.0058583675718636005,0.00410085730030452,0.0087875513577954,0.0175751027155908,0.021122806466971185,0.012921091866362144,0.025809500524462063,0.008234397808871264,0.034597051882257465,-0.000553153548924136,0,0,0,0,0,0,1
2024-03-24 19:00:00,0.0290663,0.01759992208333333,0.006335140163118666,0.0044345981141830654,0.009502710244677998,0.019005420489355995,0.022034520197516394,0.013165323969150265,0.027102632328011328,0.008097211838655333,0.036605342572689326,-0.001405498406022665,0,0,0,0,0,0,1
2024-03-24 20:00:00,0.02884026,0.01817630958333333,0.006707330264256837,0.004695131184979786,0.010060995396385256,0.020121990792770512,0.022871440768313118,0.013481178398353545,0.02823730497971859,0.008115314186948075,0.03829830037610384,-0.0019456812094371806,0,0,0,0,0,0,1
2024-03-24 21:00:00,0.02575786,0.018641365833333333,0.006834072913129915,0.00478385103919094,0.010251109369694872,0.020502218739389743,0.023425216872524274,0.013857514794142392,0.028892475203028206,0.008390256463638461,0.03914358457272307,-0.00186085290605641,0,0,0,0,0,1,0
2024-03-24 22:00:00,0.02306537,0.019060452916666665,0.0067817478299661395,0.004747223480976297,0.01017262174494921,0.02034524348989842,0.02380767639764296,0.014313229435690368,0.029233074661615874,0.008887831171717455,0.039405696406565084,-0.0012847905732317547,0,0,0,0,1,0,0
2024-03-24 23:00:00,0.02355085,0.019563782916666664,0.006640786376963132,0.004648550463874192,0.009961179565444699,0.019922359130889397,0.02421233338054086,0.014915232452792472,0.029524962482111363,0.009602603351221966,0.03948614204755606,-0.00035857621422273264,0,0,0,0,1,0,0
2024-03-25 00:00:00,0.02624387,0.020219604999999998,0.006482501450715857,0.004537751015501099,0.009723752176073786,0.019447504352147572,0.024757356015501098,0.015681853984498898,0.029943357176073784,0.010495852823926212,0.03966710935214757,0.0007721006478524257,0,0,0,0,0,1,0
2024-03-25 01:00:00,0.026538,0.020868114999999996,0.006293087569692648,0.004405161298784853,0.009439631354538972,0.018879262709077943,0.02527327629878485,0.016462953701215144,0.030307746354538968,0.011428483645461025,0.039747377709077936,0.001988852290922053,0,0,0,0,0,1,0
2024-03-25 02:00:00,0.02399581,0.021439705416666663,0.005900077440379981,0.004130054208265986,0.008850116160569972,0.017700232321139944,0.025569759624932648,0.017309651208400677,0.030289821577236635,0.01258958925609669,0.03913993773780661,0.0037394730955267186,0,0,0,0,1,0,0
2024-03-25 03:00:00,0.02154699,0.0219115025,0.005395348718713796,0.003776744103099657,0.008093023078070694,0.016186046156141387,0.025688246603099655,0.018134758396900343,0.030004525578070693,0.013818479421929306,0.038097548656141386,0.005725456343858612,0,0,1,0,0,0,0
2024-03-25 04:00:00,0.01886134,0.02223176,0.0049391867114714945,0.0034574306980300457,0.007408780067207242,0.014817560134414483,0.025689190698030044,0.018774329301969955,0.02964054006720724,0.014822979932792758,0.03704932013441448,0.007414199865585516,0,0,1,0,0,0,0
2024-03-25 05:00:00,0.01764974,0.02247846958333333,0.004522014156187856,0.0031654099093314987,0.006783021234281783,0.013566042468563567,0.02564387949266483,0.01931305967400183,0.029261490817615116,0.015695448349051545,0.0360445120518969,0.008912427114769764,0,1,0,0,0,0,0
2024-03-25 06:00:00,0.01669715,0.022690109166666663,0.0040898208607002984,0.002862874602490209,0.006134731291050448,0.012269462582100895,0.02555298376915687,0.019827234564176455,0.02882484045771711,0.016555377875616215,0.03495957174876756,0.010420646584565768,0,1,0,0,0,0,0
2024-03-25 07:00:00,0.01508444,0.022821328333333335,0.0037675794114142847,0.002637305587989999,0.005651369117121427,0.011302738234242854,0.025458633921323335,0.020184022745343335,0.028472697450454762,0.017169959216211908,0.03412406656757619,0.011518590099090481,1,0,0,0,0,0,0
2024-03-25 08:00:00,0.01789618,0.022862772916666663,0.003704572202094132,0.002593200541465892,0.0055568583031411975,0.011113716606282395,0.025455973458132556,0.02026957237520077,0.02841963121980786,0.017305914613525465,0.03397648952294906,0.011749056310384268,0,1,0,0,0,0,0
2024-03-25 09:00:00,0.01348016,0.022606385000000003,0.004126668637981286,0.0028886680465868998,0.006190002956971929,0.012380005913943858,0.025495053046586905,0.0197177169534131,0.028796387956971932,0.016416382043028074,0.03498639091394386,0.010226379086056146,1,0,0,0,0,0,0
2024-03-25 10:00:00,0.01377178,0.022281007083333332,0.004501853181887179,0.0031512972273210252,0.0067527797728307686,0.013505559545661537,0.025432304310654356,0.019129709856012308,0.0290337868561641,0.015528227310502563,0.03578656662899487,0.008775447537671795,1,0,0,0,0,0,0
2024-03-25 11:00:00,0.0129582,0.021901553749999997,0.004888078483833306,0.0034216549386833135,0.007332117725749958,0.014664235451499917,0.02532320868868331,0.018479898811316682,0.029233671475749956,0.014569436024250038,0.036565789201499915,0.00723731829850008,1,0,0,0,0,0,0
2024-03-25 12:00:00,0.01131103,0.021318194999999998,0.00528290633858766,0.0036980344370113618,0.00792435950788149,0.01584871901576298,0.02501622943701136,0.017620160562988638,0.029242554507881487,0.013393835492118509,0.03716691401576298,0.00546947598423702,1,0,0,0,0,0,0
2024-03-25 13:00:00,0.01239983,0.02081190333333333,0.00553583048630346,0.0038750813404124216,0.008303745729455188,0.016607491458910377,0.024686984673745752,0.016936821992920906,0.029115649062788518,0.01250815760387814,0.03741939479224371,0.004204411874422952,1,0,0,0,0,0,0
2024-03-25 14:00:00,0.01332363,0.020406159583333333,0.005717658427456801,0.004002360899219761,0.008576487641185203,0.017152975282370406,0.024408520482553094,0.016403798684113572,0.028982647224518536,0.01182967194214813,0.03755913486570374,0.0032531843009629274,0,1,0,0,0,0,0
2024-03-25 15:00:00,0.01683761,0.020155813749999998,0.005737690880421381,0.0040163836162949666,0.008606536320632071,0.017213072641264142,0.024172197366294966,0.01613943013370503,0.02876235007063207,0.011549277429367927,0.037368886391264136,0.002942741108735856,0,0,1,0,0,0,0
2024-03-25 16:00:00,0.02583487,0.020221181666666664,0.005795201881988224,0.004056641317391757,0.008692802822982335,0.01738560564596467,0.024277822984058423,0.016164540349274906,0.028913984489649,0.01152837884368433,0.03760678731263133,0.002835576020701995,0,0,0,0,0,1,0
2024-03-25 17:00:00,0.03637113,0.020731693333333332,0.006632641523976887,0.004642849066783821,0.00994896228596533,0.01989792457193066,0.025374542400117155,0.01608884426654951,0.030680655619298662,0.010782731047368002,0.040629617905263996,0.0008337687614026722,0,0,0,0,0,0,1
2024-03-25 18:00:00,0.03435274,0.0210597975,0.007107072197011603,0.004974950537908122,0.010660608295517404,0.02132121659103481,0.026034748037908124,0.016084846962091878,0.03172040579551741,0.010399189204482597,0.04238101409103481,-0.000261419091034807,0,0,0,0,0,0,1
2024-03-25 19:00:00,0.0336065,0.0212489725,0.007384465771843981,0.005169126040290786,0.011076698657765971,0.022153397315531943,0.026418098540290785,0.016079846459709217,0.032325671157765974,0.01017227384223403,0.043402369815531944,-0.0009044248155319415,0,0,0,0,0,0,1
2024-03-25 20:00:00,0.03536874,0.0215209925,0.0077856110595796125,0.005449927741705728,0.011678416589369418,0.023356833178738837,0.026970920241705727,0.01607106475829427,0.033199409089369414,0.00984257591063058,0.04487782567873884,-0.0018358406787388377,0,0,0,0,0,0,1
2024-03-25 21:00:00,0.03573865,0.02193685875,0.008273062823298285,0.005791143976308799,0.012409594234947427,0.024819188469894855,0.0277280027263088,0.0161457147736912,0.03434645298494743,0.009527264515052572,0.046756047219894854,-0.002882329719894855,0,0,0,0,0,0,1
2024-03-25 22:00:00,0.03641363,0.02249303625,0.008785069946782548,0.006149548962747783,0.013177604920173822,0.026355209840347643,0.028642585212747783,0.01634348728725222,0.03567064117017382,0.00931543132982618,0.048848246090347644,-0.0038621735903476423,0,0,0,0,0,0,1
2024-03-25 23:00:00,0.03583645,0.02300493625,0.009197637133337972,0.00643834599333658,0.013796455700006958,0.027592911400013916,0.02944328224333658,0.01656659025666342,0.03680139195000696,0.009208480549993042,0.05059784765001392,-0.0045879751500139156,0,0,0,0,0,1,0
2024-03-26 00:00:00,0.03944944,0.02355516833333333,0.009776602607857,0.0068436218254999,0.0146649039117855,0.029329807823571,0.03039879015883323,0.016711546507833432,0.03822007224511883,0.008890264421547832,0.05288497615690433,-0.005774639490237668,0,0,0,0,0,0,1
2024-03-26 01:00:00,0.03751764,0.02401265333333333,0.010171177000807542,0.0071198239005652786,0.015256765501211312,0.030513531002422625,0.03113247723389861,0.016892829432768052,0.03926941883454464,0.00875588783212202,0.054526184335755956,-0.006500877669089293,0,0,0,0,0,1,0
2024-03-26 02:00:00,0.03619244,0.024520846249999995,0.010470588279131181,0.007329411795391826,0.015705882418696773,0.031411764837393545,0.03185025804539182,0.01719143445460817,0.04022672866869677,0.008814963831303223,0.055932611087393544,-0.00689091858739355,0,0,0,0,0,1,0
2024-03-26 03:00:00,0.03552433,0.025103235416666664,0.01068452073593191,0.0074791645151523365,0.016026781103897866,0.03205356220779573,0.032582399931819,0.017624070901514327,0.04113001652056453,0.009076454312768798,0.057156797624462394,-0.006950326791129068,0,0,0,0,0,1,0
2024-03-26 04:00:00,0.03289039,0.025687779166666664,0.010711908330405086,0.007498335831283559,0.01606786249560763,0.03213572499121526,0.033186114997950225,0.018189443335383103,0.041755641662274294,0.009619916671059034,0.05782350415788193,-0.006447945824548596,0,0,0,0,1,0,0
2024-03-26 05:00:00,0.03112932,0.026249428333333335,0.010625162996067387,0.007437614097247171,0.01593774449410108,0.03187548898820216,0.0336870424305805,0.018811814236086164,0.042187172827434415,0.010311683839232255,0.05812491732153549,-0.0056260606548688245,0,0,0,0,1,0,0
2024-03-26 06:00:00,0.02915188,0.026768375416666667,0.010440887223777352,0.0073086210566441455,0.015661330835666027,0.031322661671332054,0.03407699647331081,0.01945975436002252,0.042429706252332694,0.01110704458100064,0.05809103708799872,-0.004554286254665387,0,0,0,0,1,0,0
2024-03-26 07:00:00,0.02882752,0.02734100375,0.010144895806031937,0.007101427064222355,0.015217343709047905,0.03043468741809581,0.03444243081422235,0.020239576685777645,0.04255834745904791,0.012123660040952094,0.057775691168095805,-0.003093683668095811,0,0,0,0,1,0,0
2024-03-26 08:00:00,0.02648792,0.02769899291666667,0.009946776312877659,0.006962743419014361,0.014920164469316488,0.029840328938632976,0.03466173633568103,0.020736249497652307,0.04261915738598315,0.01277882844735018,0.05753932185529964,-0.002141336021966308,0,0,1,0,0,0,0
2024-03-26 09:00:00,0.02527324,0.02819037125,0.00949484176008701,0.006646389232060906,0.014242262640130513,0.028484525280261026,0.034836760482060906,0.02154398201793909,0.04243263389013051,0.013948108609869486,0.056674896530261025,-0.00029415403026102765,0,0,1,0,0,0,0
2024-03-26 10:00:00,0.02649985,0.028720707499999998,0.008996879634623346,0.006297815744236342,0.01349531945193502,0.02699063890387004,0.03501852324423634,0.022422891755763657,0.04221602695193502,0.015225388048064979,0.055711346403870037,0.0017300685961299592,0,0,1,0,0,0,0
2024-03-26 11:00:00,0.02581001,0.029256199583333333,0.008379171556578363,0.005865420089604854,0.012568757334867543,0.025137514669735087,0.035121619672938184,0.02339077949372848,0.04182495691820087,0.01668744224846579,0.05439371425306842,0.004118684913598247,0,0,1,0,0,0,0
2024-03-26 12:00:00,0.02653561,0.029890557083333335,0.007490737866987448,0.005243516506891213,0.011236106800481172,0.022472213600962344,0.03513407359022455,0.02464704057644212,0.04112666388381451,0.01865445028285216,0.05236277068429568,0.007418343482370991,0,0,1,0,0,0,0
2024-03-26 13:00:00,0.02715596,0.030505395833333334,0.00653763813219981,0.004576346692539867,0.009806457198299715,0.01961291439659943,0.0350817425258732,0.025929049140793466,0.04031185303163305,0.02069893863503362,0.050118310229932767,0.010892481436733905,0,0,1,0,0,0,0
2024-03-26 14:00:00,0.02699354,0.031074975416666664,0.005486625384773142,0.0038406377693411993,0.008229938077159714,0.016459876154319427,0.03491561318600786,0.027234337647325465,0.03930491349382638,0.02284503733950695,0.047534851570986095,0.014615099262347237,0,1,0,0,0,0,0
2024-03-26 15:00:00,0.02817408,0.031547328333333326,0.004628494647463635,0.0032399462532245443,0.006942741971195453,0.013885483942390905,0.03478727458655787,0.02830738208010878,0.03849007030452878,0.024604586362137873,0.04543281227572423,0.01766184439094242,0,1,0,0,0,0,0
2024-03-26 16:00:00,0.02662075,0.03158007333333333,0.004588934717531372,0.0032122543022719604,0.006883402076297058,0.013766804152594117,0.034792327635605295,0.02836781903106137,0.03846347540963039,0.024696671257036274,0.04534687748592745,0.017813269180739215,0,1,0,0,0,0,0
2024-03-26 17:00:00,0.02837426,0.031246870416666666,0.004515672404537584,0.003160970683176309,0.006773508606806376,0.013547017213612752,0.034407841099842976,0.028085899733490356,0.03802037902347304,0.02447336180986029,0.044793887630279416,0.017699853203053915,0,0,1,0,0,0,0
2024-03-26 18:00:00,0.02961889,0.031049626666666663,0.004477334266783371,0.0031341339867483596,0.006716001400175056,0.013432002800350113,0.034183760653415024,0.027915492679918302,0.03776562806684172,0.024333625266491608,0.044481629467016774,0.017617623866316552,0,0,1,0,0,0,0
2024-03-26 19:00:00,0.02867105,0.030843982916666665,0.00446812425584467,0.0031276869790912687,0.006702186383767005,0.01340437276753401,0.033971669895757936,0.027716295937575398,0.03754616930043367,0.024141796532899662,0.04424835568420067,0.017439610149132655,0,0,1,0,0,0,0
2024-03-26 20:00:00,0.03000881,0.030620652499999998,0.004364890267796005,0.0030554231874572032,0.0065473354016940075,0.013094670803388015,0.0336760756874572,0.027565229312542794,0.037167987901694004,0.024073317098305992,0.04371532330338801,0.017525981696611983,0,0,1,0,0,0,0
2024-03-26 21:00:00,0.03082355,0.030415856666666668,0.004227461048764016,0.002959222734134811,0.006341191573146025,0.01268238314629205,0.03337507940080148,0.02745663393253186,0.03675704823981269,0.024074665093520645,0.04309823981295872,0.017733473520374618,0,0,0,0,1,0,0
2024-03-26 22:00:00,0.02910119,0.03011117166666667,0.0040355479765712444,0.002824883583599871,0.006053321964856867,0.012106643929713733,0.03293605525026654,0.0272862880830668,0.036164493631523534,0.024057849701809804,0.0422178155963804,0.018004527736952936,0,0,1,0,0,0,0
2024-03-26 23:00:00,0.02984163,0.0298613875,0.0038468864961935076,0.002692820547335455,0.005770329744290262,0.011540659488580523,0.032554208047335456,0.027168566952664543,0.03563171724429026,0.024091057755709737,0.04140204698858052,0.018320728011419478,0,0,1,0,0,0,0
2024-03-27 00:00:00,0.03518136,0.029683550833333332,0.0034639676733947016,0.002424777371376291,0.005195951510092053,0.010391903020184105,0.03210832820470962,0.027258773461957042,0.034879502343425385,0.02448759932324128,0.040075453853517434,0.019291647813149227,0,0,0,0,0,0,1
2024-03-27 01:00:00,0.03497055,0.029577422083333332,0.0032456509001689525,0.0022719556301182666,0.004868476350253429,0.009736952700506857,0.0318493777134516,0.027305466453215067,0.03444589843358676,0.024708945733079905,0.039314374783840186,0.019840469382826475,0,0,0,0,0,0,1
2024-03-27 02:00:00,0.03358336,0.02946871041666667,0.0030523916761875172,0.002136674173331262,0.004578587514281276,0.009157175028562552,0.03160538458999793,0.027332036243335408,0.03404729793094795,0.024890122902385393,0.03862588544522922,0.020311535388104117,0,0,0,0,0,1,0
2024-03-27 03:00:00,0.0337191,0.029393492500000003,0.002915868735968062,0.0020411081151776433,0.0043738031039520925,0.008747606207904185,0.031434600615177645,0.027352384384822362,0.0337672956039521,0.02501968939604791,0.03814109870790419,0.02064588629209582,0,0,0,0,0,1,0
2024-03-27 04:00:00,0.03437535,0.029455365833333334,0.0030076092901017127,0.0021053265030711987,0.004511413935152569,0.009022827870305138,0.03156069233640453,0.027350039330262137,0.0339667797684859,0.024943951898180765,0.038478193703638475,0.020432537963028196,0,0,0,0,0,0,1
2024-03-27 05:00:00,0.0345835,0.02959929,0.00316948707457091,0.002218640952199637,0.004754230611856365,0.00950846122371273,0.03181793095219964,0.027380649047800364,0.03435352061185636,0.024845059388143634,0.03910775122371273,0.02009082877628727,0,0,0,0,0,0,1
2024-03-27 06:00:00,0.03671539,0.02991443625,0.003483532708102258,0.0024384728956715804,0.005225299062153387,0.010450598124306773,0.03235290914567158,0.02747596335432842,0.035139735312153385,0.024689137187846613,0.040365034374306774,0.019463838125693224,0,0,0,0,0,0,1
2024-03-27 07:00:00,0.03610206,0.03021754208333333,0.003694916297115437,0.002586441407980806,0.005542374445673156,0.011084748891346311,0.03280398349131414,0.027631100675352523,0.03575991652900649,0.024675167637660173,0.04130229097467964,0.01913279319198702,0,0,0,0,0,0,1
2024-03-27 08:00:00,0.03576798,0.03060421125,0.0037724073463559,0.0026406851424491296,0.005658611019533849,0.011317222039067699,0.03324489639244913,0.02796352610755087,0.03626282226953385,0.02494560023046615,0.041921433289067694,0.0192869892109323,0,0,0,0,0,1,0
2024-03-27 09:00:00,0.03546592,0.03102890625,0.003719528327777588,0.0026036698294443117,0.0055792924916663825,0.011158584983332765,0.03363257607944431,0.028425236420555687,0.03660819874166638,0.025449613758333614,0.04218749123333276,0.019870321266667233,0,0,0,0,0,1,0
2024-03-27 10:00:00,0.04078764,0.03162423083333333,0.0040882501509518976,0.002861775105666328,0.006132375226427846,0.012264750452855692,0.034486005938999656,0.028762455727667002,0.03775660605976117,0.025491855606905485,0.043888981286189024,0.019359480380477637,0,0,0,0,0,0,1
2024-03-27 11:00:00,0.04097726,0.03225619958333333,0.004316328534941981,0.0030214299744593864,0.006474492802412971,0.012948985604825942,0.03527762955779272,0.029234769608873945,0.03873069238574631,0.02578170678092036,0.045205185188159275,0.01930721397850739,0,0,0,0,0,0,1
2024-03-27 12:00:00,0.04351033,0.03296347958333334,0.004710904753813453,0.0032976333276694167,0.007066357130720179,0.014132714261440358,0.03626111291100275,0.02966584625566392,0.04002983671405352,0.025897122452613157,0.0470961938447737,0.018830765321892977,0,0,0,0,0,0,1
2024-03-27 13:00:00,0.04547111,0.03372661083333334,0.005188478098064718,0.003631934668645302,0.0077827171470970765,0.015565434294194153,0.03735854550197864,0.030094676164688035,0.041509327980430416,0.02594389368623626,0.04929204512752749,0.018161176539139186,0,0,0,0,0,0,1
2024-03-27 14:00:00,0.04720792,0.034568876666666665,0.005666655277524394,0.003966658694267076,0.008499982916286591,0.016999965832573183,0.03853553536093374,0.03060221797239959,0.043068859582953256,0.026068893750380073,0.05156884249923985,0.017568910834093482,0,0,0,0,0,0,1
2024-03-27 15:00:00,0.05026706,0.0354894175,0.00633744782030728,0.004436213474215096,0.00950617173046092,0.01901234346092184,0.0399256309742151,0.031053204025784906,0.044995589230460924,0.02598324576953908,0.05450176096092184,0.016477074039078162,0,0,0,0,0,0,1
2024-03-27 16:00:00,0.04132583,0.03610212916666667,0.006150839835541143,0.0043055878848788,0.009226259753311716,0.01845251950662343,0.04040771705154547,0.03179654128178787,0.04532838891997838,0.026875869413354955,0.0545546486732901,0.01764960966004324,0,0,0,0,0,1,0
2024-03-27 17:00:00,0.04007803,0.03658978625,0.005972893497817466,0.004181025448472226,0.008959340246726198,0.017918680493452396,0.04077081169847223,0.03240876080152777,0.0455491264967262,0.0276304460032738,0.054508466743452395,0.018671105756547603,0,0,0,0,1,0,0
2024-03-27 18:00:00,0.04188131,0.03710072041666667,0.0058743252883934295,0.0041120277018754006,0.008811487932590144,0.017622975865180288,0.04121274811854207,0.03298869271479127,0.045912208349256814,0.028289232484076526,0.05472369628184696,0.019477744551486383,0,0,0,0,0,1,0
2024-03-27 19:00:00,0.0445915,0.0377640725,0.005779155258024495,0.004045408680617146,0.008668732887036743,0.017337465774073486,0.04180948118061715,0.033718663819382856,0.046432805387036744,0.02909533961296326,0.05510153827407349,0.020426606725926517,0,0,0,0,0,1,0
2024-03-27 20:00:00,0.04471166,0.038376691250000004,0.005700061976985376,0.003990043383889762,0.008550092965478064,0.01710018593095613,0.04236673463388976,0.034386647866110245,0.046926784215478065,0.02982659828452194,0.05547687718095613,0.021276505319043876,0,0,0,0,0,1,0
2024-03-27 21:00:00,0.03832259,0.03868915125,0.0054688687512306836,0.0038282081258614784,0.008203303126846025,0.01640660625369205,0.04251735937586148,0.03486094312413852,0.04689245437684603,0.030485848123153973,0.05509575750369205,0.022282544996307947,0,0,1,0,0,0,0
2024-03-27 22:00:00,0.03267908,0.03883823,0.005240123848304287,0.0036680866938130006,0.00786018577245643,0.01572037154491286,0.042506316693813,0.035170143306187,0.04669841577245643,0.03097804422754357,0.05455860154491286,0.02311785845508714,0,1,0,0,0,0,0
2024-03-27 23:00:00,0.02967232,0.03883117541666667,0.0052528607233071406,0.003677002506314998,0.00787929108496071,0.01575858216992142,0.042508177922981664,0.03515417291035167,0.04671046650162738,0.03095188433170596,0.054589757586588086,0.023072593246745248,1,0,0,0,0,0,0
2024-03-28 00:00:00,0.03958809,0.03901478916666667,0.005196450225644559,0.0036375151579511908,0.007794675338466838,0.015589350676933676,0.042652304324617855,0.03537727400871548,0.046809464505133506,0.03122011382819983,0.054604139843600345,0.02342543848973299,0,0,0,0,1,0,0
2024-03-28 01:00:00,0.04105109,0.039268145,0.005138606198109131,0.0035970243386763915,0.007707909297163697,0.015415818594327394,0.04286516933867639,0.03567112066132361,0.04697605429716369,0.0315602357028363,0.054683963594327395,0.023852326405672603,0,0,0,0,1,0,0
2024-03-28 02:00:00,0.03934012,0.03950801,0.004994034914948416,0.003495824440463891,0.007491052372422624,0.014982104744845248,0.04300383444046389,0.036012185559536114,0.04699906237242263,0.03201695762757738,0.05449011474484525,0.024525905255154756,0,0,1,0,0,0,0
2024-03-28 03:00:00,0.03901133,0.03972851958333333,0.00484183343566995,0.003389283404968965,0.007262750153504925,0.01452550030700985,0.0431178029883023,0.03633923617836436,0.04699126973683825,0.03246576942982841,0.05425401989034318,0.025203019276323478,0,0,1,0,0,0,0
2024-03-28 04:00:00,0.03637267,0.03981174125,0.00476233480813821,0.003333634365696747,0.0071435022122073154,0.014287004424414631,0.04314537561569674,0.03647810688430325,0.046955243462207315,0.03266823903779268,0.054098745674414625,0.025524736825585367,0,1,0,0,0,0,0
2024-03-28 05:00:00,0.0362943,0.039883024583333336,0.004692973887136069,0.0032850817209952483,0.007039460830704104,0.014078921661408207,0.04316810630432859,0.036597942862338084,0.04692248541403744,0.03284356375262923,0.05396194624474154,0.02580410292192513,0,1,0,0,0,0,0
2024-03-28 06:00:00,0.03554042,0.039834067499999994,0.004733409803368144,0.0033133868623577006,0.007100114705052216,0.014200229410104431,0.043147454362357694,0.03652068063764229,0.04693418220505221,0.03273395279494778,0.054034296910104425,0.025633838089895562,0,1,0,0,0,0,0
2024-03-28 07:00:00,0.03518716,0.039795946666666665,0.004768327867590762,0.0033378295073135337,0.007152491801386144,0.014304983602772287,0.0431337761739802,0.03645811715935313,0.04694843846805281,0.03264345486528052,0.05410093026943895,0.025490963063894378,0,1,0,0,0,0,0
2024-03-28 08:00:00,0.03663888,0.03983223416666667,0.004739568943441601,0.003317698260409121,0.0071093534151624015,0.014218706830324803,0.043149932427075786,0.03651453590625755,0.04694158758182907,0.032722880751504264,0.05405094099699147,0.025613527336341865,0,0,1,0,0,0,0
2024-03-28 09:00:00,0.03951416,0.04000091083333333,0.004648582976451843,0.00325400808351629,0.006972874464677765,0.01394574892935553,0.04325491891684961,0.03674690274981704,0.04697378529801109,0.03302803636865556,0.05394665976268886,0.026055161903977796,0,0,1,0,0,0,0
2024-03-28 10:00:00,0.04324525,0.040103311249999996,0.004693518094622904,0.0032854626662360328,0.007040277141934356,0.014080554283868712,0.04338877391623603,0.03681784858376396,0.04714358839193435,0.03306303410806564,0.05418386553386871,0.026022756966131284,0,0,0,0,1,0,0
2024-03-28 11:00:00,0.04698391,0.040353588333333336,0.004897848260041389,0.0034284937820289723,0.007346772390062084,0.014693544780124168,0.04378208211536231,0.03692509455130436,0.04770036072339542,0.033006815943271255,0.055047133113457505,0.025660043553209166,0,0,0,0,0,1,0
2024-03-28 12:00:00,0.05233687,0.04072136083333333,0.005445911778067743,0.00381213824464742,0.008168867667101615,0.01633773533420323,0.04453349907798075,0.03690922258868591,0.048890228500434944,0.03255249316623172,0.05705909616753656,0.0243836254991301,0,0,0,0,0,0,1
2024-03-28 13:00:00,0.0541327,0.04108226041666666,0.006030036787141887,0.004221025750999321,0.00904505518071283,0.01809011036142566,0.04530328616766598,0.03686123466566734,0.05012731559737949,0.03203720523595383,0.05917237077809232,0.022992150055241002,0,0,0,0,0,0,1
2024-03-28 14:00:00,0.05348138,0.041343654583333334,0.00642984048524379,0.0045008883396706525,0.009644760727865685,0.01928952145573137,0.04584454292300399,0.03684276624366268,0.05098841531119902,0.03169889385546765,0.06063317603906471,0.022054133127601964,0,0,0,0,0,0,1
2024-03-28 15:00:00,0.04875171,0.041280515,0.006345289117232688,0.004441702382062881,0.009517933675849032,0.019035867351698064,0.04572221738206288,0.03683881261793712,0.050798448675849026,0.03176258132415097,0.06031638235169806,0.022244647648301932,0,0,0,0,0,1,0
2024-03-28 16:00:00,0.04278977,0.0413415125,0.006352775709996161,0.004446942996997313,0.009529163564994243,0.019058327129988485,0.04578845549699731,0.03689456950300268,0.050870676064994236,0.03181234893500576,0.06039983962998848,0.02228318537001151,0,0,0,0,1,0,0
2024-03-28 17:00:00,0.0409476,0.04137774458333333,0.006347734052372863,0.004443413836661004,0.009521601078559294,0.019043202157118588,0.04582115841999433,0.03693433074667232,0.05089934566189262,0.03185614350477403,0.06042094674045191,0.02233454242621474,0,0,1,0,0,0,0
2024-03-28 18:00:00,0.0422716,0.04139400666666667,0.006349579880797933,0.004444705916558553,0.0095243698211969,0.0190487396423938,0.04583871258322522,0.03694930075010812,0.05091837648786357,0.03186963684546977,0.06044274630906047,0.02234526702427287,0,0,0,0,1,0,0
2024-03-28 19:00:00,0.03886054,0.04115521666666667,0.0063318407964158135,0.004432288557491069,0.00949776119462372,0.01899552238924744,0.045587505224157734,0.0367229281091756,0.05065297786129039,0.03165745547204295,0.06015073905591411,0.022159694277419227,0,0,1,0,0,0,0
2024-03-28 20:00:00,0.03006017,0.040544737916666664,0.006671249570351486,0.0046698746992460405,0.01000687435552723,0.02001374871105446,0.045214612615912704,0.03587486321742062,0.050551612272193895,0.030537863561139432,0.06055848662772112,0.020530989205612204,1,0,0,0,0,0,0
2024-03-28 21:00:00,0.02483264,0.039982656666666665,0.007395585524366312,0.005176909867056418,0.01109337828654947,0.02218675657309894,0.045159566533723085,0.034805746799610245,0.05107603495321614,0.028889278380117196,0.0621694132397656,0.017795900093567726,1,0,0,0,0,0,0
2024-03-28 22:00:00,0.02214831,0.03954387458333333,0.00812424909281987,0.005686974364973909,0.012186373639229805,0.02437274727845961,0.04523084894830724,0.03385690021835942,0.05173024822256314,0.027357500944103528,0.06391662186179295,0.015171127304873723,1,0,0,0,0,0,0
2024-03-28 23:00:00,0.02258203,0.03924844583333333,0.00861303522392161,0.0060291246567451265,0.012919552835882416,0.025839105671764832,0.04527757049007846,0.033219321176588205,0.052167998669215745,0.026328892997450917,0.06508755150509817,0.0134093401615685,1,0,0,0,0,0,0
2024-03-29 00:00:00,0.02728318,0.038735741250000004,0.00895152182161056,0.006266065275127392,0.013427282732415839,0.026854565464831677,0.0450018065251274,0.03246967597487261,0.052163023982415846,0.025308458517584165,0.06559030671483168,0.011881175785168327,0,1,0,0,0,0,0
2024-03-29 01:00:00,0.0300295,0.03827650833333333,0.009108907267950472,0.00637623508756533,0.013663360901925707,0.027326721803851414,0.04465274342089866,0.031900273245767996,0.051939869235259034,0.02461314743140762,0.06560323013718475,0.010949786529481913,0,1,0,0,0,0,0
2024-03-29 02:00:00,0.03195296,0.037968709999999996,0.009195799242710129,0.00643705946989709,0.013793698864065194,0.02758739772813039,0.044405769469897084,0.03153165053010291,0.05176240886406519,0.0241750111359348,0.06555610772813039,0.010381312271869607,0,0,1,0,0,0,0
2024-03-29 03:00:00,0.03142117,0.03765245333333333,0.009288434674759654,0.006501904272331758,0.01393265201213948,0.02786530402427896,0.044154357605665086,0.03115054906100157,0.05158510534547281,0.023719801321193848,0.06551775735761228,0.009787149309054367,0,0,1,0,0,0,0
2024-03-29 04:00:00,0.02288873,0.037090622499999996,0.00976479795268053,0.006835358566876371,0.014647196929020796,0.02929439385804159,0.04392598106687637,0.030255263933123624,0.051737819429020795,0.0224434255709792,0.06638501635804159,0.007796228641958405,0,1,0,0,0,0,0
2024-03-29 05:00:00,0.02351167,0.03655801291666667,0.010151087087937589,0.007105760961556312,0.015226630631906383,0.030453261263812766,0.043663773878222976,0.029452251955110354,0.05178464354857305,0.021331382284760284,0.06701127418047943,0.006104751652853901,0,1,0,0,0,0,0
2024-03-29 06:00:00,0.02405064,0.03607927208333333,0.010467181306597106,0.007327026914617974,0.01570077195989566,0.03140154391979132,0.0434062989979513,0.028752245168715357,0.05178004404322899,0.02037850012343767,0.06748081600312464,0.004677728163542012,0,1,0,0,0,0,0
2024-03-29 07:00:00,0.02546054,0.03567399625,0.010689171657583145,0.007482420160308201,0.016033757486374717,0.032067514972749435,0.0431564164103082,0.0281915760896918,0.05170775373637472,0.019640238763625282,0.06774151122274943,0.0036064812772505644,0,1,0,0,0,0,0
2024-03-29 08:00:00,0.02879559,0.0353471925,0.010777918735092838,0.007544543114564986,0.016166878102639257,0.032333756205278515,0.04289173561456498,0.027802649385435012,0.05151407060263925,0.019180314397360742,0.06768094870527852,0.0030134362947214846,0,0,1,0,0,0,0
2024-03-29 09:00:00,0.03236997,0.03504951791666666,0.010756463848134265,0.007529524693693985,0.016134695772201398,0.032269391544402795,0.04257904261036065,0.027519993222972675,0.05118421368886806,0.018914822144465264,0.06731890946106946,0.0027801263722638664,0,0,1,0,0,0,0
2024-03-29 10:00:00,0.03416701,0.03467125791666666,0.010614407138314715,0.0074300849968203,0.015921610707472073,0.031843221414944146,0.04210134291348697,0.027241172919846363,0.05059286862413874,0.01874964720919459,0.06651447933161081,0.0028280365017225167,0,0,1,0,0,0,0
2024-03-29 11:00:00,0.03382777,0.034123085416666664,0.010285506753464667,0.007199854727425266,0.015428260130197002,0.030856520260394003,0.04132294014409193,0.0269232306892414,0.04955134554686366,0.018694825286469662,0.06497960567706067,0.0032665651562726605,0,0,1,0,0,0,0
2024-03-29 12:00:00,0.03515453,0.03340715458333333,0.009533073990116103,0.006673151793081272,0.014299610985174155,0.02859922197034831,0.0400803063764146,0.026734002790252055,0.04770676556850748,0.019107543598159173,0.06200637655368164,0.004807932612985018,0,0,0,0,1,0,0
2024-03-29 13:00:00,0.03552718,0.03263192458333333,0.008471823403143243,0.00593027638220027,0.012707735104714863,0.025415470209429726,0.0385622009655336,0.026701648201133063,0.04533965968804819,0.01992418947861847,0.05804739479276306,0.007216454373903607,0,0,0,0,1,0,0
2024-03-29 14:00:00,0.03450448,0.03184122041666667,0.007236840439330425,0.005065788307531297,0.010855260658995638,0.021710521317991276,0.03690700872419797,0.026775432109135373,0.042696481075662304,0.020985959757671032,0.053551741734657946,0.010130699098675394,0,0,0,0,1,0,0
2024-03-29 15:00:00,0.03293116,0.031182030833333332,0.0062878327575676424,0.0044014829302973495,0.009431749136351465,0.01886349827270293,0.035583513763630684,0.02678054790303598,0.04061377996968479,0.021750281696981868,0.05004552910603626,0.012318532560630403,0,0,0,0,1,0,0
2024-03-29 16:00:00,0.03671991,0.03092912,0.0059114505755195985,0.004138015402863719,0.008867175863279397,0.017734351726558795,0.03506713540286372,0.02679110459713628,0.0397962958632794,0.022061944136720604,0.0486634717265588,0.013194768273441206,0,0,0,0,0,1,0
2024-03-29 17:00:00,0.0309383,0.030512065833333327,0.005513605402717885,0.003859523781902519,0.008270408104076827,0.016540816208153654,0.03437158961523585,0.02665254205143081,0.038782473937410154,0.0222416577292565,0.047052882041486985,0.013971249625179673,0,0,0,0,1,0,0
2024-03-29 18:00:00,0.02959715,0.02998396375,0.004912510418456552,0.003438757292919586,0.007368765627684827,0.014737531255369654,0.03342272104291959,0.026545206457080413,0.03735272937768483,0.02261519812231517,0.04472149500536965,0.015246432494630344,0,0,1,0,0,0,0
2024-03-29 19:00:00,0.03019923,0.029623075833333335,0.004535753710331306,0.003175027597231914,0.006803630565496959,0.013607261130993918,0.03279810343056525,0.02644804823610142,0.03642670639883029,0.022819445267836375,0.04323033696432725,0.01601581470233942,0,0,0,0,1,0,0
2024-03-29 20:00:00,0.0296215,0.029604797916666665,0.004534799515136298,0.0031743596605954085,0.006802199272704448,0.013604398545408895,0.032779157577262075,0.026430438256071255,0.03640699718937111,0.022802598643962217,0.043209196462075564,0.01600039937125777,0,0,0,0,1,0,0
2024-03-29 21:00:00,0.0279208,0.02973347125,0.004436245703871471,0.003105371992710029,0.006654368555807207,0.013308737111614413,0.03283884324271003,0.026628099257289973,0.036387839805807204,0.023079102694192794,0.04304220836161442,0.016424734138385588,0,0,1,0,0,0,0
2024-03-29 22:00:00,0.02715437,0.02994205708333333,0.004174035924149844,0.0029218251469048905,0.006261053886224766,0.012522107772449532,0.03286388223023822,0.02702023193642844,0.0362031109695581,0.023681003197108565,0.04246416485578286,0.0174199493108838,0,0,1,0,0,0,0
2024-03-29 23:00:00,0.02636075,0.030099503749999996,0.003949573782726522,0.0027647016479085654,0.005924360674089783,0.011848721348179566,0.03286420539790856,0.02733480210209143,0.03602386442408978,0.024175143075910212,0.04194822509817956,0.01825078240182043,0,1,0,0,0,0,0
2024-03-30 00:00:00,0.01899825,0.02975429833333333,0.004526377825994158,0.0031684644781959106,0.0067895667389912375,0.013579133477982475,0.03292276281152924,0.026585833855137422,0.03654386507232457,0.022964731594342095,0.043333431811315805,0.01617516485535086,1,0,0,0,0,0,0
2024-03-30 01:00:00,0.02131155,0.029391050416666665,0.0048421325675131735,0.0033894927972592213,0.00726319885126976,0.01452639770253952,0.032780543213925886,0.026001557619407444,0.03665424926793642,0.022127851565396907,0.043917448119206184,0.014864652714127145,1,0,0,0,0,0,0
2024-03-30 02:00:00,0.02721696,0.029193717083333334,0.0048296746545909075,0.003380772258213635,0.007244511981886361,0.014489023963772722,0.03257448934154697,0.0258129448251197,0.03643822906521969,0.021949205101446975,0.04368274104710605,0.014704693119560613,0,0,1,0,0,0,0
2024-03-30 03:00:00,0.03088675,0.02917144958333333,0.0048201809949561985,0.0033741266964693387,0.007230271492434298,0.014460542984868596,0.032545576279802674,0.025797322886863993,0.036401721075767626,0.021941178090899034,0.043631992568201924,0.014710906598464735,0,0,0,0,1,0,0
2024-03-30 04:00:00,0.03397623,0.02963342875,0.004722179334910653,0.003305525534437457,0.0070832690023659795,0.014166538004731959,0.03293895428443746,0.026327903215562543,0.03671669775236598,0.02255015974763402,0.04379996675473196,0.01546689074526804,0,0,0,0,0,1,0
2024-03-30 05:00:00,0.03655763,0.030177010416666667,0.004737700664611332,0.0033163904652279324,0.007106550996916998,0.014213101993833997,0.0334934008818946,0.026860619951438736,0.03728356141358367,0.023070459419749667,0.044390112410500664,0.01596390842283267,0,0,0,0,0,1,0
2024-03-30 06:00:00,0.03781237,0.030750415833333333,0.004796415443584277,0.0033574908105089936,0.0071946231653764155,0.014389246330752831,0.03410790664384233,0.027392925022824338,0.03794503899870975,0.023555792667956918,0.045139662164086165,0.0163611695025805,0,0,0,0,0,1,0
2024-03-30 07:00:00,0.0367341,0.0312201475,0.004807851220378126,0.0033654958542646877,0.007211776830567188,0.014423553661134377,0.034585643354264686,0.027854651645735314,0.03843192433056719,0.024008370669432812,0.04564370116113438,0.01679659383886562,0,0,0,0,0,1,0
2024-03-30 08:00:00,0.03256857,0.031377355,0.004786764318010258,0.00335073502260718,0.0071801464770153865,0.014360292954030773,0.03472809002260718,0.028026619977392822,0.038557501477015386,0.024197208522984615,0.04573764795403078,0.017017062045969228,0,0,0,0,1,0,0
2024-03-30 09:00:00,0.03238854,0.03137812875,0.004786933241873427,0.0033508532693113987,0.00718039986281014,0.01436079972562028,0.0347289820193114,0.028027275480688597,0.03855852861281014,0.024197728887189858,0.04573892847562028,0.017017329024379718,0,0,0,0,1,0,0
2024-03-30 10:00:00,0.03411184,0.03137583,0.004785548801290478,0.0033498841609033345,0.007178323201935717,0.014356646403871434,0.03472571416090334,0.028025945839096667,0.03855415320193572,0.024197506798064282,0.04573247640387143,0.017019183596128567,0,0,0,0,1,0,0
2024-03-30 11:00:00,0.03502659,0.03142578083333333,0.004818398323704656,0.003372878826593259,0.007227597485556984,0.014455194971113968,0.034798659659926595,0.028052902006740075,0.03865337831889032,0.024198183347776347,0.045880975804447305,0.016970585862219365,0,0,0,0,0,1,0
2024-03-30 12:00:00,0.0377301,0.031533096249999996,0.004932388991566096,0.003452672294096267,0.007398583487349144,0.014797166974698288,0.03498576854409626,0.02808042395590373,0.03893167973734914,0.024134512762650853,0.046330263224698284,0.01673592927530171,0,0,0,0,0,1,0
2024-03-30 13:00:00,0.03766072,0.03162199375,0.0050258462762275405,0.003518092393359278,0.00753876941434131,0.01507753882868262,0.03514008614335928,0.028103901356640724,0.03916076316434131,0.02408322433565869,0.04669953257868262,0.01654445492131738,0,0,0,0,0,1,0
2024-03-30 14:00:00,0.03773656,0.03175666375,0.005148253977776118,0.0036037777844432823,0.007722380966664177,0.015444761933328353,0.03536044153444328,0.028152885965556713,0.03947904471666418,0.02403428278333582,0.04720142568332835,0.016311901816671644,0,0,0,0,0,1,0
2024-03-30 15:00:00,0.03793058,0.03196497291666667,0.005296842015929822,0.003707789411150875,0.007945263023894733,0.015890526047789465,0.03567276232781754,0.028257183505515794,0.0399102359405614,0.024019709892771933,0.047855498964456136,0.016074446868877202,0,0,0,0,0,1,0
2024-03-30 16:00:00,0.04037194,0.032117140833333335,0.005488376096001265,0.003841863267200885,0.008232564144001897,0.016465128288003793,0.03595900410053422,0.02827527756613245,0.040349704977335234,0.023884576689331437,0.04858226912133713,0.015652012545329542,0,0,0,0,0,0,1
2024-03-30 17:00:00,0.04293903,0.03261717125,0.005907015539169303,0.004134910877418511,0.008860523308753955,0.01772104661750791,0.03675208212741851,0.02848226037258149,0.041477694558753955,0.023756647941246045,0.05033821786750791,0.01489612463249209,0,0,0,0,0,0,1
2024-03-30 18:00:00,0.04182121,0.03312650708333333,0.006157013669523026,0.0043099095686661175,0.009235520504284538,0.018471041008569077,0.03743641665199945,0.028816597514667214,0.04236202758761787,0.023890986579048794,0.05159754809190241,0.014655466074764256,0,0,0,0,0,1,0
2024-03-30 19:00:00,0.03853689,0.03347390958333333,0.006219567882264281,0.004353697517584997,0.009329351823396422,0.018658703646792844,0.03782760710091833,0.029120212065748333,0.04280326140672975,0.02414455775993691,0.052132613230126176,0.014815205936540485,0,0,0,0,0,1,0
2024-03-30 20:00:00,0.03392008,0.033653017083333334,0.00616546365298263,0.0043158245570878405,0.009248195479473946,0.01849639095894789,0.03796884164042118,0.029337192526245493,0.04290121256280728,0.024404821603859386,0.05214940804228123,0.015156626124385442,0,0,0,0,1,0,0
2024-03-30 21:00:00,0.03160764,0.03380663541666667,0.006061484090766837,0.004243038863536786,0.009092226136150256,0.018184452272300512,0.038049674280203456,0.029563596553129883,0.04289886155281693,0.024714409280516412,0.05199108768896718,0.015622183144366156,0,0,1,0,0,0,0
2024-03-30 22:00:00,0.02997667,0.03392423125,0.005953225888391409,0.004167258121873987,0.008929838832587115,0.01785967766517423,0.03809148937187398,0.029756973128126012,0.04285407008258711,0.024994392417412886,0.05178390891517423,0.01606455358482577,0,0,1,0,0,0,0
2024-03-30 23:00:00,0.02956093,0.034057572083333335,0.005810582921853986,0.0040674080452977905,0.008715874382780979,0.017431748765561958,0.03812498012863112,0.029990164038035543,0.042773446466114314,0.025341697700552356,0.05148932084889529,0.016625823317771377,0,1,0,0,0,0,0
2024-03-31 00:00:00,0.03366291,0.034668599583333334,0.004849734038079002,0.0033948138266553015,0.007274601057118503,0.014549202114237006,0.03806341340998864,0.03127378575667803,0.04194320064045184,0.02739399852621483,0.04921780169757034,0.02011939746909633,0,0,1,0,0,0,0
2024-03-31 01:00:00,0.02880821,0.034980960416666665,0.00414178020460194,0.002899246143221358,0.006212670306902909,0.012425340613805819,0.037880206559888024,0.032081714273445305,0.041193630723569574,0.028768290109763756,0.047406301030472484,0.022555619802860846,0,1,0,0,0,0,0
2024-03-31 02:00:00,0.02976638,0.03508718625,0.00396282303438286,0.002773976124068002,0.00594423455157429,0.01188846910314858,0.037861162374068,0.032313210125931996,0.04103142080157429,0.02914295169842571,0.04697565535314858,0.02319871714685142,0,1,0,0,0,0,0
2024-03-31 03:00:00,0.03176906,0.03512394916666667,0.0039260838330427645,0.002748258683129935,0.005889125749564147,0.011778251499128294,0.037872207849796606,0.03237569048353673,0.04101307491623082,0.02923482341710252,0.046902200665794966,0.023345697667538374,0,1,0,0,0,0,0
2024-03-31 04:00:00,0.03164342,0.035026748749999996,0.003984181558877632,0.0027889270912143426,0.005976272338316449,0.011952544676632898,0.03781567584121434,0.03223782165878565,0.041003021088316445,0.029050476411683547,0.046979293426632894,0.023074204073367098,0,1,0,0,0,0,0
2024-03-31 05:00:00,0.03345181,0.03489733958333333,0.003982734886497989,0.002787914420548592,0.005974102329746983,0.011948204659493967,0.037685254003881924,0.03210942516278474,0.040871441913080314,0.02892323725358635,0.0468455442428273,0.022949134923839366,0,0,1,0,0,0,0
2024-03-31 06:00:00,0.03587925,0.034816792916666665,0.003940542416949768,0.0027583796918648376,0.005910813625424652,0.011821627250849304,0.0375751726085315,0.03205841322480183,0.040727606542091316,0.028905979291242015,0.04663842016751597,0.02299516566581736,0,0,0,0,1,0,0
2024-03-31 07:00:00,0.03867952,0.03489785208333333,0.004001239016579996,0.0028008673116059974,0.006001858524869994,0.012003717049739989,0.03769871939493933,0.03209698477172734,0.04089971060820333,0.02889599355846334,0.04690156913307332,0.022894135033593346,0,0,0,0,0,1,0
2024-03-31 08:00:00,0.04904046,0.03558418083333333,0.00489680768392258,0.0034277653787458053,0.007345211525883869,0.014690423051767739,0.03901194621207914,0.03215641545458753,0.0429293923592172,0.028238969307449464,0.05027460388510107,0.020893757781565596,0,0,0,0,0,0,1
2024-03-31 09:00:00,0.05081503,0.03635195125,0.00574505465385708,0.004021538257699956,0.00861758198078562,0.01723516396157124,0.04037348950769996,0.032330412992300044,0.04496953323078562,0.02773436926921438,0.05358711521157124,0.01911678728842876,0,0,0,0,0,0,1
2024-03-31 10:00:00,0.0550253,0.037223345416666664,0.0068670036707414,0.00480690256951898,0.0103005055061121,0.0206010110122242,0.04203024798618565,0.03241644284714768,0.04752385092277876,0.026922839910554566,0.05782435642889086,0.016622334404442465,0,0,0,0,0,0,1
2024-03-31 11:00:00,0.05884336,0.03821571083333333,0.008138866398631112,0.005697206479041778,0.012208299597946668,0.024416599195893337,0.04391291731237511,0.03251850435429156,0.05042401043128,0.026007411235386663,0.06263231002922667,0.013799111637439996,0,0,0,0,0,0,1
2024-03-31 12:00:00,0.06755734,0.039458512499999994,0.01010202821767963,0.0070714197523757405,0.015153042326519445,0.03030608465303889,0.046529932252375734,0.03238709274762425,0.05461155482651944,0.02430547017348055,0.06976459715303888,0.009152427846961103,0,0,0,0,0,0,1
2024-03-31 13:00:00,0.06716212,0.040687737499999994,0.011562996371059849,0.008094097459741894,0.017344494556589773,0.034688989113179546,0.048781834959741886,0.0325936400402581,0.058032232056589764,0.02334324294341022,0.07537672661317954,0.005998748386820449,0,0,0,0,0,0,1
2024-03-31 14:00:00,0.06460052,0.04180706916666666,0.012525119792727534,0.008767583854909273,0.0187876796890913,0.0375753593781826,0.05057465302157593,0.03303948531175739,0.06059474885575796,0.023019389477575362,0.07938242854484925,0.004231709788484063,0,0,0,0,0,0,1
2024-03-31 15:00:00,0.06313254,0.04285715083333333,0.013222991859954987,0.009256094301968491,0.019834487789932482,0.039668975579864964,0.05211324513530182,0.03360105653136484,0.06269163862326581,0.023022663043400848,0.08252612641319829,0.0031881752534683658,0,0,0,0,0,0,1
2024-03-31 16:00:00,0.06036932,0.043690375,0.013681676593649276,0.009577173615554492,0.020522514890473915,0.04104502978094783,0.05326754861555449,0.034113201384445506,0.06421288989047391,0.02316786010952608,0.08473540478094782,0.0026453452190521656,0,0,0,0,0,1,0
2024-03-31 17:00:00,0.06532071,0.044622945,0.014373533499622082,0.010061473449735457,0.021560300249433124,0.04312060049886625,0.054684418449735456,0.03456147155026454,0.06618324524943311,0.023062644750566873,0.08774354549886625,0.0015023445011337483,0,0,0,0,0,1,0
2024-03-31 18:00:00,0.060986,0.04542147791666667,0.014738828983270589,0.010317180288289412,0.022108243474905885,0.04421648694981177,0.055738658204956076,0.03510429762837726,0.06752972139157255,0.023313234441760783,0.08963796486647843,0.0012049909668548978,0,0,0,0,0,1,0
2024-03-31 19:00:00,0.06800095,0.046649147083333335,0.01535468166270489,0.010748277163893422,0.023032022494057336,0.04606404498811467,0.057397424247226755,0.035900869919439915,0.06968116957739068,0.023617124589276,0.09271319207144801,0.0005851020952186634,0,0,0,0,0,1,0
2024-03-31 20:00:00,0.07450387,0.04834013833333333,0.016108130990710692,0.011275691693497484,0.02416219648606604,0.04832439297213208,0.05961583002683082,0.037064446639835845,0.07250233481939937,0.024177941847267292,0.0966645313054654,1.574536120125397e-05,0,0,0,0,0,0,1
2024-03-31 21:00:00,0.07585815,0.05018390958333333,0.016633556941100993,0.011643489858770695,0.024950335411651488,0.049900670823302976,0.061827399442104025,0.03854041972456264,0.07513424499498482,0.025233574171681844,0.10008458040663631,0.00028323876003035625,0,0,0,0,0,0,1
2024-03-31 22:00:00,0.07333147,0.05199035958333333,0.01669768107175172,0.011688376750226204,0.025046521607627582,0.050093043215255165,0.06367873633355954,0.040301982833107125,0.07703688119096092,0.02694383797570575,0.10208340279858849,0.0018973163680781682,0,0,0,0,0,1,0
2024-03-31 23:00:00,0.07209234,0.053762501666666664,0.01646911117518563,0.011528377822629941,0.024703666762778447,0.049407333525556894,0.0652908794892966,0.04223412384403672,0.07846616842944511,0.029058834903888216,0.10316983519222356,0.004355168141109769,0,0,0,0,0,1,0
