datetime,sigai_output,rolling_mean,std,0.7std,1.5std,3std,upper_0.7std,lower_0.7std,upper_1.5std,lower_1.5std,upper_3std,lower_3std,SB,MB,WB,A,WS,MS,SS
2024-04-01 00:00:00,0.07464456,0.05547007041666666,0.016418991015074078,0.011493293710551853,0.02462848652261112,0.04925697304522224,0.06696336412721851,0.04397677670611481,0.08009855693927778,0.030841583894055544,0.10472704346188891,0.006213097371444425,0,0,0,0,0,1,0
2024-04-01 01:00:00,0.07586408,0.05743073166666667,0.01589806567675308,0.011128645973727156,0.02384709851512962,0.04769419703025924,0.06855937764039383,0.04630208569293952,0.0812778301817963,0.03358363315153705,0.10512492869692591,0.009736534636407432,0,0,0,0,0,1,0
2024-04-01 02:00:00,0.07059774,0.05913203833333333,0.014966342546978026,0.010476439782884617,0.02244951382046704,0.04489902764093408,0.06960847811621795,0.048655598550448716,0.08158155215380036,0.03668252451286629,0.10403106597426741,0.014233010692399253,0,0,0,0,0,1,0
2024-04-01 03:00:00,0.06289722,0.060429044999999994,0.013794884040739936,0.009656418828517954,0.020692326061109906,0.04138465212221981,0.07008546382851795,0.05077262617148204,0.08112137106110989,0.03973671893889009,0.1018136971222198,0.019044392877780182,0,0,0,0,1,0,0
2024-04-01 04:00:00,0.05679493,0.061477024583333324,0.012397596729352877,0.008678317710547013,0.018596395094029314,0.03719279018805863,0.07015534229388033,0.05279870687278631,0.08007341967736264,0.04288062948930401,0.09866981477139194,0.024284234395274697,0,0,1,0,0,0,0
2024-04-01 05:00:00,0.05159611,0.06223303708333333,0.01109957267140948,0.007769700869986636,0.01664935900711422,0.03329871801422844,0.07000273795331996,0.054463336213346696,0.07888239609044756,0.04558367807621911,0.09553175509756177,0.02893431906910489,0,1,0,0,0,0,0
2024-04-01 06:00:00,0.04437276,0.06258693333333333,0.010331617560847616,0.007232132292593331,0.015497426341271424,0.03099485268254285,0.06981906562592666,0.05535480104074,0.07808435967460475,0.04708950699206191,0.09358178601587618,0.031592080650790486,1,0,0,0,0,0,0
2024-04-01 07:00:00,0.03730089,0.06252949041666667,0.010473182680125183,0.007331227876087628,0.015709774020187774,0.03141954804037555,0.0698607182927543,0.05519826254057904,0.07823926443685444,0.04681971639647889,0.09394903845704222,0.031109942376291118,1,0,0,0,0,0,0
2024-04-01 08:00:00,0.03214978,0.06182571208333334,0.011890623533178322,0.008323436473224826,0.017835935299767482,0.035671870599534965,0.07014914855655817,0.053502275610108514,0.07966164738310082,0.04398977678356586,0.0974975826828683,0.026153841483798373,1,0,0,0,0,0,0
2024-04-01 09:00:00,0.03030262,0.06097102833333334,0.013362566037145227,0.009353796226001658,0.020043849055717843,0.040087698111435685,0.07032482455933499,0.05161723210733168,0.08101487738905118,0.040927179277615494,0.10105872644476901,0.02088333022189765,1,0,0,0,0,0,0
2024-04-01 10:00:00,0.03158576,0.05999438083333333,0.014614001738503468,0.010229801216952427,0.021921002607755202,0.043842005215510405,0.07022418205028576,0.04976457961638091,0.08191538344108854,0.03807337822557813,0.10383638604884374,0.01615237561782293,1,0,0,0,0,0,0
2024-04-01 11:00:00,0.03326753,0.05892872125,0.015600770124337754,0.010920539087036427,0.02340115518650663,0.04680231037301326,0.06984926033703642,0.04800818216296358,0.08232987643650663,0.035527566063493374,0.10573103162301326,0.012126410876986744,1,0,0,0,0,0,0
2024-04-01 12:00:00,0.02198152,0.05702972875,0.017196975382670055,0.012037882767869037,0.025795463074005084,0.05159092614801017,0.06906761151786904,0.04499184598213096,0.08282519182400508,0.031234265675994917,0.10862065489801018,0.0054388026019898325,1,0,0,0,0,0,0
2024-04-01 13:00:00,0.0236217,0.05521554458333333,0.018340224057617906,0.012838156840332533,0.02751033608642686,0.05502067217285372,0.06805370142366586,0.0423773877430008,0.0827258806697602,0.027705208496906473,0.11023621675618706,0.0001948724104796143,1,0,0,0,0,0,0
2024-04-01 14:00:00,0.02281653,0.053474545000000005,0.019365186489007646,0.013555630542305352,0.02904777973351147,0.05809555946702294,0.06703017554230536,0.03991891445769465,0.08252232473351148,0.024426765266488536,0.11157010446702295,-0.004621014467022934,1,0,0,0,0,0,0
2024-04-01 15:00:00,0.01946568,0.0516550925,0.020439855091714997,0.014307898564200497,0.030659782637572495,0.06131956527514499,0.06596299106420049,0.0373471939357995,0.08231487513757249,0.020995309862427505,0.11297465777514498,-0.00966447277514499,1,0,0,0,0,0,0
2024-04-01 16:00:00,0.01586783,0.04980086375,0.021600514291445234,0.015120360004011662,0.03240077143716785,0.0648015428743357,0.06492122375401166,0.03468050374598834,0.08220163518716786,0.017400092312832148,0.11460240662433571,-0.015000679124335704,1,0,0,0,0,0,0
2024-04-01 17:00:00,0.01545076,0.04772294916666667,0.022425557537250652,0.015697890276075457,0.03363833630587598,0.06727667261175196,0.06342083944274213,0.03202505889059121,0.08136128547254265,0.014084612860790685,0.11499962177841863,-0.019553723445085297,0,1,0,0,0,0,0
2024-04-01 18:00:00,0.01445168,0.04578401916666666,0.023226363913876547,0.01625845473971358,0.03483954587081482,0.06967909174162965,0.06204247390638024,0.02952556442695308,0.08062356503748148,0.01094447329585184,0.11546311090829631,-0.023895072574962983,0,1,0,0,0,0,0
2024-04-01 19:00:00,0.01224561,0.04346088,0.02369129083682792,0.016583903585779543,0.03553693625524188,0.07107387251048376,0.06004478358577954,0.026876976414220457,0.07899781625524188,0.007923943744758119,0.11453475251048376,-0.027612992510483762,0,1,0,0,0,0,0
2024-04-01 20:00:00,0.00966481,0.0407592525,0.02369435187383316,0.01658604631168321,0.03554152781074974,0.07108305562149948,0.05734529881168321,0.024173206188316792,0.07630078031074974,0.005217724689250261,0.11184230812149948,-0.03032380312149948,0,1,0,0,0,0,0
2024-04-01 21:00:00,0.00746719,0.03790962916666667,0.023400346979002,0.016380242885301398,0.035100520468502996,0.07020104093700599,0.054289872051968065,0.02152938628136527,0.07301014963516966,0.0028091086981636704,0.10811067010367266,-0.032291411770339326,0,1,0,0,0,0,0
2024-04-01 22:00:00,0.0067133,0.03513387208333333,0.022962958621643003,0.0160740710351501,0.0344444379324645,0.068888875864929,0.05120794311848343,0.01905980104818323,0.06957831001579784,0.000689434150868827,0.10402274794826233,-0.033755003781595676,0,1,0,0,0,0,0
2024-04-01 23:00:00,0.00775093,0.03245298,0.022203844720792062,0.015542691304554442,0.03330576708118809,0.06661153416237618,0.04799567130455444,0.016910288695445558,0.06575874708118809,-0.0008527870811880917,0.09906451416237619,-0.03415855416237618,0,1,0,0,0,0,0
2024-04-02 00:00:00,0.00962112,0.02974367,0.020751366975185502,0.01452595688262985,0.031127050462778253,0.062254100925556506,0.04426962688262985,0.015217713117370149,0.06087072046277825,-0.0013833804627782532,0.0919977709255565,-0.032510430925556506,0,1,0,0,0,0,0
2024-04-02 01:00:00,0.0105426,0.02702194166666667,0.01861280983446193,0.01302896688412335,0.027919214751692897,0.05583842950338579,0.04005090855079002,0.01399297478254332,0.05494115641835957,-0.0008972730850262262,0.08286037117005246,-0.028816487836719123,0,1,0,0,0,0,0
2024-04-02 02:00:00,0.01002561,0.024498102916666663,0.01642531803589964,0.011497722625129747,0.024637977053849458,0.049275954107698916,0.03599582554179641,0.013000380291536917,0.049136079970516125,-0.00013987413718279454,0.07377405702436558,-0.024777851191032253,0,1,0,0,0,0,0
2024-04-02 03:00:00,0.00826009,0.022221555833333333,0.014551246086055038,0.010185872260238526,0.021826869129082556,0.04365373825816511,0.03240742809357186,0.012035683573094808,0.044048424962415886,0.0003946867042507775,0.06587529409149845,-0.02143218242483178,0,1,0,0,0,0,0
2024-04-02 04:00:00,0.00739803,0.020163351666666666,0.01284140949965857,0.008988986649760998,0.019262114249487854,0.03852422849897571,0.02915233831642766,0.011174365016905668,0.03942546591615452,0.0009012374171788115,0.05868758016564238,-0.018360876832309043,0,1,0,0,0,0,0
2024-04-02 05:00:00,0.00598747,0.018262991666666666,0.011265580210549362,0.007885906147384552,0.016898370315824043,0.03379674063164809,0.02614889781405122,0.010377085519282113,0.03516136198249071,0.0013646213508426222,0.05205973229831475,-0.015533748964981421,0,1,0,0,0,0,0
2024-04-02 06:00:00,0.00420772,0.016589448333333333,0.010145932074794256,0.007102152452355979,0.015218898112191383,0.030437796224382765,0.023691600785689312,0.009487295880977353,0.031808346445524716,0.0013705502211419501,0.0470272445577161,-0.013848347891049433,0,1,0,0,0,0,0
2024-04-02 07:00:00,0.00276798,0.015150577083333333,0.009509718886545029,0.006656803220581519,0.014264578329817543,0.028529156659635086,0.021807380303914853,0.008493773862751814,0.029415155413150876,0.0008859987535157904,0.04367973374296842,-0.013378579576301753,0,1,0,0,0,0,0
2024-04-02 08:00:00,0.00419298,0.013985710416666665,0.009037432820214701,0.00632620297415029,0.013556149230322053,0.027112298460644106,0.020311913390816956,0.0076595074425163745,0.027541859646988718,0.0004295611863446118,0.04109800887731077,-0.013126588043977441,0,1,0,0,0,0,0
2024-04-02 09:00:00,0.00381843,0.0128822025,0.00856290268472726,0.005994031879309082,0.01284435402709089,0.02568870805418178,0.018876234379309083,0.006888170620690919,0.02572655652709089,3.784847290910949e-05,0.038570910554181784,-0.012806505554181781,0,1,0,0,0,0,0
2024-04-02 10:00:00,0.00552579,0.011796370416666665,0.007696506675459867,0.005387554672821907,0.011544760013189801,0.023089520026379602,0.017183925089488572,0.006408815743844758,0.023341130429856465,0.0002516104034768641,0.03488589044304627,-0.011293149609712937,0,1,0,0,0,0,0
2024-04-02 11:00:00,0.00950703,0.010806349583333333,0.006196562654457368,0.004337593858120157,0.009294843981686052,0.018589687963372105,0.01514394344145349,0.006468755725213176,0.020101193565019385,0.0015115056016472804,0.029396037546705438,-0.007783338380038772,0,0,1,0,0,0,0
2024-04-02 12:00:00,0.01320965,0.010440854999999999,0.005751465933680721,0.004026026153576504,0.008627198900521082,0.017254397801042164,0.014466881153576503,0.006414828846423495,0.019068053900521083,0.0018136560994789167,0.027695252801042163,-0.0068135428010421654,0,0,0,0,1,0,0
2024-04-02 13:00:00,0.01505503,0.010083910416666666,0.00513014703767396,0.003591102926371772,0.007695220556510941,0.015390441113021881,0.013675013343038438,0.006492807490294895,0.017779130973177605,0.0023886898601557256,0.02547435152968855,-0.005306530696355215,0,0,0,0,0,1,0
2024-04-02 14:00:00,0.01544643,0.009776822916666665,0.004519028116423318,0.003163319681496322,0.006778542174634977,0.013557084349269954,0.012940142598162988,0.006613503235170343,0.016555365091301642,0.0029982807420316886,0.02333390726593662,-0.0037802614326032883,0,0,0,0,0,1,0
2024-04-02 15:00:00,0.01348552,0.009527649583333332,0.004107720904987091,0.0028754046334909635,0.006161581357480636,0.012323162714961273,0.012403054216824295,0.006652244949842369,0.015689230940813967,0.0033660682258526958,0.021850812298294605,-0.0027955131316279407,0,0,0,0,0,1,0
2024-04-02 16:00:00,0.00840684,0.009216774999999998,0.0038832215895627724,0.0027182551126939407,0.005824832384344158,0.011649664768688317,0.011935030112693939,0.006498519887306058,0.015041607384344156,0.00339194261565584,0.020866439768688315,-0.0024328897686883184,0,0,1,0,0,0,0
2024-04-02 17:00:00,0.00734463,0.008879019583333333,0.0036637525109775196,0.0025646267576842634,0.005495628766466279,0.010991257532932558,0.011443646341017596,0.00631439282564907,0.014374648349799613,0.003383390816867054,0.01987027711626589,-0.002112237949599225,0,0,1,0,0,0,0
2024-04-02 18:00:00,0.00690131,0.008564420833333333,0.0034842025519631597,0.0024389417863742114,0.0052263038279447395,0.010452607655889479,0.011003362619707545,0.006125479046959121,0.013790724661278071,0.003338117005388593,0.019017028489222813,-0.0018881868225561465,0,0,1,0,0,0,0
2024-04-02 19:00:00,0.00605532,0.008306492083333334,0.0034285256704700883,0.0023999679693290617,0.005142788505705133,0.010285577011410266,0.010706460052662396,0.005906524114004272,0.013449280589038467,0.003163703577628201,0.018592069094743598,-0.001979084928076932,0,0,1,0,0,0,0
2024-04-02 20:00:00,0.00421841,0.008079558749999998,0.0035138950773188587,0.002459726554123201,0.005270842615978288,0.010541685231956576,0.0105392853041232,0.005619832195876797,0.013350401365978287,0.0028087161340217106,0.018621243981956574,-0.0024621264819565773,0,1,0,0,0,0,0
2024-04-02 21:00:00,0.00354324,0.007916060833333332,0.003632900283441367,0.0025430301984089567,0.00544935042516205,0.0108987008503241,0.01045909103174229,0.005373030634924375,0.013365411258495382,0.002466710408171282,0.018814761683657432,-0.002982640016990768,0,1,0,0,0,0,0
2024-04-02 22:00:00,0.00371083,0.0077909579166666664,0.0037266076063081997,0.0026086253244157398,0.0055899114094622995,0.011179822818924599,0.010399583241082406,0.005182332592250927,0.013380869326128966,0.002201046507204367,0.018970780735591265,-0.0033888649022579325,0,1,0,0,0,0,0
2024-04-02 23:00:00,0.00397285,0.007633537916666666,0.0038072956181844234,0.002665106932729096,0.0057109434272766355,0.011421886854553271,0.010298644849395763,0.00496843098393757,0.013344481343943303,0.0019225944893900308,0.019055424771219936,-0.0037883489378866047,0,1,0,0,0,0,0
2024-04-03 00:00:00,0.00448465,0.007419518333333332,0.0038349774992945886,0.0026844842495062117,0.005752466248941883,0.011504932497883766,0.010104002582839545,0.0047350340838271205,0.013171984582275215,0.0016670520843914492,0.018924450831217098,-0.004085414164550434,0,1,0,0,0,0,0
2024-04-03 01:00:00,0.00447133,0.007166548749999999,0.003820223840312595,0.002674156688218816,0.005730335760468892,0.011460671520937785,0.009840705438218815,0.004492392061781182,0.01289688451046889,0.0014362129895311064,0.018627220270937783,-0.004294122770937786,0,1,0,0,0,0,0
2024-04-03 02:00:00,0.00542382,0.006974807499999999,0.003785814791802592,0.0026500703542618144,0.005678722187703888,0.011357444375407776,0.009624877854261814,0.004324737145738185,0.012653529687703887,0.0012960853122961115,0.018332251875407775,-0.004382636875407776,0,0,1,0,0,0,0
2024-04-03 03:00:00,0.00484601,0.006832554166666665,0.0037995378271634306,0.002659676479014401,0.005699306740745146,0.011398613481490292,0.009492230645681067,0.0041728776876522634,0.012531860907411811,0.001133247425921519,0.018231167648156958,-0.004566059314823627,0,0,1,0,0,0,0
2024-04-03 04:00:00,0.00627853,0.0067859083333333325,0.0037991656804333713,0.00265941597630336,0.005698748520650057,0.011397497041300114,0.009445324309636693,0.004126492357029972,0.01248465685398339,0.0010871598126832756,0.018183405374633446,-0.004611588707966781,0,0,1,0,0,0,0
2024-04-03 05:00:00,0.00699515,0.006827895,0.0037955245162443287,0.00265686716137103,0.005693286774366493,0.011386573548732987,0.00948476216137103,0.004171027838628969,0.012521181774366494,0.0011346082256335063,0.018214468548732987,-0.004558678548732987,0,0,0,0,1,0,0
2024-04-03 06:00:00,0.00678205,0.006935158749999999,0.0037544107311171353,0.0026280875117819947,0.005631616096675703,0.011263232193351406,0.009563246261781993,0.004307071238218004,0.012566774846675701,0.0013035426533242961,0.018198390943351406,-0.004328073443351407,0,0,1,0,0,0,0
2024-04-03 07:00:00,0.00668288,0.007098279583333332,0.0036490526623814694,0.0025543368636670285,0.005473578993572204,0.010947157987144409,0.00965261644700036,0.004543942719666304,0.012571858576905535,0.0016247005897611277,0.01804543757047774,-0.0038488784038110766,0,0,1,0,0,0,0
2024-04-03 08:00:00,0.00772398,0.007245404583333333,0.0035976423416421988,0.002518349639149539,0.005396463512463298,0.010792927024926596,0.009763754222482872,0.004727054944183793,0.012641868095796632,0.0018489410708700344,0.01803833160825993,-0.0035475224415932637,0,0,0,0,1,0,0
2024-04-03 09:00:00,0.00702938,0.007379194166666666,0.0035236012937967,0.0024665209056576897,0.00528540194069505,0.0105708038813901,0.009845715072324356,0.004912673261008976,0.012664596107361717,0.002093792225971616,0.017949998048056765,-0.003191609714723434,0,0,1,0,0,0,0
2024-04-03 10:00:00,0.00659162,0.00742360375,0.0035058984631656806,0.002454128924215976,0.005258847694748521,0.010517695389497043,0.009877732674215975,0.004969474825784023,0.01268245144474852,0.002164756055251478,0.017941299139497043,-0.003094091639497043,0,0,1,0,0,0,0
2024-04-03 11:00:00,0.00668076,0.0073058425,0.0034802472400448778,0.002436173068031414,0.005220370860067316,0.010440741720134632,0.009742015568031413,0.004869669431968586,0.012526213360067316,0.0020854716399326834,0.017746584220134632,-0.0031348992201346328,0,0,1,0,0,0,0
2024-04-03 12:00:00,0.00682666,0.007039884583333332,0.003245437236846094,0.0022718060657922656,0.004868155855269141,0.009736311710538282,0.009311690649125598,0.004768078517541066,0.011908040438602472,0.002171728728064191,0.016776196293871615,-0.00269642712720495,0,0,1,0,0,0,0
2024-04-03 13:00:00,0.00745963,0.006723409583333332,0.002764571841136928,0.0019352002887958494,0.004146857761705392,0.008293715523410784,0.00865860987212918,0.004788209294537483,0.010870267345038723,0.00257655182162794,0.015017125106744116,-0.0015703059400774518,0,0,0,0,1,0,0
2024-04-03 14:00:00,0.00764013,0.006398147083333333,0.0020641443765813607,0.0014449010636069523,0.0030962165648720412,0.0061924331297440825,0.007843048146940285,0.004953246019726381,0.009494363648205374,0.003301930518461292,0.012590580213077416,0.0002057139535892507,0,0,0,0,1,0,0
2024-04-03 15:00:00,0.00820291,0.006178038333333333,0.0014723462761894286,0.0010306423933326,0.002208519414284143,0.004417038828568286,0.007208680726665933,0.0051473959400007326,0.008386557747617476,0.003969518919049189,0.010595077161901618,0.0017609995047650467,0,0,0,0,0,1,0
2024-04-03 16:00:00,0.01138095,0.006301959583333332,0.0017643037710958092,0.0012350126397670663,0.002646455656643714,0.005292911313287428,0.007536972223100399,0.005066946943566266,0.008948415239977046,0.0036555039266896183,0.01159487089662076,0.0010090482700459043,0,0,0,0,0,0,1
2024-04-03 17:00:00,0.00954006,0.006393435833333332,0.0018742066417931286,0.00131194464925519,0.002811309962689693,0.005622619925379386,0.0077053804825885225,0.005081491184078142,0.009204745796023026,0.0035821258706436395,0.012016055758712719,0.0007708159079539466,0,0,0,0,0,0,1
2024-04-03 18:00:00,0.00950234,0.0065018120833333325,0.001977222705255227,0.0013840558936786588,0.0029658340578828405,0.005931668115765681,0.007885867977011992,0.005117756189654673,0.009467646141216174,0.003535978025450492,0.012433480199099014,0.0005701439675676514,0,0,0,0,0,0,1
2024-04-03 19:00:00,0.00913879,0.006630289999999998,0.0020459351104597026,0.0014321545773217917,0.003068902665689554,0.006137805331379108,0.00806244457732179,0.005198135422678206,0.009699192665689551,0.003561387334310444,0.012768095331379105,0.0004924846686208901,0,0,0,0,0,1,0
2024-04-03 20:00:00,0.00826254,0.006798795416666665,0.0020047788349262094,0.0014033451844483464,0.003007168252389314,0.006014336504778628,0.008202140601115012,0.005395450232218319,0.00980596366905598,0.0037916271642773514,0.012813131921445294,0.0007844589118880373,0,0,0,0,0,1,0
2024-04-03 21:00:00,0.00699657,0.006942684166666667,0.0018810699597286715,0.0013167489718100699,0.0028216049395930073,0.0056432098791860145,0.008259433138476737,0.0056259351948565964,0.009764289106259674,0.00412107922707366,0.012585894045852681,0.0012994742874806522,0,0,0,0,1,0,0
2024-04-03 22:00:00,0.00581793,0.007030479999999999,0.0017695363237972329,0.001238675426658063,0.0026543044856958495,0.005308608971391699,0.008269155426658062,0.005791804573341936,0.009684784485695848,0.004376175514304149,0.012339088971391698,0.0017218710286082996,0,0,1,0,0,0,0
2024-04-03 23:00:00,0.00471462,0.007061387083333333,0.0017195820119507528,0.0012037074083655268,0.002579373017926129,0.005158746035852258,0.00826509449169886,0.005857679674967807,0.009640760101259463,0.004482014065407203,0.012220133119185591,0.0019026410474810747,0,1,0,0,0,0,0
2024-04-04 00:00:00,0.0027888,0.0069907266666666655,0.0018592393222989756,0.0013014675256092828,0.0027888589834484633,0.0055777179668969265,0.008292194192275948,0.005689259141057383,0.009779585650115129,0.004201867683218202,0.012568444633563592,0.001413008699769739,1,0,0,0,0,0,0
2024-04-04 01:00:00,0.00246367,0.006907074166666666,0.0020160730926778708,0.0014112511648745095,0.003024109639016806,0.006048219278033612,0.008318325331541174,0.005495823001792156,0.009931183805683471,0.0038829645276498596,0.012955293444700278,0.0008588548886330535,1,0,0,0,0,0,0
2024-04-04 02:00:00,0.00151556,0.006744229999999998,0.002281462261730118,0.0015970235832110827,0.0034221933925951773,0.006844386785190355,0.00834125358321108,0.0051472064167889155,0.010166423392595176,0.0033220366074048205,0.013588616785190352,-0.00010015678519035686,1,0,0,0,0,0,0
2024-04-04 03:00:00,0.00276615,0.006657569166666666,0.002393453481861955,0.0016754174373033684,0.0035901802227929326,0.007180360445585865,0.008332986603970034,0.004982151729363298,0.010247749389459599,0.0030673889438737334,0.013837929612252532,-0.0005227912789191992,1,0,0,0,0,0,0
2024-04-04 04:00:00,0.00409022,0.006566389583333332,0.002449545938101202,0.0017146821566708414,0.0036743189071518035,0.007348637814303607,0.008281071740004173,0.00485170742666249,0.010240708490485136,0.0028920706761815284,0.013915027397636939,-0.0007822482309702752,0,1,0,0,0,0,0
2024-04-04 05:00:00,0.00517221,0.006490433749999999,0.0024638937923082945,0.001724725654615806,0.0036958406884624417,0.0073916813769248834,0.008215159404615806,0.004765708095384193,0.01018627443846244,0.0027945930615375573,0.013882115126924882,-0.0009012476269248844,0,0,1,0,0,0,0
2024-04-04 06:00:00,0.00618748,0.006465659999999999,0.0024638233055617347,0.0017246763138932142,0.0036957349583426023,0.007391469916685205,0.008190336313893213,0.004740983686106785,0.0101613949583426,0.0027699250416573966,0.013857129916685203,-0.0009258099166852057,0,0,1,0,0,0,0
2024-04-04 07:00:00,0.00714791,0.0064850362499999994,0.002467431788055302,0.0017272022516387113,0.0037011476820829527,0.0074022953641659055,0.00821223850163871,0.004757833998361288,0.010186183932082952,0.0027838885679170467,0.013887331614165905,-0.000917259114165906,0,0,0,0,1,0,0
2024-04-04 08:00:00,0.00786053,0.006490725833333332,0.002470568285165017,0.0017293977996155117,0.0037058524277475253,0.0074117048554950505,0.008220123632948844,0.004761328033717821,0.010196578261080858,0.002784873405585807,0.013902430688828384,-0.0009209790221617184,0,0,0,0,1,0,0
2024-04-04 09:00:00,0.00855192,0.006554164999999998,0.0025043185344075093,0.0017530229740852564,0.0037564778016112637,0.0075129556032225275,0.008307187974085254,0.004801142025914742,0.010310642801611262,0.0027976871983887344,0.014067120603222526,-0.0009587906032225294,0,0,0,0,0,1,0
2024-04-04 10:00:00,0.00928975,0.006666587083333332,0.0025658777074484937,0.0017961143952139455,0.003848816561172741,0.007697633122345482,0.008462701478547278,0.004870472688119387,0.010515403644506073,0.0028177705221605915,0.014364220205678815,-0.0010310460390121493,0,0,0,0,0,1,0
2024-04-04 11:00:00,0.00955551,0.0067863683333333315,0.0026327955634797046,0.001842956894435793,0.003949193345219557,0.007898386690439114,0.008629325227769125,0.004943411438897538,0.010735561678552889,0.0028371749881137744,0.014684755023772447,-0.0011120183571057827,0,0,0,0,0,1,0
2024-04-04 12:00:00,0.00949517,0.006897556249999999,0.002690291434045217,0.0018832040038316517,0.004035437151067825,0.00807087430213565,0.00878076025383165,0.0050143522461683476,0.010932993401067823,0.002862119098932174,0.01496843055213565,-0.0011733180521356513,0,0,0,0,0,1,0
2024-04-04 13:00:00,0.00954269,0.006984350416666666,0.0027423123549642956,0.0019196186484750069,0.004113468532446443,0.008226937064892886,0.008903969065141673,0.005064731768191659,0.01109781894911311,0.0028708818842202227,0.015211287481559553,-0.0012425866482262205,0,0,0,0,0,1,0
2024-04-04 14:00:00,0.00950214,0.0070619341666666655,0.002787636742647585,0.0019513457198533093,0.004181455113971377,0.008362910227942754,0.009013279886519975,0.005110588446813356,0.011243389280638044,0.0028804790526952883,0.01542484439460942,-0.001300976061276089,0,0,0,0,0,1,0
2024-04-04 15:00:00,0.00894479,0.007092845833333332,0.0028048987852439854,0.0019634291496707897,0.0042073481778659785,0.008414696355731957,0.009056274983004122,0.005129416683662543,0.011300194011199312,0.002885497655467354,0.01550754218906529,-0.0013218505223986246,0,0,0,0,1,0,0
2024-04-04 16:00:00,0.00599824,0.006868566249999999,0.0026584942463065246,0.0018609459724145672,0.003987741369459787,0.007975482738919574,0.008729512222414566,0.005007620277585432,0.010856307619459786,0.0028808248805402125,0.014844048988919573,-0.0011069164889195744,0,0,1,0,0,0,0
2024-04-04 17:00:00,0.0070149,0.006763351249999998,0.002597435676288817,0.0018182049734021717,0.0038961535144332255,0.007792307028866451,0.008581556223402169,0.004945146276597826,0.010659504764433224,0.0028671977355667726,0.01455565827886645,-0.001028955778866453,0,0,0,0,1,0,0
2024-04-04 18:00:00,0.00785666,0.006694781249999999,0.0025431397788452177,0.0017801978451916522,0.003814709668267827,0.007629419336535654,0.008474979095191652,0.004914583404808347,0.010509490918267826,0.0028800715817321725,0.014324200586535652,-0.0009346380865356543,0,0,0,0,1,0,0
2024-04-04 19:00:00,0.00614549,0.0065700604166666655,0.002490932196169052,0.0017436525373183361,0.003736398294253578,0.007472796588507156,0.008313712953985001,0.00482640787934833,0.010306458710920244,0.0028336621224130877,0.014042857005173822,-0.0009027361718404901,0,0,1,0,0,0,0
2024-04-04 20:00:00,0.00484843,0.006427805833333332,0.0024875598755481495,0.0017412919128837045,0.003731339813322224,0.007462679626644448,0.008169097746217036,0.004686513920449628,0.010159145646655557,0.002696466020011108,0.013890485459977779,-0.001034873793311116,0,0,1,0,0,0,0
2024-04-04 21:00:00,0.00539779,0.006361189999999998,0.0024930676142287263,0.0017451473299601083,0.0037396014213430893,0.0074792028426861785,0.008106337329960106,0.00461604267003989,0.010100791421343087,0.002621588578656909,0.013840392842686178,-0.0011180128426861802,0,0,1,0,0,0,0
2024-04-04 22:00:00,0.0059346,0.006366051249999998,0.0024920758014863056,0.0017444530610404138,0.003738113702229458,0.007476227404458916,0.008110504311040411,0.004621598188959584,0.010104164952229457,0.00262793754777054,0.013842278654458914,-0.001110176154458918,0,0,1,0,0,0,0
2024-04-04 23:00:00,0.00541057,0.006395049166666666,0.0024760215243994346,0.001733215067079604,0.003714032286599152,0.007428064573198304,0.00812826423374627,0.004661834099587062,0.010109081453265818,0.0026810168800675137,0.01382311373986497,-0.0010330154065316382,0,0,1,0,0,0,0
2024-04-05 00:00:00,0.00370498,0.006433223333333332,0.0024245319065480933,0.0016971723345836653,0.00363679785982214,0.00727359571964428,0.008130395667916998,0.004736050998749667,0.010070021193155473,0.0027964254735111924,0.013706819052977612,-0.0008403723863109475,0,1,0,0,0,0,0
2024-04-05 01:00:00,0.00292867,0.006452598333333333,0.002393085103957395,0.0016751595727701764,0.0035896276559360925,0.007179255311872185,0.00812775790610351,0.004777438760563156,0.010042225989269425,0.00286297067739724,0.013631853645205517,-0.0007266569785388524,0,1,0,0,0,0,0
2024-04-05 02:00:00,0.00300222,0.006514542499999999,0.0022761176754128895,0.0015932823727890226,0.003414176513119334,0.006828353026238668,0.008107824872789021,0.004921260127210976,0.009928719013119333,0.0031003659868806648,0.013342895526238668,-0.00031381052623866926,1,0,0,0,0,0,0
2024-04-05 03:00:00,0.00485789,0.006601698333333332,0.0021636132449175775,0.001514529271442304,0.0032454198673763663,0.006490839734752733,0.008116227604775636,0.005087169061891028,0.009847118200709697,0.0033562784659569656,0.013092538068086065,0.00011085859858059929,0,1,0,0,0,0,0
2024-04-05 04:00:00,0.00698355,0.00672225375,0.002097178155493635,0.0014680247088455442,0.003145767233240452,0.006291534466480904,0.008190278458845544,0.005254229041154456,0.009868020983240453,0.0035764865167595477,0.013013788216480904,0.00043071928351909577,0,0,0,0,1,0,0
2024-04-05 05:00:00,0.00711791,0.0068033245833333325,0.0020721104730292866,0.0014504773311205005,0.00310816570954393,0.00621633141908786,0.008253801914453834,0.005352847252212832,0.009911490292877263,0.0036951588737894024,0.013019656002421193,0.0005869931642454723,0,0,0,0,1,0,0
2024-04-05 06:00:00,0.00629685,0.0068078816666666655,0.0020708170539417057,0.0014495719377591938,0.0031062255809125583,0.006212451161825117,0.00825745360442586,0.005358309728907471,0.009914107247579223,0.003701656085754107,0.013020332828491781,0.0005954305048415489,0,0,1,0,0,0,0
2024-04-05 07:00:00,0.00628543,0.006771944999999999,0.002072142947172346,0.0014505000630206423,0.003108214420758519,0.006216428841517038,0.008222445063020641,0.005321444936979357,0.009880159420758518,0.00366373057924148,0.012988373841517038,0.000555516158482961,0,0,1,0,0,0,0
2024-04-05 08:00:00,0.00660944,0.006719816249999999,0.0020592635858252273,0.001441484510077659,0.003088895378737841,0.006177790757475682,0.008161300760077659,0.00527833173992234,0.00980871162873784,0.003630920871262158,0.012897607007475682,0.0005420254925243171,0,0,1,0,0,0,0
2024-04-05 09:00:00,0.00680854,0.0066471754166666655,0.0020222421590130675,0.0014155695113091471,0.0030333632385196015,0.006066726477039203,0.008062744927975813,0.005231605905357518,0.009680538655186267,0.003613812178147064,0.01271390189370587,0.0005804489396274625,0,0,0,0,1,0,0
2024-04-05 10:00:00,0.00701957,0.006552584583333332,0.0019448750504412792,0.0013614125353088953,0.0029173125756619188,0.0058346251513238375,0.007913997118642227,0.005191172048024437,0.00946989715899525,0.0036352720076714136,0.01238720973465717,0.0007179594320094948,0,0,0,0,1,0,0
2024-04-05 11:00:00,0.00708668,0.006449716666666665,0.001841692623877189,0.0012891848367140323,0.0027625389358157835,0.005525077871631567,0.007738901503380698,0.005160531829952632,0.009212255602482448,0.0036871777308508814,0.011974794538298233,0.0009246387950350978,0,0,0,0,1,0,0
2024-04-05 12:00:00,0.00656757,0.006327733333333332,0.0017244295159421117,0.001207100661159478,0.0025866442739131677,0.005173288547826335,0.00753483399449281,0.005120632672173854,0.008914377607246499,0.003741089059420164,0.011501021881159666,0.0011544447855069964,0,0,0,0,1,0,0
2024-04-05 13:00:00,0.00640866,0.006197148749999999,0.0015832748303071245,0.001108292381214987,0.002374912245460687,0.004749824490921374,0.007305441131214986,0.005088856368785012,0.008572060995460686,0.0038222365045393124,0.010946973240921372,0.0014473242590786256,0,0,0,0,1,0,0
2024-04-05 14:00:00,0.00669184,0.006080052916666665,0.0014241418343563146,0.0009968992840494201,0.002136212751534472,0.004272425503068944,0.007076952200716085,0.005083153632617245,0.008216265668201137,0.003943840165132193,0.01035247841973561,0.0018076274135977212,0,0,0,0,1,0,0
2024-04-05 15:00:00,0.00628078,0.005969052499999999,0.0012885112029969847,0.0009019578420978892,0.001932766804495477,0.003865533608990954,0.006871010342097888,0.00506709465790211,0.007901819304495475,0.004036285695504522,0.009834586108990953,0.0021035188910090447,0,0,0,0,1,0,0
2024-04-05 16:00:00,0.00480727,0.005919428749999998,0.0013100911358164876,0.0009170637950715412,0.0019651367037247314,0.003930273407449463,0.0068364925450715396,0.005002364954928456,0.00788456545372473,0.0039542920462752665,0.009849702157449462,0.001989155342550535,0,1,0,0,0,0,0
2024-04-05 17:00:00,0.00466906,0.005821685416666666,0.0013123140293202443,0.0009186198205241709,0.0019684710439803665,0.003936942087960733,0.006740305237190837,0.004903065596142495,0.007790156460647032,0.003853214372686299,0.009758627504627398,0.0018847433287059326,0,1,0,0,0,0,0
2024-04-05 18:00:00,0.00416883,0.005668025833333333,0.0012791642247297487,0.000895414957310824,0.0019187463370946229,0.0038374926741892457,0.006563440790644157,0.004772610876022509,0.007586772170427956,0.00374927949623871,0.009505518507522579,0.0018305331591440873,0,1,0,0,0,0,0
2024-04-05 19:00:00,0.00286095,0.005531169999999999,0.0013962091512513032,0.0009773464058759121,0.002094313726876955,0.00418862745375391,0.006508516405875912,0.004553823594124087,0.007625483726876954,0.0034368562731230444,0.009719797453753908,0.0013425425462460895,1,0,0,0,0,0,0
2024-04-05 20:00:00,0.00094751,0.005368631666666665,0.001677808559266532,0.0011744659914865723,0.002516712838899798,0.005033425677799596,0.006543097658153237,0.004194165675180093,0.007885344505566463,0.002851918827766867,0.01040205734446626,0.00033520598886706884,1,0,0,0,0,0,0
2024-04-05 21:00:00,-0.00010609,0.005139303333333332,0.0020157584332433096,0.0014110309032703166,0.0030236376498649644,0.006047275299729929,0.006550334236603649,0.003728272430063015,0.008162940983198296,0.0021156656834683675,0.01118657863306326,-0.0009079719663965969,1,0,0,0,0,0,0
2024-04-05 22:00:00,0.00059336,0.004916751666666666,0.002209661488389068,0.0015467630418723474,0.0033144922325836017,0.0066289844651672035,0.006463514708539013,0.0033699886247943187,0.008231243899250267,0.0016022594340830642,0.01154573613183387,-0.0017122327985005376,1,0,0,0,0,0,0
2024-04-05 23:00:00,0.00219902,0.004782937083333332,0.002274741707131563,0.0015923191949920941,0.0034121125606973446,0.006824225121394689,0.006375256278325426,0.0031906178883412376,0.008195049644030675,0.001370824522635987,0.01160716220472802,-0.0020412880380613575,0,1,0,0,0,0,0
2024-04-06 00:00:00,0.00512999,0.0048423124999999985,0.0022639537354767684,0.001584767614833738,0.0033959306032151524,0.006791861206430305,0.006427080114833736,0.003257544885166261,0.008238243103215151,0.001446381896784846,0.011634173706430304,-0.0019495487064303063,0,0,0,0,1,0,0
2024-04-06 01:00:00,0.0060606,0.004972809583333332,0.002238979571157241,0.0015672856998100687,0.0033584693567358615,0.006716938713471723,0.0065400952831434,0.0034055238835232634,0.008331278940069194,0.0016143402265974705,0.011689748296805056,-0.001744129130138391,0,0,0,0,1,0,0
2024-04-06 02:00:00,0.00454964,0.005037285416666665,0.002201736043865184,0.001541215230705629,0.0033026040657977763,0.006605208131595553,0.006578500647372294,0.0034960701859610365,0.008339889482464441,0.0017346813508688891,0.011642493548262217,-0.0015679227149288872,0,0,1,0,0,0,0
2024-04-06 03:00:00,0.00448009,0.005021543749999999,0.002204423357240917,0.001543096350068642,0.0033066350358613755,0.006613270071722751,0.006564640100068641,0.0034784473999313567,0.008328178785861375,0.001714908714138623,0.01163481382172275,-0.0015917263217227525,0,0,1,0,0,0,0
2024-04-06 04:00:00,0.00490278,0.0049348449999999985,0.0021644592649161555,0.0015151214854413088,0.0032466888973742333,0.0064933777947484665,0.0064499664854413075,0.0034197235145586894,0.008181533897374232,0.0016881561026257652,0.011428222794748465,-0.001558532794748468,0,0,1,0,0,0,0
2024-04-06 05:00:00,0.00546249,0.004865869166666666,0.002117738564107182,0.0014824169948750273,0.003176607846160773,0.006353215692321546,0.006348286161541693,0.0033834521717916385,0.00804247701282744,0.0016892613205058927,0.011219084858988211,-0.0014873465256548804,0,0,0,0,1,0,0
2024-04-06 06:00:00,0.00575942,0.004843476249999998,0.0021047510925546976,0.0014733257647882882,0.0031571266388320464,0.006314253277664093,0.006316802014788287,0.00337015048521171,0.008000602888832045,0.001686349611167952,0.011157729527664091,-0.0014707770276640945,0,0,0,0,1,0,0
2024-04-06 07:00:00,0.00692296,0.004870039999999999,0.0021276396554466676,0.0014893477588126672,0.003191459483170001,0.006382918966340002,0.0063593877588126665,0.0033806922411873316,0.00806149948317,0.001678580516829998,0.011252958966340001,-0.0015128789663400033,0,0,0,0,0,1,0
2024-04-06 08:00:00,0.00890468,0.004965674999999998,0.0022568818800463137,0.0015798173160324195,0.0033853228200694703,0.006770645640138941,0.006545492316032418,0.0033858576839675787,0.00835099782006947,0.001580352179930528,0.01173632064013894,-0.0018049706401389422,0,0,0,0,0,0,1
2024-04-06 09:00:00,0.00935294,0.005071691666666666,0.0024022910969793624,0.0016816037678855536,0.0036034366454690435,0.007206873290938087,0.00675329543455222,0.0033900878987811124,0.00867512831213571,0.0014682550211976226,0.012278564957604753,-0.002135181624271421,0,0,0,0,0,0,1
2024-04-06 10:00:00,0.00959439,0.005178975833333333,0.0025462452376105813,0.0017823716663274067,0.003819367856415872,0.007638735712831744,0.0069613474996607395,0.0033966041670059257,0.008998343689749205,0.0013596079769174606,0.012817711546165077,-0.0024597598794984113,0,0,0,0,0,0,1
2024-04-06 11:00:00,0.00942768,0.0052765174999999985,0.002664592288723929,0.0018652146021067501,0.003996888433085893,0.007993776866171786,0.007141732102106749,0.003411302897893248,0.009273405933085892,0.0012796290669141053,0.013270294366171786,-0.002717259366171788,0,0,0,0,0,0,1
2024-04-06 12:00:00,0.00948158,0.005397934583333332,0.0027894453319149415,0.0019526117323404588,0.004184167997872412,0.008368335995744824,0.007350546315673791,0.003445322850992873,0.009582102581205745,0.00121376658546092,0.013766270579078158,-0.0029704014124114922,0,0,0,0,0,1,0
2024-04-06 13:00:00,0.00934029,0.005520085833333333,0.0028977173855389265,0.0020284021698772484,0.00434657607830839,0.00869315215661678,0.007548488003210582,0.0034916836634560845,0.009866661911641723,0.0011735097550249433,0.014213237989950112,-0.0031730663232834464,0,0,0,0,0,1,0
2024-04-06 14:00:00,0.00928135,0.0056279820833333325,0.002989985611092811,0.0020929899277649677,0.004484978416639217,0.008969956833278434,0.007720972011098301,0.003534992155568365,0.01011296049997255,0.0011430036666941158,0.014597938916611767,-0.003341974749945101,0,0,0,0,0,1,0
2024-04-06 15:00:00,0.00873341,0.005730175,0.003054485062749468,0.0021381395439246274,0.004581727594124202,0.009163455188248404,0.007868314543924627,0.0035920354560753723,0.010311902594124202,0.0011484474058757977,0.014893630188248404,-0.003433280188248404,0,0,0,0,0,1,0
2024-04-06 16:00:00,0.00515287,0.005744574999999999,0.0030507573382677292,0.0021355301367874105,0.004576136007401594,0.009152272014803188,0.00788010513678741,0.0036090448632125887,0.010320711007401593,0.0011684389925984053,0.014896847014803188,-0.0034076970148031885,0,0,1,0,0,0,0
2024-04-06 17:00:00,0.00546591,0.005777777083333332,0.0030428693004963116,0.002130008510347418,0.004564303950744467,0.009128607901488934,0.007907785593680751,0.003647768572985914,0.010342081034077799,0.0012134731325888649,0.014906384984822267,-0.0033508308181556022,0,0,1,0,0,0,0
2024-04-06 18:00:00,0.00561293,0.005837947916666666,0.003023888969387851,0.0021167222785714954,0.004535833454081777,0.009071666908163554,0.007954670195238161,0.0037212256380951703,0.010373781370748443,0.0013021144625848888,0.01490961482483022,-0.003233718991496888,0,0,1,0,0,0,0
2024-04-06 19:00:00,0.00475256,0.005916764999999998,0.0029670382145519773,0.002076926750186384,0.004450557321827966,0.008901114643655932,0.007993691750186382,0.003839838249813614,0.010367322321827965,0.0014662076781720322,0.01481787964365593,-0.002984349643655934,0,0,1,0,0,0,0
2024-04-06 20:00:00,0.0048033,0.006077422916666666,0.002785077537713594,0.0019495542763995157,0.004177616306570391,0.008355232613140782,0.008026977193066182,0.00412786864026715,0.010255039223237058,0.0018998066100962751,0.014432655529807447,-0.002277809696474116,0,0,1,0,0,0,0
2024-04-06 21:00:00,0.00556556,0.006313741666666667,0.0024591352572663856,0.0017213946800864698,0.0036887028858995784,0.007377405771799157,0.008035136346753137,0.004592346986580197,0.010002444552566245,0.0026250387807670882,0.013691147438465823,-0.0010636641051324901,0,0,1,0,0,0,0
2024-04-06 22:00:00,0.006312,0.006552018333333332,0.0021366733698337447,0.0014956713588836212,0.003205010054750617,0.006410020109501234,0.008047689692216954,0.005056346974449711,0.00975702838808395,0.003347008278582715,0.012962038442834566,0.00014199822383209777,0,0,1,0,0,0,0
2024-04-06 23:00:00,0.00772383,0.006782218749999999,0.0019354396824733991,0.0013548077777313793,0.0029031595237100985,0.005806319047420197,0.008137026527731378,0.00542741097226862,0.009685378273710098,0.0038790592262899007,0.012588537797420196,0.0009758997025798022,0,0,0,0,1,0,0
2024-04-07 00:00:00,0.00887789,0.006938381249999999,0.0019474957419759525,0.0013632470193831667,0.0029212436129639288,0.0058424872259278575,0.008301628269383167,0.005575134230616833,0.009859624862963929,0.00401713763703607,0.012780868475927857,0.0010958940240721419,0,0,0,0,0,1,0
2024-04-07 01:00:00,0.0102429,0.007112643749999999,0.002049957989896512,0.0014349705929275582,0.0030749369848447677,0.006149873969689535,0.008547614342927556,0.00567767315707244,0.010187580734844767,0.004037706765155231,0.013262517719689535,0.0009627697803104634,0,0,0,0,0,0,1
2024-04-07 02:00:00,0.01033824,0.007353835416666666,0.002075664999272006,0.001452965499490404,0.003113497498908009,0.006226994997816018,0.00880680091615707,0.005900869917176262,0.010467332915574674,0.0042403379177586575,0.013580830414482683,0.0011268404188506482,0,0,0,0,0,1,0
2024-04-07 03:00:00,0.01024685,0.007594117083333333,0.0020622732635019593,0.0014435912844513715,0.0030934098952529387,0.006186819790505877,0.009037708367784704,0.006150525798881962,0.010687526978586272,0.004500707188080395,0.01378093687383921,0.001407297292827456,0,0,0,0,0,1,0
2024-04-07 04:00:00,0.0102699,0.007817747083333331,0.002048696331844116,0.0014340874322908812,0.0030730444977661742,0.0061460889955323485,0.009251834515624212,0.006383659651042451,0.010890791581099506,0.004744702585567157,0.01396383607886568,0.001671658087800983,0,0,0,0,0,1,0
2024-04-07 05:00:00,0.01003511,0.008008272916666665,0.002032698605967652,0.0014228890241773562,0.0030490479089514775,0.006098095817902955,0.009431161940844021,0.006585383892489308,0.011057320825618142,0.004959225007715187,0.01410636873456962,0.0019101770987637098,0,0,0,0,0,1,0
2024-04-07 06:00:00,0.00956298,0.008166754583333331,0.0019977143838621645,0.001398400068703515,0.002996571575793247,0.005993143151586494,0.009565154652036846,0.006768354514629816,0.011163326159126578,0.005170183007540085,0.014159897734919824,0.0021736114317468377,0,0,0,0,1,0,0
2024-04-07 07:00:00,0.00998711,0.0082944275,0.0020126264840416986,0.0014088385388291889,0.0030189397260625478,0.0060378794521250955,0.009703266038829188,0.006885588961170811,0.011313367226062548,0.005275487773937452,0.014332306952125095,0.0022565480478749043,0,0,0,0,0,1,0
2024-04-07 08:00:00,0.01490641,0.008544499583333332,0.0024228113630384096,0.0016959679541268867,0.0036342170445576145,0.007268434089115229,0.010240467537460218,0.006848531629206445,0.012178716627890947,0.004910282538775717,0.01581293367244856,0.001276065494218103,0,0,0,0,0,0,1
2024-04-07 09:00:00,0.01567135,0.008807766666666666,0.0028244686634003443,0.001977128064380241,0.004236702995100516,0.008473405990201032,0.010784894731046907,0.006830638602286426,0.013044469661767182,0.00457106367156615,0.017281172656867697,0.00033436067646563407,0,0,0,0,0,0,1
2024-04-07 10:00:00,0.01429613,0.009003672499999999,0.0030364996425340657,0.002125549749773846,0.0045547494638010985,0.009109498927602197,0.011129222249773845,0.0068781227502261524,0.013558421963801097,0.0044489230361989,0.018113171427602194,-0.00010582642760219828,0,0,0,0,0,0,1
2024-04-07 11:00:00,0.01084959,0.00906291875,0.0030589212224668154,0.0021412448557267707,0.004588381833700223,0.009176763667400447,0.01120416360572677,0.006921673894273228,0.013651300583700222,0.004474536916299776,0.018239682417400448,-0.00011384491740044737,0,0,0,0,1,0,0
2024-04-07 12:00:00,0.00852385,0.009023013333333331,0.003059469102149715,0.0021416283715048005,0.0045892036532245726,0.009178407306449145,0.011164641704838132,0.006881384961828531,0.013612216986557905,0.004433809680108759,0.018201420639782476,-0.00015539397311581382,0,0,1,0,0,0,0
2024-04-07 13:00:00,0.00869992,0.008996331249999998,0.0030593741596034283,0.0021415619117223996,0.004589061239405143,0.009178122478810285,0.011137893161722397,0.006854769338277599,0.01358539248940514,0.004407270010594855,0.018174453728810283,-0.00018179122881028728,0,0,1,0,0,0,0
2024-04-07 14:00:00,0.01011164,0.009030926666666666,0.0030674211616374034,0.002147194813146182,0.004601131742456105,0.00920226348491221,0.011178121479812848,0.006883731853520484,0.013632058409122771,0.004429794924210561,0.018233190151578878,-0.0001713368182455436,0,0,0,0,1,0,0
2024-04-07 15:00:00,0.01101967,0.009126187499999999,0.0030931724410519722,0.0021652207087363806,0.004639758661577958,0.009279517323155916,0.01129140820873638,0.006960966791263618,0.013765946161577957,0.004486428838422041,0.018405704823155913,-0.00015332982315591735,0,0,0,0,1,0,0
2024-04-07 16:00:00,0.01134391,0.009384147499999999,0.0030042829044166874,0.002102998033091681,0.004506424356625031,0.009012848713250062,0.011487145533091679,0.007281149466908318,0.013890571856625029,0.004877723143374968,0.018396996213250062,0.00037129878674993684,0,0,0,0,1,0,0
2024-04-07 17:00:00,0.01082979,0.0096076425,0.0028977499477707085,0.0020284249634394957,0.0043466249216560626,0.008693249843312125,0.011636067463439495,0.0075792175365605036,0.013954267421656062,0.005261017578343937,0.018300892343312124,0.0009143926566878742,0,0,0,0,1,0,0
2024-04-07 18:00:00,0.01127629,0.009843615833333331,0.0027867716561427312,0.0019507401592999117,0.004180157484214097,0.008360314968428194,0.011794355992633242,0.00789287567403342,0.014023773317547429,0.005663458349119234,0.018203930801761525,0.001483300864905137,0,0,0,0,1,0,0
2024-04-07 19:00:00,0.01219203,0.010153593749999999,0.0026035956929870005,0.0018225169850909003,0.0039053935394805007,0.007810787078961001,0.0119761107350909,0.008331076764909098,0.014058987289480499,0.006248200210519498,0.017964380828961,0.002342806671038997,0,0,0,0,0,1,0
2024-04-07 20:00:00,0.01198099,0.010452664166666665,0.0023634668838350232,0.001654426818684516,0.003545200325752535,0.00709040065150507,0.012107090985351182,0.008798237347982149,0.0139978644924192,0.006907463840914131,0.017543064818171736,0.0033622635151615956,0,0,0,0,1,0,0
2024-04-07 21:00:00,0.0118353,0.010713903333333332,0.002135287725359187,0.0014947014077514307,0.00320293158803878,0.00640586317607756,0.012208604741084763,0.0092192019255819,0.013916834921372112,0.007510971745294552,0.01711976650941089,0.004308040157255772,0,0,0,0,1,0,0
2024-04-07 22:00:00,0.01158709,0.010933698749999998,0.0019234671571424493,0.0013464270099997145,0.002885200735713674,0.005770401471427348,0.012280125759999712,0.009587271740000285,0.013818899485713673,0.008048498014286323,0.016704100221427348,0.00516329727857265,0,0,0,0,1,0,0
2024-04-07 23:00:00,0.01127739,0.01108176375,0.0017983374475093231,0.001258836213256526,0.0026975061712639845,0.005395012342527969,0.012340599963256526,0.009822927536743473,0.013779269921263984,0.008384257578736015,0.01647677609252797,0.00568675140747203,0,0,0,0,1,0,0
2024-04-08 00:00:00,0.01043166,0.011146504166666666,0.0017426539965667406,0.0012198577975967185,0.002613980994850111,0.005227961989700222,0.012366361964263385,0.009926646369069947,0.013760485161516777,0.008532523171816556,0.01637446615636689,0.005918542176966445,0,0,1,0,0,0,0
2024-04-08 01:00:00,0.00987353,0.01113111375,0.0017525840037056085,0.0012268088025939258,0.0026288760055584127,0.005257752011116825,0.012357922552593926,0.009904304947406073,0.013759989755558411,0.008502237744441588,0.016388865761116825,0.005873361738883174,0,1,0,0,0,0,0
2024-04-08 02:00:00,0.01018537,0.011124744166666665,0.001755865630815886,0.0012291059415711202,0.002633798446223829,0.005267596892447658,0.012353850108237786,0.009895638225095545,0.013758542612890494,0.008490945720442837,0.016392341059114322,0.005857147274219008,0,0,1,0,0,0,0
2024-04-08 03:00:00,0.01113099,0.01116158333333333,0.0017458926267074207,0.0012221248386951945,0.002618838940061131,0.005237677880122262,0.012383708172028525,0.009939458494638136,0.013780422273394462,0.0085427443932722,0.016399261213455592,0.005923905453211069,0,0,1,0,0,0,0
2024-04-08 04:00:00,0.01136018,0.011207011666666664,0.0017358378047051255,0.0012150864632935877,0.002603756707057688,0.005207513414115376,0.012422098129960252,0.009991925203373076,0.013810768373724351,0.008603254959608977,0.01641452508078204,0.005999498252551288,0,0,0,0,1,0,0
2024-04-08 05:00:00,0.01056702,0.011229174583333333,0.0017235769615851495,0.0012065038731096046,0.0025853654423777244,0.005170730884755449,0.012435678456442938,0.010022670710223728,0.013814540025711057,0.008643809140955609,0.016399905468088782,0.006058443698577884,0,0,1,0,0,0,0
2024-04-08 06:00:00,0.01000557,0.01124761583333333,0.0017072651070422376,0.0011950855749295662,0.0025608976605633565,0.005121795321126713,0.012442701408262896,0.010052530258403764,0.013808513493896687,0.008686718172769973,0.016369411154460042,0.006125820512206617,0,1,0,0,0,0,0
2024-04-08 07:00:00,0.00971194,0.011236150416666667,0.0017169945395340382,0.0012018961776738266,0.0025754918093010572,0.0051509836186021144,0.012438046594340493,0.01003425423899284,0.013811642225967724,0.008660658607365609,0.016387134035268782,0.006085166798064552,0,1,0,0,0,0,0
2024-04-08 08:00:00,0.0109121,0.011069720833333331,0.0015290668884713975,0.001070346821929978,0.002293600332707096,0.004587200665414192,0.01214006765526331,0.009999374011403352,0.013363321166040427,0.008776120500626235,0.015656921498747523,0.006482520167919139,0,0,1,0,0,0,0
2024-04-08 09:00:00,0.01584193,0.011076828333333332,0.001551616612526948,0.0010861316287688635,0.002327424918790422,0.004654849837580844,0.012162959962102196,0.009990696704564468,0.013404253252123754,0.00874940341454291,0.015731678170914178,0.006421978495752488,0,0,0,0,0,0,1
2024-04-08 10:00:00,0.02154874,0.011379020416666665,0.0025747787915973023,0.0018023451541181114,0.0038621681873959534,0.007724336374791907,0.013181365570784776,0.009576675262548554,0.015241188604062619,0.007516852229270711,0.01910335679145857,0.003654684041874758,0,0,0,0,0,0,1
2024-04-08 11:00:00,0.02453449,0.011949224583333333,0.003715192489493018,0.0026006347426451126,0.005572788734239527,0.011145577468479054,0.014549859325978446,0.00934858984068822,0.01752201331757286,0.006376435849093805,0.023094802051812385,0.0008036471148542782,0,0,0,0,0,0,1
2024-04-08 12:00:00,0.02707708,0.012722275833333333,0.004755944980895647,0.0033291614866269525,0.0071339174713434695,0.014267834942686939,0.016051437319960286,0.00939311434670638,0.019856193304676802,0.005588358361989863,0.026990110776020274,-0.0015455591093536062,0,0,0,0,0,0,1
2024-04-08 13:00:00,0.02903508,0.013569574166666666,0.005721567045015798,0.004005096931511058,0.008582350567523697,0.017164701135047394,0.017574671098177723,0.009564477235155609,0.022151924734190365,0.004987223599142969,0.030734275301714062,-0.0035951269683807286,0,0,0,0,0,0,1
2024-04-08 14:00:00,0.02964085,0.01438329125,0.006538757107575957,0.00457712997530317,0.009808135661363935,0.01961627132272787,0.01896042122530317,0.009806161274696829,0.024191426911363934,0.004575155588636064,0.03399956257272787,-0.0052329800727278705,0,0,0,0,0,0,1
2024-04-08 15:00:00,0.03056559,0.015197704583333332,0.007277145017207192,0.005094001512045034,0.010915717525810787,0.021831435051621575,0.020291706095378365,0.010103703071288299,0.02611342210914412,0.004281987057522545,0.03702913963495491,-0.006633730468288242,0,0,0,0,0,0,1
2024-04-08 16:00:00,0.02453454,0.01574731416666667,0.007469015350630219,0.005228310745441153,0.01120352302594533,0.02240704605189066,0.02097562491210782,0.010519003421225515,0.026950837192611998,0.004543791140721339,0.03815436021855732,-0.00665973188522399,0,0,0,0,0,1,0
2024-04-08 17:00:00,0.01967955,0.016116054166666668,0.007434056623579976,0.005203839636505983,0.011151084935369964,0.022302169870739928,0.021319893803172653,0.010912214530160684,0.027267139102036632,0.004964969231296704,0.03841822403740659,-0.0061861157040732605,0,0,0,0,1,0,0
2024-04-08 18:00:00,0.01833662,0.016410234583333332,0.007373660927540198,0.005161562649278138,0.011060491391310297,0.022120982782620594,0.02157179723261147,0.011248671934055194,0.02747072597464363,0.005349743192023035,0.038531217365953926,-0.005710748199287262,0,0,0,0,1,0,0
2024-04-08 19:00:00,0.01363131,0.01647020458333333,0.00734365444573115,0.005140558112011804,0.011015481668596724,0.022030963337193447,0.021610762695345134,0.011329646471321527,0.027485686251930055,0.005454722914736608,0.03850116792052678,-0.005560758753860116,0,0,1,0,0,0,0
2024-04-08 20:00:00,0.01133337,0.016443220416666664,0.007362034042821845,0.0051534238299752915,0.011043051064232767,0.022086102128465533,0.021596644246641955,0.011289796586691374,0.02748627148089943,0.005400169352433898,0.038529322545132194,-0.005642881711798869,0,0,1,0,0,0,0
2024-04-08 21:00:00,0.01091303,0.016404792499999998,0.0073894877602663795,0.005172641432186465,0.01108423164039957,0.02216846328079914,0.021577433932186463,0.011232151067813532,0.027489024140399568,0.0053205608596004275,0.038573255780799134,-0.005763670780799143,0,1,0,0,0,0,0
2024-04-08 22:00:00,0.01110253,0.016384602499999998,0.00740387126186997,0.005182709883308979,0.011105806892804956,0.022211613785609912,0.021567312383308977,0.01120189261669102,0.027490409392804956,0.005278795607195042,0.03859621628560991,-0.005827011285609914,0,1,0,0,0,0,0
2024-04-08 23:00:00,0.01065523,0.016358679166666664,0.007423593655414812,0.005196515558790368,0.011135390483122218,0.022270780966244436,0.02155519472545703,0.011162163607876297,0.027494069649788882,0.005223288683544446,0.0386294601329111,-0.0059121017995777715,0,1,0,0,0,0,0
2024-04-09 00:00:00,0.00994074,0.016338224166666665,0.007441290294474843,0.00520890320613239,0.011161935441712264,0.022323870883424527,0.021547127372799055,0.011129320960534275,0.027500159608378927,0.0051762887249544014,0.03866209505009119,-0.005985646716757862,0,1,0,0,0,0,0
2024-04-09 01:00:00,0.00899212,0.01630149875,0.0074766739707204655,0.005233671779504325,0.011215010956080698,0.022430021912161396,0.021535170529504325,0.011067826970495676,0.0275165097060807,0.0050864877939193025,0.0387315206621614,-0.006128523162161396,0,1,0,0,0,0,0
2024-04-09 02:00:00,0.00914725,0.016258243749999998,0.007516493096176612,0.005261545167323628,0.011274739644264918,0.022549479288529836,0.021519788917323625,0.01099669858267637,0.027532983394264916,0.00498350410573508,0.038807723038529834,-0.006291235538529838,0,1,0,0,0,0,0
2024-04-09 03:00:00,0.00932076,0.0161828175,0.007579003564184276,0.005305302494928992,0.011368505346276413,0.022737010692552826,0.02148811999492899,0.010877515005071007,0.027551322846276413,0.004814312153723585,0.038919828192552824,-0.006554193192552828,0,1,0,0,0,0,0
2024-04-09 04:00:00,0.01045493,0.01614509875,0.007606251729173967,0.005324376210421777,0.011409377593760952,0.022818755187521904,0.021469474960421776,0.010820722539578224,0.02755447634376095,0.004735721156239048,0.0389638539375219,-0.006673656437521904,0,1,0,0,0,0,0
2024-04-09 05:00:00,0.01149929,0.016183943333333332,0.007578857508870652,0.005305200256209456,0.011368286263305978,0.022736572526611955,0.02148914358954279,0.010878743077123876,0.027552229596639312,0.004815657070027355,0.038920515859945284,-0.006552629193278623,0,0,1,0,0,0,0
2024-04-09 06:00:00,0.01129561,0.016237695,0.0075375957132758215,0.005276316999293075,0.011306393569913732,0.022612787139827464,0.021514011999293075,0.010961378000706925,0.027544088569913732,0.004931301430086268,0.03885048213982746,-0.0063750921398274644,0,0,1,0,0,0,0
2024-04-09 07:00:00,0.01004659,0.01625163875,0.007525298395560906,0.0052677088768926334,0.011287947593341358,0.022575895186682716,0.021519347626892633,0.010983929873107364,0.027539586343341357,0.00496369115665864,0.038827533936682715,-0.006324256436682718,0,1,0,0,0,0,0
2024-04-09 08:00:00,0.0080603,0.01613281375,0.007634991409666947,0.005344493986766862,0.01145248711450042,0.02290497422900084,0.02147730773676686,0.010788319763233137,0.02758530086450042,0.004680326635499579,0.03903778797900084,-0.006772160479000842,0,1,0,0,0,0,0
2024-04-09 09:00:00,0.00739839,0.015780999583333333,0.007840741274546186,0.00548851889218233,0.01176111191181928,0.02352222382363856,0.021269518475515663,0.010292480691151004,0.027542111495152614,0.004019887671514054,0.03930322340697189,-0.007741224240305225,0,1,0,0,0,0,0
2024-04-09 10:00:00,0.0066517,0.015160289583333333,0.007953141806203436,0.005567199264342405,0.011929712709305155,0.02385942541861031,0.020727488847675737,0.00959309031899093,0.02709000229263849,0.0032305768740281786,0.03901971500194364,-0.008699135835276976,0,1,0,0,0,0,0
2024-04-09 11:00:00,0.00635503,0.014402812083333333,0.00788695432626689,0.005520868028386822,0.011830431489400335,0.02366086297880067,0.019923680111720153,0.00888194405494651,0.02623324357273367,0.0025723805939329974,0.038063675062134004,-0.009258050895467338,0,1,0,0,0,0,0
2024-04-09 12:00:00,0.00630288,0.013537220416666667,0.0075690530527581755,0.005298337136930722,0.011353579579137263,0.022707159158274526,0.01883555755359739,0.008238883279735945,0.02489079999580393,0.002183640837529404,0.03624437957494119,-0.00916993874160786,0,1,0,0,0,0,0
2024-04-09 13:00:00,0.00623897,0.012587382499999999,0.0069442224108620006,0.0048609556876034,0.010416333616293,0.020832667232586,0.0174483381876034,0.007726426812396599,0.023003716116293,0.0021710488837069983,0.033420049732586,-0.008245284732586003,0,1,0,0,0,0,0
2024-04-09 14:00:00,0.00602681,0.011603464166666666,0.0060364733563313105,0.004225531349431917,0.009054710034496965,0.01810942006899393,0.015828995516098582,0.007377932817234749,0.02065817420116363,0.002548754132169701,0.029712884235660597,-0.006505955902327264,0,1,0,0,0,0,0
2024-04-09 15:00:00,0.00628483,0.010591765833333334,0.004579054830490343,0.00320533838134324,0.006868582245735515,0.01373716449147103,0.013797104214676574,0.007386427451990094,0.01746034807906885,0.003723183587597819,0.024328930324804363,-0.003145398658137696,0,1,0,0,0,0,0
2024-04-09 16:00:00,0.01420673,0.010161440416666665,0.0035903299325002243,0.002513230952750157,0.0053854948987503365,0.010770989797500673,0.012674671369416822,0.007648209463916509,0.015546935315417003,0.004775945517916329,0.02093243021416734,-0.0006095493808340076,0,0,0,0,0,1,0
2024-04-09 17:00:00,0.01164499,0.009826667083333332,0.002988365413672358,0.0020918557895706503,0.004482548120508537,0.008965096241017073,0.011918522872903983,0.007734811293762682,0.014309215203841869,0.005344118962824796,0.018791763324350404,0.0008615708423162591,0,0,0,0,1,0,0
2024-04-09 18:00:00,0.0105475,0.009502120416666666,0.002386282436791068,0.0016703977057537477,0.003579423655186602,0.007158847310373204,0.011172518122420413,0.007831722710912918,0.013081544071853267,0.005922696761480064,0.01666096772703987,0.0023432731062934618,0,0,0,0,1,0,0
2024-04-09 19:00:00,0.01059751,0.009375712083333331,0.002233500694364002,0.0015634504860548013,0.003350251041546003,0.006700502083092006,0.010939162569388133,0.00781226159727853,0.012725963124879334,0.006025461041787328,0.016076214166425337,0.002675210000241325,0,0,0,0,1,0,0
2024-04-09 20:00:00,0.00989046,0.009315590833333333,0.0021976457209027566,0.0015383520046319296,0.003296468581354135,0.00659293716270827,0.010853942837965263,0.007777238828701403,0.012612059414687469,0.006019122251979198,0.015908527996041602,0.0027226536706250635,0,0,0,0,1,0,0
2024-04-09 21:00:00,0.00884611,0.009229469166666665,0.0021726808545550415,0.0015208765981885289,0.0032590212818325625,0.006518042563665125,0.010750345764855194,0.007708592568478136,0.012488490448499229,0.005970447884834103,0.01574751173033179,0.0027114266030015405,0,0,1,0,0,0,0
2024-04-09 22:00:00,0.00798277,0.009099479166666665,0.002148941423187044,0.0015042589962309307,0.003223412134780566,0.006446824269561132,0.010603738162897596,0.007595220170435735,0.01232289130144723,0.005876067031886099,0.015546303436227798,0.002652654897105533,0,0,1,0,0,0,0
2024-04-09 23:00:00,0.00686789,0.008941673333333332,0.002168698244441469,0.001518088771109028,0.0032530473666622034,0.006506094733324407,0.01045976210444236,0.007423584562224304,0.012194720699995536,0.005688625966671129,0.015447768066657739,0.0024355786000089252,0,1,0,0,0,0,0
2024-04-10 00:00:00,0.00630856,0.0087903325,0.0022220266132413746,0.001555418629268962,0.003333039919862062,0.006666079839724124,0.010345751129268962,0.0072349138707310376,0.012123372419862062,0.0054572925801379376,0.015456412339724123,0.0021242526602758757,0,1,0,0,0,0,0
2024-04-10 01:00:00,0.00630006,0.008678163333333332,0.0022786249191620207,0.0015950374434134144,0.003417937378743031,0.006835874757486062,0.010273200776746746,0.007083125889919918,0.012096100712076363,0.005260225954590301,0.015514038090819394,0.0018422885758472701,0,1,0,0,0,0,0
2024-04-10 02:00:00,0.00688232,0.008583791249999998,0.002305101052444246,0.0016135707367109721,0.003457651578666369,0.006915303157332738,0.01019736198671097,0.006970220513289027,0.012041442828666368,0.005126139671333629,0.015499094407332737,0.0016684880926672602,0,1,0,0,0,0,0
2024-04-10 03:00:00,0.00777598,0.008519425416666665,0.0023051954067003356,0.0016136367846902348,0.0034577931100505032,0.0069155862201010065,0.0101330622013569,0.006905788631976431,0.011977218526717168,0.005061632306616162,0.015435011636767672,0.0016038391965656588,0,0,1,0,0,0,0
2024-04-10 04:00:00,0.00919245,0.008466822083333332,0.002273291697766302,0.0015913041884364112,0.003409937546649453,0.006819875093298906,0.010058126271769743,0.006875517894896921,0.011876759629982785,0.005056884536683879,0.015286697176632238,0.0016469469900344258,0,0,0,0,1,0,0
2024-04-10 05:00:00,0.00967784,0.008390928333333332,0.0021967677278219573,0.00153773740947537,0.0032951515917329357,0.0065903031834658714,0.009928665742808701,0.006853190923857962,0.011686079925066269,0.005095776741600396,0.014981231516799203,0.0018006251498674606,0,0,0,0,1,0,0
2024-04-10 06:00:00,0.00905649,0.008297631666666664,0.0021140320908386656,0.0014798224635870659,0.0031710481362579985,0.006342096272515997,0.00977745413025373,0.0068178092030795985,0.011468679802924663,0.0051265835304086654,0.01463972793918266,0.0019555353941506674,0,0,0,0,1,0,0
2024-04-10 07:00:00,0.0087753,0.008244661249999998,0.002084017855313753,0.001458812498719627,0.00312602678297063,0.00625205356594126,0.009703473748719625,0.006785848751280372,0.011370688032970628,0.005118634467029369,0.014496714815941258,0.001992607684058739,0,0,0,0,1,0,0
2024-04-10 08:00:00,0.0085342,0.008264407083333333,0.002084440137073237,0.001459108095951266,0.003126660205609856,0.006253320411219712,0.0097235151792846,0.006805298987382067,0.011391067288943188,0.0051377468777234776,0.014517727494553045,0.0020110866721136213,0,0,0,0,1,0,0
2024-04-10 09:00:00,0.00914944,0.0083373675,0.00208345476149297,0.0014584183330450789,0.0031251821422394552,0.0062503642844789105,0.009795785833045079,0.006878949166954921,0.011462549642239455,0.0052121853577605445,0.01458773178447891,0.0020870032155210893,0,0,0,0,1,0,0
2024-04-10 10:00:00,0.0085607,0.008416909166666665,0.002052512601631082,0.0014367588211417572,0.003078768902446623,0.006157537804893246,0.009853667987808422,0.006980150345524908,0.011495678069113289,0.005338140264220042,0.01457444697155991,0.002259371361773419,0,0,0,0,1,0,0
2024-04-10 11:00:00,0.00896235,0.0085255475,0.0020071338925693938,0.0014049937247985755,0.0030107008388540906,0.006021401677708181,0.009930541224798575,0.007120553775201424,0.01153624833885409,0.005514846661145909,0.014546949177708181,0.002504145822291818,0,0,0,0,1,0,0
2024-04-10 12:00:00,0.00988487,0.008674797083333333,0.0019674568109790806,0.0013772197676853563,0.002951185216468621,0.005902370432937242,0.01005201685101869,0.007297577315647977,0.011625982299801954,0.005723611866864712,0.014577167516270575,0.002772426650396091,0,0,0,0,1,0,0
2024-04-10 13:00:00,0.01011681,0.00883637375,0.001917312024474005,0.0013421184171318035,0.0028759680367110075,0.005751936073422015,0.010178492167131802,0.007494255332868196,0.011712341786711006,0.005960405713288992,0.014588309823422015,0.0030844376765779844,0,0,0,0,1,0,0
2024-04-10 14:00:00,0.00920507,0.008968801249999998,0.0018222222889114404,0.0012755556022380082,0.002733333433367161,0.005466666866734322,0.010244356852238007,0.00769324564776199,0.01170213468336716,0.0062354678166328375,0.01443546811673432,0.0035021343832656766,0,0,0,0,1,0,0
2024-04-10 15:00:00,0.00765882,0.009026050833333332,0.0017545599282794374,0.001228191949795606,0.0026318398924191563,0.005263679784838313,0.010254242783128939,0.007797858883537726,0.011657890725752488,0.0063942109409141756,0.014289730618171645,0.0037623710484950192,0,1,0,0,0,0,0
2024-04-10 16:00:00,0.00732139,0.008739161666666665,0.0013971423465214679,0.0009779996425650275,0.0020957135197822016,0.004191427039564403,0.009717161309231693,0.007761162024101638,0.010834875186448868,0.0066434481468844635,0.012930588706231068,0.004547734627102262,0,1,0,0,0,0,0
2024-04-10 17:00:00,0.00733268,0.008559482083333332,0.0012795324086498803,0.0008956726860549161,0.0019192986129748205,0.003838597225949641,0.009455154769388248,0.007663809397278416,0.010478780696308152,0.006640183470358512,0.012398079309282974,0.004720884857383691,0,1,0,0,0,0,0
2024-04-10 18:00:00,0.0072639,0.008422665416666664,0.001232402033165551,0.0008626814232158857,0.0018486030497483266,0.0036972060994966533,0.00928534683988255,0.007559983993450778,0.01027126846641499,0.006574062366918337,0.012119871516163318,0.00472545931717001,0,1,0,0,0,0,0
2024-04-10 19:00:00,0.00644667,0.00824971375,0.0012048715242719084,0.0008434100669903359,0.0018073072864078625,0.003614614572815725,0.009093123816990336,0.007406303683009664,0.010057021036407862,0.006442406463592138,0.011864328322815726,0.004635099177184275,0,1,0,0,0,0,0
2024-04-10 20:00:00,0.00580081,0.008079311666666665,0.0012510456567243027,0.0008757319597070118,0.001876568485086454,0.003753136970172908,0.008955043626373676,0.007203579706959653,0.009955880151753119,0.006202743181580211,0.011832448636839573,0.004326174696493757,1,0,0,0,0,0,0
2024-04-10 21:00:00,0.00538249,0.007934994166666666,0.0013542631053896483,0.0009479841737727537,0.0020313946580844725,0.004062789316168945,0.00888297834043942,0.006987009992893912,0.009966388824751139,0.005903599508582193,0.01199778348283561,0.0038722048504977206,1,0,0,0,0,0,0
2024-04-10 22:00:00,0.00525201,0.007821212499999999,0.0014606143426433814,0.0010224300398503669,0.002190921513965072,0.004381843027930144,0.008843642539850366,0.006798782460149632,0.010012134013965071,0.005630290986034927,0.012203055527930143,0.003439369472069855,1,0,0,0,0,0,0
2024-04-10 23:00:00,0.00592695,0.007782006666666665,0.001499428648078431,0.0010496000536549016,0.0022491429721176463,0.004498285944235293,0.008831606720321567,0.006732406613011763,0.010031149638784312,0.005532863694549018,0.012280292610901957,0.003283720722431372,0,1,0,0,0,0,0
2024-04-11 00:00:00,0.00656088,0.007792519999999998,0.0014895000147097483,0.0010426500102968237,0.0022342500220646224,0.004468500044129245,0.008835170010296822,0.006749869989703174,0.01002677002206462,0.005558269977935376,0.012261020044129243,0.0033240199558707533,0,1,0,0,0,0,0
2024-04-11 01:00:00,0.0070398,0.007823342499999998,0.0014647211734738165,0.0010253048214316715,0.0021970817602107247,0.004394163520421449,0.00884864732143167,0.006798037678568327,0.010020424260210723,0.005626260739789274,0.012217506020421449,0.003429178979578549,0,0,1,0,0,0,0
2024-04-11 02:00:00,0.00773516,0.007858877499999998,0.0014511814348393908,0.0010158270043875736,0.002176772152259086,0.004353544304518172,0.008874704504387572,0.006843050495612424,0.010035649652259084,0.005682105347740912,0.01221242180451817,0.0035053331954818263,0,0,1,0,0,0,0
2024-04-11 03:00:00,0.00947425,0.007929638749999997,0.0014879036670712002,0.0010415325669498401,0.0022318555006068004,0.004463711001213601,0.008971171316949838,0.006888106183050157,0.010161494250606798,0.005697783249393197,0.012393349751213598,0.0034659277487863963,0,0,0,0,0,1,0
2024-04-11 04:00:00,0.011493,0.008025494999999999,0.0016392077549054224,0.0011474454284337956,0.0024588116323581337,0.0049176232647162674,0.009172940428433795,0.006878049571566203,0.010484306632358133,0.005566683367641865,0.012943118264716266,0.0031078717352837314,0,0,0,0,0,0,1
2024-04-11 05:00:00,0.01273499,0.008152876249999998,0.0018750156293102825,0.0013125109405171978,0.002812523443965424,0.005625046887930848,0.009465387190517196,0.0068403653094828,0.010965399693965422,0.005340352806034574,0.013777923137930845,0.0025278293620691504,0,0,0,0,0,0,1
2024-04-11 06:00:00,0.01313684,0.008322890833333332,0.0021283835556657315,0.0014898684889660119,0.0031925753334985972,0.0063851506669971945,0.009812759322299344,0.0068330223443673205,0.011515466166831929,0.005130315499834735,0.014708041500330527,0.0019377401663361379,0,0,0,0,0,0,1
2024-04-11 07:00:00,0.01331683,0.008512121249999999,0.002359677019283802,0.0016517739134986613,0.003539515528925703,0.007079031057851406,0.01016389516349866,0.006860347336501338,0.012051636778925703,0.0049726057210742955,0.015591152307851405,0.0014330901921485928,0,0,0,0,0,0,1
2024-04-11 08:00:00,0.01193623,0.008653872499999998,0.0024610666728448697,0.0017227466709914087,0.0036916000092673045,0.007383200018534609,0.010376619170991407,0.006931125829008589,0.012345472509267302,0.004962272490732693,0.016037072518534607,0.0012706724814653889,0,0,0,0,0,1,0
2024-04-11 09:00:00,0.01203788,0.008774224166666665,0.002555180772242346,0.001788626540569642,0.003832771158363519,0.007665542316727038,0.010562850707236308,0.006985597626097024,0.012606995325030184,0.0049414530083031465,0.0164397664833937,0.0011086818499396276,0,0,0,0,0,1,0
2024-04-11 10:00:00,0.01265557,0.008944843749999999,0.0026742443858294683,0.0018719710700806278,0.0040113665787442025,0.008022733157488405,0.010816814820080626,0.007072872679919371,0.012956210328744201,0.004933477171255796,0.016967576907488402,0.0009221105925115939,0,0,0,0,0,1,0
2024-04-11 11:00:00,0.01303145,0.009114389583333332,0.0028013704335057396,0.0019609593034540175,0.00420205565025861,0.00840411130051722,0.011075348886787349,0.007153430279879315,0.01331644523359194,0.004912333933074722,0.01751850088385055,0.0007102782828161125,0,0,0,0,0,1,0
2024-04-11 12:00:00,0.01168312,0.009189316666666664,0.002846558206165295,0.001992590744315706,0.004269837309247942,0.008539674618495884,0.011181907410982371,0.007196725922350958,0.013459153975914606,0.004919479357418722,0.017728991285162546,0.0006496420481707805,0,0,0,0,0,1,0
2024-04-11 13:00:00,0.01085402,0.00922003375,0.0028609431528524762,0.0020026602069967334,0.004291414729278714,0.008582829458557428,0.011222693956996734,0.0072173735430032665,0.013511448479278714,0.004928619020721286,0.01780286320855743,0.0006372042914425721,0,0,0,0,1,0,0
2024-04-11 14:00:00,0.00962711,0.009237618749999999,0.00286214397622489,0.002003500783357423,0.004293215964337335,0.00858643192867467,0.011241119533357422,0.007234117966642577,0.013530834714337334,0.004944402785662664,0.01782405067867467,0.0006511868213253287,0,0,0,0,1,0,0
2024-04-11 15:00:00,0.00826678,0.009262950416666665,0.0028502287397159445,0.001995160117801161,0.004275343109573917,0.008550686219147834,0.011258110534467826,0.007267790298865505,0.013538293526240582,0.004987607307092749,0.0178136366358145,0.0007122641975188318,0,0,1,0,0,0,0
2024-04-11 16:00:00,0.00804359,0.009293042083333333,0.0028325970550367274,0.001982817938525709,0.004248895582555091,0.008497791165110182,0.011275860021859041,0.007310224144807624,0.013541937665888425,0.005044146500778242,0.017790833248443515,0.0007952509182231511,0,0,1,0,0,0,0
2024-04-11 17:00:00,0.00716609,0.009286100833333333,0.002837809083544148,0.0019864663584809035,0.004256713625316222,0.008513427250632444,0.011272567191814237,0.007299634474852429,0.013542814458649556,0.005029387208017111,0.017799528083965777,0.000772673582700889,0,1,0,0,0,0,0
2024-04-11 18:00:00,0.00694353,0.009272752083333334,0.0028484683484337383,0.0019939278439036166,0.0042727025226506074,0.008545405045301215,0.01126667992723695,0.007278824239429717,0.013545454605983942,0.005000049560682726,0.01781815712863455,0.0007273470380321188,0,1,0,0,0,0,0
2024-04-11 19:00:00,0.00643409,0.009272227916666665,0.0028490121119606345,0.001994308478372444,0.0042735181679409515,0.008547036335881903,0.01126653639503911,0.007277919438294221,0.013545746084607617,0.004998709748725714,0.017819264252548567,0.0007251915807847623,0,1,0,0,0,0,0
2024-04-11 20:00:00,0.00513802,0.009244611666666666,0.0028870824696884973,0.002020957728781948,0.004330623704532746,0.008661247409065492,0.011265569395448614,0.007223653937884718,0.013575235371199413,0.00491398796213392,0.01790585907573216,0.0005833642576011742,0,1,0,0,0,0,0
2024-04-11 21:00:00,0.00481558,0.009220990416666665,0.0029221610965722154,0.0020455127676005506,0.004383241644858323,0.008766483289716647,0.011266503184267215,0.007175477649066115,0.013604232061524987,0.004837748771808341,0.01798747370638331,0.00045450712695001803,1,0,0,0,0,0,0
2024-04-11 22:00:00,0.00496631,0.00920908625,0.0029395628541393835,0.002057693997897568,0.004409344281209075,0.00881868856241815,0.011266780247897568,0.007151392252102432,0.013618430531209074,0.004799741968790925,0.01802777481241815,0.00039039768758184976,0,1,0,0,0,0,0
2024-04-11 23:00:00,0.00506093,0.009173002083333331,0.0029865438589276394,0.0020905807012493475,0.00447981578839146,0.00895963157678292,0.011263582784582678,0.007082421382083984,0.01365281787172479,0.0046931862949418715,0.01813263366011625,0.0002133705065504119,0,1,0,0,0,0,0
2024-04-12 00:00:00,0.00519712,0.009116178749999999,0.0030506890188449717,0.00213548231319148,0.004576033528267458,0.009152067056534915,0.01125166106319148,0.006980696436808519,0.013692212278267456,0.004540145221732541,0.018268245806534914,-3.5888306534916786e-05,0,1,0,0,0,0,0
2024-04-12 01:00:00,0.00512955,0.009036584999999998,0.0031310784111039424,0.0021917548877727596,0.004696617616655914,0.009393235233311828,0.011228339887772758,0.0068448301122272385,0.013733202616655912,0.004339967383344084,0.018429820233311828,-0.00035665023331182995,0,1,0,0,0,0,0
2024-04-12 02:00:00,0.0050485,0.008924640833333332,0.0032262129865865325,0.0022583490906105726,0.004839319479879799,0.009678638959759598,0.011182989923943905,0.00666629174272276,0.013763960313213131,0.004085321353453533,0.018603279793092932,-0.0007539981264262658,0,1,0,0,0,0,0
2024-04-12 03:00:00,0.00573145,0.008768690833333332,0.003288352720970676,0.002301846904679473,0.0049325290814560135,0.009865058162912027,0.011070537738012805,0.006466843928653859,0.013701219914789346,0.0038361617518773185,0.01863374899624536,-0.001096367329578695,0,1,0,0,0,0,0
2024-04-12 04:00:00,0.00759048,0.008606085833333332,0.003243969751845594,0.0022707788262919153,0.004865954627768391,0.009731909255536781,0.010876864659625247,0.006335307007041417,0.013472040461101724,0.0037401312055649416,0.018337995088870115,-0.001125823422203449,0,0,1,0,0,0,0
2024-04-12 05:00:00,0.00844653,0.0084274,0.003122486019518725,0.0021857402136631074,0.004683729029278088,0.009367458058556176,0.010613140213663108,0.006241659786336892,0.013111129029278088,0.003743670970721912,0.017794858058556177,-0.0009400580585561761,0,0,0,0,1,0,0
2024-04-12 06:00:00,0.00926314,0.008265995833333333,0.002964592065064887,0.0020752144455454206,0.004446888097597331,0.008893776195194662,0.010341210278878753,0.006190781387787912,0.012712883930930664,0.003819107735736002,0.017159772028527996,-0.0006277803618613288,0,0,0,0,1,0,0
2024-04-12 07:00:00,0.01060592,0.008153041249999998,0.0028114722292060723,0.0019680305604442504,0.004217208343809108,0.008434416687618216,0.010121071810444249,0.006185010689555747,0.012370249593809106,0.00393583290619089,0.016587457937618212,-0.0002813754376182181,0,0,0,0,0,1,0
2024-04-12 08:00:00,0.01198526,0.008155084166666665,0.002814357085160573,0.001970049959612401,0.0042215356277408595,0.008443071255481719,0.010125134126279066,0.006185034207054263,0.012376619794407524,0.003933548538925805,0.016598155422148382,-0.00028798708881505423,0,0,0,0,0,1,0
2024-04-12 09:00:00,0.01342956,0.008213070833333332,0.002910529806940511,0.002037370864858358,0.004365794710410767,0.008731589420821534,0.010250441698191691,0.0061756999684749745,0.0125788655437441,0.0038472761229225655,0.016944660254154864,-0.0005185185874882012,0,0,0,0,0,0,1
2024-04-12 10:00:00,0.01463346,0.008295482916666664,0.0030656570512354628,0.002145959935864824,0.004598485576853194,0.009196971153706388,0.010441442852531489,0.00614952298080184,0.012893968493519859,0.0036969973398134704,0.017492454070373052,-0.0009014882370397236,0,0,0,0,0,0,1
2024-04-12 11:00:00,0.01469583,0.008364832083333332,0.003193604055049536,0.002235522838534675,0.004790406082574304,0.009580812165148608,0.010600354921868008,0.006129309244798657,0.013155238165907636,0.0035744260007590286,0.01794564424848194,-0.0012159800818152752,0,0,0,0,0,0,1
2024-04-12 12:00:00,0.01413923,0.00846717,0.003340533289965563,0.002338373302975894,0.005010799934948344,0.010021599869896688,0.010805543302975893,0.006128796697024106,0.013477969934948344,0.0034563700650516553,0.018488769869896688,-0.001554429869896689,0,0,0,0,0,0,1
2024-04-12 13:00:00,0.01311052,0.008561190833333331,0.0034408810139584306,0.002408616709770901,0.005161321520937645,0.01032264304187529,0.010969807543104232,0.00615257412356243,0.013722512354270976,0.0033998693123956855,0.018883833875208623,-0.00176145220854196,0,0,0,0,0,1,0
2024-04-12 14:00:00,0.01165094,0.008645517083333332,0.0034925506672093517,0.002444785467046546,0.005238826000814028,0.010477652001628056,0.011090302550379877,0.006200731616286786,0.01388434308414736,0.0034066910825193038,0.019123169084961388,-0.0018321349182947241,0,0,0,0,0,1,0
2024-04-12 15:00:00,0.00972402,0.008706235416666664,0.0034983423361983216,0.002448839635338825,0.005247513504297483,0.010495027008594966,0.011155075052005489,0.00625739578132784,0.013953748920964147,0.0034587219123691816,0.019201262425261628,-0.0017887915919283012,0,0,0,0,1,0,0
2024-04-12 16:00:00,0.0120256,0.0088721525,0.003559442910321766,0.002491610037225236,0.005339164365482649,0.010678328730965298,0.011363762537225236,0.006380542462774763,0.014211316865482649,0.0035329881345173503,0.019550481230965297,-0.0018061762309652986,0,0,0,0,0,1,0
2024-04-12 17:00:00,0.01134339,0.009046206666666666,0.0035744921633186037,0.0025021445143230225,0.005361738244977906,0.010723476489955811,0.011548351180989689,0.006544062152343643,0.014407944911644571,0.00368446842168876,0.019769683156622475,-0.0016772698232891455,0,0,0,0,1,0,0
2024-04-12 18:00:00,0.00698512,0.009047939583333333,0.0035734383892485006,0.00250140687247395,0.005360157583872751,0.010720315167745503,0.011549346455807283,0.0065465327108593825,0.014408097167206084,0.0036877819994605814,0.019768254751078837,-0.00167237558441217,0,0,1,0,0,0,0
2024-04-12 19:00:00,0.00540029,0.009004864583333333,0.003612335334618476,0.0025286347342329332,0.005418503001927714,0.010837006003855428,0.011533499317566266,0.006476229849100399,0.014423367585261047,0.0035863615814056187,0.01984187058718876,-0.0018321414205220952,0,1,0,0,0,0,0
2024-04-12 20:00:00,0.00403062,0.008958722916666665,0.003670480101077663,0.002569336070754364,0.005505720151616494,0.011011440303232988,0.01152805898742103,0.006389386845912301,0.014464443068283159,0.003453002765050171,0.019970163219899653,-0.002052717386566323,0,1,0,0,0,0,0
2024-04-12 21:00:00,0.00303404,0.008884492083333332,0.0037744550150905064,0.0026421185105633543,0.00566168252263576,0.01132336504527152,0.011526610593896687,0.006242373572769978,0.014546174605969093,0.0032228095606975727,0.02020785712860485,-0.002438872961938187,1,0,0,0,0,0,0
2024-04-12 22:00:00,0.00448349,0.008864374583333333,0.0037974631152552997,0.0026582241806787097,0.00569619467288295,0.0113923893457659,0.011522598764012043,0.006206150402654623,0.014560569256216283,0.0031681799104503828,0.020256763929099232,-0.002528014762432567,0,1,0,0,0,0,0
2024-04-12 23:00:00,0.00526798,0.008873001666666666,0.003788671773869184,0.0026520702417084287,0.005683007660803776,0.011366015321607551,0.011525071908375095,0.006220931424958238,0.014556009327470441,0.0031899940058628907,0.020239016988274218,-0.002493013654940885,0,1,0,0,0,0,0
2024-04-13 00:00:00,0.01832038,0.009419804166666665,0.004163546761461969,0.002914482733023378,0.006245320142192953,0.012490640284385906,0.012334286899690043,0.006505321433643288,0.015665124308859617,0.003174484024473712,0.02191044445105257,-0.003070836117719241,0,0,0,0,0,0,1
2024-04-13 01:00:00,0.02337612,0.010180077916666665,0.0049396702945283906,0.003457769206169873,0.007409505441792585,0.01481901088358517,0.013637847122836538,0.006722308710496792,0.01758958335845925,0.00277057247487408,0.024999088800251836,-0.0046389329669185055,0,0,0,0,0,0,1
2024-04-13 02:00:00,0.02201941,0.010887199166666665,0.005369171587792541,0.0037584201114547783,0.00805375738168881,0.01610751476337762,0.014645619278121443,0.007128779055211887,0.018940956548355474,0.0028334417849778543,0.026994713930044288,-0.005220315596710956,0,0,0,0,0,0,1
2024-04-13 03:00:00,0.02182575,0.011557795000000001,0.0056925636302569875,0.003984794541179891,0.008538845445385482,0.017077690890770963,0.015542589541179892,0.00757300045882011,0.020096640445385484,0.003018949554614519,0.028635485890770966,-0.0055198958907709626,0,0,0,0,0,0,1
2024-04-13 04:00:00,0.01805479,0.011993807916666667,0.005775624329665908,0.004042937030766135,0.008663436494498862,0.017326872988997724,0.0160367449474328,0.007950870885900532,0.02065724441116553,0.0033303714221678046,0.029320680905664392,-0.0053330650723310575,0,0,0,0,0,1,0
2024-04-13 05:00:00,0.0151956,0.012275019166666665,0.0057596822627364085,0.004031777583915486,0.008639523394104613,0.017279046788209226,0.01630679675058215,0.008243241582751179,0.020914542560771278,0.0036354957725620515,0.02955406595487589,-0.005004027621542562,0,0,0,0,1,0,0
2024-04-13 06:00:00,0.01301837,0.012431487083333331,0.005725208164010328,0.004007645714807229,0.008587812246015491,0.017175624492030982,0.01643913279814056,0.008423841368526103,0.021019299329348824,0.00384367483731784,0.029607111575364314,-0.004744137408697651,0,0,0,0,1,0,0
2024-04-13 07:00:00,0.01140926,0.012464959583333332,0.005716412523620652,0.004001488766534456,0.008574618785430978,0.017149237570861956,0.01646644834986779,0.008463470816798876,0.02103957836876431,0.0038903407979023544,0.02961419715419529,-0.004684277987528624,0,0,1,0,0,0,0
2024-04-13 08:00:00,0.01076259,0.012414014999999999,0.0057263131067451355,0.004008419174721595,0.008589469660117702,0.017178939320235405,0.016422434174721594,0.008405595825278403,0.0210034846601177,0.0038245453398822963,0.029592954320235405,-0.004764924320235406,0,0,1,0,0,0,0
2024-04-13 09:00:00,0.0085499,0.012210695833333332,0.005775108303145753,0.004042575812202027,0.008662662454718629,0.017325324909437258,0.016253271645535357,0.008168120021131306,0.02087335828805196,0.003548033378614703,0.02953602074277059,-0.005114629076103926,0,0,1,0,0,0,0
2024-04-13 10:00:00,0.00674798,0.011882134166666667,0.005855037807094545,0.004098526464966182,0.008782556710641818,0.017565113421283637,0.01598066063163285,0.007783607701700486,0.020664690877308486,0.003099577456024849,0.029447247587950302,-0.005682979254616969,0,1,0,0,0,0,0
2024-04-13 11:00:00,0.00688707,0.011556769166666666,0.0059086040513035235,0.0041360228359124665,0.008862906076955286,0.017725812153910572,0.015692792002579132,0.0074207463307542,0.020419675243621954,0.00269386308971138,0.02928258132057724,-0.006169042987243906,0,1,0,0,0,0,0
2024-04-13 12:00:00,0.00898643,0.011342069166666665,0.005904302320536932,0.004133011624375852,0.0088564534808054,0.0177129069616108,0.015475080791042517,0.007209057542290813,0.020198522647472066,0.0024856156858612654,0.02905497612827746,-0.006370837794944134,0,0,1,0,0,0,0
2024-04-13 13:00:00,0.00918249,0.011178401249999997,0.005907591088787259,0.004135313762151081,0.008861386633180889,0.017722773266361777,0.015313715012151077,0.007043087487848917,0.020039787883180886,0.002317014616819109,0.028901174516361774,-0.00654437201636178,0,0,1,0,0,0,0
2024-04-13 14:00:00,0.00925315,0.01107849333333333,0.005919515580082104,0.0041436609060574725,0.008879273370123156,0.017758546740246312,0.015222154239390802,0.006934832427275857,0.019957766703456486,0.0021992199632101736,0.028837040073579644,-0.0066800534069129825,0,0,1,0,0,0,0
2024-04-13 15:00:00,0.01042374,0.011107648333333331,0.005914275256953922,0.004139992679867745,0.008871412885430884,0.017742825770861767,0.015247641013201075,0.006967655653465586,0.019979061218764214,0.0022362354479024474,0.028850474104195098,-0.006635177437528436,0,0,1,0,0,0,0
2024-04-13 16:00:00,0.01229804,0.011118999999999999,0.005916374830686169,0.004141462381480318,0.008874562246029253,0.017749124492058507,0.015260462381480317,0.006977537618519681,0.019993562246029252,0.0022444377539707454,0.028868124492058507,-0.006630124492058508,0,0,0,0,1,0,0
2024-04-13 17:00:00,0.00958219,0.011045616666666666,0.005924387649635008,0.004147071354744505,0.008886581474452511,0.017773162948905023,0.01519268802141117,0.006898545311922161,0.019932198141119177,0.0021590351922141544,0.028818779615571687,-0.006727546282238357,0,0,1,0,0,0,0
2024-04-13 18:00:00,0.0095325,0.011151757499999998,0.005871056476157518,0.0041097395333102625,0.008806584714236277,0.017613169428472554,0.01526149703331026,0.0070420179666897354,0.019958342214236275,0.002345172785763721,0.028764926928472552,-0.006461411928472556,0,0,1,0,0,0,0
2024-04-13 19:00:00,0.00864898,0.011287119583333333,0.005769254200643427,0.0040384779404503985,0.00865388130096514,0.01730776260193028,0.015325597523783731,0.0072486416428829345,0.019941000884298475,0.0026332382823681926,0.028594882185263612,-0.006020643018596948,0,0,1,0,0,0,0
2024-04-13 20:00:00,-0.00398003,0.0109533425,0.006404122522563497,0.004482885765794448,0.009606183783845245,0.01921236756769049,0.015436228265794447,0.006470456734205552,0.020559526283845244,0.0013471587161547546,0.03016571006769049,-0.00825902506769049,1,0,0,0,0,0,0
2024-04-13 21:00:00,-0.01560885,0.010176555416666665,0.00826634671346171,0.0057864426994231975,0.012399520070192566,0.024799040140385132,0.015962998116089862,0.004390112717243468,0.02257607548685923,-0.002222964653525901,0.0349755955570518,-0.014622484723718467,1,0,0,0,0,0,0
2024-04-13 22:00:00,-0.01238583,0.009473667083333333,0.009409616305389888,0.0065867314137729215,0.014114424458084831,0.028228848916169662,0.016060398497106255,0.0028869356695604117,0.023588091541418166,-0.004640757374751498,0.03770251599950299,-0.01875518183283633,1,0,0,0,0,0,0
2024-04-13 23:00:00,-0.00546331,0.00902653,0.009862240992733383,0.006903568694913368,0.014793361489100074,0.02958672297820015,0.015930098694913367,0.0021229613050866318,0.023819891489100076,-0.005766831489100075,0.03861325297820015,-0.02056019297820015,0,1,0,0,0,0,0
2024-04-14 00:00:00,0.02956606,0.0094951,0.01056510786523275,0.007395575505662925,0.015847661797849126,0.03169532359569825,0.016890675505662926,0.002099524494337074,0.025342761797849125,-0.006352561797849127,0.04119042359569825,-0.022200223595698253,0,0,0,0,0,0,1
2024-04-14 01:00:00,0.02984717,0.009764727083333332,0.011008048169208157,0.00770563371844571,0.016512072253812238,0.033024144507624476,0.017470360801779043,0.0020590933648876224,0.026276799337145572,-0.006747345170478905,0.04278887159095781,-0.02325941742429114,0,0,0,0,0,0,1
2024-04-14 02:00:00,0.02958497,0.01007995875,0.011472753612076498,0.008030927528453548,0.017209130418114747,0.034418260836229495,0.018110886278453548,0.002049031221546451,0.027289089168114747,-0.007129171668114748,0.044498219586229494,-0.024338302086229495,0,0,0,0,0,0,1
2024-04-14 03:00:00,0.02615668,0.010260414166666667,0.0116973976100269,0.00818817832701883,0.01754609641504035,0.0350921928300807,0.018448592493685495,0.0020722358396478378,0.027806510581707015,-0.007285682248373683,0.04535260699674737,-0.02483177866341403,0,0,0,0,0,1,0
2024-04-14 04:00:00,0.02765217,0.010660305,0.012131440506478927,0.008492008354535249,0.01819716075971839,0.03639432151943678,0.01915231335453525,0.002168296645464751,0.02885746575971839,-0.007536855759718389,0.04705462651943678,-0.025734016519436777,0,0,0,0,0,1,0
2024-04-14 05:00:00,0.03312714,0.011407452499999998,0.01294762827102947,0.00906333978972063,0.019421442406544205,0.03884288481308841,0.020470792289720628,0.002344112710279369,0.030828894906544203,-0.008013989906544207,0.05025033731308841,-0.027435432313088412,0,0,0,0,0,0,1
2024-04-14 06:00:00,0.03203901,0.012199979166666666,0.013615426889308559,0.009530798822515991,0.02042314033396284,0.04084628066792568,0.02173077798918266,0.002669180344150675,0.0326231195006295,-0.008223161167296173,0.053046259834592345,-0.028646301501259012,0,0,0,0,0,1,0
2024-04-14 07:00:00,0.03071115,0.013004224583333333,0.014127142066051531,0.009888999446236071,0.021190713099077295,0.04238142619815459,0.022893224029569406,0.0031152251370972616,0.03419493768241063,-0.008186488515743962,0.055385650781487925,-0.029377201614821255,0,0,0,0,0,1,0
2024-04-14 08:00:00,0.02373612,0.013544788333333333,0.014284967656143932,0.009999477359300752,0.021427451484215897,0.04285490296843179,0.023544265692634084,0.0035453109740325815,0.03497223981754923,-0.007882663150882563,0.05639969130176513,-0.029310114635098458,0,0,0,0,0,1,0
2024-04-14 09:00:00,0.01865674,0.013965906666666666,0.014280290287995458,0.00999620320159682,0.021420435431993186,0.04284087086398637,0.023962109868263484,0.003969703465069847,0.03538634209865985,-0.007454528765326519,0.05680677753065304,-0.028874964197319705,0,0,0,0,1,0,0
2024-04-14 10:00:00,0.01522674,0.014319188333333331,0.014198606378615199,0.009939024465030638,0.0212979095679228,0.0425958191358456,0.02425821279836397,0.004380163868302693,0.03561709790125613,-0.006978721234589468,0.05691500746917893,-0.02827663080251227,0,0,0,0,1,0,0
2024-04-14 11:00:00,0.01233785,0.014546304166666668,0.014117921221855716,0.009882544855299,0.021176881832783573,0.042353763665567146,0.024428849021965668,0.004663759311367668,0.03572318599945024,-0.006630577666116905,0.056900067832233815,-0.027807459498900476,0,0,1,0,0,0,0
2024-04-14 12:00:00,0.01348526,0.014733755416666668,0.014070677796593236,0.009849474457615264,0.021106016694889852,0.042212033389779705,0.02458322987428193,0.004884280959051404,0.03583977211155652,-0.006372261278223185,0.05694578880644637,-0.027478277973113037,0,0,1,0,0,0,0
2024-04-14 13:00:00,0.01483724,0.014969369999999997,0.014020936540457085,0.009814655578319958,0.021031404810685626,0.04206280962137125,0.024784025578319956,0.005154714421680039,0.03600077481068562,-0.006062034810685629,0.05703217962137125,-0.027093439621371257,0,0,1,0,0,0,0
2024-04-14 14:00:00,0.01654865,0.015273349166666665,0.013970612771822221,0.009779428940275553,0.02095591915773333,0.04191183831546666,0.025052778106942217,0.005493920226391112,0.036229268324399995,-0.005682569991066665,0.057185187482133325,-0.026638489148799994,0,0,0,0,1,0,0
2024-04-14 15:00:00,0.01776052,0.015579048333333331,0.013940118754121766,0.009758083127885236,0.02091017813118265,0.0418203562623653,0.02533713146121857,0.005820965205448095,0.03648922646451598,-0.005331129797849318,0.05739940459569863,-0.026241307929031968,0,0,0,0,1,0,0
2024-04-14 16:00:00,0.00765976,0.015385786666666665,0.014019509171643326,0.009813656420150328,0.02102926375746499,0.04205852751492998,0.025199443086816993,0.005572130246516337,0.03641505042413165,-0.005643477090798325,0.057444314181596644,-0.026672740848263314,0,0,1,0,0,0,0
2024-04-14 17:00:00,0.00350497,0.015132569166666665,0.014182821624675657,0.009927975137272959,0.021274232437013485,0.04254846487402697,0.025060544303939624,0.005204594029393706,0.03640680160368015,-0.00614166327034682,0.057681034040693635,-0.027415895707360305,0,1,0,0,0,0,0
2024-04-14 18:00:00,0.008869,0.015104923333333332,0.014194853711489031,0.009936397598042322,0.02129228056723355,0.0425845611344671,0.025041320931375656,0.005168525735291011,0.03639720390056688,-0.006187357233900216,0.05768948446780043,-0.027479637801133765,0,0,1,0,0,0,0
2024-04-14 19:00:00,0.0127677,0.015276536666666667,0.014138193161112884,0.009896735212779019,0.021207289741669327,0.042414579483338655,0.025173271879445687,0.005379801453887648,0.036483826408335994,-0.005930753075002661,0.05769111615000532,-0.027138042816671988,0,0,1,0,0,0,0
2024-04-14 20:00:00,0.01226344,0.015953347916666666,0.013552964160464904,0.009487074912325432,0.020329446240697355,0.04065889248139471,0.025440422828992098,0.006466273004341234,0.03628279415736402,-0.00437609832403069,0.05661224039806138,-0.024705544564728045,0,0,1,0,0,0,0
2024-04-14 21:00:00,0.01069825,0.01704947708333333,0.011845588062345445,0.00829191164364181,0.017768382093518168,0.035536764187036336,0.02534138872697514,0.00875756543969152,0.0348178591768515,-0.0007189050101848379,0.05258624127036966,-0.018487287103703006,0,0,1,0,0,0,0
2024-04-14 22:00:00,0.0098135,0.017974449166666667,0.010199533879429828,0.007139673715600879,0.015299300819144742,0.030598601638289483,0.025114122882267546,0.010834775451065787,0.03327374998581141,0.002675148347521925,0.04857305080495615,-0.012624152471622817,0,1,0,0,0,0,0
2024-04-14 23:00:00,0.00954403,0.018599755,0.009101028457296233,0.006370719920107362,0.013651542685944349,0.027303085371888698,0.02497047492010736,0.012229035079892637,0.03225129768594435,0.00494821231405565,0.0459028403718887,-0.008703330371888699,0,1,0,0,0,0,0
2024-04-15 00:00:00,0.00687603,0.017654337083333332,0.00909083355383863,0.006363583487687041,0.013636250330757946,0.027272500661515892,0.024017920571020375,0.011290753595646292,0.03129058741409128,0.004018086752575386,0.04492683774484922,-0.00961816357818256,0,1,0,0,0,0,0
2024-04-15 01:00:00,0.00932292,0.016799159999999997,0.008856317632095144,0.006199422342466601,0.013284476448142717,0.026568952896285435,0.022998582342466597,0.010599737657533397,0.030083636448142714,0.0035146835518572797,0.043368112896285435,-0.009769792896285438,0,1,0,0,0,0,0
2024-04-15 02:00:00,0.00734759,0.0158726025,0.00862060563014777,0.006034423941103439,0.012930908445221656,0.025861816890443312,0.021907026441103438,0.00983817855889656,0.028803510945221655,0.0029416940547783432,0.04173441939044331,-0.009989214390443313,0,1,0,0,0,0,0
2024-04-15 03:00:00,0.00452899,0.01497144875,0.008629239407964185,0.00604046758557493,0.012943859111946277,0.025887718223892554,0.021011916335574927,0.00893098116442507,0.02791530786194628,0.0020275896380537225,0.04085916697389255,-0.010916269473892555,0,1,0,0,0,0,0
2024-04-15 04:00:00,0.0015788,0.013885058333333332,0.008604607621353852,0.006023225334947696,0.01290691143203078,0.02581382286406156,0.019908283668281027,0.007861832998385635,0.02679196976536411,0.0009781469013025526,0.03969888119739489,-0.011928764530728227,0,1,0,0,0,0,0
2024-04-15 05:00:00,0.00191456,0.012584534166666666,0.007899767944278211,0.005529837560994747,0.011849651916417316,0.023699303832834633,0.018114371727661414,0.007054696605671919,0.02443418608308398,0.00073488225024935,0.0362838379995013,-0.011114769666167966,0,1,0,0,0,0,0
2024-04-15 06:00:00,0.00309155,0.01137839,0.006953482019851841,0.004867437413896288,0.010430223029777762,0.020860446059555525,0.01624582741389629,0.006510952586103712,0.02180861302977776,0.0009481669702222379,0.03223883605955553,-0.009482056059555525,0,1,0,0,0,0,0
2024-04-15 07:00:00,0.0001009,0.010102962916666665,0.005994403223783946,0.0041960822566487616,0.00899160483567592,0.01798320967135184,0.014299045173315426,0.005906880660017903,0.019094567752342584,0.0011113580809907452,0.0280861725880185,-0.007880246754685174,1,0,0,0,0,0,0
2024-04-15 08:00:00,-0.00487917,0.008910659166666664,0.006010639940297355,0.004207447958208148,0.009015959910446032,0.018031919820892063,0.013118107124874812,0.004703211208458517,0.017926619077112696,-0.0001053007437793671,0.026942578987558728,-0.009121260654225399,1,0,0,0,0,0,0
2024-04-15 09:00:00,-0.00178765,0.008058809583333333,0.006018057644277081,0.004212640350993956,0.009027086466415622,0.018054172932831243,0.01227144993432729,0.003846169232339377,0.017085896049748955,-0.0009682768830822884,0.026112982516164576,-0.00999536334949791,1,0,0,0,0,0,0
2024-04-15 10:00:00,-0.00039735,0.007407805833333332,0.006053915286772646,0.004237740700740852,0.00908087293015897,0.01816174586031794,0.011645546534074184,0.00317006513259248,0.0164886787634923,-0.0016730670968256372,0.02556955169365127,-0.010753940026984606,0,1,0,0,0,0,0
2024-04-15 11:00:00,0.00020643,0.006902329999999999,0.006130358581115386,0.00429125100678077,0.009195537871673078,0.018391075743346155,0.011193581006780768,0.0026110789932192293,0.016097867871673076,-0.0022932078716730786,0.025293405743346153,-0.011488745743346157,0,1,0,0,0,0,0
2024-04-15 12:00:00,0.00090028,0.006377955833333333,0.0060808330882259065,0.004256583161758134,0.00912124963233886,0.01824249926467772,0.010634538995091466,0.002121372671575199,0.015499205465672194,-0.0027432937990055266,0.024620455098011054,-0.011864543431344386,0,1,0,0,0,0,0
2024-04-15 13:00:00,0.00222912,0.0058526175,0.00585880992326612,0.0041011669462862835,0.00878821488489918,0.01757642976979836,0.009953784446286282,0.0017514505537137163,0.014640832384899181,-0.002935597384899181,0.023429047269798362,-0.01172381226979836,0,0,1,0,0,0,0
2024-04-15 14:00:00,0.00210052,0.0052506120833333315,0.0054392506971883145,0.00380747548803182,0.008158876045782472,0.016317752091564944,0.009058087571365152,0.0014431365953015115,0.013409488129115804,-0.0029082639624491407,0.021568364174898276,-0.011067140008231613,0,0,1,0,0,0,0
2024-04-15 15:00:00,0.00680871,0.0047942866666666655,0.00476124568624823,0.0033328719803737607,0.0071418685293723454,0.014283737058744691,0.008127158647040427,0.0014614146862929047,0.011936155196039012,-0.00234758186270568,0.019078023725411355,-0.009489450392078026,0,0,0,0,1,0,0
2024-04-15 16:00:00,0.01144968,0.004952199999999999,0.004920597503696628,0.0034444182525876395,0.0073808962555449425,0.014761792511089885,0.008396618252587638,0.0015077817474123591,0.012333096255544941,-0.002428696255544944,0.019713992511089885,-0.009809592511089886,0,0,0,0,0,1,0
2024-04-15 17:00:00,0.01036268,0.005237937916666665,0.005030782403653238,0.0035215476825572662,0.007546173605479857,0.015092347210959714,0.008759485599223932,0.001716390234109399,0.012784111522146521,-0.002308235688813192,0.020330285127626378,-0.00985440929429305,0,0,0,0,0,1,0
2024-04-15 18:00:00,0.01226157,0.005379294999999999,0.005182617177624793,0.0036278320243373547,0.007773925766437189,0.015547851532874378,0.009007127024337354,0.0017514629756626445,0.013153220766437188,-0.0023946307664371898,0.020927146532874377,-0.010168556532874379,0,0,0,0,0,1,0
2024-04-15 19:00:00,0.01165055,0.005332747083333332,0.005117986562547399,0.003582590593783179,0.0076769798438210985,0.015353959687642197,0.008915337677116511,0.0017501564895501531,0.01300972692715443,-0.0023442327604877664,0.02068670677097553,-0.010021212604308865,0,0,0,0,0,1,0
2024-04-15 20:00:00,0.01571403,0.005476521666666665,0.005363716719178967,0.003754601703425277,0.008045575078768451,0.016091150157536902,0.009231123370091942,0.0017219199632413883,0.013522096745435117,-0.002569053412101786,0.021567671824203567,-0.010614628490870238,0,0,0,0,0,0,1
2024-04-15 21:00:00,0.01483433,0.005648858333333332,0.005600026567401263,0.003920018597180884,0.008400039851101895,0.01680007970220379,0.009568876930514215,0.0017288397361524483,0.014048898184435228,-0.0027511815177685634,0.022448938035537123,-0.011151221368870458,0,0,0,0,0,0,1
2024-04-15 22:00:00,0.01548693,0.005885251249999998,0.005895426005259717,0.0041267982036818016,0.008843139007889574,0.01768627801577915,0.010012049453681799,0.0017584530463181968,0.014728390257889572,-0.002957887757889576,0.023571529265779146,-0.011801026765779151,0,0,0,0,0,0,1
2024-04-15 23:00:00,0.01831517,0.006250715416666666,0.006383742189410131,0.004468619532587092,0.009575613284115197,0.019151226568230394,0.010719334949253758,0.0017820958840795743,0.015826328700781864,-0.003324897867448531,0.02540194198489706,-0.012900511151563727,0,0,0,0,0,0,1
2024-04-16 00:00:00,0.03455902,0.007404173333333333,0.008613280206149307,0.0060292961443045145,0.01291992030922396,0.02583984061844792,0.013433469477637848,0.0013748771890288187,0.020324093642557294,-0.005515746975890627,0.033244013951781254,-0.018435667285114588,0,0,0,0,0,0,1
2024-04-16 01:00:00,0.03497295,0.008472924583333333,0.01028988541454446,0.007202919790181121,0.01543482812181669,0.03086965624363338,0.015675844373514453,0.0012700047931522114,0.023907752705150023,-0.006961903538483357,0.03934258082696671,-0.022396731660300047,0,0,0,0,0,0,1
2024-04-16 02:00:00,0.03318008,0.009549278333333333,0.011452458091564597,0.008016720664095218,0.017178687137346896,0.03435737427469379,0.01756599899742855,0.001532557669238115,0.02672796547068023,-0.007629408804013563,0.043906652608027126,-0.024808095941360457,0,0,0,0,0,0,1
2024-04-16 03:00:00,0.03111555,0.010657051666666665,0.012206735867251822,0.008544715107076275,0.018310103800877733,0.03662020760175547,0.01920176677374294,0.0021123365595903908,0.0289671554675444,-0.007653052134211068,0.047277259268422134,-0.0259631559350888,0,0,0,0,0,0,1
2024-04-16 04:00:00,0.02848452,0.011778123333333333,0.012566937203812434,0.008796856042668704,0.018850405805718652,0.037700811611437304,0.020574979376002035,0.0029812672906646288,0.030628529139051987,-0.007072282472385319,0.04947893494477064,-0.02592268827810397,0,0,0,0,0,1,0
2024-04-16 05:00:00,0.02457213,0.01272218875,0.012644552775350454,0.008851186942745316,0.01896682916302568,0.03793365832605136,0.021573375692745318,0.003871001807254684,0.03168901791302568,-0.006244640413025681,0.050655847076051363,-0.02521146957605136,0,0,0,0,0,1,0
2024-04-16 06:00:00,0.01962184,0.013410950833333333,0.012546988188923107,0.008782891732246174,0.01882048228338466,0.03764096456676932,0.022193842565579505,0.004628059101087158,0.03223143311671799,-0.0054095314500513265,0.05105191540010265,-0.024230013733435987,0,0,0,0,1,0,0
2024-04-16 07:00:00,0.01395717,0.013988295416666664,0.012222502500930599,0.008555751750651418,0.018333753751395898,0.036667507502791796,0.02254404716731808,0.005432543666015246,0.03232204916806256,-0.004345458334729234,0.05065580291945846,-0.022679212086125132,0,0,1,0,0,0,0
2024-04-16 08:00:00,0.0038578,0.014352335833333334,0.011757375346341853,0.008230162742439297,0.01763606301951278,0.03527212603902556,0.02258249857577263,0.006122173090894037,0.031988398852846114,-0.003283727186179447,0.049624461872358895,-0.020919790205692228,0,1,0,0,0,0,0
2024-04-16 09:00:00,0.00373764,0.014582556249999998,0.011478383684443035,0.008034868579110125,0.01721757552666455,0.0344351510533291,0.022617424829110125,0.006547687670889873,0.03180013177666455,-0.002635019276664553,0.0490177073033291,-0.019852594803329106,0,1,0,0,0,0,0
2024-04-16 10:00:00,0.00373184,0.014754605833333332,0.011273199736018485,0.007891239815212938,0.016909799604027727,0.033819599208055454,0.02264584564854627,0.006863366018120393,0.03166440543736106,-0.002155193770694395,0.048574205041388784,-0.019064993374722124,0,1,0,0,0,0,0
2024-04-16 11:00:00,0.00358221,0.014895263333333332,0.011103571541413455,0.007772500078989418,0.016655357312120183,0.033310714624240366,0.02266776341232275,0.007122763254343914,0.03155062064545351,-0.001760093978786851,0.0482059779575737,-0.018415451290907034,0,1,0,0,0,0,0
2024-04-16 12:00:00,0.00445749,0.015043480416666666,0.010931037256956547,0.0076517260798695825,0.016396555885434823,0.032793111770869646,0.02269520649653625,0.007391754336797084,0.03144003630210149,-0.0013530754687681567,0.04783659218753631,-0.01774963135420298,0,1,0,0,0,0,0
2024-04-16 13:00:00,0.00332309,0.015089062499999998,0.01087742794485645,0.007614199561399515,0.016316141917284675,0.03263228383456935,0.022703262061399512,0.0074748629386004834,0.03140520441728467,-0.0012270794172846763,0.04772134633456935,-0.01754322133456935,0,1,0,0,0,0,0
2024-04-16 14:00:00,0.00232936,0.015098597499999998,0.01086564125965784,0.007605948881760487,0.01629846188948676,0.03259692377897352,0.022704546381760483,0.007492648618239511,0.03139705938948675,-0.0011998643894867607,0.047695521278973516,-0.01749832627897352,0,1,0,0,0,0,0
2024-04-16 15:00:00,0.00155257,0.014879591666666666,0.01109063682761979,0.0077634457793338526,0.016635955241429683,0.033271910482859365,0.02264303744600052,0.007116145887332813,0.03151554690809635,-0.001756363574763017,0.04815150214952603,-0.0183923188161927,0,1,0,0,0,0,0
2024-04-16 16:00:00,0.00512282,0.0146159725,0.011249760573922012,0.007874832401745408,0.016874640860883017,0.033749281721766035,0.022490804901745407,0.006741140098254592,0.03149061336088302,-0.002258668360883018,0.04836525422176603,-0.019133309221766037,0,1,0,0,0,0,0
2024-04-16 17:00:00,0.00473083,0.014381312083333334,0.011400071645866126,0.007980050152106288,0.01710010746879919,0.03420021493759838,0.022361362235439622,0.006401261931227045,0.031481419552132524,-0.0027187953854658567,0.048581527020931714,-0.019818902854265047,0,1,0,0,0,0,0
2024-04-16 18:00:00,0.00531585,0.014091907083333334,0.011543484406135894,0.008080439084295125,0.01731522660920384,0.03463045321840768,0.02217234616762846,0.006011467999038209,0.03140713369253717,-0.0032233195258705057,0.04872236030174101,-0.020538546135074345,0,1,0,0,0,0,0
2024-04-16 19:00:00,0.00727285,0.013909502916666665,0.011618084751566074,0.008132659326096251,0.01742712712734911,0.03485425425469822,0.022042162242762918,0.005776843590570414,0.031336630044015774,-0.003517624210682446,0.048763757171364885,-0.02094475133803156,0,0,1,0,0,0,0
2024-04-16 20:00:00,0.00614047,0.01351060458333333,0.011717360259021207,0.008202152181314844,0.017576040388531812,0.035152080777063624,0.021712756764648174,0.005308452402018486,0.03108664497186514,-0.004065435805198482,0.04866268536039695,-0.021641476193730295,0,0,1,0,0,0,0
2024-04-16 21:00:00,0.00744899,0.013202882083333332,0.01177790582663123,0.00824453407864186,0.017666858739946847,0.035333717479893695,0.021447416161975194,0.0049583480046914725,0.03086974082328018,-0.004463976656613515,0.04853659956322703,-0.022130835396560362,0,0,1,0,0,0,0
2024-04-16 22:00:00,0.00572093,0.012795965416666666,0.011863952149863669,0.008304766504904568,0.017795928224795504,0.03559185644959101,0.021100731921571234,0.004491198911762098,0.03059189364146217,-0.004999962808128838,0.048387821866257674,-0.022795891032924342,0,0,1,0,0,0,0
2024-04-16 23:00:00,0.00661735,0.012308556249999998,0.011867638383919864,0.008307346868743905,0.017801457575879795,0.03560291515175959,0.0206159031187439,0.004001209381256093,0.030110013825879793,-0.005492901325879797,0.04791147140175959,-0.02329435890175959,0,0,1,0,0,0,0
2024-04-17 00:00:00,0.00887181,0.01123825583333333,0.010891908434196237,0.007624335903937365,0.016337862651294353,0.03267572530258871,0.018862591737270694,0.003613919929395965,0.027576118484627682,-0.005099606817961023,0.043913981135922035,-0.02143746946925538,0,0,1,0,0,0,0
2024-04-17 01:00:00,0.00470929,0.009977269999999998,0.009712618497823077,0.006798832948476154,0.014568927746734616,0.02913785549346923,0.016776102948476153,0.0031784370515238443,0.024546197746734614,-0.004591657746734618,0.03911512549346923,-0.01916058549346923,0,0,1,0,0,0,0
2024-04-17 02:00:00,0.00248187,0.008698177916666666,0.008465399725579264,0.005925779807905484,0.012698099588368896,0.025396199176737792,0.014623957724572149,0.002772398108761182,0.02139627750503556,-0.00399992167170223,0.03409437709340446,-0.016698021260071125,0,1,0,0,0,0,0
2024-04-17 03:00:00,0.00263284,0.007511398333333332,0.007067057323867274,0.004946940126707091,0.01060058598580091,0.02120117197160182,0.012458338460040424,0.002564458206626241,0.018111984319134244,-0.0030891876524675784,0.028712570304935153,-0.013689773638268489,0,0,1,0,0,0,0
2024-04-17 04:00:00,0.00361948,0.0064753549999999995,0.005509714026258598,0.0038567998183810185,0.008264571039387898,0.016529142078775795,0.010332154818381019,0.002618555181618981,0.014739926039387896,-0.001789216039387898,0.023004497078775794,-0.010053787078775796,0,0,1,0,0,0,0
2024-04-17 05:00:00,0.00244419,0.005553357499999999,0.003992193139621364,0.0027945351977349546,0.005988289709432045,0.01197657941886409,0.008347892697734954,0.0027588223022650443,0.011541647209432043,-0.0004349322094320462,0.01752993691886409,-0.006423221918864091,0,1,0,0,0,0,0
2024-04-17 06:00:00,0.00230486,0.0048318166666666655,0.0026921832698743498,0.0018845282889120448,0.004038274904811525,0.00807654980962305,0.006716344955578711,0.0029472883777546207,0.008870091571478191,0.0007935417618551406,0.012908366476289715,-0.0032447331429563842,0,1,0,0,0,0,0
2024-04-17 07:00:00,0.0026624,0.004361201249999999,0.0018975885128388193,0.0013283119589871735,0.002846382769258229,0.005692765538516458,0.005689513208987173,0.003032889291012826,0.007207584019258228,0.0015148184807417704,0.010053966788516458,-0.0013315642885164585,0,1,0,0,0,0,0
2024-04-17 08:00:00,0.0022903,0.004295888749999999,0.0019421213368077523,0.0013594849357654265,0.0029131820052116283,0.0058263640104232566,0.005655373685765425,0.0029364038142345728,0.007209070755211627,0.0013827067447883708,0.010122252760423256,-0.0015304752604232575,0,1,0,0,0,0,0
2024-04-17 09:00:00,0.00229148,0.004235632083333332,0.001982215313047761,0.0013875507191334327,0.0029733229695716418,0.0059466459391432835,0.005623182802466765,0.002848081364199899,0.007208955052904973,0.0012623091137616903,0.010182278022476616,-0.0017110138558099515,0,1,0,0,0,0,0
2024-04-17 10:00:00,0.00253788,0.004185883749999998,0.0020101940393105304,0.0014071358275173711,0.0030152910589657956,0.006030582117931591,0.005593019577517369,0.0027787479224826274,0.007201174808965794,0.0011705926910342028,0.010216465867931589,-0.0018446983679315928,0,1,0,0,0,0,0
2024-04-17 11:00:00,0.00191752,0.004116521666666665,0.0020600319486758635,0.0014420223640731044,0.003090047923013795,0.00618009584602759,0.00555854403073977,0.0026744993025935608,0.00720656958968046,0.0010264737436528702,0.010296617512694256,-0.002063574179360925,0,1,0,0,0,0,0
2024-04-17 12:00:00,-9.36e-06,0.003930402916666666,0.0022232086395525368,0.0015562460476867756,0.003334812959328805,0.00666962591865761,0.005486648964353441,0.0023741568689798903,0.007265215875995471,0.0005955899573378606,0.010600028835324276,-0.0027392230019909446,1,0,0,0,0,0,0
2024-04-17 13:00:00,0.0003909,0.003808228333333332,0.002335753447860319,0.0016350274135022232,0.0035036301717904783,0.007007260343580957,0.005443255746835555,0.002173200919831109,0.00731185850512381,0.00030459816154285385,0.010815488676914288,-0.0031990320102476245,0,1,0,0,0,0,0
2024-04-17 14:00:00,0.00016625,0.0037180987499999987,0.00243492799930628,0.0017044495995143958,0.00365239199895942,0.00730478399791884,0.005422548349514394,0.002013649150485603,0.007370490748959419,6.57067510405787e-05,0.01102288274791884,-0.0035866852479188413,0,1,0,0,0,0,0
2024-04-17 15:00:00,0.00156091,0.0037184462499999984,0.0024346060833007077,0.0017042242583104952,0.0036519091249510617,0.007303818249902123,0.005422670508310494,0.002014221991689503,0.00737035537495106,6.653712504893668e-05,0.011022264499902122,-0.003585371999902125,0,1,0,0,0,0,0
2024-04-17 16:00:00,0.02703262,0.004631354583333333,0.005348322975570142,0.003743826082899099,0.008022484463355213,0.016044968926710427,0.008375180666232432,0.0008875285004342338,0.012653839046688545,-0.0033911298800218806,0.02067632351004376,-0.011413614343377093,0,0,0,0,0,0,1
2024-04-17 17:00:00,0.01750364,0.005163554999999999,0.005959256558019514,0.004171479590613659,0.00893888483702927,0.01787776967405854,0.009335034590613658,0.0009920754093863402,0.01410243983702927,-0.0037753298370292706,0.02304132467405854,-0.01271421467405854,0,0,0,0,0,0,1
2024-04-17 18:00:00,0.01210593,0.005446474999999999,0.006125659922209153,0.004287961945546407,0.009188489883313729,0.018376979766627458,0.009734436945546406,0.0011585130544535926,0.014634964883313728,-0.0037420148833137296,0.023823454766627457,-0.012930504766627458,0,0,0,0,0,1,0
2024-04-17 19:00:00,0.01023131,0.0055697441666666654,0.0061934033333394,0.004335382333337579,0.0092901050000091,0.0185802100000182,0.009905126500004245,0.001234361833329086,0.014859849166675765,-0.003720360833342435,0.024149954166684865,-0.013010465833351536,0,0,0,0,0,1,0
2024-04-17 20:00:00,0.01034118,0.005744773749999999,0.006269128137671172,0.00438838969636982,0.009403692206506758,0.018807384413013516,0.010133163446369818,0.0013563840536301788,0.015148465956506756,-0.003658918456506759,0.024552158163013513,-0.013062610663013518,0,0,0,0,0,1,0
2024-04-17 21:00:00,0.01067057,0.005879006249999999,0.006341279290362782,0.004438895503253947,0.009511918935544173,0.019023837871088346,0.010317901753253946,0.0014401107467460518,0.015390925185544172,-0.003632912685544174,0.024902844121088345,-0.013144831621088347,0,0,0,0,0,1,0
2024-04-17 22:00:00,0.01110743,0.006103443749999999,0.006430141063087962,0.004501098744161573,0.009645211594631943,0.019290423189263887,0.01060454249416157,0.001602345005838426,0.01574865534463194,-0.0035417678446319446,0.025393866939263886,-0.013186979439263887,0,0,0,0,0,1,0
2024-04-17 23:00:00,0.0122084,0.006336404166666666,0.006549737206612884,0.004584816044629019,0.009824605809919326,0.019649211619838652,0.010921220211295685,0.0017515881220376475,0.016161009976585993,-0.00348820164325266,0.02598561578650532,-0.013312807453171985,0,0,0,0,0,1,0
2024-04-18 00:00:00,0.01283334,0.006501467916666666,0.006665310291306326,0.004665717203914428,0.009997965436959489,0.019995930873918977,0.011167185120581093,0.001835750712752238,0.016499433353626154,-0.003496497520292823,0.026497398790585644,-0.013494462957252311,0,0,0,0,0,1,0
