datetime,sigai_output,rolling_mean,std,0.7std,1.5std,3std,upper_0.7std,lower_0.7std,upper_1.5std,lower_1.5std,upper_3std,lower_3std,SB,MB,WB,A,WS,MS,SS
2023-09-01 00:00:00,-0.01253395,0.0033913562499999993,0.004907339652173087,0.003435137756521161,0.0073610094782596315,0.014722018956519263,0.00682649400652116,-4.37815065211615e-05,0.010752365728259631,-0.003969653228259632,0.01811337520651926,-0.011330662706519263,1,0,0,0,0,0,0
2023-09-01 01:00:00,-0.01274888,0.002774802499999999,0.005910440260057382,0.004137308182040167,0.008865660390086074,0.017731320780172147,0.0069121106820401665,-0.0013625056820401678,0.011640462890086073,-0.006090857890086074,0.020506123280172147,-0.014956518280172148,1,0,0,0,0,0,0
2023-09-01 02:00:00,-0.01128208,0.002198571666666666,0.006570822353420856,0.0045995756473946,0.009856233530131285,0.01971246706026257,0.006798147314061266,-0.0024010039807279334,0.012054805196797951,-0.007657661863464619,0.021911038726929236,-0.017513895393595904,1,0,0,0,0,0,0
2023-09-01 03:00:00,-0.01025362,0.0016578058333333327,0.00704273657863871,0.004929915605047097,0.010564104867958064,0.02112820973591613,0.0065877214383804296,-0.0032721097717137637,0.012221910701291397,-0.008906299034624731,0.02278601556924946,-0.019470403902582797,1,0,0,0,0,0,0
2023-09-01 04:00:00,-0.01115637,0.000977354166666666,0.007464486976752865,0.005225140883727005,0.011196730465129298,0.022393460930258596,0.006202495050393672,-0.004247786717060339,0.012174084631795964,-0.010219376298462632,0.023370815096925263,-0.02141610676359193,1,0,0,0,0,0,0
2023-09-01 05:00:00,-0.01005345,0.00033424833333333266,0.007728790677002995,0.0054101534739020955,0.011593186015504492,0.023186372031008984,0.005744401807235428,-0.005075905140568763,0.011927434348837824,-0.01125893768217116,0.023520620364342316,-0.022852123697675652,0,1,0,0,0,0,0
2023-09-01 06:00:00,-0.00895272,-0.000268024583333334,0.00787048702741538,0.005509340919190766,0.01180573054112307,0.02361146108224614,0.0052413163358574315,-0.0057773655025241,0.011537705957789737,-0.012073755124456404,0.023343436498912806,-0.023879485665579476,0,1,0,0,0,0,0
2023-09-01 07:00:00,-0.00833848,-0.0008450095833333341,0.007935861169338998,0.005555102818537299,0.011903791754008498,0.023807583508016997,0.004710093235203965,-0.006400112401870633,0.011058782170675165,-0.012748801337341832,0.022962573924683663,-0.02465259309135033,0,1,0,0,0,0,0
2023-09-01 08:00:00,-6.11e-06,-0.0011557045833333341,0.007740525446079841,0.005418367812255889,0.011610788169119762,0.023221576338239524,0.004262663228922554,-0.006574072395589223,0.010455083585786428,-0.012766492752453095,0.02206587175490619,-0.024377280921572857,0,0,0,0,1,0,0
2023-09-01 09:00:00,-8.18e-05,-0.0014821066666666674,0.007510322487406357,0.00525722574118445,0.011265483731109536,0.02253096746221907,0.003775119074517782,-0.006739332407851117,0.009783377064442869,-0.012747590397776202,0.021048860795552404,-0.024013074128885738,0,0,0,0,1,0,0
2023-09-01 10:00:00,-0.00059964,-0.0018343633333333341,0.007247013851521604,0.005072909696065123,0.010870520777282407,0.021741041554564813,0.0032385463627317883,-0.006907273029398457,0.009036157443949073,-0.01270488411061574,0.019906678221231478,-0.02357540488789815,0,0,0,0,1,0,0
2023-09-01 11:00:00,-0.0016329,-0.002235569166666667,0.006939121594131314,0.00485738511589192,0.010408682391196971,0.020817364782393943,0.0026218159492252526,-0.007092954282558587,0.008173113224530303,-0.01264425155786364,0.018581795615727276,-0.02305293394906061,0,0,0,0,1,0,0
2023-09-01 12:00:00,0.00185002,-0.002484685000000001,0.0066639637597891935,0.004664774631852435,0.009995945639683791,0.019991891279367582,0.002180089631852434,-0.007149459631852435,0.007511260639683791,-0.012480630639683792,0.017507206279367582,-0.022476576279367583,0,0,0,0,1,0,0
2023-09-01 13:00:00,0.0010966,-0.0027625391666666675,0.006349625589802809,0.004444737912861966,0.009524438384704214,0.01904887676940843,0.001682198746195299,-0.0072072770795286335,0.006761899218037546,-0.012286977551370882,0.01628633760274176,-0.021811415936075097,0,0,0,0,1,0,0
2023-09-01 14:00:00,0.00093505,-0.0030456737500000005,0.006003466697674477,0.004202426688372134,0.009005200046511716,0.018010400093023432,0.0011567529383721335,-0.007248100438372134,0.005959526296511716,-0.012050873796511716,0.014964726343023432,-0.021056073843023434,0,0,0,0,1,0,0
2023-09-01 15:00:00,0.00109176,-0.003320609583333334,0.005629896420769033,0.003940927494538323,0.00844484463115355,0.0168896892623071,0.0006203179112049891,-0.007261537077871657,0.005124235047820216,-0.011765454214486883,0.013569079678973766,-0.020210298845640434,0,0,0,0,0,1,0
2023-09-01 16:00:00,0.00270073,-0.003297167500000001,0.0056547305639148655,0.003958311394740405,0.008482095845872298,0.016964191691744596,0.000661143894740404,-0.007255478894740406,0.005184928345872296,-0.0117792633458723,0.013667024191744594,-0.020261359191744596,0,0,0,0,0,1,0
2023-09-01 17:00:00,0.00343788,-0.0032618216666666674,0.005695629800992583,0.0039869408606948075,0.008543444701488875,0.01708688940297775,0.0007251191940281401,-0.0072487625273614745,0.005281623034822207,-0.011805266368155543,0.013825067736311081,-0.020348711069644417,0,0,0,0,0,1,0
2023-09-01 18:00:00,0.00346931,-0.003258037083333334,0.005700262223659093,0.003990183556561365,0.00855039333548864,0.01710078667097728,0.0007321464732280313,-0.007248220639894699,0.005292356252155307,-0.011808430418821974,0.013842749587643947,-0.020358823754310616,0,0,0,0,0,1,0
2023-09-01 19:00:00,0.00352134,-0.003258965833333334,0.005699107536725112,0.003989375275707578,0.00854866130508767,0.01709732261017534,0.000730409442374244,-0.007248341109040912,0.005289695471754336,-0.011807627138421003,0.013838356776842005,-0.020356288443508674,0,0,0,0,0,1,0
2023-09-01 20:00:00,0.00557029,-0.0029887091666666674,0.0059627420995560275,0.004173919469689219,0.008944113149334042,0.017888226298668083,0.0011852103030225514,-0.007162628636355886,0.005955403982667374,-0.01193282231600071,0.014899517132001416,-0.02087693546533475,0,0,0,0,0,1,0
2023-09-01 21:00:00,0.00555914,-0.0026673225000000012,0.006212326530821696,0.004348628571575187,0.009318489796232544,0.01863697959246509,0.0016813060715751855,-0.007015951071575188,0.006651167296232543,-0.011985812296232546,0.01596965709246509,-0.02130430209246509,0,0,0,0,0,1,0
2023-09-01 22:00:00,0.00541737,-0.0023374991666666677,0.0064280700111464546,0.004499649007802518,0.009642105016719683,0.019284210033439365,0.00216214984113585,-0.006837148174469185,0.0073046058500530146,-0.01197960418338635,0.0169467108667727,-0.021621709200106032,0,0,0,0,0,1,0
2023-09-01 23:00:00,0.00516855,-0.0019925816666666674,0.006604516026537409,0.0046231612185761856,0.009906774039806113,0.019813548079612227,0.002630579551909518,-0.006615742885242853,0.007914192373139447,-0.01189935570647278,0.01782096641294556,-0.021806129746278893,0,0,0,0,0,1,0
2023-09-02 00:00:00,0.0091031,-0.0010910379166666673,0.006579739960644734,0.004605817972451314,0.0098696099409671,0.0197392198819342,0.0035147800557846463,-0.005696855889117981,0.008778572024300433,-0.010960647857633768,0.018648181965267536,-0.020830257798600867,0,0,0,0,0,0,1
2023-09-02 01:00:00,0.00777542,-0.00023585875000000072,0.006327632062837339,0.004429342443986137,0.009491448094256009,0.018982896188512018,0.004193483693986136,-0.004665201193986138,0.009255589344256007,-0.00972730684425601,0.018747037438512016,-0.01921875493851202,0,0,0,0,0,1,0
2023-09-02 02:00:00,0.00774905,0.0005571049999999993,0.0060703989577765615,0.004249279270443593,0.009105598436664843,0.018211196873329685,0.004806384270443592,-0.0036921742704435936,0.009662703436664841,-0.008548493436664844,0.018768301873329684,-0.017654091873329687,0,0,0,0,0,1,0
2023-09-02 03:00:00,0.00863703,0.0013442154166666657,0.005827552570925144,0.0040792867996476,0.008741328856387716,0.01748265771277543,0.005423502216314266,-0.0027350713829809347,0.010085544273054381,-0.00739711343972105,0.018826873129442097,-0.016138442296108765,0,0,0,0,0,1,0
2023-09-02 04:00:00,0.0096312,0.002210364166666666,0.005419340711516884,0.0037935384980618187,0.008129011067275326,0.016258022134550652,0.006003902664728484,-0.0015831743313951528,0.010339375233941992,-0.00591864690060866,0.01846838630121732,-0.014047657967883986,0,0,0,0,0,1,0
2023-09-02 05:00:00,0.00985982,0.003040083749999999,0.004965460890806557,0.0034758226235645892,0.007448191336209835,0.01489638267241967,0.006515906373564588,-0.0004357388735645902,0.010488275086209834,-0.0044081075862098355,0.01793646642241967,-0.011856298922419671,0,0,0,0,0,1,0
2023-09-02 06:00:00,0.00933362,0.0038020145833333324,0.004418005516983432,0.003092603861888402,0.006627008275475148,0.013254016550950296,0.006894618445221734,0.0007094107214449304,0.01042902285880848,-0.0028249936921418157,0.01705603113428363,-0.009452001967616964,0,0,0,0,0,1,0
2023-09-02 07:00:00,0.00879714,0.00451599875,0.003696395900594749,0.002587477130416324,0.005544593850892123,0.011089187701784246,0.007103475880416324,0.001928521619583676,0.010060592600892123,-0.001028595100892123,0.015605186451784245,-0.006573188951784246,0,0,0,0,0,1,0
2023-09-02 08:00:00,-0.00207952,0.004429606666666666,0.0038285492476901645,0.002679984473383115,0.005742823871535247,0.011485647743070494,0.007109591140049781,0.0017496221932835512,0.010172430538201913,-0.0013132172048685806,0.01591525440973716,-0.007056041076403828,1,0,0,0,0,0,0
2023-09-02 09:00:00,-0.00268818,0.0043210075,0.0039954115045716596,0.0027967880532001614,0.005993117256857489,0.011986234513714979,0.007117795553200161,0.0015242194467998383,0.010314124756857489,-0.0016721097568574896,0.01630724201371498,-0.007665227013714979,1,0,0,0,0,0,0
2023-09-02 10:00:00,-0.00313634,0.0042153116666666665,0.00416135085919248,0.0029129456014347355,0.00624202628878872,0.01248405257757744,0.007128257268101402,0.001302366065231931,0.010457337955455386,-0.0020267146221220533,0.016699364244244105,-0.008268740910910774,1,0,0,0,0,0,0
2023-09-02 11:00:00,-0.00386845,0.004122163749999999,0.004319947305164603,0.003023963113615222,0.0064799209577469045,0.012959841915493809,0.00714612686361522,0.0010982006363847766,0.010602084707746904,-0.002357757207746906,0.017082005665493807,-0.008837678165493811,1,0,0,0,0,0,0
2023-09-02 12:00:00,-0.00604891,0.0037930416666666663,0.004777270096649007,0.0033440890676543046,0.00716590514497351,0.01433181028994702,0.0071371307343209706,0.0004489525990123617,0.010958946811640176,-0.0033728634783068436,0.018124851956613685,-0.010538768623280353,1,0,0,0,0,0,0
2023-09-02 13:00:00,-0.0060811,0.0034939708333333323,0.005162550580979695,0.003613785406685786,0.0077438258714695426,0.015487651742939085,0.007107756240019119,-0.00011981457335245383,0.011237796704802875,-0.00424985503813621,0.01898162257627242,-0.011993680909605753,1,0,0,0,0,0,0
2023-09-02 14:00:00,-0.00577001,0.003214593333333333,0.005478790638040113,0.0038351534466280787,0.00821818595706017,0.01643637191412034,0.007049746779961412,-0.0006205601132947456,0.011432779290393503,-0.005003592623726837,0.019650965247453675,-0.013221778580787007,1,0,0,0,0,0,0
2023-09-02 15:00:00,-0.00544742,0.002942127499999999,0.0057450800432372415,0.004021556030266069,0.008617620064855863,0.017235240129711726,0.006963683530266068,-0.00107942853026607,0.011559747564855862,-0.005675492564855864,0.020177367629711725,-0.014293112629711727,0,1,0,0,0,0,0
2023-09-02 16:00:00,-0.00306959,0.002701697499999999,0.005874898129303163,0.004112428690512214,0.008812347193954745,0.01762469438790949,0.006814126190512213,-0.0014107311905122146,0.011514044693954744,-0.006110649693954745,0.020326391887909488,-0.01492299688790949,0,1,0,0,0,0,0
2023-09-02 17:00:00,-0.00317882,0.002426001666666666,0.00599291672276149,0.004195041705933042,0.008989375084142234,0.017978750168284468,0.006621043372599708,-0.0017690400392663761,0.011415376750808899,-0.006563373417475568,0.020404751834951135,-0.015552748501617801,0,1,0,0,0,0,0
2023-09-02 18:00:00,-0.00286773,0.002161958333333333,0.006083863256946519,0.004258704279862563,0.009125794885419779,0.018251589770839557,0.006420662613195896,-0.00209674594652923,0.011287753218753112,-0.006963836552086445,0.02041354810417289,-0.016089631437506226,0,1,0,0,0,0,0
2023-09-02 19:00:00,-0.00119559,0.0019654195833333325,0.00611415382798162,0.004279907679587133,0.00917123074197243,0.01834246148394486,0.006245327262920466,-0.002314488096253801,0.011136650325305763,-0.007205811158639098,0.020307881067278193,-0.016377041900611528,0,0,1,0,0,0,0
2023-09-02 20:00:00,0.00056606,0.0017569099999999993,0.006071049828100492,0.004249734879670344,0.009106574742150738,0.018213149484301475,0.006006644879670344,-0.0024928248796703446,0.010863484742150736,-0.007349664742150738,0.019970059484301476,-0.016456239484301475,0,0,1,0,0,0,0
2023-09-02 21:00:00,0.00091239,0.001563295416666666,0.006018386468885283,0.004212870528219698,0.009027579703327925,0.01805515940665585,0.005776165944886363,-0.002649575111553032,0.01059087511999459,-0.007464284286661259,0.019618454823322515,-0.016491863989989183,0,0,1,0,0,0,0
2023-09-02 22:00:00,0.00090741,0.001375380416666666,0.005962969957766938,0.004174078970436856,0.008944454936650408,0.017888909873300815,0.0055494593871035225,-0.00279869855377019,0.010319835353317073,-0.007569074519983741,0.01926429028996748,-0.01651352945663415,0,0,1,0,0,0,0
2023-09-02 23:00:00,0.00060668,0.0011853024999999994,0.00590926649090874,0.004136486543636118,0.008863899736363109,0.017727799472726218,0.005321789043636118,-0.0029511840436361185,0.010049202236363108,-0.00767859723636311,0.018913101972726217,-0.01654249697272622,0,0,1,0,0,0,0
2023-09-03 00:00:00,0.0029394,0.0009284816666666661,0.005679671127999641,0.003975769789599749,0.00851950669199946,0.01703901338399892,0.004904251456266415,-0.003047288122933083,0.009447988358666127,-0.007591025025332794,0.017967495050665586,-0.016110531717332257,0,0,0,0,1,0,0
2023-09-03 01:00:00,0.00294656,0.0007272791666666661,0.005509556013541985,0.003856689209479389,0.008264334020312977,0.016528668040625954,0.004583968376146055,-0.003129410042812723,0.008991613186979643,-0.007537054853646311,0.01725594720729262,-0.015801388873959286,0,0,0,0,1,0,0
2023-09-03 02:00:00,0.00276076,0.0005194337499999994,0.0053241155916974375,0.003726880914188206,0.007986173387546156,0.01597234677509231,0.0042463146641882055,-0.003207447164188207,0.008505607137546155,-0.0074667396375461565,0.01649178052509231,-0.015452913025092312,0,0,0,0,1,0,0
2023-09-03 03:00:00,0.0022469,0.0002531783333333327,0.005053410906711185,0.003537387634697829,0.007580116360066777,0.015160232720133554,0.0037905659680311614,-0.0032842093013644965,0.00783329469340011,-0.007326938026733444,0.015413411053466887,-0.014907054386800222,0,0,0,0,1,0,0
2023-09-03 04:00:00,0.00227369,-5.3384583333333944e-05,0.004668254298553792,0.003267778008987654,0.007002381447830688,0.014004762895661375,0.0032143934256543202,-0.003321162592320988,0.006948996864497354,-0.007055766031164022,0.013951378312328042,-0.014058147478994708,0,0,0,0,1,0,0
2023-09-03 05:00:00,0.00243315,-0.0003628291666666673,0.004205807810669334,0.002944065467468534,0.006308711716004002,0.012617423432008003,0.0025812363008018667,-0.0033068946341352013,0.005945882549337334,-0.006671540882670669,0.012254594265341336,-0.01298025259867467,0,0,0,0,1,0,0
2023-09-03 06:00:00,0.00265734,-0.0006410075000000007,0.003730520092758208,0.0026113640649307454,0.005595780139137312,0.011191560278274624,0.001970356564930745,-0.003252371564930746,0.004954772639137311,-0.006236787639137312,0.010550552778274623,-0.011832567778274624,0,0,0,0,0,1,0
2023-09-03 07:00:00,0.00276029,-0.0008925429166666675,0.003237401390867028,0.0022661809736069195,0.004856102086300542,0.009712204172601085,0.001373638056940252,-0.003158723890273587,0.003963559169633875,-0.00574864500296721,0.008819661255934417,-0.010604747089267752,0,0,0,0,0,1,0
2023-09-03 08:00:00,-4.757e-05,-0.0008078783333333341,0.003231574451657702,0.0022621021161603914,0.0048473616774865535,0.009694723354973107,0.0014542237828270572,-0.0030699804494937256,0.00403948334415322,-0.005655240010819887,0.008886845021639772,-0.010502601688306442,0,0,0,0,1,0,0
2023-09-03 09:00:00,0.0001974,-0.000687645833333334,0.0032121968556981014,0.002248537798988671,0.004818295283547152,0.009636590567094304,0.001560891965655337,-0.002936183632322005,0.004130649450213818,-0.0055059411168804865,0.00894894473376097,-0.010324236400427638,0,0,0,0,1,0,0
2023-09-03 10:00:00,0.00071481,-0.0005271812500000007,0.0031805906258790618,0.002226413438115343,0.004770885938818593,0.009541771877637186,0.0016992321881153425,-0.0027535946881153436,0.0042437046888185925,-0.005298067188818594,0.009014590627637185,-0.010068953127637188,0,0,0,0,1,0,0
2023-09-03 11:00:00,0.00098865,-0.000324802083333334,0.003112543322172522,0.0021787803255207652,0.004668814983258783,0.009337629966517566,0.0018539782421874312,-0.0025035824088540993,0.004344012899925449,-0.004993617066592117,0.009012827883184232,-0.0096624320498509,0,0,0,0,1,0,0
2023-09-03 12:00:00,-0.0004262,-9.052250000000067e-05,0.0028647018236600745,0.002005291276562052,0.0042970527354901115,0.008594105470980223,0.0019147687765620515,-0.0020958137765620527,0.004206530235490111,-0.004387575235490112,0.008503582970980222,-0.008684627970980224,0,0,1,0,0,0,0
2023-09-03 13:00:00,2.05e-05,0.00016371083333333264,0.002565015107086659,0.001795510574960661,0.003847522660629988,0.007695045321259976,0.001959221408293994,-0.0016317997416273283,0.004011233493963321,-0.0036838118272966556,0.007858756154593308,-0.007531334487926643,0,0,1,0,0,0,0
2023-09-03 14:00:00,0.00045564,0.000423112916666666,0.00223203154314547,0.001562422080201829,0.0033480473147182053,0.006696094629436411,0.001985534996868495,-0.001139309163535163,0.0037711602313848713,-0.0029249343980515393,0.007119207546103077,-0.006272981712769745,0,0,0,0,1,0,0
2023-09-03 15:00:00,0.00091806,0.0006883412499999993,0.001849544019705846,0.001294680813794092,0.002774316029558769,0.005548632059117538,0.0019830220637940916,-0.0006063395637940928,0.003462657279558768,-0.0020859747795587695,0.006236973309117537,-0.004860290809117538,0,0,0,0,1,0,0
2023-09-03 16:00:00,0.00301922,0.000942041666666666,0.0017250698245799196,0.0012075488772059436,0.0025876047368698796,0.005175209473739759,0.0021495905438726095,-0.00026550721053927764,0.0035296464035365458,-0.0016455630702032135,0.006117251140406425,-0.004233167807073094,0,0,0,0,0,1,0
2023-09-03 17:00:00,0.00288693,0.0011947812499999992,0.0015281837801822866,0.0010697286461276005,0.00229227567027343,0.00458455134054686,0.0022645098961275997,0.00012505260387239876,0.003487056920273429,-0.0010974944202734307,0.0057793325905468595,-0.0033897700905468607,0,0,0,0,0,1,0
2023-09-03 18:00:00,0.00286364,0.0014335883333333327,0.0012959024123912145,0.0009071316886738501,0.0019438536185868217,0.0038877072371736434,0.0023407200220071827,0.0005264566446594826,0.0033774419519201544,-0.000510265285253489,0.005321295570506976,-0.0024541189038403107,0,0,0,0,0,1,0
2023-09-03 19:00:00,0.00302272,0.0016093512499999992,0.0012068047771352812,0.0008447633439946968,0.0018102071657029217,0.0036204143314058435,0.0024541145939946957,0.0007645879060053024,0.003419558415702921,-0.00020085591570292256,0.005229765581405843,-0.0020110630814058443,0,0,0,0,0,1,0
2023-09-03 20:00:00,0.00572683,0.0018243833333333327,0.0014484194115798558,0.001013893588105899,0.0021726291173697837,0.0043452582347395675,0.0028382769214392316,0.0008104897452274338,0.003997012450703117,-0.00034824578403645106,0.0061696415680729,-0.0025208749014062346,0,0,0,0,0,0,1
2023-09-03 21:00:00,0.00574335,0.0020256733333333327,0.0016392770963519032,0.0011474939674463321,0.0024589156445278546,0.004917831289055709,0.003173167300779665,0.0008781793658870006,0.004484588977861187,-0.0004332423111945219,0.006943504622389042,-0.0028921579557223765,0,0,0,0,0,0,1
2023-09-03 22:00:00,0.00540589,0.0022131099999999995,0.0017586858718325257,0.001231080110282768,0.0026380288077487886,0.005276057615497577,0.0034441901102827675,0.0009820298897172315,0.004851138807748788,-0.0004249188077487891,0.007489167615497576,-0.0030629476154975777,0,0,0,0,0,0,1
2023-09-03 23:00:00,0.00468099,0.002382872916666666,0.0017931826879396906,0.0012552278815577834,0.002689774031909536,0.005379548063819072,0.0036381007982244492,0.0011276450351088826,0.005072646948576202,-0.00030690111524287,0.0077624209804857385,-0.002996675147152406,0,0,0,0,0,1,0
2023-09-04 00:00:00,0.00331055,0.0023983374999999993,0.0017997791917689849,0.0012598454342382893,0.0026996687876534773,0.0053993375753069546,0.0036581829342382886,0.00113849206576171,0.005098006287653476,-0.00030133128765347803,0.007797675075306954,-0.0030010000753069553,0,0,0,0,1,0,0
2023-09-04 01:00:00,0.00456083,0.0024655987499999994,0.0018506046753858428,0.00129542327277009,0.002775907013078764,0.005551814026157528,0.0037610220227700893,0.0011701754772299095,0.005241505763078764,-0.0003103082630787645,0.008017412776157527,-0.0030862152761575285,0,0,0,0,0,1,0
2023-09-04 02:00:00,0.00483034,0.0025518312499999995,0.0019121508745671087,0.001338505612196976,0.002868226311850663,0.005736452623701326,0.0038903368621969756,0.0012133256378030234,0.005420057561850662,-0.0003163950618506636,0.008288283873701325,-0.0031846213737013267,0,0,0,0,0,1,0
2023-09-04 03:00:00,0.00560173,0.002691615833333333,0.002009059135708521,0.0014063413949959645,0.003013588703562781,0.006027177407125562,0.0040979572283292975,0.0012852744383373685,0.0057052045368961146,-0.0003219728702294482,0.008718793240458895,-0.0033355615737922293,0,0,0,0,0,1,0
2023-09-04 04:00:00,0.00545643,0.002824229999999999,0.0020839217523595244,0.001458745226651667,0.0031258826285392866,0.006251765257078573,0.004282975226651666,0.0013654847733483321,0.005950112628539285,-0.00030165262853928737,0.009075995257078572,-0.003427535257078574,0,0,0,0,0,1,0
2023-09-04 05:00:00,0.00506608,0.0029339354166666664,0.0021312059066703444,0.001491844134669241,0.0031968088600055167,0.006393617720011033,0.004425779551335907,0.0014420912819974254,0.006130744276672183,-0.0002628734433388503,0.0093275531366777,-0.003459682303344367,0,0,0,0,0,1,0
2023-09-04 06:00:00,0.0048251,0.0030242587499999993,0.0021646476501116308,0.0015152533550781414,0.003246971475167446,0.006493942950334892,0.0045395121050781405,0.001509005394921858,0.0062712302251674455,-0.00022271272516744683,0.009518201700334891,-0.003469684200334893,0,0,0,0,0,1,0
2023-09-04 07:00:00,0.00477131,0.003108051249999999,0.0021927259935669648,0.0015349081954968752,0.0032890889903504474,0.006578177980700895,0.004642959445496874,0.001573143054503124,0.006397140240350447,-0.00018103774035044826,0.009686229230700893,-0.0034701267307008957,0,0,0,0,0,1,0
2023-09-04 08:00:00,0.00493826,0.0033157941666666657,0.002115584359963375,0.0014809090519743624,0.003173376539945062,0.006346753079890124,0.004796703218641028,0.0018348851146923033,0.006489170706611728,0.00014241762672160358,0.00966254724655679,-0.0030309589132234585,0,0,0,0,0,1,0
2023-09-04 09:00:00,0.00502554,0.0035169666666666657,0.002034149698186565,0.0014239047887305953,0.0030512245472798473,0.0061024490945596945,0.004940871455397261,0.0020930618779360704,0.0065681912139465125,0.00046574211938681847,0.00961941576122636,-0.002585482427893029,0,0,0,0,0,1,0
2023-09-04 10:00:00,0.00508135,0.003698905833333333,0.0019667824469863926,0.0013767477128904747,0.002950173670479589,0.005900347340959178,0.005075653546223808,0.0023221581204428583,0.006649079503812922,0.0007487321628537442,0.009599253174292511,-0.0022014415076258447,0,0,0,0,0,1,0
2023-09-04 11:00:00,0.00491206,0.0038623812499999997,0.0018934008822667518,0.0013253806175867263,0.0028401013234001277,0.005680202646800255,0.0051877618675867255,0.0025370006324132734,0.006702482573400127,0.001022279926599872,0.009542583896800256,-0.0018178213968002557,0,0,0,0,1,0,0
2023-09-04 12:00:00,0.00472119,0.004076855833333333,0.0016641472255103358,0.001164903057857235,0.002496220838265504,0.004992441676531008,0.0052417588911905675,0.002911952775476098,0.006573076671598836,0.001580634995067829,0.00906929750986434,-0.0009155858431976749,0,0,0,0,1,0,0
2023-09-04 13:00:00,0.00497106,0.004283129166666666,0.0014298112928087035,0.0010008679049660924,0.002144716939213055,0.00428943387842611,0.005283997071632758,0.0032822612617005734,0.006427846105879721,0.0021384122274536108,0.008572563045092775,-6.304711759444297e-06,0,0,0,0,1,0,0
2023-09-04 14:00:00,0.00520775,0.004481133749999999,0.0011847692577400255,0.0008293384804180179,0.0017771538866100383,0.0035543077732200765,0.005310472230418016,0.003651795269581981,0.006258287636610037,0.0027039798633899607,0.008035441523220076,0.0009268259767799222,0,0,0,0,1,0,0
2023-09-04 15:00:00,0.00536866,0.004666575416666666,0.0009219893444354449,0.0006453925411048114,0.0013829840166531674,0.002765968033306335,0.0053119679577714775,0.004021182875561854,0.006049559433319833,0.0032835914000134982,0.0074325434499730005,0.0019006073833603308,0,0,0,0,0,1,0
2023-09-04 16:00:00,0.00491716,0.00474565625,0.0008533922633047693,0.0005973745843133385,0.001280088394957154,0.002560176789914308,0.005343030834313338,0.004148281665686661,0.006025744644957154,0.0034655678550428457,0.007305833039914307,0.002185479460085692,0,0,0,0,1,0,0
2023-09-04 17:00:00,0.00499904,0.004833660833333332,0.0007568202031725923,0.0005297741422208146,0.0011352303047588884,0.0022704606095177767,0.005363434975554146,0.004303886691112518,0.00596889113809222,0.0036984305285744437,0.007104121442851109,0.0025632002238155554,0,0,0,0,1,0,0
2023-09-04 18:00:00,0.00502477,0.004923707916666666,0.0006302105940290053,0.00044114741582030367,0.000945315891043508,0.001890631782087016,0.005364855332486969,0.004482560500846362,0.005869023807710174,0.003978392025623157,0.006814339698753682,0.0030330761345796495,0,0,0,0,1,0,0
2023-09-04 19:00:00,0.00493783,0.005003504166666666,0.0004831252341287176,0.0003381876638901023,0.0007246878511930764,0.0014493757023861529,0.005341691830556768,0.004665316502776564,0.005728192017859743,0.0042788163154735895,0.006452879869052819,0.0035541284642805135,0,0,1,0,0,0,0
2023-09-04 20:00:00,0.00476138,0.004963277083333333,0.0004599157023850146,0.0003219409916695102,0.0006898735535775218,0.0013797471071550437,0.005285218075002843,0.004641336091663823,0.005653150636910855,0.004273403529755811,0.006343024190488376,0.003583529976178289,0,0,1,0,0,0,0
2023-09-04 21:00:00,0.00463699,0.00491717875,0.0004329858205969181,0.00030309007441784266,0.0006494787308953772,0.0012989574617907544,0.005220268824417842,0.004614088675582158,0.005566657480895377,0.0042677000191046225,0.006216136211790754,0.0036182212882092456,0,0,1,0,0,0,0
2023-09-04 22:00:00,0.00447725,0.004878485416666666,0.00042888789562973214,0.0003002215269408125,0.0006433318434445983,0.0012866636868891965,0.0051787069436074785,0.004578263889725853,0.005521817260111264,0.004235153573222067,0.006165149103555862,0.003591821729777469,0,1,0,0,0,0,0
2023-09-04 23:00:00,0.00423449,0.004859881249999999,0.000447123653652301,0.0003129865575566107,0.0006706854804784516,0.0013413709609569032,0.0051728678075566095,0.004546894692443388,0.005530566730478451,0.004189195769521547,0.006201252210956902,0.0035185102890430957,0,1,0,0,0,0,0
2023-09-05 00:00:00,0.00284628,0.004840536666666667,0.0005210078644213532,0.0003647055050949472,0.0007815117966320298,0.0015630235932640596,0.005205242171761614,0.004475831161571719,0.005622048463298696,0.004059024870034637,0.006403560259930726,0.003277513073402607,1,0,0,0,0,0,0
2023-09-05 01:00:00,0.00316701,0.0047824608333333326,0.0006215282674600951,0.0004350697872220665,0.0009322924011901427,0.0018645848023802853,0.005217530620555399,0.004347391046111266,0.005714753234523475,0.00385016843214319,0.006647045635713618,0.0029178760309530472,1,0,0,0,0,0,0
2023-09-05 02:00:00,0.00351687,0.004727732916666665,0.0006728390263233845,0.0004709873184263691,0.0010092585394850767,0.0020185170789701534,0.005198720235093035,0.004256745598240296,0.005736991456151742,0.0037184743771815887,0.006746249995636819,0.002709215837696512,1,0,0,0,0,0,0
2023-09-05 03:00:00,0.00351684,0.0046408625,0.0006894755304754647,0.00048263287133282526,0.001034213295713197,0.002068426591426394,0.005123495371332825,0.004158229628667174,0.005675075795713197,0.0036066492042868027,0.006709289091426394,0.0025724359085736058,1,0,0,0,0,0,0
2023-09-05 04:00:00,0.00212595,0.0045020925,0.0008374683249003464,0.0005862278274302424,0.0012562024873505196,0.0025124049747010393,0.005088320327430242,0.0039158646725697575,0.00575829498735052,0.00324589001264948,0.007014497474701039,0.0019896875252989605,1,0,0,0,0,0,0
2023-09-05 05:00:00,0.00182018,0.004366846666666666,0.0009905356872386213,0.0006933749810670349,0.001485803530857932,0.002971607061715864,0.005060221647733701,0.003673471685599631,0.005852650197524598,0.002881043135808734,0.00733845372838253,0.001395239604950802,1,0,0,0,0,0,0
2023-09-05 06:00:00,0.00173408,0.004238054166666666,0.001120754129014999,0.0007845278903104993,0.0016811311935224986,0.003362262387044997,0.0050225820569771654,0.0034535262763561673,0.005919185360189165,0.0025569229731441678,0.0076003165537116635,0.0008757917796216692,1,0,0,0,0,0,0
2023-09-05 07:00:00,0.0019479,0.004120412083333333,0.0012071950653947433,0.0008450365457763203,0.001810792598092115,0.00362158519618423,0.004965448629109653,0.0032753755375570124,0.005931204681425448,0.0023096194852412176,0.007741997279517562,0.0004988268871491028,1,0,0,0,0,0,0
2023-09-05 08:00:00,-0.00216117,0.0038246024999999996,0.0017471427248219901,0.001222999907375393,0.0026207140872329853,0.0052414281744659705,0.005047602407375392,0.0026016025926246067,0.006445316587232985,0.0012038884127670143,0.00906603067446597,-0.001416825674465971,1,0,0,0,0,0,0
2023-09-05 09:00:00,-0.00186451,0.0035375170833333324,0.0020762989062303797,0.0014534092343612658,0.0031144483593455695,0.006228896718691139,0.004990926317694598,0.0020841078489720667,0.0066519654426789015,0.00042306872398776294,0.009766413802024471,-0.0026913796353578066,1,0,0,0,0,0,0
2023-09-05 10:00:00,-0.00111872,0.0032791808333333325,0.0022539705571974424,0.0015777793900382095,0.0033809558357961638,0.0067619116715923275,0.004856960223371542,0.001701401443295123,0.006660136669129496,-0.00010177500246283128,0.01004109250492566,-0.003482730838258995,1,0,0,0,0,0,0
2023-09-05 11:00:00,-0.00109845,0.003028742916666666,0.002394204170309324,0.0016759429192165266,0.0035913062554639857,0.0071826125109279715,0.004704685835883193,0.0013527999974501392,0.006620049172130651,-0.0005625633387973199,0.010211355427594637,-0.004153869594261306,1,0,0,0,0,0,0
2023-09-05 12:00:00,-0.00087322,0.0027956424999999994,0.0024925784727175635,0.0017448049309022942,0.0037388677090763453,0.0074777354181526905,0.004540447430902293,0.0010508375690977052,0.006534510209076345,-0.0009432252090763459,0.01027337791815269,-0.004682092918152692,0,1,0,0,0,0,0
2023-09-05 13:00:00,-0.00079963,0.002555197083333333,0.0025512469097142675,0.0017858728367999871,0.0038268703645714013,0.007653740729142803,0.00434106992013332,0.0007693242465333457,0.006382067447904734,-0.0012716732812380685,0.010208937812476136,-0.00509854364580947,0,1,0,0,0,0,0
2023-09-05 14:00:00,-0.00057773,0.0023141354166666657,0.0025630173789637284,0.0017941121652746098,0.0038445260684455925,0.007689052136891185,0.004108247581941275,0.0005200232513920559,0.006158661485112259,-0.0015303906517789268,0.01000318755355785,-0.005374916720224519,0,1,0,0,0,0,0
2023-09-05 15:00:00,-0.00053237,0.002068259166666666,0.0025401975743202776,0.0017781383020241941,0.0038102963614804163,0.0076205927229608325,0.00384639746869086,0.0002901208646424718,0.005878555528147082,-0.0017420371948137503,0.009688851889627498,-0.0055523335562941666,0,1,0,0,0,0,0
2023-09-05 16:00:00,0.00565065,0.0020988212499999993,0.0025800636714714874,0.001806044570030041,0.003870095507207231,0.007740191014414462,0.0039048658200300404,0.0002927766799699582,0.00596891675720723,-0.0017712742572072318,0.009839012264414462,-0.0056413697644144625,0,0,0,0,0,1,0
2023-09-05 17:00:00,0.00657483,0.0021644791666666657,0.0026753681507508792,0.0018727577055256154,0.004013052226126319,0.008026104452252637,0.0040372368721922815,0.00029172146114105025,0.006177531392792984,-0.001848573059459653,0.010190583618919303,-0.005861625285585972,0,0,0,0,0,0,1
2023-09-05 18:00:00,0.00665728,0.002232500416666666,0.0027703211976161557,0.001939224838331309,0.004155481796424234,0.008310963592848468,0.004171725254997975,0.0002932755783353572,0.0063879822130908995,-0.0019229813797575677,0.010543464009515134,-0.006078463176181801,0,0,0,0,0,0,1
2023-09-05 19:00:00,0.00676474,0.002308621666666666,0.0028711530041654436,0.0020098071029158106,0.004306729506248165,0.00861345901249633,0.004318428769582477,0.00029881456375085557,0.006615351172914832,-0.001998107839581499,0.010922080679162997,-0.006304837345829664,0,0,0,0,0,0,1
2023-09-05 20:00:00,0.00715734,0.002408453333333333,0.0029989549160879766,0.0020992684412615833,0.004498432374131965,0.00899686474826393,0.004507721774594916,0.0003091848920717495,0.006906885707465298,-0.0020899790407986323,0.011405318081597263,-0.0065884114149305974,0,0,0,0,0,0,1
2023-09-05 21:00:00,0.00702085,0.0025077808333333327,0.003113273462636473,0.002179291423845531,0.004669910193954709,0.009339820387909419,0.004687072257178864,0.0003284894094878017,0.0071776910272880416,-0.0021621293606213766,0.01184760122124275,-0.006832039554576086,0,0,0,0,0,1,0
2023-09-05 22:00:00,0.00694778,0.0026107195833333327,0.0032202303357673286,0.0022541612350371297,0.004830345503650993,0.009660691007301986,0.004864880818370462,0.00035655834829620295,0.007441065086984326,-0.0022196259203176604,0.012271410590635318,-0.007049971423968654,0,0,0,0,0,1,0
2023-09-05 23:00:00,0.00676488,0.002716152499999999,0.0033157132523883494,0.0023209992766718445,0.004973569878582524,0.009947139757165048,0.005037151776671843,0.00039515322332815466,0.007689722378582523,-0.002257417378582525,0.012663292257165048,-0.007230987257165049,0,0,0,0,0,1,0
2023-09-06 00:00:00,0.00098919,0.0026387737499999997,0.00333416254764533,0.0023339137833517307,0.005001243821467995,0.01000248764293599,0.004972687533351731,0.000304859966648269,0.007640017571467995,-0.0023624700714679953,0.01264126139293599,-0.00736371389293599,0,0,1,0,0,0,0
2023-09-06 01:00:00,0.00137733,0.0025642037499999993,0.003341839300417729,0.00233928751029241,0.005012758950626594,0.010025517901253188,0.004903491260292409,0.0002249162397075892,0.007576962700626593,-0.0024485552006265946,0.012589721651253187,-0.007461314151253189,0,0,1,0,0,0,0
2023-09-06 02:00:00,0.00169351,0.002488230416666666,0.0033399653461565443,0.002337975742309581,0.005009948019234816,0.010019896038469632,0.004826206158976247,0.0001502546743570852,0.007498178435901483,-0.00252171760256815,0.012508126455136298,-0.007531665621802967,0,0,1,0,0,0,0
2023-09-06 03:00:00,0.00245991,0.002444191666666666,0.0033327733216213266,0.0023329413251349284,0.0049991599824319895,0.009998319964863979,0.004777132991801594,0.00011125034153173759,0.007443351649098656,-0.0025549683157653235,0.012442511631530645,-0.0075541282981973126,0,0,0,0,1,0,0
2023-09-06 04:00:00,0.00233792,0.0024530237499999995,0.0033321741047353214,0.002332521873314725,0.004998261157102982,0.009996522314205964,0.004785545623314725,0.00012050187668527458,0.007451284907102982,-0.0025452374071029825,0.012449546064205964,-0.007543498564205964,0,0,1,0,0,0,0
2023-09-06 05:00:00,0.00218606,0.002468268749999999,0.003329989154372459,0.002330992408060721,0.004994983731558688,0.009989967463117377,0.00479926115806072,0.00013727634193927809,0.007463252481558687,-0.002526714981558689,0.012458236213117375,-0.007521698713117378,0,0,1,0,0,0,0
2023-09-06 06:00:00,0.00241271,0.0024965449999999998,0.003326363095634736,0.002328454166944315,0.004989544643452104,0.009979089286904209,0.004824999166944314,0.00016809083305568484,0.007486089643452104,-0.0024929996434521046,0.012475634286904208,-0.007482544286904209,0,0,1,0,0,0,0
2023-09-06 07:00:00,0.00282717,0.0025331812499999992,0.003324899420584541,0.0023274295944091783,0.004987349130876811,0.009974698261753623,0.004860610844409178,0.0002057516555908209,0.00752053038087681,-0.002454167880876812,0.012507879511753622,-0.007441517011753624,0,0,0,0,1,0,0
2023-09-06 08:00:00,0.00385623,0.0027839062499999995,0.0031792041889959636,0.002225442932297174,0.004768806283493946,0.009537612566987892,0.005009349182297174,0.0005584633177028253,0.007552712533493945,-0.0019849000334939463,0.01232151881698789,-0.0067537063169878925,0,0,0,0,1,0,0
2023-09-06 09:00:00,0.00409188,0.003032089166666666,0.003029518190900977,0.0021206627336306837,0.004544277286351465,0.00908855457270293,0.005152751900297349,0.0009114264330359824,0.007576366453018131,-0.0015121881196847992,0.012120643739369597,-0.006056465406036264,0,0,0,0,1,0,0
2023-09-06 10:00:00,0.00419684,0.0032535708333333324,0.0029045966528680168,0.0020332176570076114,0.004356894979302025,0.00871378995860405,0.005286788490340944,0.001220353176325721,0.007610465812635357,-0.0011033241459686926,0.011967360791937382,-0.005460219125270718,0,0,0,0,1,0,0
2023-09-06 11:00:00,0.00416006,0.0034726754166666657,0.0027565980380487736,0.0019296186266341414,0.004134897057073161,0.008269794114146321,0.005402294043300808,0.0015430567900325243,0.007607572473739827,-0.0006622216404064949,0.011742469530812987,-0.004797118697479655,0,0,0,0,1,0,0
2023-09-06 12:00:00,0.00423387,0.0036854708333333326,0.002599155364262357,0.0018194087549836498,0.0038987330463935354,0.007797466092787071,0.005504879588316983,0.0018660620783496828,0.007584203879726868,-0.00021326221306020281,0.011482936926120403,-0.004111995259453738,0,0,0,0,1,0,0
2023-09-06 13:00:00,0.00434289,0.003899742499999999,0.0024190653254157566,0.0016933457277910294,0.003628597988123635,0.00725719597624727,0.005593088227791029,0.0022063967722089697,0.007528340488123634,0.0002711445118763643,0.011156938476247269,-0.0033574534762472706,0,0,0,0,1,0,0
2023-09-06 14:00:00,0.00450287,0.004111434166666666,0.0022246998256706375,0.0015572898779694462,0.003337049738505956,0.006674099477011912,0.0056687240446361125,0.00255414428869722,0.007448483905172622,0.0007743844281607104,0.010785533643678579,-0.0025626653103452456,0,0,0,0,1,0,0
2023-09-06 15:00:00,0.00466435,0.004327964166666666,0.0019940041344490276,0.0013958028941143193,0.0029910062016735416,0.005982012403347083,0.0057237670607809855,0.0029321612725523465,0.0073189703683402075,0.0013369579649931242,0.01030997657001375,-0.0016540482366804174,0,0,0,0,1,0,0
2023-09-06 16:00:00,0.00194862,0.004173712916666666,0.002030099005117394,0.0014210693035821757,0.003045148507676091,0.006090297015352182,0.005594782220248841,0.0027526436130844902,0.007218861424342757,0.0011285644089905748,0.010264009932018849,-0.0019165840986855162,0,1,0,0,0,0,0
2023-09-06 17:00:00,0.00197951,0.00398224125,0.0020103994296578245,0.001407279600760477,0.0030155991444867367,0.006031198288973473,0.005389520850760477,0.002574961649239523,0.006997840394486737,0.0009666421055132633,0.010013439538973472,-0.0020489570389734734,0,1,0,0,0,0,0
2023-09-06 18:00:00,0.00286633,0.0038242849999999998,0.0019387339693908883,0.0013571137785736217,0.0029081009540863323,0.005816201908172665,0.005181398778573622,0.002467171221426378,0.006732385954086332,0.0009161840459136674,0.009640486908172664,-0.001991916908172665,0,0,1,0,0,0,0
2023-09-06 19:00:00,0.0039701,0.0037078416666666662,0.0018356307469895325,0.0012849415228926727,0.002753446120484299,0.005506892240968598,0.004992783189559339,0.0024229001437739935,0.0064612877871509655,0.0009543955461823674,0.009214733907635265,-0.0017990505743019315,0,0,0,0,1,0,0
2023-09-06 20:00:00,0.00455718,0.003599501666666666,0.0016944931398394398,0.0011861451978876078,0.0025417397097591598,0.0050834794195183195,0.004785646864554274,0.0024133564687790583,0.006141241376425826,0.0010577619569075063,0.008682981086184986,-0.0014839777528516535,0,0,0,0,1,0,0
2023-09-06 21:00:00,0.00491906,0.003511927083333333,0.0015588681431216566,0.0010912077001851595,0.002338302214682485,0.00467660442936497,0.004603134783518492,0.0024207193831481738,0.005850229298015818,0.0011736248686508481,0.008188531512698303,-0.0011646773460316368,0,0,0,0,0,1,0
2023-09-06 22:00:00,0.00490347,0.0034267474999999993,0.0014118871177575601,0.000988320982430292,0.00211783067663634,0.00423566135327268,0.004415068482430291,0.002438426517569707,0.005544578176636339,0.0013089168233636592,0.007662408853272679,-0.0008089138532726809,0,0,0,0,0,1,0
2023-09-06 23:00:00,0.00474337,0.0033425179166666663,0.00125574983039946,0.0008790248812796219,0.00188362474559919,0.00376724949119838,0.004221542797946288,0.0024634930353870446,0.005226142662265856,0.0014588931710674763,0.007109767407865047,-0.0004247315745317137,0,0,0,0,0,1,0
2023-09-07 00:00:00,0.00570715,0.003539099583333333,0.0012405248504723954,0.0008683673953306767,0.0018607872757085931,0.0037215745514171863,0.00440746697866401,0.0026707321880026563,0.005399886859041926,0.0016783123076247399,0.00726067413475052,-0.00018247496808385328,0,0,0,0,0,0,1
2023-09-07 01:00:00,0.00597335,0.0037306004166666666,0.0012470300283388015,0.0008729210198371609,0.0018705450425082022,0.0037410900850164044,0.004603521436503827,0.0028576793968295056,0.005601145459174868,0.0018600553741584644,0.007471690501683071,-1.0489668349737778e-05,0,0,0,0,0,0,1
2023-09-07 02:00:00,0.00590171,0.0039059420833333328,0.0012439949000631009,0.0008707964300441706,0.0018659923500946513,0.0037319847001893026,0.004776738513377504,0.0030351456532891623,0.005771934433427984,0.0020399497332386817,0.007637926783522635,0.00017395738314403015,0,0,0,0,0,0,1
2023-09-07 03:00:00,0.00576746,0.004043756666666666,0.0012599421605900998,0.0008819595124130699,0.0018899132408851497,0.0037798264817702995,0.004925716179079736,0.0031617971542535965,0.005933669907551816,0.0021538434257815167,0.007823583148436966,0.0002639301848963668,0,0,0,0,0,1,0
2023-09-07 04:00:00,0.00574806,0.0041858458333333326,0.0012514630546162332,0.0008760241382313632,0.0018771945819243499,0.0037543891638486997,0.005061869971564696,0.003309821695101969,0.006063040415257683,0.0023086512514089827,0.007940234997182032,0.00043145666948463286,0,0,0,0,0,1,0
2023-09-07 05:00:00,0.00572292,0.004333215,0.001213401692985332,0.0008493811850897322,0.001820102539477998,0.003640205078955996,0.005182596185089732,0.0034838338149102673,0.006153317539477997,0.0025131124605220017,0.007973420078955996,0.0006930099210440037,0,0,0,0,0,1,0
2023-09-07 06:00:00,0.00582731,0.0044754899999999995,0.0011780985522998326,0.0008246689866098828,0.001767147828449749,0.003534295656899498,0.0053001589866098825,0.0036508210133901165,0.006242637828449749,0.0027083421715502504,0.008009785656899499,0.0009411943431005014,0,0,0,0,0,1,0
2023-09-07 07:00:00,0.00600412,0.004607862916666666,0.0011632279168856262,0.0008142595418199383,0.0017448418753284393,0.0034896837506568786,0.005422122458486604,0.003793603374846728,0.006352704791995106,0.0028630210413382266,0.008097546667323544,0.0011181791660097875,0,0,0,0,0,1,0
2023-09-07 08:00:00,0.00173914,0.004519650833333333,0.0012954627762006663,0.0009068239433404664,0.0019431941643009995,0.003886388328601999,0.0054264747766738,0.0036128268899928667,0.0064628449976343325,0.0025764566690323334,0.008406039161935332,0.0006332625047313339,1,0,0,0,0,0,0
2023-09-07 09:00:00,0.00173283,0.004421357083333332,0.0014134547578048687,0.000989418330463408,0.002120182136707303,0.004240364273414606,0.00541077541379674,0.0034319387528699242,0.006541539220040636,0.0023011749466260293,0.008661721356747937,0.00018099280991872631,1,0,0,0,0,0,0
2023-09-07 10:00:00,0.0016424,0.004314922083333333,0.001523025633305201,0.0010661179433136406,0.0022845384499578015,0.004569076899915603,0.005381040026646974,0.003248804140019692,0.006599460533291135,0.0020303836333755315,0.008883998983248936,-0.00025415481658227004,1,0,0,0,0,0,0
2023-09-07 11:00:00,0.00174802,0.0042144204166666656,0.001610745882229025,0.0011275221175603175,0.0024161188233435375,0.004832237646687075,0.005341942534226983,0.003086898299106348,0.006630539240010203,0.001798301593323128,0.009046658063353741,-0.0006178172300204095,1,0,0,0,0,0,0
2023-09-07 12:00:00,0.00177968,0.0041121625,0.001685619162303417,0.0011799334136123917,0.0025284287434551257,0.005056857486910251,0.005292095913612392,0.0029322290863876077,0.006640591243455125,0.001583733756544874,0.009169019986910252,-0.0009446949869102517,0,1,0,0,0,0,0
2023-09-07 13:00:00,0.0018207,0.00400707125,0.0017480757146729582,0.0012236530002710706,0.0026221135720094373,0.005244227144018875,0.00523072425027107,0.0027834182497289296,0.006629184822009438,0.0013849576779905626,0.009251298394018875,-0.0012371558940188748,0,1,0,0,0,0,0
2023-09-07 14:00:00,0.00185061,0.0038965604166666663,0.001798478650037172,0.0012589350550260203,0.002697717975055758,0.005395435950111516,0.005155495471692686,0.002637625361640646,0.006594278391722424,0.0011988424416109083,0.009291996366778183,-0.0014988755334448497,0,1,0,0,0,0,0
2023-09-07 15:00:00,0.00208216,0.0037889691666666662,0.001827552561958644,0.0012792867933710506,0.002741328842937966,0.005482657685875932,0.005068255960037717,0.002509682373295616,0.006530298009604632,0.0010476403237287004,0.009271626852542597,-0.0016936885192092655,0,1,0,0,0,0,0
2023-09-07 16:00:00,0.00854058,0.004063634166666667,0.0020237626622038154,0.0014166338635426706,0.003035643993305723,0.006071287986611446,0.005480268030209337,0.002647000303123996,0.00709927815997239,0.0010279901733609435,0.010134922153278113,-0.0020076538199447795,0,0,0,0,0,0,1
2023-09-07 17:00:00,0.00780645,0.0043064233333333325,0.0021105277632852033,0.0014773694342996423,0.003165791644927805,0.00633158328985561,0.005783792767632975,0.00282905389903369,0.0074722149782611375,0.0011406316884055275,0.010638006623188943,-0.0020251599565222775,0,0,0,0,0,0,1
2023-09-07 18:00:00,0.00666864,0.004464852916666666,0.0021402288733086056,0.0014981602113160238,0.0032103433099629087,0.006420686619925817,0.00596301312798269,0.0029666927053506424,0.007675196226629575,0.0012545096067037576,0.010885539536592484,-0.001955833703259151,0,0,0,0,0,1,0
2023-09-07 19:00:00,0.00622448,0.004558785416666666,0.0021668759215677075,0.0015168131450973951,0.003250313882351561,0.006500627764703122,0.00607559856176406,0.0030419722715692705,0.007809099299018227,0.0013084715343151046,0.011059413181369788,-0.0019418423480364565,0,0,0,0,0,1,0
2023-09-07 20:00:00,0.00583962,0.004612220416666666,0.0021825900692496723,0.0015278130484747705,0.0032738851038745086,0.006547770207749017,0.006140033465141436,0.0030844073681918953,0.007886105520541174,0.0013383353127921572,0.011159990624415684,-0.0019355497910823515,0,0,0,0,1,0,0
2023-09-07 21:00:00,0.00569176,0.004644416249999999,0.0021929874789048984,0.0015350912352334288,0.0032894812183573473,0.006578962436714695,0.006179507485233428,0.0031093250147665704,0.007933897468357346,0.0013549350316426519,0.011223378686714695,-0.0019345461867146954,0,0,0,0,1,0,0
2023-09-07 22:00:00,0.00562011,0.00467427625,0.0022015304407791273,0.001541071308545389,0.003302295661168691,0.006604591322337382,0.006215347558545388,0.0031332049414546106,0.00797657191116869,0.0013719805888313084,0.011278867572337382,-0.0019303150723373828,0,0,0,0,1,0,0
2023-09-07 23:00:00,0.00536323,0.004700103749999999,0.002206007690157416,0.001544205383110191,0.003309011535236124,0.006618023070472248,0.00624430913311019,0.0031558983668898083,0.008009115285236124,0.0013910922147638755,0.011318126820472247,-0.0019179193204722483,0,0,0,0,1,0,0
2023-09-08 00:00:00,-0.00760128,0.004145585833333333,0.0033287871241065,0.00233015098687455,0.00499318068615975,0.0099863613723195,0.0064757368202078835,0.0018154348464587832,0.009138766519493084,-0.0008475948528264172,0.014131947205652834,-0.005840775538986168,1,0,0,0,0,0,0
2023-09-08 01:00:00,-0.0064026,0.0036299212499999994,0.003936455086643292,0.002755518560650304,0.0059046826299649375,0.011809365259929875,0.0063854398106503035,0.0008744026893496952,0.009534603879964937,-0.002274761379964938,0.015439286509929874,-0.008179444009929876,1,0,0,0,0,0,0
2023-09-08 02:00:00,-0.0037023,0.003229754166666666,0.0041763196018951695,0.0029234237213266183,0.006264479402842754,0.012528958805685508,0.006153177887993284,0.0003063304453400479,0.00949423356950942,-0.0030347252361760876,0.015758712972352172,-0.009299204639018841,1,0,0,0,0,0,0
2023-09-08 03:00:00,-0.00212306,0.002900982499999999,0.004277221435495679,0.002994055004846975,0.006415832153243518,0.012831664306487037,0.005895037504846974,-9.307250484697589e-05,0.009316814653243518,-0.003514849653243519,0.015732646806487036,-0.009930681806487037,0,1,0,0,0,0,0
2023-09-08 04:00:00,-0.00106847,0.002616960416666666,0.004306168435068323,0.0030143179045478263,0.006459252652602485,0.01291850530520497,0.0056312783212144925,-0.0003973574878811605,0.00907621306926915,-0.003842292235935819,0.015535465721871635,-0.010301544888538303,0,1,0,0,0,0,0
2023-09-08 05:00:00,0.00059036,0.0024031037499999994,0.004272528442623311,0.0029907699098363173,0.006408792663934966,0.012817585327869932,0.005393873659836316,-0.0005876661598363179,0.008811896413934966,-0.004005688913934966,0.015220689077869932,-0.010414481577869932,0,0,1,0,0,0,0
2023-09-08 06:00:00,0.00211553,0.0022484462499999993,0.004209910354014985,0.0029469372478104893,0.006314865531022477,0.012629731062044954,0.005195383497810489,-0.00069849099781049,0.008563311781022476,-0.004066419281022478,0.014878177312044953,-0.010381284812044955,0,0,1,0,0,0,0
2023-09-08 07:00:00,0.00331836,0.002136539583333333,0.004140867452758897,0.0028986072169312274,0.0062113011791383455,0.012422602358276691,0.00503514680026456,-0.0007620676335978946,0.008347840762471678,-0.004074761595805013,0.014559141941610024,-0.010286062774943358,0,0,0,0,1,0,0
2023-09-08 08:00:00,0.00346882,0.002208609583333333,0.004148694931790691,0.0029040864522534835,0.006223042397686037,0.012446084795372073,0.005112696035586816,-0.0006954768689201507,0.00843165198101937,-0.004014432814352703,0.014654694378705407,-0.01023747521203874,0,0,0,0,1,0,0
2023-09-08 09:00:00,0.00378855,0.002294264583333333,0.004159651764606245,0.0029117562352243714,0.0062394776469093674,0.012478955293818735,0.005206020818557705,-0.0006174916518910385,0.0085337422302427,-0.0039452130635760346,0.014773219877152067,-0.010184690710485403,0,0,0,0,1,0,0
2023-09-08 10:00:00,0.00375111,0.0023821274999999992,0.004167547282986077,0.002917283098090254,0.006251320924479116,0.012502641848958232,0.005299410598090254,-0.0005351555980902547,0.008633448424479115,-0.0038691934244791167,0.014884769348958231,-0.010120514348958233,0,0,0,0,1,0,0
2023-09-08 11:00:00,0.00283959,0.002427609583333333,0.004166282311741083,0.0029163976182187577,0.006249423467611624,0.012498846935223249,0.0053440072015520906,-0.0004887880348854248,0.008677033050944957,-0.0038218138842782915,0.01492645651855658,-0.010071237351889917,0,0,0,0,1,0,0
2023-09-08 12:00:00,0.0021653,0.002443677083333333,0.0041644180581450856,0.0029150926407015597,0.006246627087217628,0.012493254174435257,0.005358769724034892,-0.00047141555736822686,0.008690304170550962,-0.0038029500038842955,0.01493693125776859,-0.010049577091101923,0,0,1,0,0,0,0
2023-09-08 13:00:00,0.00204006,0.002452817083333333,0.004163231864906169,0.0029142623054343184,0.006244847797359254,0.012489695594718507,0.005367079388767651,-0.0004614452221009856,0.008697664880692586,-0.003792030714025921,0.01494251267805184,-0.010036878511385175,0,0,1,0,0,0,0
2023-09-08 14:00:00,0.00208103,0.0024624179166666663,0.004162048251722954,0.0029134337762060677,0.006243072377584431,0.012486144755168863,0.005375851692872734,-0.0004510158595394014,0.008705490294251097,-0.003780654460917765,0.014948562671835528,-0.010023726838502197,0,0,1,0,0,0,0
2023-09-08 15:00:00,0.00195773,0.002457233333333333,0.004162619987223504,0.0029138339910564524,0.0062439299808352555,0.012487859961670511,0.005371067324389785,-0.0004566006577231196,0.008701163314168588,-0.0037866966475019227,0.014945093295003844,-0.010030626628337178,0,0,1,0,0,0,0
2023-09-08 16:00:00,0.00400109,0.002268087916666666,0.00397299624994413,0.0027810973749608906,0.0059594943749161945,0.011918988749832389,0.005049185291627557,-0.0005130094582942247,0.008227582291582861,-0.0036914064582495285,0.014187076666499055,-0.009650900833165723,0,0,0,0,1,0,0
2023-09-08 17:00:00,0.00359551,0.002092632083333333,0.0038073032935114553,0.0026651123054580186,0.0057109549402671825,0.011421909880534365,0.004757744388791351,-0.0005724802221246856,0.0078035870236005155,-0.0036183228569338496,0.013514541963867699,-0.009329277797201031,0,0,0,0,1,0,0
2023-09-08 18:00:00,0.00332222,0.001953197916666666,0.0036919611566413324,0.0025843728096489327,0.005537941734961999,0.011075883469923997,0.004537570726315599,-0.0006311748929822667,0.007491139651628665,-0.0035847438182953326,0.013029081386590664,-0.00912268555325733,0,0,0,0,1,0,0
2023-09-08 19:00:00,0.00316044,0.0018255295833333326,0.0035893906296540668,0.0025125734407578466,0.0053840859444811,0.0107681718889622,0.004338103024091179,-0.000687043857424514,0.007209615527814433,-0.003558556361147768,0.012593701472295533,-0.008942642305628868,0,0,0,0,1,0,0
2023-09-08 20:00:00,0.00225802,0.001676296249999999,0.003488274203312407,0.0024417919423186845,0.0052324113049686104,0.010464822609937221,0.004118088192318683,-0.0007654956923186854,0.006908707554968609,-0.0035561150549686116,0.01214111885993722,-0.008788526359937222,0,0,0,0,1,0,0
2023-09-08 21:00:00,0.00174976,0.0015120462499999994,0.003382173750437283,0.002367521625306098,0.005073260625655924,0.010146521251311848,0.0038795678753060976,-0.0008554753753060988,0.006585306875655924,-0.003561214375655925,0.011658567501311848,-0.008634475001311849,0,0,0,0,1,0,0
2023-09-08 22:00:00,0.00127149,0.0013308537499999993,0.003267049098015312,0.0022869343686107184,0.004900573647022968,0.009801147294045937,0.003617788118610718,-0.0009560806186107191,0.006231427397022968,-0.0035697198970229688,0.011132001044045936,-0.008470293544045937,0,0,1,0,0,0,0
2023-09-08 23:00:00,0.00100981,0.0011494612499999993,0.0031522687394670117,0.002206588117626908,0.0047284031092005175,0.009456806218401035,0.003356049367626907,-0.0010571268676269087,0.0058778643592005166,-0.0035789418592005184,0.010606267468401034,-0.008307344968401036,0,0,1,0,0,0,0
2023-09-09 00:00:00,0.00126009,0.0015186849999999994,0.0025427757579346106,0.0017799430305542273,0.003814163636901916,0.007628327273803832,0.0032986280305542267,-0.0002612580305542279,0.005332848636901915,-0.0022954786369019167,0.009147012273803832,-0.006109642273803832,0,0,1,0,0,0,0
2023-09-09 01:00:00,0.00228477,0.0018806587499999993,0.0019043066414529326,0.0013330146490170528,0.002856459962179399,0.005712919924358798,0.0032136733990170523,0.0005476441009829465,0.004737118712179398,-0.0009758012121793998,0.007593578674358797,-0.003832261174358799,0,0,0,0,1,0,0
2023-09-09 02:00:00,0.00256799,0.0021419208333333327,0.0014901361750174627,0.001043095322512224,0.002235204262526194,0.004470408525052388,0.0031850161558455567,0.0010988255108211088,0.004377125095859527,-9.328342919286137e-05,0.0066123293583857205,-0.0023284876917190555,0,0,0,0,1,0,0
2023-09-09 03:00:00,0.00276886,0.0023457508333333326,0.0011846390941621823,0.0008292473659135275,0.0017769586412432735,0.003553917282486547,0.0031749981992468604,0.0015165034674198051,0.004122709474576606,0.0005687921920900592,0.00589966811581988,-0.0012081664491532143,0,0,0,0,1,0,0
2023-09-09 04:00:00,0.00325155,0.002525751666666666,0.000947845750846526,0.0006634920255925682,0.001421768626269789,0.002843537252539578,0.0031892436922592343,0.0018622596410740977,0.003947520292936455,0.001103983040396877,0.005369288919206244,-0.00031778558587291193,0,0,0,0,0,1,0
2023-09-09 05:00:00,0.00344565,0.0026447220833333324,0.000870388295392949,0.0006092718067750643,0.0013055824430894235,0.002611164886178847,0.003253993890108397,0.002035450276558268,0.003950304526422756,0.001339139640243909,0.005255886969512179,3.355719715448548e-05,0,0,0,0,0,1,0
2023-09-09 06:00:00,0.00368525,0.0027101270833333325,0.0008876992635364325,0.0006213894844755028,0.0013315488953046487,0.0026630977906092973,0.003331516567808835,0.00208873759885783,0.004041675978637981,0.0013785781880286839,0.005373224873942629,4.70292927240352e-05,0,0,0,0,0,1,0
2023-09-09 07:00:00,0.00396525,0.0027370808333333327,0.0009163296288620187,0.000641430740203413,0.0013744944432930281,0.0027489888865860563,0.0033785115735367457,0.0020956500931299197,0.004111575276626361,0.0013625863900403046,0.005486069719919389,-1.1908053252723556e-05,0,0,0,0,0,1,0
2023-09-09 08:00:00,0.00237637,0.0026915620833333326,0.0009054694405716923,0.0006338286084001845,0.0013582041608575385,0.002716408321715077,0.003325390691733517,0.0020577334749331483,0.004049766244190871,0.0013333579224757942,0.0054079704050484095,-2.4846238381744275e-05,0,0,1,0,0,0,0
2023-09-09 09:00:00,0.0020725,0.002620059999999999,0.000882542697654518,0.0006177798883581626,0.001323814046481777,0.002647628092963554,0.0032378398883581615,0.0020022801116418368,0.003943874046481776,0.0012962459535182222,0.005267688092963553,-2.7568092963554773e-05,0,0,1,0,0,0,0
2023-09-09 10:00:00,0.00204246,0.0025488662499999993,0.0008558489190063272,0.000599094243304429,0.0012837733785094909,0.0025675467570189818,0.0031479604933044286,0.0019497720066955703,0.00383263962850949,0.0012650928714905084,0.005116413007018981,-1.868050701898244e-05,0,0,1,0,0,0,0
2023-09-09 11:00:00,0.00204983,0.0025159595833333325,0.0008593604313095487,0.000601552301916684,0.001289040646964323,0.002578081293928646,0.0031175118852500164,0.0019144072814166486,0.0038050002302976553,0.0012269189363690095,0.0050940408772619785,-6.212171059531355e-05,0,0,1,0,0,0,0
2023-09-09 12:00:00,0.00224148,0.0025191337499999994,0.0008581487446058808,0.0006007041212241165,0.0012872231169088213,0.0025744462338176425,0.0031198378712241157,0.0019184296287758828,0.0038063568669088207,0.0012319106330911781,0.005093579983817642,-5.5312483817643136e-05,0,0,1,0,0,0,0
2023-09-09 13:00:00,0.00202355,0.0025184458333333327,0.0008585560020426554,0.0006009892014298588,0.0012878340030639832,0.0025756680061279663,0.0031194350347631917,0.0019174566319034739,0.003806279836397316,0.0012306118302693495,0.005094113839461299,-5.722217279463364e-05,0,0,1,0,0,0,0
2023-09-09 14:00:00,0.00195716,0.0025132845833333328,0.000861666566456167,0.0006031665965193168,0.0012924998496842504,0.0025849996993685008,0.0031164511798526494,0.001910117986814016,0.003805784433017583,0.0012207847336490824,0.005098284282701834,-7.171511603516799e-05,0,0,1,0,0,0,0
2023-09-09 15:00:00,0.00184505,0.002508589583333333,0.0008651252932859743,0.000605587705300182,0.0012976879399289615,0.002595375879857923,0.0031141772886335147,0.001903001878033151,0.0038062775232622944,0.0012109016434043714,0.005103965463191256,-8.678629652459019e-05,0,1,0,0,0,0,0
2023-09-09 16:00:00,0.00144481,0.002402077916666666,0.0008300329130669802,0.0005810230391468861,0.0012450493696004703,0.0024900987392009405,0.0029831009558135523,0.0018210548775197798,0.0036471272862671363,0.0011570285470661958,0.004892176655867607,-8.802082253427448e-05,0,1,0,0,0,0,0
2023-09-09 17:00:00,0.00265195,0.0023627629166666658,0.0007925472556179247,0.0005547830789325472,0.0011888208834268871,0.0023776417668537743,0.002917545995599213,0.0018079798377341185,0.0035515838000935527,0.0011739420332397786,0.00474040468352044,-1.4878850187108501e-05,0,0,0,0,1,0,0
2023-09-09 18:00:00,0.00265763,0.002335071666666666,0.0007688218507716333,0.0005381752955401433,0.00115323277615745,0.0023064655523149,0.0028732469622068093,0.0017968963711265228,0.003488304442824116,0.001181838890509216,0.004641537218981567,2.8606114351765934e-05,0,0,0,0,1,0,0
2023-09-09 19:00:00,0.00293326,0.0023256058333333326,0.000759560737692178,0.0005316925163845246,0.001139341106538267,0.002278682213076534,0.0028572983497178574,0.001793913316948808,0.0034649469398716,0.0011862647267950656,0.004604288046409867,4.6923620256798543e-05,0,0,0,0,0,1,0
2023-09-09 20:00:00,0.00346029,0.0023757004166666657,0.000793784576134635,0.0005556492032942445,0.0011906768642019525,0.002381353728403905,0.00293134961996091,0.0018200512133724213,0.003566377280868618,0.0011850235524647132,0.00475705414507057,-5.653311737239316e-06,0,0,0,0,0,1,0
2023-09-09 21:00:00,0.00346622,0.0024472195833333326,0.0008120514198142128,0.000568435993869949,0.0012180771297213193,0.0024361542594426387,0.0030156555772032816,0.0018787835894633837,0.003665296713054652,0.0012291424536120133,0.004883373842775971,1.1065323890693986e-05,0,0,0,0,0,1,0
2023-09-09 22:00:00,0.0035731,0.0025431199999999994,0.0008030207641263728,0.000562114534888461,0.0012045311461895592,0.0024090622923791183,0.0031052345348884605,0.0019810054651115384,0.0037476511461895586,0.0013385888538104402,0.004952182292379118,0.0001340577076208811,0,0,0,0,0,1,0
2023-09-09 23:00:00,0.00345648,0.0026450645833333325,0.0007536905193204738,0.0005275833635243316,0.0011305357789807107,0.0022610715579614213,0.003172647946857664,0.002117481219809001,0.003775600362314043,0.0015145288043526218,0.004906136141294754,0.0003839930253719112,0,0,0,0,0,1,0
2023-09-10 00:00:00,0.00247352,0.002695624166666666,0.0006951715023740671,0.00048662005166184695,0.0010427572535611006,0.002085514507122201,0.0031822442183285127,0.002209004115004819,0.0037383814202277665,0.0016528669131055653,0.0047811386737888675,0.0006101096595444648,0,0,1,0,0,0,0
2023-09-10 01:00:00,0.00017878,0.0026078745833333326,0.000862150049368793,0.0006035050345581551,0.0012932250740531896,0.0025864501481063793,0.003211379617891488,0.0020043695487751774,0.0039010996573865223,0.001314649509280143,0.005194324731439712,2.1424435226953358e-05,1,0,0,0,0,0,0
2023-09-10 02:00:00,7.689e-05,0.002504078749999999,0.001005240370477736,0.0007036682593344152,0.001507860555716604,0.003015721111433208,0.0032077470093344143,0.0018004104906655838,0.004011939305716603,0.000996218194283395,0.005519799861433207,-0.000511642361433209,1,0,0,0,0,0,0
2023-09-10 03:00:00,3.715e-05,0.002390257499999999,0.0011218461174112633,0.0007852922821878843,0.0016827691761168951,0.0033655383522337903,0.0031755497821878836,0.0016049652178121148,0.004073026676116894,0.000707488323883104,0.00575579585223379,-0.0009752808522337912,1,0,0,0,0,0,0
2023-09-10 04:00:00,-0.00047479,0.002234993333333333,0.0012482073352081402,0.0008737451346456981,0.0018723110028122103,0.0037446220056244206,0.003108738467979031,0.0013612481986876347,0.004107304336145543,0.00036268233052112265,0.005979615338957753,-0.0015096286722910877,1,0,0,0,0,0,0
2023-09-10 05:00:00,0.00042624,0.0021091845833333327,0.0012728011994572051,0.0008909608396200435,0.0019092017991858077,0.0038184035983716154,0.0030001454229533764,0.0012182237437132891,0.00401838638251914,0.00019998278414752493,0.005927588181704948,-0.0017092190150382828,0,1,0,0,0,0,0
2023-09-10 06:00:00,0.00093252,0.0019944874999999994,0.0012483964286177463,0.0008738775000324223,0.0018725946429266195,0.003745189285853239,0.0028683650000324214,0.0011206099999675771,0.003867082142926619,0.0001218928570733799,0.005739676785853238,-0.0017507017858532396,0,1,0,0,0,0,0
2023-09-10 07:00:00,0.00095343,0.0018689949999999992,0.0011917704924628398,0.0008342393447239878,0.0017876557386942598,0.0035753114773885196,0.002703234344723987,0.0010347556552760115,0.003656650738694259,8.133926130573935e-05,0.005444306477388519,-0.0017063164773885205,0,1,0,0,0,0,0
2023-09-10 08:00:00,-0.00150237,0.0017073808333333326,0.00136968898554763,0.000958782289883341,0.002054533478321445,0.00410906695664289,0.0026661631232166734,0.0007485985434499916,0.0037619143116547774,-0.0003471526449881123,0.005816447789976222,-0.002401686123309557,1,0,0,0,0,0,0
2023-09-10 09:00:00,-0.00059479,0.0015962437499999994,0.001444921327826488,0.0010114449294785415,0.002167381991739732,0.004334763983479464,0.0026076886794785406,0.0005847988205214579,0.0037636257417397313,-0.0005711382417397325,0.005931007733479463,-0.0027385202334794644,1,0,0,0,0,0,0
2023-09-10 10:00:00,-0.00017068,0.0015040295833333326,0.0014852634598486196,0.0010396844218940337,0.0022278951897729293,0.0044557903795458586,0.002543714005227366,0.0004643451614392989,0.003731924773106262,-0.0007238656064395966,0.005959819962879191,-0.002951760796212526,0,1,0,0,0,0,0
2023-09-10 11:00:00,0.00039607,0.0014351229166666658,0.0014971551979194244,0.001048008638543597,0.0022457327968791367,0.0044914655937582735,0.0024831315552102627,0.0003871142781230689,0.0036808557135458025,-0.000810609880212471,0.005926588510424939,-0.0030563426770916077,0,0,1,0,0,0,0
2023-09-10 12:00:00,0.00190949,0.0014212899999999993,0.0014909016062220853,0.0010436311243554597,0.0022363524093331278,0.0044727048186662555,0.002464921124355459,0.00037765887564453963,0.0036576424093331273,-0.0008150624093331285,0.005893994818666255,-0.003051414818666256,0,0,0,0,1,0,0
2023-09-10 13:00:00,0.0021472,0.0014264420833333326,0.001493285056109727,0.0010452995392768087,0.0022399275841645905,0.004479855168329181,0.0024717416226101413,0.0003811425440565239,0.0036663696674979233,-0.0008134855008312578,0.005906297251662513,-0.0030534130849958485,0,0,0,0,1,0,0
2023-09-10 14:00:00,0.00237062,0.0014436695833333329,0.0015020333103108058,0.001051423317217564,0.0022530499654662087,0.0045060999309324175,0.002495092900550897,0.0003922462661157689,0.0036967195487995416,-0.0008093803821328759,0.00594976951426575,-0.0030624303475990846,0,0,0,0,1,0,0
2023-09-10 15:00:00,0.00232002,0.0014634599999999995,0.0015106560259531732,0.0010574592181672212,0.00226598403892976,0.00453196807785952,0.0025209192181672208,0.0004060007818327783,0.0037294440389297598,-0.0008025240389297604,0.00599542807785952,-0.0030685080778595202,0,0,0,0,1,0,0
2023-09-10 16:00:00,0.00224566,0.0014968287499999993,0.0015190478012240178,0.0010633334608568124,0.002278571701836027,0.004557143403672054,0.0025601622108568116,0.00043349528914318693,0.003775400451836026,-0.0007817429518360275,0.006053972153672053,-0.0030603146536720546,0,0,0,0,1,0,0
2023-09-10 17:00:00,0.00448894,0.0015733699999999995,0.001622537763138194,0.0011357764341967357,0.002433806644707291,0.004867613289414582,0.002709146434196735,0.00043759356580326384,0.0040071766447072905,-0.0008604366447072917,0.006440983289414582,-0.003294243289414583,0,0,0,0,0,0,1
2023-09-10 18:00:00,0.0052736,0.0016823687499999994,0.0017788785803064446,0.0012452150062145111,0.002668317870459667,0.005336635740919334,0.0029275837562145104,0.0004371537437854883,0.004350686620459667,-0.0009859491204596675,0.0070190044909193335,-0.003654266990919334,0,0,0,0,0,0,1
2023-09-10 19:00:00,0.00561667,0.0017941774999999996,0.0019381229799952224,0.0013566860859966555,0.0029071844699928334,0.005814368939985667,0.003150863585996655,0.0004374914140033441,0.004701361969992833,-0.0011130069699928338,0.007608546439985667,-0.004020191439985667,0,0,0,0,0,0,1
2023-09-10 20:00:00,0.00382388,0.0018093270833333325,0.0019530759341781399,0.001367153153924698,0.00292961390126721,0.00585922780253442,0.0031764802372580307,0.0004421739294086346,0.004738940984600542,-0.0011202868179338774,0.007668554885867753,-0.004049900719201087,0,0,0,0,0,1,0
2023-09-10 21:00:00,0.00356921,0.0018136183333333326,0.001956983933800786,0.00136988875366055,0.0029354759007011793,0.005870951801402359,0.003183507086993883,0.00044372957967278256,0.004749094234034512,-0.0011218575673678467,0.007684570134735691,-0.004057333468069026,0,0,0,0,0,1,0
2023-09-10 22:00:00,0.00340437,0.001806587916666666,0.0019506811472786685,0.001365476803095068,0.002926021720918003,0.005852043441836006,0.003172064719761734,0.0004411111135715982,0.004732609637584669,-0.0011194338042513367,0.007658631358502672,-0.004045455525169339,0,0,0,0,0,1,0
2023-09-10 23:00:00,0.00309579,0.0017915591666666658,0.0019387701949970114,0.0013571391364979079,0.0029081552924955173,0.005816310584991035,0.0031486983031645734,0.00043442003016875793,0.004699714459162183,-0.0011165961258288515,0.0076078697516577,-0.004024751418324369,0,0,0,0,1,0,0
2023-09-11 00:00:00,0.00068933,0.001717217916666666,0.0019456784513602347,0.0013619749159521643,0.002918517677040352,0.005837035354080704,0.0030791928326188303,0.0003552430007145017,0.004635735593707018,-0.001201299760373686,0.00755425327074737,-0.004119817437414038,0,0,1,0,0,0,0
2023-09-11 01:00:00,-0.00080015,0.001676429166666666,0.001989108466487496,0.001392375926541247,0.002983662699731244,0.005967325399462488,0.003068805093207913,0.00028405324012541894,0.00466009186639791,-0.001307233533064578,0.007643754566129154,-0.004290896232795822,0,1,0,0,0,0,0
2023-09-11 02:00:00,-0.00132361,0.0016180749999999992,0.0020574434510567834,0.0014402104157397483,0.0030861651765851754,0.006172330353170351,0.0030582854157397473,0.00017786458426025087,0.004704240176585175,-0.0014680901765851762,0.00779040535317035,-0.004554255353170352,0,1,0,0,0,0,0
2023-09-11 03:00:00,-0.00151679,0.0015533274999999993,0.002132442289664787,0.0014927096027653507,0.0031986634344971804,0.006397326868994361,0.0030460371027653498,6.061789723464856e-05,0.0047519909344971795,-0.0016453359344971812,0.00795065436899436,-0.004843999368994362,0,1,0,0,0,0,0
2023-09-11 04:00:00,-0.00134955,0.0015168791666666662,0.0021756526894085174,0.001522956882585962,0.003263479034112776,0.006526958068225552,0.003039836049252628,-6.0777159192958e-06,0.004780358200779442,-0.0017465998674461099,0.008043837234892218,-0.005010078901558886,0,1,0,0,0,0,0
2023-09-11 05:00:00,-0.00069633,0.001470105416666666,0.002211884702833019,0.0015483192919831133,0.0033178270542495287,0.006635654108499057,0.003018424708649779,-7.82138753164473e-05,0.004787932470916195,-0.0018477216375828627,0.008105759525165724,-0.0051655486918323916,0,1,0,0,0,0,0
2023-09-11 06:00:00,0.00023838,0.001441182916666666,0.0022237263452427585,0.0015566084416699308,0.0033355895178641378,0.0066711790357282755,0.002997791358336597,-0.00011542552500326477,0.004776772434530804,-0.0018944066011974718,0.008112361952394941,-0.005229996119061609,0,0,1,0,0,0,0
2023-09-11 07:00:00,0.00097473,0.001442070416666666,0.0022235274585775764,0.0015564692210043034,0.0033352911878663646,0.006670582375732729,0.0029985396376709696,-0.00011439880433763744,0.00477736160453303,-0.0018932207711996986,0.008112652792399396,-0.0052285119590660635,0,0,1,0,0,0,0
2023-09-11 08:00:00,0.00437453,0.0016869412499999992,0.0022087200572344138,0.0015461040400640896,0.0033130800858516204,0.006626160171703241,0.0032330452900640886,0.00014083720993590958,0.005000021335851619,-0.0016261388358516213,0.00831310142170324,-0.004939218921703242,0,0,0,0,0,1,0
2023-09-11 09:00:00,0.00458798,0.0019028899999999993,0.0022292008153344386,0.0015604405707341069,0.003343801223001658,0.006687602446003316,0.0034633305707341064,0.00034244942926589246,0.0052466912230016574,-0.0014409112230016586,0.008590492446003316,-0.004784712446003317,0,0,0,0,0,1,0
2023-09-11 10:00:00,0.00433701,0.002090710416666666,0.002236780933691688,0.0015657466535841816,0.003355171400537532,0.006710342801075064,0.003656457070250848,0.0005249637630824844,0.005445881817204198,-0.001264460983870866,0.00880105321774173,-0.004619632384408398,0,0,0,0,0,1,0
2023-09-11 11:00:00,0.00422477,0.002250239583333333,0.002247171754677932,0.0015730202282745525,0.0033707576320168983,0.006741515264033797,0.0038232598116078854,0.0006772193550587803,0.0056209972153502315,-0.0011205180486835655,0.008991754847367129,-0.004491275680700464,0,0,0,0,0,1,0
2023-09-11 12:00:00,0.00547637,0.0023988595833333327,0.002339701375098898,0.0016377909625692286,0.0035095520626483474,0.007019104125296695,0.004036650545902561,0.0007610686207641041,0.00590841164598168,-0.0011106924793150147,0.009417963708630028,-0.004620244541963362,0,0,0,0,0,1,0
2023-09-11 13:00:00,0.00597344,0.0025582862499999993,0.002449586886084538,0.0017147108202591765,0.003674380329126807,0.007348760658253614,0.004272997070259176,0.0008435754297408228,0.006232666579126807,-0.0011160940791268077,0.009907046908253614,-0.004790474408253614,0,0,0,0,0,1,0
2023-09-11 14:00:00,0.00589587,0.002705171666666666,0.0025418016961506504,0.001779261187305455,0.0038127025442259753,0.007625405088451951,0.004484432853972121,0.0009259104793612109,0.006517874210892642,-0.0011075308775593093,0.010330576755118616,-0.004920233421785285,0,0,0,0,0,1,0
2023-09-11 15:00:00,0.00539246,0.0028331899999999998,0.002598304070390797,0.0018188128492735577,0.0038974561055861957,0.007794912211172391,0.004652002849273557,0.001014377150726442,0.006730646105586196,-0.001064266105586196,0.01062810221117239,-0.004961722211172392,0,0,0,0,0,1,0
2023-09-11 16:00:00,0.00333255,0.0028784770833333324,0.00259709017607676,0.001817963123253732,0.00389563526411514,0.00779127052823028,0.004696440206587065,0.0010605139600796004,0.0067741123474484724,-0.0010171581807818077,0.010669747611563613,-0.004912793444896948,0,0,0,0,1,0,0
2023-09-11 17:00:00,0.00257981,0.0027989299999999994,0.0025747598055894366,0.0018023318639126054,0.003862139708384155,0.00772427941676831,0.004601261863912605,0.000996598136087394,0.006661069708384154,-0.0010632097083841554,0.01052320941676831,-0.00492534941676831,0,0,1,0,0,0,0
2023-09-11 18:00:00,0.0021175,0.0026674258333333326,0.00252294893221163,0.001766064252548141,0.0037844233983174453,0.007568846796634891,0.004433490085881474,0.0009013615807851917,0.0064518492316507775,-0.0011169975649841127,0.010236272629968223,-0.004901420963301558,0,0,1,0,0,0,0
2023-09-11 19:00:00,0.00166527,0.0025027841666666662,0.0024499951225559246,0.001714996585789147,0.003674992683833887,0.007349985367667774,0.004217780752455814,0.0007877875808775191,0.006177776850500553,-0.0011722085171672206,0.00985276953433444,-0.004847201201001107,0,0,1,0,0,0,0
2023-09-11 20:00:00,-0.00018517,0.002335740416666666,0.0024923104957650342,0.0017446173470355238,0.0037384657436475514,0.007476931487295103,0.00408035776370219,0.000591123069631142,0.006074206160314217,-0.0014027253269808856,0.009812671903961769,-0.005141191070628437,0,1,0,0,0,0,0
2023-09-11 21:00:00,0.00026461,0.0021980487499999994,0.002512405612123478,0.0017586839284864345,0.003768608418185217,0.007537216836370434,0.003956732678486434,0.0004393648215135649,0.005966657168185216,-0.0015705596681852177,0.009735265586370433,-0.005339168086370435,0,1,0,0,0,0,0
2023-09-11 22:00:00,0.00049166,0.0020766858333333325,0.0025219319863169836,0.0017653523904218884,0.0037828979794754755,0.007565795958950951,0.003842038223755221,0.0003113334429114441,0.005859583812808808,-0.001706212146142143,0.009642481792284283,-0.005489110125617619,0,0,1,0,0,0,0
2023-09-11 23:00:00,0.00066003,0.001975195833333333,0.0025281405511647322,0.0017696983858153125,0.0037922108267470986,0.007584421653494197,0.0037448942191486453,0.00020549744751802027,0.005767406660080431,-0.0018170149934137658,0.009559617486827529,-0.005609225820160864,0,0,1,0,0,0,0
2023-09-12 00:00:00,0.00121093,0.001996929166666666,0.0025188307508617947,0.0017631815256032562,0.0037782461262926923,0.007556492252585385,0.003760110692269922,0.00023374764106340968,0.005775175292959359,-0.0017813169596260264,0.009553421419252051,-0.005559563085918718,0,0,1,0,0,0,0
2023-09-12 01:00:00,-0.00027414,0.0020188462499999994,0.002495615866957057,0.0017469311068699397,0.0037434238004355855,0.007486847600871171,0.003765777356869939,0.00027191514313005963,0.005762270050435584,-0.0017245775504355861,0.009505693850871171,-0.005468001350871172,0,1,0,0,0,0,0
2023-09-12 02:00:00,-0.00056857,0.0020503062499999994,0.0024560946579583005,0.0017192662605708103,0.0036841419869374508,0.0073682839738749015,0.0037695725105708097,0.0003310399894291892,0.00573444823693745,-0.0016338357369374513,0.0094185902238749,-0.0053179777238749025,0,1,0,0,0,0,0
2023-09-12 03:00:00,0.00015222,0.002119848333333333,0.0023729243708678796,0.0016610470596075157,0.003559386556301819,0.007118773112603638,0.0037808953929408485,0.0004588012737258172,0.005679234889635152,-0.0014395382229684863,0.00923862144593697,-0.0049989247792703055,0,1,0,0,0,0,0
2023-09-12 04:00:00,0.00080369,0.002209566666666666,0.0022747199967750494,0.0015923039977425344,0.003412079995162574,0.006824159990325148,0.0038018706644092,0.0006172626689241315,0.00562164666182924,-0.001202513328495908,0.009033726656991814,-0.004614593323658482,0,0,1,0,0,0,0
2023-09-12 05:00:00,0.00054745,0.0022613908333333327,0.0022191264730695897,0.0015533885311487126,0.0033286897096043845,0.006657379419208769,0.003814779364482045,0.0007080023021846201,0.005590080542937717,-0.0010672988762710518,0.008918770252542101,-0.004395988585875437,0,1,0,0,0,0,0
2023-09-12 06:00:00,9.329e-05,0.0022553454166666658,0.0022250669188003513,0.0015575468431602458,0.003337600378200527,0.006675200756401054,0.0038128922598269117,0.00069779857350642,0.005592945794867193,-0.0010822549615338612,0.00893054617306772,-0.0044198553397343885,0,1,0,0,0,0,0
2023-09-12 07:00:00,-2.433e-05,0.0022137179166666658,0.0022591512453171334,0.0015814058717219933,0.0033887268679757,0.0067774537359514,0.003795123788388659,0.0006323120449446724,0.005602444784642366,-0.001175008951309034,0.008991171652618066,-0.004563735819284734,0,1,0,0,0,0,0
2023-09-12 08:00:00,0.00189454,0.0021103849999999993,0.002212249308961527,0.0015485745162730686,0.0033183739634422903,0.0066367479268845805,0.003658959516273068,0.0005618104837269307,0.00542875896344229,-0.001207988963442291,0.00874713292688458,-0.004526362926884581,0,0,1,0,0,0,0
2023-09-12 09:00:00,0.00253404,0.002024804166666666,0.002151120130791325,0.0015057840915539274,0.0032266801961869877,0.006453360392373975,0.0035305882582205936,0.0005190200751127385,0.005251484362853654,-0.0012018760295203217,0.008478164559040642,-0.004428556225707309,0,0,0,0,1,0,0
2023-09-12 10:00:00,0.00373101,0.001999554166666666,0.002126211683428502,0.0014883481783999513,0.0031893175251427527,0.0063786350502855055,0.003487902345066617,0.0005112059882667146,0.005188871691809418,-0.0011897633584760869,0.008378189216952171,-0.00437908088361884,0,0,0,0,0,1,0
2023-09-12 11:00:00,0.00406883,0.001993056666666666,0.002119343156781804,0.001483540209747263,0.0031790147351727065,0.006358029470345413,0.0034765968764139286,0.0005095164569194029,0.005172071401839373,-0.0011859580685060407,0.00835108613701208,-0.004364972803678747,0,0,0,0,0,1,0
2023-09-12 12:00:00,0.00670652,0.002044312916666666,0.0022197470137197994,0.0015538229096038595,0.0033296205205796993,0.006659241041159399,0.0035981358262705257,0.0004904900070628066,0.005373933437246365,-0.0012853076039130332,0.008703553957826064,-0.004614928124492733,0,0,0,0,0,0,1
2023-09-12 13:00:00,0.00653574,0.002067742083333333,0.0022655172161227116,0.001585862051285898,0.0033982758241840674,0.006796551648368135,0.003653604134619231,0.00048188003204743487,0.0054660179075174,-0.0013305337408507346,0.008864293731701467,-0.004728809565034802,0,0,0,0,0,0,1
2023-09-12 14:00:00,0.00566136,0.0020579708333333326,0.00224873205654828,0.0015741124395837961,0.0033730980848224205,0.006746196169644841,0.0036320832729171285,0.00048385839374953644,0.0054310689181557535,-0.001315127251489088,0.008804167002978173,-0.004688225336311509,0,0,0,0,0,0,1
2023-09-12 15:00:00,0.00486051,0.0020358062499999997,0.002216832073393295,0.0015517824513753065,0.0033252481100899426,0.006650496220179885,0.003587588701375306,0.00048402379862469316,0.005361054360089943,-0.001289441860089943,0.008686302470179885,-0.004614689970179886,0,0,0,0,0,1,0
2023-09-12 16:00:00,0.00013592,0.0019026133333333326,0.0022315151520099622,0.0015620606064069736,0.0033472727280149436,0.006694545456029887,0.003464673939740306,0.000340552726926359,0.005249886061348276,-0.001444659394681611,0.00859715878936322,-0.004791932122696555,0,1,0,0,0,0,0
2023-09-12 17:00:00,0.0002665,0.001806225416666666,0.0022508691410847398,0.0015756083987593177,0.0033763037116271094,0.006752607423254219,0.0033818338154259836,0.00023061701790734837,0.005182529128293776,-0.0015700782949604434,0.008558832839920885,-0.004946382006587553,0,0,1,0,0,0,0
2023-09-12 18:00:00,0.00109945,0.001763806666666666,0.0022543381241272426,0.0015780366868890698,0.0033815071861908637,0.006763014372381727,0.0033418433535557356,0.0001857699797775962,0.00514531385285753,-0.0016177005195241977,0.008526821039048393,-0.004999207705715061,0,0,1,0,0,0,0
2023-09-12 19:00:00,0.0014242,0.0017537620833333325,0.002255333104262696,0.0015787331729838871,0.0033829996563940444,0.006765999312788089,0.0033324952563172196,0.00017502891034944538,0.005136761739727377,-0.001629237573060712,0.008519761396121421,-0.0050122372294547565,0,0,1,0,0,0,0
2023-09-12 20:00:00,0.00055332,0.0017845324999999992,0.002232653036615251,0.0015628571256306755,0.0033489795549228765,0.006697959109845753,0.003347389625630675,0.0002216753743693237,0.005133512054922876,-0.0015644470549228773,0.008482491609845752,-0.004913426609845754,0,0,1,0,0,0,0
2023-09-12 21:00:00,0.00092412,0.0018120120833333326,0.002217137133567537,0.0015519959934972758,0.0033257057003513056,0.006651411400702611,0.0033640080768306086,0.00026001608983605685,0.005137717783684638,-0.001513693617017973,0.008463423484035944,-0.004839399317369279,0,0,1,0,0,0,0
2023-09-12 22:00:00,0.00096298,0.001831650416666666,0.0022069977886881777,0.0015448984520817243,0.0033104966830322666,0.006620993366064533,0.00337654886874839,0.00028675196458494167,0.005142147099698933,-0.0014788462663656006,0.008452643782731199,-0.004789342949397867,0,0,1,0,0,0,0
2023-09-12 23:00:00,0.00061825,0.0018299095833333326,0.0022079783783372836,0.0015455848648360984,0.0033119675675059254,0.006623935135011851,0.003375494448169431,0.0002843247184972342,0.005141877150839258,-0.0014820579841725928,0.008453844718345184,-0.004794025551678518,0,0,1,0,0,0,0
2023-09-13 00:00:00,-0.00288197,0.0016593720833333325,0.002406960526863469,0.0016848723688044284,0.0036104407902952038,0.0072208815805904075,0.003344244452137761,-2.5500285471095896e-05,0.005269812873628536,-0.0019510687069618712,0.00888025366392374,-0.005561509497257075,1,0,0,0,0,0,0
2023-09-13 01:00:00,-0.00199467,0.0015876833333333326,0.0024911998891450197,0.0017438399224015137,0.0037367998337175298,0.0074735996674350595,0.0033315232557348464,-0.00015615658906818113,0.005324483167050862,-0.002149116500384197,0.009061283000768392,-0.005885916334101727,0,1,0,0,0,0,0
2023-09-13 02:00:00,-0.00155897,0.0015464166666666658,0.0025362664847005515,0.001775386539290386,0.0038043997270508275,0.007608799454101655,0.0033218032059570517,-0.00022896987262372012,0.005350816393717493,-0.002257983060384162,0.009155216120768321,-0.0060623827874349894,0,1,0,0,0,0,0
2023-09-13 03:00:00,-0.00130971,0.0014855029166666658,0.0025882302181112296,0.0018117611526778606,0.0038823453271668446,0.007764690654333689,0.0032972640693445265,-0.0003262582360111948,0.00536784824383351,-0.0023968424105001787,0.009250193571000355,-0.006279187737667023,0,1,0,0,0,0,0
2023-09-13 04:00:00,-0.00086252,0.0014160774999999995,0.002629334398044896,0.0018405340786314271,0.003944001597067344,0.007888003194134689,0.0032566115786314266,-0.00042445657863142763,0.005360079097067344,-0.0025279240970673446,0.009304080694134688,-0.006471925694134689,0,1,0,0,0,0,0
2023-09-13 05:00:00,-9.822e-05,0.0013891745833333328,0.0026418817276263238,0.0018493172093384264,0.0039628225914394855,0.007925645182878971,0.0032384917926717594,-0.00046014262600509366,0.0053519971747728184,-0.0025736480081061525,0.009314819766212304,-0.006536470599545638,0,0,1,0,0,0,0
2023-09-13 06:00:00,0.00097789,0.001426032916666666,0.002629156185655427,0.0018404093299587987,0.00394373427848314,0.00788746855696628,0.0032664422466254645,-0.00041437641329213266,0.005369767195149806,-0.002517701361816474,0.009313501473632947,-0.006461435640299614,0,0,1,0,0,0,0
2023-09-13 07:00:00,0.00163556,0.0014951949999999993,0.002611114864967257,0.0018277804054770798,0.0039166722974508855,0.007833344594901771,0.003322975405477079,-0.00033258540547708056,0.005411867297450885,-0.002421477297450886,0.00932853959490177,-0.0063381495949017715,0,0,0,0,1,0,0
2023-09-13 08:00:00,0.00577372,0.0016568274999999993,0.002753112684726683,0.001927178879308678,0.0041296690270900245,0.008259338054180049,0.003584006379308677,-0.0002703513793086787,0.005786496527090024,-0.002472841527090025,0.009916165554180048,-0.00660251055418005,0,0,0,0,0,1,0
2023-09-13 09:00:00,0.00570573,0.0017889812499999993,0.002870664492212034,0.002009465144548424,0.004305996738318051,0.008611993476636102,0.003798446394548423,-0.00022048389454842453,0.00609497798831805,-0.002517015488318052,0.010400974726636102,-0.006823012226636103,0,0,0,0,0,1,0
2023-09-13 10:00:00,0.00529222,0.001854031666666666,0.0029335842828848773,0.002053508998019414,0.004400376424327316,0.008800752848654631,0.00390754066468608,-0.00019947733135274796,0.006254408090993982,-0.0025463447576606494,0.010654784515321297,-0.006946721181987965,0,0,0,0,0,1,0
2023-09-13 11:00:00,0.00481288,0.0018850337499999993,0.0029618037235880456,0.002073262606511632,0.004442705585382068,0.008885411170764137,0.003958296356511631,-0.0001882288565116326,0.006327739335382067,-0.002557671835382069,0.010770444920764136,-0.007000377420764137,0,0,0,0,0,1,0
2023-09-13 12:00:00,0.00385266,0.0017661229166666661,0.0028133836842640586,0.001969368578984841,0.004220075526396088,0.008440151052792177,0.0037354914956515073,-0.00020324566231817482,0.005986198443062755,-0.002453952609729422,0.010206273969458843,-0.00667402813612551,0,0,0,0,0,1,0
2023-09-13 13:00:00,0.00343909,0.0016370958333333328,0.0026514799672521005,0.00185603597707647,0.003977219950878151,0.007954439901756302,0.0034931318104098026,-0.00021894014374313733,0.005614315784211484,-0.0023401241175448183,0.009591535735089635,-0.0063173440684229695,0,0,0,0,1,0,0
2023-09-13 14:00:00,0.00314331,0.0015321770833333327,0.002532465260153282,0.0017727256821072972,0.003798697890229923,0.007597395780459846,0.00330490276544063,-0.0002405485987739646,0.005330874973563255,-0.0022665208068965905,0.009129572863793178,-0.0060652186971265135,0,0,0,0,1,0,0
2023-09-13 15:00:00,0.00267939,0.0014412970833333327,0.002445473405273635,0.0017118313836915445,0.0036682101079104526,0.007336420215820905,0.003153128467024877,-0.00027053430035821184,0.005109507191243786,-0.00222691302457712,0.008777717299154237,-0.0058951231324875725,0,0,0,0,1,0,0
2023-09-13 16:00:00,-0.00371988,0.0012806387499999993,0.0026528253781489966,0.0018569777647042976,0.003979238067223495,0.00795847613444699,0.0031376165147042967,-0.0005763390147042983,0.005259876817223495,-0.002698599317223496,0.009239114884446991,-0.0066778373844469914,1,0,0,0,0,0,0
2023-09-13 17:00:00,-0.00332996,0.0011307862499999992,0.0028095512724414674,0.001966685890709027,0.004214326908662201,0.008428653817324402,0.0030974721407090264,-0.0008358996407090279,0.0053451131586622,-0.003083540658662202,0.009559440067324402,-0.007297867567324403,1,0,0,0,0,0,0
2023-09-13 18:00:00,-0.00335131,0.000945337916666666,0.0029548421639346303,0.002068389514754241,0.004432263245901945,0.00886452649180389,0.0030137274314209067,-0.001123051598087575,0.005377601162568611,-0.0034869253292352793,0.009809864408470556,-0.007919188575137225,0,1,0,0,0,0,0
2023-09-13 19:00:00,-0.00273212,0.0007721579166666661,0.0030459503925063165,0.0021321652747544216,0.004568925588759475,0.00913785117751895,0.0029043231914210876,-0.0013600073580877555,0.005341083505426141,-0.003796767672092809,0.009910009094185615,-0.008365693260852285,0,1,0,0,0,0,0
2023-09-13 20:00:00,-0.00226579,0.0006546949999999994,0.0031084723906615653,0.0021759306734630956,0.004662708585992348,0.009325417171984696,0.002830625673463095,-0.0015212356734630962,0.005317403585992348,-0.004008013585992349,0.009980112171984697,-0.008670722171984696,0,1,0,0,0,0,0
2023-09-13 21:00:00,-0.0019323,0.0005356774999999993,0.0031520855981305765,0.0022064599186914034,0.004728128397195865,0.00945625679439173,0.0027421374186914027,-0.001670782418691404,0.005263805897195864,-0.004192450897195865,0.009991934294391729,-0.00892057929439173,0,1,0,0,0,0,0
2023-09-13 22:00:00,-0.0021935,0.00040415749999999934,0.0031989841143106306,0.002239288880017441,0.004798476171465946,0.009596952342931892,0.0026434463800174405,-0.0018351313800174418,0.005202633671465945,-0.004394318671465947,0.010001109842931892,-0.009192794842931892,0,1,0,0,0,0,0
2023-09-13 23:00:00,-0.00217085,0.00028794499999999936,0.003241250329772923,0.002268875230841046,0.0048618754946593845,0.009723750989318769,0.0025568202308410455,-0.0019809302308410465,0.005149820494659384,-0.004573930494659385,0.010011695989318769,-0.00943580598931877,0,1,0,0,0,0,0
2023-09-14 00:00:00,-0.00474659,0.00021025249999999935,0.0033413385737082854,0.0023389370015957996,0.005012007860562428,0.010024015721124857,0.002549189501595799,-0.0021286845015958,0.005222260360562427,-0.004801755360562429,0.010234268221124856,-0.009813763221124858,0,1,0,0,0,0,0
2023-09-14 01:00:00,-0.00363157,0.00014204833333333265,0.003404413843217901,0.0023830896902525306,0.005106620764826852,0.010213241529653704,0.0025251380235858634,-0.002241041356919198,0.005248669098160185,-0.004964572431493519,0.010355289862987036,-0.010071193196320372,0,1,0,0,0,0,0
2023-09-14 02:00:00,-0.00367724,5.378708333333266e-05,0.0034771134455884607,0.0024339794119119223,0.005215670168382691,0.010431340336765382,0.002487766495245255,-0.0023801923285785894,0.005269457251716024,-0.005161883085049358,0.010485127420098715,-0.010377553253432049,0,1,0,0,0,0,0
2023-09-14 03:00:00,-0.00289799,-1.2391250000000697e-05,0.0035190541339133095,0.0024633378937393164,0.005278581200869964,0.010557162401739928,0.0024509466437393156,-0.002475729143739317,0.005266189950869964,-0.005290972450869964,0.010544771151739928,-0.010569553651739928,0,1,0,0,0,0,0
2023-09-14 04:00:00,-0.00131718,-3.133541666666736e-05,0.003525048304178549,0.002467533812924984,0.005287572456267823,0.010575144912535646,0.0024361983962583166,-0.002498869229591651,0.005256237039601155,-0.005318907872934491,0.010543809495868979,-0.010606480329202313,0,0,1,0,0,0,0
2023-09-14 05:00:00,-0.00047944,-4.721958333333402e-05,0.0035262215051902195,0.0024683550536331537,0.005289332257785329,0.010578664515570659,0.0024211354702998195,-0.002515574636966488,0.005242112674451995,-0.005336551841118664,0.010531444932237325,-0.010625884098903993,0,0,1,0,0,0,0
2023-09-14 06:00:00,5.206e-05,-8.579583333333402e-05,0.003519577346862553,0.0024637041428037867,0.00527936602029383,0.01055873204058766,0.002377908309470453,-0.0025494999761371206,0.0051935701869604955,-0.005365161853627164,0.010472936207254325,-0.010644527873920994,0,0,0,0,1,0,0
2023-09-14 07:00:00,0.00039675,-0.00013741291666666735,0.0035022763338566068,0.0024515934336996246,0.00525341450078491,0.01050682900156982,0.002314180517032957,-0.002589006350366292,0.005116001584118243,-0.005390827417451577,0.010369416084903152,-0.010644241918236487,0,0,0,0,1,0,0
2023-09-14 08:00:00,0.00701513,-8.56875000000007e-05,0.0036011457977117548,0.002520802058398228,0.005401718696567632,0.010803437393135265,0.0024351145583982273,-0.0026064895583982287,0.005316031196567632,-0.005487406196567633,0.010717749893135264,-0.010889124893135265,0,0,0,0,0,0,1
2023-09-14 09:00:00,0.00691015,-3.550333333333405e-05,0.0036925928038719262,0.002584814962710348,0.00553888920580789,0.01107777841161578,0.002549311629377014,-0.002620318296043682,0.005503385872474556,-0.005574392539141224,0.011042275078282445,-0.011113281744949114,0,0,0,0,0,0,1
2023-09-14 10:00:00,0.0067015,2.321666666666594e-05,0.0037908951691775503,0.002653626618424285,0.005686342753766326,0.011372685507532652,0.0026768432850909508,-0.002630409951757619,0.005709559420432992,-0.00566312608709966,0.011395902174199318,-0.011349468840865986,0,0,0,0,0,0,1
2023-09-14 11:00:00,0.00657259,9.653791666666591e-05,0.003902924067151265,0.0027320468470058853,0.005854386100726897,0.011708772201453794,0.0028285847636725513,-0.0026355089303392192,0.005950924017393563,-0.005757848184060231,0.011805310118120459,-0.011612234284787129,0,0,0,0,0,0,1
2023-09-14 12:00:00,0.00760579,0.0002529183333333326,0.004128628954517017,0.002890040268161912,0.006192943431775526,0.012385886863551052,0.0031429586014952446,-0.002637121934828579,0.006445861765108859,-0.0059400250984421935,0.012638805196884385,-0.01213296853021772,0,0,0,0,0,0,1
2023-09-14 13:00:00,0.00759327,0.0004260091666666659,0.00434920429622329,0.003044443007356303,0.006523806444334935,0.01304761288866987,0.003470452174022969,-0.002618433840689637,0.0069498156110016016,-0.006097797277668269,0.013473622055336537,-0.012621603722003204,0,0,0,0,0,0,1
2023-09-14 14:00:00,0.00704136,0.000588427916666666,0.0045243511216594996,0.0031670457851616495,0.006786526682489249,0.013573053364978499,0.0037554737018283156,-0.0025786178684949835,0.007374954599155915,-0.006198098765822583,0.014161481281645164,-0.012984625448311833,0,0,0,0,0,1,0
2023-09-14 15:00:00,0.00604843,0.0007288045833333326,0.004642763824389687,0.0032499346770727805,0.006964145736584531,0.013928291473169062,0.003978739260406114,-0.002521130093739448,0.0076929503199178635,-0.006235341153251198,0.014657096056502394,-0.01319948688983573,0,0,0,0,0,1,0
2023-09-14 16:00:00,-0.00083842,0.000848865416666666,0.004559225402613415,0.0031914577818293903,0.006838838103920122,0.013677676207840245,0.004040323198496057,-0.0023425923651627244,0.007687703520586789,-0.005989972687253456,0.01452654162450691,-0.01282881079117358,0,0,1,0,0,0,0
2023-09-14 17:00:00,-0.00020675,0.0009789991666666659,0.004478623824286841,0.0031350366770007887,0.006717935736430262,0.013435871472860524,0.004114035843667455,-0.0021560375103341226,0.007696934903096928,-0.005738936569763596,0.01441487063952719,-0.012456872306193858,0,0,1,0,0,0,0
2023-09-14 18:00:00,-1.27e-06,0.001118584166666666,0.004389103979543386,0.00307237278568037,0.006583655969315079,0.013167311938630157,0.004190956952347036,-0.0019537886190137037,0.007702240135981745,-0.005465071802648412,0.014285896105296823,-0.012048727771963492,0,0,1,0,0,0,0
2023-09-14 19:00:00,8.762e-05,0.0012360733333333326,0.004318720884130394,0.0030231046188912754,0.006478081326195591,0.012956162652391181,0.004259177952224608,-0.0017870312855579429,0.007714154659528924,-0.005242007992862258,0.014192235985724513,-0.011720089319057849,0,0,1,0,0,0,0
2023-09-14 20:00:00,-0.00177696,0.0012564412499999993,0.004302610018497273,0.0030118270129480913,0.00645391502774591,0.01290783005549182,0.004268268262948091,-0.001755385762948092,0.007710356277745909,-0.00519747377774591,0.014164271305491818,-0.011651388805491821,0,1,0,0,0,0,0
2023-09-14 21:00:00,-0.00188651,0.0012583491666666661,0.004301144452231907,0.003010801116562335,0.00645171667834786,0.01290343335669572,0.004269150283229001,-0.0017524519498956688,0.0077100658450145266,-0.005193367511681194,0.014161782523362386,-0.011645084190029055,0,1,0,0,0,0,0
2023-09-14 22:00:00,-0.00144547,0.0012895170833333326,0.004277689663195973,0.002994382764237181,0.00641653449479396,0.01283306898958792,0.004283899847570514,-0.0017048656809038486,0.007706051578127293,-0.005127017411460627,0.014122586072921252,-0.011543551906254588,0,0,1,0,0,0,0
2023-09-14 23:00:00,-0.00112385,0.0013331420833333325,0.0042460876550405304,0.002972261358528371,0.006369131482560795,0.01273826296512159,0.004305403441861704,-0.0016391192751950385,0.0077022735658941275,-0.005035989399227463,0.014071405048454923,-0.011405120881788258,0,0,1,0,0,0,0
2023-09-15 00:00:00,0.00096061,0.0015709420833333327,0.004045886017848006,0.0028321202124936043,0.0060688290267720095,0.012137658053544019,0.004403062295826937,-0.0012611781291602716,0.0076397711101053424,-0.0044978869434386766,0.013708600136877351,-0.010566715970210687,0,0,1,0,0,0,0
2023-09-15 01:00:00,0.00021854,0.0017313633333333328,0.0039044939234256005,0.0027331457463979202,0.005856740885138401,0.011713481770276802,0.004464509079731253,-0.0010017824130645874,0.007588104218471734,-0.004125377551805068,0.013444845103610135,-0.00998211843694347,0,0,1,0,0,0,0
2023-09-15 02:00:00,0.00015277,0.0018909470833333327,0.003748996583968159,0.0026242976087777112,0.005623494875952238,0.011246989751904477,0.004515244692111044,-0.0007333505254443786,0.007514441959285571,-0.0037325477926189055,0.013137936835237809,-0.009356042668571145,0,0,1,0,0,0,0
2023-09-15 03:00:00,-9.973e-05,0.0020075412499999993,0.0036353760044815155,0.002544763203137061,0.0054530640067222734,0.010906128013444547,0.00455230445313706,-0.0005372219531370615,0.007460605256722272,-0.003445522756722274,0.012913669263444547,-0.008898586763444547,0,0,1,0,0,0,0
2023-09-15 04:00:00,0.00115676,0.002110622083333333,0.0035715183198613033,0.002500062823902912,0.005357277479791955,0.01071455495958391,0.004610684907236245,-0.0003894407405695792,0.007467899563125288,-0.003246655396458622,0.012825177042917243,-0.008603932876250577,0,0,1,0,0,0,0
2023-09-15 05:00:00,0.00059512,0.002155395416666666,0.0035442685198930545,0.002480987963925138,0.005316402779839581,0.010632805559679163,0.004636383380591804,-0.00032559254725847203,0.007471798196506247,-0.0031610073631729153,0.012788200976345828,-0.008477410143012497,0,0,1,0,0,0,0
2023-09-15 06:00:00,0.00025089,0.0021636799999999994,0.003539367289495195,0.0024775571026466364,0.0053090509342427926,0.010618101868485585,0.004641237102646635,-0.000313877102646637,0.007472730934242792,-0.003145370934242793,0.012781781868485585,-0.008454421868485586,0,0,1,0,0,0,0
2023-09-15 07:00:00,0.00050127,0.002168034999999999,0.003537162267346505,0.0024760135871425533,0.005305743401019757,0.010611486802039514,0.004644048587142553,-0.0003079785871425542,0.007473778401019756,-0.003137708401019758,0.012779521802039513,-0.008443451802039516,0,0,1,0,0,0,0
2023-09-15 08:00:00,0.0016964,0.0019464212499999993,0.0033835554670062413,0.002368488826904369,0.005075333200509362,0.010150666401018724,0.004314910076904368,-0.0004220675769043697,0.007021754450509361,-0.003128911950509363,0.012097087651018724,-0.008204245151018724,0,0,1,0,0,0,0
2023-09-15 09:00:00,0.00167609,0.001728335416666666,0.003214148722955871,0.0022499041060691097,0.004821223084433807,0.009642446168867613,0.003978239522735775,-0.0005215686894024438,0.006549558501100472,-0.003092887667767141,0.011370781585534279,-0.007914110752200948,0,0,1,0,0,0,0
2023-09-15 10:00:00,0.00179098,0.0015237304166666663,0.003035114335871658,0.0021245800351101605,0.0045526715038074865,0.009105343007614973,0.003648310451776827,-0.0006008496184434942,0.006076401920474153,-0.00302894108714082,0.010629073424281639,-0.0075816125909483065,0,0,0,0,1,0,0
2023-09-15 11:00:00,0.00203002,0.001334456666666666,0.0028420728390992616,0.001989450987369483,0.004263109258648892,0.008526218517297785,0.003323907654036149,-0.0006549943207028168,0.005597565925315558,-0.0029286525919822266,0.00986067518396445,-0.007191761850631119,0,0,0,0,1,0,0
2023-09-15 12:00:00,0.00211617,0.0011057224999999993,0.002517810339447571,0.0017624672376132995,0.003776715509171356,0.007553431018342712,0.0028681897376132987,-0.0006567447376133002,0.004882438009171356,-0.002670993009171357,0.008659153518342712,-0.006447708518342712,0,0,0,0,1,0,0
2023-09-15 13:00:00,0.00203614,0.000874175416666666,0.002119230292400228,0.0014834612046801595,0.003178845438600342,0.006357690877200684,0.0023576366213468253,-0.0006092857880134934,0.0040530208552670074,-0.0023046700219336758,0.00723186629386735,-0.005483515460534018,0,0,0,0,1,0,0
2023-09-15 14:00:00,0.00195247,0.0006621383333333327,0.001685561084131068,0.0011798927588917475,0.002528341626196602,0.005056683252393204,0.00184203109222508,-0.0005177544255584148,0.0031904799595299346,-0.001866203292863269,0.0057188215857265365,-0.004394544919059871,0,0,0,0,0,1,0
2023-09-15 15:00:00,0.00257661,0.000517479166666666,0.001310434795547938,0.0009173043568835565,0.001965652193321907,0.003931304386643814,0.0014347835235502225,-0.00039982519021689055,0.002483131359988573,-0.001448173026655241,0.00444878355331048,-0.003413825219977148,0,0,0,0,0,0,1
2023-09-15 16:00:00,0.00780863,0.0008777729166666659,0.0019527399366143193,0.0013669179556300235,0.002929109904921479,0.005858219809842958,0.0022446908722966894,-0.0004891450389633576,0.003806882821588145,-0.002051336988254813,0.006735992726509624,-0.004980446893176292,0,0,0,0,0,0,1
2023-09-15 17:00:00,0.00745051,0.0011968254166666661,0.0023524738121243932,0.0016467316684870752,0.00352871071818659,0.00705742143637318,0.0028435570851537413,-0.00044990625182040906,0.004725536134853256,-0.002331885301519924,0.008254246853039847,-0.005860596019706514,0,0,0,0,0,0,1
2023-09-15 18:00:00,0.00689205,0.0014840470833333327,0.002606891363897139,0.0018248239547279971,0.003910337045845709,0.007820674091691418,0.00330887103806133,-0.0003407768713946644,0.005394384129179042,-0.002426289962512376,0.00930472117502475,-0.006336627008358085,0,0,0,0,0,0,1
2023-09-15 19:00:00,0.00628355,0.0017422108333333328,0.002764612989168341,0.0019352290924178387,0.004146919483752512,0.008293838967505024,0.0036774399257511713,-0.0001930182590845059,0.005889130317085845,-0.0024047086504191788,0.010036049800838356,-0.0065516281341716906,0,0,0,0,0,0,1
2023-09-15 20:00:00,0.00357759,0.0019653170833333323,0.002683122566821637,0.0018781857967751457,0.004024683850232455,0.00804936770046491,0.003843502880108478,8.713128655818653e-05,0.005990000933565788,-0.0020593667668991227,0.010014684783798243,-0.006084050617131577,0,0,0,0,1,0,0
2023-09-15 21:00:00,0.00307401,0.002172005416666666,0.002561824424539233,0.001793277097177463,0.00384273663680885,0.0076854732736177,0.003965282513844129,0.00037872831948920294,0.006014742053475516,-0.001670731220142184,0.009857478690284366,-0.005513467856951034,0,0,0,0,1,0,0
2023-09-15 22:00:00,0.00269328,0.0023444533333333325,0.0024443332937878095,0.0017110333056514666,0.003666499940681714,0.007332999881363428,0.0040554866389848,0.0006334200276818659,0.006010953274015046,-0.0013220466073483816,0.009677453214696761,-0.004988546548030095,0,0,0,0,1,0,0
2023-09-15 23:00:00,0.00348973,0.002536685833333333,0.0023388519237623694,0.0016371963466336585,0.003508277885643554,0.007016555771287108,0.004173882179966991,0.0008994894866996743,0.006044963718976887,-0.0009715920523102211,0.009553241604620441,-0.004479869937953775,0,0,0,0,1,0,0
2023-09-16 00:00:00,-0.00079457,0.0024635533333333326,0.002416430542933916,0.001691501380053741,0.003624645814400874,0.007249291628801748,0.004155054713387073,0.0007720519532795915,0.006088199147734207,-0.0011610924810675416,0.009712844962135082,-0.004785738295468416,0,1,0,0,0,0,0
2023-09-16 01:00:00,-0.00085777,0.002418707083333333,0.002469315839355476,0.001728521087548833,0.003703973759033214,0.007407947518066428,0.004147228170882165,0.0006901859957844998,0.0061226808423665464,-0.0012852666756998812,0.00982665460139976,-0.004989240434733096,0,1,0,0,0,0,0
2023-09-16 02:00:00,-0.00082352,0.0023780283333333326,0.0025158698709241514,0.001761108909646906,0.0037738048063862273,0.007547609612772455,0.0041391372429802386,0.0006169194236864267,0.0061518331397195595,-0.0013957764730528946,0.009925637946105787,-0.005169581279439122,0,1,0,0,0,0,0
2023-09-16 03:00:00,-0.00105537,0.002338209999999999,0.0025638940622455743,0.0017947258435719018,0.0038458410933683617,0.007691682186736723,0.004132935843571901,0.0005434841564280971,0.006184051093368361,-0.0015076310933683627,0.010029892186736722,-0.005353472186736725,0,1,0,0,0,0,0
2023-09-16 04:00:00,-0.00086828,0.0022538333333333325,0.0026367519662756867,0.0018457263763929806,0.00395512794941353,0.00791025589882706,0.004099559709726313,0.0004081069569403519,0.006208961282746862,-0.0017012946160801972,0.010164089232160393,-0.005656422565493727,0,1,0,0,0,0,0
2023-09-16 05:00:00,-0.00104284,0.0021855849999999994,0.0027019440548114925,0.0018913608383680446,0.004052916082217238,0.008105832164434477,0.004076945838368044,0.00029422416163195483,0.006238501082217238,-0.001867331082217239,0.010291417164434477,-0.005920247164434477,0,1,0,0,0,0,0
2023-09-16 06:00:00,-0.00115297,0.0021270908333333328,0.002760216797225713,0.0019321517580579992,0.00414032519583857,0.00828065039167714,0.004059242591391332,0.00019493907527533359,0.006267416029171902,-0.002013234362505237,0.010407741225010472,-0.006153559558343806,0,1,0,0,0,0,0
2023-09-16 07:00:00,-0.00122888,0.0020550012499999993,0.0028263269043536047,0.0019784288330475233,0.004239490356530407,0.008478980713060814,0.004033430083047523,7.657241695247603e-05,0.006294491606530407,-0.0021844891065304077,0.010533981963060813,-0.006423979463060815,0,1,0,0,0,0,0
2023-09-16 08:00:00,0.00394394,0.002148648749999999,0.002851055220050529,0.00199573865403537,0.004276582830075794,0.008553165660151588,0.004144387404035369,0.00015291009596462906,0.006425231580075793,-0.0021279340800757947,0.010701814410151587,-0.0064045169101515885,0,0,0,0,1,0,0
2023-09-16 09:00:00,0.00421929,0.0022546154166666658,0.002879844605908999,0.002015891224136299,0.004319766908863498,0.008639533817726997,0.004270506640802965,0.0002387241925303667,0.006574382325530164,-0.0020651514921968326,0.010894149234393663,-0.006384918401060331,0,0,0,0,1,0,0
2023-09-16 10:00:00,0.00431308,0.002359702916666666,0.002908068920029178,0.0020356482440204247,0.004362103380043767,0.008724206760087535,0.004395351160687091,0.0003240546726462415,0.0067218062967104334,-0.002002400463377101,0.0110839096767542,-0.006364503843420868,0,0,0,0,1,0,0
2023-09-16 11:00:00,0.00433363,0.002455686666666666,0.002934609666527403,0.002054226766569182,0.004401914499791104,0.008803828999582208,0.004509913433235848,0.00040145990009748424,0.006857601166457771,-0.001946227833124438,0.011259515666248875,-0.006348142332915542,0,0,0,0,1,0,0
2023-09-16 12:00:00,0.00542768,0.002593666249999999,0.0029951775124761053,0.0020966242587332736,0.004492766268714158,0.008985532537428316,0.004690290508733272,0.0004970419912667255,0.007086432518714157,-0.001899100018714159,0.011579198787428316,-0.006391866287428317,0,0,0,0,0,1,0
2023-09-16 13:00:00,0.00528373,0.0027289824999999993,0.003041890054453887,0.0021293230381177206,0.00456283508168083,0.00912567016336166,0.00485830553811772,0.0005996594618822787,0.007291817581680829,-0.0018338525816808306,0.01185465266336166,-0.006396687663361661,0,0,0,0,0,1,0
2023-09-16 14:00:00,0.00510984,0.002860539583333333,0.003074943080154079,0.002152460156107855,0.004612414620231119,0.009224829240462237,0.005012999739441188,0.000708079427225478,0.007472954203564452,-0.0017518750368977856,0.01208536882379557,-0.006364289657128904,0,0,0,0,0,1,0
2023-09-16 15:00:00,0.00499566,0.0029613333333333327,0.003104734265928817,0.002173313986150172,0.004657101398893226,0.009314202797786452,0.005134647319483505,0.0007880193471831607,0.007618434732226559,-0.0016957680655598933,0.012275536131119785,-0.006352869464453119,0,0,0,0,1,0,0
2023-09-16 16:00:00,0.00472077,0.0028326724999999994,0.0029555229625910294,0.0020688660738137203,0.004433284443886544,0.008866568887773088,0.004901538573813719,0.0007638064261862791,0.007265956943886543,-0.0016006119438865445,0.011699241387773087,-0.006033896387773088,0,0,0,0,1,0,0
2023-09-16 17:00:00,0.00500864,0.002730927916666666,0.002828962261218857,0.0019802735828531996,0.0042434433918282855,0.008486886783656571,0.0047112014995198655,0.0007506543338134664,0.006974371308494952,-0.0015125154751616196,0.011217814700323236,-0.0057559588669899055,0,0,0,0,0,1,0
2023-09-16 18:00:00,0.005424,0.002669759166666666,0.002749842156769693,0.001924889509738785,0.004124763235154539,0.008249526470309078,0.0045946486764054505,0.000744869656927881,0.0067945224018212055,-0.0014550040684878731,0.010919285636975744,-0.005579767303642413,0,0,0,0,0,1,0
2023-09-16 19:00:00,0.00565611,0.0026436158333333327,0.002716775079455014,0.0019017425556185096,0.0040751626191825215,0.008150325238365043,0.004545358388951842,0.000741873277714823,0.0067187784525158546,-0.0014315467858491888,0.010793941071698376,-0.00550670940503171,0,0,0,0,0,1,0
2023-09-16 20:00:00,0.00606131,0.0027471041666666655,0.0027999318840596595,0.0019599523188417616,0.0041998978260894895,0.008399795652178979,0.004707056485508427,0.0007871518478249039,0.006947001992756155,-0.001452793659422824,0.011146899818845644,-0.005652691485512314,0,0,0,0,0,1,0
2023-09-16 21:00:00,0.00615585,0.0028755141666666657,0.0028849547387874435,0.00201946831715121,0.004327432108181165,0.00865486421636233,0.0048949824838178755,0.0008560458495154555,0.007202946274847831,-0.0014519179415144997,0.011530378383028997,-0.005779350049695665,0,0,0,0,0,1,0
2023-09-16 22:00:00,0.00597281,0.0030121612499999996,0.00295281783187928,0.0020669724823154955,0.004429226747818919,0.008858453495637839,0.005079133732315495,0.0009451887676845041,0.0074413879978189185,-0.0014170654978189197,0.011870614745637838,-0.005846292245637839,0,0,0,0,0,1,0
2023-09-16 23:00:00,0.00573736,0.003105812499999999,0.003003825136512104,0.0021026775955584726,0.004505737704768156,0.009011475409536313,0.005208490095558472,0.0010031349044415266,0.0076115502047681555,-0.001399925204768157,0.012117287909536312,-0.005905662909536313,0,0,0,0,0,1,0
2023-09-17 00:00:00,0.00385221,0.003299428333333333,0.0028890546126849183,0.0020223382288794426,0.004333581919027377,0.008667163838054754,0.005321766562212775,0.0012770901044538902,0.0076330102523607096,-0.0010341535856940444,0.011966592171388088,-0.005367735504721421,0,0,0,0,1,0,0
2023-09-17 01:00:00,0.00392918,0.0034988845833333324,0.0027515382484349445,0.001926076773904461,0.004127307372652417,0.008254614745304834,0.005424961357237794,0.0015728078094288714,0.00762619195598575,-0.0006284227893190845,0.011753499328638166,-0.004755730161971502,0,0,0,0,1,0,0
2023-09-17 02:00:00,0.00403861,0.003701473333333333,0.00259393315721384,0.001815753210049688,0.00389089973582076,0.00778179947164152,0.005517226543383021,0.001885720123283645,0.007592373069154093,-0.00018942640248742698,0.011483272804974853,-0.0040803261383081865,0,0,0,0,1,0,0
2023-09-17 03:00:00,0.00391762,0.00390868125,0.002387867614678292,0.0016715073302748043,0.003581801422017438,0.007163602844034876,0.005580188580274804,0.0022371739197251956,0.007490482672017438,0.0003268798279825618,0.011072284094034875,-0.003254921594034876,0,0,0,0,1,0,0
2023-09-17 04:00:00,-0.00058587,0.003920448333333332,0.0023638792652273095,0.0016547154856591166,0.003545818897840964,0.007091637795681928,0.005575163818992449,0.002265732847674216,0.007466267231174296,0.0003746294354923683,0.011012086129015261,-0.0031711894623485956,1,0,0,0,0,0,0
2023-09-17 05:00:00,-0.00083006,0.003929314166666666,0.0023447767208655303,0.001641343704605871,0.0035171650812982954,0.007034330162596591,0.005570657871272537,0.0022879704620607953,0.007446479247964962,0.0004121490853683709,0.010963644329263257,-0.0031050159959299245,1,0,0,0,0,0,0
2023-09-17 06:00:00,-0.0013524,0.003921004583333333,0.002363846589168203,0.001654692612417742,0.0035457698837523047,0.007091539767504609,0.005575697195751074,0.0022663119709155906,0.007466774467085637,0.000375234699581028,0.011012544350837941,-0.0031705351841712767,1,0,0,0,0,0,0
2023-09-17 07:00:00,-0.00159026,0.0039059470833333327,0.0023989672654880097,0.0016792770858416067,0.0035984508982320144,0.007196901796464029,0.005585224169174939,0.002226669997491726,0.0075043979815653476,0.00030749618510131837,0.011102848879797362,-0.003290954713130696,1,0,0,0,0,0,0
2023-09-17 08:00:00,-0.00124731,0.0036896449999999996,0.002619307471994093,0.0018335152303958651,0.00392896120799114,0.00785792241598228,0.005523160230395865,0.0018561297696041345,0.00761860620799114,-0.0002393162079911402,0.01154756741598228,-0.00416827741598228,1,0,0,0,0,0,0
2023-09-17 09:00:00,4.945e-05,0.0035159016666666664,0.0027190452405717685,0.0019033316684002378,0.0040785678608576525,0.008157135721715305,0.005419233335066904,0.0016125699982664286,0.007594469527524319,-0.0005626661941909861,0.011673037388381971,-0.0046412340550486385,0,1,0,0,0,0,0
2023-09-17 10:00:00,0.00024736,0.003346496666666666,0.002792870422291514,0.0019550092956040596,0.004189305633437271,0.008378611266874543,0.0053015059622707255,0.0013914873710626063,0.007535802300103938,-0.0008428089667706054,0.011725107933541208,-0.005032114600207877,0,1,0,0,0,0,0
2023-09-17 11:00:00,0.00027857,0.003177535833333333,0.002852576828968002,0.0019968037802776013,0.004278865243452003,0.008557730486904006,0.005174339613610935,0.0011807320530557316,0.007456401076785336,-0.0011013294101186702,0.01173526632023734,-0.005380194653570673,0,1,0,0,0,0,0
2023-09-17 12:00:00,0.00081636,0.002985397499999999,0.0028497251294197336,0.0019948075905938134,0.004274587694129601,0.008549175388259202,0.0049802050905938125,0.0009905899094061858,0.0072599851941296,-0.0012891901941296017,0.0115345728882592,-0.005563777888259203,0,1,0,0,0,0,0
2023-09-17 13:00:00,0.0007753,0.002797546249999999,0.002840213943813711,0.0019881497606695974,0.004260320915720567,0.008520641831441134,0.004785696010669596,0.0008093964893304017,0.007057867165720566,-0.0014627746657205677,0.011318188081441133,-0.005723095581441134,0,1,0,0,0,0,0
2023-09-17 14:00:00,0.00067996,0.0026129679166666656,0.0028273244376757997,0.0019791271063730595,0.0042409866565137,0.0084819733130274,0.0045920950230397255,0.0006338408102936062,0.006853954573180365,-0.001628018739847034,0.011094941229694065,-0.005869005396360734,0,0,1,0,0,0,0
2023-09-17 15:00:00,0.00027011,0.0024160699999999993,0.002818709777685192,0.001973096844379634,0.004228064666527788,0.008456129333055576,0.004389166844379634,0.00044297315562036527,0.006644134666527787,-0.0018119946665277886,0.010872199333055575,-0.006040059333055577,0,1,0,0,0,0,0
2023-09-17 16:00:00,-0.00035357,0.002204639166666666,0.002828613597672743,0.00198002951837092,0.0042429203965091145,0.008485840793018229,0.0041846686850375864,0.00022460964829574626,0.006447559563175781,-0.0020382812298424483,0.010690479959684895,-0.006281201626351563,0,1,0,0,0,0,0
2023-09-17 17:00:00,0.00051673,0.0020174762499999993,0.002783258647373924,0.0019482810531617465,0.004174887971060886,0.008349775942121771,0.003965757303161746,6.91951968382527e-05,0.006192364221060885,-0.0021574117210608865,0.01036725219212177,-0.006332299692121773,0,0,1,0,0,0,0
2023-09-17 18:00:00,0.00159334,0.001857865416666666,0.0026876062787690534,0.0018813243951383372,0.00403140941815358,0.00806281883630716,0.003739189811805003,-2.3458978471671164e-05,0.005889274834820246,-0.0021735440014869142,0.009920684252973827,-0.006204953419640494,0,0,1,0,0,0,0
2023-09-17 19:00:00,0.00193702,0.0017029033333333327,0.0025634345025286674,0.001794404151770067,0.003845151753793001,0.007690303507586002,0.0034973074851034,-9.15008184367344e-05,0.005548055087126334,-0.002142248420459668,0.009393206840919335,-0.005987400174252669,0,0,0,0,1,0,0
2023-09-17 20:00:00,0.00287104,0.0015699754166666662,0.002405449221144556,0.001683814454801189,0.0036081738317168335,0.007216347663433667,0.0032537898714678553,-0.0001138390381345228,0.0051781492483834995,-0.0020381984150501676,0.008786323080100333,-0.005646372246767001,0,0,0,0,1,0,0
2023-09-17 21:00:00,0.0030452,0.0014403649999999992,0.002224616686192871,0.0015572316803350097,0.003336925029289307,0.006673850058578614,0.0029975966803350088,-0.00011686668033501053,0.004777290029289306,-0.0018965600292893076,0.008114215058578613,-0.005233485058578615,0,0,0,0,0,1,0
2023-09-17 22:00:00,0.00324665,0.0013267749999999994,0.0020455156628482038,0.0014318609639937425,0.0030682734942723056,0.006136546988544611,0.002758635963993742,-0.00010508596399374311,0.004395048494272305,-0.0017414984942723062,0.007463321988544611,-0.004809771988544612,0,0,0,0,0,1,0
2023-09-17 23:00:00,0.0033853,0.0012287724999999992,0.0018741821044329975,0.0013119274731030982,0.0028112731566494963,0.005622546313298993,0.0025406999731030977,-8.315497310309897e-05,0.004040045656649496,-0.001582500656649497,0.006851318813298992,-0.004393773813298993,0,0,0,0,0,1,0
2023-09-18 00:00:00,0.00100979,0.0011103383333333327,0.0017890699097837333,0.0012523489368486131,0.0026836048646756,0.0053672097293512,0.002362687270181946,-0.00014201060351528043,0.0037939431980089323,-0.001573266531342267,0.0064775480626845326,-0.004256871396017867,0,0,1,0,0,0,0
2023-09-18 01:00:00,0.00107049,0.0009912262499999992,0.0016853970154727398,0.0011797779108309178,0.00252809552320911,0.00505619104641822,0.002171004160830917,-0.00018855166083091854,0.0035193217732091093,-0.0015368692732091107,0.006047417296418219,-0.00406496479641822,0,0,0,0,1,0,0
2023-09-18 02:00:00,0.00119073,0.0008725645833333326,0.0015568679697981038,0.0010898075788586725,0.0023353019546971557,0.004670603909394311,0.001962372162192005,-0.00021724299552533988,0.0032078665380304884,-0.001462737371363823,0.005543168492727644,-0.0037980393260609786,0,0,0,0,1,0,0
2023-09-18 03:00:00,0.00141672,0.0007683604166666661,0.0014220531629564987,0.000995437214069549,0.002133079744434748,0.004266159488869496,0.001763797630736215,-0.00022707679740288297,0.0029014401611014142,-0.0013647193277680821,0.005034519905536163,-0.0034977990722028303,0,0,0,0,1,0,0
2023-09-18 04:00:00,0.00215986,0.0008827658333333327,0.0014188117233400184,0.0009931682063380129,0.0021282175850100274,0.004256435170020055,0.0018759340396713455,-0.00011040237300468021,0.00301098341834336,-0.0012454517516766947,0.005139201003353387,-0.003373669336686722,0,0,0,0,0,1,0
2023-09-18 05:00:00,0.00204795,0.001002682916666666,0.0013890624533885053,0.0009723437173719536,0.002083593680082758,0.004167187360165516,0.0019750266340386197,3.0339199294712347e-05,0.003086276596749424,-0.0010809107634160919,0.005169870276832181,-0.00316450444349885,0,0,0,0,0,1,0
2023-09-18 06:00:00,0.00197081,0.0011411499999999994,0.0013073217360499464,0.0009151252152349625,0.0019609826040749194,0.003921965208149839,0.002056275215234962,0.00022602478476503693,0.003102132604074919,-0.00081983260407492,0.0050631152081498385,-0.0027808152081498392,0,0,0,0,1,0,0
2023-09-18 07:00:00,0.00193596,0.0012880758333333327,0.0011788369790234467,0.0008251858853164126,0.0017682554685351701,0.0035365109370703402,0.0021132617186497456,0.00046288994801692014,0.003056331301868503,-0.0004801796352018374,0.004824586770403673,-0.0022484351037370077,0,0,0,0,1,0,0
2023-09-18 08:00:00,0.00242755,0.0014411949999999993,0.0010687178600998707,0.0007481025020699095,0.001603076790149806,0.003206153580299612,0.002189297502069909,0.0006930924979300898,0.0030442717901498053,-0.0001618817901498067,0.004647348580299611,-0.0017649585802996127,0,0,0,0,0,1,0
2023-09-18 09:00:00,0.00284023,0.0015574774999999993,0.0010625125430311921,0.0007437587801218344,0.0015937688145467883,0.0031875376290935765,0.0023012362801218336,0.000813718719878165,0.003151246314546788,-3.6291314546788933e-05,0.004745015129093576,-0.0016300601290935772,0,0,0,0,0,1,0
2023-09-18 10:00:00,0.00297448,0.0016711074999999993,0.0010621361242872747,0.0007434952870010922,0.001593204186430912,0.003186408372861824,0.0024146027870010915,0.0009276122129989071,0.003264311686430911,7.79033135690874e-05,0.004857515872861823,-0.0015153008728618245,0,0,0,0,0,1,0
2023-09-18 11:00:00,0.00257431,0.0017667633333333325,0.0010342835267269505,0.0007239984687088652,0.0015514252900904256,0.003102850580180851,0.0024907618020421976,0.0010427648646244674,0.003318188623423758,0.0002153380432429069,0.004869613913514184,-0.0013360872468475187,0,0,0,0,0,1,0
2023-09-18 12:00:00,0.00354675,0.0018805295833333325,0.0010745784880454952,0.0007522049416318465,0.0016118677320682427,0.0032237354641364855,0.0026327345249651793,0.001128324641701486,0.003492397315401575,0.0002686618512650898,0.005104265047469818,-0.001343205880803153,0,0,0,0,0,0,1
2023-09-18 13:00:00,0.0026591,0.0019590212499999995,0.0010590256428409906,0.0007413179499886934,0.001588538464261486,0.003177076928522972,0.0027003391999886927,0.001217703300011306,0.0035475597142614855,0.0003704827857385134,0.005136098178522971,-0.0012180556785229726,0,0,0,0,1,0,0
2023-09-18 14:00:00,0.00257627,0.002038034166666666,0.0010297842225352985,0.0007208489557747089,0.0015446763338029478,0.0030893526676058955,0.002758883122441375,0.001317185210891957,0.003582710500469614,0.0004933578328637181,0.005127386834272562,-0.0010513185009392296,0,0,0,0,1,0,0
2023-09-18 15:00:00,0.00234788,0.002124607916666666,0.0009596431804132202,0.0006717502262892541,0.0014394647706198302,0.0028789295412396604,0.00279635814295592,0.0014528576903774118,0.003564072687286496,0.0006851431460468357,0.005003537457906326,-0.0007543216245729945,0,0,0,0,1,0,0
2023-09-18 16:00:00,-0.00569897,0.0019018829166666659,0.0018064798485249325,0.0012645358939674528,0.002709719772787399,0.005419439545574798,0.0031664188106341187,0.0006373470226992131,0.004611602689454064,-0.000807836856120733,0.007321322462241464,-0.003517556628908132,1,0,0,0,0,0,0
2023-09-18 17:00:00,-0.00453707,0.001691307916666666,0.0022217771903064024,0.0015552440332144816,0.003332665785459604,0.006665331570919208,0.0032465519498811476,0.0001360638834521843,0.00502397370212627,-0.001641357868792938,0.008356639487585873,-0.004974023654252542,1,0,0,0,0,0,0
2023-09-18 18:00:00,-0.00288513,0.0015047049999999994,0.0024104234703328014,0.0016872964292329608,0.003615635205499202,0.007231270410998404,0.0031920014292329602,-0.00018259142923296142,0.005120340205499202,-0.0021109302054992027,0.008735975410998404,-0.005726565410998405,1,0,0,0,0,0,0
2023-09-18 19:00:00,-0.00169272,0.0013534658333333328,0.0024945237548800667,0.0017461666284160466,0.0037417856323201,0.0074835712646402,0.0030996324617493794,-0.0003927007950827138,0.005095251465653433,-0.0023883197989867672,0.008837037097973533,-0.006130105431306867,0,1,0,0,0,0,0
2023-09-18 20:00:00,-0.00312196,0.0011037574999999994,0.0026321657850594785,0.0018425160495416349,0.003948248677589218,0.007896497355178436,0.0029462735495416345,-0.0007387585495416355,0.005052006177589217,-0.0028444911775892187,0.009000254855178436,-0.006792739855178437,1,0,0,0,0,0,0
2023-09-18 21:00:00,-0.00218555,0.0008858095833333327,0.0026805348131565348,0.0018763743692095743,0.004020802219734802,0.008041604439469604,0.002762183952542907,-0.0009905647858762415,0.0049066118030681345,-0.0031349926364014694,0.008927414022802936,-0.007155794856136271,0,1,0,0,0,0,0
2023-09-18 22:00:00,-0.00174215,0.000677942916666666,0.002682931048203386,0.0018780517337423702,0.00402439657230508,0.00804879314461016,0.0025559946504090363,-0.001200108817075704,0.004702339488971746,-0.0033464536556384135,0.008726736061276824,-0.007370850227943493,0,1,0,0,0,0,0
2023-09-18 23:00:00,-0.00164862,0.00046819624999999937,0.0026587345952603144,0.00186111421668222,0.003988101892890472,0.007976203785780943,0.002329310466682219,-0.0013929179666822206,0.004456298142890471,-0.003519905642890472,0.008444400035780942,-0.007508007535780944,0,1,0,0,0,0,0
2023-09-19 00:00:00,-0.00196487,0.00034425208333333266,0.002701382880455508,0.0018909680163188554,0.004052074320683262,0.008104148641366524,0.002235220099652188,-0.0015467159329855228,0.004396326404016595,-0.0037078222373499296,0.008448400724699857,-0.007759896558033191,0,1,0,0,0,0,0
2023-09-19 01:00:00,-0.00220828,0.000207636666666666,0.002745604120834944,0.0019219228845844608,0.004118406181252416,0.008236812362504831,0.002129559551251127,-0.0017142862179177947,0.004326042847919082,-0.00391076951458575,0.008444449029171497,-0.008029175695838166,0,1,0,0,0,0,0
2023-09-19 02:00:00,-0.00238893,5.8484166666666014e-05,0.002786798353465576,0.001950758847425903,0.004180197530198364,0.008360395060396727,0.002009243014092569,-0.001892274680759237,0.0042386816968650294,-0.004121713363531698,0.008418879227063393,-0.008301910893730061,0,1,0,0,0,0,0
2023-09-19 03:00:00,-0.0027966,-0.00011707083333333398,0.002829892209296139,0.001980924546507297,0.004244838313944208,0.008489676627888416,0.0018638537131739632,-0.0020979953798406312,0.004127767480610874,-0.004361909147277542,0.008372605794555083,-0.00860674746122175,0,1,0,0,0,0,0
2023-09-19 04:00:00,-0.00324994,-0.0003424791666666673,0.0028559754997381486,0.001999182849816704,0.004283963249607223,0.008567926499214446,0.0016567036831500366,-0.002341662016483371,0.003941484082940556,-0.00462644241627389,0.008225447332547778,-0.008910405665881114,0,1,0,0,0,0,0
2023-09-19 05:00:00,-0.00298384,-0.000552137083333334,0.0028575558886840607,0.0020002891220788424,0.004286333833026091,0.008572667666052181,0.0014481520387455084,-0.0025524262054121764,0.0037341967496927566,-0.004838470916359425,0.008020530582718847,-0.009124804749385516,0,1,0,0,0,0,0
2023-09-19 06:00:00,-0.00287672,-0.0007541175000000006,0.0028427536232067886,0.001989927536244752,0.004264130434810183,0.008528260869620366,0.0012358100362447515,-0.0027440450362447525,0.0035100129348101827,-0.005018247934810184,0.007774143369620365,-0.009282378369620366,0,1,0,0,0,0,0
2023-09-19 07:00:00,-0.00253109,-0.000940244583333334,0.002804952011168343,0.00196346640781784,0.004207428016752514,0.008414856033505029,0.0010232218244845058,-0.002903710991151174,0.00326718343341918,-0.005147672600085848,0.007474611450171695,-0.009355100616838363,0,0,1,0,0,0,0
2023-09-19 08:00:00,-0.00295127,-0.001164362083333334,0.002738256174962921,0.0019167793224740446,0.004107384262444382,0.008214768524888763,0.0007524172391407105,-0.003081141405807379,0.0029430221791110476,-0.005271746345777716,0.00705040644155543,-0.009379130608222097,0,0,1,0,0,0,0
2023-09-19 09:00:00,-0.0019925,-0.001365725833333334,0.0026054374267907568,0.0018238061987535296,0.003908156140186135,0.00781631228037227,0.00045808036542019565,-0.0031895320320868637,0.002542430306852801,-0.005273881973519468,0.006450586447038936,-0.009182038113705604,0,0,1,0,0,0,0
2023-09-19 10:00:00,-0.00177534,-0.0015636350000000007,0.002436331529744491,0.0017054320708211434,0.003654497294616736,0.007308994589233472,0.00014179707082114272,-0.003269067070821144,0.0020908622946167353,-0.005218132294616737,0.005745359589233471,-0.008872629589233473,0,0,1,0,0,0,0
2023-09-19 11:00:00,-0.00243456,-0.0017723379166666674,0.0022756930734004134,0.0015929851513802893,0.0034135396101006204,0.006827079220201241,-0.00017935276528637813,-0.003365323068046957,0.001641201693433953,-0.005185877526767288,0.005054741303534573,-0.008599417136867907,0,0,1,0,0,0,0
2023-09-19 12:00:00,-0.00102947,-0.0019630137500000005,0.0019836121870026742,0.001388528530901872,0.002975418280504011,0.005950836561008022,-0.0005744852190981285,-0.0033515422809018724,0.0010124045305040107,-0.004938432030504012,0.003987822811008021,-0.007913850311008023,0,0,0,0,1,0,0
2023-09-19 13:00:00,-0.00109936,-0.0021196162500000007,0.0017357103062183223,0.0012149972143528256,0.0026035654593274836,0.005207130918654967,-0.000904619035647175,-0.0033346134643528263,0.0004839492093274829,-0.004723181709327484,0.0030875146686549664,-0.007326747168654968,0,0,0,0,1,0,0
2023-09-19 14:00:00,-0.00144115,-0.002287008750000001,0.0014299340049485389,0.0010009538034639772,0.0021449010074228083,0.004289802014845617,-0.0012860549465360238,-0.003287962553463978,-0.0001421077425771927,-0.00443190975742281,0.0020027932648456156,-0.006576810764845618,0,0,0,0,1,0,0
2023-09-19 15:00:00,-0.00153728,-0.0024488904166666673,0.00105251917762806,0.000736763424339642,0.0015787787664420902,0.0031575575328841804,-0.0017121269923270253,-0.0031856538410063094,-0.0008701116502245771,-0.0040276691831087575,0.0007086671162175131,-0.005606447949550848,0,0,0,0,0,1,0
2023-09-19 16:00:00,0.00141097,-0.0021526429166666672,0.0010975966914190081,0.0007683176839933057,0.0016463950371285122,0.0032927900742570244,-0.0013843252326733615,-0.002920960600659973,-0.000506247879538155,-0.0037990379537951795,0.0011401471575903572,-0.005445432990923692,0,0,0,0,0,0,1
2023-09-19 17:00:00,0.00263238,-0.001853915833333334,0.0013637825968049924,0.0009546478177634946,0.0020456738952074885,0.004091347790414977,-0.0008992680155698394,-0.0028085636510968284,0.00019175806187415444,-0.0038995897285408225,0.002237431957081643,-0.005945263623748311,0,0,0,0,0,0,1
2023-09-19 18:00:00,0.00287933,-0.0016137300000000005,0.0016515268320876277,0.0011560687824613393,0.0024772902481314417,0.004954580496262883,-0.0004576612175386612,-0.00276979878246134,0.0008635602481314412,-0.004091020248131442,0.0033408504962628826,-0.006568310496262884,0,0,0,0,0,0,1
2023-09-19 19:00:00,0.00321989,-0.0014090379166666674,0.0019233746462043529,0.0013463622523430469,0.0028850619693065295,0.005770123938613059,-6.267566432362052e-05,-0.002755400169009714,0.0014760240526398621,-0.004294099885973197,0.004361086021946392,-0.007179161855279726,0,0,0,0,0,0,1
2023-09-19 20:00:00,0.00259808,-0.0011707029166666673,0.0020519886100552514,0.0014363920270386759,0.003077982915082877,0.006155965830165754,0.00026568911037200857,-0.002607094943705343,0.0019072799984162097,-0.0042486858317495445,0.004985262913499087,-0.007326668746832421,0,0,0,0,0,0,1
2023-09-19 21:00:00,0.00236537,-0.0009810812500000007,0.0021614815864555315,0.001513037110518872,0.0032422223796832973,0.006484444759366595,0.0005319558605188712,-0.0024941183605188726,0.0022611411296832966,-0.004223303629683298,0.005503363509366594,-0.007465526009366595,0,0,0,0,0,0,1
2023-09-19 22:00:00,0.00242328,-0.0008075216666666674,0.0022625837529591263,0.0015838086270713884,0.0033938756294386897,0.0067877512588773795,0.0007762869604047211,-0.0023913302937380557,0.0025863539627720223,-0.004201397296105357,0.005980229592210712,-0.007595272925544047,0,0,0,0,0,1,0
2023-09-19 23:00:00,0.00219669,-0.0006473004166666674,0.0023354107864851574,0.0016347875505396102,0.003503116179727736,0.007006232359455472,0.0009874871338729427,-0.0022820879672062777,0.0028558157630610686,-0.004150416596394403,0.0063589319427888044,-0.007653532776122139,0,0,0,0,0,1,0
2023-09-20 00:00:00,-0.00260195,-0.0006738454166666674,0.0023545797700911574,0.00164820583906381,0.003531869655136736,0.007063739310273472,0.0009743604223971426,-0.0023220512557304775,0.0028580242384700686,-0.004205715071803403,0.006389893893606805,-0.00773758472694014,0,1,0,0,0,0,0
2023-09-20 01:00:00,-0.00243576,-0.0006833237500000008,0.0023614729461373194,0.0016530310622961235,0.003542209419205979,0.007084418838411958,0.0009697073122961227,-0.002336354812296124,0.002858885669205978,-0.00422553316920598,0.006401095088411957,-0.007767742588411959,0,1,0,0,0,0,0
2023-09-20 02:00:00,-0.00128187,-0.0006371962500000007,0.0023373977722913105,0.0016361784406039174,0.0035060966584369658,0.0070121933168739315,0.0009989821906039166,-0.002273374690603918,0.002868900408436965,-0.004143292908436966,0.006374997066873931,-0.007649389566873932,0,0,1,0,0,0,0
2023-09-20 03:00:00,-0.00040825,-0.0005376816666666674,0.0022918624297695893,0.0016043037008387124,0.003437793644654384,0.006875587289308768,0.0010666220341720451,-0.0021419853675053798,0.0029001119779877163,-0.003975475311321051,0.006337905622642101,-0.007413268955975435,0,0,0,0,1,0,0
2023-09-20 04:00:00,-0.00145581,-0.00046292625000000074,0.0022279163746384044,0.001559541462246883,0.0033418745619576066,0.006683749123915213,0.0010966152122468822,-0.002022467712246884,0.0028789483119576057,-0.0038048008119576076,0.006220822873915213,-0.007146675373915214,0,0,1,0,0,0,0
2023-09-20 05:00:00,-0.00119901,-0.000388558333333334,0.0021691226500106797,0.0015183858550074758,0.0032536839750160196,0.006507367950032039,0.0011298275216741417,-0.0019069441883408098,0.0028651256416826858,-0.0036422423083493534,0.006118809616698705,-0.006895926283365373,0,0,1,0,0,0,0
2023-09-20 06:00:00,-0.00143855,-0.000328634583333334,0.002116626665128075,0.0014816386655896524,0.0031749399976921124,0.006349879995384225,0.0011530040822563183,-0.0018102732489229864,0.0028463054143587786,-0.0035035745810254463,0.0060212454120508905,-0.006678514578717559,0,0,1,0,0,0,0
2023-09-20 07:00:00,-0.00170282,-0.000294123333333334,0.0020856808415349332,0.0014599765890744533,0.0031285212623024,0.0062570425246048,0.0011658532557411194,-0.0017540999224077872,0.002834397928969066,-0.0034226445956357337,0.005962919191271465,-0.006551165857938134,0,0,1,0,0,0,0
2023-09-20 08:00:00,-0.00299159,-0.000295803333333334,0.0020879292367356303,0.001461550465714941,0.0031318938551034457,0.006263787710206891,0.001165747132381607,-0.0017573537990482752,0.002836090521770112,-0.0034276971884367796,0.0059679843768735575,-0.006559591043540225,0,1,0,0,0,0,0
2023-09-20 09:00:00,-0.00269304,-0.0003249925000000006,0.0021173694849533965,0.0014821586394673774,0.003176054227430095,0.00635210845486019,0.0011571661394673767,-0.001807151139467378,0.0028510617274300942,-0.0035010467274300956,0.00602711595486019,-0.00667710095486019,0,1,0,0,0,0,0
2023-09-20 10:00:00,-0.00267205,-0.0003623554166666673,0.0021517081047009016,0.001506195673290631,0.0032275621570513526,0.006455124314102705,0.0011438402566239638,-0.0018685510899572983,0.0028652067403846853,-0.00358991757371802,0.006092768897436038,-0.0068174797307693725,0,1,0,0,0,0,0
2023-09-20 11:00:00,-0.00263607,-0.0003707516666666673,0.0021605207997666058,0.0015123645598366239,0.0032407811996499085,0.006481562399299817,0.0011416128931699566,-0.0018831162265032912,0.0028700295329832414,-0.0036115328663165755,0.00611081073263315,-0.006852314065966484,0,1,0,0,0,0,0
2023-09-20 12:00:00,-0.00211394,-0.00041593791666666734,0.002186085895657367,0.0015302601269601567,0.00327912884348605,0.0065582576869721,0.0011143222102934893,-0.001946198043626824,0.002863190926819383,-0.0036950667601527176,0.006142319770305433,-0.006974195603638767,0,1,0,0,0,0,0
2023-09-20 13:00:00,-0.00194939,-0.000451355833333334,0.0022044485532431643,0.0015431139872702148,0.0033066728298647464,0.006613345659729493,0.0010917581539368808,-0.0019944698206035487,0.0028553169965314126,-0.0037580286631980803,0.006161989826396159,-0.007064701493062827,0,0,1,0,0,0,0
2023-09-20 14:00:00,-0.00186996,-0.0004692229166666673,0.0022145343259133733,0.0015501740281393612,0.00332180148887006,0.00664360297774012,0.0010809511114726938,-0.0020193969448060282,0.002852578572203393,-0.003791024405536727,0.006174380061073453,-0.007112825894406787,0,0,1,0,0,0,0
2023-09-20 15:00:00,-0.00183564,-0.00048165458333333393,0.002221616852020929,0.0015551317964146503,0.003332425278031394,0.006664850556062788,0.0010734772130813165,-0.0020367863797479844,0.00285077069469806,-0.003814079861364728,0.006183195972729454,-0.007146505139396121,0,0,1,0,0,0,0
2023-09-20 16:00:00,0.00139836,-0.00048218000000000067,0.002221151223732394,0.0015548058566126756,0.003331726835598591,0.006663453671197182,0.001072625856612675,-0.0020369858566126765,0.00284954683559859,-0.0038139068355985918,0.006181273671197181,-0.007145633671197182,0,0,0,0,0,1,0
2023-09-20 17:00:00,0.00197205,-0.0005096937500000007,0.002184683702055154,0.0015292785914386075,0.003277025553082731,0.006554051106165462,0.0010195848414386068,-0.0020389723414386083,0.00276733180308273,-0.0037867193030827317,0.006044357356165461,-0.007063744856165463,0,0,0,0,0,1,0
2023-09-20 18:00:00,0.00233223,-0.0005324895833333339,0.0021503686561278974,0.0015052580592895281,0.003225552984191846,0.006451105968383692,0.0009727684759561942,-0.002037747642622862,0.002693063400858512,-0.00375804256752518,0.005918616385050359,-0.006983595551717026,0,0,0,0,0,1,0
2023-09-20 19:00:00,0.0013273,-0.0006113475000000006,0.0020385756138653816,0.0014270029297057671,0.0030578634207980727,0.006115726841596145,0.0008156554297057665,-0.002038350429705768,0.002446515920798072,-0.003669210920798073,0.005504379341596145,-0.006727074341596146,0,0,0,0,0,1,0
2023-09-20 20:00:00,0.00299801,-0.0005946837500000007,0.0020673818206146705,0.0014471672744302692,0.003101072730922006,0.006202145461844012,0.0008524835244302684,-0.0020418510244302698,0.002506388980922005,-0.0036957564809220068,0.005607461711844011,-0.006796829211844013,0,0,0,0,0,0,1
2023-09-20 21:00:00,0.00347426,-0.0005484800000000006,0.002147260183321812,0.0015030821283252684,0.0032208902749827177,0.006441780549965435,0.0009546021283252678,-0.002051562128325269,0.002672410274982717,-0.003769370274982718,0.005893300549965435,-0.006990260549965436,0,0,0,0,0,0,1
2023-09-20 22:00:00,0.00363925,-0.000497814583333334,0.002233060117289022,0.0015631420821023154,0.003349590175933533,0.006699180351867066,0.0010653274987689814,-0.0020609566654356494,0.002851775592600199,-0.003847404759266867,0.006201365768533732,-0.0071969949352004,0,0,0,0,0,0,1
2023-09-20 23:00:00,0.00345306,-0.00044546583333333396,0.0023122933076644477,0.0016186053153651133,0.0034684399614966716,0.006936879922993343,0.0011731394820317794,-0.0020640711486984474,0.0030229741281633375,-0.003913905794830005,0.0064914140896600095,-0.007382345756326677,0,0,0,0,0,0,1
2023-09-21 00:00:00,-8.57e-06,-0.00033740833333333395,0.002267294189731308,0.0015871059328119155,0.0034009412845969617,0.006801882569193923,0.0012496975994785815,-0.0019245142661452495,0.0030635329512636277,-0.0037383496179302957,0.006464474235860589,-0.007139290902527257,0,0,0,0,1,0,0
2023-09-21 01:00:00,0.00124797,-0.00018391958333333397,0.0022436311922176635,0.0015705418345523644,0.0033654467883264955,0.006730893576652991,0.0013866222512190305,-0.0017544614178856984,0.0031815272049931613,-0.0035493663716598296,0.006546973993319657,-0.006914813159986325,0,0,0,0,1,0,0
2023-09-21 02:00:00,0.00203143,-4.586541666666732e-05,0.0022748542724699205,0.0015923979907289444,0.003412281408704881,0.006824562817409762,0.001546532574062277,-0.0016382634073956116,0.0033664159920382135,-0.003458146825371548,0.006778697400743094,-0.006870428234076429,0,0,0,0,0,1,0
2023-09-21 03:00:00,0.00226469,6.550708333333269e-05,0.002321298145430481,0.0016249087018013364,0.003481947218145721,0.006963894436291442,0.001690415785134669,-0.0015594016184680038,0.0035474543014790538,-0.0034164401348123884,0.007029401519624775,-0.0068983873529581095,0,0,0,0,0,1,0
2023-09-21 04:00:00,0.00191277,0.00020586458333333272,0.0023271455363339396,0.0016290018754337575,0.003490718304500909,0.006981436609001818,0.0018348664587670902,-0.001423137292100425,0.003696582887834242,-0.0032848537211675765,0.007187301192335151,-0.006775572025668485,0,0,0,0,0,1,0
2023-09-21 05:00:00,0.0013468,0.0003119399999999993,0.0023183292256073636,0.0016228304579251544,0.0034774938384110454,0.006954987676822091,0.0019347704579251537,-0.0013108904579251551,0.0037894338384110446,-0.003165553838411046,0.00726692767682209,-0.0066430476768220914,0,0,0,0,1,0,0
2023-09-21 06:00:00,0.00117537,0.0004208533333333327,0.0022937871148098177,0.0016056509803668722,0.0034406806722147264,0.006881361344429453,0.002026504313700205,-0.0011847976470335396,0.003861534005548059,-0.0030198273388813935,0.007302214677762786,-0.00646050801109612,0,0,0,0,1,0,0
2023-09-21 07:00:00,0.001233,0.000543179166666666,0.0022535385864959653,0.0015774770105471756,0.0033803078797439478,0.0067606157594878955,0.0021206561772138415,-0.0010342978438805097,0.003923487046410614,-0.0028371287130772816,0.007303794926154562,-0.006217436592821229,0,0,0,0,1,0,0
2023-09-21 08:00:00,0.00448403,0.0008546633333333327,0.00226035017162071,0.001582245120134497,0.0033905252574310653,0.006781050514862131,0.00243690845346783,-0.0007275817868011644,0.004245188590764398,-0.0025358619240977327,0.007635713848195463,-0.005926387181528798,0,0,0,0,0,0,1
2023-09-21 09:00:00,0.00351556,0.0011133549999999992,0.0021908829440048273,0.001533618060803379,0.003286324416007241,0.006572648832014482,0.0026469730608033783,-0.00042026306080337984,0.00439967941600724,-0.002172969416007242,0.007686003832014481,-0.005459293832014483,0,0,0,0,0,1,0
2023-09-21 10:00:00,0.00333301,0.0013635658333333326,0.002079865296095982,0.0014559057072671875,0.003119797944143973,0.006239595888287946,0.00281947154060052,-9.233987393385485e-05,0.004483363777477305,-0.0017562321108106405,0.007603161721621279,-0.004876030054954614,0,0,0,0,0,1,0
2023-09-21 11:00:00,0.00395456,0.001638175416666666,0.001960486028492334,0.0013723402199446336,0.0029407290427385007,0.005881458085477001,0.0030105156366112993,0.0002658351967220324,0.004578904459405167,-0.0013025536260718347,0.007519633502143667,-0.004243282668810335,0,0,0,0,0,1,0
2023-09-21 12:00:00,0.0036862,0.001879847916666666,0.0018310715088476542,0.0012817500561933578,0.0027466072632714813,0.005493214526542963,0.003161597972860024,0.0005980978604733082,0.0046264551799381475,-0.0008667593466048153,0.007373062443209628,-0.003613366609876297,0,0,0,0,0,1,0
2023-09-21 13:00:00,0.00412829,0.002133084583333333,0.0016935717771109223,0.0011855002439776455,0.0025403576656663836,0.005080715331332767,0.0033185848273109787,0.0009475843393556874,0.0046734422489997166,-0.00040727308233305063,0.0072137999146661,-0.0029476307479994342,0,0,0,0,0,1,0
2023-09-21 14:00:00,0.0044368,0.0023958662499999994,0.0015264864638312255,0.0010685405246818578,0.002289729695746838,0.004579459391493676,0.0034644067746818575,0.0013273257253181416,0.0046855959457468375,0.00010613655425316133,0.006975325641493675,-0.0021835931414936768,0,0,0,0,0,1,0
2023-09-21 15:00:00,0.00428043,0.0026507024999999993,0.0012799633197608858,0.00089597432383262,0.0019199449796413288,0.0038398899592826576,0.0035466768238326192,0.0017547281761673794,0.004570647479641328,0.0007307575203586705,0.006490592459282657,-0.0011891874592826583,0,0,0,0,0,1,0
2023-09-21 16:00:00,0.00158839,0.0026586204166666656,0.0012724451259563544,0.000890711588169448,0.0019086676889345316,0.003817335377869063,0.003549332004836114,0.0017679088284972176,0.004567288105601197,0.000749952727732134,0.006475955794535729,-0.0011587149612023975,0,1,0,0,0,0,0
2023-09-21 17:00:00,0.00098089,0.002617322083333333,0.0013111917732753161,0.0009178342412927212,0.0019667876599129743,0.003933575319825949,0.003535156324626054,0.0016994878420406117,0.004584109743246308,0.0006505344234203586,0.006550897403159282,-0.0013162532364926157,0,1,0,0,0,0,0
2023-09-21 18:00:00,0.0005725,0.0025439999999999994,0.0013754547344790042,0.0009628183141353029,0.0020631821017185062,0.0041263642034370124,0.003506818314135302,0.0015811816858646965,0.004607182101718506,0.00048081789828149316,0.006670364203437012,-0.001582364203437013,0,1,0,0,0,0,0
2023-09-21 19:00:00,-0.00030706,0.002475901666666666,0.001475157010852533,0.001032609907596773,0.0022127355162787996,0.004425471032557599,0.0035085115742634386,0.0014432917590698929,0.004688637182945465,0.00026316615038786623,0.006901372699224265,-0.0019495693658909334,1,0,0,0,0,0,0
2023-09-21 20:00:00,0.00075321,0.0023823683333333324,0.0015113359278027462,0.0010579351494619223,0.0022670038917041195,0.004534007783408239,0.0034403034827952548,0.0013244331838714101,0.004649372225037452,0.00011536444162921298,0.006916376116741571,-0.0021516394500749065,0,1,0,0,0,0,0
2023-09-21 21:00:00,0.0003013,0.002250161666666666,0.0015499546434394695,0.0010849682504076286,0.0023249319651592044,0.004649863930318409,0.0033351299170742946,0.0011651934162590374,0.00457509363182587,-7.477029849253846e-05,0.006900025596985075,-0.002399702263651743,0,1,0,0,0,0,0
2023-09-21 22:00:00,0.00032225,0.0021119533333333325,0.0015684817649360722,0.0010979372354552506,0.0023527226474041084,0.004705445294808217,0.003209890568788583,0.001014016097878082,0.0044646759807374405,-0.00024076931407077595,0.00681739862814155,-0.0025934919614748844,0,1,0,0,0,0,0
2023-09-21 23:00:00,0.0006416,0.0019948091666666663,0.001568953289605923,0.0010982673027241459,0.0023534299344088842,0.0047068598688177685,0.003093076469390812,0.0008965418639425204,0.004348239101075551,-0.0003586207677422179,0.006701669035484435,-0.002712050702151102,0,1,0,0,0,0,0
2023-09-22 00:00:00,-0.00253454,0.001889560416666666,0.0017797502557737332,0.0012458251790416132,0.0026696253836606,0.0053392507673212,0.0031353855957082792,0.0006437352376250528,0.004559185800327266,-0.000780064966993934,0.007228811183987866,-0.003449690350654534,1,0,0,0,0,0,0
2023-09-22 01:00:00,-0.00345522,0.001693594166666666,0.0020860418657435514,0.0014602293060204858,0.003129062798615327,0.006258125597230654,0.0031538234726871516,0.0002333648606461802,0.004822656965281993,-0.0014354686319486608,0.00795171976389732,-0.004564531430563987,1,0,0,0,0,0,0
2023-09-22 02:00:00,-0.00387302,0.001447575416666666,0.0023729140050323945,0.0016610398035226761,0.0035593710075485915,0.007118742015097183,0.003108615220189342,-0.00021346438685601013,0.0050069464242152575,-0.0021117955908819255,0.008566317431763849,-0.005671166598430517,1,0,0,0,0,0,0
2023-09-22 03:00:00,-0.00417209,0.0011793762499999992,0.0026267288654736017,0.001838710205831521,0.003940093298210403,0.007880186596420806,0.0030180864558315202,-0.0006593339558315218,0.005119469548210402,-0.0027607170482104038,0.009059562846420805,-0.006700810346420807,1,0,0,0,0,0,0
2023-09-22 04:00:00,-0.00498134,0.000892121666666666,0.002905238131954619,0.0020336666923682334,0.004357857197931929,0.008715714395863858,0.0029257883590348994,-0.0011415450257015675,0.005249978864598596,-0.0034657355312652633,0.009607836062530524,-0.007823592729197193,1,0,0,0,0,0,0
2023-09-22 05:00:00,-0.00488999,0.0006322554166666661,0.003132818911119864,0.0021929732377839045,0.004699228366679796,0.009398456733359591,0.0028252286544505705,-0.0015607178211172385,0.005331483783346462,-0.004066972950013129,0.010030712150026258,-0.008766201316692925,1,0,0,0,0,0,0
2023-09-22 06:00:00,-0.0045443,0.00039393583333333267,0.0033026563271232323,0.0023118594289862626,0.0049539844906848485,0.009907968981369697,0.0027057952623195953,-0.00191792359565293,0.005347920324018181,-0.004560048657351516,0.01030190481470303,-0.009514033148036364,0,1,0,0,0,0,0
2023-09-22 07:00:00,-0.0042019,0.00016748166666666602,0.0034266241171650473,0.002398636882015533,0.0051399361757475705,0.010279872351495141,0.002566118548682199,-0.002231155215348867,0.0053074178424142365,-0.0049724545090809045,0.010447354018161808,-0.010112390684828474,0,1,0,0,0,0,0
2023-09-22 08:00:00,-0.00157099,-8.481083333333397e-05,0.0033161159405454047,0.002321281158381783,0.004974173910818107,0.009948347821636214,0.002236470325048449,-0.002406091991715117,0.004889363077484773,-0.005058984744151441,0.00986353698830288,-0.010033158654969548,0,0,1,0,0,0,0
2023-09-22 09:00:00,-0.00316347,-0.00036310375000000067,0.0032809007167570177,0.0022966305017299124,0.004921351075135526,0.009842702150271053,0.0019335267517299117,-0.002659734251729913,0.004558247325135526,-0.005284454825135527,0.009479598400271051,-0.010205805900271054,0,1,0,0,0,0,0
2023-09-22 10:00:00,-0.00276043,-0.0006169970833333339,0.003217600721756604,0.0022523205052296224,0.004826401082634906,0.009652802165269812,0.0016353234218962885,-0.0028693175885629563,0.0042094039993015725,-0.0054433981659682395,0.009035805081936478,-0.010269799248603146,0,0,1,0,0,0,0
2023-09-22 11:00:00,-0.00212732,-0.0008704087500000006,0.0030783865982184026,0.0021548706187528815,0.004617579897327604,0.009235159794655208,0.001284461868752881,-0.003025279368752882,0.0037471711473276033,-0.005487988647327605,0.008364751044655207,-0.010105568544655209,0,0,1,0,0,0,0
2023-09-22 12:00:00,-0.00143562,-0.0010838179166666672,0.002922345768791698,0.0020456420381541884,0.004383518653187547,0.008767037306375094,0.0009618241214875212,-0.0031294599548208554,0.00329970073652088,-0.005467336569854214,0.007683219389708427,-0.00985085522304176,0,0,1,0,0,0,0
2023-09-22 13:00:00,-0.00100156,-0.0012975616666666672,0.0027039957090794113,0.0018927969963555879,0.0040559935636191174,0.008111987127238235,0.0005952353296889206,-0.003190358663022255,0.0027584318969524502,-0.005353555230285785,0.006814425460571568,-0.009409548793904902,0,0,0,0,1,0,0
2023-09-22 14:00:00,-0.00082938,-0.0015169858333333342,0.0024168556420113433,0.0016917989494079403,0.003625283463017015,0.00725056692603403,0.0001748131160746061,-0.0032087847827412747,0.0021082976296836805,-0.005142269296350349,0.005733581092700696,-0.008767552759367364,0,0,0,0,1,0,0
2023-09-22 15:00:00,-0.0010468,-0.0017389537500000004,0.002082807132714499,0.0014579649929001492,0.0031242106990717485,0.006248421398143497,-0.00028098875709985116,-0.0031969187429001494,0.0013852569490717481,-0.004863164449071749,0.004509467648143497,-0.007987375148143497,0,0,0,0,1,0,0
2023-09-22 16:00:00,0.00256967,-0.001698067083333334,0.0021591953877606743,0.0015114367714324718,0.0032387930816410115,0.006477586163282023,-0.00018663031190086225,-0.0032095038547658057,0.0015407259983076774,-0.004936860164974345,0.004779519079948689,-0.008175653246615356,0,0,0,0,0,0,1
2023-09-22 17:00:00,0.00395238,-0.0015742550000000007,0.0023921220653548543,0.001674485445748398,0.0035881830980322815,0.007176366196064563,0.00010023044574839716,-0.0032487404457483987,0.002013928098032281,-0.005162438098032282,0.005602111196064562,-0.008750621196064564,0,0,0,0,0,0,1
2023-09-22 18:00:00,0.00406699,-0.0014286512500000005,0.0026236216315676784,0.0018365351420973747,0.003935432447351518,0.007870864894703036,0.0004078838920973742,-0.003265186392097375,0.0025067811973515175,-0.005364083697351518,0.006442213644703035,-0.009299516144703037,0,0,0,0,0,0,1
2023-09-22 19:00:00,0.00421504,-0.0012402304166666675,0.0028594557619324467,0.0020016190333527126,0.00428918364289867,0.00857836728579734,0.0007613886166860451,-0.00324184945001938,0.003048953226232003,-0.005529414059565338,0.007338136869130673,-0.009818597702464009,0,0,0,0,0,0,1
2023-09-22 20:00:00,0.00614802,-0.0010154466666666673,0.0032131454232679343,0.002249201796287554,0.004819718134901901,0.009639436269803802,0.0012337551296208865,-0.003264648462954221,0.0038042714682352337,-0.005835164801568569,0.008623989603137134,-0.01065488293647047,0,0,0,0,0,0,1
2023-09-22 21:00:00,0.00639701,-0.0007614587500000008,0.00354548970139519,0.002481842790976633,0.0053182345520927845,0.010636469104185569,0.001720384040976632,-0.003243301540976634,0.004556775802092784,-0.006079693302092785,0.009875010354185568,-0.01139792785418557,0,0,0,0,0,0,1
2023-09-22 22:00:00,0.00664972,-0.0004978141666666674,0.0038516195280292017,0.002696133669620441,0.005777429292043803,0.011554858584087606,0.0021983195029537735,-0.0031939478362871085,0.005279615125377135,-0.0062752434587104704,0.011057044417420938,-0.012052672750754273,0,0,0,0,0,0,1
2023-09-22 23:00:00,0.00654536,-0.0002518241666666674,0.004107575983135918,0.0028753031881951423,0.006161363974703876,0.012322727949407752,0.002623479021528475,-0.0031271273548618096,0.0059095398080372084,-0.006413188141370544,0.012070903782741085,-0.01257455211607442,0,0,0,0,0,0,1
2023-09-23 00:00:00,0.00493714,5.9495833333332616e-05,0.004208937822456462,0.002946256475719523,0.006313406733684693,0.012626813467369385,0.0030057523090528558,-0.0028867606423861906,0.006372902567018025,-0.00625391090035136,0.012686309300702718,-0.012567317634036053,0,0,0,0,0,1,0
2023-09-23 01:00:00,0.00474131,0.00040101791666666595,0.004243744681223106,0.0029706212768561744,0.00636561702183466,0.01273123404366932,0.00337163919352284,-0.0025696033601895086,0.006766634938501326,-0.005964599105167993,0.013132251960335985,-0.012330216127002653,0,0,0,0,0,1,0
2023-09-23 02:00:00,0.00447712,0.0007489404166666659,0.004220331182362637,0.002954231827653846,0.006330496773543956,0.012660993547087912,0.003703172244320512,-0.00220529141098718,0.007079437190210622,-0.00558155635687729,0.013409933963754578,-0.011912053130421246,0,0,0,0,0,1,0
2023-09-23 03:00:00,0.00397582,0.001088436666666666,0.00413409744230121,0.002893868209610847,0.006201146163451816,0.012402292326903631,0.003982304876277513,-0.0018054315429441809,0.007289582830118482,-0.0051127094967851495,0.013490728993570298,-0.011313855660236965,0,0,0,0,1,0,0
2023-09-23 04:00:00,0.00383662,0.0014558516666666659,0.0039593477191882725,0.0027715434034317906,0.005939021578782408,0.011878043157564817,0.004227395070098457,-0.0013156917367651247,0.007394873245449074,-0.004483169912115743,0.013333894824231482,-0.010422191490898151,0,0,0,0,1,0,0
2023-09-23 05:00:00,0.00379767,0.0018178374999999992,0.00374530190990786,0.0026217113369355017,0.00561795286486179,0.01123590572972358,0.004439548836935501,-0.0008038738369355025,0.007435790364861789,-0.0038001153648617907,0.013053743229723578,-0.00941806822972358,0,0,0,0,1,0,0
2023-09-23 06:00:00,0.0037874,0.0021649916666666657,0.003508607958933784,0.0024560255712536487,0.005262911938400676,0.010525823876801352,0.004621017237920314,-0.000291033904586983,0.007427903605067341,-0.0030979202717340104,0.012690815543468018,-0.008360832210134686,0,0,0,0,1,0,0
2023-09-23 07:00:00,0.00399149,0.002506382916666666,0.0032513490219018733,0.002275944315331311,0.00487702353285281,0.00975404706570562,0.0047823272319979775,0.00023043860133535468,0.007383406449519476,-0.002370640616186144,0.012260429982372286,-0.007247664149038954,0,0,0,0,1,0,0
2023-09-23 08:00:00,0.00380036,0.0027301891666666658,0.0031414928998860954,0.0021990450299202665,0.004712239349829143,0.009424478699658286,0.004929234196586932,0.0005311441367463992,0.007442428516495809,-0.0019820501831624773,0.012154667866324952,-0.00669428953299162,0,0,0,0,1,0,0
2023-09-23 09:00:00,0.00151155,0.002924981666666666,0.002895466395810413,0.0020268264770672887,0.004343199593715619,0.008686399187431238,0.004951808143733955,0.0008981551895993773,0.0072681812603822855,-0.001418217927048953,0.011611380854097905,-0.005761417520764572,0,0,1,0,0,0,0
2023-09-23 10:00:00,0.00201326,0.003123885416666666,0.002640681035912245,0.0018484767251385715,0.003961021553868368,0.007922043107736736,0.004972362141805237,0.0012754086915280943,0.0070849069705350345,-0.0008371361372017023,0.011045928524403403,-0.00479815769107007,0,0,1,0,0,0,0
2023-09-23 11:00:00,0.00216259,0.003302631666666666,0.002404394897153672,0.0016830764280075703,0.003606592345730508,0.007213184691461016,0.0049857080946742365,0.001619555238659096,0.006909224012397174,-0.00030396067906384187,0.010515816358127683,-0.0039105530247943495,0,0,1,0,0,0,0
2023-09-23 12:00:00,0.00241758,0.003463181666666666,0.002193659809042056,0.0015355618663294391,0.0032904897135630842,0.0065809794271261685,0.0049987435329961055,0.0019276198003372268,0.00675367138022975,0.00017269195310358173,0.010044161093792834,-0.0031177977604595025,0,0,1,0,0,0,0
2023-09-23 13:00:00,0.00288779,0.0036252379166666657,0.001983038524627537,0.0013881269672392758,0.0029745577869413056,0.005949115573882611,0.005013364883905942,0.0022371109494273896,0.006599795703607971,0.0006506801297253601,0.009574353490549277,-0.0023238776572159455,0,0,1,0,0,0,0
2023-09-23 14:00:00,0.00339021,0.003801054166666666,0.0017435085319350504,0.0012204559723545353,0.0026152627979025758,0.0052305255958051515,0.0050215101390212015,0.0025805981943121305,0.006416316964569242,0.0011857913687640903,0.009031579762471818,-0.0014294714291384855,0,0,1,0,0,0,0
2023-09-23 15:00:00,0.00385277,0.004005202916666666,0.001405217752528819,0.0009836524267701732,0.0021078266287932286,0.004215653257586457,0.00498885534343684,0.003021550489896493,0.006113029545459895,0.0018973762878734379,0.008220856174253124,-0.0002104503409197907,0,0,1,0,0,0,0
2023-09-23 16:00:00,-0.00072701,0.0038678412499999998,0.0016849318952960456,0.001179452326707232,0.0025273978429440685,0.005054795685888137,0.005047293576707232,0.0026883889232927677,0.006395239092944068,0.0013404434070559313,0.008922636935888137,-0.0011869544358881373,1,0,0,0,0,0,0
2023-09-23 17:00:00,-0.00428363,0.0035246741666666664,0.0023674413405376823,0.0016572089383763775,0.0035511620108065233,0.0071023240216130466,0.005181883105043044,0.0018674652282902888,0.007075836177473189,-2.6487844139856925e-05,0.010626998188279713,-0.00357764985494638,1,0,0,0,0,0,0
2023-09-23 18:00:00,-0.00485513,0.0031529191666666654,0.002915625626116888,0.0020409379382818216,0.004373438439175332,0.008746876878350664,0.005193857104948487,0.0011119812283848438,0.007526357605841997,-0.0012205192725086664,0.011899796045017329,-0.005593957711683998,1,0,0,0,0,0,0
2023-09-23 19:00:00,-0.00508848,0.0027652724999999993,0.0033538177807690838,0.0023476724465383587,0.005030726671153626,0.010061453342307252,0.005112944946538358,0.00041760005346164067,0.007795999171153626,-0.0022654541711536265,0.01282672584230725,-0.007296180842307253,1,0,0,0,0,0,0
2023-09-23 20:00:00,-0.00421147,0.0023336270833333324,0.003559839298625666,0.0024918875090379658,0.0053397589479384985,0.010679517895876997,0.004825514592371298,-0.00015826042570463335,0.007673386031271831,-0.003006131864605166,0.01301314497921033,-0.008345890812543664,1,0,0,0,0,0,0
2023-09-23 21:00:00,-0.00285721,0.0019480345833333326,0.003601520422953117,0.0025210642960671816,0.005402280634429675,0.01080456126885935,0.004469098879400514,-0.000573029712733849,0.007350315217763008,-0.0034542460510963427,0.012752595852192683,-0.008856526685526018,0,1,0,0,0,0,0
2023-09-23 22:00:00,-0.00177244,0.0015971112499999992,0.0035331497717222366,0.0024732048402055654,0.0052997246575833545,0.010599449315166709,0.004070316090205564,-0.0008760935902055662,0.0068968359075833536,-0.0037026134075833555,0.012196560565166709,-0.00900233806516671,0,1,0,0,0,0,0
2023-09-23 23:00:00,-0.00090151,0.0012868249999999993,0.0034043429373644797,0.0023830400561551356,0.00510651440604672,0.01021302881209344,0.003669865056155135,-0.0010962150561551363,0.006393339406046719,-0.003819689406046721,0.011499853812093438,-0.008926203812093442,0,0,1,0,0,0,0
2023-09-24 00:00:00,0.00582913,0.0013239912499999993,0.003450483598114284,0.0024153385186799986,0.005175725397171426,0.010351450794342852,0.0037393297686799977,-0.0010913472686799994,0.006499716647171425,-0.003851734147171427,0.011675442044342852,-0.009027459544342852,0,0,0,0,0,1,0
2023-09-24 01:00:00,0.00600518,0.0013766524999999994,0.0035139668906637744,0.002459776823464642,0.005270950335995662,0.010541900671991324,0.003836429323464641,-0.0010831243234646424,0.0066476028359956614,-0.003894297835995662,0.011918553171991322,-0.009165248171991325,0,0,0,0,0,1,0
2023-09-24 02:00:00,0.00634931,0.0014546604166666658,0.0036053796420247755,0.0025237657494173427,0.005408069463037163,0.010816138926074326,0.003978426166084009,-0.001069105332750677,0.006862729879703829,-0.0039534090463704975,0.012270799342740992,-0.00936147850940766,0,0,0,0,0,1,0
2023-09-24 03:00:00,0.00649026,0.0015594287499999992,0.003716643636534825,0.0026016505455743774,0.005574965454802237,0.011149930909604474,0.004161079295574376,-0.0010422217955743782,0.007134394204802236,-0.0040155367048022375,0.012709359659604473,-0.009590502159604474,0,0,0,0,0,1,0
2023-09-24 04:00:00,0.00655403,0.001672654166666666,0.0038287350616370342,0.002680114543145924,0.0057431025924555516,0.011486205184911103,0.00435276870981259,-0.001007460376479258,0.007415756759122217,-0.004070448425788886,0.013158859351577769,-0.009813551018244437,0,0,0,0,0,1,0
2023-09-24 05:00:00,0.00661629,0.001790096666666666,0.0039384100584866945,0.002756887040940686,0.005907615087730042,0.011815230175460083,0.004546983707607352,-0.0009667903742740201,0.007697711754396708,-0.004117518421063376,0.01360532684212675,-0.010025133508793417,0,0,0,0,0,1,0
2023-09-24 06:00:00,0.00664369,0.0019091087499999992,0.004043152621401101,0.0028302068349807708,0.006064728932101651,0.012129457864203302,0.00473931558498077,-0.0009210980849807715,0.00797383768210165,-0.004155620182101652,0.014038566614203302,-0.010220349114203303,0,0,0,0,0,1,0
2023-09-24 07:00:00,0.00649826,0.0020135574999999993,0.004130717804190343,0.0028915024629332397,0.0061960767062855145,0.012392153412571029,0.004905059962933239,-0.0008779449629332404,0.008209634206285513,-0.004182519206285516,0.014405710912571028,-0.01037859591257103,0,0,0,0,0,1,0
2023-09-24 08:00:00,0.0038908,0.002017325833333333,0.004132459609273668,0.0028927217264915674,0.006198689413910502,0.012397378827821003,0.004910047559824901,-0.0008753958931582346,0.008216015247243835,-0.004181363580577168,0.014414704661154337,-0.01038005299448767,0,0,0,0,1,0,0
2023-09-24 09:00:00,0.00503751,0.0021642408333333325,0.004176142397757508,0.0029232996784302554,0.006264213596636262,0.012528427193272525,0.005087540511763588,-0.000759058845096923,0.008428454429969595,-0.00409997276330293,0.014692668026605857,-0.010364186359939192,0,0,0,0,1,0,0
2023-09-24 10:00:00,0.00504196,0.002290436666666666,0.004216943389087851,0.0029518603723614955,0.006325415083631777,0.012650830167263554,0.005242297039028162,-0.0006614237056948294,0.008615851750298442,-0.004034978416965111,0.01494126683393022,-0.010360393500596888,0,0,0,0,1,0,0
2023-09-24 11:00:00,0.00499148,0.002408307083333333,0.004252599785149909,0.002976819849604936,0.006378899677724863,0.012757799355449725,0.005385126932938269,-0.0005685127662716028,0.008787206761058196,-0.003970592594391529,0.015166106438783059,-0.010349492272116392,0,0,0,0,1,0,0
2023-09-24 12:00:00,0.00498071,0.002515104166666666,0.004284904490953244,0.002999433143667271,0.006427356736429866,0.012854713472859733,0.005514537310333937,-0.000484328977000605,0.008942460903096533,-0.0039122525697632,0.015369817639526398,-0.010339609306193067,0,0,0,0,1,0,0
2023-09-24 13:00:00,0.00486359,0.002597429166666666,0.00431127532158459,0.003017892725109213,0.006466912982376886,0.012933825964753771,0.005615321891775879,-0.0004204635584425468,0.009064342149043551,-0.0038694838157102194,0.015531255131420438,-0.010336396798087105,0,0,0,0,1,0,0
2023-09-24 14:00:00,0.00457273,0.0026467008333333326,0.004327456476895643,0.00302921953382695,0.006491184715343465,0.01298236943068693,0.005675920367160282,-0.00038251870049361763,0.009137885548676797,-0.003844483882010132,0.015629070264020262,-0.010335668597353596,0,0,0,0,1,0,0
2023-09-24 15:00:00,0.00419921,0.0026611358333333327,0.004332229624184391,0.0030325607369290734,0.006498344436276586,0.012996688872553171,0.005693696570262407,-0.00037142490359574074,0.009159480269609919,-0.003837208602943253,0.015657824705886503,-0.010335553039219838,0,0,0,0,1,0,0
2023-09-24 16:00:00,0.00622636,0.0029508595833333327,0.004328297414147724,0.0030298081899034065,0.0064924461212215855,0.012984892242443171,0.005980667773236739,-7.894860657007381e-05,0.009443305704554919,-0.003541586537888253,0.015935751825776504,-0.010034032659109838,0,0,0,0,0,1,0
2023-09-24 17:00:00,0.00622906,0.0033888883333333328,0.004089698317793496,0.002862788822455447,0.0061345474766902434,0.012269094953380487,0.00625167715578878,0.0005260995108778859,0.009523435810023576,-0.0027456591433569107,0.01565798328671382,-0.008880206620047154,0,0,0,0,1,0,0
2023-09-24 18:00:00,0.00646102,0.0038603945833333327,0.0037348421935640723,0.0026143895354948502,0.005602263290346108,0.011204526580692216,0.0064747841188281825,0.0012460050478384824,0.00946265787367944,-0.0017418687070127753,0.015064921164025549,-0.007344131997358883,0,0,0,0,1,0,0
2023-09-24 19:00:00,0.00626825,0.004333591666666667,0.0032381523364019603,0.0022667066354813722,0.004857228504602941,0.009714457009205882,0.0066002983021480385,0.0020668850311852944,0.009190820171269608,-0.0005236368379362743,0.01404804867587255,-0.005380865342539215,0,0,0,0,1,0,0
2023-09-24 20:00:00,0.0053104,0.004730336249999999,0.002681075611727294,0.0018767529282091057,0.004021613417590941,0.008043226835181883,0.006607089178209105,0.0028535833217908932,0.00875194966759094,0.0007087228324090577,0.01277356308518188,-0.0033128905851818836,0,0,0,0,1,0,0
2023-09-24 21:00:00,0.00450212,0.005036974999999999,0.0021422499025274223,0.0014995749317691955,0.0032133748537911335,0.006426749707582267,0.006536549931769195,0.0035374000682308034,0.008250349853791132,0.0018236001462088656,0.011463724707582265,-0.0013897747075822678,0,0,1,0,0,0,0
2023-09-24 22:00:00,0.0039248,0.005274359999999999,0.001602562595985768,0.0011217938171900375,0.002403843893978652,0.004807687787957304,0.006396153817190036,0.0041525661828099615,0.007678203893978651,0.0028705161060213467,0.010082047787957304,0.0004666722120426946,0,1,0,0,0,0,0
2023-09-24 23:00:00,0.00306834,0.005439770416666666,0.001045430170335686,0.0007318011192349802,0.001568145255503529,0.003136290511007058,0.006171571535901646,0.004707969297431685,0.0070079156721701945,0.0038716251611631367,0.008576060927673724,0.0023034799056596074,1,0,0,0,0,0,0
2023-09-25 00:00:00,-0.00775407,0.00487380375,0.002884557408389461,0.0020191901858726225,0.004326836112584192,0.008653672225168383,0.0068929939358726225,0.0028546135641273774,0.009200639862584192,0.0005469676374158083,0.013527475975168384,-0.0037798684751683834,1,0,0,0,0,0,0
2023-09-25 01:00:00,-0.00641804,0.004356169583333333,0.003678199483301746,0.002574739638311222,0.005517299224952619,0.011034598449905238,0.006930909221644555,0.001781429945022111,0.009873468808285952,-0.0011611296416192858,0.01539076803323857,-0.006678428866571905,1,0,0,0,0,0,0
2023-09-25 02:00:00,-0.00649811,0.0038208604166666657,0.004263780308572425,0.0029846462160006975,0.006395670462858638,0.012791340925717275,0.006805506632667363,0.0008362142006659683,0.010216530879525303,-0.002574810046191972,0.01661220134238394,-0.00897048050905061,1,0,0,0,0,0,0
2023-09-25 03:00:00,-0.00595471,0.003302319999999999,0.004663077826934995,0.0032641544788544964,0.006994616740402493,0.013989233480804986,0.006566474478854495,3.816552114550278e-05,0.010296936740402492,-0.003692296740402494,0.017291553480804987,-0.010686913480804987,1,0,0,0,0,0,0
2023-09-25 04:00:00,-0.01078905,0.002579691666666666,0.0054196874224752955,0.0037937811957327065,0.008129531133712942,0.016259062267425885,0.006373472862399372,-0.0012140895290660403,0.010709222800379609,-0.005549839467046276,0.01883875393409255,-0.013679370600759218,1,0,0,0,0,0,0
2023-09-25 05:00:00,-0.00862324,0.0019447112499999992,0.005805222607920948,0.004063655825544663,0.008707833911881421,0.017415667823762842,0.006008367075544662,-0.0021189445755446642,0.01065254516188142,-0.006763122661881422,0.01936037907376284,-0.015470956573762842,1,0,0,0,0,0,0
2023-09-25 06:00:00,-0.00703137,0.0013749170833333324,0.00599206606972091,0.004194446248804637,0.008988099104581366,0.01797619820916273,0.005569363332137969,-0.0028195291654713045,0.010363016187914699,-0.007613182021248033,0.019351115292496064,-0.016601281125829398,0,1,0,0,0,0,0
2023-09-25 07:00:00,-0.00585435,0.0008602249999999993,0.006062957924882579,0.0042440705474178055,0.009094436887323868,0.018188873774647736,0.005104295547417805,-0.0033838455474178063,0.009954661887323867,-0.008234211887323869,0.019049098774647735,-0.017328648774647737,0,1,0,0,0,0,0
2023-09-25 08:00:00,0.00040851,0.0007151295833333328,0.006028850743703742,0.00422019552059262,0.009043276115555613,0.018086552231111226,0.004935325103925953,-0.003505065937259287,0.009758405698888946,-0.00832814653222228,0.018801681814444558,-0.017371422647777895,0,0,1,0,0,0,0
2023-09-25 09:00:00,0.00019786,0.0005134774999999993,0.005958518270426216,0.004170962789298351,0.008937777405639323,0.017875554811278647,0.004684440289298351,-0.0036574852892983516,0.009451254905639323,-0.008424299905639324,0.018389032311278645,-0.01736207731127865,0,0,1,0,0,0,0
2023-09-25 10:00:00,3.787e-05,0.0003049737499999994,0.005880203696294226,0.004116142587405958,0.00882030554444134,0.01764061108888268,0.0044211163374059574,-0.0038111688374059586,0.00912527929444134,-0.00851533179444134,0.01794558483888268,-0.01733563733888268,0,0,1,0,0,0,0
2023-09-25 11:00:00,-4.343e-05,9.518583333333268e-05,0.005794930609894057,0.00405645142692584,0.008692395914841087,0.017384791829682174,0.004151637260259172,-0.003961265593592508,0.00878758174817442,-0.008597210081507755,0.017479977663015508,-0.01728960599634884,0,0,1,0,0,0,0
2023-09-25 12:00:00,0.00378471,4.5352499999999346e-05,0.005756103449975552,0.004029272414982886,0.008634155174963328,0.017268310349926656,0.004074624914982885,-0.003983919914982887,0.008679507674963328,-0.008588802674963328,0.017313662849926654,-0.017222957849926657,0,0,0,0,1,0,0
2023-09-25 13:00:00,0.0039225,6.140416666665996e-06,0.005724974567430566,0.0040074821972013955,0.00858746185114585,0.0171749237022917,0.004013622613868062,-0.004001341780534729,0.008593602267812516,-0.008581321434479183,0.017181064118958363,-0.017168783285625034,0,0,0,0,1,0,0
2023-09-25 14:00:00,0.00386477,-2.3357916666667306e-05,0.0057022004736021455,0.003991540331521501,0.008553300710403219,0.017106601420806437,0.003968182414854834,-0.004014898248188168,0.008529942793736551,-0.008576658627069886,0.01708324350413977,-0.017129959337473105,0,0,0,0,1,0,0
2023-09-25 15:00:00,0.00365771,-4.5920416666667336e-05,0.005685813922649629,0.00398006974585474,0.008528720883974444,0.017057441767948888,0.003934149329188073,-0.004025990162521407,0.008482800467307776,-0.008574641300641112,0.01701152135128222,-0.017103362184615556,0,0,0,0,1,0,0
2023-09-25 16:00:00,0.00334849,-0.00016583166666666734,0.005577090057085459,0.003903963039959821,0.008365635085628188,0.016731270171256377,0.0037381313732931538,-0.004069794706626488,0.00819980341896152,-0.008531466752294856,0.01656543850458971,-0.016897101837923045,0,0,0,0,1,0,0
2023-09-25 17:00:00,0.00289977,-0.00030455208333333403,0.005451094442425687,0.0038157661096979807,0.008176641663638531,0.016353283327277063,0.0035112140263646465,-0.0041203181930313144,0.007872089580305197,-0.008481193746971866,0.01604873124394373,-0.016657835410610396,0,0,0,0,1,0,0
2023-09-25 18:00:00,0.00232449,-0.0004769075000000006,0.00529091858374193,0.003703643008619351,0.007936377875612896,0.015872755751225792,0.0032267355086193503,-0.004180550508619351,0.007459470375612895,-0.008413285375612896,0.015395848251225792,-0.016349663251225794,0,0,0,0,1,0,0
2023-09-25 19:00:00,0.00184914,-0.000661037083333334,0.005120111691905531,0.0035840781843338716,0.007680167537858297,0.015360335075716594,0.0029230411010005377,-0.004245115267667206,0.007019130454524963,-0.00834120462119163,0.014699297992383259,-0.01602137215904993,0,0,0,0,1,0,0
2023-09-25 20:00:00,0.0039686,-0.0007169454166666674,0.005059033963661346,0.003541323774562942,0.007588550945492019,0.015177101890984038,0.0028243783578962745,-0.004258269191229609,0.006871605528825352,-0.008305496362158687,0.014460156474317372,-0.015894047307650705,0,0,0,0,0,1,0
2023-09-25 21:00:00,0.00384707,-0.0007442391666666673,0.005031343847518816,0.003521940693263171,0.007547015771278224,0.015094031542556448,0.002777701526596504,-0.004266179859929838,0.006802776604611557,-0.008291254937944892,0.014349792375889781,-0.015838270709223116,0,0,0,0,0,1,0
2023-09-25 22:00:00,0.00403271,-0.0007397429166666673,0.005035744029418345,0.0035250208205928413,0.0075536160441275185,0.015107232088255037,0.002785277903926174,-0.004264763737259508,0.006813873127460851,-0.008293358960794186,0.01436748917158837,-0.015846975004921705,0,0,0,0,0,1,0
2023-09-25 23:00:00,0.00425502,-0.0006902979166666674,0.005080388542513763,0.003556271979759634,0.0076205828137706445,0.015241165627541289,0.0028659740630929665,-0.004246569896426302,0.006930284897103977,-0.008310880730437311,0.014550867710874622,-0.015931463544207956,0,0,0,0,0,1,0
2023-09-26 00:00:00,0.0047067,-0.0001710991666666673,0.004962463853098028,0.0034737246971686194,0.007443695779647042,0.014887391559294085,0.0033026255305019523,-0.0036448238638352864,0.007272596612980375,-0.00761479494631371,0.014716292392627417,-0.015058490725960752,0,0,0,0,0,1,0
2023-09-26 01:00:00,0.00491521,0.0003011195833333327,0.004880723353202063,0.003416506347241444,0.007321085029803095,0.01464217005960619,0.0037176259305747765,-0.0031153867639081116,0.0076222046131364275,-0.007019965446469762,0.014943289642939521,-0.014341050476272857,0,0,0,0,0,1,0
2023-09-26 02:00:00,0.00516322,0.0007870083333333327,0.004753204771699015,0.0033272433401893104,0.007129807157548523,0.014259614315097046,0.004114251673522643,-0.0025402350068559777,0.007916815490881855,-0.00634279882421519,0.015046622648430378,-0.013472605981763714,0,0,0,0,0,1,0
2023-09-26 03:00:00,0.00523699,0.001253329166666666,0.004609869500729559,0.0032269086505106914,0.006914804251094339,0.013829608502188678,0.004480237817177358,-0.0019735794838440252,0.008168133417761006,-0.005661475084427673,0.015082937668855344,-0.012576279335522012,0,0,0,0,0,1,0
2023-09-26 04:00:00,0.00359681,0.0018527399999999994,0.003848323140233019,0.0026938261981631134,0.005772484710349529,0.011544969420699058,0.004546566198163113,-0.000841086198163114,0.007625224710349528,-0.003919744710349529,0.013397709420699056,-0.009692229420699059,0,0,0,0,1,0,0
2023-09-26 05:00:00,0.00356565,0.002360610416666666,0.0031458607716276553,0.0022021025401393586,0.004718791157441483,0.009437582314882967,0.004562712956806025,0.00015850787652730734,0.007079401574108149,-0.0023581807407748174,0.011798192731549632,-0.007076971898216301,0,0,0,0,1,0,0
2023-09-26 06:00:00,0.00346765,0.002798069583333333,0.002432045728838453,0.001702432010186917,0.0036480685932576795,0.007296137186515359,0.00450050159352025,0.0010956375731464157,0.006446138176591012,-0.0008499990099243467,0.010094206769848691,-0.004498067603182027,0,0,0,0,1,0,0
2023-09-26 07:00:00,0.00344299,0.0031854587499999996,0.0015878798652356392,0.0011115159056649473,0.002381819797853459,0.004763639595706918,0.004296974655664947,0.002073942844335052,0.005567278547853459,0.0008036389521465406,0.007949098345706918,-0.0015781808457069183,0,0,0,0,1,0,0
2023-09-26 08:00:00,0.00412299,0.00334022875,0.0014830046929281194,0.0010381032850496836,0.0022245070393921793,0.004449014078784359,0.004378332035049683,0.0023021254649503164,0.00556473578939218,0.0011157217106078205,0.007789242828784359,-0.0011087853287843588,0,0,0,0,1,0,0
2023-09-26 09:00:00,0.00421568,0.003507637916666666,0.0013319368175184981,0.0009323557722629486,0.0019979052262777473,0.003995810452555495,0.0044399936889296145,0.002575282144403717,0.005505543142944413,0.0015097326903889185,0.007503448369222161,-0.0004881725358888288,0,0,0,0,1,0,0
2023-09-26 10:00:00,0.00437365,0.003688295416666666,0.0011176582104213079,0.0007823607472949155,0.001676487315631962,0.003352974631263924,0.004470656163961581,0.0029059346693717505,0.005364782732298628,0.002011808101034704,0.00704127004793059,0.00033532078540274204,0,0,0,0,1,0,0
2023-09-26 11:00:00,0.00456594,0.0038803524999999994,0.0007991816576284254,0.0005594271603398978,0.0011987724864426382,0.0023975449728852764,0.004439779660339897,0.003320925339660102,0.005079124986442638,0.002681580013557361,0.006277897472885275,0.001482807527114723,0,0,0,0,0,1,0
2023-09-26 12:00:00,0.00640108,0.003989367916666666,0.0009498190990052685,0.0006648733693036879,0.0014247286485079026,0.0028494572970158053,0.004654241285970354,0.003324494547362978,0.005414096565174569,0.002564639268158763,0.006838825213682471,0.0011399106196508606,0,0,0,0,0,0,1
2023-09-26 13:00:00,0.00663713,0.004102477499999999,0.0010924387843293973,0.000764707149030578,0.001638658176494096,0.003277316352988192,0.004867184649030577,0.003337770350969421,0.005741135676494095,0.0024638193235059034,0.007379793852988191,0.0008251611470118073,0,0,0,0,0,0,1
2023-09-26 14:00:00,0.00694011,0.004230616666666666,0.0012344739997146856,0.0008641317998002799,0.0018517109995720283,0.0037034219991440567,0.0050947484664669454,0.003366484866866386,0.006082327666238695,0.0023789056670946375,0.007934038665810723,0.0005271946675226092,0,0,0,0,0,0,1
2023-09-26 15:00:00,0.00718554,0.004377609583333333,0.0013662879434773881,0.0009564015604341716,0.002049431915216082,0.004098863830432164,0.0053340111437675045,0.0034212080228991615,0.006427041498549415,0.002328177668117251,0.008476473413765498,0.0002787457529011689,0,0,0,0,0,0,1
2023-09-26 16:00:00,0.00625552,0.004498735833333332,0.0013995406994562877,0.0009796784896194013,0.0020993110491844317,0.004198622098368863,0.005478414322952733,0.003519057343713931,0.0065980468825177635,0.0023994247841489006,0.008697357931702196,0.0003001137349644689,0,0,0,0,0,1,0
2023-09-26 17:00:00,0.00618434,0.004635592916666666,0.0013969762205393902,0.000977883354377573,0.0020954643308090854,0.004190928661618171,0.005613476271044239,0.003657709562289093,0.006731057247475752,0.0025401285858575808,0.008826521578284837,0.00044466425504849534,0,0,0,0,0,1,0
2023-09-26 18:00:00,0.00611872,0.004793685833333333,0.0013374880294303028,0.0009362416206012119,0.002006232044145454,0.004012464088290908,0.005729927453934545,0.003857444212732121,0.006799917877478787,0.0027874537891878787,0.008806149921624241,0.0007812217450424248,0,0,0,0,0,1,0
2023-09-26 19:00:00,0.0063027,0.004979250833333333,0.0012144860425423623,0.0008501402297796535,0.0018217290638135434,0.003643458127627087,0.005829391063112987,0.004129110603553679,0.006800979897146876,0.00315752176951979,0.00862270896096042,0.0013357927057062462,0,0,0,0,0,1,0
2023-09-26 20:00:00,0.00685667,0.0050995870833333325,0.001252479351562976,0.000876735546094083,0.001878719027344464,0.003757438054688928,0.005976322629427416,0.004222851537239249,0.006978306110677797,0.0032208680559888685,0.008857025138022261,0.0013421490286444045,0,0,0,0,0,1,0
2023-09-26 21:00:00,0.00714578,0.005237033333333333,0.0012895047109333564,0.0009026532976533493,0.0019342570664000345,0.003868514132800069,0.006139686630986682,0.004334380035679983,0.007171290399733367,0.003302776266933298,0.009105547466133401,0.0013685192005332635,0,0,0,0,0,1,0
2023-09-26 22:00:00,0.0074178,0.005378078749999998,0.0013363287203423716,0.0009354301042396601,0.002004493080513557,0.004008986161027114,0.006313508854239659,0.004442648645760338,0.007382571830513556,0.0033735856694864412,0.009387064911027112,0.001369092588972884,0,0,0,0,0,0,1
2023-09-26 23:00:00,0.00720908,0.005501164583333332,0.0013641451218127396,0.0009549015852689176,0.0020462176827191095,0.004092435365438219,0.00645606616860225,0.004546262998064415,0.007547382266052442,0.003454946900614223,0.009593599948771552,0.0014087292178951135,0,0,0,0,0,1,0
2023-09-27 00:00:00,0.0089699,0.0056787979166666655,0.0015243555872594026,0.0010670489110815818,0.002286533380889104,0.004573066761778208,0.006745846827748247,0.004611749005585084,0.007965331297555769,0.0033922645357775615,0.010251864678444873,0.0011057311548884575,0,0,0,0,0,0,1
2023-09-27 01:00:00,0.00892902,0.005846039999999999,0.001651794520006096,0.001156256164004267,0.002477691780009144,0.004955383560018288,0.007002296164004267,0.004689783835995732,0.008323731780009143,0.0033683482199908556,0.010801423560018286,0.0008906564399817117,0,0,0,0,0,0,1
2023-09-27 02:00:00,0.00887775,0.006000812083333332,0.0017557841671904774,0.0012290489170333342,0.002633676250785716,0.005267352501571432,0.007229861000366666,0.004771763166299998,0.008634488334119048,0.0033671358325476158,0.011268164584904764,0.0007334595817618996,0,0,0,0,0,0,1
2023-09-27 03:00:00,0.00889357,0.006153169583333332,0.001843100079409042,0.0012901700555863294,0.0027646501191135628,0.0055293002382271255,0.007443339638919661,0.004862999527747003,0.008917819702446894,0.0033885194642197694,0.011682469821560458,0.0006238693451062066,0,0,0,0,0,1,0
2023-09-27 04:00:00,0.00889206,0.006373804999999999,0.00184071865062687,0.0012885030554388088,0.002761077975940305,0.00552215595188061,0.007662308055438808,0.00508530194456119,0.009134882975940305,0.003612727024059694,0.01189596095188061,0.000851649048119389,0,0,0,0,0,1,0
2023-09-27 05:00:00,0.00875484,0.0065900212500000005,0.0018008602344492144,0.00126060216411445,0.0027012903516738214,0.005402580703347643,0.00785062341411445,0.005329419085885551,0.009291311601673822,0.003888730898326179,0.011992601953347642,0.0011874405466523576,0,0,0,0,0,1,0
2023-09-27 06:00:00,0.0085835,0.006803181666666666,0.0017159799205618252,0.0012011859443932776,0.002573969880842738,0.005147939761685476,0.008004367611059944,0.005601995722273388,0.009377151547509403,0.004229211785823928,0.01195112142835214,0.0016552419049811898,0,0,0,0,0,1,0
2023-09-27 07:00:00,0.00882026,0.007027234583333332,0.001605675084323583,0.001123972559026508,0.0024085126264853747,0.004817025252970749,0.00815120714235984,0.005903262024306824,0.009435747209818707,0.004618721956847958,0.011844259836304081,0.002210209330362583,0,0,0,0,0,1,0
2023-09-27 08:00:00,0.00950946,0.007251670833333332,0.0015578177915637748,0.0010904724540946422,0.002336726687345662,0.004673453374691324,0.008342143287427974,0.00616119837923869,0.009588397520678995,0.00491494414598767,0.011925124208024655,0.002578217458642008,0,0,0,0,0,1,0
2023-09-27 09:00:00,0.00991361,0.007489084583333333,0.0015084144729080194,0.0010558901310356134,0.002262621709362029,0.004525243418724058,0.008544974714368946,0.00643319445229772,0.009751706292695362,0.0052264628739713045,0.01201432800205739,0.002963841164609275,0,0,0,0,0,0,1
2023-09-27 10:00:00,0.00976657,0.007713789583333332,0.0014234284728643616,0.000996399931005053,0.0021351427092965425,0.004270285418593085,0.008710189514338385,0.006717389652328279,0.009848932292629875,0.005578646874036789,0.011984075001926418,0.0034435041647402466,0,0,0,0,0,1,0
2023-09-27 11:00:00,0.00940104,0.007915252083333333,0.0012948927072357218,0.0009064248950650052,0.0019423390608535825,0.003884678121707165,0.008821676978398339,0.007008827188268328,0.009857591144186915,0.0059729130224797505,0.011799930205040499,0.0040305739616261676,0,0,0,0,0,1,0
2023-09-27 12:00:00,0.00949012,0.008043962083333333,0.0012913606803173301,0.000903952476222131,0.001937041020475995,0.00387408204095199,0.008947914559555464,0.007140009607111203,0.009981003103809328,0.006106921062857339,0.011918044124285324,0.004169880042381343,0,0,0,0,0,1,0
2023-09-27 13:00:00,0.00980625,0.00817600875,0.0013032250266444875,0.0009122575186511412,0.001954837539966731,0.003909675079933462,0.00908826626865114,0.007263751231348859,0.01013084628996673,0.006221171210033269,0.012085683829933462,0.004266333670066538,0,0,0,0,0,1,0
2023-09-27 14:00:00,0.01023502,0.008313296666666666,0.0013403897241431825,0.0009382728069002277,0.002010584586214774,0.004021169172429548,0.009251569473566893,0.007375023859766438,0.01032388125288144,0.006302712080451892,0.012334465839096214,0.004292127494237118,0,0,0,0,0,1,0
2023-09-27 15:00:00,0.01108763,0.008475883749999998,0.0014312276123598217,0.0010018593286518752,0.0021468414185397324,0.004293682837079465,0.009477743078651873,0.007474024421348122,0.01062272516853973,0.0063290423314602655,0.012769566587079463,0.004182200912920533,0,0,0,0,0,0,1
2023-09-27 16:00:00,0.01191448,0.00871167375,0.001513318981469812,0.0010593232870288684,0.002269978472204718,0.004539956944409436,0.009770997037028868,0.007652350462971131,0.010981652222204718,0.0064416952777952815,0.013251630694409435,0.004171716805590564,0,0,0,0,0,0,1
2023-09-27 17:00:00,0.01221794,0.00896307375,0.0015751153153722704,0.0011025807207605892,0.0023626729730584057,0.004725345946116811,0.010065654470760589,0.007860493029239411,0.011325746723058406,0.006600400776941594,0.01368841969611681,0.0042377278038831885,0,0,0,0,0,0,1
2023-09-27 18:00:00,0.01264894,0.00923516625,0.001625625869800226,0.001137938108860158,0.002438438804700339,0.004876877609400678,0.010373104358860158,0.00809722814113984,0.011673605054700338,0.006796727445299661,0.014112043859400677,0.004358288640599321,0,0,0,0,0,0,1
2023-09-27 19:00:00,0.0130004,0.009514237083333333,0.0016744845013537343,0.001172139150947614,0.0025117267520306016,0.005023453504061203,0.010686376234280948,0.008342097932385719,0.012025963835363935,0.007002510331302732,0.014537690587394536,0.00449078357927213,0,0,0,0,0,0,1
2023-09-27 20:00:00,0.01283953,0.009763522916666665,0.00170667652980235,0.001194673570861645,0.002560014794703525,0.00512002958940705,0.01095819648752831,0.00856884934580502,0.01232353771137019,0.00720350812196314,0.014883552506073715,0.004643493327259615,0,0,0,0,0,0,1
2023-09-27 21:00:00,0.0123388,0.009979898749999999,0.001689468142806882,0.0011826276999648173,0.002534202214210323,0.005068404428420646,0.011162526449964816,0.008797271050035181,0.012514100964210321,0.007445696535789676,0.015048303178420645,0.004911494321579353,0,0,0,0,0,1,0
2023-09-27 22:00:00,0.01166517,0.010156872499999999,0.0016308583511205526,0.0011416008457843867,0.002446287526680829,0.004892575053361658,0.011298473345784385,0.009015271654215612,0.012603160026680828,0.0077105849733191695,0.015049447553361656,0.005264297446638341,0,0,0,0,0,1,0
2023-09-27 23:00:00,0.01067194,0.010301158333333333,0.0015072181166745425,0.0010550526816721798,0.0022608271750118136,0.004521654350023627,0.011356211015005512,0.009246105651661153,0.012561985508345147,0.008040331158321519,0.014822812683356959,0.005779503983309705,0,0,0,0,1,0,0
2023-09-28 00:00:00,0.00641839,0.010194845416666666,0.0016847349306228464,0.0011793144514359924,0.0025271023959342696,0.005054204791868539,0.011374159868102657,0.009015530965230674,0.012721947812600935,0.007667743020732396,0.015249050208535205,0.005140640624798127,1,0,0,0,0,0,0
2023-09-28 01:00:00,0.00582884,0.01006567125,0.0018920986419899458,0.001324469049392962,0.002838147962984919,0.005676295925969838,0.011390140299392962,0.008741202200607038,0.012903819212984918,0.007227523287015081,0.01574196717596984,0.004389375324030162,1,0,0,0,0,0,0
2023-09-28 02:00:00,0.0053158,0.009917256666666666,0.0021158031870307254,0.0014810622309215076,0.003173704780546088,0.006347409561092176,0.011398318897588173,0.008436194435745158,0.013090961447212755,0.0067435518861205775,0.016264666227758844,0.0035698471055744894,1,0,0,0,0,0,0
2023-09-28 03:00:00,0.0048619,0.009749270416666666,0.0023479293691222674,0.001643550558385587,0.003521894053683401,0.007043788107366802,0.011392820975052252,0.008105719858281079,0.013271164470350066,0.006227376362983265,0.01679305852403347,0.002705482309299864,1,0,0,0,0,0,0
2023-09-28 04:00:00,0.00422371,0.009554755833333333,0.0026016943432375346,0.001821186040266274,0.003902541514856302,0.007805083029712604,0.011375941873599606,0.007733569793067059,0.013457297348189635,0.00565221431847703,0.017359838863045936,0.0017496728036207288,1,0,0,0,0,0,0
2023-09-28 05:00:00,0.00412168,0.0093617075,0.002825864495150138,0.0019781051466050965,0.004238796742725207,0.008477593485450415,0.011339812646605097,0.007383602353394903,0.013600504242725207,0.005122910757274793,0.017839300985450415,0.0008841140145495856,1,0,0,0,0,0,0
2023-09-28 06:00:00,0.00398585,0.00917013875,0.0030294224174546524,0.0021205956922182565,0.004544133626181978,0.009088267252363957,0.011290734442218255,0.007049543057781743,0.013714272376181978,0.004626005123818021,0.018258406002363954,8.187149763604247e-05,1,0,0,0,0,0,0
2023-09-28 07:00:00,0.00393578,0.008966618749999999,0.003212490644426009,0.002248743451098206,0.004818735966639013,0.009637471933278026,0.011215362201098205,0.006717875298901792,0.013785354716639012,0.004147882783360986,0.018604090683278025,-0.0006708531832780272,1,0,0,0,0,0,0
2023-09-28 08:00:00,0.00576952,0.008810787916666665,0.003275111528534431,0.0022925780699741016,0.0049126672928016465,0.009825334585603293,0.011103365986640766,0.006518209846692564,0.013723455209468311,0.0038981206238650184,0.01863612250226996,-0.0010145466689366282,0,1,0,0,0,0,0
2023-09-28 09:00:00,0.00553805,0.008628472916666666,0.0033323385427608625,0.0023326369799326037,0.004998507814141294,0.009997015628282587,0.01096110989659927,0.006295835936734062,0.01362698073080796,0.0036299651025253725,0.018625488544949255,-0.001368542711615921,0,1,0,0,0,0,0
2023-09-28 10:00:00,0.00556502,0.008453408333333332,0.0033799728579019445,0.002365981000531361,0.005069959286852917,0.010139918573705834,0.010819389333864693,0.006087427332801971,0.01352336762018625,0.003383449046480415,0.018593326907039166,-0.0016865102403725019,0,1,0,0,0,0,0
2023-09-28 11:00:00,0.00563994,0.008296695833333333,0.0034210675098939047,0.0023947472569257333,0.005131601264840857,0.010263202529681714,0.010691443090259066,0.005901948576407599,0.01342829709817419,0.0031650945684924756,0.018559898363015047,-0.0019665066963483815,0,1,0,0,0,0,0
2023-09-28 12:00:00,0.00584088,0.008144644166666666,0.003446719070099973,0.0024127033490699812,0.0051700786051499595,0.010340157210299919,0.010557347515736648,0.005731940817596684,0.013314722771816626,0.0029745655615167066,0.018484801376966585,-0.002195513043633253,0,0,1,0,0,0,0
2023-09-28 13:00:00,0.00578815,0.007977223333333333,0.0034600608261186445,0.002422042578283051,0.0051900912391779665,0.010380182478355933,0.010399265911616384,0.0055551807550502826,0.0131673145725113,0.002787132094155367,0.018357405811689265,-0.0024029591450225995,0,0,1,0,0,0,0
2023-09-28 14:00:00,0.00591527,0.00779723375,0.00344984547182831,0.002414891830279817,0.005174768207742465,0.01034953641548493,0.010212125580279816,0.005382341919720183,0.012972001957742466,0.002622465542257535,0.01814677016548493,-0.0025523026654849304,0,0,1,0,0,0,0
2023-09-28 15:00:00,0.00629402,0.007597499999999999,0.003389295651614427,0.0023725069561300986,0.005083943477421641,0.010167886954843282,0.009970006956130099,0.005224993043869901,0.012681443477421641,0.0025135565225783583,0.017765386954843282,-0.0025703869548432826,0,0,1,0,0,0,0
2023-09-28 16:00:00,0.00466631,0.007295492916666666,0.0033098997432452412,0.002316929820271669,0.004964849614867862,0.009929699229735724,0.009612422736938336,0.004978563096394997,0.012260342531534529,0.002330643301798804,0.01722519214640239,-0.0026342063130690577,0,1,0,0,0,0,0
2023-09-28 17:00:00,0.00012221,0.006791504166666666,0.003445882393517827,0.002412117675462479,0.005168823590276741,0.010337647180553482,0.009203621842129145,0.0043793864912041874,0.011960327756943407,0.001622680576389925,0.017129151347220147,-0.003546143013886816,1,0,0,0,0,0,0
2023-09-28 18:00:00,0.0001609,0.006271169166666667,0.0034657442803693282,0.0024260209962585298,0.005198616420553992,0.010397232841107985,0.008697190162925196,0.003845148170408137,0.011469785587220659,0.0010725527461126743,0.01666840200777465,-0.004126063674441318,1,0,0,0,0,0,0
2023-09-28 19:00:00,0.00021422,0.005738411666666665,0.0033677109429877256,0.0023573976600914075,0.005051566414481588,0.010103132828963177,0.008095809326758073,0.0033810140065752576,0.010789978081148253,0.0006868452521850768,0.015841544495629842,-0.0043647211622965115,1,0,0,0,0,0,0
2023-09-28 20:00:00,0.00040862,0.005220457083333332,0.003178707159355054,0.0022250950115485376,0.004768060739032581,0.009536121478065162,0.007445552094881869,0.0029953620717847944,0.009988517822365914,0.000452396344300751,0.014756578561398493,-0.00431566439473183,1,0,0,0,0,0,0
2023-09-28 21:00:00,0.00129919,0.004760473333333333,0.002889438114226612,0.002022606679958628,0.004334157171339918,0.008668314342679836,0.006783080013291961,0.0027378666533747044,0.00909463050467325,0.0004263161619934147,0.013428787676013168,-0.003907841009346503,0,1,0,0,0,0,0
2023-09-28 22:00:00,0.00285958,0.004393573749999999,0.002508519416697175,0.0017559635916880223,0.0037627791250457623,0.007525558250091525,0.006149537341688022,0.0026376101583119767,0.008156352875045762,0.0006307946249542369,0.011919132000091523,-0.0031319845000915255,0,0,1,0,0,0,0
2023-09-28 23:00:00,0.004168,0.004122576249999999,0.002122363853759943,0.00148565469763196,0.003183545780639914,0.006367091561279828,0.0056082309476319595,0.0026369215523680393,0.007306122030639913,0.0009390304693600851,0.010489667811279827,-0.002244515311279829,0,0,0,0,1,0,0
2023-09-29 00:00:00,0.00707145,0.004149787083333333,0.002156982361199661,0.0015098876528397626,0.0032354735417994916,0.006470947083598983,0.0056596747361730955,0.00263989943049357,0.007385260625132824,0.0009143135415338411,0.010620734166932315,-0.0023211600002656504,0,0,0,0,0,1,0
2023-09-29 01:00:00,0.00699642,0.004198436249999999,0.002209037517359828,0.0015463262621518794,0.003313556276039742,0.006627112552079484,0.005744762512151879,0.0026521099878481194,0.007511992526039741,0.0008848799739602569,0.010825548802079484,-0.002428676302079485,0,0,0,0,0,1,0
2023-09-29 02:00:00,0.00634892,0.004241482916666667,0.0022415840823371597,0.0015691088576360117,0.0033623761235057397,0.0067247522470114795,0.005810591774302678,0.002672374059030655,0.007603859040172406,0.0008791067931609269,0.010966235163678145,-0.002483269330344813,0,0,0,0,0,1,0
2023-09-29 03:00:00,0.00664906,0.004315947916666666,0.002292203332886508,0.0016045423330205554,0.003438304999329762,0.006876609998659524,0.005920490249687221,0.0027114055836461107,0.007754252915996428,0.000877642917336904,0.011192557915326189,-0.002560662081992858,0,0,0,0,0,1,0
2023-09-29 04:00:00,0.00688272,0.004426739999999999,0.0023510564191703853,0.0016457394934192696,0.003526584628755578,0.007053169257511156,0.006072479493419269,0.0027810005065807297,0.007953324628755577,0.0009001553712444212,0.011479909257511155,-0.002626429257511157,0,0,0,0,0,1,0
2023-09-29 05:00:00,0.00680002,0.0045383375,0.002399023577529373,0.001679316504270561,0.0035985353662940592,0.0071970707325881185,0.006217654004270561,0.0028590209957294384,0.008136872866294059,0.0009398021337059404,0.011735408232588118,-0.002658733232588119,0,0,0,0,0,1,0
2023-09-29 06:00:00,0.00650748,0.004643405416666666,0.0024288086382136423,0.0017001660467495495,0.003643212957320463,0.007286425914640926,0.006343571463416216,0.0029432393699171167,0.008286618373987129,0.001000192459346203,0.011929831331307593,-0.00264302049797426,0,0,0,0,0,1,0
2023-09-29 07:00:00,0.00678905,0.004762291666666666,0.002462266582197449,0.0017235866075382142,0.003693399873296173,0.007386799746592346,0.006485878274204881,0.003038705059128452,0.00845569153996284,0.0010688917933704932,0.012149091413259013,-0.00262450807992568,0,0,0,0,0,1,0
2023-09-29 08:00:00,0.00590319,0.004767861249999999,0.0024647938462773527,0.0017253556923941468,0.003697190769416029,0.007394381538832058,0.006493216942394146,0.003042505557605852,0.008465052019416029,0.0010706704805839699,0.012162242788832057,-0.002626520288832059,0,0,0,0,1,0,0
2023-09-29 09:00:00,0.00602114,0.00478799,0.0024733149127331793,0.0017313204389132254,0.0037099723690997687,0.0074199447381995375,0.006519310438913226,0.0030566695610867744,0.00849796236909977,0.001078017630900231,0.012207934738199536,-0.0026319547381995377,0,0,0,0,1,0,0
2023-09-29 10:00:00,0.00606217,0.004808704583333333,0.0024821716816915847,0.0017375201771841092,0.003723257522537377,0.007446515045074754,0.006546224760517442,0.0030711844061492234,0.008531962105870709,0.0010854470607959557,0.012255219628408087,-0.002637810461741421,0,0,0,0,1,0,0
2023-09-29 11:00:00,0.00624572,0.0048339454166666665,0.002494043552126681,0.0017458304864886765,0.003741065328190021,0.007482130656380042,0.006579775903155343,0.00308811493017799,0.008575010744856688,0.0010928800884766453,0.01231607607304671,-0.002648185239713376,0,0,0,0,1,0,0
2023-09-29 12:00:00,0.00509152,0.004802722083333333,0.0024855657602104917,0.0017398960321473441,0.0037283486403157373,0.007456697280631475,0.006542618115480677,0.003062826051185989,0.00853107072364907,0.0010743734430175957,0.012259419363964807,-0.0026539751972981416,0,0,0,0,1,0,0
2023-09-29 13:00:00,0.00505456,0.004772155833333333,0.002477417883284363,0.0017341925182990541,0.0037161268249265448,0.0074322536498530895,0.006506348351632387,0.003037963315034279,0.008488282658259877,0.0010560290084067883,0.012204409483186423,-0.0026600978165197565,0,0,0,0,1,0,0
2023-09-29 14:00:00,0.0053308,0.004747802916666666,0.0024685493472122585,0.0017279845430485808,0.0037028240208183878,0.0074056480416367755,0.006475787459715247,0.003019818373618085,0.008450626937485054,0.0010449788958482782,0.012153450958303441,-0.0026578451249701096,0,0,0,0,1,0,0
2023-09-29 15:00:00,0.00559741,0.004718777499999999,0.0024536286417136295,0.0017175400491995405,0.0036804429625704443,0.0073608859251408885,0.00643631754919954,0.003001237450800459,0.008399220462570443,0.001038334537429555,0.012079663425140889,-0.0026421084251408893,0,0,0,0,1,0,0
2023-09-29 16:00:00,0.00586624,0.004768774583333333,0.002464713362937729,0.00172529935405641,0.003697070044406593,0.007394140088813186,0.0064940739373897435,0.003043475229276923,0.008465844627739926,0.0010717045389267398,0.01216291467214652,-0.0026253655054798535,0,0,0,0,1,0,0
2023-09-29 17:00:00,0.00622843,0.005023200416666666,0.0022718229273992353,0.0015902760491794646,0.003407734391098853,0.006815468782197706,0.006613476465846131,0.0034329243674872012,0.008430934807765519,0.001615466025567813,0.011838669198864372,-0.00179226836553104,0,0,0,0,1,0,0
2023-09-29 18:00:00,0.00638552,0.005282559583333332,0.0020356247151214614,0.0014249373005850228,0.003053437072682192,0.006106874145364384,0.0067074968839183555,0.0038576222827483094,0.008335996656015525,0.0022291225106511403,0.011389433728697716,-0.0008243145620310515,0,0,0,0,1,0,0
2023-09-29 19:00:00,0.00644404,0.0055421354166666666,0.0017364446869219292,0.0012155112808453503,0.002604667030382894,0.005209334060765788,0.006757646697512017,0.004326624135821316,0.00814680244704956,0.0029374683862837727,0.010751469477432454,0.00033280135590087884,0,0,0,0,1,0,0
2023-09-29 20:00:00,0.0073617,0.0058318470833333335,0.0013877408887877037,0.0009714186221513925,0.002081611333181556,0.004163222666363112,0.006803265705484726,0.004860428461181941,0.00791345841651489,0.0037502357501517777,0.009995069749696446,0.0016686244169702219,0,0,0,0,0,1,0
2023-09-29 21:00:00,0.0078009,0.006102751666666666,0.0010604514200082446,0.0007423159940057711,0.0015906771300123667,0.0031813542600247335,0.006845067660672438,0.005360435672660895,0.007693428796679033,0.0045120745366543,0.0092841059266914,0.002921397406641933,0,0,0,0,0,0,1
2023-09-29 22:00:00,0.00786283,0.006311220416666666,0.0008698202696185763,0.0006088741887330033,0.0013047304044278645,0.002609460808855729,0.0069200946053996695,0.005702346227933662,0.007615950821094531,0.005006490012238801,0.008920681225522396,0.0037017596078109368,0,0,0,0,0,0,1
2023-09-29 23:00:00,0.00740927,0.006446273333333333,0.000768286747276661,0.0005378007230936627,0.0011524301209149914,0.002304860241829983,0.006984074056426996,0.00590847261023967,0.007598703454248325,0.005293843212418341,0.008751133575163316,0.00414141309150335,0,0,0,0,0,1,0
2023-09-30 00:00:00,0.00757077,0.006467078333333332,0.0007923367376789573,0.0005546357163752701,0.001188505106518436,0.002377010213036872,0.007021714049708602,0.005912442616958061,0.0076555834398517675,0.005278573226814896,0.008844088546370204,0.004090068120296459,0,0,0,0,0,1,0
2023-09-30 01:00:00,0.00747361,0.006486961249999999,0.0008119423330901992,0.0005683596331631394,0.0012179134996352988,0.0024358269992705976,0.0070553208831631384,0.00591860161683686,0.007704874749635298,0.005269047750364701,0.008922788249270596,0.004051134250729402,0,0,0,0,0,1,0
2023-09-30 02:00:00,0.00738101,0.0065299649999999996,0.000831411637240841,0.0005819881460685887,0.0012471174558612616,0.002494234911722523,0.0071119531460685885,0.005947976853931411,0.007777082455861261,0.005282847544138738,0.009024199911722522,0.004035730088277477,0,0,0,0,0,1,0
2023-09-30 03:00:00,0.00743664,0.006562780833333333,0.0008516141447400795,0.0005961299013180556,0.0012774212171101193,0.0025548424342202386,0.0071589107346513884,0.005966650932015277,0.007840202050443452,0.005285359616223213,0.009117623267553571,0.004007938399113094,0,0,0,0,0,1,0
2023-09-30 04:00:00,0.00784994,0.006603081666666666,0.000889457843245257,0.0006226204902716799,0.0013341867648678854,0.002668373529735771,0.007225702156938346,0.005980461176394986,0.007937268431534552,0.00526889490179878,0.009271455196402437,0.003934708136930895,0,0,0,0,0,1,0
2023-09-30 05:00:00,0.0075899,0.006635993333333333,0.0009114045613309433,0.0006379831929316603,0.001367106841996415,0.00273421368399283,0.007273976526264993,0.005998010140401673,0.008003100175329748,0.005268886491336918,0.009370207017326163,0.003901779649340503,0,0,0,0,0,1,0
2023-09-30 06:00:00,0.0073139,0.006669594166666665,0.000921272411665128,0.0006448906881655896,0.001381908617497692,0.002763817234995384,0.007314484854832255,0.006024703478501075,0.008051502784164357,0.005287685549168973,0.009433411401662048,0.003905776931671281,0,0,0,0,1,0,0
2023-09-30 07:00:00,0.00716813,0.0066853891666666665,0.0009266434615646393,0.0006486504230952475,0.0013899651923469588,0.0027799303846939177,0.007334039589761914,0.006036738743571419,0.008075354359013626,0.005295423974319708,0.009465319551360584,0.003905458781972749,0,0,0,0,1,0,0
2023-09-30 08:00:00,0.00569247,0.006676609166666666,0.0009353346117227699,0.0006547342282059389,0.0014030019175841548,0.0028060038351683096,0.007331343394872605,0.006021874938460727,0.00807961108425082,0.005273607249082511,0.009482613001834976,0.003870605331498356,0,1,0,0,0,0,0
2023-09-30 09:00:00,0.00552269,0.006655840416666665,0.0009558312261587677,0.0006690818583111373,0.0014337468392381515,0.002867493678476303,0.007324922274977803,0.005986758558355528,0.008089587255904817,0.0052220935774285136,0.009523334095142968,0.0037883467381903623,0,1,0,0,0,0,0
2023-09-30 10:00:00,0.00553347,0.00663381125,0.0009759884760739548,0.0006831919332517683,0.0014639827141109322,0.0029279654282218645,0.007317003183251768,0.005950619316748232,0.008097793964110932,0.005169828535889067,0.009561776678221865,0.0037058458217781353,0,1,0,0,0,0,0
2023-09-30 11:00:00,0.00525459,0.006592514166666666,0.001013376540276241,0.0007093635781933686,0.0015200648104143613,0.0030401296208287226,0.007301877744860035,0.005883150588473298,0.008112578977081028,0.005072449356252305,0.009632643787495388,0.003552384545837944,0,1,0,0,0,0,0
2023-09-30 12:00:00,0.00502026,0.006589545,0.0010180592017083134,0.0007126414411958193,0.0015270888025624703,0.0030541776051249405,0.007302186441195819,0.00587690355880418,0.00811663380256247,0.00506245619743753,0.00964372260512494,0.003535367394875059,1,0,0,0,0,0,0
2023-09-30 13:00:00,0.00489215,0.006582777916666667,0.0010291849069510451,0.0007204294348657315,0.0015437773604265676,0.003087554720853135,0.007303207351532399,0.005862348481800935,0.008126555277093234,0.005039000556240099,0.009670332637519801,0.0034952231958135316,1,0,0,0,0,0,0
2023-09-30 14:00:00,0.0049593,0.006567298749999999,0.001051387850987008,0.0007359714956909056,0.001577081776480512,0.003154163552961024,0.007303270245690904,0.005831327254309094,0.008144380526480512,0.004990216973519487,0.009721462302961023,0.003413135197038975,1,0,0,0,0,0,0
2023-09-30 15:00:00,0.00507996,0.006545738333333333,0.001077132131007909,0.0007539924917055362,0.0016156981965118633,0.0032313963930237265,0.007299730825038869,0.005791745841627797,0.008161436529845197,0.004930040136821469,0.00977713472635706,0.0033143419403096064,0,1,0,0,0,0,0
2023-09-30 16:00:00,0.00282616,0.006419068333333333,0.0013133655985448052,0.0009193559189813636,0.001970048397817208,0.003940096795634416,0.0073384242523146966,0.00549971241435197,0.008389116731150541,0.004449019935516125,0.01035916512896775,0.0024789715376989175,1,0,0,0,0,0,0
2023-09-30 17:00:00,0.00294708,0.0062823454166666655,0.0014926354831115611,0.0010448448381780928,0.0022389532246673417,0.004477906449334683,0.007327190254844758,0.005237500578488573,0.008521298641334007,0.004043392191999324,0.010760251866001349,0.001804438967331982,1,0,0,0,0,0,0
2023-09-30 18:00:00,0.00295997,0.0061396141666666655,0.0016389510981164343,0.0011472657686815038,0.002458426647174651,0.004916853294349302,0.007286879935348169,0.004992348397985162,0.008598040813841317,0.0036811875194920143,0.011056467461015969,0.0012227608723173631,1,0,0,0,0,0,0
2023-09-30 19:00:00,0.00296717,0.005994744583333333,0.0017600608974247761,0.0012320426281973431,0.0026400913461371643,0.005280182692274329,0.007226787211530676,0.00476270195513599,0.008634835929470498,0.0033546532371961685,0.011274927275607662,0.0007145618910590042,1,0,0,0,0,0,0
2023-09-30 20:00:00,0.00158214,0.005753929583333332,0.0019500327499714257,0.0013650229249799978,0.0029250491249571383,0.0058500982499142765,0.007118952508313329,0.004388906658353334,0.00867897870829047,0.0028288804583761935,0.01160402783324761,-9.616866658094473e-05,1,0,0,0,0,0,0
2023-09-30 21:00:00,0.00149055,0.005490998333333333,0.0020829281966849894,0.0014580497376794925,0.0031243922950274844,0.006248784590054969,0.006949048071012825,0.00403294859565384,0.008615390628360817,0.0023666060383058483,0.0117397829233883,-0.000757786256721636,1,0,0,0,0,0,0
2023-09-30 22:00:00,0.00106745,0.0052078574999999995,0.0022047943009137574,0.00154335601063963,0.0033071914513706363,0.006614382902741273,0.006751213510639629,0.0036645014893603696,0.008515048951370636,0.0019006660486293632,0.011822240402741272,-0.001406525402741273,1,0,0,0,0,0,0
2023-09-30 23:00:00,0.00084916,0.004934519583333332,0.002323458928405509,0.0016264212498838563,0.0034851883926082638,0.0069703767852165276,0.006560940833217188,0.003308098333449476,0.008419707975941597,0.0014493311907250684,0.011904896368549859,-0.0020358572018831953,1,0,0,0,0,0,0
