datetime,sigai_output,rolling_mean,std,0.7std,1.5std,3std,upper_0.7std,lower_0.7std,upper_1.5std,lower_1.5std,upper_3std,lower_3std,SB,MB,WB,A,WS,MS,SS
2024-01-01 00:00:00,0.04227623,0.03732272,0.0023618390214237618,0.0016532873149966332,0.003542758532135643,0.007085517064271286,0.03897600731499663,0.03566943268500336,0.04086547853213564,0.033779961467864356,0.044408237064271286,0.03023720293572871,0,0,0,0,0,0,1
2024-01-01 01:00:00,0.04257765,0.03771017958333333,0.0024312911953139277,0.0017019038367197493,0.0036469367929708916,0.007293873585941783,0.039412083420053076,0.03600827574661358,0.04135711637630422,0.034063242790362436,0.04500405316927511,0.030416305997391545,0,0,0,0,0,0,1
2024-01-01 02:00:00,0.04326461,0.038102468333333334,0.0025385029588415667,0.0017769520711890965,0.00380775443826235,0.0076155088765247,0.03987942040452243,0.03632551626214424,0.04191022277159569,0.03429471389507098,0.045717977209858034,0.030486959456808634,0,0,0,0,0,0,1
2024-01-01 03:00:00,0.04392732,0.03851795833333333,0.0026441142094346627,0.0018508799466042637,0.003966171314151994,0.007932342628303987,0.0403688382799376,0.036667078386729064,0.042484129647485325,0.03455178701918134,0.04645030096163732,0.030585615705029344,0,0,0,0,0,0,1
2024-01-01 04:00:00,0.04518888,0.038894855,0.002921093237948648,0.0020447652665640534,0.0043816398569229715,0.008763279713845943,0.04093962026656405,0.036850089733435946,0.04327649485692297,0.03451321514307703,0.047658134713845945,0.030131575286154056,0,0,0,0,0,0,1
2024-01-01 05:00:00,0.04505296,0.03927533958333333,0.003105815254170298,0.0021740706779192084,0.004658722881255448,0.009317445762510895,0.04144941026125254,0.037101268905414125,0.04393406246458878,0.034616616702077885,0.04859278534584423,0.029957893820822437,0,0,0,0,0,0,1
2024-01-01 06:00:00,0.04400301,0.03962187875,0.003151575858476371,0.0022061031009334596,0.004727363787714557,0.009454727575429114,0.041827981850933456,0.03741577564906654,0.04434924253771456,0.03489451496228544,0.04907660632542911,0.030167151174570885,0,0,0,0,0,1,0
2024-01-01 07:00:00,0.04308503,0.039934323333333334,0.0031054719251031202,0.002173830347572184,0.00465820788765468,0.00931641577530936,0.042108153680905515,0.03776049298576115,0.04459253122098801,0.03527611544567866,0.049250739108642694,0.030617907558023974,0,0,0,0,0,1,0
2024-01-01 08:00:00,0.04397457,0.04016362666666667,0.0031946435558786045,0.002236250489115023,0.004791965333817907,0.009583930667635814,0.04239987715578169,0.037927376177551646,0.04495559200048457,0.03537166133284876,0.04974755733430248,0.030579695999030855,0,0,0,0,0,1,0
2024-01-01 09:00:00,0.04360291,0.040309179583333334,0.003270749754355933,0.002289524828049153,0.004906124631533899,0.009812249263067799,0.042598704411382485,0.03801965475528418,0.04521530421486723,0.035403054951799434,0.05012142884640113,0.030496930320265535,0,0,0,0,0,1,0
2024-01-01 10:00:00,0.04299914,0.040380260833333334,0.0033113496556404533,0.002317944758948317,0.00496702448346068,0.00993404896692136,0.04269820559228165,0.03806231607438502,0.045347285316794016,0.03541323634987265,0.0503143098002547,0.030446211866411974,0,0,0,0,0,1,0
2024-01-01 11:00:00,0.04284681,0.040436944999999995,0.003342604225867778,0.0023398229581074446,0.005013906338801667,0.010027812677603333,0.04277676795810744,0.03809712204189255,0.04545085133880166,0.03542303866119833,0.05046475767760333,0.030409132322396663,0,0,0,0,0,1,0
2024-01-01 12:00:00,0.04175989,0.04052998708333334,0.0033472459186260125,0.0023430721430382087,0.005020868877939019,0.010041737755878037,0.042873059226371545,0.03818691494029513,0.045550855961272355,0.03550911820539432,0.05057172483921137,0.0304882493274553,0,0,0,0,1,0,0
2024-01-01 13:00:00,0.04170253,0.04066086125,0.0033282866052566666,0.0023298006236796664,0.0049924299078849994,0.009984859815769999,0.04299066187367966,0.038331060626320336,0.045653291157884995,0.035668431342115,0.05064572106577,0.03067600143423,0,0,0,0,1,0,0
2024-01-01 14:00:00,0.04133007,0.040811342083333334,0.003270616012528265,0.0022894312087697855,0.004905924018792397,0.009811848037584794,0.04310077329210312,0.038521910874563546,0.04571726610212573,0.03590541806454094,0.05062319012091813,0.03099949404574854,0,0,0,0,1,0,0
2024-01-01 15:00:00,0.04093242,0.04096921666666666,0.0031759439878814096,0.0022231607915169866,0.004763915981822115,0.00952783196364423,0.04319237745818365,0.038746055875149676,0.04573313264848878,0.036205300684844545,0.05049704863031089,0.031441384703022435,0,0,1,0,0,0,0
2024-01-01 16:00:00,0.02463193,0.04048455166666667,0.004525874873969639,0.0031681124117787472,0.006788812310954458,0.013577624621908917,0.04365266407844541,0.03731643925488792,0.04727336397762112,0.03369573935571221,0.054062176288575584,0.02690692704475775,1,0,0,0,0,0,0
2024-01-01 17:00:00,0.02419576,0.03999390916666667,0.005557205218266425,0.0038900436527864973,0.008335807827399637,0.016671615654799275,0.04388395281945316,0.03610386551388017,0.0483297169940663,0.03165810133926703,0.056665524821465946,0.023322293511867393,1,0,0,0,0,0,0
2024-01-01 18:00:00,0.02524492,0.03954296833333333,0.006281559746497076,0.004397091822547953,0.009422339619745614,0.01884467923949123,0.04394006015588128,0.03514587651078538,0.04896530795307895,0.030120628713587717,0.05838764757282456,0.020698289093842102,1,0,0,0,0,0,0
2024-01-01 19:00:00,0.02696425,0.039151029999999996,0.006763097992188625,0.004734168594532037,0.010144646988282937,0.020289293976565873,0.043885198594532035,0.03441686140546796,0.04929567698828293,0.02900638301171706,0.05944032397656587,0.018861736023434123,1,0,0,0,0,0,0
2024-01-01 20:00:00,0.03158236,0.0389155675,0.006929098821902876,0.004850369175332013,0.010393648232854314,0.020787296465708628,0.04376593667533201,0.034065198324667985,0.04930921573285431,0.028521919267145684,0.059702863965708626,0.01812827103429137,0,1,0,0,0,0,0
2024-01-01 21:00:00,0.03501544,0.03880115125,0.006971526613409648,0.004880068629386753,0.010457289920114472,0.020914579840228945,0.04368121987938675,0.033921082620613247,0.04925844117011447,0.028343861329885527,0.05971573109022894,0.017886571409771054,0,0,1,0,0,0,0
2024-01-01 22:00:00,0.03734647,0.03877307708333333,0.006976163114363861,0.004883314180054703,0.010464244671545792,0.020928489343091584,0.04365639126338803,0.03388976290327863,0.04923732175487912,0.028308832411787537,0.059701566426424914,0.017844587740241745,0,0,1,0,0,0,0
2024-01-01 23:00:00,0.03933978,0.03886853916666667,0.006967210534437092,0.004877047374105965,0.010450815801655638,0.020901631603311276,0.04374558654077263,0.0339914917925607,0.04931935496832231,0.028417723365011027,0.05977017076997794,0.01796690756335539,0,0,0,0,1,0,0
2024-01-02 00:00:00,0.06286322,0.03972633041666667,0.008503041737363748,0.005952129216154623,0.01275456260604562,0.02550912521209124,0.04567845963282129,0.03377420120051205,0.05248089302271229,0.02697176781062105,0.0652354556287579,0.01421720520457543,0,0,0,0,0,0,1
2024-01-02 01:00:00,0.06425529,0.040629565416666666,0.009861870719039559,0.006903309503327691,0.014792806078559338,0.029585612157118676,0.047532874919994354,0.03372625591333898,0.055422371495226004,0.025836759338107328,0.07021517757378534,0.01104395325954799,0,0,0,0,0,0,1
2024-01-02 02:00:00,0.06258983,0.04143478291666666,0.010827999371791,0.0075795995602537,0.0162419990576865,0.032483998115373,0.04901438247692036,0.033855183356412966,0.057676781974353164,0.02519278385898016,0.07391878103203967,0.00895078480129366,0,0,0,0,0,0,1
2024-01-02 03:00:00,0.05636041,0.04195282833333333,0.011241941686934615,0.00786935918085423,0.016862912530401925,0.03372582506080385,0.04982218751418756,0.034083469152479104,0.058815740863735255,0.025089915802931406,0.07567865339413718,0.008227003272529482,0,0,0,0,0,1,0
2024-01-02 04:00:00,0.05846942,0.04250618416666666,0.011724640945909286,0.0082072486621365,0.017586961418863928,0.035173922837727856,0.05071343282880316,0.03429893550453016,0.06009314558553059,0.024919222747802734,0.07768010700439451,0.007332261328938806,0,0,0,0,0,1,0
2024-01-02 05:00:00,0.05504511,0.04292252375,0.011993339072498803,0.008395337350749162,0.017990008608748203,0.035980017217496406,0.05131786110074916,0.034527186399250835,0.0609125323587482,0.024932515141251794,0.07890254096749641,0.006942506532503591,0,0,0,0,0,1,0
2024-01-02 06:00:00,0.05275414,0.04328715416666667,0.012159495283888634,0.008511646698722043,0.01823924292583295,0.0364784858516659,0.05179880086538871,0.034775507467944625,0.061526397092499616,0.025047911240833717,0.07976564001833257,0.006808668315000765,0,0,0,0,0,1,0
2024-01-02 07:00:00,0.05092131,0.043613665833333336,0.012258639069298324,0.008581047348508826,0.018387958603947485,0.03677591720789497,0.05219471318184216,0.03503261848482451,0.06200162443728082,0.02522570722938585,0.08038958304122831,0.006837748625438365,0,0,0,0,1,0,0
2024-01-02 08:00:00,0.0430324,0.043574408749999995,0.012258941658386778,0.008581259160870745,0.018388412487580167,0.036776824975160334,0.05215566791087074,0.03499314958912925,0.061962821237580165,0.025185996262419828,0.08035123372516033,0.006797583774839661,0,0,1,0,0,0,0
2024-01-02 09:00:00,0.04373217,0.04357979458333333,0.012258983118945773,0.00858128818326204,0.01838847467841866,0.03677694935683732,0.05216108276659537,0.034998506400071294,0.06196826926175199,0.02519131990491467,0.08035674394017064,0.006802845226496011,0,0,0,0,1,0,0
2024-01-02 10:00:00,0.04568808,0.04369183374999999,0.012265731309132043,0.00858601191639243,0.018398596963698065,0.03679719392739613,0.052277845666392424,0.03510582183360756,0.06209043071369806,0.025293236786301927,0.08048902767739613,0.006894639822603861,0,0,0,0,1,0,0
2024-01-02 11:00:00,0.0495932,0.04397293333333333,0.012322696337600648,0.008625887436320452,0.01848404450640097,0.03696808901280194,0.05259882076965378,0.03534704589701288,0.06245697783973431,0.02548888882693236,0.08094102234613527,0.007004844320531389,0,0,0,0,1,0,0
2024-01-02 12:00:00,0.04690142,0.04418716375,0.012327241725593496,0.008629069207915447,0.018490862588390243,0.036981725176780486,0.052816232957915446,0.035558094542084556,0.06267802633839024,0.025696301161609758,0.08116888892678048,0.007205438573219515,0,0,0,0,1,0,0
2024-01-02 13:00:00,0.0482174,0.044458616666666666,0.01234187174128906,0.008639310218902341,0.01851280761193359,0.03702561522386718,0.05309792688556901,0.03581930644776432,0.06297142427860025,0.025945809054733076,0.08148423189053385,0.007433001442799486,0,0,0,0,1,0,0
2024-01-02 14:00:00,0.04779756,0.04472809541666667,0.01234119866460153,0.00863883906522107,0.018511797996902293,0.03702359599380459,0.05336693448188774,0.036089256351445595,0.06323989341356896,0.026216297419764376,0.08175169141047126,0.007704499422862082,0,0,0,0,1,0,0
2024-01-02 15:00:00,0.04486565,0.04489198,0.01231468973758001,0.008620282816306005,0.018472034606370015,0.03694406921274003,0.053512262816306,0.036271697183693996,0.06336401460637,0.026419945393629983,0.08183604921274003,0.007947910787259968,0,0,1,0,0,0,0
2024-01-02 16:00:00,0.05285902,0.04606810875,0.011624172387439598,0.008136920671207718,0.017436258581159398,0.034872517162318796,0.05420502942120772,0.03793118807879228,0.0635043673311594,0.028631850168840605,0.08094062591231879,0.011195591587681207,0,0,0,0,1,0,0
2024-01-02 17:00:00,0.05082256,0.047177558749999994,0.010678006426303272,0.00747460449841229,0.016017009639454908,0.032034019278909816,0.05465216324841228,0.03970295425158771,0.0631945683894549,0.031160549110545086,0.07921157802890981,0.015143539471090178,0,0,0,0,1,0,0
2024-01-02 18:00:00,0.04818794,0.04813351791666667,0.009601864687508978,0.006721305281256284,0.014402797031263468,0.028805594062526935,0.05485482319792295,0.04141221263541038,0.06253631494793013,0.0337307208854032,0.0769391119791936,0.01932792385413973,0,0,0,0,1,0,0
2024-01-02 19:00:00,0.04574073,0.04891587125,0.008504222005534507,0.005952955403874155,0.01275633300830176,0.02551266601660352,0.05486882665387415,0.04296291584612585,0.06167220425830176,0.036159538241698236,0.07442853726660352,0.02340320523339648,0,0,1,0,0,0,0
2024-01-02 20:00:00,0.0399092,0.049262822916666664,0.007915811688672982,0.005541068182071087,0.011873717533009472,0.023747435066018945,0.05480389109873775,0.04372175473459558,0.06113654044967613,0.037389105383657195,0.07301025798268561,0.02551538785064772,0,1,0,0,0,0,0
2024-01-02 21:00:00,0.03870717,0.049416645,0.0076586062326201125,0.005361024362834079,0.011487909348930169,0.022975818697860338,0.05477766936283408,0.04405562063716592,0.06090455434893017,0.037928735651069835,0.07239246369786034,0.026440826302139665,0,1,0,0,0,0,0
2024-01-02 22:00:00,0.03800521,0.0494440925,0.007614520968312382,0.005330164677818668,0.011421781452468574,0.022843562904937147,0.05477425717781867,0.044113927822181334,0.06086587395246858,0.038022311047531426,0.07228765540493715,0.026600529595062854,1,0,0,0,0,0,0
2024-01-02 23:00:00,0.03734204,0.04936085333333332,0.007739670911075665,0.005417769637752965,0.011609506366613499,0.023219012733226997,0.05477862297108629,0.04394308369558036,0.060970359699946824,0.03775134696671982,0.07257986606656032,0.026141840600106325,1,0,0,0,0,0,0
2024-01-03 00:00:00,0.0129482,0.04728106083333333,0.01025227899713951,0.007176595297997656,0.015378418495709265,0.03075683699141853,0.05445765613133099,0.04010446553533568,0.0626594793290426,0.03190264233762407,0.07803789782475186,0.016524223841914803,1,0,0,0,0,0,0
2024-01-03 01:00:00,0.01348158,0.04516548958333333,0.011729519086990733,0.008210663360893513,0.0175942786304861,0.0351885572609722,0.053376152944226846,0.03695482622243981,0.06275976821381943,0.02757121095284723,0.08035404684430553,0.009976932322361132,1,0,0,0,0,0,0
2024-01-03 02:00:00,0.01567026,0.043210507499999995,0.012578468878945474,0.008804928215261831,0.01886770331841821,0.03773540663683642,0.05201543571526183,0.03440557928473816,0.0620782108184182,0.024342804181581783,0.08094591413683641,0.005475100863163572,1,0,0,0,0,0,0
2024-01-03 03:00:00,0.01618696,0.04153661375,0.013398762632101373,0.00937913384247096,0.02009814394815206,0.04019628789630412,0.05091574759247096,0.03215747990752904,0.06163475769815206,0.02143846980184794,0.08173290164630412,0.0013403258536958812,1,0,0,0,0,0,0
2024-01-03 04:00:00,0.01386833,0.039678235,0.014026443352731316,0.00981851034691192,0.021039665029096974,0.04207933005819395,0.04949674534691192,0.02985972465308808,0.06071790002909697,0.018638569970903025,0.08175756505819395,-0.0024010950581939486,1,0,0,0,0,0,0
2024-01-03 05:00:00,0.01342708,0.03794415041666666,0.014604732272506223,0.010223312590754355,0.021907098408759335,0.04381419681751867,0.048167463007421016,0.02772083782591231,0.059851248825426,0.016037052007907327,0.08175834723418533,-0.005870046400852008,1,0,0,0,0,0,0
2024-01-03 06:00:00,0.01257952,0.036270207916666665,0.015126477491849318,0.010588534244294522,0.022689716237773976,0.04537943247554795,0.046858742160961184,0.025681673672372143,0.05895992415444064,0.013580491678892689,0.08164964039221462,-0.009109224558881288,1,0,0,0,0,0,0
2024-01-03 07:00:00,0.0120163,0.034649165833333335,0.015566362827632038,0.010896453979342425,0.023349544241448056,0.04669908848289611,0.04554561981267576,0.02375271185399091,0.05799871007478139,0.01129962159188528,0.08134825431622944,-0.012049922649562776,0,1,0,0,0,0,0
2024-01-03 08:00:00,0.01668519,0.033551365416666666,0.015875425120231195,0.011112797584161836,0.02381313768034679,0.04762627536069358,0.044664163000828504,0.02243856783250483,0.05736450309701346,0.009738227736319875,0.08117764077736025,-0.014074909944026916,0,1,0,0,0,0,0
2024-01-03 09:00:00,0.0165881,0.0324203625,0.016084117729986625,0.011258882410990637,0.02412617659497994,0.04825235318995988,0.043679244910990636,0.021161480089009366,0.05654653909497994,0.008294185905020061,0.08067271568995987,-0.015831990689959878,0,1,0,0,0,0,0
2024-01-03 10:00:00,0.01640569,0.031200262916666666,0.016144434184656282,0.011301103929259397,0.024216651276984424,0.04843330255396885,0.042501366845926064,0.019899158987407267,0.05541691419365109,0.006983611639682242,0.07963356547063552,-0.017233039637302182,0,1,0,0,0,0,0
2024-01-03 11:00:00,0.01550812,0.029780051249999998,0.015954171534051268,0.011167920073835887,0.023931257301076904,0.04786251460215381,0.04094797132383589,0.01861213117616411,0.053711308551076906,0.005848793948923094,0.0776425658521538,-0.01808246335215381,0,1,0,0,0,0,0
2024-01-03 12:00:00,0.01374888,0.028398695416666665,0.015842129144381427,0.011089490401066998,0.02376319371657214,0.04752638743314428,0.03948818581773366,0.01730920501559967,0.052161889133238805,0.004635501700094524,0.07592508284981095,-0.019127692016477616,0,1,0,0,0,0,0
2024-01-03 13:00:00,0.01299964,0.02693128875,0.015555023464521924,0.010888516425165346,0.023332535196782887,0.04666507039356577,0.037819805175165346,0.016042772324834656,0.05026382394678289,0.003598753553217114,0.07359635914356577,-0.019733781643565772,0,1,0,0,0,0,0
2024-01-03 14:00:00,0.01240241,0.02545649083333333,0.015163654648613427,0.010614558254029398,0.02274548197292014,0.04549096394584028,0.03607104908736273,0.014841932579303933,0.048201972806253476,0.0027110088604131895,0.07094745477917361,-0.020034473112506952,0,1,0,0,0,0,0
2024-01-03 15:00:00,0.01202864,0.024088282083333332,0.01481362702114241,0.010369538914799687,0.022220440531713615,0.04444088106342723,0.03445782099813302,0.013718743168533646,0.04630872261504695,0.0018678415516197172,0.06852916314676057,-0.020352598980093898,0,1,0,0,0,0,0
2024-01-03 16:00:00,-0.0038621,0.02172490208333333,0.014546202977953861,0.010182342084567702,0.02181930446693079,0.04363860893386158,0.031907244167901035,0.011542559998765628,0.04354420655026412,-9.440238359745973e-05,0.06536351101719491,-0.02191370685052825,1,0,0,0,0,0,0
2024-01-03 17:00:00,-0.00421033,0.019431865,0.01409037073933238,0.009863259517532665,0.02113555610899857,0.04227111221799714,0.029295124517532665,0.009568605482467334,0.040567421108998566,-0.0017036911089985708,0.06170297721799714,-0.02283924721799714,1,0,0,0,0,0,0
2024-01-03 18:00:00,-0.00458042,0.017233183333333332,0.01351334887524783,0.009459344212673481,0.020270023312871747,0.040540046625743495,0.026692527546006813,0.007773839120659851,0.03750320664620508,-0.003036839979538415,0.05777322995907683,-0.023306863292410163,1,0,0,0,0,0,0
2024-01-03 19:00:00,-0.00445666,0.015141625416666665,0.012773651700103118,0.008941556190072182,0.019160477550154677,0.038320955100309355,0.02408318160673885,0.0062000692265944835,0.034302102966821346,-0.004018852133488012,0.05346258051697602,-0.02317932968364269,1,0,0,0,0,0,0
2024-01-03 20:00:00,-0.00365352,0.013326512083333334,0.012182624039040534,0.008527836827328373,0.0182739360585608,0.0365478721171216,0.02185434891066171,0.004798675256004961,0.03160044814189413,-0.004947423975227466,0.04987438420045493,-0.023221360033788267,0,1,0,0,0,0,0
2024-01-03 21:00:00,-0.00315717,0.011582164583333332,0.011359890494124288,0.007951923345887001,0.01703983574118643,0.03407967148237286,0.01953408792922033,0.003630241237446331,0.028622000324519763,-0.005457671157853099,0.045661836065706195,-0.02249750689903953,0,1,0,0,0,0,0
2024-01-03 22:00:00,-0.00254618,0.009892523333333332,0.01021720430401741,0.007152043012812187,0.015325806456026117,0.030651612912052234,0.01704456634614552,0.0027404803205211443,0.02521832978935945,-0.005433283122692785,0.04054413624538557,-0.0207590895787189,0,1,0,0,0,0,0
2024-01-03 23:00:00,-0.00224279,0.008243155416666667,0.008671540114567179,0.006070078080197025,0.013007310171850767,0.026014620343701535,0.01431323349686369,0.002173077336469642,0.021250465588517432,-0.004764154755184101,0.0342577757603682,-0.017771464927034866,0,1,0,0,0,0,0
2024-01-04 00:00:00,0.01107652,0.008165168749999998,0.008635728431029418,0.006045009901720592,0.012953592646544127,0.025907185293088254,0.014210178651720591,0.0021201588482794064,0.021118761396544124,-0.004788423896544129,0.034072354043088254,-0.017742016543088254,0,0,0,0,1,0,0
2024-01-04 01:00:00,0.0111525,0.008068123749999998,0.00858633246893438,0.006010432728254065,0.01287949870340157,0.02575899740680314,0.014078556478254064,0.0020576910217459327,0.020947622453401565,-0.0048113749534015714,0.033827121156803135,-0.017690873656803142,0,0,0,0,1,0,0
2024-01-04 02:00:00,0.01147599,0.007893362499999999,0.008466726440163726,0.005926708508114608,0.012700089660245589,0.025400179320491177,0.013820071008114606,0.001966653991885391,0.020593452160245586,-0.00480672716024559,0.03329354182049118,-0.017506816820491176,0,0,0,0,1,0,0
2024-01-04 03:00:00,0.01169199,0.007706072083333332,0.008323798904546554,0.0058266592331825875,0.01248569835681983,0.02497139671363966,0.01353273131651592,0.0018794128501507445,0.02019177044015316,-0.0047796262734864986,0.032677468796972996,-0.01726532463030633,0,0,0,0,1,0,0
2024-01-04 04:00:00,0.01184619,0.007621816249999999,0.008268763183152042,0.005788134228206429,0.012403144774728064,0.02480628954945613,0.013409950478206428,0.00183368202179357,0.020024961024728064,-0.004781328524728065,0.032428105799456125,-0.01718447329945613,0,0,0,0,1,0,0
2024-01-04 05:00:00,0.0120924,0.007566204583333333,0.008232430655374377,0.005762701458762063,0.012348645983061565,0.02469729196612313,0.013328906042095396,0.0018035031245712697,0.019914850566394898,-0.0047824413997282315,0.03226349654945646,-0.017131087382789796,0,0,0,0,1,0,0
2024-01-04 06:00:00,0.01205264,0.007544251249999998,0.008219172279034329,0.00575342059532403,0.012328758418551494,0.02465751683710299,0.013297671845324028,0.0017908306546759682,0.019873009668551492,-0.004784507168551496,0.03220176808710298,-0.01711326558710299,0,0,0,0,1,0,0
2024-01-04 07:00:00,0.01197249,0.007542425833333331,0.0082181406876849,0.00575269848137943,0.012327211031527351,0.024654422063054703,0.013295124314712761,0.0017897273519539014,0.019869636864860683,-0.00478478519819402,0.032196847896388034,-0.01711199622972137,0,0,0,0,1,0,0
2024-01-04 08:00:00,0.00662473,0.0071232399999999986,0.007984781892602094,0.0055893473248214655,0.011977172838903143,0.023954345677806285,0.012712587324821464,0.0015338926751785331,0.019100412838903142,-0.004853932838903144,0.031077585677806285,-0.016831105677806286,0,0,1,0,0,0,0
2024-01-04 09:00:00,0.00654371,0.006704723749999999,0.007726165601751335,0.0054083159212259336,0.011589248402627001,0.023178496805254002,0.012113039671225932,0.0012964078287740653,0.018293972152627,-0.004884524652627002,0.029883220555254,-0.016473773055254003,0,0,1,0,0,0,0
2024-01-04 10:00:00,0.00629695,0.006283526249999998,0.007444733650919808,0.0052113135556438655,0.011167100476379713,0.022334200952759425,0.011494839805643864,0.0010722126943561328,0.01745062672637971,-0.004883574226379714,0.028617727202759423,-0.016050674702759428,0,0,0,0,1,0,0
2024-01-04 11:00:00,0.00597125,0.0058861566666666655,0.0071807959005638035,0.005026557130394662,0.010771193850845705,0.02154238770169141,0.010912713797061328,0.0008595995362720033,0.01665735051751237,-0.004885037184179039,0.027428544368358076,-0.015656231035024743,0,0,0,0,1,0,0
2024-01-04 12:00:00,0.00568332,0.0055500916666666655,0.006982824446246166,0.004887977112372316,0.010474236669369249,0.020948473338738498,0.010438068779038981,0.0006621145542943492,0.016024328336035915,-0.004924145002702583,0.026498565005405164,-0.015398381672071831,0,0,0,0,1,0,0
2024-01-04 13:00:00,0.00535319,0.005231489583333332,0.006800201664780448,0.004760141165346314,0.010200302497170672,0.020400604994341345,0.009991630748679646,0.00047134841798701817,0.015431792080504004,-0.00496881291383734,0.025632094577674677,-0.015169115411008013,0,0,0,0,1,0,0
2024-01-04 14:00:00,0.0051647,0.004929918333333332,0.006626635180165433,0.004638644626115803,0.00993995277024815,0.0198799055404963,0.009568562959449134,0.00029127370721752834,0.014869871103581482,-0.005010034436914819,0.024809823873829632,-0.014949987207162969,0,0,0,0,1,0,0
2024-01-04 15:00:00,0.00527362,0.0046484591666666655,0.006453202025849992,0.004517241418094994,0.009679803038774987,0.019359606077549975,0.00916570058476166,0.0001312177485716711,0.014328262205441653,-0.005031343872108322,0.024008065244216642,-0.01471114691088331,0,0,0,0,1,0,0
2024-01-04 16:00:00,0.00910177,0.005188620416666665,0.006249200146080971,0.004374440102256679,0.009373800219121457,0.018747600438242914,0.009563060518923343,0.0008141803144099862,0.014562420635788123,-0.004185179802454792,0.023936220854909578,-0.01355898002157625,0,0,0,0,1,0,0
2024-01-04 17:00:00,0.00905511,0.0057413470833333315,0.005961779961237514,0.004173245972866259,0.00894266994185627,0.01788533988371254,0.00991459305619959,0.0015681011104670727,0.014684017025189601,-0.003201322858522939,0.02362668696704587,-0.01214399280037921,0,0,0,0,1,0,0
2024-01-04 18:00:00,0.00898236,0.006306462916666665,0.005570830920476303,0.003899581644333412,0.008356246380714454,0.01671249276142891,0.010206044561000077,0.0024068812723332528,0.01466270929738112,-0.0020497834640477892,0.023018955678095573,-0.010406029844762243,0,0,0,0,1,0,0
2024-01-04 19:00:00,0.00891083,0.006863441666666665,0.005095940922798212,0.0035671586459587483,0.007643911384197318,0.015287822768394636,0.010430600312625413,0.003296283020707917,0.014507353050863984,-0.0007804697175306527,0.0221512644350613,-0.008424381101727971,0,0,0,0,1,0,0
2024-01-04 20:00:00,0.00879089,0.007381958749999998,0.004587004585932753,0.003210903210152927,0.00688050687889913,0.01376101375779826,0.010592861960152924,0.0041710555398470715,0.01426246562889913,0.0005014518711008676,0.021142972507798258,-0.006379055007798263,0,0,0,0,1,0,0
2024-01-04 21:00:00,0.00869811,0.007875928749999999,0.004004003003971345,0.0028028021027799413,0.006006004505957017,0.012012009011914035,0.01067873085277994,0.005073126647220058,0.013881933255957015,0.0018699242440429814,0.019887937761914033,-0.004136080261914036,0,0,0,0,1,0,0
2024-01-04 22:00:00,0.00860396,0.008340517916666667,0.003332751609843279,0.002332926126890295,0.0049991274147649185,0.009998254829529837,0.01067344404355696,0.0060075917897763715,0.013339645331431584,0.003341390501901748,0.018338772746196504,-0.0016577369128631704,0,0,0,0,1,0,0
2024-01-04 23:00:00,0.00824724,0.008777602499999999,0.002457319409579857,0.0017201235867058996,0.003685979114369785,0.00737195822873957,0.010497726086705898,0.007057478913294099,0.012463581614369784,0.0050916233856302135,0.01614956072873957,0.0014056442712604283,0,0,1,0,0,0,0
2024-01-05 00:00:00,0.00297034,0.008439845,0.002675045571629715,0.0018725319001408004,0.004012568357444572,0.008025136714889145,0.0103123769001408,0.006567313099859199,0.012452413357444573,0.004427276642555427,0.016464981714889144,0.0004147082851108548,1,0,0,0,0,0,0
2024-01-05 01:00:00,0.00215352,0.008064887499999998,0.0028995511830360535,0.0020296858281252375,0.00434932677455408,0.00869865354910816,0.010094573328125234,0.00603520167187476,0.012414214274554077,0.0037155607254459174,0.01676354104910816,-0.0006337660491081629,1,0,0,0,0,0,0
2024-01-05 02:00:00,0.00226221,0.00768098,0.003035072802709678,0.0021245509618967743,0.004552609204064517,0.009105218408129034,0.009805530961896774,0.005556429038103225,0.012233589204064517,0.0031283707959354826,0.016786198408129033,-0.0014242384081290345,1,0,0,0,0,0,0
2024-01-05 03:00:00,0.00239558,0.007293629583333332,0.003093574144838466,0.002165501901386926,0.004640361217257699,0.009280722434515398,0.009459131484720258,0.005128127681946407,0.011933990800591031,0.0026532683660756336,0.01657435201784873,-0.001987092851182065,1,0,0,0,0,0,0
2024-01-05 04:00:00,0.00186413,0.006877710416666666,0.0031257454906428238,0.0021880218434499766,0.004688618235964235,0.00937723647192847,0.009065732260116643,0.004689688573216689,0.011566328652630901,0.0021890921807024306,0.016254946888595138,-0.002499526055261805,1,0,0,0,0,0,0
2024-01-05 05:00:00,0.00274061,0.006488052499999998,0.003028812117996783,0.0021201684825977478,0.0045432181769951745,0.009086436353990349,0.008608220982597746,0.0043678840174022505,0.011031270676995173,0.0019448343230048237,0.015574488853990348,-0.0025983838539903508,0,1,0,0,0,0,0
2024-01-05 06:00:00,0.00297111,0.006109655416666665,0.002866318586466241,0.0020064230105263686,0.004299477879699361,0.008598955759398723,0.008116078427193033,0.004103232406140297,0.010409133296366026,0.0018101775369673036,0.014708611176065388,-0.002489300342732058,0,1,0,0,0,0,0
2024-01-05 07:00:00,0.00318105,0.005743345416666666,0.0026370808914766763,0.0018459566240336732,0.003955621337215014,0.007911242674430028,0.007589302040700339,0.003897388792632993,0.00969896675388168,0.001787724079451652,0.013654588091096695,-0.002167897257763362,0,1,0,0,0,0,0
2024-01-05 08:00:00,0.00703534,0.005760454166666666,0.002644369618677045,0.0018510587330739315,0.003966554428015568,0.007933108856031136,0.007611512899740597,0.003909395433592734,0.009727008594682233,0.0017938997386510976,0.0136935630226978,-0.0021726546893644704,0,0,0,0,1,0,0
2024-01-05 09:00:00,0.00767066,0.005807410416666665,0.0026687756916470517,0.001868142984152936,0.004003163537470577,0.008006327074941155,0.007675553400819601,0.0039392674325137295,0.009810573954137243,0.0018042468791960881,0.01381373749160782,-0.002198916658274489,0,0,0,0,1,0,0
2024-01-05 10:00:00,0.00787802,0.005873288333333331,0.002700708299757676,0.0018904958098303732,0.004051062449636514,0.008102124899273028,0.007763784143163704,0.003982792523502959,0.009924350782969845,0.0018222258836968173,0.01397541323260636,-0.0022288365659396967,0,0,0,0,0,1,0
2024-01-05 11:00:00,0.00795339,0.005955877499999999,0.0027339373226289085,0.0019137561258402358,0.004100905983943363,0.008201811967886725,0.007869633625840235,0.004042121374159763,0.01005678348394336,0.0018549715160566362,0.014157689467886724,-0.0022459344678867265,0,0,0,0,0,1,0
2024-01-05 12:00:00,0.00853053,0.0060745112499999985,0.0027829315028445687,0.001948052051991198,0.004174397254266853,0.008348794508533706,0.008022563301991196,0.0041264591980088,0.010248908504266852,0.0019001139957331454,0.014423305758533705,-0.0022742832585337077,0,0,0,0,0,1,0
2024-01-05 13:00:00,0.00854565,0.006207530416666666,0.0028229636157637897,0.001976074531034653,0.004234445423645684,0.008468890847291369,0.008183604947701319,0.0042314558856320125,0.01044197584031235,0.0019730849930209814,0.014676421263958035,-0.002261360430624703,0,0,0,0,0,1,0
2024-01-05 14:00:00,0.00835857,0.006340608333333332,0.0028468463458768086,0.001992792442113766,0.004270269518815213,0.008540539037630426,0.008333400775447097,0.004347815891219566,0.010610877852148544,0.0020703388145181184,0.014881147370963757,-0.0021999307042970947,0,0,0,0,0,1,0
2024-01-05 15:00:00,0.00814925,0.006460426249999999,0.002860468593954252,0.002002328015767976,0.004290702890931378,0.008581405781862755,0.008462754265767975,0.004458098234232023,0.010751129140931376,0.0021697233590686213,0.015041832031862754,-0.0021209795318627564,0,0,0,0,1,0,0
2024-01-05 16:00:00,0.00746366,0.006392171666666666,0.0028138664866424502,0.001969706540649715,0.004220799729963675,0.00844159945992735,0.00836187820731638,0.004422465126016951,0.010612971396630342,0.0021713719367029904,0.014833771126594016,-0.002049427793260685,0,0,0,0,1,0,0
2024-01-05 17:00:00,0.00682741,0.006299350833333332,0.002758400929147406,0.001930880650403184,0.004137601393721109,0.008275202787442218,0.008230231483736515,0.004368470182930148,0.01043695222705444,0.0021617494396122226,0.01457455362077555,-0.0019758519541088863,0,0,0,0,1,0,0
2024-01-05 18:00:00,0.00656696,0.006198709166666666,0.002699692634454888,0.0018897848441184215,0.004049538951682332,0.008099077903364664,0.008088494010785088,0.004308924322548245,0.010248248118348999,0.002149170214984334,0.01429778707003133,-0.0019003687366979981,0,0,0,0,1,0,0
2024-01-05 19:00:00,0.00642151,0.0060949874999999985,0.002638079602497902,0.0018466557217485314,0.003957119403746853,0.007914238807493706,0.00794164322174853,0.004248331778251467,0.010052106903746852,0.0021378680962531454,0.014009226307493704,-0.0018192513074937076,0,0,0,0,1,0,0
2024-01-05 20:00:00,0.00448958,0.005915766249999999,0.0025926839253558568,0.0018148787477490996,0.0038890258880337853,0.007778051776067571,0.007730644997749099,0.0041008875022509,0.009804792138033785,0.002026740361966214,0.01369381802606757,-0.0018622855260675714,0,0,1,0,0,0,0
2024-01-05 21:00:00,0.00431082,0.005732962499999998,0.002542154437242902,0.0017795081060700314,0.003813231655864353,0.007626463311728706,0.0075124706060700295,0.003953454393929967,0.009546194155864352,0.0019197308441356452,0.013359425811728705,-0.001893500811728708,0,0,1,0,0,0,0
2024-01-05 22:00:00,0.00429021,0.005553222916666665,0.0024821290625091,0.00173749034375637,0.00372319359376365,0.0074463871875273,0.0072907132604230354,0.0038157325729102952,0.009276416510430315,0.0018300293229030155,0.012999610104193964,-0.0018931642708606344,0,0,1,0,0,0,0
2024-01-05 23:00:00,0.0041545,0.005382692083333332,0.002429017936259366,0.0017003125553815561,0.003643526904389049,0.007287053808778098,0.007083004638714889,0.003682379527951776,0.009026218987722382,0.001739165178944283,0.01266974589211143,-0.0019043617254447661,0,0,1,0,0,0,0
2024-01-06 00:00:00,0.00156242,0.0053240287499999985,0.002505605802247277,0.0017539240615730939,0.0037584087033709157,0.0075168174067418315,0.007077952811573092,0.0035701046884269046,0.009082437453370914,0.0015656200466290827,0.01284084615674183,-0.002192788656741833,1,0,0,0,0,0,0
2024-01-06 01:00:00,0.00133031,0.005289728333333333,0.0025560228728321098,0.0017892160109824768,0.0038340343092481645,0.007668068618496329,0.00707894434431581,0.003500512322350856,0.009123762642581497,0.0014556940240851683,0.01295779695182966,-0.002378340285162996,1,0,0,0,0,0,0
2024-01-06 02:00:00,0.00119212,0.005245141249999999,0.002619671668033745,0.0018337701676236216,0.003929507502050618,0.007859015004101235,0.007078911417623621,0.0034113710823763773,0.009174648752050617,0.0013156337479493813,0.013104156254101235,-0.0026138737541012364,1,0,0,0,0,0,0
2024-01-06 03:00:00,0.00116232,0.005193755416666666,0.0026891706322889545,0.001882419442602268,0.004033755948433432,0.008067511896866863,0.007076174859268934,0.003311335974064398,0.009227511365100097,0.0011599994682332344,0.01326126731353353,-0.002873756480200197,0,1,0,0,0,0,0
2024-01-06 04:00:00,0.00081854,0.005150189166666665,0.0027531660979883982,0.0019272162685918786,0.004129749146982597,0.008259498293965195,0.007077405435258544,0.0032229728980747866,0.009279938313649263,0.0010204400196840678,0.013409687460631859,-0.0031093091272985296,1,0,0,0,0,0,0
2024-01-06 05:00:00,0.00136569,0.005092900833333332,0.00281900257768125,0.0019733018043768752,0.004228503866521875,0.00845700773304375,0.007066202637710207,0.003119599028956457,0.009321404699855207,0.0008643969668114572,0.013549908566377082,-0.0033641068997104177,0,1,0,0,0,0,0
2024-01-06 06:00:00,0.00208549,0.005055999999999999,0.0028535689379412155,0.001997498256558851,0.0042803534069118234,0.008560706813823647,0.00705349825655885,0.003058501743441148,0.009336353406911822,0.0007756465930881754,0.013616706813823647,-0.003504706813823648,0,1,0,0,0,0,0
2024-01-06 07:00:00,0.00288339,0.005043597499999999,0.0028627046021722493,0.0020038932215205745,0.004294056903258374,0.008588113806516747,0.007047490721520574,0.0030397042784794247,0.009337654403258372,0.0007495405967416257,0.013631711306516747,-0.003544516306516748,0,1,0,0,0,0,0
2024-01-06 08:00:00,0.00376866,0.0049074858333333325,0.0028414676235996167,0.0019890273365197318,0.004262201435399425,0.00852440287079885,0.006896513169853064,0.0029184584968136008,0.009169687268732758,0.0006452843979339075,0.013431888704132183,-0.0036169170374655175,0,0,1,0,0,0,0
2024-01-06 09:00:00,0.00391887,0.004751161249999998,0.0027854927959079815,0.001949844957135587,0.004178239193861972,0.008356478387723944,0.006701006207135585,0.0028013162928644114,0.00892940044386197,0.0005729220561380265,0.013107639637723942,-0.0036053171377239453,0,0,1,0,0,0,0
2024-01-06 10:00:00,0.00403002,0.004590827916666666,0.0027073342340567883,0.0018951339638397517,0.0040610013510851825,0.008122002702170365,0.006485961880506418,0.002695693952826914,0.008651829267751848,0.0005298265655814833,0.012712830618837032,-0.003531174785503699,0,0,1,0,0,0,0
2024-01-06 11:00:00,0.00392402,0.004422937499999999,0.0026130397548337647,0.0018291278283836352,0.003919559632250647,0.007839119264501294,0.006252065328383634,0.002593809671616364,0.008342497132250645,0.0005033778677493517,0.012262056764501292,-0.0034161817645012955,0,0,1,0,0,0,0
2024-01-06 12:00:00,0.00384383,0.004227658333333332,0.0024635719910585012,0.0017245003937409508,0.003695357986587752,0.007390715973175504,0.005952158727074283,0.002503157939592381,0.007923016319921084,0.00053230034674558,0.011618374306508836,-0.003163057639842172,0,0,1,0,0,0,0
2024-01-06 13:00:00,0.00339357,0.004012988333333332,0.0022892561376697015,0.001602479296368791,0.003433884206504552,0.006867768413009104,0.005615467629702123,0.0024105090369645407,0.007446872539837884,0.0005791041268287797,0.010880756746342436,-0.0028547800796757724,0,0,1,0,0,0,0
2024-01-06 14:00:00,0.00322898,0.0037992554166666657,0.0020973086385403356,0.0014681160469782349,0.003145962957810503,0.006291925915621006,0.0052673714636449,0.0023311393696884308,0.006945218374477169,0.0006532924588561625,0.010091181332287672,-0.0024926704989543407,0,0,1,0,0,0,0
2024-01-06 15:00:00,0.0030582,0.003587128333333332,0.0018849165792836648,0.0013194416054985653,0.002827374868925497,0.005654749737850994,0.004906569938831897,0.002267686727834767,0.00641450320225883,0.0007597534644078348,0.009241878071184326,-0.0020676214045176624,0,0,1,0,0,0,0
2024-01-06 16:00:00,0.00273084,0.003389927499999999,0.0017002475222469811,0.0011901732655728867,0.0025503712833704717,0.005100742566740943,0.004580100765572886,0.002199754234427112,0.005940298783370471,0.0008395562166295272,0.008490670066740941,-0.0017108150667409444,0,0,1,0,0,0,0
2024-01-06 17:00:00,0.0017871,0.003179914583333332,0.0015629347743185652,0.0010940543420229955,0.002344402161477848,0.004688804322955696,0.0042739689253563275,0.0020858602413103364,0.005524316744811179,0.0008355124218554842,0.007868718906289027,-0.0015088897396223636,0,1,0,0,0,0,0
2024-01-06 18:00:00,0.0019426,0.0029872329166666656,0.001404208563000765,0.0009829459941005354,0.0021063128445011478,0.0042126256890022955,0.003970178910767201,0.0020042869225661303,0.005093545761167813,0.0008809200721655178,0.007199858605668961,-0.00122539277233563,0,1,0,0,0,0,0
2024-01-06 19:00:00,0.00176092,0.0027930416666666655,0.0012186231953198398,0.0008530362367238878,0.0018279347929797598,0.0036558695859595196,0.0036460779033905535,0.0019400054299427776,0.004620976459646426,0.0009651068736869057,0.0064489112526261855,-0.0008628279192928541,0,1,0,0,0,0,0
2024-01-06 20:00:00,3.419e-05,0.0026074004166666657,0.0012864155348893695,0.0009004908744225586,0.0019296233023340542,0.0038592466046681083,0.0035078912910892243,0.0017069095422441072,0.0045370237190007195,0.0006777771143326116,0.006466647021334774,-0.0012518461880014426,1,0,0,0,0,0,0
2024-01-06 21:00:00,-0.00063276,0.002401417916666665,0.0013931603677283769,0.0009752122574098638,0.0020897405515925655,0.004179481103185131,0.003376630174076529,0.0014262056592568013,0.00449115846825923,0.00031167736507409964,0.006580899019851797,-0.001778063186518466,1,0,0,0,0,0,0
2024-01-06 22:00:00,-0.00093563,0.002183674583333332,0.0014901278771768272,0.001043089514023779,0.002235191815765241,0.004470383631530482,0.003226764097357111,0.0011405850693095533,0.004418866399098573,-5.1517232431908845e-05,0.006654058214863814,-0.00228670904819715,1,0,0,0,0,0,0
2024-01-06 23:00:00,-0.00092653,0.0019719649999999987,0.0015573749103346035,0.0010901624372342223,0.0023360623655019055,0.004672124731003811,0.003062127437234221,0.0008818025627657764,0.004308027365501904,-0.0003640973655019068,0.00664408973100381,-0.0027001597310038123,1,0,0,0,0,0,0
2024-01-07 00:00:00,0.00475225,0.0021048745833333322,0.0016540185669901711,0.0011578129968931197,0.0024810278504852567,0.004962055700970513,0.003262687580226452,0.0009470615864402125,0.004585902433818589,-0.00037615326715192444,0.007066930284303845,-0.002857181117637181,0,0,0,0,0,0,1
2024-01-07 01:00:00,0.00505059,0.0022598862499999986,0.0017498258655944253,0.0012248781059160977,0.002624738798391638,0.005249477596783276,0.0034847643559160965,0.0010350081440839009,0.004884625048391636,-0.00036485254839163954,0.007509363846783275,-0.0029895913467832777,0,0,0,0,0,0,1
2024-01-07 02:00:00,0.00454413,0.0023995533333333323,0.001794108258118731,0.0012558757806831117,0.0026911623871780964,0.005382324774356193,0.003655429114016444,0.0011436775526502206,0.005090715720511429,-0.0002916090538447641,0.007781878107689525,-0.0029827714410228605,0,0,0,0,0,1,0
2024-01-07 03:00:00,0.00436431,0.002532969583333332,0.0018170124440519085,0.001271908710836336,0.0027255186660778627,0.005451037332155725,0.003804878294169668,0.0012610608724969961,0.005258488249411195,-0.0001925490827445306,0.007984006915489058,-0.0029180677488223933,0,0,0,0,0,1,0
2024-01-07 04:00:00,0.00710674,0.0027949779166666655,0.002002909116095753,0.001402036381267027,0.0030043636741436293,0.006008727348287259,0.004197014297933692,0.0013929415353996384,0.005799341590810294,-0.00020938575747696383,0.008803705264953924,-0.003213749431620593,0,0,0,0,0,0,1
2024-01-07 05:00:00,0.00725913,0.0030405379166666656,0.0021740208198355836,0.0015218145738849084,0.0032610312297533754,0.006522062459506751,0.004562352490551574,0.0015187233427817572,0.006301569146420041,-0.00022049331308670976,0.009562600376173416,-0.003481524542840085,0,0,0,0,0,0,1
2024-01-07 06:00:00,0.00719424,0.0032534024999999987,0.002321544487869914,0.0016250811415089398,0.003482316731804871,0.006964633463609742,0.004878483641508938,0.001628321358491059,0.00673571923180487,-0.00022891423180487237,0.010218035963609741,-0.0037112309636097435,0,0,0,0,0,0,1
2024-01-07 07:00:00,0.00724314,0.003435058749999999,0.0024578994464474475,0.001720529612513213,0.003686849169671171,0.007373698339342342,0.005155588362513212,0.001714529137486786,0.00712190791967117,-0.00025179041967117195,0.010808757089342341,-0.003938639589342343,0,0,0,0,0,0,1
2024-01-07 08:00:00,0.00552945,0.0035084249999999986,0.0024942996333223023,0.0017460097433256115,0.0037414494499834533,0.0074828988999669065,0.00525443474332561,0.001762415256674387,0.0072498744499834514,-0.00023302444998345466,0.010991323899966906,-0.0039744738999669075,0,0,0,0,0,1,0
2024-01-07 09:00:00,0.00539213,0.0035698108333333325,0.0025228059545086075,0.0017659641681560252,0.0037842089317629115,0.007568417863525823,0.005335775001489358,0.0018038466651773073,0.007354019765096244,-0.00021439809842957892,0.011138228696859155,-0.00399860703019249,0,0,0,0,0,1,0
2024-01-07 10:00:00,0.00529645,0.0036225787499999987,0.002545988411432975,0.0017821918880030823,0.003818982617149462,0.007637965234298924,0.005404770638003081,0.0018403868619969164,0.007441561367149461,-0.0001964038671494633,0.011260543984298923,-0.004015386484298925,0,0,0,0,1,0,0
2024-01-07 11:00:00,0.00527274,0.003678775416666665,0.0025677234253746383,0.0017974063977622466,0.0038515851380619575,0.007703170276123915,0.005476181814428912,0.0018813690189044185,0.007530360554728622,-0.00017280972139529236,0.01138194569279058,-0.00402439485945725,0,0,0,0,1,0,0
2024-01-07 12:00:00,0.00536513,0.003742162916666666,0.0025906504128223847,0.0018134552889756692,0.003885975619233577,0.007771951238467154,0.005555618205642335,0.0019287076276909968,0.007628138535900243,-0.000143812702566911,0.01151411415513382,-0.0040297883218004885,0,0,0,0,1,0,0
2024-01-07 13:00:00,0.00553266,0.0038312916666666656,0.0026148198730841497,0.0018303739111589046,0.003922229809626225,0.00784445961925245,0.00566166557782557,0.002000917755507761,0.00775352147629289,-9.093814295955916e-05,0.011675751285919115,-0.004013167952585784,0,0,0,0,1,0,0
2024-01-07 14:00:00,0.00584854,0.003940439999999999,0.002643105051178567,0.0018501735358249967,0.00396465757676785,0.0079293151535357,0.0057906135358249955,0.0020902664641750026,0.007905097576767849,-2.421757676785135e-05,0.0118697551535357,-0.003988875153535702,0,0,0,0,0,1,0
2024-01-07 15:00:00,0.0059144,0.0040594483333333325,0.0026658578701500586,0.0018661005091050408,0.003998786805225088,0.007997573610450176,0.0059255488424383735,0.0021933478242282915,0.00805823513855842,6.066152810824468e-05,0.012057021943783507,-0.003938125277116843,0,0,0,0,1,0,0
2024-01-07 16:00:00,0.00615562,0.004202147499999999,0.002683252248987829,0.0018782765742914804,0.004024878373481744,0.008049756746963488,0.006080424074291479,0.002323870925708518,0.008227025873481742,0.00017726912651825494,0.012251904246963485,-0.003847609246963489,0,0,0,0,0,1,0
2024-01-07 17:00:00,0.00484206,0.004329437499999999,0.002635745486913558,0.0018450218408394906,0.003953618230370337,0.007907236460740675,0.00617445934083949,0.0024844156591605085,0.008283055730370336,0.0003758192696296618,0.012236673960740675,-0.0035777989607406755,0,0,0,0,1,0,0
2024-01-07 18:00:00,0.00511667,0.0044616904166666655,0.0025900101560444237,0.0018130071092310966,0.0038850152340666353,0.007770030468133271,0.006274697525897762,0.002648683307435569,0.0083467056507333,0.0005766751826000302,0.012231720884799936,-0.003308340051466605,0,0,0,0,1,0,0
2024-01-07 19:00:00,0.00583572,0.004631473749999999,0.002538310575775629,0.0017768174030429404,0.003807465863663444,0.007614931727326888,0.006408291153042939,0.002854656346957059,0.008438939613663442,0.0008240078863365552,0.012246405477326888,-0.002983457977326889,0,0,0,0,1,0,0
2024-01-07 20:00:00,0.00336913,0.004770429583333332,0.0023607714087220144,0.00165253998610541,0.0035411571130830218,0.0070823142261660435,0.0064229695694387415,0.003117889597227922,0.008311586696416354,0.00122927247025031,0.011852743809499376,-0.0023118846428327117,0,0,1,0,0,0,0
2024-01-07 21:00:00,0.00343179,0.004939785833333332,0.0020861207928279707,0.0014602845549795795,0.0031291811892419563,0.006258362378483913,0.006400070388312912,0.0034795012783537527,0.008068967022575289,0.001810604644091376,0.011198148211817246,-0.0013185765451505802,0,1,0,0,0,0,0
2024-01-07 22:00:00,0.00331307,0.005116814999999999,0.0017127050622969908,0.0011988935436078934,0.0025690575934454864,0.005138115186890973,0.006315708543607893,0.003917921456392106,0.007685872593445485,0.002547757406554513,0.010254930186890972,-2.130018689097332e-05,0,1,0,0,0,0,0
2024-01-07 23:00:00,0.00330071,0.0052929499999999985,0.0012068446491323831,0.0008447912543926682,0.0018102669736985747,0.0036205339473971494,0.006137741254392667,0.00444815874560733,0.007103216973698573,0.003482683026301424,0.008913483947397148,0.001672416052602849,1,0,0,0,0,0,0
2024-01-08 00:00:00,0.00029577,0.005107263333333332,0.0015790867574031978,0.0011053607301822384,0.0023686301361047967,0.0047372602722095935,0.00621262406351557,0.004001902603151094,0.007475893469438129,0.0027386331972285355,0.009844523605542926,0.0003700030611237387,1,0,0,0,0,0,0
2024-01-08 01:00:00,0.0004574,0.004915880416666666,0.0018426092530089214,0.001289826477106245,0.002763913879513382,0.005527827759026764,0.006205706893772911,0.0036260539395604205,0.007679794296180048,0.0021519665371532836,0.01044370817569343,-0.0006119473423600984,1,0,0,0,0,0,0
2024-01-08 02:00:00,0.00043901,0.004744833749999999,0.0020567154801683103,0.001439700836117817,0.0030850732202524654,0.006170146440504931,0.006184534586117816,0.0033051329138821823,0.007829906970252465,0.0016597605297475337,0.010914980190504929,-0.0014253126905049316,1,0,0,0,0,0,0
2024-01-08 03:00:00,-0.00027025,0.004551727083333333,0.002297476018595613,0.0016082332130169291,0.0034462140278934197,0.0068924280557868395,0.006159960296350262,0.0029434938703164033,0.007997941111226751,0.0011055130554399129,0.011444155139120171,-0.002340700972453507,1,0,0,0,0,0,0
2024-01-08 04:00:00,-0.0012914,0.004201804583333332,0.002520166094008794,0.0017641162658061558,0.003780249141013191,0.007560498282026382,0.0059659208491394874,0.0024376883175271763,0.007982053724346523,0.0004215554423201411,0.011762302865359713,-0.00335869369869305,1,0,0,0,0,0,0
2024-01-08 05:00:00,-0.00083772,0.0038644358333333323,0.0026325421621066747,0.0018427795134746722,0.003948813243160012,0.007897626486320024,0.005707215346808004,0.00202165631985866,0.007813249076493344,-8.43774098266796e-05,0.011762062319653356,-0.0040331906529866915,1,0,0,0,0,0,0
2024-01-08 06:00:00,-0.00063361,0.0035382754166666656,0.0026864238806005945,0.001880496716420416,0.004029635820900892,0.008059271641801783,0.005418772133087082,0.0016577787002462496,0.007567911237567558,-0.0004913604042342261,0.011597547058468449,-0.004520996225135118,1,0,0,0,0,0,0
2024-01-08 07:00:00,-0.00059546,0.0032116670833333325,0.0026929027489867347,0.0018850319242907142,0.004039354123480102,0.008078708246960204,0.005096699007624047,0.0013266351590426183,0.007251021206813434,-0.0008276870401467697,0.011290375330293537,-0.0048670411636268715,0,1,0,0,0,0,0
2024-01-08 08:00:00,-0.00011765,0.002976371249999999,0.002728060112246304,0.0019096420785724125,0.004092090168369456,0.008184180336738912,0.004886013328572411,0.0010667291714275863,0.007068461418369455,-0.0011157189183694572,0.01116055158673891,-0.005207809086738914,0,1,0,0,0,0,0
2024-01-08 09:00:00,-0.00073336,0.0027211424999999986,0.002778300934508294,0.0019448106541558059,0.004167451401762441,0.008334902803524882,0.004665953154155805,0.0007763318458441928,0.006888593901762439,-0.0014463089017624424,0.011056045303524881,-0.005613760303524883,0,1,0,0,0,0,0
2024-01-08 10:00:00,-0.00048267,0.0024803458333333326,0.0027957778950565408,0.0019570445265395782,0.004193666842584811,0.008387333685169623,0.00443739035987291,0.0005233013067937544,0.006674012675918144,-0.0017133210092514788,0.010867679518502956,-0.00590698785183629,0,1,0,0,0,0,0
2024-01-08 11:00:00,0.001292,0.002314481666666665,0.0027404461823320914,0.0019183123276324638,0.004110669273498137,0.008221338546996275,0.0042327939942991295,0.00039616933903420136,0.006425150940164803,-0.001796187606831472,0.01053582021366294,-0.00590685688032961,0,0,1,0,0,0,0
2024-01-08 12:00:00,0.00172322,0.002162735416666666,0.0026639422431345835,0.0018647595701942084,0.003995913364701875,0.00799182672940375,0.004027494986860874,0.00029797584647245747,0.00615864878136854,-0.001833177948035209,0.010154562146070415,-0.005829091312737084,0,0,1,0,0,0,0
2024-01-08 13:00:00,0.00112843,0.0019792258333333323,0.0025718096141652685,0.0018002667299156878,0.003857714421247903,0.007715428842495806,0.00377949256324902,0.00017895910341764448,0.005836940254581235,-0.0018784885879145705,0.009694654675829138,-0.005736203009162473,0,0,1,0,0,0,0
2024-01-08 14:00:00,0.00151122,0.0017985041666666657,0.0024369465707974845,0.001705862599558239,0.003655419856196227,0.007310839712392454,0.003504366766224905,9.26415671084267e-05,0.005453924022862893,-0.001856915689529561,0.00910934387905912,-0.005512335545725788,0,0,1,0,0,0,0
2024-01-08 15:00:00,0.00231271,0.0016484337499999989,0.0022781914981766134,0.0015947340487236293,0.00341728724726492,0.00683457449452984,0.003243167798723628,5.369970127636959e-05,0.005065720997264919,-0.0017688534972649212,0.00848300824452984,-0.005186140744529841,0,0,0,0,1,0,0
2024-01-08 16:00:00,0.00406437,0.0015612983333333323,0.0021337189180247835,0.0014936032426173483,0.0032005783770371753,0.0064011567540743506,0.003054901575950681,6.769509071598398e-05,0.004761876710370507,-0.001639280043703843,0.007962455087407682,-0.004839858420741018,0,0,0,0,0,1,0
2024-01-08 17:00:00,0.0041529,0.0015325833333333322,0.0020918746589555347,0.0014643122612688743,0.003137811988433302,0.006275623976866604,0.0029968955946022063,6.827107206445787e-05,0.004670395321766634,-0.00160522865509997,0.007808207310199936,-0.004743040643533272,0,0,0,0,0,1,0
2024-01-08 18:00:00,0.00455712,0.001509268749999999,0.0020529481418372236,0.0014370636992860565,0.0030794222127558356,0.006158844425511671,0.0029463324492860557,7.220505071394248e-05,0.0045886909627558346,-0.0015701534627558366,0.00766811317551167,-0.004649575675511672,0,0,0,0,0,1,0
2024-01-08 19:00:00,0.00425405,0.001443365833333332,0.0019297118134265973,0.001350798269398618,0.002894567720139896,0.005789135440279792,0.00279416410273195,9.256756393471403e-05,0.004337933553473228,-0.0014512018868065638,0.007232501273613124,-0.004345769606946459,0,0,0,0,0,1,0
2024-01-08 20:00:00,0.0095966,0.0017028437499999988,0.0025263643366581373,0.001768455035660696,0.003789546504987206,0.007579093009974412,0.0034712987856606948,-6.561128566069706e-05,0.005492390254987205,-0.0020867027549872075,0.00928193675997441,-0.005876249259974414,0,0,0,0,0,0,1
2024-01-08 21:00:00,0.0101019,0.001980764999999999,0.0030395867207767455,0.0021277107045437216,0.004559380081165118,0.009118760162330236,0.0041084757045437206,-0.00014694570454372273,0.006540145081165117,-0.002578615081165119,0.011099525162330235,-0.007137995162330237,0,0,0,0,0,0,1
2024-01-08 22:00:00,0.0100763,0.002262566249999999,0.003453767788932618,0.0024176374522528322,0.005180651683398927,0.010361303366797855,0.004680203702252831,-0.00015507120225283309,0.007443217933398926,-0.0029180854333989282,0.012623869616797853,-0.008098737116797856,0,0,0,0,0,0,1
2024-01-08 23:00:00,0.00984474,0.002535234166666665,0.0037820114496400613,0.0026474080147480426,0.005673017174460092,0.011346034348920184,0.005182642181414707,-0.0001121738480813774,0.008208251341126757,-0.003137783007793427,0.01388126851558685,-0.008810800182253518,0,0,0,0,0,0,1
2024-01-09 00:00:00,0.01797726,0.0032719629166666655,0.004887417491697684,0.0034211922441883787,0.007331126237546526,0.014662252475093052,0.006693155160855044,-0.00014922932752171316,0.010603089154213192,-0.00405916332087986,0.01793421539175972,-0.011390289558426386,0,0,0,0,0,0,1
2024-01-09 01:00:00,0.01830855,0.004015760833333332,0.005726737756008683,0.004008716429206078,0.008590106634013025,0.01718021326802605,0.008024477262539409,7.044404127254551e-06,0.012605867467346356,-0.004574345800679692,0.021195974101359382,-0.013164452434692716,0,0,0,0,0,0,1
2024-01-09 02:00:00,0.0183674,0.004762777083333332,0.006372770485092446,0.004460939339564712,0.00955915572763867,0.01911831145527734,0.009223716422898043,0.0003018377437686197,0.014321932810972,-0.004796378644305338,0.02388108853861067,-0.014355534371944006,0,0,0,0,0,0,1
2024-01-09 03:00:00,0.01779683,0.005515572083333332,0.006804841787780366,0.004763389251446256,0.010207262681670548,0.020414525363341096,0.010278961334779589,0.0007521828318870763,0.01572283476500388,-0.004691690598337216,0.02593009744667443,-0.014898953280007763,0,0,0,0,0,0,1
2024-01-09 04:00:00,0.01698134,0.006276936249999999,0.007028673589745788,0.004920071512822051,0.010543010384618683,0.021086020769237365,0.01119700776282205,0.0013568647371779482,0.016819946634618683,-0.004266074134618683,0.027362957019237365,-0.014809084519237365,0,0,0,0,0,0,1
2024-01-09 05:00:00,0.01645416,0.006997431249999999,0.007152836599190888,0.005006985619433621,0.010729254898786332,0.021458509797572665,0.01200441686943362,0.001990445630566378,0.017726686148786332,-0.0037318236487863332,0.028455941047572663,-0.014461078547572667,0,0,0,0,0,1,0
2024-01-09 06:00:00,0.01637024,0.007705924999999998,0.007206036944940841,0.005044225861458588,0.010809055417411262,0.021618110834822523,0.012750150861458587,0.00266169913854141,0.01851498041741126,-0.0031031304174112635,0.029324035834822522,-0.013912185834822524,0,0,0,0,0,1,0
2024-01-09 07:00:00,0.01647466,0.008417179999999998,0.007193465593929227,0.005035425915750459,0.01079019839089384,0.02158039678178768,0.013452605915750458,0.0033817540842495395,0.01920737839089384,-0.0023730183908938426,0.02999757678178768,-0.013163216781787683,0,0,0,0,0,1,0
2024-01-09 08:00:00,0.01032222,0.008852174583333332,0.006967007198984046,0.004876905039288832,0.01045051079847607,0.02090102159695214,0.013729079622622164,0.0039752695440445004,0.019302685381809404,-0.0015983362151427375,0.02975319618028547,-0.012048847013618807,0,0,0,0,1,0,0
2024-01-09 09:00:00,0.0102684,0.009310581249999998,0.006664250162326112,0.004664975113628278,0.009996375243489168,0.019992750486978336,0.013975556363628277,0.00464560613637172,0.019306956493489166,-0.0006857939934891699,0.029303331736978334,-0.010682169236978338,0,0,0,0,1,0,0
2024-01-09 10:00:00,0.01017824,0.009754785833333333,0.006330020714904573,0.004431014500433201,0.00949503107235686,0.01899006214471372,0.014185800333766534,0.0053237713329001325,0.019249816905690192,0.00025975476097647374,0.02874484797804705,-0.009235276311380386,0,0,0,0,1,0,0
2024-01-09 11:00:00,0.0101832,0.0101252525,0.00606795443358851,0.004247568103511957,0.009101931650382766,0.01820386330076553,0.014372820603511957,0.005877684396488042,0.019227184150382763,0.0010233208496172336,0.028329115800765532,-0.008078610800765532,0,0,0,0,1,0,0
2024-01-09 12:00:00,0.01026264,0.010481061666666666,0.005798230443950424,0.0040587613107652964,0.008697345665925636,0.017394691331851272,0.014539822977431963,0.00642230035590137,0.019178407332592302,0.00178371600074103,0.02787575299851794,-0.006913629665184606,0,0,1,0,0,0,0
2024-01-09 13:00:00,0.01039517,0.010867175833333331,0.005446201680628198,0.0038123411764397386,0.008169302520942298,0.016338605041884596,0.014679517009773069,0.007054834656893593,0.01903647835427563,0.002697873312391033,0.027205780875217925,-0.005471429208551265,0,0,1,0,0,0,0
2024-01-09 14:00:00,0.01032803,0.011234542916666666,0.005072189116879941,0.0035505323818159585,0.0076082836753199115,0.015216567350639823,0.014785075298482626,0.007684010534850708,0.018842826591986578,0.003626259241346755,0.02645111026730649,-0.003982024433973157,0,0,1,0,0,0,0
2024-01-09 15:00:00,0.01020587,0.011563424583333334,0.0047116253349080576,0.00329813773443564,0.007067438002362087,0.014134876004724174,0.014861562317768974,0.008265286848897694,0.01863086258569542,0.004495986580971247,0.025698300588057506,-0.0025714514213908395,0,0,1,0,0,0,0
2024-01-09 16:00:00,0.00850861,0.011748601249999999,0.00448601502627045,0.0031402105183893146,0.006729022539405674,0.013458045078811348,0.014888811768389314,0.008608390731610684,0.01847762378940567,0.005019578710594325,0.025206646328811345,-0.0017094438288113491,0,1,0,0,0,0,0
2024-01-09 17:00:00,0.00719527,0.011875366666666666,0.004301223736174587,0.003010856615322211,0.006451835604261881,0.012903671208523763,0.014886223281988877,0.008864510051344456,0.018327202270928548,0.005423531062404785,0.02477903787519043,-0.0010283045418570964,0,1,0,0,0,0,0
2024-01-09 18:00:00,0.00685562,0.011971137499999998,0.004154270105521311,0.002907989073864918,0.006231405158281966,0.012462810316563933,0.014879126573864915,0.00906314842613508,0.018202542658281966,0.0057397323417180315,0.024433947816563932,-0.0004916728165639348,0,1,0,0,0,0,0
2024-01-09 19:00:00,0.00741963,0.012103036666666664,0.003943504985897301,0.0027604534901281104,0.005915257478845951,0.011830514957691902,0.014863490156794775,0.009342583176538553,0.018018294145512613,0.006187779187820713,0.023933551624358566,0.0002725217089747621,0,1,0,0,0,0,0
2024-01-09 20:00:00,0.00783478,0.0120296275,0.004008061347854742,0.002805642943498319,0.006012092021782113,0.012024184043564225,0.014835270443498319,0.009223984556501683,0.018041719521782115,0.006017535478217888,0.024053811543564226,5.443456435775401e-06,0,1,0,0,0,0,0
2024-01-09 21:00:00,0.00801816,0.011942805,0.004073667321911361,0.0028515671253379524,0.006110500982867041,0.012221001965734082,0.014794372125337954,0.009091237874662048,0.018053305982867043,0.00583230401713296,0.024163806965734082,-0.0002781969657340809,0,1,0,0,0,0,0
2024-01-09 22:00:00,0.00837363,0.011871860416666664,0.004122124712756396,0.002885487298929477,0.006183187069134594,0.012366374138269187,0.014757347715596142,0.008986373117737187,0.018055047485801258,0.005688673347532071,0.02423823455493585,-0.0004945137216025228,0,1,0,0,0,0,0
2024-01-09 23:00:00,0.00860243,0.0118200975,0.004156344714486125,0.002909441300140287,0.006234517071729187,0.012469034143458374,0.014729538800140288,0.008910656199859712,0.01805461457172919,0.005585580428270813,0.024289131643458375,-0.0006489366434583744,0,1,0,0,0,0,0
2024-01-10 00:00:00,0.01034525,0.011502097083333331,0.003951703950617471,0.0027661927654322295,0.0059275559259262065,0.011855111851852413,0.014268289848765561,0.0087359043179011,0.017429653009259537,0.005574541157407124,0.023357208935185746,-0.00035301476851908216,0,0,1,0,0,0,0
2024-01-10 01:00:00,0.01085217,0.011191414583333332,0.003676867828996945,0.0025738074802978614,0.005515301743495418,0.011030603486990836,0.013765222063631193,0.00861760710303547,0.016706716326828748,0.005676112839837913,0.022222018070324166,0.00016081109634249503,0,0,1,0,0,0,0
2024-01-10 02:00:00,0.01153567,0.010906759166666667,0.0033467977418784405,0.0023427584193149082,0.0050201966128176605,0.010040393225635321,0.013249517585981575,0.008564000747351759,0.015926955779484327,0.005886562553849006,0.020947152392301986,0.0008663659410313457,0,0,0,0,1,0,0
2024-01-10 03:00:00,0.01196055,0.010663580833333332,0.0030205269484470457,0.002114368863912932,0.0045307904226705685,0.009061580845341137,0.012777949697246264,0.008549211969420399,0.0151943712560039,0.006132790410662763,0.01972516167867447,0.0016019999879921948,0,0,0,0,1,0,0
2024-01-10 04:00:00,0.01222682,0.010465475833333333,0.0027301071143533296,0.0019110749800473306,0.004095160671529994,0.008190321343059989,0.012376550813380663,0.008554400853286003,0.014560636504863327,0.006370315161803339,0.018655797176393322,0.002275154490273344,0,0,0,0,1,0,0
2024-01-10 05:00:00,0.01221254,0.010288741666666665,0.002448321587135115,0.0017138251109945805,0.003672482380702673,0.007344964761405346,0.012002566777661245,0.008574916555672085,0.013961224047369339,0.006616259285963992,0.01763370642807201,0.0029437769052613194,0,0,0,0,0,1,0
2024-01-10 06:00:00,0.01196175,0.010105054583333333,0.0021148847218845353,0.0014804193053191746,0.0031723270828268027,0.006344654165653605,0.011585473888652508,0.008624635278014159,0.013277381666160135,0.006932727500506531,0.01644970874898694,0.003760400417679728,0,0,0,0,0,1,0
2024-01-10 07:00:00,0.01178221,0.009909535833333332,0.00167067384305519,0.001169471690138633,0.002506010764582785,0.00501202152916557,0.011079007523471966,0.008740064143194698,0.012415546597916117,0.007403525068750546,0.014921557362498901,0.004897514304167762,0,0,0,0,0,1,0
2024-01-10 08:00:00,0.01045221,0.009914952083333333,0.0016722798553809167,0.0011705958987666416,0.002508419783071375,0.00501683956614275,0.011085547982099974,0.008744356184566692,0.012423371866404707,0.007406532300261958,0.014931791649476084,0.0048981125171905825,0,0,0,0,1,0,0
2024-01-10 09:00:00,0.00995264,0.009901795416666666,0.0016706194976791886,0.001169433648375432,0.002505929246518783,0.005011858493037566,0.011071229065042099,0.008732361768291234,0.01240772466318545,0.007395866170147883,0.014913653909704231,0.0048899369236291,0,0,0,0,1,0,0
2024-01-10 10:00:00,0.00930249,0.009865305833333332,0.001673879745573951,0.0011717158219017657,0.0025108196183609263,0.005021639236721853,0.011037021655235098,0.008693590011431567,0.012376125451694258,0.0073544862149724066,0.014886945070055186,0.00484366659661148,0,0,1,0,0,0,0
2024-01-10 11:00:00,0.00889286,0.009811541666666665,0.0016839176423568184,0.0011787423496497729,0.0025258764635352274,0.005051752927070455,0.010990284016316437,0.008632799317016892,0.012337418130201892,0.007285665203131437,0.01486329459373712,0.00475978873959621,0,0,1,0,0,0,0
2024-01-10 12:00:00,0.00866298,0.009744889166666666,0.0016968947504086586,0.001187826325286061,0.002545342125612988,0.005090684251225976,0.010932715491952728,0.008557062841380605,0.012290231292279654,0.007199547041053678,0.014835573417892642,0.004654204915440691,0,0,1,0,0,0,0
2024-01-10 13:00:00,0.00847874,0.009665037916666666,0.0017100042013703197,0.0011970029409592237,0.0025650063020554795,0.005130012604110959,0.01086204085762589,0.008468034975707441,0.012230044218722145,0.007100031614611186,0.014795050520777625,0.004535025312555707,0,0,1,0,0,0,0
2024-01-10 14:00:00,0.00829572,0.009580358333333332,0.0017259906842729735,0.0012081934789910814,0.0025889860264094603,0.0051779720528189205,0.010788551812324413,0.008372164854342251,0.012169344359742793,0.006991372306923872,0.014758330386152253,0.0044023862805144115,0,1,0,0,0,0,0
2024-01-10 15:00:00,0.00831743,0.009501673333333334,0.0017392294595612707,0.0012174606216928893,0.002608844189341906,0.005217688378683812,0.010719133955026224,0.008284212711640444,0.01211051752267524,0.006892829143991428,0.014719361712017145,0.004283984954649522,0,0,1,0,0,0,0
2024-01-10 16:00:00,0.00429272,0.00932601125,0.002032128757725907,0.0014224901304081348,0.0030481931365888603,0.0060963862731777205,0.010748501380408134,0.007903521119591866,0.012374204386588861,0.00627781811341114,0.01542239752317772,0.0032296249768222797,1,0,0,0,0,0,0
2024-01-10 17:00:00,0.00449869,0.00921365375,0.0022208456948958695,0.0015545919864271085,0.0033312685423438045,0.006662537084687609,0.01076824573642711,0.0076590617635728915,0.012544922292343805,0.005882385207656196,0.01587619083468761,0.002551116665312391,1,0,0,0,0,0,0
2024-01-10 18:00:00,0.00468442,0.009123187083333333,0.0023608840715300256,0.0016526188500710177,0.0035413261072950383,0.007082652214590077,0.01077580593340435,0.007470568233262315,0.012664513190628371,0.005581860976038295,0.016205839297923408,0.0020405348687432562,1,0,0,0,0,0,0
2024-01-10 19:00:00,0.00478077,0.009013234583333333,0.002500966099565079,0.0017506762696955552,0.003751449149347619,0.007502898298695238,0.010763910853028889,0.007262558313637778,0.012764683732680953,0.005261785433985714,0.01651613288202857,0.0015103362846380954,1,0,0,0,0,0,0
2024-01-10 20:00:00,0.00480601,0.008887035833333333,0.002635797704669015,0.0018450583932683104,0.003953696557003523,0.007907393114007046,0.010732094226601643,0.007041977440065022,0.012840732390336855,0.00493333927632981,0.01679442894734038,0.000979642719326287,1,0,0,0,0,0,0
2024-01-10 21:00:00,0.0050597,0.008763766666666666,0.0027451122324972164,0.0019215785627480515,0.004117668348745824,0.008235336697491649,0.010685345229414717,0.006842188103918614,0.01288143501541249,0.004646098317920841,0.016999103364158316,0.0005284299691750167,0,1,0,0,0,0,0
2024-01-10 22:00:00,0.00539103,0.008639491666666665,0.0028297505672541926,0.0019808253970779346,0.004244625850881289,0.008489251701762578,0.0106203170637446,0.00665866626958873,0.012884117517547955,0.004394865815785376,0.017128743368429244,0.00015023996490408711,0,1,0,0,0,0,0
2024-01-10 23:00:00,0.00539596,0.008505888749999998,0.0029062373750073736,0.0020343661625051614,0.0043593560625110606,0.008718712125022121,0.010540254912505159,0.006471522587494836,0.012865244812511058,0.004146532687488937,0.017224600875022117,-0.0002128233750221236,0,1,0,0,0,0,0
2024-01-11 00:00:00,0.01131164,0.008546154999999998,0.0029393362013497687,0.002057535340944838,0.004409004302024653,0.008818008604049306,0.010603690340944836,0.00648861965905516,0.012955159302024651,0.004137150697975345,0.017364163604049306,-0.0002718536040493078,0,0,0,0,0,1,0
2024-01-11 01:00:00,0.01116206,0.008559067083333332,0.002950565829805011,0.002065396080863508,0.004425848744707517,0.008851697489415033,0.010624463164196839,0.006493671002469824,0.012984915828040847,0.004133218338625815,0.017410764572748365,-0.00029263040608170157,0,0,0,0,0,1,0
2024-01-11 02:00:00,0.01100398,0.008536913333333332,0.0029291633008311953,0.0020504143105818367,0.004393744951246793,0.008787489902493586,0.010587327643915168,0.006486499022751495,0.012930658284580124,0.004143168382086539,0.017324403235826916,-0.00025057656916025427,0,0,0,0,0,1,0
2024-01-11 03:00:00,0.01104826,0.00849890125,0.002888439038340863,0.0020219073268386042,0.004332658557511295,0.00866531711502259,0.010520808576838604,0.006476993923161395,0.012831559807511293,0.004166242692488705,0.01716421836502259,-0.00016641586502258963,0,0,0,0,0,1,0
2024-01-11 04:00:00,0.01101872,0.008448563749999999,0.002830594786101112,0.0019814163502707783,0.004245892179151668,0.008491784358303335,0.010429980100270776,0.0064671473997292206,0.012694455929151666,0.004202671570848331,0.016940348108303332,-4.3220608303336586e-05,0,0,0,0,0,1,0
2024-01-11 05:00:00,0.01084442,0.00839155875,0.0027645013519295293,0.0019351509463506704,0.004146752027894294,0.008293504055788587,0.01032670969635067,0.006456407803649329,0.012538310777894295,0.004244806722105706,0.01668506280578859,9.805469421141251e-05,0,0,0,0,0,1,0
2024-01-11 06:00:00,0.01076038,0.008341501666666666,0.0027073303804553157,0.0018951312663187208,0.0040609955706829735,0.008121991141365947,0.010236632932985386,0.006446370400347945,0.012402497237349638,0.004280506095983692,0.016463492808032613,0.00021951052530071874,0,0,0,0,0,1,0
2024-01-11 07:00:00,0.01092076,0.008305607916666666,0.0026651115335955943,0.001865578073516916,0.0039976673003933915,0.007995334600786783,0.010171185990183582,0.0064400298431497496,0.012303275217060056,0.004307940616273274,0.016300942517453447,0.0003102733158798828,0,0,0,0,0,1,0
2024-01-11 08:00:00,0.0099548,0.008284882499999998,0.0026495813712297056,0.0018547069598607937,0.003974372056844559,0.007948744113689118,0.010139589459860793,0.006430175540139205,0.012259254556844557,0.0043105104431554395,0.016233626613689114,0.00033613838631088057,0,0,0,0,1,0,0
2024-01-11 09:00:00,0.01025624,0.008297532499999998,0.0026585994020851445,0.001861019581459601,0.003987899103127717,0.007975798206255434,0.010158552081459599,0.006436512918540397,0.012285431603127714,0.004309633396872281,0.01627333070625543,0.000321734293744564,0,0,0,0,0,1,0
2024-01-11 10:00:00,0.01076495,0.008358468333333332,0.0026990864902402055,0.0018893605431681438,0.004048629735360308,0.008097259470720616,0.010247828876501476,0.0064691077901651885,0.01240709806869364,0.004309838597973024,0.01645572780405395,0.00026120886261271625,0,0,0,0,0,1,0
2024-01-11 11:00:00,0.01134109,0.008460477916666665,0.0027656061204686783,0.0019359242843280746,0.004148409180703017,0.008296818361406035,0.01039640220099474,0.006524553632338591,0.012608887097369683,0.004312068735963648,0.0167572962780727,0.0001636595552606309,0,0,0,0,0,1,0
2024-01-11 12:00:00,0.01198155,0.008598751666666666,0.002857601200733222,0.0020003208405132552,0.004286401801099833,0.008572803602199666,0.01059907250717992,0.006598430826153411,0.012885153467766499,0.0043123498655668335,0.01717155526886633,2.5948064467000778e-05,0,0,0,0,0,1,0
2024-01-11 13:00:00,0.01206758,0.008748286666666666,0.0029436523921418396,0.0020605566744992874,0.004415478588212759,0.008830957176425519,0.010808843341165953,0.006687729992167378,0.013163765254879424,0.004332808078453906,0.017579243843092184,-8.267050975885315e-05,0,0,0,0,0,1,0
2024-01-11 14:00:00,0.01181227,0.008894809583333331,0.003006984466994025,0.002104889126895817,0.004510476700491038,0.009020953400982076,0.010999698710229149,0.006789920456437514,0.01340528628382437,0.0043843328828422935,0.01791576298431541,-0.00012614381764874429,0,0,0,0,0,1,0
2024-01-11 15:00:00,0.01149135,0.009027056249999998,0.0030499742911315854,0.0021349820037921095,0.0045749614366973786,0.009149922873394757,0.011162038253792108,0.006892074246207889,0.013602017686697377,0.00445209481330262,0.018176979123394756,-0.00012286662339475868,0,0,0,0,0,1,0
2024-01-11 16:00:00,0.03381561,0.010257176666666666,0.005784896529086801,0.00404942757036076,0.008677344793630202,0.017354689587260403,0.014306604237027426,0.006207749096305906,0.018934521460296866,0.0015798318730364646,0.02761186625392707,-0.007097512920593737,0,0,0,0,0,0,1
2024-01-11 17:00:00,0.03988046,0.011731417083333332,0.008240707947667063,0.005768495563366944,0.012361061921500594,0.02472212384300119,0.017499912646700276,0.005962921519966389,0.024092479004833925,-0.0006296448381672617,0.03645354092633452,-0.012990706759667856,0,0,0,0,0,0,1
2024-01-11 18:00:00,0.03433719,0.012966949166666667,0.009293843227557965,0.006505690259290575,0.013940764841336948,0.027881529682673895,0.01947263942595724,0.006461258907376092,0.026907714008003614,-0.0009738156746702809,0.040848478849340564,-0.014914580516007228,0,0,0,0,0,0,1
2024-01-11 19:00:00,0.03013884,0.014023535416666663,0.009752824166092224,0.006826976916264556,0.014629236249138335,0.02925847249827667,0.02085051233293122,0.007196558500402107,0.028652771665805,-0.0006057008324716721,0.043282007914943334,-0.015234937081610007,0,0,0,0,0,0,1
2024-01-11 20:00:00,0.02710841,0.014952802083333333,0.009897805231214658,0.00692846366185026,0.014846707846821986,0.029693415693643973,0.021881265745183592,0.008024338421483073,0.02979950993015532,0.00010609423651134625,0.044646217776977304,-0.01474061361031064,0,0,0,0,0,1,0
2024-01-11 21:00:00,0.02442579,0.0157597225,0.009845475126902398,0.0068918325888316775,0.014768212690353597,0.029536425380707193,0.02265155508883168,0.008867889911168322,0.030527935190353597,0.0009915098096464035,0.0452961478807072,-0.013776702880707193,0,0,0,0,0,1,0
2024-01-11 22:00:00,0.0224644,0.016471112916666666,0.009679123287943158,0.00677538630156021,0.014518684931914737,0.029037369863829474,0.023246499218226878,0.009695726615106455,0.030989797848581403,0.001952427984751929,0.04550848278049614,-0.012566256947162808,0,0,0,0,1,0,0
2024-01-11 23:00:00,0.02076589,0.017111526666666665,0.009419470627821738,0.006593629439475217,0.014129205941732607,0.028258411883465215,0.02370515610614188,0.010517897227191448,0.031240732608399272,0.0029823207249340573,0.04536993855013188,-0.01114688521679855,0,0,0,0,1,0,0
2024-01-12 00:00:00,0.00789227,0.016969052916666665,0.009536147833527004,0.0066753034834689026,0.014304221750290506,0.02860844350058101,0.02364435640013557,0.010293749433197762,0.031273274666957174,0.002664831166376159,0.045577496417247676,-0.011639390583914347,0,1,0,0,0,0,0
2024-01-12 01:00:00,0.00587543,0.016748776666666666,0.009735098847709941,0.0068145691933969585,0.014602648271564912,0.029205296543129824,0.023563345860063624,0.009934207473269709,0.03135142493823158,0.002146128395101754,0.04595407320979649,-0.012456519876463158,0,1,0,0,0,0,0
2024-01-12 02:00:00,0.00578586,0.016531354999999998,0.00992539071834013,0.006947773502838091,0.014888086077510194,0.02977617215502039,0.02347912850283809,0.009583581497161906,0.03141944107751019,0.001643268922489803,0.046307527155020387,-0.013244817155020391,0,1,0,0,0,0,0
2024-01-12 03:00:00,0.00630924,0.01633389583333333,0.01008507140869196,0.007059549986084371,0.01512760711303794,0.03025521422607588,0.023393445819417703,0.009274345847248958,0.03146150294637127,0.0012062887202953908,0.04658911005940921,-0.013921318392742549,0,1,0,0,0,0,0
2024-01-12 04:00:00,0.00657674,0.01614881333333333,0.010226623747711527,0.007158636623398069,0.01533993562156729,0.03067987124313458,0.0233074499567314,0.008990176709935262,0.03148874895490062,0.0008088777117660415,0.04682868457646791,-0.014531057909801248,0,1,0,0,0,0,0
2024-01-12 05:00:00,0.00682987,0.015981540416666665,0.010349254869427497,0.007244478408599248,0.015523882304141246,0.031047764608282492,0.023226018825265912,0.008737062008067419,0.03150542272080791,0.0004576581125254192,0.04702930502494916,-0.015066224191615827,0,1,0,0,0,0,0
2024-01-12 06:00:00,0.00681101,0.015816983333333333,0.0104666156054105,0.007326630923787349,0.01569992340811575,0.0313998468162315,0.023143614257120682,0.008490352409545984,0.03151690674144908,0.00011705992521758232,0.047216830149564834,-0.015582863482898168,0,1,0,0,0,0,0
2024-01-12 07:00:00,0.00687226,0.01564829583333333,0.010580957285037176,0.007406670099526023,0.015871435927555765,0.03174287185511153,0.023054965932859352,0.008241625733807306,0.0315197317608891,-0.00022314009422243555,0.047391167688444855,-0.0160945760217782,0,1,0,0,0,0,0
2024-01-12 08:00:00,0.00739451,0.015541617083333332,0.010653513545346932,0.007457459481742852,0.0159802703180204,0.0319605406360408,0.022999076565076184,0.00808415760159048,0.03152188740135373,-0.0004386532346870673,0.04750215771937413,-0.016418923552707465,0,1,0,0,0,0,0
2024-01-12 09:00:00,0.0074386,0.015424215416666666,0.01072954464187996,0.0075106812493159715,0.01609431696281994,0.03218863392563988,0.022934896665982637,0.007913534167350696,0.031518532379486604,-0.000670101546153273,0.04761284934230654,-0.016764418508973214,0,1,0,0,0,0,0
2024-01-12 10:00:00,0.00745132,0.0152861475,0.010813101453932064,0.007569171017752444,0.016219652180898096,0.03243930436179619,0.022855318517752445,0.007716976482247556,0.031505799680898096,-0.0009335046808980965,0.04772545186179619,-0.017153156861796193,0,1,0,0,0,0,0
2024-01-12 11:00:00,0.00752097,0.015126975833333334,0.010901454227444535,0.007631017959211174,0.016352181341166803,0.03270436268233361,0.022757993792544506,0.007495957874122159,0.03147915717450014,-0.0012252055078334698,0.04783133851566694,-0.017577386849000273,0,0,1,0,0,0,0
2024-01-12 12:00:00,0.00755448,0.014942514583333332,0.010994052868408653,0.007695837007886057,0.01649107930261298,0.03298215860522596,0.022638351591219387,0.007246677575447275,0.03143359388594631,-0.0015485647192796468,0.04792467318855929,-0.018039644021892627,0,0,1,0,0,0,0
2024-01-12 13:00:00,0.00761913,0.014757162499999999,0.01108177851898692,0.007757244963290844,0.016622667778480378,0.033245335556960756,0.022514407463290843,0.006999917536709155,0.031379830278480375,-0.0018655052784803793,0.04800249805696075,-0.01848817305696076,0,0,1,0,0,0,0
2024-01-12 14:00:00,0.00769308,0.014585529583333331,0.011160987235135035,0.007812691064594524,0.016741480852702554,0.03348296170540511,0.022398220647927854,0.006772838518738807,0.03132701043603588,-0.002155951269369223,0.04806849128873844,-0.018897432122071775,0,0,1,0,0,0,0
2024-01-12 15:00:00,0.00833541,0.014454032083333332,0.011217476037003862,0.007852233225902703,0.016826214055505793,0.03365242811101159,0.022306265309236035,0.006601798857430629,0.031280246138839125,-0.0023721819721724616,0.04810646019434492,-0.019198396027678255,0,0,1,0,0,0,0
2024-01-12 16:00:00,0.05246777,0.015231205416666666,0.01310460969070274,0.009173226783491917,0.01965691453605411,0.03931382907210822,0.02440443220015858,0.006057978633174749,0.03488811995272077,-0.0044257091193874425,0.05454503448877488,-0.024082623655441553,0,0,0,0,0,0,1
2024-01-12 17:00:00,0.04396861,0.015401544999999997,0.013460674744465639,0.009422472321125946,0.020191012116698458,0.040382024233396915,0.024824017321125942,0.005979072678874051,0.03559255711669845,-0.00478946711669846,0.05578356923339691,-0.02498047923339692,0,0,0,0,0,0,1
2024-01-12 18:00:00,0.04649305,0.015908039166666665,0.014400076607092378,0.010080053624964664,0.021600114910638568,0.043200229821277136,0.025988092791631327,0.005827985541702002,0.037508154077305234,-0.005692075743971903,0.0591082689879438,-0.02729219065461047,0,0,0,0,0,0,1
2024-01-12 19:00:00,0.04540944,0.016544314166666668,0.01536148685402806,0.010753040797819642,0.02304223028104209,0.04608446056208418,0.02729735496448631,0.005791273368847025,0.03958654444770876,-0.006497916114375422,0.06262877472875085,-0.02954014639541751,0,0,0,0,0,0,1
2024-01-12 20:00:00,0.04378673,0.017239244166666667,0.0162137759960765,0.011349643197253548,0.024320663994114748,0.048641327988229496,0.028588887363920214,0.005889600969413119,0.041559908160781416,-0.007081419827448081,0.06588057215489616,-0.03140208382156283,0,0,0,0,0,0,1
2024-01-12 21:00:00,0.04153412,0.01795209125,0.016904834868955512,0.011833384408268859,0.02535725230343327,0.05071450460686654,0.02978547565826886,0.006118706841731141,0.04330934355343327,-0.007405161053433269,0.06866659585686653,-0.03276241335686654,0,0,0,0,0,1,0
2024-01-12 22:00:00,0.03942618,0.01865883208333333,0.01744753270165027,0.012213272891155189,0.026171299052475408,0.052342598104950816,0.03087210497448852,0.0064455591921781415,0.044830131135808735,-0.007512466969142078,0.07100143018828414,-0.03368376602161749,0,0,0,0,0,1,0
2024-01-12 23:00:00,0.0364663,0.019313015833333332,0.017820325970615888,0.012474228179431121,0.02673048895592383,0.05346097791184766,0.031787244012764455,0.006838787653902211,0.04604350478925716,-0.007417473122590498,0.072773993745181,-0.034147962078514324,0,0,0,0,0,1,0
2024-01-13 00:00:00,0.00734896,0.019290377916666664,0.01783580339637367,0.012485062377461569,0.026753705094560508,0.053507410189121016,0.03177544029412823,0.006805315539205095,0.04604408301122717,-0.007463327177893844,0.07279778810578769,-0.03421703227245435,0,0,1,0,0,0,0
2024-01-13 01:00:00,0.00596659,0.01929417625,0.017832831781331996,0.012482982246932397,0.026749247671997996,0.05349849534399599,0.0317771584969324,0.006811194003067603,0.04604342392199799,-0.007455071421997996,0.072792671593996,-0.03420431909399599,0,1,0,0,0,0,0
2024-01-13 02:00:00,0.00441714,0.01923714625,0.017880036227496787,0.01251602535924775,0.02682005434124518,0.05364010868249036,0.031753171609247746,0.00672112089075225,0.046057200591245184,-0.007582908091245181,0.07287725493249037,-0.03440296243249036,0,1,0,0,0,0,0
2024-01-13 03:00:00,0.00365217,0.019126435,0.017971556698179174,0.012580089688725421,0.02695733504726876,0.05391467009453752,0.031706524688725424,0.006546345311274579,0.04608377004726876,-0.00783090004726876,0.07304110509453753,-0.03478823509453752,0,1,0,0,0,0,0
2024-01-13 04:00:00,-0.00241312,0.018751857499999997,0.01833452165499948,0.012834165158499637,0.027501782482499224,0.05500356496499845,0.031586022658499635,0.00591769234150036,0.04625363998249922,-0.008749924982499227,0.07375542246499844,-0.03625170746499845,0,1,0,0,0,0,0
2024-01-13 05:00:00,-0.00234157,0.018369714166666665,0.018686023412538284,0.013080216388776798,0.028029035118807426,0.05605807023761485,0.03144993055544346,0.005289497777889868,0.04639874928547409,-0.009659320952140761,0.07442778440428152,-0.037688356070948184,0,1,0,0,0,0,0
2024-01-13 06:00:00,-0.00247013,0.017983,0.019028534804978025,0.013319974363484617,0.028542802207467036,0.05708560441493407,0.031302974363484615,0.0046630256365153815,0.046525802207467035,-0.010559802207467037,0.07506860441493407,-0.03910260441493407,0,1,0,0,0,0,0
2024-01-13 07:00:00,-0.00254113,0.017590775416666666,0.019361613022204505,0.013553129115543154,0.02904241953330676,0.05808483906661352,0.031143904532209818,0.004037646301123512,0.04663319494997342,-0.011451644116640094,0.07567561448328018,-0.04049406364994686,0,1,0,0,0,0,0
2024-01-13 08:00:00,-0.0001086,0.01727814583333333,0.019592606991277146,0.013714824893894001,0.02938891048691572,0.05877782097383144,0.030992970727227332,0.00356332093943933,0.04666705632024905,-0.01211076465358239,0.07605596680716477,-0.04149967514049811,0,1,0,0,0,0,0
2024-01-13 09:00:00,-0.00014821,0.01696202875,0.0198181719593204,0.013872720371524278,0.0297272579389806,0.0594545158779612,0.03083474912152428,0.003089308378475722,0.046689286688980605,-0.012765229188980601,0.0764165446279612,-0.042492487127961207,0,1,0,0,0,0,0
2024-01-13 10:00:00,-0.00014885,0.016645355,0.020036271926018038,0.014025390348212626,0.03005440788902706,0.06010881577805412,0.030670745348212625,0.0026199646517873747,0.04669976288902706,-0.013409052889027058,0.07675417077805412,-0.04346346077805412,0,1,0,0,0,0,0
2024-01-13 11:00:00,-7.553e-05,0.016328834166666664,0.020245589508948416,0.01417191265626389,0.030368384263422622,0.060736768526845245,0.030500746822930552,0.002156921510402773,0.04669721843008928,-0.014039550096755959,0.07706560269351191,-0.04440793436017858,0,1,0,0,0,0,0
2024-01-13 12:00:00,0.00421724,0.016189782499999996,0.020319798600105177,0.014223859020073623,0.030479697900157768,0.060959395800315536,0.03041364152007362,0.0019659234799263726,0.04666948040015777,-0.014289915400157772,0.07714917830031554,-0.044769613300315536,0,0,1,0,0,0,0
2024-01-13 13:00:00,0.00421538,0.01604795958333333,0.02039396164855931,0.014275773153991516,0.030590942472838965,0.06118188494567793,0.030323732737324846,0.001772186429341814,0.0466389020561723,-0.014542982889505635,0.07722984452901126,-0.045133925362344604,0,0,1,0,0,0,0
2024-01-13 14:00:00,0.00421462,0.01590302375,0.02046814514330537,0.014327701600313759,0.030702217714958055,0.06140443542991611,0.030230725350313757,0.0015753221496862396,0.04660524146495805,-0.014799193964958057,0.0773074591799161,-0.045501411679916115,0,0,1,0,0,0,0
2024-01-13 15:00:00,0.00437145,0.015737858749999997,0.020547704745193247,0.014383393321635272,0.03082155711778987,0.06164311423557974,0.03012125207163527,0.0013544654283647248,0.04655941586778987,-0.015083698367789874,0.07738097298557974,-0.04590525548557975,0,0,1,0,0,0,0
2024-01-13 16:00:00,0.00397617,0.013717375416666665,0.0191130076228684,0.01337910533600788,0.028669511434302603,0.057339022868605205,0.027096480752674547,0.0003382700806587851,0.042386886850969266,-0.014952136017635937,0.07105639828527187,-0.04362164745193854,0,0,1,0,0,0,0
2024-01-13 17:00:00,0.00420869,0.012060712083333333,0.018071682739613945,0.01265017791772976,0.027107524109420918,0.054215048218841835,0.024710890001063093,-0.0005894658343964278,0.03916823619275425,-0.015046812026087585,0.06627576030217516,-0.0421543361355085,0,0,1,0,0,0,0
2024-01-13 18:00:00,0.00429094,0.010302290833333332,0.01656613343246262,0.011596293402723834,0.024849200148693934,0.04969840029738787,0.021898584236057166,-0.0012940025693905025,0.035151490982027266,-0.014546909315360602,0.0600006911307212,-0.039396109464054536,0,0,1,0,0,0,0
2024-01-13 19:00:00,0.00456949,0.008600626249999998,0.014807317602006001,0.0103651223214042,0.022210976403009,0.044421952806018,0.0189657485714042,-0.001764496071404201,0.030811602653009,-0.013610350153009003,0.053022579056018,-0.035821326556018,0,0,1,0,0,0,0
2024-01-13 20:00:00,0.00606548,0.0070289075,0.012772220072822886,0.00894055405097602,0.019158330109234328,0.038316660218468655,0.01596946155097602,-0.0019116465509760204,0.02618723760923433,-0.012129422609234327,0.045345567718468656,-0.031287752718468655,0,0,1,0,0,0,0
2024-01-13 21:00:00,0.00632575,0.005561892083333332,0.010446997587724521,0.007312898311407165,0.015670496381586782,0.031340992763173564,0.012874790394740498,-0.0017510062280738327,0.021232388464920114,-0.01010860429825345,0.036902884846506896,-0.025779100679840232,0,0,0,0,1,0,0
2024-01-13 22:00:00,0.00657242,0.004192985416666665,0.00757418925846654,0.005301932480926578,0.01136128388769981,0.02272256777539962,0.009494917897593243,-0.0011089470642599124,0.015554269304366476,-0.007168298471033144,0.026915553192066285,-0.018529582358732952,0,0,0,0,1,0,0
2024-01-13 23:00:00,0.00673448,0.002954159583333332,0.003280586513473989,0.002296410559431792,0.004920879770210983,0.009841759540421966,0.005250570142765124,0.00065774902390154,0.007875039353544316,-0.001966720186877651,0.012795919123755299,-0.0068875999570886335,0,0,0,0,0,1,0
2024-01-14 00:00:00,0.00770095,0.002968825833333332,0.0033018064044648557,0.002311264483125399,0.004952709606697284,0.009905419213394568,0.005280090316458731,0.000657561350207933,0.007921535440030616,-0.001983883773363952,0.0128742450467279,-0.0069365933800612355,0,0,0,0,0,1,0
2024-01-14 01:00:00,0.00880183,0.0030869608333333326,0.0034606275742803468,0.0024224393019962424,0.00519094136142052,0.01038188272284104,0.005509400135329575,0.0006645215313370902,0.008277902194753852,-0.0021039805280871878,0.013468843556174373,-0.007294921889507708,0,0,0,0,0,0,1
2024-01-14 02:00:00,0.00886305,0.0032722070833333325,0.003648805254561804,0.0025541636781932628,0.005473207881842706,0.010946415763685413,0.005826370761526595,0.0007180434051400697,0.00874541496517604,-0.002201000798509374,0.014218622847018745,-0.00767420868035208,0,0,0,0,0,0,1
2024-01-14 03:00:00,0.00910778,0.0034995241666666652,0.003838513758838332,0.0026869596311868324,0.005757770638257498,0.011515541276514996,0.006186483797853498,0.0008125645354798328,0.009257294804924163,-0.0022582464715908326,0.01501506544318166,-0.00801601710984833,0,0,0,0,0,1,0
2024-01-14 04:00:00,0.00939741,0.003991629583333332,0.0038044595779216143,0.0026631217045451298,0.005706689366882421,0.011413378733764842,0.006654751287878462,0.0013285078787882024,0.009698318950215754,-0.001715059783549089,0.015405008317098175,-0.00742174915043151,0,0,0,0,0,1,0
2024-01-14 05:00:00,0.0096477,0.004491182499999999,0.003722974689795092,0.002606082282856564,0.005584462034692638,0.011168924069385276,0.007097264782856563,0.0018851002171434345,0.010075644534692636,-0.001093279534692639,0.015660106569385275,-0.006677741569385277,0,0,0,0,0,1,0
2024-01-14 06:00:00,0.00980078,0.005002470416666666,0.0035646233920198457,0.002495236374413892,0.005346935088029768,0.010693870176059536,0.007497706791080558,0.002507234042252774,0.010349405504696433,-0.0003444646713631023,0.0156963405927262,-0.00569139975939287,0,0,0,0,0,1,0
2024-01-14 07:00:00,0.00983289,0.005518054583333332,0.0033120177459236666,0.0023184124221465666,0.0049680266188855,0.009936053237771,0.007836467005479898,0.0031996421611867653,0.010486081202218831,0.0005500279644478322,0.015454107821104332,-0.0044179986544376675,0,0,0,0,0,1,0
2024-01-14 08:00:00,0.01333483,0.006078197499999998,0.0034528508048860943,0.002416995563420266,0.005179276207329142,0.010358552414658283,0.008495193063420264,0.0036612019365797315,0.01125747370732914,0.0008989212926708559,0.01643674991465828,-0.004280354914658286,0,0,0,0,0,0,1
2024-01-14 09:00:00,0.01289397,0.006621621666666665,0.003456621108867299,0.002419634776207109,0.005184931663300948,0.010369863326601897,0.009041256442873773,0.004201986890459556,0.011806553329967613,0.0014366900033657166,0.016991484993268562,-0.0037482416599352317,0,0,0,0,0,0,1
2024-01-14 10:00:00,0.01245412,0.007146745416666666,0.0033386401138643935,0.0023370480797050754,0.00500796017079659,0.01001592034159318,0.009483793496371741,0.0048096973369615905,0.012154705587463257,0.002138785245870076,0.017162665758259844,-0.0028691749249265142,0,0,0,0,0,0,1
2024-01-14 11:00:00,0.01203251,0.007651247083333332,0.003106590586348162,0.0021746134104437135,0.004659885879522243,0.009319771759044486,0.009825860493777046,0.005476633672889619,0.012311132962855575,0.002991361203811089,0.016971018842377818,-0.001668524675711154,0,0,0,0,0,1,0
2024-01-14 12:00:00,0.01151365,0.007955264166666665,0.003112934691088475,0.0021790542837619325,0.004669402036632712,0.009338804073265424,0.010134318450428597,0.005776209882904733,0.012624666203299377,0.003285862130033953,0.01729406823993209,-0.0013835399065987592,0,0,0,0,0,1,0
2024-01-14 13:00:00,0.01110888,0.008242493333333331,0.0030705960331784458,0.002149417223224912,0.004605894049767668,0.009211788099535337,0.010391910556558243,0.00609307611010842,0.012848387383101,0.003636599283565663,0.017454281432868667,-0.0009692947662020054,0,0,0,0,0,1,0
2024-01-14 14:00:00,0.01061371,0.008509122083333332,0.0029821906414099404,0.002087533448986958,0.004473285962114911,0.008946571924229822,0.01059665553232029,0.006421588634346375,0.012982408045448243,0.004035836121218422,0.017455694007563152,-0.00043744984089648907,0,0,0,0,0,1,0
2024-01-14 15:00:00,0.01010372,0.008747966666666666,0.002863586183566035,0.0020045103284962247,0.004295379275349053,0.008590758550698106,0.01075247699516289,0.006743456338170441,0.013043345942015718,0.004452587391317613,0.01733872521736477,0.0001572081159685601,0,0,0,0,1,0,0
2024-01-14 16:00:00,0.00563504,0.008817086249999998,0.0027616039975785793,0.0019331227983050054,0.0041424059963678685,0.008284811992735737,0.010750209048305004,0.006883963451694993,0.012959492246367867,0.00467468025363213,0.017101898242735735,0.0005322742572642612,0,1,0,0,0,0,0
2024-01-14 17:00:00,0.00571317,0.008879772916666666,0.002667934977052142,0.0018675544839364994,0.004001902465578213,0.008003804931156426,0.010747327400603164,0.0070122184327301666,0.012881675382244879,0.0048778704510884525,0.016883577847823093,0.0008759679855102395,0,1,0,0,0,0,0
2024-01-14 18:00:00,0.00704721,0.0089946175,0.002516860782694023,0.001761802547885816,0.0037752911740410343,0.0075505823480820685,0.010756420047885816,0.007232814952114183,0.012769908674041035,0.005219326325958965,0.016545199848082066,0.0014440351519179311,0,1,0,0,0,0,0
2024-01-14 19:00:00,0.00823391,0.009147301666666665,0.00234180302315504,0.0016392621162085279,0.0035127045347325596,0.007025409069465119,0.010786563782875193,0.007508039550458137,0.012660006201399225,0.005634597131934105,0.016172710736131784,0.0021218925972015454,0,0,1,0,0,0,0
2024-01-14 20:00:00,0.0092666,0.009280681666666665,0.002247922655567712,0.0015735458588973983,0.0033718839833515677,0.006743767966703135,0.010854227525564064,0.007707135807769267,0.012652565650018233,0.005908797683315098,0.0160244496333698,0.00253691369996353,0,0,1,0,0,0,0
2024-01-14 21:00:00,0.0094599,0.009411271249999999,0.002158036595755549,0.0015106256170288842,0.003237054893633323,0.006474109787266646,0.010921896867028883,0.007900645632971114,0.012648326143633322,0.0061742163563666755,0.015885381037266645,0.0029371614627333523,0,0,0,0,1,0,0
2024-01-14 22:00:00,0.00972221,0.0095425125,0.0020719454093871565,0.0014503617865710096,0.0031079181140807348,0.0062158362281614695,0.01099287428657101,0.008092150713428989,0.012650430614080735,0.0064345943859192645,0.015758348728161467,0.0033266762718385297,0,0,0,0,1,0,0
2024-01-14 23:00:00,0.00998194,0.009677823333333332,0.001984797245322717,0.0013893580717259017,0.0029771958679840754,0.005954391735968151,0.011067181405059233,0.00828846526160743,0.012655019201317407,0.006700627465349256,0.015632215069301483,0.003723431597365181,0,0,0,0,1,0,0
2024-01-15 00:00:00,0.01342761,0.009916434166666667,0.002078807048897792,0.0014551649342284543,0.0031182105733466876,0.006236421146693375,0.011371599100895122,0.008461269232438211,0.013034644740013354,0.006798223593319979,0.01615285531336004,0.0036800130199732915,0,0,0,0,0,0,1
2024-01-15 01:00:00,0.0138935,0.010128587083333333,0.0022154358558678835,0.0015508050991075184,0.0033231537838018252,0.0066463075676036504,0.01167939218244085,0.008577781984225815,0.013451740867135159,0.006805433299531508,0.016774894650936983,0.0034822795157296825,0,0,0,0,0,0,1
2024-01-15 02:00:00,0.01350183,0.010321869583333332,0.002300927765563992,0.0016106494358947942,0.003451391648345988,0.006902783296691976,0.011932519019228127,0.008711220147438537,0.01377326123167932,0.006870477934987344,0.01722465288002531,0.0034190862866413565,0,0,0,0,0,1,0
2024-01-15 03:00:00,0.01368838,0.010512727916666666,0.0023843084001481858,0.00166901588010373,0.003576462600222279,0.007152925200444558,0.012181743796770396,0.008843712036562935,0.014089190516888945,0.006936265316444387,0.017665653117111223,0.003359802716222108,0,0,0,0,0,1,0
2024-01-15 04:00:00,0.01374613,0.010693924583333334,0.0024599071384947004,0.0017219349969462901,0.0036898607077420504,0.007379721415484101,0.012415859580279624,0.008971989586387043,0.014383785291075384,0.007004063875591283,0.018073645998817434,0.0033142031678492327,0,0,0,0,0,1,0
2024-01-15 05:00:00,0.01318295,0.010841226666666667,0.0025000539467773617,0.001750037762744153,0.0037500809201660426,0.007500161840332085,0.01259126442941082,0.009091188903922513,0.014591307586832709,0.007091145746500624,0.018341388506998752,0.003341064826334582,0,0,0,0,0,1,0
2024-01-15 06:00:00,0.01241638,0.010950209999999997,0.0025097178595714946,0.001756802501700046,0.003764576789357242,0.007529153578714484,0.012707012501700043,0.00919340749829995,0.014714786789357238,0.007185633210642755,0.01847936357871448,0.003421056421285513,0,0,0,0,1,0,0
2024-01-15 07:00:00,0.01167412,0.011026927916666665,0.002502208696271239,0.0017515460873898674,0.0037533130444068587,0.007506626088813717,0.012778474004056533,0.009275381829276797,0.014780240961073523,0.007273614872259806,0.01853355400548038,0.0035203018278529476,0,0,0,0,1,0,0
2024-01-15 08:00:00,0.01277394,0.011003557499999999,0.0024822556645208,0.0017375789651645599,0.0037233834967811998,0.0074467669935623995,0.012741136465164558,0.00926597853483544,0.014726940996781198,0.007280174003218799,0.018450324493562396,0.003556790506437599,0,0,0,0,0,1,0
2024-01-15 09:00:00,0.01351632,0.011029488749999998,0.002505999938242662,0.0017541999567698633,0.003758999907363993,0.007517999814727986,0.012783688706769861,0.009275288793230136,0.014788488657363992,0.0072704888426360055,0.018547488564727984,0.0035114889352720127,0,0,0,0,0,1,0
2024-01-15 10:00:00,0.01374059,0.011083091666666664,0.002551149426587876,0.0017858045986115132,0.003826724139881814,0.007653448279763628,0.012868896265278177,0.009297287068055151,0.014909815806548479,0.00725636752678485,0.018736539946430292,0.003429643386903036,0,0,0,0,0,1,0
2024-01-15 11:00:00,0.01327701,0.011134945833333333,0.002583725891515229,0.0018086081240606601,0.0038755888372728436,0.007751177674545687,0.012943553957393994,0.009326337709272672,0.015010534670606177,0.007259356996060489,0.01888612350787902,0.003383768158787646,0,0,0,0,0,1,0
2024-01-15 12:00:00,0.01279294,0.011188249583333332,0.002604987231494153,0.0018234910620459068,0.003907480847241229,0.007814961694482458,0.013011740645379239,0.009364758521287425,0.01509573043057456,0.007280768736092103,0.01900321127781579,0.003373287888850874,0,0,0,0,1,0,0
2024-01-15 13:00:00,0.0127668,0.011257329583333335,0.002624699052954071,0.0018372893370678497,0.003937048579431107,0.007874097158862213,0.013094618920401185,0.009420040246265485,0.015194378162764442,0.007320281003902228,0.019131426742195548,0.0033832324244711214,0,0,0,0,1,0,0
2024-01-15 14:00:00,0.01269629,0.011344103749999999,0.00263689280664524,0.0018458249646516678,0.0039553392099678595,0.007910678419935719,0.013189928714651668,0.00949827878534833,0.015299442959967859,0.00738876454003214,0.019254782169935716,0.00343342533006428,0,0,0,0,1,0,0
2024-01-15 15:00:00,0.01234871,0.011437644999999998,0.0026307906498385923,0.0018415534548870145,0.003946185974757889,0.007892371949515777,0.013279198454887012,0.009596091545112984,0.015383830974757887,0.007491459025242109,0.019330016949515777,0.003545273050484221,0,0,0,0,1,0,0
2024-01-15 16:00:00,0.01618817,0.011877358749999999,0.0024973139815693385,0.0017481197870985368,0.0037459709723540076,0.007491941944708015,0.013625478537098536,0.010129238962901462,0.015623329722354007,0.008131387777645991,0.019369300694708012,0.004385416805291984,0,0,0,0,0,0,1
2024-01-15 17:00:00,0.0166495,0.012333039166666665,0.002314734575558511,0.0016203142028909578,0.0034721018633377667,0.0069442037266755335,0.013953353369557622,0.010712724963775708,0.01580514103000443,0.0088609373033289,0.0192772428933422,0.005388835439991132,0,0,0,0,0,0,1
2024-01-15 18:00:00,0.01567663,0.012692598333333333,0.002119995223427024,0.0014839966563989166,0.0031799928351405357,0.006359985670281071,0.014176594989732248,0.011208601676934417,0.01587259116847387,0.009512605498192796,0.019052584003614405,0.006332612663052261,0,0,0,0,0,1,0
2024-01-15 19:00:00,0.01480174,0.012966257916666666,0.0019352784484992466,0.0013546949139494726,0.0029029176727488697,0.0058058353454977394,0.01432095283061614,0.011611563002717193,0.015869175589415536,0.010063340243917796,0.018772093262164405,0.007160422571168927,0,0,0,0,0,1,0
2024-01-15 20:00:00,0.01352973,0.013143888333333333,0.0017694844743514257,0.001238639132045998,0.0026542267115271384,0.005308453423054277,0.014382527465379331,0.011905249201287334,0.01579811504486047,0.010489661621806194,0.01845234175638761,0.007835434910279056,0,0,0,0,1,0,0
2024-01-15 21:00:00,0.0118584,0.013243825833333332,0.0016132028921099898,0.0011292420244769928,0.002419804338164985,0.00483960867632997,0.014373067857810324,0.01211458380885634,0.015663630171498317,0.010824021495168347,0.0180834345096633,0.008404217157003362,0,1,0,0,0,0,0
2024-01-15 22:00:00,0.01053314,0.013277614583333333,0.0015432092680372465,0.0010802464876260725,0.00231481390205587,0.00462962780411174,0.014357861070959406,0.01219736809570726,0.015592428485389203,0.010962800681277463,0.017907242387445073,0.008647986779221593,1,0,0,0,0,0,0
2024-01-15 23:00:00,0.00977308,0.013268912083333334,0.0015630635403422852,0.0010941444782395996,0.002344595310513428,0.004689190621026856,0.014363056561572933,0.012174767605093735,0.015613507393846763,0.010924316772819905,0.017958102704360192,0.008579721462306478,1,0,0,0,0,0,0
2024-01-16 00:00:00,0.01087927,0.013162731249999999,0.0016366385873551415,0.001145647011148599,0.0024549578810327123,0.004909915762065425,0.014308378261148598,0.0120170842388514,0.015617689131032711,0.010707773368967286,0.018072647012065422,0.008252815487934575,0,1,0,0,0,0,0
2024-01-16 01:00:00,0.01107237,0.013045184166666666,0.0016825375051776547,0.0011777762536243582,0.002523806257766482,0.005047612515532964,0.014222960420291024,0.011867407913042308,0.015568990424433148,0.010521377908900184,0.01809279668219963,0.007997571651133701,0,1,0,0,0,0,0
2024-01-16 02:00:00,0.01147506,0.012960735416666666,0.0017092720645400354,0.0011964904451780248,0.002563908096810053,0.005127816193620106,0.01415722586184469,0.011764244971488641,0.015524643513476719,0.010396827319856613,0.018088551610286774,0.00783291922304656,0,1,0,0,0,0,0
2024-01-16 03:00:00,0.01171655,0.012878575833333331,0.0017201311725054908,0.0012040918207538434,0.0025801967587582362,0.0051603935175164725,0.014082667654087173,0.011674484012579488,0.015458772592091568,0.010298379074575094,0.018038969350849803,0.007718182315816858,0,0,1,0,0,0,0
2024-01-16 04:00:00,0.01126993,0.012775400833333332,0.0017399798601330427,0.0012179859020931298,0.002609969790199564,0.005219939580399128,0.013993386735426463,0.011557414931240201,0.015385370623532896,0.010165431043133768,0.01799534041373246,0.007555461252934204,0,1,0,0,0,0,0
2024-01-16 05:00:00,0.01116998,0.012691527083333333,0.0017677747299025964,0.0012374423109318175,0.0026516620948538946,0.005303324189707789,0.01392896939426515,0.011454084772401516,0.015343189178187227,0.010039864988479438,0.017994851273041124,0.007388202893625543,0,1,0,0,0,0,0
2024-01-16 06:00:00,0.01132075,0.012645875833333332,0.0017892060349481,0.00125244422446367,0.00268380905242215,0.0053676181048443,0.013898320057797002,0.011393431608869662,0.015329684885755483,0.009962066780911182,0.01801349393817763,0.007278257728489032,0,1,0,0,0,0,0
2024-01-16 07:00:00,0.01149203,0.012638288749999999,0.0017938858561411765,0.0012557200992988234,0.0026908287842117647,0.005381657568423529,0.013894008849298822,0.011382568650701176,0.015329117534211763,0.009947459965788235,0.01801994631842353,0.0072566311815764695,0,0,1,0,0,0,0
2024-01-16 08:00:00,0.01046618,0.012542132083333333,0.0018473524809374333,0.0012931467366562033,0.00277102872140615,0.0055420574428123,0.013835278819989536,0.01124898534667713,0.015313160804739483,0.009771103361927182,0.018084189526145635,0.007000074640521032,0,1,0,0,0,0,0
2024-01-16 09:00:00,0.01084668,0.012430897083333331,0.001866418514130986,0.00130649295989169,0.002799627771196479,0.005599255542392958,0.013737390043225021,0.011124404123441642,0.01523052485452981,0.009631269312136852,0.01803015262572629,0.0068316415409403735,0,1,0,0,0,0,0
2024-01-16 10:00:00,0.0110785,0.012319976666666664,0.0018643021518791566,0.0013050115063154095,0.0027964532278187348,0.0055929064556374695,0.013624988172982074,0.011014965160351255,0.0151164298944854,0.00952352343884793,0.017912883122304133,0.006727070211029195,0,0,1,0,0,0,0
2024-01-16 11:00:00,0.01115851,0.012231705833333334,0.0018671695396669146,0.0013070186777668401,0.002800754309500372,0.005601508619000744,0.013538724511100175,0.010924687155566493,0.015032460142833706,0.009430951523832961,0.017833214452334076,0.00663019721433259,0,0,1,0,0,0,0
2024-01-16 12:00:00,0.01184666,0.012192277500000001,0.0018647924972272473,0.0013053547480590731,0.0027971887458408708,0.0055943774916817415,0.013497632248059074,0.010886922751940928,0.014989466245840872,0.00939508875415913,0.017786654991681743,0.00659790000831826,0,0,1,0,0,0,0
2024-01-16 13:00:00,0.01193395,0.012157575416666665,0.001861382488689425,0.0013029677420825976,0.0027920737330341377,0.005584147466068275,0.013460543158749262,0.010854607674584068,0.014949649149700803,0.009365501683632527,0.017741722882734942,0.00657342795059839,0,0,1,0,0,0,0
2024-01-16 14:00:00,0.01175079,0.012118179583333333,0.0018594896670637976,0.0013016427669446582,0.0027892345005956967,0.005578469001191393,0.01341982235027799,0.010816536816388675,0.01490741408392903,0.009328945082737636,0.017696648584524726,0.0065397105821419395,0,0,1,0,0,0,0
2024-01-16 15:00:00,0.01141481,0.012079267083333333,0.0018642213203429962,0.0013049549242400973,0.0027963319805144942,0.0055926639610289885,0.01338422200757343,0.010774312159093236,0.014875599063847826,0.00928293510281884,0.01767193104436232,0.006486603122304344,0,0,1,0,0,0,0
2024-01-16 16:00:00,0.00780861,0.011730118749999999,0.0018458190753448517,0.0012920733527413961,0.0027687286130172774,0.005537457226034555,0.013022192102741395,0.010438045397258603,0.014498847363017276,0.008961390136982722,0.017267575976034552,0.006192661523965444,1,0,0,0,0,0,0
2024-01-16 17:00:00,0.00691668,0.011324584583333332,0.0017862274433296731,0.0012503592103307712,0.00267934116499451,0.00535868232998902,0.012574943793664103,0.01007422537300256,0.014003925748327841,0.008645243418338822,0.01668326691332235,0.005965902253344312,1,0,0,0,0,0,0
2024-01-16 18:00:00,0.00658757,0.01094587375,0.0017869195912806612,0.0012508437138964627,0.002680379386920992,0.005360758773841984,0.012196717463896462,0.009695030036103537,0.013626253136920992,0.008265494363079008,0.016306632523841985,0.005585114976158016,1,0,0,0,0,0,0
2024-01-16 19:00:00,0.00591565,0.010575619999999999,0.0018718302561814956,0.0013102811793270469,0.0028077453842722433,0.005615490768544487,0.011885901179327045,0.009265338820672953,0.013383365384272242,0.007767874615727756,0.016191110768544487,0.0049601292314555125,1,0,0,0,0,0,0
2024-01-16 20:00:00,0.0058405,0.010255235416666664,0.0019980131484921802,0.001398609203944526,0.0029970197227382703,0.005994039445476541,0.011653844620611191,0.008856626212722138,0.013252255139404935,0.007258215693928394,0.016249274862143205,0.004261195971190124,1,0,0,0,0,0,0
2024-01-16 21:00:00,0.00614559,0.010017201666666664,0.002134361809083777,0.0014940532663586439,0.0032015427136256654,0.006403085427251331,0.011511254933025308,0.00852314840030802,0.01321874438029233,0.006815658953040999,0.016420287093917997,0.0036141162394153336,1,0,0,0,0,0,0
2024-01-16 22:00:00,0.00632534,0.009841876666666666,0.0022593037144480743,0.001581512600113652,0.0033889555716721115,0.006777911143344223,0.011423389266780317,0.008260364066553014,0.013230832238338777,0.006452921094994554,0.01661978781001089,0.0030639655233224428,1,0,0,0,0,0,0
2024-01-16 23:00:00,0.00632962,0.009698399166666665,0.0023704666590997777,0.0016593266613698443,0.0035556999886496663,0.007111399977299333,0.01135772582803651,0.00803907250529682,0.013254099155316331,0.0061426991780169984,0.016809799143966,0.002586999189367332,0,1,0,0,0,0,0
2024-01-17 00:00:00,0.00415937,0.009418403333333332,0.0026097178288877433,0.0018268024802214201,0.0039145767433316145,0.007829153486663229,0.011245205813554753,0.007591600853111911,0.013332980076664946,0.0055038265900017175,0.01724755681999656,0.001589249846670103,1,0,0,0,0,0,0
2024-01-17 01:00:00,0.00500682,0.009165672083333331,0.0027333522347874045,0.001913346564351183,0.004100028352181107,0.008200056704362213,0.011079018647684515,0.0072523255189821485,0.013265700435514439,0.005065643731152225,0.017365728787695545,0.0009656153789711179,1,0,0,0,0,0,0
2024-01-17 02:00:00,0.00516733,0.008902849999999999,0.0028039846510201573,0.00196278925571411,0.004205976976530236,0.008411953953060472,0.01086563925571411,0.006940060744285889,0.013108826976530236,0.0046968730234697624,0.01731480395306047,0.0004908960469395263,0,1,0,0,0,0,0
2024-01-17 03:00:00,0.0052737,0.008634397916666665,0.0028311759253002904,0.001981823147710203,0.004246763887950436,0.008493527775900872,0.010616221064376867,0.0066525747689564615,0.0128811618046171,0.004387634028716229,0.017127925692567537,0.00014087014076579266,0,1,0,0,0,0,0
2024-01-17 04:00:00,0.00433738,0.008345541666666666,0.0029033237098639443,0.002032326596904761,0.004354985564795916,0.008709971129591832,0.010377868263571427,0.006313215069761905,0.012700527231462581,0.00399055610187075,0.0170555127962585,-0.0003644294629251664,0,1,0,0,0,0,0
2024-01-17 05:00:00,0.00418163,0.008054360416666665,0.00295766850715148,0.002070367955006036,0.00443650276072722,0.00887300552145444,0.0101247283716727,0.005983992461660629,0.012490863177393886,0.0036178576559394446,0.016927365938121105,-0.0008186451047877755,0,1,0,0,0,0,0
2024-01-17 06:00:00,0.00403786,0.007750906666666665,0.002981482147932602,0.0020870375035528213,0.004472223221898903,0.008944446443797806,0.009837944170219486,0.005663869163113844,0.012223129888565568,0.003278683444767762,0.01669535311046447,-0.001193539777131141,0,1,0,0,0,0,0
2024-01-17 07:00:00,0.00396418,0.007437246249999999,0.0029667324277390813,0.0020767126994173566,0.004450098641608622,0.008900197283217243,0.009513958949417355,0.005360533550582643,0.011887344891608621,0.002987147608391377,0.01633744353321724,-0.0014629510332172446,0,1,0,0,0,0,0
2024-01-17 08:00:00,0.00447663,0.007187681666666667,0.0029527478669812966,0.0020669235068869075,0.004429121800471945,0.00885824360094389,0.009254605173553573,0.005120758159779759,0.011616803467138611,0.0027585598661947217,0.016045925267610558,-0.0016705619342772234,0,1,0,0,0,0,0
2024-01-17 09:00:00,0.00464303,0.006929196249999999,0.002889365730483824,0.002022556011338677,0.004334048595725736,0.008668097191451472,0.008951752261338677,0.004906640238661322,0.011263244845725735,0.002595147654274263,0.01559729344145147,-0.001738900941451473,0,1,0,0,0,0,0
2024-01-17 10:00:00,0.00450592,0.006655338749999999,0.002788716280251933,0.001952101396176353,0.004183074420377899,0.008366148840755799,0.008607440146176351,0.0047032373538236465,0.010838413170377897,0.0024722643296220996,0.015021487590755798,-0.0017108100907557997,0,1,0,0,0,0,0
2024-01-17 11:00:00,0.00435217,0.006371741249999999,0.002653671445916513,0.001857570012141559,0.0039805071688747695,0.007961014337749539,0.008229311262141558,0.00451417123785844,0.01035224841887477,0.0023912340811252297,0.014332755587749539,-0.0015892730877495398,0,1,0,0,0,0,0
2024-01-17 12:00:00,0.00391632,0.006041310416666665,0.002426298743453249,0.0016984091204172741,0.0036394481151798734,0.007278896230359747,0.007739719537083939,0.004342901296249391,0.009680758531846538,0.0024018623014867915,0.013320206647026413,-0.001237585813693082,0,1,0,0,0,0,0
2024-01-17 13:00:00,0.0039353,0.005708033333333332,0.0021104872763184025,0.0014773410934228817,0.0031657309144776037,0.0063314618289552075,0.007185374426756213,0.00423069223991045,0.008873764247810936,0.002542302418855728,0.01203949516228854,-0.0006234284956218757,0,1,0,0,0,0,0
2024-01-17 14:00:00,0.00401825,0.005385844166666665,0.001697757081292252,0.0011884299569045764,0.002546635621938378,0.005093271243876756,0.0065742741235712415,0.004197414209762088,0.007932479788605043,0.0028392085447282865,0.010479115410543421,0.00029257292278990835,0,1,0,0,0,0,0
2024-01-17 15:00:00,0.00405087,0.005079013333333333,0.0011319272257707474,0.0007923490580395231,0.0016978908386561212,0.0033957816773122424,0.005871362391372856,0.004286664275293809,0.006776904171989454,0.0033811224946772114,0.008474795010645575,0.0016832316560210902,0,1,0,0,0,0,0
2024-01-17 16:00:00,0.00574492,0.004993026249999998,0.0009843171471982106,0.0006890220030387474,0.001476475720797316,0.002952951441594632,0.005682048253038746,0.004304004246961251,0.006469501970797315,0.0035165505292026823,0.00794597769159463,0.0020400748084053663,0,0,0,0,0,1,0
2024-01-17 17:00:00,0.00589885,0.004950616666666666,0.0009174907376417837,0.0006422435163492485,0.0013762361064626756,0.002752472212925351,0.005592860183015915,0.004308373150317417,0.006326852773129342,0.0035743805602039902,0.007703088879592018,0.002198144453741315,0,0,0,0,0,1,0
2024-01-17 18:00:00,0.00599137,0.004925774999999999,0.0008784842063317979,0.0006149389444322585,0.001317726309497697,0.002635452618995394,0.005540713944432258,0.004310836055567741,0.006243501309497697,0.0036080486905023025,0.007561227618995393,0.0022903223810046055,0,0,0,0,0,1,0
2024-01-17 19:00:00,0.00606572,0.004932027916666666,0.0008863353283877045,0.0006204347298713931,0.0013295029925815569,0.0026590059851631137,0.0055524626465380585,0.004311593186795273,0.006261530909248222,0.003602524924085109,0.00759103390182978,0.002273021931503552,0,0,0,0,0,1,0
2024-01-17 20:00:00,0.00635248,0.004953360416666666,0.0009148537068013322,0.0006403975947609325,0.0013722805602019983,0.0027445611204039966,0.005593758011427598,0.004312962821905734,0.0063256409768686645,0.0035810798564646674,0.007697921537070662,0.0022087992962626694,0,0,0,0,0,0,1
2024-01-17 21:00:00,0.00655544,0.004970437499999999,0.0009415128108958083,0.0006590589676270658,0.0014122692163437125,0.002824538432687425,0.005629496467627065,0.004311378532372933,0.006382706716343712,0.0035581682836562864,0.007794975932687425,0.002145899067312574,0,0,0,0,0,0,1
2024-01-17 22:00:00,0.00655689,0.004980085416666666,0.0009570585224940898,0.0006699409657458628,0.0014355877837411346,0.002871175567482269,0.0056500263824125286,0.004310144450920803,0.006415673200407801,0.003544497632925531,0.007851260984148935,0.002108909849184397,0,0,0,0,0,0,1
2024-01-17 23:00:00,0.00651554,0.004987832083333332,0.0009691331914027966,0.0006783932339819575,0.001453699787104195,0.00290739957420839,0.005666225317315289,0.0043094388493513745,0.006441531870437526,0.003534132296229137,0.007895231657541722,0.002080432509124942,0,0,0,0,0,0,1
2024-01-18 00:00:00,0.00957767,0.005213594583333332,0.001331214777131196,0.0009318503439918372,0.001996822165696794,0.003993644331393588,0.00614544492732517,0.004281744239341495,0.007210416749030127,0.0032167724176365383,0.00920723891472692,0.0012199502519397443,0,0,0,0,0,0,1
2024-01-18 01:00:00,0.00946197,0.005399225833333333,0.0015871491655438945,0.001111004415880726,0.002380723748315842,0.004761447496631684,0.006510230249214059,0.004288221417452606,0.0077799495816491746,0.0030185020850174906,0.010160673329965016,0.0006377783367016486,0,0,0,0,0,0,1
2024-01-18 02:00:00,0.00939636,0.005575435416666666,0.0017829639118175466,0.0012480747382722826,0.0026744458677263197,0.0053488917354526395,0.0068235101549389485,0.004327360678394383,0.008249881284392985,0.002900989548940346,0.010924327152119304,0.00022654368121402622,0,0,0,0,0,0,1
2024-01-18 03:00:00,0.00935951,0.005745677499999998,0.0019409621833273664,0.0013586735283291564,0.0029114432749910496,0.005822886549982099,0.007104351028329155,0.0043870039716708414,0.008657120774991048,0.0028342342250089487,0.011568564049982098,-7.720904998210088e-05,0,0,0,0,0,0,1
2024-01-18 04:00:00,0.01051777,0.006003193749999999,0.002145234360939448,0.0015016640526576133,0.0032178515414091717,0.006435703082818343,0.0075048578026576124,0.004501529697342386,0.009221045291409172,0.0027853422085908274,0.012438896832818343,-0.00043250933281834426,0,0,0,0,0,0,1
2024-01-18 05:00:00,0.01058416,0.006269965833333333,0.0023012835896402393,0.0016108985127481674,0.003451925384460359,0.006903850768920718,0.0078808643460815,0.004659067320585165,0.009721891217793693,0.0028180404488729735,0.01317381660225405,-0.0006338849355873857,0,0,0,0,0,0,1
2024-01-18 06:00:00,0.01085933,0.006554193749999999,0.0024312007811060935,0.0017018405467742654,0.0036468011716591403,0.007293602343318281,0.008256034296774266,0.004852353203225734,0.01020099492165914,0.002907392578340859,0.01384779609331828,-0.0007394085933182812,0,0,0,0,0,0,1
2024-01-18 07:00:00,0.01128954,0.006859417083333332,0.0025488822662040884,0.0017842175863428617,0.0038233233993061324,0.007646646798612265,0.008643634669676194,0.00507519949699047,0.010682740482639464,0.0030360936840271996,0.014506063881945596,-0.0007872297152789328,0,0,0,0,0,0,1
2024-01-18 08:00:00,0.01160601,0.007156474583333332,0.0026715982253992868,0.0018701187577795006,0.00400739733809893,0.00801479467619786,0.009026593341112832,0.005286355825553831,0.011163871921432263,0.0031490772452344015,0.015171269259531193,-0.0008583200928645287,0,0,0,0,0,0,1
2024-01-18 09:00:00,0.01170241,0.0074506154166666646,0.0027696548679668085,0.0019387584075767658,0.004154482301950212,0.008308964603900425,0.00938937382424343,0.005511857009089899,0.011605097718616876,0.003296133114716452,0.01575958002056709,-0.0008583491872337602,0,0,0,0,0,0,1
2024-01-18 10:00:00,0.0123748,0.0077784854166666655,0.0028698516780655556,0.002008896174645889,0.004304777517098334,0.008609555034196668,0.009787381591312554,0.005769589242020777,0.012083262933765,0.0034737078995683316,0.016388040450863332,-0.0008310696175300022,0,0,0,0,0,0,1
2024-01-18 11:00:00,0.01264391,0.008123974583333332,0.0029377389393515905,0.0020564172575461134,0.004406608409027386,0.008813216818054772,0.010180391840879446,0.006067557325787219,0.012530582992360718,0.003717366174305946,0.016937191401388104,-0.0006892422347214398,0,0,0,0,0,0,1
2024-01-18 12:00:00,0.01244673,0.008479408333333332,0.0029225286358349864,0.0020457700450844905,0.00438379295375248,0.00876758590750496,0.010525178378417823,0.006433638288248842,0.012863201287085811,0.004095615379580852,0.017246994240838292,-0.0002881775741716275,0,0,0,0,0,1,0
2024-01-18 13:00:00,0.01221783,0.008824513749999999,0.002850747601971509,0.001995523321380056,0.004276121402957264,0.008552242805914528,0.010820037071380056,0.0068289904286199426,0.013100635152957263,0.004548392347042735,0.017376756555914526,0.00027227094408547106,0,0,0,0,0,1,0
2024-01-18 14:00:00,0.01211022,0.009161679166666666,0.0027337097374891197,0.0019135968162423836,0.00410056460623368,0.00820112921246736,0.011075275982909048,0.007248082350424282,0.013262243772900344,0.005061114560432986,0.017362808379134023,0.0009605499541993062,0,0,0,0,0,1,0
2024-01-18 15:00:00,0.01191287,0.009489262499999998,0.0025601979021675435,0.0017921385315172803,0.003840296853251315,0.00768059370650263,0.011281401031517278,0.007697123968482718,0.013329559353251313,0.005648965646748683,0.017169856206502628,0.001808668793497368,0,0,0,0,0,1,0
2024-01-18 16:00:00,0.01352789,0.009813552916666666,0.0025582141750285932,0.0017907499225200151,0.0038373212625428896,0.007674642525085779,0.01160430283918668,0.008022802994146651,0.013650874179209556,0.005976231654123776,0.017488195441752445,0.0021389103915808866,0,0,0,0,0,1,0
2024-01-18 17:00:00,0.01710719,0.010280567083333332,0.0028219663512545345,0.0019753764458781743,0.004232949526881802,0.008465899053763604,0.012255943529211506,0.008305190637455159,0.014513516610215134,0.006047617556451531,0.018746466137096934,0.0018146680295697288,0,0,0,0,0,0,1
2024-01-18 18:00:00,0.02083546,0.010899070833333331,0.003407075703574275,0.0023849529925019926,0.005110613555361413,0.010221227110722826,0.013284023825835324,0.008514117840831338,0.016009684388694746,0.005788457277971918,0.021120297944056156,0.0006778437226105053,0,0,0,0,0,0,1
2024-01-18 19:00:00,0.02296562,0.011603233333333332,0.004050377568160505,0.002835264297712353,0.006075566352240757,0.012151132704481513,0.014438497631045686,0.008767969035620979,0.01767879968557409,0.005527666981092576,0.023754366037814847,-0.0005478993711481809,0,0,0,0,0,0,1
2024-01-18 20:00:00,0.02442583,0.012356289583333332,0.004665163074458478,0.003265614152120935,0.006997744611687718,0.013995489223375436,0.015621903735454266,0.009090675431212399,0.01935403419502105,0.0053585449716456145,0.02635177880670877,-0.0016391996400421036,0,0,0,0,0,0,1
2024-01-18 21:00:00,0.0252953,0.013137117083333332,0.005190717912982786,0.00363350253908795,0.007786076869474179,0.015572153738948357,0.01677061962242128,0.009503614544245382,0.02092319395280751,0.005351040213859153,0.02870927082228169,-0.0024350366556150256,0,0,0,0,0,0,1
2024-01-18 22:00:00,0.0248897,0.013900984166666665,0.0055188282193603,0.00386317975355221,0.00827824232904045,0.0165564846580809,0.017764163920218873,0.010037804413114455,0.022179226495707114,0.0056227418376262155,0.030457468824747563,-0.002655500491414234,0,0,0,0,0,0,1
2024-01-18 23:00:00,0.02395308,0.014627548333333332,0.005650517661646519,0.003955362363152563,0.008475776492469778,0.016951552984939555,0.018582910696485894,0.01067218597018077,0.023103324825803108,0.0061517718408635545,0.031579101318272886,-0.002324004651606223,0,0,0,0,0,0,1
2024-01-19 00:00:00,0.00676387,0.014510306666666665,0.005787386274860943,0.0040511703924026605,0.008681079412291414,0.017362158824582828,0.018561477059069326,0.010459136274264005,0.023191386078958078,0.005829227254375251,0.031872465491249495,-0.002851852157916163,0,1,0,0,0,0,0
2024-01-19 01:00:00,0.00651139,0.014387365833333332,0.005928899507638588,0.004150229655347011,0.008893349261457881,0.017786698522915763,0.018537595488680343,0.010237136177986321,0.023280715094791214,0.005494016571875451,0.032174064356249095,-0.003399332689582431,0,1,0,0,0,0,0
2024-01-19 02:00:00,0.00627041,0.014257117916666666,0.006075826012354871,0.00425307820864841,0.009113739018532307,0.018227478037064614,0.018510196125315077,0.010004039708018256,0.023370856935198973,0.005143378898134359,0.03248459595373128,-0.003970360120397948,0,1,0,0,0,0,0
2024-01-19 03:00:00,0.00605778,0.014119545833333332,0.006227039819232186,0.00435892787346253,0.009340559728848279,0.018681119457696557,0.01847847370679586,0.009760617959870802,0.02346010556218161,0.004778986104485053,0.03280066529102989,-0.004561573624363225,0,1,0,0,0,0,0
2024-01-19 04:00:00,0.00361747,0.013832033333333332,0.006551420218046069,0.0045859941526322475,0.009827130327069103,0.019654260654138205,0.01841802748596558,0.009246039180701084,0.023659163660402435,0.004004903006264229,0.033486293987471535,-0.005822227320804873,1,0,0,0,0,0,0
2024-01-19 05:00:00,0.00345809,0.01353511375,0.00685926731873638,0.004801487123115466,0.01028890097810457,0.02057780195620914,0.018336600873115463,0.008733626626884533,0.023824014728104567,0.0032462127718954296,0.03411291570620914,-0.00704268820620914,0,1,0,0,0,0,0
2024-01-19 06:00:00,0.00349771,0.013228379583333331,0.007142862665794098,0.005000003866055868,0.010714293998691147,0.021428587997382294,0.0182283834493892,0.008228375717277463,0.02394267358202448,0.0025140855846421846,0.034656967580715625,-0.008200208414048962,0,1,0,0,0,0,0
2024-01-19 07:00:00,0.00366786,0.012910809583333334,0.007397694180388941,0.005178385926272258,0.011096541270583411,0.022193082541166823,0.018089195509605593,0.007732423657061075,0.024007350853916747,0.0018142683127499223,0.03510389212450016,-0.009282272957833489,0,1,0,0,0,0,0
2024-01-19 08:00:00,0.00480253,0.012627331249999998,0.007578023942176072,0.0053046167595232506,0.011367035913264108,0.022734071826528215,0.01793194800952325,0.007322714490476748,0.023994367163264106,0.0012602953367358907,0.035361403076528214,-0.010106740576528217,0,1,0,0,0,0,0
2024-01-19 09:00:00,0.00486534,0.012342453333333331,0.007741063786454811,0.005418744650518368,0.011611595679682217,0.023223191359364435,0.0177611979838517,0.006923708682814963,0.02395404901301555,0.0007308576536511138,0.03556564469269777,-0.010880738026031104,0,1,0,0,0,0,0
2024-01-19 10:00:00,0.00617813,0.012084258749999998,0.007842613433586542,0.005489829403510579,0.011763920150379813,0.023527840300759627,0.017574088153510577,0.006594429346489419,0.02384817890037981,0.000320338599620185,0.03561209905075963,-0.011443581550759628,0,1,0,0,0,0,0
2024-01-19 11:00:00,0.00720845,0.01185778125,0.00790399117076237,0.005532793819533659,0.011855986756143556,0.023711973512287113,0.01739057506953366,0.00632498743046634,0.023713768006143554,1.794493856442994e-06,0.03556975476228711,-0.011854192262287113,0,0,1,0,0,0,0
2024-01-19 12:00:00,0.00972136,0.011744224166666666,0.007914732294880555,0.005540312606416388,0.011872098442320832,0.023744196884641664,0.017284536773083052,0.006203911560250278,0.023616322608987498,-0.0001278742756541662,0.03548842105130833,-0.011999972717974998,0,0,1,0,0,0,0
2024-01-19 13:00:00,0.00977426,0.01164240875,0.007924086481778636,0.005546860537245045,0.011886129722667955,0.02377225944533591,0.017189269287245044,0.006095548212754954,0.023528538472667955,-0.00024372097266795595,0.03541466819533591,-0.012129850695335911,0,0,1,0,0,0,0
2024-01-19 14:00:00,0.00980608,0.011546402916666665,0.007932126246440713,0.005552488372508498,0.011898189369661069,0.023796378739322138,0.017098891289175164,0.005993914544158167,0.023444592286327733,-0.0003517864529944039,0.0353427816559888,-0.012249975822655473,0,0,1,0,0,0,0
2024-01-19 15:00:00,0.01014463,0.011472726249999997,0.007936785044324116,0.005555749531026881,0.011905177566486173,0.023810355132972347,0.017028475781026876,0.005916976718973116,0.02337790381648617,-0.00043245131648617617,0.03528308138297234,-0.01233762888297235,0,0,1,0,0,0,0
2024-01-19 16:00:00,0.01750369,0.011638384583333333,0.008022574152185907,0.005615801906530135,0.012033861228278861,0.024067722456557722,0.017254186489863467,0.006022582676803198,0.023672245811612196,-0.00039547664494552805,0.03570610703989106,-0.012429337873224389,0,0,0,0,0,1,0
2024-01-19 17:00:00,0.0118781,0.011420505833333332,0.007938155880005678,0.005556709116003975,0.011907233820008517,0.023814467640017035,0.016977214949337308,0.0058637967173293575,0.02332773965334185,-0.0004867279866751853,0.03523497347335037,-0.012393961806683703,0,0,0,0,1,0,0
2024-01-19 18:00:00,0.00969567,0.010956347916666664,0.007685368387550221,0.005379757871285154,0.011528052581325332,0.023056105162650664,0.01633610578795182,0.00557659004538151,0.022484400497991996,-0.0005717046646586676,0.03401245307931733,-0.012099757245984,0,0,1,0,0,0,0
2024-01-19 19:00:00,0.01013366,0.010421682916666666,0.007247445745998757,0.005073212022199129,0.010871168618998134,0.02174233723799627,0.015494894938865796,0.005348470894467537,0.0212928515356648,-0.0004494857023314685,0.03216402015466294,-0.011320654321329603,0,0,1,0,0,0,0
2024-01-19 20:00:00,0.01032315,0.009834071249999998,0.006605967263711566,0.004624177084598096,0.00990895089556735,0.0198179017911347,0.014458248334598094,0.005209894165401902,0.01974302214556735,-7.487964556735123e-05,0.029651973041134698,-0.0099838305411347,0,0,0,0,1,0,0
2024-01-19 21:00:00,0.01024377,0.009206924166666667,0.0057308137965205895,0.004011569657564412,0.008596220694780884,0.017192441389561768,0.013218493824231079,0.005195354509102254,0.017803144861447552,0.0006107034718857828,0.026399365556228432,-0.007985517222895101,0,0,0,0,1,0,0
2024-01-19 22:00:00,0.01026273,0.008597467083333333,0.004670080407853999,0.0032690562854977992,0.007005120611780998,0.014010241223561997,0.011866523368831133,0.005328410797835533,0.015602587695114332,0.0015923464715523342,0.02260770830689533,-0.005412774140228664,0,0,0,0,1,0,0
2024-01-19 23:00:00,0.0098821,0.00801117625,0.0033571968150071727,0.0023500377705050206,0.005035795222510759,0.010071590445021518,0.01036121402050502,0.00566113847949498,0.013046971472510759,0.002975381027489241,0.01808276669502152,-0.002060414195021518,0,0,0,0,1,0,0
2024-01-20 00:00:00,0.01368338,0.008299489166666665,0.003537690593103071,0.0024763834151721497,0.005306535889654606,0.010613071779309213,0.010775872581838816,0.005823105751494515,0.013606025056321271,0.0029929532770120587,0.018912560945975876,-0.0023135826126425476,0,0,0,0,0,0,1
2024-01-20 01:00:00,0.01363382,0.008596257083333331,0.0036771618128133925,0.0025740132689693745,0.0055157427192200886,0.011031485438440177,0.011170270352302706,0.0060222438143639565,0.01411199980255342,0.0030805143641132425,0.01962774252177351,-0.002435228355106846,0,0,0,0,0,1,0
2024-01-20 02:00:00,0.01332873,0.008890353749999998,0.0037642820425955394,0.0026349974298168774,0.005646423063893309,0.011292846127786619,0.011525351179816876,0.006255356320183121,0.014536776813893308,0.0032439306861066887,0.020183199877786617,-0.0024024923777866206,0,0,0,0,0,1,0
2024-01-20 03:00:00,0.01274034,0.00916879375,0.003792693615947733,0.0026548855311634132,0.0056890404239215995,0.011378080847843199,0.011823679281163412,0.0065139082188365866,0.0148578341739216,0.0034797533260784,0.020546874597843198,-0.0022092870978431996,0,0,0,0,0,1,0
2024-01-20 04:00:00,0.01240761,0.009535049583333332,0.0036552366672648316,0.002558665667085382,0.005482855000897248,0.010965710001794495,0.012093715250418713,0.00697638391624795,0.01501790458423058,0.004052194582436084,0.02050075958512783,-0.0014306604184611636,0,0,0,0,0,1,0
2024-01-20 05:00:00,0.01218188,0.009898540833333332,0.003452803645311676,0.0024169625517181732,0.005179205467967514,0.010358410935935028,0.012315503385051505,0.007481578281615159,0.015077746301300845,0.004719335365365818,0.02025695176926836,-0.0004598701026016956,0,0,0,0,1,0,0
2024-01-20 06:00:00,0.0119458,0.010250544583333332,0.0031927192626961653,0.0022349034838873155,0.004789078894044248,0.009578157788088496,0.012485448067220647,0.008015641099446016,0.01503962347737758,0.005461465689289084,0.019828702371421827,0.0006723867952448358,0,0,0,0,1,0,0
2024-01-20 07:00:00,0.01193718,0.010595099583333331,0.0028825808320918395,0.0020178065824642873,0.0043238712481377594,0.008647742496275519,0.012612906165797619,0.008577293000869044,0.01491897083147109,0.006271228335195572,0.01924284207960885,0.0019473570870578126,0,0,0,0,1,0,0
2024-01-20 08:00:00,0.00487066,0.010597938333333333,0.002876655777211153,0.002013659044047807,0.0043149836658167295,0.008629967331633459,0.012611597377381139,0.008584279289285526,0.014912921999150062,0.006282954667516603,0.019227905664966793,0.0019679710016998735,1,0,0,0,0,0,0
2024-01-20 09:00:00,0.00393279,0.010559082083333332,0.002962473245896405,0.0020737312721274834,0.004443709868844608,0.008887419737689216,0.012632813355460817,0.008485350811205848,0.01500279195217794,0.0061153722144887245,0.019446501821022547,0.0016716623456441166,1,0,0,0,0,0,0
2024-01-20 10:00:00,0.0037195,0.010456639166666665,0.0031566973009156214,0.002209688110640935,0.004735045951373432,0.009470091902746863,0.0126663272773076,0.00824695105602573,0.015191685118040097,0.005721593215293233,0.019926731069413527,0.0009865472639198018,1,0,0,0,0,0,0
2024-01-20 11:00:00,0.00365833,0.010308717499999998,0.0033900757047905113,0.002373052993353358,0.005085113557185767,0.010170227114371534,0.012681770493353357,0.00793566450664664,0.015393831057185765,0.0052236039428142315,0.020478944614371532,0.00013849038562846472,1,0,0,0,0,0,0
2024-01-20 12:00:00,0.00354658,0.010051435,0.0036601434839871995,0.0025621004387910394,0.0054902152259808,0.0109804304519616,0.012613535438791039,0.00748933456120896,0.015541650225980799,0.0045612197740191995,0.021031865451961597,-0.0009289954519616003,1,0,0,0,0,0,0
2024-01-20 13:00:00,0.00328324,0.009780975833333332,0.003912627490102232,0.0027388392430715623,0.005868941235153349,0.011737882470306698,0.012519815076404895,0.007042136590261769,0.01564991706848668,0.003912034598179983,0.02151885830364003,-0.001956906636973366,1,0,0,0,0,0,0
2024-01-20 14:00:00,0.00327414,0.009508811666666665,0.004131846421084886,0.0028922924947594204,0.006197769631627329,0.012395539263254658,0.012401104161426086,0.006616519171907245,0.015706581298293994,0.003311042035039336,0.021904350929921323,-0.002886727596587993,1,0,0,0,0,0,0
2024-01-20 15:00:00,0.0035581,0.009234372916666666,0.0043029750416967525,0.0030120825291877268,0.006454462562545129,0.012908925125090258,0.012246455445854391,0.006222290387478939,0.015688835479211793,0.002779910354121537,0.022143298041756923,-0.003674552208423592,0,1,0,0,0,0,0
2024-01-20 16:00:00,0.00545115,0.008732183749999999,0.00398768311511599,0.002791378180581193,0.005981524672673985,0.01196304934534797,0.011523561930581192,0.005940805569418806,0.014713708422673985,0.0027506590773260136,0.02069523309534797,-0.0032308655953479717,0,1,0,0,0,0,0
2024-01-20 17:00:00,0.00474891,0.008435134166666665,0.004008627327716127,0.0028060391294012885,0.00601294099157419,0.01202588198314838,0.011241173296067953,0.005629095037265377,0.014448075158240856,0.002422193175092475,0.020461016149815048,-0.0035907478164817156,0,1,0,0,0,0,0
2024-01-20 18:00:00,0.00391859,0.008194422499999998,0.00410200772832702,0.0028714054098289135,0.00615301159249053,0.01230602318498106,0.01106582790982891,0.005323017090171084,0.014347434092490528,0.002041410907509468,0.020500445684981057,-0.004111600684981061,0,1,0,0,0,0,0
2024-01-20 19:00:00,0.00382985,0.00793176375,0.004173632816740418,0.0029215429717182927,0.006260449225110628,0.012520898450221255,0.010853306721718293,0.005010220778281707,0.014192212975110627,0.0016713145248893717,0.020452662200221253,-0.004589134700221256,0,1,0,0,0,0,0
2024-01-20 20:00:00,0.00316597,0.007633547916666666,0.004250327495920055,0.002975229247144038,0.006375491243880082,0.012750982487760165,0.010608777163810704,0.004658318669522628,0.014009039160546749,0.0012580566727865838,0.02038453040442683,-0.005117434571093499,0,1,0,0,0,0,0
2024-01-20 21:00:00,0.00327018,0.007342981666666666,0.004302178206018037,0.003011524744212626,0.006453267309027056,0.012906534618054112,0.010354506410879292,0.004331456922454039,0.01379624897569372,0.0008897143576396096,0.020249516284720777,-0.0055635529513874465,0,1,0,0,0,0,0
2024-01-20 22:00:00,0.00326982,0.007051610416666665,0.004332531848302142,0.003032772293811499,0.006498797772453213,0.012997595544906426,0.010084382710478165,0.004018838122855166,0.01355040818911988,0.0005528126442134523,0.020049205961573092,-0.005945985128239761,0,1,0,0,0,0,0
2024-01-20 23:00:00,0.00294793,0.006762686666666666,0.00436664340427341,0.0030566503829913866,0.006549965106410115,0.01309993021282023,0.009819337049658053,0.0037060362836752792,0.013312651773076781,0.00021272156025655114,0.019862616879486896,-0.0063372435461535636,0,1,0,0,0,0,0
2024-01-21 00:00:00,0.00093566,0.006231531666666666,0.004262278654741751,0.0029835950583192252,0.006393417982112626,0.012786835964225252,0.009215126724985891,0.0032479366083474404,0.01262494964877929,-0.00016188631544596013,0.019018367630891916,-0.006555304297558586,0,1,0,0,0,0,0
2024-01-21 01:00:00,0.00180787,0.0057387837499999995,0.004047485222206687,0.0028332396555446806,0.006071227833310031,0.012142455666620061,0.00857202340554468,0.002905544094455319,0.011810011583310031,-0.00033244408331003106,0.01788123941662006,-0.006403671916620062,0,1,0,0,0,0,0
2024-01-21 02:00:00,0.0032093,0.005317140833333332,0.003737665862743967,0.0026163661039207767,0.00560649879411595,0.0112129975882319,0.007933506937254108,0.002700774729412555,0.010923639627449282,-0.00028935796078261803,0.01653013842156523,-0.005895856754898568,0,0,1,0,0,0,0
2024-01-21 03:00:00,0.00447774,0.004972865833333332,0.0033884038926327246,0.002371882724842907,0.005082605838949087,0.010165211677898174,0.0073447485581762395,0.002600983108490425,0.010055471672282419,-0.00010974000561575492,0.015138077511231505,-0.005192345844564842,0,0,1,0,0,0,0
2024-01-21 04:00:00,0.00541512,0.004681512083333332,0.002999654627596543,0.00209975823931758,0.004499481941394814,0.008998963882789628,0.006781270322650912,0.0025817538440157523,0.009180994024728146,0.00018203014193851792,0.01368047596612296,-0.004317451799456296,0,0,0,0,1,0,0
2024-01-21 05:00:00,0.005455,0.0044012254166666655,0.002548739255698716,0.0017841174789891012,0.003823108883548074,0.007646217767096148,0.0061853428956557665,0.0026171079376775645,0.00822433430021474,0.0005781165331185914,0.012047443183762814,-0.0032449923504294827,0,0,0,0,1,0,0
2024-01-21 06:00:00,0.00513199,0.004117316666666666,0.001990068408310215,0.0013930478858171502,0.0029851026124653223,0.0059702052249306446,0.005510364552483816,0.0027242687808495154,0.007102419279131988,0.0011322140542013434,0.01008752189159731,-0.001852888558263979,0,0,0,0,1,0,0
2024-01-21 07:00:00,0.00515317,0.0038346495833333325,0.0011246965863408083,0.0007872876104385657,0.0016870448795112125,0.003374089759022425,0.004621937193771898,0.0030473619728947667,0.0055216944628445445,0.00214760470382212,0.007208739342355757,0.00046055982431090743,0,0,0,0,0,1,0
2024-01-21 08:00:00,0.00296906,0.003755416249999999,0.0011154826036329907,0.0007808378225430935,0.001673223905449486,0.003346447810898972,0.004536254072543093,0.0029745784274569057,0.005428640155449485,0.002082192344550513,0.007101864060898971,0.00040896843910102725,0,1,0,0,0,0,0
2024-01-21 09:00:00,0.00202739,0.0036760245833333326,0.001168839511596936,0.0008181876581178551,0.0017532592673954038,0.0035065185347908077,0.004494212241451188,0.0028578369252154775,0.005429283850728737,0.0019227653159379287,0.00718254311812414,0.00016950604854252486,0,1,0,0,0,0,0
2024-01-21 10:00:00,0.00263069,0.0036306574999999987,0.0011880512292106959,0.0008316358604474871,0.0017820768438160438,0.0035641536876320876,0.004462293360447486,0.0027990216395525117,0.005412734343816042,0.0018485806561839549,0.007194811187632086,6.65038123679111e-05,0,1,0,0,0,0,0
2024-01-21 11:00:00,0.0036861,0.0036318145833333323,0.0011880928745283134,0.0008316650121698194,0.0017821393117924702,0.0035642786235849403,0.004463479595503151,0.002800149571163513,0.0054139538951258025,0.0018496752715408621,0.007196093206918273,6.753595974839195e-05,0,0,0,0,1,0,0
2024-01-21 12:00:00,0.00436396,0.0036658720833333326,0.0011972236299621426,0.0008380565409734998,0.001795835444943214,0.003591670889886428,0.004503928624306833,0.002827815542359833,0.005461707528276546,0.0018700366383901186,0.0072575429732197605,7.420119344690463e-05,0,0,0,0,1,0,0
2024-01-21 13:00:00,0.0048196,0.0037298870833333323,0.0012167892956878737,0.0008517525069815116,0.0018251839435318106,0.003650367887063621,0.004581639590314844,0.0028781345763518205,0.005555071026865143,0.0019047031398015217,0.007380254970396953,7.95191962697111e-05,0,0,0,0,0,1,0
2024-01-21 14:00:00,0.00569631,0.003830810833333332,0.0012763383696101779,0.0008934368587271244,0.001914507554415267,0.003829015108830534,0.004724247692060457,0.0029373739746062074,0.005745318387748599,0.0019163032789180651,0.007659825942163866,1.7957245027982148e-06,0,0,0,0,0,1,0
2024-01-21 15:00:00,0.00661173,0.003958045416666666,0.0013946875050988398,0.0009762812535691878,0.0020920312576482598,0.0041840625152965195,0.004934326670235854,0.002981764163097478,0.006050076674314926,0.0018660141590184061,0.008142107931963186,-0.00022601709862985365,0,0,0,0,0,0,1
2024-01-21 16:00:00,0.00727521,0.004034047916666665,0.0015233560048703223,0.0010663492034092255,0.0022850340073054835,0.004570068014610967,0.005100397120075891,0.0029676987132574396,0.006319081923972149,0.0017490139093611816,0.008604115931277632,-0.0005360200979443019,0,0,0,0,0,0,1
2024-01-21 17:00:00,0.00748255,0.004147949583333332,0.0016738900744739133,0.0011717230521317392,0.00251083511171087,0.00502167022342174,0.005319672635465071,0.0029762265312015925,0.006658784695044202,0.0016371144716224618,0.009169619806755073,-0.0008737206400884082,0,0,0,0,0,0,1
2024-01-21 18:00:00,0.00765427,0.0043036029166666654,0.001819030912258695,0.0012733216385810864,0.0027285463683880424,0.005457092736776085,0.005576924555247752,0.003030281278085579,0.007032149285054708,0.001575056548278623,0.009760695653442751,-0.0011534898201094193,0,0,0,0,0,0,1
2024-01-21 19:00:00,0.00781156,0.004469507499999999,0.0019507504320608188,0.001365525302442573,0.002926125648091228,0.005852251296182456,0.005835032802442572,0.003103982197557426,0.007395633148091227,0.0015433818519087709,0.010321758796182455,-0.0013827437961824573,0,0,0,0,0,0,1
2024-01-21 20:00:00,0.00799398,0.004670674583333332,0.002056551423342645,0.0014395859963398515,0.0030848271350139675,0.006169654270027935,0.006110260579673184,0.0032310885869934803,0.0077555017183473,0.0015858474483193643,0.010840328853361267,-0.0014989796866946032,0,0,0,0,0,0,1
2024-01-21 21:00:00,0.00817413,0.004875005833333332,0.002152723966561578,0.0015069067765931044,0.0032290859498423667,0.006458171899684733,0.006381912609926437,0.0033680990567402274,0.008104091783175699,0.0016459198834909653,0.011333177733018066,-0.0015831660663514014,0,0,0,0,0,0,1
2024-01-21 22:00:00,0.00837318,0.005087645833333332,0.0022376471865429032,0.0015663530305800321,0.003356470779814355,0.00671294155962871,0.006653998863913364,0.0035212928027533,0.008444116613147687,0.0017311750535189772,0.011800587392962043,-0.0016252957262953777,0,0,0,0,0,1,0
2024-01-21 23:00:00,0.00838781,0.005314307499999998,0.002286464717831815,0.0016005253024822703,0.0034296970767477225,0.006859394153495445,0.006914832802482268,0.0037137821975177275,0.00874400457674772,0.0018846104232522753,0.012173701653495444,-0.0015450866534954472,0,0,0,0,0,1,0
2024-01-22 00:00:00,0.00985822,0.005686080833333332,0.0022688782694921597,0.0015882147886445118,0.0034033174042382396,0.006806634808476479,0.007274295621977843,0.00409786604468882,0.009089398237571572,0.002282763429095092,0.012492715641809812,-0.0011205539751431475,0,0,0,0,0,0,1
2024-01-22 01:00:00,0.00982132,0.006019974583333333,0.002262968814436773,0.001584078170105741,0.0033944532216551595,0.006788906443310319,0.007604052753439074,0.004435896413227592,0.009414427804988492,0.0026255213616781735,0.012808881026643652,-0.0007689318599769859,0,0,0,0,0,0,1
2024-01-22 02:00:00,0.00964365,0.0062880724999999985,0.0022964030167185283,0.0016074821117029697,0.0034446045250777924,0.006889209050155585,0.007895554611702969,0.004680590388297028,0.009732677025077791,0.002843467974922206,0.013177281550155583,-0.0006011365501555864,0,0,0,0,0,1,0
2024-01-22 03:00:00,0.00956112,0.006499879999999999,0.0023558306475341823,0.0016490814532739274,0.0035337459713012734,0.007067491942602547,0.008148961453273927,0.0048507985467260714,0.010033625971301273,0.0029661340286987253,0.013567371942602546,-0.0005676119426025481,0,0,0,0,0,1,0
2024-01-22 04:00:00,0.00946726,0.006668719166666666,0.0024190642709688327,0.0016933449896781828,0.003628596406453249,0.007257192812906498,0.00836206415634485,0.004975374176988483,0.010297315573119914,0.0030401227602134167,0.013925911979573165,-0.0005884736462398324,0,0,0,0,0,1,0
2024-01-22 05:00:00,0.00925185,0.0068269212499999996,0.002460044501977044,0.0017220311513839305,0.003690066752965566,0.007380133505931132,0.00854895240138393,0.005104890098616069,0.010516988002965565,0.0031368544970344337,0.01420705475593113,-0.0005532122559311322,0,0,0,0,0,1,0
2024-01-22 06:00:00,0.00890864,0.006984281666666666,0.0024676894815890684,0.0017273826371123479,0.0037015342223836027,0.007403068444767205,0.008711664303779013,0.005256899029554318,0.010685815889050269,0.003282747444283063,0.014387350111433871,-0.0004187867781005397,0,0,0,0,0,1,0
2024-01-22 07:00:00,0.00872456,0.007133089583333332,0.0024601382898537527,0.0017220968028976269,0.003690207434780629,0.007380414869561258,0.008855186386230958,0.005410992780435705,0.01082329701811396,0.0034428821485527027,0.01451350445289459,-0.0002473252862279264,0,0,0,0,1,0,0
2024-01-22 08:00:00,0.00603376,0.007260785416666665,0.002309531131234068,0.0016166717918638476,0.003464296696851102,0.006928593393702204,0.008877457208530512,0.005644113624802818,0.010725082113517767,0.0037964887198155633,0.014189378810368868,0.0003321920229644613,0,0,1,0,0,0,0
2024-01-22 09:00:00,0.00584933,0.007420032916666666,0.002050192222982622,0.0014351345560878353,0.003075288334473933,0.006150576668947866,0.008855167472754501,0.005984898360578831,0.0104953212511406,0.004344744582192733,0.013570609585614533,0.0012694562477187999,0,1,0,0,0,0,0
2024-01-22 10:00:00,0.00574106,0.007549631666666665,0.0018196233711419867,0.0012737363597993907,0.0027294350567129803,0.005458870113425961,0.008823368026466055,0.006275895306867274,0.010279066723379644,0.0048201966099536845,0.013008501780092625,0.002090761553240704,0,1,0,0,0,0,0
2024-01-22 11:00:00,0.00557582,0.007628369999999999,0.0016807598443070637,0.0011765318910149445,0.0025211397664605954,0.005042279532921191,0.008804901891014943,0.006451838108985054,0.010149509766460594,0.005107230233539404,0.012670649532921189,0.002586090467078808,0,1,0,0,0,0,0
2024-01-22 12:00:00,0.0054195,0.007672350833333332,0.0016036675973935583,0.0011225673181754906,0.0024055013960903376,0.004811002792180675,0.008794918151508822,0.006549783515157841,0.01007785222942367,0.005266849437242994,0.012483353625514008,0.0028613480411526565,0,1,0,0,0,0,0
2024-01-22 13:00:00,0.00549148,0.007700345833333331,0.0015568843684044742,0.0010898190578831318,0.0023353265526067112,0.0046706531052134225,0.008790164891216463,0.006610526775450199,0.010035672385940043,0.005365019280726619,0.012370998938546754,0.0030296927281199086,0,1,0,0,0,0,0
2024-01-22 14:00:00,0.00555587,0.007694494166666666,0.0015649870219185537,0.0010954909153429876,0.0023474805328778303,0.0046949610657556606,0.008789985082009654,0.006599003251323679,0.010041974699544497,0.005347013633788836,0.012389455232422327,0.0029995331009110057,0,1,0,0,0,0,0
2024-01-22 15:00:00,0.00569579,0.0076563299999999985,0.0016032402615004313,0.0011222681830503017,0.002404860392250647,0.004809720784501294,0.008778598183050301,0.006534061816949697,0.010061190392250646,0.005251469607749352,0.012466050784501293,0.0028466092154987048,0,1,0,0,0,0,0
2024-01-22 16:00:00,0.00943501,0.007746321666666666,0.0016410867398390834,0.0011487607178873583,0.002461630109758625,0.00492326021951725,0.008895082384554024,0.006597560948779307,0.010207951776425292,0.005284691556908041,0.012669581886183917,0.0028230614471494156,0,0,0,0,0,1,0
2024-01-22 17:00:00,0.01068517,0.007879764166666666,0.0017455869728047516,0.001221910880963326,0.002618380459207127,0.005236760918414254,0.009101675047629992,0.0066578532857033395,0.010498144625873793,0.0052613837074595386,0.01311652508508092,0.0026430032482524114,0,0,0,0,0,0,1
2024-01-22 18:00:00,0.01100618,0.008019427083333332,0.001857279333818834,0.0013000955336731838,0.002785919000728251,0.005571838001456502,0.009319522617006516,0.006719331549660148,0.010805346084061584,0.005233508082605081,0.013591265084789835,0.00244758908187683,0,0,0,0,0,0,1
2024-01-22 19:00:00,0.01070875,0.008140143333333332,0.0019356798733883773,0.001354975911371864,0.002903519810082566,0.005807039620165132,0.009495119244705197,0.006785167421961468,0.011043663143415898,0.005236623523250767,0.013947182953498463,0.0023331037131682003,0,0,0,0,0,1,0
2024-01-22 20:00:00,0.01004311,0.008225523749999998,0.0019737699967626327,0.0013816389977338427,0.002960654995143949,0.005921309990287898,0.00960716274773384,0.006843884752266155,0.011186178745143948,0.005264868754856049,0.014146833740287896,0.0023042137597121,0,0,0,0,0,1,0
2024-01-22 21:00:00,0.00983293,0.008294640416666665,0.002000751237292171,0.0014005258661045196,0.0030011268559382567,0.006002253711876513,0.009695166282771185,0.006894114550562146,0.011295767272604923,0.005293513560728409,0.014296894128543179,0.002292386704790152,0,0,0,0,0,1,0
2024-01-22 22:00:00,0.00980413,0.008354263333333332,0.0020243753704864433,0.0014170627593405101,0.0030365630557296647,0.0060731261114593295,0.009771326092673843,0.006937200573992822,0.011390826389062997,0.005317700277603667,0.014427389444792662,0.0022811372218740026,0,0,0,0,0,1,0
2024-01-22 23:00:00,0.00964776,0.00840676125,0.002041547401533283,0.0014290831810732981,0.0030623211022999244,0.006124642204599849,0.009835844431073298,0.006977678068926702,0.011469082352299924,0.005344440147700076,0.014531403454599849,0.0022821190454001515,0,0,0,0,1,0,0
2024-01-23 00:00:00,0.00855674,0.008352532916666666,0.0020184717342314616,0.001412930213962023,0.0030277076013471927,0.006055415202694385,0.009765463130628689,0.006939602702704642,0.011380240518013857,0.005324825315319473,0.01440794811936105,0.00229711771397228,0,0,0,0,1,0,0
2024-01-23 01:00:00,0.00802808,0.008277814583333333,0.0019947887929869057,0.0013963521550908338,0.0029921831894803583,0.005984366378960717,0.009674166738424167,0.006881462428242498,0.011269997772813692,0.005285631393852974,0.01426218096229405,0.002293448204372616,0,0,1,0,0,0,0
2024-01-23 02:00:00,0.00749613,0.008188334583333333,0.001978960617302644,0.0013852724321118508,0.002968440925953966,0.005936881851907932,0.009573607015445185,0.006803062151221483,0.011156775509287299,0.005219893657379368,0.014125216435241266,0.0022514527314254013,0,0,1,0,0,0,0
2024-01-23 03:00:00,0.00723864,0.008091564583333332,0.0019656528009909502,0.001375956960693665,0.002948479201486425,0.00589695840297285,0.009467521544026997,0.006715607622639667,0.011040043784819757,0.005143085381846907,0.013988522986306182,0.0021946061803604817,0,0,1,0,0,0,0
2024-01-23 04:00:00,0.0072817,0.008000499583333332,0.0019497101927956895,0.0013647971349569825,0.002924565289193534,0.005849130578387068,0.009365296718290315,0.00663570244837635,0.010925064872526867,0.005075934294139798,0.013849630161720401,0.002151369004946264,0,0,1,0,0,0,0
2024-01-23 05:00:00,0.00724619,0.007916930416666666,0.0019366825060542659,0.001355677754237986,0.002905023759081399,0.005810047518162798,0.009272608170904651,0.00656125266242868,0.010821954175748064,0.005011906657585267,0.013726977934829463,0.0021068828985038677,0,0,1,0,0,0,0
2024-01-23 06:00:00,0.00720282,0.007845854583333332,0.0019299946292378831,0.0013509962404665181,0.0028949919438568247,0.005789983887713649,0.00919685082379985,0.006494858342866814,0.010740846527190158,0.004950862639476508,0.013635838471046982,0.002055870695619683,0,0,1,0,0,0,0
2024-01-23 07:00:00,0.00722086,0.007783200416666666,0.0019246287630052402,0.001347240134103668,0.0028869431445078604,0.005773886289015721,0.009130440550770334,0.006435960282562998,0.010670143561174527,0.004896257272158805,0.013557086705682387,0.0020093141276509453,0,0,1,0,0,0,0
2024-01-23 08:00:00,0.00551485,0.007761579166666667,0.0019479103350981514,0.001363537234568706,0.0029218655026472273,0.0058437310052944546,0.009125116401235372,0.006398041932097961,0.010683444669313895,0.004839713664019439,0.013605310171961121,0.0019178481613722122,0,1,0,0,0,0,0
2024-01-23 09:00:00,0.00557265,0.007750050833333332,0.0019604977390891066,0.0013723484173623745,0.00294074660863366,0.00588149321726732,0.009122399250695707,0.006377702415970957,0.010690797441966993,0.0048093042246996716,0.013631544050600651,0.0018685576160660114,0,1,0,0,0,0,0
2024-01-23 10:00:00,0.00582902,0.007753715833333332,0.001956657251263318,0.0013696600758843225,0.002934985876894977,0.005869971753789954,0.009123375909217654,0.006384055757449009,0.010688701710228309,0.004818729956438355,0.013623687587123286,0.0018837440795433777,0,1,0,0,0,0,0
2024-01-23 11:00:00,0.00615719,0.0077779395833333315,0.0019319651663222952,0.0013523756164256066,0.002897947749483443,0.005795895498966886,0.009130315199758939,0.0064255639669077245,0.010675887332816774,0.004879991833849889,0.013573835082300218,0.0019820440843664458,0,1,0,0,0,0,0
2024-01-23 12:00:00,0.00627974,0.007813782916666666,0.0018939122970317152,0.0013257386079222006,0.0028408684455475727,0.005681736891095145,0.009139521524588867,0.006488044308744466,0.010654651362214239,0.0049729144711190935,0.013495519807761812,0.002132046025571521,0,1,0,0,0,0,0
2024-01-23 13:00:00,0.00631388,0.007848049583333332,0.001857150975571274,0.0013000056828998917,0.002785726463356911,0.005571452926713822,0.009148055266233223,0.00654804390043344,0.010633776046690243,0.005062323119976422,0.013419502510047154,0.00227659665661951,0,1,0,0,0,0,0
2024-01-23 14:00:00,0.00640542,0.007883447499999998,0.0018192717694039818,0.0012734902385827872,0.0027289076541059725,0.005457815308211945,0.009156937738582786,0.00660995726141721,0.010612355154105971,0.0051545398458940255,0.013341262808211943,0.002425632191788053,0,1,0,0,0,0,0
2024-01-23 15:00:00,0.0066943,0.007925052083333333,0.0017780170755134779,0.0012446119528594344,0.0026670256132702167,0.005334051226540433,0.009169664036192769,0.006680440130473899,0.010592077696603551,0.005258026470063117,0.013259103309873767,0.0025910008567929,0,0,1,0,0,0,0
2024-01-23 16:00:00,0.01097138,0.007989067499999999,0.0018604898616137833,0.0013023429031296483,0.0027907347924206747,0.005581469584841349,0.009291410403129648,0.006686724596870351,0.010779802292420673,0.005198332707579324,0.013570537084841348,0.0024075979151586494,0,0,0,0,0,0,1
2024-01-23 17:00:00,0.0111655,0.00800908125,0.0018930520515922904,0.0013251364361146032,0.0028395780773884357,0.005679156154776871,0.009334217686114603,0.006683944813885396,0.010848659327388436,0.005169503172611564,0.01368823740477687,0.002329925095223128,0,0,0,0,0,0,1
2024-01-23 18:00:00,0.01115717,0.008015372499999998,0.0019036666171828422,0.0013325666320279895,0.0028554999257742633,0.005710999851548527,0.009347939132027987,0.0066828058679720085,0.010870872425774262,0.005159872574225734,0.013726372351548524,0.002304372648451471,0,0,0,0,0,0,1
2024-01-23 19:00:00,0.01096328,0.008025977916666665,0.0019199631838635349,0.0013439742287044744,0.0028799447757953023,0.005759889551590605,0.00936995214537114,0.00668200368796219,0.010905922692461966,0.005146033140871363,0.01378586746825727,0.00226608836507606,0,0,0,0,0,0,1
2024-01-23 20:00:00,0.01087256,0.008060538333333332,0.0019647932738689976,0.0013753552917082983,0.0029471899108034962,0.0058943798216069924,0.00943589362504163,0.006685183041625034,0.011007728244136828,0.005113348422529836,0.013954918154940325,0.0021661585117263397,0,0,0,0,0,1,0
2024-01-23 21:00:00,0.01101997,0.008109998333333332,0.002025357108384674,0.0014177499758692715,0.0030380356625770107,0.0060760713251540215,0.009527748309202604,0.00669224835746406,0.011148033995910342,0.005071962670756321,0.014186069658487354,0.00203392700817931,0,0,0,0,0,1,0
2024-01-23 22:00:00,0.01107586,0.008162987083333332,0.002087296030315213,0.0014611072212206491,0.00313094404547282,0.00626188809094564,0.00962409430455398,0.0067018798621126825,0.011293931128806152,0.0050320430378605115,0.014424875174278972,0.0019010989923876915,0,0,0,0,0,1,0
2024-01-23 23:00:00,0.01091408,0.008215750416666666,0.0021417552216297588,0.0014992286551408311,0.0032126328324446384,0.006425265664889277,0.009714979071807496,0.006716521761525834,0.011428383249111305,0.005003117584222027,0.014641016081555942,0.0017904847517773888,0,0,0,0,0,1,0
2024-01-24 00:00:00,0.00836296,0.008207676249999999,0.0021407788813092065,0.0014985452169164444,0.0032111683219638097,0.006422336643927619,0.009706221466916444,0.006709131033083554,0.011418844571963809,0.0049965079280361886,0.014630012893927617,0.0017853396060723793,0,0,0,0,1,0,0
2024-01-24 01:00:00,0.00810729,0.008210976666666665,0.00214055100778463,0.0014983857054492408,0.0032108265116769447,0.006421653023353889,0.009709362372115905,0.006712590961217424,0.011421803178343608,0.00500015015498972,0.014632629690020554,0.0017893236433127752,0,0,1,0,0,0,0
2024-01-24 02:00:00,0.00793292,0.00822917625,0.002136061069660782,0.0014952427487625475,0.0032040916044911733,0.006408183208982347,0.009724418998762547,0.006733933501237452,0.011433267854491173,0.005025084645508826,0.014637359458982346,0.0018209930410176527,0,0,1,0,0,0,0
2024-01-24 03:00:00,0.00789469,0.008256511666666666,0.0021270125419709453,0.0014889087793796617,0.003190518812956418,0.006381037625912836,0.009745420446046328,0.006767602887287004,0.011447030479623085,0.0050659928537102475,0.014637549292579502,0.0018754740407538294,0,0,1,0,0,0,0
2024-01-24 04:00:00,0.00802305,0.00828740125,0.002117602630405105,0.0014823218412835734,0.0031764039456076577,0.006352807891215315,0.009769723091283574,0.0068050794087164265,0.011463805195607657,0.005110997304392342,0.014640209141215315,0.0019345933587846843,0,0,1,0,0,0,0
2024-01-24 05:00:00,0.00800265,0.008318920416666665,0.002107034389489495,0.0014749240726426465,0.0031605515842342427,0.0063211031684684855,0.009793844489309311,0.006843996344024019,0.011479472000900909,0.0051583688324324225,0.01464002358513515,0.0019978172481981797,0,0,1,0,0,0,0
2024-01-24 06:00:00,0.00814462,0.008358162083333332,0.0020940744849798293,0.0014658521394858804,0.003141111727469744,0.006282223454939488,0.009824014222819213,0.006892309943847452,0.011499273810803077,0.005217050355863588,0.014640385538272821,0.002075938628393844,0,0,1,0,0,0,0
2024-01-24 07:00:00,0.00831904,0.008403919583333332,0.002080094347317816,0.0014560660431224713,0.0031201415209767243,0.006240283041953449,0.009859985626455804,0.006947853540210861,0.011524061104310056,0.005283778062356608,0.014644202625286781,0.0021636365413798837,0,0,1,0,0,0,0
2024-01-24 08:00:00,0.01048166,0.00861087,0.00202654799811001,0.001418583598677007,0.0030398219971650153,0.006079643994330031,0.010029453598677006,0.007192286401322993,0.011650691997165015,0.005571048002834984,0.01469051399433003,0.002531226005669969,0,0,0,0,0,1,0
2024-01-24 09:00:00,0.01059708,0.008820221249999998,0.0019573829559484997,0.0013701680691639497,0.0029360744339227496,0.005872148867845499,0.010190389319163948,0.007450053180836048,0.011756295683922748,0.005884146816077248,0.014692370117845497,0.0029480723821544985,0,0,0,0,0,1,0
2024-01-24 10:00:00,0.01075584,0.009025505416666666,0.0018871296552632236,0.0013209907586842564,0.0028306944828948356,0.005661388965789671,0.010346496175350923,0.00770451465798241,0.011856199899561501,0.006194810933771831,0.014686894382456336,0.003364116450876995,0,0,0,0,0,1,0
2024-01-24 11:00:00,0.01080781,0.00921928125,0.0018172738810966,0.00127209171676762,0.0027259108216449003,0.005451821643289801,0.01049137296676762,0.007947189533232379,0.011945192071644899,0.006493370428355099,0.0146711028932898,0.0037674596067101985,0,0,0,0,0,1,0
2024-01-24 12:00:00,0.0107465,0.009405396249999998,0.0017297562478137377,0.0012108293734696162,0.0025946343717206067,0.0051892687434412135,0.010616225623469614,0.008194566876530382,0.012000030621720604,0.006810761878279391,0.014594664993441211,0.004216127506558785,0,0,0,0,0,1,0
2024-01-24 13:00:00,0.01068571,0.009587555833333332,0.0016165269186530133,0.0011315688430571093,0.00242479037797952,0.00484958075595904,0.010719124676390442,0.008455986990276223,0.012012346211312853,0.007162765455353812,0.014437136589292372,0.004737975077374292,0,0,0,0,1,0,0
2024-01-24 14:00:00,0.01041049,0.00975443375,0.0014742063134175571,0.00103194441939229,0.0022113094701263357,0.004422618940252671,0.01078637816939229,0.00872248933060771,0.011965743220126335,0.007543124279873664,0.01417705269025267,0.005331814809747328,0,0,0,0,1,0,0
2024-01-24 15:00:00,0.01014943,0.009898397499999998,0.001323364090228604,0.0009263548631600227,0.001985046135342906,0.003970092270685812,0.010824752363160021,0.008972042636839974,0.011883443635342904,0.007913351364657092,0.01386848977068581,0.005928305229314186,0,0,0,0,1,0,0
2024-01-24 16:00:00,0.00747139,0.009752564583333331,0.0013910957217368896,0.0009737670052158226,0.0020866435826053346,0.004173287165210669,0.010726331588549154,0.008778797578117508,0.011839208165938666,0.007665921000727997,0.013925851748544,0.005579277418122662,1,0,0,0,0,0,0
2024-01-24 17:00:00,0.00738862,0.009595194583333333,0.0014371751876147759,0.0010060226313303431,0.002155762781422164,0.004311525562844328,0.010601217214663675,0.00858917195200299,0.011750957364755496,0.007439431801911169,0.013906720146177661,0.005283669020489005,1,0,0,0,0,0,0
2024-01-24 18:00:00,0.00728091,0.00943368375,0.0014714080199231402,0.001029985613946198,0.0022071120298847104,0.004414224059769421,0.010463669363946198,0.008403698136053801,0.01164079577988471,0.00722657172011529,0.013847907809769421,0.005019459690230579,0,1,0,0,0,0,0
2024-01-24 19:00:00,0.00739608,0.009285050416666666,0.0014902278120635707,0.0010431594684444994,0.002235341718095356,0.004470683436190712,0.010328209885111166,0.008241890948222166,0.011520392134762022,0.00704970869857131,0.013755733852857378,0.004814366980475954,0,1,0,0,0,0,0
2024-01-24 20:00:00,0.00707044,0.009126628749999999,0.0015160000267532689,0.0010612000187272882,0.0022740000401299033,0.004548000080259807,0.010187828768727288,0.00806542873127271,0.011400628790129902,0.006852628709870096,0.013674628830259807,0.0045786286697401925,0,1,0,0,0,0,0
2024-01-24 21:00:00,0.00720044,0.008967481666666664,0.0015090665819024228,0.001056346607331696,0.0022635998728536342,0.0045271997457072685,0.01002382827399836,0.007911135059334967,0.011231081539520299,0.006703881793813029,0.013494681412373932,0.0044402819209593955,0,1,0,0,0,0,0
2024-01-24 22:00:00,0.00724215,0.008807743749999998,0.0014787863139451897,0.0010351504197616327,0.0022181794709177846,0.004436358941835569,0.00984289416976163,0.007772593330238365,0.011025923220917782,0.006589564279082213,0.013244102691835567,0.0043713848081644285,0,1,0,0,0,0,0
2024-01-24 23:00:00,0.00722325,0.008653959166666666,0.0014416624073434487,0.001009163685140414,0.002162493611015173,0.004324987222030346,0.00966312285180708,0.007644795481526252,0.01081645277768184,0.006491465555651493,0.012978946388697012,0.00432897194463632,0,1,0,0,0,0,0
2024-01-25 00:00:00,0.00856948,0.008662564166666666,0.0014404658143807097,0.0010083260700664968,0.0021606987215710646,0.004321397443142129,0.009670890236733162,0.0076542380966001695,0.01082326288823773,0.006501865445095602,0.012983961609808796,0.004341166723524537,0,0,1,0,0,0,0
2024-01-25 01:00:00,0.00850831,0.008679273333333333,0.001436063834916062,0.0010052446844412435,0.002154095752374093,0.004308191504748186,0.009684518017774577,0.007674028648892089,0.010833369085707426,0.006525177580959239,0.012987464838081518,0.004371081828585146,0,0,1,0,0,0,0
2024-01-25 02:00:00,0.00848319,0.008702201249999998,0.0014279997199437542,0.000999599803960628,0.0021419995799156315,0.004283999159831263,0.009701801053960625,0.00770260144603937,0.01084420082991563,0.006560201670084366,0.01298620040983126,0.004418202090168735,0,0,1,0,0,0,0
2024-01-25 03:00:00,0.00835114,0.008721219999999998,0.0014197933419370914,0.000993855339355964,0.002129690012905637,0.004259380025811274,0.009715075339355962,0.007727364660644035,0.010850910012905635,0.006591529987094362,0.012980600025811272,0.004461839974188724,0,0,1,0,0,0,0
2024-01-25 04:00:00,0.00870696,0.00874971625,0.0014120132898433418,0.000988409302890339,0.0021180199347650124,0.004236039869530025,0.009738125552890338,0.007761306947109661,0.010867736184765012,0.006631696315234987,0.012985756119530024,0.004513676380469974,0,0,1,0,0,0,0
2024-01-25 05:00:00,0.00865024,0.008776699166666665,0.0014032770478789338,0.0009822939335152536,0.0021049155718184005,0.004209831143636801,0.009758993100181919,0.007794405233151412,0.010881614738485066,0.006671783594848265,0.012986530310303467,0.0045668680230298644,0,0,1,0,0,0,0
2024-01-25 06:00:00,0.0087885,0.008803527499999998,0.001396807382084531,0.0009777651674591718,0.0020952110731267968,0.0041904221462535935,0.00978129266745917,0.007825762332540826,0.010898738573126794,0.0067083164268732015,0.012993949646253592,0.004613105353746405,0,0,1,0,0,0,0
2024-01-25 07:00:00,0.00904337,0.008833707916666664,0.001393705813053506,0.0009755940691374542,0.0020905587195802593,0.0041811174391605185,0.009809301985804118,0.00785811384752921,0.010924266636246923,0.006743149197086405,0.013014825355827183,0.004652590477506146,0,0,0,0,1,0,0
2024-01-25 08:00:00,0.00881647,0.008764324999999998,0.0013488252680308353,0.0009441776876215846,0.002023237902046253,0.004046475804092506,0.009708502687621582,0.007820147312378414,0.01078756290204625,0.006741087097953746,0.012810800804092505,0.004717849195907492,0,0,0,0,1,0,0
2024-01-25 09:00:00,0.00877024,0.008688206666666665,0.0012912173050827387,0.000903852113557917,0.0019368259576241081,0.0038736519152482163,0.009592058780224582,0.007784354553108748,0.010625032624290773,0.006751380709042557,0.012561858581914881,0.004814554751418449,0,0,0,0,1,0,0
2024-01-25 10:00:00,0.00933379,0.008628954583333332,0.0012230393320811152,0.0008561275324567805,0.0018345589981216728,0.0036691179962433456,0.009485082115790112,0.007772827050876552,0.010463513581455005,0.0067943955852116595,0.012298072579576678,0.0049598365870899865,0,0,0,0,1,0,0
2024-01-25 11:00:00,0.00998426,0.008594639999999999,0.0011696369159850408,0.0008187458411895285,0.0017544553739775612,0.0035089107479551224,0.009413385841189528,0.00777589415881047,0.01034909537397756,0.006840184626022438,0.01210355074795512,0.005085729252044877,0,0,0,0,0,1,0
2024-01-25 12:00:00,0.01041167,0.008580688749999999,0.0011445824587968934,0.0008012077211578254,0.00171687368819534,0.00343374737639068,0.009381896471157825,0.007779481028842174,0.010297562438195339,0.006863815061804659,0.012014436126390679,0.005146941373609319,0,0,0,0,0,0,1
2024-01-25 13:00:00,0.01032948,0.008565845833333334,0.001118101185348515,0.0007826708297439605,0.0016771517780227725,0.003354303556045545,0.009348516663077294,0.007783175003589373,0.010242997611356107,0.006888694055310561,0.011920149389378878,0.005211542277287789,0,0,0,0,0,0,1
2024-01-25 14:00:00,0.01021641,0.008557759166666665,0.0011048024907487819,0.0007733617435241473,0.0016572037361231727,0.0033144074722463454,0.009331120910190812,0.007784397423142518,0.010214962902789837,0.006900555430543492,0.01187216663891301,0.005243351694420319,0,0,0,0,0,0,1
2024-01-25 15:00:00,0.01013252,0.008557054583333333,0.0011037481641720099,0.0007726237149204069,0.0016556222462580147,0.0033112444925160293,0.00932967829825374,0.007784430868412926,0.010212676829591347,0.006901432337075318,0.011868299075849362,0.005245810090817303,0,0,0,0,0,1,0
2024-01-25 16:00:00,0.00827901,0.008590705416666665,0.001081292389866239,0.0007569046729063673,0.0016219385847993585,0.003243877169598717,0.009347610089573032,0.007833800743760298,0.010212644001466023,0.006968766831867307,0.011834582586265383,0.005346828247067948,0,0,1,0,0,0,0
2024-01-25 17:00:00,0.00843705,0.008634389999999999,0.0010513809708561736,0.0007359666795993215,0.0015770714562842606,0.003154142912568521,0.009370356679599321,0.007898423320400676,0.010211461456284258,0.007057318543715738,0.01178853291256852,0.005480247087431478,0,0,1,0,0,0,0
2024-01-25 18:00:00,0.00859441,0.008689119166666665,0.001011285197910323,0.000707899638537226,0.0015169277968654844,0.0030338555937309687,0.009397018805203891,0.007981219528129439,0.01020604696353215,0.007172191369801181,0.011722974760397634,0.005655263572935696,0,0,1,0,0,0,0
2024-01-25 19:00:00,0.00843783,0.008732525416666666,0.0009750813964373827,0.0006825569775061679,0.001462622094656074,0.002925244189312148,0.009415082394172833,0.008049968439160499,0.01019514751132274,0.007269903322010592,0.011657769605978814,0.005807281227354518,0,0,1,0,0,0,0
2024-01-25 20:00:00,0.00827863,0.008782866666666667,0.0009148698435519501,0.0006404088904863651,0.0013723047653279251,0.0027446095306558503,0.009423275557153032,0.008142457776180301,0.010155171431994592,0.007410561901338741,0.011527476197322518,0.006038257136010816,0,0,1,0,0,0,0
2024-01-25 21:00:00,0.00839556,0.008832663333333332,0.0008555983518068956,0.0005989188462648269,0.0012833975277103434,0.002566795055420687,0.00943158217959816,0.008233744487068505,0.010116060861043675,0.007549265805622989,0.01139945838875402,0.006265868277912645,0,0,1,0,0,0,0
2024-01-25 22:00:00,0.00857196,0.008888072083333332,0.0007885503172663522,0.0005519852220864465,0.0011828254758995283,0.0023656509517990566,0.009440057305419778,0.008336086861246886,0.01007089755923286,0.007705246607433804,0.011253723035132389,0.006522421131534275,0,0,1,0,0,0,0
2024-01-25 23:00:00,0.00854469,0.008943132083333331,0.0007094145493598692,0.0004965901845519085,0.0010641218240398037,0.0021282436480796075,0.00943972226788524,0.008446541898781423,0.010007253907373136,0.007879010259293526,0.011071375731412939,0.0068148884352537235,0,0,1,0,0,0,0
2024-01-26 00:00:00,0.01228112,0.00909778375,0.0009781020486851037,0.0006846714340795725,0.0014671530730276557,0.0029343061460553113,0.009782455184079572,0.008413112315920427,0.010564936823027655,0.007630630676972344,0.01203208989605531,0.006163477603944688,0,0,0,0,0,0,1
2024-01-26 01:00:00,0.01178014,0.009234109999999998,0.001111310285031828,0.0007779171995222795,0.0016669654275477419,0.0033339308550954837,0.010012027199522279,0.008456192800477718,0.01090107542754774,0.007567144572452257,0.012568040855095483,0.005900179144904515,0,0,0,0,0,0,1
2024-01-26 02:00:00,0.01060174,0.009322382916666665,0.0011329983887340051,0.0007930988721138036,0.0016994975831010077,0.0033989951662020154,0.010115481788780469,0.008529284044552861,0.011021880499767673,0.007622885333565657,0.01272137808286868,0.005923387750464649,0,0,0,0,0,1,0
2024-01-26 03:00:00,0.0107502,0.00942234375,0.0011492965676138214,0.0008045075973296749,0.001723944851420732,0.003447889702841464,0.010226851347329674,0.008617836152670325,0.011146288601420732,0.007698398898579267,0.012870233452841464,0.0059744540471585355,0,0,0,0,0,1,0
2024-01-26 04:00:00,0.01108085,0.009521255833333332,0.0011865983986678508,0.0008306188790674955,0.001779897598001776,0.003559795196003552,0.010351874712400828,0.008690636954265836,0.011301153431335108,0.007741358235331557,0.013081051029336883,0.00596146063732978,0,0,0,0,0,1,0
2024-01-26 05:00:00,0.01098724,0.009618630833333332,0.0012077150198976216,0.0008454005139283351,0.0018115725298464324,0.0036231450596928647,0.010464031347261668,0.008773230319404997,0.011430203363179764,0.0078070583034869,0.013241775893026197,0.005995485773640468,0,0,0,0,0,1,0
2024-01-26 06:00:00,0.01082119,0.00970332625,0.0012181973481152225,0.0008527381436806557,0.0018272960221728338,0.0036545920443456677,0.010556064393680656,0.008850588106319343,0.011530622272172834,0.007876030227827166,0.013357918294345668,0.006048734205654332,0,0,0,0,0,1,0
2024-01-26 07:00:00,0.01071725,0.00977307125,0.0012266579600911378,0.0008586605720637964,0.0018399869401367068,0.0036799738802734136,0.010631731822063796,0.008914410677936203,0.011613058190136706,0.007933084309863293,0.013453045130273414,0.006093097369726586,0,0,0,0,0,1,0
2024-01-26 08:00:00,0.00853277,0.009761250416666666,0.0012375953532538543,0.000866316747277698,0.0018563930298807815,0.003712786059761563,0.010627567163944364,0.008894933669388967,0.011617643446547447,0.007904857386785884,0.013474036476428228,0.006048464356905103,0,1,0,0,0,0,0
2024-01-26 09:00:00,0.00924632,0.009781087083333332,0.0012247693623325877,0.0008573385536328113,0.0018371540434988815,0.003674308086997763,0.010638425636966143,0.008923748529700522,0.011618241126832215,0.00794393303983445,0.013455395170331095,0.00610677899633557,0,0,1,0,0,0,0
2024-01-26 10:00:00,0.00986516,0.0098032275,0.0012211293527652337,0.0008547905469356636,0.0018316940291478506,0.0036633880582957012,0.010658018046935662,0.008948436953064336,0.01163492152914785,0.007971533470852148,0.0134666155582957,0.0061398394417042975,0,0,0,0,1,0,0
2024-01-26 11:00:00,0.01000184,0.009803959999999999,0.0012212479343403169,0.0008548735540382218,0.0018318719015104753,0.0036637438030209506,0.010658833554038221,0.008949086445961776,0.011635831901510473,0.007972088098489524,0.01346770380302095,0.006140216196979048,0,0,0,0,1,0,0
2024-01-26 12:00:00,0.00994536,0.009784530416666664,0.0012148517927302398,0.0008503962549111678,0.0018222776890953597,0.0036445553781907195,0.010634926671577833,0.008934134161755496,0.011606808105762024,0.007962252727571305,0.013429085794857383,0.006139975038475945,0,0,0,0,1,0,0
2024-01-26 13:00:00,0.00985371,0.009764706666666666,0.001209442495024495,0.0008466097465171464,0.0018141637425367423,0.0036283274850734846,0.010611316413183813,0.00891809692014952,0.011578870409203409,0.007950542924129923,0.01339303415174015,0.006136379181593181,0,0,0,0,1,0,0
2024-01-26 14:00:00,0.00974766,0.009745175416666666,0.0012056096389613034,0.0008439267472729123,0.0018084144584419551,0.0036168289168839103,0.010589102163939578,0.008901248669393754,0.011553589875108622,0.00793676095822471,0.013362004333550576,0.006128346499782757,0,0,0,0,1,0,0
2024-01-26 15:00:00,0.00974838,0.009729169583333332,0.001202790266839665,0.0008419531867877655,0.0018041854002594975,0.003608370800518995,0.010571122770121098,0.008887216396545567,0.01153335498359283,0.007924984183073835,0.013337540383852327,0.006120798782814338,0,0,0,0,1,0,0
2024-01-26 16:00:00,0.01358188,0.009950122499999998,0.0013963139665383415,0.000977419776576839,0.0020944709498075123,0.004188941899615025,0.010927542276576838,0.008972702723423159,0.01204459344980751,0.007855651550192487,0.014139064399615023,0.005761180600384974,0,0,0,0,0,0,1
2024-01-26 17:00:00,0.01344986,0.010158989583333332,0.0015287775041728754,0.0010701442529210128,0.002293166256259313,0.004586332512518626,0.011229133836254344,0.009088845330412319,0.012452155839592645,0.007865823327074018,0.014745322095851957,0.005572657070814706,0,0,0,0,0,0,1
2024-01-26 18:00:00,0.0141693,0.010391276666666666,0.0016951901335522021,0.0011866330934865415,0.002542785200328303,0.005085570400656606,0.011577909760153207,0.009204643573180125,0.012934061866994969,0.007848491466338363,0.015476847067323272,0.00530570626601006,0,0,0,0,0,0,1
2024-01-26 19:00:00,0.01342853,0.010599222499999998,0.001750348526852381,0.0012252439687966666,0.0026255227902785717,0.005251045580557143,0.011824466468796665,0.009373978531203331,0.01322474529027857,0.007973699709721426,0.01585026808055714,0.005348176919442855,0,0,0,0,0,0,1
2024-01-26 20:00:00,0.01305975,0.010798435833333333,0.0017468249754337732,0.0012227774828036412,0.00262023746315066,0.00524047492630132,0.012021213316136974,0.009575658350529693,0.013418673296483993,0.008178198370182674,0.016038910759634654,0.0055579609070320135,0,0,0,0,0,1,0
2024-01-26 21:00:00,0.01314021,0.010996129583333333,0.0017314764836215658,0.001212033538535096,0.0025972147254323488,0.0051944294508646975,0.01220816312186843,0.009784096044798237,0.013593344308765682,0.008398914857900985,0.01619055903419803,0.005801700132468636,0,0,0,0,0,1,0
2024-01-26 22:00:00,0.01302201,0.011181548333333331,0.0016985507798802368,0.0011889855459161656,0.0025478261698203553,0.0050956523396407105,0.012370533879249496,0.009992562787417166,0.013729374503153686,0.008633722163512976,0.016277200672974043,0.00608589599369262,0,0,0,0,0,1,0
2024-01-26 23:00:00,0.01297375,0.0113660925,0.0016391716764115505,0.0011474201734880853,0.002458757514617326,0.004917515029234652,0.012513512673488084,0.010218672326511915,0.013824850014617324,0.008907334985382674,0.01628360752923465,0.006448577470765347,0,0,0,0,0,1,0
2024-01-27 00:00:00,0.00717095,0.011153168749999998,0.0018353082404215157,0.001284715768295061,0.0027529623606322735,0.005505924721264547,0.01243788451829506,0.009868452981704936,0.013906131110632271,0.008400206389367724,0.016659093471264545,0.005647244028735451,1,0,0,0,0,0,0
2024-01-27 01:00:00,0.00776008,0.010985666249999998,0.001955135756168979,0.0013685950293182854,0.002932703634253469,0.005865407268506938,0.012354261279318284,0.009617071220681712,0.013918369884253467,0.008052962615746529,0.016851073518506936,0.00512025898149306,1,0,0,0,0,0,0
2024-01-27 02:00:00,0.00823091,0.010886881666666666,0.002033692990745091,0.0014235850935215638,0.0030505394861176367,0.006101078972235273,0.01231046676018823,0.009463296573145102,0.013937421152784303,0.007836342180549028,0.016987960638901938,0.004785802694431392,0,1,0,0,0,0,0
2024-01-27 03:00:00,0.00826507,0.010783334583333332,0.002103038709645953,0.001472127096752167,0.0031545580644689293,0.006309116128937859,0.012255461680085499,0.009311207486581164,0.01393789264780226,0.007628776518864402,0.01709245071227119,0.004474218454395473,0,1,0,0,0,0,0
2024-01-27 04:00:00,0.00833505,0.010668926249999997,0.002160064323764067,0.0015120450266348467,0.0032400964856461,0.0064801929712922,0.012180971276634844,0.00915688122336515,0.013909022735646096,0.007428829764353897,0.017149119221292197,0.0041887332787077965,0,1,0,0,0,0,0
2024-01-27 05:00:00,0.00821398,0.01055337375,0.0022157555549642324,0.0015510288884749625,0.0033236333324463485,0.006647266664892697,0.012104402638474962,0.009002344861525036,0.013877007082446349,0.007229740417553651,0.017200640414892696,0.003906107085107302,0,1,0,0,0,0,0
2024-01-27 06:00:00,0.00807595,0.010438988749999998,0.0022714873526149446,0.0015900411468304611,0.0034072310289224167,0.006814462057844833,0.012029029896830459,0.008848947603169536,0.013846219778922414,0.007031757721077581,0.01725345080784483,0.0036245266921551642,0,1,0,0,0,0,0
2024-01-27 07:00:00,0.00803376,0.010327176666666665,0.0023226644150174595,0.0016258650905122216,0.003483996622526189,0.006967993245052378,0.011953041757178887,0.008701311576154443,0.013811173289192853,0.006843180044140476,0.017295169911719043,0.003359183421614287,0,1,0,0,0,0,0
2024-01-27 08:00:00,0.00709017,0.010267068333333332,0.0023888446747614696,0.0016721912723330287,0.003583267012142204,0.007166534024284408,0.011939259605666361,0.008594877061000303,0.013850335345475535,0.006683801321191128,0.01743360235761774,0.003100534309048924,0,1,0,0,0,0,0
2024-01-27 09:00:00,0.00716542,0.010180364166666666,0.002464082744643828,0.0017248579212506797,0.003696124116965742,0.007392248233931484,0.011905222087917345,0.008455506245415986,0.013876488283632409,0.0064842400497009236,0.01757261240059815,0.0027881159327351815,0,1,0,0,0,0,0
2024-01-27 10:00:00,0.00733326,0.010074868333333332,0.002531443395919599,0.0017720103771437193,0.003797165093879399,0.007594330187758798,0.011846878710477052,0.008302857956189612,0.013872033427212731,0.006277703239453933,0.017669198521092132,0.002480538145574534,0,1,0,0,0,0,0
2024-01-27 11:00:00,0.00767217,0.009977798749999997,0.0025785926089081615,0.0018050148262357128,0.0038678889133622425,0.007735777826724485,0.01178281357623571,0.008172783923764285,0.013845687663362239,0.006109909836637755,0.017713576576724482,0.0022420209232755124,0,1,0,0,0,0,0
2024-01-27 12:00:00,0.00581358,0.009805641249999998,0.002715163258703144,0.0019006142810922006,0.004072744888054716,0.008145489776109432,0.011706255531092198,0.007905026968907799,0.013878386138054715,0.005732896361945282,0.01795113102610943,0.001660151473890566,0,1,0,0,0,0,0
2024-01-27 13:00:00,0.00598564,0.009644471666666665,0.002824775856498716,0.001977343099549101,0.004237163784748074,0.008474327569496148,0.011621814766215766,0.0076671285671175635,0.013881635451414739,0.00540730788191859,0.018118799236162813,0.0011701440971705161,0,1,0,0,0,0,0
2024-01-27 14:00:00,0.00629085,0.009500437916666665,0.002906241273768653,0.002034368891638057,0.004359361910652979,0.008718723821305958,0.011534806808304722,0.007466069025028608,0.013859799827319644,0.005141076006013686,0.018219161737972625,0.0007817140953607065,0,1,0,0,0,0,0
2024-01-27 15:00:00,0.00635932,0.009359227083333333,0.002975187654688857,0.0020826313582822,0.0044627814820332855,0.008925562964066571,0.011441858441615533,0.007276595725051132,0.013822008565366618,0.004896445601300047,0.018284790047399906,0.00043366411926676167,0,1,0,0,0,0,0
2024-01-27 16:00:00,0.00425117,0.0089704475,0.0030088558877164303,0.002106199121401501,0.004513283831574646,0.009026567663149292,0.0110766466214015,0.006864248378598498,0.013483731331574645,0.004457163668425353,0.01799701516314929,-5.612016314929247e-05,1,0,0,0,0,0,0
2024-01-27 17:00:00,0.00495378,0.008616444166666666,0.002958295316564625,0.0020708067215952372,0.004437442974846937,0.008874885949693875,0.010687250888261904,0.0065456374450714285,0.013053887141513603,0.004179001191819728,0.01749133011636054,-0.0002584417830272089,0,1,0,0,0,0,0
2024-01-27 18:00:00,0.00553284,0.008256591666666665,0.0027729384208103267,0.0019410568945672285,0.00415940763121549,0.00831881526243098,0.010197648561233893,0.006315534772099437,0.012415999297882155,0.004097184035451175,0.016575406929097647,-6.222359576431476e-05,0,1,0,0,0,0,0
2024-01-27 19:00:00,0.00598155,0.007946300833333333,0.0025789065006585096,0.0018052345504609565,0.003868359750987764,0.007736719501975528,0.00975153538379429,0.006141066282872376,0.011814660584321096,0.004077941082345569,0.015683020335308863,0.0002095813313578044,0,1,0,0,0,0,0
2024-01-27 20:00:00,0.00776831,0.007725824166666666,0.002337642163115119,0.0016363495141805834,0.0035064632446726784,0.007012926489345357,0.00936217368084725,0.006089474652486083,0.011232287411339345,0.004219360921993987,0.014738750656012023,0.0007128976773213089,0,0,0,0,1,0,0
2024-01-27 21:00:00,0.00791297,0.007508022499999999,0.0020351912454784475,0.001424633871834913,0.0030527868682176714,0.006105573736435343,0.008932656371834912,0.006083388628165086,0.01056080936821767,0.004455235631782328,0.013613596236435342,0.0014024487635646565,0,0,0,0,1,0,0
2024-01-27 22:00:00,0.00787054,0.007293377916666666,0.0016666512113452181,0.0011666558479416526,0.002499976817017827,0.004999953634035654,0.00846003376460832,0.006126722068725014,0.009793354733684494,0.004793401099648839,0.012293331550702322,0.002293424282631012,0,0,0,0,1,0,0
2024-01-27 23:00:00,0.00767421,0.007072563749999999,0.001153367405322204,0.0008073571837255427,0.001730051107983306,0.003460102215966612,0.007879920933725542,0.006265206566274457,0.008802614857983304,0.005342512642016693,0.01053266596596661,0.0036124615340333874,0,0,0,0,1,0,0
2024-01-28 00:00:00,0.00127397,0.006826856249999999,0.0016518892209169006,0.0011563224546418303,0.002477833831375351,0.004955667662750702,0.00798317870464183,0.005670533795358168,0.00930469008137535,0.004349022418624648,0.011782523912750701,0.0018711885872492971,1,0,0,0,0,0,0
2024-01-28 01:00:00,0.00191585,0.006583346666666666,0.0019177083670694134,0.0013423958569485893,0.00287656255060412,0.00575312510120824,0.007925742523615255,0.005240950809718077,0.009459909217270785,0.0037067841160625457,0.012336471767874906,0.0008302215654584257,1,0,0,0,0,0,0
2024-01-28 02:00:00,0.00331075,0.00637834,0.001995338940045374,0.0013967372580317619,0.0029930084100680612,0.0059860168201361225,0.007775077258031762,0.004981602741968238,0.009371348410068061,0.0033853315899319385,0.012364356820136122,0.00039232317986387724,1,0,0,0,0,0,0
2024-01-28 03:00:00,0.00355978,0.0061822862499999985,0.002032707797833431,0.0014228954584834018,0.0030490616967501468,0.0060981233935002935,0.0076051817084834,0.004759390791516597,0.009231347946750144,0.0031332245532498517,0.012280409643500292,8.416285649970497e-05,0,1,0,0,0,0,0
2024-01-28 04:00:00,0.00336041,0.005975009583333332,0.0020571317073464126,0.0014399921951424887,0.003085697561019619,0.006171395122039238,0.007415001778475821,0.004535017388190843,0.009060707144352951,0.002889312022313713,0.012146404705372569,-0.00019638553870590571,0,1,0,0,0,0,0
2024-01-28 05:00:00,0.00475858,0.005831034583333332,0.002014085303243026,0.001409859712270118,0.0030211279548645388,0.0060422559097290775,0.00724089429560345,0.004421174871063214,0.00885216253819787,0.002809906628468793,0.011873290493062408,-0.00021122132639574565,0,0,1,0,0,0,0
2024-01-28 06:00:00,0.00479528,0.005694339999999999,0.001965850889024618,0.0013760956223172326,0.0029487763335369274,0.005897552667073855,0.0070704356223172315,0.004318244377682767,0.008643116333536927,0.0027455636664630717,0.011591892667073854,-0.0002032126670738557,0,0,1,0,0,0,0
2024-01-28 07:00:00,0.00442384,0.0055439266666666666,0.001916557236347963,0.001341590065443574,0.0028748358545219446,0.005749671709043889,0.006885516732110241,0.004202336601223092,0.008418762521188611,0.002669090812144722,0.011293598375710555,-0.00020574504237722262,0,0,1,0,0,0,0
2024-01-28 08:00:00,0.0033043,0.005386182083333332,0.0019394224420307853,0.0013575957094215496,0.0029091336630461782,0.0058182673260923565,0.006743777792754882,0.004028586373911782,0.008295315746379511,0.002477048420287154,0.01120444940942569,-0.0004320852427590243,0,1,0,0,0,0,0
2024-01-28 09:00:00,0.00458229,0.005278551666666666,0.0019078077329791829,0.001335465413085428,0.0028617115994687744,0.005723423198937549,0.006614017079752094,0.003943086253581238,0.00814026326613544,0.0024168400671978913,0.011001974865604214,-0.0004448715322708831,0,0,1,0,0,0,0
2024-01-28 10:00:00,0.00480154,0.005173063333333333,0.0018586161849747157,0.0013010313294823008,0.0027879242774620735,0.005575848554924147,0.006474094662815634,0.0038720320038510316,0.007960987610795407,0.002385139055871259,0.01074891188825748,-0.0004027852215908144,0,0,1,0,0,0,0
2024-01-28 11:00:00,0.00486194,0.0050559704166666655,0.0017812385822683593,0.0012468670075878514,0.002671857873402539,0.005343715746805078,0.006302837424254517,0.003809103409078814,0.007727828290069204,0.0023841125432641267,0.010399686163471743,-0.0002877453301384121,0,0,1,0,0,0,0
2024-01-28 12:00:00,0.00607159,0.005066720833333332,0.0017867798037421538,0.0012507458626195077,0.0026801697056132306,0.005360339411226461,0.0063174666959528395,0.0038159749707138246,0.007746890538946563,0.0023865511277201016,0.010427060244559794,-0.000293618577893129,0,0,0,0,1,0,0
2024-01-28 13:00:00,0.00650623,0.005088412083333332,0.0018015195216769453,0.0012610636651738615,0.002702279282515418,0.005404558565030836,0.006349475748507194,0.0038273484181594705,0.0077906913658487495,0.002386132800817914,0.010492970648364169,-0.0003161464816975037,0,0,0,0,0,1,0
2024-01-28 14:00:00,0.00695448,0.005116063333333332,0.0018257085798664035,0.0012779960059064823,0.002738562869799605,0.00547712573959921,0.006394059339239814,0.0038380673274268497,0.007854626203132938,0.002377500463533727,0.010593189072932541,-0.00036106240626587825,0,0,0,0,0,1,0
2024-01-28 15:00:00,0.00704351,0.0051445712499999996,0.0018511304479188135,0.0012957913135431694,0.00277669567187822,0.00555339134375644,0.0064403625635431686,0.00384877993645683,0.00792126692187822,0.0023678755781217794,0.01069796259375644,-0.0004088200937564408,0,0,0,0,0,1,0
2024-01-28 16:00:00,0.01057809,0.005408192916666665,0.0021454783345010785,0.0015018348341507548,0.0032182175017516175,0.006436435003503235,0.00691002775081742,0.00390635808251591,0.008626410418418284,0.002189975414915048,0.0118446279201699,-0.0010282420868365696,0,0,0,0,0,0,1
2024-01-28 17:00:00,0.01045752,0.005637515416666666,0.0023764959499888677,0.0016635471649922072,0.0035647439249833013,0.007129487849966603,0.007301062581658873,0.003973968251674459,0.009202259341649966,0.0020727714916833643,0.012767003266633268,-0.001491972433299937,0,0,0,0,0,0,1
2024-01-28 18:00:00,0.01039166,0.005839966249999998,0.002566550049703639,0.0017965850347925472,0.0038498250745554585,0.007699650149110917,0.0076365512847925456,0.004043381215207451,0.009689791324555457,0.00199014117544454,0.013539616399110915,-0.0018596838991109185,0,0,0,0,0,0,1
2024-01-28 19:00:00,0.01036132,0.006022456666666665,0.002727703671491323,0.0019093925700439261,0.004091555507236985,0.00818311101447397,0.007931849236710592,0.004113064096622739,0.01011401217390365,0.00193090115942968,0.014205567681140636,-0.0021606543478073052,0,0,0,0,0,0,1
2024-01-28 20:00:00,0.01093787,0.006154521666666665,0.00288792948834753,0.002021550641843271,0.004331894232521295,0.00866378846504259,0.008176072308509936,0.004132971024823394,0.01048641589918796,0.00182262743414537,0.014818310131709256,-0.002509266798375925,0,0,0,0,0,0,1
2024-01-28 21:00:00,0.01088472,0.006278344583333332,0.0030269643981862947,0.002118875078730406,0.004540446597279442,0.009080893194558884,0.008397219662063738,0.004159469504602926,0.010818791180612774,0.00173789798605389,0.015359237777892217,-0.002802548611225552,0,0,0,0,0,0,1
2024-01-28 22:00:00,0.01086328,0.006403042083333332,0.003154370116241137,0.002208059081368796,0.004731555174361706,0.009463110348723412,0.008611101164702128,0.0041949830019645355,0.011134597257695038,0.001671486908971626,0.015866152432056742,-0.0030600682653900797,0,0,0,0,0,1,0
2024-01-28 23:00:00,0.0108991,0.006537412499999999,0.0032771707588423547,0.0022940195311896483,0.004915756138263532,0.009831512276527064,0.008831432031189648,0.004243392968810351,0.011453168638263532,0.0016216563617364671,0.016368924776527065,-0.003294099776527065,0,0,0,0,0,1,0
2024-01-29 00:00:00,0.00714286,0.006781949583333332,0.0030804014890884845,0.002156281042361939,0.004620602233632727,0.009241204467265453,0.008938230625695272,0.004625668540971393,0.011402551816966058,0.0021613473497006054,0.016023154050598787,-0.002459254883932121,0,0,0,0,1,0,0
2024-01-29 01:00:00,0.00710892,0.006998327499999998,0.002900887461752083,0.002030621223226458,0.004351331192628125,0.00870266238525625,0.009028948723226456,0.00496770627677354,0.011349658692628124,0.002646996307371873,0.01570098988525625,-0.001704334885256252,0,0,0,0,1,0,0
2024-01-29 02:00:00,0.00715757,0.007158611666666665,0.002792528475037126,0.001954769932525988,0.004188792712555688,0.008377585425111377,0.009113381599192654,0.005203841734140677,0.011347404379222353,0.002969818954110977,0.015536197091778042,-0.0012189737584447115,0,0,1,0,0,0,0
2024-01-29 03:00:00,0.00725863,0.0073127304166666655,0.0026852844047666217,0.001879699083336635,0.004027926607149932,0.008055853214299864,0.009192429500003301,0.005433031333330031,0.011340657023816599,0.0032848038095167334,0.01536858363096653,-0.0007431227976331988,0,0,1,0,0,0,0
2024-01-29 04:00:00,0.00724655,0.007474652916666665,0.0025503758747742722,0.0017852631123419904,0.003825563812161408,0.007651127624322816,0.009259916029008657,0.005689389804324675,0.011300216728828073,0.003649089104505257,0.01512578054098948,-0.00017647470765615094,0,0,1,0,0,0,0
2024-01-29 05:00:00,0.00703015,0.007569301666666666,0.0024865474829460416,0.001740583238062229,0.0037298212244190627,0.007459642448838125,0.009309884904728895,0.005828718428604437,0.011299122891085728,0.0038394804422476033,0.015028944115504792,0.0001096592178285406,0,0,1,0,0,0,0
2024-01-29 06:00:00,0.00701226,0.007661675833333333,0.002419283314510559,0.0016934983201573911,0.0036289249717658383,0.007257849943531677,0.009355174153490724,0.005968177513175942,0.011290600805099171,0.004032750861567494,0.01491952577686501,0.000403825889801656,0,0,1,0,0,0,0
2024-01-29 07:00:00,0.00719058,0.007776956666666665,0.002322263033193392,0.0016255841232353742,0.0034833945497900875,0.006966789099580175,0.009402540789902039,0.006151372543431291,0.011260351216456754,0.004293562116876578,0.01474374576624684,0.0008101675670864903,0,0,1,0,0,0,0
2024-01-29 08:00:00,0.01043711,0.008074157083333333,0.0021768416759319065,0.0015237891731523345,0.0032652625138978597,0.006530525027795719,0.009597946256485667,0.006550367910180999,0.011339419597231193,0.004808894569435474,0.014604682111129053,0.001543632055537614,0,0,0,0,0,1,0
2024-01-29 09:00:00,0.01071684,0.008329763333333332,0.002108072689089331,0.0014756508823625316,0.0031621090336339964,0.006324218067267993,0.009805414215695864,0.0068541124509708005,0.011491872366967328,0.0051676542996993355,0.014653981400601325,0.002005545266065339,0,0,0,0,0,1,0
2024-01-29 10:00:00,0.01086613,0.008582454583333331,0.0020287461086485347,0.0014201222760539742,0.0030431191629728023,0.006086238325945605,0.010002576859387305,0.007162332307279357,0.011625573746306133,0.005539335420360529,0.014668692909278936,0.0024962162573877265,0,0,0,0,0,1,0
2024-01-29 11:00:00,0.0108064,0.008830140416666665,0.0019144189004806152,0.0013400932303364306,0.002871628350720923,0.005743256701441846,0.010170233647003096,0.007490047186330234,0.011701768767387589,0.005958512065945742,0.014573397118108511,0.003086883715224819,0,0,0,0,0,1,0
2024-01-29 12:00:00,0.01086987,0.00903006875,0.0018636870650554672,0.001304580945538827,0.002795530597583201,0.005591061195166402,0.010334649695538827,0.007725487804461173,0.011825599347583201,0.006234538152416799,0.014621129945166402,0.0034390075548335983,0,0,0,0,0,1,0
2024-01-29 13:00:00,0.01106868,0.009220170833333333,0.0018273932550872977,0.0012791752785611082,0.0027410898826309466,0.005482179765261893,0.010499346111894441,0.007940995554772224,0.011961260715964279,0.0064790809507023865,0.014702350598595225,0.0037379910680714395,0,0,0,0,0,1,0
2024-01-29 14:00:00,0.01128236,0.009400499166666666,0.0018075235318762385,0.001265266472313367,0.0027112852978143577,0.0054225705956287154,0.010665765638980033,0.0081352326943533,0.012111784464481024,0.006689213868852309,0.01482306976229538,0.003977928571037951,0,0,0,0,0,1,0
2024-01-29 15:00:00,0.01134425,0.009579696666666667,0.0017766154661472803,0.0012436308263030962,0.0026649231992209206,0.005329846398441841,0.010823327492969763,0.00833606584036357,0.012244619865887587,0.006914773467445746,0.014909543065108508,0.0042498502682248255,0,0,0,0,0,1,0
2024-01-29 16:00:00,0.00889857,0.009509716666666666,0.0017686392375905924,0.0012380474663134147,0.002652958856385889,0.005305917712771778,0.01074776413298008,0.008271669200353252,0.012162675523052554,0.006856757810280777,0.014815634379438444,0.004203798953894888,0,0,1,0,0,0,0
2024-01-29 17:00:00,0.0084172,0.009424703333333333,0.001770135789646806,0.0012390950527527641,0.002655203684470209,0.005310407368940418,0.010663798386086097,0.008185608280580568,0.01207990701780354,0.006769499648863124,0.01473511070227375,0.004114295964392915,0,0,1,0,0,0,0
2024-01-29 18:00:00,0.00846761,0.009344534583333333,0.0017680071093108926,0.0012376049765176248,0.002652010663966339,0.005304021327932678,0.010582139559850958,0.008106929606815708,0.011996545247299671,0.006692523919366994,0.014648555911266011,0.0040405132554006545,0,0,1,0,0,0,0
2024-01-29 19:00:00,0.00924822,0.009298155416666665,0.0017547244234550098,0.0012283070964185067,0.0026320866351825147,0.0052641732703650294,0.010526462513085172,0.008069848320248159,0.01193024205184918,0.006666068781484151,0.014562328687031695,0.004033982146301636,0,0,1,0,0,0,0
2024-01-29 20:00:00,0.00921737,0.009226467916666667,0.0017196164066341012,0.0012037314846438708,0.0025794246099511515,0.005158849219902303,0.010430199401310538,0.008022736432022795,0.011805892526617817,0.006647043306715515,0.01438531713656897,0.0040676186967643635,0,0,1,0,0,0,0
2024-01-29 21:00:00,0.00905152,0.009150084583333332,0.0016830825027208819,0.0011781577519046173,0.0025246237540813227,0.005049247508162645,0.01032824233523795,0.007971926831428715,0.011674708337414654,0.00662546082925201,0.014199332091495978,0.004100837075170687,0,0,1,0,0,0,0
2024-01-29 22:00:00,0.00891446,0.009068883749999998,0.0016433776055636443,0.001150364323894551,0.0024650664083454665,0.004930132816690933,0.010219248073894549,0.007918519426105447,0.011533950158345465,0.006603817341654531,0.01399901656669093,0.004138750933309065,0,0,1,0,0,0,0
2024-01-29 23:00:00,0.00897425,0.008988681666666666,0.0015964737773079946,0.001117531644115596,0.0023947106659619917,0.004789421331923983,0.010106213310782262,0.00787115002255107,0.011383392332628658,0.006593971000704675,0.01377810299859065,0.004199260334742683,0,0,1,0,0,0,0
2024-01-30 00:00:00,0.00918563,0.009073797083333333,0.0015474890713767302,0.001083242349963711,0.0023212336070650955,0.004642467214130191,0.010157039433297044,0.007990554733369622,0.011395030690398428,0.006752563476268238,0.013716264297463525,0.004431329869203142,0,0,0,0,1,0,0
2024-01-30 01:00:00,0.00922848,0.009162112083333332,0.001489887823460418,0.0010429214764222925,0.0022348317351906268,0.0044696634703812535,0.010205033559755624,0.008119190606911039,0.011396943818523958,0.006927280348142705,0.013631775553714585,0.004692448612952078,0,0,0,0,1,0,0
2024-01-30 02:00:00,0.00940786,0.009255874166666666,0.001427765400678041,0.0009994357804746286,0.0021416481010170614,0.004283296202034123,0.010255309947141295,0.008256438386192036,0.011397522267683726,0.007114226065649604,0.013539170368700788,0.004972577964632543,0,0,0,0,1,0,0
2024-01-30 03:00:00,0.00956643,0.0093520325,0.0013636805913194738,0.0009545764139236315,0.002045520886979211,0.004091041773958422,0.010306608913923631,0.008397456086076368,0.01139755338697921,0.0073065116130207886,0.013443074273958421,0.005260990726041578,0,0,0,0,1,0,0
2024-01-30 06:00:00,0.0102936,0.009702428181818181,0.0011053569026623431,0.0007737498318636402,0.0016580353539935146,0.003316070707987029,0.01047617801368182,0.008928678349954542,0.011360463535811695,0.008044392827824667,0.01301849888980521,0.006386357473831152,0,0,0,0,1,0,0
2024-01-30 07:00:00,0.01023716,0.00984090909090909,0.0009565004465282398,0.0006695503125697678,0.0014347506697923599,0.0028695013395847197,0.010510459403478858,0.009171358778339321,0.01127565976070145,0.008406158421116729,0.012710410430493809,0.00697140775132437,0,0,0,0,1,0,0
2024-01-30 08:00:00,0.01199367,0.009911661818181816,0.001055181057154431,0.0007386267400081017,0.0015827715857316465,0.003165543171463293,0.010650288558189919,0.009173035078173714,0.011494433403913464,0.008328890232450169,0.01307720498964511,0.006746118646718523,0,0,0,0,0,0,1
2024-01-30 09:00:00,0.0118322,0.00996236,0.0011204836670406257,0.0007843385669284379,0.0016807255005609385,0.003361451001121877,0.010746698566928437,0.009178021433071563,0.011643085500560939,0.00828163449943906,0.013323811001121877,0.006600908998878123,0,0,0,0,0,0,1
2024-01-30 10:00:00,0.01176629,0.010003276363636363,0.0011703822852935889,0.0008192675997055122,0.0017555734279403833,0.0035111468558807666,0.010822543963341875,0.00918400876393085,0.011758849791576745,0.00824770293569598,0.01351442321951713,0.0064921295077555955,0,0,0,0,0,0,1
2024-01-30 11:00:00,0.01196099,0.010055757727272725,0.0012323560326886643,0.000862649222882065,0.0018485340490329964,0.003697068098065993,0.01091840695015479,0.00919310850439066,0.011904291776305722,0.008207223678239728,0.013752825825338717,0.0063586896292067326,0,0,0,0,0,0,1
2024-01-30 12:00:00,0.01153862,0.010086155454545453,0.0012613013397837515,0.000882910937848626,0.0018919520096756272,0.0037839040193512544,0.010969066392394079,0.009203244516696827,0.01197810746422108,0.008194203444869826,0.013870059473896707,0.006302251435194198,0,0,0,0,0,1,0
2024-01-30 13:00:00,0.01078889,0.010073437727272726,0.0012523012251848113,0.0008766108576293678,0.001878451837777217,0.003756903675554434,0.010950048584902094,0.009196826869643357,0.011951889565049943,0.008194985889495509,0.01383034140282716,0.0063165340517182915,0,0,0,0,1,0,0
2024-01-30 14:00:00,0.01003552,0.010016763181818182,0.0012228519774316428,0.00085599638420215,0.0018342779661474642,0.0036685559322949283,0.010872759566020332,0.009160766797616031,0.011851041147965646,0.008182485215670717,0.01368531911411311,0.006348207249523253,0,0,0,0,1,0,0
2024-01-30 15:00:00,0.00945222,0.009930761818181817,0.0011911674290481413,0.0008338172003336989,0.001786751143572212,0.003573502287144424,0.010764579018515515,0.009096944617848119,0.01171751296175403,0.008144010674609604,0.013504264105326241,0.006357259531037393,0,0,1,0,0,0,0
2024-01-30 16:00:00,0.00610103,0.009803600909090908,0.0014316518073055017,0.0010021562651138512,0.0021474777109582524,0.004294955421916505,0.01080575717420476,0.008801444643977056,0.01195107862004916,0.007656123198132655,0.014098556331007412,0.005508645487174403,1,0,0,0,0,0,0
2024-01-30 17:00:00,0.00670014,0.009725552727272725,0.001552532701396842,0.0010867728909777893,0.002328799052095263,0.004657598104190526,0.010812325618250514,0.008638779836294935,0.012054351779367988,0.0073967536751774615,0.01438315083146325,0.005067954623082199,1,0,0,0,0,0,0
2024-01-30 18:00:00,0.00613788,0.009619655909090908,0.001713528499154858,0.0011994699494084005,0.002570292748732287,0.005140585497464574,0.010819125858499309,0.008420185959682507,0.012189948657823194,0.007049363160358621,0.014760241406555482,0.004479070411626334,1,0,0,0,0,0,0
2024-01-30 19:00:00,0.00534205,0.009442102727272726,0.0019411112800518976,0.0013587778960363283,0.0029116669200778466,0.005823333840155693,0.010800880623309054,0.008083324831236397,0.012353769647350573,0.006530435807194879,0.015265436567428419,0.0036187688871170322,1,0,0,0,0,0,0
2024-01-30 20:00:00,0.00164284,0.009097805909090907,0.002556935300450947,0.0017898547103156626,0.0038354029506764203,0.007670805901352841,0.01088766061940657,0.0073079511987752446,0.012933208859767328,0.005262402958414487,0.01676861181044375,0.0014270000077380666,1,0,0,0,0,0,0
2024-01-30 21:00:00,0.00149606,0.008754375909090907,0.0030275395290387586,0.0021192776703271307,0.004541309293558138,0.009082618587116276,0.010873653579418038,0.006635098238763776,0.013295685202649045,0.0042130666155327685,0.01783699449620718,-0.00032824267802536965,1,0,0,0,0,0,0
2024-01-30 22:00:00,0.00151452,0.008418015,0.0033973851550045853,0.0023781696085032095,0.005096077732506878,0.010192155465013756,0.010796184608503208,0.00603984539149679,0.013514092732506876,0.003321937267493121,0.018610170465013755,-0.001774140465013757,1,0,0,0,0,0,0
2024-01-30 23:00:00,0.00151818,0.008079102727272726,0.0036978637059475274,0.002588504594163269,0.005546795558921291,0.011093591117842583,0.010667607321435995,0.005490598133109457,0.013625898286194017,0.0025323071683514345,0.01917269384511531,-0.003014488390569857,1,0,0,0,0,0,0
2024-01-31 00:00:00,0.00128592,0.0077200249999999975,0.003959584121927083,0.002771708885348958,0.005939376182890625,0.01187875236578125,0.010491733885348955,0.00494831611465104,0.013659401182890623,0.0017806488171093725,0.019598777365781247,-0.004158727365781253,1,0,0,0,0,0,0
2024-01-31 01:00:00,0.00151235,0.0073692918181818175,0.004156451808610531,0.0029095162660273716,0.006234677712915797,0.012469355425831594,0.010278808084209189,0.004459775552154446,0.013603969531097614,0.0011346141052660207,0.01983864724401341,-0.005100063607649776,0,1,0,0,0,0,0
2024-01-31 02:00:00,0.00217786,0.007040655454545453,0.004271818434952252,0.0029902729044665763,0.006407727652428379,0.012815455304856758,0.01003092835901203,0.0040503825500788765,0.013448383106973832,0.0006329278021170743,0.01985611075940221,-0.005774799850311305,0,1,0,0,0,0,0
2024-01-31 03:00:00,0.00273149,0.006729976363636362,0.004327558337642716,0.0030292908363499012,0.0064913375064640745,0.012982675012928149,0.009759267199986262,0.0037006855272864606,0.013221313870100436,0.00023863885717228736,0.01971265137656451,-0.006252698649291787,0,1,0,0,0,0,0
2024-01-31 04:00:00,0.00234315,0.0065392447826086945,0.004325876283779162,0.003028113398645413,0.006488814425668742,0.012977628851337485,0.009567358181254107,0.0035111313839632815,0.013028059208277437,5.043035693995217e-05,0.019516873633946177,-0.00643838406872879,0,1,0,0,0,0,0
2024-01-31 05:00:00,0.00257895,0.006374232499999999,0.004307329250090013,0.0030151304750630093,0.00646099387513502,0.01292198775027004,0.009389362975063008,0.00335910202493699,0.012835226375135018,-8.676137513502057e-05,0.01929622025027004,-0.0065477552502700405,0,1,0,0,0,0,0
2024-01-31 06:00:00,0.00293471,0.006067612083333332,0.0042780199030454024,0.0029946139321317816,0.006417029854568103,0.012834059709136206,0.009062226015465115,0.003072998151201551,0.012484641937901435,-0.0003494177712347708,0.01890167179246954,-0.006766447625802874,0,1,0,0,0,0,0
2024-01-31 07:00:00,0.00331973,0.005779385833333332,0.00421748632066851,0.002952240424467957,0.0063262294810027654,0.012652458962005531,0.008731626257801288,0.002827145408865375,0.012105615314336097,-0.0005468436476694337,0.018431844795338864,-0.006873073128672199,0,0,1,0,0,0,0
2024-01-31 08:00:00,0.00514667,0.005494094166666665,0.00400507829525379,0.002803554806677653,0.006007617442880685,0.01201523488576137,0.008297648973344318,0.0026905393599890126,0.011501711609547351,-0.0005135232762140196,0.017509329052428035,-0.006521140719094705,0,0,1,0,0,0,0
2024-01-31 09:00:00,0.0054728,0.005229119166666665,0.0037710498212359216,0.002639734874865145,0.005656574731853882,0.011313149463707765,0.00786885404153181,0.0025893842918015197,0.010885693898520548,-0.00042745556518721754,0.01654226863037443,-0.0060840302970411,0,0,0,0,1,0,0
2024-01-31 10:00:00,0.00555168,0.004970177083333332,0.003506757478343487,0.0024547302348404405,0.00526013621751523,0.01052027243503046,0.007424907318173772,0.002515446848492891,0.010230313300848563,-0.00028995913418189845,0.015490449518363793,-0.005550095351697129,0,0,0,0,1,0,0
2024-01-31 11:00:00,0.00541277,0.004697334583333332,0.003178574980223838,0.0022250024861566863,0.004767862470335757,0.009535724940671514,0.0069223370694900185,0.002472332097176646,0.009465197053669088,-7.052788700242455e-05,0.014233059524004846,-0.004838390357338181,0,0,0,0,1,0,0
2024-01-31 12:00:00,0.00873675,0.004580589999999999,0.0029603420955606878,0.0020722394668924813,0.004440513143341032,0.008881026286682064,0.00665282946689248,0.0025083505331075177,0.00902110314334103,0.00014007685665896712,0.013461616286682063,-0.004300436286682065,0,0,0,0,0,1,0
2024-01-31 13:00:00,0.00853491,0.004486674166666665,0.0027854072825726586,0.0019497850978008608,0.004178110923858988,0.008356221847717976,0.006436459264467526,0.002536889068865804,0.008664785090525654,0.00030856324280767716,0.012842896014384642,-0.003869547681051311,0,0,0,0,0,1,0
2024-01-31 14:00:00,0.00830614,0.004414616666666666,0.0026549328179181508,0.0018584529725427055,0.003982399226877226,0.007964798453754453,0.006273069639209371,0.0025561636941239608,0.008397015893543892,0.0004322174397894396,0.012379415120421119,-0.003550181787087787,0,0,0,0,0,1,0
2024-01-31 15:00:00,0.00803438,0.004355539999999999,0.002551732984365038,0.0017862130890555264,0.0038275994765475567,0.0076551989530951135,0.006141753089055525,0.0025693269109444724,0.008183139476547556,0.0005279405234524422,0.012010738953095113,-0.0032996589530951146,0,0,0,0,0,1,0
2024-01-31 16:00:00,0.00863636,0.004461178749999998,0.002676562555256939,0.001873593788679857,0.004014843832885409,0.008029687665770818,0.006334772538679856,0.002587584961320141,0.008476022582885406,0.0004463349171145896,0.012490866415770817,-0.003568508915770819,0,0,0,0,0,0,1
2024-01-31 17:00:00,0.00845016,0.004534096249999999,0.0027626634945219827,0.0019338644461653878,0.004143995241782974,0.008287990483565948,0.006467960696165387,0.0026002318038346106,0.008678091491782973,0.0003901010082170246,0.012822086733565947,-0.0037538942335659494,0,0,0,0,0,1,0
2024-01-31 18:00:00,0.00858643,0.004636119166666665,0.002867680464911471,0.0020073763254380293,0.004301520697367206,0.008603041394734412,0.006643495492104695,0.0026287428412286357,0.008937639864033871,0.00033459846929945886,0.013239160561401078,-0.003966922228067747,0,0,0,0,0,1,0
2024-01-31 19:00:00,0.00880609,0.004780454166666666,0.002989350190543827,0.002092545133380679,0.00448402528581574,0.00896805057163148,0.006872999300047344,0.002687909033285987,0.009264479452482405,0.0002964288808509257,0.013748504738298147,-0.004187596404964814,0,0,0,0,0,1,0
2024-01-31 20:00:00,0.00899143,0.0050866454166666655,0.0030300707106931625,0.0021210494974852135,0.004545106066039743,0.009090212132079487,0.007207694914151879,0.002965595919181452,0.009631751482706409,0.0005415393506269222,0.014176857548746152,-0.004003566715412821,0,0,0,0,0,1,0
2024-01-31 21:00:00,0.00911951,0.005404289166666665,0.0030368798893844655,0.0021258159225691258,0.004555319834076699,0.009110639668153397,0.007530105089235791,0.0032784732440975396,0.009959609000743365,0.0008489693325899666,0.014514928834820064,-0.003706350501486732,0,0,0,0,0,1,0
2024-01-31 22:00:00,0.00901185,0.005716677916666666,0.00300479918368144,0.002103359428577008,0.00450719877552216,0.00901439755104432,0.007820037345243674,0.003613318488089658,0.010223876692188827,0.001209479141144506,0.014731075467710986,-0.003297719634377654,0,0,0,0,0,1,0
2024-01-31 23:00:00,0.00889486,0.006024039583333332,0.002933086851670022,0.0020531607961690153,0.004399630277505033,0.008799260555010065,0.008077200379502348,0.003970878787164317,0.010423669860838366,0.0016244093058282996,0.014823300138343397,-0.002775220971676733,0,0,0,0,0,1,0
