datetime,sigai_output,rolling_mean,std,0.7std,1.5std,3std,upper_0.7std,lower_0.7std,upper_1.5std,lower_1.5std,upper_3std,lower_3std,SB,MB,WB,A,WS,MS,SS
2023-11-01 00:00:00,0.01546951,0.010259317916666665,0.0017379098826788974,0.0012165369178752281,0.002606864824018346,0.005213729648036692,0.011475854834541893,0.009042780998791437,0.01286618274068501,0.007652453092648319,0.015473047564703357,0.005045588268629973,0,0,0,0,0,0,1
2023-11-01 01:00:00,0.01423514,0.01035514125,0.0018909994361076216,0.001323699605275335,0.0028364991541614325,0.005672998308322865,0.011678840855275334,0.009031441644724665,0.013191640404161433,0.007518642095838567,0.016028139558322864,0.004682142941677135,0,0,0,0,0,0,1
2023-11-01 02:00:00,0.01448009,0.010469597499999999,0.0020541276577371046,0.001437889360415973,0.003081191486605657,0.006162382973211314,0.011907486860415971,0.009031708139584026,0.013550788986605656,0.007388406013394341,0.01663198047321131,0.004307214526788685,0,0,0,0,0,0,1
2023-11-01 03:00:00,0.01416371,0.010585964583333335,0.002182502152004492,0.0015277515064031444,0.0032737532280067384,0.006547506456013477,0.012113716089736479,0.00905821307693019,0.013859717811340072,0.007312211355326596,0.01713347103934681,0.004038458127319858,0,0,0,0,0,0,1
2023-11-01 04:00:00,0.01678272,0.010883089999999998,0.00251053780441909,0.0017573764630933629,0.003765806706628635,0.00753161341325727,0.012640466463093362,0.009125713536906634,0.014648896706628632,0.007117283293371363,0.018414703413257266,0.003351476586742728,0,0,0,0,0,0,1
2023-11-01 05:00:00,0.0164424,0.01117732875,0.0027309436875274803,0.001911660581269236,0.00409641553129122,0.00819283106258244,0.013088989331269237,0.009265668168730763,0.01527374428129122,0.00708091321870878,0.01937015981258244,0.0029844976874175595,0,0,0,0,0,0,1
2023-11-01 06:00:00,0.01581528,0.011459122499999997,0.0028485235736479732,0.001993966501553581,0.00427278536047196,0.00854557072094392,0.013453089001553578,0.009465155998446415,0.015731907860471957,0.007186337139528037,0.020004693220943916,0.002913551779056077,0,0,0,0,0,0,1
2023-11-01 07:00:00,0.01551707,0.01173725875,0.0029071420069685106,0.002034999404877957,0.004360713010452766,0.008721426020905532,0.013772258154877957,0.009702259345122043,0.016097971760452766,0.007376545739547234,0.02045868477090553,0.0030158327290944684,0,0,0,0,0,1,0
2023-11-01 08:00:00,0.01531495,0.012040392916666665,0.0028840393245743033,0.002018827527202012,0.004326058986861455,0.00865211797372291,0.014059220443868677,0.010021565389464653,0.01636645190352812,0.00771433392980521,0.020692510890389575,0.0033882749429437545,0,0,0,0,0,1,0
2023-11-01 09:00:00,0.0152768,0.012353958749999998,0.002805462580836202,0.0019638238065853414,0.004208193871254303,0.008416387742508606,0.01431778255658534,0.010390134943414656,0.0165621526212543,0.008145764878745694,0.020770346492508605,0.003937571007491392,0,0,0,0,0,1,0
2023-11-01 10:00:00,0.01517888,0.012661564583333331,0.002686209918926432,0.0018803469432485023,0.004029314878389648,0.008058629756779297,0.014541911526581833,0.01078121764008483,0.016690879461722978,0.008632249704943683,0.02072019434011263,0.004602934826554035,0,0,0,0,0,1,0
2023-11-01 11:00:00,0.01496639,0.012940213749999999,0.0025554871876700847,0.0017888410313690593,0.003833230781505127,0.007666461563010254,0.014729054781369058,0.01115137271863094,0.016773444531505127,0.00910698296849487,0.020606675313010255,0.0052737521869897445,0,0,0,0,0,1,0
2023-11-01 12:00:00,0.01192661,0.013063433749999999,0.0024235880550230247,0.0016965116385161173,0.003635382082534537,0.007270764165069074,0.014759945388516117,0.011366922111483881,0.016698815832534537,0.009428051667465461,0.020334197915069074,0.005792669584930925,0,0,1,0,0,0,0
2023-11-01 13:00:00,0.01238029,0.01318301375,0.0023087372487664284,0.0016161160741364998,0.0034631058731496426,0.006926211746299285,0.0147991298241365,0.0115668976758635,0.016646119623149644,0.009719907876850358,0.020109225496299284,0.006256802003700715,0,0,1,0,0,0,0
2023-11-01 14:00:00,0.01286579,0.013316870833333333,0.0021850014274015506,0.0015295009991810854,0.003277502141102326,0.006555004282204652,0.014846371832514417,0.011787369834152248,0.01659437297443566,0.010039368692231007,0.019871875115537986,0.006761866551128681,0,0,1,0,0,0,0
2023-11-01 15:00:00,0.01344625,0.013476226666666665,0.0020383324503124587,0.001426832715218721,0.003057498675468688,0.006114997350937376,0.014903059381885386,0.012049393951447945,0.016533725342135354,0.010418727991197977,0.01959122401760404,0.0073612293157292895,0,0,1,0,0,0,0
2023-11-01 16:00:00,0.01600386,0.013671792916666667,0.0020466306912293904,0.0014326414838605733,0.0030699460368440856,0.006139892073688171,0.01510443440052724,0.012239151432806093,0.016741738953510752,0.010601846879822581,0.019811684990354836,0.007531900842978495,0,0,0,0,0,1,0
2023-11-01 17:00:00,0.01552511,0.013829712916666667,0.002036890634050358,0.0014258234438352506,0.003055335951075537,0.006110671902151074,0.015255536360501918,0.012403889472831416,0.016885048867742204,0.01077437696559113,0.01994038481881774,0.007719041014515593,0,0,0,0,0,1,0
2023-11-01 18:00:00,0.01731634,0.014075884583333332,0.0020878923030736548,0.0014615246121515582,0.003131838454610482,0.006263676909220964,0.01553740919548489,0.012614359971181772,0.017207723037943812,0.010944046128722849,0.020339561492554295,0.007812207674112367,0,0,0,0,0,0,1
2023-11-01 19:00:00,0.01856706,0.014390133749999999,0.0021745259881273925,0.0015221681916891747,0.0032617889821910887,0.0065235779643821774,0.015912301941689175,0.012867965558310825,0.017651922732191086,0.01112834476780891,0.020913711714382176,0.007866555785617822,0,0,0,0,0,0,1
2023-11-01 20:00:00,0.01929267,0.014718019999999998,0.0022975419983727124,0.0016082793988608985,0.0034463129975590683,0.006892625995118137,0.016326299398860898,0.0131097406011391,0.01816433299755907,0.01127170700244093,0.021610645995118135,0.007825394004881862,0,0,0,0,0,0,1
2023-11-01 21:00:00,0.02111657,0.015146923333333333,0.0024914156366099153,0.0017439909456269406,0.003737123454914873,0.007474246909829746,0.016890914278960275,0.013402932387706392,0.018884046788248204,0.01140979987841846,0.02262117024316308,0.007672676423503587,0,0,0,0,0,0,1
2023-11-01 22:00:00,0.02201068,0.015619182083333334,0.002674663862153945,0.0018722647035077614,0.0040119957932309176,0.008023991586461835,0.017491446786841097,0.013746917379825573,0.01963117787656425,0.011607186290102416,0.023643173669795167,0.007595190496871499,0,0,0,0,0,0,1
2023-11-01 23:00:00,0.0221919,0.016095252916666667,0.0027877664351301525,0.0019514365045911067,0.0041816496526952286,0.008363299305390457,0.018046689421257773,0.014143816412075561,0.020276902569361897,0.011913603263971438,0.024458552222057124,0.00773195361127621,0,0,0,0,0,0,1
2023-11-02 00:00:00,0.02207687,0.016370559583333333,0.003038283965777246,0.002126798776044072,0.004557425948665869,0.009114851897331739,0.018497358359377405,0.014243760807289261,0.0209279855319992,0.011813133634667464,0.02548541148066507,0.007255707686001594,0,0,0,0,0,0,1
2023-11-02 01:00:00,0.02282868,0.01672862375,0.0032729933200727882,0.002291095324050952,0.004909489980109183,0.009818979960218365,0.019019719074050954,0.014437528425949048,0.021638113730109182,0.011819133769890819,0.026547603710218366,0.006909643789781636,0,0,0,0,0,0,1
2023-11-02 02:00:00,0.02411637,0.017130135416666668,0.003563345845097403,0.002494342091568182,0.005345018767646105,0.01069003753529221,0.01962447750823485,0.014635793325098486,0.02247515418431277,0.011785116649020563,0.027820172951958877,0.006440097881374458,0,0,0,0,0,0,1
2023-11-02 03:00:00,0.0259092,0.017619530833333334,0.003926305262357449,0.002748413683650214,0.005889457893536173,0.011778915787072346,0.02036794451698355,0.01487111714968312,0.023508988726869507,0.011730072939797161,0.02939844662040568,0.0058406150462609885,0,0,0,0,0,0,1
2023-11-02 04:00:00,0.03191273,0.018249947916666665,0.004883967349248897,0.0034187771444742273,0.007325951023873345,0.01465190204774669,0.02166872506114089,0.014831170772192438,0.02557589894054001,0.01092399689279332,0.03290184996441335,0.0035980458689199753,0,0,0,0,0,0,1
2023-11-02 05:00:00,0.03098223,0.01885577416666667,0.005511479401608497,0.003858035581125948,0.008267219102412746,0.016534438204825492,0.022713809747792617,0.01499773858554072,0.027122993269079416,0.010588555064253923,0.03539021237149216,0.002321335961841177,0,0,0,0,0,0,1
2023-11-02 06:00:00,0.03026722,0.01945793833333333,0.005937835099167795,0.004156484569417456,0.008906752648751693,0.017813505297503387,0.023614422902750787,0.015301453763915875,0.028364690982085022,0.010551185684581637,0.03727144363083672,0.0016444330358299439,0,0,0,0,0,0,1
2023-11-02 07:00:00,0.03009478,0.020065342916666666,0.006254350693875174,0.004378045485712622,0.00938152604081276,0.01876305208162552,0.024443388402379286,0.015687297430954046,0.029446868957479427,0.010683816875853906,0.03882839499829219,0.001302290835041145,0,0,0,0,0,0,1
2023-11-02 08:00:00,0.02555003,0.020491804583333332,0.006265292422161838,0.0043857046955132865,0.009397938633242757,0.018795877266485513,0.02487750927884662,0.016106099887820045,0.029889743216576087,0.011093865950090575,0.039287681849818845,0.0016959273168478187,0,0,0,0,0,1,0
2023-11-02 09:00:00,0.02788913,0.02101731833333333,0.006337382698651682,0.004436167889056177,0.009506074047977525,0.01901214809595505,0.025453486222389507,0.016581150444277153,0.030523392381310854,0.011511244285355805,0.04002946642928838,0.002005170237378281,0,0,0,0,0,1,0
2023-11-02 10:00:00,0.02765677,0.021537230416666664,0.006349403252573746,0.004444582276801621,0.009524104878860618,0.019048209757721236,0.025981812693468286,0.01709264813986504,0.031061335295527282,0.012013125537806046,0.0405854401743879,0.0024890206589454275,0,0,0,0,0,1,0
2023-11-02 11:00:00,0.02615806,0.02200355,0.006256128910161919,0.004379290237113343,0.009384193365242878,0.018768386730485757,0.026382840237113344,0.017624259762886656,0.03138774336524288,0.012619356634757122,0.04077193673048576,0.0032351632695142435,0,0,0,0,1,0,0
2023-11-02 12:00:00,0.02083789,0.022374853333333333,0.0058855226990239375,0.004119865889316756,0.008828284048535907,0.017656568097071813,0.02649471922265009,0.018254987444016577,0.03120313738186924,0.013546569284797427,0.04003142143040515,0.00471828523626152,0,0,1,0,0,0,0
2023-11-02 13:00:00,0.01953609,0.022673011666666663,0.005527557054446453,0.003869289938112517,0.00829133558166968,0.01658267116333936,0.02654230160477918,0.018803721728554147,0.03096434724833634,0.014381676084996983,0.03925568283000602,0.006090340503327303,0,0,1,0,0,0,0
2023-11-02 14:00:00,0.01780209,0.02287869083333333,0.005230630470631818,0.0036614413294422726,0.007845945705947727,0.015691891411895455,0.026540132162775603,0.019217249503891056,0.030724636539281057,0.015032745127385602,0.03857058224522879,0.007186799421437875,0,1,0,0,0,0,0
2023-11-02 15:00:00,0.01605583,0.02298742333333333,0.00505003285174978,0.003535022996224846,0.00757504927762467,0.01515009855524934,0.026522446329558177,0.01945240033710848,0.030562472610958,0.01541237405570866,0.03813752188858267,0.00783732477808399,0,1,0,0,0,0,0
2023-11-02 16:00:00,0.01211934,0.022825568333333334,0.005337649217998895,0.0037363544525992262,0.008006473826998341,0.016012947653996683,0.02656192278593256,0.019089213880734108,0.030832042160331675,0.014819094506334993,0.03883851598733001,0.006812620679336651,1,0,0,0,0,0,0
2023-11-02 17:00:00,0.01142895,0.022654894999999998,0.005638256719825668,0.003946779703877967,0.008457385079738502,0.016914770159477004,0.026601674703877965,0.01870811529612203,0.0311122800797385,0.014197509920261496,0.039569665159477005,0.005740124840522994,1,0,0,0,0,0,0
2023-11-02 18:00:00,0.01094384,0.022389374166666667,0.006036574040988554,0.004225601828691987,0.00905486106148283,0.01810972212296566,0.026614975995358656,0.018163772337974678,0.0314442352281495,0.013334513105183837,0.04049909628963233,0.0042796520437010065,1,0,0,0,0,0,0
2023-11-02 19:00:00,0.01060074,0.022057444166666666,0.006460053677368018,0.0045220375741576125,0.009690080516052028,0.019380161032104055,0.02657948174082428,0.017535406592509052,0.03174752468271869,0.012367363650614638,0.041437605198770724,0.00267728313456261,1,0,0,0,0,0,0
2023-11-02 20:00:00,0.00815664,0.021593442916666664,0.007041072050538967,0.004928750435377277,0.01056160807580845,0.0211232161516169,0.026522193352043942,0.016664692481289385,0.032155050992475114,0.011031834840858214,0.04271665906828356,0.0004702267650497638,1,0,0,0,0,0,0
2023-11-02 21:00:00,0.00859131,0.02107155708333333,0.00752547931777356,0.005267835522441491,0.01128821897666034,0.02257643795332068,0.026339392605774822,0.01580372156089184,0.03235977605999367,0.00978333810667299,0.04364799503665401,-0.0015048808699873496,1,0,0,0,0,0,0
2023-11-02 22:00:00,0.00919032,0.020537375416666667,0.007901537378304705,0.0055310761648132934,0.011852306067457057,0.023704612134914115,0.02606845158147996,0.015006299251853372,0.032389681484123724,0.00868506934920961,0.04424198755158078,-0.003167236718247448,0,1,0,0,0,0,0
2023-11-02 23:00:00,0.00979448,0.02002081625,0.008188690735264985,0.0057320835146854885,0.012283036102897476,0.024566072205794952,0.025752899764685488,0.014288732735314513,0.032303852352897476,0.007737780147102524,0.04458688845579495,-0.004545255955794952,0,1,0,0,0,0,0
2023-11-03 00:00:00,0.01184616,0.019594536666666666,0.008341862976203889,0.005839304083342722,0.012512794464305834,0.025025588928611668,0.025433840750009387,0.013755232583323944,0.0321073311309725,0.0070817422023608315,0.04462012559527834,-0.005431052261945003,0,1,0,0,0,0,0
2023-11-03 01:00:00,0.01186834,0.01913785583333333,0.008456339650749194,0.005919437755524436,0.012684509476123791,0.025369018952247583,0.02505729358885777,0.013218418077808896,0.031822365309457125,0.00645334635720954,0.044506874785580915,-0.006231163118914251,0,1,0,0,0,0,0
2023-11-03 02:00:00,0.01179236,0.018624355416666665,0.008514859053450579,0.005960401337415404,0.012772288580175869,0.025544577160351738,0.02458475675408207,0.01266395407925126,0.031396643996842534,0.005852066836490796,0.0441689325770184,-0.0069202217436850726,0,1,0,0,0,0,0
2023-11-03 03:00:00,0.01176527,0.018035025,0.008478124310843297,0.005934687017590308,0.012717186466264945,0.02543437293252989,0.02396971201759031,0.012100337982409691,0.030752211466264945,0.0053178385337350545,0.043469397932529893,-0.007399347932529891,0,1,0,0,0,0,0
2023-11-03 04:00:00,0.01126454,0.01717468375,0.008045230543798429,0.0056316613806589,0.012067845815697642,0.024135691631395284,0.0228063451306589,0.0115430223693411,0.02924252956569764,0.005106837934302357,0.04131037538139529,-0.006961007881395285,0,1,0,0,0,0,0
2023-11-03 05:00:00,0.01059503,0.016325217083333333,0.007587223691017285,0.005311056583712099,0.011380835536525927,0.022761671073051853,0.02163627366704543,0.011014160499621234,0.02770605261985926,0.004944381546807406,0.03908688815638518,-0.006436453989718521,0,1,0,0,0,0,0
2023-11-03 06:00:00,0.00994029,0.015478261666666665,0.007080865219260687,0.004956605653482481,0.01062129782889103,0.02124259565778206,0.020434867320149146,0.010521656013184184,0.026099559495557693,0.004856963837775634,0.03672085732444873,-0.005764333991115396,0,1,0,0,0,0,0
2023-11-03 07:00:00,0.00936658,0.014614586666666665,0.006457205676093902,0.004520043973265731,0.009685808514140852,0.019371617028281704,0.019134630639932395,0.010094542693400935,0.024300395180807517,0.004928778152525813,0.03398620369494837,-0.004757030361615039,0,1,0,0,0,0,0
2023-11-03 08:00:00,0.00660867,0.013825363333333332,0.006215543055073014,0.0043508801385511095,0.009323314582609522,0.018646629165219045,0.018176243471884443,0.009474483194782222,0.023148677915942856,0.004502048750723809,0.03247199249855238,-0.004821265831885713,0,1,0,0,0,0,0
2023-11-03 09:00:00,0.00675855,0.012944922499999999,0.005603199893878367,0.0039222399257148564,0.00840479984081755,0.0168095996816351,0.016867162425714857,0.009022682574285143,0.02134972234081755,0.004540122659182449,0.0297545221816351,-0.0038646771816351014,0,1,0,0,0,0,0
2023-11-03 10:00:00,0.00689613,0.012079895833333333,0.004774458561587093,0.003342120993110965,0.00716168784238064,0.01432337568476128,0.015422016826444299,0.008737774840222368,0.019241583675713974,0.004918207990952693,0.026403271518094615,-0.002243479851427947,0,1,0,0,0,0,0
2023-11-03 11:00:00,0.00708762,0.011285294166666663,0.00382139379921484,0.002674975659450388,0.00573209069882226,0.01146418139764452,0.01396026982611705,0.008610318507216275,0.017017384865488924,0.005553203467844403,0.022749475564311183,-0.00017888723097785747,0,1,0,0,0,0,0
2023-11-03 12:00:00,0.0072665,0.010719819583333332,0.0033172441834666724,0.0023220709284266705,0.004975866275200008,0.009951732550400017,0.013041890511760003,0.00839774865490666,0.01569568585853334,0.005743953308133323,0.020671552133733347,0.0007680870329333147,0,1,0,0,0,0,0
2023-11-03 13:00:00,0.00754096,0.010220022499999998,0.0027934543021270256,0.001955418011488918,0.004190181453190538,0.008380362906381077,0.012175440511488916,0.00826460448851108,0.014410203953190537,0.00602984104680946,0.018600385406381075,0.0018396595936189218,0,1,0,0,0,0,0
2023-11-03 14:00:00,0.00801321,0.009812152499999999,0.0023112915919144984,0.0016179041143401488,0.0034669373878717475,0.006933874775743495,0.011430056614340147,0.00819424838565985,0.013279089887871746,0.0063452151121282515,0.016746027275743494,0.002878277724256504,0,1,0,0,0,0,0
2023-11-03 15:00:00,0.00831654,0.009489682083333333,0.001906798350990294,0.0013347588456932057,0.0028601975264854413,0.0057203950529708825,0.010824440929026537,0.008154923237640128,0.012349879609818773,0.006629484556847891,0.015210077136304215,0.00376928703036245,0,0,1,0,0,0,0
2023-11-03 16:00:00,0.01199834,0.009484640416666665,0.0018996898216299743,0.0013297828751409819,0.0028495347324449614,0.005699069464889923,0.010814423291807648,0.008154857541525683,0.012334175149111627,0.006635105684221704,0.015183709881556588,0.0037855709517767427,0,0,0,0,0,1,0
2023-11-03 17:00:00,0.01178971,0.009499672083333332,0.0019170910462083816,0.0013419637323458672,0.0028756365693125723,0.005751273138625145,0.0108416358156792,0.008157708350987464,0.012375308652645904,0.00662403551402076,0.015250945221958478,0.0037483989447081876,0,0,0,0,0,1,0
2023-11-03 18:00:00,0.01160283,0.00952713,0.0019432159984865973,0.0013602511989406181,0.002914823997729896,0.005829647995459792,0.010887381198940619,0.008166878801059381,0.012441953997729896,0.006612306002270104,0.015356777995459793,0.003697482004540208,0,0,0,0,0,1,0
2023-11-03 19:00:00,0.01118021,0.009551274583333333,0.001960657360687368,0.0013724601524811577,0.0029409860410310523,0.005881972082062105,0.01092373473581449,0.008178814430852176,0.012492260624364385,0.006610288542302281,0.015433246665395438,0.0036693025012712287,0,0,0,0,0,1,0
2023-11-03 20:00:00,0.01089358,0.00966531375,0.0019556021804945966,0.0013689215263462174,0.002933403270741895,0.00586680654148379,0.011034235276346217,0.008296392223653783,0.012598717020741895,0.006731910479258104,0.015532120291483788,0.00379850720851621,0,0,0,0,1,0,0
2023-11-03 21:00:00,0.01060774,0.009749331666666665,0.0019507635558164826,0.0013655344890715377,0.002926145333724724,0.005852290667449448,0.011114866155738203,0.008383797177595126,0.01267547700039139,0.006823186332941941,0.015601622334116112,0.003897040999217217,0,0,0,0,1,0,0
2023-11-03 22:00:00,0.01015018,0.009789325833333333,0.0019486427931097883,0.0013640499551768517,0.0029229641896646825,0.005845928379329365,0.011153375788510184,0.008425275878156481,0.012712290022998014,0.00686636164366865,0.015635254212662698,0.003943397454003968,0,0,0,0,1,0,0
2023-11-03 23:00:00,0.00982983,0.009790798749999998,0.0019486602182533074,0.0013640621527773152,0.002922990327379961,0.005845980654759922,0.011154860902777314,0.008426736597222682,0.01271378907737996,0.006867808422620037,0.01563677940475992,0.0039448180952400755,0,0,0,0,1,0,0
2023-11-04 00:00:00,0.00352255,0.009443981666666665,0.002279559694742192,0.0015956917863195344,0.0034193395421132883,0.0068386790842265765,0.0110396734529862,0.00784828988034713,0.012863321208779954,0.0060246421245533765,0.01628266075089324,0.0026053025824400887,1,0,0,0,0,0,0
2023-11-04 01:00:00,0.00365883,0.009101918749999998,0.0025047721651702826,0.0017533405156191977,0.003757158247755424,0.007514316495510848,0.010855259265619196,0.007348578234380801,0.012859076997755422,0.0053447605022445745,0.016616235245510848,0.0015876022544891507,1,0,0,0,0,0,0
2023-11-04 02:00:00,0.00392151,0.008773966666666666,0.0026483483107708435,0.0018538438175395903,0.0039725224661562655,0.007945044932312531,0.010627810484206256,0.006920122849127075,0.012746489132822931,0.0048014442005104,0.0167190115989792,0.0008289217343541346,1,0,0,0,0,0,0
2023-11-04 03:00:00,0.00424562,0.008460647916666666,0.002722835817048161,0.0019059850719337127,0.0040842537255722415,0.008168507451144483,0.01036663298860038,0.006554662844732953,0.012544901642238909,0.004376394191094425,0.01662915536781115,0.00029214046552218306,1,0,0,0,0,0,0
2023-11-04 04:00:00,0.00457553,0.008181939166666666,0.002765362207484299,0.0019357535452390092,0.004148043311226449,0.008296086622452898,0.010117692711905674,0.006246185621427656,0.012329982477893114,0.004033895855440217,0.01647802578911956,-0.00011414745578623188,0,1,0,0,0,0,0
2023-11-04 05:00:00,0.00486291,0.007943100833333333,0.002795261086346558,0.001956682760442591,0.004192891629519837,0.008385783259039674,0.009899783593775923,0.005986418072890742,0.01213599246285317,0.0037502092038134956,0.016328884092373007,-0.0004426824257063415,0,1,0,0,0,0,0
2023-11-04 06:00:00,0.00522637,0.007746687499999999,0.002814374048503458,0.0019700618339524205,0.004221561072755187,0.008443122145510374,0.00971674933395242,0.005776625666047579,0.011968248572755186,0.0035251264272448124,0.016189809645510374,-0.0006964346455103744,0,1,0,0,0,0,0
2023-11-04 07:00:00,0.00554483,0.007587447916666666,0.0028268255387764413,0.0019787778771435086,0.004240238308164662,0.008480476616329323,0.009566225793810175,0.005608670039523157,0.011827686224831328,0.0033472096085020043,0.01606792453299599,-0.0008930286996626574,0,1,0,0,0,0,0
2023-11-04 08:00:00,0.01207751,0.007815316249999997,0.0029616986625596586,0.002073189063791761,0.004442547993839488,0.008885095987678976,0.009888505313791759,0.005742127186208236,0.012257864243839485,0.0033727682561605094,0.01670041223767897,-0.0010697797376789785,0,0,0,0,0,1,0
2023-11-04 09:00:00,0.01219903,0.008042002916666666,0.0030830184483653777,0.0021581129138557643,0.0046245276725480665,0.009249055345096133,0.01020011583052243,0.005883890002810902,0.012666530589214731,0.003417475244118599,0.017291058261762797,-0.0012070524284294674,0,0,0,0,0,1,0
2023-11-04 10:00:00,0.01223267,0.008264358749999999,0.0031874558369078686,0.002231219085835508,0.004781183755361803,0.009562367510723606,0.010495577835835507,0.006033139664164491,0.013045542505361801,0.003483174994638196,0.017826726260723604,-0.0012980087607236072,0,0,0,0,0,1,0
2023-11-04 11:00:00,0.0122411,0.008479087083333331,0.003277063087940756,0.002293944161558529,0.004915594631911134,0.009831189263822268,0.010773031244891861,0.006185142921774802,0.013394681715244466,0.003563492451422197,0.0183102763471556,-0.0013521021804889372,0,0,0,0,0,1,0
2023-11-04 12:00:00,0.0122847,0.008688178749999999,0.0033554843849712373,0.002348839069479866,0.005033226577456856,0.010066453154913712,0.011037017819479866,0.006339339680520133,0.013721405327456856,0.0036549521725431433,0.01875463190491371,-0.0013782744049137124,0,0,0,0,0,1,0
2023-11-04 13:00:00,0.01243621,0.0088921475,0.003430657719271033,0.002401460403489723,0.005145986578906549,0.010291973157813099,0.011293607903489723,0.006490687096510276,0.014038134078906549,0.00374616092109345,0.019184120657813098,-0.0013998256578130995,0,0,0,0,0,1,0
2023-11-04 14:00:00,0.01242382,0.009075922916666666,0.0034989818564094967,0.0024492872994866474,0.005248472784614245,0.01049694556922849,0.011525210216153313,0.006626635617180019,0.014324395701280912,0.0038274501320524216,0.019572868485895158,-0.0014210226525618232,0,0,0,0,0,1,0
2023-11-04 15:00:00,0.01245682,0.009248434583333331,0.003561421667736959,0.002492995167415871,0.005342132501605439,0.010684265003210878,0.011741429750749202,0.00675543941591746,0.01459056708493877,0.003906302081727892,0.019932699586544207,-0.0014358304198775467,0,0,0,0,0,1,0
2023-11-04 16:00:00,0.01021941,0.009174312499999998,0.003519971678840238,0.0024639801751881667,0.005279957518260357,0.010559915036520715,0.011638292675188166,0.006710332324811831,0.014454270018260357,0.003894354981739641,0.019734227536520713,-0.0013856025365207164,0,0,0,0,1,0,0
2023-11-04 17:00:00,0.01025231,0.009110254166666665,0.003484112422071721,0.0024388786954502046,0.005226168633107582,0.010452337266215164,0.01154913286211687,0.00667137547121646,0.014336422799774247,0.003884085533559083,0.01956259143288183,-0.0013420830995484988,0,0,0,0,1,0,0
2023-11-04 18:00:00,0.01028595,0.009055384166666664,0.003453385073427754,0.002417369551399428,0.005180077610141632,0.010360155220283263,0.011472753718066091,0.006638014615267237,0.014235461776808296,0.003875306556525033,0.019415539386949926,-0.0013047710536165987,0,0,0,0,1,0,0
2023-11-04 19:00:00,0.010236,0.009016042083333332,0.003433446718228389,0.002403412702759872,0.005150170077342583,0.010300340154685166,0.011419454786093203,0.00661262938057346,0.014166212160675914,0.003865872005990749,0.019316382238018497,-0.0012842980713518339,0,0,0,0,1,0,0
2023-11-04 20:00:00,0.01009136,0.008982616249999999,0.003418244792162585,0.0023927713545138095,0.005127367188243878,0.010254734376487756,0.011375387604513808,0.00658984489548619,0.014109983438243877,0.003855249061756121,0.019237350626487754,-0.001272118126487757,0,0,0,0,1,0,0
2023-11-04 21:00:00,0.00985147,0.008951104999999999,0.0034060763489579733,0.002384253444270581,0.00510911452343696,0.01021822904687392,0.01133535844427058,0.006566851555729418,0.01406021952343696,0.003841990476563039,0.019169334046873918,-0.001267124046873921,0,0,0,0,1,0,0
2023-11-04 22:00:00,0.0097193,0.008933151666666665,0.00340061245860688,0.0023804287210248158,0.00510091868791032,0.01020183737582064,0.01131358038769148,0.006552722945641849,0.014034070354576985,0.0038322329787563447,0.019134989042487303,-0.0012686857091539754,0,0,0,0,1,0,0
2023-11-04 23:00:00,0.01015049,0.008946512499999998,0.003404915841729937,0.002383441089210956,0.005107373762594906,0.010214747525189811,0.011329953589210955,0.006563071410789042,0.014053886262594904,0.0038391387374050925,0.019161260025189808,-0.0012682350251898133,0,0,0,0,1,0,0
2023-11-05 00:00:00,0.00906289,0.009177359999999999,0.00320301891791512,0.002242113242540584,0.0048045283768726795,0.009609056753745359,0.011419473242540583,0.0069352467574594154,0.013981888376872679,0.0043728316231273195,0.018786416753745358,-0.00043169675374536004,0,0,1,0,0,0,0
2023-11-05 01:00:00,0.00944238,0.009418341249999998,0.0029795457011975546,0.002085681990838288,0.004469318551796332,0.008938637103592663,0.011504023240838285,0.00733265925916171,0.01388765980179633,0.004949022698203667,0.01835697835359266,0.0004797041464073351,0,0,0,0,1,0,0
2023-11-05 02:00:00,0.00974011,0.009660782916666666,0.002739919387285307,0.001917943571099715,0.004109879080927961,0.008219758161855922,0.01157872648776638,0.007742839345566951,0.013770661997594627,0.005550903835738705,0.017880541078522588,0.0014410247548107442,0,0,0,0,1,0,0
2023-11-05 03:00:00,0.01026686,0.009911667916666665,0.0024864619611915015,0.0017405233728340509,0.003729692941787252,0.007459385883574504,0.011652191289500716,0.008171144543832614,0.013641360858453917,0.006181974974879413,0.01737105380024117,0.002452282033092161,0,0,0,0,1,0,0
2023-11-05 04:00:00,0.01113436,0.010184952499999999,0.002220708091966201,0.0015544956643763408,0.003331062137949302,0.006662124275898604,0.011739448164376338,0.008630456835623659,0.0135160146379493,0.006853890362050696,0.0168470767758986,0.003522828224101395,0,0,0,0,1,0,0
2023-11-05 05:00:00,0.01188514,0.010477545416666666,0.0019329788713143895,0.0013530852099200726,0.002899468306971584,0.005798936613943168,0.011830630626586739,0.009124460206746593,0.01337701372363825,0.007578077109695082,0.016276482030609836,0.004678608802723498,0,0,0,0,0,1,0
2023-11-05 06:00:00,0.01236692,0.010775068333333332,0.0016125564915852664,0.0011287895441096864,0.0024188347373778995,0.004837669474755799,0.011903857877443018,0.009646278789223646,0.013193903070711232,0.008356233595955432,0.015612737808089132,0.005937398858577533,0,0,0,0,0,1,0
2023-11-05 07:00:00,0.01220811,0.011052704999999998,0.0011915650766479659,0.0008340955536535761,0.0017873476149719487,0.0035746952299438974,0.011886800553653574,0.010218609446346422,0.012840052614971946,0.00926535738502805,0.014627400229943896,0.0074780097700561,0,0,0,0,0,1,0
2023-11-05 08:00:00,0.01903821,0.011342734166666665,0.002014677527654023,0.0014102742693578162,0.003022016291481035,0.00604403258296207,0.012753008436024482,0.009932459897308848,0.0143647504581477,0.00832071787518563,0.017386766749628736,0.005298701583704595,0,0,0,0,0,0,1
2023-11-05 09:00:00,0.01891648,0.011622627916666664,0.002537574145867221,0.0017763019021070545,0.0038063612188008315,0.007612722437601663,0.01339892981877372,0.00984632601455961,0.015428989135467495,0.007816266697865833,0.019235350354268328,0.0040099054790650015,0,0,0,0,0,0,1
2023-11-05 10:00:00,0.01864838,0.011889949166666663,0.0029145622680436262,0.0020401935876305385,0.004371843402065439,0.008743686804130879,0.013930142754297202,0.009849755579036125,0.016261792568732104,0.007518105764601224,0.020633635970797544,0.0031462623625357847,0,0,0,0,0,0,1
2023-11-05 11:00:00,0.01836429,0.01214508208333333,0.0032006048268317802,0.002240423378782246,0.004800907240247671,0.009601814480495342,0.014385505462115575,0.009904658704551084,0.016945989323581,0.007344174843085659,0.021746896563828673,0.002543267602837988,0,0,0,0,0,0,1
2023-11-05 12:00:00,0.01781568,0.012375539583333331,0.003403773932805695,0.0023826417529639863,0.005105660899208542,0.010211321798417085,0.014758181336297317,0.009992897830369345,0.017481200482541873,0.0072698786841247885,0.022586861381750416,0.002164217784916246,0,0,0,0,0,0,1
2023-11-05 13:00:00,0.01755723,0.012588915416666666,0.003564462905053724,0.0024951240335376063,0.005346694357580586,0.010693388715161171,0.015084039450204272,0.01009379138312906,0.01793560977424725,0.00724222105908608,0.023282304131827837,0.0018955267015054941,0,0,0,0,0,1,0
2023-11-05 14:00:00,0.01747572,0.012799411249999998,0.003700847741151365,0.002590593418805955,0.0055512716117270475,0.011102543223454095,0.015390004668805954,0.010208817831194043,0.018350682861727044,0.007248139638272951,0.02390195447345409,0.0016968680265459033,0,0,0,0,0,1,0
2023-11-05 15:00:00,0.01727082,0.012999994583333332,0.0038103110756928294,0.0026672177529849803,0.005715466613539244,0.011430933227078489,0.015667212336318313,0.010332776830348351,0.018715461196872576,0.007284527969794088,0.02443092781041182,0.0015690613562548434,0,0,0,0,0,1,0
2023-11-05 16:00:00,0.01118853,0.013040374583333332,0.0037846109535143086,0.0026492276674600157,0.005676916430271463,0.011353832860542926,0.01568960225079335,0.010391146915873315,0.018717291013604795,0.0073634581530618685,0.024394207443876256,0.0016865417227904054,0,0,1,0,0,0,0
2023-11-05 17:00:00,0.01184482,0.013106729166666666,0.0037473806382416807,0.0026231664467691765,0.0056210709573625214,0.011242141914725043,0.01572989561343584,0.010483562719897489,0.018727800124029186,0.007485658209304144,0.024348871081391707,0.001864587251941623,0,0,1,0,0,0,0
2023-11-05 18:00:00,0.01334781,0.013234306666666666,0.003698980578236493,0.002589286404765545,0.00554847086735474,0.01109694173470948,0.01582359307143221,0.01064502026190112,0.018782777534021404,0.007685835799311926,0.024331248401376147,0.002137364931957186,0,0,0,0,1,0,0
2023-11-05 19:00:00,0.01513294,0.013438345833333332,0.0036612679938737383,0.0025628875957116166,0.005491901990810608,0.010983803981621215,0.01600123342904495,0.010875458237621715,0.018930247824143938,0.007946443842522724,0.024422149814954545,0.002454541851712117,0,0,0,0,1,0,0
2023-11-05 20:00:00,0.01836401,0.013783039583333332,0.003721387299705923,0.0026049711097941458,0.005582080949558884,0.011164161899117769,0.016388010693127477,0.011178068473539186,0.019365120532892216,0.008200958633774447,0.024947201482451102,0.002618877684215563,0,0,0,0,0,1,0
2023-11-05 21:00:00,0.01816484,0.014129429999999998,0.003726426792963021,0.0026084987550741147,0.005589640189444531,0.011179280378889062,0.016737928755074113,0.011520931244925883,0.019719070189444528,0.008539789810555467,0.02530871037888906,0.002950149621110936,0,0,0,0,0,1,0
2023-11-05 22:00:00,0.0171275,0.014438104999999998,0.003651303244222416,0.002555912270955691,0.005476954866333624,0.010953909732667248,0.01699401727095569,0.011882192729044307,0.019915059866333622,0.008961150133666374,0.025392014732667244,0.0034841952673327504,0,0,0,0,0,1,0
2023-11-05 23:00:00,0.01711561,0.01472831833333333,0.003571629598314074,0.0025001407188198514,0.005357444397471111,0.010714888794942222,0.017228459052153183,0.012228177614513478,0.02008576273080444,0.00937087393586222,0.025443207128275552,0.004013429538391108,0,0,0,0,1,0,0
2023-11-06 00:00:00,0.02262812,0.015293536249999998,0.0037068846104333186,0.002594819227303323,0.005560326915649978,0.011120653831299955,0.01788835547730332,0.012698717022696676,0.020853863165649977,0.00973320933435002,0.026414190081299953,0.004172882418700043,0,0,0,0,0,0,1
2023-11-06 01:00:00,0.02251731,0.015838325,0.0037698267392131317,0.002638878717449192,0.005654740108819697,0.011309480217639395,0.01847720371744919,0.01319944628255081,0.0214930651088197,0.010183584891180302,0.027147805217639397,0.004528844782360606,0,0,0,0,0,0,1
2023-11-06 02:00:00,0.02189622,0.01634482958333333,0.0037312976762321737,0.0026119083733625215,0.00559694651434826,0.01119389302869652,0.018956737956695852,0.01373292120997081,0.02194177609768159,0.010747883068985071,0.027538722612029852,0.0051509365546368105,0,0,0,0,0,1,0
2023-11-06 03:00:00,0.02120337,0.016800517499999997,0.003622990953234464,0.0025360936672641247,0.005434486429851696,0.010868972859703393,0.019336611167264123,0.014264423832735872,0.022235003929851692,0.0113660310701483,0.02766949035970339,0.005931544640296604,0,0,0,0,0,1,0
2023-11-06 04:00:00,0.01988223,0.01716501208333333,0.003464744919233664,0.0024253214434635647,0.005197117378850496,0.010394234757700993,0.019590333526796896,0.014739690639869765,0.022362129462183827,0.011967894704482833,0.02755924684103432,0.0067707773256323375,0,0,0,0,0,1,0
2023-11-06 05:00:00,0.01955549,0.017484609999999998,0.003306702197624245,0.002314691538336971,0.0049600532964363675,0.009920106592872735,0.01979930153833697,0.015169918461663027,0.022444663296436365,0.01252455670356363,0.027404716592872733,0.007564503407127263,0,0,0,0,1,0,0
2023-11-06 06:00:00,0.01954852,0.01778384333333333,0.0031444113722472592,0.002201087960573081,0.004716617058370889,0.009433234116741778,0.01998493129390641,0.01558275537276025,0.022500460391704218,0.013067226274962441,0.02721707745007511,0.008350609216591552,0,0,0,0,1,0,0
2023-11-06 07:00:00,0.01916512,0.01807371875,0.002920771808697143,0.0020445402660880002,0.004381157713045715,0.00876231542609143,0.020118259016088,0.016029178483912,0.02245487646304571,0.013692561036954284,0.026836034176091428,0.00931140332390857,0,0,0,0,1,0,0
2023-11-06 08:00:00,0.0126369,0.017806997499999998,0.003114707554066311,0.0021802952878464178,0.004672061331099466,0.009344122662198933,0.019987292787846417,0.01562670221215358,0.022479058831099463,0.013134936168900532,0.02715112016219893,0.008462874837801065,1,0,0,0,0,0,0
2023-11-06 09:00:00,0.01248599,0.017539060416666665,0.0032869403974138444,0.0023008582781896907,0.004930410596120767,0.009860821192241534,0.019839918694856355,0.015238202138476974,0.022469471012787432,0.012608649820545898,0.0273998816089082,0.007678239224425131,1,0,0,0,0,0,0
2023-11-06 10:00:00,0.01282749,0.01729652333333333,0.0034138337445937025,0.0023896836212155916,0.005120750616890554,0.010241501233781107,0.019686206954548924,0.01490683971211774,0.022417273950223884,0.012175772716442778,0.02753802456711444,0.0070550220995522234,0,1,0,0,0,0,0
2023-11-06 11:00:00,0.01339435,0.0170894425,0.003495995541322837,0.002447196878925986,0.005243993311984255,0.01048798662396851,0.019536639378925986,0.014642245621074013,0.022333435811984256,0.011845449188015745,0.02757742912396851,0.0066014558760314895,0,1,0,0,0,0,0
2023-11-06 12:00:00,0.01319963,0.01689710708333333,0.003580266212184186,0.00250618634852893,0.005370399318276279,0.010740798636552558,0.019403293431862263,0.014390920734804401,0.02226750640160961,0.011526707765057053,0.02763790571988589,0.006156308446780773,0,1,0,0,0,0,0
2023-11-06 13:00:00,0.01274995,0.01669680375,0.003674952095830605,0.0025724664670814233,0.005512428143745907,0.011024856287491815,0.019269270217081424,0.014124337282918576,0.022209231893745907,0.011184375606254092,0.027721660037491814,0.005671947462508185,0,1,0,0,0,0,0
2023-11-06 14:00:00,0.01149792,0.016447728749999998,0.0038195950049337707,0.0026737165034536395,0.005729392507400656,0.011458785014801312,0.019121445253453637,0.013774012246546358,0.022177121257400654,0.010718336242599342,0.02790651376480131,0.004988943735198686,0,1,0,0,0,0,0
2023-11-06 15:00:00,0.01054561,0.016167511666666665,0.003999059921279962,0.0027993419448959734,0.005998589881919944,0.011997179763839887,0.01896685361156264,0.013368169721770691,0.022166101548586607,0.010168921784746722,0.028164691430506553,0.004170331902826778,0,1,0,0,0,0,0
2023-11-06 16:00:00,0.01402341,0.016285631666666665,0.0038858668292433497,0.0027201067804703445,0.005828800243865025,0.01165760048773005,0.01900573844713701,0.01356552488619632,0.02211443191053169,0.01045683142280164,0.027943232154396716,0.004628031178936615,0,0,1,0,0,0,0
2023-11-06 17:00:00,0.01359993,0.01635876125,0.003814519959864148,0.0026701639719049035,0.0057217799397962215,0.011443559879592443,0.019028925221904903,0.013688597278095096,0.022080541189796223,0.010636981310203778,0.027802321129592442,0.004915201370407556,0,1,0,0,0,0,0
2023-11-06 18:00:00,0.01336732,0.016359574166666665,0.00381385241454819,0.0026696966901837327,0.005720778621822285,0.01144155724364457,0.019029270856850397,0.013689877476482933,0.02208035278848895,0.010638795544844381,0.027801131410311236,0.004918016923022095,0,1,0,0,0,0,0
2023-11-06 19:00:00,0.01298408,0.016270038333333334,0.003868730524505404,0.0027081113671537827,0.005803095786758106,0.011606191573516212,0.018978149700487116,0.013561926966179551,0.022073134120091438,0.010466942546575228,0.027876229906849546,0.004663846759817122,0,1,0,0,0,0,0
2023-11-06 20:00:00,0.01139476,0.015979652916666667,0.003965079076792905,0.0027755553537550334,0.005947618615189358,0.011895237230378716,0.0187552082704217,0.013204097562911634,0.021927271531856023,0.010032034301477309,0.027874890147045382,0.004084415686287951,0,1,0,0,0,0,0
2023-11-06 21:00:00,0.01123366,0.01569085375,0.004050498010862089,0.002835348607603462,0.006075747016293133,0.012151494032586266,0.018526202357603463,0.012855505142396539,0.021766600766293134,0.009615106733706868,0.027842347782586267,0.003539359717413735,0,1,0,0,0,0,0
2023-11-06 22:00:00,0.01115183,0.015441867499999998,0.004140999719763314,0.0028986998038343197,0.0062114995796449714,0.012422999159289943,0.018340567303834317,0.012543167696165678,0.02165336707964497,0.009230367920355026,0.02786486665928994,0.003018868340710055,0,1,0,0,0,0,0
2023-11-06 23:00:00,0.01106506,0.015189761249999998,0.004218132999756759,0.002952693099829731,0.0063271994996351374,0.012654398999270275,0.01814245434982973,0.012237068150170267,0.021516960749635133,0.00886256175036486,0.02784416024927027,0.0025353622507297228,0,1,0,0,0,0,0
2023-11-07 00:00:00,0.00714067,0.014544450833333333,0.004215372149893112,0.0029507605049251782,0.006323058224839668,0.012646116449679336,0.01749521133825851,0.011593690328408155,0.020867509058173,0.008221392608493666,0.027190567283012668,0.0018983343836539972,1,0,0,0,0,0,0
2023-11-07 01:00:00,0.00697268,0.013896757916666667,0.004130440643121178,0.0028913084501848243,0.006195660964681767,0.012391321929363534,0.01678806636685149,0.011005449466481843,0.020092418881348433,0.0077010969519849,0.026288079846030203,0.0015054359873031328,1,0,0,0,0,0,0
2023-11-07 02:00:00,0.00686456,0.013270438749999997,0.004002380894665708,0.002801666626265995,0.0060035713419985615,0.012007142683997123,0.016072105376265994,0.010468772123734002,0.01927401009199856,0.007266867408001435,0.02527758143399712,0.0012632960660028739,1,0,0,0,0,0,0
2023-11-07 03:00:00,0.00690497,0.012674672083333331,0.003830696945789097,0.0026814878620523676,0.005746045418683645,0.01149209083736729,0.015356159945385698,0.009993184221280964,0.018420717502016976,0.006928626664649686,0.02416676292070062,0.0011825812459660412,1,0,0,0,0,0,0
2023-11-07 04:00:00,0.0068865,0.012133183333333332,0.003683243504635622,0.002578270453244935,0.005524865256953433,0.011049730513906866,0.014711453786578267,0.009554912880088397,0.017658048590286766,0.006608318076379899,0.023182913847240198,0.0010834528194264663,0,1,0,0,0,0,0
2023-11-07 05:00:00,0.00697417,0.011608961666666666,0.0034700825965131134,0.0024290578175591793,0.0052051238947696706,0.010410247789539341,0.014038019484225846,0.009179903849107485,0.016814085561436334,0.006403837771896995,0.02201920945620601,0.0011987138771273245,0,1,0,0,0,0,0
2023-11-07 06:00:00,0.00711454,0.011090879166666666,0.00314625585873518,0.0022023791011146258,0.004719383788102769,0.009438767576205539,0.013293258267781292,0.00888850006555204,0.015810262954769436,0.006371495378563897,0.020529646742872207,0.0016521115904611274,0,1,0,0,0,0,0
2023-11-07 07:00:00,0.00730103,0.010596542083333332,0.002726520544120843,0.00190856438088459,0.004089780816181264,0.008179561632362529,0.012505106464217923,0.008687977702448741,0.014686322899514596,0.006506761267152068,0.01877610371569586,0.0024169804509708032,0,1,0,0,0,0,0
2023-11-07 08:00:00,0.0090809,0.010448375416666664,0.0027073752587812553,0.0018951626811468786,0.004061062888171883,0.008122125776343766,0.012343538097813543,0.008553212735519785,0.014509438304838546,0.006387312528494781,0.01857050119301043,0.002326249640322898,0,0,1,0,0,0,0
2023-11-07 09:00:00,0.00916015,0.01030979875,0.002683557226532068,0.0018784900585724475,0.004025335839798102,0.008050671679596205,0.012188288808572447,0.008431308691427553,0.014335134589798102,0.006284462910201898,0.018360470429596203,0.0022591270704037953,0,0,1,0,0,0,0
2023-11-07 10:00:00,0.00926243,0.010161254583333333,0.002636389734392231,0.0018454728140745616,0.0039545846015883465,0.007909169203176693,0.012006727397407895,0.00831578176925877,0.01411583918492168,0.006206669981744986,0.018070423786510026,0.0022520853801566397,0,0,1,0,0,0,0
2023-11-07 11:00:00,0.0092814,0.009989881666666665,0.002549331191099029,0.0017845318337693203,0.0038239967866485437,0.007647993573297087,0.011774413500435985,0.008205349832897346,0.01381387845331521,0.006165884880018122,0.017637875239963755,0.002341888093369578,0,0,1,0,0,0,0
2023-11-07 12:00:00,0.00931656,0.00982808708333333,0.0024583635155428635,0.0017208544608800043,0.003687545273314295,0.00737509054662859,0.011548941544213334,0.008107232622453327,0.013515632356647626,0.006140541810019036,0.017203177629961923,0.0024529965367047404,0,0,1,0,0,0,0
2023-11-07 13:00:00,0.00936265,0.009686949583333332,0.0023792851569482015,0.0016654996098637409,0.0035689277354223024,0.007137855470844605,0.011352449193197072,0.008021449973469591,0.013255877318755634,0.006118021847911029,0.016824805054177938,0.0025490941124887267,0,0,1,0,0,0,0
2023-11-07 14:00:00,0.00926687,0.009593989166666666,0.0023488424938808592,0.0016441897457166014,0.003523263740821289,0.007046527481642578,0.011238178912383268,0.007949799420950063,0.013117252907487954,0.006070725425845377,0.016640516648309244,0.002547461685024088,0,0,1,0,0,0,0
2023-11-07 15:00:00,0.00923591,0.009539418333333332,0.0023409731482881466,0.0016386812038017026,0.0035114597224322197,0.007022919444864439,0.011178099537135035,0.00790073712953163,0.013050878055765552,0.006027958610901113,0.016562337778197773,0.002516498888468893,0,0,1,0,0,0,0
2023-11-07 16:00:00,0.00806265,0.009291053333333332,0.002153236095915629,0.0015072652671409403,0.0032298541438734434,0.006459708287746887,0.010798318600474272,0.007783788066192392,0.012520907477206775,0.0060611991894598885,0.015750761621080217,0.002831345045586445,0,0,1,0,0,0,0
2023-11-07 17:00:00,0.0079944,0.009057489583333333,0.001960960654995235,0.0013726724584966644,0.0029414409824928527,0.0058828819649857055,0.010430162041829998,0.007684817124836669,0.011998930565826186,0.0061160486008404805,0.014940371548319039,0.0031746076183476277,0,0,1,0,0,0,0
2023-11-07 18:00:00,0.00807692,0.008837056249999998,0.0017403664264442832,0.0012182564985109981,0.002610549639666425,0.00522109927933285,0.010055312748510997,0.007618799751488999,0.011447605889666423,0.0062265066103335725,0.014058155529332848,0.0036159569706671474,0,0,1,0,0,0,0
2023-11-07 19:00:00,0.00841108,0.008646514583333332,0.0015003830612562307,0.0010502681428793614,0.002250574591884346,0.004501149183768692,0.009696782726212693,0.007596246440453971,0.01089708917521768,0.006395939991448986,0.013147663767102025,0.00414536539956464,0,0,1,0,0,0,0
2023-11-07 20:00:00,0.00873965,0.008535884999999998,0.0013821615431950868,0.0009675130802365607,0.00207324231479263,0.00414648462958526,0.009503398080236558,0.007568371919763437,0.010609127314792629,0.006462642685207368,0.012682369629585258,0.004389400370414738,0,0,0,0,1,0,0
2023-11-07 21:00:00,0.008816,0.008435149166666664,0.0012596661340280402,0.0008817662938196281,0.0018894992010420604,0.0037789984020841208,0.009316915460486292,0.007553382872847036,0.010324648367708725,0.0065456499656246035,0.012214147568750784,0.0046561507645825435,0,0,0,0,1,0,0
2023-11-07 22:00:00,0.00895654,0.008343678749999998,0.0011264824291239307,0.0007885377003867514,0.001689723643685896,0.003379447287371792,0.009132216450386749,0.007555141049613247,0.010033402393685893,0.006653955106314102,0.01172312603737179,0.004964231462628206,0,0,0,0,1,0,0
2023-11-07 23:00:00,0.00888931,0.008253022499999998,0.0009753637776003657,0.0006827546443202559,0.0014630456664005485,0.002926091332801097,0.008935777144320254,0.007570267855679743,0.009716068166400547,0.0067899768335994495,0.011179113832801096,0.0053269311671989015,0,0,0,0,1,0,0
2023-11-08 00:00:00,0.01185792,0.008449574583333333,0.0011925760581926047,0.0008348032407348232,0.001788864087288907,0.003577728174577814,0.009284377824068156,0.00761477134259851,0.010238438670622239,0.006660710496044425,0.012027302757911147,0.004871846408755518,0,0,0,0,0,0,1
2023-11-08 01:00:00,0.01188774,0.008654368749999999,0.0013407436979150113,0.0009385205885405079,0.002011115546872517,0.004022231093745034,0.009592889338540507,0.007715848161459491,0.010665484296872516,0.006643253203127482,0.012676599843745032,0.004632137656254965,0,0,0,0,0,0,1
2023-11-08 02:00:00,0.01163554,0.00885315958333333,0.0014154457560399635,0.0009908120292279744,0.002123168634059945,0.00424633726811989,0.009843971612561305,0.007862347554105356,0.010976328217393276,0.0067299909492733855,0.01309949685145322,0.00460682231521344,0,0,0,0,0,0,1
2023-11-08 03:00:00,0.01123305,0.00903349625,0.0014320571711500356,0.0010024400198050249,0.0021480857567250534,0.004296171513450107,0.010035936269805024,0.008031056230194976,0.011181582006725053,0.006885410493274947,0.013329667763450107,0.004737324736549893,0,0,0,0,0,0,1
2023-11-08 04:00:00,0.01114615,0.009210981666666665,0.0014182936052806832,0.0009928055236964781,0.0021274404079210246,0.004254880815842049,0.010203787190363143,0.008218176142970187,0.01133842207458769,0.00708354125874564,0.013465862482508714,0.004956100850824615,0,0,0,0,0,1,0
2023-11-08 05:00:00,0.01103652,0.009380246249999998,0.0013816728528375586,0.000967170996986291,0.002072509279256338,0.004145018558512676,0.010347417246986288,0.008413075253013708,0.011452755529256335,0.00730773697074366,0.013525264808512674,0.0052352276914873225,0,0,0,0,0,1,0
2023-11-08 06:00:00,0.01086849,0.009536660833333334,0.0013253667119311726,0.0009277566983518208,0.001988050067896759,0.003976100135793518,0.010464417531685154,0.008608904134981513,0.011524710901230093,0.007548610765436574,0.01351276096912685,0.005560560697539816,0,0,0,0,0,1,0
2023-11-08 07:00:00,0.0107734,0.009681342916666665,0.0012585502011528413,0.0008809851408069888,0.001887825301729262,0.003775650603458524,0.010562328057473654,0.008800357775859677,0.011569168218395928,0.007793517614937403,0.01345699352012519,0.005905692313208141,0,0,0,0,0,1,0
2023-11-08 08:00:00,0.00776679,0.009626588333333332,0.0013132079147932629,0.0009192455403552839,0.0019698118721898942,0.0039396237443797884,0.010545833873688615,0.008707342792978048,0.011596400205523227,0.007656776461143437,0.01356621207771312,0.005686964588953543,0,1,0,0,0,0,0
2023-11-08 09:00:00,0.0077342,0.009567173749999998,0.0013664090082842783,0.0009564863057989947,0.0020496135124264173,0.004099227024852835,0.010523660055798993,0.008610687444201003,0.011616787262426416,0.00751756023757358,0.013666400774852833,0.005467946725147163,0,1,0,0,0,0,0
2023-11-08 10:00:00,0.00779899,0.009506197083333333,0.00141247641949849,0.000988733493648943,0.002118714629247735,0.00423742925849547,0.010494930576982276,0.00851746358968439,0.011624911712581067,0.007387482454085598,0.013743626341828803,0.005268767824837863,0,1,0,0,0,0,0
2023-11-08 11:00:00,0.00785149,0.009446617499999999,0.0014519760146039313,0.0010163832102227518,0.002177964021905897,0.004355928043811794,0.01046300071022275,0.008430234289777247,0.011624581521905895,0.007268653478094102,0.013802545543811794,0.005090689456188205,0,1,0,0,0,0,0
2023-11-08 12:00:00,0.00765964,0.009377579166666665,0.0014971185747467677,0.0010479830023227374,0.0022456778621201515,0.004491355724240303,0.010425562168989403,0.008329596164343927,0.011623257028786816,0.007131901304546514,0.01386893489090697,0.004886223442426362,0,1,0,0,0,0,0
2023-11-08 13:00:00,0.00769552,0.009308115416666665,0.0015360121670176508,0.0010752085169123554,0.002304018250526476,0.004608036501052952,0.010383323933579021,0.00823290689975431,0.011612133667193141,0.007004097166140189,0.013916151917719617,0.004700078915613713,0,1,0,0,0,0,0
2023-11-08 14:00:00,0.00769944,0.009242805833333331,0.0015707715479951064,0.0010995400835965745,0.0023561573219926597,0.0047123146439853195,0.010342345916929906,0.008143265749736756,0.01159896315532599,0.006886648511340672,0.013955120477318651,0.0045304911893480114,0,1,0,0,0,0,0
2023-11-08 15:00:00,0.00769556,0.009178624583333333,0.001602219865165398,0.0011215539056157785,0.0024033297977480972,0.0048066595954961945,0.01030017848894911,0.008057070677717555,0.01158195438108143,0.006775294785585235,0.013985284178829528,0.004371964987837138,0,1,0,0,0,0,0
2023-11-08 16:00:00,0.01052534,0.009281236666666666,0.0016064954675498865,0.0011245468272849204,0.00240974320132483,0.00481948640264966,0.010405783493951586,0.008156689839381746,0.011690979867991495,0.0068714934653418365,0.014100723069316326,0.004461750264017007,0,0,0,0,0,1,0
2023-11-08 17:00:00,0.01074957,0.009396035416666665,0.0016089802455890537,0.0011262861719123374,0.0024134703683835806,0.004826940736767161,0.010522321588579003,0.008269749244754328,0.011809505785050245,0.006982565048283085,0.014222976153433826,0.004569094679899504,0,0,0,0,0,1,0
2023-11-08 18:00:00,0.01090766,0.009513982916666665,0.0016118294439697919,0.0011282806107788543,0.002417744165954688,0.004835488331909376,0.01064226352744552,0.00838570230588781,0.011931727082621354,0.007096238750711977,0.01434947124857604,0.0046784945847572895,0,0,0,0,0,1,0
2023-11-08 19:00:00,0.01119792,0.009630101249999998,0.0016292104201151305,0.0011404472940805912,0.0024438156301726955,0.004887631260345391,0.01077054854408059,0.008489653955919408,0.012073916880172694,0.007186285619827303,0.01451773251034539,0.004742469989654607,0,0,0,0,0,1,0
2023-11-08 20:00:00,0.01303184,0.009808942499999999,0.0017577259779149982,0.0012304081845404987,0.0026365889668724975,0.005273177933744995,0.011039350684540497,0.008578534315459501,0.012445531466872497,0.007172353533127502,0.015082120433744994,0.004535764566255004,0,0,0,0,0,0,1
2023-11-08 21:00:00,0.01295163,0.009981260416666667,0.0018561146993899323,0.0012992802895729525,0.0027841720490848986,0.005568344098169797,0.01128054070623962,0.008681980127093715,0.012765432465751566,0.007197088367581768,0.015549604514836463,0.00441291631849687,0,0,0,0,0,0,1
2023-11-08 22:00:00,0.01300831,0.010150084166666665,0.0019411747129194138,0.0013588222990435896,0.0029117620693791205,0.005823524138758241,0.011508906465710254,0.008791261867623076,0.013061846236045786,0.0072383220972875445,0.015973608305424908,0.004326560027908424,0,0,0,0,0,1,0
2023-11-08 23:00:00,0.01304404,0.010323197916666665,0.002007960798759913,0.001405572559131939,0.0030119411981398693,0.0060238823962797386,0.011728770475798605,0.008917625357534726,0.013335139114806535,0.007311256718526796,0.016347080312946405,0.004299315520386927,0,0,0,0,0,1,0
2023-11-09 00:00:00,0.01308343,0.010374260833333331,0.0020635004267863144,0.00144445029875042,0.003095250640179472,0.006190501280358944,0.011818711132083751,0.00892981053458291,0.013469511473512802,0.007279010193153859,0.016564762113692275,0.004183759552974387,0,0,0,0,0,1,0
2023-11-09 01:00:00,0.01315168,0.010426924999999998,0.0021191841739688867,0.0014834289217782206,0.00317877626095333,0.00635755252190666,0.011910353921778218,0.008943496078221778,0.013605701260953328,0.007248148739046669,0.01678447752190666,0.004069372478093338,0,0,0,0,0,1,0
2023-11-09 02:00:00,0.0133998,0.010500435833333334,0.002192271001160644,0.0015345897008124507,0.0032884065017409663,0.0065768130034819326,0.012035025534145784,0.008965846132520883,0.0137888423350743,0.007212029331592367,0.017077248836815266,0.003923622829851401,0,0,0,0,0,1,0
2023-11-09 03:00:00,0.01356975,0.010597798333333332,0.002276492900140164,0.0015935450300981148,0.003414739350210246,0.006829478700420492,0.012191343363431447,0.009004253303235217,0.014012537683543578,0.0071830589831230855,0.017427277033753824,0.0037683196329128393,0,0,0,0,0,1,0
2023-11-09 04:00:00,0.01286381,0.010669367499999999,0.002321045923240994,0.0016247321462686958,0.003481568884861491,0.006963137769722982,0.012294099646268694,0.009044635353731303,0.01415093638486149,0.007187798615138508,0.01763250526972298,0.003706229730277017,0,0,0,0,0,1,0
2023-11-09 05:00:00,0.01323337,0.010760902916666667,0.002378756200118943,0.00166512934008326,0.003568134300178414,0.007136268600356828,0.012426032256749927,0.009095773576583407,0.014329037216845081,0.007192768616488253,0.017897171517023497,0.0036246343163098393,0,0,0,0,0,1,0
2023-11-09 06:00:00,0.01340828,0.0108667275,0.002439470029697764,0.0017076290207884346,0.0036592050445466455,0.007318410089093291,0.012574356520788433,0.009159098479211565,0.014525932544546646,0.007207522455453354,0.018185137589093292,0.0035483174109067084,0,0,0,0,0,1,0
2023-11-09 07:00:00,0.0137678,0.010991494166666666,0.0025100427236497812,0.0017570299065548468,0.003765064085474672,0.007530128170949344,0.012748524073221513,0.009234464260111819,0.014756558252141339,0.007226430081191994,0.01852162233761601,0.003461365995717322,0,0,0,0,0,1,0
2023-11-09 08:00:00,0.01775926,0.011407847083333332,0.0027674409486469075,0.001937208664052835,0.004151161422970361,0.008302322845940723,0.013345055747386167,0.009470638419280497,0.015559008506303693,0.007256685660362971,0.019710169929274053,0.003105524237392609,0,0,0,0,0,0,1
2023-11-09 09:00:00,0.0172051,0.011802467916666665,0.002893214102104648,0.0020252498714732536,0.004339821153156972,0.008679642306313944,0.013827717788139918,0.009777218045193412,0.016142289069823637,0.007462646763509693,0.02048211022298061,0.0031228256103527207,0,0,0,0,0,0,1
2023-11-09 10:00:00,0.01655114,0.012167140833333333,0.002918130725328042,0.0020426915077296293,0.004377196087992063,0.008754392175984126,0.014209832341062961,0.010124449325603704,0.016544336921325398,0.00778994474534127,0.02092153300931746,0.0034127486573492065,0,0,0,0,0,0,1
2023-11-09 11:00:00,0.01579362,0.012498062916666665,0.0028571381410934646,0.0019999966987654253,0.004285707211640196,0.008571414423280393,0.014498059615432091,0.010498066217901239,0.01678377012830686,0.008212355705026469,0.02106947733994706,0.003926648493386272,0,0,0,0,0,1,0
2023-11-09 12:00:00,0.01831079,0.012941860833333332,0.0028998124666679025,0.0020298687266675315,0.004349718700001854,0.008699437400003708,0.014971729560000865,0.0109119921066658,0.017291579533335186,0.008592142133331478,0.02164129823333704,0.004242423433329624,0,0,0,0,0,0,1
2023-11-09 13:00:00,0.01778448,0.013362234166666665,0.0028367979680954283,0.0019857585776667996,0.004255196952143142,0.008510393904286285,0.015347992744333464,0.011376475588999867,0.01761743111880981,0.009107037214523522,0.02187262807095295,0.004851840262380381,0,0,0,0,0,0,1
2023-11-09 14:00:00,0.01865479,0.013818707083333333,0.0027665219985805204,0.001936565399006364,0.00414978299787078,0.00829956599574156,0.015755272482339697,0.011882141684326969,0.017968490081204113,0.009668924085462553,0.022118273079074893,0.005519141087591772,0,0,0,0,0,0,1
2023-11-09 15:00:00,0.02085242,0.014366909583333332,0.0028037348919850154,0.0019626144243895106,0.004205602337977523,0.008411204675955046,0.01632952400772284,0.01240429515894382,0.018572511921310854,0.01016130724535581,0.022778114259288378,0.005955704907378286,0,0,0,0,0,0,1
2023-11-09 16:00:00,0.02414205,0.0149342725,0.003322332024904504,0.002325632417433153,0.004983498037356756,0.009966996074713512,0.017259904917433153,0.012608640082566847,0.019917770537356758,0.009950774462643244,0.02490126857471351,0.004967276425286488,0,0,0,0,0,0,1
2023-11-09 17:00:00,0.02157279,0.01538524,0.0034612684973311255,0.002422887948131788,0.005191902745996688,0.010383805491993376,0.01780812794813179,0.012962352051868211,0.020577142745996688,0.010193337254003312,0.025769045491993374,0.005001434508006624,0,0,0,0,0,0,1
2023-11-09 18:00:00,0.02184572,0.015840992499999998,0.0035646376852782567,0.0024952463796947795,0.005346956527917385,0.01069391305583477,0.018336238879694777,0.01334574612030522,0.02118794902791738,0.010494035972082613,0.026534905555834768,0.005147079444165228,0,0,0,0,0,0,1
2023-11-09 19:00:00,0.02179594,0.016282576666666666,0.003620449898091085,0.0025343149286637594,0.005430674847136627,0.010861349694273255,0.018816891595330426,0.013748261738002907,0.021713251513803294,0.010851901819530038,0.027143926360939923,0.005421226972393412,0,0,0,0,0,0,1
2023-11-09 20:00:00,0.02118206,0.016622169166666666,0.0036839606295267207,0.0025787724406687042,0.005525940944290081,0.011051881888580162,0.01920094160733537,0.014043396725997961,0.022148110110956746,0.011096228222376586,0.027674051055246826,0.005570287278086504,0,0,0,0,0,1,0
2023-11-09 21:00:00,0.02780006,0.01724085375,0.004244853186061322,0.0029713972302429256,0.006367279779091984,0.012734559558183967,0.020212250980242926,0.014269456519757074,0.023608133529091982,0.010873573970908016,0.029975413308183967,0.004506294191816033,0,0,0,0,0,0,1
2023-11-09 22:00:00,0.02966533,0.01793489625,0.00484240512836402,0.003389683589854814,0.00726360769254603,0.01452721538509206,0.021324579839854814,0.014545212660145185,0.025198503942546028,0.01067128855745397,0.03246211163509206,0.0034076808649079384,0,0,0,0,0,0,1
2023-11-09 23:00:00,0.02242024,0.01832557125,0.004808774577646487,0.003366142204352541,0.00721316186646973,0.01442632373293946,0.02169171345435254,0.014959429045647458,0.02553873311646973,0.011112409383530268,0.032751894982939456,0.0038992475170605383,0,0,0,0,0,1,0
2023-11-10 00:00:00,0.06118821,0.020329937083333333,0.009880075197443694,0.006916052638210585,0.01482011279616554,0.02964022559233108,0.027245989721543917,0.013413884445122749,0.03515004987949887,0.005509824287167793,0.04997016267566441,-0.009310288508997747,0,0,0,0,0,0,1
2023-11-10 01:00:00,0.06269513,0.022394247500000002,0.012998619512092703,0.009099033658464891,0.019497929268139053,0.03899585853627811,0.03149328115846489,0.01329521384153511,0.041892176768139056,0.002896318231860949,0.061390106036278105,-0.016601611036278104,0,0,0,0,0,0,1
2023-11-10 02:00:00,0.06360782,0.024486248333333335,0.015320911774386199,0.01072463824207034,0.022981367661579297,0.045962735323158595,0.03521088657540367,0.013761610091262996,0.04746761599491263,0.001504880671754038,0.07044898365649194,-0.02147648698982526,0,0,0,0,0,0,1
2023-11-10 03:00:00,0.06453029,0.026609604166666665,0.01716283363401902,0.012013983543813313,0.02574425045102853,0.05148850090205706,0.03862358771047998,0.014595620622853352,0.05235385461769519,0.0008653537156381348,0.07809810506872372,-0.024878896735390395,0,0,0,0,0,0,1
2023-11-10 04:00:00,0.05980892,0.02856565041666666,0.01817351949616833,0.012721463647317832,0.0272602792442525,0.054520558488505,0.04128711406398449,0.01584418676934883,0.05582592966091916,0.0013053711724141624,0.08308620890517165,-0.025954908071838336,0,0,0,0,0,0,1
2023-11-10 05:00:00,0.06018865,0.030522120416666663,0.018961557601351618,0.013273090320946132,0.028442336402027427,0.056884672804054855,0.04379521073761279,0.01724903009572053,0.05896445681869409,0.0020797840146392355,0.08740679322072152,-0.026362552387388192,0,0,0,0,0,0,1
2023-11-10 06:00:00,0.06084447,0.032498628333333335,0.0195628737539191,0.013694011627743368,0.029344310630878646,0.05868862126175729,0.046192639961076705,0.018804616705589965,0.06184293896421198,0.0031543177024546884,0.09118724959509063,-0.026189992928423958,0,0,0,0,0,1,0
2023-11-10 07:00:00,0.06116683,0.034473587916666666,0.019977867500528546,0.01398450725036998,0.02996680125079282,0.05993360250158564,0.04845809516703665,0.020489080666296684,0.06444038916745948,0.004506786665873848,0.0944071904182523,-0.02546001458491897,0,0,0,0,0,1,0
2023-11-10 08:00:00,0.03536004,0.03520695375,0.019658119902005847,0.013760683931404092,0.02948717985300877,0.05897435970601754,0.048967637681404094,0.021446269818595907,0.06469413360300877,0.005719773896991229,0.09418131345601755,-0.02376740595601754,0,0,0,0,1,0,0
2023-11-10 09:00:00,0.03415084,0.03591302625,0.019284193023086437,0.013498935116160505,0.028926289534629654,0.05785257906925931,0.04941196136616051,0.022414091133839496,0.06483931578462965,0.006986736715370347,0.09376560531925932,-0.021939552819259307,0,0,1,0,0,0,0
2023-11-10 10:00:00,0.03231933,0.03657003416666666,0.018859796785993005,0.013201857750195103,0.028289695178989507,0.056579390357979015,0.049771891916861766,0.023368176416471556,0.06485972934565618,0.008280338987677154,0.09314942452464567,-0.020009356191312354,0,0,1,0,0,0,0
2023-11-10 11:00:00,0.02903585,0.03712179375,0.01841397451220495,0.012889782158543465,0.027620961768307428,0.055241923536614855,0.050011575908543465,0.024232011591456534,0.06474275551830742,0.009500831981692572,0.09236371728661485,-0.018120129786614855,0,0,1,0,0,0,0
2023-11-10 12:00:00,0.02841932,0.037542982499999995,0.01807753122200975,0.012654271855406825,0.027116296833014628,0.054232593666029255,0.05019725435540682,0.024888710644593172,0.06465927933301463,0.010426685666985368,0.09177557616602924,-0.01668961116602926,0,0,1,0,0,0,0
2023-11-10 13:00:00,0.02648629,0.037905557916666666,0.01774827740877542,0.012423794186142792,0.026622416113163128,0.053244832226326255,0.050329352102809456,0.025481763730523875,0.0645279740298298,0.011283141803503538,0.09115039014299292,-0.01533927430965959,0,0,1,0,0,0,0
2023-11-10 14:00:00,0.02487619,0.03816478291666666,0.017498559807850277,0.012248991865495194,0.026247839711775415,0.05249567942355083,0.05041377478216186,0.025915791051171467,0.06441262262844208,0.011916943204891246,0.09066046234021749,-0.01433089650688417,0,1,0,0,0,0,0
2023-11-10 15:00:00,0.02377758,0.03828666458333333,0.01738253479746378,0.012167774358224645,0.02607380219619567,0.05214760439239134,0.050454438941557975,0.026118890225108687,0.064360466779529,0.01221286238713766,0.09043426897572468,-0.01386093980905801,0,1,0,0,0,0,0
2023-11-10 16:00:00,0.01422375,0.037873402083333334,0.017845182936355564,0.012491628055448893,0.026767774404533345,0.05353554880906669,0.05036503013878223,0.02538177402788444,0.06464117648786669,0.011105627678799988,0.09140895089240003,-0.015662146725733357,0,1,0,0,0,0,0
2023-11-10 17:00:00,0.01362659,0.03754231041666666,0.01823032562380297,0.012761227936662078,0.027345488435704453,0.054690976871408906,0.050303538353328736,0.024781082480004584,0.06488779885237111,0.010196821980962209,0.09223328728807556,-0.017148666454742244,0,1,0,0,0,0,0
2023-11-10 18:00:00,0.01318273,0.0371813525,0.01863588053541079,0.013045116374787552,0.027953820803116182,0.055907641606232364,0.05022646887478755,0.02413623612521245,0.06513517330311619,0.009227531696883819,0.09308899410623236,-0.018726289106232363,0,1,0,0,0,0,0
2023-11-10 19:00:00,0.01290829,0.03681103375,0.019038848588778173,0.01332719401214472,0.028558272883167257,0.057116545766334514,0.050138227762144716,0.02348383973785528,0.06536930663316726,0.008252760866832742,0.09392757951633451,-0.020305512016334515,0,1,0,0,0,0,0
2023-11-10 20:00:00,0.00778756,0.036252929583333336,0.019701699397310892,0.013791189578117624,0.029552549095966336,0.05910509819193267,0.05004411916145096,0.02246174000521571,0.06580547867929967,0.006700380487367,0.095358027775266,-0.022852168608599337,0,1,0,0,0,0,0
2023-11-10 21:00:00,0.00745718,0.03540530958333333,0.02050250379003969,0.014351752653027783,0.030753755685059538,0.061507511370119075,0.049757062236361116,0.021053556930305545,0.06615906526839287,0.004651553898273791,0.09691282095345241,-0.026102201786785746,0,1,0,0,0,0,0
2023-11-10 22:00:00,0.0072053,0.034469475,0.021273974220670094,0.014891781954469064,0.03191096133100514,0.06382192266201028,0.049361256954469065,0.019577693045530933,0.06638043633100514,0.002558513668994858,0.09829139766201028,-0.029352447662010284,0,1,0,0,0,0,0
2023-11-10 23:00:00,0.00704545,0.03382885875,0.02187556634105234,0.015312896438736638,0.032813349511578514,0.06562669902315703,0.04914175518873664,0.018515962311263366,0.06664220826157852,0.0010155092384214887,0.09945555777315704,-0.031797840273157026,0,1,0,0,0,0,0
2023-11-11 00:00:00,0.01044075,0.03171438125,0.021566474012658786,0.01509653180886115,0.032349711018988175,0.06469942203797635,0.04681091305886115,0.01661784944113885,0.06406409226898818,-0.0006353297689881757,0.09641380328797636,-0.03298504078797635,0,1,0,0,0,0,0
2023-11-11 01:00:00,0.01041792,0.029536164166666667,0.02093203887902666,0.014652427215318661,0.03139805831853999,0.06279611663707999,0.04418859138198533,0.014883736951348005,0.06093422248520666,-0.0018618941518733258,0.09233228080374666,-0.033259952470413315,0,1,0,0,0,0,0
2023-11-11 02:00:00,0.01045575,0.02732149458333333,0.019959661481388283,0.013971763036971797,0.029939492222082427,0.059878984444164854,0.04129325762030513,0.013349731546361534,0.05726098680541576,-0.0026179976387490957,0.08720047902749818,-0.032557489860831526,0,1,0,0,0,0,0
2023-11-11 03:00:00,0.01045806,0.025068485,0.018581175263049754,0.013006822684134826,0.02787176289457463,0.05574352578914926,0.03807530768413483,0.012061662315865175,0.05294024789457463,-0.0028032778945746295,0.08081201078914926,-0.03067504078914926,0,1,0,0,0,0,0
2023-11-11 04:00:00,0.01054713,0.023015910416666664,0.0172498772957895,0.01207491410705265,0.02587481594368425,0.0517496318873685,0.03509082452371931,0.010940996309614013,0.04889072636035091,-0.0028589055270175877,0.07476554230403516,-0.02873372147070184,0,1,0,0,0,0,0
2023-11-11 05:00:00,0.01103885,0.020968002083333336,0.01547062188914394,0.010829435322400757,0.023205932833715907,0.046411865667431815,0.0317974374057341,0.010138566760932579,0.04417393491704924,-0.002237930750382571,0.06737986775076515,-0.02544386358409848,0,0,1,0,0,0,0
2023-11-11 06:00:00,0.01149583,0.01891180875,0.013026632024163364,0.009118642416914353,0.019539948036245047,0.03907989607249009,0.028030451166914352,0.009793166333085645,0.038451756786245045,-0.0006281392862450483,0.057991704822490095,-0.020168087322490095,0,0,1,0,0,0,0
2023-11-11 07:00:00,0.01192404,0.016860025833333334,0.009475939415429721,0.006633157590800805,0.014213909123144582,0.028427818246289163,0.02349318342413414,0.010226868242532529,0.031073934956477915,0.002646116710188752,0.0452878440796225,-0.01156779241295583,0,0,1,0,0,0,0
2023-11-11 08:00:00,0.01772004,0.01612502583333333,0.00862446605710244,0.006037126239971708,0.01293669908565366,0.02587339817130732,0.02216215207330504,0.010087899593361623,0.02906172491898699,0.00318832674767967,0.041998424004640655,-0.00974837233797399,0,0,0,0,1,0,0
2023-11-11 09:00:00,0.0176698,0.015438315833333332,0.007737293076783549,0.0054161051537484845,0.011605939615175323,0.023211879230350646,0.020854420987081818,0.010022210679584847,0.027044255448508657,0.003832376218158009,0.03865019506368398,-0.007773563397017314,0,0,0,0,1,0,0
2023-11-11 10:00:00,0.01717667,0.014807371666666666,0.006869625198648136,0.004808737639053695,0.010304437797972204,0.020608875595944407,0.019616109305720362,0.00999863402761297,0.025111809464638868,0.0045029338686944625,0.03541624726261107,-0.005801503929277741,0,0,0,0,1,0,0
2023-11-11 11:00:00,0.0172009,0.01431424875,0.006195557860433289,0.004336890502303302,0.009293336790649934,0.018586673581299867,0.0186511392523033,0.009977358247696699,0.023607585540649935,0.005020911959350066,0.03290092233129987,-0.004272424831299868,0,0,0,0,1,0,0
2023-11-11 12:00:00,0.0173842,0.013854452083333331,0.005470280216823009,0.0038291961517761064,0.008205420325234514,0.01641084065046903,0.01768364823510944,0.010025255931557224,0.022059872408567847,0.005649031758098817,0.03026529273380236,-0.0025563885671356975,0,0,0,0,1,0,0
2023-11-11 13:00:00,0.01715075,0.013465471249999998,0.004827106949917525,0.0033789748649422674,0.007240660424876288,0.014481320849752576,0.016844446114942267,0.01008649638505773,0.020706131674876286,0.00622481082512371,0.027946792099752572,-0.0010158495997525784,0,0,0,0,0,1,0
2023-11-11 14:00:00,0.0166165,0.0131213175,0.004236507950521106,0.002965555565364774,0.006354761925781658,0.012709523851563317,0.016086873065364774,0.010155761934635226,0.01947607942578166,0.006766555574218342,0.025830841351563317,0.0004117936484366834,0,0,0,0,0,1,0
2023-11-11 15:00:00,0.01607056,0.012800191666666664,0.0036443593626550265,0.0025510515538585184,0.005466539043982539,0.010933078087965079,0.015351243220525182,0.010249140112808145,0.0182667307106492,0.007333652622684124,0.02373326975463174,0.001867113578701585,0,0,0,0,0,1,0
2023-11-11 16:00:00,0.00962569,0.012608605833333333,0.0036868814919598604,0.002580817044371902,0.00553032223793979,0.01106064447587958,0.015189422877705236,0.01002778878896143,0.018138928071273125,0.007078283595393543,0.023669250309212915,0.0015479613574537528,0,1,0,0,0,0,0
2023-11-11 17:00:00,0.00913078,0.012421280416666666,0.0037466390121205563,0.002622647308484389,0.005619958518180835,0.01123991703636167,0.015043927725151056,0.009798633108182277,0.0180412389348475,0.006801321898485832,0.023661197453028335,0.001181363380304997,0,1,0,0,0,0,0
2023-11-11 18:00:00,0.0090132,0.012247549999999998,0.0038059953955888997,0.0026641967769122296,0.0057089930933833495,0.011417986186766699,0.014911746776912227,0.009583353223087768,0.017956543093383348,0.006538556906616648,0.023665536186766697,0.0008295638132332986,0,1,0,0,0,0,0
2023-11-11 19:00:00,0.00893197,0.01208187,0.0038621154293976973,0.0027034808005783877,0.005793173144096546,0.011586346288193092,0.014785350800578387,0.009378389199421612,0.017875043144096547,0.006288696855903454,0.023668216288193093,0.000495523711806908,0,1,0,0,0,0,0
2023-11-11 20:00:00,0.00923469,0.012142167083333334,0.0038029999395666233,0.002662099957696636,0.005704499909349935,0.01140899981869987,0.01480426704102997,0.009480067125636697,0.01784666699268327,0.006437667173983399,0.023551166902033203,0.0007331672646334643,0,1,0,0,0,0,0
2023-11-11 21:00:00,0.00976753,0.012238431666666666,0.0037072900500778497,0.0025951030350544945,0.005560935075116774,0.011121870150233549,0.01483353470172116,0.009643328631612172,0.01779936674178344,0.006677496591549891,0.023360301816900214,0.001116561516433117,0,0,1,0,0,0,0
2023-11-11 22:00:00,0.01013843,0.012360645416666665,0.003580327363365129,0.0025062291543555904,0.005370491045047694,0.010740982090095387,0.014866874571022256,0.009854416262311073,0.01773113646171436,0.006990154371618971,0.023101627506762052,0.0016196633265712773,0,0,1,0,0,0,0
2023-11-11 23:00:00,0.01033123,0.012497552916666663,0.0034278177197396417,0.002399472403817749,0.005141726579609462,0.010283453159218924,0.014897025320484411,0.010098080512848915,0.017639279496276125,0.007355826337057201,0.02278100607588559,0.002214099757447739,0,0,1,0,0,0,0
2023-11-12 00:00:00,0.018841,0.01284756333333333,0.0036314878793621153,0.0025420415155534806,0.005447231819043173,0.010894463638086346,0.015389604848886811,0.01030552181777985,0.018294795152376503,0.007400331514290158,0.023742026971419677,0.0019530996952469848,0,0,0,0,0,0,1
2023-11-12 01:00:00,0.01888563,0.013200384583333334,0.003792926433163632,0.002655048503214542,0.005689389649745448,0.011378779299490896,0.015855433086547875,0.010545336080118792,0.018889774233078784,0.007510994933587886,0.02457916388282423,0.0018216052838424378,0,0,0,0,0,1,0
2023-11-12 02:00:00,0.01877315,0.013546942916666664,0.00390943631231732,0.002736605418622124,0.00586415446847598,0.01172830893695196,0.016283548335288788,0.01081033749804454,0.019411097385142642,0.007682788448190684,0.025275251853618626,0.0018186339797147035,0,0,0,0,0,1,0
2023-11-12 03:00:00,0.01904537,0.013904747499999997,0.004006211732682209,0.0028043482128775462,0.006009317599023314,0.012018635198046627,0.016709095712877542,0.011100399287122451,0.019914065099023312,0.007895429900976683,0.025923382698046622,0.0018861123019533691,0,0,0,0,0,1,0
2023-11-12 04:00:00,0.01996991,0.014297363333333334,0.0041228784506645005,0.00288601491546515,0.006184317675996751,0.012368635351993501,0.017183378248798484,0.011411348417868183,0.020481681009330083,0.008113045657336584,0.026665998685326833,0.0019287279813398322,0,0,0,0,0,1,0
2023-11-12 05:00:00,0.01993515,0.014668042499999997,0.004216045802597761,0.002951232061818432,0.006324068703896641,0.012648137407793282,0.01761927456181843,0.011716810438181565,0.020992111203896636,0.008343973796103356,0.02731617990779328,0.002019905092206715,0,0,0,0,0,1,0
2023-11-12 06:00:00,0.02006703,0.015025175833333333,0.004297881396557786,0.0030085169775904497,0.006446822094836678,0.012893644189673356,0.018033692810923783,0.012016658855742882,0.021471997928170013,0.008578353738496655,0.02791882002300669,0.0021315316436599768,0,0,0,0,0,1,0
2023-11-12 07:00:00,0.02029225,0.01537385125,0.00437412491216472,0.0030618874385153036,0.00656118736824708,0.01312237473649416,0.018435738688515304,0.012311963811484698,0.021935038618247082,0.00881266388175292,0.02849622598649416,0.002251476513505841,0,0,0,0,0,1,0
2023-11-12 08:00:00,0.01763653,0.015370371666666665,0.004372210186687154,0.0030605471306810075,0.006558315280030732,0.013116630560061463,0.01843091879734767,0.012309824535985657,0.021928686946697397,0.008812056386635934,0.028487002226728127,0.002253741106605202,0,0,0,0,1,0,0
2023-11-12 09:00:00,0.01905993,0.01542829375,0.004413014620269382,0.003089110234188567,0.006619521930404073,0.013239043860808146,0.018517403984188566,0.012339183515811434,0.022047815680404072,0.008808771819595928,0.028667337610808148,0.0021892498891918546,0,0,0,0,0,1,0
2023-11-12 10:00:00,0.01905138,0.015506406666666667,0.004461631356391529,0.00312314194947407,0.006692447034587294,0.013384894069174588,0.01862954861614074,0.012383264717192597,0.022198853701253962,0.008813959632079373,0.028891300735841254,0.002121512597492079,0,0,0,0,0,1,0
2023-11-12 11:00:00,0.0187958,0.015572860833333332,0.004499682903716566,0.0031497780326015957,0.006749524355574849,0.013499048711149698,0.018722638865934928,0.012423082800731736,0.02232238518890818,0.008823336477758483,0.029071909544483028,0.0020738121221836343,0,0,0,0,0,1,0
2023-11-12 12:00:00,0.01997042,0.015680619999999996,0.004575279756319952,0.003202695829423966,0.006862919634479927,0.013725839268959854,0.01888331582942396,0.01247792417057603,0.02254353963447992,0.008817700365520069,0.02940645926895985,0.0019547807310401413,0,0,0,0,0,1,0
2023-11-12 13:00:00,0.01919963,0.015765989999999997,0.004622772026445474,0.0032359404185118316,0.006934158039668211,0.013868316079336421,0.01900193041851183,0.012530049581488165,0.02270014803966821,0.008831831960331786,0.02963430607933642,0.0018976739206635757,0,0,0,0,0,1,0
2023-11-12 14:00:00,0.01882211,0.015857890416666666,0.004662171044516248,0.0032635197311613735,0.006993256566774372,0.013986513133548744,0.01912141014782804,0.012594370685505292,0.02285114698344104,0.008864633849892294,0.02984440355021541,0.001871377283117922,0,0,0,0,1,0,0
2023-11-12 15:00:00,0.01829224,0.015950460416666666,0.00468855898014143,0.0032819912860990006,0.007032838470212145,0.01406567694042429,0.019232451702765666,0.012668469130567666,0.022983298886878813,0.008917621946454521,0.030016137357090956,0.0018847834762423764,0,0,0,0,1,0,0
2023-11-12 16:00:00,0.02288119,0.01650277291666667,0.004691854993895593,0.003284298495726915,0.00703778249084339,0.01407556498168678,0.019787071412393584,0.013218474420939753,0.023540555407510058,0.009464990425823279,0.030578337898353448,0.0024272079349798893,0,0,0,0,0,1,0
2023-11-12 17:00:00,0.02250934,0.017060212916666668,0.0045711067996753885,0.003199774759772772,0.006856660199513083,0.013713320399026166,0.02025998767643944,0.013860438156893896,0.02391687311617975,0.010203552717153584,0.030773533315692832,0.0033468925176405023,0,0,0,0,0,1,0
2023-11-12 18:00:00,0.02367526,0.017671132083333332,0.004426366147057509,0.003098456302940256,0.006639549220586263,0.013279098441172525,0.020769588386273588,0.014572675780393077,0.024310681303919595,0.01103158286274707,0.030950230524505858,0.004392033642160807,0,0,0,0,0,1,0
2023-11-12 19:00:00,0.02626653,0.018393405416666665,0.00435201161959857,0.0030464081337189986,0.006528017429397855,0.01305603485879571,0.021439813550385663,0.015346997282947666,0.02492142284606452,0.01186538798726881,0.03144944027546237,0.005337370557870955,0,0,0,0,0,0,1
2023-11-12 20:00:00,0.02803847,0.01917689625,0.004324011481025592,0.003026808036717914,0.006486017221538388,0.012972034443076775,0.02220370428671791,0.016150088213282086,0.025662913471538387,0.01269087902846161,0.032148930693076776,0.0062048618069232234,0,0,0,0,0,0,1
2023-11-12 21:00:00,0.02848163,0.019956650416666666,0.004239986828867342,0.0029679907802071396,0.006359980243301013,0.012719960486602027,0.022924641196873805,0.016988659636459527,0.02631663065996768,0.013596670173365653,0.03267661090326869,0.007236689930064639,0,0,0,0,0,0,1
2023-11-12 22:00:00,0.0290142,0.020743140833333333,0.004087512112458378,0.002861258478720865,0.006131268168687568,0.012262536337375136,0.023604399312054197,0.01788188235461247,0.0268744090020209,0.014611872664645765,0.03300567717070847,0.008480604495958197,0,0,0,0,0,0,1
2023-11-12 23:00:00,0.02886086,0.02151520875,0.0037732566699317216,0.002641279668952205,0.005659885004897582,0.011319770009795165,0.024156488418952207,0.018873929081047795,0.027175093754897583,0.01585532374510242,0.032834978759795165,0.010195438740204836,0,0,0,0,0,0,1
2023-11-13 00:00:00,0.02923341,0.02194822583333333,0.0040399142407231995,0.0028279399685062394,0.006059871361084799,0.012119742722169598,0.02477616580183957,0.019120285864827093,0.02800809719441813,0.015888354472248532,0.034067968555502925,0.009828483111163733,0,0,0,0,0,0,1
2023-11-13 01:00:00,0.02817055,0.022335097499999998,0.00417615703824868,0.0029233099267740757,0.00626423555737302,0.01252847111474604,0.025258407426774074,0.01941178757322592,0.028599333057373017,0.01607086194262698,0.034863568614746036,0.009806626385253958,0,0,0,0,0,1,0
2023-11-13 02:00:00,0.02727944,0.022689526249999998,0.004221429770254194,0.0029550008391779356,0.006332144655381291,0.012664289310762583,0.025644527089177933,0.019734525410822063,0.02902167090538129,0.016357381594618706,0.03535381556076258,0.010025236939237415,0,0,0,0,0,1,0
2023-11-13 03:00:00,0.02593943,0.02297677875,0.004197164973081502,0.0029380154811570513,0.006295747459622253,0.012591494919244507,0.02591479423115705,0.02003876326884295,0.029272526209622254,0.016681031290377745,0.035568273669244505,0.010385283830755493,0,0,0,0,0,1,0
2023-11-13 04:00:00,0.02446439,0.02316404875,0.004157248797299101,0.002910074158109371,0.0062358731959486526,0.012471746391897305,0.02607412290810937,0.020253974591890628,0.029399921945948652,0.016928175554051347,0.035635795141897304,0.010692302358102694,0,0,0,0,1,0,0
2023-11-13 05:00:00,0.02345762,0.02331081833333333,0.004100084354528316,0.002870059048169821,0.0061501265317924735,0.012300253063584947,0.02618087738150315,0.02044075928516351,0.029460944865125804,0.017160691801540857,0.03561107139691828,0.011010565269748383,0,0,0,0,1,0,0
2023-11-13 06:00:00,0.02262425,0.023417369166666663,0.0040449788994481135,0.002831485229613679,0.00606746834917217,0.01213493669834434,0.026248854396280344,0.020585883937052983,0.029484837515838833,0.017349900817494494,0.035552305865011,0.011282432468322324,0,0,1,0,0,0,0
2023-11-13 07:00:00,0.02208447,0.023492045,0.00400108172162157,0.0028007572051350987,0.006001622582432355,0.01200324516486471,0.026292802205135097,0.020691287794864902,0.029493667582432354,0.017490422417567646,0.03549529016486471,0.01148879983513529,0,0,1,0,0,0,0
2023-11-13 08:00:00,0.01596467,0.023422384166666668,0.004120241228721776,0.002884168860105243,0.006180361843082664,0.012360723686165328,0.02630655302677191,0.020538215306561424,0.029602746009749333,0.017242022323584003,0.035783107852831994,0.01106166048050134,1,0,0,0,0,0,0
2023-11-13 09:00:00,0.0153851,0.02326926625,0.0043512175562985195,0.0030458522894089633,0.00652682633444778,0.01305365266889556,0.026315118539408964,0.020223413960591036,0.029796092584447778,0.016742439915552222,0.03632291891889556,0.01021561358110444,1,0,0,0,0,0,0
2023-11-13 10:00:00,0.01483455,0.023093565,0.004606583845123755,0.003224608691586628,0.006909875767685632,0.013819751535371265,0.02631817369158663,0.01986895630841337,0.030003440767685633,0.016183689232314367,0.03691331653537126,0.009273813464628735,1,0,0,0,0,0,0
2023-11-13 11:00:00,0.01485533,0.022929378749999996,0.0048311709784843275,0.003381819684939029,0.007246756467726491,0.014493512935452982,0.026311198434939027,0.019547559065060966,0.03017613521772649,0.015682622282273503,0.03742289168545298,0.008435865814547014,1,0,0,0,0,0,0
2023-11-13 12:00:00,0.01265514,0.022624575416666667,0.005239481067967499,0.003667636747577249,0.007859221601951249,0.015718443203902498,0.026292212164243916,0.01895693866908942,0.030483797018617916,0.014765353814715419,0.038343018620569165,0.00690613221276417,1,0,0,0,0,0,0
2023-11-13 13:00:00,0.01311726,0.022371143333333333,0.0055502332518188695,0.0038851632762732084,0.008325349877728304,0.01665069975545661,0.026256306609606542,0.018485980057060123,0.03069649321106164,0.014045793455605029,0.03902184308878994,0.005720443577876724,1,0,0,0,0,0,0
2023-11-13 14:00:00,0.01342313,0.02214618583333333,0.005803948485110413,0.004062763939577289,0.00870592272766562,0.01741184545533124,0.02620894977291062,0.018083421893756044,0.030852108560998952,0.013440263105667712,0.03955803128866457,0.0047343403780020915,1,0,0,0,0,0,0
2023-11-13 15:00:00,0.0136434,0.02195248416666666,0.00601200897767184,0.004208406284370288,0.009018013466507761,0.018036026933015523,0.02616089045103695,0.017744077882296372,0.030970497633174422,0.0129344707001589,0.039988511099682184,0.003916457233651138,0,1,0,0,0,0,0
2023-11-13 16:00:00,0.01898086,0.021789970416666665,0.0060384708444507105,0.004226929591115497,0.009057706266676065,0.01811541253335213,0.026016900007782163,0.017563040825551168,0.03084767668334273,0.0127322641499906,0.039905382950018796,0.0036745578833145345,0,0,1,0,0,0,0
2023-11-13 17:00:00,0.01720117,0.021568796666666668,0.006107791040265197,0.004275453728185638,0.009161686560397796,0.018323373120795593,0.025844250394852306,0.01729334293848103,0.030730483227064464,0.012407110106268871,0.03989216978746226,0.003245423545871075,0,1,0,0,0,0,0
2023-11-13 18:00:00,0.01616166,0.021255729999999997,0.006187172014868574,0.0043310204104080015,0.009280758022302861,0.018561516044605722,0.025586750410407998,0.016924709589591996,0.030536488022302858,0.011974971977697136,0.03981724604460572,0.002694213955394275,0,1,0,0,0,0,0
2023-11-13 19:00:00,0.01617423,0.0208352175,0.006174755164174271,0.0043223286149219895,0.009262132746261406,0.018524265492522812,0.025157546114921988,0.01651288888507801,0.030097350246261406,0.011573084753738593,0.039359482992522815,0.002310952007477187,0,1,0,0,0,0,0
2023-11-13 20:00:00,0.01543374,0.020310020416666665,0.006070613377555827,0.004249429364289079,0.00910592006633374,0.01821184013266748,0.02455944978095574,0.016060591052377587,0.029415940483000405,0.011204100350332924,0.038521860549334146,0.0020981802839991834,0,1,0,0,0,0,0
2023-11-13 21:00:00,0.01441196,0.019723784166666664,0.0059247738494766135,0.004147341694633629,0.00888716077421492,0.01777432154842984,0.023871125861300295,0.015576442472033035,0.028610944940881584,0.010836623392451745,0.0374981057150965,0.0019494626182368253,0,1,0,0,0,0,0
2023-11-13 22:00:00,0.01364346,0.019083336666666666,0.005703477590796523,0.003992434313557566,0.008555216386194785,0.01711043277238957,0.02307577098022423,0.0150909023531091,0.02763855305286145,0.01052812028047188,0.036193769439056236,0.001972903894277095,0,1,0,0,0,0,0
2023-11-13 23:00:00,0.01270962,0.018410368333333333,0.005446726703536957,0.0038127086924758693,0.008170090055305435,0.01634018011061087,0.022223077025809203,0.014597659640857463,0.026580458388638768,0.010240278278027898,0.03475054844394421,0.0020701882227224626,0,1,0,0,0,0,0
2023-11-14 00:00:00,0.00947823,0.017587235833333333,0.005228354403158307,0.003659848082210815,0.007842531604737461,0.015685063209474923,0.021247083915544147,0.013927387751122518,0.025429767438070794,0.009744704228595871,0.033272299042808255,0.00190217262385841,1,0,0,0,0,0,0
2023-11-14 01:00:00,0.00934115,0.016802677499999998,0.0049779491793231,0.00348456442552617,0.007466923768984651,0.014933847537969301,0.020287241925526167,0.013318113074473828,0.02426960126898465,0.009335753731015348,0.031736525037969296,0.001868829962030697,0,1,0,0,0,0,0
2023-11-14 02:00:00,0.00953861,0.01606347625,0.004661729363683919,0.003263210554578743,0.006992594045525878,0.013985188091051756,0.019326686804578743,0.012800265695421257,0.02305607029552588,0.009070882204474122,0.030048664341051756,0.0020782881589482445,0,1,0,0,0,0,0
2023-11-14 03:00:00,0.00973103,0.01538812625,0.004331124190254406,0.003031786933178084,0.00649668628538161,0.01299337257076322,0.018419913183178083,0.012356339316821917,0.02188481253538161,0.00889143996461839,0.02838149882076322,0.002394753679236781,0,1,0,0,0,0,0
2023-11-14 04:00:00,0.00916252,0.014750548333333334,0.004054370269051771,0.00283805918833624,0.006081555403577656,0.012163110807155313,0.017588607521669575,0.011912489144997094,0.020832103736910988,0.008668992929755677,0.026913659140488648,0.002587437526178021,0,1,0,0,0,0,0
2023-11-14 05:00:00,0.00915635,0.014154662083333332,0.0037592329712600307,0.0026314630798820213,0.005638849456890046,0.011277698913780092,0.016786125163215353,0.01152319900345131,0.01979351154022338,0.008515812626443285,0.025432360997113424,0.0028769631695532392,0,1,0,0,0,0,0
2023-11-14 06:00:00,0.00880055,0.013578674583333332,0.003451543237450635,0.0024160802662154444,0.005177314856175953,0.010354629712351906,0.015994754849548775,0.011162594317117887,0.018755989439509284,0.00840135972715738,0.023933304295685236,0.0032240448709814264,0,1,0,0,0,0,0
2023-11-14 07:00:00,0.00844636,0.01301042,0.0030944877033089995,0.0021661413923162996,0.004641731554963499,0.009283463109926999,0.015176561392316299,0.0108442786076837,0.0176521515549635,0.0083686884450365,0.022293883109927,0.0037269568900730014,0,1,0,0,0,0,0
2023-11-14 08:00:00,0.01542532,0.012987947083333333,0.003073990987061409,0.0021517936909429864,0.004610986480592114,0.009221972961184228,0.015139740774276319,0.010836153392390347,0.017598933563925445,0.008376960602741219,0.02220992004451756,0.003765974122149105,0,0,0,0,0,1,0
2023-11-14 09:00:00,0.01464996,0.012957316249999998,0.0030526545854441724,0.0021368582098109205,0.004578981878166259,0.009157963756332517,0.015094174459810919,0.010820458040189078,0.017536298128166258,0.008378334371833739,0.022115280006332515,0.003799352493667481,0,0,0,0,1,0,0
2023-11-14 10:00:00,0.0144603,0.012941722499999997,0.0030435906858901278,0.0021305134801230894,0.0045653860288351914,0.009130772057670383,0.015072235980123087,0.010811209019876908,0.017507108528835188,0.008376336471164807,0.02207249455767038,0.0038109504423296144,0,0,0,0,1,0,0
2023-11-14 11:00:00,0.01477433,0.0129383475,0.0030414205867342736,0.0021289944107139914,0.00456213088010141,0.00912426176020282,0.015067341910713992,0.01080935308928601,0.017500478380101412,0.00837621661989859,0.02206260926020282,0.00381408573979718,0,0,0,0,1,0,0
2023-11-14 12:00:00,0.01551201,0.01305738375,0.0030854424131279735,0.0021598096891895812,0.00462816361969196,0.00925632723938392,0.015217193439189581,0.01089757406081042,0.01768554736969196,0.00842922013030804,0.022313710989383923,0.0038010565106160795,0,0,0,0,0,1,0
2023-11-14 13:00:00,0.01626695,0.013188620833333331,0.003154316135955185,0.0022080212951686292,0.004731474203932777,0.009462948407865554,0.015396642128501961,0.010980599538164701,0.017920095037266107,0.008457146629400555,0.022651569241198884,0.0037256724254677766,0,0,0,0,0,1,0
2023-11-14 14:00:00,0.01593205,0.013293159166666665,0.0032036152627901524,0.0022425306839531063,0.004805422894185229,0.009610845788370457,0.015535689850619771,0.01105062848271356,0.018098582060851895,0.008487736272481436,0.022904004955037124,0.003682313378296208,0,0,0,0,0,1,0
2023-11-14 15:00:00,0.01499939,0.01334965875,0.0032219654374368487,0.002255375806205794,0.004832948156155273,0.009665896312310546,0.015605034556205793,0.011094282943794206,0.018182606906155273,0.008516710593844727,0.023015555062310546,0.0036837624376894543,0,0,0,0,1,0,0
2023-11-14 16:00:00,0.02131786,0.013447033749999998,0.0034282626333133224,0.0023997838433193253,0.005142393949969983,0.010284787899939966,0.015846817593319323,0.011047249906680674,0.018589427699969983,0.008304639800030015,0.023731821649939963,0.003162245850060032,0,0,0,0,0,0,1
2023-11-14 17:00:00,0.02089225,0.013600828749999997,0.003677715997767853,0.002574401198437497,0.00551657399665178,0.01103314799330356,0.016175229948437495,0.011026427551562499,0.019117402746651777,0.008084254753348216,0.024633976743303556,0.0025676807566964374,0,0,0,0,0,0,1
2023-11-14 18:00:00,0.0210342,0.013803851249999999,0.003949664819475544,0.002764765373632881,0.005924497229213316,0.011848994458426632,0.01656861662363288,0.011039085876367118,0.019728348479213315,0.007879354020786683,0.02565284570842663,0.0019548567915733672,0,0,0,0,0,0,1
2023-11-14 19:00:00,0.01855152,0.013902905,0.004040462650729391,0.0028283238555105736,0.0060606939760940864,0.012121387952188173,0.016731228855510573,0.011074581144489427,0.019963598976094087,0.007842211023905914,0.026024292952188173,0.0017815170478118272,0,0,0,0,0,1,0
2023-11-14 20:00:00,0.01745281,0.013987032916666664,0.004094382649720791,0.0028660678548045534,0.006141573974581186,0.012283147949162371,0.016853100771471216,0.011120965061862111,0.02012860689124785,0.007845458942085479,0.026270180865829038,0.001703884967504293,0,0,0,0,0,1,0
2023-11-14 21:00:00,0.01674753,0.014084348333333331,0.004132499967894652,0.002892749977526256,0.006198749951841978,0.012397499903683957,0.016977098310859588,0.011191598355807075,0.02028309828517531,0.007885598381491353,0.02648184823701729,0.0016868484296493746,0,0,0,0,1,0,0
2023-11-14 22:00:00,0.016751,0.014213829166666664,0.0041666276081084395,0.0029166393256759076,0.006249941412162659,0.012499882824325318,0.017130468492342572,0.011297189840990755,0.020463770578829324,0.007963887754504004,0.026713711990991984,0.0017139463423413454,0,0,0,0,1,0,0
2023-11-14 23:00:00,0.01680032,0.014384275,0.004186043666084385,0.0029302305662590694,0.006279065499126577,0.012558130998253154,0.01731450556625907,0.01145404443374093,0.020663340499126576,0.008105209500873423,0.026942405998253156,0.0018261440017468458,0,0,0,0,1,0,0
2023-11-15 00:00:00,0.01066203,0.014433599999999998,0.004132351449621786,0.0028926460147352504,0.006198527174432679,0.012397054348865358,0.017326246014735248,0.011540953985264748,0.020632127174432677,0.008235072825567319,0.026830654348865356,0.00203654565113464,0,1,0,0,0,0,0
2023-11-15 01:00:00,0.01030399,0.014473718333333331,0.00408516701689828,0.002859616911828796,0.0061277505253474205,0.012255501050694841,0.01733333524516213,0.011614101421504534,0.020601468858680753,0.00834596780798591,0.026729219384028172,0.0022182172826384905,0,1,0,0,0,0,0
2023-11-15 02:00:00,0.00973824,0.014482036249999998,0.004074871884168831,0.0028524103189181815,0.006112307826253246,0.012224615652506493,0.01733444656891818,0.011629625931081817,0.020594344076253244,0.008369728423746753,0.02670665190250649,0.0022574205974935056,0,1,0,0,0,0,0
2023-11-15 03:00:00,0.00948575,0.014471816249999998,0.004087593472978626,0.0028613154310850385,0.00613139020946794,0.01226278041893588,0.017333131681085037,0.01161050081891496,0.02060320645946794,0.008340426040532058,0.02673459666893588,0.0022090358310641184,0,1,0,0,0,0,0
2023-11-15 04:00:00,0.0094064,0.014481977916666664,0.004074101693977379,0.002851871185784165,0.006111152540966069,0.012222305081932137,0.01733384910245083,0.0116301067308825,0.02059313045763273,0.008370825375700596,0.026704282998598804,0.002259672834734527,0,1,0,0,0,0,0
2023-11-15 05:00:00,0.00940084,0.014492165,0.0040604891827666755,0.0028423424279366725,0.006090733774150013,0.012181467548300027,0.01733450742793667,0.011649822572063328,0.020582898774150014,0.008401431225849985,0.026673632548300026,0.002310697451699973,0,1,0,0,0,0,0
2023-11-15 06:00:00,0.00933373,0.014514380833333331,0.004029334234468531,0.0028205339641279715,0.006044001351702797,0.012088002703405595,0.0173349147974613,0.01169384686920536,0.02055838218503613,0.008470379481630534,0.026602383536738924,0.002426378129927737,0,1,0,0,0,0,0
2023-11-15 07:00:00,0.00930499,0.014550157083333333,0.003976580615682463,0.0027836064309777237,0.005964870923523694,0.011929741847047388,0.017333763514311058,0.01176655065235561,0.020515028006857026,0.008585286159809639,0.02647989893038072,0.002620415236285945,0,1,0,0,0,0,0
2023-11-15 08:00:00,0.01431526,0.014503904583333333,0.003972412318776212,0.002780688623143348,0.005958618478164318,0.011917236956328636,0.01728459320647668,0.011723215960189985,0.02046252306149765,0.008545286105169015,0.02642114153966197,0.0025866676270046973,0,0,1,0,0,0,0
2023-11-15 09:00:00,0.01431355,0.0144898875,0.003972468068079992,0.002780727647655994,0.0059587021021199876,0.011917404204239975,0.017270615147655995,0.011709159852344005,0.02044858960211999,0.008531185397880012,0.026407291704239975,0.0025724832957600245,0,0,1,0,0,0,0
2023-11-15 10:00:00,0.01431181,0.014483700416666667,0.0039726317864691415,0.0027808422505283988,0.005958947679703713,0.011917895359407425,0.017264542667195064,0.011702858166138268,0.020442648096370378,0.008524752736962954,0.026401595776074094,0.0025658050572592416,0,0,1,0,0,0,0
2023-11-15 11:00:00,0.01433294,0.014465309166666667,0.003972249508257433,0.002780574655780203,0.00595837426238615,0.0119167485247723,0.01724588382244687,0.011684734510886464,0.02042368342905282,0.008506934904280518,0.02638205769143897,0.0025485606418943676,0,0,1,0,0,0,0
2023-11-15 12:00:00,0.0143447,0.014416671249999999,0.0039660176609193805,0.0027762123626435663,0.005949026491379071,0.011898052982758141,0.017192883612643567,0.011640458887356432,0.02036569774137907,0.008467644758620928,0.02631472423275814,0.0025186182672418574,0,0,1,0,0,0,0
2023-11-15 13:00:00,0.01430447,0.014334901249999999,0.003946392935728515,0.00276247505500996,0.0059195894035927715,0.011839178807185543,0.01709737630500996,0.011572426194990038,0.02025449065359277,0.008415311846407227,0.026174080057185543,0.002495722442814456,0,0,1,0,0,0,0
2023-11-15 14:00:00,0.01429577,0.014266722916666667,0.003931707693780732,0.0027521953856465124,0.005897561540671098,0.011795123081342196,0.01701891830231318,0.011514527531020155,0.020164284457337766,0.008369161375995568,0.026061845998008863,0.0024715998353244707,0,0,0,0,1,0,0
2023-11-15 15:00:00,0.01424449,0.01423526875,0.003928609846242565,0.0027500268923697953,0.005892914769363848,0.011785829538727696,0.016985295642369794,0.011485241857630205,0.020128183519363848,0.008342353980636152,0.026021098288727694,0.0024494392112723046,0,0,0,0,1,0,0
2023-11-15 16:00:00,0.00798203,0.013679609166666667,0.0038250384866525557,0.002677526940656789,0.005737557729978833,0.011475115459957667,0.016357136107323457,0.011002082226009877,0.0194171668966455,0.007942051436687834,0.025154724626624332,0.0022044937067090004,0,1,0,0,0,0,0
2023-11-15 17:00:00,0.00780852,0.013134453749999999,0.003682071609092562,0.002577450126364793,0.005523107413638843,0.011046214827277686,0.015711903876364793,0.010557003623635205,0.01865756116363884,0.007611346336361156,0.024180668577277686,0.0020882389227223127,0,1,0,0,0,0,0
2023-11-15 18:00:00,0.0079064,0.012587462083333332,0.0034235230943906523,0.0023964661660734565,0.005135284641585978,0.010270569283171957,0.01498392824940679,0.010190995917259875,0.01772274672491931,0.007452177441747354,0.02285803136650529,0.0023168928001613756,0,1,0,0,0,0,0
2023-11-15 19:00:00,0.00816724,0.01215478375,0.003290612881723387,0.002303429017206371,0.004935919322585081,0.009871838645170161,0.014458212767206371,0.00985135473279363,0.017090703072585083,0.00721886442741492,0.022026622395170163,0.002282945104829839,0,1,0,0,0,0,0
2023-11-15 20:00:00,0.00834527,0.011775302916666666,0.0031762312789264282,0.0022233618952484996,0.004764346918389642,0.009528693836779284,0.013998664811915165,0.009551941021418167,0.01653964983505631,0.007010955998277024,0.02130399675344595,0.0022466090798873815,0,1,0,0,0,0,0
2023-11-15 21:00:00,0.00842217,0.011428412916666665,0.0030621583196405286,0.00214351082374837,0.004593237479460793,0.009186474958921586,0.013571923740415034,0.009284902092918296,0.01602165039612746,0.006835175437205872,0.020614887875588253,0.002241937957745079,0,1,0,0,0,0,0
2023-11-15 22:00:00,0.00862274,0.011089735416666665,0.002892687337092308,0.0020248811359646155,0.004339031005638462,0.008678062011276924,0.01311461655263128,0.009064854280702049,0.015428766422305127,0.0067507044110282025,0.019767797427943587,0.0024116734053897405,0,1,0,0,0,0,0
2023-11-15 23:00:00,0.00907216,0.010767728749999999,0.0026492577790070385,0.0018544804453049268,0.003973886668510558,0.007947773337021116,0.012622209195304926,0.008913248304695072,0.014741615418510556,0.006793842081489441,0.018715502087021114,0.0028199554129788827,0,0,1,0,0,0,0
2023-11-16 00:00:00,0.01224818,0.010833818333333333,0.0026662363280942985,0.0018663654296660088,0.0039993544921414475,0.007998708984282895,0.012700183762999343,0.008967452903667324,0.014833172825474781,0.006834463841191886,0.018832527317616227,0.0028351093490504384,0,0,0,0,1,0,0
2023-11-16 01:00:00,0.01331106,0.010959112916666666,0.0027105431049427096,0.0018973801734598966,0.004065814657414064,0.008131629314828128,0.012856493090126563,0.00906173274320677,0.015024927574080731,0.006893298259252602,0.019090742231494796,0.0028274836018385378,0,0,0,0,0,1,0
2023-11-16 02:00:00,0.01396721,0.011135319999999999,0.0027646444315853895,0.0019352511021097725,0.0041469666473780845,0.008293933294756169,0.013070571102109772,0.009200068897890226,0.015282286647378084,0.006988353352621914,0.019429253294756168,0.00284138670524383,0,0,0,0,0,1,0
2023-11-16 03:00:00,0.01414794,0.011329577916666665,0.0028071653962533057,0.001965015777377314,0.004210748094379959,0.008421496188759918,0.013294593694043979,0.00936456213928935,0.015540326011046624,0.007118829822286706,0.019751074105426585,0.002908081727906747,0,0,0,0,0,1,0
2023-11-16 04:00:00,0.01433526,0.011534947083333332,0.002840448215857803,0.001988313751100462,0.004260672323786705,0.00852134464757341,0.013523260834433793,0.00954663333223287,0.015795619407120036,0.007274274759546627,0.020056291730906742,0.003013602435759922,0,0,0,0,0,1,0
2023-11-16 05:00:00,0.01436628,0.011741840416666665,0.0028590213904115197,0.0020013149732880636,0.00428853208561728,0.00857706417123456,0.013743155389954728,0.009740525443378601,0.016030372502283945,0.007453308331049385,0.020318904587901226,0.0031647762454321045,0,0,0,0,0,1,0
2023-11-16 06:00:00,0.01414284,0.011942219999999998,0.002851423991404446,0.001995996793983112,0.004277135987106669,0.008554271974213337,0.01393821679398311,0.009946223206016886,0.016219355987106665,0.00766508401289333,0.020496491974213334,0.003387948025786661,0,0,0,0,0,1,0
2023-11-16 07:00:00,0.01375228,0.012127523749999999,0.0028168859427124236,0.0019718201598986963,0.0042253289140686354,0.008450657828137271,0.014099343909898695,0.010155703590101303,0.016352852664068634,0.007902194835931364,0.020578181578137268,0.003676865921862728,0,0,0,0,1,0,0
2023-11-16 08:00:00,0.01242236,0.012048652916666666,0.0027792156497683904,0.001945450954837873,0.004168823474652586,0.008337646949305172,0.01399410387150454,0.010103201961828793,0.016217476391319253,0.00787982944201408,0.02038629986597184,0.0037110059673614946,0,0,0,0,1,0,0
2023-11-16 09:00:00,0.01220958,0.011960987499999999,0.0027375378080649626,0.0019162764656454737,0.004106306712097444,0.008212613424194888,0.013877263965645472,0.010044711034354526,0.016067294212097443,0.007854680787902555,0.020173600924194887,0.003748374075805111,0,0,0,0,1,0,0
2023-11-16 10:00:00,0.01181412,0.011856917083333333,0.002691370046782412,0.0018839590327476882,0.004037055070173618,0.008074110140347236,0.01374087611608102,0.009972958050585646,0.01589397215350695,0.007819862013159715,0.01993102722368057,0.003782806942986097,0,0,1,0,0,0,0
2023-11-16 11:00:00,0.01187065,0.011754321666666664,0.002639307816052483,0.0018475154712367379,0.0039589617240787245,0.007917923448157449,0.013601837137903403,0.009906806195429926,0.01571328339074539,0.00779535994258794,0.019672245114824113,0.0038363982185092155,0,0,0,0,1,0,0
2023-11-16 12:00:00,0.01175197,0.011646291249999998,0.002581090131332877,0.0018067630919330138,0.0038716351969993157,0.0077432703939986315,0.013453054341933012,0.009839528158066983,0.015517926446999314,0.0077746560530006815,0.01938956164399863,0.0039030208560013662,0,0,0,0,1,0,0
2023-11-16 13:00:00,0.01177779,0.011541012916666664,0.0025187296411045145,0.00176311074877316,0.003778094461656772,0.007556188923313544,0.013304123665439824,0.009777902167893504,0.015319107378323437,0.007762918455009892,0.019097201839980208,0.00398482399335312,0,0,0,0,1,0,0
2023-11-16 14:00:00,0.01142072,0.011421219166666665,0.002449430704853262,0.0017146014933972832,0.003674146057279893,0.007348292114559786,0.013135820660063947,0.009706617673269382,0.015095365223946559,0.0077470731093867715,0.01876951128122645,0.004072927052106878,0,0,1,0,0,0,0
2023-11-16 15:00:00,0.0107205,0.011274386249999999,0.002377394073106577,0.0016641758511746038,0.0035660911096598654,0.007132182219319731,0.012938562101174602,0.009610210398825396,0.014840477359659864,0.007708295140340134,0.01840656846931973,0.004142204030680268,0,0,1,0,0,0,0
2023-11-16 16:00:00,0.01019076,0.011366416666666665,0.002285373389185566,0.001599761372429896,0.003428060083778349,0.006856120167556698,0.012966178039096561,0.00976665529423677,0.014794476750445014,0.007938356582888316,0.01822253683422336,0.004510296499109967,0,0,1,0,0,0,0
2023-11-16 17:00:00,0.01012211,0.011462816249999999,0.002174896963296261,0.0015224278743073826,0.003262345444944391,0.006524690889888782,0.012985244124307382,0.009940388375692616,0.01472516169494439,0.008200470805055607,0.01798750713988878,0.004938125360111217,0,0,1,0,0,0,0
2023-11-16 18:00:00,0.01008009,0.011553386666666665,0.0020627232922832694,0.0014439063045982884,0.003094084938424904,0.006188169876849808,0.012997292971264954,0.010109480362068376,0.01464747160509157,0.008459301728241761,0.017741556543516473,0.005365216789816857,0,1,0,0,0,0,0
2023-11-16 19:00:00,0.00986631,0.011624181249999997,0.0019684576088518082,0.0013779203261962657,0.0029526864132777123,0.005905372826555425,0.013002101576196263,0.010246260923803732,0.014576867663277709,0.008671494836722285,0.01752955407655542,0.0057188084234445725,0,1,0,0,0,0,0
2023-11-16 20:00:00,0.0098662,0.011687553333333335,0.0018808397502149885,0.001316587825150492,0.0028212596253224826,0.005642519250644965,0.013004141158483827,0.010370965508182842,0.014508812958655817,0.008866293708010852,0.017330072583978298,0.0060450340826883695,0,1,0,0,0,0,0
2023-11-16 21:00:00,0.0100941,0.011757217083333334,0.0017830570977239238,0.0012481399684067466,0.0026745856465858857,0.005349171293171771,0.01300535705174008,0.010509077114926588,0.01443180272991922,0.009082631436747448,0.017106388376505105,0.006408045790161562,0,1,0,0,0,0,0
2023-11-16 22:00:00,0.01029139,0.011826744166666667,0.0016853772149154483,0.0011797640504408137,0.0025280658223731725,0.005056131644746345,0.013006508217107481,0.010646980116225852,0.01435480998903984,0.009298678344293494,0.016882875811413012,0.006770612521920322,0,1,0,0,0,0,0
2023-11-16 23:00:00,0.01038596,0.011881485833333332,0.0016117452285831324,0.0011282216600081926,0.0024176178428746984,0.004835235685749397,0.013009707493341524,0.01075326417332514,0.014299103676208031,0.009463867990458633,0.01671672151908273,0.007046250147583935,0,1,0,0,0,0,0
2023-11-17 00:00:00,0.00771484,0.011692596666666666,0.0018191947066543521,0.0012734362946580464,0.0027287920599815283,0.0054575841199630565,0.012966032961324713,0.010419160372008619,0.014421388726648193,0.008963804606685138,0.01715018078662972,0.006235012546703609,1,0,0,0,0,0,0
2023-11-17 01:00:00,0.0077833,0.011462273333333333,0.0019505606832077198,0.0013653924782454038,0.0029258410248115796,0.005851682049623159,0.012827665811578737,0.01009688085508793,0.014388114358144913,0.008536432308521753,0.017313955382956492,0.005610591283710174,1,0,0,0,0,0,0
2023-11-17 02:00:00,0.00794445,0.011211325,0.0020010515956085176,0.0014007361169259623,0.0030015773934127764,0.006003154786825553,0.012612061116925961,0.009810588883074038,0.014212902393412776,0.008209747606587223,0.017214479786825554,0.005208170213174447,1,0,0,0,0,0,0
2023-11-17 03:00:00,0.00800639,0.010955427083333332,0.002001880236574418,0.0014013161656020927,0.0030028203548616273,0.006005640709723255,0.012356743248935424,0.00955411091773124,0.01395824743819496,0.007952606728471704,0.016961067793056585,0.004949786373610077,0,1,0,0,0,0,0
2023-11-17 04:00:00,0.00797391,0.010690370833333332,0.001955517512669295,0.0013688622588685065,0.0029332762690039427,0.005866552538007885,0.012059233092201839,0.009321508574464826,0.013623647102337275,0.00775709456432939,0.016556923371341216,0.004823818295325447,0,1,0,0,0,0,0
2023-11-17 05:00:00,0.00781392,0.01041735583333333,0.0018757710264430732,0.0013130397185101511,0.0028136565396646098,0.0056273130793292195,0.011730395551843482,0.00910431611482318,0.01323101237299794,0.0076036992936687215,0.01604466891266255,0.004790042754004111,0,1,0,0,0,0,0
2023-11-17 06:00:00,0.00775396,0.010151152499999998,0.0017746964668881738,0.0012422875268217216,0.0026620447003322606,0.005324089400664521,0.01139344002682172,0.008908864973178277,0.01281319720033226,0.0074891077996677375,0.01547524190066452,0.004827063099335477,0,1,0,0,0,0,0
2023-11-17 07:00:00,0.00771571,0.009899628749999998,0.0016666095995277717,0.0011666267196694402,0.0024999143992916577,0.004999828798583315,0.01106625546966944,0.008733002030330558,0.012399543149291656,0.007399714350708341,0.014899457548583314,0.004899799951416683,0,1,0,0,0,0,0
2023-11-17 08:00:00,0.01039014,0.009814952916666666,0.0015823601280463577,0.0011076520896324503,0.0023735401920695364,0.004747080384139073,0.010922605006299116,0.008707300827034217,0.012188493108736202,0.00744141272459713,0.01456203330080574,0.005067872532527593,0,0,0,0,1,0,0
2023-11-17 09:00:00,0.01031043,0.009735821666666667,0.0015028934235630444,0.001052025396494131,0.002254340135344567,0.004508680270689134,0.010787847063160797,0.008683796270172536,0.011990161802011234,0.0074814815313221,0.0142445019373558,0.005227141395977533,0,0,0,0,1,0,0
2023-11-17 10:00:00,0.01012356,0.009665381666666665,0.0014395315177839652,0.0010076720624487756,0.002159297276675948,0.004318594553351896,0.01067305372911544,0.00865770960421789,0.011824678943342614,0.007506084389990717,0.013983976220018561,0.0053467871133147694,0,0,0,0,1,0,0
2023-11-17 11:00:00,0.01005772,0.009589842916666666,0.0013643846720378335,0.0009550692704264834,0.0020465770080567505,0.004093154016113501,0.010544912187093148,0.008634773646240183,0.011636419924723416,0.007543265908609915,0.013682996932780167,0.005496688900553165,0,0,0,0,1,0,0
2023-11-17 12:00:00,0.01010412,0.0095211825,0.0012902998066183565,0.0009032098646328495,0.0019354497099275348,0.0038708994198550697,0.01042439236463285,0.00861797263536715,0.011456632209927535,0.0075857327900724645,0.013392081919855069,0.00565028308014493,0,0,0,0,1,0,0
2023-11-17 13:00:00,0.01011605,0.009451943333333332,0.0012057583764143774,0.0008440308634900641,0.0018086375646215662,0.0036172751292431323,0.010295974196823397,0.008607912469843267,0.011260580897954899,0.007643305768711766,0.013069218462576464,0.0058346682040902,0,0,0,0,1,0,0
2023-11-17 14:00:00,0.00998286,0.0093920325,0.001137469972573875,0.0007962289808017125,0.0017062049588608126,0.003412409917721625,0.010188261480801711,0.008595803519198288,0.011098237458860813,0.0076858275411391865,0.012804442417721624,0.005979622582278374,0,0,0,0,1,0,0
2023-11-17 15:00:00,0.00993289,0.009359215416666665,0.0011084679293552925,0.0007759275505487048,0.0016627018940329388,0.0033254037880658775,0.01013514296721537,0.00858328786611796,0.011021917310699604,0.0076965135226337265,0.012684619204732543,0.006033811628600788,0,0,0,0,1,0,0
2023-11-17 16:00:00,0.01020741,0.009359909166666664,0.0011090160653872093,0.0007763112457710464,0.0016635240980808139,0.0033270481961616277,0.01013622041243771,0.008583597920895619,0.011023433264747478,0.007696385068585851,0.012686957362828292,0.006032860970505037,0,0,0,0,0,1,0
2023-11-17 17:00:00,0.01025939,0.009365629166666665,0.0011134633197761507,0.0007794243238433055,0.001670194979664226,0.003340389959328452,0.01014505349050997,0.00858620484282336,0.011035824146330891,0.007695434187002439,0.012706019125995118,0.0060252392073382125,0,0,0,0,0,1,0
2023-11-17 18:00:00,0.01025902,0.009373084583333332,0.001119040192078671,0.0007833281344550697,0.0016785602881180066,0.0033571205762360132,0.010156412717788402,0.008589756448878261,0.011051644871451338,0.007694524295215325,0.012730205159569345,0.006015964007097318,0,0,0,0,0,1,0
2023-11-17 19:00:00,0.01020189,0.009387067083333332,0.0011275353410813635,0.0007892747387569544,0.0016913030116220452,0.0033826060232440905,0.010176341822090287,0.008597792344576378,0.011078370094955377,0.007695764071711287,0.012769673106577423,0.006004461060089242,0,0,0,0,0,1,0
2023-11-17 20:00:00,0.01009749,0.009396704166666665,0.0011327847593162153,0.0007929493315213507,0.001699177138974323,0.003398354277948646,0.010189653498188017,0.008603754835145314,0.011095881305640988,0.007697527027692342,0.012795058444615311,0.005998349888718019,0,0,0,0,1,0,0
2023-11-17 21:00:00,0.01000695,0.009393072916666667,0.0011305895483429203,0.0007914126838400442,0.0016958843225143806,0.003391768645028761,0.01018448560050671,0.008601660232826623,0.011088957239181046,0.007697188594152286,0.012784841561695428,0.006001304271637906,0,0,0,0,1,0,0
2023-11-17 22:00:00,0.00999398,0.009380680833333332,0.0011219118567253122,0.0007853382997077185,0.0016828677850879684,0.0033657355701759368,0.01016601913304105,0.008595342533625613,0.0110635486184213,0.007697813048245364,0.012746416403509268,0.006014945263157395,0,0,0,0,1,0,0
2023-11-17 23:00:00,0.0099764,0.009363615833333332,0.0011089965873864324,0.0007762976111705026,0.0016634948810796486,0.0033269897621592973,0.010139913444503833,0.00858731822216283,0.01102711071441298,0.007700120952253683,0.012690605595492628,0.006036626071174034,0,0,0,0,1,0,0
2023-11-18 00:00:00,0.00812627,0.009380758749999999,0.0010853290176691646,0.0007597303123684152,0.001627993526503747,0.003255987053007494,0.010140489062368415,0.008621028437631583,0.011008752276503745,0.007752765223496252,0.012636745803007493,0.006124771696992505,0,1,0,0,0,0,0
2023-11-18 01:00:00,0.00807409,0.009392875,0.0010682082568817075,0.0007477457798171952,0.0016023123853225612,0.0032046247706451225,0.010140620779817195,0.008645129220182806,0.010995187385322562,0.007790562614677439,0.012597499770645122,0.006188250229354878,0,1,0,0,0,0,0
2023-11-18 02:00:00,0.00806602,0.009397940416666665,0.0010613071851610268,0.0007429150296127187,0.0015919607777415401,0.0031839215554830803,0.010140855446279384,0.008655025387053946,0.010989901194408205,0.007805979638925125,0.012581861972149746,0.0062140188611835845,0,1,0,0,0,0,0
2023-11-18 03:00:00,0.00806584,0.0094004175,0.001057982274542604,0.0007405875921798228,0.001586973411813906,0.003173946823627812,0.010141005092179823,0.008659829907820176,0.010987390911813905,0.007813444088186093,0.012574364323627811,0.006226470676372187,0,1,0,0,0,0,0
2023-11-18 04:00:00,0.00806564,0.009404239583333333,0.0010527575812435289,0.0007369303068704701,0.0015791363718652934,0.003158272743730587,0.010141169890203803,0.008667309276462863,0.010983375955198627,0.00782510321146804,0.012562512327063919,0.006245966839602746,0,1,0,0,0,0,0
2023-11-18 05:00:00,0.00806569,0.00941473,0.0010373633699372869,0.0007261543589561008,0.0015560450549059303,0.0031120901098118606,0.0101408843589561,0.008688575641043899,0.010970775054905929,0.00785868494509407,0.01252682010981186,0.006302639890188139,0,1,0,0,0,0,0
2023-11-18 06:00:00,0.00807996,0.009428313333333332,0.0010165981058529836,0.0007116186740970885,0.0015248971587794753,0.0030497943175589507,0.01013993200743042,0.008716694659236244,0.010953210492112807,0.007903416174553857,0.012478107650892283,0.006378519015774381,0,1,0,0,0,0,0
2023-11-18 07:00:00,0.00810835,0.009444673333333332,0.0009906677312615981,0.0006934674118831187,0.0014860015968923973,0.0029720031937847946,0.010138140745216451,0.008751205921450213,0.01093067493022573,0.007958671736440935,0.012416676527118127,0.0064726701395485375,0,1,0,0,0,0,0
2023-11-18 08:00:00,0.0115312,0.009492217499999999,0.0010627723037796531,0.0007439406126457572,0.0015941584556694796,0.0031883169113389592,0.010236158112645756,0.008748276887354241,0.011086375955669478,0.007898059044330519,0.012680534411338958,0.0063039005886610395,0,0,0,0,0,0,1
2023-11-18 09:00:00,0.01153255,0.009543139166666666,0.001130782855616615,0.0007915479989316304,0.0016961742834249224,0.0033923485668498447,0.010334687165598296,0.008751591167735035,0.011239313450091588,0.007846964883241743,0.01293548773351651,0.006150790599816821,0,0,0,0,0,0,1
2023-11-18 10:00:00,0.01153263,0.009601850416666665,0.0011968775336340268,0.0008378142735438187,0.0017953163004510403,0.0035906326009020805,0.010439664690210484,0.008764036143122846,0.011397166717117706,0.007806534116215624,0.013192483017568746,0.0060112178157645845,0,0,0,0,0,0,1
2023-11-18 11:00:00,0.01153272,0.009663308749999999,0.0012576315443527948,0.0008803420810469563,0.001886447316529192,0.003772894633058384,0.010543650831046955,0.008782966668953042,0.01154975606652919,0.0077768614334708065,0.013436203383058383,0.0058904141169416144,0,0,0,0,0,1,0
2023-11-18 12:00:00,0.0115328,0.009722837083333333,0.001312039391102573,0.000918427573771801,0.0019680590866538593,0.003936118173307719,0.010641264657105133,0.008804409509561533,0.011690896169987192,0.007754777996679474,0.013658955256641053,0.0057867189100256145,0,0,0,0,0,1,0
2023-11-18 13:00:00,0.01153262,0.009781860833333333,0.0013614310869145387,0.000953001760840177,0.002042146630371808,0.004084293260743616,0.01073486259417351,0.008828859072493155,0.011824007463705141,0.007739714202961524,0.01386615409407695,0.005697567572589717,0,0,0,0,0,1,0
2023-11-18 14:00:00,0.01152162,0.009845975833333333,0.001406786031707949,0.0009847502221955642,0.0021101790475619234,0.004220358095123847,0.010830726055528896,0.00886122561113777,0.011956154880895256,0.007735796785771409,0.01406633392845718,0.005625617738209486,0,0,0,0,0,1,0
2023-11-18 15:00:00,0.01149777,0.009911179166666666,0.0014466890850369717,0.0010126823595258802,0.0021700336275554577,0.0043400672551109154,0.010923861526192546,0.008898496807140785,0.012081212794222123,0.007741145539111208,0.01425124642177758,0.00557111191155575,0,0,0,0,0,1,0
2023-11-18 16:00:00,0.00828077,0.009830902499999999,0.001482546739620483,0.001037782717734338,0.0022238201094307245,0.004447640218861449,0.010868685217734337,0.00879311978226566,0.012054722609430723,0.007607082390569274,0.014278542718861448,0.00538326228113855,0,1,0,0,0,0,0
2023-11-18 17:00:00,0.00826561,0.009747828333333331,0.0015130395361015645,0.001059127675271095,0.0022695593041523465,0.004539118608304693,0.010806956008604426,0.008688700658062237,0.012017387637485678,0.007478269029180985,0.014286946941638025,0.005208709725028638,0,1,0,0,0,0,0
2023-11-18 18:00:00,0.00825952,0.009664515833333331,0.0015385029440109503,0.001076952060807665,0.0023077544160164257,0.004615508832032851,0.010741467894140997,0.008587563772525666,0.011972270249349756,0.007356761417316906,0.014280024665366183,0.00504900700130048,0,1,0,0,0,0,0
2023-11-18 19:00:00,0.00818012,0.009580275416666666,0.0015629563034395273,0.001094069412407669,0.0023444344551592907,0.0046888689103185815,0.010674344829074334,0.008486206004258997,0.011924709871825957,0.007235840961507375,0.014269144326985247,0.004891406506348084,0,1,0,0,0,0,0
2023-11-18 20:00:00,0.00811333,0.009497602083333332,0.0015867046266015469,0.0011106932386210828,0.0023800569399023202,0.0047601138798046404,0.010608295321954415,0.00838690884471225,0.011877659023235652,0.007117545143431012,0.014257715963137973,0.004737488203528692,0,1,0,0,0,0,0
2023-11-18 21:00:00,0.00811033,0.00941857625,0.0016073301210497604,0.0011251310847348321,0.0024109951815746407,0.0048219903631492814,0.010543707334734831,0.008293445165265168,0.011829571431574641,0.007007581068425359,0.014240566613149281,0.004596585886850718,0,1,0,0,0,0,0
2023-11-18 22:00:00,0.00810972,0.009340065416666666,0.0016239352779404866,0.0011367546945583405,0.00243590291691073,0.00487180583382146,0.010476820111225006,0.008203310722108326,0.011775968333577396,0.006904162499755936,0.014211871250488126,0.004468259582845207,0,1,0,0,0,0,0
2023-11-18 23:00:00,0.00811054,0.009262321249999999,0.0016367593169467893,0.0011457315218627525,0.002455138975420184,0.004910277950840368,0.010408052771862752,0.008116589728137245,0.011717460225420182,0.006807182274579815,0.014172599200840366,0.004352043299159631,0,1,0,0,0,0,0
2023-11-19 00:00:00,0.0074581,0.009234480833333331,0.0016624048081567242,0.0011636833657097069,0.0024936072122350864,0.004987214424470173,0.010398164199043037,0.008070797467623625,0.011728088045568418,0.0067408736210982445,0.014221695257803504,0.004247266408863158,0,1,0,0,0,0,0
2023-11-19 01:00:00,0.00747264,0.009209420416666664,0.001685037321358224,0.0011795261249507567,0.002527555982037336,0.005055111964074672,0.01038894654161742,0.008029894291715908,0.011736976398704,0.006681864434629328,0.014264532380741336,0.004154308452591992,0,1,0,0,0,0,0
2023-11-19 02:00:00,0.00747881,0.009184953333333332,0.001706488237337642,0.0011945417661363494,0.0025597323560064634,0.005119464712012927,0.010379495099469681,0.007990411567196983,0.011744685689339795,0.006625220977326869,0.014304418045346259,0.004065488621320406,0,1,0,0,0,0,0
2023-11-19 03:00:00,0.00756012,0.009163881666666665,0.0017239408940355981,0.0012067586258249186,0.002585911341053397,0.005171822682106794,0.010370640292491583,0.007957123040841747,0.011749793007720062,0.006577970325613268,0.01433570434877346,0.003992058984559871,0,1,0,0,0,0,0
2023-11-19 04:00:00,0.0076255,0.0091455425,0.0017384122232666503,0.0012168885562866551,0.0026076183348999757,0.0052152366697999514,0.010362431056286654,0.007928653943713344,0.011753160834899974,0.006537924165100024,0.01436077916979995,0.003930305830200048,0,1,0,0,0,0,0
2023-11-19 05:00:00,0.00762854,0.009127327916666665,0.001752452008797866,0.001226716406158506,0.002628678013196799,0.005257356026393598,0.01035404432282517,0.00790061151050816,0.011756005929863464,0.006498649903469867,0.014384683943060264,0.0038699718902730678,0,1,0,0,0,0,0
2023-11-19 06:00:00,0.00762879,0.009108529166666665,0.0017665389878049075,0.0012365772914634352,0.0026498084817073615,0.005299616963414723,0.010345106458130101,0.00787195187520323,0.011758337648374027,0.006458720684959304,0.014408146130081389,0.0038089122032519424,0,1,0,0,0,0,0
2023-11-19 07:00:00,0.00762879,0.0090885475,0.001780997120849012,0.0012466979845943084,0.002671495681273518,0.005342991362547036,0.010335245484594309,0.007841849515405692,0.011760043181273518,0.0064170518187264824,0.014431538862547036,0.0037455561374529645,0,1,0,0,0,0,0
2023-11-19 08:00:00,0.00858147,0.008965642083333331,0.0017052719492849104,0.0011936903644994372,0.0025579079239273655,0.005115815847854731,0.010159332447832767,0.0077719517188338935,0.011523550007260696,0.006407734159405966,0.014081457931188063,0.0038498262354786,0,0,1,0,0,0,0
2023-11-19 09:00:00,0.00857725,0.008842504583333332,0.0016162332696926683,0.0011313632887848678,0.0024243499045390024,0.004848699809078005,0.0099738678721182,0.007711141294548465,0.011266854487872334,0.00641815467879433,0.013691204392411338,0.0039938047742553275,0,0,1,0,0,0,0
2023-11-19 10:00:00,0.00857561,0.008719295416666667,0.0015115634805035166,0.0010580944363524616,0.0022673452207552748,0.0045346904415105495,0.009777389853019128,0.007661200980314205,0.01098664063742194,0.006451950195911392,0.013253985858177216,0.004184604975156117,0,0,1,0,0,0,0
2023-11-19 11:00:00,0.00854715,0.008594896666666666,0.0013877387074090633,0.0009714170951863443,0.002081608061113595,0.00416321612222719,0.00956631376185301,0.007623479571480321,0.010676504727780261,0.00651328860555307,0.012758112788893855,0.004431680544439476,0,0,1,0,0,0,0
2023-11-19 12:00:00,0.00853518,0.008469995833333332,0.0012387180506861688,0.0008671026354803181,0.0018580770760292533,0.0037161541520585066,0.00933709846881365,0.007602893197853014,0.010328072909362586,0.0066119187573040784,0.012186149985391838,0.004753841681274826,0,0,0,0,1,0,0
2023-11-19 13:00:00,0.00853627,0.008345147916666665,0.0010538202312046878,0.0007376741618432814,0.0015807303468070317,0.0031614606936140634,0.009082822078509946,0.0076074737548233835,0.009925878263473697,0.0067644175698596334,0.011506608610280728,0.005183687223052602,0,0,0,0,1,0,0
2023-11-19 14:00:00,0.00854366,0.008221066249999999,0.0008108576979101118,0.0005676003885370782,0.0012162865468651677,0.0024325730937303355,0.008788666638537078,0.007653465861462921,0.009437352796865167,0.007004779703134831,0.010653639343730335,0.0057884931562696635,0,0,0,0,1,0,0
2023-11-19 15:00:00,0.00854361,0.008097976249999998,0.0004235406758856434,0.00029647847311995037,0.000635311013828465,0.00127062202765693,0.008394454723119948,0.007801497776880047,0.008733287263828464,0.007462665236171533,0.009368598277656928,0.006827354222343068,0,0,0,0,0,1,0
2023-11-19 16:00:00,0.00787136,0.0080809175,0.00042410271222438894,0.0002968718985570722,0.0006361540683365835,0.001272308136673167,0.008377789398557071,0.007784045601442927,0.008717071568336583,0.007444763431663416,0.009353225636673167,0.006808609363326832,0,0,1,0,0,0,0
2023-11-19 17:00:00,0.00787532,0.008064655416666665,0.0004241955878773369,0.0002969369115141358,0.0006362933818160054,0.0012725867636320107,0.008361592328180801,0.007767718505152529,0.00870094879848267,0.00742836203485066,0.009337242180298676,0.006792068653034654,0,0,1,0,0,0,0
2023-11-19 18:00:00,0.00787705,0.008048719166666666,0.000423740695668191,0.0002966184869677337,0.0006356110435022865,0.001271222087004573,0.0083453376536344,0.007752100679698932,0.008684330210168952,0.00741310812316438,0.009319941253671239,0.006777497079662093,0,0,1,0,0,0,0
2023-11-19 19:00:00,0.00790878,0.008037413333333332,0.0004237021688461474,0.00029659151819230316,0.0006355532532692211,0.0012711065065384422,0.008334004851525635,0.007740821815141029,0.008672966586602552,0.00740186008006411,0.009308519839871774,0.006766306826794889,0,0,1,0,0,0,0
2023-11-19 20:00:00,0.00792936,0.008029747916666665,0.0004239330913787086,0.000296753163965096,0.0006358996370680629,0.0012717992741361258,0.00832650108063176,0.007732994752701569,0.008665647553734727,0.007393848279598602,0.00930154719080279,0.006757948642530539,0,0,1,0,0,0,0
2023-11-19 21:00:00,0.00792841,0.008022167916666665,0.0004240559881418407,0.00029683919169928846,0.0006360839822127611,0.0012721679644255221,0.008319007108365953,0.007725328724967376,0.008658251898879426,0.007386083934453904,0.009294335881092186,0.006749999952241142,0,0,1,0,0,0,0
2023-11-19 22:00:00,0.00792923,0.0080146475,0.00042403623685749486,0.0002968253658002464,0.0006360543552862423,0.0012721087105724846,0.008311472865800246,0.007717822134199753,0.008650701855286241,0.007378593144713758,0.009286756210572483,0.006742538789427515,0,0,1,0,0,0,0
2023-11-19 23:00:00,0.00808216,0.008013464999999999,0.00042379670067760344,0.0002966576904743224,0.0006356950510164052,0.0012713901020328104,0.008310122690474321,0.007716807309525677,0.008649160051016404,0.007377769948983594,0.009284855102032809,0.006742074897967189,0,0,0,0,1,0,0
2023-11-20 00:00:00,0.01069772,0.008148449166666667,0.0006785656552900849,0.0004749959587030594,0.0010178484829351272,0.0020356969658702545,0.008623445125369725,0.0076734532079636075,0.009166297649601795,0.007130600683731539,0.01018414613253692,0.006112752200796412,0,0,0,0,0,0,1
2023-11-20 01:00:00,0.01080257,0.008287196249999998,0.0008525155183945658,0.000596760862876196,0.0012787732775918486,0.002557546555183697,0.008883957112876194,0.0076904353871238024,0.009565969527591848,0.00700842297240815,0.010844742805183695,0.005729649694816302,0,0,0,0,0,0,1
2023-11-20 02:00:00,0.01085325,0.008427797916666665,0.0009818503813234405,0.0006872952669264084,0.0014727755719851608,0.0029455511439703216,0.009115093183593074,0.007740502649740257,0.009900573488651827,0.006955022344681505,0.011373349060636986,0.005482246772696344,0,0,0,0,0,0,1
2023-11-20 03:00:00,0.01104414,0.008572965416666667,0.001098602044430423,0.0007690214311012961,0.0016479030666456346,0.003295806133291269,0.009341986847767964,0.0078039439855653705,0.010220868483312301,0.006925062350021032,0.011868771549957935,0.005277159283375398,0,0,0,0,0,0,1
2023-11-20 04:00:00,0.01118711,0.008721365833333333,0.001200847982548732,0.0008405935877841123,0.0018012719738230978,0.0036025439476461956,0.009561959421117445,0.007880772245549221,0.01052263780715643,0.006920093859510235,0.012323909780979529,0.005118821885687137,0,0,0,0,0,0,1
2023-11-20 05:00:00,0.01125609,0.00887251375,0.0012828142779499193,0.0008979699945649435,0.001924221416924879,0.003848442833849758,0.009770483744564943,0.007974543755435057,0.010796735166924878,0.006948292333075121,0.012720956583849759,0.005024070916150242,0,0,0,0,0,0,1
2023-11-20 06:00:00,0.01129174,0.009025136666666666,0.0013448103732359659,0.0009413672612651761,0.002017215559853949,0.004034431119707898,0.009966503927931842,0.00808376940540149,0.011042352226520615,0.007007921106812717,0.013059567786374564,0.004990705546958768,0,0,0,0,0,0,1
2023-11-20 07:00:00,0.011275,0.009177062083333331,0.0013855463943531032,0.0009698824760471722,0.0020783195915296546,0.004156639183059309,0.010146944559380503,0.008207179607286159,0.011255381674862987,0.007098742491803677,0.01333370126639264,0.005020422900274022,0,0,0,0,0,0,1
2023-11-20 08:00:00,0.01224226,0.009329595,0.001512790540020201,0.0010589533780141407,0.0022691858100303015,0.004538371620060603,0.01038854837801414,0.008270641621985859,0.011598780810030301,0.007060409189969698,0.013867966620060602,0.004791223379939397,0,0,0,0,0,0,1
2023-11-20 09:00:00,0.01214903,0.009478419166666665,0.0016082387551442042,0.0011257671286009428,0.0024123581327163066,0.004824716265432613,0.010604186295267607,0.008352652038065723,0.011890777299382971,0.007066061033950358,0.014303135432099278,0.004653702901234052,0,0,0,0,0,0,1
2023-11-20 10:00:00,0.0121088,0.009625635416666665,0.0016820229733504647,0.0011774160813453251,0.002523034460025697,0.005046068920051394,0.01080305149801199,0.00844821933532134,0.012148669876692362,0.007102600956640968,0.01467170433671806,0.004579566496615271,0,0,0,0,0,1,0
2023-11-20 11:00:00,0.01192653,0.009766442916666666,0.0017286181028499205,0.0012100326719949443,0.0025929271542748807,0.005185854308549761,0.01097647558866161,0.008556410244671723,0.012359370070941548,0.007173515762391785,0.014952297225216429,0.004580588608116905,0,0,0,0,0,1,0
2023-11-20 12:00:00,0.01177413,0.009901399166666667,0.0017545525263203971,0.001228186768424278,0.0026318287894805956,0.005263657578961191,0.011129585935090945,0.008673212398242388,0.012533227956147263,0.007269570377186071,0.015165056745627858,0.004637741587705475,0,0,0,0,0,1,0
2023-11-20 13:00:00,0.0117333,0.010034608749999998,0.0017677160779609328,0.0012374012545726528,0.002651574116941399,0.005303148233882798,0.01127201000457265,0.008797207495427346,0.012686182866941398,0.007383034633058599,0.015337756983882796,0.0047314605161172,0,0,0,0,0,1,0
2023-11-20 14:00:00,0.01173596,0.01016762125,0.0017707516843993975,0.0012395261790795781,0.0026561275265990962,0.0053122550531981925,0.011407147429079579,0.008928095070920421,0.012823748776599097,0.007511493723400904,0.015479876303198192,0.004855366196801807,0,0,0,0,0,1,0
2023-11-20 15:00:00,0.01165038,0.01029707,0.0017603965538555953,0.0012322775876989166,0.002640594830783393,0.005281189661566786,0.011529347587698916,0.009064792412301084,0.012937664830783393,0.007656475169216607,0.015578259661566786,0.005015880338433214,0,0,0,0,0,1,0
2023-11-20 16:00:00,0.00914031,0.010349942916666665,0.0017024769707043445,0.001191733879493041,0.0025537154560565166,0.005107430912113033,0.011541676796159707,0.009158209037173624,0.012903658372723182,0.007796227460610148,0.015457373828779698,0.005242512004553632,0,1,0,0,0,0,0
2023-11-20 17:00:00,0.00913596,0.010402469583333332,0.0016411504309094538,0.0011488053016366175,0.0024617256463641806,0.004923451292728361,0.01155127488496995,0.009253664281696715,0.012864195229697513,0.007940743936969152,0.015325920876061693,0.005479018290604971,0,1,0,0,0,0,0
2023-11-20 18:00:00,0.00913187,0.010454753749999999,0.0015758874788701718,0.0011031212352091203,0.002363831218305258,0.004727662436610516,0.011557874985209118,0.009351632514790879,0.012818584968305256,0.00809092253169474,0.015182416186610514,0.005727091313389483,0,1,0,0,0,0,0
2023-11-20 19:00:00,0.00911837,0.010505153333333331,0.0015088387028634014,0.0010561870920043808,0.002263258054295102,0.004526516108590204,0.011561340425337713,0.00944896624132895,0.012768411387628433,0.008241895279038229,0.015031669441923535,0.005978637224743127,0,1,0,0,0,0,0
2023-11-20 20:00:00,0.00908316,0.010553228333333331,0.0014400113545437853,0.0010080079481806497,0.002160017031815678,0.004320034063631356,0.011561236281513981,0.00954522038515268,0.01271324536514901,0.008393211301517652,0.014873262396964687,0.006233194269701975,0,1,0,0,0,0,0
2023-11-20 21:00:00,0.00889126,0.010593347083333331,0.0013756799306636636,0.0009629759514645645,0.0020635198959954954,0.004127039791990991,0.011556323034797896,0.009630371131868766,0.012656866979328826,0.008529827187337836,0.014720386875324322,0.00646630729134234,0,1,0,0,0,0,0
2023-11-20 22:00:00,0.00883168,0.010630949166666665,0.0013104829565468601,0.000917338069582802,0.0019657244348202903,0.003931448869640581,0.011548287236249467,0.009713611097083864,0.012596673601486957,0.008665224731846374,0.014562398036307246,0.006699500297026085,0,1,0,0,0,0,0
2023-11-20 23:00:00,0.00877868,0.01065997083333333,0.0012582556767310382,0.0008807789737117266,0.0018873835150965573,0.0037747670301931146,0.011540749807045057,0.009779191859621604,0.012547354348429888,0.008772587318236774,0.014434737863526444,0.006885203803140216,0,1,0,0,0,0,0
2023-11-21 00:00:00,0.00668357,0.010492714583333331,0.001497138080187725,0.0010479966561314075,0.0022457071202815876,0.004491414240563175,0.011540711239464738,0.009444717927201925,0.01273842170361492,0.008247007463051743,0.014984128823896506,0.006001300342770156,1,0,0,0,0,0,0
2023-11-21 01:00:00,0.00668366,0.010321093333333333,0.001684439138667802,0.0011791073970674614,0.002526658708001703,0.005053317416003406,0.011500200730400794,0.009141985936265872,0.012847752041335037,0.00779443462533163,0.01537441074933674,0.005267775917329927,1,0,0,0,0,0,0
2023-11-21 02:00:00,0.00669035,0.010147639166666665,0.0018348764199282081,0.0012844134939497456,0.0027523146298923124,0.005504629259784625,0.01143205266061641,0.00886322567271692,0.012899953796558977,0.007395324536774352,0.015652268426451288,0.00464300990688204,1,0,0,0,0,0,0
2023-11-21 03:00:00,0.0066923,0.0099663125,0.001953617539990698,0.0013675322779934886,0.002930426309986047,0.005860852619972094,0.011333844777993488,0.00859878022200651,0.012896738809986047,0.007035886190013952,0.015827165119972092,0.004105459880027905,1,0,0,0,0,0,0
2023-11-21 04:00:00,0.00673046,0.00978061875,0.0020423251576879454,0.0014296276103815616,0.003063487736531918,0.006126975473063836,0.011210246360381561,0.008350991139618437,0.012844106486531916,0.006717131013468081,0.015907594223063835,0.003653643276936163,0,1,0,0,0,0,0
2023-11-21 05:00:00,0.00689542,0.009598924166666667,0.0020985519173157235,0.0014689863421210065,0.003147827875973585,0.00629565575194717,0.011067910508787674,0.00812993782454566,0.012746752042640253,0.0064510962906930815,0.015894579918613837,0.0033032684147194964,0,1,0,0,0,0,0
2023-11-21 06:00:00,0.00691773,0.009416673749999998,0.0021347657952304764,0.0014943360566613334,0.0032021486928457145,0.006404297385691429,0.01091100980666133,0.007922337693338666,0.012618822442845713,0.006214525057154283,0.015820971135691426,0.003012376364308569,0,1,0,0,0,0,0
2023-11-21 07:00:00,0.00693021,0.009235640833333331,0.0021544569630924104,0.0015081198741646873,0.0032316854446386156,0.006463370889277231,0.010743760707498018,0.007727520959168644,0.012467326277971947,0.006003955388694715,0.01569901172261056,0.0027722699440560997,0,1,0,0,0,0,0
2023-11-21 08:00:00,0.00903022,0.009101805833333332,0.0020571329358853663,0.0014399930551197563,0.0030856994038280495,0.006171398807656099,0.010541798888453089,0.007661812778213576,0.012187505237161382,0.006016106429505282,0.01527320464098943,0.0029304070256772332,0,0,1,0,0,0,0
2023-11-21 09:00:00,0.00902181,0.008971505,0.0019520852942120639,0.0013664597059484447,0.002928127941318096,0.005856255882636192,0.010337964705948444,0.007605045294051555,0.011899632941318095,0.006043377058681904,0.014827760882636192,0.0031152491173638075,0,0,0,0,1,0,0
2023-11-21 10:00:00,0.00900653,0.00884224375,0.0018344796020857497,0.0012841357214600248,0.002751719403128625,0.00550343880625725,0.010126379471460023,0.007558108028539974,0.011593963153128623,0.0060905243468713744,0.014345682556257249,0.0033388049437427497,0,0,0,0,1,0,0
2023-11-21 11:00:00,0.00900488,0.008720508333333332,0.0017138846676045757,0.001199719267323203,0.0025708270014068637,0.005141654002813727,0.009920227600656535,0.007520789066010129,0.011291335334740195,0.006149681331926468,0.013862162336147059,0.003578854330519604,0,0,0,0,1,0,0
2023-11-21 12:00:00,0.00900457,0.00860511,0.001587953265354057,0.0011115672857478398,0.0023819298980310858,0.0047638597960621715,0.009716677285747839,0.00749354271425216,0.010987039898031084,0.006223180101968913,0.01336896979606217,0.0038412502039378276,0,0,0,0,1,0,0
2023-11-21 13:00:00,0.0090042,0.0084913975,0.0014455338346854307,0.0010118736842798014,0.002168300752028146,0.004336601504056292,0.0095032711842798,0.007479523815720198,0.010659698252028145,0.006323096747971853,0.012827999004056291,0.004154795995943707,0,0,0,0,1,0,0
2023-11-21 14:00:00,0.00897508,0.008376360833333332,0.00127602007034444,0.000893214049241108,0.00191403010551666,0.00382806021103332,0.00926957488257444,0.007483146784092225,0.010290390938849992,0.006462330727816672,0.012204421044366653,0.004548300622300012,0,0,0,0,1,0,0
2023-11-21 15:00:00,0.00894308,0.008263556666666666,0.001078360277941194,0.0007548521945588357,0.0016175404169117909,0.0032350808338235818,0.009018408861225503,0.007508704472107831,0.009881097083578457,0.006646016249754876,0.011498637500490249,0.0050284758328430846,0,0,0,0,1,0,0
2023-11-21 16:00:00,0.00788143,0.008211103333333332,0.0010643857664839331,0.0007450700365387532,0.0015965786497258998,0.0031931572994517996,0.008956173369872086,0.007466033296794579,0.009807681983059232,0.006614524683607433,0.011404260632785133,0.005017946033881533,0,0,1,0,0,0,0
2023-11-21 17:00:00,0.00778024,0.008154614999999999,0.0010490325433759014,0.0007343227803631309,0.001573548815063852,0.003147097630127704,0.00888893778036313,0.007420292219636868,0.009728163815063851,0.006581066184936146,0.011301712630127702,0.005007517369872295,0,0,1,0,0,0,0
2023-11-21 18:00:00,0.00770613,0.008095209166666666,0.0010315081310097638,0.0007220556917068346,0.0015472621965146457,0.0030945243930292914,0.0088172648583735,0.007373153474959831,0.009642471363181311,0.00654794697015202,0.011189733559695957,0.005000684773637375,0,0,1,0,0,0,0
2023-11-21 19:00:00,0.00772067,0.008036971666666665,0.0010104719195064267,0.0007073303436544987,0.0015157078792596402,0.0030314157585192803,0.008744302010321163,0.007329641323012166,0.009552679545926306,0.006521263787407024,0.011068387425185944,0.005005555908147385,0,0,1,0,0,0,0
2023-11-21 20:00:00,0.00779703,0.007983382916666665,0.0009863937475143817,0.0006904756232600671,0.0014795906212715726,0.0029591812425431453,0.008673858539926731,0.007292907293406598,0.009462973537938239,0.0065037922953950925,0.01094256415920981,0.00502420167412352,0,0,1,0,0,0,0
2023-11-21 21:00:00,0.00782555,0.00793897833333333,0.0009675544788785651,0.0006772881352149955,0.0014513317183178476,0.0029026634366356953,0.008616266468548326,0.0072616901981183354,0.009390310051651179,0.006487646615015483,0.010841641769969025,0.0050363148966976355,0,0,1,0,0,0,0
2023-11-21 22:00:00,0.00785073,0.007898105416666665,0.0009487404835019305,0.0006641183384513514,0.001423110725252896,0.002846221450505792,0.008562223755118017,0.007233987078215314,0.009321216141919561,0.0064749946914137695,0.010744326867172457,0.005051883966160874,0,0,1,0,0,0,0
2023-11-21 23:00:00,0.00789207,0.007861163333333332,0.0009300389712440895,0.0006510272798708626,0.0013950584568661341,0.0027901169137322683,0.008512190613204195,0.0072101360534624695,0.009256221790199467,0.006466104876467198,0.0106512802470656,0.005071046419601064,0,0,0,0,1,0,0
2023-11-22 00:00:00,0.01045919,0.008018480833333333,0.001035529955215184,0.0007248709686506287,0.0015532949328227758,0.0031065898656455516,0.008743351801983962,0.007293609864682703,0.009571775766156108,0.006465185900510557,0.011125070698978884,0.004911890967687781,0,0,0,0,0,0,1
2023-11-22 01:00:00,0.01057021,0.008180420416666665,0.001118298424484719,0.0007828088971393033,0.0016774476367270785,0.003354895273454157,0.008963229313805969,0.007397611519527362,0.009857868053393743,0.006502972779939587,0.011535315690120822,0.0048255251432125085,0,0,0,0,0,0,1
2023-11-22 02:00:00,0.01066009,0.008345826249999999,0.0011801885381025996,0.0008261319766718196,0.0017702828071538995,0.003540565614307799,0.009171958226671818,0.007519694273328179,0.010116109057153898,0.0065755434428461,0.011886391864307799,0.0048052606356922,0,0,0,0,0,0,1
2023-11-22 03:00:00,0.01063929,0.008510284166666665,0.0012142657080900985,0.0008499859956630689,0.0018213985621351476,0.003642797124270295,0.009360270162329733,0.007660298171003596,0.010331682728801812,0.006688885604531517,0.01215308129093696,0.00486748704239637,0,0,0,0,0,0,1
2023-11-22 04:00:00,0.00925826,0.008615609166666665,0.0011616629960011279,0.0008131640972007894,0.0017424944940016918,0.0034849889880033836,0.009428773263867454,0.007802445069465876,0.010358103660668357,0.006873114672664973,0.012100598154670048,0.005130620178663281,0,0,0,0,1,0,0
2023-11-22 05:00:00,0.00923187,0.00871296125,0.0011078939959667338,0.0007755257971767136,0.0016618409939501005,0.003323681987900201,0.009488487047176714,0.007937435452823285,0.0103748022439501,0.007051120256049899,0.012036643237900201,0.005389279262099799,0,0,0,0,1,0,0
2023-11-22 06:00:00,0.00923722,0.008809606666666666,0.001043795194040576,0.0007306566358284032,0.001565692791060864,0.003131385582121728,0.00954026330249507,0.008078950030838262,0.01037529945772753,0.007243913875605802,0.011940992248788394,0.005678221084544938,0,0,0,0,1,0,0
2023-11-22 07:00:00,0.00923789,0.00890576,0.000966573891595353,0.000676601724116747,0.0014498608373930293,0.0028997216747860587,0.009582361724116747,0.008229158275883254,0.01035562083739303,0.0074558991626069715,0.01180548167478606,0.006006038325213942,0,0,0,0,1,0,0
2023-11-22 08:00:00,0.0062574,0.008790225833333333,0.0011066216110699218,0.0007746351277489452,0.0016599324166048828,0.0033198648332097656,0.009564860961082278,0.008015590705584389,0.010450158249938217,0.007130293416728451,0.012110090666543099,0.005470361000123568,1,0,0,0,0,0,0
2023-11-22 09:00:00,0.00628777,0.0086763075,0.0012169680547318114,0.000851877638312268,0.001825452082097717,0.003650904164195434,0.009528185138312268,0.00782442986168773,0.010501759582097717,0.006850855417902282,0.012327211664195432,0.005025403335804565,1,0,0,0,0,0,0
2023-11-22 10:00:00,0.00629376,0.008563275416666667,0.0013075718337406596,0.0009153002836184617,0.0019613577506109895,0.003922715501221979,0.009478575700285128,0.007647975133048205,0.010524633167277656,0.006601917666055677,0.012485990917888646,0.004640559915444688,1,0,0,0,0,0,0
2023-11-22 11:00:00,0.00633043,0.00845184,0.0013802436758022503,0.0009661705730615751,0.002070365513703375,0.00414073102740675,0.009418010573061575,0.007485669426938425,0.010522205513703375,0.006381474486296625,0.01259257102740675,0.00431110897259325,1,0,0,0,0,0,0
2023-11-22 12:00:00,0.00767054,0.008396255416666665,0.001383873543497358,0.0009687114804481506,0.002075810315246037,0.004151620630492074,0.009364966897114815,0.007427543936218514,0.010472065731912701,0.006320445101420628,0.012547876047158738,0.0042446347861745904,0,0,1,0,0,0,0
2023-11-22 13:00:00,0.00777517,0.008345045833333333,0.0013831383659477512,0.0009681968561634258,0.0020747075489216268,0.0041494150978432535,0.00931324268949676,0.007376848977169908,0.01041975338225496,0.006270338284411706,0.012494460931176586,0.00419563073549008,0,0,1,0,0,0,0
2023-11-22 14:00:00,0.0078529,0.008298288333333332,0.0013798778166444633,0.0009659144716511242,0.0020698167249666947,0.004139633449933389,0.009264202804984457,0.007332373861682208,0.010368105058300027,0.006228471608366638,0.012437921783266722,0.004158654883399943,0,0,1,0,0,0,0
2023-11-22 15:00:00,0.00787046,0.008253595833333332,0.0013754491260802373,0.000962814388256166,0.002063173689120356,0.004126347378240712,0.009216410221589498,0.007290781445077166,0.010316769522453688,0.006190422144212976,0.012379943211574044,0.00412724845509262,0,0,1,0,0,0,0
2023-11-22 16:00:00,0.00986784,0.008336362916666664,0.0014113769767902839,0.0009879638837531986,0.0021170654651854258,0.0042341309303708516,0.009324326800419863,0.007348399032913466,0.01045342838185209,0.006219297451481238,0.012570493847037515,0.004102231986295813,0,0,0,0,0,1,0
2023-11-22 17:00:00,0.00983887,0.008422139166666665,0.0014384068421211546,0.0010068847894848082,0.002157610263181732,0.004315220526363464,0.009429023956151474,0.0074152543771818565,0.010579749429848398,0.006264528903484933,0.01273735969303013,0.004106918640303201,0,0,0,0,0,1,0
2023-11-22 18:00:00,0.00990195,0.008513631666666665,0.0014605478054178645,0.001022383463792505,0.0021908217081267967,0.004381643416253593,0.00953601513045917,0.00749124820287416,0.010704453374793463,0.0063228099585398686,0.012895275082920259,0.004131988250413072,0,0,0,0,0,1,0
2023-11-22 19:00:00,0.00997911,0.008607733333333333,0.001479863581940716,0.0010359045073585012,0.002219795372911074,0.004439590745822148,0.009643637840691834,0.007571828825974831,0.010827528706244406,0.006387937960422259,0.01304732407915548,0.004168142587511184,0,0,0,0,0,1,0
2023-11-22 20:00:00,0.0099544,0.00869762375,0.0014939334921285781,0.0010457534444900047,0.002240900238192867,0.004481800476385734,0.009743377194490005,0.007651870305509995,0.010938523988192866,0.006456723511807132,0.013179424226385733,0.004215823273614265,0,0,0,0,0,1,0
2023-11-22 21:00:00,0.00996552,0.008786789166666666,0.0015034524670180442,0.0010524167269126308,0.002255178700527066,0.004510357401054132,0.009839205893579298,0.007734372439754035,0.011041967867193733,0.0065316104661396,0.013297146567720798,0.004276431765612534,0,0,0,0,0,1,0
2023-11-22 22:00:00,0.01010013,0.008880514166666666,0.0015126470713893016,0.0010588529499725111,0.0022689706070839525,0.004537941214167905,0.009939367116639177,0.007821661216694155,0.011149484773750619,0.006611543559582713,0.013418455380834571,0.004342572952498761,0,0,0,0,0,1,0
2023-11-22 23:00:00,0.01028845,0.008980363333333333,0.0015236157171782583,0.0010665310020247806,0.0022854235757673873,0.004570847151534775,0.010046894335358113,0.007913832331308553,0.01126578690910072,0.006694939757565946,0.013551210484868109,0.0044095161817985585,0,0,0,0,0,1,0
2023-11-23 00:00:00,0.01089498,0.008998521249999999,0.0015444603287835066,0.0010811222301484544,0.00231669049317526,0.00463338098635052,0.010079643480148453,0.007917399019851544,0.01131521174317526,0.006681830756824739,0.013631902236350519,0.004365140263649479,0,0,0,0,0,1,0
2023-11-23 01:00:00,0.01115979,0.009023087083333332,0.0015749343785378955,0.0011024540649765269,0.0023624015678068433,0.004724803135613687,0.01012554114830986,0.007920633018356805,0.011385488651140176,0.006660685515526489,0.013747890218947019,0.004298283947719646,0,0,0,0,0,1,0
2023-11-23 02:00:00,0.01122093,0.009046455416666665,0.0016041691587210646,0.0011229184111047452,0.002406253738081597,0.004812507476163194,0.01016937382777141,0.00792353700556192,0.011452709154748261,0.0066402016785850684,0.013858962892829858,0.004233947940503471,0,0,0,0,0,1,0
2023-11-23 03:00:00,0.01130536,0.009074208333333332,0.0016383222115899934,0.0011468255481129953,0.00245748331738499,0.00491496663476998,0.010221033881446327,0.007927382785220337,0.011531691650718321,0.006616725015948342,0.013989174968103313,0.004159241698563351,0,0,0,0,0,1,0
2023-11-23 04:00:00,0.01158846,0.009171299999999999,0.0017168681777207807,0.0012018077244045464,0.002575302266581171,0.005150604533162342,0.010373107724404544,0.007969492275595453,0.011746602266581169,0.0065959977334188276,0.01432190453316234,0.0040206954668376566,0,0,0,0,0,1,0
2023-11-23 05:00:00,0.01190107,0.009282516666666666,0.0018051466496339715,0.00126360265474378,0.0027077199744509573,0.005415439948901915,0.010546119321410447,0.008018914011922885,0.011990236641117622,0.006574796692215708,0.01469795661556858,0.003867076717764751,0,0,0,0,0,1,0
2023-11-23 06:00:00,0.01190163,0.009393533749999999,0.0018825128863994315,0.001317759020479602,0.0028237693295991473,0.005647538659198295,0.010711292770479601,0.008075774729520396,0.012217303079599146,0.006569764420400852,0.015041072409198292,0.003745995090801704,0,0,0,0,0,1,0
2023-11-23 07:00:00,0.01182736,0.00950142833333333,0.0019463293780763277,0.0013624305646534292,0.002919494067114492,0.005838988134228984,0.01086385889798676,0.008138997768679901,0.012420922400447822,0.006581934266218839,0.015340416467562314,0.003662440199104347,0,0,0,0,0,1,0
2023-11-23 08:00:00,0.01294034,0.009779884166666664,0.0019400811849888473,0.001358056829492193,0.0029101217774832712,0.0058202435549665425,0.011137940996158857,0.00842182733717447,0.012690005944149936,0.006869762389183393,0.015600127721633206,0.0039596406117001215,0,0,0,0,0,0,1
2023-11-23 09:00:00,0.01317295,0.010066766666666666,0.0019100744561511653,0.0013370521193058157,0.0028651116842267482,0.0057302233684534964,0.011403818785972481,0.00872971454736085,0.012931878350893414,0.007201654982439918,0.01579699003512016,0.004336543298213169,0,0,0,0,0,0,1
2023-11-23 10:00:00,0.01362926,0.010372412499999999,0.0018664842127456669,0.0013065389489219667,0.0027997263191185005,0.005599452638237001,0.011678951448921965,0.009065873551078032,0.013172138819118499,0.0075726861808814985,0.015971865138237,0.004772959861762998,0,0,0,0,0,0,1
2023-11-23 11:00:00,0.01388339,0.010687119166666663,0.0017905419374906664,0.0012533793562434664,0.0026858129062359995,0.005371625812471999,0.01194049852291013,0.009433739810423197,0.013372932072902664,0.008001306260430663,0.016058744979138662,0.005315493354194664,0,0,0,0,0,0,1
2023-11-23 12:00:00,0.01393658,0.010948204166666664,0.0017883950379818248,0.0012518765265872773,0.002682592556972737,0.005365185113945474,0.012200080693253942,0.009696327640079386,0.013630796723639402,0.008265611609693926,0.01631338928061214,0.00558301905272119,0,0,0,0,0,0,1
2023-11-23 13:00:00,0.01372058,0.011195929583333333,0.0017409055544907613,0.001218633888143533,0.002611358331736142,0.005222716663472284,0.012414563471476866,0.0099772956951898,0.013807287915069475,0.008584571251597192,0.016418646246805616,0.00597321291986105,0,0,0,0,0,1,0
2023-11-23 14:00:00,0.01355605,0.011433560833333333,0.0016516970767219584,0.0011561879537053707,0.0024775456150829375,0.004955091230165875,0.012589748787038705,0.010277372879627962,0.01391110644841627,0.008956015218250396,0.01638865206349921,0.006478469603167458,0,0,0,0,0,1,0
2023-11-23 15:00:00,0.01340471,0.01166415458333333,0.0015131302480304032,0.0010591911736212822,0.002269695372045605,0.00453939074409121,0.012723345756954612,0.01060496340971205,0.013933849955378936,0.009394459211287726,0.01620354532742454,0.007124763839242121,0,0,0,0,0,1,0
2023-11-23 16:00:00,0.01183023,0.011745920833333331,0.0014640671474710424,0.0010248470032297296,0.0021961007212065635,0.004392201442413127,0.01277076783656306,0.010721073830103602,0.013942021554539896,0.009549820112126767,0.016138122275746458,0.007353719390920204,0,0,0,0,1,0,0
2023-11-23 17:00:00,0.01132514,0.011807848749999997,0.0014103422666158316,0.000987239586631082,0.002115513399923747,0.004231026799847494,0.012795088336631079,0.010820609163368916,0.013923362149923745,0.009692335350076249,0.01603887554984749,0.007576821950152503,0,0,1,0,0,0,0
2023-11-23 18:00:00,0.0107316,0.011842417499999999,0.001371221027917284,0.0009598547195420988,0.0020568315418759264,0.004113663083751853,0.012802272219542098,0.0108825627804579,0.013899249041875925,0.009785585958124073,0.01595608058375185,0.007728754416248146,0,1,0,0,0,0,0
2023-11-23 19:00:00,0.01029153,0.011855435,0.0013541394466277839,0.0009478976126394487,0.0020312091699416757,0.004062418339883351,0.012803332612639448,0.01090753738736055,0.013886644169941675,0.009824225830058323,0.01591785333988335,0.007793016660116648,0,1,0,0,0,0,0
2023-11-23 20:00:00,0.00995921,0.011855635416666664,0.0013538461789898415,0.000947692325292889,0.002030769268484762,0.004061538536969524,0.012803327741959553,0.010907943091373776,0.013886404685151427,0.009824866148181902,0.01591717395363619,0.00779409687969714,0,1,0,0,0,0,0
2023-11-23 21:00:00,0.0097774,0.011847797083333332,0.001365757308123036,0.0009560301156861251,0.002048635962184554,0.004097271924369108,0.012803827199019457,0.010891766967647206,0.013896433045517886,0.009799161121148777,0.01594506900770244,0.007750525158964224,1,0,0,0,0,0,0
2023-11-23 22:00:00,0.00977732,0.011834346666666667,0.0013851688447911578,0.0009696181913538104,0.0020777532671867366,0.004155506534373473,0.012803964858020477,0.010864728475312857,0.013912099933853403,0.009756593399479931,0.01598985320104014,0.007678840132293194,0,1,0,0,0,0,0
2023-11-23 23:00:00,0.00980498,0.011814202083333331,0.0014118862809762256,0.0009883203966833578,0.002117829421464338,0.004235658842928676,0.012802522480016688,0.010825881686649974,0.01393203150479767,0.009696372661868992,0.016049860926262007,0.007578543240404655,0,1,0,0,0,0,0
2023-11-24 00:00:00,0.01044552,0.011795474583333333,0.0014275036003001007,0.0009992525202100705,0.0021412554004501512,0.0042825108009003025,0.012794727103543404,0.010796222063123263,0.013936729983783484,0.009654219182883183,0.016077985384233634,0.007512963782433031,0,1,0,0,0,0,0
2023-11-24 01:00:00,0.01045155,0.011765964583333332,0.0014483839329735195,0.0010138687530814635,0.002172575899460279,0.004345151798920558,0.012779833336414794,0.010752095830251869,0.01393854048279361,0.009593388683873053,0.01611111638225389,0.007420812784412773,0,1,0,0,0,0,0
2023-11-24 02:00:00,0.01045428,0.01173402083333333,0.0014692312759457037,0.0010284618931619925,0.0022038469139185556,0.004407693827837111,0.012762482726495323,0.010705558940171339,0.013937867747251887,0.009530173919414775,0.016141714661170443,0.0073263270054962195,0,1,0,0,0,0,0
2023-11-24 03:00:00,0.01045432,0.011698560833333331,0.0014901479165767117,0.0010431035416036982,0.0022352218748650675,0.004470443749730135,0.012741664374937029,0.010655457291729634,0.013933782708198398,0.009463338958468265,0.016169004583063466,0.0072281170836031965,0,1,0,0,0,0,0
2023-11-24 04:00:00,0.01044916,0.011651090000000001,0.0015117975973598426,0.0010582583181518897,0.002267696396039764,0.004535392792079528,0.01270934831815189,0.010592831681848111,0.013918786396039766,0.009383393603960236,0.01618648279207953,0.007115697207920473,0,1,0,0,0,0,0
2023-11-24 05:00:00,0.01043705,0.011590089166666666,0.0015306908374267732,0.0010714835861987413,0.00229603625614016,0.00459207251228032,0.012661572752865408,0.010518605580467924,0.013886125422806827,0.009294052910526505,0.016182161678946986,0.0069980166543863465,0,1,0,0,0,0,0
2023-11-24 06:00:00,0.01036747,0.011526165833333333,0.0015490390208938733,0.0010843273146257113,0.0023235585313408098,0.0046471170626816195,0.012610493147959045,0.01044183851870762,0.013849724364674142,0.009202607301992523,0.016173282896014954,0.006879048770651713,0,1,0,0,0,0,0
2023-11-24 07:00:00,0.01043571,0.011468180416666666,0.0015632558557605954,0.0010942790990324167,0.002344883783640893,0.004689767567281786,0.012562459515699082,0.01037390131763425,0.013813064200307559,0.009123296633025774,0.016157947983948453,0.00677841284938488,0,0,1,0,0,0,0
2023-11-24 08:00:00,0.01023525,0.011355468333333334,0.0015499600453075225,0.0010849720317152656,0.0023249400679612835,0.004649880135922567,0.0124404403650486,0.010270496301618068,0.013680408401294617,0.00903052826537205,0.0160053484692559,0.006705588197410767,0,1,0,0,0,0,0
2023-11-24 09:00:00,0.01061776,0.011249002083333333,0.0015068479013029563,0.0010547935309120693,0.0022602718519544344,0.004520543703908869,0.012303795614245402,0.010194208552421263,0.013509273935287766,0.008988730231378899,0.0157695457872422,0.006728458379424464,0,0,1,0,0,0,0
2023-11-24 10:00:00,0.01149089,0.011159903333333334,0.001420745971641897,0.0009945221801493278,0.0021311189574628455,0.004262237914925691,0.01215442551348266,0.010165381153184007,0.013291022290796178,0.009028784375870489,0.015422141248259025,0.006897665418407643,0,0,0,0,1,0,0
2023-11-24 11:00:00,0.01240557,0.0110983275,0.0013264737085753938,0.0009285315960027756,0.0019897105628630908,0.0039794211257261815,0.012026859096002776,0.010169795903997223,0.01308803806286309,0.00910861693713691,0.015077748625726181,0.007118906374273818,0,0,0,0,0,1,0
2023-11-24 12:00:00,0.01309939,0.011063444583333332,0.001257821058255737,0.0008804747407790158,0.0018867315873836053,0.0037734631747672106,0.011943919324112347,0.010182969842554316,0.012950176170716938,0.009176712995949726,0.014836907758100542,0.007289981408566121,0,0,0,0,0,0,1
2023-11-24 13:00:00,0.01360546,0.011058647916666666,0.0012474241163538357,0.0008731968814476849,0.0018711361745307534,0.0037422723490615067,0.011931844798114351,0.01018545103521898,0.012929784091197419,0.009187511742135912,0.014800920265728173,0.007316375567605159,0,0,0,0,0,0,1
2023-11-24 14:00:00,0.01402712,0.011078275833333333,0.0012913609693112928,0.0009039526785179049,0.0019370414539669392,0.0038740829079338783,0.011982228511851238,0.010174323154815429,0.013015317287300272,0.009141234379366394,0.014952358741267211,0.007204192925399455,0,0,0,0,0,0,1
2023-11-24 15:00:00,0.01481008,0.011136832916666665,0.0014262580192009615,0.000998380613440673,0.002139387028801442,0.004278774057602884,0.012135213530107339,0.010138452303225992,0.013276219945468107,0.008997445887865224,0.015415606974269549,0.006858058859063781,0,0,0,0,0,0,1
2023-11-24 16:00:00,0.01799947,0.011393884583333333,0.00199799953602516,0.0013985996752176118,0.0029969993040377396,0.005993998608075479,0.012792484258550944,0.009995284908115722,0.014390883887371073,0.008396885279295593,0.017387883191408812,0.005399885975257854,0,0,0,0,0,0,1
2023-11-24 17:00:00,0.01788598,0.011667252916666664,0.002397145952842803,0.001678002166989962,0.003595718929264205,0.00719143785852841,0.013345255083656625,0.009989250749676703,0.015262971845930869,0.008071533987402459,0.018858690775195072,0.004475815058138254,0,0,0,0,0,0,1
2023-11-24 18:00:00,0.0173118,0.011941427916666665,0.0026485963436179254,0.0018540174405325476,0.003972894515426888,0.007945789030853776,0.013795445357199213,0.010087410476134118,0.015914322432093553,0.007968533401239777,0.019887216947520443,0.003995638885812889,0,0,0,0,0,0,1
2023-11-24 19:00:00,0.01689933,0.012216752916666664,0.002808262475348048,0.0019657837327436336,0.004212393713022072,0.008424787426044144,0.014182536649410297,0.01025096918392303,0.016429146629688737,0.008004359203644592,0.020641540342710808,0.0037919654906225196,0,0,0,0,0,0,1
2023-11-24 20:00:00,0.01654503,0.012491162083333332,0.0028983957340135433,0.00202887701380948,0.004347593601020315,0.00869518720204063,0.014520039097142811,0.010462285069523852,0.016838755684353647,0.008143568482313016,0.02118634928537396,0.003795974881292701,0,0,0,0,0,1,0
2023-11-24 21:00:00,0.01614399,0.012756436666666664,0.002930393969255585,0.0020512757784789093,0.004395590953883377,0.008791181907766754,0.014807712445145574,0.010705160888187754,0.017152027620550042,0.008360845712783286,0.02154761857443342,0.00396525475889991,0,0,0,0,0,1,0
2023-11-24 22:00:00,0.01589847,0.013011484583333332,0.0029262073208462048,0.0020483451245923434,0.0043893109812693076,0.008778621962538615,0.015059829707925675,0.010963139458740988,0.01740079556460264,0.008622173602064024,0.02179010654587195,0.004232862620794716,0,0,0,0,0,1,0
2023-11-24 23:00:00,0.01511011,0.013232531666666665,0.00287335379734536,0.0020113476581417517,0.0043100306960180395,0.008620061392036079,0.015243879324808416,0.011221184008524914,0.017542562362684706,0.008922500970648626,0.021852593058702744,0.004612470274630586,0,0,0,0,1,0,0
2023-11-25 00:00:00,0.00599322,0.013047019166666667,0.003187652598916963,0.002231356819241874,0.004781478898375444,0.009562957796750888,0.01527837598590854,0.010815662347424792,0.01782849806504211,0.008265540268291223,0.022609976963417554,0.0034840613699157787,1,0,0,0,0,0,0
2023-11-25 01:00:00,0.00576607,0.01285179083333333,0.003483295486242554,0.0024383068403697875,0.005224943229363831,0.010449886458727662,0.015290097673703117,0.010413483992963542,0.01807673406269716,0.0076268476039694985,0.023301677292060993,0.0024019043746056675,1,0,0,0,0,0,0
2023-11-25 02:00:00,0.00551395,0.01264594375,0.0037656680716889723,0.0026359676501822803,0.005648502107533458,0.011297004215066917,0.01528191140018228,0.010009976099817719,0.018294445857533457,0.006997441642466541,0.023942947965066914,0.0013489395349330826,1,0,0,0,0,0,0
2023-11-25 03:00:00,0.00527917,0.012430312499999999,0.004035150475939158,0.0028246053331574105,0.006052725713908738,0.012105451427817476,0.01525491783315741,0.009605707166842588,0.018483038213908738,0.006377586786091261,0.024535763927817474,0.00032486107218252305,1,0,0,0,0,0,0
2023-11-25 04:00:00,0.00508699,0.012206888749999999,0.004290016161624922,0.003003011313137445,0.006435024242437382,0.012870048484874764,0.015209900063137443,0.009203877436862554,0.01864191299243738,0.005771864507562617,0.025076937234874763,-0.0006631597348747652,1,0,0,0,0,0,0
2023-11-25 05:00:00,0.0049874,0.01197982,0.004525525348980073,0.0031678677442860508,0.0067882880234701095,0.013576576046940219,0.015147687744286051,0.00881195225571395,0.01876810802347011,0.005191531976529891,0.025556396046940218,-0.0015967560469402186,1,0,0,0,0,0,0
2023-11-25 06:00:00,0.00484898,0.011749882916666668,0.0047458404388158884,0.003322088307171122,0.007118760658223833,0.014237521316447666,0.015071971223837789,0.008427794609495547,0.0188686435748905,0.0046311222584428345,0.025987404233114332,-0.0024876383997809986,0,1,0,0,0,0,0
2023-11-25 07:00:00,0.00478707,0.011514522916666665,0.004949542285264563,0.003464679599685194,0.007424313427896845,0.01484862685579369,0.01497920251635186,0.008049843316981472,0.01893883634456351,0.004090209488769821,0.026363149772460355,-0.003334103939127024,0,1,0,0,0,0,0
2023-11-25 08:00:00,0.01145162,0.011565205,0.004942095368799902,0.003459466758159931,0.007413143053199853,0.014826286106399706,0.01502467175815993,0.00810573824184007,0.018978348053199853,0.004152061946800147,0.026391491106399705,-0.0032610811063997058,0,0,1,0,0,0,0
2023-11-25 09:00:00,0.01143138,0.011599105833333331,0.0049381026425655335,0.003456671849795873,0.0074071539638483,0.0148143079276966,0.015055777683129205,0.008142433983537457,0.01900625979718163,0.004191951869485031,0.02641341376102993,-0.0032152020943632693,0,0,1,0,0,0,0
2023-11-25 10:00:00,0.01149348,0.011599213749999998,0.004938100203107385,0.0034566701421751694,0.007407150304661077,0.014814300609322154,0.015055883892175168,0.008142543607824829,0.019006364054661076,0.004192063445338921,0.026413514359322154,-0.0032150868593221558,0,0,1,0,0,0,0
2023-11-25 11:00:00,0.01124519,0.011550864583333334,0.004935541872255045,0.0034548793105785313,0.007403312808382568,0.014806625616765136,0.015005743893911865,0.008095985272754803,0.018954177391715902,0.004147551774950766,0.02635749020009847,-0.003255761033431802,0,0,1,0,0,0,0
2023-11-25 12:00:00,0.01112691,0.011468677916666664,0.004925046400754296,0.003447532480528007,0.007387569601131443,0.014775139202262887,0.014916210397194672,0.008021145436138657,0.01885624751779811,0.004081108315535221,0.02624381711892955,-0.003306461285596222,0,0,1,0,0,0,0
2023-11-25 13:00:00,0.01112905,0.011365494166666665,0.004904230078829434,0.0034329610551806036,0.007356345118244151,0.014712690236488302,0.014798455221847268,0.007932533111486062,0.018721839284910814,0.004009149048422514,0.026078184403154965,-0.0033471960698216365,0,0,1,0,0,0,0
2023-11-25 14:00:00,0.01110623,0.011243790416666665,0.004871440077615234,0.0034100080543306636,0.007307160116422851,0.014614320232845701,0.014653798470997329,0.007833782362336,0.018550950533089514,0.003936630300243814,0.025858110649512364,-0.0033705298161790364,0,0,1,0,0,0,0
2023-11-25 15:00:00,0.0111021,0.01108929125,0.004811851893557575,0.0033682963254903025,0.007217777840336363,0.014435555680672726,0.014457587575490302,0.007720994924509696,0.018307069090336362,0.0038715134096636364,0.025524846930672723,-0.0033462644306727265,0,0,0,0,1,0,0
2023-11-25 16:00:00,0.00639676,0.010605844999999997,0.004668116282330278,0.0032676813976311946,0.0070021744234954175,0.014004348846990835,0.013873526397631192,0.007338163602368802,0.017608019423495415,0.00360367057650458,0.024610193846990834,-0.0033985038469908375,0,1,0,0,0,0,0
2023-11-25 17:00:00,0.00636452,0.010125784166666665,0.004475331378703545,0.0031327319650924813,0.0067129970680553175,0.013425994136110635,0.013258516131759147,0.006993052201574184,0.016838781234721982,0.003412787098611348,0.0235517783027773,-0.0033002099694439697,0,1,0,0,0,0,0
2023-11-25 18:00:00,0.00626136,0.009665349166666665,0.004267493577965157,0.00298724550457561,0.006401240366947736,0.012802480733895472,0.012652594671242275,0.006678103662091055,0.016066589533614402,0.003264108799718929,0.022467829900562137,-0.003137131567228807,0,1,0,0,0,0,0
2023-11-25 19:00:00,0.00633826,0.009225304583333331,0.004026845971787957,0.0028187921802515694,0.006040268957681935,0.01208053791536387,0.0120440967635849,0.006406512403081762,0.015265573541015267,0.0031850356256513963,0.0213058424986972,-0.002855233332030539,0,1,0,0,0,0,0
2023-11-25 20:00:00,0.00638116,0.008801809999999998,0.003748406440518761,0.0026238845083631323,0.005622609660778141,0.011245219321556282,0.011425694508363131,0.006177925491636866,0.01442441966077814,0.0031792003392218573,0.020047029321556283,-0.002443409321556284,0,0,1,0,0,0,0
2023-11-25 21:00:00,0.006448,0.008397810416666667,0.003431809687639879,0.0024022667813479153,0.005147714531459818,0.010295429062919637,0.010800077198014582,0.0059955436353187515,0.013545524948126485,0.0032500958852068485,0.0186932394795863,-0.0018976186462529698,0,0,1,0,0,0,0
2023-11-25 22:00:00,0.00649234,0.00800588833333333,0.00305431100248808,0.002138017701741656,0.0045814665037321204,0.009162933007464241,0.010143906035074986,0.005867870631591675,0.01258735483706545,0.00342442182960121,0.01716882134079757,-0.0011570446741309103,0,0,1,0,0,0,0
2023-11-25 23:00:00,0.00653527,0.007648603333333333,0.0026637000433522113,0.0018645900303465477,0.0039955500650283166,0.007991100130056633,0.009513193363679881,0.005784013302986785,0.01164415339836165,0.003653053268305016,0.015639703463389967,-0.0003424967967233005,0,0,1,0,0,0,0
2023-11-26 00:00:00,0.00866713,0.007760016249999999,0.0026473206032776677,0.0018531244222943673,0.003970980904916502,0.007941961809833004,0.009613140672294365,0.0059068918277056315,0.0117309971549165,0.003789035345083497,0.015701978059833,-0.0001819455598330048,0,0,0,0,1,0,0
2023-11-26 01:00:00,0.00873376,0.007883669999999999,0.002619296585841496,0.001833507610089047,0.003928944878762244,0.007857889757524487,0.009717177610089046,0.006050162389910952,0.011812614878762243,0.003954725121237755,0.015741559757524486,2.5780242475511445e-05,0,0,0,0,1,0,0
2023-11-26 02:00:00,0.00878854,0.008020111249999998,0.002575409326617752,0.001802786528632426,0.0038631139899266277,0.007726227979853255,0.009822897778632425,0.006217324721367572,0.011883225239926626,0.00415699726007337,0.015746339229853253,0.00029388327014674264,0,0,0,0,1,0,0
2023-11-26 03:00:00,0.00898047,0.008174332083333333,0.0025142340523837295,0.0017599638366686105,0.003771351078575594,0.007542702157151188,0.009934295920001944,0.006414368246664722,0.011945683161908926,0.004402981004757739,0.01571703424048452,0.0006316299261821447,0,0,0,0,1,0,0
2023-11-26 04:00:00,0.00906433,0.008340054583333333,0.0024316111713431217,0.001702127819940185,0.0036474167570146824,0.007294833514029365,0.010042182403273517,0.006637926763393148,0.011987471340348015,0.00469263782631865,0.015634888097362697,0.0010452210693039678,0,0,0,0,1,0,0
2023-11-26 05:00:00,0.00930134,0.008519802083333331,0.0023303406487764342,0.001631238454143504,0.0034955109731646516,0.006991021946329303,0.010151040537476836,0.006888563629189827,0.012015313056497983,0.00502429111016868,0.015510824029662635,0.0015287801370040283,0,0,0,0,1,0,0
2023-11-26 06:00:00,0.00946735,0.008712234166666664,0.00220114005175383,0.0015407980362276807,0.003301710077630745,0.00660342015526149,0.010253032202894344,0.007171436130438983,0.012013944244297409,0.005410524089035919,0.015315654321928154,0.002108814011405174,0,0,0,0,1,0,0
2023-11-26 07:00:00,0.0095892,0.008912322916666666,0.002041277373729642,0.0014288941616107493,0.003061916060594463,0.006123832121188926,0.010341217078277416,0.007483428755055917,0.01197423897726113,0.005850406856072203,0.015036155037855593,0.0027884907954777403,0,0,0,0,1,0,0
2023-11-26 08:00:00,0.01190984,0.008931415416666665,0.0020680282217989928,0.0014476197552592948,0.003102042332698489,0.006204084665396978,0.01037903517192596,0.0074837956614073695,0.012033457749365154,0.005829373083968175,0.015135500082063644,0.0027273307512696863,0,0,0,0,0,1,0
2023-11-26 09:00:00,0.01191161,0.008951424999999999,0.0020954107653343343,0.001466787535734034,0.0031431161480015013,0.006286232296003003,0.010418212535734033,0.007484637464265965,0.0120945411480015,0.005808308851998498,0.015237657296003002,0.0026651927039969964,0,0,0,0,0,1,0
2023-11-26 10:00:00,0.01189772,0.008968268333333333,0.0021182331253947473,0.001482763187776323,0.003177349688092121,0.006354699376184242,0.010451031521109655,0.00748550514555701,0.012145618021425454,0.005790918645241212,0.015322967709517575,0.002613568957149091,0,0,0,0,0,1,0
2023-11-26 11:00:00,0.01165713,0.0089854325,0.0021390520083364377,0.0014973364058355062,0.0032085780125046563,0.006417156025009313,0.010482768905835506,0.0074880960941644936,0.012194010512504655,0.005776854487495343,0.015402588525009312,0.002568276474990687,0,0,0,0,0,1,0
2023-11-26 12:00:00,0.0115327,0.009002340416666666,0.002158232823203453,0.001510762976242417,0.0032373492348051792,0.0064746984696103585,0.010513103392909083,0.007491577440424248,0.012239689651471845,0.0057649911818614865,0.015477038886277024,0.0025276419470563073,0,0,0,0,0,1,0
2023-11-26 13:00:00,0.01123867,0.009006907916666666,0.0021630399381688758,0.001514127956718213,0.0032445599072533134,0.006489119814506627,0.01052103587338488,0.007492779959948453,0.01225146782391998,0.0057623480094133525,0.015496027731173293,0.002517788102160039,0,0,0,0,0,1,0
2023-11-26 14:00:00,0.01153862,0.009024924166666665,0.0021829943896599876,0.0015280960727619911,0.0032744915844899816,0.006548983168979963,0.010553020239428655,0.007496828093904674,0.012299415751156647,0.005750432582176683,0.015573907335646628,0.0024759409976867017,0,0,0,0,0,1,0
2023-11-26 15:00:00,0.01251665,0.009083863749999999,0.00225927845817872,0.0015814949207251041,0.00338891768726808,0.00677783537453616,0.010665358670725104,0.007502368829274895,0.012472781437268078,0.005694946062731919,0.01586169912453616,0.0023060283754638387,0,0,0,0,0,0,1
2023-11-26 16:00:00,0.00794705,0.009148459166666666,0.0022005086150903757,0.001540356030563263,0.0033007629226355635,0.006601525845271127,0.01068881519722993,0.007608103136103403,0.01244922208930223,0.005847696244031102,0.015749985011937792,0.002546933321395539,0,0,1,0,0,0,0
2023-11-26 17:00:00,0.0079178,0.009213179166666667,0.002136994580125779,0.0014958962060880453,0.003205491870188669,0.006410983740377338,0.010709075372754713,0.007717282960578622,0.012418671036855336,0.006007687296477998,0.015624162907044005,0.002802195426289329,0,0,1,0,0,0,0
2023-11-26 18:00:00,0.0080019,0.009285701666666665,0.002060633996264992,0.0014424437973854943,0.0030909509943974883,0.0061819019887949765,0.01072814546405216,0.00784325786928117,0.012376652661064153,0.006194750672269177,0.015467603655461641,0.0031037996778716884,0,0,1,0,0,0,0
2023-11-26 19:00:00,0.00809136,0.009358747499999999,0.0019811488730890484,0.0013868042111623339,0.0029717233096335726,0.005943446619267145,0.010745551711162333,0.007971943288837664,0.012330470809633572,0.006387024190366426,0.015302194119267143,0.0034153008807328534,0,0,1,0,0,0,0
2023-11-26 20:00:00,0.0068474,0.009378174166666666,0.0019527644972036707,0.0013669351480425694,0.002929146745805506,0.005858293491611012,0.010745109314709235,0.008011239018624097,0.012307320912472173,0.00644902742086116,0.015236467658277679,0.003519880675055654,0,1,0,0,0,0,0
2023-11-26 21:00:00,0.00721255,0.009410030416666664,0.001908622344767029,0.0013360356413369202,0.0028629335171505435,0.005725867034301087,0.010746066058003585,0.008073994775329744,0.012272963933817209,0.006547096899516121,0.015135897450967752,0.0036841633823655774,0,1,0,0,0,0,0
2023-11-26 22:00:00,0.00730566,0.009443918749999999,0.00186119641614086,0.001302837491298602,0.0027917946242112896,0.005583589248422579,0.0107467562412986,0.008141081258701397,0.01223571337421129,0.006652124125788709,0.015027507998422578,0.0038603295015774194,0,1,0,0,0,0,0
2023-11-26 23:00:00,0.00647388,0.009441360833333332,0.0018654051184032875,0.0013057835828823013,0.002798107677604931,0.005596215355209862,0.010747144416215633,0.008135577250451031,0.012239468510938264,0.006643253155728401,0.015037576188543195,0.00384514547812347,1,0,0,0,0,0,0
2023-11-27 00:00:00,0.00955059,0.009478171666666665,0.0018581654184255418,0.0013007157928978791,0.0027872481276383127,0.005574496255276625,0.010778887459564544,0.008177455873768787,0.012265419794304977,0.006690923539028353,0.015052667921943291,0.0039036754113900398,0,0,0,0,1,0,0
2023-11-27 01:00:00,0.00974328,0.009520234999999998,0.0018519975177701416,0.0012963982624390991,0.0027779962766552122,0.0055559925533104244,0.010816633262439097,0.0082238367375609,0.01229823127665521,0.006742238723344786,0.015076227553310423,0.003964242446689574,0,0,0,0,1,0,0
2023-11-27 02:00:00,0.00974135,0.009559935416666667,0.001845832766580738,0.0012920829366065165,0.002768749149871107,0.005537498299742214,0.010852018353273183,0.00826785248006015,0.012328684566537775,0.00679118626679556,0.01509743371640888,0.004022437116924453,0,0,0,0,1,0,0
2023-11-27 03:00:00,0.00976784,0.0095927425,0.0018420791736237874,0.0012894554215366512,0.002763118760435681,0.005526237520871362,0.01088219792153665,0.008303287078463348,0.012355861260435681,0.006829623739564318,0.01511898002087136,0.004066504979128637,0,0,0,0,1,0,0
2023-11-27 04:00:00,0.01110384,0.009677722083333331,0.0018635608721641872,0.001304492610514931,0.0027953413082462807,0.0055906826164925615,0.010982214693848262,0.0083732294728184,0.012473063391579612,0.0068823807750870505,0.015268404699825893,0.00408703946684077,0,0,0,0,0,1,0
2023-11-27 05:00:00,0.01074234,0.009737763749999998,0.0018740909408143719,0.0013118636585700602,0.0028111364112215578,0.0056222728224431156,0.011049627408570057,0.008425900091429938,0.012548900161221555,0.0069266273387784405,0.015360036572443114,0.004115490927556882,0,0,0,0,1,0,0
2023-11-27 06:00:00,0.0102084,0.009768640833333333,0.001875546077850142,0.0013128822544950993,0.002813319116775213,0.005626638233550426,0.011081523087828433,0.008455758578838233,0.012581959950108546,0.0069553217165581206,0.01539527906688376,0.004142002599782907,0,0,0,0,1,0,0
2023-11-27 07:00:00,0.00992115,0.009782472083333332,0.001875389232909666,0.001312772463036766,0.002813083849364499,0.005626167698728998,0.011095244546370097,0.008469699620296567,0.01259555593269783,0.006969388233968833,0.01540863978206233,0.004156304384604334,0,0,0,0,1,0,0
2023-11-27 08:00:00,0.00666618,0.009563986249999998,0.0019216485958221212,0.0013451540170754848,0.0028824728937331817,0.0057649457874663634,0.010909140267075483,0.008218832232924514,0.01244645914373318,0.006681513356266816,0.015328932037466362,0.0037990404625336347,1,0,0,0,0,0,0
2023-11-27 09:00:00,0.00645268,0.009336530833333332,0.00195448305859831,0.001368138141018817,0.0029317245878974652,0.0058634491757949304,0.010704668974352148,0.007968392692314516,0.012268255421230797,0.006404806245435867,0.015199980009128262,0.0034730816575384016,0,1,0,0,0,0,0
2023-11-27 10:00:00,0.00631742,0.009104018333333332,0.0019684240372390407,0.0013778968260673285,0.002952636055858561,0.005905272111717122,0.01048191515940066,0.007726121507266003,0.012056654389191892,0.006151382277474771,0.015009290445050453,0.0031987462216162095,0,1,0,0,0,0,0
2023-11-27 11:00:00,0.0061203,0.008873317083333332,0.001980610201174435,0.0013864271408221044,0.0029709153017616523,0.005941830603523305,0.010259744224155437,0.007486889942511227,0.011844232385094983,0.00590240178157168,0.014815147686856637,0.0029314864798100273,0,1,0,0,0,0,0
2023-11-27 12:00:00,0.00520351,0.008609600833333333,0.0020318212216587075,0.0014222748551610952,0.0030477318324880613,0.0060954636649761225,0.010031875688494429,0.007187325978172238,0.011657332665821394,0.005561869000845272,0.014705064498309457,0.0025141371683572106,1,0,0,0,0,0,0
2023-11-27 13:00:00,0.00515012,0.008355911249999999,0.0020690498050878296,0.0014483348635614807,0.0031035747076317444,0.006207149415263489,0.009804246113561479,0.006907576386438518,0.011459485957631743,0.005252336542368254,0.014563060665263488,0.00214876183473651,1,0,0,0,0,0,0
2023-11-27 14:00:00,0.00505094,0.008085591249999998,0.0020589327493386565,0.0014412529245370594,0.003088399124007985,0.00617679824801597,0.009526844174537058,0.006644338325462938,0.011173990374007983,0.004997192125992013,0.014262389498015967,0.0019087930019840282,0,1,0,0,0,0,0
2023-11-27 15:00:00,0.00503391,0.0077738104166666655,0.0019206791758184052,0.0013444754230728835,0.002881018763727608,0.005762037527455216,0.009118285839739549,0.006429334993593782,0.010654829180394274,0.0048927916529390575,0.013535847944121882,0.0020117728892114495,0,1,0,0,0,0,0
2023-11-27 16:00:00,0.00370795,0.007597181249999999,0.0020913866389455998,0.0014639706472619198,0.0031370799584183994,0.006274159916836799,0.00906115189726192,0.006133210602738079,0.010734261208418399,0.004460101291581599,0.013871341166836797,0.0013230213331632,1,0,0,0,0,0,0
2023-11-27 17:00:00,0.00368093,0.007420644999999999,0.0022369031583926572,0.00156583221087486,0.003355354737588986,0.006710709475177972,0.008986477210874859,0.005854812789125139,0.010775999737588984,0.004065290262411013,0.014131354475177972,0.0007099355248220271,1,0,0,0,0,0,0
2023-11-27 18:00:00,0.00367795,0.007240480416666666,0.0023588575703774248,0.0016512002992641972,0.003538286355566137,0.007076572711132274,0.008891680715930864,0.005589280117402469,0.010778766772232804,0.003702194061100529,0.014317053127798941,0.0001639077055343918,1,0,0,0,0,0,0
2023-11-27 19:00:00,0.0036847,0.0070568695833333325,0.0024591203415742593,0.0017213842391019813,0.003688680512361389,0.007377361024722778,0.008778253822435314,0.005335485344231351,0.010745550095694723,0.0033681890709719433,0.014434230608056112,-0.00032049144138944583,0,1,0,0,0,0,0
2023-11-27 20:00:00,0.00344307,0.006915022499999999,0.00256752334810834,0.0017972663436758378,0.00385128502216251,0.00770257004432502,0.008712288843675836,0.005117756156324161,0.010766307522162509,0.0030637374778374887,0.014617592544325018,-0.0007875475443250212,0,1,0,0,0,0,0
2023-11-27 21:00:00,0.00346526,0.006758885416666666,0.002660886572203201,0.0018626206005422404,0.003991329858304801,0.007982659716609603,0.008621506017208905,0.004896264816124425,0.010750215274971466,0.0027675555583618642,0.014741545133276268,-0.0012237742999429372,0,1,0,0,0,0,0
2023-11-27 22:00:00,0.00349903,0.006600275833333332,0.0027391781213207153,0.0019174246849245006,0.004108767181981073,0.008217534363962145,0.008517700518257832,0.004682851148408831,0.010709043015314404,0.0024915086513522594,0.014817810197295478,-0.0016172585306288133,0,1,0,0,0,0,0
2023-11-27 23:00:00,0.0035272,0.0064774974999999985,0.0028102085382844346,0.0019671459767991043,0.004215312807426652,0.008430625614853304,0.008444643476799102,0.004510351523200894,0.01069281030742665,0.0022621846925733463,0.014908123114853303,-0.001953128114853306,0,1,0,0,0,0,0
2023-11-28 00:00:00,0.00811836,0.00641782125,0.002756812264142328,0.0019297685848996297,0.004135218396213492,0.008270436792426984,0.00834758983489963,0.00448805266510037,0.010553039646213493,0.0022826028537865075,0.014688258042426985,-0.0018526155424269846,0,0,0,0,1,0,0
2023-11-28 01:00:00,0.00812792,0.006350514583333332,0.002691026603146911,0.0018837186222028376,0.004036539904720367,0.008073079809440734,0.00823423320553617,0.004466795961130495,0.010387054488053698,0.002313974678612965,0.014423594392774065,-0.0017225652261074016,0,0,0,0,1,0,0
2023-11-28 02:00:00,0.00815822,0.006284550833333332,0.0026228341870414592,0.0018359839309290214,0.003934251280562189,0.007868502561124377,0.008120534764262353,0.00444856690240431,0.01021880211389552,0.0023502995527711432,0.014153053394457708,-0.0015839517277910454,0,0,0,0,0,1,0
2023-11-28 03:00:00,0.00820126,0.006219276666666666,0.002550883686433246,0.001785618580503272,0.0038263255296498693,0.007652651059299739,0.008004895247169937,0.004433658086163393,0.010045602196316535,0.0023929511370167963,0.013871927725966404,-0.001433374392633073,0,0,0,0,0,1,0
2023-11-28 04:00:00,0.00927039,0.006142882916666665,0.002422462310685608,0.0016957236174799256,0.0036336934660284124,0.007267386932056825,0.007838606534146591,0.00444715929918674,0.009776576382695077,0.0025091894506382526,0.01341026984872349,-0.0011245040153901598,0,0,0,0,0,1,0
2023-11-28 05:00:00,0.00927344,0.006081678749999999,0.0023174847991067416,0.001622239359374719,0.0034762271986601124,0.006952454397320225,0.007703918109374718,0.0044594393906252795,0.00955790594866011,0.0026054515513398865,0.013034133147320224,-0.0008707756473202259,0,0,0,0,0,1,0
2023-11-28 06:00:00,0.0092748,0.006042778749999998,0.0022521178560759286,0.0015764824992531498,0.003378176784113893,0.006756353568227786,0.007619261249253148,0.0044662962507468484,0.00942095553411389,0.0026646019658861054,0.012799132318227784,-0.0007135748182277874,0,0,0,0,0,1,0
2023-11-28 07:00:00,0.00922613,0.006013819583333332,0.0022040342032985023,0.0015428239423089516,0.0033060513049477536,0.006612102609895507,0.007556643525642284,0.0044709956410243805,0.009319870888281085,0.0027077682783855786,0.01262592219322884,-0.000598283026562175,0,0,0,0,0,1,0
2023-11-28 08:00:00,0.00762161,0.006053629166666665,0.002224859705734368,0.0015574017940140576,0.0033372895586015524,0.006674579117203105,0.007611030960680723,0.004496227372652608,0.009390918725268219,0.002716339608065113,0.01272820828386977,-0.0006209499505364395,0,0,0,0,0,1,0
2023-11-28 09:00:00,0.00762844,0.006102619166666666,0.002246864515230149,0.001572805160661104,0.003370296772845223,0.006740593545690446,0.00767542432732777,0.0045298140060055616,0.009472915939511889,0.0027323223938214426,0.012843212712357112,-0.0006379743790237806,0,0,0,0,1,0,0
2023-11-28 10:00:00,0.00762685,0.006157178749999999,0.002268104952382327,0.0015876734666676288,0.0034021574285734903,0.006804314857146981,0.007744852216667627,0.00456950528333237,0.00955933617857349,0.0027550213214265085,0.01296149360714698,-0.0006471361071469818,0,0,0,0,1,0,0
2023-11-28 11:00:00,0.00762714,0.006219963749999999,0.0022878100484618404,0.001601467033923288,0.0034317150726927608,0.0068634301453855216,0.007821430783923286,0.004618496716076711,0.00965167882269276,0.002788248677307238,0.013083393895385521,-0.0006434663953855226,0,0,0,0,1,0,0
2023-11-28 12:00:00,0.00724306,0.006304944999999998,0.002286291329650684,0.0016004039307554788,0.003429436994476026,0.006858873988952052,0.007905348930755477,0.004704541069244519,0.009734381994476024,0.0028755080055239725,0.01316381898895205,-0.0005539289889520535,0,0,0,0,1,0,0
2023-11-28 13:00:00,0.00724129,0.006392077083333333,0.0022802064951544182,0.0015961445466080926,0.0034203097427316274,0.006840619485463255,0.007988221629941426,0.00479593253672524,0.00981238682606496,0.0029717673406017054,0.013232696568796588,-0.00044854240212992193,0,0,0,0,1,0,0
2023-11-28 14:00:00,0.00728181,0.006485029999999999,0.0022685991493126226,0.0015880194045188357,0.003402898723968934,0.006805797447937868,0.008073049404518836,0.004897010595481164,0.009887928723968934,0.0030821312760310653,0.013290827447937867,-0.00032076744793786867,0,0,0,0,1,0,0
2023-11-28 15:00:00,0.0073098,0.00657985875,0.0022528160618935423,0.0015769712433254795,0.0033792240928403137,0.006758448185680627,0.008156829993325478,0.00500288750667452,0.009959082842840312,0.003200634657159686,0.013338306935680628,-0.0001785894356806277,0,0,0,0,1,0,0
2023-11-28 16:00:00,0.00839329,0.006775081249999999,0.0021954016572460146,0.0015367811600722101,0.003293102485869022,0.006586204971738044,0.008311862410072209,0.005238300089927789,0.01006818373586902,0.0034819787641309765,0.013361286221738043,0.00018887627826195443,0,0,0,0,0,1,0
2023-11-28 17:00:00,0.00841816,0.006972465833333331,0.002116662813238831,0.0014816639692671815,0.0031749942198582466,0.006349988439716493,0.008454129802600512,0.005490801864066149,0.010147460053191577,0.0037974716134750843,0.013322454273049823,0.0006224773936168377,0,0,0,0,1,0,0
2023-11-28 18:00:00,0.00836491,0.007167755833333332,0.002013171448417151,0.0014092200138920055,0.0030197571726257263,0.006039514345251453,0.008576975847225337,0.005758535819441326,0.010187513005959058,0.004147998660707605,0.013207270178584784,0.001128241488081879,0,0,0,0,1,0,0
2023-11-28 19:00:00,0.00828505,0.007359437083333332,0.0018818426554255401,0.001317289858797878,0.00282276398313831,0.00564552796627662,0.00867672694213121,0.006042147224535454,0.010182201066471643,0.004536673100195022,0.013004965049609952,0.001713909117056712,0,0,0,0,1,0,0
2023-11-28 20:00:00,0.00862217,0.007575232916666665,0.0017015282903002414,0.0011910698032101688,0.0025522924354503622,0.0051045848709007245,0.008766302719876834,0.006384163113456496,0.010127525352117027,0.005022940481216303,0.01267981778756739,0.0024706480457659403,0,0,0,0,1,0,0
2023-11-28 21:00:00,0.00858167,0.007788416666666666,0.0014688041391103094,0.0010281628973772166,0.0022032062086654643,0.004406412417330929,0.008816579564043883,0.006760253769289449,0.00999162287533213,0.005585210458001201,0.012194829083997594,0.003382004249335737,0,0,0,0,1,0,0
2023-11-28 22:00:00,0.00858064,0.008000150416666666,0.0011566950721948425,0.0008096865505363897,0.0017350426082922638,0.0034700852165845276,0.008809836967203055,0.007190463866130276,0.00973519302495893,0.006265107808374402,0.011470235633251193,0.004530065200082138,0,0,0,0,1,0,0
2023-11-28 23:00:00,0.00861305,0.008212060833333331,0.000661464651117798,0.0004630252557824586,0.0009921969766766969,0.0019843939533533937,0.00867508608911579,0.007749035577550873,0.009204257810010028,0.0072198638566566345,0.010196454786686725,0.006227666879979938,0,0,0,0,1,0,0
2023-11-29 00:00:00,0.00340487,0.008015665416666665,0.0011839123090509863,0.0008287386163356904,0.0017758684635764794,0.003551736927152959,0.008844404033002354,0.007186926800330974,0.009791533880243144,0.0062397969530901855,0.011567402343819623,0.004463928489513706,1,0,0,0,0,0,0
2023-11-29 01:00:00,0.00400322,0.007843802916666665,0.0014388423494860842,0.0010071896446402588,0.0021582635242291264,0.004316527048458253,0.008850992561306923,0.006836613272026406,0.01000206644089579,0.005685539392437539,0.012160329965124918,0.003527275868208412,1,0,0,0,0,0,0
2023-11-29 02:00:00,0.0040277,0.007671697916666665,0.0016334685458599405,0.0011434279821019582,0.0024502028187899107,0.0049004056375798214,0.008815125898768624,0.006528269934564707,0.010121900735456575,0.005221495097876755,0.012572103554246487,0.0027712922790868438,1,0,0,0,0,0,0
2023-11-29 03:00:00,0.00405659,0.007499003333333331,0.001786931490226547,0.0012508520431585828,0.0026803972353398203,0.0053607944706796406,0.008749855376491915,0.006248151290174748,0.010179400568673152,0.0048186060979935105,0.012859797804012972,0.0021382088626536906,1,0,0,0,0,0,0
2023-11-29 04:00:00,0.00266757,0.007223885833333332,0.0019981539465848057,0.0013987077626093638,0.0029972309198772083,0.005994461839754417,0.008622593595942696,0.005825178070723969,0.010221116753210541,0.004226654913456124,0.013218347673087749,0.0012294239935789156,1,0,0,0,0,0,0
2023-11-29 05:00:00,0.00269345,0.006949719583333333,0.002150332702693877,0.001505232891885714,0.003225499054040816,0.006450998108081632,0.008454952475219046,0.005444486691447619,0.01017521863737415,0.0037242205292925172,0.013400717691414965,0.0004987214752517014,1,0,0,0,0,0,0
2023-11-29 06:00:00,0.00261601,0.00667227,0.002263874786636018,0.0015847123506452126,0.003395812179954027,0.006791624359908054,0.008256982350645212,0.005087557649354787,0.010068082179954026,0.003276457820045973,0.013463894359908055,-0.00011935435990805422,1,0,0,0,0,0,0
2023-11-29 07:00:00,0.00256333,0.006394653333333331,0.0023441829098147958,0.0016409280368703569,0.0035162743647221936,0.007032548729444387,0.008035581370203687,0.004753725296462974,0.009910927698055525,0.002878378968611137,0.013427202062777718,-0.0006378953961110566,1,0,0,0,0,0,0
2023-11-29 08:00:00,0.00871634,0.006440267083333333,0.0023794804183770958,0.0016656362928639669,0.0035692206275656437,0.007138441255131287,0.0081059033761973,0.0047746307904693655,0.010009487710898976,0.002871046455767689,0.01357870833846462,-0.0006981741717979545,0,0,0,0,0,1,0
2023-11-29 09:00:00,0.0090675,0.006500227916666666,0.002428352752603946,0.0016998469268227623,0.003642529128905919,0.007285058257811838,0.00820007484348943,0.004800380989843904,0.010142757045572586,0.002857698787760747,0.013785286174478505,-0.0007848303411451723,0,0,0,0,0,1,0
2023-11-29 10:00:00,0.00928367,0.006569262083333333,0.002484670640577684,0.0017392694484043786,0.0037270059608665255,0.007454011921733051,0.00830853153173771,0.004829992634928954,0.010296268044199858,0.002842256122466807,0.014023274005066384,-0.0008847498383997184,0,0,0,0,0,1,0
2023-11-29 11:00:00,0.00938308,0.006642426249999999,0.002542358731180186,0.00177965111182613,0.0038135380967702793,0.007627076193540559,0.008422077361826128,0.004862775138173869,0.010455964346770277,0.0028288881532297196,0.014269502443540558,-0.0009846499435405597,0,0,0,0,0,1,0
2023-11-29 12:00:00,0.00981119,0.006749431666666666,0.0026215496669548706,0.0018350847668684093,0.003932324500432306,0.007864649000864612,0.008584516433535075,0.004914346899798257,0.01068175616709897,0.0028171071662343597,0.014614080667531278,-0.0011152173341979462,0,0,0,0,0,1,0
2023-11-29 13:00:00,0.00996678,0.006862993749999998,0.002701593044133858,0.0018911151308937005,0.004052389566200787,0.008104779132401574,0.008754108880893698,0.004971878619106298,0.010915383316200785,0.0028106041837992115,0.014967772882401573,-0.0012417853824015753,0,0,0,0,0,1,0
2023-11-29 14:00:00,0.01003813,0.0069778404166666655,0.0027776862708338923,0.0019443803895837245,0.004166529406250839,0.008333058812501678,0.008922220806250391,0.005033460027082941,0.011144369822917504,0.0028113110104158266,0.015310899229168343,-0.0013552183958350124,0,0,0,0,0,1,0
2023-11-29 15:00:00,0.0100316,0.007091248749999998,0.0028465388523096023,0.0019925771966167213,0.004269808278464403,0.008539616556928807,0.00908382594661672,0.0050986715533832775,0.011361057028464402,0.002821440471535595,0.015630865306928806,-0.0014483678069288084,0,0,0,0,0,1,0
2023-11-29 16:00:00,0.00546208,0.006969114999999998,0.002851124101711032,0.0019957868711977223,0.004276686152566548,0.008553372305133096,0.00896490187119772,0.004973328128802275,0.011245801152566546,0.00269242884743345,0.015522487305133094,-0.001584257305133098,0,0,1,0,0,0,0
2023-11-29 17:00:00,0.00513215,0.006832197916666665,0.002857406066708357,0.00200018424669585,0.004286109100062535,0.00857221820012507,0.008832382163362514,0.004832013669970815,0.0111183070167292,0.00254608881660413,0.015404416116791737,-0.0017400202834584053,0,0,1,0,0,0,0
2023-11-29 18:00:00,0.00494256,0.0066895999999999995,0.002862981131291558,0.0020040867919040905,0.004294471696937337,0.008588943393874674,0.00869368679190409,0.004685513208095909,0.010984071696937336,0.0023951283030626625,0.015278543393874675,-0.0018993433938746746,0,0,1,0,0,0,0
2023-11-29 19:00:00,0.00491676,0.006549254583333331,0.002863928428002808,0.0020047498996019655,0.004295892642004212,0.008591785284008424,0.008554004482935296,0.004544504683731366,0.010845147225337543,0.0022533619413291194,0.015141039867341756,-0.0020425307006750925,0,0,1,0,0,0,0
2023-11-29 20:00:00,0.00471942,0.006386639999999999,0.002851884587801587,0.001996319211461111,0.004277826881702381,0.008555653763404761,0.00838295921146111,0.004390320788538888,0.010664466881702379,0.0021088131182976184,0.01494229376340476,-0.002169013763404762,0,0,1,0,0,0,0
2023-11-29 21:00:00,0.00458147,0.006219964999999998,0.00283486369461625,0.001984404586231375,0.004252295541924375,0.00850459108384875,0.008204369586231374,0.004235560413768623,0.010472260541924374,0.0019676694580756235,0.014724556083848747,-0.0022846260838487514,0,0,1,0,0,0,0
2023-11-29 22:00:00,0.00456379,0.006052596249999999,0.002807878929120612,0.001965515250384428,0.004211818393680918,0.008423636787361835,0.008018111500384428,0.004087080999615571,0.010264414643680917,0.0018407778563190817,0.014476233037361834,-0.002371040537361836,0,0,1,0,0,0,0
2023-11-29 23:00:00,0.00459496,0.005885175833333332,0.002768081297367407,0.001937656908157185,0.004152121946051111,0.008304243892102221,0.007822832741490517,0.003947518925176147,0.010037297779384443,0.0017330538872822217,0.014189419725435554,-0.002419068058768889,0,0,1,0,0,0,0
2023-11-30 00:00:00,0.005934,0.005990556249999998,0.0027172256437834356,0.0019020579506484048,0.004075838465675153,0.008151676931350306,0.007892614200648403,0.004088498299351593,0.01006639471567515,0.0019147177843248453,0.014142233181350303,-0.0021611206813503077,0,0,1,0,0,0,0
2023-11-30 01:00:00,0.00592914,0.006070802916666666,0.0026842209420119916,0.001878954659408394,0.004026331413017987,0.008052662826035974,0.007949757576075061,0.004191848257258273,0.010097134329684654,0.002044471503648679,0.01412346574270264,-0.001981859909369308,0,0,1,0,0,0,0
2023-11-30 02:00:00,0.00591055,0.006149254999999999,0.002649197298210273,0.001854438108747191,0.00397379594731541,0.00794759189463082,0.008003693108747191,0.0042948168912528084,0.010123050947315408,0.0021754590526845896,0.014096846894630819,-0.0017983368946308202,0,0,1,0,0,0,0
2023-11-30 03:00:00,0.00588287,0.00622535,0.0026124485338040702,0.001828713973662849,0.003918672800706105,0.00783734560141221,0.008054063973662848,0.004396636026337151,0.010144022800706105,0.002306677199293895,0.014062695601412212,-0.0016119956014122106,0,0,1,0,0,0,0
2023-11-30 04:00:00,0.00714843,0.0064120524999999986,0.0025050392625116697,0.0017535274837581687,0.0037575588937675047,0.007515117787535009,0.008165579983758168,0.00465852501624183,0.010169611393767503,0.002654493606232494,0.013927170287535009,-0.0011030652875350109,0,0,0,0,1,0,0
2023-11-30 05:00:00,0.00724658,0.006601766249999998,0.0023804889841428645,0.001666342288900005,0.0035707334762142967,0.007141466952428593,0.008268108538900004,0.004935423961099993,0.010172499726214295,0.0030310327737857017,0.013743233202428592,-0.000539700702428595,0,0,0,0,1,0,0
2023-11-30 06:00:00,0.00730716,0.006797230833333332,0.0022266089762472143,0.0015586262833730499,0.0033399134643708212,0.0066798269287416424,0.008355857116706382,0.005238604549960281,0.010137144297704154,0.0034573173689625104,0.013477057762074973,0.00011740390459168918,0,0,0,0,1,0,0
2023-11-30 07:00:00,0.0074142,0.006999350416666665,0.0020377245635044817,0.0014264071944531372,0.0030565868452567223,0.0061131736905134446,0.008425757611119803,0.005572943222213528,0.010055937261923387,0.003942763571409943,0.013112524107180109,0.0008861767261532207,0,0,0,0,1,0,0
2023-11-30 08:00:00,0.00895903,0.007009462499999998,0.0020471956307494678,0.0014330369415246273,0.0030707934461242014,0.006141586892248403,0.008442499441524625,0.005576425558475371,0.0100802559461242,0.003938669053875797,0.013151049392248402,0.0008678756077515953,0,0,0,0,0,1,0
2023-11-30 09:00:00,0.00896119,0.007005032916666665,0.0020426589644565603,0.0014298612751195922,0.0030639884466848403,0.006127976893369681,0.008434894191786257,0.005575171641547073,0.010069021363351506,0.003941044469981825,0.013133009810036345,0.0008770560232969843,0,0,0,0,0,1,0
2023-11-30 10:00:00,0.00896526,0.0069917658333333325,0.00202819858736769,0.0014197390111573827,0.003042297881051535,0.00608459576210307,0.008411504844490715,0.00557202682217595,0.010034063714384867,0.003949467952281798,0.013076361595436403,0.0009071700712302627,0,0,0,0,0,1,0
2023-11-30 11:00:00,0.00894431,0.006973483749999999,0.002007578926650164,0.0014053052486551146,0.003011368389975246,0.006022736779950492,0.008378788998655113,0.005568178501344884,0.009984852139975246,0.003962115360024753,0.01299622052995049,0.0009507469700495066,0,0,0,0,0,1,0
2023-11-30 12:00:00,0.00818696,0.0069058075,0.001933779903254062,0.0013536459322778434,0.0029006698548810932,0.0058013397097621865,0.008259453432277844,0.0055521615677221565,0.009806477354881092,0.004005137645118907,0.012707147209762185,0.0011044677902378132,0,0,0,0,1,0,0
2023-11-30 13:00:00,0.00813343,0.006829417916666666,0.0018416210243839617,0.0012891347170687732,0.0027624315365759426,0.005524863073151885,0.00811855263373544,0.005540283199597893,0.00959184945324261,0.0040669863800907235,0.012354280989818552,0.001304554843514781,0,0,0,0,0,1,0
2023-11-30 14:00:00,0.00804479,0.006746362083333332,0.0017323244185301013,0.001212627092971071,0.002598486627795152,0.005196973255590304,0.007958989176304403,0.005533734990362261,0.009344848711128484,0.004147875455538181,0.011943335338923635,0.0015493888277430283,0,0,0,0,0,1,0
2023-11-30 15:00:00,0.00789072,0.0066571587499999986,0.0016063406257146003,0.00112443843800022,0.0024095109385719004,0.004819021877143801,0.007781597188000219,0.005532720311999778,0.009066669688571899,0.0042476478114280986,0.0114761806271438,0.0018381368728561977,0,0,0,0,0,1,0
2023-11-30 16:00:00,0.00507342,0.006640964583333332,0.0016208065077584646,0.0011345645554309252,0.002431209761637697,0.004862419523275394,0.007775529138764258,0.005506400027902407,0.00907217434497103,0.004209754821695635,0.011503384106608727,0.001778545060057938,0,1,0,0,0,0,0
2023-11-30 17:00:00,0.00505578,0.006637782499999999,0.0016239693938440995,0.0011367785756908695,0.0024359540907661495,0.004871908181532299,0.007774561075690869,0.005501003924309129,0.009073736590766148,0.004201828409233849,0.011509690681532299,0.0017658743184676999,0,1,0,0,0,0,0
2023-11-30 18:00:00,0.00504321,0.006641976249999998,0.00161952518070531,0.001133667626493717,0.002429287771057965,0.00485857554211593,0.007775643876493715,0.005508308623506281,0.009071264021057963,0.004212688478942033,0.011500551792115928,0.0017834007078840683,0,1,0,0,0,0,0
2023-11-30 19:00:00,0.00506239,0.006648044166666665,0.0016130400624800236,0.0011291280437360164,0.0024195600937200355,0.004839120187440071,0.007777172210402682,0.005518916122930649,0.009067604260386702,0.00422848407294663,0.011487164354106736,0.0018089239792265944,0,1,0,0,0,0,0
2023-11-30 20:00:00,0.00489875,0.006655516249999999,0.001604108292579143,0.0011228758048054,0.0024061624388687143,0.0048123248777374285,0.007778392054805399,0.005532640445194599,0.009061678688868714,0.0042493538111312845,0.011467841127737428,0.0018431913722625707,0,1,0,0,0,0,0
2023-11-30 21:00:00,0.00488821,0.0066682970833333325,0.0015880058820217464,0.0011116041174152225,0.0023820088230326196,0.004764017646065239,0.0077799012007485555,0.00555669296591811,0.009050305906365953,0.0042862882603007125,0.011432314729398572,0.0019042794372680933,0,1,0,0,0,0,0
2023-11-30 22:00:00,0.00501861,0.006687247916666666,0.0015643367793443887,0.001095035745541072,0.002346505169016583,0.004693010338033166,0.0077822836622077375,0.005592212171125594,0.009033753085683249,0.004340742747650082,0.011380258254699831,0.0019942375786335,0,1,0,0,0,0,0
2023-11-30 23:00:00,0.00507266,0.006707152083333333,0.0015393979209251591,0.0010775785446476113,0.002309096881387739,0.004618193762775478,0.007784730627980945,0.005629573538685722,0.009016248964721071,0.0043980552019455945,0.011325345846108812,0.0020889583205578556,0,1,0,0,0,0,0
