datetime,sigai_output,rolling_mean,std,0.7std,1.5std,3std,upper_0.7std,lower_0.7std,upper_1.5std,lower_1.5std,upper_3std,lower_3std,SB,MB,WB,A,WS,MS,SS
2023-10-01 00:00:00,0.00231783,0.004715647083333332,0.002311710603424939,0.0016181974223974573,0.0034675659051374087,0.0069351318102748175,0.00633384450573079,0.003097449660935875,0.008183212988470741,0.0012480811781959236,0.01165077889360815,-0.002219484726941485,0,1,0,0,0,0,0
2023-10-01 01:00:00,0.00243679,0.004505779583333332,0.0022788431595773618,0.0015951902117041531,0.0034182647393660426,0.006836529478732085,0.006100969795037485,0.0029105893716291787,0.007924044322699374,0.0010875148439672892,0.011342309062065417,-0.0023307498953987534,0,1,0,0,0,0,0
2023-10-01 02:00:00,0.00267038,0.004309503333333332,0.0022226018658804032,0.0015558213061162823,0.003333902798820605,0.00666780559764121,0.005865324639449615,0.00275368202721705,0.007643406132153937,0.0009756005345127276,0.010977308930974542,-0.0023583022643078773,0,1,0,0,0,0,0
2023-10-01 03:00:00,0.00244223,0.004101402916666666,0.0021496960898887553,0.0015047872629221286,0.0032245441348331327,0.006449088269666265,0.005606190179588794,0.0025966156537445373,0.0073259470514997985,0.0008768587818335331,0.01055049118633293,-0.0023476853529995996,0,1,0,0,0,0,0
2023-10-01 04:00:00,0.00147306,0.0038356995833333323,0.002058384163287876,0.0014408689143015133,0.0030875762449318143,0.0061751524898636286,0.005276568497634845,0.0023948306690318192,0.006923275828265147,0.000748123338401518,0.010010852073196961,-0.0023394529065302963,0,1,0,0,0,0,0
2023-10-01 05:00:00,0.00127054,0.0035723929166666655,0.001959057411624164,0.0013713401881369149,0.0029385861174362465,0.005877172234872493,0.00494373310480358,0.0022010527285297506,0.0065109790341029115,0.000633806799230419,0.009449565151539158,-0.0023047793182058274,0,1,0,0,0,0,0
2023-10-01 06:00:00,0.00123505,0.0033191074999999993,0.0018438670289139237,0.0012907069202397466,0.0027658005433708853,0.005531601086741771,0.004609814420239746,0.0020284005797602525,0.006084908043370885,0.000553306956629114,0.00885070858674177,-0.0022124935867417713,0,1,0,0,0,0,0
2023-10-01 07:00:00,0.00099398,0.0030618512499999994,0.0017093013354950383,0.0011965109348465268,0.0025639520032425577,0.005127904006485115,0.004258362184846526,0.0018653403151534726,0.0056258032532425575,0.0004978992467574417,0.008189755256485114,-0.002066052756485116,0,1,0,0,0,0,0
2023-10-01 08:00:00,0.00080972,0.0028584033333333325,0.0016727731351853378,0.0011709411946297364,0.0025091597027780068,0.0050183194055560135,0.004029344527963069,0.0016874621387035962,0.005367563036111339,0.0003492436305553258,0.007876722738889346,-0.002159916072222681,0,1,0,0,0,0,0
2023-10-01 09:00:00,0.00201066,0.0027120687499999994,0.0015806468542653874,0.0011064527979857712,0.002370970281398081,0.004741940562796162,0.0038185215479857705,0.0016056159520142282,0.0050830390313980804,0.0003410984686019183,0.0074540093127961615,-0.0020298718127961628,0,0,1,0,0,0,0
2023-10-01 10:00:00,0.00257224,0.002588684166666666,0.0014619537244772915,0.001023367607134104,0.002192930586715937,0.004385861173431874,0.00361205177380077,0.0015653165595325622,0.004781614753382603,0.0003957535799507289,0.00697454534009854,-0.0017971770067652082,0,0,1,0,0,0,0
2023-10-01 11:00:00,0.00244361,0.0024715599999999994,0.0013471848076866016,0.000943029365380621,0.0020207772115299026,0.004041554423059805,0.0034145893653806203,0.0015285306346193785,0.004492337211529902,0.00045078278847009677,0.006513114423059805,-0.0015699944230598058,0,0,1,0,0,0,0
2023-10-01 12:00:00,0.00331076,0.0024003308333333325,0.0012481199344718777,0.0008736839541303144,0.0018721799017078166,0.003744359803415633,0.003274014787463647,0.001526646879203018,0.004272510735041149,0.0005281509316255159,0.006144690636748966,-0.0013440289700823007,0,0,0,0,0,1,0
2023-10-01 13:00:00,0.00331412,0.002334579583333333,0.001148752971623399,0.0008041270801363793,0.0017231294574350984,0.0034462589148701967,0.003138706663469712,0.0015304525031969536,0.004057709040768432,0.0006114501258982345,0.00578083849820353,-0.001111679331536864,0,0,0,0,0,1,0
2023-10-01 14:00:00,0.00359597,0.002277774166666666,0.0010420730166063885,0.0007294511116244719,0.0015631095249095828,0.0031262190498191657,0.003007225278291138,0.001548323055042194,0.0038408836915762488,0.0007146646417570831,0.005403993216485832,-0.0008484448831524998,0,0,0,0,0,1,0
2023-10-01 15:00:00,0.00402725,0.0022339112499999993,0.0009357237903142012,0.0006550066532199408,0.0014035856854713018,0.0028071713709426037,0.00288891790321994,0.0015789045967800584,0.003637496935471301,0.0008303255645286975,0.0050410826209426034,-0.0005732601209426044,0,0,0,0,0,0,1
2023-10-01 16:00:00,0.00645373,0.002385059999999999,0.0012691340132138828,0.0008883938092497179,0.001903701019820824,0.003807402039641648,0.003273453809249717,0.0014966661907502813,0.004288761019820823,0.0004813589801791751,0.006192462039641647,-0.001422342039641649,0,0,0,0,0,0,1
2023-10-01 17:00:00,0.0067334,0.0025428233333333328,0.0015469602466906803,0.0010828721726834762,0.0023204403700360205,0.004640880740072041,0.003625695506016809,0.0014599511606498566,0.004863263703369354,0.00022238296329731228,0.007183704073405374,-0.002098057406738708,0,0,0,0,0,0,1
2023-10-01 18:00:00,0.00699875,0.0027111058333333326,0.0017942249535808342,0.0012559574675065838,0.002691337430371251,0.005382674860742502,0.003967063300839916,0.0014551483658267487,0.005402443263704584,1.976840296208154e-05,0.008093780694075835,-0.0026715690274091695,0,0,0,0,0,0,1
2023-10-01 19:00:00,0.00745291,0.0028980116666666657,0.0020390035946611916,0.001427302516262834,0.0030585053919917875,0.006117010783983575,0.0043253141829295,0.0014707091504038317,0.005956517058658453,-0.00016049372532512185,0.00901502245065024,-0.0032189991173169094,0,0,0,0,0,0,1
2023-10-01 20:00:00,0.00860406,0.003190591666666666,0.002325625826417936,0.001627938078492555,0.003488438739626904,0.006976877479253808,0.004818529745159221,0.001562653588174111,0.00667903040629357,-0.00029784707296023807,0.010167469145920474,-0.003786285812587142,0,0,0,0,0,0,1
2023-10-01 21:00:00,0.00859334,0.003486541249999999,0.0025417710043562063,0.0017792397030493444,0.0038126565065343095,0.007625313013068619,0.005265780953049344,0.0017073015469506547,0.007299197756534309,-0.0003261152565343104,0.011111854263068618,-0.00413877176306862,0,0,0,0,0,0,1
2023-10-01 22:00:00,0.00918045,0.0038245829166666657,0.0027379765507246066,0.0019165835855072244,0.00410696482608691,0.00821392965217382,0.00574116650217389,0.0019079993311594413,0.007931547742753576,-0.00028238190942024436,0.012038512568840486,-0.004389346735507154,0,0,0,0,0,0,1
2023-10-01 23:00:00,0.01017265,0.004213061666666666,0.002950627752249595,0.002065439426574716,0.0044259416283743925,0.008851883256748785,0.006278501093241382,0.00214762224009195,0.008639003295041059,-0.0002128799617077265,0.01306494492341545,-0.004638821590082119,0,0,0,0,0,0,1
2023-10-02 00:00:00,0.01011925,0.0045381208333333325,0.003155381390290423,0.0022087669732032958,0.004733072085435634,0.009466144170871268,0.006746887806536628,0.002329353860130037,0.009271192918768966,-0.00019495125210230134,0.0140042650042046,-0.004928023337537935,0,0,0,0,0,0,1
2023-10-02 01:00:00,0.00822394,0.004779252083333332,0.0032084950993804197,0.002245946569566294,0.00481274264907063,0.00962548529814126,0.007025198652899626,0.002533305513767038,0.009591994732403962,-3.349056573729789e-05,0.014404737381474592,-0.004846233214807928,0,0,0,0,0,1,0
2023-10-02 02:00:00,0.00779237,0.004992668333333333,0.003232380739793645,0.0022626665178555514,0.004848571109690468,0.009697142219380936,0.007255334851188884,0.0027300018154777814,0.0098412394430238,0.0001440972236428648,0.014689810552714268,-0.004704473886047603,0,0,0,0,0,1,0
2023-10-02 03:00:00,0.00689288,0.005178112083333333,0.0032072694884183713,0.0022450886418928597,0.004810904232627557,0.009621808465255115,0.007423200725226193,0.002933023441440473,0.00998901631596089,0.0003672078507057754,0.014799920548588447,-0.004443696381921782,0,0,0,0,1,0,0
2023-10-02 04:00:00,0.00662824,0.00539291125,0.003119778530373126,0.002183844971261188,0.0046796677955596895,0.009359335591119379,0.007576756221261189,0.003209066278738812,0.01007257904555969,0.0007132434544403106,0.014752246841119379,-0.003966424341119379,0,0,0,0,1,0,0
2023-10-02 05:00:00,0.00706734,0.005634444583333332,0.003009182051919022,0.0021064274363433153,0.004513773077878533,0.009027546155757066,0.007740872019676647,0.0035280171469900166,0.010148217661211864,0.0011206715054547988,0.014661990739090398,-0.003393101572423734,0,0,0,0,1,0,0
2023-10-02 06:00:00,0.00723903,0.005884610416666666,0.0028740752259080677,0.0020118526581356473,0.004311112838862102,0.008622225677724204,0.007896463074802313,0.0038727577585310185,0.010195723255528769,0.0015734975778045638,0.014506836094390869,-0.002737615261057538,0,0,0,0,1,0,0
2023-10-02 07:00:00,0.00709672,0.0061388912499999995,0.002686408846258384,0.0018804861923808686,0.004029613269387576,0.008059226538775152,0.008019377442380867,0.004258405057619131,0.010168504519387576,0.0021092779806124234,0.014198117788775153,-0.0019203352887751527,0,0,0,0,1,0,0
2023-10-02 08:00:00,0.00690989,0.006393065,0.0024373015819264673,0.001706111107348527,0.003655952372889701,0.007311904745779402,0.008099176107348527,0.0046869538926514725,0.0100490173728897,0.002737112627110299,0.013704969745779401,-0.0009188397457794021,0,0,0,0,1,0,0
2023-10-02 09:00:00,0.00559208,0.006542290833333332,0.0022605478369402635,0.0015823834858581843,0.0033908217554103953,0.006781643510820791,0.008124674319191517,0.004959907347475148,0.009933112588743728,0.003151469077922937,0.013323934344154123,-0.00023935267748745846,0,0,1,0,0,0,0
2023-10-02 10:00:00,0.00537545,0.00665909125,0.0021141814928289566,0.0014799270449802695,0.003171272239243435,0.00634254447848687,0.008139018294980269,0.00517916420501973,0.009830363489243436,0.0034878190107565646,0.013001635728486869,0.00031654677151312944,0,0,1,0,0,0,0
2023-10-02 11:00:00,0.00562972,0.006791845833333333,0.0019299798392953711,0.0013509858875067598,0.0028949697589430567,0.005789939517886113,0.008142831720840092,0.0054408599458265735,0.009686815592276389,0.0038968760743902766,0.012581785351219447,0.0010019063154472199,0,0,1,0,0,0,0
2023-10-02 12:00:00,0.00421538,0.006829538333333333,0.0018668391137677356,0.0013067873796374148,0.0028002586706516036,0.005600517341303207,0.008136325712970748,0.005522750953695918,0.009629797003984936,0.004029279662681729,0.01243005567463654,0.0012290209920301255,0,1,0,0,0,0,0
2023-10-02 13:00:00,0.00298045,0.006815635416666666,0.001895185046800856,0.001326629532760599,0.002842777570201284,0.005685555140402568,0.008142264949427266,0.005489005883906067,0.00965841298686795,0.003972857846465382,0.012501190557069233,0.0011300802762640979,1,0,0,0,0,0,0
2023-10-02 14:00:00,0.00245689,0.006768173749999999,0.001991155005583341,0.0013938085039083387,0.002986732508375012,0.005973465016750024,0.008161982253908339,0.005374365246091661,0.009754906258375011,0.0037814412416249873,0.012741638766750024,0.0007947087332499754,1,0,0,0,0,0,0
2023-10-02 15:00:00,0.00256427,0.006707216249999999,0.0020982293158815645,0.001468760521117095,0.003147343973822347,0.006294687947644694,0.008175976771117094,0.005238455728882904,0.009854560223822346,0.0035598722761776523,0.013001904197644694,0.0004125283023553054,1,0,0,0,0,0,0
2023-10-02 16:00:00,0.00444417,0.006623484583333332,0.002148284282754641,0.0015037989979282487,0.0032224264241319618,0.0064448528482639236,0.008127283581261581,0.0051196855854050835,0.009845911007465295,0.00340105815920137,0.013068337431597256,0.0001786317350694084,0,1,0,0,0,0,0
2023-10-02 17:00:00,0.00595358,0.006590992083333333,0.002152442856079377,0.0015067099992555639,0.003228664284119066,0.006457328568238132,0.008097702082588896,0.005084282084077769,0.009819656367452398,0.003362327799214267,0.013048320651571466,0.00013366351509520088,0,0,1,0,0,0,0
2023-10-02 18:00:00,0.00686154,0.006585274999999999,0.0021514947375922927,0.0015060463163146048,0.003227242106388439,0.006454484212776878,0.008091321316314603,0.005079228683685395,0.009812517106388438,0.00335803289361156,0.013039759212776877,0.0001307907872231213,0,0,0,0,1,0,0
2023-10-02 19:00:00,0.00770682,0.006595854583333332,0.002156564975656026,0.0015095954829592183,0.0032348474634840392,0.0064696949269680785,0.00810545006629255,0.005086259100374114,0.009830702046817371,0.003361007119849293,0.013065549510301411,0.00012615965636525363,0,0,0,0,1,0,0
2023-10-02 20:00:00,0.00882605,0.006605104166666666,0.002166008116059224,0.0015162056812414568,0.003249012174088836,0.006498024348177672,0.008121309847908122,0.005088898485425209,0.009854116340755503,0.00335609199257783,0.01310312851484434,0.00010707981848899397,0,0,0,0,0,1,0
2023-10-02 21:00:00,0.009338,0.006636131666666665,0.0022007817743577613,0.0015405472420504328,0.003301172661536642,0.006602345323073284,0.008176678908717098,0.005095584424616233,0.009937304328203308,0.0033349590051300233,0.013238476989739949,3.3786343593381236e-05,0,0,0,0,0,1,0
2023-10-02 22:00:00,0.00933316,0.006642494583333333,0.002208664400574565,0.0015460650804021956,0.0033129966008618476,0.006625993201723695,0.008188559663735528,0.005096429502931137,0.00995549118419518,0.003329497982471485,0.013268487785057029,1.6501381609637482e-05,0,0,0,0,0,1,0
2023-10-02 23:00:00,0.00935604,0.006608469166666666,0.0021576165388182984,0.0015103315771728089,0.0032364248082274475,0.006472849616454895,0.008118800743839475,0.005098137589493857,0.009844893974894114,0.0033720443584392187,0.013081318783121562,0.00013561955021177113,0,0,0,0,0,1,0
2023-10-03 00:00:00,0.00884982,0.0065555762499999995,0.002082045791591938,0.0014574320541143565,0.003123068687387907,0.006246137374775814,0.008013008304114356,0.005098144195885643,0.009678644937387907,0.0034325075626120923,0.012801713624775814,0.0003094388752241852,0,0,0,0,0,1,0
2023-10-03 01:00:00,0.0094549,0.006606866249999999,0.002139306493349117,0.0014975145453443818,0.003208959740023675,0.00641791948004735,0.008104380795344382,0.0051093517046556175,0.009815825990023674,0.003397906509976324,0.01302478573004735,0.0001889467699526491,0,0,0,0,0,1,0
2023-10-03 02:00:00,0.00974729,0.0066883212499999995,0.0022220255785213366,0.0015554179049649356,0.003333038367782005,0.00666607673556401,0.008243739154964935,0.005132903345035064,0.010021359617782005,0.0033552828822179946,0.01335439798556401,2.2244514435989723e-05,0,0,0,0,0,1,0
2023-10-03 03:00:00,0.00920243,0.0067845525,0.0022805109466392964,0.0015963576626475075,0.003420766419958945,0.00684153283991789,0.008380910162647507,0.005188194837352492,0.010205318919958944,0.003363786080041055,0.013626085339917889,-5.698033991788972e-05,0,0,0,0,0,1,0
2023-10-03 04:00:00,0.00904851,0.006885397083333332,0.002326349939399411,0.0016284449575795874,0.0034895249090991162,0.0069790498181982324,0.00851384204091292,0.005256952125753745,0.010374921992432447,0.003395872174234216,0.013864446901531564,-9.365273486490033e-05,0,0,0,0,0,1,0
2023-10-03 05:00:00,0.00856138,0.0069476487499999994,0.002351286437569593,0.001645900506298715,0.00352692965635439,0.00705385931270878,0.008593549256298714,0.005301748243701284,0.01047457840635439,0.0034207190936456095,0.014001508062708778,-0.00010621056270878042,0,0,0,0,1,0,0
2023-10-03 06:00:00,0.0081799,0.006986851666666665,0.002364164134176786,0.0016549148939237503,0.0035462462012651793,0.007092492402530359,0.008641766560590415,0.005331936772742915,0.010533097867931844,0.003440605465401486,0.014079344069197024,-0.00010564073586369349,0,0,0,0,1,0,0
2023-10-03 07:00:00,0.00801938,0.007025295833333333,0.0023735117079623585,0.0016614581955736508,0.0035602675619435375,0.007120535123887075,0.008686754028906984,0.005363837637759682,0.01058556339527687,0.0034650282713897954,0.014145830957220409,-9.523929055374209e-05,0,0,0,0,1,0,0
2023-10-03 08:00:00,0.00633486,0.007001336249999999,0.0023776261059645022,0.0016643382741751516,0.0035664391589467536,0.007132878317893507,0.008665674524175151,0.005336997975824848,0.010567775408946753,0.003434897091053246,0.014134214567893506,-0.00013154206789350777,0,0,1,0,0,0,0
2023-10-03 09:00:00,0.00617781,0.007025741666666666,0.0023655069593249618,0.0016558548715274732,0.003548260438987443,0.007096520877974886,0.008681596538194138,0.005369886795139192,0.01057400210565411,0.003477481227679223,0.01412226254464155,-7.077921130822003e-05,0,0,1,0,0,0,0
2023-10-03 10:00:00,0.00586078,0.007045963749999999,0.00235282616121059,0.001646978312847413,0.003529239241815885,0.00705847848363177,0.008692942062847412,0.005398985437152586,0.010575202991815885,0.0035167245081841143,0.014104442233631768,-1.2514733631770712e-05,0,0,1,0,0,0,0
2023-10-03 11:00:00,0.00548163,0.007039793333333333,0.002356892497937107,0.0016498247485559748,0.0035353387469056604,0.007070677493811321,0.008689618081889307,0.005389968584777359,0.010575132080238994,0.0035044545864276726,0.014110470827144655,-3.088416047798779e-05,0,0,1,0,0,0,0
2023-10-03 12:00:00,0.005498,0.007093235833333333,0.002304012957230614,0.0016128090700614297,0.0034560194358459213,0.0069120388716918425,0.008706044903394763,0.005480426763271903,0.010549255269179254,0.0036372163974874114,0.014005274705025175,0.00018119696164149018,0,0,1,0,0,0,0
2023-10-03 13:00:00,0.00557233,0.007201230833333332,0.0021590374105685097,0.0015113261873979566,0.0032385561158527645,0.006477112231705529,0.00871255702073129,0.0056899046459353755,0.010439786949186097,0.003962674717480567,0.013678343065038862,0.0007241186016278033,0,1,0,0,0,0,0
2023-10-03 14:00:00,0.00516294,0.007313982916666666,0.001962185175287368,0.0013735296227011574,0.002943277762931052,0.005886555525862104,0.008687512539367824,0.005940453293965509,0.010257260679597719,0.004370705153735614,0.01320053844252877,0.0014274273908045625,0,1,0,0,0,0,0
2023-10-03 15:00:00,0.00534431,0.007429817916666665,0.0017389619330183956,0.0012172733531128769,0.0026084428995275933,0.005216885799055187,0.008647091269779542,0.006212544563553788,0.010038260816194258,0.004821375017139072,0.012646703715721852,0.0022129321176114786,0,1,0,0,0,0,0
2023-10-03 16:00:00,0.00821196,0.0075868091666666665,0.001623976341089042,0.0011367834387623294,0.0024359645116335633,0.004871929023267127,0.008723592605428996,0.006450025727904337,0.01002277367830023,0.005150844655033103,0.012458738189933793,0.00271488014339954,0,0,0,0,1,0,0
2023-10-03 17:00:00,0.00822375,0.007681399583333332,0.0015904798344292782,0.0011133358841004947,0.0023857197516439174,0.004771439503287835,0.008794735467433827,0.006568063699232837,0.01006711933497725,0.005295679831689415,0.012452839086621167,0.0029099600800454976,0,0,0,0,1,0,0
2023-10-03 18:00:00,0.00810386,0.007733162916666665,0.0015828345079346698,0.0011079841555542687,0.0023742517619020046,0.004748503523804009,0.008841147072220935,0.006625178761112397,0.01010741467856867,0.00535891115476466,0.012481666440470674,0.0029846593928626562,0,0,0,0,1,0,0
2023-10-03 19:00:00,0.00811464,0.007750155416666667,0.00158472734951888,0.0011093091446632158,0.00237709102427832,0.00475418204855664,0.008859464561329883,0.006640846272003452,0.010127246440944987,0.005373064392388348,0.012504337465223307,0.0029959733681100276,0,0,0,0,1,0,0
2023-10-03 20:00:00,0.00772911,0.0077044495833333325,0.0015680790652412655,0.0010976553456688858,0.0023521185978618983,0.0047042371957237965,0.008802104929002219,0.006606794237664446,0.01005656818119523,0.005352330985471434,0.01240868677905713,0.003000212387609536,0,0,0,0,1,0,0
2023-10-03 21:00:00,0.00760532,0.007632254583333332,0.0015289994432194272,0.001070299610253599,0.002293499164829141,0.004586998329658282,0.00870255419358693,0.006561954973079733,0.009925753748162472,0.005338755418504191,0.012219252912991613,0.0030452562536750502,0,0,1,0,0,0,0
2023-10-03 22:00:00,0.00747824,0.007554966249999999,0.0014855474970758165,0.0010398832479530714,0.002228321245613725,0.00445664249122745,0.00859484949795307,0.006515083002046927,0.009783287495613724,0.005326645004386274,0.012011608741227447,0.003098323758772549,0,0,1,0,0,0,0
2023-10-03 23:00:00,0.00724454,0.007466987083333334,0.001435941006613443,0.00100515870462941,0.0021539115099201644,0.004307823019840329,0.008472145787962744,0.0064618283787039234,0.009620898593253498,0.00531307557341317,0.011774810103173662,0.003159164063493005,0,0,1,0,0,0,0
2023-10-04 00:00:00,0.0061599,0.007354907083333333,0.0014282716028899626,0.0009997901220229737,0.002142407404334944,0.004284814808669888,0.008354697205356306,0.0063551169613103595,0.009497314487668277,0.005212499678998389,0.01163972189200322,0.0030700922746634456,0,1,0,0,0,0,0
2023-10-04 01:00:00,0.00659057,0.007235559999999999,0.0013633632684907865,0.0009543542879435504,0.00204504490273618,0.00409008980547236,0.00818991428794355,0.006281205712056449,0.009280604902736179,0.00519051509726382,0.011325649805472359,0.0031454701945276397,0,0,1,0,0,0,0
2023-10-04 02:00:00,0.00666675,0.0071072041666666655,0.0012575133880762088,0.0008802593716533461,0.0018862700821143132,0.0037725401642286264,0.007987463538320012,0.006226944795013319,0.008993474248780978,0.005220934084552352,0.010879744330895292,0.003334664002438039,0,0,1,0,0,0,0
2023-10-04 03:00:00,0.00661093,0.006999225,0.001178564103010389,0.0008249948721072723,0.0017678461545155835,0.003535692309031167,0.007824219872107272,0.006174230127892728,0.008767071154515584,0.005231378845484417,0.010534917309031167,0.0034635326909688334,0,0,1,0,0,0,0
2023-10-04 04:00:00,0.00462243,0.006814804999999999,0.0011901887815185135,0.0008331321470629595,0.0017852831722777703,0.0035705663445555406,0.007647937147062959,0.00598167285293704,0.008600088172277769,0.005029521827722229,0.01038537134455554,0.0032442386554444587,1,0,0,0,0,0,0
2023-10-04 05:00:00,0.00452171,0.006646485416666666,0.0012177748702699742,0.0008524424091889819,0.0018266623054049613,0.0036533246108099225,0.0074989278258556485,0.005794043007477684,0.008473147722071627,0.004819823111261705,0.010299810027476588,0.0029931608058567437,1,0,0,0,0,0,0
2023-10-04 06:00:00,0.00454647,0.0064950925,0.0012444148004419875,0.0008710903603093912,0.0018666222006629813,0.0037332444013259626,0.007366182860309391,0.005624002139690608,0.008361714700662982,0.004628470299337019,0.010228336901325963,0.002761848098674037,1,0,0,0,0,0,0
2023-10-04 07:00:00,0.00460676,0.006352899999999999,0.0012575712751243084,0.0008802998925870158,0.0018863569126864625,0.003772713825372925,0.007233199892587015,0.005472600107412983,0.008239256912686461,0.0044665430873135365,0.010125613825372925,0.002580186174627074,0,1,0,0,0,0,0
2023-10-04 08:00:00,0.00390767,0.0062517670833333325,0.0013530564801300623,0.0009471395360910436,0.0020295847201950933,0.004059169440390187,0.007198906619424376,0.005304627547242289,0.008281351803528425,0.00422218236313824,0.010310936523723519,0.002192597642943146,1,0,0,0,0,0,0
2023-10-04 09:00:00,0.00374528,0.006150411666666667,0.0014467051026195114,0.001012693571833658,0.002170057653929267,0.004340115307858534,0.007163105238500325,0.005137718094833009,0.008320469320595934,0.0039803540127374,0.0104905269745252,0.0018102963588081328,1,0,0,0,0,0,0
2023-10-04 10:00:00,0.00336417,0.00604638625,0.0015542022316508064,0.0010879415621555643,0.0023313033474762095,0.004662606694952419,0.007134327812155564,0.004958444687844435,0.00837768959747621,0.0037150829025237903,0.010708992944952419,0.0013837795550475807,1,0,0,0,0,0,0
2023-10-04 11:00:00,0.00303136,0.005944291666666666,0.001669141925342675,0.0011683993477398724,0.0025037128880140125,0.005007425776028025,0.0071126910144065384,0.004775892318926794,0.008448004554680678,0.0034405787786526538,0.010951717442694691,0.0009368658906386412,1,0,0,0,0,0,0
2023-10-04 12:00:00,0.00292448,0.0058370616666666665,0.0017781637737008021,0.0012447146415905613,0.002667245660551203,0.005334491321102406,0.007081776308257228,0.004592347025076105,0.00850430732721787,0.0031698160061154634,0.011171552987769073,0.0005025703455642603,1,0,0,0,0,0,0
2023-10-04 13:00:00,0.00261577,0.005713871666666665,0.0018958231647990917,0.0013270762153593642,0.0028437347471986377,0.005687469494397275,0.007040947882026029,0.004386795451307301,0.008557606413865302,0.0028701369194680275,0.01140134116106394,2.6402172269389748e-05,1,0,0,0,0,0,0
2023-10-04 14:00:00,0.00256705,0.0056057095833333325,0.0019998209690555253,0.0013998746783388677,0.002999731453583288,0.005999462907166576,0.0070055842616722,0.004205834904994465,0.008605441036916621,0.0026059781297500446,0.011605172490499908,-0.00039375332383324337,1,0,0,0,0,0,0
2023-10-04 15:00:00,0.00296995,0.005506777916666666,0.002070785708238241,0.0014495499957667686,0.0031061785623573614,0.006212357124714723,0.006956327912433434,0.004057227920899898,0.008612956479024027,0.0024005993543093048,0.01171913504138139,-0.0007055792080480567,0,1,0,0,0,0,0
2023-10-04 16:00:00,0.00434775,0.005345769166666666,0.0020003335952545743,0.001400233516678202,0.0030005003928818613,0.006001000785763723,0.006746002683344868,0.003945535649988464,0.008346269559548527,0.0023452687737848046,0.011346769952430388,-0.0006552316190970566,0,0,1,0,0,0,0
2023-10-04 17:00:00,0.00465668,0.00519714125,0.0019075661404326027,0.0013352962983028218,0.002861349210648904,0.005722698421297808,0.006532437548302822,0.003861844951697178,0.008058490460648904,0.0023357920393510955,0.010919839671297808,-0.0005255571712978087,0,0,1,0,0,0,0
2023-10-04 18:00:00,0.00479621,0.005059322499999999,0.0018051673790882674,0.001263617165361787,0.002707751068632401,0.005415502137264802,0.006322939665361786,0.0037957053346382116,0.007767073568632399,0.0023515714313675977,0.0104748246372648,-0.0003561796372648033,0,0,1,0,0,0,0
2023-10-04 19:00:00,0.00511021,0.004934137916666665,0.0016841975166130417,0.0011789382616291292,0.0025262962749195627,0.0050525925498391255,0.006113076178295794,0.0037551996550375362,0.007460434191586228,0.0024078416417471025,0.009986730466505792,-0.00011845463317246025,0,0,0,0,1,0,0
2023-10-04 20:00:00,0.00603848,0.004863694999999999,0.0015952183836651067,0.0011166528685655746,0.00239282757549766,0.00478565515099532,0.005980347868565573,0.003747042131434424,0.007256522575497659,0.0024708674245023385,0.009649350150995318,7.803984900467843e-05,0,0,0,0,0,1,0
2023-10-04 21:00:00,0.00613822,0.004802565833333332,0.0015115040399059343,0.001058052827934154,0.0022672560598589013,0.004534512119717803,0.005860618661267486,0.003744513005399178,0.007069821893192233,0.0025353097734744307,0.009337077953051134,0.0002680537136155294,0,0,0,0,0,1,0
2023-10-04 22:00:00,0.00602099,0.004741847083333333,0.0014262091048331696,0.0009983463733832187,0.0021393136572497545,0.004278627314499509,0.005740193456716551,0.003743500709950114,0.006881160740583087,0.0026025334260835783,0.009020474397832842,0.0004632197688338238,0,0,0,0,0,1,0
2023-10-04 23:00:00,0.00565183,0.004675484166666666,0.0013390873861603319,0.0009373611703122323,0.0020086310792404977,0.004017262158480995,0.005612845336978899,0.003738122996354434,0.006684115245907164,0.0026668530874261686,0.008692746325147662,0.0006582220081856709,0,0,0,0,0,1,0
2023-10-05 00:00:00,0.00420715,0.004594119583333333,0.0013038326025207373,0.0009126828217645161,0.0019557489037811057,0.0039114978075622114,0.005506802405097849,0.003681436761568817,0.0065498684871144386,0.002638370679552227,0.008505617390895545,0.0006826217757711214,0,0,1,0,0,0,0
2023-10-05 01:00:00,0.0041545,0.004492616666666666,0.0012346397181882947,0.0008642478027318062,0.0018519595772824421,0.0037039191545648843,0.005356864469398473,0.0036283688639348597,0.0063445762439491085,0.002640657089384224,0.00819653582123155,0.0007886975121017816,0,0,1,0,0,0,0
2023-10-05 02:00:00,0.00407935,0.004384808333333333,0.0011463496067526666,0.0008024447247268665,0.0017195244101289998,0.0034390488202579996,0.005187253058060199,0.0035823636086064663,0.006104332743462332,0.002665283923204333,0.007823857153591332,0.0009457595130753331,0,0,1,0,0,0,0
2023-10-05 03:00:00,0.00406918,0.004278902083333333,0.0010446450830578263,0.0007312515581404784,0.0015669676245867394,0.0031339352491734787,0.005010153641473811,0.0035476505251928543,0.005845869707920072,0.0027119344587465933,0.007412837332506811,0.001144966834159854,0,0,1,0,0,0,0
2023-10-05 04:00:00,0.00423234,0.004262648333333332,0.0010420993279151144,0.0007294695295405801,0.0015631489918726716,0.003126297983745343,0.004992117862873912,0.003533178803792752,0.005825797325206003,0.0026994993414606607,0.007388946317078675,0.0011363503495879891,0,0,1,0,0,0,0
2023-10-05 05:00:00,0.00414499,0.004246951666666666,0.0010408639910429365,0.0007286047937300555,0.0015612959865644047,0.0031225919731288094,0.0049755564603967215,0.0035183468729366105,0.005808247653231071,0.0026856556801022613,0.007369543639795475,0.0011243596935378566,0,0,1,0,0,0,0
2023-10-05 06:00:00,0.00414125,0.004230067499999999,0.0010390792393281322,0.0007273554675296925,0.0015586188589921984,0.003117237717984397,0.004957422967529692,0.0035027120324703067,0.005788686358992198,0.002671448641007801,0.007347305217984396,0.0011128297820156025,0,0,1,0,0,0,0
2023-10-05 07:00:00,0.00452462,0.004226644999999999,0.0010379191792363428,0.0007265434254654399,0.0015568787688545142,0.0031137575377090283,0.00495318842546544,0.0035001015745345595,0.0057835237688545135,0.002669766231145485,0.007340402537709028,0.001112887462290971,0,0,0,0,1,0,0
2023-10-05 08:00:00,0.00320086,0.004197194583333333,0.0010572118188281584,0.0007400482731797108,0.0015858177282422376,0.003171635456484475,0.004937242856513043,0.003457146310153622,0.00578301231157557,0.002611376855091095,0.007368830039817808,0.0010255591268488575,0,1,0,0,0,0,0
2023-10-05 09:00:00,0.00373794,0.004196888749999999,0.001057349286698363,0.000740144500688854,0.0015860239300475444,0.003172047860095089,0.004937033250688853,0.003456744249311145,0.005782912680047544,0.0026108648199524545,0.007368936610095088,0.0010248408899049101,0,0,1,0,0,0,0
2023-10-05 10:00:00,0.00421673,0.004232412083333332,0.0010423718815948102,0.0007296603171163672,0.0015635578223922152,0.0031271156447844305,0.004962072400449699,0.003502751766216965,0.005795969905725547,0.002668854260941117,0.0073595277281177625,0.0011052964385489016,0,0,1,0,0,0,0
2023-10-05 11:00:00,0.00462902,0.004298981249999999,0.0010129341162161398,0.0007090538813512979,0.0015194011743242097,0.0030388023486484193,0.005008035131351297,0.0035899273686487015,0.005818382424324209,0.0027795800756757897,0.007337783598648419,0.00126017890135158,0,0,0,0,1,0,0
2023-10-05 12:00:00,0.00342057,0.004319651666666666,0.0009884312405578316,0.0006919018683904821,0.0014826468608367474,0.0029652937216734948,0.005011553535057148,0.0036277497982761843,0.005802298527503413,0.002837004805829919,0.007284945388340161,0.0013543579449931714,0,1,0,0,0,0,0
2023-10-05 13:00:00,0.00369016,0.004364417916666666,0.0009305413550889605,0.0006513789485622723,0.0013958120326334408,0.0027916240652668817,0.005015796865228938,0.0037130389681043936,0.005760229949300107,0.002968605884033225,0.007156041981933548,0.0015727938513997843,0,1,0,0,0,0,0
2023-10-05 14:00:00,0.00298013,0.004381629583333333,0.000899141564621944,0.0006293990952353608,0.0013487123469329162,0.0026974246938658323,0.005011028678568693,0.003752230488097972,0.005730341930266249,0.0030329172364004166,0.007079054277199165,0.0016842048894675004,1,0,0,0,0,0,0
2023-10-05 15:00:00,0.00187101,0.004335840416666666,0.000996832584254147,0.0006977828089779029,0.0014952488763812204,0.002990497752762441,0.005033623225644569,0.003638057607688763,0.0058310892930478865,0.0028405915402854457,0.007326338169429107,0.0013453426639042252,1,0,0,0,0,0,0
2023-10-05 16:00:00,-4.44e-05,0.004152834166666666,0.0013389987010481127,0.0009372990907336788,0.002008498051572169,0.004016996103144338,0.005090133257400344,0.003215535075932987,0.006161332218238835,0.002144336115094497,0.008169830269811003,0.00013583806352232813,1,0,0,0,0,0,0
2023-10-05 17:00:00,0.00035638,0.0039736549999999995,0.0015411145379352431,0.00107878017655467,0.002311671806902865,0.00462334361380573,0.005052435176554669,0.0028948748234453297,0.006285326806902865,0.0016619831930971348,0.00859699861380573,-0.00064968861380573,1,0,0,0,0,0,0
2023-10-05 18:00:00,0.00059788,0.0037987245833333324,0.0016760542035466797,0.0011732379424826756,0.0025140813053200197,0.0050281626106400395,0.004971962525816008,0.002625486640850657,0.006312805888653352,0.0012846432780133127,0.008826887193973372,-0.001229438027306707,1,0,0,0,0,0,0
2023-10-05 19:00:00,0.00056036,0.0036091475,0.0017756210282610359,0.001242934719782725,0.002663431542391554,0.005326863084783108,0.004852082219782725,0.002366212780217275,0.006272579042391554,0.0009457159576084458,0.008936010584783109,-0.001717715584783108,1,0,0,0,0,0,0
2023-10-05 20:00:00,0.00020796,0.0033662091666666655,0.0018269129822855211,0.0012788390875998648,0.0027403694734282817,0.005480738946856563,0.00464504825426653,0.0020873700790668007,0.006106578640094947,0.0006258396932383838,0.00884694811352323,-0.002114529780189898,1,0,0,0,0,0,0
2023-10-05 21:00:00,0.00028052,0.003122138333333333,0.001831758407795138,0.0012822308854565966,0.002747637611692707,0.005495275223385414,0.00440436921878993,0.0018399074478767366,0.005869775945026041,0.000374500721640626,0.008617413556718748,-0.002373136890052081,1,0,0,0,0,0,0
2023-10-05 22:00:00,9.676e-05,0.0028752954166666664,0.0018232795672300892,0.0012762956970610623,0.002734919350845134,0.005469838701690268,0.004151591113727728,0.001598999719605604,0.0056102147675118,0.00014037606582153247,0.008345134118356934,-0.0025945432850236014,1,0,0,0,0,0,0
2023-10-05 23:00:00,-2.713e-05,0.002638672083333333,0.0018157663049715577,0.0012710364134800904,0.0027236494574573366,0.005447298914914673,0.003909708496813423,0.0013676356698532428,0.00536232154079067,-8.497737412400345e-05,0.008085970998248006,-0.00280862683158134,0,1,0,0,0,0,0
2023-10-06 00:00:00,0.00050382,0.002484366666666666,0.0018339455431693812,0.0012837618802185669,0.002750918314754072,0.005501836629508144,0.0037681285468852328,0.001200604786448099,0.005235284981420738,-0.0002665516480874061,0.00798620329617481,-0.003017469962841478,0,1,0,0,0,0,0
2023-10-06 01:00:00,0.00059928,0.0023362324999999995,0.0018367593237744685,0.001285731526642128,0.0027551389856617027,0.0055102779713234054,0.0036219640266421274,0.0010505009733578715,0.005091371485661703,-0.00041890648566170327,0.007846510471323405,-0.003174045471323406,0,1,0,0,0,0,0
2023-10-06 02:00:00,0.0005282,0.002188267916666666,0.0018332654304132722,0.0012832858012892905,0.0027498981456199082,0.0054997962912398165,0.0034715537179559565,0.0009049821153773755,0.004938166062286574,-0.0005616302289532422,0.0076880642079064825,-0.0033115283745731505,0,1,0,0,0,0,0
2023-10-06 03:00:00,0.00051486,0.0020401712499999993,0.0018182159199763976,0.0012727511439834783,0.0027273238799645962,0.0054546477599291925,0.0033129223939834776,0.0007674201060165211,0.004767495129964596,-0.0006871526299645969,0.007494819009929192,-0.003414476509929193,0,1,0,0,0,0,0
2023-10-06 04:00:00,0.00107642,0.0019086745833333328,0.001766156841122564,0.0012363097887857948,0.0026492352616838463,0.0052984705233676925,0.0031449843721191276,0.000672364794547538,0.004557909845017179,-0.0007405606783505135,0.0072071451067010255,-0.0033897959400343595,0,0,1,0,0,0,0
2023-10-06 05:00:00,0.00101762,0.0017783674999999992,0.0017084124702504571,0.00119588872917532,0.002562618705375686,0.005125237410751372,0.002974256229175319,0.0005824787708246792,0.004340986205375685,-0.0007842512053756866,0.006903604910751371,-0.0033468699107513725,0,0,1,0,0,0,0
2023-10-06 06:00:00,0.00111491,0.0016522699999999993,0.0016366034699820476,0.0011456224289874333,0.0024549052049730713,0.004909810409946143,0.0027978924289874326,0.000506647571012566,0.004107175204973071,-0.000802635204973072,0.006562080409946142,-0.0032575404099461436,0,0,1,0,0,0,0
2023-10-06 07:00:00,0.00123608,0.0015152474999999995,0.0015191108202192785,0.0010633775741534948,0.0022786662303289178,0.0045573324606578355,0.0025786250741534943,0.00045186992584650464,0.0037939137303289175,-0.0007634187303289183,0.006072579960657835,-0.003042084960657836,0,0,1,0,0,0,0
2023-10-06 08:00:00,0.00262817,0.001491385416666666,0.0014958011979743359,0.001047060838582035,0.0022437017969615036,0.004487403593923007,0.0025384462552487013,0.000444324578084631,0.0037350872136281696,-0.0007523163802948376,0.005978789010589673,-0.002996018177256341,0,0,0,0,0,1,0
2023-10-06 09:00:00,0.00235773,0.0014338766666666658,0.0014307927179220425,0.0010015549025454297,0.002146189076883064,0.004292378153766128,0.0024354315692120955,0.00043232176412123617,0.00358006574354973,-0.0007123124102163981,0.005726254820432794,-0.0028585014870994617,0,0,0,0,1,0,0
2023-10-06 10:00:00,0.0016236,0.0013258295833333327,0.0013037804825452093,0.0009126463377816464,0.001955670723817814,0.003911341447635628,0.002238475921114979,0.0004131832455516863,0.0032815003071511467,-0.0006298411404844812,0.005237171030968961,-0.002585511864302295,0,0,0,0,1,0,0
2023-10-06 11:00:00,0.00101308,0.001175165416666666,0.0010981873277996538,0.0007687311294597576,0.0016472809916994807,0.0032945619833989613,0.0019438965461264237,0.0004064342872069083,0.0028224464083661466,-0.0004721155750328147,0.004469727400065627,-0.0021193965667322956,0,0,1,0,0,0,0
2023-10-06 12:00:00,-0.00062452,0.0010066199999999993,0.001047846629090565,0.0007334926403633955,0.0015717699436358476,0.0031435398872716952,0.001740112640363395,0.00027312735963660377,0.002578389943635847,-0.0005651499436358483,0.004150159887271694,-0.002136919887271696,1,0,0,0,0,0,0
2023-10-06 13:00:00,-0.00097897,0.0008120729166666659,0.000957497052544329,0.0006702479367810303,0.0014362455788164935,0.002872491157632987,0.0014823208534476963,0.00014182497988563566,0.0022483184954831593,-0.0006241726621498276,0.003684564074299653,-0.002060418240966321,1,0,0,0,0,0,0
2023-10-06 14:00:00,-0.00115888,0.0006396141666666659,0.0009221145199509987,0.0006454801639656991,0.001383171779926498,0.002766343559852996,0.0012850943306323649,-5.865997299033259e-06,0.002022785946593164,-0.0007435576132598322,0.003405957726519662,-0.0021267293931863302,1,0,0,0,0,0,0
2023-10-06 15:00:00,-0.00119027,0.0005120608333333325,0.0009554978947626077,0.0006688485263338254,0.0014332468421439115,0.002866493684287823,0.001180909359667158,-0.00015678769300049285,0.0019453076754772439,-0.000921186008810579,0.0033785545176211553,-0.0023544328509544905,1,0,0,0,0,0,0
2023-10-06 16:00:00,-0.00551635,0.00028406291666666593,0.0015573521080586104,0.0010901464756410272,0.0023360281620879155,0.004672056324175831,0.0013742093923076932,-0.0008060835589743612,0.0026200910787545816,-0.0020519652454212495,0.004956119240842497,-0.004387993407509165,1,0,0,0,0,0,0
2023-10-06 17:00:00,-0.00453907,8.00858333333326e-05,0.0018420424662716067,0.0012894297263901246,0.00276306369940741,0.00552612739881482,0.0013695155597234572,-0.001209343893056792,0.0028431495327407427,-0.0026829778660740775,0.005606213232148153,-0.005446041565481488,1,0,0,0,0,0,0
2023-10-06 18:00:00,-0.00340259,-8.66004166666674e-05,0.0019697259477456383,0.0013788081634219468,0.0029545889216184575,0.005909177843236915,0.0012922077467552794,-0.0014654085800886142,0.00286798850495179,-0.003041189338285125,0.005822577426570248,-0.005995778259903582,1,0,0,0,0,0,0
2023-10-06 19:00:00,-0.00282109,-0.0002274941666666674,0.0020410815274793832,0.0014287570692355681,0.003061622291219075,0.00612324458243815,0.0012012629025689007,-0.0016562512359022355,0.0028341281245524074,-0.0032891164578857423,0.005895750415771482,-0.006350738749104817,0,1,0,0,0,0,0
2023-10-06 20:00:00,-0.00068,-0.00026449250000000073,0.0020408928736523196,0.0014286250115566237,0.0030613393104784795,0.006122678620956959,0.001164132511556623,-0.0016931175115566244,0.0027968468104784786,-0.0033258318104784803,0.0058581861209569585,-0.006387171120956959,0,0,1,0,0,0,0
2023-10-06 21:00:00,0.00011995,-0.0002711829166666674,0.0020392911037066903,0.0014275037725946832,0.0030589366555600355,0.006117873311120071,0.0011563208559280157,-0.0016986866892613507,0.002787753738893368,-0.003330119572226703,0.005846690394453404,-0.006389056227786738,0,0,0,0,1,0,0
2023-10-06 22:00:00,0.00096114,-0.00023516708333333407,0.002053654167841322,0.0014375579174889252,0.0030804812517619827,0.0061609625035239654,0.0012023908341555912,-0.0016727250008222593,0.0028453141684286485,-0.003315648335095317,0.005925795420190632,-0.006396129586857299,0,0,0,0,1,0,0
2023-10-06 23:00:00,0.00154445,-0.00016968458333333405,0.0020853864378931183,0.0014597705065251827,0.0031280796568396775,0.006256159313679355,0.0012900859231918485,-0.0016294550898585168,0.0029583950735063433,-0.0032977642401730116,0.006086474730346021,-0.006425843897012689,0,0,0,0,0,1,0
2023-10-07 00:00:00,0.00620641,6.792333333333258e-05,0.0024571920601913783,0.0017200344421339647,0.0036857880902870675,0.007371576180574135,0.0017879577754672973,-0.001652111108800632,0.0037537114236204,-0.003617864756953735,0.007439499513907467,-0.007303652847240803,0,0,0,0,0,0,1
2023-10-07 01:00:00,0.00641142,0.0003100958333333326,0.0027773877659318597,0.0019441714361523017,0.00416608164889779,0.00833216329779558,0.0022542672694856342,-0.0016340756028189692,0.004476177482231123,-0.0038559858155644573,0.008642259131128913,-0.008022067464462247,0,0,0,0,0,0,1
2023-10-07 02:00:00,0.00673078,0.0005685366666666659,0.0030715660943178747,0.002150096266022512,0.004607349141476812,0.009214698282953624,0.002718632932689178,-0.001581559599355846,0.005175885808143478,-0.004038812474810146,0.00978323494962029,-0.008646161616286958,0,0,0,0,0,0,1
2023-10-07 03:00:00,0.00697813,0.0008378395833333326,0.0033384020409569994,0.0023368814286698993,0.005007603061435499,0.010015206122870999,0.003174721012003232,-0.0014990418453365668,0.005845442644768832,-0.004169763478102166,0.010853045706204332,-0.009177366539537666,0,0,0,0,0,0,1
2023-10-07 04:00:00,0.00861572,0.0011519770833333326,0.0036972579416873503,0.002588080559181145,0.0055458869125310254,0.011091773825062051,0.0037400576425144776,-0.0014361034758478123,0.006697863995864358,-0.004393909829197693,0.012243750908395384,-0.009939796741728717,0,0,0,0,0,0,1
2023-10-07 05:00:00,0.00853432,0.0014651729166666658,0.003992004022186447,0.0027944028155305126,0.0059880060332796695,0.011976012066559339,0.004259575732197179,-0.0013292298988638468,0.0074531789499463355,-0.0045228331166130035,0.013441184983226004,-0.010510839149892674,0,0,0,0,0,0,1
2023-10-07 06:00:00,0.00826193,0.0017629654166666658,0.004224540645922672,0.00295717845214587,0.006336810968884008,0.012673621937768016,0.004720143868812536,-0.0011942130354792044,0.008099776385550674,-0.004573845552217342,0.014436587354434682,-0.010910656521101349,0,0,0,0,0,0,1
2023-10-07 07:00:00,0.00814975,0.0020510349999999992,0.004418325944161759,0.0030928281609132312,0.006627488916242638,0.013254977832485276,0.005143863160913231,-0.001041793160913232,0.008678523916242638,-0.0045764539162426385,0.015306012832485276,-0.011203942832485277,0,0,0,0,0,1,0
2023-10-07 08:00:00,0.00601572,0.002192182916666666,0.004491075169709231,0.003143752618796461,0.006736612754563847,0.013473225509127693,0.005335935535463127,-0.000951569702129795,0.008928795671230512,-0.0045444298378971805,0.01566540842579436,-0.011281042592461026,0,0,0,0,0,1,0
2023-10-07 09:00:00,0.00651017,0.0023652012499999994,0.004576896378202528,0.003203827464741769,0.006865344567303791,0.013730689134607583,0.0055690287147417685,-0.0008386262147417698,0.00923054581730379,-0.0045001433173037925,0.016095890384607583,-0.011365487884607584,0,0,0,0,0,1,0
2023-10-07 10:00:00,0.00573413,0.0025364733333333328,0.00462459981807286,0.003237219872651002,0.006936899727109291,0.013873799454218582,0.005773693205984335,-0.0007007465393176694,0.009473373060442623,-0.004400426393775959,0.016410272787551916,-0.01133732612088525,0,0,0,0,1,0,0
2023-10-07 11:00:00,0.00550304,0.002723554999999999,0.0046510356084659326,0.003255724925926153,0.006976553412698899,0.013953106825397799,0.005979279925926152,-0.0005321699259261538,0.009700108412698898,-0.0042529984126989,0.016676661825397798,-0.0112295518253978,0,0,0,0,1,0,0
2023-10-07 12:00:00,0.00153362,0.0028134774999999993,0.004604115904711809,0.003222881133298266,0.0069061738570677135,0.013812347714135427,0.006036358633298265,-0.0004094036332982667,0.009719651357067713,-0.004092696357067714,0.016625825214135425,-0.010998870214135427,0,0,1,0,0,0,0
2023-10-07 13:00:00,0.00116819,0.002902942499999999,0.00454773489878043,0.003183414429146301,0.006821602348170645,0.01364320469634129,0.006086356929146299,-0.000280471929146302,0.009724544848170643,-0.003918659848170646,0.016546147196341288,-0.010740262196341291,0,0,1,0,0,0,0
2023-10-07 14:00:00,0.00093526,0.0029901983333333326,0.004486085631725243,0.0031402599422076702,0.006729128447587865,0.01345825689517573,0.006130458275541003,-0.0001500616088743376,0.009719326780921198,-0.0037389301142545326,0.016448455228509063,-0.010468058561842398,0,0,1,0,0,0,0
2023-10-07 15:00:00,0.00059624,0.0030646362499999994,0.004428150638232317,0.003099705446762622,0.006642225957348476,0.013284451914696953,0.006164341696762622,-3.5069196762622674e-05,0.009706862207348475,-0.003577589707348477,0.01634908816469695,-0.010219815664696954,0,0,1,0,0,0,0
2023-10-07 16:00:00,-0.00074594,0.0032634033333333325,0.00412276227353831,0.002885933591476817,0.0061841434103074655,0.012368286820614931,0.0061493369248101495,0.0003774697418565155,0.009447546743640798,-0.002920740076974133,0.015631690153948264,-0.009104883487281598,0,1,0,0,0,0,0
2023-10-07 17:00:00,-0.00244749,0.0033505524999999994,0.003969932179181208,0.002778952525426845,0.005954898268771812,0.011909796537543624,0.006129505025426845,0.0005715999745731543,0.009305450768771812,-0.002604345768771813,0.015260349037543624,-0.008559244037543625,0,1,0,0,0,0,0
2023-10-07 18:00:00,-0.00243129,0.0033910233333333327,0.0039024728749688055,0.0027317310124781637,0.005853709312453208,0.011707418624906415,0.006122754345811497,0.000659292320855169,0.00924473264578654,-0.002462685979119875,0.015098441958239749,-0.008316395291573082,0,1,0,0,0,0,0
2023-10-07 19:00:00,-0.00195529,0.0034270983333333327,0.003846145754964638,0.0026923020284752466,0.005769218632446957,0.011538437264893914,0.006119400361808579,0.0007347963048580861,0.00919631696578029,-0.0023421202991136245,0.014965535598227248,-0.008111338931560581,0,1,0,0,0,0,0
2023-10-07 20:00:00,-0.00164423,0.0033869220833333325,0.003895630942217918,0.0027269416595525424,0.005843446413326877,0.011686892826653753,0.006113863742885875,0.0006599804237807901,0.009230368496660209,-0.002456524329993544,0.015073814909987085,-0.008299970743320421,0,1,0,0,0,0,0
2023-10-07 21:00:00,-0.00128842,0.0033282399999999992,0.003957105337460345,0.0027699737362222414,0.005935658006190518,0.011871316012381035,0.006098213736222241,0.0005582662637777579,0.009263898006190516,-0.0026074180061905184,0.015199556012381035,-0.008543076012381036,0,1,0,0,0,0,0
2023-10-07 22:00:00,-0.00119911,0.003238229583333333,0.0040370511816784985,0.0028259358271749487,0.006055576772517748,0.012111153545035495,0.006064165410508282,0.0004122937561583844,0.009293806355851081,-0.0028173471891844147,0.015349383128368829,-0.008872923961702162,0,1,0,0,0,0,0
2023-10-07 23:00:00,-0.00115761,0.003125643749999999,0.004123101904745026,0.002886171333321518,0.006184652857117539,0.012369305714235078,0.006011815083321517,0.00023947241667848134,0.009310296607117538,-0.00305900910711754,0.015494949464235077,-0.00924366196423508,0,1,0,0,0,0,0
2023-10-08 00:00:00,-0.00218823,0.002775867083333333,0.0042056337920528715,0.00294394365443701,0.006308450688079307,0.012616901376158614,0.005719810737770343,-0.000168076571103677,0.00908431777141264,-0.0035325836047459744,0.015392768459491947,-0.009841034292825282,0,1,0,0,0,0,0
2023-10-08 01:00:00,-0.00285334,0.002389835416666666,0.004281930767614535,0.0029973515373301744,0.006422896151421803,0.012845792302843606,0.00538718695399684,-0.0006075161206635085,0.00881273156808847,-0.004033060734755137,0.015235627719510272,-0.01045595688617694,0,1,0,0,0,0,0
2023-10-08 02:00:00,-0.00321735,0.001975329999999999,0.004324734673537371,0.0030273142714761594,0.006487102010306056,0.012974204020612112,0.005002644271476158,-0.0010519842714761603,0.008462432010306055,-0.004511772010306057,0.014949534020612111,-0.010998874020612113,0,1,0,0,0,0,0
2023-10-08 03:00:00,-0.00306935,0.0015566849999999993,0.004305663869012827,0.003013964708308979,0.006458495803519241,0.012916991607038481,0.004570649708308978,-0.0014572797083089795,0.00801518080351924,-0.004901810803519241,0.01447367660703848,-0.011360306607038483,0,1,0,0,0,0,0
2023-10-08 04:00:00,-0.00091704,0.0011594866666666658,0.004058774686471981,0.0028411422805303867,0.006088162029707972,0.012176324059415943,0.0040006289471970526,-0.001681655613863721,0.007247648696374637,-0.004928675363041306,0.013335810726082609,-0.011016837392749277,0,0,1,0,0,0,0
2023-10-08 05:00:00,-0.00032156,0.0007904916666666659,0.0037499655190956927,0.0026249758633669846,0.005624948278643539,0.011249896557287078,0.0034154675300336504,-0.0018344841967003187,0.006415439945310205,-0.004834456611976873,0.012040388223953744,-0.010459404890620413,0,0,1,0,0,0,0
2023-10-08 06:00:00,0.00011732,0.00045113291666666584,0.00339627914512156,0.002377395401585092,0.0050944187176823405,0.010188837435364681,0.0028285283182517577,-0.0019262624849184261,0.005545551634349007,-0.004643285801015674,0.010639970352031347,-0.009737704518698015,0,0,1,0,0,0,0
2023-10-08 07:00:00,0.00076856,0.00014358333333333248,0.002977161982236815,0.0020840133875657703,0.004465742973355223,0.008931485946710446,0.0022275967208991027,-0.001940430054232438,0.004609326306688555,-0.00432215964002189,0.009075069280043778,-0.008787902613377113,0,0,0,0,1,0,0
2023-10-08 08:00:00,0.00429362,7.182916666666581e-05,0.002847406121116915,0.0019931842847818403,0.004271109181675372,0.008542218363350744,0.0020650134514485063,-0.0019213551181151746,0.004342938348342038,-0.004199280015008707,0.00861404753001741,-0.008470389196684079,0,0,0,0,0,1,0
2023-10-08 09:00:00,0.00454303,-1.013500000000085e-05,0.002677245229564707,0.0018740716606952949,0.00401586784434706,0.00803173568869412,0.0018639366606952941,-0.0018842066606952956,0.00400573284434706,-0.004026002844347061,0.00802160068869412,-0.008041870688694122,0,0,0,0,0,0,1
2023-10-08 10:00:00,0.00461569,-5.673666666666748e-05,0.0025809108757295102,0.001806637613010657,0.0038713663135942654,0.007742732627188531,0.0017499009463439895,-0.0018633742796773246,0.003814629646927598,-0.0039281029802609325,0.007685995960521864,-0.007799469293855198,0,0,0,0,0,0,1
2023-10-08 11:00:00,0.004726,-8.911333333333413e-05,0.0025120891815462046,0.0017584624270823431,0.003768133772319307,0.007536267544638614,0.001669349093749009,-0.0018475757604156772,0.003679020438985973,-0.003857247105652641,0.00744715421130528,-0.007625380877971948,0,0,0,0,0,0,1
2023-10-08 12:00:00,0.0026641,-4.201000000000082e-05,0.002554086989942238,0.0017878608929595666,0.003831130484913357,0.007662260969826714,0.0017458508929595658,-0.0018298708929595673,0.0037891204849133564,-0.003873140484913358,0.007620250969826713,-0.0077042709698267155,0,0,0,0,0,1,0
2023-10-08 13:00:00,0.0026942,2.15737499999992e-05,0.0026040313210747663,0.0018228219247523362,0.0039060469816121495,0.007812093963224299,0.0018443956747523354,-0.001801248174752337,0.003927620731612149,-0.0038844732316121503,0.007833667713224298,-0.0077905202132243,0,0,0,0,0,1,0
2023-10-08 14:00:00,0.00271584,9.576458333333252e-05,0.0026560404097126966,0.0018592282867988875,0.003984060614569045,0.00796812122913809,0.00195499287013222,-0.001763463703465555,0.004079825197902378,-0.0038882960312357127,0.008063885812471423,-0.007872356645804757,0,0,0,0,0,1,0
2023-10-08 15:00:00,0.0026135,0.0001798170833333325,0.0027040519143308526,0.0018928363400315968,0.004056077871496279,0.008112155742992557,0.0020726534233649293,-0.0017130192566982643,0.004235894954829612,-0.0038762607881629462,0.00829197282632589,-0.007932338659659225,0,0,0,0,0,1,0
2023-10-08 16:00:00,0.00188825,0.00028957499999999916,0.0027182652638019296,0.0019027856846613506,0.004077397895702895,0.00815479579140579,0.0021923606846613497,-0.0016132106846613514,0.004366972895702894,-0.0037878228957028953,0.008444370791405788,-0.00786522079140579,0,0,0,0,1,0,0
2023-10-08 17:00:00,0.00195821,0.0004731458333333325,0.002673788054993555,0.0018716516384954885,0.004010682082490333,0.008021364164980666,0.002344797471828821,-0.0013985058051621559,0.004483827915823665,-0.0035375362491570006,0.008494509998313998,-0.0075482183316473335,0,0,0,0,1,0,0
2023-10-08 18:00:00,0.00186011,0.0006519541666666659,0.0026139330931659174,0.0018297531652161421,0.003920899639748876,0.007841799279497751,0.0024817073318828082,-0.0011777989985494763,0.004572853806415542,-0.00326894547308221,0.008493753446164418,-0.007189845112831085,0,0,0,0,1,0,0
2023-10-08 19:00:00,0.00194427,0.0008144358333333325,0.00256557150187195,0.0017959000513103648,0.003848357252807925,0.00769671450561585,0.0026103358846436974,-0.0009814642179770323,0.0046627930861412575,-0.0030339214194745924,0.008511150338949183,-0.006882278672282517,0,0,0,0,1,0,0
2023-10-08 20:00:00,0.00392834,0.0010466262499999992,0.002585470087161689,0.0018098290610131823,0.003878205130742534,0.007756410261485068,0.0028564553110131813,-0.0007632028110131832,0.004924831380742533,-0.002831578880742535,0.008803036511485066,-0.006709784011485069,0,0,0,0,0,1,0
2023-10-08 21:00:00,0.00384484,0.0012605120833333325,0.0025962071478552173,0.001817345003498652,0.003894310721782826,0.007788621443565652,0.0030778570868319846,-0.0005568329201653195,0.0051548228051161585,-0.0026337986384494935,0.009049133526898984,-0.0065281093602323195,0,0,0,0,0,1,0
2023-10-08 22:00:00,0.00376655,0.0014674145833333324,0.0025895255863475105,0.0018126679104432573,0.0038842883795212656,0.007768576759042531,0.0032800824937765896,-0.0003452533271099249,0.005351702962854598,-0.0024168737961879332,0.009235991342375863,-0.006301162175709199,0,0,0,0,0,1,0
2023-10-08 23:00:00,0.00361592,0.0016663116666666658,0.0025623160701934828,0.0017936212491354378,0.003843474105290224,0.007686948210580448,0.0034599329158021036,-0.00012730958246877193,0.00550978577195689,-0.0021771624386235583,0.009353259877247114,-0.006020636543913782,0,0,0,0,0,1,0
2023-10-09 00:00:00,0.00261846,0.0018665904166666658,0.0024324980980010695,0.0017027486686007486,0.0036487471470016044,0.007297494294003209,0.003569339085267414,0.00016384174806591723,0.00551533756366827,-0.0017821567303349386,0.009164084710669875,-0.005430903877336543,0,0,0,0,1,0,0
2023-10-09 01:00:00,0.00245276,0.002087677916666666,0.0022163897415118134,0.0015514728190582693,0.0033245846122677203,0.0066491692245354405,0.0036391507357249357,0.0005362050976083969,0.005412262528934387,-0.001236906695601054,0.008736847141202106,-0.004561491307868775,0,0,0,0,1,0,0
2023-10-09 02:00:00,0.00263975,0.002331723749999999,0.0019078428716015406,0.0013354900101210784,0.002861764307402311,0.005723528614804622,0.0036672137601210775,0.0009962337398789207,0.00519348805740231,-0.0005300405574023117,0.008055252364804621,-0.0033918048648046224,0,0,0,0,1,0,0
2023-10-09 03:00:00,0.00294015,0.0025821195833333325,0.0015238782447499672,0.001066714771324977,0.002285817367124951,0.004571634734249902,0.0036488343546583098,0.0015154048120083554,0.004867936950458283,0.0002963022162083815,0.007153754317583234,-0.0019895151509165695,0,0,0,0,1,0,0
2023-10-09 04:00:00,0.00421136,0.0027958029166666658,0.0013629438367629275,0.0009540606857340493,0.0020444157551443914,0.004088831510288783,0.0037498636024007152,0.0018417422309326165,0.004840218671811057,0.0007513871615222744,0.006884634426955449,-0.001293028593622117,0,0,0,0,0,1,0
2023-10-09 05:00:00,0.00441264,0.0029930612499999986,0.0012280687551223324,0.0008596481285856327,0.0018421031326834986,0.0036842062653669972,0.0038527093785856313,0.0021334131214143658,0.004835164382683497,0.0011509581173165,0.006677267515366996,-0.0006911450153669987,0,0,0,0,0,1,0
2023-10-09 06:00:00,0.00467481,0.0031829566666666657,0.001110825400258117,0.0007775777801806819,0.0016662381003871756,0.003332476200774351,0.003960534446847347,0.0024053788864859837,0.004849194767053842,0.0015167185662794901,0.006515432867441016,-0.00014951953410768546,0,0,0,0,0,1,0
2023-10-09 07:00:00,0.00493956,0.003356748333333333,0.0010407338458520842,0.0007285136920964589,0.0015611007687781264,0.0031222015375562528,0.004085262025429792,0.002628234641236874,0.004917849102111459,0.0017956475645552064,0.006478949870889586,0.00023454679577708006,0,0,0,0,0,0,1
2023-10-09 08:00:00,0.0046463,0.0033714433333333327,0.0010569017872258514,0.0007398312510580959,0.0015853526808387772,0.0031707053616775544,0.004111274584391428,0.0026316120822752367,0.00495679601417211,0.0017860906524945555,0.006542148695010887,0.00020073797165577828,0,0,0,0,0,1,0
2023-10-09 09:00:00,0.0017845,0.003256504583333333,0.0010738120586107416,0.0007516684410275191,0.0016107180879161125,0.003221436175832225,0.004008173024360852,0.0025048361423058137,0.004867222671249446,0.0016457864954172205,0.006477940759165558,3.506840750110802e-05,0,1,0,0,0,0,0
2023-10-09 10:00:00,0.00202821,0.0031486929166666656,0.001061234429113209,0.0007428641003792462,0.0015918516436698137,0.0031837032873396273,0.003891557017045912,0.002405828816287419,0.00474054456033648,0.001556841272996852,0.006332396204006293,-3.501037067296176e-05,0,1,0,0,0,0,0
2023-10-09 11:00:00,0.00234685,0.003049561666666666,0.0010177176538011987,0.0007124023576608391,0.0015265764807017982,0.0030531529614035964,0.003761964024327505,0.002337159309005827,0.004576138147368464,0.0015229851859648678,0.006102714628070263,-3.5912947369304456e-06,0,0,1,0,0,0,0
2023-10-09 12:00:00,0.00168914,0.0030089383333333324,0.0010526321545731103,0.0007368425082011772,0.0015789482318596655,0.003157896463719331,0.0037457808415345094,0.0022720958251321553,0.004587886565192998,0.0014299901014736668,0.006166834797052663,-0.0001489581303859987,0,1,0,0,0,0,0
2023-10-09 13:00:00,0.00288912,0.00301706,0.001050848633343855,0.0007355940433406985,0.0015762729500157827,0.0031525459000315654,0.0037526540433406985,0.002281465956659301,0.0045933329500157825,0.001440787049984217,0.006169605900031565,-0.00013548590003156563,0,0,1,0,0,0,0
2023-10-09 14:00:00,0.00384148,0.0030639616666666655,0.001061881963688263,0.0007433173745817841,0.0015928229455323946,0.003185645891064789,0.0038072790412484493,0.0023206442920848816,0.00465678461219906,0.0014711387211342709,0.006249607557731455,-0.00012168422439812372,0,0,0,0,0,1,0
2023-10-09 15:00:00,0.00403257,0.0031230895833333325,0.001075134485988301,0.0007525941401918106,0.0016127017289824515,0.003225403457964903,0.003875683723525143,0.002370495443141522,0.004735791312315784,0.001510387854350881,0.006348493041298236,-0.00010231387463157044,0,0,0,0,0,1,0
2023-10-09 16:00:00,0.00162971,0.0031123170833333327,0.0010892477342146567,0.0007624734139502597,0.0016338716013219851,0.0032677432026439702,0.0038747904972835923,0.002349843669383073,0.004746188684655318,0.0014784454820113476,0.0063800602859773025,-0.0001554261193106375,0,1,0,0,0,0,0
2023-10-09 17:00:00,0.00168868,0.0031010866666666657,0.0011029672796665974,0.0007720770957666182,0.0016544509194998962,0.0033089018389997923,0.003873163762433284,0.0023290095709000477,0.004755537586166562,0.0014466357471667696,0.0064099885056664585,-0.00020781517233312658,0,1,0,0,0,0,0
2023-10-09 18:00:00,0.00167555,0.003093396666666666,0.0011125970264430503,0.0007788179185101351,0.0016688955396645755,0.003337791079329151,0.003872214585176801,0.002314578748156531,0.004762292206331242,0.0014245011270020904,0.006431187745995817,-0.0002443944126624851,0,1,0,0,0,0,0
2023-10-09 19:00:00,0.00159064,0.0030786620833333327,0.001130671870426772,0.0007914703092987404,0.0016960078056401581,0.0033920156112803163,0.003870132392632073,0.002287191774034592,0.004774669888973491,0.0013826542776931745,0.006470677694613649,-0.0003133535279469836,0,1,0,0,0,0,0
2023-10-09 20:00:00,0.00270736,0.0030277879166666654,0.0011181784593939559,0.0007827249215757691,0.0016772676890909337,0.0033545353781818674,0.0038105128382424345,0.0022450629950908963,0.004705055605757599,0.0013505202275757317,0.006382323294848533,-0.000326747461515202,0,0,1,0,0,0,0
2023-10-09 21:00:00,0.00276386,0.002982747083333333,0.0011055359931707888,0.0007738751952195522,0.0016583039897561831,0.0033166079795123662,0.003756622278552885,0.0022088718881137807,0.0046410510730895155,0.0013244430935771497,0.006299355062845699,-0.0003338608961790334,0,0,1,0,0,0,0
2023-10-09 22:00:00,0.00282407,0.0029434770833333328,0.0010931535226822659,0.000765207465877586,0.0016397302840233988,0.0032794605680467976,0.0037086845492109188,0.0021782696174557467,0.004583207367356732,0.001303746799309934,0.00622293765138013,-0.0003359834847134649,0,0,1,0,0,0,0
2023-10-09 23:00:00,0.00285635,0.0029118283333333327,0.0010837940315903212,0.0007586558221132248,0.0016256910473854817,0.0032513820947709634,0.0036704841554465574,0.002153172511220108,0.004537519380718814,0.001286137285947851,0.006163210428104296,-0.00033955376143763065,0,0,1,0,0,0,0
2023-10-10 00:00:00,0.00510025,0.003015236249999999,0.0011695875572848488,0.0008187112900993941,0.0017543813359272731,0.0035087626718545463,0.003833947540099393,0.0021965249599006052,0.004769617585927272,0.001260854914072726,0.006523998921854545,-0.0004935264218545472,0,0,0,0,0,0,1
2023-10-10 01:00:00,0.00498285,0.0031206566666666657,0.001229190391750462,0.0008604332742253233,0.001843785587625693,0.003687571175251386,0.0039810899408919895,0.0022602233924413424,0.004964442254292359,0.0012768710790409727,0.006808227841918052,-0.0005669145085847203,0,0,0,0,0,0,1
2023-10-10 02:00:00,0.00481304,0.003211210416666666,0.0012715447299576448,0.0008900813109703513,0.001907317094936467,0.003814634189872934,0.0041012917276370174,0.0023211291056963144,0.005118527511603133,0.0013038933217301989,0.0070258446065396,-0.0006034237732062682,0,0,0,0,0,1,0
2023-10-10 03:00:00,0.0047432,0.0032863374999999996,0.001307587530578561,0.0009153112714049926,0.0019613812958678414,0.003922762591735683,0.0042016487714049925,0.002371026228595007,0.0052477187958678406,0.0013249562041321582,0.007209100091735683,-0.0006364250917356832,0,0,0,0,0,1,0
2023-10-10 04:00:00,0.00553901,0.0033416562499999987,0.0013747803189122821,0.0009623462232385974,0.0020621704783684233,0.004124340956736847,0.004304002473238596,0.002379310026761401,0.005403826728368422,0.0012794857716315754,0.007465997206736845,-0.0007826847067368479,0,0,0,0,0,0,1
2023-10-10 05:00:00,0.00533261,0.0033799883333333323,0.001418083635792356,0.0009926585450546492,0.002127125453688534,0.004254250907377068,0.004372646878387981,0.0023873297882786833,0.005507113787021866,0.0012528628796447984,0.0076342392407104005,-0.0008742625740437355,0,0,0,0,0,1,0
2023-10-10 06:00:00,0.00539359,0.0034099374999999993,0.0014537598811636846,0.001017631916814579,0.002180639821745527,0.004361279643491054,0.004427569416814579,0.00239230558318542,0.005590577321745526,0.0012292976782544724,0.007771217143491053,-0.0009513421434910545,0,0,0,0,0,1,0
2023-10-10 07:00:00,0.00538394,0.0034284533333333324,0.001476737326578684,0.0010337161286050787,0.002215105989868026,0.004430211979736052,0.004462169461938411,0.0023947372047282535,0.005643559323201358,0.0012133473434653066,0.007858665313069384,-0.0010017586464027193,0,0,0,0,0,1,0
2023-10-10 08:00:00,0.00557658,0.003467214999999999,0.0015216204248534014,0.001065134297397381,0.002282430637280102,0.004564861274560204,0.00453234929739738,0.0024020807026026185,0.005749645637280101,0.001184784362719897,0.008032076274560204,-0.0010976462745602052,0,0,0,0,0,1,0
2023-10-10 09:00:00,0.00576337,0.003633001249999999,0.0015468581983699035,0.0010828007388589325,0.002320287297554855,0.00464057459510971,0.004715801988858931,0.0025502005111410664,0.005953288547554854,0.0013127139524451437,0.00827357584510971,-0.0010075733451097115,0,0,0,0,0,1,0
2023-10-10 10:00:00,0.00595206,0.003796494999999999,0.0015769380092281401,0.001103856606459698,0.0023654070138422103,0.004730814027684421,0.004900351606459697,0.002692638393540301,0.006161902013842209,0.0014310879861577888,0.00852730902768442,-0.0009343190276844215,0,0,0,0,0,1,0
2023-10-10 11:00:00,0.00592706,0.003945670416666666,0.0016029677290482034,0.0011220774103337422,0.002404451593572305,0.00480890318714461,0.005067747827000408,0.0028235930063329234,0.006350122010238971,0.0015412188230943605,0.008754573603811277,-0.0008632327704779447,0,0,0,0,0,1,0
2023-10-10 12:00:00,0.00591498,0.004121747083333333,0.001576192527430092,0.0011033347692010643,0.002364288791145138,0.004728577582290276,0.005225081852534397,0.0030184123141322686,0.006486035874478471,0.0017574582921881946,0.008850324665623608,-0.0006068304989569435,0,0,0,0,0,1,0
2023-10-10 13:00:00,0.00591303,0.004247743333333332,0.0015941350382185026,0.0011158945267529517,0.0023912025573277536,0.004782405114655507,0.005363637860086284,0.0031318488065803806,0.006638945890661086,0.0018565407760055786,0.009030148447988839,-0.000534661781322175,0,0,0,0,0,1,0
2023-10-10 14:00:00,0.00607144,0.004340658333333333,0.0016339170441443665,0.0011437419309010565,0.0024508755662165497,0.004901751132433099,0.00548440026423439,0.0031969164024322765,0.006791533899549883,0.0018897827671167833,0.009242409465766432,-0.0005610927990997664,0,0,0,0,0,1,0
2023-10-10 15:00:00,0.00609928,0.004426771249999999,0.0016710139356699712,0.0011697097549689798,0.002506520903504957,0.005013041807009914,0.005596481004968979,0.0032570614950310195,0.006933292153504956,0.0019202503464950424,0.009439813057009912,-0.0005862705570099146,0,0,0,0,0,1,0
2023-10-10 16:00:00,0.00246656,0.004461639999999999,0.0016180007897377028,0.001132600552816392,0.0024270011846065542,0.0048540023692131085,0.005594240552816391,0.0033290394471836076,0.006888641184606553,0.002034638815393445,0.009315642369213107,-0.00039236236921310914,0,1,0,0,0,0,0
2023-10-10 17:00:00,0.0046642,0.0045856199999999995,0.0015064373347478662,0.0010545061343235063,0.0022596560021217993,0.004519312004243599,0.005640126134323506,0.003531113865676493,0.006845276002121798,0.0023259639978782,0.009104932004243598,6.630799575640077e-05,0,0,0,0,1,0,0
2023-10-10 18:00:00,0.00495485,0.004722257499999999,0.0013739007817360218,0.0009617305472152151,0.0020608511726040325,0.004121702345208065,0.0056839880472152144,0.0037605269527847844,0.006783108672604032,0.002661406327395967,0.008843959845208065,0.0006005551547919345,0,0,0,0,1,0,0
2023-10-10 19:00:00,0.00497162,0.004863131666666666,0.0012013350903735437,0.0008409345632614805,0.0018020026355603156,0.003604005271120631,0.005704066229928147,0.004022197103405185,0.006665134302226982,0.0030611290311063502,0.008467136937787298,0.001259126395546035,0,0,0,0,1,0,0
2023-10-10 20:00:00,0.00378146,0.004907885833333333,0.0011357496978264211,0.0007950247884784947,0.0017036245467396318,0.0034072490934792636,0.005702910621811827,0.004112861044854838,0.0066115103800729646,0.003204261286593701,0.008315134926812597,0.0015006367398540691,0,1,0,0,0,0,0
2023-10-10 21:00:00,0.0038983,0.0049551541666666655,0.0010639778385930557,0.0007447844870151389,0.0015959667578895834,0.003191933515779167,0.005699938653681805,0.004210369679651526,0.006551120924556249,0.003359187408777082,0.008147087682445833,0.0017632206508874987,0,1,0,0,0,0,0
2023-10-10 22:00:00,0.00385295,0.004998024166666666,0.0009927202319974882,0.0006949041623982417,0.0014890803479962324,0.0029781606959924647,0.005692928329064907,0.004303120004268425,0.006487104514662898,0.0035089438186704336,0.00797618486265913,0.002019863470674201,0,1,0,0,0,0,0
2023-10-10 23:00:00,0.00384141,0.005039068333333332,0.000917863935283019,0.0006425047546981133,0.0013767959029245284,0.002753591805849057,0.0056815730880314455,0.004396563578635219,0.006415864236257861,0.0036622724304088035,0.0077926601391823894,0.0022854765274842753,0,1,0,0,0,0,0
2023-10-11 00:00:00,0.00350027,0.0049724025,0.0009698587929326326,0.0006789011550528428,0.001454788189398949,0.002909576378797898,0.005651303655052843,0.004293501344947157,0.006427190689398949,0.0035176143106010506,0.007881978878797897,0.0020628261212021015,1,0,0,0,0,0,0
2023-10-11 01:00:00,0.00359102,0.004914409583333332,0.001009989065354219,0.0007069923457479532,0.0015149835980313286,0.003029967196062657,0.005621401929081285,0.004207417237585379,0.0064293931813646605,0.0033994259853020034,0.007944376779395988,0.0018844423872706748,0,1,0,0,0,0,0
2023-10-11 02:00:00,0.00350726,0.004860002083333333,0.0010500629776394397,0.0007350440843476078,0.0015750944664591595,0.003150188932918319,0.0055950461676809405,0.004124957998985725,0.006435096549792492,0.0032849076168741734,0.008010191016251653,0.001709813150415014,0,1,0,0,0,0,0
2023-10-11 03:00:00,0.00297929,0.004786505833333333,0.0011181183019503328,0.0007826828113652329,0.0016771774529254992,0.0033543549058509983,0.0055691886446985655,0.0040038230219681,0.006463683286258832,0.0031093283804078335,0.008140860739184332,0.0014321509274823345,1,0,0,0,0,0,0
2023-10-11 04:00:00,0.00030549,0.0045684424999999996,0.001431422793496674,0.0010019959554476718,0.002147134190245011,0.004294268380490022,0.005570438455447671,0.0035664465445523277,0.0067155766902450105,0.0024213083097549886,0.00886271088049002,0.00027417411950997773,1,0,0,0,0,0,0
2023-10-11 05:00:00,4.19e-06,0.004346424999999999,0.0016964385244235534,0.0011875069670964874,0.0025446577866353303,0.005089315573270661,0.005533931967096487,0.0031589180329035117,0.0068910827866353296,0.001801767213364669,0.00943574057327066,-0.0007428905732706614,1,0,0,0,0,0,0
2023-10-11 06:00:00,-9.957e-05,0.004117543333333333,0.001906565518220453,0.001334595862754317,0.002859848277330679,0.005719696554661358,0.0054521391960876495,0.002782947470579016,0.006977391610664012,0.0012576950560026535,0.009837239887994691,-0.0016021532213280256,1,0,0,0,0,0,0
2023-10-11 07:00:00,0.00013664,0.0038989058333333323,0.0020504653979608223,0.0014353257785725754,0.0030756980969412337,0.006151396193882467,0.005334231611905908,0.0024635800547607566,0.006974603930274566,0.0008232077363920986,0.0100503020272158,-0.002252490360549135,1,0,0,0,0,0,0
2023-10-11 08:00:00,0.00213167,0.0037553679166666657,0.0020484930695302463,0.0014339451486711724,0.0030727396042953695,0.006145479208590739,0.0051893130653378385,0.0023214227679954932,0.006828107520962036,0.0006826283123712962,0.009900847125257404,-0.0023901112919240733,0,1,0,0,0,0,0
2023-10-11 09:00:00,0.00233306,0.0036124383333333322,0.00202179476176541,0.0014152563332357868,0.0030326921426481147,0.006065384285296229,0.0050276946665691186,0.0021971820000975455,0.006645130475981447,0.0005797461906852175,0.009677822618629562,-0.002452945951962897,0,0,1,0,0,0,0
2023-10-11 10:00:00,0.00253227,0.0034699470833333326,0.001969569444049946,0.0013786986108349623,0.002954354166074919,0.005908708332149838,0.004848645694168294,0.0020912484724983703,0.006424301249408251,0.0005155929172584134,0.009378655415483172,-0.002438761248816506,0,0,1,0,0,0,0
2023-10-11 11:00:00,0.0026528,0.0033335195833333327,0.001904289364747844,0.0013330025553234908,0.0028564340471217663,0.0057128680942435325,0.004666522138656823,0.002000517028009842,0.006189953630455099,0.0004770855362115664,0.009046387677576866,-0.0023793485109102,0,0,1,0,0,0,0
2023-10-11 12:00:00,0.00405963,0.0032562133333333327,0.0018311932668326914,0.001281835286782884,0.002746789900249037,0.005493579800498074,0.0045380486201162164,0.001974378046550449,0.00600300323358237,0.0005094234330842956,0.008749793133831407,-0.0022373664671647415,0,0,0,0,1,0,0
2023-10-11 13:00:00,0.00382694,0.0031692929166666664,0.0017471829782365635,0.0012230280847655944,0.002620774467354845,0.00524154893470969,0.004392321001432261,0.001946264831901072,0.005790067384021512,0.0005485184493118213,0.008410841851376357,-0.002072256018043024,0,0,0,0,1,0,0
2023-10-11 14:00:00,0.00389587,0.0030786441666666663,0.0016434210888424474,0.0011503947621897131,0.0024651316332636713,0.0049302632665273426,0.00422903892885638,0.0019282494044769532,0.005543775799930338,0.000613512533402995,0.00800890743319401,-0.0018516190998606762,0,0,0,0,1,0,0
2023-10-11 15:00:00,0.00444907,0.0030098854166666655,0.0015429998433459703,0.001080099890342179,0.0023144997650189555,0.004628999530037911,0.0040899853070088445,0.0019297855263244864,0.005324385181685621,0.0006953856516477099,0.007638884946704576,-0.0016191141133712456,0,0,0,0,0,1,0
2023-10-11 16:00:00,0.00746197,0.0032180274999999993,0.0017845425118922311,0.0012491797583245618,0.002676813767838347,0.005353627535676694,0.004467207258324561,0.0019688477416754373,0.005894841267838347,0.0005412137321616525,0.008571655035676693,-0.0021356000356766943,0,0,0,0,0,0,1
2023-10-11 17:00:00,0.00854695,0.003379808749999999,0.0020738900585936977,0.0014517230410155883,0.0031108350878905466,0.006221670175781093,0.004831531791015587,0.0019280857089844106,0.006490643837890546,0.0002689736621094524,0.009601478925781093,-0.002841861425781094,0,0,0,0,0,0,1
2023-10-11 18:00:00,0.00855901,0.0035299820833333325,0.0023099555929837583,0.0016169689150886306,0.0034649333894756374,0.006929866778951275,0.005146950998421963,0.0019130131682447019,0.00699491547280897,6.50486938576951e-05,0.010459848862284607,-0.0033998846956179423,0,0,0,0,0,0,1
2023-10-11 19:00:00,0.00868896,0.003684871249999999,0.0025254060278185847,0.001767784219473009,0.003788109041727877,0.007576218083455754,0.005452655469473008,0.00191708703052699,0.007472980291727876,-0.00010323779172787765,0.011261089333455753,-0.0038913468334557545,0,0,0,0,0,0,1
2023-10-11 20:00:00,0.01048635,0.003964241666666666,0.0028822106160402406,0.0020175474312281684,0.004323315924060361,0.008646631848120721,0.005981789097894834,0.0019466942354384974,0.008287557590727027,-0.0003590742573936949,0.012610873514787388,-0.004682390181454056,0,0,0,0,0,0,1
2023-10-11 21:00:00,0.01034891,0.004233017083333333,0.003162896655603973,0.002214027658922781,0.00474434498340596,0.00948868996681192,0.006447044742256113,0.002018989424410552,0.008977362066739294,-0.0005113279000726273,0.013721707050145252,-0.0052556728834785875,0,0,0,0,0,0,1
2023-10-11 22:00:00,0.01016768,0.004496130833333333,0.003384776220840163,0.002369343354588114,0.005077164331260244,0.010154328662520489,0.006865474187921447,0.002126787478745219,0.009573295164593577,-0.0005810334979269114,0.014650459495853821,-0.005658197829187156,0,0,0,0,0,0,1
2023-10-11 23:00:00,0.00994145,0.004750299166666665,0.0035580694322965723,0.0024906486026076004,0.0053371041484448585,0.010674208296889717,0.007240947769274265,0.002259650564059065,0.010087403315111524,-0.0005868049817781933,0.015424507463556381,-0.005923909130223052,0,0,0,0,0,1,0
2023-10-12 00:00:00,0.01196818,0.005103128749999999,0.003837595701147276,0.002686316990803093,0.005756393551720914,0.011512787103441828,0.0077894457408030915,0.002416811759196906,0.010859522301720912,-0.0006532648017209151,0.016615915853441826,-0.006409658353441829,0,0,0,0,0,0,1
2023-10-12 01:00:00,0.01168153,0.005440233333333332,0.004048541228089035,0.002833978859662324,0.006072811842133552,0.012145623684267104,0.008274212192995657,0.0026062544736710084,0.011513045175466884,-0.0006325785088002198,0.01758585701760044,-0.006705390350933772,0,0,0,0,0,0,1
2023-10-12 02:00:00,0.01151056,0.005773704166666667,0.004208838487658998,0.0029461869413612983,0.006313257731488497,0.012626515462976993,0.008719891108027965,0.0028275172253053684,0.012086961898155163,-0.0005395535648218298,0.01840021962964366,-0.006852811296310326,0,0,0,0,0,1,0
2023-10-12 03:00:00,0.01121866,0.0061170112499999985,0.004305908740922283,0.0030141361186455983,0.0064588631113834255,0.012917726222766851,0.009131147368645596,0.0031028751313544,0.012575874361383424,-0.00034185186138342705,0.01903473747276685,-0.0068007149727668526,0,0,0,0,0,1,0
2023-10-12 04:00:00,0.01089014,0.006558038333333333,0.004226111448692681,0.002958278014084877,0.006339167173039022,0.012678334346078044,0.00951631634741821,0.003599760319248456,0.012897205506372356,0.00021887116029431063,0.019236372679411376,-0.006120296012744711,0,0,0,0,0,1,0
2023-10-12 05:00:00,0.01040604,0.0069914487499999995,0.004054660936735645,0.002838262655714951,0.0060819914051034665,0.012163982810206933,0.009829711405714951,0.004153186094285048,0.013073440155103467,0.000909457344896533,0.019155431560206933,-0.0051725340602069335,0,0,0,0,0,1,0
2023-10-12 06:00:00,0.01012858,0.0074176216666666656,0.003806895444154961,0.0026648268109084727,0.0057103431662324415,0.011420686332464883,0.010082448477575138,0.004752794855758193,0.013127964832899106,0.001707278500434224,0.018838307999131547,-0.0040030646657982175,0,0,0,0,0,1,0
2023-10-12 07:00:00,0.00969176,0.007815751666666667,0.0034995729455360356,0.002449701061875225,0.005249359418304053,0.010498718836608106,0.010265452728541891,0.0053660506047914424,0.01306511108497072,0.002566392248362614,0.018314470503274775,-0.002682967169941439,0,0,0,0,1,0,0
2023-10-12 08:00:00,0.00532708,0.00794889375,0.003330625395983838,0.0023314377771886862,0.004995938093975757,0.009991876187951514,0.010280331527188685,0.005617455972811314,0.012944831843975758,0.002952955656024243,0.017940769937951514,-0.002042982437951514,0,1,0,0,0,0,0
2023-10-12 09:00:00,0.00570873,0.008089546666666666,0.0031495096529359033,0.0022046567570551323,0.004724264479403855,0.00944852895880771,0.010294203423721799,0.005884889909611534,0.012813811146070522,0.003365282187262811,0.017538075625474374,-0.001358982292141044,0,1,0,0,0,0,0
2023-10-12 10:00:00,0.00607226,0.00823704625,0.002954807642795094,0.0020683653499565654,0.004432211464192641,0.008864422928385282,0.010305411599956564,0.006168680900043434,0.01266925771419264,0.0038048347858073584,0.01710146917838528,-0.0006273766783852826,0,1,0,0,0,0,0
2023-10-12 11:00:00,0.00627292,0.008387884583333333,0.0027420902976775553,0.0019194632083742887,0.004113135446516333,0.008226270893032666,0.010307347791707621,0.006468421374959044,0.012501020029849666,0.004274749136817,0.016614155476366,0.000161613690300667,0,1,0,0,0,0,0
2023-10-12 12:00:00,0.00628913,0.008480780416666665,0.0026243196502737675,0.0018370237551916372,0.0039364794754106515,0.007872958950821303,0.010317804171858302,0.006643756661475028,0.012417259892077316,0.0045443009412560135,0.01635373936748797,0.000607821465845362,0,1,0,0,0,0,0
2023-10-12 13:00:00,0.00648235,0.0085914225,0.0024710843142641513,0.0017297590199849059,0.003706626471396227,0.007413252942792454,0.010321181519984905,0.006861663480015093,0.012298048971396226,0.004884796028603772,0.01600467544279245,0.0011781695572075455,0,1,0,0,0,0,0
2023-10-12 14:00:00,0.00633029,0.008692856666666665,0.0023149936648137253,0.0016204955653696077,0.003472490497220588,0.006944980994441176,0.010313352232036273,0.007072361101297058,0.012165347163887253,0.0052203661694460776,0.01563783766110784,0.0017478756722254891,0,1,0,0,0,0,0
2023-10-12 15:00:00,0.00632764,0.008771130416666667,0.002193854878642486,0.00153569841504974,0.003290782317963729,0.006581564635927458,0.010306828831716406,0.007235432001616927,0.012061912734630396,0.005480348098702938,0.015352695052594125,0.0021895657807392086,0,1,0,0,0,0,0
2023-10-12 16:00:00,0.00836272,0.008808661666666667,0.0021781331661184225,0.0015246932162828956,0.0032671997491776337,0.006534399498355267,0.010333354882949562,0.007283968450383771,0.0120758614158443,0.005541461917489034,0.015343061165021935,0.0022742621683113995,0,0,1,0,0,0,0
2023-10-12 17:00:00,0.00836763,0.008801189999999999,0.0021793771564391586,0.001525564009507411,0.003269065734658738,0.006538131469317476,0.01032675400950741,0.007275625990492588,0.012070255734658737,0.0055321242653412605,0.015339321469317475,0.0022630585306825223,0,0,1,0,0,0,0
2023-10-12 18:00:00,0.00864082,0.00880459875,0.0021790458490783217,0.001525332094354825,0.0032685687736174825,0.006537137547234965,0.010329930844354825,0.007279266655645175,0.012073167523617482,0.005536029976382518,0.015341736297234964,0.002267461202765035,0,0,1,0,0,0,0
2023-10-12 19:00:00,0.00869541,0.008804867499999999,0.002179031364521293,0.0015253219551649051,0.0032685470467819396,0.006537094093563879,0.010330189455164904,0.007279545544835094,0.012073414546781938,0.005536320453218059,0.015341961593563878,0.00226777340643612,0,0,1,0,0,0,0
2023-10-12 20:00:00,0.00897856,0.008742042916666666,0.002149986311607579,0.0015049904181253053,0.0032249794674113685,0.006449958934822737,0.010247033334791971,0.007237052498541361,0.011967022384078034,0.005517063449255298,0.015192001851489403,0.0022920839818439294,0,0,0,0,1,0,0
2023-10-12 21:00:00,0.00877256,0.008676361666666667,0.002122667712969745,0.0014858673990788213,0.0031840015694546172,0.0063680031389092345,0.010162229065745487,0.0071904942675878455,0.011860363236121284,0.005492360097212049,0.015044364805575902,0.0023083585277574323,0,0,0,0,1,0,0
2023-10-12 22:00:00,0.00866271,0.008613654583333333,0.002098791606472633,0.001469154124530843,0.0031481874097089493,0.0062963748194178985,0.010082808707864176,0.007144500458802491,0.011761841993042282,0.005465467173624384,0.014910029402751232,0.0023172797639154346,0,0,0,0,1,0,0
2023-10-12 23:00:00,0.00826047,0.00854361375,0.0020805231805607707,0.0014563662263925394,0.0031207847708411562,0.0062415695416823125,0.009999979976392539,0.007087247523607461,0.011664398520841156,0.005422828979158844,0.014785183291682312,0.0023020442083176874,0,0,1,0,0,0,0
2023-10-13 00:00:00,0.00689225,0.008332116666666665,0.001972452325489191,0.0013807166278424338,0.002958678488233787,0.005917356976467574,0.009712833294509098,0.006951400038824231,0.011290795154900453,0.005373438178432878,0.014249473643134239,0.0024147596901990913,0,1,0,0,0,0,0
2023-10-13 01:00:00,0.00667655,0.008123575833333332,0.0018645626211199605,0.0013051938347839723,0.002796843931679941,0.005593687863359882,0.009428769668117305,0.00681838199854936,0.010920419765013272,0.005326731901653391,0.013717263696693214,0.0025298879699734503,0,1,0,0,0,0,0
2023-10-13 02:00:00,0.00681854,0.007928074999999998,0.0017355091926253736,0.0012148564348377616,0.0026032637889380605,0.005206527577876121,0.00914293143483776,0.006713218565162236,0.010531338788938058,0.0053248112110619375,0.013134602577876119,0.002721547422123877,0,0,1,0,0,0,0
2023-10-13 03:00:00,0.00732766,0.00776595,0.001590427065722551,0.0011132989460057856,0.0023856405985838267,0.004771281197167653,0.008879248946005785,0.006652651053994214,0.010151590598583827,0.005380309401416173,0.012537231197167653,0.0029946688028323464,0,0,1,0,0,0,0
2023-10-13 04:00:00,0.00787084,0.007640145833333333,0.0014453544475376667,0.0010117481132763666,0.0021680316713065,0.004336063342613,0.0086518939466097,0.006628397720056967,0.009808177504639833,0.005472114162026833,0.011976209175946332,0.003304082490720333,0,0,0,0,1,0,0
2023-10-13 05:00:00,0.00827512,0.007551357499999999,0.001328810498369253,0.000930167348858477,0.0019932157475538795,0.003986431495107759,0.008481524848858476,0.006621190151141522,0.009544573247553877,0.005558141752446119,0.011537788995107757,0.0035649260048922398,0,0,0,0,1,0,0
2023-10-13 06:00:00,0.00851572,0.007484154999999999,0.0012299079114697629,0.0008609355380288339,0.0018448618672046442,0.0036897237344092884,0.008345090538028833,0.006623219461971166,0.009329016867204644,0.005639293132795355,0.011173878734409289,0.003794431265590711,0,0,0,0,0,1,0
2023-10-13 07:00:00,0.00890831,0.00745151125,0.0011780716134589461,0.0008246501294212622,0.0017671074201884192,0.0035342148403768384,0.008276161379421262,0.0066268611205787375,0.00921861867018842,0.005684403829811581,0.01098572609037684,0.003917296409623162,0,0,0,0,0,1,0
2023-10-13 08:00:00,0.00994334,0.007643855416666665,0.0011928902498553947,0.0008350231748987762,0.0017893353747830921,0.0035786707495661842,0.008478878591565441,0.0068088322417678895,0.009433190791449757,0.005854520041883573,0.01122252616623285,0.004065184667100481,0,0,0,0,0,0,1
2023-10-13 09:00:00,0.01004856,0.007824681666666666,0.0012155128275205065,0.0008508589792643545,0.0018232692412807599,0.0036465384825615198,0.008675540645931021,0.0069738226874023115,0.009647950907947426,0.006001412425385906,0.011471220149228186,0.0041781431841051465,0,0,0,0,0,0,1
2023-10-13 10:00:00,0.00999215,0.007988010416666665,0.0012330335430978273,0.000863123480168479,0.0018495503146467409,0.0036991006292934818,0.008851133896835143,0.007124886936498186,0.009837560731313406,0.006138460102019924,0.011687111045960147,0.004288909787373183,0,0,0,0,0,0,1
2023-10-13 11:00:00,0.00999861,0.008143247499999999,0.0012422133090901235,0.0008695493163630864,0.0018633199636351853,0.0037266399272703706,0.009012796816363085,0.007273698183636912,0.010006567463635185,0.006279927536364814,0.01186988742727037,0.004416607572729629,0,0,0,0,0,1,0
2023-10-13 12:00:00,0.00991265,0.0082942275,0.0012271762262282262,0.0008590233583597583,0.0018407643393423393,0.0036815286786846787,0.009153250858359758,0.007435204141640241,0.010134991839342338,0.00645346316065766,0.011975756178684679,0.004612698821315321,0,0,0,0,0,1,0
2023-10-13 13:00:00,0.0095566,0.008422321249999998,0.001189702306897685,0.0008327916148283794,0.0017845534603465273,0.0035691069206930546,0.009255112864828378,0.007589529635171619,0.010206874710346526,0.00663776778965347,0.011991428170693052,0.0048532143293069435,0,0,0,0,0,1,0
2023-10-13 14:00:00,0.00907067,0.008536503749999999,0.0011089529771888091,0.0007762670840321663,0.0016634294657832138,0.0033268589315664275,0.009312770834032164,0.007760236665967832,0.010199933215783212,0.006873074284216785,0.011863362681566427,0.005209644818433571,0,0,0,0,1,0,0
2023-10-13 15:00:00,0.00903697,0.0086493925,0.0010075885710005951,0.0007053119997004165,0.0015113828565008927,0.0030227657130017854,0.009354704499700417,0.007944080500299584,0.010160775356500893,0.007138009643499107,0.011672158213001785,0.005626626786998215,0,0,0,0,1,0,0
2023-10-13 16:00:00,0.00927739,0.008687503749999999,0.0010135546418029255,0.0007094882492620478,0.0015203319627043882,0.0030406639254087764,0.009396991999262047,0.00797801550073795,0.010207835712704387,0.007167171787295611,0.011728167675408775,0.005646839824591222,0,0,0,0,1,0,0
2023-10-13 17:00:00,0.00954874,0.008736716666666667,0.0010259464785713226,0.0007181625349999257,0.0015389197178569838,0.0030778394357139677,0.009454879201666593,0.00801855413166674,0.01027563638452365,0.007197796948809683,0.011814556102380634,0.005658877230952699,0,0,0,0,0,1,0
2023-10-13 18:00:00,0.0096124,0.008777199166666666,0.001041055384459664,0.0007287387691217647,0.001561583076689496,0.003123166153378992,0.00950593793578843,0.008048460397544902,0.010338782243356163,0.00721561608997717,0.011900365320045658,0.005654033013287674,0,0,0,0,0,1,0
2023-10-13 19:00:00,0.00944105,0.0088082675,0.001049599465631764,0.0007347196259422348,0.001574399198447646,0.003148798396895292,0.009542987125942235,0.008073547874057764,0.010382666698447646,0.0072338683015523535,0.011957065896895292,0.005659469103104707,0,0,0,0,1,0,0
2023-10-13 20:00:00,0.00858442,0.008791845,0.0010499025479290755,0.0007349317835503528,0.0015748538218936133,0.0031497076437872265,0.009526776783550352,0.008056913216449647,0.010366698821893613,0.007216991178106386,0.011941552643787226,0.005642137356212773,0,0,1,0,0,0,0
2023-10-13 21:00:00,0.00883819,0.008794579583333333,0.0010499356038327348,0.0007349549226829144,0.0015749034057491022,0.0031498068114982044,0.009529534506016247,0.00805962466065042,0.010369482989082435,0.0072196761775842316,0.011944386394831537,0.005644772771835129,0,0,0,0,1,0,0
2023-10-13 22:00:00,0.00861842,0.008792734166666665,0.001050216347044462,0.0007351514429311234,0.001575324520566693,0.003150649041133386,0.009527885609597789,0.008057582723735541,0.010368058687233358,0.007217409646099971,0.01194338320780005,0.005642085125533279,0,0,1,0,0,0,0
2023-10-13 23:00:00,0.00777594,0.008772545416666666,0.0010654399748052457,0.000745807982363672,0.0015981599622078685,0.003196319924415737,0.009518353399030339,0.008026737434302994,0.010370705378874535,0.007174385454458797,0.011968865341082404,0.005576225492250929,0,1,0,0,0,0,0
2023-10-14 00:00:00,0.00773732,0.008807756666666666,0.0010132847716887731,0.0007092993401821412,0.0015199271575331596,0.003039854315066319,0.009517056006848807,0.008098457326484525,0.010327683824199825,0.007287829509133507,0.011847610981732985,0.005767902351600347,0,1,0,0,0,0,0
2023-10-14 01:00:00,0.00737405,0.008836819166666666,0.0009579952008726672,0.0006705966406108671,0.001436992801309001,0.002873985602618002,0.009507415807277533,0.008166222526055799,0.010273811967975667,0.007399826365357665,0.011710804769284667,0.005962833564048664,1,0,0,0,0,0,0
2023-10-14 02:00:00,0.00711908,0.008849341666666665,0.0009320798167570898,0.0006524558717299629,0.0013981197251356349,0.0027962394502712698,0.009501797538396627,0.008196885794936703,0.0102474613918023,0.007451221941531029,0.011645581116937934,0.006053102216395395,1,0,0,0,0,0,0
2023-10-14 03:00:00,0.00684151,0.008829085416666667,0.0009710549928814299,0.0006797384950170008,0.001456582489322145,0.00291316497864429,0.009508823911683667,0.008149346921649666,0.010285667905988812,0.007372502927344522,0.011742250395310957,0.005915920438022377,1,0,0,0,0,0,0
2023-10-14 04:00:00,0.0067345,0.008781737916666666,0.0010447186081012445,0.0007313030256708711,0.0015670779121518667,0.0031341558243037334,0.009513040942337537,0.008050434890995795,0.010348815828818532,0.0072146600045147995,0.0119158937409704,0.005647582092362932,1,0,0,0,0,0,0
2023-10-14 05:00:00,0.00656421,0.00871045,0.0011352427714083576,0.0007946699399858502,0.0017028641571125364,0.003405728314225073,0.00950511993998585,0.007915780060014149,0.010413314157112536,0.007007585842887463,0.012116178314225073,0.0053047216857749265,1,0,0,0,0,0,0
2023-10-14 06:00:00,0.0070572,0.008649678333333332,0.00118410726873688,0.0008288750881158159,0.0017761609031053198,0.0035523218062106397,0.009478553421449149,0.007820803245217516,0.010425839236438653,0.006873517430228012,0.012202000139543971,0.005097356527122693,0,1,0,0,0,0,0
2023-10-14 07:00:00,0.00780296,0.008603622083333332,0.0011950561906054135,0.0008365393334237894,0.0017925842859081204,0.0035851685718162407,0.00944016141675712,0.007767082749909542,0.010396206369241452,0.006811037797425212,0.012188790655149571,0.005018453511517091,0,0,1,0,0,0,0
2023-10-14 08:00:00,0.01126302,0.00865860875,0.0012862593600262123,0.0009003815520183486,0.0019293890400393183,0.0038587780800786366,0.009558990302018348,0.007758227197981651,0.010587997790039317,0.006729219709960681,0.012517386830078636,0.004799830669921363,0,0,0,0,0,0,1
2023-10-14 09:00:00,0.01148144,0.008718312083333334,0.0013831834158798974,0.0009682283911159282,0.002074775123819846,0.004149550247639692,0.009686540474449262,0.007750083692217405,0.01079308720715318,0.006643536959513488,0.012867862330973026,0.004568761835693642,0,0,0,0,0,0,1
2023-10-14 10:00:00,0.01167471,0.008788418749999999,0.0014891372357095799,0.0010423960649967058,0.0022337058535643697,0.004467411707128739,0.009830814814996704,0.007746022685003293,0.011022124603564368,0.00655471289643563,0.013255830457128737,0.0043210070428712595,0,0,0,0,0,0,1
2023-10-14 11:00:00,0.01172733,0.00886044875,0.001588700590557463,0.001112090413390224,0.0023830508858361946,0.004766101771672389,0.009972539163390224,0.007748358336609775,0.011243499635836193,0.006477397864163805,0.013626550521672389,0.00409434697832761,0,0,0,0,0,0,1
2023-10-14 12:00:00,0.01150471,0.008926784583333331,0.0016659072406062386,0.0011661350684243669,0.002498860860909358,0.004997721721818716,0.010092919651757699,0.007760649514908964,0.01142564544424269,0.006427923722423973,0.013924506305152047,0.003929062861514615,0,0,0,0,0,0,1
2023-10-14 13:00:00,0.01126305,0.008997886666666665,0.0017291719050626778,0.0012104203335438744,0.002593757857594017,0.005187515715188034,0.01020830700021054,0.0077874663331227905,0.011591644524260682,0.006404128809072648,0.014185402381854699,0.0038103709514786307,0,0,0,0,0,1,0
2023-10-14 14:00:00,0.01095274,0.009076306249999999,0.0017746938373183901,0.001242285686122873,0.0026620407559775853,0.005324081511955171,0.010318591936122872,0.007834020563877126,0.011738347005977584,0.006414265494022414,0.01440038776195517,0.0037522247380448286,0,0,0,0,0,1,0
2023-10-14 15:00:00,0.01067077,0.00914438125,0.00180420915286479,0.0012629464070053528,0.0027063137292971853,0.0054126274585943705,0.010407327657005352,0.007881434842994648,0.011850694979297185,0.006438067520702815,0.01455700870859437,0.0037317537914056294,0,0,0,0,0,1,0
2023-10-14 16:00:00,0.00558949,0.00899071875,0.001944018628975257,0.0013608130402826797,0.0029160279434628854,0.005832055886925771,0.01035153179028268,0.00762990570971732,0.011906746693462885,0.006074690806537114,0.01482277463692577,0.003158662863074229,1,0,0,0,0,0,0
2023-10-14 17:00:00,0.00519016,0.00880911125,0.0020878853683849357,0.0014615197578694548,0.0031318280525774035,0.006263656105154807,0.010270631007869454,0.007347591492130545,0.011940939302577403,0.005677283197422596,0.015072767355154806,0.0025454551448451926,1,0,0,0,0,0,0
2023-10-14 18:00:00,0.00600339,0.008658735833333332,0.0021563575840753842,0.001509450308852769,0.003234536376113076,0.006469072752226152,0.0101681861421861,0.007149285524480563,0.011893272209446408,0.005424199457220256,0.015127808585559484,0.0021896630811071797,0,1,0,0,0,0,0
2023-10-14 19:00:00,0.00612127,0.008520411666666667,0.0022098072540100706,0.0015468650778070493,0.0033147108810151057,0.006629421762030211,0.010067276744473715,0.006973546588859617,0.011835122547681771,0.005205700785651561,0.015149833428696878,0.0018909899046364552,0,1,0,0,0,0,0
2023-10-14 20:00:00,0.00483395,0.008364142083333333,0.002334193133714145,0.0016339351935999013,0.0035012897005712172,0.0070025794011424345,0.009998077276933234,0.006730206889733432,0.01186543178390455,0.004862852382762116,0.015366721484475768,0.0013615626821908986,1,0,0,0,0,0,0
2023-10-14 21:00:00,0.00465122,0.008189685,0.002450777577240445,0.0017155443040683114,0.0036761663658606675,0.007352332731721335,0.009905229304068312,0.006474140695931689,0.011865851365860668,0.004513518634139332,0.015542017731721335,0.0008373522682786653,0,1,0,0,0,0,0
2023-10-14 22:00:00,0.00465431,0.008024513749999998,0.002552112957054174,0.0017864790699379214,0.0038281694355812605,0.007656338871162521,0.00981099281993792,0.006238034680062077,0.011852683185581258,0.004196344314418738,0.01568085262116252,0.0003681748788374774,0,1,0,0,0,0,0
2023-10-14 23:00:00,0.00476912,0.007899229583333334,0.0026372296495960944,0.001846060754717266,0.003955844474394142,0.007911688948788284,0.0097452903380506,0.0060531688286160675,0.011855074057727476,0.003943385108939192,0.015810918532121618,-1.245936545495041e-05,0,1,0,0,0,0,0
2023-10-15 00:00:00,0.00298232,0.0077011045833333324,0.00282205788258206,0.001975440517807442,0.00423308682387309,0.00846617364774618,0.009676545101140775,0.00572566406552589,0.011934191407206422,0.0034680177594602424,0.016167278231079513,-0.0007650690644128476,1,0,0,0,0,0,0
2023-10-15 01:00:00,0.0039656,0.007559085833333333,0.0029231847724103424,0.0020462293406872394,0.004384777158615513,0.008769554317231027,0.009605315174020572,0.005512856492646094,0.011943862991948846,0.0031743086747178196,0.016328640150564358,-0.0012104684838976938,0,1,0,0,0,0,0
2023-10-15 02:00:00,0.00393472,0.007426404166666667,0.003014855453182151,0.0021103988172275056,0.004522283179773226,0.009044566359546452,0.009536802983894171,0.005316005349439161,0.011948687346439894,0.0029041209868934407,0.01647097052621312,-0.0016181621928797853,0,1,0,0,0,0,0
2023-10-15 03:00:00,0.00365728,0.007293727916666666,0.00311026947234901,0.0021771886306443068,0.004665404208523515,0.00933080841704703,0.009470916547310974,0.005116539286022359,0.011959132125190182,0.002628323708143151,0.016624536333713698,-0.002037080500380364,0,1,0,0,0,0,0
2023-10-15 04:00:00,0.00301152,0.007138603749999999,0.0032299138297374286,0.0022609396808162,0.004844870744606143,0.009689741489212285,0.009399543430816198,0.0048776640691838,0.011983474494606142,0.0022937330053938564,0.016828345239212283,-0.002551137739212286,0,1,0,0,0,0,0
2023-10-15 05:00:00,0.00339538,0.007006569166666666,0.0033179832645422124,0.0023225882851795484,0.004976974896813318,0.009953949793626637,0.009329157451846214,0.0046839808814871185,0.011983544063479984,0.002029594269853348,0.016960518960293304,-0.0029473806269599704,0,1,0,0,0,0,0
2023-10-15 06:00:00,0.00359149,0.006862164583333333,0.003390312513053238,0.0023732187591372664,0.0050854687695798565,0.010170937539159713,0.009235383342470599,0.004488945824196067,0.01194763335291319,0.001776695813753476,0.017033102122493045,-0.0033087729558263805,0,1,0,0,0,0,0
2023-10-15 07:00:00,0.00387905,0.006698668333333332,0.003437259825998542,0.0024060818781989793,0.005155889738997813,0.010311779477995626,0.00910475021153231,0.004292586455134353,0.011854558072331146,0.001542778594335519,0.017010447811328957,-0.003613111144662294,0,1,0,0,0,0,0
2023-10-15 08:00:00,0.00589908,0.006475170833333332,0.003299186828324662,0.002309430779827263,0.004948780242486993,0.009897560484973986,0.008784601613160595,0.004165740053506069,0.011423951075820324,0.0015263905908463387,0.01637273131830732,-0.0034223896516406543,0,0,1,0,0,0,0
2023-10-15 09:00:00,0.00613925,0.006252579583333333,0.003122203533708237,0.002185542473595766,0.004683305300562355,0.00936661060112471,0.0084381220569291,0.004067037109737567,0.01093588488389569,0.0015692742827709784,0.015619190184458044,-0.0031140310177913766,0,0,1,0,0,0,0
2023-10-15 10:00:00,0.00609168,0.006019953333333332,0.0029007884529655683,0.0020305519170758977,0.004351182679448352,0.008702365358896704,0.00805050525040923,0.003989401416257435,0.010371136012781685,0.00166877065388498,0.014722318692230035,-0.002682412025563372,0,0,0,0,1,0,0
2023-10-15 11:00:00,0.00599384,0.005781057916666665,0.0026341570958748972,0.001843909967112428,0.003951235643812346,0.007902471287624693,0.007624967883779093,0.0039371479495542375,0.009732293560479012,0.001829822272854319,0.013683529204291358,-0.0021214133709580273,0,0,0,0,1,0,0
2023-10-15 12:00:00,0.00729569,0.005605682083333333,0.0023626420336325224,0.0016538494235427655,0.003543963050448784,0.007087926100897568,0.007259531506876099,0.003951832659790567,0.009149645133782117,0.0020617190328845493,0.0126936081842309,-0.0014822440175642345,0,0,0,0,0,1,0
2023-10-15 13:00:00,0.0072417,0.005438125833333332,0.002068235125311832,0.0014477645877182823,0.003102352687967748,0.006204705375935496,0.006885890421051614,0.00399036124561505,0.00854047852130108,0.0023357731453655843,0.011642831209268827,-0.0007665795426021636,0,0,0,0,0,1,0
2023-10-15 14:00:00,0.00721923,0.005282562916666666,0.001751586699470273,0.001226110689629191,0.0026273800492054096,0.005254760098410819,0.006508673606295858,0.004056452227037475,0.007909942965872076,0.0026551828674612568,0.010537323015077486,2.7802818255847142e-05,0,0,0,0,0,1,0
2023-10-15 15:00:00,0.00703824,0.005131207499999999,0.0013841511379033675,0.0009689057965323572,0.002076226706855051,0.004152453413710102,0.006100113296532357,0.004162301703467642,0.007207434206855051,0.0030549807931449483,0.009283660913710102,0.0009787540862898972,0,0,0,0,0,1,0
2023-10-15 16:00:00,0.00447207,0.005084648333333333,0.0013868563735382566,0.0009707994614767796,0.002080284560307385,0.00416056912061477,0.006055447794810112,0.004113848871856554,0.007164932893640718,0.003004363773025948,0.009245217453948103,0.0009240792127185628,0,0,1,0,0,0,0
2023-10-15 17:00:00,0.00515853,0.005083330416666666,0.0013867667733147777,0.0009707367413203443,0.0020801501599721664,0.004160300319944333,0.00605406715798701,0.004112593675346322,0.007163480576638832,0.0030031802566944997,0.009243630736610999,0.0009230300967223333,0,0,0,0,1,0,0
2023-10-15 18:00:00,0.00499847,0.005041458749999999,0.0013728805309224201,0.000961016371645694,0.00205932079638363,0.00411864159276726,0.006002475121645693,0.0040804423783543054,0.007100779546383629,0.002982137953616369,0.00916010034276726,0.0009228171572327392,0,0,1,0,0,0,0
2023-10-15 19:00:00,0.00539229,0.005011084583333333,0.001355910891817065,0.0009491376242719454,0.0020338663377255975,0.004067732675451195,0.005960222207605278,0.004061946959061388,0.00704495092105893,0.0029772182456077353,0.009078817258784528,0.0009433519078821378,0,0,0,0,1,0,0
2023-10-15 20:00:00,0.00660381,0.005084828749999999,0.0013934669106081187,0.0009754268374256831,0.002090200365912178,0.004180400731824356,0.006060255587425682,0.004109401912574316,0.007175029115912177,0.002994628384087821,0.009265229481824355,0.0009044280181756429,0,0,0,0,0,1,0
2023-10-15 21:00:00,0.00678117,0.005173576666666666,0.0014319457600752861,0.0010023620320527003,0.002147918640112929,0.004295837280225858,0.006175938698719367,0.004171214634613966,0.0073214953067795956,0.003025658026553737,0.009469413946892526,0.000877739386440808,0,0,0,0,0,1,0
2023-10-15 22:00:00,0.00658608,0.005254067083333334,0.0014555862108906778,0.0010189103476234743,0.0021833793163360165,0.004366758632672033,0.0062729774309568075,0.00423515673570986,0.00743744639966935,0.003070687766997317,0.009620825716005366,0.0008873084506613007,0,0,0,0,0,1,0
2023-10-15 23:00:00,0.00583946,0.005298664583333332,0.0014564787003294411,0.0010195350902306088,0.002184718050494162,0.004369436100988324,0.006318199673563941,0.004279129493102723,0.007483382633827494,0.00311394653283917,0.009668100684321656,0.0009292284823450084,0,0,0,0,1,0,0
2023-10-16 00:00:00,0.00458241,0.005365334999999999,0.0013804769880797943,0.0009663338916558559,0.0020707154821196913,0.0041414309642393825,0.0063316688916558546,0.004399001108344143,0.00743605048211969,0.0032946195178803076,0.009506765964239381,0.0012239040357606163,0,0,1,0,0,0,0
2023-10-16 01:00:00,0.0051881,0.0054162724999999995,0.001348773476927652,0.0009441414338493564,0.002023160215391478,0.004046320430782956,0.006360413933849356,0.004472131066150643,0.007439432715391478,0.0033931122846085214,0.009462592930782956,0.0013699520692170434,0,0,1,0,0,0,0
2023-10-16 02:00:00,0.00482913,0.005453539583333333,0.0013180646875084702,0.0009226452812559291,0.0019770970312627052,0.0039541940625254105,0.006376184864589262,0.0045308943020774045,0.007430636614596038,0.003476442552070628,0.009407733645858743,0.0014993455208079228,0,0,1,0,0,0,0
2023-10-16 03:00:00,0.00436869,0.005483181666666666,0.0012834572268705547,0.0008984200588093882,0.0019251858403058321,0.0038503716806116643,0.006381601725476054,0.004584761607857277,0.007408367506972498,0.0035579958263608335,0.009333553347278329,0.0016328099860550014,0,1,0,0,0,0,0
2023-10-16 04:00:00,0.00184343,0.005434511249999999,0.0013982732487401416,0.000978791274118099,0.0020974098731102123,0.004194819746220425,0.006413302524118099,0.0044557199758819,0.007531921123110212,0.003337101376889787,0.009629330996220424,0.0012396915037795747,1,0,0,0,0,0,0
2023-10-16 05:00:00,0.00233906,0.005390497916666666,0.0014795142537098857,0.0010356599775969198,0.0022192713805648284,0.004438542761129657,0.006426157894263586,0.004354837939069747,0.007609769297231495,0.003171226536101838,0.009829040677796323,0.0009519551555370095,1,0,0,0,0,0,0
2023-10-16 06:00:00,0.00329005,0.0053779379166666655,0.001496631023904466,0.0010476417167331262,0.002244946535856699,0.004489893071713398,0.006425579633399792,0.004330296199933539,0.007622884452523364,0.0031329913808099664,0.009867830988380063,0.0008880448449532672,0,1,0,0,0,0,0
2023-10-16 07:00:00,0.00352435,0.005363158749999999,0.001513729668402911,0.0010596107678820376,0.0022705945026043665,0.004541189005208733,0.006422769517882037,0.004303547982117962,0.007633753252604366,0.003092564247395633,0.009904347755208733,0.0008219697447912665,0,1,0,0,0,0,0
2023-10-16 08:00:00,0.00208641,0.005204297499999999,0.0016490559614184158,0.001154339172992891,0.002473583942127624,0.004947167884255248,0.00635863667299289,0.004049958327007108,0.007677881442127623,0.002730713557872375,0.010151465384255248,0.00025712961574475123,1,0,0,0,0,0,0
2023-10-16 09:00:00,0.00342585,0.005091239166666667,0.0016749800105334775,0.0011724860073734343,0.0025124700158002163,0.005024940031600433,0.006263725174040101,0.003918753159293232,0.007603709182466883,0.0025787691508664503,0.0101161791982671,6.629913506623394e-05,0,1,0,0,0,0,0
2023-10-16 10:00:00,0.0041631,0.0050108816666666655,0.0016711545007691792,0.0011698081505384253,0.002506731751153769,0.005013463502307538,0.0061806898172050906,0.0038410735161282404,0.007517613417820434,0.0025041499155128966,0.010024345168974203,-2.581835640872235e-06,0,0,1,0,0,0,0
2023-10-16 11:00:00,0.00413729,0.004933525416666666,0.0016666388849392768,0.0011666472194574937,0.002499958327408915,0.00499991665481783,0.0061001726361241595,0.003766878197209172,0.007433483744075581,0.0024335670892577507,0.009933442071484496,-6.639123815116443e-05,0,0,1,0,0,0,0
2023-10-16 12:00:00,0.0047161,0.0048260425,0.0015890515274741455,0.0011123360692319017,0.0023835772912112183,0.004767154582422437,0.005938378569231901,0.003713706430768098,0.0072096197912112185,0.0024424652087887814,0.009593197082422436,5.8887917577563065e-05,0,0,1,0,0,0,0
2023-10-16 13:00:00,0.00549109,0.004753100416666666,0.001511638087720793,0.0010581466614045549,0.002267457131581189,0.004534914263162378,0.005811247078071221,0.0036949537552621115,0.007020557548247855,0.002485643285085477,0.009288014679829044,0.00021818615350428783,0,0,0,0,1,0,0
2023-10-16 14:00:00,0.00703382,0.004745374999999999,0.0014989068134769047,0.0010492347694338333,0.002248360220215357,0.004496720440430714,0.005794609769433832,0.0036961402305661657,0.0069937352202153556,0.002497014779784642,0.009242095440430712,0.00024865455956928507,0,0,0,0,0,0,1
2023-10-16 15:00:00,0.00745315,0.004762662916666666,0.0015286003861035755,0.0010700202702725028,0.002292900579155363,0.004585801158310726,0.005832683186939169,0.0036926426463941633,0.007055563495822029,0.002469762337511303,0.009348464074977393,0.00017686175835594006,0,0,0,0,0,0,1
2023-10-16 16:00:00,0.00959954,0.004976307499999999,0.0018172808128517738,0.0012720965689962415,0.0027259212192776608,0.0054518424385553215,0.00624840406899624,0.0037042109310037575,0.00770222871927766,0.0022503862807223382,0.010428149938555321,-0.00047553493855532255,0,0,0,0,0,0,1
2023-10-16 17:00:00,0.00936365,0.005151520833333333,0.0020263105881722318,0.001418417411720562,0.003039465882258348,0.006078931764516696,0.006569938245053895,0.0037331034216127705,0.00819098671559168,0.0021120549510749848,0.011230452597850028,-0.0009274109311833631,0,0,0,0,0,0,1
2023-10-16 18:00:00,0.00902444,0.005319269583333332,0.002174328708729349,0.0015220300961105444,0.003261493063094024,0.006522986126188048,0.0068412996794438765,0.0037972394872227873,0.008580762646427355,0.002057776520239308,0.011842255709521379,-0.0012037165428547157,0,0,0,0,0,0,1
2023-10-16 19:00:00,0.00882721,0.0054623912499999995,0.0022893508210585453,0.0016025455747409815,0.003434026231587818,0.006868052463175636,0.007064936824740981,0.0038598456752590177,0.008896417481587818,0.0020283650184121814,0.012330443713175637,-0.0014056612131756368,0,0,0,0,0,1,0
2023-10-16 20:00:00,0.01079175,0.005636888749999999,0.0025273664592638427,0.0017691565214846899,0.003791049688895764,0.007582099377791528,0.007406045271484689,0.0038677322285153096,0.009427938438895764,0.0018458390611042351,0.013218988127791528,-0.001945210627791529,0,0,0,0,0,0,1
2023-10-16 21:00:00,0.01031899,0.005784297916666666,0.0026946448784709665,0.0018862514149296764,0.00404196731770645,0.0080839346354129,0.007670549331596343,0.0038980465017369897,0.009826265234373115,0.001742330598960216,0.013868232552079567,-0.0022996367187462343,0,0,0,0,0,0,1
2023-10-16 22:00:00,0.00952224,0.005906637916666666,0.0027973255875179846,0.0019581279112625893,0.0041959883812769765,0.008391976762553953,0.007864765827929256,0.003948510005404077,0.010102626297943642,0.00171064953538969,0.014298614679220618,-0.0024853388458872866,0,0,0,0,0,1,0
2023-10-16 23:00:00,0.00931151,0.006051306666666666,0.0028821945449027317,0.002017536181431912,0.0043232918173540975,0.008646583634708195,0.008068842848098577,0.004033770485234754,0.010374598484020763,0.0017280148493125681,0.01469789030137486,-0.0025952769680415294,0,0,0,0,0,1,0
2023-10-17 00:00:00,0.00345678,0.006004405416666666,0.002916095974370417,0.0020412671820592915,0.0043741439615556255,0.008748287923111251,0.008045672598725958,0.003963138234607375,0.010378549378222291,0.001630261455111041,0.014752693339777918,-0.0027438825064445846,0,1,0,0,0,0,0
2023-10-17 01:00:00,0.00338368,0.005929221249999999,0.0029609732917482735,0.0020726813042237914,0.00444145993762241,0.00888291987524482,0.00800190255422379,0.0038565399457762078,0.01037068118762241,0.0014877613123775888,0.014812141125244819,-0.0029536986252448215,0,1,0,0,0,0,0
2023-10-17 02:00:00,0.00346672,0.005872454166666666,0.0029958356372035535,0.0020970849460424873,0.004493753455805331,0.008987506911610661,0.007969539112709152,0.0037753692206241784,0.010366207622471996,0.0013787007108613351,0.014859961078277327,-0.0031150527449439955,0,1,0,0,0,0,0
2023-10-17 03:00:00,0.0035534,0.005838483749999999,0.0030181676460782577,0.00211271735225478,0.004527251469117387,0.009054502938234774,0.007951201102254779,0.003725766397745219,0.010365735219117385,0.0013112322808826122,0.014892986688234772,-0.0032160191882347746,0,1,0,0,0,0,0
2023-10-17 04:00:00,0.00228393,0.005856837916666666,0.0029940596222898306,0.0020958417356028813,0.004491089433434746,0.008982178866869492,0.007952679652269548,0.003760996181063785,0.010347927350101413,0.0013657484832319206,0.014839016783536158,-0.003125340950202825,0,1,0,0,0,0,0
2023-10-17 05:00:00,0.00233651,0.005856731666666666,0.0029941899274728927,0.002095932949231025,0.004491284891209339,0.008982569782418678,0.00795266461589769,0.003760798717435641,0.010348016557876004,0.001365446775457327,0.014839301449085344,-0.003125838115752012,0,1,0,0,0,0,0
2023-10-17 06:00:00,0.0023791,0.005818775416666666,0.003033655259612429,0.0021235586817287,0.0045504828894186436,0.009100965778837287,0.007942334098395365,0.0036952167349379654,0.010369258306085309,0.001268292527248022,0.014919741195503954,-0.0032821903621706216,0,1,0,0,0,0,0
2023-10-17 07:00:00,0.00211461,0.0057600362499999995,0.0030930786961591485,0.002165155087311404,0.004639618044238723,0.009279236088477446,0.007925191337311403,0.0035948811626885955,0.010399654294238721,0.0011204182057612767,0.015039272338477445,-0.003519199838477446,0,1,0,0,0,0,0
2023-10-17 08:00:00,0.00444775,0.005858425416666666,0.003007514928055802,0.0021052604496390615,0.004511272392083703,0.009022544784167407,0.007963685866305727,0.0037531649670276045,0.01036969780875037,0.0013471530245829626,0.014880970200834072,-0.0031641193675007407,0,0,1,0,0,0,0
2023-10-17 09:00:00,0.00441867,0.005899792916666666,0.0029792963934291987,0.002085507475400439,0.004468944590143798,0.008937889180287597,0.007985300392067105,0.0038142854412662273,0.010368737506810465,0.001430848326522868,0.014837682096954262,-0.0030380962636209303,0,0,1,0,0,0,0
2023-10-17 10:00:00,0.00438734,0.00590913625,0.0029739600110390944,0.002081772007727366,0.004460940016558642,0.008921880033117283,0.007990908257727365,0.0038273642422726336,0.010370076266558642,0.001448196233441358,0.014831016283117282,-0.0030127437831172837,0,0,1,0,0,0,0
2023-10-17 11:00:00,0.00448238,0.005923514999999998,0.0029658440377023066,0.0020760908263916145,0.00444876605655346,0.00889753211310692,0.007999605826391613,0.0038474241736083836,0.010372281056553457,0.0014747489434465385,0.014821047113106917,-0.002974017113106921,0,0,1,0,0,0,0
2023-10-17 12:00:00,0.00338419,0.005868018749999999,0.0030016641337364267,0.0021011648936154984,0.0045024962006046405,0.009004992401209281,0.007969183643615497,0.0037668538563845003,0.01037051495060464,0.0013655225493953583,0.01487301115120928,-0.003136973651209282,0,1,0,0,0,0,0
2023-10-17 13:00:00,0.00321028,0.005772984999999999,0.0030498357775019394,0.0021348850442513573,0.00457475366625291,0.00914950733250582,0.007907870044251357,0.0036380999557486414,0.01034773866625291,0.0011982313337470891,0.014922492332505817,-0.0033765223325058205,0,1,0,0,0,0,0
2023-10-17 14:00:00,0.00296991,0.0056036554166666655,0.003089349478275645,0.0021625446347929515,0.004634024217413468,0.009268048434826936,0.007766200051459617,0.003441110781873714,0.010237679634080133,0.0009696311992531976,0.014871703851493601,-0.0036643930181602703,0,1,0,0,0,0,0
2023-10-17 15:00:00,0.00266187,0.00540401875,0.003119300371884369,0.002183510260319058,0.0046789505578265535,0.009357901115653107,0.007587529010319057,0.0032205084896809416,0.010082969307826553,0.0007250681921734461,0.014761919865653107,-0.003953882365653107,0,1,0,0,0,0,0
2023-10-17 16:00:00,0.00012453,0.005009226666666666,0.003164481856038616,0.002215137299227031,0.004746722784057925,0.00949344556811585,0.007224363965893697,0.0027940893674396347,0.00975594945072459,0.00026250388260874117,0.014502672234782514,-0.004484218901449183,1,0,0,0,0,0,0
2023-10-17 17:00:00,-0.00046727,0.004599604999999999,0.003212237469796678,0.002248566228857674,0.004818356204695017,0.009636712409390034,0.0068481712288576725,0.0023510387711423246,0.009417961204695017,-0.00021875120469501842,0.014236317409390034,-0.005037107409390036,1,0,0,0,0,0,0
2023-10-17 18:00:00,-0.00039485,0.0042071345833333326,0.003223510260793951,0.0022564571825557656,0.004835265391190926,0.009670530782381852,0.006463591765889098,0.001950677400777567,0.00904239997452426,-0.0006281308078575935,0.013877665365715185,-0.0054633961990485196,0,1,0,0,0,0,0
2023-10-17 19:00:00,-0.00056856,0.003815644166666666,0.003208529605114398,0.0022459707235800786,0.0048127944076715974,0.009625588815343195,0.006061614890246744,0.0015696734430865875,0.008628438574338263,-0.0009971502410049313,0.013441232982009861,-0.005809944648676528,0,1,0,0,0,0,0
2023-10-17 20:00:00,-0.00110915,0.0033197733333333325,0.0029961095571507325,0.0020972766900055127,0.004494164335726099,0.008988328671452198,0.005417050023338845,0.0012224966433278198,0.007813937669059431,-0.0011743910023927664,0.012308102004785531,-0.005668555338118865,0,1,0,0,0,0,0
2023-10-17 21:00:00,-0.00103915,0.002846517499999999,0.0027274716726099764,0.0019092301708269832,0.004091207508914964,0.008182415017829929,0.004755747670826982,0.0009372873291730159,0.006937725008914963,-0.0012446900089149652,0.011028932517829928,-0.005335897517829929,0,1,0,0,0,0,0
2023-10-17 22:00:00,-0.00096201,0.0024096737499999994,0.0024357747754790503,0.0017050423428353351,0.003653662163218575,0.00730732432643715,0.004114716092835334,0.0007046314071646642,0.006063335913218575,-0.0012439884132185758,0.00971699807643715,-0.004897650576437151,0,1,0,0,0,0,0
2023-10-17 23:00:00,-0.00073746,0.001990966666666666,0.0020272116608046307,0.0014190481625632415,0.003040817491206946,0.006081634982413892,0.0034100148292299077,0.0005719185041034246,0.005031784157873613,-0.00104985082454028,0.008072601649080559,-0.004090668315747226,0,1,0,0,0,0,0
2023-10-18 00:00:00,-0.00032289,0.001833480416666666,0.002055010648425972,0.0014385074538981804,0.003082515972638958,0.006165031945277916,0.0032719878705648464,0.00039497296276848554,0.004915996389305624,-0.0012490355559722922,0.007998512361944583,-0.004331551528611251,0,1,0,0,0,0,0
2023-10-18 01:00:00,-0.00019439,0.001684394166666666,0.002067410481090262,0.0014471873367631833,0.0031011157216353927,0.006202231443270785,0.0031315815034298495,0.00023720682990348275,0.004785509888302059,-0.0014167215549687267,0.00788662560993745,-0.004517837276604119,0,1,0,0,0,0,0
2023-10-18 02:00:00,-0.00016558,0.0015330483333333327,0.002064211248554479,0.0014449478739881351,0.0030963168728317184,0.006192633745663437,0.002977996207321468,8.810045934519754e-05,0.004629365206165051,-0.0015632685394983857,0.007725682078996769,-0.004659585412330104,0,1,0,0,0,0,0
2023-10-18 03:00:00,-0.0003496,0.001370423333333333,0.002051829346282861,0.0014362805423980027,0.0030777440194242915,0.006155488038848583,0.0028067038757313353,-6.585720906466977e-05,0.004448167352757625,-0.0017073206860909586,0.007525911372181916,-0.00478506470551525,0,1,0,0,0,0,0
2023-10-18 04:00:00,0.00045651,0.0012942808333333328,0.002050362461568409,0.001435253723097886,0.0030755436923526136,0.006151087384705227,0.002729534556431219,-0.00014097288976455333,0.004369824525685947,-0.0017812628590192809,0.00744536821803856,-0.004856806551371894,0,0,1,0,0,0,0
2023-10-18 05:00:00,0.00077568,0.0012292462499999995,0.0020405975297892232,0.0014284182708524562,0.003060896294683835,0.00612179258936767,0.0026576645208524555,-0.00019917202085245676,0.004290142544683835,-0.0018316500446838356,0.00735103883936767,-0.0048925463393676705,0,0,1,0,0,0,0
2023-10-18 06:00:00,0.00099746,0.0011716779166666658,0.0020261862109650914,0.0014183303476755639,0.003039279316447637,0.006078558632895274,0.00259000826434223,-0.00024665243100889804,0.004210957233114303,-0.0018676013997809711,0.0072502365495619395,-0.004906880716228608,0,0,1,0,0,0,0
2023-10-18 07:00:00,0.00099818,0.0011251599999999994,0.00201638882476032,0.001411472177332224,0.00302458323714048,0.00604916647428096,0.002536632177332223,-0.0002863121773322246,0.004149743237140479,-0.0018994232371404806,0.007174326474280959,-0.004924006474280961,0,0,1,0,0,0,0
2023-10-18 08:00:00,0.00075589,0.0009713324999999993,0.0018886709838548579,0.0013220696886984005,0.0028330064757822867,0.0056660129515645734,0.0022934021886983997,-0.00035073718869840125,0.003804338975782286,-0.0018616739757822873,0.006637345451564572,-0.0046946804515645745,0,0,1,0,0,0,0
2023-10-18 09:00:00,0.00071007,0.0008168074999999993,0.0017402379497577427,0.0012181665648304198,0.002610356924636614,0.005220713849273228,0.002034974064830419,-0.00040135906483042044,0.0034271644246366135,-0.0017935494246366147,0.006037521349273227,-0.004403906349273229,0,0,1,0,0,0,0
2023-10-18 10:00:00,0.00056178,0.000657409166666666,0.0015653919582092927,0.0010957743707465048,0.002348087937313939,0.004696175874627878,0.0017531835374131708,-0.00043836520407983877,0.003005497103980605,-0.0016906787706472731,0.005353585041294544,-0.004038766707961212,0,0,1,0,0,0,0
2023-10-18 11:00:00,0.00049562,0.0004912941666666659,0.001336671870017435,0.0009356703090122045,0.0020050078050261526,0.004010015610052305,0.0014269644756788704,-0.0004443761423455386,0.0024963019716928185,-0.0015137136383594867,0.004501309776718971,-0.0035187214433856392,0,0,0,0,1,0,0
2023-10-18 12:00:00,0.00073755,0.0003810174999999993,0.0011886024278094291,0.0008320216994666004,0.0017829036417141438,0.0035658072834282876,0.0012130391994665997,-0.0004510041994666011,0.002163921141714143,-0.0014018861417141445,0.003946824783428287,-0.0031847897834282883,0,0,0,0,1,0,0
2023-10-18 13:00:00,0.00079765,0.0002804912499999993,0.0010304107564606483,0.0007212875295224538,0.0015456161346909724,0.003091232269381945,0.0010017787795224531,-0.0004407962795224545,0.0018261073846909718,-0.001265124884690973,0.0033717235193819442,-0.0028107410193819455,0,0,0,0,1,0,0
2023-10-18 14:00:00,0.00116701,0.00020537041666666595,0.0008806537209348975,0.0006164576046544282,0.0013209805814023462,0.0026419611628046924,0.0008218280213210942,-0.00041108718798776227,0.001526350998069012,-0.0011156101647356803,0.0028473315794713583,-0.0024365907461380266,0,0,0,0,0,1,0
2023-10-18 15:00:00,0.00154918,0.0001590083333333326,0.0007677612802494598,0.0005374328961746218,0.0011516419203741897,0.0023032838407483795,0.0006964412295079544,-0.00037842456284128924,0.0013106502537075224,-0.000992633587040857,0.002462292174081712,-0.002144275507415047,0,0,0,0,0,0,1
2023-10-18 16:00:00,-0.00058282,0.00012953541666666594,0.0007825763658366214,0.000547803456085635,0.001173864548754932,0.002347729097509864,0.000677338872752301,-0.000418268039418969,0.001303399965421598,-0.0010443291320882662,0.00247726451417653,-0.002218193680843198,0,1,0,0,0,0,0
2023-10-18 17:00:00,-0.0006687,0.00012114249999999926,0.0007902972792968869,0.0005532080955078207,0.0011854459189453302,0.0023708918378906605,0.00067435059550782,-0.00043206559550782147,0.0013065884189453294,-0.001064303418945331,0.0024920343378906596,-0.0022497493378906613,0,1,0,0,0,0,0
2023-10-18 18:00:00,-0.0008614,0.00010170291666666592,0.0008090568080479053,0.0005663397656335337,0.001213585212071858,0.002427170424143716,0.0006680426823001996,-0.00046463684896686777,0.001315288128738524,-0.001111882295405192,0.0025288733408103817,-0.0023254675074770503,0,1,0,0,0,0,0
2023-10-18 19:00:00,-0.00101203,8.322499999999927e-05,0.0008298279381482988,0.0005808795567038091,0.0012447419072224484,0.0024894838144448967,0.0006641045567038084,-0.0004976545567038098,0.0013279669072224476,-0.001161516907222449,0.002572708814444896,-0.0024062588144448975,0,1,0,0,0,0,0
2023-10-18 20:00:00,-0.00174295,5.681666666666594e-05,0.0008781044492630234,0.0006146731144841163,0.0013171566738945351,0.0026343133477890702,0.0006714897811507822,-0.0005578564478174505,0.001373973340561201,-0.0012603400072278691,0.002691130014455736,-0.0025774966811224044,1,0,0,0,0,0,0
2023-10-18 21:00:00,-0.00267845,-1.1487500000000733e-05,0.0010194440200566644,0.000713610814039665,0.0015291660300849968,0.0030583320601699935,0.0007021233140396643,-0.0007250983140396658,0.001517678530084996,-0.0015406535300849975,0.003046844560169993,-0.0030698195601699943,1,0,0,0,0,0,0
2023-10-18 22:00:00,-0.00315832,-0.00010300041666666739,0.0011923887525671678,0.0008346721267970174,0.0017885831288507517,0.0035771662577015035,0.00073167171013035,-0.0009376725434636848,0.0016855827121840844,-0.001891583545517419,0.003474165841034836,-0.003680166674368171,1,0,0,0,0,0,0
2023-10-18 23:00:00,-0.00361861,-0.00022304833333333405,0.0013880278045260066,0.0009716194631682046,0.00208204170678901,0.00416408341357802,0.0007485711298348706,-0.0011946677965015387,0.0018589933734556759,-0.002305090040122344,0.003941035080244686,-0.004387131746911354,1,0,0,0,0,0,0
2023-10-19 00:00:00,-0.00548432,-0.0004381079166666674,0.0017554051122674814,0.001228783578587237,0.002633107668401222,0.005266215336802444,0.0007906756619205696,-0.0016668914952539043,0.0021949997517345544,-0.0030712155850678895,0.004828107420135777,-0.005704323253469111,1,0,0,0,0,0,0
2023-10-19 01:00:00,-0.00600287,-0.0006801279166666675,0.00208904694079695,0.001462332858557865,0.0031335704111954254,0.006267140822390851,0.0007822049418911975,-0.0021424607752245327,0.002453442494528758,-0.003813698327862093,0.005587012905724184,-0.006947268739057518,1,0,0,0,0,0,0
2023-10-19 02:00:00,-0.00624552,-0.0009334587500000007,0.002373250266173124,0.0016612751863211866,0.0035598753992596857,0.0071197507985193715,0.0007278164363211859,-0.0025947339363211874,0.002626416649259685,-0.004493334149259686,0.006186292048519371,-0.008053209548519373,1,0,0,0,0,0,0
2023-10-19 03:00:00,-0.00598587,-0.0011683033333333341,0.002582597343718309,0.0018078181406028162,0.0038738960155774633,0.007747792031154927,0.000639514807269482,-0.0029761214739361503,0.002705592682244129,-0.005042199348910798,0.006579488697821593,-0.008916095364488261,1,0,0,0,0,0,0
2023-10-19 04:00:00,-0.00653069,-0.0014594366666666676,0.002777914243229516,0.0019445399702606612,0.0041668713648442745,0.008333742729688549,0.00048510330359399366,-0.003403976636927329,0.0027074346981776068,-0.005626308031510942,0.006874306063021881,-0.009793179396355217,1,0,0,0,0,0,0
2023-10-19 05:00:00,-0.00619453,-0.001749862083333334,0.002895931251445152,0.002027151876011606,0.004343896877167728,0.008687793754335456,0.0002772897926782722,-0.0037770139593449404,0.0025940347938343943,-0.006093758960501062,0.006937931671002122,-0.01043765583766879,1,0,0,0,0,0,0
2023-10-19 06:00:00,-0.00606613,-0.0020441783333333343,0.002962747479883304,0.0020739232359183127,0.004444121219824956,0.008888242439649911,2.9744902584978496e-05,-0.004118101569251647,0.0023999428864916214,-0.0064882995531582895,0.0068440641063165775,-0.010932420772983245,0,1,0,0,0,0,0
2023-10-19 07:00:00,-0.0060076,-0.002336085833333334,0.0029949145145222768,0.0020964401601655937,0.004492371771783415,0.00898474354356683,-0.00023964567316774044,-0.004432525993498928,0.002156285938450081,-0.00682845760511675,0.006648657710233496,-0.011320829376900165,0,1,0,0,0,0,0
2023-10-19 08:00:00,-0.00284498,-0.002486122083333334,0.0029226045227801565,0.0020458231659461093,0.004383906784170235,0.00876781356834047,-0.00044029891738722477,-0.004531945249279443,0.0018977847008369007,-0.006870028867503569,0.006281691485007136,-0.011253935651673803,0,0,1,0,0,0,0
2023-10-19 09:00:00,-0.00350734,-0.0026618475000000003,0.002847907939946827,0.001993535557962779,0.004271861909920241,0.008543723819840482,-0.0006683119420372212,-0.0046553830579627795,0.0016100144099202404,-0.0069337094099202416,0.005881876319840482,-0.011205571319840481,0,0,1,0,0,0,0
2023-10-19 10:00:00,-0.00294181,-0.002807830416666667,0.0027640429749311722,0.0019348300824518203,0.0041460644623967586,0.008292128924793517,-0.0008730003342148468,-0.004742660499118487,0.0013382340457300914,-0.006953894879063426,0.00548429850812685,-0.011099959341460184,0,0,1,0,0,0,0
2023-10-19 11:00:00,-0.00304839,-0.0029554975000000007,0.0026730557557326953,0.0018711390290128867,0.004009583633599043,0.008019167267198085,-0.001084358470987114,-0.004826636529012888,0.001054086133599042,-0.006965081133599043,0.005063669767198084,-0.010974664767198087,0,0,1,0,0,0,0
2023-10-19 12:00:00,-0.00299693,-0.0031111008333333337,0.0025548099730526596,0.0017883669811368616,0.0038322149595789896,0.007664429919157979,-0.001322733852196472,-0.0048994678144701955,0.000721114126245656,-0.006943315792912323,0.004553329085824646,-0.010775530752491312,0,0,0,0,1,0,0
2023-10-19 13:00:00,-0.0037354,-0.0032999779166666674,0.0024171261149054097,0.0016919882804337868,0.0036256891723581144,0.007251378344716229,-0.0016079896362328806,-0.0049919661971004545,0.000325711255691447,-0.006925667089024782,0.003951400428049562,-0.010551356261382896,0,0,1,0,0,0,0
2023-10-19 14:00:00,-0.00416372,-0.0035220916666666674,0.002226183222093128,0.0015583282554651895,0.0033392748331396915,0.006678549666279383,-0.0019637634112014777,-0.005080419922131857,-0.00018281683352697588,-0.0068613664998063584,0.0031564579996127156,-0.01020064133294605,0,0,1,0,0,0,0
2023-10-19 15:00:00,-0.00431409,-0.003766394583333334,0.0019500564212821786,0.0013650394948975248,0.0029250846319232677,0.0058501692638465354,-0.002401355088435809,-0.005131434078230859,-0.0008413099514100663,-0.006691479215256602,0.0020837746805132014,-0.00961656384717987,0,0,1,0,0,0,0
2023-10-19 16:00:00,-0.01197738,-0.004241167916666668,0.0024613345815548567,0.0017229342070883996,0.003692001872332285,0.00738400374466457,-0.002518233709578268,-0.005964102123755068,-0.0005491660443343828,-0.007933169788998953,0.003142835827997902,-0.011625171661331236,1,0,0,0,0,0,0
2023-10-19 17:00:00,-0.01129997,-0.0046841375,0.002732196861009112,0.0019125378027063783,0.004098295291513668,0.008196590583027337,-0.0027715996972936217,-0.006596675302706379,-0.000585842208486332,-0.008782432791513669,0.0035124530830273363,-0.012880728083027336,1,0,0,0,0,0,0
2023-10-19 18:00:00,-0.01077659,-0.005097270416666667,0.002874937102638504,0.002012455971846953,0.004312405653957756,0.008624811307915512,-0.0030848144448197144,-0.007109726388513621,-0.0007848647627089114,-0.009409676070624423,0.0035275408912488447,-0.01372208172458218,1,0,0,0,0,0,0
2023-10-19 19:00:00,-0.01010822,-0.005476278333333334,0.002912297429851637,0.0020386082008961456,0.0043684461447774554,0.008736892289554911,-0.0034376701324371887,-0.00751488653422948,-0.0011078321885558788,-0.00984472447811079,0.0032606139562215766,-0.014213170622888245,1,0,0,0,0,0,0
2023-10-19 20:00:00,-0.00922364,-0.005787973750000001,0.002895628170851033,0.002026939719595723,0.00434344225627655,0.0086868845125531,-0.0037610340304042784,-0.007814913469595725,-0.0014445314937234516,-0.010131416006276551,0.002898910762553098,-0.014474858262553101,0,1,0,0,0,0,0
2023-10-19 21:00:00,-0.00946387,-0.0060706995833333345,0.002910041829618189,0.0020370292807327323,0.004365062744427284,0.008730125488854568,-0.004033670302600602,-0.008107728864066067,-0.0017056368389060505,-0.010435762327760618,0.0026594259055212335,-0.014800825072187902,0,1,0,0,0,0,0
2023-10-19 22:00:00,-0.00931429,-0.006327198333333333,0.002913475622722593,0.002039432935905815,0.00437021343408389,0.00874042686816778,-0.004287765397427519,-0.008366631269239148,-0.0019569848992494433,-0.010697411767417224,0.0024132285348344466,-0.015067625201501112,0,1,0,0,0,0,0
2023-10-19 23:00:00,-0.0092767,-0.006562952083333334,0.002913693443361621,0.0020395854103531347,0.004370540165042432,0.008741080330084864,-0.0045233666729801985,-0.008602537493686469,-0.0021924119182909017,-0.010933492248375766,0.0021781282467515303,-0.015304032413418198,0,1,0,0,0,0,0
2023-10-20 00:00:00,-0.00776949,-0.006658167500000002,0.002914250751967483,0.0020399755263772377,0.004371376127951224,0.008742752255902448,-0.004618191973622765,-0.008698143026377239,-0.002286791372048778,-0.011029543627951225,0.002084584755902446,-0.01540091975590245,0,0,1,0,0,0,0
2023-10-20 01:00:00,-0.00765051,-0.006726819166666668,0.002917547636320788,0.0020422833454245516,0.004376321454481183,0.008752642908962365,-0.004684535821242116,-0.00876910251209122,-0.002350497712185485,-0.01110314062114785,0.0020258237422956975,-0.015479462075629034,0,0,1,0,0,0,0
2023-10-20 02:00:00,-0.00634517,-0.006730971250000001,0.0029169037357094536,0.0020418326149966174,0.0043753556035641804,0.008750711207128361,-0.004689138635003384,-0.008772803864996619,-0.002355615646435821,-0.01110632685356418,0.0020197399571283596,-0.015481682457128363,0,0,0,0,1,0,0
2023-10-20 03:00:00,-0.00534429,-0.006704238750000001,0.0029269518813137664,0.0020488663169196362,0.00439042782197065,0.0087808556439413,-0.004655372433080365,-0.008753105066919637,-0.0023138109280293508,-0.011094666571970651,0.0020766168939412993,-0.015485094393941301,0,0,0,0,1,0,0
2023-10-20 04:00:00,-0.00519703,-0.006648669583333333,0.002943005982721805,0.002060104187905263,0.004414508974082707,0.008829017948165414,-0.00458856539542807,-0.008708773771238597,-0.0022341606092506263,-0.01106317855741604,0.0021803483648320807,-0.015477687531498748,0,0,0,0,1,0,0
2023-10-20 05:00:00,-0.00518369,-0.006606551250000001,0.0029569879243706784,0.002069891547059475,0.004435481886556018,0.008870963773112035,-0.004536659702940526,-0.008676442797059477,-0.0021710693634439835,-0.01104203313655602,0.002264412523112034,-0.015477515023112037,0,0,0,0,1,0,0
2023-10-20 06:00:00,-0.00546325,-0.006581431250000001,0.0029643301371568955,0.0020750310960098266,0.004446495205735344,0.008892990411470687,-0.004506400153990175,-0.008656462346009829,-0.0021349360442646575,-0.011027926455735346,0.002311559161470686,-0.01547442166147069,0,0,0,0,1,0,0
2023-10-20 07:00:00,-0.0055968,-0.006564314583333334,0.0029689700131427187,0.002078279009199903,0.004453455019714078,0.008906910039428156,-0.004486035574133431,-0.008642593592533237,-0.002110859563619256,-0.01101776960304741,0.002342595456094822,-0.01547122462276149,0,0,0,0,1,0,0
2023-10-20 08:00:00,-0.00293116,-0.006567905416666668,0.002964324548191416,0.002075027183733991,0.004446486822287123,0.008892973644574247,-0.004492878232932677,-0.008642932600400659,-0.0021214185943795446,-0.011014392238953792,0.0023250682279075787,-0.015460879061240915,0,0,0,0,0,1,0
2023-10-20 09:00:00,-0.0033891,-0.00656297875,0.002969725659262603,0.002078807961483822,0.004454588488893905,0.00890917697778781,-0.0044841707885161786,-0.008641786711483822,-0.002108390261106095,-0.011017567238893905,0.00234619822778781,-0.01547215572778781,0,0,0,0,0,1,0
2023-10-20 10:00:00,-0.00280931,-0.006557457916666668,0.002976864821147268,0.002083805374803087,0.004465297231720902,0.008930594463441804,-0.004473652541863581,-0.008641263291469754,-0.002092160684945766,-0.01102275514838757,0.002373136546775136,-0.015488052380108471,0,0,0,0,0,1,0
2023-10-20 11:00:00,-0.00151705,-0.006493652083333333,0.003070293157335981,0.0021492052101351865,0.0046054397360039715,0.009210879472007943,-0.004344446873198147,-0.00864285729346852,-0.0018882123473293617,-0.011099091819337305,0.00271722738867461,-0.015704531555341277,0,0,0,0,0,0,1
2023-10-20 12:00:00,0.00016913,-0.006361732916666667,0.003287407048913984,0.002301184934239789,0.004931110573370976,0.009862221146741953,-0.004060547982426879,-0.008662917850906456,-0.0014306223432956908,-0.011292843490037643,0.0035004882300752856,-0.01622395406340862,0,0,0,0,0,0,1
2023-10-20 13:00:00,0.00042813,-0.006188252500000001,0.0035327311785611107,0.002472911824992777,0.005299096767841666,0.010598193535683332,-0.0037153406750072234,-0.008661164324992778,-0.0008891557321583348,-0.011487349267841666,0.004409941035683331,-0.01678644603568333,0,0,0,0,0,0,1
2023-10-20 14:00:00,0.00077977,-0.00598227375,0.0037906103223485908,0.0026534272256440133,0.005685915483522886,0.011371830967045773,-0.003328846524355987,-0.008635700975644013,-0.00029635826647711385,-0.011668189233522887,0.0053895572170457725,-0.017354104717045772,0,0,0,0,0,0,1
2023-10-20 15:00:00,0.00094196,-0.005763271666666667,0.004035127293215286,0.0028245891052507,0.006052690939822929,0.012105381879645858,-0.002938682561415967,-0.008587860771917366,0.00028941927315626233,-0.011815962606489596,0.006342110212979191,-0.017868653546312525,0,0,0,0,0,0,1
2023-10-20 16:00:00,0.0073321,-0.004958710000000001,0.004624273158232479,0.003236991210762735,0.006936409737348719,0.013872819474697437,-0.0017217187892372655,-0.008195701210762737,0.001977699737348718,-0.01189511973734872,0.008914109474697438,-0.018831529474697437,0,0,0,0,0,0,1
2023-10-20 17:00:00,0.00747425,-0.004176450833333334,0.005071276152944822,0.003549893307061375,0.007606914229417233,0.015213828458834466,-0.0006265575262719585,-0.007726344140394709,0.003430463396083899,-0.011783365062750566,0.011037377625501131,-0.0193902792921678,0,0,0,0,0,0,1
2023-10-20 18:00:00,0.00742789,-0.0034179308333333338,0.005392429430849913,0.0037747006015949386,0.00808864414627487,0.01617728829254974,0.0003567697682616048,-0.007192631434928272,0.0046707133129415355,-0.011506574979608204,0.012759357459216405,-0.019595219125883072,0,0,0,0,0,0,1
2023-10-20 19:00:00,0.00712552,-0.002699858333333334,0.005606014240970462,0.003924209968679323,0.008409021361455693,0.016818042722911385,0.0012243516353459892,-0.0066240683020126565,0.005709163028122358,-0.011108879694789027,0.014118184389578051,-0.019517901056244718,0,0,0,0,0,0,1
2023-10-20 20:00:00,0.00758381,-0.0019995479166666674,0.00580200031193225,0.0040614002183525745,0.008703000467898375,0.01740600093579675,0.002061852301685907,-0.006060948135019242,0.006703452551231708,-0.010702548384565042,0.015406453019130083,-0.019405548852463417,0,0,0,0,0,0,1
2023-10-20 21:00:00,0.0067831,-0.0013225908333333342,0.005840912950128118,0.004088639065089683,0.008761369425192176,0.017522738850384353,0.0027660482317563486,-0.005411229898423017,0.007438778591858842,-0.010083960258525511,0.016200148017051018,-0.018845329683717688,0,0,0,0,0,1,0
2023-10-20 22:00:00,0.00609774,-0.0006804229166666673,0.005770882748393837,0.004039617923875686,0.008656324122590755,0.01731264824518151,0.0033591950072090183,-0.004720040840542353,0.007975901205924087,-0.009336747039257423,0.016632225328514844,-0.017993071161848177,0,0,0,0,0,1,0
2023-10-20 23:00:00,0.0058775,-4.89979166666674e-05,0.005616407058028327,0.003931484940619829,0.00842461058704249,0.01684922117408498,0.003882487023953162,-0.003980482857286497,0.008375612670375822,-0.008473608503709158,0.016800223257418312,-0.01689821909075165,0,0,0,0,0,1,0
2023-10-21 00:00:00,0.00209546,0.00036204166666666595,0.005382945962315317,0.0037680621736207215,0.008074418943472975,0.01614883788694595,0.004130103840287388,-0.0034060205069540556,0.008436460610139642,-0.007712377276806309,0.016510879553612617,-0.015786796220279283,0,0,0,0,1,0,0
2023-10-21 01:00:00,0.00260871,0.000789509166666666,0.005119916429461498,0.0035839415006230484,0.007679874644192247,0.015359749288384494,0.004373450667289714,-0.0027944323339563824,0.008469383810858913,-0.006890365477525581,0.01614925845505116,-0.014570240121717828,0,0,0,0,1,0,0
2023-10-21 02:00:00,0.00294694,0.001176680416666666,0.004903701976780739,0.003432591383746517,0.0073555529651711075,0.014711105930342215,0.004609271800413183,-0.002255910967079851,0.008532233381837773,-0.006178872548504442,0.01588778634700888,-0.01353442551367555,0,0,0,0,1,0,0
2023-10-21 03:00:00,0.00341459,0.0015416337499999993,0.004719770363098382,0.003303839254168867,0.0070796555446475725,0.014159311089295145,0.004845473004168866,-0.0017622055041688679,0.008621289294647571,-0.005538021794647573,0.015700944839295145,-0.012617677339295145,0,0,0,0,1,0,0
2023-10-21 04:00:00,0.00246031,0.0018606895833333326,0.004498041121328429,0.0031486287849299,0.006747061681992643,0.013494123363985287,0.005009318368263233,-0.0012879392015965672,0.008607751265325977,-0.004886372098659311,0.015354812947318618,-0.011633433780651955,0,0,0,0,1,0,0
2023-10-21 05:00:00,0.00207643,0.002163194583333333,0.0042404452082884245,0.002968311645801897,0.006360667812432637,0.012721335624865274,0.00513150622913523,-0.0008051170624685643,0.00852386239576597,-0.004197473229099304,0.014884530208198608,-0.010558141041531941,0,0,1,0,0,0,0
2023-10-21 06:00:00,0.00189797,0.0024699120833333323,0.003918859140134787,0.0027432013980943507,0.005878288710202181,0.011756577420404361,0.0052131134814276826,-0.0002732893147610184,0.008348200793535513,-0.0034083766268688484,0.014226489503737694,-0.009286665337071029,0,0,1,0,0,0,0
2023-10-21 07:00:00,0.00173533,0.0027754175,0.0035290673213980222,0.0024703471249786155,0.005293600982097033,0.010587201964194066,0.005245764624978616,0.00030507037502138434,0.008069018482097033,-0.002518183482097033,0.013362619464194066,-0.007811784464194066,0,0,1,0,0,0,0
2023-10-21 08:00:00,0.00250965,0.003002117916666666,0.0033147984617247373,0.002320358923207316,0.004972197692587106,0.009944395385174212,0.0053224768398739825,0.0006817589934593501,0.007974315609253772,-0.00197007977592044,0.012946513301840878,-0.006942277468507545,0,0,1,0,0,0,0
2023-10-21 09:00:00,0.00228594,0.0032385779166666656,0.003029168114775804,0.0021204176803430626,0.004543752172163706,0.009087504344327412,0.005358995597009728,0.001118160236323603,0.0077823300888303715,-0.0013051742554970403,0.012326082260994077,-0.005848926427660746,0,0,1,0,0,0,0
2023-10-21 10:00:00,0.00229224,0.003451142499999999,0.0027526980132863543,0.0019268886093004479,0.004129047019929531,0.008258094039859063,0.005378031109300446,0.001524253890699551,0.00758018951992953,-0.0006779045199295326,0.011709236539859062,-0.004806951539859064,0,0,1,0,0,0,0
2023-10-21 11:00:00,0.00216851,0.0036047074999999997,0.002559510844024901,0.0017916575908174305,0.003839266266037351,0.007678532532074702,0.00539636509081743,0.0018130499091825692,0.007443973766037351,-0.00023455876603735134,0.011283240032074702,-0.004073825032074702,0,0,1,0,0,0,0
2023-10-21 12:00:00,-4.108e-05,0.003595948749999999,0.002572107366880292,0.0018004751568162043,0.0038581610503204376,0.007716322100640875,0.005396423906816203,0.0017954735931837947,0.007454109800320437,-0.0002622123003204386,0.011312270850640875,-0.004120373350640876,0,1,0,0,0,0,0
2023-10-21 13:00:00,-0.00010635,0.0035736787499999994,0.0026028577320629472,0.001822000412444063,0.003904286598094421,0.007808573196188842,0.005395679162444062,0.0017516783375559365,0.007477965348094421,-0.00033060784809442164,0.011382251946188842,-0.004234894446188842,0,1,0,0,0,0,0
2023-10-21 14:00:00,0.0002386,0.003551129999999999,0.0026303132070536073,0.001841219244937525,0.003945469810580411,0.007890939621160822,0.0053923492449375245,0.0017099107550624742,0.00749659981058041,-0.0003943398105804119,0.011442069621160822,-0.0043398096211608225,0,1,0,0,0,0,0
2023-10-21 15:00:00,0.00049905,0.003532675416666666,0.0026508886497173837,0.0018556220548021686,0.003976332974576075,0.00795266594915215,0.005388297471468835,0.0016770533618644973,0.007509008391242741,-0.0004436575579094093,0.011485341365818816,-0.004419990532485485,0,1,0,0,0,0,0
2023-10-21 16:00:00,-0.00225813,0.003133082499999999,0.0027732531265932748,0.0019412771886152922,0.0041598796898899126,0.008319759379779825,0.005074359688615291,0.0011918053113847069,0.007292962189889911,-0.0010267971898899136,0.011452841879779824,-0.0051866768797798266,1,0,0,0,0,0,0
2023-10-21 17:00:00,-0.00276287,0.0027065358333333324,0.0028623596833093467,0.0020036517783165427,0.00429353952496402,0.00858707904992804,0.004710187611649875,0.0007028840550167897,0.007000075358297352,-0.0015870036916306876,0.011293614883261372,-0.005880543216594708,1,0,0,0,0,0,0
2023-10-21 18:00:00,-0.00138273,0.002339426666666666,0.0027946985411446664,0.001956288978801266,0.004192047811717,0.008384095623434,0.004295715645467932,0.0003831376878653996,0.006531474478383666,-0.0018526211450503342,0.010723522290100665,-0.006044668956767334,0,1,0,0,0,0,0
2023-10-21 19:00:00,-0.00033865,0.0020284195833333326,0.002650527544053744,0.0018553692808376207,0.003975791316080616,0.007951582632161232,0.0038837888641709535,0.00017305030249571197,0.006004210899413949,-0.0019473717327472832,0.009980002215494565,-0.005923163048827899,0,1,0,0,0,0,0
2023-10-21 20:00:00,0.00248646,0.001816029999999999,0.00237602726818106,0.001663219087726742,0.00356404090227159,0.00712808180454318,0.003479249087726741,0.00015281091227325712,0.005380070902271589,-0.001748010902271591,0.00894411180454318,-0.005312051804543181,0,0,0,0,1,0,0
2023-10-21 21:00:00,0.00260429,0.001641912916666666,0.0021373347437151627,0.0014961343206006139,0.003206002115572744,0.006412004231145488,0.0031380472372672798,0.00014577859606605204,0.00484791503223941,-0.001564089198906078,0.008053917147812154,-0.004770091314478822,0,0,0,0,1,0,0
2023-10-21 22:00:00,0.00278935,0.0015040633333333324,0.001934523334554816,0.0013541663341883712,0.002901785001832224,0.005803570003664448,0.0028582296675217036,0.00014989699914496127,0.004405848335165556,-0.0013977216684988916,0.00730763333699778,-0.004299506670331116,0,0,0,0,1,0,0
2023-10-21 23:00:00,0.00298212,0.0013834224999999993,0.0017293270167657948,0.0012105289117360562,0.0025939905251486923,0.005187981050297385,0.0025939514117360556,0.00017289358826394312,0.003977413025148691,-0.001210568025148693,0.006571403550297384,-0.0038045585502973853,0,0,0,0,0,1,0
2023-10-22 00:00:00,0.00290396,0.0014171099999999992,0.0017515329305300821,0.0012260730513710574,0.0026272993957951233,0.0052545987915902466,0.0026431830513710566,0.0001910369486289418,0.004044409395795123,-0.001210189395795124,0.006671708791590246,-0.0038374887915902474,0,0,0,0,0,1,0
2023-10-22 01:00:00,0.0035357,0.0014557345833333326,0.0017887773742980644,0.001252144162008645,0.0026831660614470964,0.005366332122894193,0.0027078787453419777,0.00020359042132468762,0.004138900644780429,-0.0012274314781137638,0.006822066706227525,-0.00391059753956086,0,0,0,0,0,1,0
2023-10-22 02:00:00,0.00319887,0.0014662316666666658,0.0017986208041810095,0.0012590345629267066,0.0026979312062715144,0.005395862412543029,0.0027252662295933726,0.00020719710373995922,0.00416416287293818,-0.0012316995396048486,0.006862094079209694,-0.003929630745876363,0,0,0,0,0,1,0
2023-10-22 03:00:00,0.00346581,0.0014683658333333328,0.0018010618889542944,0.001260743322268006,0.0027015928334314415,0.005403185666862883,0.0027291091556013386,0.00020762251106532675,0.004169958666764774,-0.0012332270000981087,0.006871551500196216,-0.00393481983352955,0,0,0,0,0,1,0
2023-10-22 04:00:00,0.00535654,0.0015890420833333328,0.0019603946950130847,0.0013722762865091592,0.0029405920425196273,0.0058811840850392545,0.002961318369842492,0.00021676579682417354,0.00452963412585296,-0.0013515499591862945,0.0074702261683725875,-0.0042921420017059215,0,0,0,0,0,0,1
2023-10-22 05:00:00,0.00567938,0.0017391649999999991,0.00212996041210424,0.0014909722884729679,0.0031949406181563597,0.006389881236312719,0.003230137288472967,0.00024819271152703125,0.004934105618156359,-0.0014557756181563606,0.008129046236312719,-0.00465071623631272,0,0,0,0,0,0,1
2023-10-22 06:00:00,0.00573109,0.0018988783333333326,0.0022807594751420167,0.0015965316325994116,0.0034211392127130253,0.0068422784254260505,0.003495409965932744,0.00030234670073392097,0.005320017546046358,-0.0015222608793796927,0.008741156758759383,-0.004943400092092718,0,0,0,0,0,0,1
2023-10-22 07:00:00,0.0055534,0.0020579645833333324,0.0023989512666599353,0.0016792658866619547,0.003598426899989903,0.007196853799979806,0.003737230469995287,0.0003786986966713777,0.005656391483323236,-0.0015404623166565706,0.009254818383313138,-0.005138889216646474,0,0,0,0,0,1,0
2023-10-22 08:00:00,0.00636328,0.002218532499999999,0.002554426651540146,0.001788098656078102,0.003831639977310219,0.007663279954620438,0.004006631156078101,0.000430433843921897,0.006050172477310218,-0.00161310747731022,0.009881812454620437,-0.005444747454620438,0,0,0,0,0,0,1
2023-10-22 09:00:00,0.00717174,0.002422107499999999,0.0027474279746722433,0.00192319958227057,0.004121141962008365,0.00824228392401673,0.004345307082270569,0.000498907917729429,0.006543249462008365,-0.0016990344620083663,0.01066439142401673,-0.005820176424016731,0,0,0,0,0,0,1
2023-10-22 10:00:00,0.00743775,0.0026365037499999993,0.002931455470374811,0.0020520188292623676,0.004397183205562216,0.008794366411124433,0.004688522579262367,0.0005844849207376317,0.007033686955562215,-0.001760679455562217,0.011430870161124432,-0.006157862661124433,0,0,0,0,0,0,1
2023-10-22 11:00:00,0.00747424,0.0028575758333333322,0.0030903822903380032,0.002163267603236602,0.004635573435507005,0.00927114687101401,0.005020843436569934,0.0006943082300967301,0.007493149268840337,-0.0017779976021736728,0.012128722704347342,-0.006413571037680678,0,0,0,0,0,1,0
2023-10-22 12:00:00,0.00752599,0.003172870416666666,0.0031668573856133047,0.002216800169929313,0.004750286078419957,0.009500572156839915,0.005389670586595979,0.000956070246737353,0.007923156495086623,-0.0015774156617532915,0.01267344257350658,-0.006327701740173249,0,0,0,0,0,1,0
2023-10-22 13:00:00,0.00757804,0.0034930533333333326,0.003209080142024638,0.0022463560994172467,0.004813620213036957,0.009627240426073914,0.005739409432750579,0.0012466972339160859,0.00830667354637029,-0.0013205668797036246,0.013120293759407247,-0.006134187092740582,0,0,0,0,0,1,0
2023-10-22 14:00:00,0.00750489,0.0037958154166666657,0.003231380799725592,0.0022619665598079142,0.004847071199588388,0.009694142399176776,0.00605778197647458,0.0015338488568587515,0.008642886616255053,-0.0010512557829217223,0.013489957815843442,-0.00589832698251011,0,0,0,0,0,1,0
2023-10-22 15:00:00,0.00766579,0.004094429583333332,0.003244593188444492,0.002271215231911144,0.004866889782666738,0.009733779565333476,0.006365644815244476,0.0018232143514221883,0.00896131936600007,-0.0007724601993334057,0.013828209148666809,-0.005639349982000144,0,0,0,0,0,1,0
2023-10-22 16:00:00,0.00943078,0.004581467499999999,0.003124646304718983,0.002187252413303288,0.004686969457078475,0.00937393891415695,0.0067687199133032875,0.0023942150866967113,0.009268436957078473,-0.00010550195707847553,0.013955406414156948,-0.0047924714141569505,0,0,0,0,0,0,1
2023-10-22 17:00:00,0.00953377,0.005093827499999999,0.0028654177512253635,0.002005792425857754,0.004298126626838045,0.00859625325367609,0.007099619925857753,0.003088035074142245,0.009391954126838045,0.0007957008731619541,0.01369008075367609,-0.003502425753676091,0,0,0,0,0,0,1
2023-10-22 18:00:00,0.00963233,0.005552788333333333,0.0026575647664629624,0.0018602953365240735,0.003986347149694444,0.007972694299388888,0.0074130836698574065,0.003692492996809259,0.009539135483027776,0.0015664411836388888,0.01352548263272222,-0.002419905966055555,0,0,0,0,0,0,1
2023-10-22 19:00:00,0.00996639,0.005982165,0.0024916124649311667,0.0017441287254518166,0.00373741869739675,0.0074748373947935,0.007726293725451817,0.004238036274548183,0.00971958369739675,0.0022447463026032503,0.0134570023947935,-0.0014926723947934996,0,0,0,0,0,0,1
2023-10-22 20:00:00,0.00947037,0.006273161249999999,0.0024733569916637077,0.0017313498941645953,0.0037100354874955617,0.007420070974991123,0.008004511144164594,0.004541811355835404,0.009983196737495561,0.0025631257625044375,0.013693232224991123,-0.0011469097249911242,0,0,0,0,0,1,0
2023-10-22 21:00:00,0.00958911,0.006564195416666666,0.0024335022103991423,0.0017034515472793995,0.0036502533155987134,0.007300506631197427,0.008267646963946065,0.004860743869387266,0.01021444873226538,0.0029139421010679523,0.013864702047864092,-0.0007363112145307611,0,0,0,0,0,1,0
2023-10-22 22:00:00,0.00991797,0.00686122125,0.0023873345235116954,0.0016711341664581868,0.003581001785267543,0.007162003570535086,0.008532355416458186,0.005190087083541813,0.010442223035267543,0.0032802194647324565,0.014023224820535085,-0.0003007823205350866,0,0,0,0,0,1,0
2023-10-22 23:00:00,0.01009752,0.007157696249999999,0.002325679758516318,0.0016279758309614225,0.003488519637774477,0.006977039275548954,0.008785672080961421,0.0055297204190385765,0.010646215887774476,0.0036691766122255217,0.014134735525548954,0.00018065697445104455,0,0,0,0,0,1,0
2023-10-23 00:00:00,0.01109021,0.007498789999999999,0.002274434467686462,0.0015921041273805234,0.003411651701529693,0.006823303403059386,0.009090894127380523,0.005906685872619476,0.010910441701529692,0.004087138298470306,0.014322093403059385,0.0006754865969406127,0,0,0,0,0,0,1
2023-10-23 01:00:00,0.01168206,0.007838221666666667,0.0022651301180797645,0.001585591082655835,0.0033976951771196467,0.006795390354239293,0.009423812749322502,0.006252630584010832,0.011235916843786314,0.004440526489547021,0.014633612020905962,0.001042831312427374,0,0,0,0,0,0,1
2023-10-23 02:00:00,0.01260987,0.008230346666666666,0.0022415395325450856,0.0015690776727815597,0.0033623092988176286,0.006724618597635257,0.009799424339448226,0.006661268993885106,0.011592655965484294,0.004868037367849037,0.014954965264301923,0.0015057280690314086,0,0,0,0,0,0,1
2023-10-23 03:00:00,0.01346472,0.008646967916666666,0.0022466940360662264,0.0015726858252463583,0.0033700410540993394,0.006740082108198679,0.010219653741913024,0.007074282091420308,0.012017008970766005,0.005276926862567327,0.015387050024865345,0.0019068858084679875,0,0,0,0,0,0,1
2023-10-23 04:00:00,0.01518344,0.009056422083333333,0.002501916399221906,0.001751341479455334,0.003752874598832859,0.007505749197665718,0.010807763562788668,0.007305080603877999,0.012809296682166193,0.005303547484500474,0.01656217128099905,0.001550672885667615,0,0,0,0,0,0,1
2023-10-23 05:00:00,0.01608863,0.009490140833333332,0.002778045281129874,0.0019446316967909117,0.004167067921694811,0.008334135843389621,0.011434772530124244,0.00754550913654242,0.013657208755028143,0.0053230729116385215,0.017824276676722955,0.0011560049899437107,0,0,0,0,0,0,1
2023-10-23 06:00:00,0.01670541,0.009947404166666667,0.003024643782603614,0.0021172506478225298,0.004536965673905421,0.009073931347810841,0.012064654814489196,0.007830153518844137,0.014484369840572088,0.005410438492761246,0.01902133551447751,0.0008734728188558253,0,0,0,0,0,0,1
2023-10-23 07:00:00,0.0167809,0.010415216666666666,0.003179771923127513,0.002225840346189259,0.004769657884691269,0.009539315769382538,0.012641057012855925,0.008189376320477407,0.015184874551357936,0.005645558781975397,0.019954532436049204,0.0008759008972841278,0,0,0,0,0,0,1
2023-10-23 08:00:00,0.01696872,0.010857109999999998,0.0033257596717520084,0.0023280317702264056,0.004988639507628012,0.009977279015256024,0.013185141770226404,0.008529078229773591,0.01584574950762801,0.005868470492371986,0.02083438901525602,0.0008798309847439737,0,0,0,0,0,0,1
2023-10-23 09:00:00,0.01589406,0.01122054,0.0033816290168561204,0.002367140311799284,0.00507244352528418,0.01014488705056836,0.013587680311799284,0.008853399688200715,0.01629298352528418,0.006148096474715819,0.02136542705056836,0.001075652949431639,0,0,0,0,0,1,0
2023-10-23 10:00:00,0.01447451,0.011513738333333334,0.0033442370602505744,0.002340965942175402,0.005016355590375861,0.010032711180751722,0.013854704275508736,0.009172772391157932,0.016530093923709195,0.006497382742957473,0.021546449514085055,0.0014810271525816116,0,0,0,0,0,1,0
2023-10-23 11:00:00,0.01289283,0.011739512916666667,0.0032409818828162333,0.0022686873179713633,0.00486147282422435,0.0097229456484487,0.01400820023463803,0.009470825598695304,0.016600985740891017,0.006878040092442317,0.021462458565115368,0.0020165672682179673,0,0,0,0,1,0,0
2023-10-23 12:00:00,0.01125782,0.011895005833333333,0.0031171973306201046,0.002182038131434073,0.004675795995930157,0.009351591991860314,0.014077043964767406,0.00971296770189926,0.01657080182926349,0.007219209837403176,0.02124659782519365,0.0025434138414730193,0,0,1,0,0,0,0
2023-10-23 13:00:00,0.00931232,0.011967267499999998,0.003031701285179401,0.0021221908996255806,0.0045475519277691015,0.009095103855538203,0.014089458399625578,0.009845076600374418,0.016514819427769098,0.007419715572230897,0.0210623713555382,0.002872163644461795,0,1,0,0,0,0,0
2023-10-23 14:00:00,0.00777834,0.01197866125,0.003014667598127935,0.0021102673186895547,0.004522001397191903,0.009044002794383806,0.014088928568689554,0.009868393931310445,0.016500662647191904,0.007456659852808097,0.021022664044383806,0.002934658455616194,0,1,0,0,0,0,0
2023-10-23 15:00:00,0.00657562,0.011933237499999999,0.0030897555372992663,0.002162828876109486,0.004634633305948899,0.009269266611897798,0.014096066376109485,0.009770408623890513,0.016567870805948896,0.0072986041940511,0.021202504111897797,0.002663970888102201,1,0,0,0,0,0,0
2023-10-23 16:00:00,-0.00617314,0.011283074166666665,0.004804911750712828,0.0033634382254989796,0.007207367626069243,0.014414735252138485,0.014646512392165644,0.007919635941167687,0.018490441792735908,0.004075706540597423,0.025697809418805152,-0.0031316610854718197,1,0,0,0,0,0,0
2023-10-23 17:00:00,-0.00561676,0.010651802083333333,0.005912349980064915,0.00413864498604544,0.008868524970097373,0.017737049940194746,0.014790447069378774,0.006513157097287893,0.01952032705343071,0.0017832771132359603,0.02838885202352808,-0.007085247856861413,1,0,0,0,0,0,0
2023-10-23 18:00:00,-0.00524328,0.010031984999999998,0.006744980247819722,0.004721486173473805,0.010117470371729583,0.020234940743459166,0.014753471173473804,0.005310498826526193,0.02014945537172958,-8.548537172958434e-05,0.030266925743459162,-0.010202955743459167,1,0,0,0,0,0,0
2023-10-23 19:00:00,-0.00416344,0.009443242083333333,0.007341266320691652,0.005138886424484156,0.011011899481037478,0.022023798962074955,0.01458212850781749,0.004304355658849177,0.02045514156437081,-0.001568657397704145,0.03146704104540829,-0.012580556878741623,1,0,0,0,0,0,0
2023-10-23 20:00:00,-0.00316581,0.008916734583333332,0.0077792947382791236,0.005445506316795386,0.011668942107418685,0.02333788421483737,0.014362240900128718,0.003471228266537946,0.020585676690752015,-0.002752207524085353,0.0322546187981707,-0.014421149631504038,1,0,0,0,0,0,0
2023-10-23 21:00:00,-0.00222017,0.00842468125,0.008101713645311644,0.00567119955171815,0.012152570467967467,0.024305140935934933,0.01409588080171815,0.0027534816982818493,0.020577251717967468,-0.003727889217967467,0.03272982218593493,-0.015880459685934933,0,1,0,0,0,0,0
2023-10-23 22:00:00,-0.00112913,0.007964385416666666,0.008323954525798209,0.005826768168058745,0.012485931788697313,0.024971863577394626,0.013791153584725411,0.0021376172486079204,0.02045031720536398,-0.004521546372030647,0.03293624899406129,-0.017007478160727958,0,1,0,0,0,0,0
2023-10-23 23:00:00,0.00213298,0.007632529583333332,0.008393685470062806,0.005875579829043964,0.012590528205094209,0.025181056410188418,0.013508109412377296,0.0017569497542893678,0.02022305778842754,-0.004957998621760877,0.03281358599352175,-0.017548526826855086,0,0,1,0,0,0,0
2023-10-24 00:00:00,0.02036212,0.008018859166666666,0.008764914960035852,0.006135440472025096,0.013147372440053777,0.026294744880107555,0.014154299638691761,0.0018834186946415704,0.021166231606720445,-0.005128513273387111,0.03431360404677422,-0.01827588571344089,0,0,0,0,0,1,0
2023-10-24 01:00:00,0.02124213,0.008417195416666667,0.009147519541802141,0.006403263679261499,0.013721279312703212,0.027442558625406423,0.014820459095928166,0.0020139317374051682,0.02213847472936988,-0.005304083896036545,0.03585975404207309,-0.019025363208739758,0,0,0,0,0,1,0
2023-10-24 02:00:00,0.02339837,0.00886671625,0.009615614640148241,0.006730930248103769,0.014423421960222362,0.028846843920444724,0.01559764649810377,0.002135786001896231,0.023290138210222362,-0.005556705710222362,0.03771356017044472,-0.019980127670444724,0,0,0,0,0,0,1
2023-10-24 03:00:00,0.02510185,0.009351596666666665,0.010136838427096386,0.00709578689896747,0.015205257640644579,0.030410515281289158,0.016447383565634133,0.002255809767699195,0.024556854307311242,-0.005853660973977914,0.03976211194795582,-0.021058918614622495,0,0,0,0,0,0,1
2023-10-24 04:00:00,0.02635797,0.009817202083333332,0.010659512513169907,0.007461658759218935,0.01598926876975486,0.03197853753950972,0.017278860842552268,0.0023555433241143975,0.025806470853088195,-0.006172066686421529,0.04179573962284305,-0.022161335456176393,0,0,0,0,0,0,1
2023-10-24 05:00:00,0.02707336,0.010274899166666667,0.011164377083954164,0.007815063958767915,0.016746565625931246,0.03349313125186249,0.01808996312543458,0.0024598352078987525,0.027021464792597913,-0.006471666459264579,0.043768030418529155,-0.023218232085195824,0,0,0,0,0,0,1
2023-10-24 06:00:00,0.0278375,0.01073873625,0.011663257548477982,0.008164280283934587,0.017494886322716972,0.034989772645433945,0.018903016533934586,0.0025744559660654132,0.02823362257271697,-0.006756150072716972,0.04572850889543394,-0.024251036395433946,0,0,0,0,0,1,0
2023-10-24 07:00:00,0.0260706,0.011125807083333333,0.012021156701407533,0.008414809690985273,0.018031735052111298,0.036063470104222596,0.019540616774318606,0.00271099739234806,0.02915754213544463,-0.006905927968777965,0.04718927718755593,-0.02493766302088926,0,0,0,0,0,1,0
2023-10-24 08:00:00,0.02010893,0.011256649166666667,0.012104319725656294,0.008473023807959406,0.01815647958848444,0.03631295917696888,0.01972967297462607,0.0027836253587072615,0.02941312875515111,-0.006899830421817774,0.04756960834363555,-0.025056310010302216,0,0,0,0,0,1,0
2023-10-24 09:00:00,0.01938583,0.011402139583333333,0.012183211490644375,0.008528248043451063,0.018274817235966564,0.03654963447193313,0.019930387626784396,0.0028738915398822708,0.029676956819299896,-0.006872677652633231,0.04795177405526646,-0.025147494888599797,0,0,0,0,1,0,0
2023-10-24 10:00:00,0.01722885,0.01151690375,0.012226307640494554,0.008558415348346187,0.01833946146074183,0.03667892292148366,0.020075319098346187,0.002958488401653813,0.02985636521074183,-0.006822557710741832,0.048195826671483664,-0.02516201917148366,0,0,0,0,1,0,0
2023-10-24 11:00:00,0.01468975,0.011591775416666665,0.012240593563055015,0.00856841549413851,0.018360890344582523,0.03672178068916505,0.020160190910805176,0.0030233599225281543,0.02995266576124919,-0.006769114927915858,0.04831355610583171,-0.025130005272498382,0,0,0,0,1,0,0
2023-10-24 12:00:00,0.01380555,0.011697930833333333,0.01224861629131257,0.008574031403918799,0.018372924436968856,0.03674584887393771,0.020271962237252132,0.0031238994294145346,0.03007085527030219,-0.006674993603635522,0.04844377970727105,-0.025047918040604376,0,0,0,0,1,0,0
2023-10-24 13:00:00,0.01284918,0.011845299999999998,0.012239939676741791,0.008567957773719253,0.018359909515112686,0.03671981903022537,0.020413257773719252,0.003277342226280745,0.030205209515112685,-0.006514609515112688,0.04856511903022537,-0.024874519030225375,0,0,0,0,1,0,0
2023-10-24 14:00:00,0.01171546,0.012009346666666665,0.01220940773952277,0.008546585417665939,0.018314111609284155,0.03662822321856831,0.020555932084332602,0.0034627612490007263,0.030323458275950822,-0.00630476494261749,0.048637569885234974,-0.024618876551901647,0,0,1,0,0,0,0
2023-10-24 15:00:00,0.01127719,0.012205245416666665,0.01215603499297256,0.008509224495080792,0.01823405248945884,0.03646810497891768,0.020714469911747455,0.003696020921585873,0.030439297906125505,-0.006028807072792174,0.04867335039558434,-0.024262859562251014,0,0,1,0,0,0,0
2023-10-24 16:00:00,0.01112515,0.012926007500000001,0.011514876765572968,0.008060413735901077,0.017272315148359453,0.034544630296718906,0.020986421235901078,0.004865593764098924,0.030198322648359456,-0.004346307648359452,0.04747063779671891,-0.021618622796718903,0,0,1,0,0,0,0
2023-10-24 17:00:00,0.01144082,0.01363674,0.010826443227778974,0.007578510259445281,0.01623966484166846,0.03247932968333692,0.021215250259445283,0.006058229740554718,0.02987640484166846,-0.002602924841668462,0.046116069683336924,-0.01884258968333692,0,0,1,0,0,0,0
2023-10-24 18:00:00,0.01164303,0.01434033625,0.01006827056119922,0.007047789392839453,0.01510240584179883,0.03020481168359766,0.021388125642839453,0.007292546857160547,0.02944274209179883,-0.0007620695917988293,0.04454514793359766,-0.01586447543359766,0,0,1,0,0,0,0
2023-10-24 19:00:00,0.011829,0.015006687916666666,0.009289480126215659,0.006502636088350961,0.013934220189323488,0.027868440378646976,0.02150932400501763,0.008504051828315705,0.028940908105990155,0.0010724677273431776,0.04287512829531364,-0.01286175246198031,0,0,1,0,0,0,0
2023-10-24 20:00:00,0.01123342,0.015606655833333332,0.008495858166261055,0.005947100716382738,0.012743787249391583,0.025487574498783166,0.02155375654971607,0.009659555116950594,0.028350443082724913,0.0028628685839417484,0.041094230332116496,-0.009880918665449835,0,0,1,0,0,0,0
2023-10-24 21:00:00,0.01115262,0.016163855416666668,0.007674696822973242,0.005372287776081269,0.011512045234459863,0.023024090468919726,0.021536143192747936,0.0107915676405854,0.02767590065112653,0.0046518101822068045,0.0391879458855864,-0.006860235052253059,0,0,1,0,0,0,0
2023-10-24 22:00:00,0.01116459,0.01667609375,0.006834599749442232,0.004784219824609562,0.010251899624163348,0.020503799248326696,0.021460313574609563,0.011891873925390437,0.026927993374163347,0.006424194125836651,0.03717989299832669,-0.0038277054983266966,0,1,0,0,0,0,0
2023-10-24 23:00:00,0.01100054,0.017045575416666667,0.006226883119682773,0.004358818183777941,0.00934032467952416,0.01868064935904832,0.021404393600444608,0.012686757232888726,0.026385900096190826,0.007705250737142507,0.035726224775714986,-0.0016350739423816527,0,1,0,0,0,0,0
2023-10-25 00:00:00,0.01093941,0.016652962499999997,0.0063052428093398425,0.004413669966537889,0.009457864214009765,0.01891572842801953,0.021066632466537887,0.012239292533462107,0.02611082671400976,0.007195098285990232,0.03556869092801952,-0.0022627659280195327,0,1,0,0,0,0,0
2023-10-25 01:00:00,0.01086303,0.0162205,0.0063326767704831284,0.00443287373933819,0.009499015155724693,0.018998030311449386,0.02065337373933819,0.011787626260661809,0.025719515155724692,0.006721484844275306,0.035218530311449385,-0.0027775303114493874,0,1,0,0,0,0,0
2023-10-25 02:00:00,0.01110229,0.015708163333333334,0.006223164335782312,0.0043562150350476185,0.009334746503673469,0.018669493007346938,0.02006437836838095,0.011351948298285716,0.025042909837006803,0.006373416829659865,0.03437765634068027,-0.002961329674013604,0,1,0,0,0,0,0
2023-10-25 03:00:00,0.01136439,0.015135769166666665,0.005947241178697055,0.004163068825087939,0.008920861768045582,0.017841723536091165,0.019298837991754605,0.010972700341578726,0.024056630934712248,0.006214907398621083,0.03297749270275783,-0.0027059543694244997,0,0,1,0,0,0,0
2023-10-25 04:00:00,0.01170603,0.014525271666666667,0.005478745223418922,0.0038351216563932452,0.008218117835128384,0.016436235670256767,0.01836039332305991,0.010690150010273422,0.022743389501795053,0.006307153831538284,0.030961507336923433,-0.0019109640035900998,0,0,1,0,0,0,0
2023-10-25 05:00:00,0.01204777,0.013899205416666664,0.004798819651222146,0.003359173755855502,0.007198229476833219,0.014396458953666438,0.017258379172522167,0.010540031660811163,0.021097434893499883,0.006700975939833445,0.028295664370333103,-0.0004972535369997741,0,0,1,0,0,0,0
2023-10-25 06:00:00,0.01213699,0.0132450175,0.0037776095178175956,0.002644326662472317,0.005666414276726393,0.011332828553452787,0.015889344162472317,0.010600690837527682,0.01891143177672639,0.007578603223273606,0.024577846053452784,0.0019121889465472126,0,0,1,0,0,0,0
2023-10-25 07:00:00,0.0123024,0.0126713425,0.002610282039912308,0.0018271974279386156,0.003915423059868462,0.007830846119736924,0.014498539927938616,0.010844145072061384,0.01658676555986846,0.008755919440131538,0.020502188619736926,0.004840496380263076,0,0,1,0,0,0,0
2023-10-25 08:00:00,0.01363146,0.012401447916666667,0.002091058056171024,0.0014637406393197166,0.0031365870842565355,0.006273174168513071,0.013865188555986384,0.01093770727734695,0.015538035000923203,0.009264860832410132,0.01867462208517974,0.006128273748153596,0,0,0,0,1,0,0
2023-10-25 09:00:00,0.0135105,0.0121566425,0.0014975071763962883,0.0010482550234774018,0.0022462607645944324,0.004492521529188865,0.013204897523477402,0.011108387476522598,0.014402903264594433,0.009910381735405567,0.016649164029188864,0.0076641209708111354,0,0,0,0,0,1,0
2023-10-25 10:00:00,0.01349148,0.012000918749999999,0.001084488319620699,0.0007591418237344893,0.0016267324794310486,0.003253464958862097,0.012760060573734489,0.011241776926265509,0.013627651229431048,0.01037418627056895,0.015254383708862096,0.008747453791137902,0,0,0,0,0,1,0
2023-10-25 11:00:00,0.01356013,0.01195385125,0.0009824282448818128,0.0006876997714172689,0.0014736423673227192,0.0029472847346454383,0.012641551021417268,0.011266151478582731,0.01342749361732272,0.01048020888267728,0.014901135984645437,0.009006566515354562,0,0,0,0,0,0,1
2023-10-25 12:00:00,0.01464727,0.011988922916666665,0.0010631167606267966,0.0007441817324387575,0.0015946751409401949,0.0031893502818803898,0.012733104649105422,0.011244741184227908,0.01358359805760686,0.01039424777572647,0.015178273198547055,0.008799572634786276,0,0,0,0,0,0,1
2023-10-25 13:00:00,0.01488598,0.012073789583333334,0.001206414698018542,0.0008444902886129793,0.001809622047027813,0.003619244094055626,0.012918279871946313,0.011229299294720356,0.013883411630361147,0.010264167536305522,0.01569303367738896,0.00845454548927771,0,0,0,0,0,0,1
2023-10-25 14:00:00,0.01515824,0.01221723875,0.0013572127465036447,0.0009500489225525513,0.002035819119755467,0.004071638239510934,0.013167287672552552,0.011267189827447448,0.014253057869755467,0.010181419630244532,0.016288876989510932,0.008145600510489065,0,0,0,0,0,0,1
2023-10-25 15:00:00,0.01561465,0.012397966250000001,0.0015071052205030675,0.0010549736543521472,0.0022606578307546015,0.004521315661509203,0.01345293990435215,0.011342992595647854,0.014658624080754603,0.0101373084192454,0.016919281911509203,0.007876650588490798,0,0,0,0,0,0,1
2023-10-25 16:00:00,0.01325487,0.012486704583333333,0.0014915217845570244,0.001044065249189917,0.0022372826768355366,0.004474565353671073,0.01353076983252325,0.011442639334143415,0.01472398726016887,0.010249421906497795,0.016961269937004406,0.00801213922966226,0,0,0,0,1,0,0
2023-10-25 17:00:00,0.01346571,0.012571075,0.0014870512492088362,0.0010409358744461852,0.002230576873813254,0.004461153747626508,0.013612010874446185,0.011530139125553814,0.014801651873813253,0.010340498126186745,0.017032228747626506,0.008109921252373491,0,0,0,0,1,0,0
2023-10-25 18:00:00,0.01298989,0.012627194166666666,0.0014758777260266262,0.0010331144082186383,0.002213816589039939,0.004427633178079878,0.013660308574885304,0.011594079758448029,0.014841010755706605,0.010413377577626727,0.017054827344746545,0.008199560988586787,0,0,0,0,1,0,0
2023-10-25 19:00:00,0.01255215,0.012657325416666665,0.001466223701954572,0.0010263565913682003,0.002199335552931858,0.004398671105863716,0.013683682008034865,0.011630968825298465,0.014856660969598524,0.010457989863734807,0.01705599652253038,0.00825865431080295,0,0,1,0,0,0,0
2023-10-25 20:00:00,0.01240851,0.012706287499999998,0.0014359142268413126,0.0010051399587889189,0.0021538713402619687,0.004307742680523937,0.013711427458788917,0.01170114754121108,0.014860158840261966,0.01055241615973803,0.017014030180523936,0.00839854481947606,0,0,1,0,0,0,0
2023-10-25 21:00:00,0.01219853,0.012749867083333333,0.001402186134665178,0.0009815302942656247,0.002103279201997767,0.004206558403995534,0.013731397377598958,0.011768336789067708,0.0148531462853311,0.010646587881335566,0.01695642548732887,0.008543308679337799,0,0,1,0,0,0,0
2023-10-25 22:00:00,0.0122777,0.012796246666666665,0.0013653970554754655,0.0009557779388328258,0.0020480955832131984,0.004096191166426397,0.01375202460549949,0.01184046872783384,0.014844342249879863,0.010748151083453467,0.016892437833093063,0.008700055500240268,0,0,1,0,0,0,0
2023-10-25 23:00:00,0.01183165,0.01283087625,0.001327898192845824,0.0009295287349920767,0.0019918472892687363,0.003983694578537473,0.013760404984992076,0.011901347515007923,0.014822723539268737,0.010839028960731262,0.016814570828537472,0.008847181671462527,0,1,0,0,0,0,0
2023-10-26 00:00:00,0.01300681,0.012917017916666664,0.0012654511460651842,0.0008858158022456288,0.0018981767190977762,0.0037963534381955525,0.013802833718912293,0.012031202114421035,0.01481519463576444,0.011018841197568888,0.016713371354862217,0.00912066447847111,0,0,0,0,1,0,0
2023-10-26 01:00:00,0.01274473,0.012995422083333333,0.0011886184072418707,0.0008320328850693094,0.001782927610862806,0.003565855221725612,0.013827454968402642,0.012163389198264023,0.01477834969419614,0.011212494472470526,0.016561277305058946,0.009429566861607721,0,0,1,0,0,0,0
2023-10-26 02:00:00,0.01320512,0.013083039999999999,0.0011184324057317435,0.0007829026840122204,0.0016776486085976153,0.0033552972171952307,0.01386594268401222,0.012300137315987779,0.014760688608597614,0.011405391391402384,0.01643833721719523,0.009727742782804768,0,0,0,0,1,0,0
2023-10-26 03:00:00,0.01406524,0.013195575416666666,0.0010729380994298288,0.0007510566696008801,0.0016094071491447432,0.0032188142982894864,0.013946632086267546,0.012444518747065786,0.01480498256581141,0.011586168267521922,0.01641438971495615,0.00997676111837718,0,0,0,0,0,1,0
2023-10-26 04:00:00,0.01670783,0.013403983749999999,0.001243282501528362,0.0008702977510698534,0.001864923752292543,0.003729847504585086,0.014274281501069852,0.012533685998930146,0.015268907502292543,0.011539059997707456,0.017133831254585084,0.009674136245414914,0,0,0,0,0,0,1
2023-10-26 05:00:00,0.01703626,0.0136118375,0.0014122064200521435,0.0009885444940365003,0.0021183096300782154,0.004236619260156431,0.0146003819940365,0.0126232930059635,0.015730147130078215,0.011493527869921784,0.01784845676015643,0.00937521823984357,0,0,0,0,0,0,1
2023-10-26 06:00:00,0.01726287,0.013825415833333334,0.0015593979696159237,0.0010915785787311465,0.0023390969544238856,0.004678193908847771,0.01491699441206448,0.012733837254602188,0.01616451278775722,0.011486318878909448,0.018503609742181105,0.009147221924485562,0,0,0,0,0,0,1
2023-10-26 07:00:00,0.01778948,0.014054044166666666,0.0017203302535493074,0.001204231177484515,0.002580495380323961,0.005160990760647922,0.015258275344151181,0.012849812989182152,0.016634539546990627,0.011473548786342706,0.01921503492731459,0.008893053406018744,0,0,0,0,0,0,1
2023-10-26 08:00:00,0.01973946,0.014308544166666666,0.0020711288876125223,0.0014497902213287655,0.0031066933314187837,0.006213386662837567,0.015758334387995433,0.0128587539453379,0.017415237498085448,0.011201850835247882,0.020521930829504233,0.008095157503829099,0,0,0,0,0,0,1
2023-10-26 09:00:00,0.02058321,0.014603240416666668,0.0024255028855806617,0.001697852019906463,0.0036382543283709923,0.007276508656741985,0.01630109243657313,0.012905388396760205,0.01824149474503766,0.010964986088295676,0.02187974907340865,0.0073267317599246835,0,0,0,0,0,0,1
2023-10-26 10:00:00,0.02038719,0.014890561666666668,0.002682854217017841,0.0018779979519124885,0.004024281325526761,0.008048562651053522,0.016768559618579156,0.013012563714754179,0.01891484299219343,0.010866280341139907,0.02293912431772019,0.006841999015613146,0,0,0,0,0,0,1
2023-10-26 11:00:00,0.01982339,0.015151530833333334,0.0028473899906097744,0.001993172993426842,0.004271084985914662,0.008542169971829324,0.01714470382676018,0.013158357839906492,0.019422615819247997,0.010880445847418672,0.023693700805162657,0.00660936086150401,0,0,0,0,0,0,1
2023-10-26 12:00:00,0.01565281,0.015193428333333333,0.002847045429999919,0.001992931800999943,0.004270568144999878,0.008541136289999756,0.017186360134333275,0.01320049653233339,0.01946399647833321,0.010922860188333456,0.02373456462333309,0.006652292043333577,0,0,0,0,1,0,0
2023-10-26 13:00:00,0.01463235,0.015182860416666666,0.0028487065007372493,0.001994094550516074,0.004273059751105874,0.008546119502211747,0.01717695496718274,0.013188765866150592,0.01945592016777254,0.010909800665560791,0.023728979918878415,0.006636740914454918,0,0,1,0,0,0,0
2023-10-26 14:00:00,0.01400538,0.015134824583333333,0.002858841633042408,0.0020011891431296856,0.004288262449563612,0.008576524899127224,0.01713601372646302,0.013133635440203647,0.019423087032896944,0.010846562133769722,0.023711349482460557,0.0065582996842061085,0,0,1,0,0,0,0
2023-10-26 15:00:00,0.01330487,0.015038583749999999,0.0028807807086406304,0.002016546496048441,0.004321171062960946,0.008642342125921892,0.01705513024604844,0.013022037253951558,0.019359754812960945,0.010717412687039053,0.02368092587592189,0.006396241624078107,0,0,1,0,0,0,0
2023-10-26 16:00:00,0.0098123,0.014895143333333333,0.0030539585552675974,0.002137770988687318,0.004580937832901396,0.009161875665802791,0.01703291432202065,0.012757372344646014,0.019476081166234727,0.010314205500431937,0.024057018999136124,0.0057332676675305415,1,0,0,0,0,0,0
2023-10-26 17:00:00,0.01065973,0.0147782275,0.0031628318947852967,0.0022139823263497074,0.0047442478421779455,0.009488495684355891,0.016992209826349705,0.012564245173650292,0.019522475342177943,0.010033979657822054,0.02426672318435589,0.0052897318156441085,0,1,0,0,0,0,0
2023-10-26 18:00:00,0.01120866,0.014704009583333332,0.0032268714867828684,0.002258810040748008,0.004840307230174303,0.009680614460348605,0.01696281962408134,0.012445199542585324,0.019544316813507635,0.009863702353159028,0.024384624043681937,0.0050233951229847265,0,1,0,0,0,0,0
2023-10-26 19:00:00,0.00946659,0.014575444583333333,0.0033744272288531185,0.0023620990601971826,0.005061640843279678,0.010123281686559356,0.016937543643530516,0.01221334552313615,0.01963708542661301,0.009513803740053655,0.02469872626989269,0.004452162896773977,1,0,0,0,0,0,0
2023-10-26 20:00:00,0.00912578,0.014438664166666665,0.0035290698690224596,0.0024703489083157215,0.00529360480353369,0.01058720960706738,0.016909013074982385,0.011968315258350943,0.019732268970200355,0.009145059363132976,0.025025873773734046,0.003851454559599286,1,0,0,0,0,0,0
2023-10-26 21:00:00,0.00953457,0.014327665833333331,0.0036426574665075332,0.002549860226555273,0.0054639861997613,0.0109279723995226,0.016877526059888605,0.011777805606778057,0.01979165203309463,0.008863679633572031,0.025255638232855933,0.003399693433810731,0,1,0,0,0,0,0
2023-10-26 22:00:00,0.00986739,0.014227236249999999,0.0037337215539944937,0.0026136050877961455,0.005600582330991741,0.011201164661983481,0.016840841337796144,0.011613631162203854,0.019827818580991738,0.008626653919008258,0.02542840091198348,0.0030260715880165174,0,1,0,0,0,0,0
2023-10-26 23:00:00,0.01036693,0.01416620625,0.0037861837031648226,0.0026503285922153757,0.0056792755547472335,0.011358551109494467,0.016816534842215375,0.011515877657784624,0.019845481804747232,0.008486930695252767,0.025524757359494468,0.0028076551405055335,0,1,0,0,0,0,0
2023-10-27 00:00:00,0.01141678,0.014099954999999999,0.003821103331153975,0.0026747723318077824,0.005731654996730963,0.011463309993461925,0.016774727331807782,0.011425182668192216,0.01983160999673096,0.008368300003269036,0.025563264993461926,0.002636645006538074,0,1,0,0,0,0,0
2023-10-27 01:00:00,0.01115813,0.014033846666666667,0.0038591050854779544,0.002701373559834568,0.005788657628216932,0.011577315256433863,0.016735220226501236,0.0113324731068321,0.019822504294883598,0.008245189038449736,0.02561116192310053,0.002456531410232804,0,1,0,0,0,0,0
2023-10-27 02:00:00,0.01075993,0.013931963749999998,0.00391382464316223,0.0027396772502135606,0.005870736964743345,0.01174147392948669,0.01667164100021356,0.011192286499786437,0.019802700714743344,0.008061226785256653,0.02567343767948669,0.0021904898205133087,0,1,0,0,0,0,0
2023-10-27 03:00:00,0.01084186,0.01379765625,0.003964037200272686,0.00277482604019088,0.0059460558004090286,0.011892111600818057,0.01657248229019088,0.01102283020980912,0.019743712050409028,0.007851600449590972,0.025689767850818057,0.001905544649181943,0,1,0,0,0,0,0
2023-10-27 04:00:00,0.01107791,0.013563076249999998,0.003950893311501524,0.0027656253180510667,0.005926339967252286,0.011852679934504572,0.016328701568051066,0.010797450931948931,0.019489416217252285,0.007636736282747712,0.02541575618450457,0.001710396315495426,0,0,1,0,0,0,0
2023-10-27 05:00:00,0.01099901,0.013311524166666667,0.0039121470843024595,0.0027385029590117215,0.00586822062645369,0.01173644125290738,0.01605002712567839,0.010573021207654945,0.019179744793120356,0.007443303540212977,0.025047965419574048,0.0015750829137592872,0,0,1,0,0,0,0
2023-10-27 06:00:00,0.01121389,0.013059483333333335,0.003840713961336537,0.002688499772935576,0.005761070942004805,0.01152214188400961,0.01574798310626891,0.01037098356039776,0.01882055427533814,0.00729841239132853,0.024581625217342945,0.0015373414493237252,0,0,1,0,0,0,0
2023-10-27 07:00:00,0.01133337,0.012790478749999999,0.0037191911313620794,0.0026034337919534556,0.005578786697043119,0.011157573394086238,0.015393912541953454,0.010187044958046544,0.018369265447043117,0.00721169205295688,0.023948052144086237,0.0016329053559137607,0,0,1,0,0,0,0
2023-10-27 08:00:00,0.01290619,0.012505759166666667,0.0034130458432071664,0.0023891320902450163,0.005119568764810749,0.010239137529621498,0.014894891256911683,0.01011662707642165,0.017625327931477416,0.007386190401855917,0.022744896696288167,0.0022666216370451683,0,0,0,0,1,0,0
2023-10-27 09:00:00,0.01327295,0.012201165,0.0029565034547821556,0.0020695524183475087,0.004434755182173233,0.008869510364346467,0.014270717418347508,0.010131612581652492,0.016635920182173233,0.0077664098178267665,0.021070675364346467,0.003331654635653533,0,0,0,0,1,0,0
2023-10-27 10:00:00,0.01368204,0.011921783749999998,0.002416876207671131,0.0016918133453697915,0.0036253143115066964,0.007250628623013393,0.01361359709536979,0.010229970404630206,0.015547098061506694,0.008296469438493301,0.01917241237301339,0.004671155126986605,0,0,0,0,0,1,0
2023-10-27 11:00:00,0.01389342,0.011674701666666667,0.0017977819994591832,0.0012584473996214282,0.002696672999188775,0.00539334599837755,0.012933149066288094,0.01041625426704524,0.014371374665855443,0.008978028667477891,0.017068047665044217,0.006281355668289117,0,0,0,0,0,1,0
2023-10-27 12:00:00,0.01400341,0.011605976666666665,0.001665776281749844,0.0011660433972248909,0.002498664422624766,0.004997328845249532,0.012772020063891555,0.010439933269441775,0.014104641089291431,0.009107312244041899,0.016603305511916196,0.006608647821417133,0,0,0,0,0,1,0
2023-10-27 13:00:00,0.01448403,0.011599796666666667,0.0016542958977544774,0.0011580071284281342,0.002481443846631716,0.004962887693263432,0.0127578037950948,0.010441789538238534,0.014081240513298383,0.009118352820034951,0.0165626843599301,0.006636908973403235,0,0,0,0,0,0,1
2023-10-27 14:00:00,0.01463661,0.011626097916666666,0.0016986284109909557,0.0011890398876936688,0.0025479426164864336,0.005095885232972867,0.012815137804360336,0.010437058028972997,0.0141740405331531,0.009078155300180232,0.016721983149639533,0.006530212683693799,0,0,0,0,0,0,1
2023-10-27 15:00:00,0.01466314,0.0116826925,0.0017777766181366053,0.0012444436326956236,0.002666664927204908,0.005333329854409816,0.012927136132695622,0.010438248867304377,0.014349357427204907,0.009016027572795092,0.017016022354409816,0.006349362645590184,0,0,0,0,0,0,1
2023-10-27 16:00:00,0.01342372,0.011833168333333331,0.001765375196105043,0.00123576263727353,0.0026480627941575644,0.005296125588315129,0.013068930970606862,0.0105974056960598,0.014481231127490895,0.009185105539175767,0.01712929392164846,0.006537042745018202,0,0,0,0,0,1,0
2023-10-27 17:00:00,0.01306773,0.011933501666666665,0.0017642121376130393,0.0012349484963291274,0.002646318206419559,0.005292636412839118,0.013168450162995792,0.010698553170337539,0.014579819873086224,0.009287183460247107,0.017226138079505782,0.006640865253827548,0,0,0,0,1,0,0
2023-10-27 18:00:00,0.01284356,0.012001622499999998,0.001766569541173482,0.0012365986788214374,0.002649854311760223,0.005299708623520446,0.013238221178821435,0.010765023821178561,0.014651476811760222,0.009351768188239774,0.017301331123520444,0.006701913876479552,0,0,0,0,1,0,0
2023-10-27 19:00:00,0.01267685,0.012135383333333331,0.0016859753731674834,0.0011801827612172382,0.002528963059751225,0.00505792611950245,0.01331556609455057,0.010955200572116092,0.014664346393084556,0.009606420273582106,0.01719330945283578,0.007077457213830881,0,0,0,0,1,0,0
2023-10-27 20:00:00,0.0122744,0.012266575833333333,0.0015593523758219532,0.001091546663075367,0.0023390285637329296,0.004678057127465859,0.0133581224964087,0.011175029170257965,0.014605604397066263,0.009927547269600403,0.01694463296079919,0.007588518705867474,0,0,0,0,1,0,0
2023-10-27 21:00:00,0.01144702,0.012346261249999999,0.00145932917362821,0.001021530421539747,0.002188993760442315,0.00437798752088463,0.013367791671539746,0.011324730828460252,0.014535255010442314,0.010157267489557684,0.01672424877088463,0.007968273729115368,0,0,1,0,0,0,0
2023-10-27 22:00:00,0.01068548,0.012380348333333333,0.0014075458604827027,0.000985282102337892,0.002111318790724054,0.004222637581448108,0.013365630435671225,0.01139506623099544,0.014491667124057386,0.01026902954260928,0.01660298591478144,0.008157710751885225,0,1,0,0,0,0,0
2023-10-27 23:00:00,0.01019934,0.012373365416666665,0.0014183431352383505,0.0009928401946668454,0.0021275147028575257,0.004255029405715051,0.01336620561133351,0.01138052522199982,0.014500880119524192,0.01024585071380914,0.016628394822381716,0.008118336010951615,1,0,0,0,0,0,0
2023-10-28 00:00:00,0.00728982,0.012201408749999998,0.0017506117786828923,0.0012254282450780245,0.0026259176680243383,0.005251835336048677,0.013426836995078023,0.010975980504921974,0.014827326418024336,0.00957549108197566,0.017453244086048675,0.006949573413951322,1,0,0,0,0,0,0
2023-10-28 01:00:00,0.00745909,0.012047282083333333,0.001992570905001977,0.0013947996335013837,0.0029888563575029654,0.005977712715005931,0.013442081716834716,0.010652482449831949,0.015036138440836299,0.009058425725830366,0.018024994798339265,0.006069569368327402,1,0,0,0,0,0,0
2023-10-28 02:00:00,0.00761224,0.011916128333333331,0.002176128235219277,0.0015232897646534939,0.0032641923528289154,0.006528384705657831,0.013439418097986825,0.010392838568679837,0.015180320686162246,0.008651935980504417,0.01844451303899116,0.0053877436276755005,1,0,0,0,0,0,0
2023-10-28 03:00:00,0.00779949,0.011789362916666666,0.002324952319525021,0.0016274666236675145,0.0034874284792875314,0.006974856958575063,0.01341682954033418,0.010161896292999151,0.015276791395954198,0.008301934437379133,0.01876421987524173,0.004814505958091603,1,0,0,0,0,0,0
2023-10-28 04:00:00,0.00815536,0.011667589999999999,0.0024376414129199477,0.0017063489890439634,0.003656462119379922,0.007312924238759844,0.013373938989043961,0.009961241010956036,0.01532405211937992,0.008011127880620077,0.018980514238759842,0.004354665761240155,0,1,0,0,0,0,0
2023-10-28 05:00:00,0.00867527,0.0115707675,0.0025104147378076664,0.0017572903164653664,0.0037656221067114996,0.007531244213422999,0.013328057816465367,0.009813477183534635,0.0153363896067115,0.007805145393288501,0.019102011713423,0.0040395232865770014,0,1,0,0,0,0,0
2023-10-28 06:00:00,0.00912601,0.011483772499999998,0.0025590252232700595,0.0017913176562890415,0.003838537834905089,0.007677075669810178,0.013275090156289039,0.009692454843710957,0.015322310334905087,0.007645234665094909,0.019160848169810174,0.0038066968301898197,0,1,0,0,0,0,0
2023-10-28 07:00:00,0.00939397,0.011402964166666666,0.0025943581433060053,0.0018160507003142036,0.0038915372149590077,0.007783074429918015,0.01321901486698087,0.009586913466352463,0.015294501381625674,0.007511426951707659,0.01918603859658468,0.003619889736748651,0,1,0,0,0,0,0
2023-10-28 08:00:00,0.01625529,0.011542509999999999,0.0027632997852944687,0.0019343098497061279,0.004144949677941703,0.008289899355883406,0.013476819849706126,0.009608200150293872,0.015687459677941704,0.007397560322058296,0.019832409355883405,0.003252610644116593,0,0,0,0,0,0,1
2023-10-28 09:00:00,0.01684022,0.01169114625,0.0029500558151931023,0.0020650390706351716,0.0044250837227896534,0.008850167445579307,0.013756185320635172,0.009626107179364827,0.016116229972789654,0.007266062527210346,0.020541313695579308,0.0028409788044206925,0,0,0,0,0,0,1
2023-10-28 10:00:00,0.01658968,0.011812297916666666,0.003091677353500423,0.002164174147450296,0.004637516030250635,0.00927503206050127,0.013976472064116962,0.00964812376921637,0.016449813946917302,0.007174781886416031,0.021087329977167935,0.002537265856165396,0,0,0,0,0,0,1
2023-10-28 11:00:00,0.01645455,0.011919011666666667,0.003208622291578461,0.0022460356041049227,0.004812933437367692,0.009625866874735383,0.01416504727077159,0.009672976062561744,0.01673194510403436,0.007106078229298975,0.02154487854140205,0.002293144791931283,0,0,0,0,0,1,0
2023-10-28 12:00:00,0.0167109,0.012031823749999998,0.0033303802565887784,0.002331266179612145,0.004995570384883167,0.009991140769766335,0.014363089929612143,0.009700557570387854,0.017027394134883165,0.007036253365116831,0.022022964519766333,0.0020406829802336636,0,0,0,0,0,1,0
2023-10-28 13:00:00,0.01662538,0.012121046666666668,0.003426237238078648,0.0023983660666550533,0.005139355857117972,0.010278711714235944,0.014519412733321722,0.009722680600011614,0.017260402523784642,0.006981690809548696,0.022399758380902614,0.0018423349524307239,0,0,0,0,0,1,0
2023-10-28 14:00:00,0.01650915,0.012199069166666665,0.0035063955777393787,0.002454476904417565,0.005259593366609068,0.010519186733218135,0.014653546071084229,0.0097445922622491,0.017458662533275732,0.006939475800057597,0.0227182558998848,0.0016798824334485294,0,0,0,0,0,1,0
2023-10-28 15:00:00,0.01636664,0.012270048333333332,0.0035750142435917293,0.00250250997051421,0.005362521365387594,0.010725042730775187,0.014772558303847542,0.009767538362819121,0.017632569698720926,0.006907526967945738,0.02299509106410852,0.0015450056025581443,0,0,0,0,0,1,0
2023-10-28 16:00:00,0.01365089,0.012279513749999998,0.0035785006120401834,0.002504950428428128,0.005367750918060275,0.01073550183612055,0.014784464178428127,0.00977456332157187,0.017647264668060273,0.006911762831939724,0.023015015586120548,0.0015440119138794492,0,0,0,0,1,0,0
2023-10-28 17:00:00,0.01355844,0.012299959999999999,0.00358459667742407,0.002509217674196849,0.005376895016136105,0.01075379003227221,0.014809177674196847,0.00979074232580315,0.017676855016136105,0.006923064983863894,0.02305375003227221,0.0015461699677277885,0,0,0,0,1,0,0
2023-10-28 18:00:00,0.0137071,0.012335940833333331,0.0035946103250511273,0.002516227227535789,0.005391915487576691,0.010783830975153383,0.014852168060869121,0.009819713605797541,0.01772785632091002,0.00694402534575664,0.023119771808486712,0.0015521098581799484,0,0,0,0,1,0,0
2023-10-28 19:00:00,0.01417934,0.012398544583333332,0.003613838004752122,0.0025296866033264853,0.0054207570071281835,0.010841514014256367,0.014928231186659818,0.009868857980006846,0.017819301590461516,0.006977787576205149,0.0232400585975897,0.0015570305690769653,0,0,0,0,1,0,0
2023-10-28 20:00:00,0.01746148,0.012614672916666665,0.0037583114042837157,0.002630817982998601,0.005637467106425573,0.011274934212851147,0.015245490899665266,0.009983854933668063,0.018252140023092236,0.0069772058102410914,0.023889607129517813,0.001339738703815518,0,0,0,0,0,1,0
2023-10-28 21:00:00,0.01797404,0.012886632083333334,0.0039034941167368806,0.0027324458817158163,0.005855241175105321,0.011710482350210641,0.01561907796504915,0.010154186201617517,0.018741873258438655,0.007031390908228013,0.024597114433543975,0.0011761497331226924,0,0,0,0,0,1,0
2023-10-28 22:00:00,0.01840917,0.013208452499999997,0.004030453846271348,0.0028213176923899434,0.006045680769407022,0.012091361538814044,0.01602977019238994,0.010387134807610054,0.019254133269407017,0.007162771730592975,0.02529981403881404,0.0011170909611859531,0,0,0,0,0,1,0
2023-10-28 23:00:00,0.01854122,0.013556030833333335,0.004118405311807055,0.0028828837182649386,0.006177607967710583,0.012355215935421167,0.016438914551598273,0.010673147115068397,0.019733638801043916,0.007378422865622751,0.025911246768754503,0.001200814897912168,0,0,0,0,0,1,0
2023-10-29 00:00:00,0.02287909,0.01420558375,0.004311950085435221,0.003018365059804654,0.0064679251281528315,0.012935850256305663,0.017223948809804653,0.011187218690195346,0.020673508878152832,0.007737658621847169,0.027141434006305663,0.0012697334936943375,0,0,0,0,0,0,1
2023-10-29 01:00:00,0.02144064,0.014788148333333334,0.00430531883672783,0.003013723185709481,0.006457978255091745,0.01291595651018349,0.017801871519042816,0.011774425147623852,0.02124612658842508,0.008330170078241588,0.027704104843516826,0.001872191823149844,0,0,0,0,0,0,1
2023-10-29 02:00:00,0.02058367,0.015328624583333332,0.004177613098992945,0.0029243291692950613,0.006266419648489417,0.012532839296978834,0.018252953752628392,0.012404295414038272,0.02159504423182275,0.009062204934843915,0.027861463880312166,0.0027957852863544977,0,0,0,0,0,1,0
2023-10-29 03:00:00,0.02014733,0.015843117916666666,0.003964985611409716,0.002775489927986801,0.005947478417114575,0.01189495683422915,0.018618607844653468,0.013067627988679865,0.02179059633378124,0.009895639499552092,0.027738074750895816,0.003948161082437517,0,0,0,0,0,1,0
2023-10-29 04:00:00,0.02122028,0.016387489583333335,0.003754913469041067,0.002628439428328747,0.005632370203561601,0.011264740407123202,0.019015929011662082,0.013759050155004587,0.022019859786894934,0.010755119379771734,0.027652229990456537,0.005122749176210133,0,0,0,0,0,1,0
2023-10-29 05:00:00,0.02102157,0.016901918749999998,0.0034886817135581388,0.002442077199490697,0.005233022570337208,0.010466045140674417,0.019343995949490694,0.0144598415505093,0.022134941320337206,0.01166889617966279,0.027367963890674415,0.006435873609325581,0,0,0,0,0,1,0
2023-10-29 06:00:00,0.02080512,0.017388548333333333,0.003155516390886405,0.0022088614736204834,0.004733274586329607,0.009466549172659215,0.019597409806953816,0.01517968685971285,0.022121822919662942,0.012655273747003726,0.026855097505992548,0.007921999160674119,0,0,0,0,0,1,0
2023-10-29 07:00:00,0.02065905,0.017857926666666666,0.002722792994503609,0.0019059550961525262,0.0040841894917554135,0.008168378983510827,0.019763881762819194,0.015951971570514138,0.02194211615842208,0.013773737174911253,0.026026305650177495,0.009689547683155839,0,0,0,0,0,1,0
2023-10-29 08:00:00,0.01950137,0.017993179999999998,0.0027203441075123814,0.0019042408752586667,0.0040805161612685725,0.008161032322537145,0.019897420875258663,0.016088939124741332,0.02207369616126857,0.013912663838731425,0.026154212322537142,0.009832147677462853,0,0,0,0,1,0,0
2023-10-29 09:00:00,0.01911378,0.018087911666666668,0.0027180340315695237,0.0019026238220986665,0.004077051047354285,0.00815410209470857,0.019990535488765334,0.016185287844568002,0.022164962714020953,0.014010860619312383,0.02624201376137524,0.009933809571958097,0,0,0,0,1,0,0
2023-10-29 10:00:00,0.01826177,0.018157582083333335,0.002699326327484517,0.001889528429239162,0.004048989491226776,0.008097978982453551,0.020047110512572498,0.016268053654094172,0.02220657157456011,0.01410859259210656,0.026255561065786887,0.010059603100879784,0,0,0,0,1,0,0
2023-10-29 11:00:00,0.01784982,0.018215718333333332,0.0026759770565835147,0.00187318393960846,0.004013965584875272,0.008027931169750544,0.020088902272941793,0.01634253439372487,0.022229683918208603,0.014201752748458061,0.026243649503083874,0.010187787163582788,0,0,1,0,0,0,0
2023-10-29 12:00:00,0.01603451,0.018187535416666664,0.002696001489350754,0.0018872010425455277,0.004044002234026131,0.008088004468052261,0.020074736459212192,0.016300334374121137,0.022231537650692794,0.014143533182640534,0.026275539884718924,0.010099530948614403,0,1,0,0,0,0,0
2023-10-29 13:00:00,0.01663876,0.018188092916666666,0.0026956657723212073,0.001886966040624845,0.004043498658481811,0.008086997316963622,0.02007505895729151,0.01630112687604182,0.022231591575148476,0.014144594258184855,0.02627509023363029,0.010101095599703043,0,0,1,0,0,0,0
2023-10-29 14:00:00,0.01742087,0.018226081249999998,0.0026773386197672905,0.0018741370338371032,0.0040160079296509355,0.008032015859301871,0.020100218283837103,0.016351944216162893,0.022242089179650933,0.014210073320349063,0.026258097109301867,0.010194065390698127,0,0,1,0,0,0,0
2023-10-29 15:00:00,0.01808884,0.018297839583333333,0.0026482561871136673,0.001853779330979567,0.003972384280670501,0.007944768561341003,0.0201516189143129,0.016444060252353766,0.022270223864003832,0.014325455302662831,0.026242608144674336,0.01035307102199233,0,0,1,0,0,0,0
2023-10-29 16:00:00,0.02561195,0.018796217083333334,0.002853266219360242,0.0019972863535521693,0.004279899329040363,0.008559798658080726,0.020793503436885505,0.016798930729781163,0.0230761164123737,0.014516317754292971,0.02735601574141406,0.010236418425252608,0,0,0,0,0,0,1
2023-10-29 17:00:00,0.02622222,0.019323874583333334,0.003009225082791764,0.0021064575579542344,0.004513837624187646,0.009027675248375291,0.02143033214128757,0.0172174170253791,0.02383771220752098,0.014810036959145689,0.028351549831708626,0.010296199334958043,0,0,0,0,0,0,1
2023-10-29 18:00:00,0.02664017,0.0198627525,0.0031157781836340243,0.002181044728543817,0.004673667275451036,0.009347334550902073,0.022043797228543816,0.017681707771456185,0.024536419775451037,0.015189085224548964,0.029210087050902073,0.010515417949097928,0,0,0,0,0,0,1
2023-10-29 19:00:00,0.02687707,0.020391824583333332,0.003186023504525655,0.002230216453167958,0.004779035256788482,0.009558070513576964,0.02262204103650129,0.018161608130165374,0.025170859840121816,0.01561278932654485,0.029949895096910296,0.010833754069756368,0,0,0,0,0,0,1
2023-10-29 20:00:00,0.02932709,0.020886224999999998,0.0036046638805084497,0.0025232647163559146,0.005406995820762674,0.010813991641525349,0.02340948971635591,0.018362960283644085,0.026293220820762672,0.015479229179237323,0.03170021664152535,0.01007223335847465,0,0,0,0,0,0,1
2023-10-29 21:00:00,0.02875712,0.02133552,0.0038868687610050545,0.002720808132703538,0.005830303141507582,0.011660606283015164,0.024056328132703537,0.018614711867296463,0.027165823141507582,0.015505216858492418,0.03299612628301517,0.009674913716984836,0,0,0,0,0,0,1
2023-10-29 22:00:00,0.02845748,0.02175419958333333,0.0040936323260297655,0.0028655426282208356,0.006140448489044648,0.012280896978089297,0.024619742211554167,0.018888656955112496,0.02789464807237798,0.015613751094288683,0.03403509656142263,0.009473302605244035,0,0,0,0,0,0,1
2023-10-29 23:00:00,0.02862241,0.022174249166666663,0.004263314010720602,0.0029843198075044214,0.006394971016080903,0.012789942032161807,0.025158568974171083,0.019189929359162243,0.028569220182747566,0.01577927815058576,0.03496419119882847,0.009384307134504857,0,0,0,0,0,0,1
2023-10-30 00:00:00,0.02146443,0.022115305000000002,0.004262924709614526,0.0029840472967301683,0.00639438706442179,0.01278877412884358,0.02509935229673017,0.019131257703269833,0.02850969206442179,0.015720917935578213,0.03490407912884358,0.009326530871156423,0,0,1,0,0,0,0
2023-10-30 01:00:00,0.02102083,0.022097812916666668,0.004266673086121969,0.0029866711602853785,0.006400009629182954,0.012800019258365908,0.025084484076952046,0.01911114175638129,0.02849782254584962,0.015697803287483714,0.034897832175032575,0.00929779365830076,0,0,1,0,0,0,0
2023-10-30 02:00:00,0.01984818,0.0220671675,0.004280639744134242,0.0029964478208939693,0.006420959616201363,0.012841919232402726,0.02506361532089397,0.019070719679106028,0.028488127116201363,0.015646207883798634,0.03490908673240273,0.009225248267597273,0,0,1,0,0,0,0
2023-10-30 03:00:00,0.01898695,0.022018818333333332,0.0043097211785798955,0.0030168048250059265,0.006464581767869843,0.012929163535739686,0.02503562315833926,0.019002013508327406,0.028483400101203177,0.01555423656546349,0.03494798186907302,0.009089654797593646,0,1,0,0,0,0,0
2023-10-30 04:00:00,0.01396885,0.021716675416666664,0.004611744841639636,0.0032282213891477447,0.0069176172624594535,0.013835234524918907,0.02494489680581441,0.01848845402751892,0.02863429267912612,0.01479905815420721,0.03555190994158557,0.007881440891747757,1,0,0,0,0,0,0
2023-10-30 05:00:00,0.01329125,0.02139457875,0.004921925625059648,0.003445347937541753,0.007382888437589472,0.014765776875178944,0.024839926687541754,0.017949230812458247,0.028777467187589473,0.014011690312410528,0.03616035562517894,0.006628801874821056,1,0,0,0,0,0,0
2023-10-30 06:00:00,0.01266903,0.021055574999999997,0.005234553538117279,0.0036641874766820954,0.007851830307175919,0.015703660614351838,0.024719762476682092,0.0173913875233179,0.028907405307175914,0.013203744692824078,0.036759235614351835,0.0053519143856481585,1,0,0,0,0,0,0
2023-10-30 07:00:00,0.01205698,0.020697155416666665,0.005548000018227359,0.003883600012759151,0.008322000027341039,0.016644000054682077,0.024580755429425817,0.016813555403907512,0.029019155444007703,0.012375155389325626,0.03734115547134874,0.004053155361984587,1,0,0,0,0,0,0
2023-10-30 08:00:00,0.01456607,0.020491517916666663,0.005684044868415787,0.003978831407891051,0.008526067302623681,0.017052134605247363,0.024470349324557716,0.01651268650877561,0.029017585219290345,0.011965450614042982,0.03754365252191402,0.003439383311419301,0,1,0,0,0,0,0
2023-10-30 09:00:00,0.01237193,0.0202106075,0.005916917932279562,0.004141842552595694,0.008875376898419343,0.017750753796838686,0.024352450052595696,0.016068764947404307,0.029085984398419345,0.011335230601580659,0.03796136129683869,0.0024598537031613153,0,1,0,0,0,0,0
2023-10-30 10:00:00,0.01205696,0.019952073749999997,0.006137227659605926,0.004296059361724148,0.009205841489408888,0.018411682978817775,0.024248133111724145,0.01565601438827585,0.029157915239408885,0.010746232260591109,0.03836375672881777,0.0015403907711822214,0,1,0,0,0,0,0
2023-10-30 11:00:00,0.01280846,0.01974201708333333,0.006296516401453821,0.004407561481017674,0.009444774602180732,0.018889549204361464,0.024149578564351005,0.015334455602315656,0.029186791685514062,0.010297242481152599,0.03863156628769479,0.0008524678789718666,0,1,0,0,0,0,0
2023-10-30 12:00:00,0.01339212,0.0196319175,0.006386621173831737,0.0044706348216822156,0.009579931760747605,0.01915986352149521,0.024102552321682215,0.015161282678317782,0.029211849260747602,0.010051985739252393,0.038791781021495206,0.00047205397850478767,0,1,0,0,0,0,0
2023-10-30 13:00:00,0.01261425,0.019464229583333333,0.006520066664229983,0.004564046664960988,0.009780099996344976,0.01956019999268995,0.02402827624829432,0.014900182918372345,0.02924432957967831,0.009684129586988357,0.039024429576023284,-9.597040935661882e-05,0,1,0,0,0,0,0
2023-10-30 14:00:00,0.01212514,0.019243574166666666,0.00667987756999808,0.0046759142989986555,0.01001981635499712,0.02003963270999424,0.02391948846566532,0.01456765986766801,0.029263390521663785,0.009223757811669547,0.039283206876660905,-0.0007960585433275727,0,1,0,0,0,0,0
2023-10-30 15:00:00,0.01207066,0.018992816666666665,0.006836238995647642,0.0047853672969533495,0.010254358493471463,0.020508716986942926,0.023778183963620015,0.014207449369713316,0.02924717516013813,0.008738458173195202,0.03950153365360959,-0.001515900320276261,0,1,0,0,0,0,0
2023-10-30 16:00:00,0.01676343,0.018624128333333333,0.006701007891948245,0.004690705524363771,0.010051511837922366,0.020103023675844732,0.023314833857697104,0.013933422808969562,0.0286756401712557,0.008572616495410967,0.03872715200917806,-0.0014788953425113986,0,0,1,0,0,0,0
2023-10-30 17:00:00,0.01691569,0.01823635625,0.006508721933248131,0.004556105353273691,0.009763082899872197,0.019526165799744394,0.022792461603273688,0.013680250896726307,0.027999439149872195,0.008473273350127802,0.037762522049744396,-0.0012898095497443952,0,0,1,0,0,0,0
2023-10-30 18:00:00,0.01680035,0.01782636375,0.006261557604885693,0.0043830903234199844,0.00939233640732854,0.01878467281465708,0.022209454073419985,0.013443273426580016,0.02721870015732854,0.00843402734267146,0.036611036564657085,-0.0009583090646570792,0,0,1,0,0,0,0
2023-10-30 19:00:00,0.01652322,0.017394953333333334,0.0059603017321153435,0.00417221121248074,0.008940452598173016,0.017880905196346032,0.021567164545814074,0.013222742120852594,0.02633540593150635,0.008454500735160318,0.03527585852967936,-0.00048595186301269785,0,0,1,0,0,0,0
2023-10-30 20:00:00,0.01635992,0.016854654583333333,0.005392300419792534,0.0037746102938547737,0.008088450629688802,0.016176901259377603,0.020629264877188108,0.01308004428947856,0.024943105213022135,0.008766203953644532,0.03303155584271093,0.00067775332395573,0,0,1,0,0,0,0
2023-10-30 21:00:00,0.01626488,0.01633414458333333,0.004759181529101227,0.0033314270703708585,0.0071387722936518405,0.014277544587303681,0.01966557165370419,0.013002717512962473,0.023472916876985172,0.009195372289681491,0.030611689170637012,0.0020565999960296504,0,0,1,0,0,0,0
2023-10-30 22:00:00,0.01619279,0.01582311583333333,0.003998492723150267,0.002798944906205187,0.0059977390847254005,0.011995478169450801,0.01862206073953852,0.013024170927128145,0.021820854918058734,0.009825376748607931,0.027818594002784133,0.0038276376638825306,0,0,0,0,1,0,0
2023-10-30 23:00:00,0.01588403,0.015292349999999998,0.0029277042186059282,0.0020493929530241498,0.004391556327908892,0.008783112655817785,0.017341742953024146,0.013242957046975848,0.01968390632790889,0.010900793672091106,0.02407546265581778,0.006509237344182213,0,0,0,0,1,0,0
2023-10-31 00:00:00,0.01192352,0.014894812083333332,0.0026914111892865295,0.0018839878325005706,0.004037116783929795,0.00807423356785959,0.016778799915833902,0.013010824250832762,0.018931928867263127,0.010857695299403537,0.02296904565119292,0.006820578515473743,0,1,0,0,0,0,0
2023-10-31 01:00:00,0.01193538,0.014516251666666665,0.002417290230714904,0.0016921031615004327,0.003625935346072356,0.007251870692144712,0.0162083548281671,0.012824148505166232,0.018142187012739022,0.010890316320594309,0.021768122358811377,0.0072643809745219536,0,1,0,0,0,0,0
2023-10-31 02:00:00,0.01173314,0.014178125,0.0021965195467314935,0.0015375636827120454,0.0032947793200972402,0.0065895586401944805,0.015715688682712045,0.012640561317287954,0.01747290432009724,0.01088334567990276,0.02076768364019448,0.007588566359805519,0,1,0,0,0,0,0
2023-10-31 03:00:00,0.0113709,0.013860789583333331,0.0020141556507022973,0.001409908955491608,0.0030212334760534457,0.006042466952106891,0.015270698538824939,0.012450880627841724,0.016882023059386776,0.010839556107279887,0.01990325653544022,0.00781832263122644,0,1,0,0,0,0,0
2023-10-31 04:00:00,0.00965171,0.01368090875,0.0021892527194898484,0.0015324769036428939,0.0032838790792347724,0.006567758158469545,0.015213385653642894,0.012148431846357105,0.016964787829234773,0.010397029670765227,0.020248666908469545,0.007113150591530455,1,0,0,0,0,0,0
2023-10-31 05:00:00,0.00938067,0.013517967916666665,0.002358500426365179,0.0016509502984556254,0.003537750639547769,0.007075501279095538,0.01516891821512229,0.01186701761821104,0.017055718556214433,0.009980217277118897,0.0205934691957622,0.006442466637571127,1,0,0,0,0,0,0
2023-10-31 06:00:00,0.00905223,0.013367267916666667,0.00252479121651491,0.001767353851560437,0.0037871868247723647,0.007574373649544729,0.015134621768227104,0.011599914065106229,0.01715445474143903,0.009580081091894302,0.020941641566211394,0.005792894267121937,1,0,0,0,0,0,0
2023-10-31 07:00:00,0.0088418,0.013233302083333334,0.0026779892438413538,0.0018745924706889475,0.004016983865762031,0.008033967731524061,0.015107894554022281,0.011358709612644386,0.017250285949095365,0.009216318217571302,0.021267269814857395,0.005199334351809273,1,0,0,0,0,0,0
2023-10-31 08:00:00,0.00803973,0.012961371250000001,0.0028618146763689546,0.0020032702734582683,0.004292722014553432,0.008585444029106864,0.014964641523458269,0.010958100976541733,0.017254093264553433,0.008668649235446569,0.021546815279106867,0.004375927220893137,1,0,0,0,0,0,0
2023-10-31 09:00:00,0.00775122,0.012768841666666664,0.0030522851471794935,0.0021365996030256454,0.004578427720769241,0.009156855441538481,0.014905441269692309,0.01063224206364102,0.017347269387435905,0.008190413945897423,0.021925697108205147,0.0036119862251281828,1,0,0,0,0,0,0
2023-10-31 10:00:00,0.00779634,0.012591315833333332,0.0032150519196198464,0.0022505363437338925,0.00482257787942977,0.00964515575885954,0.014841852177067225,0.010340779489599439,0.017413893712763102,0.0077687379539035616,0.022236471592192872,0.0029461600744737915,0,1,0,0,0,0,0
2023-10-31 11:00:00,0.00827881,0.012402580416666668,0.0033325568134880672,0.0023327897694416467,0.004998835220232101,0.009997670440464202,0.014735370186108314,0.010069790647225022,0.01740141563689877,0.007403745196434567,0.02240025085713087,0.0024049099762024663,0,1,0,0,0,0,0
2023-10-31 12:00:00,0.00896933,0.012218297500000001,0.003397118204823194,0.002377982743376236,0.005095677307234791,0.010191354614469583,0.014596280243376237,0.009840314756623765,0.017313974807234792,0.00712262019276521,0.022409652114469582,0.0020269428855304184,0,1,0,0,0,0,0
2023-10-31 13:00:00,0.00951037,0.012088969166666666,0.003440198121059059,0.002408138684741341,0.005160297181588588,0.010320594363177176,0.014497107851408007,0.009680830481925326,0.017249266348255254,0.006928671985078078,0.022409563529843843,0.0017683748034894899,0,1,0,0,0,0,0
2023-10-31 14:00:00,0.00965322,0.011985972499999999,0.0034758866102775,0.00243312062719425,0.00521382991541625,0.0104276598308325,0.014419093127194249,0.009552851872805749,0.01719980241541625,0.006772142584583749,0.0224136323308325,0.0015583126691674984,0,0,1,0,0,0,0
2023-10-31 15:00:00,0.00962171,0.011883932916666666,0.003509080104227079,0.002456356072958955,0.0052636201563406185,0.010527240312681237,0.01434028898962562,0.009427576843707711,0.017147553073007284,0.0066203127603260475,0.0224111732293479,0.001356692603985429,0,0,1,0,0,0,0
2023-10-31 16:00:00,0.01131027,0.011656717916666665,0.0033524446025160327,0.0023467112217612227,0.005028666903774049,0.010057333807548098,0.014003429138427888,0.009310006694905441,0.016685384820440713,0.006628051012892616,0.021714051724214763,0.0015993841091185672,0,0,1,0,0,0,0
2023-10-31 17:00:00,0.01173503,0.011440857083333332,0.0031603893164271293,0.00221227252149899,0.004740583974640694,0.009481167949281388,0.013653129604832323,0.009228584561834341,0.016181441057974026,0.006700273108692638,0.02092202503261472,0.0019596891340519437,0,0,0,0,1,0,0
2023-10-31 18:00:00,0.01140822,0.011216184999999998,0.002947296729699207,0.002063107710789445,0.0044209450945488105,0.008841890189097621,0.013279292710789443,0.009153077289210554,0.01563713009454881,0.006795239905451188,0.02005807518909762,0.0023742948109023772,0,0,0,0,1,0,0
2023-10-31 19:00:00,0.01102508,0.010987095833333333,0.0027219172480120297,0.0019053420736084205,0.004082875872018044,0.008165751744036089,0.012892437906941754,0.009081753759724913,0.015069971705351378,0.006904219961315289,0.019152847577369424,0.002821344089297245,0,0,0,0,1,0,0
2023-10-31 20:00:00,0.0114234,0.0107814075,0.002473431939319475,0.0017314023575236324,0.0037101479089792127,0.007420295817958425,0.012512809857523632,0.009050005142476367,0.014491555408979211,0.007071259591020787,0.018201703317958423,0.0033611116820415742,0,0,0,0,1,0,0
2023-10-31 21:00:00,0.01082289,0.010554657916666666,0.0021810467074200226,0.0015267326951940157,0.003271570061130034,0.006543140122260068,0.012081390611860683,0.00902792522147265,0.013826227977796701,0.007283087855536633,0.017097798038926734,0.004011517794406599,0,0,0,0,1,0,0
2023-10-31 22:00:00,0.01067647,0.01032481125,0.0018221891522235243,0.0012755324065564669,0.0027332837283352866,0.005466567456670573,0.011600343656556466,0.009049278843443533,0.013058094978335287,0.007591527521664713,0.01579137870667057,0.004858243793329426,0,0,0,0,1,0,0
2023-10-31 23:00:00,0.0107662,0.010111568333333333,0.0013920138050779786,0.000974409663554585,0.002088020707616968,0.004176041415233936,0.011085977996887918,0.009137158669778747,0.0121995890409503,0.008023547625716365,0.014287609748567269,0.005935526918099397,0,0,0,0,1,0,0
