datetime,sigai_output,rolling_mean,std,0.7std,1.5std,3std,upper_0.7std,lower_0.7std,upper_1.5std,lower_1.5std,upper_3std,lower_3std,SB,MB,WB,A,WS,MS,SS
2023-05-01 00:00:00,0.000612,0.005009307916666666,0.0023691295589381785,0.0016583906912567249,0.003553694338407268,0.007107388676814536,0.006667698607923391,0.0033509172254099417,0.008563002255073934,0.0014556135782593984,0.012116696593481201,-0.0020980807601478696,1,0,0,0,0,0,0
2023-05-01 01:00:00,0.00082547,0.0049943675,0.0023952878544927416,0.001676701498144919,0.0035929317817391124,0.007185863563478225,0.00667106899814492,0.003317666001855081,0.008587299281739113,0.0014014357182608878,0.012180231063478226,-0.0021914960634782247,1,0,0,0,0,0,0
2023-05-01 02:00:00,0.00070912,0.00498221,0.002417079678694215,0.0016919557750859503,0.0036256195180413226,0.007251239036082645,0.00667416577508595,0.0032902542249140495,0.008607829518041323,0.0013565904819586774,0.012233449036082644,-0.002269029036082645,1,0,0,0,0,0,0
2023-05-01 03:00:00,0.00027355,0.0049370925,0.002496503773900178,0.0017475526417301244,0.003744755660850267,0.007489511321700534,0.0066846451417301245,0.003189539858269876,0.008681848160850268,0.0011923368391497332,0.012426603821700535,-0.002552418821700534,1,0,0,0,0,0,0
2023-05-01 04:00:00,0.00038504,0.00476835875,0.002663224939126497,0.0018642574573885478,0.0039948374086897455,0.007989674817379491,0.006632616207388548,0.002904101292611452,0.008763196158689746,0.0007735213413102545,0.01275803356737949,-0.003221316067379491,1,0,0,0,0,0,0
2023-05-01 05:00:00,0.00028078,0.0045920662499999996,0.0028165681114554896,0.0019715976780188427,0.0042248521671832346,0.008449704334366469,0.006563663928018842,0.002620468571981157,0.008816918417183234,0.000367214082816765,0.01304177058436647,-0.0038576380843664696,1,0,0,0,0,0,0
2023-05-01 06:00:00,-0.00021211,0.004396708333333333,0.0029826387674568035,0.0020878471372197623,0.004473958151185205,0.00894791630237041,0.006484555470553096,0.002308861196113571,0.00887066648451854,-7.724981785187188e-05,0.013344624635703742,-0.004551207969037077,1,0,0,0,0,0,0
2023-05-01 07:00:00,-0.00049476,0.00417044875,0.0031417153936598467,0.0021992007755618926,0.00471257309048977,0.00942514618097954,0.006369649525561892,0.0019712479744381072,0.00888302184048977,-0.0005421243404897698,0.013595594930979539,-0.005254697430979539,0,1,0,0,0,0,0
2023-05-01 08:00:00,0.00500855,0.004117404583333334,0.003115155956835632,0.002180609169784942,0.004672733935253448,0.009345467870506895,0.006298013753118276,0.0019367954135483915,0.00879013851858678,-0.000555329351920114,0.01346287245384023,-0.005228063287173562,0,0,0,0,1,0,0
2023-05-01 09:00:00,0.00540163,0.004079078333333334,0.003092435677310275,0.0021647049741171922,0.004638653515965412,0.009277307031930825,0.006243783307450526,0.0019143733592161417,0.008717731849298745,-0.0005595751826320784,0.013356385365264158,-0.005198228698597491,0,0,0,0,1,0,0
2023-05-01 10:00:00,0.00571499,0.0040507799999999995,0.003073378502731511,0.0021513649519120572,0.004610067754097266,0.009220135508194532,0.006202144951912057,0.0018994150480879423,0.008660847754097267,-0.0005592877540972667,0.013270915508194533,-0.005169355508194533,0,0,0,0,1,0,0
2023-05-01 11:00:00,0.00566226,0.004016330833333333,0.003049400146037161,0.0021345801022260124,0.004574100219055742,0.009148200438111483,0.006150910935559346,0.0018817507311073207,0.008590431052389075,-0.0005577693857224085,0.013164531271444816,-0.00513186960477815,0,0,0,0,1,0,0
2023-05-01 12:00:00,0.00822943,0.004022092083333334,0.0030575531849161893,0.0021402872294413325,0.004586329777374284,0.009172659554748568,0.006162379312774666,0.0018818048538920013,0.008608421860707618,-0.0005642376940409501,0.013194751638081901,-0.005150567471415234,0,0,0,0,0,1,0
2023-05-01 13:00:00,0.00825912,0.004035001666666667,0.0030754571687116243,0.002152820018098137,0.004613185753067436,0.009226371506134872,0.0061878216847648035,0.0018821816485685302,0.008648187419734103,-0.0005781840864007692,0.01326137317280154,-0.005191369839468205,0,0,0,0,0,1,0
2023-05-01 14:00:00,0.00836241,0.0040624258333333335,0.0031123123139122333,0.002178618619738563,0.00466846847086835,0.0093369369417367,0.006241044453071897,0.0018838072135947703,0.008730894304201684,-0.0006060426375350163,0.013399362775070034,-0.005274511108403366,0,0,0,0,0,1,0
2023-05-01 15:00:00,0.00862315,0.0040886375,0.0031492933123124776,0.002204505318618734,0.004723939968468717,0.009447879936937433,0.006293142818618733,0.0018841321813812656,0.008812577468468717,-0.0006353024684687169,0.013536517436937432,-0.0053592424369374335,0,0,0,0,0,1,0
2023-05-01 16:00:00,0.00401073,0.003975928333333333,0.0030991905070821986,0.0021694333549575387,0.004648785760623298,0.009297571521246595,0.0061453616882908724,0.0018064949783757945,0.008624714093956631,-0.0006728574272899645,0.013273499854579929,-0.005321643187913262,0,0,0,0,1,0,0
2023-05-01 17:00:00,0.00425375,0.00387282125,0.003044317305334523,0.002131022113734166,0.004566475958001784,0.009132951916003568,0.006003843363734166,0.0017417991362658342,0.008439297208001784,-0.0006936547080017841,0.013005773166003569,-0.005260130666003568,0,0,0,0,1,0,0
2023-05-01 18:00:00,0.00449738,0.003778407083333333,0.002985341830616766,0.002089739281431736,0.00447801274592515,0.0089560254918503,0.005868146364765069,0.0016886678019015968,0.008256419829258482,-0.0006996056625918168,0.012734432575183632,-0.005177618408516967,0,0,0,0,1,0,0
2023-05-01 19:00:00,0.00489116,0.0036978316666666667,0.002925026721181056,0.002047518704826739,0.004387540081771584,0.008775080163543168,0.005745350371493405,0.0016503129618399277,0.00808537174843825,-0.0006897084151049173,0.012472911830209835,-0.005077248496876501,0,0,0,0,1,0,0
2023-05-01 20:00:00,0.00461096,0.00374997875,0.0029298834698392884,0.0020509184288875016,0.004394825204758933,0.008789650409517865,0.005800897178887501,0.0016990603211124986,0.008144803954758932,-0.0006448464547589325,0.012539629159517866,-0.005039671659517865,0,0,0,0,1,0,0
2023-05-01 21:00:00,0.00461651,0.0038009254166666666,0.0029340483002648038,0.0020538338101853625,0.0044010724503972054,0.008802144900794411,0.0058547592268520295,0.001747091606481304,0.008201997867063871,-0.0006001470337305389,0.012603070317461077,-0.005001219484127744,0,0,0,0,1,0,0
2023-05-01 22:00:00,0.00423461,0.0038347120833333334,0.002934184694208983,0.002053929285946288,0.004401277041313475,0.00880255408262695,0.005888641369279621,0.0017807827973870456,0.008235989124646808,-0.0005665649579801413,0.012637266165960283,-0.0049678419992936155,0,0,0,0,1,0,0
2023-05-01 23:00:00,0.00358553,0.0038475525,0.00293231329653962,0.0020526193075777336,0.00439846994480943,0.00879693988961886,0.005900171807577733,0.0017949331924222663,0.00824602244480943,-0.0005509174448094299,0.01264449238961886,-0.004949387389618859,0,0,1,0,0,0,0
2023-05-02 00:00:00,0.00569503,0.004059345416666666,0.002871391365295835,0.002009973955707084,0.0043070870479437525,0.008614174095887505,0.00606931937237375,0.002049371460959582,0.00836643246461042,-0.00024774163127708627,0.01267351951255417,-0.004554828679220839,0,0,0,0,1,0,0
2023-05-02 01:00:00,0.00553656,0.0042556408333333335,0.002800868498164092,0.0019606079487148645,0.004201302747246139,0.008402605494492277,0.006216248782048198,0.002295032884618469,0.008456943580579471,5.4338086087194794e-05,0.012658246327825612,-0.004146964661158944,0,0,0,0,1,0,0
2023-05-02 02:00:00,0.00570973,0.004463999583333334,0.002710098059726734,0.0018970686418087138,0.004065147089590101,0.008130294179180202,0.0063610682251420475,0.00256693094152462,0.008529146672923434,0.0003988524937432328,0.012594293762513534,-0.003666294595846868,0,0,0,0,1,0,0
2023-05-02 03:00:00,0.00598681,0.004702052083333333,0.002573489868499464,0.0018014429079496249,0.0038602348027491963,0.0077204696054983925,0.006503494991282958,0.0029006091753837086,0.008562286886082529,0.000841817280584137,0.012422521688831727,-0.0030184175221650593,0,0,0,0,1,0,0
2023-05-02 04:00:00,0.0036906,0.00483978375,0.00241603982543805,0.001691227877806635,0.003624059738157075,0.00724811947631415,0.0065310116278066346,0.003148555872193365,0.008463843488157076,0.0012157240118429247,0.01208790322631415,-0.0024083357263141505,0,0,1,0,0,0,0
2023-05-02 05:00:00,0.00388872,0.004990114583333333,0.002224706492742806,0.0015572945449199643,0.003337059739114209,0.006674119478228418,0.006547409128253297,0.0034328200384133693,0.008327174322447542,0.0016530548442191245,0.011664234061561751,-0.0016840048948950845,0,0,1,0,0,0,0
2023-05-02 06:00:00,0.00405457,0.0051678929166666665,0.0019436397535495316,0.001360547827484672,0.0029154596303242976,0.005830919260648595,0.006528440744151339,0.0038073450891819944,0.008083352546990965,0.002252433286342369,0.010998812177315262,-0.0006630263439819286,0,0,1,0,0,0,0
2023-05-02 07:00:00,0.00401863,0.005355950833333334,0.0015505161101862517,0.0010853612771303761,0.0023257741652793775,0.004651548330558755,0.00644131211046371,0.004270589556202958,0.007681724998612711,0.003030176668053956,0.010007499163892089,0.0007044025027745787,0,1,0,0,0,0,0
2023-05-02 08:00:00,0.00345697,0.005291301666666667,0.001597272638717982,0.0011180908471025873,0.002395908958076973,0.004791817916153946,0.0064093925137692544,0.00417321081956408,0.00768721062474364,0.002895392708589694,0.010083119582820613,0.0004994837505127208,0,1,0,0,0,0,0
2023-05-02 09:00:00,0.00322945,0.0052007941666666665,0.0016513749036851139,0.0011559624325795795,0.002477062355527671,0.004954124711055342,0.006356756599246246,0.004044831734087087,0.0076778565221943375,0.0027237318111389954,0.010154918877722009,0.0002466694556113244,0,1,0,0,0,0,0
2023-05-02 10:00:00,0.00305251,0.0050898575,0.0017039246196514544,0.001192747233756018,0.0025558869294771817,0.005111773858954363,0.006282604733756018,0.0038971102662439822,0.0076457444294771824,0.0025339705705228186,0.010201631358954364,-2.1916358954363058e-05,0,1,0,0,0,0,0
2023-05-02 11:00:00,0.00291206,0.004975265833333333,0.0017554544419036576,0.0012288181093325602,0.0026331816628554863,0.0052663633257109725,0.006204083942665893,0.0037464477240007734,0.00760844749618882,0.002342084170477847,0.010241629159044306,-0.00029109749237763924,0,1,0,0,0,0,0
2023-05-02 12:00:00,0.00619228,0.004890384583333333,0.0016364847010349852,0.0011455392907244895,0.002454727051552478,0.004909454103104956,0.006035923874057823,0.0037448452926088435,0.007345111634885811,0.0024356575317808554,0.00979983868643829,-1.9069519771622474e-05,0,0,0,0,0,1,0
2023-05-02 13:00:00,0.00605683,0.0047986224999999995,0.0014950064700841553,0.0010465045290589086,0.0022425097051262327,0.0044850194102524655,0.005845127029058908,0.0037521179709410907,0.007041132205126232,0.0025561127948737668,0.009283641910252466,0.00031360308974753403,0,0,0,0,0,1,0
2023-05-02 14:00:00,0.00616366,0.004707007916666666,0.0013248023382474515,0.000927361636773216,0.001987203507371177,0.003974407014742354,0.005634369553439883,0.0037796462798934502,0.006694211424037843,0.002719804409295489,0.008681414931409021,0.0007326009019243121,0,0,0,0,0,1,0
2023-05-02 15:00:00,0.00628824,0.00460972,0.001089561059801052,0.0007626927418607364,0.001634341589701578,0.003268683179403156,0.005372412741860737,0.0038470272581392637,0.006244061589701578,0.0029753784102984223,0.007878403179403156,0.0013410368205968443,0,0,0,0,0,0,1
2023-05-02 16:00:00,0.00526168,0.004661842916666666,0.001089582202112671,0.0007627075414788696,0.0016343733031690066,0.003268746606338013,0.005424550458145536,0.003899135375187797,0.0062962162198356725,0.00302746961349766,0.00793058952300468,0.0013930963103286533,0,0,0,0,1,0,0
2023-05-02 17:00:00,0.00407379,0.004654344583333333,0.0010931262036371137,0.0007651883425459795,0.0016396893054556705,0.003279378610911341,0.005419532925879313,0.003889156240787354,0.006294033888789003,0.003014655277877663,0.007933723194244674,0.0013749659724219924,0,0,1,0,0,0,0
2023-05-02 18:00:00,0.00357268,0.004615815416666666,0.001114977190306679,0.0007804840332146752,0.0016724657854600184,0.0033449315709200367,0.005396299449881342,0.003835331383451991,0.006288281202126685,0.0029433496312066478,0.007960746987586703,0.0012708838457466294,0,1,0,0,0,0,0
2023-05-02 19:00:00,0.00321853,0.0045461225,0.001148780573433341,0.0008041464014033387,0.0017231708601500115,0.003446341720300023,0.005350268901403339,0.0037419760985966614,0.006269293360150012,0.0028229516398499887,0.007992464220300022,0.0010997807796999772,0,1,0,0,0,0,0
2023-05-02 20:00:00,0.00054682,0.004376783333333333,0.0014089006667230887,0.000986230466706162,0.002113351000084633,0.004226702000169266,0.0053630138000394945,0.003390552866627171,0.006490134333417966,0.0022634323332486996,0.008603485333502598,0.00015008133316406647,1,0,0,0,0,0,0
2023-05-02 21:00:00,0.00038934,0.0042006512499999996,0.0016252454027818684,0.0011376717819473077,0.0024378681041728025,0.004875736208345605,0.0053383230319473075,0.0030629794680526916,0.006638519354172802,0.001762783145827197,0.009076387458345605,-0.0006750849583456054,1,0,0,0,0,0,0
2023-05-02 22:00:00,0.00077886,0.004056661666666667,0.0017688442603838149,0.0012381909822686704,0.0026532663905757224,0.005306532781151445,0.005294852648935337,0.0028184706843979966,0.006709928057242389,0.0014033952760909444,0.00936319444781811,-0.001249871114484778,1,0,0,0,0,0,0
2023-05-02 23:00:00,0.00103182,0.003950257083333334,0.0018722063944064374,0.001310544476084506,0.002808309591609656,0.005616619183219312,0.00526080155941784,0.0026397126072488274,0.006758566674942989,0.0011419474917236778,0.009566876266552646,-0.0016663620998859782,1,0,0,0,0,0,0
2023-05-03 00:00:00,-0.0039137,0.0035498933333333333,0.0024278207021142455,0.0016994744914799718,0.003641731053171368,0.007283462106342736,0.005249367824813305,0.0018504188418533615,0.007191624386504701,-9.183771983803466e-05,0.01083335543967607,-0.0037335687730094026,1,0,0,0,0,0,0
2023-05-03 01:00:00,-0.00303018,0.0031929458333333337,0.00273354246607794,0.0019134797262545578,0.00410031369911691,0.00820062739823382,0.005106425559587891,0.001279466107078776,0.0072932595324502435,-0.000907367865783576,0.011393573231567153,-0.005007681564900486,1,0,0,0,0,0,0
2023-05-03 02:00:00,-0.00192265,0.00287493,0.002868644218631334,0.0020080509530419335,0.004302966327947001,0.008605932655894002,0.004882980953041934,0.0008668790469580664,0.007177896327947001,-0.0014280363279470013,0.011480862655894002,-0.005731002655894003,1,0,0,0,0,0,0
2023-05-03 03:00:00,-0.00192099,0.0025454383333333333,0.0029487008880945,0.0020640906216661497,0.004423051332141751,0.008846102664283501,0.004609528954999483,0.00048134771166718354,0.006968489665475084,-0.0018776129988084173,0.011391540997616835,-0.0063006643309501675,1,0,0,0,0,0,0
2023-05-03 04:00:00,-0.00303565,0.0022651779166666668,0.003148038032512896,0.0022036266227590273,0.0047220570487693445,0.009444114097538689,0.004468804539425694,6.155129390763951e-05,0.006987234965436011,-0.0024568791321026777,0.011709292014205355,-0.0071789361808720226,1,0,0,0,0,0,0
2023-05-03 05:00:00,-0.00303565,0.0019766625,0.0033061102828567126,0.0023142771979996987,0.004959165424285069,0.009918330848570137,0.0042909396979996985,-0.0003376146979996988,0.006935827924285069,-0.0029825029242850688,0.011894993348570138,-0.007941668348570137,1,0,0,0,0,0,0
2023-05-03 06:00:00,-0.00306367,0.0016800691666666665,0.0034286163342893616,0.002400031434002553,0.005142924501434042,0.010285849002868084,0.00408010060066922,-0.0007199622673358865,0.006822993668100709,-0.003462855334767375,0.01196591816953475,-0.008605779836201418,0,1,0,0,0,0,0
2023-05-03 07:00:00,-0.00350926,0.0013664070833333333,0.00354764763474209,0.002483353344319463,0.0053214714521131355,0.010642942904226271,0.0038497604276527962,-0.0011169462609861296,0.006687878535446469,-0.003955064368779802,0.012009349987559604,-0.009276535820892938,0,1,0,0,0,0,0
2023-05-03 08:00:00,0.00315977,0.00135402375,0.003540544682625536,0.002478381277837875,0.005310817023938304,0.010621634047876609,0.003832405027837875,-0.001124357527837875,0.006664840773938304,-0.0039567932739383044,0.01197565779787661,-0.009267610297876608,0,0,0,0,1,0,0
2023-05-03 09:00:00,0.0030707,0.0013474091666666665,0.0035370351536979316,0.002475924607588552,0.005305552730546897,0.010611105461093794,0.0038233337742552185,-0.0011285154409218854,0.006652961897213564,-0.003958143563880231,0.011958514627760462,-0.009263696294427127,0,0,0,0,1,0,0
2023-05-03 10:00:00,0.00324466,0.0013554154166666667,0.003541277465874834,0.0024788942261123837,0.005311916198812251,0.010623832397624502,0.0038343096427790506,-0.001123478809445717,0.006667331615478918,-0.003956500782145584,0.01197924781429117,-0.009268416980957836,0,0,0,0,1,0,0
2023-05-03 11:00:00,0.00438185,0.0014166566666666666,0.0035818443890454337,0.0025072910723318033,0.005372766583568151,0.010745533167136301,0.00392394773899847,-0.0010906344056651367,0.006789423250234817,-0.003956109916901484,0.012162189833802968,-0.009328876500469634,0,0,0,0,0,1,0
2023-05-03 12:00:00,0.00773612,0.0014809833333333331,0.003683752462693052,0.0025786267238851364,0.005525628694039578,0.011051257388079156,0.0040596100572184695,-0.0010976433905518033,0.007006612027372911,-0.004044645360706245,0.012532240721412489,-0.009570274054745823,0,0,0,0,0,0,1
2023-05-03 13:00:00,0.00818709,0.0015697441666666664,0.0038218772476032144,0.00267531407332225,0.005732815871404822,0.011465631742809644,0.004245058239988916,-0.0011055699066555835,0.007302560038071488,-0.004163071704738156,0.01303537590947631,-0.009895887576142978,0,0,0,0,0,0,1
2023-05-03 14:00:00,0.0080465,0.001648195833333333,0.003937841731241067,0.0027564892118687465,0.0059067625968616,0.0118135251937232,0.004404685045202079,-0.0011082933785354135,0.007554958430194933,-0.004258566763528268,0.013461721027056534,-0.010165329360389868,0,0,0,0,0,0,1
2023-05-03 15:00:00,0.0080118,0.0017200108333333332,0.0040405198393867045,0.002828363887570693,0.006060779759080056,0.012121559518160113,0.004548374720904027,-0.00110835305423736,0.007780790592413389,-0.004340768925746723,0.013841570351493446,-0.010401548684826779,0,0,0,0,0,0,1
2023-05-03 16:00:00,0.00232867,0.0015978020833333332,0.003972525312126632,0.0027807677184886422,0.0059587879681899485,0.011917575936379897,0.004378569801821976,-0.001182965635155309,0.0075565900515232815,-0.0043609858848566154,0.01351537801971323,-0.010319773853046563,0,0,0,0,1,0,0
2023-05-03 17:00:00,0.00230954,0.0015242916666666666,0.003940913506559073,0.002758639454591351,0.00591137025983861,0.01182274051967722,0.004282931121258018,-0.0012343477879246843,0.007435661926505277,-0.004387078593171943,0.013347032186343886,-0.010298448853010553,0,0,0,0,1,0,0
2023-05-03 18:00:00,0.00241919,0.0014762295833333332,0.003921833490093833,0.002745283443065683,0.00588275023514075,0.0117655004702815,0.004221513026399016,-0.0012690538597323498,0.007358979818474083,-0.004406520651807417,0.013241730053614833,-0.010289270886948166,0,0,0,0,1,0,0
2023-05-03 19:00:00,0.00229841,0.0014378912499999998,0.003908535733165149,0.002735975013215604,0.0058628035997477235,0.011725607199495447,0.004173866263215604,-0.001298083763215604,0.0073006948497477235,-0.004424912349747723,0.013163498449495447,-0.010287715949495447,0,0,0,0,1,0,0
2023-05-03 20:00:00,0.00316587,0.0015470183333333332,0.003919123014040224,0.0027433861098281566,0.005878684521060336,0.011757369042120672,0.0042904044431614895,-0.0011963677764948233,0.007425702854393669,-0.004331666187727003,0.013304387375454006,-0.010210350708787338,0,0,0,0,1,0,0
2023-05-03 21:00:00,0.00343156,0.0016737775,0.003929236724634898,0.0027504657072444285,0.005893855086952347,0.011787710173904694,0.004424243207244429,-0.0010766882072444286,0.007567632586952347,-0.004220077586952347,0.013461487673904694,-0.010113932673904695,0,0,0,0,1,0,0
2023-05-03 22:00:00,0.00381643,0.0018003429166666667,0.0039480339607493595,0.0027636237725245515,0.00592205094112404,0.01184410188224808,0.004563966689191218,-0.0009632808558578847,0.007722393857790707,-0.004121708024457373,0.013644444798914745,-0.010043758965581413,0,0,0,0,1,0,0
2023-05-03 23:00:00,0.00389925,0.0019198191666666665,0.0039671068927071415,0.002776974824894999,0.005950660339060712,0.011901320678121424,0.0046967939915616656,-0.0008571556582283324,0.007870479505727378,-0.0040308411723940455,0.01382113984478809,-0.009981501511454757,0,0,0,0,1,0,0
2023-05-04 00:00:00,0.01208545,0.0025864504166666666,0.004276412170856273,0.0029934885195993907,0.006414618256284409,0.012829236512568818,0.005579938936266057,-0.00040703810293272417,0.009001068672951076,-0.0038281678396177425,0.015415686929235485,-0.010242786095902151,0,0,0,0,0,0,1
2023-05-04 01:00:00,0.01208547,0.003216269166666667,0.004519435518257368,0.0031636048627801576,0.006779153277386052,0.013558306554772104,0.006379874029446824,5.266430388650928e-05,0.009995422444052719,-0.003562884110719385,0.01677457572143877,-0.010342037388105437,0,0,0,0,0,0,1
2023-05-04 02:00:00,0.01207854,0.0037996520833333334,0.0047261765930851464,0.0033083236151596022,0.00708926488962772,0.01417852977925544,0.007107975698492936,0.0004913284681737312,0.010888916972961054,-0.0032896128062943866,0.017978181862588774,-0.010378877695922106,0,0,0,0,0,0,1
2023-05-04 03:00:00,0.01207843,0.00438296125,0.004851676390161055,0.003396173473112738,0.0072775145852415814,0.014555029170483163,0.007779134723112738,0.0009867877768872622,0.01166047583524158,-0.0028945533352415813,0.018937990420483164,-0.010172067920483162,0,0,0,0,0,0,1
2023-05-04 04:00:00,0.01207845,0.0050127154166666665,0.004827719571724161,0.003379403700206913,0.007241579357586242,0.014483158715172483,0.00839211911687358,0.0016333117164597536,0.012254294774252907,-0.002228863940919575,0.01949587413183915,-0.009470443298505816,0,0,0,0,0,1,0
2023-05-04 05:00:00,0.01207502,0.005642326666666667,0.004716503247729252,0.0033015522734104767,0.007074754871593879,0.014149509743187757,0.008943878940077143,0.00234077439325619,0.012717081538260545,-0.0014324282049272118,0.019791836409854425,-0.00850718307652109,0,0,0,0,0,1,0
2023-05-04 06:00:00,0.01207353,0.006273043333333333,0.004509231981276968,0.0031564623868938777,0.0067638479719154525,0.013527695943830905,0.00942950572022721,0.0031165809464394553,0.013036891305248786,-0.0004908046385821195,0.019800739277164237,-0.007254652610497572,0,0,0,0,0,1,0
2023-05-04 07:00:00,0.01201242,0.00691978,0.004143468022523917,0.0029004276157667415,0.006215202033785875,0.01243040406757175,0.009820207615766742,0.004019352384233258,0.013134982033785875,0.0007045779662141257,0.01935018406757175,-0.005510624067571749,0,0,0,0,0,1,0
2023-05-04 08:00:00,0.00447071,0.0069744025,0.004100160064103808,0.0028701120448726652,0.006150240096155711,0.012300480192311423,0.009844514544872665,0.004104290455127335,0.01312464259615571,0.0008241624038442886,0.019274882692311424,-0.005326077692311423,0,0,1,0,0,0,0
2023-05-04 09:00:00,0.00565902,0.007082249166666666,0.004026393277125017,0.002818475293987512,0.0060395899156875255,0.012079179831375051,0.009900724460654178,0.004263773872679155,0.013121839082354193,0.0010426592509791407,0.019161428998041716,-0.004996930664708385,0,0,1,0,0,0,0
2023-05-04 10:00:00,0.00588927,0.007192441250000001,0.003952308508147691,0.0027666159557033837,0.0059284627622215366,0.011856925524443073,0.009959057205703385,0.004425825294296617,0.013120904012221537,0.0012639784877784641,0.019049366774443074,-0.004664484274443072,0,0,1,0,0,0,0
2023-05-04 11:00:00,0.00658434,0.007284211666666666,0.003909549729622121,0.002736684810735485,0.005864324594433182,0.011728649188866364,0.01002089647740215,0.0045475268559311815,0.013148536261099849,0.0014198870722334838,0.01901286085553303,-0.004444437522199698,0,0,1,0,0,0,0
2023-05-04 12:00:00,0.00669828,0.0072409683333333336,0.003910073579581965,0.002737051505707375,0.005865110369372947,0.011730220738745894,0.00997801983904071,0.004503916827625958,0.01310607870270628,0.0013758579639603866,0.018971189072079227,-0.00448925240541256,0,0,1,0,0,0,0
2023-05-04 13:00:00,0.00657583,0.0071738325,0.0039069537987033035,0.002734867659092312,0.005860430698054956,0.011720861396109911,0.009908700159092312,0.004438964840907688,0.013034263198054955,0.0013134018019450447,0.018894693896109913,-0.004547028896109911,0,0,1,0,0,0,0
2023-05-04 14:00:00,0.00617111,0.00709569125,0.003907495484919156,0.0027352468394434087,0.005861243227378733,0.011722486454757467,0.009830938089443408,0.004360444410556592,0.012956934477378734,0.0012344480226212668,0.018818177704757466,-0.004626795204757467,0,0,1,0,0,0,0
2023-05-04 15:00:00,0.00574727,0.007001335833333333,0.003911750948667268,0.0027382256640670877,0.0058676264230009025,0.011735252846001805,0.00973956149740042,0.004263110169266246,0.012868962256334236,0.0011337094103324305,0.01873658867933514,-0.004733917012668472,0,0,1,0,0,0,0
2023-05-04 16:00:00,0.0085189,0.007259262083333333,0.0037925204899884753,0.0026547643429919326,0.005688780734982713,0.011377561469965426,0.009914026426325266,0.0046044977403414,0.012948042818316047,0.0015704813483506204,0.018636823553298758,-0.004118299386632092,0,0,0,0,1,0,0
2023-05-04 17:00:00,0.00815919,0.0075029975,0.003645713522417978,0.0025519994656925844,0.005468570283626966,0.010937140567253933,0.010054996965692585,0.004950998034307415,0.012971567783626965,0.0020344272163730333,0.018440138067253933,-0.003434143067253933,0,0,0,0,1,0,0
2023-05-04 18:00:00,0.00815991,0.0077421941666666666,0.0034823249184166255,0.002437627442891638,0.005223487377624938,0.010446974755249876,0.010179821609558305,0.005304566723775029,0.012965681544291605,0.0025187067890417286,0.01818916892191654,-0.0027047805885832095,0,0,0,0,1,0,0
2023-05-04 19:00:00,0.00822974,0.007989332916666666,0.003284009682405732,0.0022988067776840123,0.004926014523608598,0.009852029047217195,0.01028813969435068,0.005690526138982654,0.012915347440275265,0.0030633183930580685,0.01784136196388386,-0.0018626961305505292,0,0,0,0,1,0,0
2023-05-04 20:00:00,0.00829189,0.008202917083333332,0.0031192213370263874,0.0021834549359184712,0.004678832005539581,0.009357664011079162,0.010386372019251803,0.006019462147414861,0.012881749088872914,0.003524085077793751,0.017560581094412494,-0.0011547469277458297,0,0,0,0,1,0,0
2023-05-04 21:00:00,0.0082444,0.008403452083333334,0.0029492091038667042,0.002064446372706693,0.004423813655800056,0.008847627311600112,0.010467898456040027,0.006339005710626641,0.01282726573913339,0.003979638427533278,0.017251079394933446,-0.0004441752282667785,0,0,1,0,0,0,0
2023-05-04 22:00:00,0.00825483,0.008588385416666667,0.0027835752628088853,0.0019485026839662196,0.004175362894213328,0.008350725788426655,0.010536888100632887,0.006639882732700447,0.012763748310879994,0.004413022522453339,0.016939111205093324,0.00023765962824001154,0,0,1,0,0,0,0
2023-05-04 23:00:00,0.00822885,0.008768785416666668,0.0026007600354477963,0.0018205320248134572,0.0039011400531716945,0.007802280106343389,0.010589317441480124,0.00694825339185321,0.012669925469838361,0.004867645363494973,0.016571065523010055,0.0009665053103232787,0,0,1,0,0,0,0
2023-05-05 00:00:00,0.00445912,0.008451021666666668,0.0026434537220259313,0.0018504176054181518,0.003965180583038897,0.007930361166077794,0.010301439272084819,0.006600604061248516,0.012416202249705565,0.0044858410836277705,0.016381382832744464,0.0005206605005888734,1,0,0,0,0,0,0
2023-05-05 01:00:00,0.00465886,0.008141579583333334,0.0026341706400381405,0.0018439194480266983,0.003951255960057211,0.007902511920114421,0.009985499031360033,0.006297660135306636,0.012092835543390544,0.0041903236232761236,0.016044091503447756,0.00023906766321891287,0,1,0,0,0,0,0
2023-05-05 02:00:00,0.00512415,0.007851813333333334,0.0025638264588555,0.0017946785211988498,0.0038457396882832498,0.0076914793765664995,0.009646491854532185,0.006057134812134484,0.011697553021616583,0.004006073645050084,0.015543292709899834,0.0001603339567668345,0,1,0,0,0,0,0
2023-05-05 03:00:00,0.00521664,0.007565905416666667,0.002452166305110963,0.001716516413577674,0.0036782494576664444,0.007356498915332889,0.009282421830244341,0.005849389003088993,0.011244154874333112,0.0038876559590002224,0.014922404331999557,0.00020940650133377797,0,1,0,0,0,0,0
2023-05-05 04:00:00,0.00217077,0.0071530854166666664,0.002493086873145817,0.0017451608112020718,0.003739630309718726,0.007479260619437452,0.008898246227868738,0.005407924605464595,0.010892715726385392,0.0034134551069479407,0.014632346036104117,-0.00032617520277078513,1,0,0,0,0,0,0
2023-05-05 05:00:00,0.00114899,0.006697834166666666,0.002552115256758965,0.0017864806797312754,0.0038281728851384473,0.0076563457702768945,0.008484314846397941,0.004911353486935391,0.010526007051805113,0.002869661281528219,0.01435417993694356,-0.0009585116036102282,1,0,0,0,0,0,0
2023-05-05 06:00:00,0.00102274,0.0062373845833333325,0.0025369099569631827,0.0017758369698742278,0.003805364935444774,0.007610729870889548,0.00801322155320756,0.004461547613459104,0.010042749518778107,0.0024320196478885584,0.01384811445422288,-0.0013733452875562156,1,0,0,0,0,0,0
2023-05-05 07:00:00,0.00081568,0.00577085375,0.00245698826833003,0.0017198917878310208,0.0036854824024950446,0.007370964804990089,0.007490745537831021,0.004050961962168979,0.009456336152495044,0.0020853713475049553,0.013141818554990088,-0.0016001110549900893,1,0,0,0,0,0,0
2023-05-05 08:00:00,-0.00088429,0.0055477287500000005,0.0027994714660625414,0.001959630026243779,0.0041992071990938126,0.008398414398187625,0.00750735877624378,0.0035880987237562217,0.009746935949093812,0.001348521550906188,0.013946143148187626,-0.0028506856481876246,1,0,0,0,0,0,0
2023-05-05 09:00:00,0.00073668,0.0053426312499999995,0.0029663048009431455,0.002076413360660202,0.004449457201414719,0.008898914402829437,0.007419044610660201,0.0032662178893397976,0.009792088451414719,0.0008931740485852808,0.014241545652829438,-0.003556283152829438,1,0,0,0,0,0,0
2023-05-05 10:00:00,0.00054516,0.00511996,0.0031200830031879907,0.0021840581022315934,0.004680124504781986,0.009360249009563972,0.007304018102231594,0.0029359018977684064,0.009800084504781986,0.0004398354952180137,0.014480209009563972,-0.004240289009563972,0,1,0,0,0,0,0
2023-05-05 11:00:00,0.00025449,0.00485621625,0.0032555106721330624,0.0022788574704931436,0.004883266008199594,0.009766532016399187,0.007135073720493143,0.0025773587795068563,0.009739482258199594,-2.704975819959373e-05,0.014622748266399187,-0.004910315766399187,0,1,0,0,0,0,0
2023-05-05 12:00:00,-0.00028073,0.004565424166666666,0.0033926238466733447,0.0023748366926713413,0.005088935770010017,0.010177871540020034,0.006940260859338007,0.0021905874739953247,0.009654359936676682,-0.0005235116033433509,0.014743295706686699,-0.005612447373353368,0,1,0,0,0,0,0
2023-05-05 13:00:00,-0.00040652,0.004274492916666667,0.0035100770111934137,0.0024570539078353896,0.00526511551679012,0.01053023103358024,0.006731546824502057,0.001817439008831277,0.009539608433456786,-0.0009906226001234536,0.014804723950246908,-0.006255738116913574,0,1,0,0,0,0,0
2023-05-05 14:00:00,-0.00045475,0.003998415416666666,0.0036134655514423633,0.002529425886009654,0.005420198327163545,0.01084039665432709,0.006527841302676321,0.0014689895306570122,0.009418613743830212,-0.0014217829104968783,0.014838812070993756,-0.006841981237660423,0,1,0,0,0,0,0
2023-05-05 15:00:00,-0.00016812,0.003751940833333333,0.003689925163862215,0.0025829476147035506,0.0055348877457933226,0.011069775491586645,0.006334888448036884,0.0011689932186297824,0.009286828579126655,-0.0017829469124599896,0.014821716324919978,-0.007317834658253312,0,1,0,0,0,0,0
2023-05-05 16:00:00,0.00530241,0.0036179204166666666,0.003565575610905257,0.00249590292763368,0.005348363416357886,0.010696726832715771,0.006113823344300346,0.0011220174890329867,0.008966283833024552,-0.0017304429996912191,0.014314647249382438,-0.007078806416049105,0,0,0,0,1,0,0
2023-05-05 17:00:00,0.00534452,0.0035006425,0.003454263245625672,0.00241798427193797,0.005181394868438508,0.010362789736877017,0.00591862677193797,0.00108265822806203,0.008682037368438509,-0.0016807523684385082,0.013863432236877016,-0.006862147236877017,0,0,0,0,1,0,0
2023-05-05 18:00:00,0.00534452,0.003383334583333333,0.003334896766375595,0.0023344277364629163,0.005002345149563392,0.010004690299126784,0.00571776231979625,0.0010489068468704167,0.008385679732896726,-0.001619010566230059,0.013388024882460117,-0.006621355715793451,0,0,0,0,1,0,0
2023-05-05 19:00:00,0.00534452,0.003263117083333333,0.0032019497254240684,0.0022413648077968477,0.004802924588136102,0.009605849176272205,0.00550448189113018,0.0010217522755364855,0.008066041671469435,-0.0015398075048027693,0.012868966259605537,-0.006342732092938872,0,0,0,0,1,0,0
2023-05-05 20:00:00,0.00461161,0.0031097720833333335,0.0030343870563462284,0.00212407093944236,0.004551580584519342,0.009103161169038684,0.005233843022775693,0.0009857011438909736,0.007661352667852676,-0.0014418085011860086,0.012212933252372018,-0.005993389085705351,0,0,0,0,1,0,0
2023-05-05 21:00:00,0.00461202,0.0029584229166666667,0.0028522698653657757,0.0019965889057560427,0.004278404798048663,0.008556809596097326,0.004955011822422709,0.0009618340109106239,0.00723682771471533,-0.0013199818813819965,0.011515232512763993,-0.00559838667943066,0,0,0,0,1,0,0
2023-05-05 22:00:00,0.00461202,0.0028066391666666662,0.0026477614319448976,0.0018534330023614281,0.003971642147917346,0.007943284295834692,0.004660072169028095,0.0009532061643052381,0.006778281314584012,-0.0011650029812506797,0.010749923462501358,-0.005136645129168026,0,0,0,0,1,0,0
2023-05-05 23:00:00,0.00461202,0.0026559379166666668,0.0024187555427784605,0.0016931288799449222,0.0036281333141676905,0.007256266628335381,0.004349066796611589,0.0009628090367217446,0.006284071230834357,-0.0009721953975010238,0.009912204545002048,-0.004600328711668714,0,0,0,0,0,1,0
2023-05-06 00:00:00,-0.00096199,0.0024300583333333333,0.002494969907966414,0.0017464789355764896,0.003742454861949621,0.007484909723899242,0.0041765372689098225,0.0006835793977568437,0.006172513195282954,-0.0013123965286162879,0.009914968057232576,-0.005054851390565909,0,1,0,0,0,0,0
2023-05-06 01:00:00,-0.0001181,0.002231018333333333,0.002499972776044228,0.0017499809432309594,0.003749959164066342,0.007499918328132684,0.003980999276564293,0.0004810373901023737,0.0059809774973996754,-0.0015189408307330087,0.009730936661466016,-0.005268899994799351,0,1,0,0,0,0,0
2023-05-06 02:00:00,-0.0001181,0.00201259125,0.002464971699174884,0.0017254801894224187,0.003697457548762326,0.007394915097524652,0.0037380714394224185,0.0002871110605775814,0.005710048798762326,-0.0016848662987623258,0.009407506347524651,-0.005382323847524652,0,1,0,0,0,0,0
2023-05-06 03:00:00,-0.00012449,0.0017900441666666665,0.002403462185386291,0.0016824235297704035,0.0036051932780794362,0.0072103865561588725,0.0034724676964370703,0.00010762063689626305,0.005395237444746103,-0.0018151491114127697,0.00900043072282554,-0.005420342389492206,0,1,0,0,0,0,0
2023-05-06 04:00:00,-0.00048477,0.0016793966666666666,0.0024459238445957957,0.0017121466912170568,0.0036688857668936937,0.007337771533787387,0.0033915433578837234,-3.275002455039016e-05,0.0053482824335603606,-0.001989489100227027,0.009017168200454053,-0.005658374867120721,0,1,0,0,0,0,0
2023-05-06 05:00:00,-0.00048477,0.0016113233333333334,0.0024837696636882275,0.001738638764581759,0.003725654495532341,0.007451308991064682,0.0033499620979150924,-0.00012731543124842567,0.005336977828865675,-0.0021143311621990074,0.009062632324398015,-0.005839985657731348,0,1,0,0,0,0,0
2023-05-06 06:00:00,-0.00048477,0.0015485104166666668,0.0025181260794288635,0.0017626882556002043,0.0037771891191432953,0.007554378238286591,0.003311198672266871,-0.0002141778389335375,0.005325699535809962,-0.0022286787024766285,0.009102888654953258,-0.006005867821619924,0,1,0,0,0,0,0
2023-05-06 07:00:00,-0.00048477,0.0014943250000000001,0.0025483906200290674,0.001783873434020347,0.003822585930043601,0.007645171860087202,0.003278198434020347,-0.00028954843402034694,0.005316910930043601,-0.0023282609300436007,0.009139496860087202,-0.006150846860087202,0,1,0,0,0,0,0
2023-05-06 08:00:00,-0.00027092,0.0015198820833333332,0.0025264804867245224,0.0017685363407071656,0.0037897207300867835,0.007579441460173567,0.003288418424040499,-0.0002486542573738324,0.005309602813420117,-0.00226983864675345,0.0090993235435069,-0.0060595593768402334,0,1,0,0,0,0,0
2023-05-06 09:00:00,-0.00018259,0.0014815791666666666,0.002545765272440579,0.0017820356907084051,0.0038186479086608684,0.007637295817321737,0.0032636148573750717,-0.00030045652404173855,0.005300227075327535,-0.0023370687419942016,0.009118874983988404,-0.00615571665065507,0,0,1,0,0,0,0
2023-05-06 10:00:00,-0.00018259,0.0014512562499999998,0.0025616883832089913,0.001793181868246294,0.003842532574813487,0.007685065149626974,0.0032444381182462935,-0.0003419256182462941,0.005293788824813486,-0.002391276324813487,0.009136321399626973,-0.006233808899626974,0,0,1,0,0,0,0
2023-05-06 11:00:00,-0.00017303,0.0014334429166666669,0.002571838543683884,0.0018002869805787186,0.0038577578155258255,0.007715515631051651,0.0032337298972453855,-0.0003668440639120517,0.005291200732192493,-0.0024243148988591584,0.009148958547718317,-0.006282072714384984,0,0,1,0,0,0,0
2023-05-06 12:00:00,0.00027125,0.0014564420833333331,0.0025582750547908247,0.0017907925383535772,0.003837412582186237,0.007674825164372474,0.00324723462168691,-0.0003343504550202441,0.00529385466551957,-0.002380970498852904,0.009131267247705807,-0.006218383081039141,0,0,1,0,0,0,0
2023-05-06 13:00:00,0.00027141,0.0014846891666666668,0.002540491758768989,0.001778344231138292,0.003810737638153483,0.007621475276306966,0.0032630333978049585,-0.0002936550644716252,0.0052954268048201495,-0.0023260484714868164,0.009106164442973633,-0.006136786109640299,0,0,1,0,0,0,0
2023-05-06 14:00:00,0.00027008,0.0015148904166666667,0.002520664362313815,0.0017644650536196703,0.0037809965434707224,0.007561993086941445,0.003279355470286337,-0.0002495746369530036,0.005295886960137389,-0.0022661061268040555,0.009076883503608111,-0.006047102670274778,0,0,1,0,0,0,0
2023-05-06 15:00:00,0.00026743,0.0015330383333333334,0.0025095638988419833,0.0017566947291893882,0.003764345848262975,0.00752869169652595,0.003289733062522722,-0.00022365639585605478,0.005297384181596309,-0.0022313075149296415,0.009061730029859284,-0.005995653363192617,0,0,1,0,0,0,0
2023-05-06 16:00:00,-0.0036424,0.0011603379166666666,0.00258839564966069,0.0018118769547624829,0.003882593474491035,0.00776518694898207,0.0029722148714291493,-0.0006515390380958162,0.005042931391157702,-0.0027222555578243685,0.008925524865648737,-0.006604849032315403,1,0,0,0,0,0,0
2023-05-06 17:00:00,-0.00466115,0.0007434350000000001,0.002688996626773629,0.0018822976387415401,0.004033494940160444,0.008066989880320887,0.00262573263874154,-0.0011388626387415402,0.0047769299401604435,-0.0032900599401604435,0.008810424880320888,-0.007323554880320888,1,0,0,0,0,0,0
2023-05-06 18:00:00,-0.0050142,0.00031182166666666664,0.0027490360500280046,0.0019243252350196031,0.004123554075042007,0.008247108150084014,0.0022361469016862695,-0.0016125035683529365,0.004435375741708674,-0.0038117324083753405,0.00855892981675068,-0.007935286483417348,1,0,0,0,0,0,0
2023-05-06 19:00:00,-0.00546897,-0.0001387404166666667,0.0027743619156459605,0.001942053340952172,0.00416154287346894,0.00832308574693788,0.0018033129242855054,-0.002080793757618839,0.004022802456802274,-0.004300283290135607,0.008184345330271214,-0.008461826163604547,1,0,0,0,0,0,0
2023-05-06 20:00:00,-0.01330337,-0.0008851979166666666,0.003697248122935163,0.002588073686054614,0.005545872184402745,0.01109174436880549,0.0017028757693879474,-0.0034732716027212804,0.004660674267736078,-0.006431070101069412,0.010206546452138823,-0.011976942285472157,1,0,0,0,0,0,0
2023-05-06 21:00:00,-0.01364961,-0.0016460991666666666,0.004339992579709054,0.0030379948057963377,0.006509988869563581,0.013019977739127163,0.001391895639129671,-0.0046840939724630045,0.004863889702896915,-0.008156088036230249,0.011373878572460496,-0.014666076905793829,1,0,0,0,0,0,0
2023-05-06 22:00:00,-0.01312122,-0.0023849841666666667,0.004721039109147853,0.003304727376403497,0.007081558663721779,0.014163117327443558,0.0009197432097368301,-0.0056897115430701636,0.004696574497055113,-0.009466542830388445,0.011778133160776891,-0.016548101494110224,1,0,0,0,0,0,0
2023-05-06 23:00:00,-0.01301304,-0.003119361666666667,0.004950550659754633,0.0034653854618282424,0.007425825989631949,0.014851651979263898,0.00034602379516157546,-0.006584747128494909,0.004306464322965282,-0.010545187656298615,0.01173229031259723,-0.017971013645930563,1,0,0,0,0,0,0
2023-05-07 00:00:00,-0.0218403,-0.00398929125,0.006225262391025432,0.004357683673717802,0.009337893586538148,0.018675787173076296,0.00036839242371780254,-0.008346974923717802,0.005348602336538148,-0.013327184836538147,0.014686495923076297,-0.022665078423076294,1,0,0,0,0,0,0
2023-05-07 01:00:00,-0.02161504,-0.004884997083333334,0.007125476261735814,0.00498783338321507,0.010688214392603722,0.021376428785207444,0.00010283629988173601,-0.009872830466548403,0.005803217309270388,-0.015573211475937055,0.01649143170187411,-0.02626142586854078,1,0,0,0,0,0,0
2023-05-07 02:00:00,-0.02170902,-0.0057846187500000005,0.007826005296898895,0.005478203707829226,0.011739007945348342,0.023478015890696684,-0.00030641504217077467,-0.011262822457829226,0.005954389195348342,-0.017523626695348342,0.017693397140696683,-0.029262634640696686,1,0,0,0,0,0,0
2023-05-07 03:00:00,-0.02137237,-0.006669947083333333,0.00834265059600389,0.005839855417202723,0.012513975894005835,0.02502795178801167,-0.0008300916661306106,-0.012509802500536056,0.005844028810672502,-0.019183922977339167,0.018358004704678337,-0.031697898871345005,1,0,0,0,0,0,0
2023-05-07 04:00:00,-0.02254944,-0.007589308333333333,0.008832775705802473,0.006182942994061731,0.01324916355870371,0.02649832711740742,-0.0014063653392716018,-0.013772251327395063,0.005659855225370377,-0.020838471892037042,0.018909018784074087,-0.034087635450740755,1,0,0,0,0,0,0
2023-05-07 05:00:00,-0.02253531,-0.008508080833333332,0.009200806638823389,0.006440564647176372,0.013801209958235083,0.027602419916470167,-0.0020675161861569607,-0.014948645480509705,0.005293129124901751,-0.022309290791568417,0.019094339083136833,-0.0361105007498035,1,0,0,0,0,0,0
2023-05-07 06:00:00,-0.02311148,-0.009450860416666667,0.009497402699370182,0.006648181889559127,0.014246104049055273,0.028492208098110545,-0.0028026785271075393,-0.016099042306225796,0.004795243632388606,-0.02369696446572194,0.01904134768144388,-0.03794306851477721,0,1,0,0,0,0,0
2023-05-07 07:00:00,-0.02359991,-0.01041399125,0.00971810738749658,0.006802675171247606,0.01457716108124487,0.02915432216248974,-0.003611316078752395,-0.017216666421247605,0.004163169831244869,-0.02499115233124487,0.01874033091248974,-0.039568313412489745,0,1,0,0,0,0,0
2023-05-07 08:00:00,-0.0070636,-0.010697019583333333,0.00950646865292784,0.006654528057049488,0.014259702979391761,0.028519405958783522,-0.004042491526283845,-0.01735154764038282,0.003562683396058428,-0.024956722562725096,0.017822386375450187,-0.03921642554211686,0,0,0,0,1,0,0
2023-05-07 09:00:00,-0.00487968,-0.010892731666666667,0.009327254819647657,0.00652907837375336,0.013990882229471487,0.027981764458942973,-0.004363653292913308,-0.017421810040420028,0.0030981505628048193,-0.024883613896138156,0.017089032792276304,-0.03887449612560964,0,0,0,0,1,0,0
2023-05-07 10:00:00,-0.00322469,-0.011019485833333334,0.00919511407701886,0.006436579853913202,0.013792671115528291,0.027585342231056582,-0.004582905979420132,-0.017456065687246537,0.0027731852821949576,-0.024812156948861623,0.016565856397723247,-0.03860482806438992,0,0,0,0,0,1,0
2023-05-07 11:00:00,-0.00273925,-0.011126411666666667,0.00907767239979771,0.006354370679858397,0.013616508599696566,0.027233017199393132,-0.0047720409868082705,-0.017480782346525066,0.002490096933029899,-0.02474292026636323,0.016106605532726463,-0.0383594288660598,0,0,0,0,0,1,0
2023-05-07 12:00:00,0.00114536,-0.011089990416666667,0.009127009569659983,0.006388906698761987,0.013690514354489973,0.027381028708979946,-0.00470108371790468,-0.017478897115428653,0.0026005239378233055,-0.02478050477115664,0.01629103829231328,-0.03847101912564661,0,0,0,0,0,1,0
2023-05-07 13:00:00,0.00067338,-0.011073241666666666,0.00914910714670665,0.006404375002694655,0.013723660720059976,0.02744732144011995,-0.004668866663972011,-0.01747761666936132,0.00265041905339331,-0.02479690238672664,0.016374079773453287,-0.038520563106786615,0,0,0,0,0,1,0
2023-05-07 14:00:00,0.00047148,-0.01106485,0.009160049549490526,0.006412034684643368,0.013740074324235789,0.027480148648471578,-0.004652815315356632,-0.017476884684643368,0.0026752243242357896,-0.02480492432423579,0.016415298648471577,-0.03854499864847158,0,0,0,0,0,1,0
2023-05-07 15:00:00,-7.88e-06,-0.01107632125,0.009145401637749928,0.00640178114642495,0.013718102456624894,0.027436204913249787,-0.00467454010357505,-0.01747810239642495,0.0026417812066248936,-0.024794423706624893,0.016359883663249787,-0.03851252616324979,0,0,0,0,0,1,0
2023-05-07 16:00:00,-0.01024326,-0.011351357083333334,0.009010375344511826,0.006307262741158278,0.01351556301676774,0.02703112603353548,-0.005044094342175056,-0.017658619824491614,0.002164205933434405,-0.024866920100101074,0.015679768950202143,-0.038382483116868815,0,0,0,0,1,0,0
2023-05-07 17:00:00,-0.00924801,-0.011542476250000001,0.008910390685332439,0.006237273479732707,0.013365586027998658,0.026731172055997315,-0.005305202770267294,-0.01777974972973271,0.0018231097779986567,-0.02490806227799866,0.015188695805997314,-0.03827364830599732,0,0,0,0,1,0,0
2023-05-07 18:00:00,-0.0090097,-0.011708955416666667,0.008819981827415944,0.00617398727919116,0.013229972741123915,0.02645994548224783,-0.005534968137475506,-0.01788294269585783,0.0015210173244572488,-0.024938928157790582,0.014750990065581164,-0.0381689008989145,0,0,0,0,1,0,0
2023-05-07 19:00:00,-0.0088353,-0.011849219166666666,0.008742863252044318,0.006120004276431022,0.013114294878066476,0.02622858975613295,-0.005729214890235644,-0.01796922344309769,0.0012650757113998098,-0.02496351404473314,0.014379370589466286,-0.03807780892279962,0,0,0,0,1,0,0
2023-05-07 20:00:00,-0.01428793,-0.0118902425,0.008752287890603845,0.006126601523422691,0.013128431835905768,0.026256863671811535,-0.005763640976577309,-0.01801684402342269,0.0012381893359057674,-0.025018674335905766,0.014366621171811535,-0.03814710617181154,0,0,1,0,0,0,0
2023-05-07 21:00:00,-0.01426403,-0.011915843333333334,0.008758554228001356,0.006130987959600948,0.013137831342002033,0.026275662684004067,-0.0057848553737323855,-0.01804683129293428,0.0012219880086686997,-0.02505367467533537,0.014359819350670733,-0.0381915060173374,0,0,1,0,0,0,0
2023-05-07 22:00:00,-0.01489494,-0.011989748333333335,0.008776632158515736,0.006143642510961015,0.013164948237773606,0.02632989647554721,-0.005846105822372319,-0.01813339084429435,0.001175199904440271,-0.02515469657110694,0.014340148142213877,-0.038319644808880546,0,0,1,0,0,0,0
2023-05-07 23:00:00,-0.01536265,-0.012087648749999999,0.008801611930123835,0.006161128351086684,0.013202417895185753,0.026404835790371506,-0.005926520398913315,-0.01824877710108668,0.0011147691451857539,-0.025290066645185752,0.014317187040371507,-0.038492484540371505,0,0,1,0,0,0,0
2023-05-08 00:00:00,-0.0087527,-0.011542332083333334,0.00857357760906651,0.006001504326346556,0.012860366413599764,0.025720732827199527,-0.005540827756986778,-0.01754383640967989,0.0013180343302664297,-0.0244026984969331,0.014178400743866193,-0.03726306491053286,0,0,0,0,1,0,0
2023-05-08 01:00:00,-0.00900277,-0.011016820833333331,0.008311870506945708,0.0058183093548619955,0.012467805760418563,0.024935611520837127,-0.005198511478471336,-0.016835130188195328,0.0014509849270852321,-0.023484626593751896,0.013918790687503796,-0.035952432354170456,0,0,0,0,1,0,0
2023-05-08 02:00:00,-0.00866014,-0.010473117500000002,0.008003101307660692,0.005602170915362485,0.012004651961491038,0.024009303922982075,-0.004870946584637517,-0.016075288415362488,0.0015315344614910357,-0.02247776946149104,0.013536186422982073,-0.03448242142298208,0,0,0,0,1,0,0
2023-05-08 03:00:00,-0.00842449,-0.0099336225,0.007665732204995011,0.005366012543496507,0.011498598307492516,0.022997196614985033,-0.004567609956503492,-0.015299635043496507,0.001564975807492517,-0.021432220807492516,0.013063574114985033,-0.032930819114985035,0,0,0,0,1,0,0
2023-05-08 04:00:00,-0.02690762,-0.010115213333333333,0.00802096624855008,0.005614676373985056,0.012031449372825121,0.024062898745650242,-0.0045005369593482765,-0.015729889707318388,0.0019162360394917883,-0.022146662706158456,0.01394768541231691,-0.03417811207898357,1,0,0,0,0,0,0
2023-05-08 05:00:00,-0.02614346,-0.010265552916666667,0.008293080227355849,0.005805156159149094,0.012439620341033773,0.024879240682067545,-0.004460396757517573,-0.01607070907581576,0.0021740674243671057,-0.02270517325770044,0.014613687765400878,-0.03514479359873421,1,0,0,0,0,0,0
2023-05-08 06:00:00,-0.02577221,-0.010376416666666667,0.008487773111142901,0.00594144117780003,0.012731659666714351,0.025463319333428703,-0.004434975488866637,-0.016317857844466696,0.002355243000047684,-0.02310807633338102,0.015086902666762035,-0.03583973600009537,1,0,0,0,0,0,0
2023-05-08 07:00:00,-0.02578534,-0.010467476250000001,0.008646054297102333,0.006052238007971633,0.012969081445653499,0.025938162891306998,-0.004415238242028369,-0.016519714257971635,0.0025016051956534974,-0.0234365576956535,0.015470686641306996,-0.036405639141307,1,0,0,0,0,0,0
2023-05-08 08:00:00,-0.03655279,-0.011696192499999999,0.010112349823364813,0.007078644876355369,0.01516852473504722,0.03033704947009444,-0.00461754762364463,-0.018774837376355366,0.003472332235047221,-0.02686471723504722,0.01864085697009444,-0.04203324197009444,1,0,0,0,0,0,0
2023-05-08 09:00:00,-0.03805638,-0.013078555,0.011333873147937129,0.00793371120355599,0.017000809721905694,0.03400161944381139,-0.005144843796444011,-0.02101226620355599,0.003922254721905693,-0.030079364721905692,0.02092306444381139,-0.047080174443811386,1,0,0,0,0,0,0
2023-05-08 10:00:00,-0.03907559,-0.014572342500000002,0.012300048072264574,0.008610033650585202,0.01845007210839686,0.03690014421679372,-0.0059623088494148,-0.0231823761505852,0.003877729608396857,-0.03302241460839686,0.022327801716793716,-0.05147248671679372,1,0,0,0,0,0,0
2023-05-08 11:00:00,-0.03841334,-0.016058762916666667,0.012946447535739198,0.009062513275017437,0.019419671303608797,0.038839342607217595,-0.00699624964164923,-0.025121276191684104,0.0033609083869421304,-0.03547843422027547,0.022780579690550928,-0.05489810552388426,1,0,0,0,0,0,0
2023-05-08 12:00:00,-0.01756085,-0.016838188333333334,0.012417967193530038,0.008692577035471025,0.018626950790295055,0.03725390158059011,-0.008145611297862308,-0.02553076536880436,0.0017887624569617212,-0.03546513912362839,0.020415713247256776,-0.05409208991392345,0,0,1,0,0,0,0
2023-05-08 13:00:00,-0.01657168,-0.017556732499999998,0.011846409428475065,0.008292486599932545,0.017769614142712598,0.035539228285425196,-0.009264245900067454,-0.02584921909993254,0.0002128816427126,-0.0353263466427126,0.017982495785425198,-0.053095960785425195,0,0,0,0,1,0,0
2023-05-08 14:00:00,-0.0159583,-0.01824130666666667,0.011217323003792202,0.00785212610265454,0.016825984505688302,0.033651969011376605,-0.010389180564012128,-0.02609343276932121,-0.0014153221609783662,-0.03506729117235497,0.015410662344709936,-0.05189327567804328,0,0,0,0,1,0,0
2023-05-08 15:00:00,-0.01531536,-0.018879118333333333,0.010550894748990909,0.0073856263242936355,0.015826342123486364,0.03165268424697273,-0.011493492009039697,-0.02626474465762697,-0.0030527762098469698,-0.0347054604568197,0.012773565913639394,-0.05053180258030606,0,0,0,0,1,0,0
2023-05-08 16:00:00,-0.00778364,-0.018776634166666667,0.010649905609470628,0.007454933926629439,0.015974858414205942,0.031949716828411884,-0.011321700240037227,-0.026231568093296107,-0.002801775752460725,-0.03475149258087261,0.013173082661745217,-0.05072635099507855,0,0,0,0,0,1,0
2023-05-08 17:00:00,-0.00760575,-0.018708206666666668,0.010718843336962474,0.0075031903358737315,0.01607826500544371,0.03215653001088742,-0.011205016330792936,-0.0262113970025404,-0.0026299416612229586,-0.03478647167211038,0.01344832334422075,-0.05086473667755409,0,0,0,0,0,1,0
2023-05-08 18:00:00,-0.0073778,-0.018640210833333334,0.01078799449138633,0.00755159614397043,0.016181991737079494,0.03236398347415899,-0.011088614689362904,-0.026191806977303764,-0.0024582190962538393,-0.034822202570412825,0.013723772640825655,-0.051004194307492326,0,0,0,0,0,1,0
2023-05-08 19:00:00,-0.00717297,-0.018570947083333334,0.010858787615552775,0.007601151330886942,0.016288181423329162,0.032576362846658324,-0.01096979575244639,-0.026172098414220277,-0.002282765660004172,-0.03485912850666249,0.01400541576332499,-0.051147309929991655,0,0,0,0,0,1,0
2023-05-08 20:00:00,-0.00625437,-0.018236215416666667,0.011117299335442692,0.007782109534809884,0.016675949003164037,0.033351898006328075,-0.010454105881856784,-0.02601832495147655,-0.001560266413502629,-0.03491216441983071,0.015115682589661408,-0.05158811342299474,0,0,0,0,0,1,0
2023-05-08 21:00:00,-0.00639124,-0.017908182499999998,0.01135324618429776,0.007947272329008432,0.01702986927644664,0.03405973855289328,-0.009960910170991566,-0.02585545482900843,-0.0008783132235533585,-0.03493805177644664,0.01615155605289328,-0.05196792105289327,0,0,0,0,0,1,0
2023-05-08 22:00:00,-0.00665368,-0.017564796666666667,0.011570890836801618,0.008099623585761133,0.01735633625520243,0.03471267251040486,-0.009465173080905534,-0.0256644202524278,-0.00020846041146423827,-0.034921132921869096,0.01714787584373819,-0.052277469177071524,0,0,0,0,0,1,0
2023-05-08 23:00:00,-0.00710488,-0.017220722916666667,0.011760445799478221,0.008232312059634754,0.01764066869921733,0.03528133739843466,-0.008988410857031913,-0.02545303497630142,0.0004199457825506646,-0.034861391615884,0.018060614481767996,-0.05250206031510133,0,0,0,0,0,1,0
2023-05-09 00:00:00,-0.01373959,-0.017428509999999998,0.011647841052417878,0.008153488736692515,0.017471761578626815,0.03494352315725363,-0.009275021263307483,-0.025581998736692514,4.3251578626817694e-05,-0.03490027157862681,0.017515013157253633,-0.052372033157253625,0,0,0,0,1,0,0
2023-05-09 01:00:00,-0.01224402,-0.017563562083333335,0.011564391996353353,0.008095074397447347,0.017346587994530028,0.034693175989060056,-0.009468487685885988,-0.02565863648078068,-0.0002169740888033067,-0.03491015007786336,0.01712961390572672,-0.052256738072393394,0,0,0,0,1,0,0
2023-05-09 02:00:00,-0.01192538,-0.01769961375,0.011473945272563816,0.008031761690794672,0.017210917908845724,0.03442183581769145,-0.009667852059205327,-0.025731375440794672,-0.0004886958411542755,-0.03491053165884572,0.016722222067691448,-0.05212144956769145,0,0,0,0,1,0,0
2023-05-09 03:00:00,-0.01234165,-0.01786282875,0.011363601653502711,0.007954521157451898,0.017045402480254067,0.034090804960508134,-0.009908307592548102,-0.025817349907451898,-0.0008174262697459335,-0.034908231230254064,0.016227976210508133,-0.05195363371050814,0,0,0,0,1,0,0
2023-05-09 04:00:00,-0.01187768,-0.017236581249999997,0.011257122330680176,0.007879985631476122,0.016885683496020265,0.03377136699204053,-0.009356595618523875,-0.02511656688147612,-0.00035089775397973214,-0.03412226474602026,0.016534785742040533,-0.051007948242040524,0,0,0,0,1,0,0
2023-05-09 05:00:00,-0.01175953,-0.016637250833333332,0.011144640644974842,0.007801248451482389,0.016716960967462263,0.033433921934924525,-0.008836002381850942,-0.024438499284815722,7.971013412893038e-05,-0.03335421180079559,0.016796671101591193,-0.05007117276825786,0,0,0,0,1,0,0
2023-05-09 06:00:00,-0.01130381,-0.016034400833333334,0.011019636987304668,0.007713745891113267,0.016529455480957002,0.033058910961914004,-0.008320654942220066,-0.0237481467244466,0.0004950546476236682,-0.03256385631429033,0.01702451012858067,-0.04909331179524734,0,0,0,0,1,0,0
2023-05-09 07:00:00,-0.0107425,-0.015407615833333332,0.010867662358063027,0.007607363650644118,0.016301493537094543,0.032602987074189085,-0.007800252182689214,-0.02301497948397745,0.0008938777037612103,-0.031709109370427875,0.017195371240855753,-0.04801060290752242,0,0,0,0,1,0,0
2023-05-09 08:00:00,-0.00704245,-0.014178018333333332,0.01000654508973378,0.007004581562813646,0.015009817634600669,0.030019635269201338,-0.007173436770519686,-0.02118259989614698,0.0008317993012673369,-0.029187835967934,0.015841616935868004,-0.04419765360253467,0,0,0,0,0,1,0
2023-05-09 09:00:00,-0.00572056,-0.012830692500000003,0.008749651636553625,0.006124756145587537,0.013124477454830436,0.026248954909660872,-0.0067059363544124655,-0.01895544864558754,0.00029378495483043353,-0.025955169954830437,0.01341826240966087,-0.03907964740966088,0,0,0,0,0,1,0
2023-05-09 10:00:00,-0.00511661,-0.011415734999999998,0.006863448230495772,0.0048044137613470405,0.010295172345743658,0.020590344691487315,-0.0066113212386529575,-0.016220148761347038,-0.0011205626542563404,-0.021710907345743657,0.009174609691487317,-0.03200607969148731,0,0,0,0,0,1,0
2023-05-09 11:00:00,-0.00566208,-0.010051099166666667,0.003861738312302314,0.00270321681861162,0.005792607468453471,0.011585214936906943,-0.0073478823480550475,-0.012754315985278288,-0.004258491698213196,-0.01584370663512014,0.0015341157702402752,-0.02163631410357361,0,0,0,0,0,1,0
2023-05-09 12:00:00,-0.01866198,-0.010096979583333334,0.003960126892324086,0.0027720888246268597,0.005940190338486129,0.011880380676972257,-0.007324890758706474,-0.012869068407960194,-0.004156789244847205,-0.01603716992181946,0.0017834010936389234,-0.02197736026030559,1,0,0,0,0,0,0
2023-05-09 13:00:00,-0.01925388,-0.010208737916666667,0.004182402246211233,0.002927681572347863,0.006273603369316849,0.012547206738633698,-0.007281056344318804,-0.01313641948901453,-0.003935134547349818,-0.016482341285983516,0.0023384688219670307,-0.022755944655300363,1,0,0,0,0,0,0
2023-05-09 14:00:00,-0.01975674,-0.01036700625,0.004471323816688435,0.0031299266716819044,0.006706985725032652,0.013413971450065305,-0.007237079578318095,-0.013496932921681904,-0.0036600205249673473,-0.017073991975032652,0.003046965200065305,-0.023780977700065306,1,0,0,0,0,0,0
2023-05-09 15:00:00,-0.01989521,-0.010557833333333334,0.0047788458036367035,0.0033451920625456925,0.007168268705455056,0.014336537410910111,-0.007212641270787641,-0.013903025395879027,-0.0033895646278782783,-0.01772610203878839,0.0037787040775767774,-0.024894370744243444,1,0,0,0,0,0,0
2023-05-09 16:00:00,-0.02030936,-0.011079738333333334,0.005133514491223892,0.003593460143856724,0.007700271736835838,0.015400543473671676,-0.00748627818947661,-0.014673198477190057,-0.0033794665964974957,-0.018780010070169172,0.004320805140338342,-0.02648028180700501,1,0,0,0,0,0,0
2023-05-09 17:00:00,-0.0187979,-0.011546077916666666,0.005309550114946665,0.003716685080462665,0.007964325172419996,0.015928650344839992,-0.007829392836204001,-0.015262762997129331,-0.00358175274424667,-0.019510403089086664,0.004382572428173326,-0.02747472826150666,0,1,0,0,0,0,0
2023-05-09 18:00:00,-0.01853194,-0.01201083375,0.005415935393768699,0.003791154775638089,0.00812390309065305,0.0162478061813061,-0.008219678974361912,-0.015801988525638088,-0.0038869306593469505,-0.020134736840653047,0.004236972431306099,-0.028258639931306097,0,1,0,0,0,0,0
2023-05-09 19:00:00,-0.01830421,-0.012474635416666666,0.005460065151922135,0.003822045606345494,0.008190097727883202,0.016380195455766404,-0.008652589810321172,-0.01629668102301216,-0.004284537688783464,-0.02066473314454987,0.003905560039099738,-0.028854830872433068,0,1,0,0,0,0,0
2023-05-09 20:00:00,0.00490366,-0.012009717499999998,0.006405870423589558,0.00448410929651269,0.009608805635384337,0.019217611270768674,-0.007525608203487307,-0.01649382679651269,-0.0024009118646156607,-0.021618523135384336,0.007207893770768676,-0.03122732877076867,0,0,0,0,0,0,1
2023-05-09 21:00:00,0.0046328,-0.0115503825,0.007175294016803491,0.005022705811762443,0.010762941025205237,0.021525882050410474,-0.006527676688237556,-0.016573088311762442,-0.0007874414747947624,-0.022313323525205236,0.009975499550410475,-0.033076264550410475,0,0,0,0,0,0,1
2023-05-09 22:00:00,0.00458415,-0.011082139583333333,0.007844230298811138,0.005490961209167796,0.011766345448216708,0.023532690896433416,-0.005591178374165537,-0.016573100792501128,0.0006842058648833752,-0.022848485031550042,0.012450551313100083,-0.034614830479766746,0,0,0,0,0,0,1
2023-05-09 23:00:00,0.0043838,-0.010603444583333331,0.008426438585185046,0.005898507009629531,0.012639657877777568,0.025279315755555136,-0.0047049375737038,-0.016501951592962864,0.0020362132944442366,-0.0232431024611109,0.014675871172221805,-0.035882760338888466,0,0,0,0,0,0,1
2023-05-10 00:00:00,0.00214718,-0.009941495833333333,0.008785706618126426,0.006149994632688498,0.013178559927189639,0.026357119854379277,-0.003791501200644835,-0.016091490466021832,0.003237064093856306,-0.02312005576052297,0.016415624021045946,-0.03629861568771261,0,0,0,0,0,1,0
2023-05-10 01:00:00,0.00353917,-0.009283862916666667,0.00918738721062526,0.006431171047437682,0.013781080815937891,0.027562161631875783,-0.002852691869228985,-0.015715033964104348,0.004497217899271225,-0.023064943732604558,0.018278298715209116,-0.03684602454854245,0,0,0,0,0,1,0
2023-05-10 02:00:00,0.00314872,-0.008655775416666667,0.009508599261646851,0.0066560194831527955,0.014262898892470278,0.028525797784940556,-0.001999755933513872,-0.015311794899819462,0.00560712347580361,-0.022918674309136945,0.019870022368273888,-0.037181573201607226,0,0,0,0,0,1,0
2023-05-10 03:00:00,0.00320494,-0.008008000833333332,0.009772476413975299,0.006840733489782709,0.014658714620962948,0.029317429241925895,-0.0011672673435506233,-0.014848734323116041,0.006650713787629615,-0.022666715454296278,0.02130942840859256,-0.03732543007525923,0,0,0,0,0,1,0
2023-05-10 04:00:00,0.0015885,-0.00744691,0.00992601424508259,0.006948209971557813,0.014889021367623885,0.02977804273524777,-0.0004987000284421873,-0.014395119971557813,0.007442111367623885,-0.022335931367623886,0.02233113273524777,-0.03722495273524777,0,0,0,0,0,1,0
2023-05-10 05:00:00,0.00162549,-0.006889200833333334,0.010048441917721637,0.007033909342405145,0.015072662876582455,0.03014532575316491,0.00014470850907181108,-0.013923110175738478,0.008183462043249122,-0.021961863709915787,0.023256124919831575,-0.037034526586498244,0,0,0,0,0,1,0
2023-05-10 06:00:00,0.00190047,-0.0063390225,0.010157118054325568,0.007109982638027897,0.015235677081488352,0.030471354162976704,0.0007709601380278966,-0.013449005138027898,0.008896654581488351,-0.021574699581488353,0.024132331662976705,-0.03681037666297671,0,0,0,0,0,1,0
2023-05-10 07:00:00,0.002479,-0.0057881266666666665,0.010265868569864289,0.007186107998905002,0.015398802854796433,0.030797605709592866,0.0013979813322383353,-0.012974234665571668,0.009610676188129767,-0.0211869295214631,0.0250094790429262,-0.03658573237625953,0,0,0,0,0,1,0
2023-05-10 08:00:00,0.00313252,-0.005364169583333332,0.01042074891258133,0.007294524238806931,0.015631123368871996,0.03126224673774399,0.0019303546554735986,-0.012658693822140264,0.010266953785538664,-0.020995292952205327,0.02589807715441066,-0.036626416321077326,0,0,0,0,0,1,0
2023-05-10 09:00:00,0.00319225,-0.0049928025,0.010565307377123793,0.007395715163986655,0.01584796106568569,0.03169592213137138,0.002402912663986655,-0.012388517663986656,0.01085515856568569,-0.02084076356568569,0.02670311963137138,-0.03668872463137138,0,0,0,0,0,1,0
2023-05-10 10:00:00,0.0031506,-0.004648335416666666,0.010695068863012634,0.0074865482041088435,0.01604260329451895,0.0320852065890379,0.002838212787442177,-0.01213488362077551,0.011394267877852284,-0.020690938711185616,0.027436871172371233,-0.03673354200570457,0,0,0,0,0,1,0
2023-05-10 11:00:00,0.00321512,-0.004278452083333333,0.010811359119661043,0.00756795138376273,0.016217038679491563,0.03243407735898313,0.003289499300429397,-0.011846403467096062,0.011938586596158231,-0.020495490762824895,0.028155625275649795,-0.03671252944231646,0,0,0,0,1,0,0
2023-05-10 12:00:00,0.00432894,-0.0033204970833333332,0.010495430133295684,0.007346801093306978,0.015743145199943527,0.031486290399887054,0.004026304009973645,-0.01066729817664031,0.012422648116610193,-0.01906364228327686,0.028165793316553722,-0.034806787483220386,0,0,0,0,0,1,0
2023-05-10 13:00:00,0.00417353,-0.002344355,0.01002813976563298,0.007019697835943086,0.015042209648449472,0.030084419296898944,0.004675342835943086,-0.009364052835943085,0.012697854648449473,-0.01738656464844947,0.027740064296898945,-0.03242877429689894,0,0,0,0,1,0,0
2023-05-10 14:00:00,0.0042215,-0.0013452616666666667,0.009392238482599046,0.006574566937819332,0.014088357723898569,0.028176715447797138,0.0052293052711526655,-0.007919828604486,0.012743096057231902,-0.015433619390565236,0.02683145378113047,-0.029521977114463804,0,0,0,0,1,0,0
2023-05-10 15:00:00,0.00422194,-0.0003403804166666666,0.008575961309563252,0.006003172916694276,0.012863941964344879,0.025727883928689757,0.005662792500027609,-0.006343553333360943,0.012523561547678213,-0.013204322381011544,0.02538750351202309,-0.026068264345356425,0,0,0,0,1,0,0
2023-05-10 16:00:00,0.00361447,0.0006564458333333333,0.0074734788456188375,0.005231435191933186,0.011210218268428256,0.022420436536856513,0.005887881025266519,-0.004574989358599853,0.01186666410176159,-0.010553772435094923,0.023076882370189847,-0.021763990703523178,0,0,0,0,1,0,0
2023-05-10 17:00:00,0.0022609,0.0015338958333333335,0.006221425240723566,0.004354997668506496,0.00933213786108535,0.0186642757221707,0.005888893501839829,-0.0028211018351731627,0.010866033694418683,-0.007798242027752016,0.020198171555504033,-0.017130379888837366,0,0,0,0,1,0,0
2023-05-10 18:00:00,0.00120186,0.0023561375,0.004527632859302632,0.003169343001511842,0.006791449288953947,0.013582898577907895,0.005525480501511842,-0.000813205501511842,0.009147586788953947,-0.004435311788953947,0.015939036077907896,-0.011226761077907894,0,0,1,0,0,0,0
2023-05-10 19:00:00,0.00206546,0.00320487375,0.0010921383364630379,0.0007644968355241265,0.0016382075046945568,0.0032764150093891136,0.003969370585524126,0.0024403769144758737,0.004843081254694557,0.0015666662453054433,0.006481288759389114,-7.154125938911354e-05,0,1,0,0,0,0,0
2023-05-10 20:00:00,-3.684e-05,0.0029990195833333334,0.0012165423590383398,0.0008515796513268378,0.0018248135385575096,0.003649627077115019,0.003850599234660171,0.0021474399320064955,0.0048238331218908425,0.0011742060447758238,0.0066486466604483525,-0.0006506074937816858,1,0,0,0,0,0,0
2023-05-10 21:00:00,0.00016075,0.0028126841666666663,0.0012953540163815308,0.0009067478114670714,0.001943031024572296,0.003886062049144592,0.0037194319781337377,0.001905936355199595,0.004755715191238963,0.0008696531420943703,0.006698746215811258,-0.0010733778824779257,1,0,0,0,0,0,0
2023-05-10 22:00:00,8.901e-05,0.0026253866666666667,0.0013518272323645073,0.000946279062655155,0.0020277408485467607,0.0040554816970935215,0.0035716657293218216,0.0016791076040115118,0.0046531275152134274,0.000597645818119906,0.006680868363760188,-0.0014300950304268548,1,0,0,0,0,0,0
2023-05-10 23:00:00,-7.87e-05,0.002439449166666667,0.0014052907648687248,0.0009837035354081072,0.002107936147303087,0.004215872294606174,0.003423152702074774,0.0014557456312585596,0.004547385313969754,0.0003315130193635796,0.006655321461272842,-0.0017764231279395076,1,0,0,0,0,0,0
2023-05-11 00:00:00,-0.00728379,0.0020464920833333333,0.0024332065195878864,0.0017032445637115204,0.0036498097793818294,0.007299619558763659,0.0037497366470448535,0.0003432475196218129,0.005696301862715162,-0.0016033176960484961,0.009346111642096993,-0.005253127475430325,1,0,0,0,0,0,0
2023-05-11 01:00:00,-0.00726222,0.0015964341666666667,0.00306263699567363,0.002143845896971541,0.004593955493510445,0.00918791098702089,0.003740280063638208,-0.0005474117303048743,0.006190389660177111,-0.002997521326843778,0.010784345153687556,-0.007591476820354223,1,0,0,0,0,0,0
2023-05-11 02:00:00,-0.00663316,0.0011888558333333335,0.003470771684269892,0.0024295401789889244,0.0052061575264048384,0.010412315052809677,0.003618396012322258,-0.0012406843456555909,0.006395013359738172,-0.004017301693071505,0.01160117088614301,-0.009223459219476343,1,0,0,0,0,0,0
2023-05-11 03:00:00,-0.00610271,0.0008010370833333334,0.0037448895362236206,0.002621422675356534,0.005617334304335431,0.011234668608670862,0.0034224597586898675,-0.0018203855920232007,0.006418371387668764,-0.0048162972210020975,0.012035705692004194,-0.01043363152533753,1,0,0,0,0,0,0
2023-05-11 04:00:00,-0.00669089,0.0004560625000000001,0.004038990619423797,0.002827293433596658,0.006058485929135696,0.012116971858271392,0.0032833559335966583,-0.0023712309335966577,0.006514548429135696,-0.005602423429135696,0.012573034358271392,-0.011660909358271392,1,0,0,0,0,0,0
2023-05-11 05:00:00,-0.00592632,0.00014140375000000003,0.004233408754753597,0.002963386128327518,0.006350113132130396,0.012700226264260792,0.003104789878327518,-0.002821982378327518,0.006491516882130396,-0.0062087093821303965,0.012841630014260792,-0.012558822514260793,0,1,0,0,0,0,0
2023-05-11 06:00:00,-0.00544623,-0.00016470874999999997,0.004364275241885311,0.0030549926693197176,0.006546412862827967,0.013092825725655934,0.0028902839193197176,-0.0032197014193197176,0.006381704112827967,-0.006711121612827967,0.012928116975655934,-0.013257534475655933,0,1,0,0,0,0,0
2023-05-11 07:00:00,-0.00516851,-0.000483355,0.004441360169209813,0.003108952118446869,0.006662040253814719,0.013324080507629439,0.002625597118446869,-0.003592307118446869,0.006178685253814719,-0.00714539525381472,0.01284072550762944,-0.013807435507629438,0,1,0,0,0,0,0
2023-05-11 08:00:00,0.00325618,-0.00047820249999999995,0.004445806897727383,0.003112064828409168,0.006668710346591075,0.01333742069318215,0.002633862328409168,-0.0035902673284091678,0.006190507846591075,-0.007146912846591075,0.01285921819318215,-0.01381562319318215,0,0,0,0,0,1,0
2023-05-11 09:00:00,0.00394717,-0.00044674749999999995,0.004475476805075335,0.0031328337635527347,0.006713215207613003,0.013426430415226006,0.0026860862635527346,-0.003579581263552735,0.006266467707613003,-0.007159962707613003,0.012979682915226005,-0.013873177915226007,0,0,0,0,0,1,0
2023-05-11 10:00:00,0.00439613,-0.00039485041666666664,0.004525941865098091,0.0031681593055686635,0.006788912797647136,0.013577825595294272,0.0027733088889019967,-0.0035630097222353304,0.006394062380980469,-0.007183763214313803,0.013182975178627605,-0.013972676011960939,0,0,0,0,0,1,0
2023-05-11 11:00:00,0.0040337,-0.0003607429166666666,0.0045573051595170395,0.0031901136116619273,0.006835957739275559,0.013671915478551119,0.002829370694995261,-0.003550856528328594,0.006475214822608892,-0.007196700655942226,0.013311172561884452,-0.014032658395217786,0,0,0,0,0,1,0
2023-05-11 12:00:00,0.00612672,-0.0002858354166666666,0.004651540555095205,0.003256078388566643,0.006977310832642808,0.013954621665285615,0.0029702429718999764,-0.00354191380523331,0.006691475415976141,-0.007263146249309474,0.013668786248618949,-0.014240457081952282,0,0,0,0,0,1,0
2023-05-11 13:00:00,0.00568573,-0.00022282708333333325,0.004724245749440693,0.003306972024608485,0.00708636862416104,0.01417273724832208,0.0030841449412751516,-0.0035297991079418184,0.006863541540827706,-0.007309195707494373,0.013949910164988746,-0.014395564331655413,0,0,0,0,0,1,0
2023-05-11 14:00:00,0.00570936,-0.0001608329166666666,0.0047943445553416935,0.0033560411887391855,0.00719151683301254,0.01438303366602508,0.0031952082720725188,-0.003516874105405852,0.0070306839163458736,-0.007352349749679207,0.014222200749358415,-0.014543866582691746,0,0,0,0,0,1,0
2023-05-11 15:00:00,0.00580681,-9.479666666666665e-05,0.004867690364393132,0.0034073832550751922,0.0073015355465896985,0.014603071093179397,0.0033125865884085256,-0.003502179921741859,0.007206738879923032,-0.007396332213256365,0.01450827442651273,-0.014697867759846064,0,0,0,0,0,1,0
2023-05-11 16:00:00,-0.00081843,-0.0002795008333333333,0.004804516122852232,0.0033631612859965623,0.007206774184278348,0.014413548368556696,0.003083660452663229,-0.0036426621193298954,0.006927273350945015,-0.007486275017611681,0.014134047535223362,-0.014693049201890029,0,0,1,0,0,0,0
2023-05-11 17:00:00,-0.00078774,-0.0004065275,0.004774638803086705,0.0033422471621606933,0.007161958204630057,0.014323916409260114,0.0029357196621606933,-0.0037487746621606933,0.006755430704630057,-0.007568485704630057,0.013917388909260114,-0.014730443909260114,0,0,1,0,0,0,0
2023-05-11 18:00:00,-0.00132488,-0.0005118083333333334,0.004765480425481697,0.0033358362978371876,0.0071482206382225445,0.014296441276445089,0.002824027964503854,-0.003847644631170521,0.0066364123048892115,-0.0076600289715558776,0.013784632943111755,-0.014808249609778423,0,0,1,0,0,0,0
2023-05-11 19:00:00,-0.0015843,-0.0006638816666666666,0.004737814483832649,0.0033164701386828544,0.007106721725748974,0.014213443451497948,0.002652588472016188,-0.0039803518053495215,0.006442840059082307,-0.007770603392415641,0.013549561784831281,-0.014877325118164614,0,0,1,0,0,0,0
2023-05-11 20:00:00,-0.0008387,-0.0006972925,0.004736027363413572,0.0033152191543895,0.007104041045120358,0.014208082090240716,0.0026179266543895,-0.0040125116543895,0.006406748545120358,-0.007801333545120358,0.013510789590240716,-0.014905374590240716,0,0,1,0,0,0,0
2023-05-11 21:00:00,-0.00024065,-0.0007140175,0.004733573617060639,0.003313501531942447,0.007100360425590958,0.014200720851181917,0.002599484031942447,-0.004027519031942447,0.006386342925590959,-0.007814377925590959,0.013486703351181916,-0.014914738351181917,0,0,0,0,1,0,0
2023-05-11 22:00:00,-0.00047279,-0.0007374258333333333,0.004730818148133814,0.0033115727036936693,0.007096227222200721,0.014192454444401441,0.002574146870360336,-0.0040489985370270026,0.006358801388867387,-0.007833653055534054,0.013455028611068108,-0.014929880277734774,0,0,0,0,1,0,0
2023-05-11 23:00:00,-0.00086655,-0.0007702529166666666,0.004728781526004596,0.003310147068203217,0.007093172289006895,0.01418634457801379,0.0025398941515365507,-0.004080399984869884,0.006322919372340228,-0.007863425205673562,0.013416091661347123,-0.014956597494680457,0,0,1,0,0,0,0
2023-05-12 00:00:00,0.00634129,-0.00020254124999999996,0.004730678685660143,0.0033114750799621,0.0070960180284902145,0.014192036056980429,0.0031089338299621,-0.0035140163299620998,0.006893476778490214,-0.007298559278490215,0.013989494806980429,-0.01439457730698043,0,0,0,0,0,1,0
2023-05-12 01:00:00,0.00626828,0.0003612295833333334,0.00465846000564235,0.0032609220039496447,0.0069876900084635245,0.013975380016927049,0.003622151587282978,-0.0028996924206163115,0.007348919591796858,-0.006626460425130191,0.014336609600260383,-0.013614150433593715,0,0,0,0,0,1,0
2023-05-12 02:00:00,0.00598242,0.0008868787499999999,0.004545296987947668,0.0031817078915633676,0.006817945481921502,0.013635890963843003,0.0040685866415633674,-0.0022948291415633678,0.007704824231921502,-0.005931066731921501,0.014522769713843003,-0.012749012213843003,0,0,0,0,0,1,0
2023-05-12 03:00:00,0.00593085,0.0013882770833333333,0.004402209704265104,0.0030815467929855727,0.006603314556397656,0.013206629112795312,0.004469823876318906,-0.0016932697096522394,0.00799159163973099,-0.005215037473064323,0.014594906196128646,-0.011818352029461979,0,0,0,0,0,1,0
2023-05-12 04:00:00,0.0041395,0.0018395433333333333,0.004081433325294332,0.0028570033277060323,0.006122149987941498,0.012244299975882996,0.004696546661039366,-0.001017459994372699,0.007961693321274832,-0.004282606654608165,0.01408384330921633,-0.010404756642549662,0,0,0,0,1,0,0
2023-05-12 05:00:00,0.00438521,0.002269190416666667,0.0037583398301788084,0.002630837881125166,0.005637509745268212,0.011275019490536425,0.004900028297791833,-0.0003616474644584991,0.00790670016193488,-0.0033683193286015455,0.013544209907203092,-0.009005829073869757,0,0,0,0,1,0,0
2023-05-12 06:00:00,0.00387342,0.0026575091666666668,0.003389911926079076,0.002372938348255353,0.005084867889118614,0.010169735778237227,0.00503044751492202,0.0002845708184113136,0.007742377055785281,-0.002427358722451947,0.012827244944903895,-0.00751222661157056,0,0,0,0,1,0,0
2023-05-12 07:00:00,0.00342824,0.003015707083333333,0.0029530579435376966,0.0020671405604763874,0.004429586915306545,0.00885917383061309,0.0050828476438097205,0.0009485665228569458,0.007445293998639878,-0.001413879831973212,0.011874880913946423,-0.0058434667472797575,0,0,0,0,1,0,0
2023-05-12 08:00:00,-0.00113657,0.002832675833333333,0.00307127112362846,0.0021498897865399216,0.00460690668544269,0.00921381337088538,0.004982565619873255,0.0006827860467934115,0.007439582518776022,-0.0017742308521093565,0.012046489204218712,-0.0063811375375520465,0,1,0,0,0,0,0
2023-05-12 09:00:00,-0.00092914,0.00262949625,0.0031545043000898395,0.0022081530100628876,0.0047317564501347595,0.009463512900269519,0.004837649260062887,0.0004213432399371125,0.00736125270013476,-0.0021022602001347594,0.012093009150269519,-0.006834016650269519,0,1,0,0,0,0,0
2023-05-12 10:00:00,-0.00098745,0.0024051804166666667,0.003214263881231088,0.0022499847168617614,0.004821395821846632,0.009642791643693263,0.004655165133528428,0.00015519569980490533,0.007226576238513298,-0.002416215405179965,0.01204797206035993,-0.007237611227026597,0,1,0,0,0,0,0
2023-05-12 11:00:00,-0.00119626,0.0021872654166666668,0.0032757537013002654,0.002293027590910186,0.004913630551950398,0.009827261103900796,0.004480293007576852,-0.00010576217424351905,0.0071008959686170645,-0.0027263651352837314,0.012014526520567463,-0.007639995687234129,0,1,0,0,0,0,0
2023-05-12 12:00:00,0.00067446,0.0019600879166666667,0.0031782794100007256,0.002224795587000508,0.004767419115001089,0.009534838230002177,0.004184883503667174,-0.00026470767033384126,0.006727507031667756,-0.002807331198334422,0.011494926146668845,-0.00757475031333551,0,0,1,0,0,0,0
2023-05-12 13:00:00,-6.661e-05,0.0017204070833333333,0.003101065385317249,0.0021707457697220742,0.004651598077975874,0.009303196155951748,0.0038911528530554077,-0.000450338686388741,0.006372005161309207,-0.0029311909946425404,0.011023603239285081,-0.007582789072618414,0,0,1,0,0,0,0
2023-05-12 14:00:00,-0.00120815,0.0014321775000000001,0.0030349616446702452,0.0021244731512691717,0.004552442467005368,0.009104884934010736,0.003556650651269172,-0.0006922956512691715,0.005984619967005368,-0.0031202649670053675,0.010537062434010735,-0.007672707434010735,0,1,0,0,0,0,0
2023-05-12 15:00:00,-0.00127223,0.0011372175,0.0029336221639871944,0.0020535355147910358,0.004400433245980792,0.008800866491961584,0.0031907530147910357,-0.0009163180147910358,0.005537650745980792,-0.0032632157459807918,0.009938083991961583,-0.0076636489919615835,0,1,0,0,0,0,0
2023-05-12 16:00:00,0.00410875,0.0013425166666666665,0.0029630705235274197,0.0020741493664691935,0.00444460578529113,0.00888921157058226,0.00341666603313586,-0.000731632699802527,0.005787122451957796,-0.0031020891186244633,0.010231728237248926,-0.007546694903915593,0,0,0,0,0,1,0
2023-05-12 17:00:00,0.00498368,0.0015829925,0.003016384888154873,0.0021114694217084107,0.0045245773322323095,0.009049154664464619,0.0036944619217084106,-0.0005284769217084107,0.006107569832232309,-0.0029415848322323097,0.010632147164464619,-0.007466162164464619,0,0,0,0,0,1,0
2023-05-12 18:00:00,0.00484087,0.00183989875,0.0030205190517673666,0.0021143633362371564,0.0045307785776510495,0.009061557155302099,0.003954262086237156,-0.00027446458623715635,0.0063706773276510495,-0.0026908798276510494,0.010901455905302098,-0.007221658405302099,0,0,0,0,0,1,0
2023-05-12 19:00:00,0.00525177,0.002124735,0.0030058629714464703,0.002104104080012529,0.004508794457169706,0.009017588914339411,0.0042288390800125294,2.0630919987470967e-05,0.006633529457169706,-0.0023840594571697057,0.011142323914339412,-0.0068928539143394115,0,0,0,0,0,1,0
2023-05-12 20:00:00,0.00636853,0.00242503625,0.0030565211078038557,0.002139564775462699,0.0045847816617057835,0.009169563323411567,0.004564601025462699,0.0002854714745373012,0.007009817911705784,-0.0021597454117057834,0.011594599573411567,-0.006744527073411567,0,0,0,0,0,1,0
2023-05-12 21:00:00,0.00607374,0.002688135833333333,0.0030886836368052987,0.002162078545763709,0.004633025455207948,0.009266050910415897,0.004850214379097042,0.0005260572875696238,0.007321161288541281,-0.0019448896218746156,0.01195418674374923,-0.0065779150770825644,0,0,0,0,0,1,0
2023-05-12 22:00:00,0.0053893,0.002932389583333333,0.0030594986109285455,0.0021416490276499815,0.004589247916392819,0.009178495832785637,0.005074038610983315,0.0007907405556833516,0.007521637499726152,-0.0016568583330594856,0.012110885416118971,-0.006246106249452304,0,0,0,0,0,1,0
2023-05-12 23:00:00,0.00458455,0.00315951875,0.0029661262875901157,0.0020762884013130808,0.004449189431385173,0.008898378862770347,0.00523580715131308,0.0010832303486869193,0.007608708181385173,-0.0012896706813851733,0.012057897612770346,-0.005738860112770347,0,0,0,0,1,0,0
2023-05-13 00:00:00,0.00109307,0.0029408429166666666,0.002914362498770343,0.00204005374913924,0.004371543748155514,0.008743087496311029,0.004980896665805906,0.0009007891675274268,0.0073123866648221805,-0.0014307008314888479,0.011683930412977696,-0.005802244579644362,0,0,1,0,0,0,0
2023-05-13 01:00:00,0.00131268,0.0027343595833333335,0.002843042842819728,0.0019901299899738097,0.004264564264229592,0.008529128528459185,0.004724489573307143,0.0007442295933595237,0.006998923847562926,-0.001530204680896259,0.011263488111792518,-0.005794768945125851,0,0,1,0,0,0,0
2023-05-13 02:00:00,0.00055922,0.0025083929166666665,0.0027886602927359927,0.0019520622049151947,0.0041829904391039886,0.008365980878207977,0.004460455121581861,0.0005563307117514718,0.006691383355770655,-0.001674597522437322,0.010874373794874643,-0.005857587961541311,0,0,1,0,0,0,0
2023-05-13 03:00:00,0.00033301,0.002275149583333333,0.002723295819217836,0.001906307073452485,0.004084943728826754,0.008169887457653508,0.0041814566567858185,0.00036884250988084813,0.006360093312160087,-0.0018097941454934207,0.010445037040986841,-0.005894737874320174,0,1,0,0,0,0,0
2023-05-13 04:00:00,-0.0023327,0.002005474583333333,0.0028482405515456986,0.001993768386081989,0.004272360827318548,0.008544721654637096,0.003999242969415322,1.1706197251344381e-05,0.006277835410651881,-0.002266886243985215,0.01055019623797043,-0.006539247071303763,1,0,0,0,0,0,0
2023-05-13 05:00:00,-0.00225283,0.0017288895833333332,0.002928279970618565,0.0020497959794329953,0.004392419955927847,0.008784839911855694,0.0037786855627663287,-0.0003209063960996621,0.00612130953926118,-0.002663530372594514,0.010513729495189028,-0.007055950328522361,0,1,0,0,0,0,0
2023-05-13 06:00:00,-0.00182509,0.0014914516666666667,0.0029774490125502044,0.002084214308785143,0.004466173518825307,0.008932347037650614,0.0035756659754518096,-0.0005927626421184762,0.005957625185491974,-0.00297472185215864,0.01042379870431728,-0.007440895370983947,0,1,0,0,0,0,0
2023-05-13 07:00:00,-0.00103113,0.0013056445833333336,0.002990443816104565,0.0020933106712731956,0.004485665724156848,0.008971331448313696,0.003398955254606529,-0.000787666087939862,0.005791310307490182,-0.003180021140823514,0.010276976031647029,-0.007665686864980362,0,1,0,0,0,0,0
2023-05-13 08:00:00,0.00257863,0.0014604445833333332,0.002954468346474796,0.002068127842532357,0.004431702519712194,0.008863405039424389,0.0035285724258656906,-0.0006076832591990239,0.005892147103045527,-0.0029712579363788613,0.010323849622757722,-0.007402960456091056,0,0,0,0,1,0,0
2023-05-13 09:00:00,0.00092891,0.0015378633333333334,0.002913185022716488,0.0020392295159015416,0.004369777534074732,0.008739555068149465,0.0035770928492348747,-0.0005013661825682082,0.005907640867408066,-0.002831914200741399,0.010277418401482798,-0.007201691734816131,0,0,1,0,0,0,0
2023-05-13 10:00:00,7.713e-05,0.0015822208333333334,0.0028809886044292863,0.0020166920231005003,0.00432148290664393,0.00864296581328786,0.0035989128564338337,-0.0004344711897671669,0.005903703739977263,-0.0027392620733105964,0.010225186646621193,-0.007060744979954526,0,0,1,0,0,0,0
2023-05-13 11:00:00,-0.00010711,0.0016276020833333332,0.0028436553995991394,0.0019905587797193975,0.004265483099398709,0.008530966198797419,0.0036181608630527304,-0.00036295669638606426,0.005893085182732042,-0.0026378810160653764,0.010158568282130753,-0.006903364115464086,0,0,1,0,0,0,0
2023-05-13 12:00:00,0.00040083,0.001616200833333333,0.0028481879740557426,0.0019937315818390196,0.004272281961083614,0.008544563922167228,0.003609932415172353,-0.0003775307485056865,0.005888482794416947,-0.002656081127750281,0.01016076475550056,-0.006928363088833895,0,0,1,0,0,0,0
2023-05-13 13:00:00,0.00028362,0.00163079375,0.0028400767550647637,0.0019880537285453343,0.004260115132597145,0.00852023026519429,0.003618847478545334,-0.00035725997854533435,0.005890908882597145,-0.0026293213825971454,0.01015102401519429,-0.0068894365151942905,0,0,1,0,0,0,0
2023-05-13 14:00:00,0.00030496,0.00169384,0.002790680648023369,0.0019534764536163584,0.0041860209720350535,0.008372041944070107,0.0036473164536163583,-0.0002596364536163584,0.005879860972035054,-0.0024921809720350532,0.010065881944070107,-0.006678201944070107,0,0,1,0,0,0,0
2023-05-13 15:00:00,0.0007128,0.0017765495833333333,0.00272765508669431,0.0019093585606860168,0.004091482630041465,0.00818296526008293,0.00368590814401935,-0.00013280897735268348,0.005868032213374798,-0.002314933046708131,0.009959514843416263,-0.006406415676749596,0,0,1,0,0,0,0
2023-05-13 16:00:00,0.00290267,0.00172629625,0.00269371838627156,0.001885602870390092,0.00404057757940734,0.00808115515881468,0.003611899120390092,-0.00015930662039009185,0.00576687382940734,-0.0023142813294073396,0.00980745140881468,-0.0063548589088146794,0,0,0,0,1,0,0
2023-05-13 17:00:00,0.00307888,0.0016469295833333331,0.0026206412043428945,0.001834448843040026,0.003930961806514342,0.007861923613028683,0.003481378426373359,-0.00018751925970669292,0.005577891389847675,-0.0022840322231810085,0.009508853196362016,-0.00621499402969535,0,0,0,0,1,0,0
2023-05-13 18:00:00,0.00370769,0.0015997137499999998,0.0025703193971326967,0.0017992235779928875,0.0038554790956990452,0.0077109581913980905,0.0033989373279928875,-0.00019950982799288764,0.005455192845699045,-0.0022557653456990456,0.009310671941398091,-0.006111244441398091,0,0,0,0,0,1,0
2023-05-13 19:00:00,0.00350056,0.0015267466666666664,0.0024855966163542793,0.0017399176314479954,0.0037283949245314188,0.0074567898490628375,0.0032666642981146617,-0.00021317096478132899,0.005255141591198085,-0.0022016482578647526,0.008983536515729505,-0.005930043182396171,0,0,0,0,0,1,0
2023-05-13 20:00:00,0.00503169,0.001471045,0.0023853327186497118,0.0016697329030547982,0.003577999077974568,0.007155998155949136,0.0031407779030547985,-0.00019868790305479817,0.005049044077974568,-0.002106954077974568,0.008627043155949136,-0.005684953155949136,0,0,0,0,0,1,0
2023-05-13 21:00:00,0.00538911,0.0014425187499999999,0.0023313793478638677,0.0016319655435047074,0.0034970690217958015,0.006994138043591603,0.0030744842935047072,-0.00018944679350470749,0.004939587771795801,-0.0020545502717958016,0.008436656793591603,-0.005551619293591603,0,0,0,0,0,0,1
2023-05-13 22:00:00,0.00502587,0.0014273758333333334,0.0023056679011512547,0.0016139675308058782,0.003458501851726882,0.006917003703453764,0.0030413433641392116,-0.00018659169747254484,0.004885877685060215,-0.0020311260183935483,0.008344379536787096,-0.00548962787012043,0,0,0,0,0,0,1
2023-05-13 23:00:00,0.00442632,0.0014207829166666668,0.002296455463630616,0.001607518824541431,0.003444683195445924,0.006889366390891848,0.003028301741208098,-0.00018673590787476424,0.004865466112112591,-0.002023900278779257,0.008310149307558514,-0.005468583474225181,0,0,0,0,0,1,0
2023-05-14 00:00:00,0.00514784,0.0015897316666666666,0.002417272874468362,0.0016920910121278534,0.003625909311702543,0.007251818623405086,0.00328182267879452,-0.00010235934546118678,0.00521564097836921,-0.0020361776450358764,0.008841550290071753,-0.00566208695673842,0,0,0,0,0,1,0
2023-05-14 01:00:00,0.00459573,0.0017265254166666667,0.002492632230802322,0.0017448425615616252,0.003738948346203483,0.007477896692406966,0.003471367978228292,-1.831714489495856e-05,0.00546547376287015,-0.0020124229295368163,0.009204422109073632,-0.005751371275740299,0,0,0,0,0,1,0
2023-05-14 02:00:00,0.00471186,0.0018995520833333336,0.0025515132616137984,0.0017860592831296588,0.0038272698924206976,0.007654539784841395,0.0036856113664629924,0.00011349280020367478,0.005726821975754031,-0.001927717809087364,0.009554091868174729,-0.005754987701508061,0,0,0,0,0,1,0
2023-05-14 03:00:00,0.00449826,0.0020731041666666667,0.0025818042156144326,0.0018072629509301027,0.003872706323421649,0.007745412646843298,0.003880367117596769,0.000265841215736564,0.005945810490088316,-0.0017996021567549822,0.009818516813509964,-0.005672308480176631,0,0,0,0,0,1,0
2023-05-14 04:00:00,-0.00034272,0.0021560200000000002,0.002463397215739477,0.0017243780510176338,0.0036950958236092154,0.007390191647218431,0.003880398051017634,0.0004316419489823664,0.005851115823609216,-0.001539075823609215,0.00954621164721843,-0.005234171647218431,0,1,0,0,0,0,0
2023-05-14 05:00:00,-0.00036122,0.0022348370833333332,0.002343547497592847,0.001640483248314993,0.003515321246389271,0.007030642492778542,0.0038753203316483262,0.0005943538350183402,0.005750158329722604,-0.0012804841630559378,0.009265479576111875,-0.004795805409445209,0,1,0,0,0,0,0
2023-05-14 06:00:00,-0.00062097,0.00228500875,0.0022644046684538797,0.0015850832679177157,0.0033966070026808194,0.006793214005361639,0.0038700920179177154,0.0006999254820822841,0.00568161575268082,-0.0011115982526808195,0.009078222755361638,-0.004508205255361639,0,1,0,0,0,0,0
2023-05-14 07:00:00,-0.00098104,0.002287095833333333,0.0022612361879212127,0.0015828653315448488,0.003391854281881819,0.006783708563763638,0.003869961164878182,0.0007042305017884844,0.005678950115215152,-0.0011047584485484856,0.009070804397096972,-0.0044966127304303044,0,1,0,0,0,0,0
2023-05-14 08:00:00,-0.00980171,0.0017712483333333334,0.0033445037073275155,0.0023411525951292605,0.005016755560991274,0.010033511121982547,0.004112400928462594,-0.0005699042617959272,0.006788003894324607,-0.00324550722765794,0.01180475945531588,-0.008262262788649215,1,0,0,0,0,0,0
2023-05-14 09:00:00,-0.01062351,0.0012898975,0.004194359304296814,0.00293605151300777,0.006291538956445221,0.012583077912890442,0.00422594901300777,-0.0016461540130077697,0.007581436456445221,-0.005001641456445221,0.013872975412890442,-0.011293180412890442,1,0,0,0,0,0,0
2023-05-14 10:00:00,-0.00883501,0.0009185583333333334,0.004673535434974498,0.0032714748044821483,0.007010303152461747,0.014020606304923494,0.004190033137815481,-0.002352916471148815,0.00792886148579508,-0.006091744819128414,0.014939164638256827,-0.013102047971590161,1,0,0,0,0,0,0
2023-05-14 11:00:00,-0.00738327,0.000615385,0.004969589651899794,0.003478712756329855,0.00745438447784969,0.01490876895569938,0.004094097756329855,-0.0028633277563298552,0.00806976947784969,-0.0068389994778496905,0.01552415395569938,-0.01429338395569938,1,0,0,0,0,0,0
2023-05-14 12:00:00,-0.00856117,0.00024196833333333325,0.00531136377207248,0.0037179546404507357,0.00796704565810872,0.01593409131621744,0.003959922973784069,-0.0034759863071174026,0.008209013991442053,-0.007725077324775386,0.01617605964955077,-0.015692122982884107,1,0,0,0,0,0,0
2023-05-14 13:00:00,-0.00774459,-9.254041666666671e-05,0.005555809064871511,0.0038890663454100574,0.008333713597307266,0.01666742719461453,0.0037965259287433906,-0.003981606762076724,0.008241173180640599,-0.008426254013973932,0.016574886777947866,-0.016759967611281196,0,1,0,0,0,0,0
2023-05-14 14:00:00,-0.00756414,-0.0004204195833333334,0.005759785662543259,0.004031849963780281,0.008639678493814888,0.017279356987629776,0.0036114303804469475,-0.004452269547113614,0.008219258910481555,-0.009060098077148221,0.01685893740429644,-0.01769977657096311,0,1,0,0,0,0,0
2023-05-14 15:00:00,-0.00745612,-0.00076079125,0.0059287964722591225,0.004150157530581385,0.008893194708388685,0.01778638941677737,0.003389366280581385,-0.004910948780581385,0.008132403458388685,-0.009653985958388685,0.01702559816677737,-0.01854718066677737,0,1,0,0,0,0,0
2023-05-14 16:00:00,0.00154006,-0.0008175666666666667,0.0058986366899911775,0.004129045682993824,0.008847955034986766,0.017695910069973533,0.0033114790163271575,-0.004946612349660491,0.0080303883683201,-0.009665521701653433,0.016878343403306868,-0.018513476736640198,0,0,0,0,1,0,0
2023-05-14 17:00:00,0.00103703,-0.00090264375,0.00585455436962638,0.004098188058738466,0.008781831554439571,0.017563663108879142,0.0031955443087384665,-0.005000831808738467,0.007879187804439572,-0.00968447530443957,0.01666101935887914,-0.018466306858879143,0,0,0,0,1,0,0
2023-05-14 18:00:00,0.00067726,-0.0010289116666666667,0.005783040536322123,0.004048128375425486,0.008674560804483184,0.01734912160896637,0.003019216708758819,-0.005077040042092152,0.007645649137816518,-0.009703472471149851,0.016320209942299702,-0.018378033275633036,0,0,0,0,1,0,0
2023-05-14 19:00:00,0.00107883,-0.0011298170833333335,0.00572137079237627,0.004004959554663389,0.008582056188564405,0.01716411237712881,0.0028751424713300555,-0.005134776637996722,0.0074522391052310715,-0.009711873271897738,0.016034295293795475,-0.018293929460462145,0,0,0,0,1,0,0
2023-05-14 20:00:00,0.00502427,-0.00113012625,0.005721023555828636,0.004004716489080045,0.008581535333742955,0.01716307066748591,0.0028745902390800446,-0.005134842739080045,0.007451409083742954,-0.009711661583742955,0.01603294441748591,-0.018293196917485908,0,0,0,0,0,1,0
2023-05-14 21:00:00,0.00532633,-0.0011327420833333335,0.00571792666858704,0.004002548668010928,0.00857689000288056,0.01715378000576112,0.0028698065846775945,-0.005135290751344261,0.007444147919547227,-0.009709632086213895,0.01602103792242779,-0.018286522089094454,0,0,0,0,0,1,0
2023-05-14 22:00:00,0.00546146,-0.0011145925000000001,0.005738977550410453,0.004017284285287317,0.008608466325615679,0.017216932651231358,0.0029026917852873167,-0.005131876785287317,0.007493873825615679,-0.00972305882561568,0.016102340151231357,-0.01833152515123136,0,0,0,0,0,1,0
2023-05-14 23:00:00,0.00533571,-0.00107670125,0.005780007106734239,0.004046004974713967,0.008670010660101358,0.017340021320202716,0.002969303724713967,-0.005122706224713967,0.007593309410101358,-0.009746711910101357,0.016263320070202716,-0.018416722570202715,0,0,0,0,0,1,0
2023-05-15 00:00:00,-0.00309774,-0.0014202670833333335,0.00563722824981466,0.003946059774870262,0.00845584237472199,0.01691168474944398,0.002525792691536928,-0.005366326858203595,0.007035575291388656,-0.009876109458055324,0.015491417666110646,-0.01833195183277731,0,0,1,0,0,0,0
2023-05-15 01:00:00,-0.00208468,-0.0016986175,0.005490274415181213,0.003843192090626849,0.00823541162277182,0.01647082324554364,0.002144574590626849,-0.0055418095906268495,0.00653679412277182,-0.009934029122771821,0.01477220574554364,-0.01816944074554364,0,0,1,0,0,0,0
2023-05-15 02:00:00,-0.00261813,-0.00200403375,0.005319382875056258,0.00372356801253938,0.007979074312584386,0.015958148625168773,0.00171953426253938,-0.00572760176253938,0.005975040562584386,-0.009983108062584387,0.013954114875168773,-0.01796218237516877,0,0,1,0,0,0,0
2023-05-15 03:00:00,-0.00371453,-0.0023462333333333337,0.005144180950723675,0.003600926665506572,0.007716271426085513,0.015432542852171025,0.0012546933321732384,-0.005947159998839905,0.005370038092752179,-0.010062504759418847,0.013086309518837692,-0.017778776185504358,0,0,1,0,0,0,0
2023-05-15 04:00:00,-0.00409692,-0.002502658333333333,0.005137684021585785,0.0035963788151100492,0.007706526032378678,0.015413052064757356,0.001093720481776716,-0.0060990371484433824,0.005203867699045345,-0.01020918436571201,0.012910393731424023,-0.01791571039809069,0,0,1,0,0,0,0
2023-05-15 05:00:00,-0.00452901,-0.00267631625,0.005132589424635147,0.0035928125972446026,0.007698884136952721,0.015397768273905443,0.0009164963472446026,-0.006269128847244603,0.005022567886952722,-0.010375200386952721,0.012721452023905443,-0.018074084523905444,0,0,1,0,0,0,0
2023-05-15 06:00:00,-0.00481172,-0.002850930833333334,0.00513091076560649,0.003591637535924543,0.0076963661484097355,0.015392732296819471,0.000740706702591209,-0.006442568369257877,0.004845435315076401,-0.01054729698174307,0.012541801463486137,-0.018243663130152805,0,0,1,0,0,0,0
2023-05-15 07:00:00,-0.00480865,-0.0030104145833333338,0.005129748585062192,0.003590824009543534,0.007694622877593288,0.015389245755186576,0.0005804094262102004,-0.006601238592876868,0.004684208294259954,-0.010705037460926622,0.012378831171853242,-0.018399660338519908,0,0,1,0,0,0,0
2023-05-15 08:00:00,0.0027882,-0.002485835,0.005048147316049627,0.0035337031212347384,0.00757222097407444,0.01514444194814888,0.0010478681212347384,-0.006019538121234739,0.00508638597407444,-0.01005805597407444,0.01265860694814888,-0.01763027694814888,0,0,0,0,0,1,0
2023-05-15 09:00:00,0.00265818,-0.0019324312500000002,0.004841021269034677,0.003388714888324274,0.007261531903552016,0.014523063807104032,0.001456283638324274,-0.0053211461383242745,0.005329100653552016,-0.009193963153552016,0.012590632557104032,-0.016455495057104034,0,0,0,0,0,1,0
2023-05-15 10:00:00,0.00294805,-0.001441470416666667,0.004706169319195233,0.003294318523436663,0.00705925397879285,0.0141185079575857,0.001852848106769996,-0.00473578894010333,0.005617783562126184,-0.008500724395459517,0.012677037540919034,-0.015559978374252367,0,0,0,0,0,1,0
2023-05-15 11:00:00,0.00342925,-0.00099094875,0.0046295475539993945,0.003240683287799576,0.006944321330999092,0.013888642661998183,0.0022497345377995763,-0.004231632037799576,0.005953372580999092,-0.007935270080999092,0.012897693911998184,-0.014879591411998183,0,0,0,0,0,1,0
2023-05-15 12:00:00,0.00568663,-0.00039729041666666684,0.004529016717095945,0.003170311701967162,0.006793525075643918,0.013587050151287836,0.002773021285300495,-0.0035676021186338285,0.006396234658977251,-0.007190815492310585,0.01318975973462117,-0.013984340567954502,0,0,0,0,0,1,0
2023-05-15 13:00:00,0.00649313,0.0001959479166666665,0.004456673290470265,0.0031196713033291856,0.006685009935705398,0.013370019871410796,0.003315619219995852,-0.0029237233866625193,0.0068809578523720645,-0.006489062019038732,0.013565967788077463,-0.01317407195474413,0,0,0,0,0,1,0
2023-05-15 14:00:00,0.00679159,0.0007941033333333332,0.004331487941810438,0.0030320415592673066,0.006497231912715657,0.012994463825431315,0.0038261448926006397,-0.0022379382259339734,0.0072913352460489906,-0.005703128579382324,0.013788567158764649,-0.01220036049209798,0,0,0,0,0,1,0
2023-05-15 15:00:00,0.0067507,0.0013860541666666666,0.004120606957363052,0.0028844248701541363,0.0061809104360445784,0.012361820872089157,0.004270479036820803,-0.0014983707034874696,0.007566964602711245,-0.004794856269377912,0.013747875038755823,-0.010975766705422491,0,0,0,0,0,1,0
2023-05-15 16:00:00,-0.00318453,0.0011891962499999997,0.004224476751318807,0.0029571337259231647,0.006336715126978211,0.012673430253956421,0.004146329975923164,-0.001767937475923165,0.0075259113769782105,-0.005147518876978211,0.013862626503956421,-0.011484234003956421,0,1,0,0,0,0,0
2023-05-15 17:00:00,-0.00215086,0.0010563674999999999,0.0042792322841412695,0.0029954625988988883,0.006418848426211904,0.012837696852423808,0.004051830098898888,-0.0019390950988988885,0.0074752159262119035,-0.005362480926211904,0.013894064352423808,-0.011781329352423807,0,1,0,0,0,0,0
2023-05-15 18:00:00,-0.00123713,0.0009766012499999998,0.004304374772718026,0.003013062340902618,0.00645656215907704,0.01291312431815408,0.003989663590902618,-0.0020364610909026186,0.007433163409077039,-0.00547996090907704,0.01388972556815408,-0.011936523068154079,0,0,1,0,0,0,0
2023-05-15 19:00:00,-0.00117891,0.0008825287499999998,0.004326657295025106,0.003028660106517574,0.006489985942537659,0.012979971885075318,0.003911188856517574,-0.0021461313565175745,0.007372514692537659,-0.005607457192537659,0.013862500635075319,-0.012097443135075318,0,0,1,0,0,0,0
2023-05-15 20:00:00,0.00097694,0.0007138899999999999,0.004236136022612849,0.002965295215828994,0.006354204033919273,0.012708408067838546,0.003679185215828994,-0.002251405215828994,0.007068094033919273,-0.005640314033919273,0.013422298067838546,-0.011994518067838546,0,0,0,0,1,0,0
2023-05-15 21:00:00,0.00169162,0.0005624437499999999,0.00412765015394727,0.002889355107763089,0.006191475230920905,0.01238295046184181,0.0034517988577630887,-0.002326911357763089,0.006753918980920905,-0.005629031480920905,0.01294539421184181,-0.01182050671184181,0,0,0,0,1,0,0
2023-05-15 22:00:00,0.00215171,0.0004245374999999998,0.004010482867124328,0.0028073380069870294,0.006015724300686492,0.012031448601372985,0.003231875506987029,-0.0023828005069870296,0.006440261800686492,-0.0055911868006864925,0.012455986101372985,-0.011606911101372984,0,0,0,0,1,0,0
2023-05-15 23:00:00,0.00249126,0.0003060187499999999,0.003899531638215818,0.0027296721467510725,0.0058492974573237265,0.011698594914647453,0.0030356908967510724,-0.0024236533967510725,0.006155316207323726,-0.005543278707323727,0.012004613664647452,-0.011392576164647453,0,0,0,0,1,0,0
2023-05-16 00:00:00,0.01182278,0.0009277070833333331,0.004479519984917322,0.003135663989442125,0.006719279977375982,0.013438559954751964,0.004063371072775458,-0.002207956906108792,0.007646987060709315,-0.005791572894042649,0.014366267038085297,-0.012510852871418631,0,0,0,0,0,0,1
2023-05-16 01:00:00,0.01159126,0.0014975379166666664,0.0049271395545541375,0.003448997688187896,0.007390709331831206,0.014781418663662413,0.0049465356048545624,-0.0019514597715212297,0.008888247248497873,-0.00589317141516454,0.01627895658032908,-0.013283880746995746,0,0,0,0,0,0,1
2023-05-16 02:00:00,0.01141462,0.0020822358333333333,0.005240183664754934,0.0036681285653284534,0.007860275497132401,0.015720550994264802,0.005750364398661787,-0.00158589273199512,0.009942511330465734,-0.005778039663799068,0.017802786827598137,-0.01363831516093147,0,0,0,0,0,0,1
2023-05-16 03:00:00,0.01111072,0.0026999545833333335,0.005398559665604839,0.0037789917659233874,0.008097839498407259,0.016195678996814518,0.006478946349256721,-0.001079037182590054,0.010797794081740593,-0.005397884915073925,0.018895633580147852,-0.013495724413481184,0,0,0,0,0,0,1
2023-05-16 04:00:00,0.01056543,0.0033108858333333337,0.005425514522851157,0.0037978601659958092,0.008138271784276735,0.01627654356855347,0.007108745999329143,-0.0004869743326624755,0.011449157617610069,-0.0048273859509434,0.0195874294018868,-0.012965657735220135,0,0,0,0,0,1,0
2023-05-16 05:00:00,0.01038372,0.0039322495833333335,0.005341908008349986,0.00373933560584499,0.008012862012524978,0.016025724025049957,0.007671585189178324,0.0001929139774883436,0.011945111595858312,-0.004080612429191645,0.019957973608383292,-0.012093474441716623,0,0,0,0,0,1,0
2023-05-16 06:00:00,0.01029203,0.0045615725,0.005153353630631348,0.0036073475414419433,0.007730030445947021,0.015460060891894042,0.008168920041441943,0.0009542249585580563,0.01229160294594702,-0.0031684579459470216,0.020021633391894042,-0.010898488391894043,0,0,0,0,0,1,0
2023-05-16 07:00:00,0.01030833,0.005191446666666666,0.004874577309024647,0.0034122041163172525,0.00731186596353697,0.01462373192707394,0.008603650782983918,0.0017792425503494135,0.012503312630203635,-0.0021204192968703036,0.019815178593740605,-0.009432285260407274,0,0,0,0,0,1,0
2023-05-16 08:00:00,-0.00185671,0.00499790875,0.00506272199646663,0.0035439053975266405,0.007594082994699944,0.015188165989399888,0.00854181414752664,0.0014540033524733597,0.012591991744699944,-0.002596174244699944,0.020186074739399887,-0.010190257239399888,0,1,0,0,0,0,0
2023-05-16 09:00:00,-0.00326493,0.004751112500000001,0.005319590187546936,0.0037237131312828553,0.007979385281320405,0.01595877056264081,0.008474825631282856,0.0010273993687171454,0.012730497781320405,-0.003228272781320404,0.02070988306264081,-0.011207658062640808,1,0,0,0,0,0,0
2023-05-16 10:00:00,-0.00293845,0.004505841666666667,0.005537577028068963,0.003876303919648274,0.008306365542103445,0.01661273108420689,0.008382145586314942,0.0006295377470183932,0.012812207208770111,-0.003800523875436778,0.021118572750873556,-0.012106889417540224,0,1,0,0,0,0,0
2023-05-16 11:00:00,-0.00176977,0.004289215833333334,0.0056813481062285825,0.003976943674360007,0.008522022159342873,0.017044044318685746,0.00826615950769334,0.0003122721589733264,0.012811237992676206,-0.004232806326009539,0.021333260152019078,-0.012754828485352412,0,1,0,0,0,0,0
2023-05-16 12:00:00,-0.00400948,0.0038852112500000007,0.005917497224686119,0.004142248057280283,0.00887624583702918,0.01775249167405836,0.008027459307280283,-0.00025703680728028254,0.012761457087029181,-0.004991034587029179,0.02163770292405836,-0.013867280424058359,0,1,0,0,0,0,0
2023-05-16 13:00:00,-0.00391949,0.0034513520833333333,0.006096971090685273,0.0042678797634796905,0.00914545663602791,0.01829091327205582,0.007719231846813024,-0.0008165276801463573,0.012596808719361243,-0.005694104552694578,0.021742265355389156,-0.014839561188722488,0,1,0,0,0,0,0
2023-05-16 14:00:00,-0.00377984,0.003010875833333334,0.006225671903035265,0.0043579703321246855,0.009338507854552897,0.018677015709105793,0.007368846165458019,-0.0013470944987913516,0.01234938368788623,-0.006327632021219562,0.021687891542439126,-0.01566613987577246,0,1,0,0,0,0,0
2023-05-16 15:00:00,-0.0035625,0.0025811591666666665,0.006311645606198333,0.004418151924338833,0.0094674684092975,0.018934936818595,0.006999311091005499,-0.0018369927576721667,0.012048627575964166,-0.006886309242630834,0.021516095985261666,-0.016353777651928334,0,1,0,0,0,0,0
2023-05-16 16:00:00,0.00884883,0.003082549166666667,0.006311670128584732,0.004418169090009312,0.009467505192877099,0.018935010385754198,0.007500718256675979,-0.001335619923342645,0.012550054359543766,-0.006384956026210432,0.022017559552420865,-0.01585246121908753,0,0,0,0,0,1,0
2023-05-16 17:00:00,0.009131,0.0035526266666666665,0.006325060484711427,0.004427542339297998,0.00948759072706714,0.01897518145413428,0.007980169005964665,-0.0008749156726313317,0.013040217393733806,-0.005934964060400474,0.022527808120800945,-0.015422554787467613,0,0,0,0,0,1,0
2023-05-16 18:00:00,0.00939038,0.003995439583333334,0.006347127284007054,0.004442989098804938,0.00952069092601058,0.01904138185202116,0.00843842868213827,-0.000447549515471604,0.013516130509343915,-0.005525251342677247,0.023036821435354495,-0.015045942268687829,0,0,0,0,0,1,0
2023-05-16 19:00:00,0.0094092,0.0044366108333333334,0.006339806292406949,0.004437864404684864,0.009509709438610424,0.019019418877220848,0.008874475238018199,-1.253571351530862e-06,0.013946320271943757,-0.0050730986052770904,0.02345602971055418,-0.014582808043887514,0,0,0,0,0,1,0
2023-05-16 20:00:00,0.01291629,0.004934083749999999,0.006522331009051376,0.004565631706335963,0.009783496513577064,0.019566993027154127,0.009499715456335963,0.00036845204366403594,0.014717580263577064,-0.004849412763577064,0.024501076777154126,-0.014632909277154129,0,0,0,0,0,1,0
2023-05-16 21:00:00,0.01288702,0.00540055875,0.006678816905186331,0.004675171833630432,0.010018225357779496,0.02003645071555899,0.010075730583630432,0.0007253869163695685,0.015418784107779495,-0.0046176666077794954,0.02543700946555899,-0.014635891965558992,0,0,0,0,0,1,0
2023-05-16 22:00:00,0.01278576,0.005843644166666666,0.006805452026793069,0.0047638164187551475,0.010208178040189603,0.020416356080379207,0.010607460585421814,0.0010798277479115185,0.01605182220685627,-0.0043645338735229374,0.026260000247045872,-0.014572711913712542,0,0,0,0,0,1,0
2023-05-16 23:00:00,0.01273119,0.006270307916666666,0.006906382928977324,0.0048344680502841264,0.010359574393465985,0.02071914878693197,0.011104775966950793,0.0014358398663825399,0.01662988231013265,-0.004089266476799319,0.026989456703598636,-0.014448840870265305,0,0,0,0,0,1,0
2023-05-17 00:00:00,0.00405768,0.005946762083333334,0.0068162538768976,0.00477137771382832,0.0102243808153464,0.0204487616306928,0.010718139797161654,0.001175384369505014,0.016171142898679734,-0.004277618732013066,0.026395523714026134,-0.014501999547359465,0,0,1,0,0,0,0
2023-05-17 01:00:00,0.00423185,0.005640120000000001,0.006716087599893519,0.004701261319925463,0.010074131399840279,0.020148262799680558,0.010341381319925465,0.0009388586800745382,0.01571425139984028,-0.004434011399840278,0.02578838279968056,-0.014508142799680556,0,0,1,0,0,0,0
2023-05-17 02:00:00,0.00421287,0.005340047083333333,0.006606864984117051,0.004624805488881936,0.009910297476175577,0.019820594952351153,0.009964852572215268,0.0007152415944513971,0.01525034455950891,-0.004570250392842244,0.025160642035684487,-0.01448054786901782,0,0,1,0,0,0,0
2023-05-17 03:00:00,0.00417939,0.005051241666666667,0.006494177815308154,0.0045459244707157075,0.00974126672296223,0.01948253344592446,0.009597166137382374,0.0005053171959509594,0.014792508389628898,-0.004690025056295563,0.024533775112591128,-0.014431291779257793,0,0,1,0,0,0,0
2023-05-17 04:00:00,0.0031513,0.004742319583333334,0.006396068980590637,0.0044772482864134456,0.009594103470885955,0.01918820694177191,0.00921956786974678,0.0002650712969198884,0.01433642305421929,-0.004851783887552621,0.023930526525105245,-0.014445887358438575,0,0,1,0,0,0,0
2023-05-17 05:00:00,0.00311615,0.004439504166666666,0.006288503519770384,0.004401952463839268,0.009432755279655576,0.01886551055931115,0.008841456630505933,3.7551702827398094e-05,0.013872259446322241,-0.00499325111298891,0.02330501472597782,-0.014426006392644485,0,0,1,0,0,0,0
2023-05-17 06:00:00,0.00295989,0.004133998333333334,0.006168780260766564,0.0043181461825365945,0.009253170391149847,0.018506340782299693,0.008452144515869928,-0.00018414784920326062,0.01338716872448318,-0.005119172057816513,0.022640339115633026,-0.01437234244896636,0,0,1,0,0,0,0
2023-05-17 07:00:00,0.0027579,0.0038193970833333333,0.006031203096528759,0.0042218421675701305,0.009046804644793138,0.018093609289586275,0.008041239250903463,-0.0004024450842367972,0.012866201728126471,-0.005227407561459804,0.021913006372919607,-0.014274212206252941,0,0,1,0,0,0,0
2023-05-17 08:00:00,0.00512417,0.004110267083333333,0.005912728202722813,0.004138909741905969,0.00886909230408422,0.01773818460816844,0.008249176825239301,-2.8642658572635392e-05,0.012979359387417552,-0.004758825220750887,0.021848451691501774,-0.013627917524835106,0,0,0,0,1,0,0
2023-05-17 09:00:00,0.00493168,0.0044517925,0.005701144038125538,0.003990800826687876,0.008551716057188307,0.017103432114376614,0.008442593326687876,0.00046099167331212394,0.013003508557188306,-0.004099923557188307,0.021555224614376613,-0.012651639614376615,0,0,0,0,1,0,0
2023-05-17 10:00:00,0.00533708,0.00479660625,0.005480735154258061,0.0038365146079806425,0.00822110273138709,0.01644220546277418,0.008633120857980642,0.0009600916420193575,0.01301770898138709,-0.0034244964813870907,0.021238811712774183,-0.011645599212774181,0,0,0,0,1,0,0
2023-05-17 11:00:00,0.00570227,0.00510794125,0.005300783995803636,0.0037105487970625446,0.007951175993705453,0.015902351987410905,0.008818490047062545,0.0013973924529374557,0.013059117243705454,-0.0028432347437054523,0.021010293237410906,-0.010794410737410904,0,0,0,0,1,0,0
2023-05-17 12:00:00,0.00708931,0.005570390833333334,0.004942833958176589,0.003459983770723612,0.007414250937264884,0.014828501874529767,0.009030374604056946,0.0021104070626097224,0.012984641770598219,-0.0018438601039315492,0.020398892707863103,-0.009258111041196433,0,0,0,0,1,0,0
2023-05-17 13:00:00,0.00715217,0.00603171,0.004516941979744995,0.0031618593858214966,0.006775412969617493,0.013550825939234986,0.009193569385821497,0.0028698506141785034,0.012807122969617493,-0.0007437029696174928,0.019582535939234987,-0.007519115939234986,0,0,0,0,1,0,0
2023-05-17 14:00:00,0.00689215,0.00647637625,0.004005387466088987,0.0028037712262622906,0.006008081199133481,0.012016162398266961,0.00928014747626229,0.003672605023737709,0.012484457449133481,0.000468295050866519,0.01849253864826696,-0.005539786148266962,0,0,0,0,1,0,0
2023-05-17 15:00:00,0.00657654,0.006898836249999999,0.003387570752709941,0.0023712995268969587,0.005081356129064912,0.010162712258129824,0.009270135776896959,0.0045275367231030405,0.011980192379064912,0.0018174801209350873,0.017061548508129822,-0.0032638760081298247,0,0,1,0,0,0,0
2023-05-17 16:00:00,0.00670278,0.0068094175000000005,0.003362088405233005,0.0023534618836631035,0.005043132607849507,0.010086265215699015,0.009162879383663104,0.0044559556163368975,0.011852550107849507,0.0017662848921504931,0.016895682715699016,-0.003276847715699014,0,0,1,0,0,0,0
2023-05-17 17:00:00,0.00665234,0.00670614,0.0033255442343380678,0.0023278809640366474,0.004988316351507102,0.009976632703014203,0.009034020964036648,0.004378259035963353,0.011694456351507102,0.0017178236484928985,0.016682772703014204,-0.003270492703014203,0,0,1,0,0,0,0
2023-05-17 18:00:00,0.00668639,0.0065934737499999995,0.003276087404776853,0.002293261183343797,0.00491413110716528,0.00982826221433056,0.008886734933343797,0.004300212566656202,0.011507604857165279,0.0016793426428347198,0.01642173596433056,-0.00323478846433056,0,0,0,0,1,0,0
2023-05-17 19:00:00,0.00693871,0.006490536666666667,0.003222136669195,0.0022554956684365,0.0048332050037925,0.009666410007585,0.008746032335103167,0.004235040998230168,0.011323741670459167,0.0016573316628741667,0.016156946674251667,-0.0031758733409183336,0,0,0,0,1,0,0
2023-05-17 20:00:00,0.0074627,0.00626330375,0.0029281642039975003,0.0020497149427982503,0.004392246305996251,0.008784492611992501,0.008313018692798251,0.00421358880720175,0.01065555005599625,0.0018710574440037493,0.0150477963619925,-0.0025211888619925014,0,0,0,0,1,0,0
2023-05-17 21:00:00,0.00784938,0.0060534020833333336,0.002594224025779247,0.0018159568180454726,0.00389133603866887,0.00778267207733774,0.007869358901378807,0.0042374452652878605,0.009944738122002203,0.0021620660446644633,0.013836074160671074,-0.0017292699940044069,0,0,0,0,1,0,0
2023-05-17 22:00:00,0.00802033,0.0058548425,0.0022105271978151418,0.0015473690384705991,0.003315790796722713,0.006631581593445426,0.0074022115384705985,0.004307473461529401,0.009170633296722713,0.0025390517032772867,0.012486424093445424,-0.0007767390934454261,0,0,0,0,0,1,0
2023-05-17 23:00:00,0.00803058,0.00565898375,0.0017310078046161067,0.0012117054632312747,0.00259651170692416,0.00519302341384832,0.006870689213231275,0.004447278286768725,0.00825549545692416,0.00306247204307584,0.01085200716384832,0.0004659603361516799,0,0,0,0,0,1,0
2023-05-18 00:00:00,0.00914267,0.005870858333333333,0.001834588456432502,0.0012842119195027514,0.0027518826846487533,0.0055037653692975065,0.007155070252836084,0.0045866464138305816,0.008622741017982086,0.0031189756486845795,0.01137462370263084,0.0003670929640358263,0,0,0,0,0,0,1
2023-05-18 01:00:00,0.00938807,0.006085700833333333,0.0019335492809067366,0.0013534844966347156,0.0029003239213601048,0.0058006478427202095,0.007439185329968049,0.004732216336698618,0.008986024754693438,0.0031853769119732285,0.011886348676053543,0.0002850529906131237,0,0,0,0,0,0,1
2023-05-18 02:00:00,0.00871301,0.006273206666666666,0.001962025910890534,0.0013734181376233738,0.002943038866335801,0.005886077732671602,0.00764662480429004,0.004899788529043292,0.009216245533002466,0.003330167800330865,0.012159284399338268,0.00038712893399506405,0,0,0,0,0,1,0
2023-05-18 03:00:00,0.00812556,0.006437630416666666,0.0019441981815860395,0.0013609387271102276,0.0029162972723790594,0.005832594544758119,0.007798569143776894,0.005076691689556438,0.009353927689045725,0.003521333144287607,0.012270224961424785,0.0006050358719085474,0,0,0,0,0,1,0
2023-05-18 04:00:00,0.00520971,0.0065233975,0.001835271905144005,0.0012846903336008035,0.0027529078577160073,0.005505815715432015,0.007808087833600803,0.005238707166399197,0.009276305357716008,0.0037704896422839926,0.012029213215432015,0.0010175817845679853,0,1,0,0,0,0,0
2023-05-18 05:00:00,0.00426964,0.006571459583333334,0.0017555350531303613,0.0012288745371912529,0.002633302579695542,0.005266605159391084,0.007800334120524587,0.005342585046142081,0.009204762163028877,0.003938157003637792,0.011838064742724419,0.0013048544239422496,0,1,0,0,0,0,0
2023-05-18 06:00:00,0.00413371,0.00662036875,0.0016645348487407286,0.00116517439411851,0.002496802273111093,0.004993604546222186,0.00778554314411851,0.00545519435588149,0.009117171023111093,0.004123566476888907,0.011613973296222185,0.0016267642037778142,0,1,0,0,0,0,0
2023-05-18 07:00:00,0.00481964,0.006706274583333332,0.001501772832572234,0.0010512409828005637,0.002252659248858351,0.004505318497716702,0.007757515566133896,0.005655033600532768,0.008958933832191682,0.004453615334474981,0.011211593081050034,0.0022009560856166297,0,1,0,0,0,0,0
2023-05-18 08:00:00,0.0014254,0.0065521591666666676,0.0018259832575496099,0.0012781882802847268,0.002738974886324415,0.00547794977264883,0.007830347446951394,0.005273970886381941,0.009291134052991083,0.0038131842803422527,0.012030108939315498,0.001074209394017838,1,0,0,0,0,0,0
2023-05-18 09:00:00,0.0008811,0.006383385000000001,0.0021421065189464964,0.0014994745632625475,0.0032131597784197446,0.006426319556839489,0.007882859563262548,0.0048839104367374535,0.009596544778419746,0.0031702252215802564,0.01280970455683949,-4.293455683948826e-05,1,0,0,0,0,0,0
2023-05-18 10:00:00,-0.00039984,0.006144346666666666,0.002545962799329763,0.001782173959530834,0.003818944198994645,0.00763788839798929,0.0079265206261975,0.004362172707135832,0.00996329086566131,0.0023254024676720208,0.013782235064655955,-0.0014935417313226241,1,0,0,0,0,0,0
2023-05-18 11:00:00,-0.00053273,0.0058845550000000005,0.0028881499361130113,0.002021704955279108,0.004332224904169517,0.008664449808339034,0.007906259955279108,0.0038628500447208925,0.010216779904169518,0.0015523300958304835,0.014549004808339035,-0.0027798948083390335,1,0,0,0,0,0,0
2023-05-18 12:00:00,0.00047573,0.005608989166666666,0.0030775053972783794,0.0021542537780948655,0.004616258095917569,0.009232516191835138,0.007763242944761531,0.0034547353885718,0.010225247262584235,0.0009927310707490969,0.014841505358501803,-0.003623527025168472,1,0,0,0,0,0,0
2023-05-18 13:00:00,0.0005274,0.0053329570833333334,0.003226563659523969,0.0022585945616667782,0.0048398454892859535,0.009679690978571907,0.007591551645000112,0.003074362521666555,0.010172802572619287,0.0004931115940473799,0.015012648061905241,-0.004346733895238574,0,1,0,0,0,0,0
2023-05-18 14:00:00,0.00128938,0.005099508333333333,0.0033104437739460224,0.0023173106417622154,0.004965665660919034,0.009931331321838068,0.007416818975095548,0.002782197691571118,0.010065173994252368,0.00013384267241429906,0.0150308396551714,-0.004831822988504735,0,1,0,0,0,0,0
2023-05-18 15:00:00,0.00172386,0.0048973133333333335,0.0033640688681619234,0.002354848207713346,0.005046103302242885,0.01009220660448577,0.00725216154104668,0.0025424651256199873,0.009943416635576218,-0.00014878996890955141,0.014989519937819103,-0.005194893271152436,0,1,0,0,0,0,0
2023-05-18 16:00:00,0.00627564,0.004879515833333334,0.0033552200571606624,0.0023486540400124633,0.005032830085740994,0.010065660171481987,0.007228169873345797,0.0025308617933208705,0.009912345919074327,-0.00015331425240765976,0.014945176004815321,-0.005186144338148653,0,0,0,0,1,0,0
2023-05-18 17:00:00,0.00622903,0.004861877916666667,0.0033465969359478417,0.002342617855163489,0.005019895403921762,0.010039790807843525,0.007204495771830155,0.0025192600615031777,0.009881773320588429,-0.00015801748725509553,0.014901668724510191,-0.005177912891176858,0,0,0,0,1,0,0
2023-05-18 18:00:00,0.00584003,0.004826612916666666,0.003330957849311686,0.00233167049451818,0.004996436773967529,0.009992873547935058,0.007158283411184846,0.0024949424221484863,0.009823049690634196,-0.00016982385730086261,0.014819486464601725,-0.0051662606312683915,0,0,0,0,1,0,0
2023-05-18 19:00:00,0.00542099,0.004763374583333333,0.0033034092824126807,0.0023123864976888763,0.004955113923619021,0.009910227847238042,0.00707576108102221,0.0024509880856444567,0.009718488506952354,-0.00019173934028568831,0.014673602430571375,-0.0051468532639047096,0,0,0,0,1,0,0
2023-05-18 20:00:00,0.0054343,0.004678857916666667,0.003256966753758285,0.0022798767276307995,0.0048854501306374275,0.009770900261274855,0.006958734644297466,0.0023989811890358674,0.009564308047304095,-0.00020659221397076061,0.014449758177941523,-0.005092042344608188,0,0,0,0,1,0,0
2023-05-18 21:00:00,0.00520039,0.004568483333333334,0.00318902704443066,0.002232318931101462,0.00478354056664599,0.00956708113329198,0.006800802264434796,0.002336164402231872,0.009352023899979325,-0.00021505723331265592,0.014135564466625315,-0.004998597799958646,0,0,0,0,1,0,0
2023-05-18 22:00:00,0.00521415,0.0044515591666666665,0.003107362085846418,0.0021751534600924923,0.004661043128769627,0.009322086257539254,0.006626712626759158,0.002276405706574174,0.009112602295436294,-0.00020948396210296056,0.013773645424205921,-0.004870527090872588,0,0,0,0,1,0,0
2023-05-18 23:00:00,0.00540592,0.004342198333333333,0.003020908728229431,0.0021146361097606012,0.004531363092344146,0.009062726184688293,0.006456834443093935,0.002227562223572732,0.00887356142567748,-0.00018916475901081288,0.013404924518021626,-0.004720527851354959,0,0,0,0,1,0,0
2023-05-19 00:00:00,0.0012701,0.004014174583333334,0.002902070696501977,0.0020314494875513837,0.004353106044752965,0.00870621208950593,0.006045624070884718,0.00198272509578195,0.0083672806280863,-0.00033893146141963145,0.012720386672839264,-0.0046920375061725965,0,1,0,0,0,0,0
2023-05-19 01:00:00,0.00137298,0.0036802125,0.002711703702036222,0.0018981925914253552,0.004067555553054333,0.008135111106108666,0.005578405091425355,0.001782019908574645,0.007747768053054333,-0.0003873430530543327,0.011815323606108666,-0.0044548986061086655,0,1,0,0,0,0,0
2023-05-19 02:00:00,0.00148876,0.0033792020833333333,0.0025231587271650935,0.0017662111090155654,0.0037847380907476405,0.007569476181495281,0.005145413192348899,0.0016129909743177679,0.007163940174080974,-0.0004055360074143072,0.010948678264828614,-0.004190274098161948,0,1,0,0,0,0,0
2023-05-19 03:00:00,0.00166682,0.0031100879166666667,0.00233211780624016,0.0016324824643681119,0.0034981767093602402,0.0069963534187204805,0.004742570381034778,0.0014776054522985548,0.0066082646260269065,-0.0003880887926935735,0.010106441335387148,-0.0038862655020538137,0,0,1,0,0,0,0
2023-05-19 04:00:00,0.00277007,0.00300843625,0.0022893989665883374,0.0016025792766118361,0.0034340984498825063,0.0068681968997650125,0.004611015526611836,0.001405856973388164,0.006442534699882506,-0.0004256621998825062,0.009876633149765012,-0.0038597606497650125,0,0,1,0,0,0,0
2023-05-19 05:00:00,0.00279541,0.00294701,0.0022738129661200456,0.0015916690762840318,0.0034107194491800686,0.006821438898360137,0.0045386790762840315,0.001355340923715968,0.0063577294491800685,-0.00046370944918006866,0.009768448898360137,-0.0038744288983601372,0,0,1,0,0,0,0
2023-05-19 06:00:00,0.00275199,0.002889438333333333,0.0022599096971159765,0.0015819367879811835,0.0033898645456739646,0.006779729091347929,0.004471375121314516,0.0013075015453521495,0.006279302879007298,-0.0005004262123406316,0.009669167424681262,-0.003890290758014596,0,0,1,0,0,0,0
2023-05-19 07:00:00,0.00249102,0.0027924124999999995,0.0022231248541875704,0.0015561873979312991,0.0033346872812813557,0.006669374562562711,0.004348599897931299,0.0012362251020687004,0.006127099781281355,-0.0005422747812813562,0.009461787062562711,-0.003876962062562712,0,0,1,0,0,0,0
2023-05-19 08:00:00,0.00844098,0.0030847283333333333,0.002481753948590576,0.0017372277640134031,0.0037226309228858643,0.007445261845771729,0.004821956097346736,0.0013475005693199301,0.006807359256219198,-0.000637902589552531,0.010529990179105062,-0.004360533512438395,0,0,0,0,0,0,1
2023-05-19 09:00:00,0.00813664,0.0033870424999999996,0.0026386075242235485,0.0018470252669564838,0.003957911286335323,0.007915822572670646,0.005234067766956483,0.0015400172330435158,0.007344953786335323,-0.0005708687863353237,0.011302865072670646,-0.004528780072670647,0,0,0,0,0,0,1
2023-05-19 10:00:00,0.00792838,0.003734051666666667,0.002666417894092415,0.0018664925258646903,0.003999626841138622,0.007999253682277245,0.005600544192531358,0.0018675591408019768,0.00773367850780529,-0.0002655751744719552,0.011733305348943911,-0.004265202015610578,0,0,0,0,0,0,1
2023-05-19 11:00:00,0.00792275,0.004086363333333333,0.002636580827362305,0.0018456065791536134,0.003954871241043457,0.007909742482086915,0.005931969912486947,0.0022407567541797195,0.00804123457437679,0.0001314920922898758,0.011996105815420249,-0.0038233791487535815,0,0,0,0,0,1,0
2023-05-19 12:00:00,0.00737373,0.00437378,0.0026016161442674536,0.0018211313009872175,0.0039024242164011807,0.007804848432802361,0.006194911300987217,0.0025526486990127824,0.00827620421640118,0.0004713557835988192,0.01217862843280236,-0.0034310684328023614,0,0,0,0,0,1,0
2023-05-19 13:00:00,0.00742709,0.0046612670833333335,0.002538553525365047,0.0017769874677555327,0.00380783028804757,0.00761566057609514,0.006438254551088866,0.0028842796155778005,0.008469097371380904,0.0008534367952857634,0.012276927659428474,-0.0029543934927618067,0,0,0,0,0,1,0
2023-05-19 14:00:00,0.0075681,0.004922880416666667,0.00249917638833882,0.0017494234718371739,0.00374876458250823,0.00749752916501646,0.006672303888503841,0.0031734569448294927,0.008671644999174897,0.0011741158341584366,0.012420409581683126,-0.0025746487483497933,0,0,0,0,0,1,0
2023-05-19 15:00:00,0.00774418,0.005173727083333334,0.0024660399761305065,0.0017262279832913545,0.00369905996419576,0.00739811992839152,0.006899955066624688,0.003447499100041979,0.008872787047529094,0.0014746671191375738,0.012571847011724854,-0.002224392845058186,0,0,0,0,0,1,0
2023-05-19 16:00:00,0.00373052,0.005067680416666667,0.0024713124121677975,0.001729918688517458,0.003706968618251696,0.007413937236503392,0.006797599105184125,0.003337761728149209,0.008774649034918362,0.001360711798414971,0.01248161765317006,-0.002346256819836725,0,0,1,0,0,0,0
2023-05-19 17:00:00,0.00393471,0.00497208375,0.0024688090391607573,0.00172816632741253,0.003703213558741136,0.007406427117482272,0.00670025007741253,0.00324391742258747,0.008675297308741135,0.0012688701912588638,0.012378510867482272,-0.0024343433674822723,0,0,1,0,0,0,0
2023-05-19 18:00:00,0.00399575,0.00489523875,0.0024693212309235277,0.0017285248616464692,0.0037039818463852916,0.007407963692770583,0.006623763611646469,0.003166713888353531,0.008599220596385291,0.0011912569036147086,0.012303202442770583,-0.002512724942770583,0,0,1,0,0,0,0
2023-05-19 19:00:00,0.00401595,0.004836695416666667,0.002472967478628935,0.0017310772350402543,0.003709451217943403,0.007418902435886806,0.006567772651706921,0.0031056181816264124,0.00854614663461007,0.0011272441987232639,0.012255597852553472,-0.002582207019220139,0,0,1,0,0,0,0
2023-05-19 20:00:00,0.0038182,0.004769357916666667,0.002477985200154036,0.001734589640107825,0.003716977800231054,0.007433955600462108,0.006503947556774492,0.003034768276558842,0.008486335716897721,0.0010523801164356132,0.012203313517128774,-0.0026645976837954407,0,0,1,0,0,0,0
2023-05-19 21:00:00,0.00379782,0.0047109175,0.0024839097467645134,0.0017387368227351591,0.00372586462014677,0.00745172924029354,0.006449654322735159,0.002972180677264841,0.00843678212014677,0.00098505287985323,0.012162646740293541,-0.00274081174029354,0,0,1,0,0,0,0
2023-05-19 22:00:00,0.00380703,0.0046522875,0.002488118249231476,0.001741682774462033,0.0037321773738472138,0.0074643547476944275,0.0063939702744620335,0.002910604725537967,0.008384464873847215,0.0009201101261527866,0.012116642247694428,-0.002812067247694427,0,0,1,0,0,0,0
2023-05-19 23:00:00,0.00394297,0.0045913312500000004,0.002486772302424786,0.00174074061169735,0.003730158453637179,0.007460316907274358,0.0063320718616973505,0.0028505906383026504,0.00832148970363718,0.0008611727963628215,0.012051648157274358,-0.0028689856572743574,0,0,1,0,0,0,0
2023-05-20 00:00:00,0.00230081,0.0046342775,0.002435288435607204,0.0017047019049250425,0.0036529326534108057,0.0073058653068216114,0.006338979404925042,0.0029295755950749574,0.008287210153410805,0.000981344846589194,0.01194014280682161,-0.0026715878068216117,0,1,0,0,0,0,0
2023-05-20 01:00:00,0.00182294,0.004653025833333334,0.0024106972267752525,0.0016874880587426767,0.0036160458401628785,0.007232091680325757,0.00634051389207601,0.002965537774590657,0.008269071673496213,0.001036979993170455,0.011885117513659092,-0.0025790658469924234,0,1,0,0,0,0,0
2023-05-20 02:00:00,0.00108481,0.004636194583333334,0.0024350376546235604,0.0017045263582364922,0.0036525564819353405,0.007305112963870681,0.006340720941569826,0.0029316682250968415,0.008288751065268675,0.000983638101397993,0.011941307547204015,-0.0026689183805373475,0,1,0,0,0,0,0
2023-05-20 03:00:00,0.00036024,0.00458175375,0.002517520032350355,0.0017622640226452485,0.0037762800485255325,0.007552560097051065,0.0063440177726452485,0.002819489727354751,0.008358033798525531,0.0008054737014744672,0.012134313847051065,-0.0029708063470510653,1,0,0,0,0,0,0
2023-05-20 04:00:00,-0.00276038,0.004351318333333333,0.0029126574004740475,0.002038860180331833,0.0043689861007110715,0.008737972201422143,0.006390178513665166,0.0023124581530015,0.008720304434044404,-1.7667767377738466e-05,0.013089290534755476,-0.00438665386808881,1,0,0,0,0,0,0
2023-05-20 05:00:00,-0.00285664,0.00411581625,0.003252590439818449,0.002276813307872914,0.004878885659727674,0.009757771319455348,0.006392629557872915,0.0018390029421270862,0.008994701909727674,-0.0007630694097276736,0.013873587569455347,-0.0056419550694553474,1,0,0,0,0,0,0
2023-05-20 06:00:00,-0.00193141,0.003920674583333333,0.003471122621864173,0.002429785835304921,0.00520668393279626,0.01041336786559252,0.006350460418638254,0.0014908887480284119,0.009127358516129593,-0.0012860093494629268,0.014334042448925853,-0.006492693282259186,1,0,0,0,0,0,0
2023-05-20 07:00:00,-0.00082295,0.0037825925000000006,0.003594200545847072,0.00251594038209295,0.0053913008187706085,0.010782601637541217,0.006298532882092951,0.0012666521179070505,0.00917389331877061,-0.001608708318770608,0.014565194137541218,-0.007000009137541216,0,1,0,0,0,0,0
2023-05-20 08:00:00,0.00167012,0.0035004733333333336,0.003476455969924426,0.0024335191789470983,0.00521468395488664,0.01042936790977328,0.005933992512280432,0.0010669541543862353,0.008715157288219973,-0.001714210621553306,0.013929841243106613,-0.006928894576439946,0,0,1,0,0,0,0
2023-05-20 09:00:00,0.00176128,0.003234833333333334,0.0033479998052577285,0.0023435998636804098,0.005021999707886592,0.010043999415773185,0.005578433197013744,0.0008912334696529241,0.008256833041219927,-0.0017871663745532584,0.013278832749106519,-0.00680916608243985,0,0,1,0,0,0,0
2023-05-20 10:00:00,0.00179381,0.0029792262499999996,0.0032052164710044714,0.00224365152970313,0.004807824706506707,0.009615649413013414,0.005222877779703129,0.0007355747202968696,0.0077870509565067065,-0.0018285984565067073,0.012594875663013413,-0.006636423163013414,0,0,1,0,0,0,0
2023-05-20 11:00:00,0.00168504,0.0027193216666666666,0.003035326584837812,0.002124728609386468,0.004552989877256718,0.009105979754513436,0.004844050276053134,0.0005945930572801984,0.007272311543923385,-0.0018336682105900516,0.011825301421180103,-0.00638665808784677,0,0,1,0,0,0,0
2023-05-20 12:00:00,0.00224456,0.00250560625,0.0028693998082113914,0.0020085798657479737,0.004304099712317087,0.008608199424634174,0.004514186115747974,0.0004970263842520263,0.006809705962317086,-0.001798493462317087,0.011113805674634174,-0.006102593174634173,0,0,1,0,0,0,0
2023-05-20 13:00:00,0.00192981,0.002276552916666667,0.0026720846745003795,0.0018704592721502655,0.0040081270117505695,0.008016254023501139,0.004147012188816933,0.00040609364451640135,0.006284679928417237,-0.0017315740950839026,0.010292806940167806,-0.005739701106834472,0,0,1,0,0,0,0
2023-05-20 14:00:00,0.00143658,0.0020210729166666667,0.0024259417079011973,0.0016981591955308381,0.003638912561851796,0.007277825123703592,0.003719232112197505,0.00032291372113582855,0.005659985478518463,-0.0016178396451851295,0.009298898040370259,-0.005256752207036926,0,0,1,0,0,0,0
2023-05-20 15:00:00,0.00091634,0.0017365795833333333,0.002104688844935385,0.0014732821914547694,0.0031570332674030776,0.006314066534806155,0.0032098617747881027,0.0002632973918785639,0.0048936128507364104,-0.0014204536840697443,0.00805064611813949,-0.004577486951472822,0,0,1,0,0,0,0
2023-05-20 16:00:00,0.00044855,0.0015998308333333335,0.002075926871137876,0.001453148809796513,0.003113890306706814,0.006227780613413628,0.0030529796431298466,0.00014668202353682047,0.004713721140040148,-0.0015140594733734803,0.00782761144674696,-0.004627949780080294,0,0,1,0,0,0,0
2023-05-20 17:00:00,-0.00063912,0.0014092545833333334,0.0020621584444543953,0.0014435109111180767,0.003093237666681593,0.006186475333363186,0.00285276549445141,-3.425632778474323e-05,0.004502492250014927,-0.0016839830833482597,0.00759572991669652,-0.004777220750029853,0,1,0,0,0,0,0
2023-05-20 18:00:00,0.00072225,0.0012728587499999998,0.0019906626201546423,0.0013934638341082494,0.0029859939302319637,0.005971987860463927,0.0026663225841082492,-0.00012060508410824964,0.004258852680231963,-0.0017131351802319639,0.007244846610463927,-0.004699129110463928,0,0,1,0,0,0,0
2023-05-20 19:00:00,0.00143015,0.0011651170833333333,0.0019038240565092312,0.0013326768395564618,0.0028557360847638468,0.0057114721695276935,0.002497793922889795,-0.00016755975622312846,0.00402085316809718,-0.0016906190014305135,0.006876589252861027,-0.00454635508619436,0,0,0,0,1,0,0
2023-05-20 20:00:00,0.00186084,0.0010835604166666666,0.0018255446421880578,0.0012778812495316404,0.0027383169632820867,0.005476633926564173,0.002361441666198307,-0.00019432083286497382,0.0038218773799487534,-0.00165475654661542,0.00656019434323084,-0.004393073509897507,0,0,0,0,1,0,0
2023-05-20 21:00:00,0.00241387,0.0010258958333333333,0.0017566373278410255,0.0012296461294887177,0.0026349559917615384,0.005269911983523077,0.002255541962822051,-0.00020375029615538444,0.0036608518250948715,-0.001609060158428205,0.00629580781685641,-0.004244016150189743,0,0,0,0,0,1,0
2023-05-20 22:00:00,0.0029465,0.0009900404166666666,0.0017054385714951046,0.001193807000046573,0.0025581578572426568,0.0051163157144853135,0.0021838474167132395,-0.00020376658337990642,0.0035481982739093234,-0.0015681174405759901,0.00610635613115198,-0.004126275297818647,0,0,0,0,0,1,0
2023-05-20 23:00:00,0.00282026,0.0009432608333333333,0.0016348562931045617,0.0011443994051731931,0.0024522844396568425,0.004904568879313685,0.0020876602385065265,-0.00020113857183985976,0.003395545272990176,-0.0015090236063235092,0.005847829712647018,-0.003961308045980352,0,0,0,0,0,1,0
2023-05-21 00:00:00,-0.00263126,0.0007377579166666666,0.001761842809417297,0.0012332899665921078,0.002642764214125946,0.005285528428251892,0.0019710478832587744,-0.0004955320499254412,0.0033805221307926124,-0.0019050062974592793,0.006023286344918558,-0.004547770511585225,1,0,0,0,0,0,0
2023-05-21 01:00:00,-0.00017116,0.0006546704166666668,0.0017554498841024866,0.0012288149188717406,0.00263317482615373,0.00526634965230746,0.0018834853355384072,-0.0005741445022050738,0.0032878452428203968,-0.001978504409487063,0.005921020068974127,-0.004611679235640793,0,0,1,0,0,0,0
2023-05-21 02:00:00,0.00179616,0.0006843099999999999,0.0017689814446983098,0.001238287011288817,0.002653472167047465,0.00530694433409493,0.001922597011288817,-0.000553977011288817,0.003337782167047465,-0.001969162167047465,0.005991254334094929,-0.00462263433409493,0,0,0,0,1,0,0
2023-05-21 03:00:00,0.00222917,0.0007621820833333334,0.0017950393803454808,0.0012565275662418365,0.0026925590705182212,0.0053851181410364424,0.00201870964957517,-0.0004943454829085031,0.0034547411538515546,-0.0019303769871848878,0.006147300224369776,-0.004622936057703109,0,0,0,0,0,1,0
2023-05-21 04:00:00,0.00224962,0.0009709320833333335,0.0016532973258441036,0.0011573081280908724,0.0024799459887661556,0.004959891977532311,0.002128240211424206,-0.00018637604475753896,0.0034508780720994892,-0.001509013905432822,0.0059308240608656445,-0.003988959894198978,0,0,0,0,0,1,0
2023-05-21 05:00:00,0.00228428,0.0011851370833333335,0.0014572365303560488,0.001020065571249234,0.002185854795534073,0.004371709591068146,0.0022052026545825677,0.00016507151208409944,0.0033709918788674066,-0.0010007177122007397,0.00555684667440148,-0.003186572507734813,0,0,0,0,0,1,0
2023-05-21 06:00:00,0.002295,0.0013612375000000001,0.0013124162653778075,0.0009186913857644652,0.001968624398066711,0.003937248796133422,0.0022799288857644653,0.0004425461142355349,0.003329861898066711,-0.000607386898066711,0.005298486296133422,-0.002576011296133422,0,0,0,0,0,1,0
2023-05-21 07:00:00,0.00231954,0.0014921745833333334,0.0012397797596276525,0.0008678458317393568,0.001859669639441479,0.003719339278882958,0.00236002041507269,0.0006243287515939767,0.003351844222774812,-0.0003674950561081455,0.0052115138622162915,-0.002227164695549624,0,0,0,0,1,0,0
2023-05-21 08:00:00,0.00187249,0.0015006066666666668,0.001241729289424416,0.0008692105025970912,0.001862593934136624,0.003725187868273248,0.002369817169263758,0.0006313961640695756,0.003363200600803291,-0.00036198726746995724,0.005225794534939915,-0.002224581201606581,0,0,0,0,1,0,0
2023-05-21 09:00:00,0.00186543,0.00150494625,0.0012428613718065168,0.0008700029602645617,0.0018642920577097754,0.0037285841154195507,0.0023749492102645617,0.0006349432897354382,0.0033692383077097753,-0.00035934580770977543,0.005233530365419551,-0.002223637865419551,0,0,0,0,1,0,0
2023-05-21 10:00:00,0.00224746,0.0015238483333333335,0.0012508694442689731,0.0008756086109882811,0.0018763041664034597,0.0037526083328069193,0.0023994569443216147,0.0006482397223450525,0.003400152499736793,-0.0003524558330701261,0.005276456666140253,-0.002228759999473586,0,0,0,0,1,0,0
2023-05-21 11:00:00,0.00107741,0.0014985304166666668,0.001253611321400405,0.0008775279249802834,0.0018804169821006074,0.003760833964201215,0.00237605834164695,0.0006210024916863834,0.003378947398767274,-0.00038188656543394067,0.005259364380867881,-0.0022623035475345483,0,0,1,0,0,0,0
2023-05-21 12:00:00,-0.00064038,0.0013783245833333335,0.0013157415160577896,0.0009210190612404527,0.0019736122740866844,0.003947224548173369,0.0022993436445737864,0.00045730552209288073,0.0033519368574200176,-0.0005952876907533509,0.005325549131506702,-0.0025688999648400355,1,0,0,0,0,0,0
2023-05-21 13:00:00,-0.00030718,0.0012851166666666667,0.001353663729210353,0.0009475646104472471,0.0020304955938155295,0.004060991187631059,0.0022326812771139137,0.0003375520562194196,0.0033156122604821965,-0.0007453789271488628,0.0053461078542977256,-0.0027758745209643925,0,1,0,0,0,0,0
2023-05-21 14:00:00,0.00048223,0.0012453520833333334,0.0013630059944203749,0.0009541041960942624,0.0020445089916305624,0.004089017983261125,0.002199456279427596,0.00029124788723907107,0.003289861074963896,-0.000799156908297229,0.005334370066594458,-0.0028436658999277916,0,0,1,0,0,0,0
2023-05-21 15:00:00,0.00110947,0.0012533991666666669,0.00136154841034474,0.0009530838872413179,0.00204232261551711,0.00408464523103422,0.002206483053907985,0.00030031527942534896,0.0032957217821837767,-0.0007889234488504431,0.005338044397700887,-0.002831246064367553,0,0,1,0,0,0,0
2023-05-21 16:00:00,-0.00085236,0.0011991945833333332,0.0014196393892662704,0.0009937475724863891,0.0021294590838994054,0.004258918167798811,0.0021929421558197224,0.0002054470108469441,0.0033286536672327387,-0.0009302645005660722,0.005458112751132144,-0.0030597235844654776,0,1,0,0,0,0,0
2023-05-21 17:00:00,-0.00065094,0.0011987020833333333,0.0014203067572151771,0.000994214730050624,0.0021304601358227656,0.004260920271645531,0.002192916813383957,0.00020448735328270945,0.0033291622191560987,-0.0009317580524894323,0.005459622354978865,-0.0030622181883121977,0,1,0,0,0,0,0
2023-05-21 18:00:00,-0.00046882,0.0011490741666666667,0.001457987781507558,0.0010205914470552905,0.002186981672261337,0.004373963344522674,0.0021696656137219572,0.0001284827196113762,0.0033360558389280036,-0.0010379075055946703,0.005523037511189341,-0.0032248891778560076,0,1,0,0,0,0,0
2023-05-21 19:00:00,-0.0001294,0.0010840929166666667,0.0014795108415474043,0.001035657589083183,0.0022192662623211064,0.004438532524642213,0.0021197505057498497,4.843532758348366e-05,0.003303359178987773,-0.0011351733456544397,0.00552262544130888,-0.003354439607975546,0,1,0,0,0,0,0
2023-05-21 20:00:00,0.00411535,0.0011780308333333334,0.0015978151263955336,0.0011184705884768734,0.0023967226895933004,0.004793445379186601,0.002296501421810207,5.956024485645993e-05,0.003574753522926634,-0.001218691856259967,0.005971476212519934,-0.0036154145458532675,0,0,0,0,0,0,1
2023-05-21 21:00:00,0.00402922,0.0012453370833333333,0.0016838434447068993,0.0011786904112948294,0.002525765167060349,0.005051530334120698,0.0024240274946281627,6.66466720385039e-05,0.0037711022503936825,-0.001280428083727016,0.006296867417454032,-0.003806193250787365,0,0,0,0,0,0,1
2023-05-21 22:00:00,0.00388086,0.0012842687500000001,0.0017349127374078727,0.001214438916185511,0.0026023691061118092,0.0052047382122236184,0.002498707666185511,6.982983381448923e-05,0.003886637856111809,-0.001318100356111809,0.006489006962223619,-0.003920469462223618,0,0,0,0,0,1,0
2023-05-21 23:00:00,0.00386243,0.0013276925,0.0017872811769866653,0.0012510968238906657,0.002680921765479998,0.005361843530959996,0.0025787893238906658,7.659567610933437e-05,0.004008614265479998,-0.001353229265479998,0.006689536030959996,-0.004034151030959996,0,0,0,0,0,1,0
2023-05-22 00:00:00,0.00914684,0.0018184466666666668,0.0022180701875448706,0.0015526491312814093,0.0033271052813173057,0.0066542105626346115,0.003371095797948076,0.0002657975353852575,0.0051455519479839725,-0.001508658614650639,0.008472657229301277,-0.004835763895967945,0,0,0,0,0,0,1
2023-05-22 01:00:00,0.00913289,0.0022061154166666667,0.002630026205549682,0.0018410183438847772,0.003945039308324523,0.007890078616649046,0.004047133760551444,0.00036509707278188945,0.006151154724991189,-0.0017389238916578563,0.010096194033315712,-0.00568396319998238,0,0,0,0,0,0,1
2023-05-22 02:00:00,0.0091696,0.0025133420833333333,0.0029865539766033055,0.002090587783622314,0.004479830964904959,0.008959661929809917,0.0046039298669556476,0.00042275429971101947,0.006993173048238292,-0.0019664888815716253,0.01147300401314325,-0.006446319846476584,0,0,0,0,0,0,1
2023-05-22 03:00:00,0.00932201,0.0028088770833333333,0.0032924791084206987,0.0023047353758944887,0.004938718662631048,0.009877437325262096,0.0051136124592278225,0.0005041417074388445,0.007747595745964382,-0.0021298415792977148,0.012686314408595429,-0.007068560241928763,0,0,0,0,0,0,1
2023-05-22 04:00:00,0.00948492,0.003110347916666667,0.003559464897775431,0.0024916254284428016,0.0053391973466631465,0.010678394693326293,0.0056019733451094685,0.0006187224882238654,0.008449545263329814,-0.0022288494299964796,0.01378874260999296,-0.007568046776659626,0,0,0,0,0,0,1
2023-05-22 05:00:00,0.0092873,0.0034021404166666666,0.003769638999951054,0.0026387472999657375,0.00565445849992658,0.01130891699985316,0.0060408877166324045,0.0007633931167009291,0.009056598916593247,-0.002252318083259914,0.014711057416519827,-0.007906776583186495,0,0,0,0,0,0,1
2023-05-22 06:00:00,0.00898578,0.003680922916666667,0.003928270429723359,0.002749789300806351,0.005892405644585038,0.011784811289170076,0.006430712217473019,0.0009311336158603161,0.009573328561251706,-0.002211482727918371,0.015465734205836744,-0.008103888372503408,0,0,0,0,0,1,0
2023-05-22 07:00:00,0.00860916,0.003942990416666667,0.004041663182201194,0.002829164227540836,0.006062494773301791,0.012124989546603583,0.006772154644207502,0.001113826189125831,0.010005485189968459,-0.0021195043566351246,0.01606797996327025,-0.008181999129936916,0,0,0,0,0,1,0
2023-05-22 08:00:00,0.00651293,0.004136342083333334,0.004049295859780389,0.002834507101846272,0.006073943789670583,0.012147887579341167,0.0069708491851796055,0.0013018349814870617,0.010210285873003917,-0.0019376017063372497,0.0162842296626745,-0.008011545496007834,0,0,0,0,1,0,0
2023-05-22 09:00:00,0.00639204,0.004324950833333333,0.004044339593684333,0.002831037715579033,0.0060665093905264995,0.012133018781052999,0.0071559885489123655,0.0014939131177543002,0.010391460223859832,-0.0017415585571931664,0.016457969614386333,-0.007808067947719666,0,0,0,0,1,0,0
2023-05-22 10:00:00,0.0065801,0.0045054775,0.004044272793084121,0.0028309909551588845,0.006066409189626181,0.012132818379252362,0.007336468455158884,0.0016744865448411151,0.010571886689626182,-0.0015609316896261815,0.016638295879252363,-0.007627340879252363,0,0,0,0,1,0,0
2023-05-22 11:00:00,0.00667773,0.004738824166666667,0.003999192820227077,0.0027994349741589535,0.0059987892303406155,0.011997578460681231,0.0075382591408256205,0.001939389192507713,0.010737613397007281,-0.001259965063673949,0.016736402627347897,-0.0072587542940145645,0,0,0,0,1,0,0
2023-05-22 12:00:00,0.00610427,0.0050198512499999995,0.0038385044044391007,0.00268695308310737,0.005757756606658651,0.011515513213317303,0.007706804333107369,0.0023328981668926294,0.010777607856658652,-0.0007379053566586519,0.0165353644633173,-0.006495661963317303,0,0,0,0,1,0,0
2023-05-22 13:00:00,0.0059502,0.0052805754166666665,0.0036697441334737554,0.0025688208934316285,0.005504616200210633,0.011009232400421266,0.007849396310098296,0.002711754523235038,0.010785191616877299,-0.0002240407835439667,0.016289807817087932,-0.0057286569837546,0,0,0,0,1,0,0
2023-05-22 14:00:00,0.00624908,0.005520860833333333,0.0035279609738178646,0.002469572681672505,0.005291941460726797,0.010583882921453593,0.007990433515005838,0.0030512881516608277,0.01081280229406013,0.00022891937260653607,0.016104743754786925,-0.005063022088120261,0,0,0,0,1,0,0
2023-05-22 15:00:00,0.00604442,0.005726483750000001,0.003401206338792438,0.0023808444371547065,0.005101809508188657,0.010203619016377313,0.008107328187154707,0.003345639312845294,0.010828293258188657,0.0006246742418113439,0.015930102766377314,-0.004477135266377313,0,0,0,0,1,0,0
2023-05-22 16:00:00,0.00374915,0.005918213333333333,0.003133376584973148,0.002193363609481203,0.0047000648774597215,0.009400129754919443,0.008111576942814535,0.0037248497238521294,0.010618278210793055,0.001218148455873611,0.015318343088252775,-0.0034819164215861105,0,0,1,0,0,0,0
2023-05-22 17:00:00,0.00488806,0.006149004999999999,0.0028164440134958372,0.001971510809447086,0.004224666020243756,0.008449332040487511,0.008120515809447084,0.004177494190552913,0.010373671020243756,0.0019243389797562434,0.01459833704048751,-0.0023003270404875122,0,0,1,0,0,0,0
2023-05-22 18:00:00,0.00557797,0.006400954583333333,0.0024446142692635163,0.0017112299884844613,0.0036669214038952745,0.007333842807790549,0.008112184571817794,0.0046897245948488726,0.010067875987228608,0.002734033179438059,0.013734797391123883,-0.0009328882244572156,0,0,1,0,0,0,0
2023-05-22 19:00:00,0.00545368,0.006633582916666666,0.0020259641917421893,0.0014181749342195324,0.0030389462876132837,0.0060778925752265674,0.008051757850886198,0.005215407982447134,0.00967252920427995,0.0035946366290533823,0.012711475491893234,0.0005556903414400986,0,0,1,0,0,0,0
2023-05-22 20:00:00,0.0065871,0.0067365725,0.001953929262876202,0.0013677504840133412,0.0029308938943143027,0.005861787788628605,0.008104322984013342,0.005368822015986659,0.009667466394314303,0.0038056786056856976,0.012598360288628607,0.0008747847113713949,0,0,1,0,0,0,0
2023-05-22 21:00:00,0.00702275,0.006861302916666667,0.0018672121248057448,0.0013070484873640212,0.002800818187208617,0.005601636374417234,0.008168351404030688,0.005554254429302645,0.009662121103875284,0.004060484729458049,0.012462939291083901,0.0012596665422494324,0,0,0,0,1,0,0
2023-05-22 22:00:00,0.00664848,0.006976620416666667,0.0017573716086753271,0.001230160126072729,0.002636057413012991,0.005272114826025982,0.008206780542739395,0.005746460290593938,0.009612677829679658,0.004340563003653676,0.012248735242692647,0.001704505590640685,0,0,1,0,0,0,0
2023-05-22 23:00:00,0.00669142,0.007094494999999999,0.0016296419404194103,0.0011407493582935872,0.0024444629106291156,0.004888925821258231,0.008235244358293587,0.005953745641706412,0.009538957910629114,0.004650032089370884,0.01198342082125823,0.002205569178741768,0,0,1,0,0,0,0
2023-05-23 00:00:00,0.00747594,0.007024874166666667,0.0015728526628803277,0.0011009968640162294,0.0023592789943204916,0.004718557988640983,0.008125871030682897,0.005923877302650438,0.009384153160987159,0.004665595172346175,0.01174343215530765,0.0023063161780256837,0,0,0,0,1,0,0
2023-05-23 01:00:00,0.00752932,0.00695805875,0.0015123045777807648,0.0010586132044465354,0.002268456866671147,0.004536913733342294,0.008016671954446535,0.005899445545553465,0.009226515616671148,0.004689601883328853,0.011494972483342294,0.002421145016657706,0,0,0,0,1,0,0
2023-05-23 02:00:00,0.00785666,0.006903352916666667,0.001451344835971054,0.0010159413851797377,0.002177017253956581,0.004354034507913162,0.007919294301846404,0.0058874115314869295,0.009080370170623247,0.004726335662710086,0.011257387424579829,0.002549318408753505,0,0,0,0,1,0,0
2023-05-23 03:00:00,0.00851874,0.006869883333333333,0.0014015508550970295,0.0009810855985679205,0.0021023262826455444,0.004204652565291089,0.007850968931901254,0.005888797734765413,0.008972209615978877,0.004767557050687789,0.011074535898624421,0.0026652307680422446,0,0,0,0,0,1,0
2023-05-23 04:00:00,0.00975577,0.00688116875,0.0014244266400519545,0.0009970986480363681,0.0021366399600779317,0.0042732799201558634,0.007878267398036367,0.005884070101963632,0.009017808710077931,0.004744528789922068,0.011154448670155862,0.002607888829844136,0,0,0,0,0,0,1
2023-05-23 05:00:00,0.01034891,0.0069254025,0.0015159385327944191,0.0010611569729560932,0.0022739077991916286,0.004547815598383257,0.007986559472956093,0.005864245527043907,0.009199310299191629,0.004651494700808372,0.011473218098383257,0.002377586901616743,0,0,0,0,0,0,1
2023-05-23 06:00:00,0.01091485,0.007005780416666667,0.0016729443309807758,0.0011710610316865429,0.0025094164964711636,0.005018832992942327,0.00817684144835321,0.0058347193849801245,0.009515196913137831,0.004496363920195503,0.012024613409608994,0.0019869474237243397,0,0,0,0,0,0,1
2023-05-23 07:00:00,0.01148708,0.007125693749999999,0.0018828424601252684,0.001317989722087688,0.0028242636901879025,0.005648527380375805,0.008443683472087687,0.005807704027912312,0.009949957440187902,0.004301430059812096,0.012774221130375804,0.0014771663696241943,0,0,0,0,0,0,1
2023-05-23 08:00:00,0.01541149,0.007496467083333333,0.0025239444036467703,0.001766761082552739,0.003785916605470155,0.00757183321094031,0.009263228165886072,0.005729706000780594,0.011282383688803488,0.003710550477863178,0.015068300294273643,-7.536612760697739e-05,0,0,0,0,0,0,1
2023-05-23 09:00:00,0.01547317,0.0078748475,0.0029890284999968663,0.002092319949997806,0.0044835427499952995,0.008967085499990599,0.009967167449997807,0.005782527550002194,0.012358390249995299,0.003391304750004701,0.0168419329999906,-0.0010922379999905984,0,0,0,0,0,0,1
2023-05-23 10:00:00,0.01580135,0.00825906625,0.003382170612790623,0.002367519428953436,0.0050732559191859344,0.010146511838371869,0.010626585678953436,0.005891546821046565,0.013332322169185935,0.003185810330814066,0.01840557808837187,-0.0018874455883718683,0,0,0,0,0,0,1
2023-05-23 11:00:00,0.01665537,0.00867480125,0.0037702959946301967,0.0026392071962411377,0.005655443991945295,0.01131088798389059,0.011314008446241136,0.006035594053758862,0.014330245241945294,0.0030193572580547046,0.01998568923389059,-0.00263608673389059,0,0,0,0,0,0,1
2023-05-23 12:00:00,0.01647397,0.009106872083333334,0.004046936526651696,0.0028328555686561873,0.006070404789977545,0.01214080957995509,0.01193972765198952,0.006274016514677147,0.015177276873310878,0.0030364672933557886,0.02124768166328842,-0.0030339374966217563,0,0,0,0,0,0,1
2023-05-23 13:00:00,0.01593212,0.009522785416666667,0.004217741037823328,0.0029524187264763297,0.0063266115567349925,0.012653223113469985,0.012475204143142998,0.006570366690190337,0.01584939697340166,0.0031961738599316745,0.022176008530136654,-0.003130437696803318,0,0,0,0,0,0,1
2023-05-23 14:00:00,0.01532333,0.009900879166666666,0.004317069561264833,0.0030219486928853827,0.0064756043418972495,0.012951208683794499,0.012922827859552049,0.006878930473781283,0.016376483508563917,0.0034252748247694167,0.022852087850461167,-0.003050329517127833,0,0,0,0,0,1,0
2023-05-23 15:00:00,0.01484943,0.010267754583333332,0.004349105840433817,0.0030443740883036715,0.0065236587606507255,0.013047317521301451,0.013312128671637002,0.00722338049502966,0.016791413343984058,0.0037440958226826063,0.023315072104634783,-0.002779562937968119,0,0,0,0,0,1,0
2023-05-23 16:00:00,0.00881406,0.0104787925,0.00413674273896668,0.0028957199172766758,0.00620511410845002,0.01241022821690004,0.013374512417276677,0.007583072582723324,0.01668390660845002,0.00427367839154998,0.022889020716900042,-0.0019314357169000398,0,0,1,0,0,0,0
2023-05-23 17:00:00,0.00840148,0.010625185,0.003989853055111514,0.0027928971385780595,0.005984779582667271,0.011969559165334542,0.01341808213857806,0.007832287861421941,0.016609964582667273,0.004640405417332729,0.022594744165334545,-0.0013443741653345418,0,0,1,0,0,0,0
2023-05-23 18:00:00,0.00819159,0.010734085833333332,0.003880266184300433,0.0027161863290103027,0.005820399276450649,0.011640798552901298,0.013450272162343634,0.00801789950432303,0.01655448510978398,0.004913686556882683,0.022374884386234632,-0.0009067127195679665,0,0,1,0,0,0,0
2023-05-23 19:00:00,0.00793038,0.010837281666666665,0.0037649482109627964,0.0026354637476739573,0.005647422316444195,0.01129484463288839,0.013472745414340622,0.008201817918992708,0.01648470398311086,0.005189859350222471,0.022132126299555056,-0.00045756296622172406,0,1,0,0,0,0,0
2023-05-23 20:00:00,0.00758072,0.0108786825,0.003721390686239264,0.0026049734803674845,0.0055820860293588955,0.011164172058717791,0.013483655980367486,0.008273709019632515,0.016460768529358898,0.005296596470641105,0.02204285455871779,-0.00028548955871779066,0,1,0,0,0,0,0
2023-05-23 21:00:00,0.00766085,0.01090527,0.0036948288410155188,0.002586380188710863,0.005542243261523278,0.011084486523046557,0.013491650188710864,0.008318889811289136,0.01644751326152328,0.0053630267384767215,0.021989756523046557,-0.00017921652304655686,0,1,0,0,0,0,0
2023-05-23 22:00:00,0.00787954,0.010956564166666667,0.0036413215381302885,0.0025489250766912016,0.005461982307195433,0.010923964614390866,0.013505489243357868,0.008407639089975466,0.0164185464738621,0.005494581859471234,0.021880528781057534,3.2599552275800955e-05,0,1,0,0,0,0,0
2023-05-23 23:00:00,0.00806758,0.011013904166666666,0.003581583231717657,0.0025071082622023597,0.005372374847576486,0.010744749695152971,0.013521012428869026,0.008506795904464307,0.016386279014243152,0.005641529319090181,0.02175865386181964,0.000269154471513695,0,1,0,0,0,0,0
2023-05-24 00:00:00,0.01178274,0.011193354166666667,0.0035036567672720935,0.0024525597370904655,0.00525548515090814,0.01051097030181628,0.013645913903757132,0.008740794429576202,0.016448839317574807,0.005937869015758527,0.021704324468482947,0.0006823838648503874,0,0,0,0,1,0,0
2023-05-24 01:00:00,0.01185607,0.011373635416666666,0.003417175677740177,0.0023920229744181236,0.005125763516610265,0.01025152703322053,0.01376565839108479,0.008981612442248543,0.016499398933276933,0.006247871900056401,0.021625162449887197,0.001122108383446136,0,0,0,0,1,0,0
2023-05-24 02:00:00,0.01196818,0.01154494875,0.0033352730810056724,0.0023346911567039704,0.0050029096215085085,0.010005819243017017,0.013879639906703971,0.00921025759329603,0.01654785837150851,0.006542039128491492,0.021550767993017018,0.0015391295069829836,0,0,0,0,1,0,0
2023-05-24 03:00:00,0.01190426,0.011686012083333334,0.0032727243172981585,0.0022909070221087107,0.004909086475947238,0.009818172951894476,0.013976919105442045,0.009395105061224623,0.016595098559280572,0.006776925607386096,0.02150418503522781,0.0018678391314388577,0,0,0,0,1,0,0
2023-05-24 04:00:00,0.01131948,0.011751166666666667,0.003248098379494602,0.0022736688656462213,0.004872147569241903,0.009744295138483806,0.014024835532312888,0.009477497801020446,0.01662331423590857,0.006879019097424764,0.021495461805150474,0.0020068715281828606,0,0,1,0,0,0,0
2023-05-24 05:00:00,0.01065379,0.011763870000000001,0.003242967841634936,0.002270077489144455,0.004864451762452404,0.009728903524904808,0.014033947489144456,0.009493792510855546,0.016628321762452405,0.006899418237547597,0.021492773524904807,0.0020349664750951933,0,0,1,0,0,0,0
2023-05-24 06:00:00,0.01011201,0.011730418333333334,0.003256220000221219,0.002279354000154853,0.004884330000331828,0.009768660000663657,0.014009772333488187,0.009451064333178482,0.016614748333665164,0.006846088333001506,0.02149907833399699,0.0019617583326696775,0,0,1,0,0,0,0
2023-05-24 07:00:00,0.00991846,0.011665059166666665,0.0032769931580217113,0.002293895210615198,0.004915489737032567,0.009830979474065134,0.013958954377281863,0.009371163956051467,0.016580548903699234,0.006749569429634098,0.0214960386407318,0.0018340796926015306,0,0,1,0,0,0,0
2023-05-24 08:00:00,0.00334784,0.011162407083333334,0.003587819414654182,0.0025114735902579273,0.005381729121981273,0.010763458243962546,0.013673880673591262,0.008650933493075406,0.016544136205314607,0.005780677961352061,0.02192586532729588,0.0003989488393707878,1,0,0,0,0,0,0
2023-05-24 09:00:00,0.00304163,0.010644426249999998,0.0038277666979730494,0.0026794366885811343,0.005741650046959574,0.011483300093919149,0.013323862938581132,0.007964989561418865,0.016386076296959574,0.004902776203040424,0.022127726343919147,-0.0008388738439191502,1,0,0,0,0,0,0
2023-05-24 10:00:00,0.00275167,0.010100689583333334,0.003986921557983966,0.002790845090588776,0.00598038233697595,0.0119607646739519,0.01289153467392211,0.007309844492744558,0.016081071920309283,0.004120307246357384,0.022061454257285236,-0.0018600750906185657,1,0,0,0,0,0,0
2023-05-24 11:00:00,0.00269491,0.00951900375,0.0040073770820193725,0.0028051639574135606,0.006011065623029058,0.012022131246058117,0.01232416770741356,0.006713839792586438,0.015530069373029058,0.003507938126970941,0.021541134996058114,-0.0025031274960581173,1,0,0,0,0,0,0
2023-05-24 12:00:00,-0.00148914,0.008770540833333333,0.004317414616669812,0.0030221902316688682,0.006476121925004718,0.012952243850009437,0.011792731065002202,0.005748350601664465,0.015246662758338051,0.002294418908328615,0.02172278468334277,-0.004181703016676103,1,0,0,0,0,0,0
2023-05-24 13:00:00,-0.00145847,0.008045932916666667,0.004517909643802183,0.003162536750661528,0.006776864465703275,0.01355372893140655,0.011208469667328195,0.004883396166005138,0.014822797382369942,0.0012690684509633916,0.021599661848073215,-0.0055077960147398835,1,0,0,0,0,0,0
2023-05-24 14:00:00,-0.00143755,0.007347562916666667,0.004637912376117446,0.0032465386632822123,0.006956868564176169,0.013913737128352338,0.010594101579948879,0.004101024253384455,0.014304431480842837,0.0003906943524904982,0.021261300045019006,-0.006566174211685671,1,0,0,0,0,0,0
2023-05-24 15:00:00,-0.00094864,0.0066893099999999995,0.004647978360159729,0.0032535848521118103,0.006971967540239593,0.013943935080479187,0.009942894852111809,0.0034357251478881893,0.013661277540239592,-0.0002826575402395939,0.020633245080479187,-0.007254625080479187,1,0,0,0,0,0,0
2023-05-24 16:00:00,0.00231046,0.006418326666666667,0.004707914533195716,0.003295540173237001,0.007061871799793574,0.014123743599587148,0.009713866839903669,0.0031227864934296663,0.01348019846646024,-0.0006435451331269068,0.020542070266253817,-0.007705416932920481,0,1,0,0,0,0,0
2023-05-24 17:00:00,0.00251142,0.006172907500000001,0.004753342310301941,0.0033273396172113587,0.007130013465452912,0.014260026930905823,0.009500247117211359,0.002845567882788642,0.013302920965452911,-0.000957105965452911,0.020432934430905825,-0.008087119430905822,0,1,0,0,0,0,0
2023-05-24 18:00:00,0.00267872,0.005943204583333333,0.004784649351860673,0.0033492545463024706,0.007176974027791009,0.014353948055582018,0.009292459129635803,0.002593950037030862,0.013120178611124342,-0.0012337694444576764,0.02029715263891535,-0.008410743472248686,0,0,1,0,0,0,0
2023-05-24 19:00:00,0.00285103,0.005731565,0.004805222171335652,0.0033636555199349563,0.007207833257003478,0.014415666514006956,0.009095220519934957,0.0023679094800650438,0.012939398257003479,-0.0014762682570034777,0.020147231514006957,-0.008684101514006955,0,0,1,0,0,0,0
2023-05-24 20:00:00,0.00728038,0.005719050833333333,0.0048005859146520715,0.00336041014025645,0.007200878871978107,0.014401757743956214,0.009079460973589783,0.0023586406930768827,0.01291992970531144,-0.0014818280386447742,0.020120808577289546,-0.008682706910622881,0,0,0,0,1,0,0
2023-05-24 21:00:00,0.00735087,0.005706135,0.0047955487693865945,0.003356884138570616,0.007193323154079892,0.014386646308159784,0.009063019138570615,0.002349250861429384,0.012899458154079892,-0.0014871881540798916,0.020092781308159783,-0.008680511308159784,0,0,0,0,1,0,0
2023-05-24 22:00:00,0.00727145,0.005680797916666667,0.004785161568841916,0.0033496130981893408,0.007177742353262874,0.014355484706525748,0.009030411014856007,0.002331184818477326,0.01285854026992954,-0.0014969444365962072,0.020036282623192413,-0.008674686789859082,0,0,0,0,1,0,0
2023-05-24 23:00:00,0.00709497,0.005640272500000001,0.004768157410320421,0.0033377101872242945,0.007152236115480631,0.014304472230961263,0.008977982687224296,0.002302562312775706,0.012792508615480633,-0.0015119636154806307,0.019944744730961264,-0.008664199730961261,0,0,0,0,1,0,0
2023-05-25 00:00:00,0.00618941,0.005407217083333333,0.004588172726233403,0.003211720908363382,0.0068822590893501045,0.013764518178700209,0.008618937991696714,0.002195496174969951,0.012289476172683438,-0.0014750420060167715,0.019171735262033543,-0.008357301095366875,0,0,0,0,1,0,0
2023-05-25 01:00:00,0.00633495,0.0051771704166666665,0.004384674076350672,0.0030692718534454703,0.006577011114526008,0.013154022229052017,0.008246442270112137,0.0021078985632211962,0.011754181531192676,-0.0013998406978593418,0.018331192645718683,-0.00797685181238535,0,0,0,0,1,0,0
2023-05-25 02:00:00,0.00654822,0.00495133875,0.004153162245089585,0.0029072135715627096,0.006229743367634377,0.012459486735268754,0.00785855232156271,0.0020441251784372905,0.011181082117634376,-0.0012784046176343771,0.017410825485268754,-0.007508147985268754,0,0,0,0,1,0,0
2023-05-25 03:00:00,0.00673738,0.004736052083333333,0.0039034871347051444,0.002732440994293601,0.005855230702057717,0.011710461404115434,0.007468493077626934,0.0020036110890397324,0.010591282785391051,-0.0011191786187243835,0.016446513487448768,-0.0069744093207821005,0,0,0,0,1,0,0
2023-05-25 04:00:00,0.00680136,0.004547797083333333,0.00367440788855954,0.0025720855219916777,0.00551161183283931,0.01102322366567862,0.007119882605325012,0.0019757115613416557,0.010059408916172644,-0.0009638147495059767,0.015571020749011955,-0.006475426582345287,0,0,0,0,1,0,0
2023-05-25 05:00:00,0.00681272,0.004387752500000001,0.0034751369725713934,0.002432595880799975,0.00521270545885709,0.01042541091771418,0.006820348380799975,0.0019551566192000254,0.00960045795885709,-0.0008249529588570895,0.01481316341771418,-0.00603765841771418,0,0,0,0,1,0,0
2023-05-25 06:00:00,0.00680099,0.004249793333333333,0.003299282374159666,0.002309497661911766,0.004948923561239499,0.009897847122478999,0.006559290995245099,0.001940295671421567,0.009198716894572832,-0.0006991302279061662,0.014147640455812332,-0.005648053789145666,0,0,0,0,0,1,0
2023-05-25 07:00:00,0.00679746,0.004119751666666667,0.0031229308966942574,0.00218605162768598,0.0046843963450413865,0.009368792690082773,0.006305803294352647,0.0019337000389806867,0.008804148011708052,-0.0005646446783747197,0.01348854435674944,-0.005249041023416106,0,0,0,0,0,1,0
2023-05-25 08:00:00,0.0060102,0.004230683333333333,0.003141549376224737,0.0021990845633573157,0.0047123240643371055,0.009424648128674211,0.006429767896690648,0.0020315987699760173,0.008943007397670438,-0.00048164073100377246,0.013655331462007543,-0.005193964795340878,0,0,0,0,1,0,0
2023-05-25 09:00:00,0.0060102,0.00435437375,0.003151123300004812,0.002205786310003368,0.004726684950007218,0.009453369900014436,0.006560160060003368,0.0021485874399966324,0.009081058700007218,-0.00037231120000721755,0.013807743650014435,-0.0050989961500144355,0,0,0,0,1,0,0
2023-05-25 10:00:00,0.0060102,0.004490145833333333,0.0031492647799362893,0.0022044853459554023,0.004723897169904434,0.009447794339808867,0.006694631179288735,0.0022856604873779307,0.009214043003237766,-0.00023375133657110077,0.013937940173142201,-0.0049576485064755345,0,0,0,0,1,0,0
2023-05-25 11:00:00,0.00596487,0.004626394166666666,0.0031389377330540732,0.002197256413137851,0.00470840659958111,0.00941681319916222,0.0068236505798045174,0.0024291377535288153,0.009334800766247776,-8.201243291444324e-05,0.014043207365828887,-0.004790419032495553,0,0,0,0,1,0,0
2023-05-25 12:00:00,0.00419344,0.004863168333333333,0.0028594587138928997,0.0020016210997250298,0.004289188070839349,0.008578376141678699,0.006864789433058363,0.0028615472336083036,0.009152356404172682,0.000573980262493984,0.013441544475012033,-0.0037152078083453654,0,0,1,0,0,0,0
2023-05-25 13:00:00,0.00407457,0.005093711666666666,0.002531907390360553,0.001772335173252387,0.0037978610855408292,0.0075957221710816585,0.006866046839919053,0.003321376493414279,0.008891572752207495,0.001295850581125837,0.012689433837748326,-0.0025020105044149922,0,0,1,0,0,0,0
2023-05-25 14:00:00,0.00415024,0.00532653625,0.002130263820323916,0.001491184674226741,0.003195395730485874,0.006390791460971748,0.0068177209242267405,0.003835351575773259,0.008521931980485873,0.002131140519514126,0.011717327710971746,-0.001064255210971748,0,0,1,0,0,0,0
2023-05-25 15:00:00,0.00434033,0.0055469099999999995,0.0016785574340020502,0.001174990203801435,0.0025178361510030754,0.005035672302006151,0.006721900203801434,0.004371919796198565,0.008064746151003076,0.003029073848996924,0.01058258230200615,0.0005112376979938488,0,1,0,0,0,0,0
2023-05-25 16:00:00,0.00505698,0.005661348333333333,0.0015358736643262961,0.0010751115650284072,0.002303810496489444,0.004607620992978888,0.00673645989836174,0.004586236768304926,0.007965158829822776,0.003357537836843889,0.010268969326312221,0.0010537273403544451,0,0,1,0,0,0,0
2023-05-25 17:00:00,0.0053645,0.005780226666666667,0.001384412966572678,0.0009690890766008745,0.0020766194498590173,0.0041532388997180345,0.006749315743267541,0.004811137590065792,0.007856846116525684,0.0037036072168076493,0.009933465566384702,0.001626987766948632,0,0,1,0,0,0,0
2023-05-25 18:00:00,0.00538927,0.005893166250000001,0.0012213527452318584,0.0008549469216623008,0.0018320291178477877,0.0036640582356955755,0.006748113171662302,0.0050382193283377,0.0077251953678477885,0.004061137132152213,0.009557224485695577,0.0022291080143044253,0,0,1,0,0,0,0
2023-05-25 19:00:00,0.00537031,0.00599813625,0.0010438951934641577,0.0007307266354249103,0.0015658427901962366,0.003131685580392473,0.006728862885424911,0.005267409614575089,0.007563979040196237,0.004432293459803763,0.009129821830392473,0.002866450669607527,0,0,1,0,0,0,0
2023-05-25 20:00:00,0.00401003,0.005861871666666667,0.001081992517259647,0.0007573947620817528,0.0016229887758894704,0.003245977551778941,0.006619266428748419,0.005104476904584914,0.007484860442556137,0.004238882890777196,0.009107849218445607,0.0026158941148877258,1,0,0,0,0,0,0
2023-05-25 21:00:00,0.00401003,0.005722669999999999,0.0010969013787067484,0.0007678309650947238,0.0016453520680601227,0.0032907041361202455,0.006490500965094723,0.004954839034905276,0.007368022068060122,0.004077317931939876,0.009013374136120245,0.0024319658638797537,1,0,0,0,0,0,0
2023-05-25 22:00:00,0.00401003,0.005586777500000001,0.0010987076273642276,0.0007690953391549592,0.0016480614410463415,0.003296122882092683,0.00635587283915496,0.0048176821608450415,0.007234838941046342,0.00393871605895366,0.008882900382092683,0.002290654617907318,0,1,0,0,0,0,0
2023-05-25 23:00:00,0.00401003,0.005458238333333334,0.0010950401383299573,0.00076652809683097,0.001642560207494936,0.003285120414989872,0.006224766430164304,0.004691710236502364,0.0071007985408282695,0.0038156781258383977,0.008743358748323205,0.0021731179183434616,0,1,0,0,0,0,0
2023-05-26 00:00:00,0.00193442,0.0052809470833333335,0.001297286598838504,0.0009081006191869528,0.0019459298982577563,0.0038918597965155125,0.006189047702520286,0.004372846464146381,0.00722687698159109,0.0033350171850755773,0.009172806879848845,0.001389087286817821,1,0,0,0,0,0,0
2023-05-26 01:00:00,0.00293553,0.005139304583333333,0.001361208937548074,0.0009528462562836517,0.002041813406322111,0.004083626812644222,0.006092150839616985,0.004186458327049681,0.007181117989655443,0.003097491177011222,0.009222931395977555,0.0010556777706891111,1,0,0,0,0,0,0
2023-05-26 02:00:00,0.00241177,0.0049669525,0.0014349358601792373,0.001004455102125466,0.002152403790268856,0.004304807580537712,0.0059714076021254656,0.003962497397874534,0.007119356290268856,0.0028145487097311437,0.009271760080537712,0.0006621449194622875,1,0,0,0,0,0,0
2023-05-26 03:00:00,0.00241846,0.0047869975,0.0014735513219880313,0.0010314859253916218,0.0022103269829820468,0.0044206539659640935,0.005818483425391622,0.0037555115746083782,0.006997324482982047,0.0025766705170179533,0.009207651465964094,0.0003663435340359065,1,0,0,0,0,0,0
2023-05-26 04:00:00,0.00329222,0.004640783333333333,0.0014386700981255727,0.0010070690686879008,0.002158005147188359,0.004316010294376718,0.005647852402021234,0.003633714264645432,0.006798788480521692,0.002482778186144974,0.008956793627710052,0.00032477303895661527,0,1,0,0,0,0,0
2023-05-26 05:00:00,0.00342434,0.004499600833333333,0.001381379170916812,0.0009669654196417684,0.002072068756375218,0.004144137512750436,0.005466566252975102,0.0035326354136915646,0.0065716695897085516,0.0024275320769581153,0.008643738346083769,0.00035546332058289734,0,1,0,0,0,0,0
2023-05-26 06:00:00,0.00344802,0.004359893750000001,0.0013060026967773608,0.0009142018877441525,0.0019590040451660413,0.003918008090332083,0.005274095637744153,0.003445691862255848,0.006318897795166042,0.0024008897048339592,0.008277901840332082,0.0004418856596679179,0,0,1,0,0,0,0
2023-05-26 07:00:00,0.00363891,0.0042282875,0.0012049209505994752,0.0008434446654196325,0.0018073814258992129,0.0036147628517984257,0.005071732165419632,0.003384842834580367,0.0060356689258992124,0.0024209060741007867,0.007843050351798424,0.0006135246482015739,0,0,1,0,0,0,0
2023-05-26 08:00:00,0.00331799,0.004116112083333334,0.001156148460411952,0.0008093039222883663,0.001734222690617928,0.003468445381235856,0.0049254160056217,0.0033068081610449678,0.005850334773951262,0.002381889392715406,0.00758455746456919,0.0006476667020974781,0,0,1,0,0,0,0
2023-05-26 09:00:00,0.00341244,0.004007872083333333,0.0010908717467395816,0.0007636102227177071,0.0016363076201093723,0.0032726152402187446,0.00477148230605104,0.003244261860615626,0.005644179703442706,0.002371564463223961,0.007280487323552078,0.0007352568431145887,0,0,1,0,0,0,0
2023-05-26 10:00:00,0.00342297,0.0039000708333333336,0.0010091734369271417,0.0007064214058489992,0.0015137601553907127,0.0030275203107814255,0.004606492239182333,0.003193649427484334,0.005413830988724047,0.002386310677942621,0.006927591144114759,0.0008725505225519081,0,0,1,0,0,0,0
2023-05-26 11:00:00,0.00357706,0.0038005787500000002,0.0009095456534580991,0.0006366819574206694,0.0013643184801871487,0.0027286369603742974,0.00443726070742067,0.003163896792579331,0.005164897230187149,0.0024362602698128517,0.006529215710374297,0.0010719417896257028,0,0,1,0,0,0,0
2023-05-26 12:00:00,0.00608833,0.0038795325,0.0010205953707954954,0.0007144167595568467,0.0015308930561932432,0.0030617861123864863,0.0045939492595568465,0.0031651157404431534,0.005410425556193243,0.0023486394438067566,0.006941318612386486,0.0008177463876135136,0,0,0,0,0,0,1
2023-05-26 13:00:00,0.00610327,0.003964061666666667,0.0011169178762487967,0.0007818425133741576,0.0016753768143731949,0.0033507536287463897,0.004745904180040825,0.0031822191532925093,0.005639438481039862,0.002288684852293472,0.0073148152954130565,0.0006133080379202771,0,0,0,0,0,0,1
2023-05-26 14:00:00,0.00611061,0.00404574375,0.0011997374303746268,0.0008398162012622387,0.0017996061455619401,0.0035992122911238803,0.0048855599512622385,0.003205927548737761,0.00584534989556194,0.0022461376044380595,0.00764495604112388,0.0004465314588761194,0,0,0,0,0,0,1
2023-05-26 15:00:00,0.00567511,0.004101359583333333,0.0012441048145116985,0.0008708733701581889,0.0018661572217675477,0.0037323144435350954,0.004972232953491522,0.0032304862131751436,0.005967516805100881,0.002235202361565785,0.007833674026868428,0.00036904513979823736,0,0,0,0,0,1,0
2023-05-26 16:00:00,0.00748067,0.004202346666666667,0.0014120766897164772,0.000988453682801534,0.0021181150345747158,0.0042362300691494315,0.0051908003494682015,0.003213892983865133,0.006320461701241383,0.0020842316320919515,0.008438576735816099,-3.388340248276431e-05,0,0,0,0,0,0,1
2023-05-26 17:00:00,0.00656722,0.0042524600000000004,0.0014750511632983755,0.0010325358143088628,0.0022125767449475632,0.0044251534898951264,0.005284995814308863,0.0032199241856911377,0.006465036744947564,0.0020398832550524372,0.008677613489895127,-0.000172693489895126,0,0,0,0,0,0,1
2023-05-26 18:00:00,0.00701241,0.004320090833333333,0.001563970132117574,0.0010947790924823017,0.002345955198176361,0.004691910396352722,0.005414869925815635,0.0032253117408510314,0.006666046031509694,0.0019741356351569723,0.009012001229686055,-0.0003718195630193887,0,0,0,0,0,0,1
2023-05-26 19:00:00,0.00700866,0.0043883554166666665,0.0016454371930121519,0.0011518060351085062,0.002468155789518228,0.004936311579036456,0.005540161451775173,0.00323654938155816,0.006856511206184895,0.0019201996271484387,0.009324666995703123,-0.0005479561623697891,0,0,0,0,0,0,1
2023-05-26 20:00:00,0.00462206,0.004413856666666666,0.0016440610108843922,0.0011508427076190745,0.0024660915163265884,0.004932183032653177,0.005564699374285741,0.0032630139590475917,0.0068799481829932545,0.0019477651503400778,0.009346039699319842,-0.0005183263659865106,0,0,0,0,1,0,0
2023-05-26 21:00:00,0.00404773,0.0044154275,0.0016436763607132203,0.0011505734524992542,0.0024655145410698307,0.004931029082139661,0.005566000952499255,0.0032648540475007457,0.006880942041069831,0.0019499129589301695,0.009346456582139662,-0.0005156015821396612,0,0,1,0,0,0,0
2023-05-26 22:00:00,0.00375343,0.004404735833333334,0.0016472586659288218,0.0011530810661501752,0.0024708879988932326,0.004941775997786465,0.005557816899483509,0.0032516547671831587,0.006875623832226566,0.001933847834440101,0.0093465118311198,-0.0005370401644531316,0,0,1,0,0,0,0
2023-05-26 23:00:00,0.00363342,0.00438904375,0.0016529661246346638,0.0011570762872442646,0.0024794491869519954,0.004958898373903991,0.005546120037244265,0.0032319674627557353,0.0068684929369519955,0.0019095945630480046,0.009347942123903991,-0.0005698546239039908,0,0,1,0,0,0,0
2023-05-27 00:00:00,0.00049511,0.0043290725,0.0017680012822990075,0.0012376008976093052,0.0026520019234485114,0.005304003846897023,0.005566673397609306,0.003091471602390695,0.006981074423448512,0.001677070576551489,0.009633076346897022,-0.0009749313468970225,1,0,0,0,0,0,0
2023-05-27 01:00:00,0.00130515,0.00426114,0.0018531459395379932,0.0012972021576765952,0.00277971890930699,0.00555943781861398,0.005558342157676595,0.002963937842323405,0.00704085890930699,0.00148142109069301,0.00982057781861398,-0.00129829781861398,1,0,0,0,0,0,0
2023-05-27 02:00:00,0.00168788,0.0042309779166666665,0.0018900783361313167,0.0013230548352919215,0.002835117504196975,0.00567023500839395,0.005554032751958588,0.0029079230813747452,0.007066095420863641,0.0013958604124696917,0.009901212925060616,-0.001439257091727283,0,1,0,0,0,0,0
2023-05-27 03:00:00,0.00190276,0.004209490416666667,0.0019143554602676078,0.0013400488221873253,0.0028715331904014115,0.005743066380802823,0.005549539238853992,0.002869441594479342,0.007081023607068079,0.0013379572262652555,0.009952556797469491,-0.001533575964136156,0,1,0,0,0,0,0
2023-05-27 04:00:00,-0.00026529,0.0040612608333333335,0.0021156184580913284,0.0014809329206639298,0.0031734276871369926,0.006346855374273985,0.005542193753997263,0.002580327912669404,0.007234688520470326,0.0008878331461963408,0.010408116207607319,-0.002285594540940652,1,0,0,0,0,0,0
2023-05-27 05:00:00,-0.00026187,0.00390766875,0.0022904525180927815,0.0016033167626649469,0.003435678777139172,0.006871357554278344,0.0055109855126649464,0.002304351987335053,0.007343347527139173,0.00047198997286082784,0.010779026304278344,-0.0029636888042783444,1,0,0,0,0,0,0
2023-05-27 06:00:00,-0.00036059,0.003748976666666666,0.002450060624748904,0.0017150424373242328,0.003675090937123356,0.007350181874246712,0.005464019103990899,0.0020339342293424333,0.007424067603790023,7.388572954330997e-05,0.011099158540913378,-0.003601205207580046,1,0,0,0,0,0,0
2023-05-27 07:00:00,-0.00078303,0.003564729166666667,0.002619131708586087,0.0018333921960102609,0.0039286975628791306,0.007857395125758261,0.005398121362676928,0.0017313369706564061,0.007493426729545798,-0.00036396839621246355,0.011422124292424929,-0.004292665959091594,1,0,0,0,0,0,0
2023-05-27 08:00:00,-0.00661578,0.003150822083333333,0.0033443449983789784,0.002341041498865285,0.005016517497568467,0.010033034995136934,0.005491863582198618,0.0008097805844680481,0.0081673395809018,-0.0018656954142351342,0.013183857078470267,-0.006882212911803602,1,0,0,0,0,0,0
2023-05-27 09:00:00,-0.00375211,0.002852299166666667,0.0036277316233748764,0.002539412136362413,0.005441597435062315,0.01088319487012463,0.00539171130302908,0.00031288703030425387,0.008293896601728981,-0.0025892982683956476,0.013735494036791297,-0.008030895703457962,1,0,0,0,0,0,0
2023-05-27 10:00:00,-0.00229834,0.00261391125,0.00377364759692024,0.0026415533178441677,0.00566047139538036,0.01132094279076072,0.005255464567844167,-2.7642067844167815e-05,0.00827438264538036,-0.00304656014538036,0.01393485404076072,-0.00870703154076072,0,1,0,0,0,0,0
2023-05-27 11:00:00,-0.00211906,0.0023765729166666666,0.003887835130156947,0.0027214845911098626,0.00583175269523542,0.01166350539047084,0.005098057507776529,-0.000344911674443196,0.008208325611902087,-0.003455179778568754,0.014040078307137507,-0.009286932473804174,0,1,0,0,0,0,0
2023-05-27 12:00:00,0.00013351,0.0021284554166666665,0.0038302441830129082,0.0026811709281090355,0.005745366274519362,0.011490732549038724,0.004809626344775702,-0.000552715511442369,0.007873821691186028,-0.0036169108578526957,0.01361918796570539,-0.009362277132372058,0,0,1,0,0,0,0
2023-05-27 13:00:00,-2.07e-05,0.00187329,0.0037572238491540835,0.0026300566944078584,0.005635835773731125,0.01127167154746225,0.0045033466944078586,-0.0007567666944078586,0.0075091257737311245,-0.003762545773731125,0.01314496154746225,-0.00939838154746225,0,0,1,0,0,0,0
2023-05-27 14:00:00,-0.0003579,0.00160376875,0.003671066314371863,0.0025697464200603037,0.005506599471557795,0.01101319894311559,0.0041735151700603036,-0.0009659776700603037,0.007110368221557794,-0.0039028307215577948,0.012616967693115589,-0.00940943019311559,0,0,1,0,0,0,0
2023-05-27 15:00:00,-0.00065178,0.0013401483333333334,0.003592313802959909,0.002514619662071936,0.0053884707044398635,0.010776941408879727,0.0038547679954052693,-0.0011744713287386026,0.006728619037773197,-0.00404832237110653,0.01211708974221306,-0.009436793075546394,0,0,1,0,0,0,0
2023-05-27 16:00:00,0.00669181,0.0013072791666666665,0.003536867145053069,0.002475807001537148,0.005305300717579603,0.010610601435159206,0.0037830861682038143,-0.0011685278348704815,0.0066125798842462695,-0.003998021550912937,0.011917880601825873,-0.00930332226849254,0,0,0,0,0,0,1
2023-05-27 17:00:00,0.00738568,0.0013413816666666665,0.003593284432096209,0.002515299102467346,0.005389926648144314,0.010779853296288628,0.003856680769134013,-0.0011739174358006796,0.00673130831481098,-0.004048544981477648,0.012121234962955295,-0.00943847162962196,0,0,0,0,0,0,1
2023-05-27 18:00:00,0.00761714,0.00136657875,0.0036366389289960756,0.002545647250297253,0.005454958393494113,0.010909916786988227,0.003912226000297253,-0.0011790685002972528,0.006821537143494113,-0.0040883796434941135,0.012276495536988227,-0.009543338036988227,0,0,0,0,0,0,1
2023-05-27 19:00:00,0.00780976,0.0013999579166666667,0.0036939024129420362,0.0025857316890594254,0.005540853619413054,0.011081707238826108,0.003985689605726092,-0.0011857737723927587,0.00694081153607972,-0.0041408957027463875,0.012481665155492774,-0.009681749322159441,0,0,0,0,0,0,1
2023-05-27 20:00:00,0.009368,0.0015977054166666667,0.003989128164921978,0.002792389715445384,0.005983692247382967,0.011967384494765934,0.004390095132112051,-0.0011946842987787174,0.007581397664049634,-0.0043859868307163,0.0135650899114326,-0.010369679078099268,0,0,0,0,0,0,1
2023-05-27 21:00:00,0.00914825,0.0018102270833333333,0.0042525002001722574,0.00297675014012058,0.006378750300258387,0.012757500600516773,0.004786977223453913,-0.0011665230567872466,0.00818897738359172,-0.004568523216925053,0.014567727683850106,-0.01094727351718344,0,0,0,0,0,0,1
2023-05-27 22:00:00,0.00884492,0.0020223725,0.00447484351679597,0.0031323904617571786,0.006712265275193955,0.01342453055038791,0.0051547629617571785,-0.0011100179617571787,0.008734637775193954,-0.004689892775193955,0.015446903050387909,-0.01140215805038791,0,0,0,0,0,0,1
2023-05-27 23:00:00,0.00857945,0.0022284570833333334,0.004662233343617054,0.003263563340531938,0.0069933500154255816,0.013986700030851163,0.005492020423865271,-0.0010351062571986045,0.009221807098758915,-0.004764892932092249,0.016215157114184496,-0.01175824294751783,0,0,0,0,0,1,0
2023-05-28 00:00:00,0.00200871,0.00229152375,0.004647982232718622,0.0032535875629030354,0.0069719733490779335,0.013943946698155867,0.005545111312903035,-0.0009620638129030352,0.009263497099077934,-0.004680449599077933,0.01623547044815587,-0.011652422948155867,0,0,1,0,0,0,0
2023-05-28 01:00:00,0.00286954,0.002356706666666667,0.0046445161274062,0.0032511612891843395,0.0069667741911093,0.0139335483822186,0.005607867955851007,-0.0008944546225176726,0.009323480857775967,-0.004610067524442632,0.016290255048885267,-0.011576841715551933,0,0,0,0,1,0,0
2023-05-28 02:00:00,0.00385447,0.00244698125,0.004652000828119967,0.0032564005796839766,0.00697800124217995,0.0139560024843599,0.0057033818296839765,-0.0008094193296839768,0.00942498249217995,-0.00453101999217995,0.0164029837343599,-0.0115090212343599,0,0,0,0,1,0,0
2023-05-28 03:00:00,0.00444791,0.0025530291666666666,0.004668037481917924,0.0032676262373425467,0.007002056222876886,0.014004112445753772,0.005820655404009213,-0.00071459707067588,0.009555085389543552,-0.004449027056210219,0.016557141612420438,-0.011451083279087105,0,0,0,0,1,0,0
2023-05-28 04:00:00,0.0043492,0.002745299583333333,0.004641866553314317,0.0032493065873200216,0.006962799829971476,0.013925599659942951,0.005994606170653355,-0.0005040070039866885,0.009708099413304808,-0.004217500246638143,0.016670899243276284,-0.011180300076609619,0,0,0,0,1,0,0
2023-05-28 05:00:00,0.00433685,0.0029369129166666665,0.00460712144888332,0.0032249850142183237,0.00691068217332498,0.01382136434664996,0.00616189793088499,-0.0002880720975516572,0.009847595089991647,-0.003973769256658313,0.016758277263316627,-0.010884451429983294,0,0,0,0,1,0,0
2023-05-28 06:00:00,0.00431272,0.0031316341666666665,0.004560212580427176,0.003192148806299023,0.006840318870640764,0.013680637741281528,0.006323782972965689,-6.051463963235642e-05,0.00997195303730743,-0.0037086847039740976,0.016812271907948196,-0.010549003574614862,0,0,0,0,1,0,0
2023-05-28 07:00:00,0.00434984,0.0033455037499999997,0.004488434689172122,0.003141904282420485,0.0067326520337581824,0.013465304067516365,0.006487408032420485,0.00020359946757951466,0.010078155783758182,-0.0033871482837581827,0.016810807817516364,-0.010119800317516366,0,0,0,0,1,0,0
2023-05-28 08:00:00,0.00603583,0.0038726541666666663,0.0039820272145281495,0.0027874190501697045,0.005973040821792224,0.011946081643584449,0.006660073216836371,0.0010852351164969617,0.00984569498845889,-0.002100386655125558,0.015818735810251117,-0.008073427476917782,0,0,0,0,1,0,0
2023-05-28 09:00:00,0.00550474,0.00425835625,0.00364546607145252,0.002551826250016764,0.00546819910717878,0.01093639821435756,0.006810182500016764,0.0017065299999832364,0.009726555357178781,-0.0012098428571787794,0.01519475446435756,-0.006678041964357559,0,0,0,0,1,0,0
2023-05-28 10:00:00,0.00709441,0.004649720833333333,0.003407368432909867,0.0023851579030369067,0.0051110526493648,0.0102221052987296,0.0070348787363702404,0.0022645629302964266,0.009760773482698134,-0.00046133181603146695,0.014871826132062935,-0.005572384465396267,0,0,0,0,0,1,0
2023-05-28 11:00:00,0.00797235,0.00507019625,0.0031485949416371075,0.002204016459145975,0.004722892412455661,0.009445784824911322,0.007274212709145975,0.0028661797908540246,0.009793088662455662,0.00034730383754433877,0.014515981074911321,-0.004375588574911322,0,0,0,0,0,1,0
2023-05-28 12:00:00,0.00857187,0.005421794583333334,0.003042723944514458,0.0021299067611601206,0.004564085916771687,0.009128171833543374,0.007551701344493454,0.003291887822173213,0.00998588050010502,0.0008577086665616466,0.014549966416876708,-0.0037063772502100405,0,0,0,0,0,1,0
2023-05-28 13:00:00,0.00878905,0.0057888675,0.002884906208872924,0.002019434346211047,0.0043273593133093865,0.008654718626618773,0.0078083018462110475,0.0037694331537889533,0.010116226813309388,0.0014615081866906137,0.014443586126618772,-0.0028658511266187727,0,0,0,0,0,1,0
2023-05-28 14:00:00,0.0089399,0.006176275833333334,0.0026372411317196857,0.00184606879220378,0.003955861697579529,0.007911723395159057,0.008022344625537114,0.004330207041129554,0.010132137530912862,0.0022204141357538053,0.014087999228492392,-0.0017354475618257233,0,0,0,0,0,1,0
2023-05-28 15:00:00,0.00906003,0.006580934583333333,0.002262450199624845,0.0015837151397373914,0.003393675299437267,0.006787350598874534,0.008164649723070724,0.004997219443595942,0.0099746098827706,0.003187259283896066,0.013368285182207867,-0.0002064160155412012,0,0,0,0,0,1,0
2023-05-28 16:00:00,0.00718392,0.006601439166666667,0.002265726377213133,0.001586008464049193,0.0033985895658196997,0.0067971791316393994,0.00818744763071586,0.005015430702617474,0.010000028732486368,0.0032028496008469675,0.013398618298306067,-0.00019573996497273226,0,0,0,0,1,0,0
2023-05-28 17:00:00,0.00795398,0.006625118333333333,0.002277219362062798,0.0015940535534439586,0.003415829043094197,0.006831658086188394,0.008219171886777291,0.0050310647798893745,0.01004094737642753,0.0032092892902391363,0.013456776419521727,-0.00020653975285506079,0,0,0,0,1,0,0
2023-05-28 18:00:00,0.00835679,0.006655937083333333,0.0022961549070366722,0.0016073084349256706,0.0034442323605550084,0.006888464721110017,0.008263245518259004,0.005048628648407662,0.010100169443888342,0.0032117047227783247,0.01354440180444335,-0.00023252763777668363,0,0,0,0,0,1,0
2023-05-28 19:00:00,0.00854297,0.0066864875,0.0023169574806859525,0.0016218702364801667,0.003475436221028929,0.006950872442057858,0.008308357736480167,0.005064617263519833,0.010161923721028929,0.0032110512789710714,0.013637359942057857,-0.0002643849420578574,0,0,0,0,0,1,0
2023-05-28 20:00:00,0.00861987,0.0066553154166666675,0.002284111977390943,0.00159887838417366,0.003426167966086415,0.00685233593217283,0.008254193800840328,0.005056437032493007,0.010081483382753081,0.0032291474505802527,0.013507651348839498,-0.00019702051550616207,0,0,0,0,0,1,0
2023-05-28 21:00:00,0.00905933,0.006651610416666666,0.002279960782581268,0.0015959725478068877,0.0034199411738719022,0.0068398823477438045,0.008247582964473553,0.005055637868859778,0.010071551590538567,0.003231669242794764,0.01349149276441047,-0.0001882719310771384,0,0,0,0,0,1,0
2023-05-28 22:00:00,0.00982341,0.006692380833333334,0.0023291059969530858,0.00163037419786716,0.0034936589954296287,0.006987317990859257,0.008322755031200495,0.0050620066354661744,0.010186039828762962,0.0031987218379037055,0.013679698824192591,-0.0002949371575259232,0,0,0,0,0,1,0
2023-05-28 23:00:00,0.01048274,0.006771684583333333,0.0024265179352690766,0.0016985625546883534,0.0036397769029036147,0.007279553805807229,0.008470247138021686,0.00507312202864498,0.010411461486236947,0.0031319076804297184,0.014051238389140562,-0.0005078692224738963,0,0,0,0,0,0,1
2023-05-29 00:00:00,0.01596643,0.00735325625,0.0028678408450379554,0.0020074885915265686,0.004301761267556933,0.008603522535113865,0.009360744841526568,0.0053457676584734316,0.011655017517556931,0.003051494982443067,0.015956778785113864,-0.0012502662851138656,0,0,0,0,0,0,1
2023-05-29 01:00:00,0.01609288,0.00790422875,0.003217853529577053,0.0022524974707039368,0.00482678029436558,0.00965356058873116,0.010156726220703937,0.005651731279296064,0.01273100904436558,0.003077448455634421,0.01755778933873116,-0.001749331838731159,0,0,0,0,0,0,1
2023-05-29 02:00:00,0.01612001,0.008415292916666666,0.0035076649510656925,0.0024553654657459845,0.005261497426598539,0.010522994853197078,0.01087065838241265,0.005959927450920681,0.013676790343265206,0.0031537954900681267,0.018938287769863744,-0.0021077019365304123,0,0,0,0,0,0,1
2023-05-29 03:00:00,0.01603386,0.008898040833333334,0.003728239778024322,0.0026097678446170254,0.005592359667036483,0.011184719334072966,0.01150780867795036,0.006288272988716309,0.014490400500369817,0.003305681166296851,0.020082760167406302,-0.0022866785007396324,0,0,0,0,0,0,1
2023-05-29 04:00:00,0.01604437,0.009385339583333334,0.003869466755114288,0.0027086267285800015,0.005804200132671432,0.011608400265342864,0.012093966311913337,0.006676712854753333,0.015189539716004766,0.0035811394506619024,0.020993739848676196,-0.0022230606820095294,0,0,0,0,0,0,1
2023-05-29 05:00:00,0.01574037,0.00986048625,0.003922369505092136,0.002745658653564495,0.005883554257638203,0.011767108515276407,0.012606144903564494,0.007114827596435505,0.015744040507638203,0.003976931992361796,0.021627594765276405,-0.001906622265276407,0,0,0,0,0,1,0
2023-05-29 06:00:00,0.01506646,0.01030855875,0.0038750068468262925,0.0027125047927784047,0.005812510270239438,0.011625020540478877,0.013021063542778405,0.007596053957221596,0.016121069020239437,0.004496048479760562,0.02193357929047888,-0.0013164617904788765,0,0,0,0,0,1,0
2023-05-29 07:00:00,0.01442002,0.010728149583333334,0.0037447529941093886,0.002621327095876572,0.005617129491164083,0.011234258982328165,0.013349476679209906,0.008106822487456762,0.016345279074497416,0.005111020092169251,0.0219624085656615,-0.0005061093989948313,0,0,0,0,0,1,0
2023-05-29 08:00:00,0.00998947,0.010892884583333333,0.0036140396900433487,0.002529827783030344,0.005421059535065023,0.010842119070130047,0.013422712366363677,0.00836305680030299,0.016313944118398357,0.00547182504826831,0.02173500365346338,5.076551320328665e-05,0,0,1,0,0,0,0
2023-05-29 09:00:00,0.00968685,0.011067139166666665,0.003439559955408767,0.002407691968786137,0.00515933993311315,0.0103186798662263,0.013474831135452801,0.008659447197880529,0.016226479099779815,0.005907799233553515,0.021385819032892966,0.0007484593004403652,0,0,1,0,0,0,0
2023-05-29 10:00:00,0.00944694,0.01116516125,0.0033538753717600304,0.002347712760232021,0.005030813057640046,0.010061626115280092,0.013512874010232021,0.008817448489767978,0.016195974307640047,0.006134348192359954,0.02122678736528009,0.001103535134719908,0,0,1,0,0,0,0
2023-05-29 11:00:00,0.00906865,0.011210840416666668,0.003315748180286592,0.002321023726200614,0.004973622270429888,0.009947244540859776,0.013531864142867282,0.008889816690466054,0.016184462687096557,0.00623721814623678,0.021158084957526444,0.0012635958758068916,0,0,1,0,0,0,0
2023-05-29 12:00:00,0.00879242,0.011220029999999999,0.0033084138034109507,0.0023158896623876653,0.004962620705116426,0.009925241410232852,0.013535919662387664,0.008904140337612334,0.016182650705116423,0.006257409294883573,0.02114527141023285,0.0012947885897671464,0,1,0,0,0,0,0
2023-05-29 13:00:00,0.00859125,0.011211788333333333,0.0033149728433679183,0.0023204809903575427,0.004972459265051877,0.009944918530103755,0.013532269323690876,0.008891307342975791,0.016184247598385212,0.006239329068281456,0.02115670686343709,0.0012668698032295787,0,1,0,0,0,0,0
2023-05-29 14:00:00,0.00846032,0.011191805833333334,0.003330671378233223,0.002331469964763256,0.004996007067349834,0.009992014134699669,0.01352327579809659,0.008860335868570077,0.01618781290068317,0.0061957987659834995,0.021183819968033,0.0011997916986336652,0,1,0,0,0,0,0
2023-05-29 15:00:00,0.00853896,0.011170094583333333,0.00334683082940965,0.002342781580586755,0.005020246244114475,0.01004049248822895,0.013512876163920088,0.008827313002746579,0.01619034082744781,0.006149848339218858,0.021210587071562283,0.001129602095104383,0,1,0,0,0,0,0
2023-05-29 16:00:00,0.00803644,0.011205616250000001,0.003306970780713693,0.002314879546499585,0.00496045617107054,0.00992091234214108,0.013520495796499585,0.008890736703500417,0.016166072421070543,0.0062451600789294615,0.02112652859214108,0.0012847039078589216,0,1,0,0,0,0,0
2023-05-29 17:00:00,0.00806202,0.011210117916666667,0.003302422397100271,0.0023116956779701894,0.004953633595650406,0.009907267191300813,0.013521813594636856,0.008898422238696477,0.016163751512317075,0.00625648432101626,0.021117385107967478,0.0013028507253658537,0,1,0,0,0,0,0
2023-05-29 18:00:00,0.00824018,0.011205259166666667,0.003306885696963534,0.0023148199878744737,0.004960328545445301,0.009920657090890602,0.013520079154541141,0.008890439178792193,0.01616558771211197,0.006244930621221366,0.02112591625755727,0.0012846020757760652,0,1,0,0,0,0,0
2023-05-29 19:00:00,0.00861867,0.011208413333333334,0.00330427102026753,0.0023129897141872706,0.004956406530401295,0.00991281306080259,0.013521403047520603,0.008895423619146064,0.01616481986373463,0.006252006802932039,0.021121226394135925,0.0012956002725307437,0,1,0,0,0,0,0
2023-05-29 20:00:00,0.00892159,0.011220985000000001,0.0032945539493547237,0.0023061877645483065,0.004941830924032086,0.009883661848064171,0.013527172764548307,0.008914797235451695,0.016162815924032087,0.0062791540759679155,0.021104646848064172,0.0013373231519358299,0,0,1,0,0,0,0
2023-05-29 21:00:00,0.009165,0.011225387916666668,0.0032916087543195314,0.002304126128023672,0.004937413131479297,0.009874826262958594,0.01352951404469034,0.008921261788642996,0.016162801048145964,0.006287974785187371,0.02110021417962526,0.001350561653708074,0,0,1,0,0,0,0
2023-05-29 22:00:00,0.00903093,0.011192367916666668,0.003310206641286511,0.0023171446489005576,0.004965309961929766,0.009930619923859532,0.013509512565567226,0.00887522326776611,0.016157677878596434,0.006227057954736902,0.0211229878405262,0.0012617479928071357,0,0,1,0,0,0,0
2023-05-29 23:00:00,0.00896384,0.011129080416666666,0.0033387605204424514,0.0023371323643097157,0.005008140780663677,0.010016281561327355,0.013466212780976382,0.00879194805235695,0.016137221197330343,0.006120939636002989,0.02114536197799402,0.0011127988553393114,0,0,1,0,0,0,0
2023-05-30 00:00:00,0.00982662,0.010873255,0.003183613850232376,0.002228529695162663,0.004775420775348564,0.009550841550697128,0.013101784695162664,0.008644725304837337,0.015648675775348564,0.006097834224651436,0.02042409655069713,0.0013224134493028724,0,0,1,0,0,0,0
2023-05-30 01:00:00,0.00984242,0.010612819166666667,0.0029876879696207853,0.0020913815787345497,0.004481531954431178,0.008963063908862355,0.012704200745401217,0.008521437587932118,0.015094351121097846,0.00613128721223549,0.019575883075529023,0.001649755257804312,0,0,1,0,0,0,0
2023-05-30 02:00:00,0.00974252,0.010347090416666668,0.0027507944592086416,0.0019255561214460489,0.004126191688812963,0.008252383377625926,0.012272646538112717,0.008421534295220618,0.01447328210547963,0.006220898727853705,0.018599473794292595,0.0020947070390407423,0,0,1,0,0,0,0
2023-05-30 03:00:00,0.00979222,0.010087022083333333,0.002470550841411671,0.0017293855889881696,0.0037058262621175063,0.0074116525242350125,0.011816407672321502,0.008357636494345164,0.013792848345450838,0.006381195821215826,0.017498674607568345,0.00267536955909832,0,0,1,0,0,0,0
2023-05-30 04:00:00,0.00990509,0.00983121875,0.002119843619893414,0.0014838905339253899,0.003179765429840121,0.006359530859680242,0.01131510928392539,0.00834732821607461,0.013010984179840122,0.006651453320159879,0.01619074960968024,0.0034716878903197582,0,0,0,0,1,0,0
2023-05-30 05:00:00,0.01016578,0.009598944166666666,0.0017100086134996069,0.0011970060294497248,0.0025650129202494103,0.005130025840498821,0.01079595019611639,0.008401938137216942,0.012163957086916076,0.007033931246417257,0.014728970007165488,0.004468918326167846,0,0,0,0,1,0,0
2023-05-30 06:00:00,0.01039016,0.009404098333333335,0.0012696475559628394,0.0008887532891739875,0.001904471333944259,0.003808942667888518,0.010292851622507322,0.008515345044159347,0.011308569667277594,0.0074996269993890755,0.013213041001221853,0.0055951556654448165,0,0,0,0,0,1,0
2023-05-30 07:00:00,0.01075658,0.009251455,0.00075718729736819,0.0005300311081577329,0.001135780946052285,0.00227156189210457,0.009781486108157733,0.008721423891842267,0.010387235946052285,0.008115674053947716,0.011523016892104571,0.0069798931078954305,0,0,0,0,0,0,1
2023-05-30 08:00:00,0.00952662,0.009232169583333333,0.000743340674946787,0.0005203384724627509,0.0011150110124201805,0.002230022024840361,0.009752508055796085,0.008711831110870582,0.010347180595753513,0.008117158570913153,0.011462191608173694,0.007002147558492973,0,0,0,0,1,0,0
2023-05-30 09:00:00,0.00939503,0.009220010416666667,0.0007379470407443804,0.0005165629285210663,0.0011069205611165707,0.0022138411222331414,0.009736573345187733,0.008703447488145602,0.010326930977783238,0.008113089855550096,0.011433851538899809,0.007006169294433526,0,0,0,0,1,0,0
2023-05-30 10:00:00,0.0092744,0.00921282125,0.0007364791379867899,0.0005155353965907529,0.0011047187069801849,0.0022094374139603697,0.009728356646590752,0.008697285853409247,0.010317539956980185,0.008108102543019814,0.011422258663960369,0.00700338383603963,0,0,0,0,1,0,0
2023-05-30 11:00:00,0.00877428,0.009200555833333334,0.0007414192466445814,0.000518993472651207,0.001112128869966872,0.002224257739933744,0.00971954930598454,0.008681562360682127,0.010312684703300205,0.008088426963366462,0.011424813573267079,0.00697629809339959,0,0,1,0,0,0,0
2023-05-30 12:00:00,0.00773035,0.009156302916666666,0.0007964892565256476,0.0005575424795679532,0.0011947338847884713,0.0023894677695769427,0.009713845396234618,0.008598760437098714,0.010351036801455138,0.007961569031878194,0.01154577068624361,0.006766835147089723,1,0,0,0,0,0,0
2023-05-30 13:00:00,0.00705077,0.009092116249999999,0.0008994247898751387,0.0006295973529125971,0.0013491371848127081,0.0026982743696254163,0.009721713602912596,0.008462518897087401,0.010441253434812708,0.007742979065187291,0.011790390619625415,0.006393841880374583,1,0,0,0,0,0,0
2023-05-30 14:00:00,0.00672879,0.009019969166666668,0.0010144052344790491,0.0007100836641353343,0.0015216078517185736,0.0030432157034371472,0.009730052830802001,0.008309885502531334,0.010541577018385241,0.007498361314948094,0.012063184870103815,0.00597675346322952,1,0,0,0,0,0,0
2023-05-30 15:00:00,0.00646389,0.008933507916666666,0.0011380794515666152,0.0007966556160966306,0.001707119177349923,0.003414238354699846,0.009730163532763297,0.008136852300570036,0.01064062709401659,0.0072263887393167435,0.012347746271366512,0.0055192695619668206,1,0,0,0,0,0,0
2023-05-30 16:00:00,0.00693405,0.008887575,0.0011966009178393606,0.0008376206424875524,0.0017949013767590409,0.0035898027535180817,0.009725195642487552,0.008049954357512448,0.01068247637675904,0.00709267362324096,0.012477377753518083,0.005297772246481918,1,0,0,0,0,0,0
2023-05-30 17:00:00,0.00695136,0.0088412975,0.0012501934685280062,0.0008751354279696043,0.0018752902027920093,0.0037505804055840185,0.009716432927969604,0.007966162072030394,0.010716587702792008,0.006966007297207991,0.012591877905584019,0.005090717094415981,1,0,0,0,0,0,0
2023-05-30 18:00:00,0.00691741,0.008786182083333333,0.001305768491788545,0.0009140379442519813,0.0019586527376828176,0.003917305475365635,0.009700220027585315,0.007872144139081352,0.010744834821016151,0.006827529345650516,0.012703487558698968,0.004868876607967698,0,1,0,0,0,0,0
2023-05-30 19:00:00,0.00715763,0.008725305416666667,0.00134731455109136,0.0009431201857639518,0.00202097182663704,0.00404194365327408,0.009668425602430619,0.007782185230902716,0.010746277243303707,0.006704333590029627,0.012767249069940747,0.0046833617633925875,0,1,0,0,0,0,0
2023-05-30 20:00:00,0.0075112,0.008666539166666666,0.0013689656597494595,0.0009582759618246215,0.002053448489624189,0.004106896979248378,0.009624815128491287,0.007708263204842044,0.010719987656290855,0.006613090677042476,0.012773436145915043,0.0045596421874182875,0,1,0,0,0,0,0
2023-05-30 21:00:00,0.00763425,0.008602757916666667,0.0013803443971169209,0.0009662410779818446,0.002070516595675381,0.004141033191350762,0.009568998994648512,0.007636516838684822,0.010673274512342047,0.006532241320991286,0.01274379110801743,0.004461724725315905,0,1,0,0,0,0,0
2023-05-30 22:00:00,0.00774579,0.008549210416666666,0.0013879185494848926,0.0009715429846394247,0.002081877824227339,0.004163755648454678,0.00952075340130609,0.007577667432027242,0.010631088240894005,0.006467332592439328,0.012712966065121345,0.004385454768211988,0,0,1,0,0,0,0
2023-05-30 23:00:00,0.00793838,0.008506482916666667,0.0013903814375683683,0.0009732670062978577,0.0020855721563525524,0.004171144312705105,0.009479749922964525,0.007533215910368809,0.010592055073019219,0.006420910760314115,0.012677627229371772,0.004335338603961562,0,0,1,0,0,0,0
2023-05-31 00:00:00,0.00938385,0.008488034166666667,0.0013749550979480273,0.000962468568563619,0.002062432646922041,0.004124865293844082,0.009450502735230286,0.007525565598103048,0.010550466813588708,0.006425601519744625,0.012612899460510748,0.004363168872822585,0,0,0,0,1,0,0
2023-05-31 01:00:00,0.00970851,0.008482454583333333,0.0013694808299656398,0.0009586365809759478,0.0020542212449484597,0.004108442489896919,0.009441091164309282,0.007523818002357386,0.010536675828281793,0.006428233338384874,0.012590897073230252,0.004374012093436414,0,0,0,0,0,1,0
2023-05-31 02:00:00,0.00971154,0.00848116375,0.0013682555415559076,0.0009577788790891353,0.0020523833123338615,0.004104766624667723,0.009438942629089135,0.007523384870910864,0.010533547062333861,0.006428780437666138,0.012585930374667723,0.004376397125332276,0,0,0,0,0,1,0
2023-05-31 03:00:00,0.00948246,0.008468257083333333,0.001356763443248189,0.0009497344102737322,0.0020351451648722837,0.0040702903297445674,0.009417991493607066,0.007518522673059601,0.010503402248205618,0.0064331119184610494,0.0125385474130779,0.004397966753588766,0,0,0,0,0,1,0
2023-05-31 04:00:00,0.01116544,0.008520771666666666,0.0014368244278985093,0.0010057770995289565,0.002155236641847764,0.004310473283695528,0.009526548766195624,0.00751499456713771,0.01067600830851443,0.006365535024818902,0.012831244950362194,0.004210298382971139,0,0,0,0,0,0,1
2023-05-31 05:00:00,0.01079836,0.008547129166666667,0.0014736432966717028,0.0010315503076701918,0.002210464945007554,0.004420929890015108,0.00957867947433686,0.007515578858996475,0.01075759411167422,0.0063366642216591135,0.012968059056681774,0.004126199276651559,0,0,0,0,0,0,1
2023-05-31 06:00:00,0.01067573,0.008559027916666666,0.001490231174698536,0.001043161822288975,0.0022353467620478042,0.0044706935240956085,0.009602189738955642,0.007515866094377691,0.01079437467871447,0.006323681154618862,0.013029721440762275,0.004088334392571058,0,0,0,0,0,1,0
2023-05-31 07:00:00,0.01042815,0.008545343333333334,0.0014705520069560275,0.0010293864048692193,0.002205828010434041,0.004411656020868082,0.009574729738202553,0.0075159569284641145,0.010751171343767374,0.006339515322899293,0.012956999354201415,0.004133687312465251,0,0,0,0,0,1,0
2023-05-31 08:00:00,0.00212337,0.008236874583333333,0.0019530711606038592,0.0013671498124227014,0.002929606740905789,0.005859213481811578,0.009604024395756035,0.006869724770910631,0.011166481324239122,0.005307267842427544,0.01409608806514491,0.002377661101521755,1,0,0,0,0,0,0
2023-05-31 09:00:00,0.00212578,0.007933989166666667,0.0022987293585141778,0.0016091105509599244,0.0034480940377712667,0.006896188075542533,0.009543099717626591,0.006324878615706743,0.011382083204437933,0.004485895128895401,0.0148301772422092,0.001037801091124134,1,0,0,0,0,0,0
2023-05-31 10:00:00,0.00212584,0.0076361325,0.0025651871069314732,0.0017956309748520312,0.00384778066039721,0.00769556132079442,0.009431763474852032,0.005840501525147969,0.01148391316039721,0.00378835183960279,0.015331693820794419,-5.942882079441967e-05,1,0,0,0,0,0,0
2023-05-31 11:00:00,0.00241523,0.007371172083333333,0.002763282540725459,0.0019342977785078211,0.004144923811088188,0.008289847622176376,0.009305469861841154,0.005436874304825512,0.01151609589442152,0.003226248272245145,0.015661019705509708,-0.000918675538843043,1,0,0,0,0,0,0
2023-05-31 12:00:00,0.00265748,0.0071598025,0.002923959741140588,0.0020467718187984116,0.004385939611710882,0.008771879223421764,0.009206574318798412,0.0051130306812015875,0.011545742111710881,0.002773862888289118,0.015931681723421763,-0.001612076723421764,1,0,0,0,0,0,0
2023-05-31 13:00:00,0.0030628,0.006993637083333334,0.0030413834935543883,0.0021289684454880715,0.004562075240331582,0.009124150480663165,0.009122605528821406,0.004864668637845262,0.011555712323664917,0.0024315618430017514,0.016117787563996497,-0.002130513397329831,0,1,0,0,0,0,0
2023-05-31 14:00:00,0.00302855,0.006839460416666666,0.003147335606741851,0.0022031349247192957,0.004721003410112777,0.009442006820225553,0.009042595341385962,0.00463632549194737,0.011560463826779444,0.002118457006553889,0.01628146723689222,-0.0026025464035588875,0,1,0,0,0,0,0
2023-05-31 15:00:00,0.00320905,0.006703842083333332,0.003233177218970442,0.0022632240532793092,0.004849765828455662,0.009699531656911325,0.00896706613661264,0.004440618030054023,0.011553607911788995,0.0018540762548776698,0.016403373740244656,-0.0029956895735779926,0,1,0,0,0,0,0
2023-05-31 16:00:00,0.009405,0.006806798333333333,0.003279832061137693,0.002295882442796385,0.00491974809170654,0.00983949618341308,0.009102680776129718,0.004510915890536949,0.011726546425039872,0.0018870502416267936,0.016646294516746412,-0.003032697850079746,0,0,0,0,0,1,0
2023-05-31 17:00:00,0.00935596,0.006906990000000001,0.00332091048462683,0.002324637339238781,0.004981365726940245,0.00996273145388049,0.009231627339238782,0.00458235266076122,0.011888355726940246,0.0019256242730597561,0.01686972145388049,-0.0030557414538804886,0,0,0,0,0,1,0
2023-05-31 18:00:00,0.00919626,0.007001942083333333,0.003353638745939915,0.00234754712215794,0.005030458118909872,0.010060916237819744,0.009349489205491272,0.004654394961175393,0.012032400202243205,0.001971483964423461,0.017062858321153077,-0.0030589741544864114,0,0,0,0,1,0,0
2023-05-31 19:00:00,0.0090212,0.007079590833333333,0.0033788793820603274,0.002365215567442229,0.005068319073090491,0.010136638146180982,0.009444806400775562,0.004714375265891104,0.012147909906423823,0.002011271760242842,0.017216228979514317,-0.003057047312847649,0,0,0,0,1,0,0
2023-05-31 20:00:00,0.00860094,0.007124996666666667,0.0033922272500471395,0.0023745590750329977,0.005088340875070709,0.010176681750141418,0.009499555741699665,0.004750437591633669,0.012213337541737375,0.002036655791595958,0.017301678416808085,-0.0030516850834747507,0,0,0,0,1,0,0
2023-05-31 21:00:00,0.00817834,0.007147667083333333,0.003397592433656369,0.0023783147035594584,0.005096388650484554,0.010192777300969107,0.009525981786892792,0.004769352379773875,0.012244055733817887,0.0020512784328487795,0.01734044438430244,-0.003045110217635774,0,0,0,0,1,0,0
2023-05-31 22:00:00,0.00788098,0.007153299999999999,0.0033987390579755835,0.0023791173405829083,0.005098108586963375,0.01019621717392675,0.009532417340582907,0.0047741826594170905,0.012251408586963374,0.0020551914130366236,0.01734951717392675,-0.0030429171739267515,0,0,0,0,1,0,0
2023-05-31 23:00:00,0.00742889,0.00713207125,0.0033952115170241184,0.0023766480619168825,0.0050928172755361776,0.010185634551072355,0.009508719311916883,0.004755423188083118,0.012224888525536177,0.0020392539744638226,0.017317705801072357,-0.003053563301072355,0,0,0,0,1,0,0
