datetime,sigai_output,rolling_mean,std,0.7std,1.5std,3std,upper_0.7std,lower_0.7std,upper_1.5std,lower_1.5std,upper_3std,lower_3std,SB,MB,WB,A,WS,MS,SS
2023-06-01 00:00:00,0.00382013,0.006900249583333333,0.0034245930580454258,0.0023972151406317977,0.005136889587068138,0.010273779174136277,0.009297464723965131,0.004503034442701535,0.012037139170401471,0.0017633599962651944,0.01717402875746961,-0.003373529590802944,0,1,0,0,0,0,0
2023-06-01 01:00:00,0.00387291,0.006657099583333333,0.003423701260261658,0.0023965908821831604,0.0051355518903924875,0.010271103780784975,0.009053690465516493,0.004260508701150172,0.01179265147372582,0.0015215476929408452,0.016928203364118308,-0.0036140041974516424,0,1,0,0,0,0,0
2023-06-01 02:00:00,0.00379525,0.0064105874999999994,0.0034071659596008963,0.002385016171720627,0.005110748939401345,0.01022149787880269,0.008795603671720626,0.004025571328279373,0.011521336439401345,0.0012998385605986545,0.01663208537880269,-0.0038109103788026904,0,1,0,0,0,0,0
2023-06-01 03:00:00,0.00305195,0.006142649583333333,0.0034079383344447606,0.002385556834111332,0.005111907501667141,0.010223815003334281,0.008528206417444666,0.003757092749222001,0.011254557085000474,0.0010307420816661923,0.016366464586667615,-0.004081165420000948,0,1,0,0,0,0,0
2023-06-01 04:00:00,0.00085612,0.005713094583333334,0.0033970163149625292,0.0023779114204737703,0.005095524472443794,0.010191048944887588,0.008091006003807105,0.0033351831628595638,0.010808619055777128,0.0006175701108895402,0.01590414352822092,-0.004477954361554254,0,1,0,0,0,0,0
2023-06-01 05:00:00,0.00105914,0.00530729375,0.003344435623595156,0.002341104936516609,0.005016653435392734,0.010033306870785469,0.007648398686516609,0.0029661888134833907,0.010323947185392734,0.0002906403146072656,0.015340600620785468,-0.004726013120785469,0,1,0,0,0,0,0
2023-06-01 06:00:00,0.00179841,0.004937405416666666,0.0032132151176988677,0.002249250582389207,0.004819822676548301,0.009639645353096603,0.007186655999055873,0.002688154834277459,0.009757228093214967,0.00011758274011836479,0.014577050769763268,-0.004702239936429937,0,1,0,0,0,0,0
2023-06-01 07:00:00,0.00224489,0.00459643625,0.0030344429033633685,0.0021241100323543577,0.004551664355045053,0.009103328710090106,0.006720546282354358,0.002472326217645642,0.009148100605045052,4.477189495494683e-05,0.013699764960090104,-0.004506892460090106,0,1,0,0,0,0,0
2023-06-01 08:00:00,0.00545758,0.004735361666666667,0.0029923286790851356,0.002094630075359595,0.004488493018627703,0.008976986037255406,0.006829991742026262,0.0026407315913070718,0.00922385468529437,0.00024686864803896355,0.013712347703922073,-0.00424162437058874,0,0,0,0,1,0,0
2023-06-01 09:00:00,0.00556942,0.004878846666666666,0.002943927703119955,0.002060749392183968,0.004415891554679932,0.008831783109359864,0.006939596058850635,0.002818097274482698,0.009294738221346598,0.00046295511198673426,0.01371062977602653,-0.003952936442693198,0,0,0,0,1,0,0
2023-06-01 10:00:00,0.00554432,0.005021283333333333,0.002887086914114175,0.0020209608398799226,0.004330630371171262,0.008661260742342525,0.007042244173213256,0.0030003224934534102,0.009351913704504595,0.0006906529621620704,0.013682544075675858,-0.003639977409009192,0,0,0,0,1,0,0
2023-06-01 11:00:00,0.00553535,0.0051512883333333336,0.0028344031570419394,0.0019840822099293576,0.004251604735562909,0.008503209471125818,0.007135370543262691,0.003167206123403976,0.009402893068896242,0.0008996835977704244,0.013654497804459152,-0.0033519211377924848,0,0,0,0,1,0,0
2023-06-01 12:00:00,0.00505797,0.00525130875,0.0027844902679326163,0.0019491431875528313,0.004176735401898925,0.00835347080379785,0.0072004519375528315,0.003302165562447169,0.009428044151898924,0.0010745733481010754,0.013604779553797849,-0.0031021620537978493,0,0,1,0,0,0,0
2023-06-01 13:00:00,0.00509114,0.005335822916666667,0.002745688629990003,0.001921982040993002,0.004118532944985005,0.00823706588997001,0.007257804957659668,0.0034138408756736647,0.009454355861651671,0.001217289971681662,0.013572888806636676,-0.0029012429733033425,0,0,1,0,0,0,0
2023-06-01 14:00:00,0.00510062,0.005422159166666667,0.0027022169365668778,0.0018915518555968143,0.0040533254048503164,0.008106650809700633,0.0073137110222634815,0.0035306073110698524,0.009475484571516982,0.0013688337618163503,0.013528809976367299,-0.002684491643033966,0,0,1,0,0,0,0
2023-06-01 15:00:00,0.00520269,0.0055052275,0.002661563472698372,0.0018630944308888602,0.0039923452090475575,0.007984690418095115,0.0073683219308888605,0.00364213306911114,0.009497572709047558,0.0015128822909524428,0.013489917918095114,-0.0024794629180951147,0,0,1,0,0,0,0
2023-06-01 16:00:00,0.00640412,0.005380190833333333,0.0025380129585116837,0.0017766090709581785,0.0038070194377675254,0.007614038875535051,0.007156799904291512,0.003603581762375154,0.009187210271100858,0.0015731713955658075,0.012994229708868384,-0.002233848042201718,0,0,0,0,1,0,0
2023-06-01 17:00:00,0.00656375,0.00526384875,0.002408535051690165,0.0016859745361831155,0.0036128025775352475,0.007225605155070495,0.006949823286183116,0.0035778742138168848,0.008876651327535248,0.0016510461724647527,0.012489453905070495,-0.0019617564050704948,0,0,0,0,1,0,0
2023-06-01 18:00:00,0.00668628,0.00515926625,0.00228150310511145,0.001597052173578015,0.0034222546576671755,0.006844509315334351,0.006756318423578015,0.003562214076421985,0.008581520907667176,0.0017370115923328244,0.01200377556533435,-0.001685243065334351,0,0,0,0,1,0,0
2023-06-01 19:00:00,0.00683845,0.005068318333333334,0.002161194384355801,0.0015128360690490606,0.003241791576533702,0.006483583153067404,0.006581154402382394,0.003555482264284273,0.008310109909867035,0.0018265267567996318,0.011551901486400737,-0.00141526481973407,0,0,0,0,0,1,0
2023-06-01 20:00:00,0.00841237,0.0050604612499999995,0.0021480961331785562,0.0015036672932249892,0.0032221441997678344,0.006444288399535669,0.006564128543224988,0.0035567939567750103,0.008282605449767834,0.0018383170502321651,0.011504749649535668,-0.0013838271495356692,0,0,0,0,0,0,1
2023-06-01 21:00:00,0.00808947,0.005056758333333333,0.0021425572689757013,0.001499790088282991,0.003213835903463552,0.006427671806927104,0.006556548421616324,0.0035569682450503418,0.008270594236796885,0.0018429224298697807,0.011484430140260437,-0.0013709134735937715,0,0,0,0,0,1,0
2023-06-01 22:00:00,0.00753208,0.005042220833333334,0.0021236617798201475,0.0014865632458741032,0.003185492669730221,0.006370985339460442,0.006528784079207437,0.003555657587459231,0.008227713503063555,0.0018567281636031126,0.011413206172793776,-0.0013287645061271086,0,0,0,0,0,1,0
2023-06-01 23:00:00,0.00709309,0.005028229166666667,0.0021083042989732,0.00147581300928124,0.0031624564484598,0.0063249128969196,0.006504042175947907,0.003552416157385427,0.008190685615126467,0.0018657727182068672,0.011353142063586267,-0.0012966837302529326,0,0,0,0,0,1,0
2023-06-02 00:00:00,0.00461975,0.005061546666666666,0.0020946566771330344,0.001466259673993124,0.003141985015699552,0.006283970031399104,0.006527806340659791,0.0035952869926735424,0.008203531682366219,0.0019195616509671146,0.01134551669806577,-0.0012224233647324372,0,0,1,0,0,0,0
2023-06-02 01:00:00,0.00474058,0.005097699583333334,0.002080690576842391,0.0014564834037896737,0.0031210358652635868,0.0062420717305271736,0.006554182987123007,0.00364121617954366,0.008218735448596921,0.001976663718069747,0.011339771313860507,-0.0011443721471938399,0,0,1,0,0,0,0
2023-06-02 02:00:00,0.00492159,0.005144630416666667,0.0020626604280615745,0.001443862299643102,0.0030939906420923615,0.006187981284184723,0.006588492716309769,0.0037007681170235654,0.008238621058759029,0.0020506397745743057,0.01133261170085139,-0.0010433508675180558,0,0,1,0,0,0,0
2023-06-02 03:00:00,0.00510508,0.0052301775,0.002014098984876481,0.0014098692894135365,0.003021148477314721,0.006042296954629442,0.006640046789413536,0.003820308210586463,0.00825132597731472,0.0022090290226852785,0.011272474454629443,-0.0008121194546294426,0,0,1,0,0,0,0
2023-06-02 04:00:00,0.00484206,0.005396258333333334,0.0017895584410921304,0.0012526909087644913,0.002684337661638196,0.005368675323276392,0.006648949242097826,0.004143567424568843,0.00808059599497153,0.0027119206716951384,0.010764933656609726,2.7583010056942553e-05,0,0,1,0,0,0,0
2023-06-02 05:00:00,0.00501925,0.005561262916666666,0.0015370221076950509,0.0010759154753865355,0.0023055331615425764,0.004611066323085153,0.006637178392053201,0.004485347441280131,0.007866796078209243,0.0032557297551240897,0.01017232923975182,0.0009501965935815133,0,0,1,0,0,0,0
2023-06-02 06:00:00,0.00504795,0.0056966604166666665,0.0013187691652066557,0.0009231384156446589,0.0019781537478099835,0.003956307495619967,0.006619798832311325,0.004773522001022008,0.00767481416447665,0.003718506668856683,0.009652967912286634,0.0017403529210466995,0,0,1,0,0,0,0
2023-06-02 07:00:00,0.00553159,0.005833606250000001,0.0010966932098053649,0.0007676852468637554,0.0016450398147080472,0.0032900796294160943,0.006601291496863756,0.005065921003136245,0.007478646064708048,0.004188566435291953,0.009123685879416095,0.0025435266205839063,0,0,1,0,0,0,0
2023-06-02 08:00:00,0.00958973,0.006005779166666667,0.0013338169075346907,0.0009336718352742834,0.002000725361302036,0.004001450722604072,0.00693945100194095,0.005072107331392383,0.008006504527968703,0.004005053805364631,0.01000722988927074,0.0020043284440625945,0,0,0,0,0,0,1
2023-06-02 09:00:00,0.00940512,0.0061656,0.0014988493774341794,0.0010491945642039256,0.002248274066151269,0.004496548132302538,0.007214794564203926,0.005116405435796075,0.00841387406615127,0.003917325933848731,0.010662148132302538,0.001669051867697462,0,0,0,0,0,0,1
2023-06-02 10:00:00,0.0083177,0.0062811575,0.0015547360772204765,0.0010883152540543334,0.0023321041158307146,0.004664208231661429,0.007369472754054333,0.005192842245945666,0.008613261615830713,0.003949053384169285,0.010945365731661428,0.0016169492683385705,0,0,0,0,0,1,0
2023-06-02 11:00:00,0.00864532,0.0064107395833333325,0.001618181175879089,0.0011327268231153622,0.0024272717638186337,0.0048545435276372674,0.0075434664064486946,0.0052780127602179705,0.008838011347151967,0.003983467819514698,0.0112652831109706,0.001556196055696065,0,0,0,0,0,1,0
2023-06-02 12:00:00,0.00755747,0.006514885416666667,0.0016077317252116538,0.0011254122076481577,0.0024115975878174806,0.004823195175634961,0.0076402976243148246,0.00538947320901851,0.008926483004484148,0.004103287828849186,0.011338080592301628,0.001691690241031706,0,0,0,0,1,0,0
2023-06-02 13:00:00,0.00747382,0.00661416375,0.001589454184825498,0.0011126179293778485,0.002384181277238247,0.004768362554476494,0.0077267816793778485,0.005501545820622151,0.008998345027238248,0.004229982472761753,0.011382526304476493,0.0018458011955235056,0,0,0,0,1,0,0
2023-06-02 14:00:00,0.00731997,0.006706636666666667,0.0015618899357472203,0.0010933229550230542,0.0023428349036208303,0.004685669807241661,0.007799959621689722,0.005613313711643613,0.009049471570287498,0.004363801763045837,0.011392306473908327,0.0020209668594250068,0,0,0,0,1,0,0
2023-06-02 15:00:00,0.00739986,0.006798185416666667,0.0015340491856039177,0.0010738344299227422,0.0023010737784058765,0.004602147556811753,0.007872019846589409,0.005724350986743925,0.009099259195072543,0.004497111638260791,0.01140033297347842,0.0021960378598549143,0,0,0,0,1,0,0
2023-06-02 16:00:00,0.00187452,0.006609452083333334,0.0018339594356212505,0.0012837716049348752,0.0027509391534318757,0.005501878306863751,0.00789322368826821,0.005325680478398459,0.00936039123676521,0.0038585129299014585,0.012111330390197086,0.0011075737764695828,1,0,0,0,0,0,0
2023-06-02 17:00:00,0.0020495,0.006421358333333334,0.002056805648863584,0.0014397639542045087,0.003085208473295376,0.006170416946590752,0.007861122287537842,0.004981594379128825,0.00950656680662871,0.0033361498600379584,0.012591775279924087,0.0002509413867425826,1,0,0,0,0,0,0
2023-06-02 18:00:00,0.00220179,0.006234504583333332,0.0022282471921298693,0.0015597730344909084,0.003342370788194804,0.006684741576389608,0.00779427761782424,0.004674731548842424,0.009576875371528137,0.0028921337951385282,0.01291924615972294,-0.0004502369930562758,1,0,0,0,0,0,0
2023-06-02 19:00:00,0.00262446,0.006058921666666667,0.002341726739383776,0.0016392087175686432,0.003512590109075664,0.007025180218151328,0.00769813038423531,0.004419712949098024,0.009571511775742331,0.002546331557591003,0.013084101884817996,-0.0009662585514846611,0,1,0,0,0,0,0
2023-06-02 20:00:00,0.00554753,0.005939553333333333,0.002288967547851844,0.0016022772834962907,0.003433451321777766,0.006866902643555532,0.007541830616829624,0.004337276049837043,0.0093730046551111,0.0025061020115555673,0.012806455976888866,-0.0009273493102221987,0,0,1,0,0,0,0
2023-06-02 21:00:00,0.00591008,0.005848745416666666,0.002242731129536299,0.0015699117906754093,0.0033640966943044486,0.006728193388608897,0.007418657207342075,0.004278833625991257,0.009212842110971115,0.0024846487223622177,0.012576938805275564,-0.0008794479719422309,0,0,0,0,1,0,0
2023-06-02 22:00:00,0.00586452,0.00577926375,0.002213959229583797,0.0015497714607086578,0.0033209388443756955,0.006641877688751391,0.007329035210708658,0.004229492289291342,0.009100202594375696,0.0024583249056243047,0.012421141438751391,-0.0008626139387513908,0,0,0,0,1,0,0
2023-06-02 23:00:00,0.00570794,0.005721549166666667,0.0021962038406520847,0.0015373426884564593,0.003294305760978127,0.006588611521956254,0.007258891855123126,0.004184206478210208,0.009015854927644795,0.00242724340568854,0.01231016068862292,-0.0008670623552895869,0,0,1,0,0,0,0
2023-06-03 00:00:00,0.01143088,0.006005346250000001,0.0024705718265700936,0.0017294002785990653,0.0037058577398551406,0.007411715479710281,0.007734746528599066,0.004275945971400935,0.00971120398985514,0.00229948851014486,0.013417061729710283,-0.0014063692297102805,0,0,0,0,0,0,1
2023-06-03 01:00:00,0.01130382,0.006278814583333334,0.00267894390745598,0.001875260735219186,0.0040184158611839705,0.008036831722367941,0.00815407531855252,0.004403553848114148,0.010297230444517304,0.002260398722149363,0.014315646305701275,-0.0017580171390346074,0,0,0,0,0,0,1
2023-06-03 02:00:00,0.01175875,0.006563696250000001,0.002884025588056325,0.0020188179116394276,0.004326038382084488,0.008652076764168976,0.008582514161639429,0.004544878338360573,0.010889734632084489,0.0022376578679155126,0.015215773014168977,-0.0020883805141689755,0,0,0,0,0,0,1
2023-06-03 03:00:00,0.01155262,0.00683234375,0.003038410382058095,0.0021268872674406664,0.004557615573087142,0.009115231146174284,0.008959231017440667,0.004705456482559333,0.011389959323087142,0.002274728176912858,0.015947574896174283,-0.0022828873961742843,0,0,0,0,0,0,1
2023-06-03 04:00:00,0.01000355,0.0070474058333333325,0.0030738719728606876,0.002151710381002481,0.004610807959291032,0.009221615918582064,0.009199116214335813,0.004895695452330852,0.011658213792624364,0.0024365978740423008,0.016269021751915396,-0.002174210085248731,0,0,0,0,0,1,0
2023-06-03 05:00:00,0.01047699,0.007274811666666668,0.003118858168893772,0.0021832007182256406,0.004678287253340658,0.009356574506681316,0.009458012384892309,0.005091610948441027,0.011953098920007326,0.00259652441332601,0.016631386173347983,-0.002081762840014648,0,0,0,0,0,1,0
2023-06-03 06:00:00,0.0107861,0.00751390125,0.0031603911107114004,0.00221227377749798,0.0047405866660671005,0.009481173332134201,0.00972617502749798,0.00530162747250202,0.0122544879160671,0.0027733145839328992,0.0169950745821342,-0.0019672720821342013,0,0,0,0,0,1,0
2023-06-03 07:00:00,0.01077338,0.007732309166666666,0.003198338228623982,0.002238836760036787,0.0047975073429359725,0.009595014685871945,0.009971145926703454,0.005493472406629879,0.012529816509602639,0.002934801823730694,0.01732732385253861,-0.0018627055192052787,0,0,0,0,0,1,0
2023-06-03 08:00:00,0.00681018,0.007616494583333334,0.003178418039585902,0.0022248926277101313,0.0047676270593788525,0.009535254118757705,0.009841387211043464,0.005391601955623202,0.012384121642712187,0.002848867523954481,0.01715174870209104,-0.0019187595354243714,0,0,1,0,0,0,0
2023-06-03 09:00:00,0.00669195,0.007503445833333334,0.0031602334099184106,0.002212163386942887,0.004740350114877616,0.009480700229755232,0.009715609220276221,0.005291282446390447,0.012243795948210949,0.002763095718455718,0.016984146063088568,-0.0019772543964218982,0,0,1,0,0,0,0
2023-06-03 10:00:00,0.00651059,0.007428149583333332,0.0031615173432628903,0.002213062140284023,0.004742276014894336,0.009484552029788672,0.009641211723617355,0.005215087443049309,0.012170425598227667,0.0026858735684389965,0.016912701613122003,-0.0020564024464553394,0,0,1,0,0,0,0
2023-06-03 11:00:00,0.00631978,0.007331252083333334,0.0031582263477836184,0.002210758443448533,0.004737339521675428,0.009474679043350856,0.009542010526781866,0.005120493639884802,0.012068591605008762,0.0025939125616579062,0.01680593112668419,-0.0021434269600175216,0,0,1,0,0,0,0
2023-06-03 12:00:00,0.00536237,0.007239789583333333,0.0031830775854625004,0.00222815430982375,0.00477461637819375,0.0095492327563875,0.009467943893157083,0.005011635273509583,0.012014405961527082,0.0024651732051395826,0.016789022339720835,-0.002309443173054168,0,0,1,0,0,0,0
2023-06-03 13:00:00,0.00470238,0.007124312916666667,0.0032242238536975133,0.0022569566975882594,0.00483633578054627,0.00967267156109254,0.009381269614254926,0.004867356219078408,0.011960648697212937,0.002287977136120397,0.016796984477759208,-0.0025483586444258726,0,1,0,0,0,0,0
2023-06-03 14:00:00,0.0038132,0.006978197500000001,0.0032936832920016637,0.0023055783044011644,0.004940524938002495,0.00988104987600499,0.009283775804401165,0.004672619195598837,0.011918722438002495,0.0020376725619975057,0.016859247376004992,-0.0029028523760049893,0,1,0,0,0,0,0
2023-06-03 15:00:00,0.00316885,0.006801905416666666,0.003382174994756538,0.0023675224963295763,0.005073262492134807,0.010146524984269614,0.009169427912996242,0.00443438292033709,0.011875167908801474,0.001728642924531859,0.01694843040093628,-0.003344619567602948,0,1,0,0,0,0,0
2023-06-03 16:00:00,0.00154331,0.006788105,0.003403761377629684,0.0023826329643407787,0.005105642066444526,0.010211284132889051,0.009170737964340779,0.004405472035659221,0.011893747066444527,0.0016824629335554743,0.01699938913288905,-0.0034231791328890515,1,0,0,0,0,0,0
2023-06-03 17:00:00,0.00082297,0.0067369995833333335,0.0034862112283525174,0.002440347859846762,0.005229316842528776,0.010458633685057553,0.009177347443180096,0.004296651723486571,0.01196631642586211,0.0015076827408045572,0.017195633268390888,-0.003721634101724219,1,0,0,0,0,0,0
2023-06-03 18:00:00,0.00163072,0.006713205,0.0035202936982562483,0.0024642055887793735,0.005280440547384372,0.010560881094768744,0.009177410588779373,0.004248999411220627,0.011993645547384371,0.0014327644526156277,0.017274086094768742,-0.0038476760947687445,0,1,0,0,0,0,0
2023-06-03 19:00:00,0.00195994,0.006685516666666666,0.00355628073083404,0.002489396511583828,0.00533442109625106,0.01066884219250212,0.009174913178250494,0.004196120155082838,0.012019937762917727,0.0013510955704156063,0.017354358859168785,-0.0039833255258354535,0,1,0,0,0,0,0
2023-06-03 20:00:00,0.00045898,0.00647349375,0.0037722090554518843,0.002640546338816319,0.005658313583177826,0.011316627166355652,0.00911404008881632,0.003832947411183681,0.012131807333177827,0.0008151801668221737,0.01779012091635565,-0.0048431334163556525,1,0,0,0,0,0,0
2023-06-03 21:00:00,0.00082703,0.006261700000000001,0.003944001864362604,0.0027608013050538227,0.0059160027965439056,0.011832005593087811,0.009022501305053825,0.0035008986949461784,0.012177702796543906,0.00034569720345609557,0.018093705593087813,-0.00557030559308781,0,1,0,0,0,0,0
2023-06-03 22:00:00,0.00145669,0.006078040416666666,0.004064102099703316,0.002844871469792321,0.006096153149554974,0.012192306299109949,0.008922911886458988,0.0032331689468743452,0.01217419356622164,-1.8112732888308017e-05,0.018270346715776615,-0.006114265882443282,0,1,0,0,0,0,0
2023-06-03 23:00:00,0.0020816,0.005926942916666667,0.004145064776040228,0.0029015453432281596,0.006217597164060342,0.012435194328120684,0.008828488259894827,0.0030253975734385076,0.012144540080727009,-0.00029065424739367456,0.01836213724478735,-0.006508251411454016,0,1,0,0,0,0,0
2023-06-04 00:00:00,0.0011809,0.005499860416666666,0.004080867015775898,0.0028566069110431283,0.006121300523663847,0.012242601047327694,0.008356467327709794,0.0026432535056235378,0.011621160940330513,-0.0006214401069971811,0.01774246146399436,-0.006742740630661028,0,1,0,0,0,0,0
2023-06-04 01:00:00,0.00151191,0.005091864166666667,0.003963160124307831,0.0027742120870154815,0.005944740186461746,0.011889480372923492,0.007866076253682148,0.0023176520796511857,0.011036604353128414,-0.0008528760197950786,0.01698134453959016,-0.006797616206256824,0,1,0,0,0,0,0
2023-06-04 02:00:00,0.00196181,0.004683658333333333,0.0037451614131670473,0.002621612989216933,0.005617742119750571,0.011235484239501142,0.007305271322550266,0.0020620453441164005,0.010301400453083904,-0.0009340837864172374,0.015919142572834475,-0.006551825906167808,0,1,0,0,0,0,0
2023-06-04 03:00:00,0.00225103,0.004296092083333334,0.0034749629095311564,0.0024324740366718093,0.005212444364296734,0.010424888728593469,0.006728566120005143,0.0018636180466615245,0.009508536447630068,-0.0009163522809634006,0.014720980811926802,-0.006128796645260135,0,0,1,0,0,0,0
2023-06-04 04:00:00,0.00391127,0.004042247083333333,0.003255496779487943,0.00227884774564156,0.0048832451692319145,0.009766490338463829,0.006321094828974893,0.0017633993376917731,0.008925492252565247,-0.0008409980858985816,0.013808737421797161,-0.005724243255130496,0,0,1,0,0,0,0
2023-06-04 05:00:00,0.00415921,0.00377900625,0.002954029154997003,0.002067820408497902,0.004431043732495504,0.008862087464991009,0.0058468266584979015,0.001711185841502098,0.008210049982495504,-0.0006520374824955043,0.012641093714991008,-0.005083081214991009,0,0,0,0,1,0,0
2023-06-04 06:00:00,0.00427121,0.0035075525000000003,0.002554442337729471,0.0017881096364106297,0.0038316635065942066,0.007663327013188413,0.00529566213641063,0.0017194428635893706,0.007339216006594207,-0.0003241110065942063,0.011170879513188414,-0.004155774513188413,0,0,0,0,1,0,0
2023-06-04 07:00:00,0.00407051,0.00322826625,0.002040158695517102,0.0014281110868619713,0.003060238043275653,0.006120476086551306,0.004656377336861971,0.0018001551631380286,0.006288504293275652,0.00016802820672434703,0.009348742336551306,-0.002892209836551306,0,0,0,0,1,0,0
2023-06-04 08:00:00,0.00854185,0.0033004191666666668,0.002196942674849121,0.0015378598723943845,0.003295414012273681,0.006590828024547362,0.004838279039061051,0.0017625592942722822,0.0065958331789403475,5.005154392985576e-06,0.00989124719121403,-0.0032904088578806956,0,0,0,0,0,0,1
2023-06-04 09:00:00,0.00844736,0.00337356125,0.002339369460616174,0.0016375586224313219,0.003509054190924261,0.007018108381848522,0.005011119872431322,0.0017360026275686782,0.0068826154409242606,-0.0001354929409242609,0.010391669631848522,-0.003644547131848522,0,0,0,0,0,0,1
2023-06-04 10:00:00,0.00856788,0.0034592816666666666,0.002492027147832915,0.0017444190034830406,0.0037380407217493727,0.007476081443498745,0.005203700670149707,0.001714862663183626,0.00719732238841604,-0.00027875905508270614,0.010935363110165412,-0.004016799776832079,0,0,0,0,0,0,1
2023-06-04 11:00:00,0.00888099,0.00356599875,0.002668444667519159,0.0018679112672634114,0.004002667001278739,0.008005334002557478,0.005433910017263411,0.0016980874827365886,0.007568665751278739,-0.000436668251278739,0.011571332752557478,-0.0044393352525574775,0,0,0,0,0,0,1
2023-06-04 12:00:00,0.01135892,0.003815855,0.003091208615102996,0.002163846030572097,0.004636812922654494,0.009273625845308988,0.005979701030572097,0.001652008969427903,0.008452667922654495,-0.0008209579226544942,0.013089480845308988,-0.005457770845308988,0,0,0,0,0,0,1
2023-06-04 13:00:00,0.0115792,0.004102389166666667,0.0034721956546341355,0.002430536958243895,0.005208293481951203,0.010416586963902406,0.0065329261249105625,0.0016718522084227722,0.00931068264861787,-0.001105904315284536,0.014518976130569072,-0.006314197797235739,0,0,0,0,0,0,1
2023-06-04 14:00:00,0.01186465,0.004437866249999999,0.0038150689046222734,0.002670548233235591,0.00572260335693341,0.01144520671386682,0.007108414483235591,0.0017673180167644084,0.010160469606933408,-0.0012847371069334102,0.015883072963866818,-0.00700734046386682,0,0,0,0,0,0,1
2023-06-04 15:00:00,0.01213396,0.0048114125,0.004112704815706161,0.002878893370994312,0.006169057223559241,0.012338114447118482,0.007690305870994312,0.0019325191290056878,0.01098046972355924,-0.001357644723559241,0.017149526947118483,-0.007526701947118482,0,0,0,0,0,0,1
2023-06-04 16:00:00,0.01174058,0.00523629875,0.004283588647932759,0.0029985120535529312,0.006425382971899139,0.012850765943798277,0.008234810803552931,0.0022377866964470687,0.011661681721899138,-0.0011890842218991388,0.018087064693798276,-0.0076144671937982775,0,0,0,0,0,0,1
2023-06-04 17:00:00,0.01189411,0.00569759625,0.004382633315956155,0.0030678433211693084,0.006573949973934233,0.013147899947868465,0.008765439571169308,0.0026297529288306916,0.012271546223934233,-0.0008763537239342327,0.018845496197868464,-0.007450303697868465,0,0,0,0,0,1,0
2023-06-04 18:00:00,0.01179663,0.006121175833333333,0.004463010186730496,0.0031241071307113472,0.006694515280095745,0.01338903056019149,0.009245282964044681,0.002997068702621986,0.01281569111342908,-0.0005733394467624118,0.019510206393524823,-0.007267854726858157,0,0,0,0,0,1,0
2023-06-04 19:00:00,0.01157467,0.006521789583333333,0.004504574970262705,0.0031532024791838934,0.006756862455394058,0.013513724910788116,0.009674992062517226,0.0033685871041494397,0.013278652038727391,-0.00023507287206072508,0.02003551449412145,-0.006991935327454783,0,0,0,0,0,1,0
2023-06-04 20:00:00,0.01142963,0.0069789,0.0044183999630084516,0.003092879974105916,0.006627599944512678,0.013255199889025356,0.010071779974105915,0.0038860200258940838,0.013606499944512677,0.0003513000554873219,0.020234099889025355,-0.006276299889025356,0,0,0,0,0,1,0
2023-06-04 21:00:00,0.01149215,0.00742328,0.004307710450089321,0.0030153973150625246,0.0064615656751339815,0.012923131350267963,0.010438677315062525,0.004407882684937475,0.013884845675133982,0.0009617143248660184,0.020346411350267962,-0.005499851350267963,0,0,0,0,0,1,0
2023-06-04 22:00:00,0.01153854,0.007843357083333334,0.004190551011286644,0.0029333857079006506,0.006285826516929966,0.012571653033859933,0.010776742791233983,0.004909971375432683,0.014129183600263301,0.0015575305664033675,0.020415010117193266,-0.004728295950526599,0,0,0,0,0,1,0
2023-06-04 23:00:00,0.01124254,0.008225062916666666,0.00405803724496642,0.0028406260714764937,0.00608705586744963,0.01217411173489926,0.01106568898814316,0.0053844368451901724,0.014312118784116297,0.0021380070492170358,0.020399174651565925,-0.003949048818232595,0,0,0,0,0,1,0
2023-06-05 00:00:00,0.00840853,0.008526214166666666,0.0037705560865415925,0.0026393892605791145,0.0056558341298123885,0.011311668259624777,0.01116560342724578,0.005886824906087551,0.014182048296479054,0.002870380036854277,0.01983788242629144,-0.0027854540929581114,0,0,1,0,0,0,0
2023-06-05 01:00:00,0.00633593,0.008727215,0.0034991948973927107,0.002449436428174897,0.005248792346089066,0.010497584692178132,0.011176651428174898,0.006277778571825102,0.013976007346089066,0.003478422653910934,0.01922479969217813,-0.0017703696921781316,0,0,1,0,0,0,0
2023-06-05 02:00:00,0.00526062,0.008864665416666667,0.003279803458186223,0.002295862420730356,0.004919705187279334,0.009839410374558669,0.011160527837397023,0.006568802995936311,0.013784370603946001,0.003944960229387333,0.018704075791225336,-0.0009747449578920014,0,1,0,0,0,0,0
2023-06-05 03:00:00,0.00608919,0.00902458875,0.003027144052837403,0.002119000836986182,0.0045407160792561045,0.009081432158512209,0.01114358958698618,0.006905587913013818,0.013565304829256105,0.004483872670743895,0.01810602090851221,-5.68434085122093e-05,0,1,0,0,0,0,0
2023-06-05 04:00:00,0.00512424,0.009075129166666666,0.0029471298742850946,0.002062990911999566,0.004420694811427641,0.008841389622855283,0.011138120078666231,0.0070121382546671,0.013495823978094307,0.004654434355239025,0.017916518789521947,0.00023373954381138325,0,1,0,0,0,0,0
2023-06-05 05:00:00,0.00544963,0.009128896666666666,0.002864147294781791,0.0020049031063472536,0.004296220942172687,0.008592441884345374,0.01113379977301392,0.007123993560319412,0.013425117608839352,0.0048326757244939785,0.017721338551012038,0.0005364547823212915,0,1,0,0,0,0,0
2023-06-05 06:00:00,0.00539801,0.009175846666666666,0.0027893142839020067,0.0019525199987314047,0.00418397142585301,0.00836794285170602,0.01112836666539807,0.007223326667935261,0.013359818092519675,0.004991875240813656,0.017543789518372686,0.0008079038149606463,0,1,0,0,0,0,0
2023-06-05 07:00:00,0.00534145,0.0092288025,0.002698768943516504,0.0018891382604615526,0.004048153415274756,0.008096306830549512,0.011117940760461551,0.0073396642395384465,0.013276955915274755,0.005180649084725243,0.01732510933054951,0.001132495669450487,0,1,0,0,0,0,0
2023-06-05 08:00:00,0.00289481,0.008993509166666667,0.0029915532102832215,0.002094087247198255,0.004487329815424832,0.008974659630849664,0.011087596413864921,0.006899421919468412,0.013480838982091499,0.004506179351241835,0.01796816879751633,1.8849535817003216e-05,1,0,0,0,0,0,0
2023-06-05 09:00:00,0.00385146,0.008802013333333332,0.0031698188060184855,0.00221887316421294,0.004754728209027728,0.009509456418055456,0.011020886497546272,0.0065831401691203925,0.01355674154236106,0.004047285124305604,0.01831146975138879,-0.0007074430847221237,1,0,0,0,0,0,0
2023-06-05 10:00:00,0.0038478,0.008605343333333333,0.0033274836572266125,0.0023292385600586288,0.004991225485839919,0.009982450971679838,0.010934581893391962,0.006276104773274704,0.013596568819173252,0.003614117847493414,0.018587794305013172,-0.0013771076383465048,0,1,0,0,0,0,0
2023-06-05 11:00:00,0.00390199,0.008397884999999999,0.003462042678643328,0.0024234298750503295,0.005193064017964992,0.010386128035929984,0.01082131487505033,0.00597445512494967,0.013590949017964992,0.003204820982035007,0.018784013035929983,-0.0019882430359299853,0,1,0,0,0,0,0
2023-06-05 12:00:00,0.00482726,0.0081257325,0.0034758548258725284,0.0024330983781107695,0.005213782238808792,0.010427564477617585,0.01055883087811077,0.00569263412188923,0.013339514738808792,0.0029119502611912075,0.018553296977617584,-0.002301831977617585,0,1,0,0,0,0,0
2023-06-05 13:00:00,0.00491816,0.007848189166666667,0.003453979381415412,0.0024177855669907885,0.005180969072123118,0.010361938144246236,0.010265974733657455,0.005430403599675879,0.013029158238789786,0.002667220094543549,0.018210127310912903,-0.002513748977579569,0,1,0,0,0,0,0
2023-06-05 14:00:00,0.00501632,0.0075628420833333335,0.003390028641707892,0.0023730200491955244,0.005085042962561838,0.010170085925123676,0.009935862132528858,0.005189822034137809,0.01264788504589517,0.0024777991207714954,0.017732928008457008,-0.0026072438417903427,0,1,0,0,0,0,0
2023-06-05 15:00:00,0.00493369,0.007262830833333333,0.0032848792319338945,0.002299415462353726,0.0049273188479008415,0.009854637695801683,0.00956224629568706,0.004963415370979607,0.012190149681234174,0.002335511985432492,0.017117468529135017,-0.0025918068624683497,0,1,0,0,0,0,0
2023-06-05 16:00:00,0.00068866,0.006802334166666667,0.003402429044712564,0.002381700331298795,0.0051036435670688465,0.010207287134137693,0.009184034497965461,0.004420633835367872,0.011905977733735513,0.0016986905995978203,0.01700962130080436,-0.003404952967471026,1,0,0,0,0,0,0
2023-06-05 17:00:00,0.00373602,0.00646241375,0.0032768160472892442,0.002293771233102471,0.004915224070933867,0.009830448141867733,0.008756184983102471,0.004168642516897528,0.011377637820933865,0.0015471896790661332,0.01629286189186773,-0.0033680343918677334,0,1,0,0,0,0,0
2023-06-05 18:00:00,0.00333351,0.00610978375,0.003129903902179211,0.0021909327315254475,0.004694855853268816,0.009389711706537632,0.008300716481525448,0.003918851018474553,0.010804639603268816,0.001414927896731184,0.015499495456537633,-0.0032799279565376323,0,1,0,0,0,0,0
2023-06-05 19:00:00,0.00305181,0.0057546645833333335,0.002961891690160752,0.002073324183112526,0.004442837535241127,0.008885675070482255,0.00782798876644586,0.0036813404002208074,0.01019750211857446,0.0013118270480922062,0.014640339653815587,-0.003131010487148921,0,1,0,0,0,0,0
2023-06-05 20:00:00,0.00333083,0.005417214583333334,0.0027402892292967603,0.0019182024605077321,0.0041104338439451405,0.008220867687890281,0.0073354170438410665,0.003499012122825602,0.009527648427278474,0.0013067807393881935,0.013638082271223616,-0.002803653104556947,0,1,0,0,0,0,0
2023-06-05 21:00:00,0.00310484,0.005067743333333334,0.002451462461220042,0.0017160237228540291,0.003677193691830063,0.007354387383660126,0.0067837670561873625,0.0033517196104793047,0.008744937025163397,0.0013905496415032707,0.01242213071699346,-0.002286644050326792,0,1,0,0,0,0,0
2023-06-05 22:00:00,0.00268028,0.004698649166666667,0.0020724025979690455,0.0014506818185783317,0.0031086038969535684,0.006217207793907137,0.006149330985244998,0.003247967348088335,0.007807253063620235,0.0015900452697130982,0.010915856960573803,-0.0015185586272404702,0,1,0,0,0,0,0
2023-06-05 23:00:00,0.00180158,0.004305275833333333,0.0016237140565139602,0.001136599839559772,0.0024355710847709404,0.004871142169541881,0.005441875672893105,0.003168675993773561,0.006740846918104273,0.0018697047485623924,0.009176418002875213,-0.0005658663362085479,1,0,0,0,0,0,0
2023-06-06 00:00:00,-0.0031814,0.003822362083333333,0.0020243621913107633,0.0014170535339175342,0.003036543286966145,0.00607308657393229,0.0052394156172508675,0.0024053085494157985,0.006858905370299478,0.0007858187963671881,0.009895448657265623,-0.002250724490598957,1,0,0,0,0,0,0
2023-06-06 01:00:00,-0.00274483,0.0034439970833333336,0.0023556511045577534,0.0016489557731904272,0.00353347665683663,0.00706695331367326,0.005092952856523761,0.0017950413101429064,0.006977473740169963,-8.947957350329645e-05,0.010510950397006594,-0.0036229562303399265,1,0,0,0,0,0,0
2023-06-06 02:00:00,-0.00165042,0.0031560370833333337,0.0025391883539438664,0.0017774318477607064,0.0038087825309157993,0.007617565061831599,0.00493346893109404,0.0013786052355726274,0.006964819614249133,-0.0006527454475824656,0.010773602145164932,-0.004461527978498265,1,0,0,0,0,0,0
2023-06-06 03:00:00,-0.00138203,0.00284473625,0.0026206276400126674,0.001834439348008867,0.003930941460019001,0.007861882920038001,0.004679175598008867,0.001010296901991133,0.006775677710019001,-0.0010862052100190007,0.010706619170038002,-0.005017146670038001,1,0,0,0,0,0,0
2023-06-06 04:00:00,-0.00297899,0.002507101666666667,0.0028279703248453277,0.001979579227391729,0.004241955487267992,0.008483910974535984,0.004486680894058397,0.0005275224392749379,0.0067490571539346594,-0.001734853820601325,0.010991012641202651,-0.0059768093078693164,1,0,0,0,0,0,0
2023-06-06 05:00:00,-0.00240521,0.002179816666666667,0.002925466393491688,0.0020478264754441814,0.004388199590237531,0.008776399180475063,0.004227643142110849,0.00013199019122248556,0.006568016256904199,-0.0022083829235708644,0.01095621584714173,-0.006596582513808395,1,0,0,0,0,0,0
2023-06-06 06:00:00,-0.00247464,0.0018517895833333334,0.0029895971035873827,0.0020927179725111675,0.0044843956553810745,0.008968791310762149,0.0039445075558445005,-0.00024092838917783412,0.006336185238714408,-0.002632606072047741,0.010820580894095481,-0.0071170017274288155,0,1,0,0,0,0,0
2023-06-06 07:00:00,-0.00322307,0.001494934583333333,0.003065141088625842,0.002145598762038089,0.004597711632938763,0.009195423265877526,0.003640533345371422,-0.0006506641787047561,0.006092646216272096,-0.00310277704960543,0.010690357849210859,-0.007700488682544193,1,0,0,0,0,0,0
2023-06-06 08:00:00,-0.0014975,0.0013119216666666667,0.0031087410539549463,0.002176118737768462,0.0046631115809324195,0.009326223161864839,0.003488040404435129,-0.0008641970711017954,0.0059750332475990865,-0.0033511899142657526,0.010638144828531506,-0.008014301495198172,0,1,0,0,0,0,0
2023-06-06 09:00:00,-0.00107206,0.0011067750000000002,0.003096297238545755,0.002167408066982028,0.004644445857818633,0.009288891715637265,0.0032741830669820284,-0.0010606330669820278,0.0057512208578186326,-0.0035376708578186327,0.010395666715637266,-0.008182116715637264,0,1,0,0,0,0,0
2023-06-06 10:00:00,-0.00101737,0.0009040595833333334,0.003068173444189593,0.002147721410932715,0.004602260166284389,0.009204520332568779,0.0030517809942660484,-0.0012436618275993815,0.005506319749617723,-0.003698200582951056,0.010108579915902112,-0.008300460749235445,0,0,1,0,0,0,0
2023-06-06 11:00:00,-0.00090693,0.0007036879166666667,0.0030205337542718253,0.0021143736279902775,0.004530800631407738,0.009061601262815477,0.0028180615446569443,-0.0014106857113236108,0.005234488548074405,-0.0038271127147410716,0.009765289179482143,-0.00835791334614881,0,0,1,0,0,0,0
2023-06-06 12:00:00,-0.00022552,0.0004931554166666667,0.0028940656066344006,0.00202584592464408,0.004341098409951601,0.008682196819903202,0.002519001341310747,-0.0015326905079774134,0.004834253826618268,-0.0038479429932849344,0.009175352236569869,-0.008189041403236536,0,0,1,0,0,0,0
2023-06-06 13:00:00,0.0003845,0.00030425291666666665,0.0027363406430891473,0.001915438450162403,0.004104510964633721,0.008209021929267441,0.0022196913668290695,-0.0016111855334957363,0.004408763881300387,-0.003800258047967054,0.008513274845934107,-0.007904769012600775,0,0,0,0,1,0,0
2023-06-06 14:00:00,0.00093658,0.00013426374999999998,0.002551356266646205,0.0017859493866523434,0.0038270343999693077,0.007654068799938615,0.0019202131366523433,-0.0016516856366523434,0.003961298149969308,-0.0036927706499693077,0.007788332549938616,-0.007519805049938615,0,0,0,0,1,0,0
2023-06-06 15:00:00,0.00100799,-2.9307083333333343e-05,0.002348018661464756,0.0016436130630253292,0.003522027992197134,0.007044055984394268,0.0016143059796919958,-0.0016729201463586627,0.0034927209088638006,-0.0035513350755304674,0.0070147489010609345,-0.007073363067727601,0,0,0,0,1,0,0
2023-06-06 16:00:00,0.00323467,7.677666666666665e-05,0.0024376698333247303,0.0017063688833273112,0.0036565047499870955,0.007313009499974191,0.001783145549993978,-0.0016295922166606445,0.003733281416653762,-0.003579728083320429,0.007389786166640858,-0.007236232833307524,0,0,0,0,0,1,0
2023-06-06 17:00:00,0.00371632,7.595583333333332e-05,0.0024363870677276524,0.0017054709474093566,0.0036545806015914786,0.007309161203182957,0.00178142678074269,-0.0016295151140760234,0.003730536434924812,-0.0035786247682581453,0.007385117036516291,-0.0072332053698496235,0,0,0,0,0,1,0
2023-06-06 18:00:00,0.00409583,0.00010771916666666664,0.0024851830485462948,0.0017396281339824061,0.003727774572819442,0.007455549145638884,0.0018473473006490727,-0.0016319089673157395,0.0038354937394861088,-0.0036200554061527755,0.007563268312305551,-0.007347829978972218,0,0,0,0,0,0,1
2023-06-06 19:00:00,0.00427637,0.00015874249999999997,0.0025597095440885076,0.0017917966808619552,0.0038395643161327616,0.007679128632265523,0.001950539180861955,-0.0016330541808619553,0.003998306816132761,-0.0036808218161327616,0.007837871132265523,-0.007520386132265524,0,0,0,0,0,0,1
2023-06-06 20:00:00,0.00745068,0.00033040291666666666,0.0028975371557125153,0.002028276008998761,0.004346305733568773,0.008692611467137547,0.0023586789256654275,-0.0016978730923320941,0.00467670865023544,-0.004015902816902107,0.009023014383804213,-0.00836220855047088,0,0,0,0,0,0,1
2023-06-06 21:00:00,0.00819763,0.0005426025,0.003271860719212217,0.0022903025034485516,0.004907791078818325,0.00981558215763665,0.0028329050034485515,-0.0017477000034485518,0.005450393578818325,-0.004365188578818325,0.01035818465763665,-0.00927297965763665,0,0,0,0,0,0,1
2023-06-06 22:00:00,0.00879776,0.0007974974999999999,0.003660810757239971,0.0025625675300679795,0.005491216135859956,0.010982432271719913,0.0033600650300679795,-0.0017650700300679795,0.006288713635859956,-0.004693718635859956,0.011779929771719912,-0.010184934771719913,0,0,0,0,0,0,1
2023-06-06 23:00:00,0.0093342,0.0011113566666666665,0.004052579641564514,0.0028368057490951596,0.006078869462346771,0.012157738924693542,0.003948162415761826,-0.001725449082428493,0.007190226129013437,-0.004967512795680105,0.013269095591360209,-0.011046382258026875,0,0,0,0,0,0,1
2023-06-07 00:00:00,0.01527704,0.0018804583333333332,0.004871303047757626,0.003409912133430338,0.00730695457163644,0.01461390914327288,0.005290370466763671,-0.001529453800097005,0.009187412904969773,-0.005426496238303107,0.016494367476606212,-0.012733450809939546,0,0,0,0,0,0,1
2023-06-07 01:00:00,0.01564243,0.0026465941666666665,0.005515559339509588,0.0038608915376567112,0.008273339009264382,0.016546678018528764,0.006507485704323378,-0.0012142973709900447,0.010919933175931049,-0.005626744842597715,0.01919327218519543,-0.013900083851862097,0,0,0,0,0,0,1
2023-06-07 02:00:00,0.01612828,0.0033873733333333327,0.0060785206746726776,0.004254964472270874,0.009117781012009017,0.018235562024018034,0.007642337805604207,-0.0008675911389375416,0.01250515434534235,-0.005730407678675685,0.021622935357351367,-0.014848188690684702,0,0,0,0,0,0,1
2023-06-07 03:00:00,0.01643531,0.0041297625,0.006541132582200419,0.004578792807540293,0.009811698873300629,0.019623397746601257,0.008708555307540293,-0.00044903030754029315,0.013941461373300629,-0.0056819363733006285,0.023753160246601256,-0.015493635246601257,0,0,0,0,0,0,1
2023-06-07 04:00:00,0.01609302,0.004924429583333333,0.0067935929690737034,0.004755515078351592,0.010190389453610555,0.02038077890722111,0.009679944661684925,0.00016891450498174136,0.015114819036943887,-0.0052659598702772216,0.025305208490554443,-0.015456349323887775,0,0,0,0,0,0,1
2023-06-07 05:00:00,0.01560861,0.005675005416666667,0.006942071428971253,0.004859450000279876,0.01041310714345688,0.02082621428691376,0.010534455416946543,0.0008155554163867904,0.016088112560123546,-0.004738101726790213,0.026501219703580426,-0.015151208870247092,0,0,0,0,0,1,0
2023-06-07 06:00:00,0.01537546,0.006418759583333333,0.006987038291906622,0.004890926804334636,0.010480557437859934,0.020961114875719868,0.011309686387667968,0.001527832778998697,0.016899317021193266,-0.004061797854526601,0.0273798744590532,-0.014542355292386535,0,0,0,0,0,1,0
2023-06-07 07:00:00,0.01528948,0.007190115833333332,0.00689762160010619,0.004828335120074333,0.010346432400159285,0.02069286480031857,0.012018450953407665,0.0023617807132589996,0.017536548233492617,-0.0031563165668259527,0.027882980633651903,-0.013502748966985237,0,0,0,0,0,1,0
2023-06-07 08:00:00,0.00998146,0.007668405833333333,0.006663012400038655,0.004664108680027058,0.009994518600057983,0.019989037200115967,0.012332514513360392,0.003004297153306275,0.017662924433391316,-0.00232611276672465,0.0276574430334493,-0.012320631366782634,0,0,0,0,1,0,0
2023-06-07 09:00:00,0.00974073,0.008118938749999999,0.006406956661530066,0.004484869663071046,0.0096104349922951,0.0192208699845902,0.012603808413071044,0.003634069086928953,0.0177293737422951,-0.0014914962422951008,0.027339808734590198,-0.0111019312345902,0,0,0,0,1,0,0
2023-06-07 10:00:00,0.00929001,0.008548412916666666,0.006106310602846067,0.004274417421992247,0.0091594659042691,0.0183189318085382,0.012822830338658914,0.0042739954946744195,0.017707878820935767,-0.0006110529876024329,0.026867344725204863,-0.009770518891871532,0,0,0,0,1,0,0
2023-06-07 11:00:00,0.0089881,0.008960705833333334,0.005764629161058824,0.004035240412741176,0.008646943741588236,0.017293887483176472,0.01299594624607451,0.004925465420592158,0.01760764957492157,0.00031376209174509805,0.026254593316509804,-0.008333181649843138,0,0,0,0,1,0,0
2023-06-07 12:00:00,0.00898826,0.009344613333333333,0.005422932827193973,0.003796052979035781,0.00813439924079096,0.01626879848158192,0.013140666312369114,0.005548560354297552,0.017479012574124292,0.0012102140925423725,0.025613411814915256,-0.006924185148248588,0,0,1,0,0,0,0
2023-06-07 13:00:00,0.00882546,0.00969632,0.00507939468167907,0.0035555762771753486,0.007619092022518605,0.01523818404503721,0.013251896277175348,0.006140743722824651,0.017315412022518604,0.0020772279774813945,0.02493450404503721,-0.005541864045037211,0,0,1,0,0,0,0
2023-06-07 14:00:00,0.00848071,0.01001065875,0.004735522596626406,0.003314865817638484,0.007103283894939609,0.014206567789879217,0.013325524567638483,0.006695792932361516,0.01711394264493961,0.0029073748550603913,0.02421722653987922,-0.004195909039879217,0,0,1,0,0,0,0
2023-06-07 15:00:00,0.00780321,0.010293792916666667,0.004362288163349584,0.0030536017143447084,0.006543432245024376,0.013086864490048752,0.013347394631011375,0.0072401912023219595,0.016837225161691043,0.0037503606716422916,0.023380657406715417,-0.0027930715733820843,0,0,1,0,0,0,0
2023-06-07 16:00:00,0.00869071,0.010521127916666666,0.004113488649996747,0.0028794420549977224,0.0061702329749951206,0.012340465949990241,0.013400569971664389,0.007641685861668943,0.01669136089166179,0.0043508949416715455,0.022861593866656905,-0.001819338033323575,0,0,1,0,0,0,0
2023-06-07 17:00:00,0.00869494,0.010728570416666666,0.0038739650412492914,0.0027117755288745037,0.005810947561873937,0.011621895123747873,0.013440345945541169,0.008016794887792163,0.016539517978540603,0.00491762285479273,0.02235046554041454,-0.000893324707081207,0,0,1,0,0,0,0
2023-06-07 18:00:00,0.00882872,0.010925774166666666,0.0036347224088336657,0.002544305686183566,0.005452083613250499,0.010904167226500998,0.01347007985285023,0.0083814684804831,0.016377857779917165,0.005473690553416167,0.021829941393167664,2.1606940165667943e-05,0,0,1,0,0,0,0
2023-06-07 19:00:00,0.00902659,0.0111237,0.0033770960913096925,0.0023639672639167845,0.005065644136964539,0.010131288273929078,0.013487667263916784,0.008759732736083216,0.01618934413696454,0.006058055863035461,0.021254988273929076,0.0009924117260709225,0,0,1,0,0,0,0
2023-06-07 20:00:00,0.00903865,0.011189865416666667,0.0033170257966122596,0.0023219180576285817,0.004975538694918389,0.009951077389836778,0.013511783474295248,0.008867947359038085,0.016165404111585055,0.0062143267217482775,0.021140942806503443,0.0012387880268298884,0,0,1,0,0,0,0
2023-06-07 21:00:00,0.0092095,0.011232026666666667,0.003283601520896218,0.0022985210646273525,0.004925402281344327,0.009850804562688654,0.013530547731294019,0.008933505602039316,0.016157428948010994,0.00630662438532234,0.021082831229355323,0.0013812221039780134,0,0,1,0,0,0,0
2023-06-07 22:00:00,0.00907494,0.011243575833333333,0.003275143961587198,0.0022926007731110384,0.004912715942380797,0.009825431884761595,0.013536176606444371,0.008950975060222296,0.01615629177571413,0.006330859890952536,0.021069007718094928,0.0014181439485717387,0,0,1,0,0,0,0
2023-06-07 23:00:00,0.00931465,0.011242761249999999,0.0032756418963528233,0.002292949327446976,0.004913462844529235,0.00982692568905847,0.013535710577446975,0.008949811922553022,0.016156224094529235,0.006329298405470763,0.021069686939058467,0.0014158355609415283,0,0,1,0,0,0,0
2023-06-08 00:00:00,0.00712427,0.0109030625,0.0032617890898137985,0.0022832523628696587,0.004892683634720698,0.009785367269441396,0.013186314862869659,0.00861981013713034,0.0157957461347207,0.006010378865279302,0.020688429769441394,0.0011176952305586036,0,1,0,0,0,0,0
2023-06-08 01:00:00,0.00751944,0.010564604583333333,0.0031687411584838308,0.0022181188109386815,0.004753111737725746,0.009506223475451492,0.012782723394272014,0.008346485772394652,0.015317716321059079,0.005811492845607587,0.020070828058784823,0.0010583811078818412,0,1,0,0,0,0,0
2023-06-08 02:00:00,0.00736981,0.010199668333333333,0.0029999791105644806,0.0020999853773951364,0.004499968665846721,0.008999937331693441,0.01229965371072847,0.008099682955938197,0.014699636999180053,0.005699699667486613,0.019199605665026775,0.001199731001639892,0,1,0,0,0,0,0
2023-06-08 03:00:00,0.00712236,0.00981162875,0.0027502563012078,0.0019251794108454598,0.0041253844518117,0.0082507689036234,0.01173680816084546,0.007886449339154541,0.0139370132018117,0.0056862442981883005,0.0180623976536234,0.0015608598463766003,0,1,0,0,0,0,0
2023-06-08 04:00:00,0.00610037,0.009395268333333333,0.002503275638125362,0.0017522929466877533,0.003754913457188043,0.007509826914376086,0.011147561280021086,0.00764297538664558,0.013150181790521376,0.00564035487614529,0.016905095247709417,0.0018854414189572472,0,1,0,0,0,0,0
2023-06-08 05:00:00,0.0063497,0.009009480416666667,0.0021990594963647624,0.0015393416474553335,0.0032985892445471436,0.006597178489094287,0.010548822064122,0.007470138769211333,0.01230806966121381,0.005710891172119523,0.015606658905760955,0.0024123019275723795,0,1,0,0,0,0,0
2023-06-08 06:00:00,0.00609295,0.008622709166666668,0.0018131774535662692,0.0012692242174963883,0.002719766180349404,0.005439532360698808,0.009891933384163056,0.007353484949170279,0.011342475347016072,0.0059029429863172635,0.014062241527365476,0.0031831768059678595,0,1,0,0,0,0,0
2023-06-08 07:00:00,0.00558657,0.00821842125,0.0012591340264756748,0.0008813938185329723,0.0018887010397135122,0.0037774020794270244,0.009099815068532972,0.007337027431467027,0.010107122289713511,0.0063297202102864875,0.011995823329427025,0.004441019170572975,1,0,0,0,0,0,0
2023-06-08 08:00:00,0.00642863,0.008070386666666667,0.0012516724602521468,0.0008761707221765027,0.0018775086903782203,0.0037550173807564405,0.00894655738884317,0.007194215944490164,0.009947895357044887,0.006192877976288447,0.011825404047423108,0.004315369285910226,0,1,0,0,0,0,0
2023-06-08 09:00:00,0.0061583,0.00792111875,0.0012574131053954168,0.0008801891737767916,0.001886119658093125,0.00377223931618625,0.00880130792377679,0.007040929576223208,0.009807238408093125,0.006034999091906874,0.011693358066186248,0.004148879433813749,0,1,0,0,0,0,0
2023-06-08 10:00:00,0.005936,0.0077813683333333335,0.0012847453885385422,0.0008993217719769794,0.0019271180828078134,0.0038542361656156267,0.008680690105310312,0.006882046561356354,0.009708486416141146,0.0058542502505255205,0.01163560449894896,0.003927132167717707,0,1,0,0,0,0,0
2023-06-08 11:00:00,0.00593467,0.007654142083333333,0.0013109694948528112,0.0009176786463969677,0.001966454242279217,0.003932908484558434,0.008571820729730301,0.006736463436936365,0.00962059632561255,0.005687687841054116,0.011587050567891766,0.0037212335987748995,0,1,0,0,0,0,0
2023-06-08 12:00:00,0.0063852,0.007545681250000001,0.0013034528846317857,0.0009124170192422499,0.0019551793269476786,0.003910358653895357,0.00845809826924225,0.006633264230757751,0.00950086057694768,0.005590501923052322,0.011456039903895359,0.003635322596104644,0,1,0,0,0,0,0
2023-06-08 13:00:00,0.00603351,0.00742935,0.001308846055374579,0.0009161922387622052,0.0019632690830618687,0.003926538166123737,0.008345542238762205,0.006513157761237795,0.00939261908306187,0.005466080916938131,0.011355888166123738,0.003502811833876263,0,1,0,0,0,0,0
2023-06-08 14:00:00,0.00632305,0.0073394474999999995,0.0013075924896317405,0.0009153147427422183,0.001961388734447611,0.003922777468895222,0.008254762242742218,0.006424132757257782,0.00930083623444761,0.005378058765552389,0.011262224968895222,0.0034166700311047777,0,1,0,0,0,0,0
2023-06-08 15:00:00,0.00695662,0.0073041729166666665,0.0013059558362680018,0.0009141690853876012,0.0019589337544020026,0.003917867508804005,0.008218342002054268,0.0063900038312790656,0.00926310667106867,0.005345239162264663,0.011222040425470672,0.0033863054078626612,0,0,1,0,0,0,0
2023-06-08 16:00:00,0.0070289,0.007234930833333333,0.0012728809803506504,0.0008910166862454552,0.0019093214705259757,0.0038186429410519513,0.00812594751957879,0.006343914147087878,0.00914425230385931,0.005325609362807357,0.011053573774385286,0.003416287892281382,0,0,1,0,0,0,0
2023-06-08 17:00:00,0.00688476,0.007159506666666666,0.0012356948283197828,0.0008649863798238479,0.0018535422424796743,0.0037070844849593485,0.008024493046490513,0.006294520286842818,0.00901304890914634,0.005305964424186992,0.010866591151626014,0.0034524221817073173,0,0,1,0,0,0,0
2023-06-08 18:00:00,0.00743384,0.007101386666666667,0.001185557555512135,0.0008298902888584945,0.0017783363332682027,0.0035566726665364054,0.007931276955525162,0.0062714963778081724,0.008879722999934869,0.005323050333398464,0.010658059333203072,0.0035447140001302613,0,0,0,0,1,0,0
2023-06-08 19:00:00,0.00796283,0.007057063333333333,0.0011289876545274473,0.0007902913581692131,0.001693481481791171,0.003386962963582342,0.007847354691502545,0.00626677197516412,0.008750544815124503,0.005363581851542162,0.010444026296915675,0.003670100369750991,0,0,0,0,0,1,0
2023-06-08 20:00:00,0.00834056,0.007027976249999999,0.0010838031753678914,0.0007586622227575239,0.001625704763051837,0.003251409526103674,0.007786638472757523,0.006269314027242475,0.008653681013051836,0.0054022714869481625,0.010279385776103673,0.003776566723896325,0,0,0,0,0,1,0
2023-06-08 21:00:00,0.0083996,0.006994230416666667,0.0010238768930095907,0.0007167138251067134,0.001535815339514386,0.003071630679028772,0.007710944241773381,0.006277516591559953,0.008530045756181054,0.0054584150771522805,0.01006586109569544,0.003922599737637895,0,0,0,0,0,1,0
2023-06-08 22:00:00,0.00862121,0.006975325,0.0009873236057447896,0.0006911265240213527,0.0014809854086171846,0.002961970817234369,0.007666451524021353,0.0062841984759786475,0.008456310408617185,0.005494339591382815,0.00993729581723437,0.004013354182765631,0,0,0,0,0,0,1
2023-06-08 23:00:00,0.00828776,0.006932537916666666,0.000899920003744206,0.0006299440026209442,0.001349880005616309,0.002699760011232618,0.007562481919287611,0.0063025939140457215,0.008282417922282976,0.005582657911050357,0.009632297927899283,0.004232777905434048,0,0,0,0,0,0,1
2023-06-09 00:00:00,0.00805271,0.006971222916666668,0.0009280366349894009,0.0006496256444925806,0.0013920549524841013,0.0027841099049682027,0.007620848561159249,0.006321597272174087,0.00836327786915077,0.005579167964182567,0.00975533282163487,0.004187113011698465,0,0,0,0,0,1,0
2023-06-09 01:00:00,0.00809234,0.0069950937500000004,0.0009498622748900299,0.0006649035924230209,0.0014247934123350447,0.0028495868246700895,0.007659997342423021,0.0063301901575769795,0.008419887162335046,0.005570300337664955,0.00984468057467009,0.004145506925329911,0,0,0,0,0,1,0
2023-06-09 02:00:00,0.00777516,0.007011983333333333,0.0009603605922128345,0.0006722524145489841,0.0014405408883192516,0.0028810817766385033,0.007684235747882317,0.006339730918784348,0.008452524221652585,0.0055714424450140805,0.009893065109971837,0.004130901556694829,0,0,0,0,0,1,0
2023-06-09 03:00:00,0.00694929,0.007004772083333333,0.0009601455083837073,0.0006721018558685951,0.001440218262575561,0.002880436525151122,0.007676873939201928,0.0063326702274647375,0.008444990345908893,0.0055645538207577715,0.009885208608484455,0.00412433555818221,0,0,1,0,0,0,0
2023-06-09 04:00:00,0.00532212,0.0069723450000000005,0.0010041514839990101,0.0007029060387993071,0.0015062272259985152,0.0030124544519970304,0.007675251038799308,0.006269438961200693,0.008478572225998515,0.005466117774001486,0.009984799451997031,0.00395989054800297,1,0,0,0,0,0,0
2023-06-09 05:00:00,0.00529121,0.006928241249999999,0.001054662719188565,0.0007382639034319955,0.0015819940787828476,0.0031639881575656953,0.007666505153431994,0.006189977346568004,0.008510235328782846,0.005346247171217152,0.010092229407565694,0.0037642530924343037,1,0,0,0,0,0,0
2023-06-09 06:00:00,0.00584818,0.0069180425,0.001064231379346054,0.0007449619655422378,0.001596347069019081,0.003192694138038162,0.007663004465542238,0.006173080534457762,0.00851438956901908,0.005321695430980919,0.010110736638038163,0.003725348361961838,0,1,0,0,0,0,0
2023-06-09 07:00:00,0.00574439,0.006924618333333333,0.001056103116600257,0.00073927218162018,0.0015841546749003855,0.003168309349800771,0.007663890514953513,0.006185346151713153,0.008508773008233718,0.005340463658432947,0.010092927683134103,0.0037563089835325617,0,1,0,0,0,0,0
2023-06-09 08:00:00,0.00416529,0.0068303125000000004,0.0011943267977518892,0.0008360287584263223,0.0017914901966278338,0.0035829803932556675,0.007666341258426323,0.005994283741573678,0.008621802696627835,0.005038822303372167,0.010413292893255668,0.003247332106744333,1,0,0,0,0,0,0
2023-06-09 09:00:00,0.00443525,0.00675851875,0.0012848379842688839,0.0008993865889882186,0.0019272569764033258,0.0038545139528066517,0.007657905338988219,0.005859132161011782,0.008685775726403326,0.0048312617735966745,0.010613032702806651,0.0029040047971933486,1,0,0,0,0,0,0
2023-06-09 10:00:00,0.00460141,0.006702910833333333,0.001349250454553319,0.0009444753181873232,0.0020238756818299784,0.004047751363659957,0.007647386151520656,0.00575843551514601,0.008726786515163312,0.004679035151503355,0.01075066219699329,0.0026551594696733764,1,0,0,0,0,0,0
2023-06-09 11:00:00,0.00487256,0.00665865625,0.0013922761018837638,0.0009745932713186346,0.0020884141528256456,0.004176828305651291,0.007633249521318634,0.005684062978681365,0.008747070402825645,0.004570242097174354,0.010835484555651292,0.0024818279443487084,0,1,0,0,0,0,0
2023-06-09 12:00:00,0.00554187,0.0066235174999999995,0.001410006980473785,0.0009870048863316494,0.0021150104707106775,0.004230020941421355,0.007610522386331649,0.00563651261366835,0.008738527970710678,0.004508507029289322,0.010853538441421354,0.0023934965585786444,0,1,0,0,0,0,0
2023-06-09 13:00:00,0.00570323,0.006609755833333334,0.001417607104825405,0.0009923249733777835,0.0021264106572381077,0.004252821314476215,0.007602080806711117,0.005617430859955551,0.008736166490571441,0.004483345176095227,0.01086257714780955,0.0023569345188571185,0,0,1,0,0,0,0
2023-06-09 14:00:00,0.00573957,0.006585444166666667,0.0014277051449697888,0.000999393601478852,0.002141557717454683,0.004283115434909366,0.007584837768145519,0.0055860505651878145,0.00872700188412135,0.004443886449211984,0.010868559601576032,0.0023023287317573008,0,0,1,0,0,0,0
2023-06-09 15:00:00,0.0056848,0.006532451666666667,0.0014369027236557429,0.00100583190655902,0.002155354085483614,0.004310708170967228,0.007538283573225687,0.005526619760107647,0.008687805752150281,0.004377097581183053,0.010843159837633894,0.002221743495699439,0,0,1,0,0,0,0
2023-06-09 16:00:00,0.01105329,0.006700134583333333,0.0017068220392219427,0.0011947754274553599,0.002560233058832914,0.005120466117665828,0.007894910010788693,0.005505359155877973,0.009260367642166248,0.0041399015245004184,0.011820600700999162,0.0015796684656675048,0,0,0,0,0,0,1
2023-06-09 17:00:00,0.01155106,0.00689456375,0.0019736820580630835,0.0013815774406441582,0.0029605230870946254,0.005921046174189251,0.008276141190644157,0.005512986309355841,0.009855086837094625,0.0039340406629053744,0.012815609924189252,0.000973517575810749,0,0,0,0,0,0,1
2023-06-09 18:00:00,0.01221728,0.00709387375,0.0022523589750107413,0.0015766512825075188,0.0033785384625161117,0.0067570769250322234,0.00867052503250752,0.005517222467492481,0.010472412212516113,0.0037153352874838884,0.013850950675032224,0.0003367968249677767,0,0,0,0,0,0,1
2023-06-09 19:00:00,0.01293377,0.0073009962500000004,0.0025452555319684087,0.001781678872377886,0.0038178832979526133,0.007635766595905227,0.009082675122377886,0.005519317377622114,0.011118879547952614,0.003483112952047387,0.014936762845905227,-0.0003347703459052262,0,0,0,0,0,0,1
2023-06-09 20:00:00,0.01400799,0.007537139166666666,0.002885994972361344,0.0020201964806529408,0.004328992458542016,0.008657984917084032,0.009557335647319606,0.005516942686013725,0.011866131625208682,0.0032081467081246495,0.0161951240837507,-0.0011208457504173668,0,0,0,0,0,0,1
2023-06-09 21:00:00,0.01395956,0.007768804166666667,0.003167647893595389,0.002217353525516772,0.004751471840393083,0.009502943680786167,0.00998615769218344,0.005551450641149895,0.01252027600705975,0.003017332326273584,0.017271747847452834,-0.0017341395141194996,0,0,0,0,0,0,1
2023-06-09 22:00:00,0.01378004,0.007983755416666667,0.0033948894242836385,0.002376422596998547,0.005092334136425458,0.010184668272850916,0.010360178013665214,0.005607332819668119,0.013076089553092125,0.0028914212802412086,0.018168423689517585,-0.0022009128561842495,0,0,0,0,0,0,1
2023-06-09 23:00:00,0.0135301,0.00820218625,0.0035789586621710005,0.0025052710635197002,0.005368437993256501,0.010736875986513001,0.0107074573135197,0.0056969151864803,0.013570624243256502,0.0028337482567434994,0.018939062236513003,-0.0025346897365130013,0,0,0,0,0,1,0
2023-06-10 00:00:00,0.01007891,0.00828661125,0.0035991208127919678,0.0025193845689543775,0.0053986812191879514,0.010797362438375903,0.010805995818954377,0.005767226681045621,0.01368529246918795,0.0028879300308120477,0.019083973688375902,-0.0025107511883759037,0,0,0,0,1,0,0
2023-06-10 01:00:00,0.00955968,0.008347750416666666,0.003608128957226739,0.002525690270058717,0.005412193435840108,0.010824386871680216,0.010873440686725383,0.005822060146607948,0.013759943852506774,0.0029355569808265577,0.01917213728834688,-0.0024766364550135502,0,0,0,0,1,0,0
2023-06-10 02:00:00,0.00876834,0.008389132916666667,0.003606971575064869,0.002524880102545408,0.005410457362597303,0.010820914725194607,0.010914013019212075,0.005864252814121259,0.01379959027926397,0.0029786755540693634,0.019210047641861273,-0.00243178180852794,0,0,0,0,1,0,0
2023-06-10 03:00:00,0.00814317,0.008438877916666665,0.003594461750040498,0.0025161232250283487,0.005391692625060747,0.010783385250121494,0.010955001141695014,0.005922754691638317,0.013830570541727413,0.0030471852916059182,0.01922226316678816,-0.002344507333454829,0,0,1,0,0,0,0
2023-06-10 04:00:00,0.00823556,0.00856027125,0.0035333015558100486,0.002473311089067034,0.005299952333715073,0.010599904667430146,0.011033582339067033,0.0060869601609329655,0.013860223583715072,0.0032603189162849263,0.019160175917430147,-0.0020396334174301468,0,0,1,0,0,0,0
2023-06-10 05:00:00,0.00804522,0.008675021666666666,0.0034666081021375683,0.0024266256714962978,0.005199912153206352,0.010399824306412704,0.011101647338162964,0.006248395995170368,0.01387493381987302,0.003475109513460314,0.01907484597307937,-0.0017248026397460384,0,0,1,0,0,0,0
2023-06-10 06:00:00,0.0072888,0.0087350475,0.0034277870422554525,0.0023994509295788167,0.005141680563383179,0.010283361126766357,0.011134498429578817,0.006335596570421184,0.013876728063383179,0.003593366936616822,0.019018408626766358,-0.0015483136267663566,0,0,1,0,0,0,0
2023-06-10 07:00:00,0.00702389,0.00878836,0.003388981291890329,0.00237228690432323,0.005083471937835493,0.010166943875670987,0.01116064690432323,0.00641607309567677,0.013871831937835494,0.003704888062164507,0.018955303875670987,-0.0013785838756709863,0,0,1,0,0,0,0
2023-06-10 08:00:00,0.00406673,0.008784253333333334,0.003394881539874366,0.002376417077912056,0.005092322309811549,0.010184644619623097,0.01116067041124539,0.006407836255421278,0.013876575643144883,0.003691931023521785,0.01896889795295643,-0.0014003912862897636,0,1,0,0,0,0,0
2023-06-10 09:00:00,0.0043095,0.00877901375,0.0034019751547297353,0.0023813826083108145,0.005102962732094603,0.010205925464189206,0.011160396358310815,0.0063976311416891855,0.013881976482094603,0.0036760510179053973,0.018984939214189207,-0.0014269117141892055,0,1,0,0,0,0,0
2023-06-10 10:00:00,0.00427613,0.008765460416666667,0.0034199426913193373,0.002393959883923536,0.005129914036979006,0.010259828073958012,0.011159420300590204,0.006371500532743131,0.013895374453645673,0.0036355463796876614,0.01902528849062468,-0.0014943676572913445,0,1,0,0,0,0,0
2023-06-10 11:00:00,0.00395227,0.008727114999999999,0.003470277671532808,0.0024291943700729653,0.005205416507299212,0.010410833014598424,0.011156309370072965,0.0062979206299270335,0.013932531507299211,0.0035216984927007866,0.01913794801459842,-0.0016837180145984256,0,1,0,0,0,0,0
2023-06-10 12:00:00,-0.00151405,0.008433118333333333,0.004008937198366833,0.002806256038856783,0.006013405797550249,0.012026811595100498,0.011239374372190115,0.005626862294476551,0.014446524130883582,0.0024197125357830838,0.02045992992843383,-0.0035936932617671655,1,0,0,0,0,0,0
2023-06-10 13:00:00,-0.00136994,0.008138402916666666,0.004453671527495219,0.0031175700692466527,0.006680507291242828,0.013361014582485656,0.01125597298591332,0.005020832847420013,0.014818910207909493,0.0014578956254238376,0.021499417499152323,-0.0052226116658189905,1,0,0,0,0,0,0
2023-06-10 14:00:00,-0.00140697,0.007840630416666666,0.0048429288362334625,0.0033900501853634238,0.007264393254350194,0.014528786508700388,0.011230680602030089,0.004450580231303242,0.015105023671016859,0.0005762371623164722,0.022369416925367053,-0.006688156092033722,1,0,0,0,0,0,0
2023-06-10 15:00:00,-0.00106628,0.007559335416666667,0.005159320298725728,0.0036115242091080096,0.007738980448088593,0.015477960896177185,0.011170859625774677,0.003947811207558657,0.01529831586475526,-0.0001796450314219258,0.023037296312843854,-0.007918625479510518,1,0,0,0,0,0,0
2023-06-10 16:00:00,0.00111166,0.0071451008333333335,0.005264623977732158,0.0036852367844125104,0.007896935966598236,0.015793871933196472,0.010830337617745843,0.003459864048920823,0.01504203679993157,-0.0007518351332649028,0.022938972766529807,-0.008648771099863138,0,1,0,0,0,0,0
2023-06-10 17:00:00,0.00136944,0.006720866666666666,0.005304225142060499,0.003712957599442349,0.007956337713090749,0.015912675426181497,0.010433824266109015,0.0030079090672243173,0.014677204379757416,-0.0012354710464240826,0.022633542092848163,-0.009191808759514832,0,1,0,0,0,0,0
2023-06-10 18:00:00,0.00151808,0.0062750666666666665,0.005271701426667446,0.003690190998667212,0.007907552140001169,0.015815104280002337,0.009965257665333878,0.0025848756679994543,0.014182618806667834,-0.0016324854733345022,0.022090170946669003,-0.009540037613335672,0,1,0,0,0,0,0
2023-06-10 19:00:00,0.00149206,0.005798328750000001,0.005159513594102956,0.003611659515872069,0.007739270391154435,0.01547854078230887,0.00940998826587207,0.0021866692341279315,0.013537599141154436,-0.001940941641154434,0.02127686953230887,-0.009680212032308868,0,1,0,0,0,0,0
2023-06-10 20:00:00,0.00412943,0.005386722083333333,0.004861534720027684,0.0034030743040193785,0.007292302080041526,0.014584604160083052,0.008789796387352711,0.001983647779313955,0.01267902416337486,-0.0019055799967081927,0.019971326243416385,-0.009197882076749719,0,0,1,0,0,0,0
2023-06-10 21:00:00,0.00391879,0.004968356666666666,0.004511119209020878,0.0031577834463146146,0.006766678813531317,0.013533357627062634,0.008126140112981281,0.001810573220352051,0.011735035480197983,-0.0017983221468646513,0.0185017142937293,-0.008565000960395967,0,0,1,0,0,0,0
2023-06-10 22:00:00,0.00376738,0.0045511625,0.004105531149008674,0.002873871804306072,0.006158296723513011,0.012316593447026023,0.007425034304306072,0.001677290695693928,0.010709459223513011,-0.0016071342235130116,0.016867755947026022,-0.007765430947026023,0,0,1,0,0,0,0
2023-06-10 23:00:00,0.00351502,0.0041338675,0.0036352555570643786,0.002544678889945065,0.005452883335596568,0.010905766671193137,0.006678546389945065,0.001589188610054935,0.00958675083559657,-0.0013190158355965683,0.015039634171193136,-0.0067718991711931366,0,0,1,0,0,0,0
2023-06-11 00:00:00,5.572e-05,0.003716234583333333,0.0034956410796615355,0.0024469487557630745,0.005243461619492303,0.010486923238984607,0.006163183339096408,0.0012692858275702586,0.008959696202825636,-0.0015272270361589703,0.01420315782231794,-0.006770688655651273,0,1,0,0,0,0,0
2023-06-11 01:00:00,0.00108043,0.0033629325,0.0033025321352723553,0.0023117724946906484,0.004953798202908533,0.009907596405817065,0.0056747049946906485,0.0010511600053093517,0.008316730702908533,-0.0015908657029085325,0.013270528905817066,-0.006544663905817065,0,0,1,0,0,0,0
2023-06-11 02:00:00,0.00115597,0.0030457504166666663,0.0031214006851948153,0.0021849804796363705,0.004682101027792223,0.009364202055584445,0.005230730896303036,0.0008607699370302957,0.007727851444458889,-0.0016363506111255564,0.012409952472251112,-0.006318451638917779,0,0,1,0,0,0,0
2023-06-11 03:00:00,0.00128188,0.0027598633333333327,0.0029433659356441237,0.0020603561549508865,0.004415048903466185,0.00883009780693237,0.004820219488284219,0.0006995071783824462,0.007174912236799518,-0.0016551855701328524,0.011589961140265703,-0.0060702344735990375,0,0,1,0,0,0,0
2023-06-11 04:00:00,0.00148564,0.0024786166666666666,0.0027106895347152097,0.0018974826743006466,0.004066034302072814,0.008132068604145629,0.004376099340967313,0.00058113399236602,0.006544650968739481,-0.0015874176354061477,0.010610685270812294,-0.005653451937478962,0,0,1,0,0,0,0
2023-06-11 05:00:00,0.00141768,0.0022024691666666664,0.002443345921076838,0.0017103421447537865,0.0036650188816152573,0.0073300377632305146,0.003912811311420453,0.0004921270219128799,0.005867488048281924,-0.0014625497149485908,0.009532506929897181,-0.005127568596563848,0,0,1,0,0,0,0
2023-06-11 06:00:00,0.00142441,0.001958119583333333,0.0021929755162167167,0.0015350828613517017,0.003289463274325075,0.00657892654865015,0.0034932024446850344,0.0004230367219816313,0.0052475828576584085,-0.0013313436909917421,0.008537046131983483,-0.004620806965316818,0,0,1,0,0,0,0
2023-06-11 07:00:00,0.00144786,0.0017257849999999999,0.0019100772515677454,0.0013370540760974216,0.002865115877351618,0.005730231754703236,0.0030628390760974213,0.00038873092390257825,0.004590900877351618,-0.0011393308773516183,0.007456016754703236,-0.004004446754703237,0,0,1,0,0,0,0
2023-06-11 08:00:00,0.00348519,0.0017015541666666664,0.0018825800834306571,0.00131780605840146,0.0028238701251459856,0.005647740250291971,0.0030193602250681265,0.0003837481082652064,0.004525424291812652,-0.0011223159584793192,0.007349294416958638,-0.0039461860836253046,0,0,0,0,0,1,0
2023-06-11 09:00:00,0.00328338,0.0016587991666666667,0.0018317418469503042,0.0012822192928652128,0.002747612770425456,0.005495225540850912,0.0029410184595318797,0.00037657987380145387,0.0044064119370921225,-0.0010888136037587894,0.0071540247075175785,-0.0038364263741842456,0,0,0,0,0,1,0
2023-06-11 10:00:00,0.00325007,0.0016160466666666666,0.0017792188564786924,0.0012454531995350845,0.0026688282847180385,0.005337656569436077,0.002861499866201751,0.0003705934671315821,0.004284874951384705,-0.0010527816180513718,0.006953703236102744,-0.0037216099027694103,0,0,0,0,0,1,0
2023-06-11 11:00:00,0.00291517,0.0015728341666666663,0.001731978264385467,0.0012123847850698268,0.0025979673965782005,0.005195934793156401,0.0027852189517364933,0.0003604493815968395,0.004170801563244867,-0.0010251332299115342,0.006768768959823067,-0.003623100626489735,0,0,0,0,0,1,0
2023-06-11 12:00:00,0.00373483,0.0017915375,0.0016549221032981741,0.0011584454723087218,0.002482383154947261,0.004964766309894522,0.0029499829723087217,0.0006330920276912781,0.004273920654947261,-0.0006908456549472612,0.006756303809894522,-0.0031732288098945223,0,0,0,0,0,1,0
2023-06-11 13:00:00,0.00456978,0.002039025833333333,0.0016049559775377412,0.0011234691842764188,0.0024074339663066116,0.004814867932613223,0.0031624950176097517,0.0009155566490569144,0.004446459799639944,-0.0003684081329732784,0.006853893765946556,-0.00277584209927989,0,0,0,0,0,0,1
2023-06-11 14:00:00,0.00475078,0.00229559875,0.001520070598555899,0.0010640494189891293,0.0022801058978338482,0.0045602117956676964,0.003359648168989129,0.0012315493310108706,0.004575704647833848,1.5492852166151642e-05,0.006855810545667696,-0.0022646130456676966,0,0,0,0,0,0,1
2023-06-11 15:00:00,0.00470655,0.002536133333333333,0.0014182970239467814,0.000992807916762747,0.0021274455359201723,0.004254891071840345,0.00352894125009608,0.001543325416570586,0.004663578869253506,0.0004086877974131607,0.006791024405173677,-0.0017187577385070116,0,0,0,0,0,0,1
2023-06-11 16:00:00,0.00342646,0.0026325833333333327,0.0013957438899107719,0.0009770207229375402,0.002093615834866158,0.004187231669732316,0.003609604056270873,0.0016555626103957925,0.004726199168199491,0.0005389674984671747,0.006819815003065648,-0.0015546483363989834,0,0,0,0,1,0,0
2023-06-11 17:00:00,0.00388039,0.00273720625,0.0013910445032008826,0.0009737311522406177,0.0020865667548013236,0.004173133509602647,0.0037109374022406176,0.0017634750977593824,0.004823773004801324,0.0006506394951986765,0.006910339759602648,-0.0014359272596026471,0,0,0,0,0,1,0
2023-06-11 18:00:00,0.00402919,0.0028418358333333325,0.0013897970985970952,0.0009728579690179666,0.0020846956478956426,0.004169391295791285,0.003814693802351299,0.0018689778643153658,0.004926531481228975,0.0007571401854376898,0.007011227129124617,-0.0013275554624579528,0,0,0,0,0,1,0
2023-06-11 19:00:00,0.00402574,0.002947405833333333,0.00137899744788339,0.0009652982135183729,0.002068496171825085,0.00413699234365017,0.003912704046851706,0.00198210761981496,0.005015902005158418,0.0008789096615082481,0.007084398176983503,-0.0011895865103168368,0,0,0,0,0,1,0
2023-06-11 20:00:00,0.00530196,0.00299626125,0.001442025158989711,0.0010094176112927975,0.0021630377384845665,0.004326075476969133,0.004005678861292798,0.0019868436387072024,0.005159298988484566,0.0008332235115154334,0.007322336726969133,-0.001329814226969133,0,0,0,0,0,0,1
2023-06-11 21:00:00,0.00533161,0.00305512875,0.0015086225529740399,0.0010560357870818278,0.0022629338294610597,0.004525867658922119,0.004111164537081827,0.0019990929629181723,0.005318062579461059,0.0007921949205389402,0.00758099640892212,-0.0014707389089221195,0,0,0,0,0,0,1
2023-06-11 22:00:00,0.00527964,0.0031181395833333333,0.0015699975888142277,0.0010989983121699593,0.0023549963832213416,0.004709992766442683,0.004217137895503292,0.002019141271163374,0.005473135966554675,0.0007631432001119916,0.007828132349776017,-0.00159185318310935,0,0,0,0,0,1,0
2023-06-11 23:00:00,0.00519931,0.0031883183333333335,0.0016251833439784535,0.0011376283407849173,0.00243777501596768,0.00487555003193536,0.004325946674118251,0.0020506899925484164,0.005626093349301014,0.0007505433173656535,0.008063868365268694,-0.0016872316986020265,0,0,0,0,0,1,0
2023-06-12 00:00:00,0.00763368,0.003504066666666667,0.0017232857963398655,0.0012063000574379058,0.0025849286945097984,0.005169857389019597,0.004710366724104573,0.002297766609228761,0.006088995361176465,0.0009191379721568685,0.008673924055686264,-0.00166579072235293,0,0,0,0,0,0,1
2023-06-12 01:00:00,0.0075928,0.0037754154166666667,0.0018342161297546288,0.0012839512908282402,0.0027513241946319432,0.0055026483892638865,0.005059366707494907,0.0024914641258384266,0.00652673961129861,0.0010240912220347235,0.009278063805930553,-0.0017272329725972198,0,0,0,0,0,0,1
2023-06-12 02:00:00,0.00772234,0.004049014166666667,0.0019144779217569949,0.0013401345452298964,0.0028717168826354923,0.005743433765270985,0.005389148711896563,0.00270887962143677,0.006920731049302159,0.0011772972840311743,0.009792447931937651,-0.001694419598604318,0,0,0,0,0,0,1
2023-06-12 03:00:00,0.00780727,0.004320905416666666,0.001967048665046379,0.001376934065532465,0.0029505729975695684,0.005901145995139137,0.005697839482199131,0.0029439713511342012,0.007271478414236235,0.0013703324190970979,0.010222051411805804,-0.0015802405784724706,0,0,0,0,0,0,1
2023-06-12 04:00:00,0.00763126,0.0045769729166666665,0.0019818686208847693,0.0013873080346193385,0.002972802931327154,0.005945605862654308,0.0059642809512860055,0.003189664882047328,0.007549775847993821,0.0016041699853395126,0.010522578779320974,-0.0013686329459876414,0,0,0,0,0,0,1
2023-06-12 05:00:00,0.00755557,0.004832718333333334,0.0019522634123357889,0.0013665843886350522,0.0029283951185036833,0.005856790237007367,0.006199302721968386,0.0034661339446982816,0.0077611134518370175,0.0019043232148296505,0.0106895085703407,-0.0010240719036740328,0,0,0,0,0,1,0
2023-06-12 06:00:00,0.00733502,0.00507899375,0.0018748907899993818,0.0013124235529995672,0.002812336184999073,0.005624672369998146,0.006391417302999567,0.003766570197000433,0.007891329934999074,0.002266657565000927,0.010703666119998146,-0.0005456786199981457,0,0,0,0,0,1,0
2023-06-12 07:00:00,0.00713437,0.005315931666666667,0.0017512982178190784,0.0012259087524733548,0.0026269473267286174,0.005253894653457235,0.0065418404191400215,0.004090022914193312,0.007942878993395283,0.0026889843399380492,0.0105698263201239,6.203701320943184e-05,0,0,0,0,0,1,0
2023-06-12 08:00:00,0.00471687,0.005367251666666666,0.0017129442655814736,0.0011990609859070314,0.0025694163983722104,0.005138832796744421,0.006566312652573698,0.004168190680759635,0.007936668065038876,0.002797835268294456,0.010506084463411086,0.00022841886992224555,0,0,1,0,0,0,0
2023-06-12 09:00:00,0.00470821,0.005426619583333333,0.0016614990732219078,0.0011630493512553353,0.0024922486098328616,0.004984497219665723,0.0065896689345886685,0.004263570232077997,0.007918868193166194,0.002934370973500471,0.010411116802999056,0.00044212236366760957,0,0,1,0,0,0,0
2023-06-12 10:00:00,0.00469585,0.005486860416666666,0.0016043809861492557,0.001123066690304479,0.0024065714792238834,0.004813142958447767,0.006609927106971145,0.004363793726362187,0.007893431895890549,0.0030802889374427827,0.010300003375114433,0.0006737174582188993,0,0,1,0,0,0,0
2023-06-12 11:00:00,0.00464929,0.005559115416666666,0.001520376323317426,0.001064263426322198,0.002280564484976139,0.004561128969952278,0.0066233788429888646,0.004494851990344468,0.007839679901642804,0.0032785509316905275,0.010120244386618944,0.0009979864467143888,0,0,1,0,0,0,0
2023-06-12 12:00:00,0.00449814,0.00559092,0.0014881983648226862,0.0010417388553758803,0.002232297547234029,0.004464595094468058,0.006632658855375881,0.004549181144624119,0.00782321754723403,0.003358622452765971,0.01005551509446806,0.0011263249055319417,0,1,0,0,0,0,0
2023-06-12 13:00:00,0.00444531,0.0055857337499999994,0.001492123383701804,0.0010444863685912626,0.0022381850755527058,0.0044763701511054115,0.006630220118591262,0.004541247381408737,0.007823918825552705,0.0033475486744472937,0.010062103901105412,0.001109363598894588,0,1,0,0,0,0,0
2023-06-12 14:00:00,0.00483503,0.005589244166666667,0.0014901714669851632,0.0010431200268896143,0.0022352572004777447,0.004470514400955489,0.006632364193556281,0.004546124139777052,0.007824501367144411,0.003353986966188922,0.010059758567622156,0.0011187297657111774,0,0,1,0,0,0,0
2023-06-12 15:00:00,0.00491555,0.0055979524999999995,0.0014853918794898518,0.0010397743156428962,0.002228087819234778,0.004456175638469556,0.006637726815642895,0.004558178184357104,0.007826040319234777,0.0033698646807652217,0.010054128138469554,0.001141776861530444,0,0,1,0,0,0,0
2023-06-12 16:00:00,0.00677594,0.0057375141666666666,0.0014287690609841078,0.0010001383426888753,0.0021431535914761615,0.004286307182952323,0.006737652509355542,0.004737375823977791,0.007880667758142827,0.003594360575190505,0.010023821349618989,0.0014512069837143435,0,0,0,0,0,1,0
2023-06-12 17:00:00,0.00674087,0.005856700833333333,0.001385776275358742,0.0009700433927511192,0.002078664413038113,0.004157328826076226,0.006826744226084452,0.004886657440582214,0.007935365246371446,0.0037780364202952203,0.010014029659409559,0.0016993720072571075,0,0,0,0,1,0,0
2023-06-12 18:00:00,0.00707341,0.005983543333333334,0.0013500900813413442,0.0009450630569389409,0.0020251351220120163,0.004050270244024033,0.006928606390272275,0.005038480276394393,0.00800867845534535,0.003958408211321318,0.010033813577357366,0.0019332730893093014,0,0,0,0,0,1,0
2023-06-12 19:00:00,0.00747685,0.006127339583333333,0.0013158533100202194,0.0009210973170141535,0.0019737799650303292,0.0039475599300606585,0.007048436900347487,0.005206242266319179,0.008101119548363662,0.004153559618303004,0.010074899513393992,0.0021797796532726744,0,0,0,0,0,1,0
2023-06-12 20:00:00,0.00896217,0.006279848333333333,0.0014237214928723631,0.000996605045010654,0.002135582239308545,0.00427116447861709,0.007276453378343988,0.005283243288322679,0.008415430572641878,0.004144266094024789,0.010551012811950422,0.002008683854716244,0,0,0,0,0,0,1
2023-06-12 21:00:00,0.00953179,0.006454855833333333,0.0015542579960195226,0.0010879805972136658,0.0023313869940292838,0.0046627739880585675,0.007542836430546998,0.005366875236119667,0.008786242827362616,0.004123468839304049,0.0111176298213919,0.0017920818452747652,0,0,0,0,0,0,1
2023-06-12 22:00:00,0.01006489,0.006654241250000001,0.0016972947462879486,0.001188106322401564,0.002545942119431923,0.005091884238863846,0.007842347572401565,0.0054661349275984365,0.009200183369431923,0.004108299130568078,0.011746125488863847,0.0015623570111361548,0,0,0,0,0,0,1
2023-06-12 23:00:00,0.01042686,0.006872055833333332,0.001832506102349223,0.0012827542716444562,0.0027487591535238346,0.005497518307047669,0.008154810104977789,0.005589301561688876,0.009620814986857167,0.004123296679809497,0.012369574140381001,0.001374537526285663,0,0,0,0,0,0,1
2023-06-13 00:00:00,0.01078725,0.007003454583333333,0.0019953217783845066,0.0013967252448691546,0.00299298266757676,0.00598596533515352,0.008400179828202488,0.005606729338464178,0.009996437250910093,0.004010471915756573,0.012989419918486853,0.0010174892481798134,0,0,0,0,0,0,1
2023-06-13 01:00:00,0.01095976,0.0071437445833333335,0.0021508621193170197,0.0015056034835219138,0.0032262931789755296,0.006452586357951059,0.008649348066855248,0.00563814109981142,0.010370037762308864,0.003917451404357804,0.013596330941284393,0.0006911582253822744,0,0,0,0,0,0,1
2023-06-13 02:00:00,0.01140418,0.007297154583333333,0.002318681099097696,0.0016230767693683871,0.003478021648646544,0.006956043297293088,0.008920231352701721,0.005674077813964946,0.010775176231979877,0.003819132934686789,0.014253197880626421,0.00034111128604024515,0,0,0,0,0,0,1
2023-06-13 03:00:00,0.01209756,0.007475916666666666,0.002516650812279082,0.0017616555685953574,0.0037749762184186232,0.0075499524368372465,0.009237572235262025,0.005714261098071309,0.01125089288508529,0.003700940448248043,0.015025869103503913,-7.403577017058016e-05,0,0,0,0,0,0,1
2023-06-13 04:00:00,0.01235525,0.0076727495833333334,0.002706876474015413,0.001894813531810789,0.0040603147110231195,0.008120629422046239,0.009567563115144123,0.005777936051522544,0.011733064294356454,0.003612434872310214,0.01579337900537957,-0.00044787983871290554,0,0,0,0,0,0,1
2023-06-13 05:00:00,0.0119697,0.007856671666666667,0.0028450058568835115,0.001991504099818458,0.004267508785325267,0.008535017570650534,0.009848175766485126,0.005865167566848209,0.012124180451991935,0.0035891628813414,0.0163916892373172,-0.0006783459039838673,0,0,0,0,0,1,0
2023-06-13 06:00:00,0.01149159,0.008029862083333334,0.002936901459684254,0.0020558310217789776,0.004405352189526381,0.008810704379052762,0.010085693105112311,0.0059740310615543565,0.012435214272859714,0.0036245098938069526,0.016840566462386096,-0.0007808422957194285,0,0,0,0,0,1,0
2023-06-13 07:00:00,0.01108699,0.008194554583333333,0.00299475724782201,0.0020963300734754067,0.004492135871733015,0.00898427174346603,0.01029088465680874,0.006098224509857926,0.012686690455066348,0.0037024187116003176,0.017178826326799363,-0.0007897171601326976,0,0,0,0,0,1,0
2023-06-13 08:00:00,0.0114889,0.0084767225,0.0029717854716172307,0.0020802498301320613,0.004457678207425846,0.008915356414851692,0.010556972330132062,0.006396472669867939,0.012934400707425846,0.004019044292574154,0.017392078914851693,-0.0004386339148516917,0,0,0,0,0,1,0
2023-06-13 09:00:00,0.01171969,0.0087688675,0.0029295457978050087,0.002050682058463506,0.004394318696707513,0.008788637393415026,0.010819549558463506,0.006718185441536493,0.013163186196707512,0.004374548803292486,0.017557504893415024,-1.9769893415027065e-05,0,0,0,0,0,1,0
2023-06-13 10:00:00,0.01160867,0.009056901666666665,0.0028504413518575917,0.001995308946300314,0.004275662027786387,0.008551324055572775,0.011052210612966979,0.007061592720366352,0.013332563694453053,0.004781239638880278,0.01760822572223944,0.0005055776110938909,0,0,0,0,0,1,0
2023-06-13 11:00:00,0.0113246,0.009335039583333333,0.00272455919066534,0.0019071914334657378,0.00408683878599801,0.00817367757199602,0.011242231016799071,0.007427848149867595,0.013421878369331343,0.0052482007973353225,0.017508717155329354,0.0011613620113373122,0,0,0,0,0,1,0
2023-06-13 12:00:00,0.01105804,0.00960836875,0.0025410905299758945,0.001778763370983126,0.003811635794963842,0.007623271589927684,0.011387132120983126,0.007829605379016875,0.013420004544963842,0.005796732955036158,0.017231640339927683,0.0019850971600723164,0,0,0,0,1,0,0
2023-06-13 13:00:00,0.01149414,0.00990207,0.002315758418771928,0.0016210308931403495,0.003473637628157892,0.006947275256315784,0.01152310089314035,0.008281039106859652,0.013375707628157893,0.006428432371842109,0.016849345256315783,0.002954794743684217,0,0,0,0,1,0,0
2023-06-13 14:00:00,0.01209278,0.01020447625,0.002087983000369774,0.0014615881002588416,0.003131974500554661,0.006263949001109322,0.011666064350258841,0.00874288814974116,0.013336450750554662,0.007072501749445339,0.016468425251109323,0.003940527248890678,0,0,0,0,0,1,0
2023-06-13 15:00:00,0.01225957,0.010510477083333332,0.0017970491806859864,0.0012579344264801904,0.0026955737710289795,0.005391147542057959,0.011768411509813522,0.009252542656853142,0.013206050854362312,0.007814903312304352,0.01590162462539129,0.005119329541275373,0,0,0,0,0,1,0
2023-06-13 16:00:00,0.01002332,0.010645784583333333,0.0016168546001848636,0.0011317982201294046,0.0024252819002772955,0.004850563800554591,0.011777582803462737,0.009513986363203929,0.013071066483610628,0.008220502683056038,0.015496348383887925,0.005795220782778742,0,0,1,0,0,0,0
2023-06-13 17:00:00,0.01020282,0.0107900325,0.0013921443110016835,0.0009745010177011784,0.0020882164665025254,0.004176432933005051,0.011764533517701178,0.009815531482298821,0.012878248966502526,0.008701816033497473,0.01496646543300505,0.006613599566994949,0,0,1,0,0,0,0
2023-06-13 18:00:00,0.00996311,0.010910436666666667,0.0011627945927644837,0.0008139562149351386,0.0017441918891467256,0.0034883837782934512,0.011724392881601806,0.010096480451731529,0.012654628555813393,0.009166244777519941,0.014398820444960119,0.007422052888373215,0,1,0,0,0,0,0
2023-06-13 19:00:00,0.00969589,0.011002896666666666,0.0009458957765855182,0.0006621270436098627,0.0014188436648782774,0.0028376873297565547,0.011665023710276529,0.010340769623056804,0.012421740331544943,0.00958405300178839,0.013840583996423222,0.00816520933691011,0,1,0,0,0,0,0
2023-06-13 20:00:00,0.00925719,0.011015189166666668,0.0009197786304650411,0.0006438450413255287,0.0013796679456975617,0.0027593358913951234,0.011659034207992197,0.01037134412534114,0.01239485711236423,0.009635521220969107,0.01377452505806179,0.008255853275271546,1,0,0,0,0,0,0
2023-06-13 21:00:00,0.00845877,0.01097048,0.0010160594129838304,0.0007112415890886813,0.0015240891194757457,0.0030481782389514913,0.011681721589088681,0.010259238410911318,0.012494569119475746,0.009446390880524253,0.01401865823895149,0.007922301761048509,1,0,0,0,0,0,0
2023-06-13 22:00:00,0.00781295,0.010876649166666667,0.0011920618938625956,0.0008344433257038169,0.0017880928407938935,0.003576185681587787,0.011711092492370484,0.01004220584096285,0.01266474200746056,0.009088556325872774,0.014452834848254454,0.00730046348507888,1,0,0,0,0,0,0
2023-06-13 23:00:00,0.00736315,0.010748994583333333,0.0013899411205639633,0.0009729587843947743,0.0020849116808459448,0.0041698233616918896,0.011721953367728107,0.009776035798938558,0.012833906264179278,0.008664082902487387,0.014918817945025222,0.006579171221641443,1,0,0,0,0,0,0
2023-06-14 00:00:00,0.00790758,0.010629008333333334,0.0015059474539238463,0.0010541632177466923,0.0022589211808857696,0.004517842361771539,0.011683171551080026,0.009574845115586641,0.012887929514219104,0.008370087152447563,0.015146850695104873,0.0061111659715617946,1,0,0,0,0,0,0
2023-06-14 01:00:00,0.00750436,0.010485033333333333,0.0016327853929716104,0.0011429497750801271,0.0024491780894574156,0.004898356178914831,0.01162798310841346,0.009342083558253205,0.012934211422790748,0.008035855243875917,0.015383389512248165,0.005586677154418501,1,0,0,0,0,0,0
2023-06-14 02:00:00,0.00757238,0.010325375,0.0017238060424058126,0.0012066642296840687,0.002585709063608719,0.005171418127217438,0.011532039229684068,0.009118710770315931,0.012911084063608719,0.00773966593639128,0.015496793127217436,0.005153956872782562,1,0,0,0,0,0,0
2023-06-14 03:00:00,0.00740597,0.010129892083333333,0.0017792258628647418,0.0012454581040053192,0.0026688387942971127,0.005337677588594225,0.011375350187338653,0.008884433979328013,0.012798730877630445,0.007461053289036221,0.01546756967192756,0.004792214494739108,1,0,0,0,0,0,0
2023-06-14 04:00:00,0.00676338,0.0098968975,0.0018402284565669307,0.0012881599195968515,0.002760342684850396,0.005520685369700792,0.011185057419596852,0.008608737580403147,0.012657240184850396,0.007136554815149604,0.015417582869700791,0.004376212130299208,1,0,0,0,0,0,0
2023-06-14 05:00:00,0.00694698,0.0096876175,0.0018794366174289098,0.001315605632200237,0.0028191549261433646,0.005638309852286729,0.011003223132200238,0.008372011867799763,0.012506772426143365,0.006868462573856636,0.01532592735228673,0.004049307647713271,0,1,0,0,0,0,0
2023-06-14 06:00:00,0.00711231,0.0095051475,0.0019090322006605103,0.0013363225404623572,0.0028635483009907653,0.005727096601981531,0.010841470040462358,0.008168824959537642,0.012368695800990766,0.006641599199009234,0.01523224410198153,0.0037780508980184693,0,1,0,0,0,0,0
2023-06-14 07:00:00,0.00720467,0.009343384166666666,0.0019334947487767114,0.001353446324143698,0.002900242123165067,0.005800484246330134,0.010696830490810364,0.007989937842522969,0.012243626289831734,0.006443142043501599,0.015143868412996801,0.003542899920336532,0,1,0,0,0,0,0
2023-06-14 08:00:00,0.0072901,0.009168434166666668,0.0019208399693384115,0.001344587978536888,0.0028812599540076174,0.005762519908015235,0.010513022145203556,0.00782384618812978,0.012049694120674286,0.0062871742126590505,0.014930954074681903,0.003405914258651433,0,1,0,0,0,0,0
2023-06-14 09:00:00,0.00745275,0.008990645,0.0018712638422176936,0.0013098846895523853,0.0028068957633265402,0.0056137915266530804,0.010300529689552385,0.007680760310447615,0.01179754076332654,0.00618374923667346,0.01460443652665308,0.00337685347334692,0,1,0,0,0,0,0
2023-06-14 10:00:00,0.00734063,0.008812809999999999,0.0018135593174461303,0.0012694915222122912,0.0027203389761691955,0.005440677952338391,0.010082301522212291,0.007543318477787708,0.011533148976169194,0.006092471023830804,0.014253487952338391,0.003372132047661608,0,1,0,0,0,0,0
2023-06-14 11:00:00,0.00748963,0.008653019583333333,0.001750476519044437,0.0012253335633311058,0.0026257147785666555,0.005251429557133311,0.009878353146664439,0.007427686020002227,0.011278734361899988,0.006027304804766678,0.013904449140466645,0.0034015900262000217,0,0,1,0,0,0,0
2023-06-14 12:00:00,0.0083642,0.00854077625,0.001674265484269381,0.0011719858389885665,0.0025113982264040715,0.005022796452808143,0.009712762088988566,0.007368790411011433,0.01105217447640407,0.006029378023595928,0.013563572702808143,0.003517979797191857,0,0,1,0,0,0,0
2023-06-14 13:00:00,0.00816485,0.008402055833333333,0.001552416287477488,0.0010866914012342415,0.002328624431216232,0.004657248862432464,0.009488747234567574,0.007315364432099092,0.010730680264549566,0.006073431402117101,0.013059304695765796,0.003744806970900869,0,0,1,0,0,0,0
2023-06-14 14:00:00,0.00814266,0.0082374675,0.0013388121477159389,0.0009371685034011572,0.0020082182215739085,0.004016436443147817,0.009174636003401158,0.007300298996598843,0.01024568572157391,0.006229249278426091,0.012253903943147817,0.004221031056852183,0,0,1,0,0,0,0
2023-06-14 15:00:00,0.00821588,0.008068980416666666,0.001029298224492457,0.0007205087571447199,0.0015439473367386855,0.003087894673477371,0.008789489173811386,0.007348471659521946,0.009612927753405352,0.00652503307992798,0.011156875090144038,0.004981085743189295,0,0,0,0,1,0,0
2023-06-14 16:00:00,0.00741444,0.007960277083333333,0.0009485193771139925,0.0006639635639797947,0.0014227790656709887,0.0028455581313419774,0.008624240647313128,0.007296313519353539,0.009383056149004322,0.006537498017662345,0.01080583521467531,0.005114718951991356,0,0,1,0,0,0,0
2023-06-14 17:00:00,0.00726326,0.007837795416666666,0.0008285566044213772,0.000579989623094964,0.0012428349066320658,0.0024856698132641316,0.00841778503976163,0.007257805793571702,0.009080630323298733,0.0065949605100346,0.010323465229930797,0.005352125603402535,0,0,1,0,0,0,0
2023-06-14 18:00:00,0.00745281,0.007733199583333333,0.0006965231619263274,0.00048756621334842913,0.001044784742889491,0.002089569485778982,0.008220765796681762,0.007245633369984903,0.008777984326222824,0.006688414840443841,0.009822769069112315,0.00564363009755435,0,0,1,0,0,0,0
2023-06-14 19:00:00,0.00761327,0.00764642375,0.0005571601984350099,0.0003900121389045069,0.0008357402976525148,0.0016714805953050296,0.008036435888904507,0.007256411611095493,0.008482164047652514,0.0068106834523474855,0.00931790434530503,0.00597494315469497,0,0,1,0,0,0,0
2023-06-14 20:00:00,0.00751016,0.007573630833333333,0.00043920187904405506,0.0003074413153308385,0.0006588028185660825,0.001317605637132165,0.007881072148664172,0.007266189518002495,0.008232433651899415,0.006914828014767251,0.008891236470465498,0.006256025196201168,0,0,1,0,0,0,0
2023-06-14 21:00:00,0.00665382,0.007498424583333333,0.0004355654888411346,0.0003048958421887942,0.0006533482332617019,0.0013066964665234039,0.007803320425522127,0.007193528741144539,0.008151772816595034,0.006845076350071631,0.008805121049856738,0.006191728116809929,1,0,0,0,0,0,0
2023-06-14 22:00:00,0.00597203,0.007421719583333333,0.0005296940956527808,0.0003707858669569465,0.0007945411434791712,0.0015890822869583424,0.00779250545029028,0.007050933716376387,0.008216260726812504,0.006627178439854162,0.009010801870291676,0.00583263729637499,1,0,0,0,0,0,0
2023-06-14 23:00:00,0.00550467,0.007344282916666667,0.0006587530518664267,0.00046112713630649867,0.00098812957779964,0.00197625915559928,0.007805410052973165,0.006883155780360168,0.008332412494466307,0.006356153338867026,0.009320542072265948,0.005368023761067387,1,0,0,0,0,0,0
2023-06-15 00:00:00,0.00262317,0.007124099166666666,0.001157002137730244,0.0008099014964111708,0.001735503206595366,0.003471006413190732,0.007934000663077836,0.006314197670255495,0.008859602373262032,0.0053885959600713,0.010595105579857399,0.0036530927534759337,1,0,0,0,0,0,0
2023-06-15 01:00:00,0.00267268,0.006922779166666666,0.0014668342316582776,0.0010267839621607943,0.0022002513474874163,0.004400502694974833,0.00794956312882746,0.005895995204505872,0.009123030514154083,0.004722527819179249,0.011323281861641499,0.0025222764716918335,1,0,0,0,0,0,0
2023-06-15 02:00:00,0.00277264,0.00672279,0.0016853413937473617,0.001179738975623153,0.0025280120906210424,0.005056024181242085,0.007902528975623154,0.005543051024376847,0.009250802090621043,0.004194777909378958,0.011778814181242086,0.0016667658187579154,1,0,0,0,0,0,0
2023-06-15 03:00:00,0.00297786,0.006538285416666667,0.0018423684934721907,0.0012896579454305334,0.002763552740208286,0.005527105480416572,0.0078279433620972,0.005248627471236134,0.009301838156874954,0.003774732676458381,0.01206539089708324,0.0010111799362500949,1,0,0,0,0,0,0
2023-06-15 04:00:00,-7.4e-06,0.006256169583333333,0.0022741896222467123,0.0015919327355726986,0.0034112844333700687,0.006822568866740137,0.007848102318906031,0.004664236847760635,0.009667454016703401,0.002844885149963264,0.013078738450073471,-0.0005663992834068045,1,0,0,0,0,0,0
2023-06-15 05:00:00,4.274e-05,0.005968492916666666,0.0025968030803671296,0.0018177621562569905,0.0038952046205506944,0.007790409241101389,0.0077862550729236564,0.004150730760409675,0.00986369753721736,0.0020732882961159715,0.013758902157768056,-0.0018219163244347228,1,0,0,0,0,0,0
2023-06-15 06:00:00,0.00084888,0.0057075166666666665,0.002784783153696207,0.001949348207587345,0.0041771747305443105,0.008354349461088621,0.007656864874254011,0.0037581684590793215,0.009884691397210977,0.001530341936122356,0.014061866127755288,-0.0026468327944219544,1,0,0,0,0,0,0
2023-06-15 07:00:00,0.00171295,0.005478695,0.0028803975127930518,0.0020162782589551362,0.004320596269189578,0.008641192538379156,0.007494973258955135,0.0034624167410448633,0.009799291269189579,0.0011580987308104215,0.014119887538379155,-0.0031624975383791566,0,1,0,0,0,0,0
2023-06-15 08:00:00,0.00871532,0.005538079166666667,0.0029335672300474075,0.002053497061033185,0.004400350845071111,0.008800701690142222,0.007591576227699852,0.003484582105633482,0.009938430011737779,0.001137728321595556,0.01433878085680889,-0.003262622523475555,0,0,0,0,0,1,0
2023-06-15 09:00:00,0.01143298,0.0057039220833333334,0.0031509666041197783,0.0022056766228838445,0.0047264499061796675,0.009452899812359335,0.007909598706217179,0.003498245460449489,0.010430371989513,0.000977472177153666,0.015156821895692668,-0.0037489777290260016,0,0,0,0,0,0,1
2023-06-15 10:00:00,0.01533748,0.006037124166666667,0.003705575356813758,0.0025939027497696304,0.0055583630352206365,0.011116726070441273,0.008631026916436298,0.0034432214168970366,0.011595487201887304,0.00047876113144603057,0.01715385023710794,-0.005079601903774606,0,0,0,0,0,0,1
2023-06-15 11:00:00,0.01508029,0.006353401666666667,0.0041340997695241645,0.002893869838666915,0.006201149654286246,0.012402299308572493,0.009247271505333582,0.003459531827999752,0.012554551320952914,0.00015225201238042076,0.01875570097523916,-0.0060488976419058255,0,0,0,0,0,0,1
2023-06-15 12:00:00,0.01596304,0.00667002,0.004563483927043312,0.0031944387489303183,0.006845225890564968,0.013690451781129936,0.009864458748930318,0.0034755812510696813,0.013515245890564968,-0.00017520589056496845,0.020360471781129937,-0.0070204317811299365,0,0,0,0,0,0,1
2023-06-15 13:00:00,0.01493924,0.006952286249999999,0.004859849562544464,0.003401894693781125,0.007289774343816696,0.014579548687633392,0.010354180943781124,0.0035503915562188743,0.014242060593816695,-0.00033748809381669697,0.02153183493763339,-0.007627262437633393,0,0,0,0,0,0,1
2023-06-15 14:00:00,0.01430408,0.007209012083333333,0.0050830804367841004,0.00355815630574887,0.007624620655176151,0.015249241310352301,0.010767168389082203,0.003650855777584463,0.014833632738509484,-0.0004156085718428175,0.022458253393685634,-0.008040229227018969,0,0,0,0,0,1,0
2023-06-15 15:00:00,0.01387948,0.007444995416666666,0.005260236805447304,0.0036821657638131124,0.007890355208170956,0.015780710416341912,0.011127161180479779,0.0037628296528535534,0.015335350624837622,-0.00044535979150429027,0.023225705833008578,-0.008335714999675246,0,0,0,0,0,1,0
2023-06-15 16:00:00,0.01004781,0.007554719166666667,0.005286968662278258,0.0037008780635947804,0.007930452993417388,0.015860905986834775,0.011255597230261448,0.0038538411030718867,0.015485172160084056,-0.00037573382675072046,0.023415625153501443,-0.008306186820168107,0,0,0,0,1,0,0
2023-06-15 17:00:00,0.00947847,0.007647019583333334,0.005300977225917043,0.0037106840581419298,0.007951465838875564,0.015902931677751128,0.011357703641475264,0.003936335525191403,0.015598485422208899,-0.0003044462555422305,0.023549951261084463,-0.008255912094417794,0,0,0,0,1,0,0
2023-06-15 18:00:00,0.0083883,0.007685998333333333,0.0053029261188514715,0.00371204828319603,0.007954389178277208,0.015908778356554416,0.011398046616529363,0.003973950050137303,0.01564038751161054,-0.0002683908449438756,0.02359477668988775,-0.008222780023221084,0,0,0,0,1,0,0
2023-06-15 19:00:00,0.0078934,0.007697670416666667,0.0053030673693385535,0.003712147158536987,0.00795460105400783,0.01590920210801566,0.011409817575203655,0.0039855232581296795,0.015652271470674495,-0.0002569306373411632,0.023606872524682326,-0.008211531691348993,0,0,0,0,1,0,0
2023-06-15 20:00:00,0.00757201,0.0077002475,0.005302987312488207,0.0037120911187417446,0.00795448096873231,0.01590896193746462,0.011412338618741745,0.0039881563812582555,0.01565472846873231,-0.00025423346873230945,0.02360920943746462,-0.008208714437464619,0,0,1,0,0,0,0
2023-06-15 21:00:00,0.00709085,0.007718457083333334,0.0052999873203437185,0.0037099911242406028,0.007949980980515577,0.015899961961031155,0.011428448207573936,0.004008465959092732,0.015668438063848912,-0.0002315238971822434,0.02361841904436449,-0.00818150487769782,0,0,1,0,0,0,0
2023-06-15 22:00:00,0.00668875,0.007748320416666667,0.005291731836904488,0.003704212285833141,0.007937597755356731,0.015875195510713463,0.011452532702499808,0.004044108130833526,0.0156859181720234,-0.00018927733869006456,0.02362351592738013,-0.008126875094046797,0,0,1,0,0,0,0
2023-06-15 23:00:00,0.00680259,0.007802400416666667,0.005274409266285889,0.0036920864864001222,0.007911613899428833,0.015823227798857666,0.01149448690306679,0.004110313930266544,0.0157140143160955,-0.00010921348276216655,0.023625628215524334,-0.008020827382190999,0,0,1,0,0,0,0
2023-06-16 00:00:00,0.00944579,0.00808667625,0.005165869753437977,0.0036161088274065836,0.007748804630156965,0.01549760926031393,0.011702785077406585,0.004470567422593417,0.015835480880156967,0.0003378716198430354,0.023584285510313933,-0.00741093301031393,0,0,0,0,1,0,0
2023-06-16 01:00:00,0.00944794,0.00836897875,0.005040754980909898,0.0035285284866369286,0.007561132471364847,0.015122264942729695,0.011897507236636929,0.004840450263363072,0.015930111221364847,0.0008078462786351532,0.023491243692729695,-0.006753286192729694,0,0,0,0,1,0,0
2023-06-16 02:00:00,0.00945027,0.008647213333333334,0.004900772271200839,0.003430540589840587,0.0073511584068012585,0.014702316813602517,0.012077753923173921,0.005216672743492747,0.015998371740134593,0.0012960549265320755,0.023349530146935853,-0.006055103480269183,0,0,0,0,1,0,0
2023-06-16 03:00:00,0.00953925,0.008920604583333333,0.004751495962273795,0.003326047173591656,0.007127243943410693,0.014254487886821385,0.012246651756924989,0.005594557409741677,0.016047848526744027,0.0017933606399226408,0.02317509247015472,-0.005333883303488052,0,0,0,0,1,0,0
2023-06-16 04:00:00,0.00981089,0.0093297,0.004355561881953974,0.003048893317367782,0.006533342822930961,0.013066685645861923,0.012378593317367782,0.006280806682632218,0.01586304282293096,0.0027963571770690384,0.022396385645861924,-0.003736985645861923,0,0,0,0,1,0,0
2023-06-16 05:00:00,0.01000514,0.0097448,0.0038808579563825055,0.0027166005694677538,0.005821286934573758,0.011642573869147516,0.012461400569467753,0.007028199430532246,0.015566086934573758,0.003923513065426242,0.021387373869147516,-0.0018977738691475163,0,0,0,0,1,0,0
2023-06-16 06:00:00,0.00991064,0.010122373333333332,0.0033871430587837097,0.0023710001411485966,0.005080714588175565,0.01016142917635113,0.012493373474481928,0.007751373192184736,0.015203087921508898,0.005041658745157767,0.02028380250968446,-3.9055843017797576e-05,0,0,1,0,0,0,0
2023-06-16 07:00:00,0.00942912,0.010443880416666667,0.0028828908527884153,0.0020180235969518906,0.004324336279182623,0.008648672558365246,0.012461904013618557,0.008425856819714778,0.01476821669584929,0.006119544137484044,0.019092552975031915,0.0017952078583014213,0,0,1,0,0,0,0
2023-06-16 08:00:00,0.00790133,0.010409964166666666,0.002908782850250653,0.0020361479951754567,0.004363174275375979,0.008726348550751958,0.012446112161842122,0.00837381617149121,0.014773138442042644,0.0060467898912906866,0.019136312717418624,0.0016836156159147075,0,1,0,0,0,0,0
2023-06-16 09:00:00,0.00778307,0.010257884583333333,0.0029481190848432847,0.002063683359390299,0.004422178627264927,0.008844357254529854,0.012321567942723632,0.008194201223943034,0.014680063210598261,0.005835705956068406,0.019102241837863188,0.0014135273288034787,0,1,0,0,0,0,0
2023-06-16 10:00:00,0.00759699,0.009935364166666667,0.0027872687699780456,0.0019510881389846319,0.004180903154967068,0.008361806309934137,0.011886452305651298,0.007984276027682036,0.014116267321633735,0.0057544610116995985,0.018297170476600802,0.0015735578567325301,0,1,0,0,0,0,0
2023-06-16 11:00:00,0.00749938,0.009619492916666667,0.002602282535057452,0.0018215977745402161,0.0039034238025861777,0.007806847605172355,0.011441090691206883,0.00779789514212645,0.013522916719252844,0.005716069114080489,0.017426340521839022,0.0018126453114943111,0,1,0,0,0,0,0
2023-06-16 12:00:00,0.00760553,0.009271263333333333,0.002252131703503936,0.0015764921924527552,0.003378197555255904,0.006756395110511808,0.010847755525786089,0.007694771140880578,0.012649460888589238,0.005893065778077429,0.01602765844384514,0.002514868222821525,0,1,0,0,0,0,0
2023-06-16 13:00:00,0.00800495,0.008982334583333333,0.0019125706585503327,0.0013387994609852327,0.002868855987825499,0.005737711975650998,0.010321134044318565,0.0076435351223481,0.011851190571158831,0.006113478595507834,0.014720046558984332,0.003244622607682335,0,0,1,0,0,0,0
2023-06-16 14:00:00,0.00876414,0.00875150375,0.001540470787445284,0.0010783295512116987,0.002310706181167926,0.004621412362335852,0.0098298333012117,0.007673174198788301,0.011062209931167927,0.006440797568832074,0.013372916112335853,0.004130091387664148,0,0,0,0,1,0,0
2023-06-16 15:00:00,0.00934444,0.00856254375,0.0010989846598202005,0.0007692892618741404,0.0016484769897303008,0.0032969539794606016,0.00933183301187414,0.0077932544881258595,0.0102110207397303,0.0069140667602697,0.011859497729460601,0.005265589770539399,0,0,0,0,0,1,0
2023-06-16 16:00:00,0.01277388,0.008676129999999999,0.001367294068535436,0.0009571058479748052,0.002050941102803154,0.004101882205606308,0.009633235847974804,0.007719024152025194,0.010727071102803153,0.006625188897196845,0.012778012205606308,0.004574247794393691,0,0,0,0,0,0,1
2023-06-16 17:00:00,0.01280672,0.008814807083333332,0.0016010161566207563,0.0011207113096345293,0.0024015242349311344,0.004803048469862269,0.009935518392967862,0.007694095773698803,0.011216331318264466,0.0064132828484021985,0.013617855553195602,0.004011758613471064,0,0,0,0,0,0,1
2023-06-16 18:00:00,0.01434798,0.009063127083333332,0.0019550269582539843,0.0013685188707777888,0.0029325404373809765,0.005865080874761953,0.010431645954111122,0.007694608212555543,0.011995667520714308,0.006130586645952356,0.014928207958095286,0.0031980462085713793,0,0,0,0,0,0,1
2023-06-16 19:00:00,0.01539662,0.00937576125,0.0023248011370443538,0.0016273607959310476,0.0034872017055665307,0.006974403411133061,0.011003122045931048,0.007748400454068952,0.01286296295556653,0.005888559544433469,0.016350164661133062,0.0024013578388669384,0,0,0,0,0,0,1
2023-06-16 20:00:00,0.01589537,0.009722567916666666,0.002643065500024017,0.0018501458500168118,0.0039645982500360255,0.007929196500072051,0.011572713766683477,0.007872422066649854,0.01368716616670269,0.00575796966663064,0.017651764416738717,0.001793371416594615,0,0,0,0,0,0,1
2023-06-16 21:00:00,0.01628807,0.010105785416666667,0.002899240029496453,0.002029468020647517,0.0043488600442446795,0.008697720088489359,0.012135253437314183,0.008076317396019151,0.014454645460911346,0.005756925372421988,0.018803505505156026,0.0014080653281773083,0,0,0,0,0,0,1
2023-06-16 22:00:00,0.01631552,0.010506900833333332,0.0030670185204894587,0.002146912964342621,0.004600527780734188,0.009201055561468377,0.012653813797675953,0.008359987868990712,0.015107428614067522,0.005906373052599144,0.01970795639480171,0.0013058452718649558,0,0,0,0,0,0,1
2023-06-16 23:00:00,0.01645298,0.010909000416666667,0.0031903753413086416,0.0022332627389160488,0.004785563011962962,0.009571126023925925,0.013142263155582715,0.008675737677750619,0.01569456342862963,0.006123437404703704,0.02048012644059259,0.001337874392740742,0,0,0,0,0,0,1
2023-06-17 00:00:00,0.01740268,0.0112405375,0.0034357093219181374,0.002404996525342696,0.005153563982877207,0.010307127965754413,0.013645534025342696,0.008835540974657304,0.016394101482877205,0.006086973517122793,0.021547665465754415,0.0009334095342455866,0,0,0,0,0,0,1
2023-06-17 01:00:00,0.01646981,0.011533115416666668,0.0035726722888141664,0.0025008706021699165,0.00535900843322125,0.0107180168664425,0.014033986018836585,0.009032244814496751,0.01689212384988792,0.006174106983445418,0.022251132283109168,0.0008150985502241685,0,0,0,0,0,1,0
2023-06-17 02:00:00,0.01528462,0.011776213333333334,0.003622927778288261,0.0025360494448017825,0.005434391667432391,0.010868783334864782,0.014312262778135116,0.009240163888531551,0.017210605000765725,0.006341821665900943,0.022644996668198115,0.0009074299984685522,0,0,0,0,0,1,0
2023-06-17 03:00:00,0.01449636,0.011982759583333334,0.0036311469696292385,0.002541802878740467,0.005446720454443858,0.010893440908887716,0.0145245624620738,0.009440956704592867,0.017429480037777192,0.006536039128889476,0.022876200492221048,0.001089318674445618,0,0,0,0,1,0,0
2023-06-17 04:00:00,0.01432955,0.012171037083333334,0.0036307856199252935,0.0025415499339477053,0.005446178429887941,0.010892356859775881,0.01471258701728104,0.009629487149385628,0.017617215513221277,0.0067248586534453935,0.023063393943109217,0.0012786802235574529,0,0,0,0,1,0,0
2023-06-17 05:00:00,0.01442911,0.012355369166666666,0.0036283437383622117,0.002539840616853548,0.005442515607543318,0.010885031215086636,0.014895209783520214,0.009815528549813119,0.017797884774209984,0.006912853559123348,0.023240400381753304,0.0014703379515800304,0,0,0,0,1,0,0
2023-06-17 06:00:00,0.01455713,0.012548972916666666,0.0036161694404432186,0.0025313186083102527,0.005424254160664828,0.010848508321329655,0.015080291524976919,0.010017654308356414,0.017973227077331493,0.007124718756001839,0.023397481237996322,0.001700464595337011,0,0,0,0,1,0,0
2023-06-17 07:00:00,0.0144022,0.012756184583333332,0.0035718352420216126,0.0025002846694151286,0.0053577528630324184,0.010715505726064837,0.01525646925274846,0.010255899913918204,0.01811393744636575,0.007398431720300913,0.02347169030939817,0.0020406788572684947,0,0,0,0,1,0,0
2023-06-17 08:00:00,0.01125987,0.01289612375,0.003436590283921861,0.002405613198745303,0.005154885425882791,0.010309770851765583,0.015301736948745303,0.010490510551254698,0.01805100917588279,0.007741238324117209,0.023205894601765583,0.0025863528982344175,0,0,1,0,0,0,0
2023-06-17 09:00:00,0.01128583,0.013042072083333333,0.003280853675072167,0.0022965975725505166,0.00492128051260825,0.0098425610252165,0.01533866965588385,0.010745474510782817,0.017963352595941583,0.008120791570725084,0.022884633108549834,0.003199511058116833,0,0,1,0,0,0,0
2023-06-17 10:00:00,0.01152774,0.013205853333333331,0.003089762329908043,0.00216283363093563,0.0046346434948620644,0.009269286989724129,0.015368686964268961,0.011043019702397702,0.017840496828195395,0.008571209838471268,0.02247514032305746,0.003936566343609203,0,0,1,0,0,0,0
2023-06-17 11:00:00,0.01157523,0.013375680416666666,0.002866412874974834,0.002006489012482384,0.004299619312462251,0.008599238624924501,0.015382169429149049,0.011369191404184282,0.017675299729128915,0.009076061104204416,0.021974919041591167,0.004776441791742164,0,0,1,0,0,0,0
2023-06-17 12:00:00,0.01145105,0.013535910416666666,0.002627354616389833,0.001839148231472883,0.003941031924584749,0.007882063849169499,0.01537505864813955,0.011696762185193783,0.017476942341251415,0.009594878492081918,0.021417974265836165,0.005653846567497168,0,1,0,0,0,0,0
2023-06-17 13:00:00,0.01108675,0.013664318750000001,0.0024117462306140146,0.0016882223614298102,0.0036176193459210217,0.0072352386918420435,0.01535254111142981,0.011976096388570192,0.017281938095921025,0.01004669940407898,0.020899557441842045,0.006429080058157958,0,1,0,0,0,0,0
2023-06-17 14:00:00,0.01082558,0.013750212083333331,0.002261680591141811,0.0015831764137992678,0.0033925208867127167,0.006785041773425433,0.015333388497132599,0.012167035669534063,0.017142732970046048,0.010357691196620614,0.020535253856758764,0.006965170309907898,0,1,0,0,0,0,0
2023-06-17 15:00:00,0.01089138,0.013814667916666667,0.0021499440148382643,0.0015049608103867849,0.0032249160222573964,0.006449832044514793,0.015319628727053452,0.012309707106279882,0.017039583938924064,0.01058975189440927,0.02026449996118146,0.007364835872151874,0,1,0,0,0,0,0
2023-06-17 16:00:00,0.01274456,0.01381344625,0.0021505693764388434,0.0015053985635071904,0.003225854064658265,0.00645170812931653,0.01531884481350719,0.01230804768649281,0.017039300314658265,0.010587592185341735,0.02026515437931653,0.00736173812068347,0,0,1,0,0,0,0
2023-06-17 17:00:00,0.01209951,0.013783979166666667,0.00216972307486444,0.0015188061524051078,0.00325458461229666,0.00650916922459332,0.015302785319071775,0.012265173014261558,0.017038563778963327,0.010529394554370006,0.020293148391259987,0.0072748099420733466,0,1,0,0,0,0,0
2023-06-17 18:00:00,0.0117439,0.013675475833333334,0.0022051159271781733,0.0015435811490247212,0.00330767389076726,0.00661534778153452,0.015219056982358056,0.012131894684308612,0.016983149724100595,0.010367801942566073,0.020290823614867854,0.007060128051798814,0,1,0,0,0,0,0
2023-06-17 19:00:00,0.01136072,0.013507313333333333,0.0022219791813540796,0.0015553854269478556,0.003332968772031119,0.006665937544062238,0.015062698760281188,0.011951927906385478,0.01684028210536445,0.010174344561302215,0.02017325087739557,0.006841375789271095,0,1,0,0,0,0,0
2023-06-17 20:00:00,0.01131326,0.013316392083333331,0.002204655521864291,0.0015432588653050037,0.0033069832827964368,0.0066139665655928735,0.014859650948638335,0.011773133218028328,0.016623375366129768,0.010009408800536895,0.019930358648926207,0.006702425517740458,0,1,0,0,0,0,0
2023-06-17 21:00:00,0.01152087,0.01311775875,0.0021390544680409927,0.001497338127628695,0.003208581702061489,0.006417163404122978,0.014615096877628695,0.011620420622371305,0.016326340452061487,0.00990917704793851,0.019534922154122978,0.006700595345877022,0,1,0,0,0,0,0
2023-06-17 22:00:00,0.01143144,0.012914255416666668,0.002052165449629229,0.0014365158147404604,0.0030782481744438435,0.006156496348887687,0.014350771231407128,0.011477739601926207,0.015992503591110513,0.009836007242222824,0.019070751765554353,0.006757759067778981,0,1,0,0,0,0,0
2023-06-17 23:00:00,0.01090865,0.012683241666666666,0.001945796748592163,0.001362057724014514,0.0029186951228882445,0.005837390245776489,0.014045299390681179,0.011321183942652153,0.015601936789554911,0.00976454654377842,0.018520631912443155,0.006845851420890177,0,1,0,0,0,0,0
2023-06-18 00:00:00,0.00905947,0.012335607916666666,0.001806258638947836,0.0012643810472634852,0.002709387958421754,0.005418775916843508,0.013599988963930151,0.011071226869403181,0.01504499587508842,0.009626219958244912,0.017754383833510176,0.006916831999823158,1,0,0,0,0,0,0
2023-06-18 01:00:00,0.00970876,0.012053897499999999,0.001654285096172824,0.0011579995673209767,0.002481427644259236,0.004962855288518472,0.013211897067320975,0.010895897932679022,0.014535325144259235,0.009572469855740763,0.01701675278851847,0.007091042211481527,0,1,0,0,0,0,0
2023-06-18 02:00:00,0.01008835,0.01183738625,0.0015498095158741254,0.0010848666611118878,0.002324714273811188,0.004649428547622376,0.012922252911111888,0.010752519588888112,0.014162100523811188,0.009512671976188812,0.016486814797622377,0.007187957702377624,0,1,0,0,0,0,0
2023-06-18 03:00:00,0.01038904,0.011666247916666669,0.001468044615981693,0.001027631231187185,0.0022020669239725395,0.004404133847945079,0.012693879147853854,0.010638616685479484,0.013868314840639209,0.00946418099269413,0.016070381764611747,0.00726211406872159,0,1,0,0,0,0,0
2023-06-18 04:00:00,0.01026546,0.011496910833333334,0.0013791836357722137,0.0009654285450405495,0.0020687754536583207,0.004137550907316641,0.012462339378373884,0.010531482288292784,0.013565686286991655,0.009428135379675013,0.015634461740649974,0.007359359926016692,0,1,0,0,0,0,0
2023-06-18 05:00:00,0.01020533,0.011320919999999998,0.0012524139311085474,0.0008766897517759831,0.0018786208966628211,0.0037572417933256423,0.012197609751775982,0.010444230248224015,0.01319954089666282,0.009442299103337177,0.015078161793325641,0.0075636782066743555,0,1,0,0,0,0,0
2023-06-18 06:00:00,0.01013874,0.011136820416666667,0.0010670460177415345,0.000746932212419074,0.0016005690266123018,0.0032011380532246036,0.011883752629085741,0.010389888204247593,0.012737389443278969,0.009536251390054365,0.01433795846989127,0.007935682363442064,0,1,0,0,0,0,0
2023-06-18 07:00:00,0.01006681,0.010956179166666665,0.0008310960257181385,0.0005817672180026969,0.0012466440385772077,0.0024932880771544154,0.011537946384669361,0.010374411948663969,0.012202823205243872,0.009709535128089457,0.013449467243821081,0.008462891089512248,0,1,0,0,0,0,0
2023-06-18 08:00:00,0.01100353,0.010945498333333333,0.0008286670791497987,0.0005800669554048591,0.0012430006187246982,0.0024860012374493964,0.011525565288738191,0.010365431377928475,0.01218849895205803,0.009702497714608635,0.01343149957078273,0.008459497095883936,0,0,0,0,1,0,0
2023-06-18 09:00:00,0.01091352,0.010929985416666668,0.0008254977761009641,0.0005778484432706749,0.0012382466641514462,0.0024764933283028924,0.011507833859937342,0.010352136973395994,0.012168232080818114,0.009691738752515222,0.013406478744969561,0.008453492088363775,0,0,1,0,0,0,0
2023-06-18 10:00:00,0.01064786,0.010893323750000001,0.0008172939879649063,0.0005721057915754344,0.0012259409819473594,0.0024518819638947188,0.011465429541575436,0.010321217958424566,0.012119264731947361,0.009667382768052641,0.01334520571389472,0.008441441786105282,0,0,1,0,0,0,0
2023-06-18 11:00:00,0.01055588,0.010850850833333333,0.0008067345618787536,0.0005647141933151275,0.0012101018428181305,0.002420203685636261,0.01141556502664846,0.010286136640018206,0.012060952676151464,0.009640748990515202,0.013271054518969594,0.008430647147697073,0,0,1,0,0,0,0
2023-06-18 12:00:00,0.01013088,0.01079584375,0.0008090352624808733,0.0005663246837366113,0.00121355289372131,0.00242710578744262,0.011362168433736611,0.01022951906626339,0.012009396643721311,0.00958229085627869,0.013222949537442621,0.00836873796255738,0,1,0,0,0,0,0
2023-06-18 13:00:00,0.0103007,0.010763091666666667,0.0008126492210352951,0.0005688544547247066,0.0012189738315529428,0.0024379476631058855,0.011331946121391373,0.01019423721194196,0.01198206549821961,0.009544117835113724,0.013201039329772552,0.008325144003560781,0,0,1,0,0,0,0
2023-06-18 14:00:00,0.01061939,0.010754500416666667,0.000813049689526382,0.0005691347826684674,0.001219574534289573,0.002439149068579146,0.011323635199335134,0.0101853656339982,0.01197407495095624,0.009534925882377093,0.013193649485245812,0.008315351348087521,0,0,1,0,0,0,0
2023-06-18 15:00:00,0.01082435,0.010751707499999999,0.0008126740905251418,0.0005688718633675993,0.0012190111357877128,0.0024380222715754255,0.011320579363367599,0.010182835636632399,0.011970718635787712,0.009532696364212286,0.013189729771575424,0.008313685228424574,0,0,0,0,1,0,0
2023-06-18 16:00:00,0.00702261,0.010513292916666667,0.0010164005508163701,0.0007114803855714591,0.0015246008262245552,0.0030492016524491104,0.011224773302238126,0.009801812531095208,0.012037893742891222,0.008988692090442112,0.013562494569115777,0.007464091264217557,1,0,0,0,0,0,0
2023-06-18 17:00:00,0.00684841,0.010294497083333333,0.0012073502281783998,0.0008451451597248799,0.0018110253422675996,0.0036220506845351993,0.011139642243058212,0.009449351923608454,0.012105522425600933,0.008483471741065732,0.013916547767868532,0.006672446398798134,1,0,0,0,0,0,0
2023-06-18 18:00:00,0.00715366,0.010103237083333333,0.001325553775283898,0.0009278876426987285,0.001988330662925847,0.003976661325851694,0.01103112472603206,0.009175349440634605,0.01209156774625918,0.008114906420407485,0.014079898409185027,0.006126575757481639,1,0,0,0,0,0,0
2023-06-18 19:00:00,0.00785428,0.009957135416666667,0.001373307378839037,0.0009613151651873259,0.0020599610682585554,0.004119922136517111,0.010918450581853993,0.00899582025147934,0.012017096484925223,0.007897174348408111,0.014077057553183777,0.005837213280149556,1,0,0,0,0,0,0
2023-06-18 20:00:00,0.00800923,0.0098194675,0.0013968564911171454,0.0009777995437820017,0.002095284736675718,0.004190569473351436,0.010797267043782002,0.008841667956217998,0.011914752236675718,0.007724182763324282,0.014010036973351436,0.005628898026648564,0,1,0,0,0,0,0
2023-06-18 21:00:00,0.0080825,0.009676202083333333,0.0013910813970526405,0.0009737569779368482,0.0020866220955789608,0.0041732441911579215,0.010649959061270182,0.008702445105396485,0.011762824178912295,0.007589579987754372,0.013849446274491254,0.005502957892175412,0,1,0,0,0,0,0
2023-06-18 22:00:00,0.00831184,0.00954621875,0.0013654526111825886,0.0009558168278278119,0.002048178916773883,0.004096357833547766,0.010502035577827811,0.008590401922172189,0.011594397666773882,0.007498039833226117,0.013642576583547766,0.005449860916452234,0,1,0,0,0,0,0
2023-06-18 23:00:00,0.00841491,0.009442312916666666,0.0013520857576978648,0.0009464600303885053,0.002028128636546797,0.004056257273093594,0.010388772947055171,0.00849585288627816,0.011470441553213463,0.007414184280119869,0.013498570189760261,0.005386055643573071,0,1,0,0,0,0,0
2023-06-19 00:00:00,0.01205595,0.00956716625,0.0014500005277384798,0.0010150003694169357,0.0021750007916077198,0.0043500015832154395,0.010582166619416935,0.008552165880583065,0.01174216704160772,0.00739216545839228,0.013917167833215439,0.0052171646667845606,0,0,0,0,0,0,1
2023-06-19 01:00:00,0.01202079,0.009663500833333333,0.001534176276221554,0.0010739233933550877,0.002301264414332331,0.004602528828664662,0.01073742422668842,0.008589577439978246,0.011964765247665664,0.007362236419001002,0.014266029661997994,0.005060972004668671,0,0,0,0,0,0,1
2023-06-19 02:00:00,0.01154058,0.009724010416666666,0.0015796268549647806,0.0011057387984753464,0.002369440282447171,0.004738880564894342,0.010829749215142013,0.00861827161819132,0.012093450699113838,0.007354570134219495,0.014462890981561009,0.004985129851772324,0,0,0,0,0,1,0
2023-06-19 03:00:00,0.01110778,0.009753957916666665,0.001599471549527425,0.0011196300846691974,0.0023992073242911373,0.004798414648582275,0.010873588001335862,0.008634327831997468,0.012153165240957803,0.007354750592375527,0.014552372565248939,0.00495554326808439,0,0,0,0,0,1,0
2023-06-19 04:00:00,0.01160983,0.009809973333333335,0.0016411612250362042,0.001148812857525343,0.0024617418375543062,0.0049234836751086124,0.010958786190858678,0.008661160475807991,0.01227171517088764,0.007348231495779028,0.014733457008441947,0.004886489658224722,0,0,0,0,0,1,0
2023-06-19 05:00:00,0.0111727,0.009850280416666666,0.0016630270860025383,0.0011641189602017768,0.0024945406290038073,0.004989081258007615,0.011014399376868442,0.00868616145646489,0.012344821045670473,0.007355739787662859,0.01483936167467428,0.004861199158659051,0,0,0,0,0,1,0
2023-06-19 06:00:00,0.01069735,0.009873555833333334,0.0016711292083002054,0.0011697904458101438,0.002506693812450308,0.005013387624900616,0.011043346279143478,0.00870376538752319,0.012380249645783641,0.007366862020883026,0.01488694345823395,0.004860168208432718,0,0,0,0,1,0,0
2023-06-19 07:00:00,0.01040312,0.00988756875,0.0016742273163782382,0.0011719591214647666,0.0025113409745673573,0.005022681949134715,0.011059527871464768,0.008715609628535233,0.012398909724567357,0.007376227775432643,0.014910250699134715,0.004864886800865286,0,0,0,0,1,0,0
2023-06-19 08:00:00,0.00813005,0.009767840416666666,0.0016935853290103112,0.0011855097303072179,0.002540377993515467,0.005080755987030934,0.010953350146973885,0.008582330686359448,0.012308218410182134,0.0072274624231511994,0.0148485964036976,0.004687084429635733,0,1,0,0,0,0,0
2023-06-19 09:00:00,0.00773025,0.009635204166666666,0.0017243309368586968,0.0012070316558010876,0.002586496405288045,0.00517299281057609,0.010842235822467754,0.008428172510865578,0.012221700571954711,0.007048707761378621,0.014808196977242756,0.004462211356090576,0,1,0,0,0,0,0
2023-06-19 10:00:00,0.0075688,0.00950691,0.0017598891274613138,0.0012319223892229196,0.0026398336911919707,0.005279667382383941,0.01073883238922292,0.008274987610777081,0.012146743691191971,0.006867076308808029,0.014786577382383943,0.004227242617616059,0,1,0,0,0,0,0
2023-06-19 11:00:00,0.00740618,0.0093756725,0.001795346566522447,0.0012567425965657128,0.0026930198497836706,0.005386039699567341,0.010632415096565713,0.008118929903434286,0.01206869234978367,0.006682652650216329,0.014761712199567342,0.003989632800432658,0,1,0,0,0,0,0
2023-06-19 12:00:00,0.00689204,0.009240720833333334,0.0018567877700736174,0.0012997514390515321,0.0027851816551104263,0.0055703633102208525,0.010540472272384867,0.0079409693942818,0.01202590248844376,0.0064555391782229075,0.014811084143554186,0.0036703575231124812,0,1,0,0,0,0,0
2023-06-19 13:00:00,0.00690547,0.009099252916666667,0.0019013236057535035,0.0013309265240274524,0.002851985408630255,0.00570397081726051,0.01043017944069412,0.007768326392639214,0.01195123832529692,0.0062472675080364115,0.014803223733927177,0.0033952820994061564,0,1,0,0,0,0,0
2023-06-19 14:00:00,0.00665583,0.008934104583333333,0.0019353760100547666,0.0013547632070383365,0.00290306401508215,0.0058061280301643,0.01028886779037167,0.007579341376294997,0.011837168598415482,0.006031040568251184,0.014740232613497634,0.0031279765531690333,0,1,0,0,0,0,0
2023-06-19 15:00:00,0.00693827,0.008772184583333334,0.0019329155808507294,0.0013530409065955105,0.0028993733712760943,0.005798746742552189,0.010125225489928844,0.007419143676737823,0.011671557954609429,0.005872811212057239,0.014570931325885522,0.002973437840781145,0,1,0,0,0,0,0
2023-06-19 16:00:00,0.00598584,0.008728985833333333,0.001984610996034721,0.0013892276972243048,0.002976916494052082,0.005953832988104164,0.010118213530557637,0.007339758136109028,0.011705902327385415,0.005752069339281251,0.014682818821437496,0.002775152845229169,0,1,0,0,0,0,0
2023-06-19 17:00:00,0.00626319,0.008704601666666667,0.002012125979861084,0.0014084881859027585,0.0030181889697916257,0.006036377939583251,0.010113089852569425,0.007296113480763909,0.011722790636458293,0.005686412696875042,0.01474097960624992,0.002668223727083416,0,1,0,0,0,0,0
2023-06-19 18:00:00,0.0069883,0.008697711666666667,0.002017942388115594,0.0014125596716809156,0.003026913582173391,0.006053827164346782,0.010110271338347583,0.007285151994985751,0.011724625248840059,0.0056707980844932756,0.014751538831013449,0.0026438845023198845,0,1,0,0,0,0,0
2023-06-19 19:00:00,0.00730574,0.008674855833333333,0.0020309750805097273,0.001421682556356809,0.003046462620764591,0.006092925241529182,0.010096538389690142,0.007253173276976524,0.011721318454097924,0.005628393212568743,0.014767781074862516,0.0025819305918041513,0,0,1,0,0,0,0
2023-06-19 20:00:00,0.00799629,0.008674316666666666,0.002031161177315067,0.0014218128241205467,0.0030467417659726,0.0060934835319452,0.010096129490787212,0.007252503842546119,0.011721058432639266,0.005627574900694066,0.014767800198611866,0.002580833134721466,0,0,1,0,0,0,0
2023-06-19 21:00:00,0.00807569,0.008674032916666666,0.002031247921589271,0.0014218735451124896,0.0030468718823839064,0.006093743764767813,0.010095906461779155,0.0072521593715541765,0.011720904799050573,0.005627161034282759,0.014767776681434478,0.0025802891518988532,0,0,1,0,0,0,0
2023-06-19 22:00:00,0.00802183,0.008661949166666667,0.002034356508273769,0.0014240495557916383,0.0030515347624106536,0.006103069524821307,0.010085998722458306,0.007237899610875028,0.01171348392907732,0.005610414404256013,0.014765018691487974,0.00255887964184536,0,0,1,0,0,0,0
2023-06-19 23:00:00,0.00772905,0.008633371666666667,0.002042777516717335,0.0014299442617021344,0.003064166275076003,0.006128332550152006,0.010063315928368802,0.0072034274049645325,0.01169753794174267,0.005569205391590664,0.014761704216818673,0.0025050391165146613,0,0,1,0,0,0,0
2023-06-20 00:00:00,0.01012436,0.00855288875,0.0019374026019823506,0.0013561818213876453,0.002906103902973526,0.005812207805947052,0.009909070571387645,0.007196706928612354,0.011458992652973525,0.0056467848470264734,0.014365096555947051,0.0027406809440529475,0,0,0,0,0,1,0
2023-06-20 01:00:00,0.01078483,0.008501390416666666,0.0018559274741439863,0.0012991492319007903,0.0027838912112159793,0.005567782422431959,0.009800539648567455,0.007202241184765875,0.011285281627882645,0.005717499205450687,0.014069172839098625,0.002933607994234707,0,0,0,0,0,1,0
2023-06-20 02:00:00,0.01130613,0.008491621666666666,0.0018397818476176022,0.0012878472933323215,0.002759672771426403,0.005519345542852806,0.009779468959998988,0.007203774373334344,0.011251294438093069,0.005731948895240263,0.014010967209519472,0.0029722761238138596,0,0,0,0,0,0,1
2023-06-20 03:00:00,0.0117888,0.0085199975,0.001886544030342153,0.001320580821239507,0.0028298160455132297,0.005659632091026459,0.009840578321239506,0.007199416678760492,0.011349813545513229,0.00569018145448677,0.01417962959102646,0.00286036540897354,0,0,0,0,0,0,1
2023-06-20 04:00:00,0.01195895,0.008534544166666666,0.001912571267107331,0.0013387998869751317,0.0028688569006609967,0.005737713801321993,0.009873344053641799,0.007195744279691534,0.011403401067327663,0.00566568726600567,0.01427225796798866,0.002796830365344673,0,0,0,0,0,0,1
2023-06-20 05:00:00,0.01182541,0.008561740416666666,0.0019558668050397472,0.001369106763527823,0.002933800207559621,0.005867600415119242,0.009930847180194489,0.007192633653138844,0.011495540624226287,0.005627940209107046,0.014429340831785908,0.0026941400015474248,0,0,0,0,0,0,1
2023-06-20 06:00:00,0.01150392,0.0085953475,0.0020005763300180047,0.0014004034310126031,0.003000864495027007,0.006001728990054014,0.009995750931012603,0.0071949440689873965,0.011596211995027007,0.005594483004972992,0.014597076490054013,0.0025936185099459854,0,0,0,0,0,1,0
2023-06-20 07:00:00,0.01108481,0.00862375125,0.002031951830737517,0.001422366281516262,0.0030479277461062755,0.006095855492212551,0.010046117531516262,0.007201384968483738,0.011671678996106275,0.005575823503893725,0.014719606742212551,0.0025278957577874496,0,0,0,0,0,1,0
2023-06-20 08:00:00,0.00836427,0.008633510416666667,0.002030039123406427,0.0014210273863844989,0.0030450586851096407,0.006090117370219281,0.010054537803051166,0.007212483030282168,0.011678569101776308,0.005588451731557026,0.014723627786885948,0.0025433930464473856,0,0,1,0,0,0,0
2023-06-20 09:00:00,0.00839081,0.00866103375,0.0020217211423176214,0.001415204799622335,0.003032581713476432,0.006065163426952864,0.010076238549622335,0.007245828950377665,0.011693615463476432,0.005628452036523568,0.014726197176952864,0.002595870323047136,0,0,1,0,0,0,0
2023-06-20 10:00:00,0.0081043,0.00868334625,0.0020120747051322915,0.001408452293592604,0.003018112057698437,0.006036224115396874,0.010091798543592604,0.007274893956407395,0.011701458307698438,0.005665234192301563,0.014719570365396874,0.0026471221346031255,0,0,1,0,0,0,0
2023-06-20 11:00:00,0.00756196,0.008689837083333334,0.0020080226980712717,0.00140561588864989,0.0030120340471069076,0.006024068094213815,0.010095452971983224,0.007284221194683443,0.011701871130440241,0.005677803036226427,0.01471390517754715,0.0026657689891195187,0,0,1,0,0,0,0
2023-06-20 12:00:00,0.00728552,0.008706232083333333,0.0019942651430757195,0.0013959856001530037,0.002991397714613579,0.005982795429227158,0.010102217683486337,0.007310246483180329,0.011697629797946911,0.005714834368719754,0.014689027512560491,0.0027234366541061747,0,1,0,0,0,0,0
2023-06-20 13:00:00,0.00702701,0.00871129625,0.001989642493842238,0.0013927497456895667,0.0029844637407633575,0.005968927481526715,0.010104045995689566,0.007318546504310433,0.011695759990763357,0.005726832509236643,0.014680223731526715,0.0027423687684732852,0,1,0,0,0,0,0
2023-06-20 14:00:00,0.00687999,0.00872063625,0.001980077120236828,0.0013860539841657796,0.0029701156803552424,0.005940231360710485,0.01010669023416578,0.00733458226583422,0.011690751930355243,0.005750520569644758,0.014660867610710485,0.0027804048892895155,0,1,0,0,0,0,0
2023-06-20 15:00:00,0.00660055,0.008706564583333333,0.001994442367560818,0.0013961096572925726,0.0029916635513412273,0.005983327102682455,0.010102674240625905,0.007310454926040761,0.011698228134674561,0.005714901031992106,0.014689891686015788,0.0027232374806508784,0,1,0,0,0,0,0
2023-06-20 16:00:00,0.00293881,0.008579605,0.0022551121560752375,0.001578578509252666,0.003382668234112856,0.006765336468225712,0.010158183509252667,0.007001026490747335,0.011962273234112857,0.005196936765887145,0.015344941468225713,0.0018142685317742886,1,0,0,0,0,0,0
2023-06-20 17:00:00,0.00435056,0.008499912083333333,0.002371330843874998,0.0016599315907124986,0.003556996265812497,0.007113992531624994,0.010159843674045831,0.006839980492620835,0.01205690834914583,0.004942915817520837,0.015613904614958329,0.001385919551708339,1,0,0,0,0,0,0
2023-06-20 18:00:00,0.00857706,0.008566110416666666,0.0023493721342751476,0.0016445604939926033,0.0035240582014127216,0.007048116402825443,0.01021067091065927,0.006921549922674063,0.012090168618079388,0.005042052215253945,0.01561422681949211,0.0015179940138412232,0,0,0,0,1,0,0
2023-06-20 19:00:00,0.00984953,0.008672101666666666,0.002347419022448627,0.001643193315714039,0.0035211285336729406,0.007042257067345881,0.010315294982380705,0.007028908350952627,0.012193230200339607,0.005150973132993725,0.015714358734012546,0.001629844599320785,0,0,0,0,1,0,0
2023-06-20 20:00:00,0.00777191,0.0086627525,0.002350672201750061,0.0016454705412250427,0.0035260083026250914,0.007052016605250183,0.010308223041225043,0.007017281958774958,0.012188760802625091,0.005136744197374909,0.015714769105250184,0.001610735894749818,0,0,1,0,0,0,0
2023-06-20 21:00:00,0.00780979,0.008651673333333334,0.0023541834373037728,0.0016479284061126408,0.0035312751559556594,0.007062550311911319,0.010299601739445975,0.007003744927220693,0.012182948489288994,0.005120398177377674,0.015714223645244652,0.0015891230214220148,0,0,1,0,0,0,0
2023-06-20 22:00:00,0.00891908,0.00868905875,0.0023508684032359606,0.0016456078822651723,0.0035263026048539406,0.007052605209707881,0.010334666632265174,0.007043450867734828,0.012215361354853942,0.00516275614514606,0.015741663959707882,0.0016364535402921196,0,0,0,0,1,0,0
2023-06-20 23:00:00,0.00990192,0.008779595,0.00235412758551961,0.001647889309863727,0.003531191378279415,0.00706238275655883,0.010427484309863726,0.007131705690136272,0.012310786378279415,0.005248403621720584,0.01584197775655883,0.0017172122434411692,0,0,0,0,1,0,0
2023-06-21 00:00:00,0.0044867,0.0085446925,0.002491379380396147,0.0017439655662773027,0.0037370690705942206,0.007474138141188441,0.010288658066277302,0.006800726933722696,0.01228176157059422,0.004807623429405779,0.01601883064118844,0.0010705543588115582,1,0,0,0,0,0,0
2023-06-21 01:00:00,0.00521888,0.008312777916666667,0.0025325045670038827,0.0017727531969027178,0.003798756850505824,0.007597513701011648,0.010085531113569385,0.006540024719763948,0.01211153476717249,0.0045140210661608424,0.015910291617678315,0.0007152642156550183,0,1,0,0,0,0,0
2023-06-21 02:00:00,0.00547009,0.008069609583333333,0.0025126973516288197,0.0017588881461401736,0.00376904602744323,0.00753809205488646,0.009828497729473506,0.006310721437193159,0.011838655610776563,0.004300563555890103,0.015607701638219793,0.0005315175284468735,0,1,0,0,0,0,0
2023-06-21 03:00:00,0.0055058,0.007807817916666667,0.0024344431444582727,0.0017041102011207908,0.003651664716687409,0.007303329433374818,0.009511928117787458,0.006103707715545876,0.011459482633354076,0.004156153199979258,0.015111147350041484,0.0005044884832918492,0,1,0,0,0,0,0
2023-06-21 04:00:00,0.00806121,0.007645412083333333,0.0022699272446164566,0.0015889490712315195,0.0034048908669246846,0.006809781733849369,0.009234361154564852,0.006056463012101814,0.011050302950258018,0.0042405212164086485,0.014455193817182702,0.0008356303494839639,0,0,0,0,1,0,0
2023-06-21 05:00:00,0.00916023,0.007534362916666666,0.0021165540875174543,0.001481587861262218,0.0031748311312761813,0.0063496622625523625,0.009015950777928885,0.006052775055404448,0.010709194047942848,0.004359531785390485,0.01388402517921903,0.0011847006541143039,0,0,0,0,0,1,0
2023-06-21 06:00:00,0.0097018,0.007459274583333334,0.0019982656568068727,0.0013987859597648109,0.002997398485210309,0.005994796970420618,0.008858060543098146,0.006060488623568523,0.010456673068543643,0.004461876098123025,0.013454071553753952,0.0014644776129127159,0,0,0,0,0,1,0
2023-06-21 07:00:00,0.00986024,0.007408250833333334,0.0019155899911899657,0.0013409129938329759,0.0028733849867849486,0.005746769973569897,0.00874916382716631,0.006067337839500358,0.010281635820118283,0.004534865846548385,0.013155020806903232,0.0016614808597634366,0,0,0,0,0,1,0
2023-06-21 08:00:00,0.02096771,0.007933394166666666,0.0033668751031340144,0.00235681257219381,0.005050312654701022,0.010100625309402044,0.010290206738860476,0.005576581594472857,0.012983706821367689,0.0028830815119656444,0.01803401947606871,-0.0021672311427353777,0,0,0,0,0,0,1
2023-06-21 09:00:00,0.02084751,0.008452423333333334,0.004277465071003855,0.0029942255497026984,0.0064161976065057824,0.012832395213011565,0.011446648883036032,0.005458197783630636,0.014868620939839115,0.0020362257268275513,0.021284818546344897,-0.004379971879678231,0,0,0,0,0,0,1
2023-06-21 10:00:00,0.02025673,0.008958774583333334,0.004907365089857935,0.003435155562900554,0.007361047634786903,0.014722095269573805,0.012393930146233887,0.00552361902043278,0.016319822218120235,0.0015977269485464313,0.02368086985290714,-0.005763320686240471,0,0,0,0,0,0,1
2023-06-21 11:00:00,0.0197335,0.009465922083333333,0.005364384115631041,0.0037550688809417283,0.008046576173446562,0.016093152346893125,0.013220990964275061,0.005710853202391605,0.017512498256779897,0.0014193459098867708,0.02555907443022646,-0.006627230263559792,0,0,0,0,0,0,1
2023-06-21 12:00:00,0.01947639,0.009973875,0.005714684046624786,0.00400027883263735,0.00857202606993718,0.01714405213987436,0.013974153832637351,0.00597359616736265,0.018545901069937178,0.0014018489300628208,0.02711792713987436,-0.007170177139874358,0,0,0,0,0,0,1
2023-06-21 13:00:00,0.01779784,0.010422659583333334,0.005893333554525071,0.00412533348816755,0.008840000331787607,0.017680000663575213,0.014547993071500884,0.006297326095165784,0.01926265991512094,0.001582659251545727,0.028102660246908547,-0.00725734108024188,0,0,0,0,0,1,0
2023-06-21 14:00:00,0.01634861,0.010817185416666666,0.005962391241267125,0.004173673868886988,0.008943586861900688,0.017887173723801376,0.014990859285553654,0.006643511547779679,0.019760772278567353,0.0018735985547659786,0.028704359140468042,-0.007069988307134709,0,0,0,0,0,1,0
2023-06-21 15:00:00,0.01573803,0.011197913750000002,0.005973158489608404,0.004181210942725883,0.008959737734412606,0.017919475468825212,0.015379124692725885,0.007016702807274119,0.020157651484412606,0.0022381760155873957,0.029117389218825215,-0.00672156171882521,0,0,0,0,0,1,0
2023-06-21 16:00:00,0.0051364,0.01128948,0.005856754714145842,0.004099728299902089,0.008785132071218763,0.017570264142437526,0.015389208299902087,0.0071897517000979105,0.020074612071218762,0.0025043479287812365,0.028859744142437527,-0.006280784142437526,0,1,0,0,0,0,0
2023-06-21 17:00:00,0.00614635,0.011364304583333332,0.0057751531098483525,0.004042607176893847,0.00866272966477253,0.01732545932954506,0.015406911760227179,0.007321697406439485,0.02002703424810586,0.002701574918560802,0.02868976391287839,-0.005961154746211728,0,1,0,0,0,0,0
2023-06-21 18:00:00,0.00654664,0.011279703750000002,0.005832347702465895,0.004082643391726127,0.008748521553698842,0.017497043107397685,0.01536234714172613,0.007197060358273875,0.020028225303698844,0.0025311821963011592,0.028776746857397686,-0.006217339357397683,0,1,0,0,0,0,0
2023-06-21 19:00:00,0.00681146,0.011153117499999999,0.005897345242757262,0.004128141669930083,0.008846017864135892,0.017692035728271785,0.015281259169930082,0.007024975830069916,0.01999913536413589,0.002307099635864106,0.028845153228271782,-0.006538918228271786,0,1,0,0,0,0,0
2023-06-21 20:00:00,0.00697258,0.011119812083333333,0.0059194864957755715,0.004143640547042899,0.008879229743663357,0.017758459487326714,0.015263452630376232,0.006976171536290434,0.01999904182699669,0.002240582339669976,0.028878271570660047,-0.006638647403993381,0,1,0,0,0,0,0
2023-06-21 21:00:00,0.00776055,0.011117760416666666,0.00592069202448606,0.004144484417140242,0.00888103803672909,0.01776207607345818,0.015262244833806907,0.006973275999526424,0.019998798453395757,0.002236722379937576,0.028879836490124842,-0.006644315656791513,0,0,1,0,0,0,0
2023-06-21 22:00:00,0.00841253,0.011096654166666666,0.005929766649065077,0.004150836654345554,0.008894649973597617,0.017789299947195233,0.015247490821012219,0.006945817512321112,0.01999130414026428,0.002202004193069049,0.028885954113861897,-0.006692645780528568,0,0,1,0,0,0,0
2023-06-21 23:00:00,0.00883105,0.011052034583333334,0.005943161355059221,0.0041602129485414545,0.008914742032588832,0.017829484065177665,0.015212247531874789,0.006891821634791879,0.019966776615922166,0.002137292550744501,0.028881518648510997,-0.006777449481844331,0,0,1,0,0,0,0
2023-06-22 00:00:00,0.02253097,0.011803879166666668,0.006211779455096242,0.004348245618567369,0.009317669182644362,0.018635338365288724,0.016152124785234038,0.007455633548099299,0.02112154834931103,0.002486209984022306,0.030439217531955394,-0.006831459198622056,0,0,0,0,0,0,1
2023-06-22 01:00:00,0.02222831,0.012512605416666668,0.006395427057184976,0.004476798940029483,0.009593140585777465,0.01918628117155493,0.01698940435669615,0.008035806476637184,0.02210574600244413,0.002919464830889203,0.0316988865882216,-0.006673675754888262,0,0,0,0,0,0,1
2023-06-22 02:00:00,0.02187913,0.013196315416666667,0.006486272934116473,0.004540391053881531,0.00972940940117471,0.01945881880234942,0.017736706470548196,0.008655924362785136,0.022925724817841376,0.003466906015491957,0.032655134219016085,-0.006262503385682752,0,0,0,0,0,1,0
2023-06-22 03:00:00,0.02214639,0.013889673333333333,0.006517774573870825,0.004562442201709577,0.009776661860806238,0.019553323721612476,0.01845211553504291,0.009327231131623755,0.02366633519413957,0.004113011472527095,0.03344299705494581,-0.0056636503882791425,0,0,0,0,0,1,0
2023-06-22 04:00:00,0.02257785,0.014494533333333332,0.0066260512150284195,0.004638235850519893,0.00993907682254263,0.01987815364508526,0.019132769183853225,0.009856297482813439,0.02443361015587596,0.0045554565107907025,0.03437268697841859,-0.005383620311751927,0,0,0,0,0,1,0
2023-06-22 05:00:00,0.02207079,0.015032473333333332,0.006697840419564615,0.00468848829369523,0.010046760629346922,0.020093521258693844,0.019720961627028563,0.010343985039638102,0.025079233962680254,0.004985712703986411,0.03512599459202718,-0.005061047925360511,0,0,0,0,0,1,0
2023-06-22 06:00:00,0.02159977,0.015528222083333335,0.006726390039445193,0.004708473027611635,0.01008958505916779,0.02017917011833558,0.020236695110944967,0.0108197490557217,0.025617807142501125,0.005438637024165544,0.035707392201668915,-0.004650948035002246,0,0,0,0,0,1,0
2023-06-22 07:00:00,0.02129805,0.0160047975,0.006712523475362226,0.004698766432753558,0.010068785213043338,0.020137570426086677,0.02070356393275356,0.011306031067246442,0.026073582713043338,0.0059360122869566625,0.036142367926086674,-0.004132772926086676,0,0,0,0,0,1,0
2023-06-22 08:00:00,0.01177611,0.015621814166666664,0.006679183789795628,0.004675428652856939,0.010018775684693441,0.020037551369386883,0.020297242819523602,0.010946385513809725,0.025640589851360106,0.005603038481973223,0.03565936553605355,-0.0044157372027202185,0,0,1,0,0,0,0
2023-06-22 09:00:00,0.0110249,0.015212538749999999,0.006645914012330399,0.004652139808631279,0.009968871018495598,0.019937742036991196,0.019864678558631277,0.010560398941368721,0.025181409768495595,0.005243667731504401,0.03515028078699119,-0.004725203286991197,0,0,1,0,0,0,0
2023-06-22 10:00:00,0.01044858,0.014803865833333334,0.006623775006356567,0.0046366425044495965,0.009935662509534851,0.019871325019069703,0.01944050833778293,0.010167223328883737,0.024739528342868185,0.004868203323798483,0.03467519085240304,-0.005067459185736369,0,0,1,0,0,0,0
2023-06-22 11:00:00,0.0093352,0.014370603333333334,0.006627383614601161,0.0046391685302208125,0.009941075421901742,0.019882150843803483,0.019009771863554147,0.009731434803112522,0.024311678755235076,0.0044295279114315925,0.034252754177136815,-0.005511547510470149,0,1,0,0,0,0,0
2023-06-22 12:00:00,0.00817233,0.013899600833333333,0.0066503880453503104,0.004655271631745217,0.009975582068025466,0.01995116413605093,0.01855487246507855,0.009244329201588117,0.0238751829013588,0.003924018765307867,0.033850764969384266,-0.006051563302717599,0,1,0,0,0,0,0
2023-06-22 13:00:00,0.00770727,0.013479160416666665,0.006711905112914612,0.004698333579040228,0.010067857669371919,0.020135715338743837,0.018177493995706895,0.008780826837626437,0.023547018086038582,0.0034113027472947467,0.0336148757554105,-0.006656554922077172,0,1,0,0,0,0,0
2023-06-22 14:00:00,0.00739942,0.0131062775,0.006793650866429077,0.004755555606500353,0.010190476299643616,0.020380952599287232,0.01786183310650035,0.008350721893499646,0.023296753799643615,0.0029158012003563834,0.03348723009928723,-0.0072746750992872325,0,1,0,0,0,0,0
2023-06-22 15:00:00,0.00743611,0.012760364166666665,0.0068648058068736485,0.004805364064811554,0.010297208710310472,0.020594417420620945,0.017565728231478218,0.007955000101855111,0.023057572876977135,0.0024631554563561923,0.03335478158728761,-0.00783405325395428,0,1,0,0,0,0,0
2023-06-22 16:00:00,0.00757324,0.012861899166666668,0.006764426948242073,0.004735098863769451,0.01014664042236311,0.02029328084472622,0.017596998030436118,0.008126800302897218,0.023008539589029778,0.002715258744303558,0.033155180011392886,-0.007431381678059552,0,1,0,0,0,0,0
2023-06-22 17:00:00,0.00755348,0.012920529583333333,0.006709565097670814,0.004696695568369569,0.010064347646506221,0.020128695293012443,0.0176172251517029,0.008223834014963764,0.022984877229839554,0.0028561819368271117,0.033049224876345776,-0.00720816570967911,0,1,0,0,0,0,0
2023-06-22 18:00:00,0.00775237,0.012970768333333332,0.006664124907774046,0.004664887435441831,0.00999618736166107,0.01999237472332214,0.01763565576877516,0.0083058808978915,0.0229669556949944,0.0029745809716722627,0.03296314305665547,-0.0070216063899888066,0,1,0,0,0,0,0
2023-06-22 19:00:00,0.00777039,0.01301072375,0.006628369329613697,0.004639858530729587,0.009942553994420546,0.01988510798884109,0.017650582280729587,0.008370865219270412,0.022953277744420547,0.003068169755579454,0.03289583173884109,-0.006874384238841092,0,1,0,0,0,0,0
2023-06-22 20:00:00,0.00781448,0.013045802916666667,0.006597178828263059,0.004618025179784141,0.00989576824239459,0.01979153648478918,0.01766382809645081,0.008427777736882525,0.022941571159061258,0.003150034674272077,0.03283733940145585,-0.006745733568122513,0,1,0,0,0,0,0
2023-06-22 21:00:00,0.00783775,0.013049019583333333,0.006594508070062985,0.004616155649044089,0.009891762105094477,0.019783524210188953,0.01766517523237742,0.008432863934289245,0.022940781688427808,0.0031572574782388566,0.03283254379352229,-0.00673450462685562,0,1,0,0,0,0,0
2023-06-22 22:00:00,0.00783801,0.013025081249999999,0.006613087077418207,0.004629160954192745,0.009919630616127311,0.019839261232254622,0.017654242204192743,0.008395920295807255,0.02294471186612731,0.003105450633872688,0.03286434248225462,-0.006814179982254623,0,1,0,0,0,0,0
2023-06-22 23:00:00,0.00785603,0.012984455416666665,0.006642899961449505,0.004650029973014653,0.009964349942174258,0.019928699884348516,0.01763448538968132,0.008334425443652012,0.022948805358840925,0.0030201054744924075,0.032913155301015184,-0.00694424446768185,0,1,0,0,0,0,0
2023-06-23 00:00:00,0.006672,0.012323665,0.006437588175684509,0.0045063117229791555,0.009656382263526763,0.019312764527053525,0.016829976722979156,0.007817353277020843,0.021980047263526762,0.0026672827364732365,0.031636429527053526,-0.006989099527053526,0,1,0,0,0,0,0
2023-06-23 01:00:00,0.00687613,0.011683990833333333,0.006167698841565039,0.004317389189095527,0.009251548262347559,0.018503096524695117,0.01600138002242886,0.007366601644237806,0.02093553909568089,0.0024324425709857742,0.03018708735802845,-0.0068191056913617844,0,1,0,0,0,0,0
2023-06-23 02:00:00,0.00707989,0.011067355833333334,0.005834913134124781,0.004084439193887347,0.008752369701187172,0.017504739402374344,0.01515179502722068,0.006982916639445987,0.019819725534520508,0.002314986132146162,0.028572095235707678,-0.00643738356904101,0,0,1,0,0,0,0
2023-06-23 03:00:00,0.00741435,0.010453520833333334,0.005375545558896623,0.003762881891227636,0.008063318338344935,0.01612663667668987,0.01421640272456097,0.006690638942105698,0.01851683917167827,0.0023902024949883985,0.026580157510023204,-0.005673115843356537,0,0,1,0,0,0,0
2023-06-23 04:00:00,0.00760266,0.009829554583333332,0.0047383876724178655,0.0033168713706925057,0.007107581508626799,0.014215163017253597,0.013146425954025837,0.006512683212640827,0.016937136091960132,0.0027219730747065334,0.024044717600586928,-0.004385608433920265,0,0,1,0,0,0,0
2023-06-23 05:00:00,0.00778037,0.009234120416666667,0.00396860295477595,0.0027780220683431647,0.005952904432163925,0.01190580886432785,0.01201214248500983,0.006456098348323502,0.015187024848830591,0.003281215984502742,0.021139929280994514,-0.0026716884476611826,0,0,1,0,0,0,0
2023-06-23 06:00:00,0.00827535,0.00867893625,0.0029698342844352694,0.0020788839991046884,0.004454751426652904,0.008909502853305808,0.010757820249104688,0.006600052250895312,0.013133687676652904,0.004224184823347096,0.017588439103305806,-0.00023056660330580785,0,0,1,0,0,0,0
2023-06-23 07:00:00,0.00841802,0.008142268333333333,0.0012644264408355913,0.0008850985085849138,0.001896639661253387,0.003793279322506774,0.009027366841918247,0.007257169824748419,0.01003890799458672,0.006245628672079945,0.011935547655840106,0.0043489890108265586,0,0,0,0,1,0,0
2023-06-23 08:00:00,0.01083757,0.0081031625,0.0011571131729560275,0.0008099792210692192,0.0017356697594340413,0.0034713395188680825,0.00891314172106922,0.007293183278930781,0.009838832259434042,0.006367492740565959,0.011574502018868083,0.004631822981131918,0,0,0,0,0,0,1
2023-06-23 09:00:00,0.01153543,0.008124434583333333,0.0012163380665930837,0.0008514366466151586,0.0018245070998896256,0.003649014199779251,0.00897587122994849,0.007272997936718174,0.009948941683222958,0.006299927483443707,0.011773448783112584,0.004475420383554082,0,0,0,0,0,0,1
2023-06-23 10:00:00,0.01169035,0.008176174999999999,0.0013396601104531073,0.000937762077317175,0.002009490165679661,0.004018980331359322,0.009113937077317174,0.007238412922682824,0.010185665165679661,0.006166684834320338,0.012195155331359321,0.004157194668640677,0,0,0,0,0,0,1
2023-06-23 11:00:00,0.01162628,0.008271636666666667,0.0014981006396584393,0.0010486704477609074,0.002247150959487659,0.004494301918975318,0.009320307114427575,0.00722296621890576,0.010518787626154326,0.006024485707179008,0.012765938585641984,0.003777334747691349,0,0,0,0,0,0,1
2023-06-23 12:00:00,0.01142501,0.008407165,0.001630045323144249,0.0011410317262009744,0.0024450679847163735,0.004890135969432747,0.009548196726200974,0.007266133273799025,0.010852232984716373,0.005962097015283626,0.013297300969432747,0.0035170290305672524,0,0,0,0,0,0,1
2023-06-23 13:00:00,0.0112362,0.008554203750000001,0.0017208035906007815,0.001204562513420547,0.002581205385901172,0.005162410771802344,0.009758766263420548,0.0073496412365794545,0.011135409135901173,0.005972998364098829,0.013716614521802346,0.003391792978197657,0,0,0,0,0,0,1
2023-06-23 14:00:00,0.01053061,0.00868467,0.0017479296632849349,0.0012235507642994544,0.0026218944949274025,0.005243788989854805,0.009908220764299454,0.007461119235700546,0.011306564494927403,0.006062775505072598,0.013928458989854805,0.0034408810101451952,0,0,0,0,0,1,0
2023-06-23 15:00:00,0.01078056,0.008824022083333332,0.001777134151460393,0.0012439939060222749,0.0026657012271905896,0.005331402454381179,0.010068015989355607,0.007580028177311057,0.011489723310523923,0.006158320856142743,0.014155424537714512,0.003492619628952153,0,0,0,0,0,1,0
2023-06-23 16:00:00,0.00874988,0.00887304875,0.001757246953940517,0.0012300728677583617,0.002635870430910775,0.00527174086182155,0.010103121617758361,0.007642975882241637,0.011508919180910775,0.006237178319089224,0.01414478961182155,0.003601307888178449,0,0,1,0,0,0,0
2023-06-23 17:00:00,0.00877094,0.00892377625,0.0017349288110036717,0.00121445016770257,0.0026023932165055077,0.005204786433011015,0.010138226417702569,0.007709326082297429,0.011526169466505507,0.006321383033494492,0.014128562683011015,0.003718989816988984,0,0,1,0,0,0,0
2023-06-23 18:00:00,0.00840739,0.00895106875,0.0017207945402716949,0.0012045561781901864,0.0025811918104075423,0.005162383620815085,0.010155624928190186,0.0077465125718098144,0.011532260560407542,0.0063698769395924585,0.014113452370815086,0.003788685129184916,0,0,1,0,0,0,0
2023-06-23 19:00:00,0.00819867,0.00896891375,0.0017102064133970862,0.0011971444893779603,0.0025653096200956294,0.005130619240191259,0.01016605823937796,0.007771769260622039,0.01153422337009563,0.0064036041299043705,0.014099532990191259,0.003838294509808741,0,0,1,0,0,0,0
2023-06-23 20:00:00,0.00738557,0.0089510425,0.0017249717382366843,0.001207480216765679,0.0025874576073550266,0.005174915214710053,0.01015852271676568,0.007743562283234322,0.011538500107355028,0.006363584892644974,0.014125957714710053,0.0037761272852899477,0,1,0,0,0,0,0
2023-06-23 21:00:00,0.00739061,0.008932411666666666,0.0017398692011449668,0.0012179084408014767,0.00260980380171745,0.0052196076034349,0.010150320107468143,0.007714503225865189,0.011542215468384116,0.006322607864949216,0.014152019270101566,0.0037128040632317654,0,1,0,0,0,0,0
2023-06-23 22:00:00,0.00685121,0.008891294999999999,0.001778096719331017,0.0012446677035317117,0.0026671450789965256,0.005334290157993051,0.01013596270353171,0.007646627296468287,0.011558440078996524,0.006224149921003473,0.01422558515799305,0.0035570048420069476,0,1,0,0,0,0,0
2023-06-23 23:00:00,0.00608754,0.008817607916666666,0.0018577264775689571,0.00130040853429827,0.0027865897163534357,0.005573179432706871,0.010118016450964936,0.007517199382368396,0.011604197633020102,0.00603101820031323,0.014390787349373537,0.0032444284839597947,0,1,0,0,0,0,0
2023-06-24 00:00:00,0.00065589,0.008566936666666665,0.0024661035673351752,0.0017262724971346226,0.003699155351002763,0.007398310702005526,0.010293209163801288,0.006840664169532043,0.012266092017669428,0.004867781315663903,0.015965247368672192,0.0011686259646611396,1,0,0,0,0,0,0
2023-06-24 01:00:00,0.00262119,0.0083896475,0.002731594994999555,0.0019121164964996883,0.004097392492499332,0.008194784984998664,0.010301763996499689,0.006477531003500311,0.012487039992499331,0.004292255007500668,0.016584432484998662,0.0001948625150013355,1,0,0,0,0,0,0
2023-06-24 02:00:00,0.00341161,0.0082368025,0.002905181071736526,0.0020336267502155682,0.004357771607604789,0.008715543215209579,0.010270429250215568,0.006203175749784431,0.012594574107604789,0.00387903089239521,0.01695234571520958,-0.00047874071520957913,1,0,0,0,0,0,0
2023-06-24 03:00:00,0.0033801,0.008068708749999999,0.0030670391558299567,0.0021469274090809695,0.004600558733744935,0.00920111746748987,0.010215636159080967,0.005921781340919029,0.012669267483744934,0.003468150016255064,0.01726982621748987,-0.001132408717489871,1,0,0,0,0,0,0
2023-06-24 04:00:00,0.00342509,0.007894643333333333,0.003209859772186562,0.002246901840530593,0.004814789658279843,0.009629579316559686,0.010141545173863925,0.00564774149280274,0.012709432991613177,0.00307985367505349,0.01752422264989302,-0.0017349359832263527,0,1,0,0,0,0,0
2023-06-24 05:00:00,0.00344005,0.007713796666666666,0.003336354463102923,0.002335448124172046,0.005004531694654384,0.010009063389308768,0.010049244790838711,0.00537834854249462,0.01271832836132105,0.0027092649720122817,0.017722860055975433,-0.002295266722642102,0,1,0,0,0,0,0
2023-06-24 06:00:00,0.00344258,0.007512431249999999,0.003445058226948236,0.002411540758863765,0.005167587340422354,0.010335174680844708,0.009923972008863764,0.005100890491136234,0.012680018590422353,0.002344843909577645,0.017847605930844706,-0.002822743430844709,0,1,0,0,0,0,0
2023-06-24 07:00:00,0.00348679,0.007306963333333333,0.003534588649809545,0.0024742120548666814,0.005301882974714318,0.010603765949428636,0.009781175388200013,0.004832751278466651,0.01260884630804765,0.002005080358619015,0.017910729282761967,-0.003296802616095303,0,1,0,0,0,0,0
2023-06-24 08:00:00,0.00854661,0.007211506666666666,0.0034653511162572076,0.0024257457813800453,0.005198026674385812,0.010396053348771623,0.009637252448046712,0.00478576088528662,0.012409533341052478,0.002013479992280854,0.01760756001543829,-0.0031845466821049575,0,0,0,0,1,0,0
2023-06-24 09:00:00,0.00869529,0.007093167500000001,0.003358107272561199,0.002350675090792839,0.005037160908841798,0.010074321817683597,0.00944384259079284,0.004742492409207162,0.0121303284088418,0.0020560065911582022,0.017167489317683596,-0.002981154317683596,0,0,0,0,1,0,0
2023-06-24 10:00:00,0.00872866,0.00696976375,0.003233947699084807,0.002263763389359365,0.004850921548627211,0.009701843097254421,0.009233527139359364,0.0047060003606406355,0.01182068529862721,0.0021188422013727892,0.01667160684725442,-0.0027320793472544215,0,0,0,0,1,0,0
2023-06-24 11:00:00,0.00872909,0.0068490475,0.0031040363268594663,0.0021728254288016263,0.0046560544902892,0.0093121089805784,0.009021872928801626,0.004676222071198374,0.0115051019902892,0.0021929930097108006,0.0161611564805784,-0.002463061480578399,0,0,0,0,1,0,0
2023-06-24 12:00:00,0.00946877,0.006767537499999999,0.003002680070825524,0.0021018760495778665,0.0045040201062382865,0.009008040212476573,0.008869413549577865,0.004665661450422133,0.011271557606238287,0.002263517393761713,0.015775577712476573,-0.0022405027124765735,0,0,0,0,0,1,0
2023-06-24 13:00:00,0.00939924,0.0066909974999999995,0.002905664090591025,0.0020339648634137173,0.004358496135886538,0.008716992271773076,0.008724962363413717,0.004657032636586282,0.011049493635886538,0.0023325013641134614,0.015407989771773076,-0.0020259947717730766,0,0,0,0,0,1,0
2023-06-24 14:00:00,0.00941177,0.006644379166666666,0.002849821870555263,0.001994875309388684,0.004274732805832895,0.00854946561166579,0.00863925447605535,0.004649503857277982,0.010919111972499562,0.0023696463608337713,0.015193844778332456,-0.0019050864449991238,0,0,0,0,0,1,0
2023-06-24 15:00:00,0.00948702,0.006590481666666666,0.002779560838073849,0.0019456925866516942,0.004169341257110774,0.008338682514221547,0.00853617425331836,0.004644789080014972,0.010759822923777439,0.0024211404095558922,0.014929164180888212,-0.0017482008475548814,0,0,0,0,0,1,0
2023-06-24 16:00:00,0.00647666,0.006495764166666667,0.002741244440531942,0.0019188711083723592,0.004111866660797913,0.008223733321595827,0.008414635275039026,0.004576893058294307,0.01060763082746458,0.0023838975058687534,0.014719497488262494,-0.00172796915492916,0,0,1,0,0,0,0
2023-06-24 17:00:00,0.00635264,0.006395001666666667,0.0026980836226762517,0.0018886585358733761,0.004047125434014378,0.008094250868028756,0.008283660202540044,0.004506343130793291,0.010442127100681046,0.0023478762326522894,0.014489252534695423,-0.0016992492013620884,0,0,1,0,0,0,0
2023-06-24 18:00:00,0.00634297,0.006308984166666666,0.002663827702408923,0.0018646793916862459,0.003995741553613384,0.007991483107226768,0.008173663558352912,0.00444430477498042,0.01030472572028005,0.002313242613053282,0.014300467273893433,-0.0016824989405601022,0,0,0,0,1,0,0
2023-06-24 19:00:00,0.00631915,0.0062306708333333335,0.0026333108104832897,0.0018433175673383026,0.0039499662157249345,0.007899932431449869,0.008073988400671635,0.004387353265995031,0.010180637049058267,0.002280704617608399,0.014130603264783203,-0.0016692615981165355,0,0,0,0,1,0,0
2023-06-24 20:00:00,0.00575353,0.006162669166666666,0.00262324379194578,0.001836270654362046,0.00393486568791867,0.00786973137583734,0.007998939821028712,0.004326398512304619,0.010097534854585335,0.0022278034787479957,0.014032400542504006,-0.0017070622091706743,0,0,1,0,0,0,0
2023-06-24 21:00:00,0.00585433,0.0060986575,0.0026106910489774662,0.0018274837342842263,0.003916036573466199,0.007832073146932399,0.007926141234284227,0.004271173765715773,0.0100146940734662,0.0021826209265338008,0.013930730646932399,-0.0017334156469323986,0,0,1,0,0,0,0
2023-06-24 22:00:00,0.00612929,0.006068577499999999,0.002605797600127158,0.0018240583200890106,0.003908696400190737,0.007817392800381474,0.007892635820089009,0.0042445191799109884,0.009977273900190736,0.002159881099809262,0.013885970300381474,-0.0017488153003814748,0,0,0,0,1,0,0
2023-06-24 23:00:00,0.00647856,0.00608487,0.0026071433762178704,0.0018250003633525091,0.0039107150643268055,0.007821430128653611,0.007909870363352509,0.004259869636647491,0.009995585064326806,0.0021741549356731945,0.013906300128653612,-0.001736560128653611,0,0,0,0,1,0,0
2023-06-25 00:00:00,0.01035199,0.006488874166666666,0.0024773122347063036,0.0017341185642944124,0.0037159683520594554,0.007431936704118911,0.008222992730961078,0.004754755602372254,0.010204842518726122,0.0027729058146072107,0.013920810870785578,-0.0009430625374522448,0,0,0,0,0,0,1
2023-06-25 01:00:00,0.01042339,0.006813965833333334,0.0024595665022536257,0.0017216965515775378,0.0036893497533804385,0.007378699506760877,0.008535662384910872,0.005092269281755796,0.010503315586713772,0.003124616079952895,0.01419266534009421,-0.0005647336734275433,0,0,0,0,0,1,0
2023-06-25 02:00:00,0.01046109,0.007107694166666667,0.0024565140304061025,0.0017195598212842716,0.0036847710456091535,0.007369542091218307,0.008827253987950938,0.005388134345382396,0.01079246521227582,0.0034229231210575134,0.014477236257884975,-0.00026184792455164006,0,0,0,0,0,1,0
2023-06-25 03:00:00,0.01059884,0.007408475,0.0024219511493099146,0.0016953658045169402,0.003632926723964872,0.007265853447929744,0.009103840804516941,0.00571310919548306,0.011041401723964872,0.0037755482760351284,0.014674328447929744,0.0001426215520702566,0,0,0,0,0,1,0
2023-06-25 04:00:00,0.01143324,0.007742147916666667,0.002400849161199996,0.001680594412839997,0.003601273741799994,0.007202547483599988,0.009422742329506663,0.0060615535038266695,0.01134342165846666,0.0041408741748666725,0.014944695400266654,0.0005396004330666783,0,0,0,0,0,0,1
2023-06-25 05:00:00,0.01161219,0.00808265375,0.0023429847360055506,0.0016400893152038853,0.0035144771040083256,0.007028954208016651,0.009722743065203885,0.0064425644347961145,0.011597130854008326,0.004568176645991674,0.015111607958016651,0.0010536995419833488,0,0,0,0,0,0,1
2023-06-25 06:00:00,0.01154231,0.0084201425,0.002225989287566045,0.0015581925012962314,0.0033389839313490675,0.006677967862698135,0.009978335001296232,0.006861949998703768,0.011759126431349068,0.0050811585686509324,0.015098110362698135,0.001742174637301865,0,0,0,0,0,1,0
2023-06-25 07:00:00,0.01126258,0.008744133749999999,0.002034355439237443,0.00142404880746621,0.0030515331588561647,0.006103066317712329,0.01016818255746621,0.007320084942533789,0.011795666908856164,0.005692600591143834,0.014847200067712328,0.0026410674322876696,0,0,0,0,0,1,0
2023-06-25 08:00:00,0.00969593,0.008792022083333333,0.0020430125738934777,0.0014301088017254343,0.0030645188608402164,0.006129037721680433,0.010222130885058767,0.007361913281607899,0.01185654094417355,0.005727503222493117,0.014921059805013766,0.0026629843616529005,0,0,0,0,1,0,0
2023-06-25 09:00:00,0.01004706,0.008848345833333332,0.0020588022583191957,0.001441161580823437,0.0030882033874787933,0.0061764067749575866,0.010289507414156768,0.007407184252509895,0.011936549220812125,0.005760142445854538,0.015024752608290918,0.002671939058375745,0,0,0,0,1,0,0
2023-06-25 10:00:00,0.01047241,0.008921002083333332,0.002084997136653205,0.0014594979956572434,0.0031274957049798077,0.006254991409959615,0.010380500078990575,0.007461504087676089,0.01204849778831314,0.005793506378353524,0.015175993493292947,0.002666010673373717,0,0,0,0,0,1,0
2023-06-25 11:00:00,0.01075099,0.009005247916666665,0.0021175004671586915,0.001482250327011084,0.0031762507007380373,0.006352501401476075,0.01048749824367775,0.007522997589655581,0.012181498617404703,0.005828997215928628,0.01535774931814274,0.002652746515190591,0,0,0,0,0,1,0
2023-06-25 12:00:00,0.01112634,0.009074313333333334,0.0021598841292908245,0.001511918890503577,0.0032398261939362368,0.0064796523878724735,0.01058623222383691,0.007562394442829756,0.01231413952726957,0.005834487139397097,0.015553965721205806,0.00259466094546086,0,0,0,0,0,1,0
2023-06-25 13:00:00,0.01143612,0.009159183333333333,0.0022125823077938545,0.001548807615455698,0.003318873461690782,0.006637746923381564,0.01070799094878903,0.007610375717877635,0.012478056795024114,0.005840309871642551,0.015796930256714897,0.002521436409951769,0,0,0,0,0,1,0
2023-06-25 14:00:00,0.01162289,0.009251313333333332,0.0022688755193318215,0.001588212863532275,0.0034033132789977323,0.006806626557995465,0.010839526196865608,0.0076631004698010565,0.012654626612331065,0.005848000054335599,0.016057939891328796,0.0024446867753378674,0,0,0,0,0,1,0
2023-06-25 15:00:00,0.01177875,0.009346802083333333,0.0023267149341413508,0.0016287004538989454,0.003490072401212026,0.006980144802424052,0.010975502537232278,0.007718101629434387,0.012836874484545359,0.005856729682121307,0.016326946885757386,0.0023666572809092805,0,0,0,0,0,1,0
2023-06-25 16:00:00,0.01274057,0.009607798333333334,0.0023420350025485006,0.0016394245017839503,0.003513052503822751,0.007026105007645502,0.011247222835117284,0.007968373831549384,0.013120850837156084,0.006094745829510583,0.016633903340978834,0.002581693325687832,0,0,0,0,0,1,0
2023-06-25 17:00:00,0.01291524,0.00988124,0.00232852415700515,0.001629966909903605,0.0034927862355077248,0.0069855724710154495,0.011511206909903605,0.008251273090096394,0.013374026235507725,0.006388453764492275,0.01686681247101545,0.00289566752898455,0,0,0,0,0,1,0
2023-06-25 18:00:00,0.01302869,0.010159811666666666,0.002286360350375903,0.001600452245263132,0.0034295405255638546,0.006859081051127709,0.011760263911929797,0.008559359421403534,0.01358935219223052,0.006730271141102811,0.017018892717794373,0.0033007306155389566,0,0,0,0,0,1,0
2023-06-25 19:00:00,0.01322392,0.010447510416666667,0.002215388749213846,0.001550772124449692,0.003323083123820769,0.006646166247641538,0.011998282541116359,0.008896738292216974,0.013770593540487435,0.007124427292845898,0.017093676664308204,0.003801344169025129,0,0,0,0,0,1,0
2023-06-25 20:00:00,0.01323755,0.010759344583333335,0.0020462041603884736,0.0014323429122719315,0.0030693062405827104,0.006138612481165421,0.012191687495605267,0.009327001671061404,0.013828650823916046,0.0076900383427506245,0.016897957064498755,0.0046207321021679145,0,0,0,0,0,1,0
2023-06-25 21:00:00,0.01318599,0.011064830416666666,0.0018164658156705777,0.0012715260709694042,0.0027246987235058666,0.005449397447011733,0.01233635648763607,0.009793304345697262,0.013789529140172532,0.0083401316931608,0.0165142278636784,0.005615432969654933,0,0,0,0,0,1,0
2023-06-25 22:00:00,0.01311443,0.011355877916666667,0.0015279696258333564,0.0010695787380833495,0.0022919544387500347,0.004583908877500069,0.012425456654750016,0.010286299178583317,0.013647832355416702,0.009063923477916631,0.015939786794166737,0.006771969039166597,0,0,0,0,0,1,0
2023-06-25 23:00:00,0.01305022,0.011629697083333335,0.0011606035845739206,0.0008124225092017444,0.0017409053768608809,0.0034818107537217618,0.01244211959253508,0.01081727457413159,0.013370602460194215,0.009888791706472454,0.015111507837055097,0.008147886329611572,0,0,0,0,0,1,0
2023-06-26 00:00:00,0.01120867,0.011665392083333332,0.0011324303390341333,0.0007927012373238932,0.0016986455085511998,0.0033972910171023996,0.012458093320657225,0.010872690846009439,0.013364037591884531,0.009966746574782132,0.015062683100435731,0.008268101066230932,0,0,1,0,0,0,0
2023-06-26 01:00:00,0.00994768,0.011645570833333334,0.0011589669562941866,0.0008112768694059306,0.00173845043444128,0.00347690086888256,0.012456847702739264,0.010834293963927403,0.013384021267774614,0.009907120398892053,0.015122471702215893,0.008168669964450774,0,1,0,0,0,0,0
2023-06-26 02:00:00,0.00927541,0.011596167499999999,0.0012344650719705063,0.0008641255503793544,0.0018516976079557593,0.0037033952159115186,0.012460293050379354,0.010732041949620644,0.013447865107955759,0.00974446989204424,0.015299562715911517,0.007892772284088481,1,0,0,0,0,0,0
2023-06-26 03:00:00,0.0102573,0.011581936666666667,0.0012483525833034954,0.0008738468083124468,0.0018725288749552433,0.0037450577499104866,0.012455783474979115,0.01070808985835422,0.013454465541621911,0.009709407791711424,0.015326994416577155,0.00783687891675618,0,1,0,0,0,0,0
2023-06-26 04:00:00,0.01005017,0.011524308749999998,0.001286845332776868,0.0009007917329438075,0.001930267999165302,0.003860535998330604,0.012425100482943806,0.01062351701705619,0.0134545767491653,0.009594040750834696,0.015384844748330602,0.007663772751669394,0,1,0,0,0,0,0
2023-06-26 05:00:00,0.00972722,0.011445768333333335,0.0013377640247057925,0.0009364348172940547,0.0020066460370586885,0.004013292074117377,0.01238220315062739,0.01050933351603928,0.013452414370392024,0.009439122296274647,0.015459060407450712,0.007432476259215958,0,1,0,0,0,0,0
2023-06-26 06:00:00,0.01038608,0.011397592083333333,0.0013548464652016203,0.0009483925256411342,0.0020322696978024306,0.004064539395604861,0.012345984608974467,0.010449199557692199,0.013429861781135763,0.009365322385530903,0.015462131478938195,0.007333052687728472,0,1,0,0,0,0,0
2023-06-26 07:00:00,0.01076761,0.011376968333333334,0.0013607454277987873,0.000952521799459151,0.0020411181416981807,0.0040822362833963614,0.012329490132792486,0.010424446533874183,0.013418086475031515,0.009335850191635154,0.015459204616729696,0.007294732049936973,0,0,1,0,0,0,0
2023-06-26 08:00:00,0.01205474,0.011475252083333332,0.0013185812303710045,0.0009230068612597031,0.0019778718455565067,0.0039557436911130135,0.012398258944593035,0.010552245222073629,0.013453123928889837,0.009497380237776826,0.015430995774446345,0.007519508392220318,0,0,0,0,1,0,0
2023-06-26 09:00:00,0.01225086,0.011567077083333334,0.0012912509890310492,0.0009038756923217344,0.0019368764835465738,0.0038737529670931476,0.012470952775655068,0.010663201391011599,0.013503953566879907,0.00963020059978676,0.015440830050426482,0.0076933241162401855,0,0,0,0,1,0,0
2023-06-26 10:00:00,0.01203651,0.011632247916666666,0.0012729409157194959,0.000891058641003647,0.0019094113735792437,0.0038188227471584874,0.012523306557670314,0.010741189275663018,0.01354165929024591,0.009722836543087423,0.015451070663825154,0.007813425169508179,0,0,0,0,1,0,0
2023-06-26 11:00:00,0.01134298,0.011656914166666666,0.001260799702424609,0.0008825597916972263,0.0018911995536369137,0.0037823991072738275,0.012539473958363892,0.010774354374969439,0.01354811372030358,0.009765714613029752,0.015439313273940493,0.007874515059392838,0,0,1,0,0,0,0
2023-06-26 12:00:00,0.01063638,0.011636499166666666,0.0012736654390957725,0.0008915658073670407,0.0019104981586436588,0.0038209963172873176,0.012528064974033706,0.010744933359299626,0.013546997325310325,0.009726001008023007,0.015457495483953984,0.007815502849379348,0,1,0,0,0,0,0
2023-06-26 13:00:00,0.01018946,0.011584554999999998,0.0013071734822459053,0.0009150214375721337,0.001960760223368858,0.003921520446737716,0.012499576437572131,0.010669533562427865,0.013545315223368857,0.00962379477663114,0.015506075446737714,0.007663034553262282,0,1,0,0,0,0,0
2023-06-26 14:00:00,0.00952353,0.011497081666666666,0.0013730776958467497,0.0009611543870927247,0.0020596165437701246,0.004119233087540249,0.01245823605375939,0.010535927279573941,0.01355669821043679,0.009437465122896541,0.015616314754206915,0.007377848579126416,0,1,0,0,0,0,0
2023-06-26 15:00:00,0.00923875,0.011391248333333333,0.0014463564785970478,0.0010124495350179335,0.002169534717895572,0.004339069435791144,0.012403697868351266,0.0103787987983154,0.013560783051228905,0.009221713615437761,0.015730317769124477,0.007052178897542189,0,1,0,0,0,0,0
2023-06-26 16:00:00,0.00684043,0.011145409166666669,0.0016882403431716345,0.001181768240220144,0.002532360514757452,0.005064721029514904,0.012327177406886812,0.009963640926446525,0.013677769681424121,0.008613048651909216,0.016210130196181574,0.006080688137151765,1,0,0,0,0,0,0
2023-06-26 17:00:00,0.00659448,0.010882044166666665,0.0018820382526166402,0.001317426776831648,0.0028230573789249603,0.005646114757849921,0.012199470943498313,0.009564617389835018,0.013705101545591625,0.008058986787741706,0.016528158924516586,0.005235929408816745,1,0,0,0,0,0,0
2023-06-26 18:00:00,0.00663817,0.0106157725,0.0020126591628840938,0.0014088614140188656,0.003018988744326141,0.006037977488652282,0.012024633914018866,0.009206911085981135,0.013634761244326141,0.00759678375567386,0.01665374998865228,0.004577795011347719,1,0,0,0,0,0,0
2023-06-26 19:00:00,0.00673136,0.010345249166666666,0.0020819949353818833,0.0014573964547673181,0.003122992403072825,0.00624598480614565,0.011802645621433985,0.008887852711899347,0.01346824156973949,0.007222256763593841,0.016591233972812314,0.004099264360521016,1,0,0,0,0,0,0
2023-06-26 20:00:00,0.00641456,0.010060957916666667,0.002135042651143029,0.0014945298558001203,0.0032025639767145437,0.0064051279534290875,0.011555487772466786,0.008566428060866547,0.01326352189338121,0.006858393939952123,0.016466085870095754,0.0036558299632375793,1,0,0,0,0,0,0
2023-06-26 21:00:00,0.00641946,0.009779019166666666,0.0021511402270280896,0.0015057981589196626,0.0032267103405421342,0.0064534206810842685,0.01128481732558633,0.008273221007747003,0.0130057295072088,0.006552308826124532,0.016232439847750933,0.003325598485582398,1,0,0,0,0,0,0
2023-06-26 22:00:00,0.00642522,0.009500302083333334,0.002133469359456335,0.0014934285516194346,0.0032002040391845028,0.0064004080783690055,0.010993730634952768,0.0080068735317139,0.012700506122517836,0.006300098044148831,0.015900710161702337,0.003099894004964328,0,1,0,0,0,0,0
2023-06-26 23:00:00,0.00642793,0.009224373333333332,0.0020820054867690257,0.0014574038407383179,0.0031230082301535386,0.006246016460307077,0.01068177717407165,0.0077669694925950146,0.012347381563486871,0.006101365103179794,0.01547038979364041,0.002978356873026255,0,1,0,0,0,0,0
2023-06-27 00:00:00,0.00343174,0.008900334583333334,0.002347953025941112,0.0016435671181587782,0.003521929538911668,0.007043859077823336,0.010543901701492112,0.007256767465174556,0.012422264122245001,0.005378405044421666,0.01594419366115667,0.0018564755055099982,1,0,0,0,0,0,0
2023-06-27 01:00:00,0.00416415,0.008659354166666666,0.0025258413406142382,0.0017680889384299667,0.0037887620109213573,0.007577524021842715,0.010427443105096633,0.006891265228236699,0.012448116177588023,0.004870592155745309,0.01623687818850938,0.0010818301448239512,1,0,0,0,0,0,0
2023-06-27 02:00:00,0.00430076,0.008452077083333334,0.002672922194823155,0.0018710455363762082,0.004009383292234732,0.008018766584469464,0.010323122619709541,0.006581031546957126,0.012461460375568067,0.004442693791098602,0.016470843667802798,0.0004333104988638696,1,0,0,0,0,0,0
2023-06-27 03:00:00,0.00482656,0.008225796249999999,0.002742424128712837,0.0019196968900989859,0.004113636193069255,0.00822727238613851,0.010145493140098985,0.0063060993599010125,0.012339432443069254,0.004112160056930743,0.01645306863613851,-1.4761361385121768e-06,0,1,0,0,0,0,0
2023-06-27 04:00:00,0.00381006,0.007965791666666666,0.0028554174459874447,0.0019987922121912113,0.0042831261689811675,0.008566252337962335,0.009964583878857878,0.005966999454475454,0.012248917835647834,0.0036826654976854986,0.016532044004629,-0.0006004606712956689,0,1,0,0,0,0,0
2023-06-27 05:00:00,0.00403744,0.0077287175,0.002937825426052219,0.002056477798236553,0.004406738139078328,0.008813476278156656,0.009785195298236554,0.005672239701763447,0.012135455639078328,0.003321979360921672,0.016542193778156657,-0.0010847587781566562,0,1,0,0,0,0,0
2023-06-27 06:00:00,0.00444048,0.007480984166666666,0.002954633990975123,0.002068243793682586,0.004431950986462685,0.00886390197292537,0.009549227960349252,0.00541274037298408,0.01191293515312935,0.0030490331802039815,0.016344886139592035,-0.001382917806258703,0,1,0,0,0,0,0
2023-06-27 07:00:00,0.00508708,0.007244295416666667,0.0029070467362884407,0.0020349327154019084,0.0043605701044326615,0.008721140208865323,0.009279228132068575,0.0052093627012647584,0.01160486552109933,0.0028837253122340053,0.01596543562553199,-0.0014768447921986562,0,1,0,0,0,0,0
2023-06-27 08:00:00,0.0102682,0.0071698562499999995,0.002799392869046462,0.0019595750083325233,0.004199089303569693,0.008398178607139387,0.009129431258332522,0.005210281241667477,0.011368945553569692,0.002970766946430306,0.015568034857139385,-0.001228322357139387,0,0,0,0,0,1,0
2023-06-27 09:00:00,0.00991153,0.007072384166666667,0.0026516112122910015,0.001856127848603701,0.003977416818436502,0.007954833636873004,0.008928512015270368,0.0052162563180629656,0.011049800985103168,0.003094967348230165,0.015027217803539671,-0.000882449470206337,0,0,0,0,0,1,0
2023-06-27 10:00:00,0.00994212,0.006985117916666666,0.002511919717882527,0.0017583438025177687,0.00376787957682379,0.00753575915364758,0.008743461719184435,0.005226774114148897,0.010752997493490457,0.003217238339842876,0.014520877070314245,-0.0005506412369809142,0,0,0,0,0,1,0
2023-06-27 11:00:00,0.00985724,0.006923212083333334,0.002416340952226895,0.0016914386665588263,0.0036245114283403423,0.007249022856680685,0.00861465074989216,0.005231773416774508,0.010547723511673676,0.0032987006549929916,0.014172234940014019,-0.00032581077334735073,0,0,0,0,0,1,0
2023-06-27 12:00:00,0.01157719,0.0069624125,0.0024858311274611167,0.0017400817892227816,0.003728746691191675,0.00745749338238335,0.008702494289222781,0.005222330710777218,0.010691159191191676,0.003233665808808325,0.01441990588238335,-0.0004950808823833497,0,0,0,0,0,0,1
2023-06-27 13:00:00,0.01156453,0.007019707083333333,0.002577596309689739,0.001804317416782817,0.0038663944645346083,0.0077327889290692165,0.00882402450011615,0.005215389666550516,0.01088610154786794,0.003153312618798725,0.01475249601240255,-0.0007130818457358832,0,0,0,0,0,0,1
2023-06-27 14:00:00,0.01163883,0.007107844583333334,0.0027001835121951436,0.0018901284585366004,0.004050275268292715,0.00810055053658543,0.008997973041869934,0.0052177161247967336,0.011158119851626049,0.003057569315040619,0.015208395119918765,-0.0009927059532520962,0,0,0,0,0,0,1
2023-06-27 15:00:00,0.01165788,0.0072086416666666655,0.0028254358350922482,0.0019778050845645737,0.004238153752638372,0.008476307505276745,0.00918644675123124,0.005230836582102091,0.011446795419305038,0.002970487914028293,0.01568494917194341,-0.0012676658386100792,0,0,0,0,0,0,1
2023-06-27 16:00:00,0.00568,0.007160290416666667,0.0028418921545160826,0.0019893245081612576,0.004262838231774124,0.008525676463548248,0.009149614924827925,0.005170965908505409,0.011423128648440792,0.002897452184892543,0.015685966880214914,-0.0013653860468815808,0,0,1,0,0,0,0
2023-06-27 17:00:00,0.00709356,0.007181085416666667,0.0028393968018638823,0.0019875777613047175,0.004259095202795824,0.008518190405591647,0.009168663177971385,0.005193507655361949,0.01144018061946249,0.002921990213870843,0.015699275822258316,-0.0013371049889249805,0,0,1,0,0,0,0
2023-06-27 18:00:00,0.00685013,0.007189917083333333,0.002837963974264261,0.0019865747819849825,0.004256945961396391,0.008513891922792782,0.009176491865318315,0.0052033423013483505,0.011446863044729725,0.002932971121936942,0.015703809006126116,-0.0013239748394594493,0,0,1,0,0,0,0
2023-06-27 19:00:00,0.00550482,0.007138811250000001,0.002857556748836382,0.0020002897241854674,0.004286335123254573,0.008572670246509146,0.009139100974185469,0.0051385215258145335,0.011425146373254574,0.002852476126745428,0.015711481496509146,-0.0014338589965091448,0,0,1,0,0,0,0
2023-06-27 20:00:00,0.00085257,0.006907061666666666,0.003131278412974896,0.002191894889082427,0.004696917619462344,0.009393835238924689,0.009098956555749093,0.00471516677758424,0.01160397928612901,0.002210144047204322,0.016300896905591354,-0.0024867735722580225,1,0,0,0,0,0,0
2023-06-27 21:00:00,0.00082079,0.00667378375,0.003368728987714538,0.002358110291400176,0.0050530934815718066,0.010106186963143613,0.009031894041400175,0.004315673458599824,0.011726877231571807,0.001620690268428193,0.016779970713143612,-0.0034324032131436135,1,0,0,0,0,0,0
2023-06-27 22:00:00,0.00200857,0.0064897566666666665,0.003500939979423788,0.0024506579855966514,0.005251409969135682,0.010502819938271363,0.008940414652263317,0.004039098681070015,0.011741166635802349,0.0012383466975309848,0.01699257660493803,-0.004013063271604697,0,1,0,0,0,0,0
2023-06-27 23:00:00,0.00253806,0.006327678749999999,0.0035927643407758945,0.002514935038543126,0.005389146511163841,0.010778293022327683,0.008842613788543126,0.0038127437114568734,0.01171682526116384,0.000938532238836158,0.017105971772327682,-0.004450614272327683,0,1,0,0,0,0,0
2023-06-28 00:00:00,0.00034733,0.006199161666666667,0.0037524756439434384,0.0026267329507604067,0.005628713465915158,0.011257426931830315,0.008825894617427074,0.0035724287159062604,0.011827875132581826,0.0005704482007515095,0.017456588598496983,-0.005058265265163648,1,0,0,0,0,0,0
2023-06-28 01:00:00,0.00030664,0.006038432083333333,0.003922206636446219,0.002745544645512353,0.005883309954669328,0.011766619909338655,0.008783976728845686,0.00329288743782098,0.01192174203800266,0.0001551221286640054,0.01780505199267199,-0.005728187826005322,0,1,0,0,0,0,0
2023-06-28 02:00:00,0.00033645,0.0058732524999999995,0.004078914417662034,0.0028552400923634235,0.006118371626493051,0.012236743252986102,0.008728492592363423,0.003018012407636576,0.011991624126493051,-0.0002451191264930515,0.0181099957529861,-0.006363490752986103,0,1,0,0,0,0,0
2023-06-28 03:00:00,0.00041331,0.005689367083333334,0.004225015356857627,0.002957510749800339,0.006337523035286441,0.012675046070572881,0.008646877833133674,0.002731856333532995,0.012026890118619776,-0.0006481559519531067,0.018364413153906217,-0.006985678987239547,0,1,0,0,0,0,0
2023-06-28 04:00:00,0.00269257,0.005642805,0.0042526939011766065,0.0029768857308236246,0.006379040851764909,0.012758081703529819,0.008619690730823625,0.0026659192691763753,0.012021845851764908,-0.0007362358517649095,0.01840088670352982,-0.007115276703529819,0,0,1,0,0,0,0
2023-06-28 05:00:00,0.00283547,0.005592722916666667,0.0042794151390861,0.00299559059736027,0.00641912270862915,0.0128382454172583,0.008588313514026936,0.0025971323193063967,0.012011845625295817,-0.0008263997919624837,0.018430968333924967,-0.007245522500591634,0,0,1,0,0,0,0
2023-06-28 06:00:00,0.00285897,0.0055268266666666675,0.004309996399386884,0.0030169974795708184,0.006464994599080325,0.01292998919816065,0.008543824146237486,0.002509829187095849,0.011991821265746994,-0.0009381679324136577,0.01845681586482732,-0.007403162531493983,0,0,1,0,0,0,0
2023-06-28 07:00:00,0.00272015,0.005428204583333333,0.004347414080734134,0.0030431898565138936,0.006521121121101201,0.013042242242202401,0.008471394439847226,0.0023850147268194392,0.011949325704434533,-0.0010929165377678678,0.018470446825535735,-0.007614037658869068,0,0,1,0,0,0,0
2023-06-28 08:00:00,0.00724396,0.0053021945833333336,0.004243616889301556,0.0029705318225110894,0.006365425333952335,0.01273085066790467,0.008272726405844423,0.002331662760822244,0.011667619917285668,-0.001063230750619001,0.018033045251238004,-0.007428656084571336,0,0,0,0,1,0,0
2023-06-28 09:00:00,0.00717464,0.0051881575,0.004150110060745163,0.0029050770425216137,0.006225165091117744,0.012450330182235488,0.008093234542521614,0.0022830804574783866,0.011413322591117745,-0.0010370075911177437,0.017638487682235488,-0.007262172682235488,0,0,0,0,1,0,0
2023-06-28 10:00:00,0.00694132,0.005063124166666666,0.004044517116059138,0.0028311619812413963,0.006066775674088707,0.012133551348177413,0.007894286147908063,0.00223196218542527,0.011129899840755374,-0.0010036515074220405,0.01719667551484408,-0.007070427181510747,0,0,0,0,1,0,0
2023-06-28 11:00:00,0.00650302,0.004923365,0.00392792511076893,0.002749547577538251,0.005891887666153395,0.01178377533230679,0.00767291257753825,0.002173817422461749,0.010815252666153394,-0.0009685226661533949,0.01670714033230679,-0.00686041033230679,0,0,0,0,1,0,0
2023-06-28 12:00:00,0.00693887,0.004730101666666667,0.0036934145662230813,0.002585390196356157,0.005540121849334622,0.011080243698669244,0.007315491863022824,0.00214471147031051,0.010270223516001289,-0.0008100201826679553,0.01581034536533591,-0.006350142032002577,0,0,0,0,1,0,0
2023-06-28 13:00:00,0.0069009,0.00453578375,0.0034316106278600854,0.0024021274395020597,0.005147415941790128,0.010294831883580257,0.00693791118950206,0.0021336563104979406,0.009683199691790129,-0.000611632191790128,0.014830615633580256,-0.005759048133580256,0,0,0,0,1,0,0
2023-06-28 14:00:00,0.00680284,0.0043342841666666665,0.003124647545825691,0.0021872532820779835,0.004686971318738536,0.009373942637477073,0.00652153744874465,0.002147030884588683,0.009021255485405203,-0.0003526871520718698,0.013708226804143738,-0.005039658470810406,0,0,0,0,0,1,0
2023-06-28 15:00:00,0.00669187,0.004127367083333333,0.002761964607147433,0.001933375225003203,0.004142946910721149,0.008285893821442299,0.006060742308336536,0.0021939918583301302,0.008270313994054482,-1.5579827387816186e-05,0.012413260904775632,-0.0041585267381089655,0,0,0,0,0,1,0
2023-06-28 16:00:00,0.0069876,0.004181850416666666,0.0028064625440231044,0.001964523780816173,0.004209693816034657,0.008419387632069314,0.0061463741974828396,0.0022173266358504933,0.008391544232701324,-2.7843399367990553e-05,0.012601238048735981,-0.0042375372154026475,0,0,0,0,0,1,0
2023-06-28 17:00:00,0.00698836,0.004177467083333333,0.002801795375252669,0.001961256762676868,0.004202693062879004,0.008405386125758007,0.006138723846010202,0.002216210320656465,0.008380160146212337,-2.5225979545670518e-05,0.01258285320909134,-0.004227919042424674,0,0,0,0,0,1,0
2023-06-28 18:00:00,0.00709251,0.00418756625,0.00281226520777618,0.0019685856454433256,0.00421839781166427,0.00843679562332854,0.006156151895443326,0.0022189806045566744,0.00840596406166427,-3.083156166427004e-05,0.01262436187332854,-0.00424922937332854,0,0,0,0,0,1,0
2023-06-28 19:00:00,0.00745071,0.004268645000000001,0.0028791484107541744,0.002015403887527922,0.004318722616131261,0.008637445232262522,0.006284048887527923,0.0022532411124720785,0.008587367616131263,-5.007761613126053e-05,0.012906090232262524,-0.004368800232262522,0,0,0,0,0,1,0
2023-06-28 20:00:00,0.0071412,0.00453067125,0.0028406415061013536,0.0019884490542709473,0.004260962259152031,0.008521924518304061,0.006519120304270947,0.0025422221957290526,0.00879163350915203,0.0002697089908479692,0.013052595768304061,-0.003991253268304061,0,0,0,0,0,1,0
2023-06-28 21:00:00,0.00714183,0.004794047916666666,0.0027739685314177396,0.0019417779719924175,0.004160952797126609,0.008321905594253219,0.006735825888659084,0.0028522699446742487,0.008955000713793276,0.0006330951195400569,0.013115953510919886,-0.0035278576775865525,0,0,0,0,0,1,0
2023-06-28 22:00:00,0.00734327,0.005016327083333333,0.0027547317855812254,0.0019283122499068575,0.004132097678371838,0.008264195356743676,0.006944639333240191,0.003088014833426476,0.009148424761705172,0.0008842294049614952,0.013280522440077009,-0.003247868273410343,0,0,0,0,0,1,0
2023-06-28 23:00:00,0.00746769,0.005221728333333332,0.002745679658395699,0.0019219757608769893,0.004118519487593548,0.008237038975187096,0.007143704094210322,0.003299752572456343,0.009340247820926881,0.0011032088457397842,0.013458767308520428,-0.003015310641853764,0,0,0,0,0,1,0
2023-06-29 00:00:00,0.00700824,0.00549926625,0.002562052640303413,0.001793436848212389,0.0038430789604551197,0.0076861579209102394,0.007292703098212389,0.003705829401787611,0.00934234521045512,0.0016561872895448802,0.013185424170910238,-0.0021868916709102395,0,0,0,0,1,0,0
2023-06-29 01:00:00,0.00725573,0.005788811666666667,0.002332048327134988,0.0016324338289944915,0.003498072490702482,0.006996144981404964,0.007421245495661158,0.004156377837672176,0.00928688415736915,0.0022907391759641846,0.012784956648071631,-0.0012073333147382976,0,0,0,0,1,0,0
2023-06-29 02:00:00,0.00709358,0.00607035875,0.0020340157177203603,0.001423811002404252,0.00305102357658054,0.00610204715316108,0.007494169752404252,0.004646547747595748,0.009121382326580541,0.00301933517341946,0.012172405903161081,-3.168840316108024e-05,0,0,0,0,1,0,0
2023-06-29 03:00:00,0.00689866,0.006340581666666667,0.0016430016383958096,0.0011501011468770667,0.002464502457593714,0.004929004915187428,0.0074906828135437335,0.0051904805197896,0.008805084124260381,0.0038760792090729527,0.011269586581854094,0.0014115767514792385,0,0,0,0,1,0,0
2023-06-29 04:00:00,0.00531381,0.0064497999999999995,0.0014677316763722103,0.001027412173460547,0.0022015975145583157,0.004403195029116631,0.007477212173460547,0.005422387826539452,0.008651397514558314,0.004248202485441684,0.01085299502911663,0.002046604970883368,0,1,0,0,0,0,0
2023-06-29 05:00:00,0.00536619,0.006555246666666667,0.0012750346558451186,0.0008925242590915829,0.001912551983767678,0.003825103967535356,0.00744777092575825,0.005662722407575084,0.008467798650434346,0.004642694682898989,0.010380350634202022,0.002730142699131311,0,1,0,0,0,0,0
2023-06-29 06:00:00,0.00554692,0.006667244583333333,0.0010309266465492637,0.0007216486525844846,0.0015463899698238957,0.0030927799396477914,0.007388893235917818,0.005945595930748848,0.00821363455315723,0.005120854613509437,0.009760024522981125,0.003574464643685542,0,1,0,0,0,0,0
2023-06-29 07:00:00,0.00596909,0.006802617083333333,0.0006225009622937178,0.00043575067360560244,0.0009337514434405767,0.0018675028868811534,0.007238367756938935,0.006366866409727731,0.00773636852677391,0.005868865639892756,0.008670119970214486,0.004935114196452179,0,1,0,0,0,0,0
2023-06-29 08:00:00,0.00832956,0.006847850416666666,0.0006915746713527044,0.000484102269946893,0.0010373620070290566,0.002074724014058113,0.0073319526866135595,0.006363748146719773,0.007885212423695723,0.005810488409637609,0.00892257443072478,0.004773126402608553,0,0,0,0,0,0,1
2023-06-29 09:00:00,0.00855823,0.006905500000000001,0.000772887882065526,0.0005410215174458681,0.001159331823098289,0.002318663646196578,0.007446521517445869,0.006364478482554133,0.00806483182309829,0.005746168176901712,0.00922416364619658,0.004586836353803423,0,0,0,0,0,0,1
2023-06-29 10:00:00,0.00907662,0.006994470833333333,0.0008910589733371983,0.0006237412813360388,0.0013365884600057974,0.002673176920011595,0.007618212114669372,0.006370729551997294,0.00833105929333913,0.005657882373327535,0.009667647753344928,0.004321293913321738,0,0,0,0,0,0,1
2023-06-29 11:00:00,0.00986946,0.007134739166666667,0.001059399214895524,0.0007415794504268668,0.001589098822343286,0.003178197644686572,0.007876318617093533,0.0063931597162398,0.008723837989009952,0.005545640344323381,0.01031293681135324,0.003956541521980095,0,0,0,0,0,0,1
2023-06-29 12:00:00,0.01212144,0.007350679583333333,0.0014673728100647878,0.0010271609670453514,0.002201059215097182,0.004402118430194364,0.008377840550378685,0.006323518616287981,0.009551738798430515,0.0051496203682361505,0.011752798013527696,0.002948561153138969,0,0,0,0,0,0,1
2023-06-29 13:00:00,0.01249858,0.00758391625,0.0017999541173810054,0.0012599678821667037,0.002699931176071508,0.005399862352143016,0.008843884132166704,0.006323948367833296,0.010283847426071508,0.004883985073928492,0.012983778602143017,0.002184053897856984,0,0,0,0,0,0,1
2023-06-29 14:00:00,0.01266025,0.007827975,0.0020667737201588653,0.0014467416041112056,0.0031001605802382978,0.0062003211604765955,0.009274716604111204,0.006381233395888794,0.010928135580238297,0.004727814419761701,0.014028296160476595,0.0016276538395234037,0,0,0,0,0,0,1
2023-06-29 15:00:00,0.01244748,0.008067792083333332,0.0022546042871614837,0.0015782230010130385,0.0033819064307422254,0.006763812861484451,0.009646015084346371,0.0064895690823202935,0.011449698514075558,0.004685885652591107,0.014831604944817783,0.0013039792218488815,0,0,0,0,0,0,1
2023-06-29 16:00:00,0.01270893,0.008306180833333334,0.0024309952947067543,0.001701696706294728,0.0036464929420601316,0.007292985884120263,0.010007877539628063,0.006604484127038606,0.011952673775393465,0.004659687891273203,0.015599166717453598,0.0010131949492130712,0,0,0,0,0,0,1
2023-06-29 17:00:00,0.01297536,0.008555639166666667,0.0025917515659121533,0.0018142260961385073,0.0038876273488682297,0.007775254697736459,0.010369865262805174,0.00674141307052816,0.012443266515534897,0.004668011817798437,0.016330893864403125,0.0007803844689302075,0,0,0,0,0,0,1
2023-06-29 18:00:00,0.01298674,0.008801232083333334,0.0027230208498938173,0.0019061145949256719,0.0040845312748407255,0.008169062549681451,0.010707346678259006,0.0068951174884076625,0.01288576335817406,0.004716700808492609,0.016970294633014783,0.0006321695336518832,0,0,0,0,0,0,1
2023-06-29 19:00:00,0.01291561,0.00902893625,0.002831508999050295,0.0019820562993352066,0.0042472634985754425,0.008494526997150885,0.011010992549335206,0.007046879950664792,0.013276199748575442,0.004781672751424557,0.017523463247150886,0.0005344092528491145,0,0,0,0,0,1,0
2023-06-29 20:00:00,0.01278015,0.0092638925,0.0029011567690795607,0.0020308097383556923,0.004351735153619341,0.008703470307238682,0.011294702238355693,0.0072330827616443084,0.013615627653619341,0.00491215734638066,0.017967362807238683,0.0005604221927613187,0,0,0,0,0,1,0
2023-06-29 21:00:00,0.01257978,0.00949047375,0.002940305861952665,0.0020582141033668655,0.0044104587929289975,0.008820917585857995,0.011548687853366865,0.007432259646633135,0.013900932542928998,0.005080014957071003,0.018311391335857997,0.0006695561641420055,0,0,0,0,0,1,0
2023-06-29 22:00:00,0.01231947,0.009697815416666667,0.002957710109843326,0.002070397076890328,0.004436565164764989,0.008873130329529978,0.011768212493556994,0.0076274183397763385,0.014134380581431655,0.005261250251901678,0.018570945746196645,0.0008246850871366888,0,0,0,0,0,1,0
2023-06-29 23:00:00,0.01200579,0.009886902916666667,0.002953997427793884,0.0020677981994557185,0.004430996141690826,0.008861992283381652,0.011954701116122386,0.007819104717210949,0.014317899058357494,0.005455906774975841,0.01874889520004832,0.0010249106332850151,0,0,0,0,0,1,0
2023-06-30 00:00:00,0.00939987,0.009986554166666666,0.002892362434694876,0.002024653704286413,0.004338543652042314,0.008677087304084627,0.01201120787095308,0.007961900462380253,0.014325097818708981,0.005648010514624353,0.018663641470751294,0.0013094668625820392,0,0,1,0,0,0,0
2023-06-30 01:00:00,0.00900331,0.01005937,0.0028421869060224073,0.001989530834215685,0.004263280359033611,0.008526560718067223,0.012048900834215684,0.008069839165784316,0.014322650359033611,0.005796089640966388,0.018585930718067224,0.001532809281932777,0,0,1,0,0,0,0
2023-06-30 02:00:00,0.00853824,0.010119564166666666,0.002791489967192862,0.0019540429770350033,0.004187234950789293,0.008374469901578587,0.012073607143701669,0.008165521189631663,0.01430679911745596,0.0059323292158773725,0.018494034068245253,0.001745094265088079,0,0,1,0,0,0,0
2023-06-30 03:00:00,0.00794199,0.01016303625,0.0027469178247103445,0.001922842477297241,0.0041203767370655165,0.008240753474131033,0.012085878727297241,0.00824019377270276,0.014283412987065517,0.006042659512934484,0.018403789724131033,0.0019222827758689671,0,1,0,0,0,0,0
2023-06-30 04:00:00,0.0081403,0.010280806666666666,0.0025858428373653364,0.0018100899861557354,0.0038787642560480047,0.007757528512096009,0.012090896652822402,0.00847071668051093,0.014159570922714672,0.006402042410618662,0.018038335178762674,0.002523278154570657,0,1,0,0,0,0,0
2023-06-30 05:00:00,0.00956029,0.010455560833333334,0.002372158840326335,0.0016605111882284345,0.0035582382604895024,0.007116476520979005,0.012116072021561768,0.0087950496451049,0.014013799093822835,0.006897322572843831,0.01757203735431234,0.003339084312354329,0,0,1,0,0,0,0
2023-06-30 06:00:00,0.01061749,0.010666834583333333,0.0021293431509331385,0.0014905402056531968,0.003194014726399708,0.006388029452799416,0.01215737478898653,0.009176294377680137,0.013860849309733041,0.007472819856933625,0.01705486403613275,0.004278805130533917,0,0,1,0,0,0,0
2023-06-30 07:00:00,0.01088091,0.01087149375,0.0018795943940065698,0.001315716075804599,0.002819391591009855,0.00563878318201971,0.0121872098258046,0.009555777674195402,0.013690885341009856,0.008052102158990146,0.01651027693201971,0.005232710567980291,0,0,0,0,1,0,0
2023-06-30 08:00:00,0.01355875,0.011089376666666666,0.0018752007982025926,0.0013126405587418147,0.0028128011973038887,0.005625602394607777,0.012402017225408481,0.00977673610792485,0.013902177863970555,0.008276575469362777,0.01671497906127444,0.005463774272058889,0,0,0,0,0,1,0
2023-06-30 09:00:00,0.01394204,0.011313702083333335,0.0018812571420750612,0.0013168799994525428,0.002821885713112592,0.005643771426225184,0.012630582082785878,0.009996822083880792,0.014135587796445928,0.008491816370220742,0.01695747350955852,0.005669930657108151,0,0,0,0,0,1,0
2023-06-30 10:00:00,0.01424171,0.011528914166666666,0.0019094394616697803,0.001336607623168846,0.0028641591925046704,0.005728318385009341,0.012865521789835513,0.01019230654349782,0.014393073359171336,0.008664754974161996,0.017257232551676008,0.005800595781657325,0,0,0,0,0,1,0
2023-06-30 11:00:00,0.01427631,0.011712532916666666,0.001954284855013333,0.001367999398509333,0.002931427282519999,0.005862854565039998,0.013080532315175999,0.010344533518157333,0.014643960199186665,0.008781105634146667,0.017575387481706665,0.0058496783516266675,0,0,0,0,0,1,0
2023-06-30 12:00:00,0.01397557,0.011789788333333334,0.002007087052403909,0.0014049609366827364,0.003010630578605864,0.006021261157211728,0.01319474927001607,0.010384827396650597,0.014800418911939197,0.00877915775472747,0.017811049490545062,0.005768527176121606,0,0,0,0,0,1,0
2023-06-30 13:00:00,0.01279473,0.011802127916666667,0.0020125371374957765,0.0014087759962470435,0.0030188057062436645,0.006037611412487329,0.013210903912913711,0.010393351920419623,0.014820933622910332,0.008783322210423002,0.017839739329153996,0.005764516504179338,0,0,0,0,1,0,0
2023-06-30 14:00:00,0.01176708,0.0117649125,0.0020042199712025795,0.0014029539798418055,0.003006329956803869,0.006012659913607738,0.013167866479841805,0.010361958520158195,0.01477124245680387,0.008758582543196131,0.017777572413607737,0.005752252586392262,0,0,0,0,1,0,0
2023-06-30 15:00:00,0.01177983,0.011737093749999998,0.0019989605765253593,0.0013992724035677515,0.0029984408647880387,0.005996881729576077,0.01313636615356775,0.010337821346432246,0.014735534614788038,0.008738652885211959,0.017733975479576076,0.005740212020423921,0,0,0,0,1,0,0
2023-06-30 16:00:00,0.00741786,0.0115166325,0.0021714474883162875,0.0015200132418214012,0.0032571712324744313,0.006514342464948863,0.013036645741821402,0.009996619258178598,0.014773803732474432,0.008259461267525569,0.018030974964948862,0.005002290035051138,1,0,0,0,0,0,0
2023-06-30 17:00:00,0.00724427,0.011277837083333332,0.0023144712407832547,0.001620129868548278,0.003471706861174882,0.006943413722349764,0.01289796695188161,0.009657707214785054,0.014749543944508215,0.00780613022215845,0.018221250805683098,0.004334423360983568,1,0,0,0,0,0,0
2023-06-30 18:00:00,0.00750482,0.01104942375,0.0024071364818674976,0.0016849955373072483,0.003610704722801246,0.007221409445602492,0.01273441928730725,0.009364428212692752,0.014660128472801248,0.007438719027198754,0.018270833195602493,0.0038280143043975083,0,1,0,0,0,0,0
2023-06-30 19:00:00,0.00779776,0.01083618,0.002460720603817533,0.001722504422672273,0.0036910809057262993,0.007382161811452599,0.012558684422672274,0.009113675577327727,0.0145272609057263,0.007145099094273702,0.0182183418114526,0.003454018188547402,0,1,0,0,0,0,0
2023-06-30 20:00:00,0.00788092,0.010632045416666666,0.0024954114020249857,0.0017467879814174899,0.0037431171030374785,0.007486234206074957,0.012378833398084156,0.008885257435249176,0.014375162519704145,0.006888928313629188,0.018118279622741623,0.003145811210591709,0,1,0,0,0,0,0
2023-06-30 21:00:00,0.00760801,0.010424888333333333,0.002532776259236809,0.0017729433814657662,0.0037991643888552135,0.007598328777710427,0.0121978317147991,0.008651944951867567,0.014224052722188546,0.00662572394447812,0.01802321711104376,0.0028265595556229064,0,1,0,0,0,0,0
2023-06-30 22:00:00,0.00771389,0.010232989166666666,0.002557344441550591,0.0017901411090854135,0.0038360166623258862,0.0076720333246517725,0.012023130275752079,0.008442848057581253,0.014069005828992552,0.00639697250434078,0.017905022491318437,0.0025609558420148937,0,1,0,0,0,0,0
2023-06-30 23:00:00,0.00770756,0.01005389625,0.0025782150108230226,0.0018047505075761156,0.0038673225162345337,0.007734645032469067,0.011858646757576115,0.008249145742423884,0.013921218766234533,0.006186573733765466,0.017788541282469067,0.002319251217530932,0,1,0,0,0,0,0
