datetime,open,high,low,close,volume
2024-04-18 00:00:00,61254.5,61503.0,60900.0,61495.6,11116.828
2024-04-17 23:00:00,61661.9,61743.7,61177.4,61254.5,6293.874
2024-04-17 22:00:00,61282.7,61698.8,61136.6,61660.8,5054.375
2024-04-17 21:00:00,60814.7,61645.1,60814.7,61282.7,12862.116
2024-04-17 20:00:00,60997.1,61437.6,60741.3,60814.7,11277.641
2024-04-17 19:00:00,61419.4,61447.2,60700.0,60997.2,20236.802
2024-04-17 18:00:00,61242.8,61938.0,61120.1,61419.4,25414.196
2024-04-17 17:00:00,60166.0,61326.0,60078.5,61242.7,22780.156
2024-04-17 16:00:00,60274.0,61086.2,59625.0,60165.9,53607.25
2024-04-17 15:00:00,61263.2,61518.6,59713.2,60272.0,72019.749
2024-04-17 14:00:00,62606.5,62629.8,60663.0,61263.2,67925.053
2024-04-17 13:00:00,62286.4,62957.2,62100.0,62606.6,19987.106
2024-04-17 12:00:00,62576.8,62810.9,62024.8,62286.4,20270.686
2024-04-17 11:00:00,62878.0,63147.1,62490.0,62576.9,12961.088
2024-04-17 10:00:00,63302.3,63323.8,62712.6,62878.0,14372.228
2024-04-17 09:00:00,63304.2,63518.7,63202.1,63302.2,5652.434
2024-04-17 08:00:00,63260.7,63562.7,63104.3,63304.2,8820.085
2024-04-17 07:00:00,63853.6,63913.0,63170.5,63260.8,12918.071
2024-04-17 06:00:00,63893.2,63975.0,63700.0,63853.5,5208.444
2024-04-17 05:00:00,64060.4,64483.3,63787.1,63893.1,11144.879
2024-04-17 04:00:00,63806.1,64216.6,63633.0,64060.4,6889.782
2024-04-17 03:00:00,63825.4,64048.8,63702.8,63806.0,4021.983
2024-04-17 02:00:00,63993.1,64283.3,63680.0,63825.3,7877.403
2024-04-17 01:00:00,63991.8,64035.6,63575.6,63993.1,7042.858
2024-04-17 00:00:00,63764.9,64214.5,63541.7,63991.9,9394.733
2024-04-16 23:00:00,63751.7,63855.0,63584.7,63765.0,4679.11
2024-04-16 22:00:00,63977.0,64056.0,63581.2,63751.6,7573.176
2024-04-16 21:00:00,62997.9,64356.3,62942.2,63977.3,22051.396
2024-04-16 20:00:00,62690.9,63040.7,62519.3,62998.0,6354.824
2024-04-16 19:00:00,62979.4,63080.0,62621.6,62691.0,8359.258
2024-04-16 18:00:00,62472.2,63015.0,62405.4,62979.4,14571.242
2024-04-16 17:00:00,62721.9,63277.1,62256.9,62472.3,25940.479
2024-04-16 16:00:00,61749.2,62729.0,61680.0,62721.9,24897.772
2024-04-16 15:00:00,62064.8,62391.8,61704.7,61749.2,24404.463
2024-04-16 14:00:00,62666.0,63079.4,61987.1,62064.9,27120.474
2024-04-16 13:00:00,63017.2,63314.7,62100.6,62665.0,31975.333
2024-04-16 12:00:00,63064.6,63399.7,62774.2,63017.3,14958.1
2024-04-16 11:00:00,62534.1,63249.3,62323.8,63064.6,19290.018
2024-04-16 10:00:00,63220.0,63317.3,61521.0,62534.2,46004.034
2024-04-16 09:00:00,63265.6,63556.0,63164.9,63220.0,6973.157
2024-04-16 08:00:00,63488.0,63646.9,63051.5,63265.6,8664.37
2024-04-16 07:00:00,63172.2,63786.3,63076.0,63487.9,15047.66
2024-04-16 06:00:00,62682.7,63236.7,62612.6,63172.3,9312.973
2024-04-16 05:00:00,62464.3,62874.5,62342.0,62682.8,11199.388
2024-04-16 04:00:00,62937.6,63021.4,61651.8,62464.4,32852.543
2024-04-16 03:00:00,63369.4,63525.0,62804.0,62937.6,9302.574
2024-04-16 02:00:00,63112.9,63485.0,62711.0,63369.5,11197.962
2024-04-16 01:00:00,63238.0,63879.6,63056.9,63113.1,11558.221
2024-04-16 00:00:00,63392.8,63700.0,62899.9,63238.0,11642.912
2024-04-15 23:00:00,63430.8,63531.0,63137.9,63392.7,6545.633
2024-04-15 22:00:00,63238.5,63516.4,62713.1,63430.9,11210.597
2024-04-15 21:00:00,63091.6,63454.7,62606.0,63238.5,12955.792
2024-04-15 20:00:00,63269.9,63610.3,62915.0,63091.6,11969.072
2024-04-15 19:00:00,63149.6,63629.0,62242.5,63269.9,38098.023
2024-04-15 18:00:00,63887.6,64036.9,63078.0,63149.6,24652.791
2024-04-15 17:00:00,64134.8,64722.0,63313.2,63887.7,30895.327
2024-04-15 16:00:00,64552.6,64848.8,63876.9,64134.4,19990.138
2024-04-15 15:00:00,64221.4,64770.0,63800.0,64552.8,27330.695
2024-04-15 14:00:00,65842.4,65957.7,64155.0,64221.3,41403.293
2024-04-15 13:00:00,66001.3,66369.7,65650.0,65842.5,15511.942
2024-04-15 12:00:00,65848.6,66216.0,65767.0,66001.3,10706.235
2024-04-15 11:00:00,66437.5,66688.0,65801.0,65848.6,13539.806
2024-04-15 10:00:00,66557.3,66622.4,66326.9,66437.4,6339.417
2024-04-15 09:00:00,66259.9,66874.9,66088.2,66557.3,13067.785
2024-04-15 08:00:00,66224.9,66422.0,66047.0,66259.5,8332.873
2024-04-15 07:00:00,66428.8,66547.8,66102.4,66224.8,12775.848
2024-04-15 06:00:00,65428.1,66550.0,65320.1,66428.7,24941.443
2024-04-15 05:00:00,64874.4,65491.0,64873.7,65428.1,7405.937
2024-04-15 04:00:00,65108.0,65144.1,64649.2,64874.4,8487.465
2024-04-15 03:00:00,65102.6,65299.2,65000.0,65107.9,4653.233
2024-04-15 02:00:00,65256.0,65339.8,64903.1,65102.4,6808.339
2024-04-15 01:00:00,65454.1,65689.3,65005.8,65255.9,9735.357
2024-04-15 00:00:00,65615.9,65842.8,65255.1,65454.0,14196.614
2024-04-14 23:00:00,65299.0,65822.1,65014.4,65615.9,13419.162
2024-04-14 22:00:00,63652.8,65433.0,63622.7,65298.9,33759.821
2024-04-14 21:00:00,63825.0,63835.0,63300.0,63652.7,8932.99
2024-04-14 20:00:00,64146.0,64339.3,63674.6,63825.0,8624.604
2024-04-14 19:00:00,64377.9,64458.8,63918.5,64146.0,7801.885
2024-04-14 18:00:00,63849.7,64693.5,63732.9,64380.0,17123.625
2024-04-14 17:00:00,64398.5,64568.0,62550.0,63849.8,57177.109
2024-04-14 16:00:00,64163.3,64733.0,64100.6,64398.6,10010.613
2024-04-14 15:00:00,63900.1,64479.1,63877.7,64163.3,11764.977
2024-04-14 14:00:00,64357.4,64391.4,63428.6,63900.0,25050.774
2024-04-14 13:00:00,64500.1,64846.1,64326.2,64357.4,10508.381
2024-04-14 12:00:00,64150.2,64833.8,64042.7,64500.1,12601.231
2024-04-14 11:00:00,64443.6,64580.0,63850.0,64150.2,10239.622
2024-04-14 10:00:00,64119.2,64650.0,64117.3,64443.6,8204.054
2024-04-14 09:00:00,64512.0,64710.7,63895.7,64119.2,12746.914
2024-04-14 08:00:00,64449.9,64891.6,64358.0,64512.0,9041.885
2024-04-14 07:00:00,64633.7,64820.0,64232.1,64449.9,10666.896
2024-04-14 06:00:00,64370.3,64869.0,64090.9,64633.7,12530.644
2024-04-14 05:00:00,63954.1,64449.2,63909.3,64370.2,11471.633
2024-04-14 04:00:00,63428.5,64164.0,63383.3,63954.1,15443.274
2024-04-14 03:00:00,63085.0,63586.6,62139.3,63428.7,27881.013
2024-04-14 02:00:00,63738.1,63946.4,63005.1,63085.1,12529.88
2024-04-14 01:00:00,63682.7,64081.0,63250.0,63738.0,15684.692
2024-04-14 00:00:00,63939.7,64297.1,62880.2,63682.7,32554.454
2024-04-13 23:00:00,64288.6,65667.7,63688.0,63939.7,37538.224
2024-04-13 22:00:00,62922.5,64620.9,62103.5,64288.5,44253.911
2024-04-13 21:00:00,61828.5,62951.7,61700.0,62922.4,33926.527
2024-04-13 20:00:00,64779.1,64897.8,59652.5,61828.3,141359.241
2024-04-13 19:00:00,67181.6,67267.2,63530.0,64779.1,55027.234
2024-04-13 18:00:00,66755.4,67279.5,66450.6,67181.6,14988.309
2024-04-13 17:00:00,67450.6,67456.6,66515.8,66755.5,27234.03
2024-04-13 16:00:00,67683.2,67770.0,67261.4,67450.5,10403.507
2024-04-13 15:00:00,67580.0,67954.0,67440.4,67683.2,8931.805
2024-04-13 14:00:00,67563.4,67746.0,67370.1,67580.0,5237.072
2024-04-13 13:00:00,67532.2,67799.0,67458.7,67563.3,7819.674
2024-04-13 12:00:00,67377.1,67710.0,67175.0,67532.3,7553.871
2024-04-13 11:00:00,67446.8,67842.9,67318.7,67377.0,9565.829
2024-04-13 10:00:00,67408.5,67500.0,67326.4,67446.7,4286.529
2024-04-13 09:00:00,67209.2,67500.0,67172.0,67408.6,4746.687
2024-04-13 08:00:00,67466.1,67486.4,67116.9,67209.2,4845.738
2024-04-13 07:00:00,67496.8,67586.6,67130.9,67466.1,6541.385
2024-04-13 06:00:00,67375.7,67547.1,67267.3,67496.9,6320.266
2024-04-13 05:00:00,67616.0,67926.9,67330.0,67375.7,11600.49
2024-04-13 04:00:00,67188.5,67975.4,67039.3,67615.9,17647.572
2024-04-13 03:00:00,66566.9,67200.0,66511.8,67188.4,9975.567
2024-04-13 02:00:00,65928.4,66626.4,65912.0,66567.0,11938.29
2024-04-13 01:00:00,66957.5,66972.7,65754.6,65928.3,25763.414
2024-04-13 00:00:00,67136.4,67177.1,66780.0,66957.5,7500.031
2024-04-12 23:00:00,67087.9,67261.4,66838.2,67136.4,5474.701
2024-04-12 22:00:00,66985.2,67287.5,66852.2,67087.9,6217.731
2024-04-12 21:00:00,67161.6,67161.8,66700.5,66985.2,9202.13
2024-04-12 20:00:00,66867.6,67498.7,66695.1,67161.5,17288.181
2024-04-12 19:00:00,66522.7,67346.7,66375.0,66867.5,31824.779
2024-04-12 18:00:00,68191.3,68435.9,65102.0,66522.6,92172.269
2024-04-12 17:00:00,68884.5,69016.2,67178.7,68191.3,65327.112
2024-04-12 16:00:00,69374.0,69626.7,68700.0,68884.5,30738.95
2024-04-12 15:00:00,69289.6,69764.5,69270.0,69374.1,15695.038
2024-04-12 14:00:00,69934.5,70137.2,69267.0,69289.7,26379.327
2024-04-12 13:00:00,70585.0,70585.0,69667.0,69934.4,27303.082
2024-04-12 12:00:00,70950.9,71028.0,70360.3,70584.9,12647.92
2024-04-12 11:00:00,70833.1,71038.9,70812.4,70950.9,5610.266
2024-04-12 10:00:00,70711.6,70927.0,70664.0,70833.1,4313.164
2024-04-12 09:00:00,70828.2,70927.9,70552.9,70711.6,6067.234
2024-04-12 08:00:00,70825.9,70963.6,70639.2,70828.2,5297.374
2024-04-12 07:00:00,70928.7,71033.0,70633.6,70825.9,7243.602
2024-04-12 06:00:00,71009.8,71069.1,70742.0,70928.7,5040.996
2024-04-12 05:00:00,71162.9,71225.7,70948.0,71009.8,5401.598
2024-04-12 04:00:00,71034.3,71297.0,70866.1,71162.8,7510.173
2024-04-12 03:00:00,70681.0,71071.4,70681.0,71034.3,12550.905
2024-04-12 02:00:00,70330.0,70841.7,70249.3,70681.0,9005.667
2024-04-12 01:00:00,70342.0,70421.7,70153.3,70330.1,3075.597
2024-04-12 00:00:00,70055.6,70384.3,70044.4,70342.0,4140.353
2024-04-11 23:00:00,70201.5,70253.2,69800.0,70055.7,4908.138
2024-04-11 22:00:00,70172.3,70313.5,70072.0,70201.5,3311.229
2024-04-11 21:00:00,70547.6,70556.7,70101.7,70172.4,4864.084
2024-04-11 20:00:00,70491.3,70806.4,70414.0,70547.4,7162.844
2024-04-11 19:00:00,70151.2,70577.7,70045.9,70491.4,5810.732
2024-04-11 18:00:00,70244.7,70492.0,69979.7,70151.2,6176.645
2024-04-11 17:00:00,70061.9,70488.6,70041.6,70244.7,10507.582
2024-04-11 16:00:00,70045.9,70180.0,69608.1,70062.0,12488.283
2024-04-11 15:00:00,69630.7,70071.2,69594.2,70045.9,12452.858
2024-04-11 14:00:00,70322.7,70387.3,69592.6,69630.7,21752.859
2024-04-11 13:00:00,70906.5,71045.5,69700.0,70322.8,36582.965
2024-04-11 12:00:00,70043.4,71160.0,69939.0,70906.6,25866.182
2024-04-11 11:00:00,70521.8,70655.0,69921.1,70043.3,16721.411
2024-04-11 10:00:00,70661.9,70843.7,70455.0,70521.7,7260.669
2024-04-11 09:00:00,71099.8,71120.3,70650.0,70661.9,9609.864
2024-04-11 08:00:00,70789.1,71337.8,70667.1,71099.8,12271.932
2024-04-11 07:00:00,70763.1,71387.4,70758.6,70789.1,14801.939
2024-04-11 06:00:00,70639.1,70914.8,70615.1,70763.2,5635.15
2024-04-11 05:00:00,70654.3,70741.2,70479.8,70639.1,3866.739
2024-04-11 04:00:00,70900.5,70936.4,70421.0,70654.2,8365.796
2024-04-11 03:00:00,71039.9,71076.1,70812.6,70900.5,4266.438
2024-04-11 02:00:00,70610.3,71128.8,70553.3,71040.0,8049.294
2024-04-11 01:00:00,70571.4,70824.3,70502.9,70610.2,6367.891
2024-04-11 00:00:00,70681.8,70713.7,70340.0,70572.0,7092.629
2024-04-10 23:00:00,70584.3,70860.0,70535.4,70681.7,6425.479
2024-04-10 22:00:00,70049.9,71412.2,70049.9,70584.4,27316.84
2024-04-10 21:00:00,69852.7,70123.0,69613.4,70050.0,7472.049
2024-04-10 20:00:00,70120.3,70190.0,69777.0,69853.0,9313.949
2024-04-10 19:00:00,69356.0,70130.0,69253.9,70121.0,14002.772
2024-04-10 18:00:00,69395.6,69458.5,69102.7,69356.1,11889.298
2024-04-10 17:00:00,69542.0,69989.0,69155.0,69395.6,23137.88
2024-04-10 16:00:00,68688.0,69580.0,68585.0,69542.0,22200.113
2024-04-10 15:00:00,68742.7,68800.0,68300.0,68687.9,12829.123
2024-04-10 14:00:00,68299.9,69033.0,68050.0,68742.7,29069.273
2024-04-10 13:00:00,68013.5,68366.4,67547.1,68300.0,29901.913
2024-04-10 12:00:00,69094.8,69275.1,67546.2,68013.6,53830.408
2024-04-10 11:00:00,68975.9,69185.6,68888.6,69094.7,5187.95
2024-04-10 10:00:00,69184.3,69233.1,68662.7,68975.9,12018.164
2024-04-10 09:00:00,69065.5,69227.7,68934.9,69184.2,4362.503
2024-04-10 08:00:00,69381.6,69381.6,68830.4,69066.0,11295.633
2024-04-10 07:00:00,69412.3,69564.0,69302.3,69381.6,4009.017
2024-04-10 06:00:00,69300.0,69526.2,69263.9,69412.3,4047.093
2024-04-10 05:00:00,69176.4,69452.0,69160.0,69300.1,5769.827
2024-04-10 04:00:00,69193.2,69267.1,69049.0,69176.4,5235.206
2024-04-10 03:00:00,68703.0,69235.0,68670.0,69193.1,7028.624
2024-04-10 02:00:00,69326.4,69650.0,68514.0,68703.0,15921.923
2024-04-10 01:00:00,69182.9,69326.5,68643.2,69326.5,11035.062
2024-04-10 00:00:00,69189.2,69350.0,69063.2,69182.9,4474.657
2024-04-09 23:00:00,69367.5,69375.8,68913.2,69189.3,6721.533
2024-04-09 22:00:00,69257.6,69473.4,69177.0,69367.5,4035.097
2024-04-09 21:00:00,69220.1,69298.8,68972.8,69257.6,3466.566
2024-04-09 20:00:00,69049.6,69262.2,69009.4,69220.2,4140.884
2024-04-09 19:00:00,68923.6,69210.8,68686.9,69049.7,8042.085
2024-04-09 18:00:00,68878.2,69071.3,68817.0,68923.7,5403.229
2024-04-09 17:00:00,68662.7,69016.2,68216.0,68878.3,22279.338
2024-04-09 16:00:00,69322.8,69369.9,68566.9,68662.7,18385.986
2024-04-09 15:00:00,69416.0,69425.0,68538.0,69322.8,26707.87
2024-04-09 14:00:00,69979.7,70484.7,68620.5,69416.0,57637.121
2024-04-09 13:00:00,70732.5,70986.8,69930.0,69979.8,21543.301
2024-04-09 12:00:00,70858.2,71048.3,70705.0,70732.4,7561.903
2024-04-09 11:00:00,70617.1,70961.0,70617.0,70858.3,8509.466
2024-04-09 10:00:00,70442.6,70751.5,70264.7,70617.1,7294.363
2024-04-09 09:00:00,70544.6,70945.5,70301.0,70442.6,14023.492
2024-04-09 08:00:00,70444.1,70666.0,69536.8,70544.6,36191.047
2024-04-09 07:00:00,70818.9,70987.9,70160.0,70444.0,19844.707
2024-04-09 06:00:00,71110.5,71328.7,70600.0,70819.0,15942.997
2024-04-09 05:00:00,71259.9,71391.0,71005.0,71110.5,6020.8
2024-04-09 04:00:00,71339.0,71399.9,70970.0,71260.0,6684.261
2024-04-09 03:00:00,71526.3,71702.4,71233.0,71339.0,5910.873
2024-04-09 02:00:00,71318.5,71680.3,71204.6,71526.3,6209.954
2024-04-09 01:00:00,71470.0,71499.0,70900.0,71318.6,14252.086
2024-04-09 00:00:00,71678.3,71820.6,71359.4,71470.0,7250.444
2024-04-08 23:00:00,71973.0,72077.3,71651.1,71678.4,3904.524
2024-04-08 22:00:00,71742.9,72036.0,71643.4,71973.1,3868.734
2024-04-08 21:00:00,71760.1,71963.0,71685.2,71742.8,2961.635
2024-04-08 20:00:00,71807.3,71856.4,71552.5,71760.0,4454.264
2024-04-08 19:00:00,71949.7,72025.2,71610.9,71807.2,5410.658
2024-04-08 18:00:00,71740.1,72171.6,71714.1,71949.7,8173.008
2024-04-08 17:00:00,71785.9,71860.0,71338.3,71740.0,10219.685
2024-04-08 16:00:00,71815.7,72080.0,71601.0,71786.0,10500.259
2024-04-08 15:00:00,71780.9,72045.0,71641.8,71815.7,11374.744
2024-04-08 14:00:00,71994.8,72052.0,71276.0,71781.0,21363.309
2024-04-08 13:00:00,72242.3,72374.0,71751.4,71994.7,19440.034
2024-04-08 12:00:00,72472.6,72890.4,72189.4,72242.3,18239.351
2024-04-08 11:00:00,72385.4,72727.2,72282.0,72472.6,13704.96
2024-04-08 10:00:00,72263.2,72451.1,71856.1,72385.4,15792.722
2024-04-08 09:00:00,72057.2,72753.6,71728.9,72263.2,30608.403
2024-04-08 08:00:00,70745.4,72371.0,70677.6,72057.3,49963.441
2024-04-08 07:00:00,69800.0,70917.0,69799.9,70745.4,27886.978
2024-04-08 06:00:00,69728.4,69848.0,69653.4,69800.0,5112.821
2024-04-08 05:00:00,69403.8,69826.8,69403.8,69728.4,5226.775
2024-04-08 04:00:00,69485.0,69531.2,69296.6,69403.8,2477.647
2024-04-08 03:00:00,69253.3,69523.6,69151.0,69484.9,3551.381
2024-04-08 02:00:00,69458.1,69460.0,69136.2,69253.3,5797.439
2024-04-08 01:00:00,69350.0,69898.0,69288.0,69458.1,11136.107
2024-04-08 00:00:00,69362.7,69450.0,69040.4,69350.1,6068.57
2024-04-07 23:00:00,69229.9,69492.9,69203.4,69362.7,4948.72
2024-04-07 22:00:00,69049.3,69374.9,68900.9,69230.0,6288.557
2024-04-07 21:00:00,69326.9,69443.5,69049.2,69049.2,4298.959
2024-04-07 20:00:00,69090.0,69440.0,68964.9,69326.8,5050.163
2024-04-07 19:00:00,69421.3,69543.2,68881.3,69089.9,10142.479
2024-04-07 18:00:00,69826.4,69867.0,69260.2,69421.3,9088.821
2024-04-07 17:00:00,70107.9,70150.0,69680.0,69826.4,9128.237
2024-04-07 16:00:00,69567.9,70395.0,69496.3,70108.0,25687.873
2024-04-07 15:00:00,69595.3,69921.3,69362.1,69567.9,16922.965
2024-04-07 14:00:00,69363.1,69687.0,69225.3,69595.3,7948.787
2024-04-07 13:00:00,69334.3,69569.4,69293.2,69363.2,4785.731
2024-04-07 12:00:00,69366.2,69436.9,69215.1,69334.4,4002.659
2024-04-07 11:00:00,69335.9,69431.9,69198.3,69366.1,3808.436
2024-04-07 10:00:00,69309.4,69516.0,69244.7,69335.0,3402.231
2024-04-07 09:00:00,69498.3,69518.8,69221.0,69309.4,4150.891
2024-04-07 08:00:00,69367.3,69579.2,69331.5,69498.4,4102.705
2024-04-07 07:00:00,69248.1,69496.0,69229.9,69367.4,3925.931
2024-04-07 06:00:00,69399.9,69420.0,69125.3,69248.0,3960.859
2024-04-07 05:00:00,69298.3,69460.5,69265.2,69399.9,3688.918
2024-04-07 04:00:00,69402.2,69499.5,69055.1,69298.2,5756.148
2024-04-07 03:00:00,69309.3,69521.8,69238.4,69402.1,3793.434
2024-04-07 02:00:00,69540.4,69800.0,69300.0,69309.3,8359.34
2024-04-07 01:00:00,69010.0,69666.0,68990.3,69540.4,11379.981
2024-04-07 00:00:00,68901.5,69172.2,68820.6,69010.0,7160.611
2024-04-06 23:00:00,69040.7,69708.0,68801.6,68901.6,20298.151
2024-04-06 22:00:00,68305.5,69096.5,68279.8,69040.6,11472.6
2024-04-06 21:00:00,68387.4,68443.9,68284.6,68305.6,2215.177
2024-04-06 20:00:00,68259.4,68409.7,68158.5,68387.4,1979.227
2024-04-06 19:00:00,68294.6,68440.0,68207.1,68259.5,4521.219
2024-04-06 18:00:00,68290.0,68366.5,68172.2,68294.5,2644.65
2024-04-06 17:00:00,68129.9,68490.1,68023.2,68290.0,7438.362
2024-04-06 16:00:00,68094.0,68169.9,67923.4,68129.8,3713.727
2024-04-06 15:00:00,67981.8,68320.0,67884.0,68094.0,8069.007
2024-04-06 14:00:00,67688.2,68083.1,67669.3,67981.9,6350.137
2024-04-06 13:00:00,67733.5,67742.2,67525.0,67688.1,3824.299
2024-04-06 12:00:00,67654.9,67790.8,67556.8,67733.4,3695.799
2024-04-06 11:00:00,67839.3,67909.5,67610.0,67655.0,4324.168
2024-04-06 10:00:00,67794.9,67887.8,67714.1,67839.3,2566.102
2024-04-06 09:00:00,68006.5,68129.0,67765.1,67795.0,4234.536
2024-04-06 08:00:00,67985.1,68103.6,67854.8,68006.6,4124.439
2024-04-06 07:00:00,68110.6,68185.3,67930.0,67985.1,3667.813
2024-04-06 06:00:00,68028.5,68161.7,67871.0,68110.6,3210.403
2024-04-06 05:00:00,67747.5,68240.1,67718.5,68028.5,8236.922
2024-04-06 04:00:00,67793.4,67827.6,67601.0,67747.5,2276.566
2024-04-06 03:00:00,67573.6,67893.0,67573.6,67793.3,4297.035
2024-04-06 02:00:00,67700.0,67771.0,67450.0,67573.6,5126.34
2024-04-06 01:00:00,67905.5,67982.2,67644.7,67699.9,3786.644
2024-04-06 00:00:00,67825.8,68074.8,67676.0,67905.6,5270.403
2024-04-05 23:00:00,67630.4,67977.0,67618.0,67825.7,4541.364
2024-04-05 22:00:00,67493.6,67853.9,67485.0,67630.5,3201.994
2024-04-05 21:00:00,67633.0,67835.7,67493.5,67493.6,3269.776
2024-04-05 20:00:00,67400.0,67757.0,67333.3,67633.0,5959.319
2024-04-05 19:00:00,67630.1,68068.3,67381.0,67400.0,11298.076
2024-04-05 18:00:00,67455.8,67733.0,67326.6,67630.1,7166.479
2024-04-05 17:00:00,67951.4,67997.8,67337.1,67455.8,10339.335
2024-04-05 16:00:00,68200.0,68388.1,67663.0,67951.5,12611.378
2024-04-05 15:00:00,68129.2,68262.4,67620.4,68201.5,18340.897
2024-04-05 14:00:00,67491.8,68585.9,67326.6,68129.1,29698.756
2024-04-05 13:00:00,66894.9,67599.0,66521.4,67491.7,23083.696
2024-04-05 12:00:00,66502.8,66914.6,65966.0,66895.0,39699.464
2024-04-05 11:00:00,67056.5,67117.5,66396.0,66502.8,12456.018
2024-04-05 10:00:00,66817.4,67226.0,66722.1,67056.5,9940.628
2024-04-05 09:00:00,67169.3,67169.3,66388.4,66817.4,18082.357
2024-04-05 08:00:00,66937.4,67700.0,66921.5,67169.3,15755.543
2024-04-05 07:00:00,67164.0,67164.8,66831.5,66937.4,6388.636
2024-04-05 06:00:00,66907.3,67190.0,66773.9,67163.9,8593.85
2024-04-05 05:00:00,67672.5,67774.0,66376.0,66907.4,28657.397
2024-04-05 04:00:00,67885.5,68051.4,67464.0,67672.5,7048.443
2024-04-05 03:00:00,67621.4,68050.9,67581.9,67885.4,7570.099
2024-04-05 02:00:00,68165.6,68178.0,67420.2,67621.5,11787.407
2024-04-05 01:00:00,68601.7,68623.5,67829.9,68165.6,10106.139
2024-04-05 00:00:00,68489.8,68787.1,68158.3,68601.7,7950.242
2024-04-04 23:00:00,67939.8,68581.0,67891.2,68489.9,10165.665
2024-04-04 22:00:00,67808.3,68074.7,67607.3,67939.9,5310.818
2024-04-04 21:00:00,67945.2,68167.8,67500.0,67808.4,7666.411
2024-04-04 20:00:00,68483.9,68548.8,67291.3,67945.3,36733.783
2024-04-04 19:00:00,68586.5,69080.4,68320.0,68484.0,18598.45
2024-04-04 18:00:00,68847.0,69329.7,68500.0,68586.5,38713.467
2024-04-04 17:00:00,67796.7,68911.7,67720.5,68847.4,24684.572
2024-04-04 16:00:00,67631.7,68198.6,67514.7,67796.6,15109.052
2024-04-04 15:00:00,67683.9,67799.4,67416.1,67631.8,11349.526
2024-04-04 14:00:00,67231.5,67916.0,67058.0,67684.0,23008.815
2024-04-04 13:00:00,66715.0,67488.6,66686.0,67231.5,28495.598
2024-04-04 12:00:00,66361.5,66828.9,66336.6,66714.9,12673.276
2024-04-04 11:00:00,66300.0,66460.6,66117.6,66361.5,5555.565
2024-04-04 10:00:00,66291.9,66500.0,66154.0,66300.0,5875.154
2024-04-04 09:00:00,66236.7,66428.8,66184.0,66291.8,5154.815
2024-04-04 08:00:00,66104.7,66449.0,66036.0,66236.6,7875.813
2024-04-04 07:00:00,65788.4,66307.0,65688.3,66104.8,11969.134
2024-04-04 06:00:00,65606.1,65830.0,65562.5,65788.3,5175.595
2024-04-04 05:00:00,65506.6,65734.3,65398.0,65606.1,6414.505
2024-04-04 04:00:00,65637.2,65718.6,65100.0,65506.5,15581.252
2024-04-04 03:00:00,65750.1,65821.0,65556.0,65637.2,6039.88
2024-04-04 02:00:00,66150.1,66162.8,65451.3,65751.0,11599.939
2024-04-04 01:00:00,66297.5,66311.4,66018.6,66150.0,4086.995
2024-04-04 00:00:00,65971.8,66375.8,65828.4,66297.5,8547.258
2024-04-03 23:00:00,66157.5,66324.0,65951.8,65971.9,4544.573
2024-04-03 22:00:00,65944.7,66265.1,65872.3,66157.5,7063.424
2024-04-03 21:00:00,65729.4,65962.3,65500.1,65944.7,5265.542
2024-04-03 20:00:00,65798.8,65860.0,65562.0,65729.3,6411.105
2024-04-03 19:00:00,66026.4,66171.2,65731.8,65798.8,6906.99
2024-04-03 18:00:00,65980.7,66149.7,65451.1,66026.4,14039.145
2024-04-03 17:00:00,66219.6,66420.0,65855.0,65980.7,10244.629
2024-04-03 16:00:00,65873.9,66624.0,65821.0,66219.7,14121.256
2024-04-03 15:00:00,66662.5,66688.0,65733.1,65873.9,17916.822
2024-04-03 14:00:00,65843.2,66940.0,65843.2,66662.4,30098.537
2024-04-03 13:00:00,65950.0,66079.3,65661.0,65843.1,10747.38
2024-04-03 12:00:00,66094.2,66269.3,65777.0,65950.0,8423.926
2024-04-03 11:00:00,66230.1,66261.0,65555.0,66094.3,19204.355
2024-04-03 10:00:00,66511.6,66550.0,66050.0,66230.1,8571.646
2024-04-03 09:00:00,66544.5,66666.0,66353.3,66511.6,7293.746
2024-04-03 08:00:00,66181.2,66696.5,66030.4,66544.5,12264.051
2024-04-03 07:00:00,66381.7,66527.0,66151.3,66181.1,7430.138
2024-04-03 06:00:00,66112.7,66415.0,66084.9,66381.7,5945.741
2024-04-03 05:00:00,66357.4,66401.6,65955.0,66112.7,8169.217
2024-04-03 04:00:00,66252.2,66550.0,66134.4,66357.3,9933.051
2024-04-03 03:00:00,65948.4,66341.8,65785.1,66252.2,9112.61
2024-04-03 02:00:00,65830.0,66089.9,65714.3,65948.4,9135.233
2024-04-03 01:00:00,65433.9,65959.0,65125.9,65829.9,15044.293
2024-04-03 00:00:00,65502.4,65650.8,64500.0,65433.9,27153.82
2024-04-02 23:00:00,65852.7,65868.1,65415.0,65505.3,5634.413
2024-04-02 22:00:00,65722.9,65975.8,65588.5,65852.8,5234.809
2024-04-02 21:00:00,65678.0,65857.0,65223.3,65722.9,11145.788
2024-04-02 20:00:00,65946.8,66147.1,65527.0,65678.0,11264.862
2024-04-02 19:00:00,65871.1,66225.2,65795.5,65946.8,11215.409
2024-04-02 18:00:00,65650.2,66126.4,65434.7,65871.1,14276.661
2024-04-02 17:00:00,65581.8,65722.7,65311.7,65650.3,11258.71
2024-04-02 16:00:00,64928.2,65805.0,64603.2,65581.8,33572.558
2024-04-02 15:00:00,65742.0,66200.0,64700.0,64928.3,28564.646
2024-04-02 14:00:00,65268.9,66289.0,65212.0,65741.9,33852.695
2024-04-02 13:00:00,65400.0,65508.2,64650.0,65268.8,40884.313
2024-04-02 12:00:00,65684.2,65888.0,65177.3,65400.0,17700.192
2024-04-02 11:00:00,66034.7,66096.1,65108.0,65684.2,33991.555
2024-04-02 10:00:00,66120.2,66332.9,65450.0,66036.5,23879.57
2024-04-02 09:00:00,66283.8,66577.0,65788.0,66120.3,28640.407
2024-04-02 08:00:00,66503.4,66748.0,66158.0,66283.8,14613.357
2024-04-02 07:00:00,66900.2,66932.7,66475.1,66503.3,10488.898
2024-04-02 06:00:00,66794.0,67157.0,66733.9,66900.1,11349.921
2024-04-02 05:00:00,66633.3,66875.9,66150.0,66794.0,15293.282
2024-04-02 04:00:00,66734.1,66980.4,66339.4,66633.4,17954.215
2024-04-02 03:00:00,67025.7,67316.4,66500.0,66734.1,26856.753
2024-04-02 02:00:00,69437.2,69475.3,65600.0,67025.7,75566.247
2024-04-02 01:00:00,69405.0,69663.2,69289.7,69437.3,4566.918
2024-04-02 00:00:00,69700.0,69731.6,69093.2,69404.3,11235.393
2024-04-01 23:00:00,69758.0,69923.7,69690.0,69700.0,4246.246
2024-04-01 22:00:00,69629.0,69900.0,69614.5,69756.0,5000.314
2024-04-01 21:00:00,69768.9,69949.0,69581.4,69629.1,7126.374
2024-04-01 20:00:00,69682.2,69829.6,69361.0,69769.0,7751.073
2024-04-01 19:00:00,68960.9,69866.1,68923.3,69682.1,16644.294
2024-04-01 18:00:00,68784.8,69028.8,68505.5,68960.9,9043.172
2024-04-01 17:00:00,68621.6,68798.9,68226.9,68784.8,9786.993
2024-04-01 16:00:00,68280.9,68848.8,68103.3,68621.6,17689.69
2024-04-01 15:00:00,68950.0,69069.6,68210.0,68281.0,33820.081
2024-04-01 14:00:00,69932.2,69988.0,68654.3,68950.1,30727.479
2024-04-01 13:00:00,69892.1,70145.0,69688.2,69932.2,13428.891
2024-04-01 12:00:00,69520.4,69892.8,69460.5,69892.1,5657.652
2024-04-01 11:00:00,69610.1,69868.9,69494.6,69520.4,7775.146
2024-04-01 10:00:00,69448.4,69635.0,69341.6,69610.1,4839.779
2024-04-01 09:00:00,69449.9,69673.5,69447.8,69448.4,4828.134
2024-04-01 08:00:00,69637.0,69650.0,69222.0,69450.0,11662.361
2024-04-01 07:00:00,69651.8,69835.0,69534.0,69637.0,8536.026
2024-04-01 06:00:00,69212.2,69720.0,68895.5,69651.7,23036.111
2024-04-01 05:00:00,70512.8,70595.3,69006.5,69212.2,34363.498
2024-04-01 04:00:00,70650.0,70727.2,70484.6,70512.8,5033.489
2024-04-01 03:00:00,70930.1,70955.4,70588.0,70650.1,5609.521
2024-04-01 02:00:00,70885.0,70975.0,70827.6,70930.1,3018.134
2024-04-01 01:00:00,71234.1,71260.0,70858.9,70885.1,6026.472
2024-04-01 00:00:00,71363.0,71388.0,70935.5,71234.1,7161.196
2024-03-31 23:00:00,71043.3,71495.5,70982.3,71363.0,9792.916
2024-03-31 22:00:00,70930.0,71159.7,70912.3,71043.3,5379.206
2024-03-31 21:00:00,70935.4,71055.9,70711.0,70929.9,4655.276
2024-03-31 20:00:00,71135.1,71244.2,70830.3,70935.4,4788.914
2024-03-31 19:00:00,70974.8,71272.3,70750.5,71135.1,8687.574
2024-03-31 18:00:00,70573.3,71383.2,70488.4,70974.9,16272.385
2024-03-31 17:00:00,70544.7,70629.0,70494.8,70573.3,2228.958
2024-03-31 16:00:00,70446.2,70741.7,70387.8,70544.7,5841.343
2024-03-31 15:00:00,70601.5,70601.6,70329.6,70446.2,5219.393
2024-03-31 14:00:00,70657.5,70740.0,70500.0,70601.6,5296.062
2024-03-31 13:00:00,70574.6,70824.0,70570.6,70657.5,7825.507
2024-03-31 12:00:00,70442.6,70716.9,70436.5,70574.7,7269.092
2024-03-31 11:00:00,70325.0,70518.0,70325.0,70442.6,4192.639
2024-03-31 10:00:00,70291.7,70385.0,70265.0,70325.0,1924.604
2024-03-31 09:00:00,70342.0,70387.3,70200.0,70291.7,2571.709
2024-03-31 08:00:00,70367.5,70549.5,70301.1,70342.1,4120.809
2024-03-31 07:00:00,70291.7,70410.5,70224.0,70366.5,2941.285
2024-03-31 06:00:00,70428.6,70467.0,70241.1,70291.7,3878.638
2024-03-31 05:00:00,70172.3,70555.6,70121.9,70428.6,9081.439
2024-03-31 04:00:00,69980.9,70195.0,69928.0,70172.4,3668.818
2024-03-31 03:00:00,70060.7,70078.8,69790.4,69980.8,4341.808
2024-03-31 02:00:00,70095.9,70224.2,70007.6,70060.8,2891.938
2024-03-31 01:00:00,69923.6,70155.3,69888.8,70095.9,4499.961
2024-03-31 00:00:00,69642.0,70020.0,69608.0,69923.6,5088.516
2024-03-30 23:00:00,69780.1,69845.2,69577.2,69642.1,4570.515
2024-03-30 22:00:00,69775.0,69893.7,69695.0,69780.1,2924.851
2024-03-30 21:00:00,69859.9,69912.7,69667.0,69775.1,2760.01
2024-03-30 20:00:00,69944.7,69959.0,69827.1,69859.8,1638.327
2024-03-30 19:00:00,69979.8,69993.8,69712.3,69944.7,5525.799
2024-03-30 18:00:00,70099.9,70101.3,69931.6,69979.8,2852.249
2024-03-30 17:00:00,70240.1,70246.9,70057.0,70100.0,2832.987
2024-03-30 16:00:00,70065.0,70373.8,69959.5,70240.1,5030.615
2024-03-30 15:00:00,70090.1,70216.3,69961.3,70064.9,3660.461
2024-03-30 14:00:00,70213.3,70239.0,70027.4,70090.1,3282.92
2024-03-30 13:00:00,70280.0,70328.0,70123.0,70213.4,3088.581
2024-03-30 12:00:00,70237.1,70290.0,70144.0,70280.0,3295.628
2024-03-30 11:00:00,70096.0,70254.7,70095.9,70237.1,3744.348
2024-03-30 10:00:00,70075.3,70181.1,69999.0,70096.0,2293.676
2024-03-30 09:00:00,70027.9,70250.0,69965.2,70075.2,4156.014
2024-03-30 08:00:00,69900.2,70081.1,69872.3,70027.9,3990.491
2024-03-30 07:00:00,70014.2,70091.5,69900.1,69900.1,2405.85
2024-03-30 06:00:00,70075.0,70150.0,69935.1,70014.3,3835.135
2024-03-30 05:00:00,70136.0,70388.0,69936.4,70075.1,7893.789
2024-03-30 04:00:00,69836.8,70169.3,69805.1,70136.0,4185.625
2024-03-30 03:00:00,69990.4,70100.6,69800.3,69836.8,4023.087
2024-03-30 02:00:00,70038.0,70070.0,69883.9,69990.3,2807.192
2024-03-30 01:00:00,69985.0,70245.0,69876.7,70038.0,6925.346
2024-03-30 00:00:00,69903.6,69999.0,69753.3,69985.0,3403.254
2024-03-29 23:00:00,69851.6,69970.1,69788.1,69903.6,4378.825
2024-03-29 22:00:00,69475.2,69888.0,69475.1,69851.5,4969.322
2024-03-29 21:00:00,69667.5,69677.0,69327.0,69475.2,3198.634
2024-03-29 20:00:00,69720.5,69789.5,69567.4,69667.6,2850.481
2024-03-29 19:00:00,69565.6,69734.6,69405.7,69720.6,3309.889
2024-03-29 18:00:00,69465.2,69650.0,69366.0,69565.6,4457.611
2024-03-29 17:00:00,69239.3,69530.2,69150.0,69465.3,6627.326
2024-03-29 16:00:00,69240.4,69636.6,69125.4,69239.2,11736.424
2024-03-29 15:00:00,70121.3,70183.7,69000.0,69240.1,30856.381
2024-03-29 14:00:00,70497.7,70562.7,70066.1,70121.3,8881.032
2024-03-29 13:00:00,70200.1,70704.8,70106.7,70497.8,11260.331
2024-03-29 12:00:00,70183.0,70356.8,69893.0,70200.1,9732.642
2024-03-29 11:00:00,70159.5,70379.9,70105.5,70182.9,7745.199
2024-03-29 10:00:00,69802.3,70187.1,69612.8,70159.6,8406.965
2024-03-29 09:00:00,69998.9,70113.8,69614.1,69802.3,9278.257
2024-03-29 08:00:00,69855.6,70150.0,69758.0,69998.9,10906.79
2024-03-29 07:00:00,70490.0,70574.6,69801.9,69855.6,14335.604
2024-03-29 06:00:00,70237.0,70545.2,70077.1,70490.1,7094.487
2024-03-29 05:00:00,70427.0,70516.9,70231.0,70237.1,5464.216
2024-03-29 04:00:00,70491.7,70598.5,70344.9,70427.0,4095.79
2024-03-29 03:00:00,70675.7,70767.7,70335.1,70491.8,6956.579
2024-03-29 02:00:00,70840.8,70874.8,70628.8,70675.7,3819.89
2024-03-29 01:00:00,70793.6,70976.9,70696.4,70840.8,3632.326
2024-03-29 00:00:00,70838.8,70886.0,70656.0,70793.7,3975.84
2024-03-28 23:00:00,70907.6,71138.0,70724.2,70838.7,6890.779
2024-03-28 22:00:00,70829.1,70949.9,70592.3,70907.6,4544.993
2024-03-28 21:00:00,70726.1,70955.8,70693.0,70829.0,2940.087
2024-03-28 20:00:00,70837.1,70917.2,70656.0,70726.1,3639.561
2024-03-28 19:00:00,70610.3,70966.4,70548.0,70837.1,5752.415
2024-03-28 18:00:00,70847.9,71030.0,70455.6,70610.4,7007.122
2024-03-28 17:00:00,70749.1,70899.0,70527.6,70848.0,6441.096
2024-03-28 16:00:00,71335.2,71381.4,70565.3,70749.1,14321.493
2024-03-28 15:00:00,71598.4,71598.4,71009.2,71335.1,14297.763
2024-03-28 14:00:00,70924.5,71636.2,70736.0,71598.5,25671.818
2024-03-28 13:00:00,70902.9,71440.0,70468.0,70924.5,28457.709
2024-03-28 12:00:00,70707.7,70935.9,70411.0,70902.8,9942.337
2024-03-28 11:00:00,70864.4,71050.0,70575.2,70707.7,9650.567
2024-03-28 10:00:00,70623.0,70925.6,70385.4,70864.4,9639.887
2024-03-28 09:00:00,70625.0,70993.5,70572.4,70622.9,9248.674
2024-03-28 08:00:00,70457.0,70924.0,70344.9,70624.9,14402.671
2024-03-28 07:00:00,70420.0,70564.0,70240.2,70456.8,9223.279
2024-03-28 06:00:00,69757.9,70469.9,69685.8,70420.0,15582.883
2024-03-28 05:00:00,69781.0,69999.4,69661.3,69758.0,5328.156
2024-03-28 04:00:00,69349.3,69827.5,69333.0,69781.0,7354.189
2024-03-28 03:00:00,69208.2,69429.0,69116.6,69349.3,5806.575
2024-03-28 02:00:00,69506.0,69642.6,68941.0,69208.2,7964.745
2024-03-28 01:00:00,69747.1,69805.4,69357.1,69506.1,5602.116
2024-03-28 00:00:00,69532.6,70081.9,69441.4,69747.1,12488.31
2024-03-27 23:00:00,69484.8,69703.7,69121.0,69532.6,9297.636
2024-03-27 22:00:00,68982.9,69496.0,68968.1,69484.8,6979.826
2024-03-27 21:00:00,68956.6,69296.0,68948.3,68982.8,5023.985
2024-03-27 20:00:00,68707.7,69229.9,68677.2,68956.7,7838.002
2024-03-27 19:00:00,68531.6,69000.0,68502.9,68707.8,9559.387
2024-03-27 18:00:00,68732.3,68996.7,68436.2,68531.5,17664.228
2024-03-27 17:00:00,69304.8,69487.8,68600.0,68732.2,10623.289
2024-03-27 16:00:00,68922.1,69374.9,68364.8,69304.9,31854.046
2024-03-27 15:00:00,70127.8,70150.4,68900.0,68922.0,29032.882
2024-03-27 14:00:00,69966.3,70300.0,68551.0,70127.8,75570.306
2024-03-27 13:00:00,70255.4,71888.0,69619.8,69966.2,91578.138
2024-03-27 12:00:00,70290.2,70430.0,70055.5,70255.3,6892.046
2024-03-27 11:00:00,70185.4,70436.6,70078.6,70290.3,8517.379
2024-03-27 10:00:00,70116.4,70270.5,69979.0,70185.3,7965.763
2024-03-27 09:00:00,69604.0,70197.3,69466.4,70116.4,13529.595
2024-03-27 08:00:00,69797.5,70066.0,69555.0,69604.0,8856.358
2024-03-27 07:00:00,70371.0,70394.3,69690.1,69798.8,14187.738
2024-03-27 06:00:00,70529.9,70650.0,70219.9,70371.0,4810.769
2024-03-27 05:00:00,70256.6,70589.6,70207.4,70529.9,5273.963
2024-03-27 04:00:00,70445.2,70553.6,70087.2,70256.6,7074.03
2024-03-27 03:00:00,70646.9,70758.8,70354.0,70445.1,5932.669
2024-03-27 02:00:00,70387.9,70665.3,70223.0,70647.0,8412.05
2024-03-27 01:00:00,70665.0,70799.3,70209.3,70387.9,9924.714
2024-03-27 00:00:00,70044.2,70767.3,69888.0,70665.0,11358.989
2024-03-26 23:00:00,70304.5,70368.0,70000.0,70044.1,4849.231
2024-03-26 22:00:00,70054.3,70339.0,69688.8,70304.5,8042.072
2024-03-26 21:00:00,69889.3,70261.4,69775.1,70054.4,5393.195
2024-03-26 20:00:00,69523.2,69945.9,69420.0,69889.3,7748.299
2024-03-26 19:00:00,69982.6,70135.1,69465.8,69523.3,12853.316
2024-03-26 18:00:00,70125.4,70478.2,69970.4,69982.5,7781.438
2024-03-26 17:00:00,69796.7,70260.0,69550.0,70125.4,12621.523
2024-03-26 16:00:00,70307.0,70580.0,69465.2,69799.4,21413.722
2024-03-26 15:00:00,70377.7,70416.7,69740.7,70307.1,16982.893
2024-03-26 14:00:00,70459.3,70747.9,69320.0,70377.6,45406.144
2024-03-26 13:00:00,71168.1,71200.0,70117.9,70459.4,29741.395
2024-03-26 12:00:00,70734.1,71181.8,70555.1,71168.1,9851.163
2024-03-26 11:00:00,70934.7,70962.0,70620.0,70734.2,9624.011
2024-03-26 10:00:00,71191.5,71250.0,70901.7,70934.7,8691.352
2024-03-26 09:00:00,70749.6,71340.8,70666.0,71191.4,12340.65
2024-03-26 08:00:00,70535.0,70883.8,70295.9,70749.5,13481.255
2024-03-26 07:00:00,70656.7,71649.0,70419.5,70535.0,33688.351
2024-03-26 06:00:00,70344.2,70665.9,70312.0,70656.7,4738.143
2024-03-26 05:00:00,70636.8,70657.6,70302.4,70344.1,5584.611
2024-03-26 04:00:00,70473.7,70729.7,70460.3,70636.8,6345.175
2024-03-26 03:00:00,70588.3,70679.0,70344.9,70473.8,6440.438
2024-03-26 02:00:00,70332.0,70625.1,70087.9,70588.3,7485.28
2024-03-26 01:00:00,69951.6,70380.0,69853.7,70332.0,6475.833
2024-03-26 00:00:00,69920.6,70297.4,69782.2,69951.6,10281.626
2024-03-25 23:00:00,70365.0,70523.0,69768.4,69920.5,11276.521
2024-03-25 22:00:00,69904.5,70749.7,69900.1,70365.0,12777.54
2024-03-25 21:00:00,70950.0,70982.3,69608.9,69904.6,22071.497
2024-03-25 20:00:00,71019.6,71228.3,70723.1,70950.0,13896.484
2024-03-25 19:00:00,70900.0,71063.6,70552.0,71019.6,14810.914
2024-03-25 18:00:00,70605.9,70984.3,70417.1,70900.0,13721.673
2024-03-25 17:00:00,70214.7,70888.0,70192.4,70605.8,29274.741
2024-03-25 16:00:00,69844.5,70370.3,69505.8,70214.7,29807.699
2024-03-25 15:00:00,69434.6,70108.1,69174.6,69844.6,36998.737
2024-03-25 14:00:00,68046.6,69534.8,67730.4,69434.7,72880.964
2024-03-25 13:00:00,67125.2,68098.6,66884.6,68046.6,21219.197
2024-03-25 12:00:00,66855.1,67318.8,66825.5,67125.2,9103.023
2024-03-25 11:00:00,67057.9,67077.1,66802.9,66855.9,6977.69
2024-03-25 10:00:00,67101.9,67388.3,66882.5,67058.0,9109.448
2024-03-25 09:00:00,66986.1,67166.0,66784.2,67101.9,5409.095
2024-03-25 08:00:00,66866.5,67253.5,66837.9,66986.2,8200.169
2024-03-25 07:00:00,67190.3,67320.0,66744.0,66866.6,8051.908
2024-03-25 06:00:00,67395.1,67450.1,66956.2,67190.3,8874.991
2024-03-25 05:00:00,67539.0,67780.0,67334.1,67395.0,10456.962
2024-03-25 04:00:00,67407.8,67588.9,67076.1,67539.0,11605.196
2024-03-25 03:00:00,66745.9,67409.6,66617.6,67407.8,9110.502
2024-03-25 02:00:00,66613.3,66864.5,66427.6,66742.1,5808.472
2024-03-25 01:00:00,66633.6,67067.3,66470.2,66613.3,8920.905
2024-03-25 00:00:00,67260.9,67369.7,66560.0,66633.6,14791.863
2024-03-24 23:00:00,66992.9,67700.0,66969.5,67260.9,19667.601
2024-03-24 22:00:00,66574.9,67136.2,66529.8,66992.9,13269.77
2024-03-24 21:00:00,66207.4,66769.6,66207.3,66575.0,8922.511
2024-03-24 20:00:00,65886.8,66540.8,65777.3,66207.4,13256.161
2024-03-24 19:00:00,65892.0,66093.0,65719.5,65886.8,8648.933
2024-03-24 18:00:00,65384.4,66127.0,65378.8,65892.1,14579.079
2024-03-24 17:00:00,65295.9,65600.0,64635.0,65384.7,21768.298
2024-03-24 16:00:00,65718.6,65891.0,65224.9,65296.0,9570.103
2024-03-24 15:00:00,65692.2,65800.0,65466.7,65718.6,6567.874
2024-03-24 14:00:00,65399.9,65974.7,65350.8,65692.2,10559.765
2024-03-24 13:00:00,65683.7,65880.0,65300.0,65399.9,10269.688
2024-03-24 12:00:00,65371.9,65843.5,65224.7,65684.0,14769.942
2024-03-24 11:00:00,65137.9,65399.0,65000.0,65371.9,5860.362
2024-03-24 10:00:00,64924.8,65432.9,64905.9,65137.8,8036.957
2024-03-24 09:00:00,65295.3,65311.0,64850.0,64924.7,9445.867
2024-03-24 08:00:00,64624.6,65318.4,64511.9,65295.3,15503.856
2024-03-24 07:00:00,64263.3,64633.6,64060.9,64624.6,6612.396
2024-03-24 06:00:00,64343.5,64472.8,64118.8,64263.2,5515.949
2024-03-24 05:00:00,64268.9,64432.2,64154.4,64343.4,4508.743
2024-03-24 04:00:00,64008.1,64310.2,63822.0,64269.0,9889.997
2024-03-24 03:00:00,64315.7,64317.3,63951.7,64007.6,7584.332
2024-03-24 02:00:00,64512.2,64588.0,64184.8,64315.7,5914.423
2024-03-24 01:00:00,64561.0,64770.3,64413.0,64512.0,4988.077
2024-03-24 00:00:00,64020.4,64628.7,63995.7,64561.0,8468.751
2024-03-23 23:00:00,64774.4,64852.2,63861.9,64020.3,15015.415
2024-03-23 22:00:00,64980.2,65094.5,64773.2,64774.4,3377.307
2024-03-23 21:00:00,65040.2,65245.3,64825.0,64980.1,3893.908
2024-03-23 20:00:00,64918.0,65156.4,64713.6,65040.1,6201.242
2024-03-23 19:00:00,65431.2,65537.0,64823.5,64917.9,11277.118
2024-03-23 18:00:00,65701.2,65727.7,65325.2,65431.2,8117.721
2024-03-23 17:00:00,65697.1,66050.0,65509.0,65701.1,12047.711
2024-03-23 16:00:00,65147.4,65863.0,64938.4,65697.2,14855.697
2024-03-23 15:00:00,65280.0,65400.0,64770.0,65147.5,12075.191
2024-03-23 14:00:00,64628.2,65473.8,64419.6,65280.0,21280.17
2024-03-23 13:00:00,64728.2,64757.6,64320.0,64628.2,9382.718
2024-03-23 12:00:00,64674.8,64968.0,64572.0,64728.3,7277.009
2024-03-23 11:00:00,64365.8,64674.9,64270.0,64674.9,5324.835
2024-03-23 10:00:00,64511.3,64756.4,64231.8,64365.8,7856.263
2024-03-23 09:00:00,64572.9,64651.0,64221.3,64511.4,6950.088
2024-03-23 08:00:00,64606.6,64875.2,64236.4,64572.9,10444.389
2024-03-23 07:00:00,64201.4,64887.6,64190.2,64606.5,16155.809
2024-03-23 06:00:00,64106.7,64344.9,64010.8,64201.3,5830.669
2024-03-23 05:00:00,63920.1,64181.8,63750.0,64106.6,5457.348
2024-03-23 04:00:00,63592.0,64136.4,63537.8,63920.2,11131.53
2024-03-23 03:00:00,63892.8,63905.4,63020.2,63592.0,14662.752
2024-03-23 02:00:00,64147.3,64418.0,63765.6,63892.8,10207.22
2024-03-23 01:00:00,63608.4,64363.4,63576.9,64147.3,12174.939
2024-03-23 00:00:00,63826.1,63849.8,63577.0,63608.4,8126.951
2024-03-22 23:00:00,63061.4,63895.8,63017.2,63826.0,10279.871
2024-03-22 22:00:00,63010.6,63282.9,62582.0,63061.5,13881.055
2024-03-22 21:00:00,63539.2,63566.6,62294.0,63010.6,25195.998
2024-03-22 20:00:00,63907.4,64017.1,63380.9,63539.9,9541.628
2024-03-22 19:00:00,63779.3,64168.0,63476.0,63907.2,10544.218
2024-03-22 18:00:00,63624.1,64040.8,63476.0,63779.3,11214.193
2024-03-22 17:00:00,63312.1,63838.0,63303.5,63624.2,16242.985
2024-03-22 16:00:00,63920.0,63935.1,62794.6,63312.0,29900.242
2024-03-22 15:00:00,62789.9,64413.3,62681.3,63920.0,40997.22
2024-03-22 14:00:00,63097.1,63500.0,62614.5,62790.0,39521.816
2024-03-22 13:00:00,64301.5,64485.7,62850.0,63097.2,43961.985
2024-03-22 12:00:00,64268.1,64729.1,63954.0,64301.5,17703.812
2024-03-22 11:00:00,64696.0,64987.3,64102.0,64268.0,18705.011
2024-03-22 10:00:00,65536.2,65650.0,64560.1,64695.9,24254.019
2024-03-22 09:00:00,65900.1,66110.1,65381.0,65536.2,12472.647
2024-03-22 08:00:00,66223.3,66413.0,65849.1,65900.0,8851.179
2024-03-22 07:00:00,66486.8,66486.8,66158.0,66223.4,6040.986
2024-03-22 06:00:00,66470.2,66691.9,66335.9,66486.8,8186.447
2024-03-22 05:00:00,66180.0,66484.8,65977.9,66470.1,6906.629
2024-03-22 04:00:00,66017.8,66356.0,65801.4,66180.0,7490.091
2024-03-22 03:00:00,65689.9,66200.0,65625.0,66017.8,11246.089
2024-03-22 02:00:00,65284.1,65769.2,65163.0,65689.9,8732.698
2024-03-22 01:00:00,65843.8,65973.1,65236.0,65284.2,8808.902
2024-03-22 00:00:00,65539.9,66050.0,65408.4,65843.8,10469.612
2024-03-21 23:00:00,65430.5,65680.5,65310.0,65539.9,4638.527
2024-03-21 22:00:00,65693.1,65903.7,65376.8,65430.6,7476.745
2024-03-21 21:00:00,65535.7,65789.6,65139.7,65693.2,7233.164
2024-03-21 20:00:00,65274.3,66000.0,64550.1,65535.7,30697.023
2024-03-21 19:00:00,65194.4,65634.4,65004.0,65276.0,13822.549
2024-03-21 18:00:00,65784.6,65932.8,64924.6,65194.5,30603.188
2024-03-21 17:00:00,66844.1,67066.6,65715.0,65785.1,20801.553
2024-03-21 16:00:00,66601.6,66883.7,66222.0,66844.1,10655.208
2024-03-21 15:00:00,66915.9,67032.5,66105.8,66601.6,22500.6
2024-03-21 14:00:00,66782.2,67448.3,66573.0,66915.8,15372.674
2024-03-21 13:00:00,67292.2,67774.3,66650.6,66782.1,25746.674
2024-03-21 12:00:00,67082.3,67534.2,67044.6,67292.3,9021.049
2024-03-21 11:00:00,67016.0,67279.6,66780.0,67082.3,8331.096
2024-03-21 10:00:00,66899.5,67075.3,66705.7,67015.9,8040.956
2024-03-21 09:00:00,67336.0,67403.5,66695.6,66899.6,10834.543
2024-03-21 08:00:00,67031.8,67716.6,67017.2,67336.1,13500.221
2024-03-21 07:00:00,67019.1,67383.1,66958.0,67031.8,8072.242
2024-03-21 06:00:00,67059.2,67384.6,66938.8,67019.1,11908.42
2024-03-21 05:00:00,66774.9,67147.4,66129.0,67059.3,19605.991
2024-03-21 04:00:00,66707.8,67016.0,66547.1,66774.9,12228.991
2024-03-21 03:00:00,67576.0,67797.9,66400.4,66707.8,22112.577
2024-03-21 02:00:00,67835.4,67981.5,67539.1,67575.9,7244.246
2024-03-21 01:00:00,67696.3,68003.7,67694.7,67835.4,6809.339
2024-03-21 00:00:00,67876.4,68293.9,67470.0,67696.2,19960.809
2024-03-20 23:00:00,67714.6,68100.0,67456.6,67876.4,13801.733
2024-03-20 22:00:00,67716.9,68140.0,67404.0,67714.5,17968.009
2024-03-20 21:00:00,67094.6,67940.0,66947.1,67716.9,17389.87
2024-03-20 20:00:00,65821.6,67850.0,65692.3,67092.2,50561.55
2024-03-20 19:00:00,65455.5,66062.4,65130.0,65821.6,28764.213
2024-03-20 18:00:00,64149.9,65545.4,63908.0,65455.4,40606.197
2024-03-20 17:00:00,63144.8,64872.0,62873.9,64149.9,41039.854
2024-03-20 16:00:00,63648.9,63835.0,62057.7,63139.8,50570.7
2024-03-20 15:00:00,64261.8,64450.0,63439.8,63649.0,23991.308
2024-03-20 14:00:00,63640.6,64376.3,63487.3,64261.7,18658.055
2024-03-20 13:00:00,64101.7,64107.1,63113.6,63640.5,25260.163
2024-03-20 12:00:00,63432.0,64380.0,63211.5,64102.0,25826.148
2024-03-20 11:00:00,63088.1,64010.0,63018.4,63432.0,22944.804
2024-03-20 10:00:00,63259.2,63344.4,62863.7,63088.1,9561.179
2024-03-20 09:00:00,62737.5,63429.6,62676.6,63259.1,16025.25
2024-03-20 08:00:00,62995.1,63363.5,62726.4,62737.6,21985.906
2024-03-20 07:00:00,61800.7,63248.8,61772.7,62995.1,26371.509
2024-03-20 06:00:00,61596.0,62093.5,61567.2,61800.7,15464.114
2024-03-20 05:00:00,61694.5,61837.0,60800.0,61596.4,34709.818
2024-03-20 04:00:00,61896.3,62392.7,61110.0,61694.5,34835.188
2024-03-20 03:00:00,62929.9,63544.1,61661.7,61894.8,30294.294
2024-03-20 02:00:00,62430.1,63092.6,62278.2,62930.0,15392.511
2024-03-20 01:00:00,63283.5,63304.3,61908.0,62430.1,25421.25
2024-03-20 00:00:00,61974.1,63455.1,61882.0,63283.5,29918.842
2024-03-19 23:00:00,62682.6,62850.0,61582.8,61974.1,36436.026
2024-03-19 22:00:00,63998.9,64086.9,62500.0,62682.6,22441.29
2024-03-19 21:00:00,63814.8,64158.8,63587.3,63998.8,8801.035
2024-03-19 20:00:00,64435.0,64549.2,63590.0,63814.7,23660.24
2024-03-19 19:00:00,64762.9,65353.8,64425.7,64435.0,13938.668
2024-03-19 18:00:00,64916.4,64989.0,64207.8,64762.9,18966.532
2024-03-19 17:00:00,65009.0,65802.8,64666.0,64916.5,40865.836
2024-03-19 16:00:00,64084.1,65096.8,64003.0,65008.9,33757.481
2024-03-19 15:00:00,62928.4,64198.7,62632.0,64084.0,34232.96
2024-03-19 14:00:00,63606.9,63606.9,62412.1,62928.4,33886.034
2024-03-19 13:00:00,63668.5,63921.8,63101.3,63606.8,24003.642
2024-03-19 12:00:00,63137.1,63850.9,63047.3,63668.5,28087.352
2024-03-19 11:00:00,63303.5,63457.8,62545.0,63137.1,31051.892
2024-03-19 10:00:00,64184.4,64199.9,62758.4,63303.4,31221.901
2024-03-19 09:00:00,63534.2,64275.5,63050.0,64184.5,43107.666
2024-03-19 08:00:00,64742.1,64750.0,63150.0,63534.2,43264.732
2024-03-19 07:00:00,64977.2,64977.2,63625.0,64742.1,51970.479
2024-03-19 06:00:00,65265.8,65498.5,64640.5,64977.1,17288.979
2024-03-19 05:00:00,65401.8,65677.5,64675.2,65265.9,23207.041
2024-03-19 04:00:00,65930.4,66044.0,65065.0,65401.8,22233.139
2024-03-19 03:00:00,65929.4,66108.7,64893.1,65930.5,34846.318
2024-03-19 02:00:00,65899.4,66445.3,65547.8,65929.4,26543.241
2024-03-19 01:00:00,67146.9,67230.0,65850.0,65899.1,37312.631
2024-03-19 00:00:00,67660.0,68178.6,66913.0,67146.9,19341.68
2024-03-18 23:00:00,67740.4,68054.9,67562.4,67660.0,8997.394
2024-03-18 22:00:00,67673.8,67770.0,67336.4,67740.4,5523.917
2024-03-18 21:00:00,67411.9,67977.0,67387.3,67673.9,8838.923
2024-03-18 20:00:00,66985.8,67436.8,66985.8,67412.0,4553.755
2024-03-18 19:00:00,67054.0,67497.6,66910.9,66985.7,8651.949
2024-03-18 18:00:00,67432.3,67507.7,66990.4,67054.0,7696.085
2024-03-18 17:00:00,67179.9,67548.2,66601.6,67432.2,22109.102
2024-03-18 16:00:00,67509.2,68140.0,67012.3,67180.0,21641.377
2024-03-18 15:00:00,67045.2,67525.5,66658.0,67509.2,18730.959
2024-03-18 14:00:00,67605.7,67875.9,66705.0,67045.2,30170.736
2024-03-18 13:00:00,68608.2,68685.3,67186.4,67605.8,34161.737
2024-03-18 12:00:00,68307.6,68670.0,68070.9,68608.1,10060.496
2024-03-18 11:00:00,68187.3,68557.9,68075.6,68307.7,8167.082
2024-03-18 10:00:00,67899.3,68270.6,67739.3,68187.3,7597.171
2024-03-18 09:00:00,68086.7,68294.2,67682.8,67899.2,11457.74
2024-03-18 08:00:00,68262.9,68276.2,67350.6,68086.6,18279.824
2024-03-18 07:00:00,68530.3,68534.2,68160.0,68262.9,8121.659
2024-03-18 06:00:00,68746.6,68783.4,68450.1,68530.2,6070.134
2024-03-18 05:00:00,68422.0,69044.4,68274.8,68746.5,13396.887
2024-03-18 04:00:00,68038.1,68640.0,67760.1,68422.1,9709.245
2024-03-18 03:00:00,67817.6,68222.0,67792.6,68038.1,6402.608
2024-03-18 02:00:00,67686.7,68283.0,67435.6,67817.5,11155.913
2024-03-18 01:00:00,67360.9,67841.8,66814.6,67686.6,17002.216
2024-03-18 00:00:00,68447.9,68486.6,67335.0,67360.8,19389.007
2024-03-17 23:00:00,68269.2,68742.0,68118.7,68447.9,8094.738
2024-03-17 22:00:00,68201.1,68972.4,68201.1,68269.2,11919.958
2024-03-17 21:00:00,68325.1,68430.0,68001.6,68201.2,4331.735
2024-03-17 20:00:00,68575.5,68722.7,68252.0,68325.1,5002.947
2024-03-17 19:00:00,68230.0,68634.6,68144.1,68575.5,3986.047
2024-03-17 18:00:00,68592.4,68679.5,68111.8,68230.0,7798.268
2024-03-17 17:00:00,68066.7,68757.1,67955.3,68592.4,10586.767
2024-03-17 16:00:00,68009.9,68447.9,67812.2,68066.6,14248.426
2024-03-17 15:00:00,67652.6,68199.0,67273.1,68009.8,16014.96
2024-03-17 14:00:00,67186.0,67713.3,66941.5,67652.6,9835.049
2024-03-17 13:00:00,66640.7,67538.9,66638.1,67186.0,17965.397
2024-03-17 12:00:00,67014.9,67474.8,66500.0,66640.6,14156.415
2024-03-17 11:00:00,67225.3,67600.0,66955.7,67015.0,12568.701
2024-03-17 10:00:00,66504.9,67475.4,66446.5,67225.3,20302.336
2024-03-17 09:00:00,66559.2,66877.0,66320.0,66505.0,13636.679
2024-03-17 08:00:00,65681.1,66795.0,65333.0,66559.3,20111.585
2024-03-17 07:00:00,65007.1,65846.4,64559.8,65681.2,38736.179
2024-03-17 06:00:00,66284.0,66407.2,65000.0,65007.0,19823.28
2024-03-17 05:00:00,66391.1,66583.3,66026.5,66284.1,7704.391
2024-03-17 04:00:00,66574.5,66600.0,66303.5,66391.2,3913.228
2024-03-17 03:00:00,66403.0,66619.9,66233.8,66574.4,6435.334
2024-03-17 02:00:00,66213.1,66630.7,66074.1,66402.9,10438.258
2024-03-17 01:00:00,65273.4,66248.0,65273.4,66213.1,13469.068
2024-03-17 00:00:00,65351.0,66349.0,65166.6,65273.4,23810.563
2024-03-16 23:00:00,66398.6,66429.2,64750.0,65351.0,46984.307
2024-03-16 22:00:00,66283.9,66851.2,65840.0,66398.6,16491.845
2024-03-16 21:00:00,67172.4,67297.8,66050.0,66284.0,26062.399
2024-03-16 20:00:00,66969.1,67600.0,66762.2,67172.3,14763.429
2024-03-16 19:00:00,67079.6,67785.0,66933.1,66969.1,19127.035
2024-03-16 18:00:00,67326.0,67431.3,66700.0,67079.6,32183.62
2024-03-16 17:00:00,68235.4,68295.0,67166.0,67325.9,18518.535
2024-03-16 16:00:00,68431.9,68477.0,68161.6,68235.5,6045.212
2024-03-16 15:00:00,68237.1,68557.6,67890.0,68431.8,9345.536
2024-03-16 14:00:00,67750.1,68291.5,67576.0,68237.0,14315.019
2024-03-16 13:00:00,67931.1,68321.5,67667.4,67750.1,12865.471
2024-03-16 12:00:00,68300.0,68501.5,67912.2,67931.0,11410.826
2024-03-16 11:00:00,68471.3,68618.9,67739.6,68300.1,19738.509
2024-03-16 10:00:00,68995.0,69054.5,68351.9,68471.4,12363.685
2024-03-16 09:00:00,69083.2,69212.1,68888.0,68995.0,5340.881
2024-03-16 08:00:00,69490.2,69490.2,69010.0,69082.8,5902.518
2024-03-16 07:00:00,69234.4,69527.6,69190.0,69490.2,5891.769
2024-03-16 06:00:00,69032.4,69296.7,68979.7,69234.4,4750.59
2024-03-16 05:00:00,69058.6,69156.7,68646.0,69032.4,7851.148
2024-03-16 04:00:00,69247.6,69353.3,68853.0,69058.6,7033.417
2024-03-16 03:00:00,69119.9,69482.0,69026.8,69247.6,5518.699
2024-03-16 02:00:00,69332.5,69374.9,68967.1,69120.0,6591.623
2024-03-16 01:00:00,69690.2,69927.9,69097.6,69332.4,11435.608
2024-03-16 00:00:00,69552.1,70097.6,69461.7,69690.3,12894.448
2024-03-15 23:00:00,69126.2,69813.6,68809.1,69552.2,15524.455
2024-03-15 22:00:00,68342.2,69222.0,68228.5,69123.7,10162.841
2024-03-15 21:00:00,67906.6,68345.1,67859.7,68342.3,7875.655
2024-03-15 20:00:00,69002.9,69013.2,67420.0,67906.5,31535.647
2024-03-15 19:00:00,70275.9,70715.9,68577.0,69003.0,40152.794
2024-03-15 18:00:00,68262.2,70528.8,68249.2,70276.0,34485.232
2024-03-15 17:00:00,67954.3,68379.3,67658.4,68262.3,10146.224
2024-03-15 16:00:00,68199.2,68473.0,67568.0,67954.3,23641.894
2024-03-15 15:00:00,68655.7,68777.0,68145.3,68199.2,12830.525
2024-03-15 14:00:00,68498.0,68678.7,67877.0,68655.7,18832.079
2024-03-15 13:00:00,67962.7,68700.0,67444.9,68498.0,29998.068
2024-03-15 12:00:00,67818.3,68128.8,67528.8,67962.6,13206.896
2024-03-15 11:00:00,67308.9,67960.0,66800.0,67818.3,25397.053
2024-03-15 10:00:00,67857.8,68160.2,67277.4,67308.8,19675.979
2024-03-15 09:00:00,67123.1,68194.0,65580.0,67857.8,77114.472
2024-03-15 08:00:00,68487.4,68665.5,67058.0,67122.6,39148.522
2024-03-15 07:00:00,68708.4,68910.5,68171.2,68487.4,17322.095
2024-03-15 06:00:00,67478.7,68733.9,67462.5,68708.4,22542.221
2024-03-15 05:00:00,67477.2,68294.8,67160.9,67478.8,26490.376
2024-03-15 04:00:00,68266.0,68548.0,66905.0,67477.3,46505.814
2024-03-15 03:00:00,69062.5,69475.0,66660.1,68266.0,84717.819
2024-03-15 02:00:00,71699.9,71835.0,67828.3,69062.4,70022.493
2024-03-15 01:00:00,71970.9,72132.6,71667.9,71700.0,7551.725
2024-03-15 00:00:00,71455.6,72500.0,71321.0,71971.0,20929.806
2024-03-14 23:00:00,71594.1,71785.0,71432.6,71455.5,7236.983
2024-03-14 22:00:00,71163.8,71731.4,71143.8,71594.0,14929.134
2024-03-14 21:00:00,70810.8,71219.5,70356.0,71163.8,13400.825
2024-03-14 20:00:00,69500.4,71316.3,69392.1,70810.8,36986.408
2024-03-14 19:00:00,70153.0,70520.8,68600.0,69500.4,65806.893
2024-03-14 18:00:00,71097.1,71101.8,69338.8,70154.0,39440.218
2024-03-14 17:00:00,71412.0,71548.0,70758.6,71097.2,19617.782
2024-03-14 16:00:00,70904.5,71538.2,69900.0,71412.0,54770.571
2024-03-14 15:00:00,71771.9,72150.0,70563.0,70904.5,49011.026
2024-03-14 14:00:00,71951.2,72626.7,71250.0,71772.0,37396.719
2024-03-14 13:00:00,72891.8,72967.5,71511.0,71951.3,42741.523
2024-03-14 12:00:00,72939.4,73115.5,72372.0,72891.7,16659.451
2024-03-14 11:00:00,73037.5,73086.4,72678.0,72939.4,12359.698
2024-03-14 10:00:00,73391.4,73413.3,72902.1,73037.5,11016.529
2024-03-14 09:00:00,73384.6,73572.8,73216.0,73391.4,5541.714
2024-03-14 08:00:00,73280.7,73598.0,73270.2,73384.6,5246.173
2024-03-14 07:00:00,73644.5,73881.4,73152.6,73280.7,16174.699
2024-03-14 06:00:00,73210.7,73688.0,73178.1,73644.6,12973.585
2024-03-14 05:00:00,73008.7,73251.3,72780.0,73210.6,7070.975
2024-03-14 04:00:00,73333.3,73769.6,72720.0,73008.7,18757.057
2024-03-14 03:00:00,73089.9,73385.0,73073.7,73333.3,6042.892
2024-03-14 02:00:00,72993.4,73299.9,72871.3,73089.9,6600.579
2024-03-14 01:00:00,72899.9,73023.8,72540.5,72993.5,8450.627
2024-03-14 00:00:00,73127.6,73237.0,72813.6,72900.0,5669.176
2024-03-13 23:00:00,73003.6,73188.0,72950.0,73127.6,3257.29
2024-03-13 22:00:00,73295.4,73332.1,72883.2,73003.6,5478.373
2024-03-13 21:00:00,73145.9,73438.5,72983.4,73295.4,4865.552
2024-03-13 20:00:00,73399.9,73485.1,72976.4,73146.0,8278.621
2024-03-13 19:00:00,73199.8,73421.6,72831.9,73399.9,9277.678
2024-03-13 18:00:00,72889.3,73336.9,72777.9,73199.9,8627.659
2024-03-13 17:00:00,73058.7,73268.4,72732.0,72889.3,10281.988
2024-03-13 16:00:00,72670.2,73086.0,72410.6,73058.8,11559.45
2024-03-13 15:00:00,72414.2,73191.4,72342.8,72670.2,18127.879
2024-03-13 14:00:00,72239.9,72972.1,72050.0,72414.3,28156.008
2024-03-13 13:00:00,72875.9,73124.6,71671.1,72240.0,31321.289
2024-03-13 12:00:00,73149.8,73276.9,72525.5,72875.9,19766.281
2024-03-13 11:00:00,73334.5,73556.3,73122.2,73149.9,8553.077
2024-03-13 10:00:00,73389.3,73485.0,73196.5,73334.5,7136.611
2024-03-13 09:00:00,73511.4,73700.0,73220.0,73389.2,11174.355
2024-03-13 08:00:00,72964.1,73755.0,72934.1,73511.4,23297.284
2024-03-13 07:00:00,72795.4,73311.7,72707.4,72964.0,24845.303
2024-03-13 06:00:00,72227.5,72851.2,72180.0,72798.9,15392.941
2024-03-13 05:00:00,72292.8,72294.2,72050.8,72227.4,3400.387
2024-03-13 04:00:00,72135.8,72299.2,71990.0,72292.8,5340.298
2024-03-13 03:00:00,72042.9,72300.0,71950.0,72135.8,7712.372
2024-03-13 02:00:00,72076.7,72164.3,71936.3,72042.9,5342.83
2024-03-13 01:00:00,71476.4,72200.0,71440.0,72076.7,11108.841
2024-03-13 00:00:00,71503.3,71815.6,71388.1,71476.4,6143.971
2024-03-12 23:00:00,71220.9,71623.3,71089.5,71503.2,6790.402
2024-03-12 22:00:00,70895.0,71333.1,70716.9,71220.8,8420.77
2024-03-12 21:00:00,71094.1,71192.4,70623.8,70894.9,7782.142
2024-03-12 20:00:00,71403.0,71408.1,70650.0,71094.0,13736.977
2024-03-12 19:00:00,71476.6,71730.9,71270.0,71403.1,14317.607
2024-03-12 18:00:00,71161.2,71575.2,70531.5,71476.5,31858.669
2024-03-12 17:00:00,70571.7,71227.2,68600.0,71161.2,84957.691
2024-03-12 16:00:00,71779.2,71910.0,70012.0,70571.8,51828.535
2024-03-12 15:00:00,71730.1,72153.9,70777.7,71779.2,32718.517
2024-03-12 14:00:00,72376.5,73370.0,71660.4,71730.1,52214.153
2024-03-12 13:00:00,72264.0,72416.4,71744.4,72376.5,20680.97
2024-03-12 12:00:00,72098.7,72400.0,71501.6,72263.9,23412.062
2024-03-12 11:00:00,71937.7,72461.4,71930.4,72098.7,10057.628
2024-03-12 10:00:00,72019.5,72089.0,71711.2,71937.8,5781.22
2024-03-12 09:00:00,71752.9,72169.9,71745.8,72019.5,7485.1
2024-03-12 08:00:00,72175.6,72254.9,71438.5,71753.0,16355.139
2024-03-12 07:00:00,72331.0,72425.0,72069.1,72175.5,8668.687
2024-03-12 06:00:00,72043.0,72346.3,71490.0,72331.0,13479.11
2024-03-12 05:00:00,71870.8,72155.0,71767.2,72043.0,6470.615
2024-03-12 04:00:00,71673.3,72184.7,71342.0,71870.9,17357.533
2024-03-12 03:00:00,72274.9,72346.1,71300.0,71673.4,20904.173
2024-03-12 02:00:00,72530.6,72530.7,72224.7,72274.8,3904.269
2024-03-12 01:00:00,72068.3,72571.0,71962.0,72530.6,6210.648
2024-03-12 00:00:00,72153.9,72424.6,72059.3,72068.4,6679.714
2024-03-11 23:00:00,72516.5,72523.9,72129.1,72153.8,6975.103
2024-03-11 22:00:00,72595.2,72850.0,72473.3,72516.6,9416.968
2024-03-11 21:00:00,72186.0,72702.3,72105.9,72595.2,6217.709
2024-03-11 20:00:00,72041.3,72326.2,71884.7,72186.0,7322.766
2024-03-11 19:00:00,72557.1,72890.0,71800.0,72041.3,22439.543
2024-03-11 18:00:00,72548.0,72700.0,72247.2,72557.1,11522.881
2024-03-11 17:00:00,72570.1,72673.1,72286.0,72548.0,10033.819
2024-03-11 16:00:00,72061.3,72685.6,71850.1,72570.0,19975.926
2024-03-11 15:00:00,72247.9,72772.5,72033.1,72061.4,26207.305
2024-03-11 14:00:00,71584.9,72450.0,71567.4,72247.9,21536.359
2024-03-11 13:00:00,72059.2,72498.3,71405.2,71584.9,30315.681
2024-03-11 12:00:00,71558.6,72294.2,71433.4,72059.1,20695.478
2024-03-11 11:00:00,71579.1,72346.3,71309.3,71558.6,32194.499
2024-03-11 10:00:00,71894.6,71988.0,71526.8,71579.1,13036.826
2024-03-11 09:00:00,71315.0,71974.9,71280.0,71894.6,19512.653
2024-03-11 08:00:00,71223.9,71883.0,71211.5,71315.0,32800.503
2024-03-11 07:00:00,69393.2,71537.7,69340.8,71223.8,93179.439
2024-03-11 06:00:00,68609.1,69412.0,68502.4,69393.3,10443.696
2024-03-11 05:00:00,68600.3,68863.0,68553.8,68609.2,5542.748
2024-03-11 04:00:00,68657.4,68880.9,68525.5,68600.4,5568.699
2024-03-11 03:00:00,68375.9,68697.0,68350.0,68657.4,5945.076
2024-03-11 02:00:00,68365.5,68595.0,68300.0,68376.0,9178.899
2024-03-11 01:00:00,68150.0,68450.1,67633.3,68365.5,22688.205
2024-03-11 00:00:00,69001.8,69016.3,67000.0,68149.9,31646.116
2024-03-10 23:00:00,68465.1,69053.7,68406.6,69001.8,10582.768
2024-03-10 22:00:00,69175.7,69175.7,68155.0,68465.2,21694.499
2024-03-10 21:00:00,69372.8,69455.0,69150.3,69175.8,3227.99
2024-03-10 20:00:00,69465.1,69522.7,69300.0,69372.8,2528.182
2024-03-10 19:00:00,69298.0,69522.9,69168.9,69465.0,3841.15
2024-03-10 18:00:00,69484.0,69545.0,69239.2,69298.0,4600.434
2024-03-10 17:00:00,69503.4,69676.1,69398.3,69484.0,3967.843
2024-03-10 16:00:00,69254.6,69845.9,69232.0,69503.4,11485.771
2024-03-10 15:00:00,69332.3,69497.5,69025.0,69254.7,9468.176
2024-03-10 14:00:00,69388.7,69539.9,68672.9,69332.4,19969.374
2024-03-10 13:00:00,69845.9,69899.9,69150.0,69388.8,10369.641
2024-03-10 12:00:00,69639.6,69937.7,69496.3,69845.9,10287.938
2024-03-10 11:00:00,69857.5,69941.6,69474.2,69639.5,7690.244
2024-03-10 10:00:00,69902.5,69999.8,69653.2,69857.4,13577.971
2024-03-10 09:00:00,69734.7,69991.8,69227.3,69902.5,19567.179
2024-03-10 08:00:00,69429.9,69799.8,69413.3,69734.7,6166.987
2024-03-10 07:00:00,69405.7,69527.4,69305.6,69430.0,4609.058
2024-03-10 06:00:00,69402.2,69471.7,69125.6,69405.8,4662.626
2024-03-10 05:00:00,69492.5,69609.7,69253.4,69402.2,5606.796
2024-03-10 04:00:00,69208.0,69780.0,69099.1,69492.5,15455.079
2024-03-10 03:00:00,68886.2,69225.4,68764.8,69208.1,5902.894
2024-03-10 02:00:00,69029.8,69292.9,68828.9,68886.2,8506.594
2024-03-10 01:00:00,68400.0,69344.0,68370.3,69029.7,24447.167
2024-03-10 00:00:00,68360.2,68508.2,68262.5,68399.9,5380.162
2024-03-09 23:00:00,68412.6,68497.8,68313.6,68360.1,2979.649
2024-03-09 22:00:00,68431.9,68469.7,68372.0,68412.7,1564.266
2024-03-09 21:00:00,68394.9,68492.9,68266.2,68432.0,2540.119
2024-03-09 20:00:00,68255.0,68425.2,68254.9,68395.0,2558.706
2024-03-09 19:00:00,68308.7,68391.0,68199.0,68255.0,1919.367
2024-03-09 18:00:00,68218.3,68391.8,68172.3,68308.7,2668.617
2024-03-09 17:00:00,68160.0,68294.9,68050.0,68218.3,3303.451
2024-03-09 16:00:00,68341.5,68373.9,68062.6,68160.0,4123.814
2024-03-09 15:00:00,68189.0,68411.0,68188.9,68341.6,3265.468
2024-03-09 14:00:00,68400.2,68448.7,68125.4,68189.0,6515.503
2024-03-09 13:00:00,68524.7,68580.0,68363.7,68400.3,3747.758
2024-03-09 12:00:00,68360.3,68554.7,68243.5,68524.8,4824.983
2024-03-09 11:00:00,68223.9,68410.6,68185.3,68360.3,3544.516
2024-03-09 10:00:00,68366.6,68380.3,67996.0,68223.9,9365.007
2024-03-09 09:00:00,68366.9,68433.6,68200.0,68366.5,3810.741
2024-03-09 08:00:00,68336.3,68530.5,68336.3,68366.9,5430.028
2024-03-09 07:00:00,68486.4,68608.7,68321.9,68336.3,4169.455
2024-03-09 06:00:00,68299.7,68588.8,68202.9,68486.3,5463.999
2024-03-09 05:00:00,68350.6,68361.0,68202.0,68299.6,2284.157
2024-03-09 04:00:00,68297.2,68436.9,68179.3,68350.6,3338.091
2024-03-09 03:00:00,68209.6,68337.0,68130.0,68297.1,3357.108
2024-03-09 02:00:00,67971.8,68280.7,67920.9,68209.6,3985.711
2024-03-09 01:00:00,68150.9,68218.8,67908.7,67971.7,4635.875
2024-03-09 00:00:00,68180.2,68343.9,68061.5,68150.9,5502.616
2024-03-08 23:00:00,68141.0,68442.8,68074.1,68180.2,6937.19
2024-03-08 22:00:00,68220.0,68476.8,68038.0,68141.1,7326.832
2024-03-08 21:00:00,69116.6,69227.8,67820.0,68219.9,19545.467
2024-03-08 20:00:00,68921.9,69447.0,68835.2,69116.6,26117.802
2024-03-08 19:00:00,68624.8,68922.0,68167.1,68922.0,13986.967
2024-03-08 18:00:00,68402.2,68876.0,68129.2,68624.8,17667.067
2024-03-08 17:00:00,67863.8,68876.9,67713.8,68402.2,29225.187
2024-03-08 16:00:00,67685.8,68000.0,66120.0,67863.7,91138.661
2024-03-08 15:00:00,68500.7,70330.8,67219.4,67685.8,110816.905
2024-03-08 14:00:00,67836.9,68732.0,67600.0,68501.6,35545.749
2024-03-08 13:00:00,67517.1,67950.0,67350.0,67836.9,14852.778
2024-03-08 12:00:00,67821.5,67860.0,67428.8,67517.2,7173.853
2024-03-08 11:00:00,67396.5,67838.0,67335.2,67822.0,9314.64
2024-03-08 10:00:00,67202.0,67476.5,67168.4,67396.6,4194.269
2024-03-08 09:00:00,67280.4,67492.6,67100.0,67202.0,6101.75
2024-03-08 08:00:00,67308.5,67477.8,67093.0,67280.4,7754.82
2024-03-08 07:00:00,67634.0,67719.3,67272.0,67308.5,10744.57
2024-03-08 06:00:00,66961.4,67682.0,66891.1,67634.0,8821.939
2024-03-08 05:00:00,67135.3,67170.4,66818.1,66961.4,5255.835
2024-03-08 04:00:00,67220.0,67313.3,67051.7,67135.3,3028.074
2024-03-08 03:00:00,67184.9,67339.6,67054.3,67219.9,5504.792
2024-03-08 02:00:00,66999.0,67192.7,66895.4,67184.9,4947.175
2024-03-08 01:00:00,67130.8,67330.0,66871.2,66998.9,7224.932
2024-03-08 00:00:00,66870.0,67167.6,66800.0,67130.8,6159.953
2024-03-07 23:00:00,67153.3,67240.0,66852.1,66870.0,6828.931
2024-03-07 22:00:00,67303.0,67550.0,67030.8,67153.3,5029.363
2024-03-07 21:00:00,67590.0,67626.6,67082.4,67301.7,12198.424
2024-03-07 20:00:00,67559.4,67974.8,67519.5,67590.0,12329.282
2024-03-07 19:00:00,67668.0,67925.0,67273.1,67559.3,10280.689
2024-03-07 18:00:00,67656.4,67853.8,67464.2,67667.9,9225.86
2024-03-07 17:00:00,67369.1,68101.3,67283.0,67655.1,23842.867
2024-03-07 16:00:00,67317.2,67547.6,67068.5,67369.1,13442.195
2024-03-07 15:00:00,67090.1,67650.0,66804.3,67317.1,21013.619
2024-03-07 14:00:00,66978.0,67994.0,66588.0,67090.0,45162.467
2024-03-07 13:00:00,66782.7,67088.8,66653.5,66978.0,8192.99
2024-03-07 12:00:00,66975.0,67194.4,66637.8,66782.7,9743.517
2024-03-07 11:00:00,66964.5,67350.0,66534.0,66974.9,17223.154
2024-03-07 10:00:00,66774.7,67027.8,66698.2,66964.6,7192.714
2024-03-07 09:00:00,66728.7,66982.6,66583.8,66774.7,7490.314
2024-03-07 08:00:00,66447.8,67107.8,66404.2,66728.7,16332.228
2024-03-07 07:00:00,65931.6,66536.1,65831.7,66447.8,9506.904
2024-03-07 06:00:00,65852.8,66254.3,65723.6,65931.7,8984.471
2024-03-07 05:00:00,65905.5,66195.1,65702.8,65852.8,8988.633
2024-03-07 04:00:00,65915.0,66235.0,65715.8,65905.5,7554.802
2024-03-07 03:00:00,66174.1,66438.1,65891.7,65914.9,7563.483
2024-03-07 02:00:00,66483.9,66539.0,65926.0,66174.1,9139.367
2024-03-07 01:00:00,66255.6,66502.0,65609.3,66483.9,10811.86
2024-03-07 00:00:00,66128.0,66322.3,65750.8,66255.5,8014.654
2024-03-06 23:00:00,65972.6,66313.7,65750.6,66128.1,7355.23
2024-03-06 22:00:00,66475.1,66547.4,65930.7,65972.6,7054.52
2024-03-06 21:00:00,66934.1,66934.1,66323.0,66475.2,12011.008
2024-03-06 20:00:00,66803.5,67425.2,66720.0,66934.1,13100.065
2024-03-06 19:00:00,67162.0,67322.2,66702.0,66803.5,9763.221
2024-03-06 18:00:00,67397.2,67570.0,66666.0,67162.8,16515.274
2024-03-06 17:00:00,67164.2,67424.3,66700.0,67397.2,16854.625
2024-03-06 16:00:00,66541.3,67204.4,66275.0,67162.2,20751.648
2024-03-06 15:00:00,65938.3,66733.3,65330.2,66541.3,36305.712
2024-03-06 14:00:00,66394.0,67299.0,65902.2,65938.3,39481.504
2024-03-06 13:00:00,66000.0,66730.0,65379.7,66394.1,37187.905
2024-03-06 12:00:00,67383.9,67689.8,64615.5,65999.9,60059.886
2024-03-06 11:00:00,66730.0,67419.3,66440.8,67383.9,19523.575
2024-03-06 10:00:00,66192.5,66850.4,66187.0,66729.9,13920.175
2024-03-06 09:00:00,67015.8,67449.8,66117.4,66192.5,23868.717
2024-03-06 08:00:00,66759.3,67729.5,66641.1,67015.9,37555.738
2024-03-06 07:00:00,65797.6,66846.6,65528.5,66759.4,18424.89
2024-03-06 06:00:00,66476.4,66600.0,65759.6,65798.0,26065.136
2024-03-06 05:00:00,64652.0,66498.6,64293.2,66475.9,46635.221
2024-03-06 04:00:00,63323.6,64659.4,63313.3,64652.1,17012.526
2024-03-06 03:00:00,62851.4,63421.0,62833.1,63323.6,11744.74
2024-03-06 02:00:00,63159.9,63562.4,62829.3,62851.5,12727.541
2024-03-06 01:00:00,63475.5,63838.8,63132.5,63160.0,12768.224
2024-03-06 00:00:00,63747.5,64186.0,63420.4,63475.5,17324.732
2024-03-05 23:00:00,63439.3,64393.9,63272.0,63747.4,22466.217
2024-03-05 22:00:00,63301.2,63621.3,62504.0,63439.2,30970.372
2024-03-05 21:00:00,61956.7,64035.5,61940.0,63301.1,52838.392
2024-03-05 20:00:00,61497.3,63221.9,61202.3,61956.6,94452.067
2024-03-05 19:00:00,64075.8,64329.9,59112.0,61510.2,146336.141
2024-03-05 18:00:00,65660.7,65660.7,63751.8,64075.9,36854.94
2024-03-05 17:00:00,65621.9,65705.3,63500.1,65660.7,80669.413
2024-03-05 16:00:00,66839.8,67096.5,64536.6,65621.9,115561.79
2024-03-05 15:00:00,68809.6,69350.0,66484.0,66841.3,109731.76
2024-03-05 14:00:00,67851.9,68920.3,67313.4,68809.6,45244.754
2024-03-05 13:00:00,67399.1,68142.0,67383.0,67851.9,28979.074
2024-03-05 12:00:00,66749.1,67435.7,66669.5,67399.1,13538.137
2024-03-05 11:00:00,66902.1,66995.6,66555.7,66749.0,11365.599
2024-03-05 10:00:00,66518.9,67290.3,66518.9,66902.1,14277.359
2024-03-05 09:00:00,66962.0,66977.7,66149.7,66518.9,14586.824
2024-03-05 08:00:00,66223.8,66988.8,65600.0,66962.1,30806.332
2024-03-05 07:00:00,67368.5,67438.5,66179.6,66223.8,24176.113
2024-03-05 06:00:00,67062.4,67566.7,66700.1,67368.4,16437.834
2024-03-05 05:00:00,67447.0,67447.0,65021.1,67062.4,57927.191
2024-03-05 04:00:00,68203.7,68484.5,66963.5,67450.1,26276.145
2024-03-05 03:00:00,68225.2,68323.0,67616.2,68203.8,14905.459
2024-03-05 02:00:00,68603.4,68639.2,67800.0,68225.2,21665.683
2024-03-05 01:00:00,68114.3,68824.7,68063.9,68603.3,25565.873
2024-03-05 00:00:00,68296.5,68552.6,67827.0,68114.3,17391.663
2024-03-04 23:00:00,67997.5,68600.0,67452.5,68296.4,41999.533
2024-03-04 22:00:00,67452.7,68000.0,67301.1,67997.6,20239.005
2024-03-04 21:00:00,67485.9,67711.6,66813.1,67452.9,21983.543
2024-03-04 20:00:00,67483.2,67864.0,67134.2,67485.9,30132.623
2024-03-04 19:00:00,66688.2,67536.1,66365.5,67483.2,22209.124
2024-03-04 18:00:00,66936.0,67161.0,66156.1,66688.1,33195.135
2024-03-04 17:00:00,66618.8,67648.6,66245.0,66935.9,51818.964
2024-03-04 16:00:00,66505.4,66880.0,66100.0,66618.7,31910.7
2024-03-04 15:00:00,66223.7,66666.6,65880.0,66505.4,31381.282
2024-03-04 14:00:00,65173.3,66482.8,64566.3,66223.8,60318.576
2024-03-04 13:00:00,65199.9,65755.8,65100.7,65173.2,19642.43
2024-03-04 12:00:00,65313.9,65343.1,64936.7,65199.9,8611.522
2024-03-04 11:00:00,65153.9,65314.1,64906.7,65314.0,9235.257
2024-03-04 10:00:00,65383.8,65408.6,64785.1,65153.9,18163.516
2024-03-04 09:00:00,65331.3,65717.4,64700.0,65383.7,32062.58
2024-03-04 08:00:00,64120.6,65690.9,64078.2,65331.4,55699.071
2024-03-04 07:00:00,63745.5,64390.2,63544.0,64120.6,16226.998
2024-03-04 06:00:00,63406.1,63762.3,63375.3,63745.5,6369.616
2024-03-04 05:00:00,63680.0,63762.1,63249.1,63406.1,8096.949
2024-03-04 04:00:00,63524.0,63835.9,63420.4,63680.0,7247.11
2024-03-04 03:00:00,63744.9,63816.2,63396.6,63523.9,8431.224
2024-03-04 02:00:00,63589.1,63988.2,63153.4,63744.8,18604.056
2024-03-04 01:00:00,63544.5,63931.2,63335.4,63587.6,17712.115
2024-03-04 00:00:00,63178.5,64429.3,62299.0,63544.5,61591.215
2024-03-03 23:00:00,62897.9,63222.1,62760.6,63178.5,7871.087
2024-03-03 22:00:00,62895.5,63330.9,62750.0,62897.9,15296.411
2024-03-03 21:00:00,62828.8,62901.7,62685.0,62895.5,3881.777
2024-03-03 20:00:00,62797.1,62933.5,62639.0,62828.8,4699.814
2024-03-03 19:00:00,62873.4,62925.4,62711.1,62797.1,3693.903
2024-03-03 18:00:00,62635.9,62936.8,62635.8,62873.3,5352.755
2024-03-03 17:00:00,62901.8,63079.0,62523.3,62635.8,14224.469
2024-03-03 16:00:00,62210.8,62929.9,62141.0,62901.8,16087.062
2024-03-03 15:00:00,62145.5,62320.0,62140.7,62210.7,4202.174
2024-03-03 14:00:00,62449.9,62493.9,62145.4,62145.4,8033.474
2024-03-03 13:00:00,62244.2,62480.7,62000.4,62450.0,11984.748
2024-03-03 12:00:00,61900.0,62720.0,61885.6,62244.1,30607.549
2024-03-03 11:00:00,61724.0,61900.0,61690.0,61900.0,2867.928
2024-03-03 10:00:00,61782.2,61876.2,61667.5,61724.0,3868.59
2024-03-03 09:00:00,61662.3,61963.0,61615.9,61782.2,7381.344
2024-03-03 08:00:00,61641.0,61776.9,61452.3,61662.3,10276.474
2024-03-03 07:00:00,61927.4,61950.0,61339.5,61641.0,22200.09
2024-03-03 06:00:00,61954.8,62112.8,61811.3,61927.2,5656.078
2024-03-03 05:00:00,62085.0,62112.3,61944.8,61954.8,2781.39
2024-03-03 04:00:00,61997.1,62181.2,61958.3,62085.0,3694.249
2024-03-03 03:00:00,61867.8,62072.4,61841.7,61997.1,4548.702
2024-03-03 02:00:00,61856.8,61867.9,61700.0,61867.9,3558.904
2024-03-03 01:00:00,61799.0,61974.5,61794.6,61856.9,2567.485
2024-03-03 00:00:00,62039.9,62055.6,61791.8,61799.0,4976.046
2024-03-02 23:00:00,61724.2,62128.0,61724.2,62039.9,5170.19
2024-03-02 22:00:00,61967.4,62009.9,61720.0,61724.3,3323.62
2024-03-02 21:00:00,61929.5,62086.0,61882.5,61967.3,2957.624
2024-03-02 20:00:00,62185.3,62276.6,61810.3,61929.4,8517.082
2024-03-02 19:00:00,62099.9,62189.6,62012.4,62185.3,3759.905
2024-03-02 18:00:00,61836.6,62110.6,61816.0,62099.9,3881.257
2024-03-02 17:00:00,61932.8,62020.0,61814.5,61836.7,4284.563
2024-03-02 16:00:00,61834.5,61950.0,61700.0,61932.9,5027.722
2024-03-02 15:00:00,61889.9,62049.8,61791.9,61834.5,7912.215
2024-03-02 14:00:00,61864.0,61976.6,61605.0,61889.9,13636.994
2024-03-02 13:00:00,62156.0,62156.0,61863.9,61864.0,6133.598
2024-03-02 12:00:00,61900.0,62248.2,61894.2,62156.0,6678.356
2024-03-02 11:00:00,61989.0,62130.0,61900.0,61900.0,5242.214
2024-03-02 10:00:00,61914.2,62107.1,61889.0,61988.9,5757.214
2024-03-02 09:00:00,62026.8,62073.2,61711.5,61914.1,11104.5
2024-03-02 08:00:00,62071.9,62217.7,61850.0,62026.8,6670.783
2024-03-02 07:00:00,62019.9,62102.0,61870.0,62071.9,5574.41
2024-03-02 06:00:00,62072.4,62337.1,62000.0,62020.0,7734.259
2024-03-02 05:00:00,62100.0,62150.0,61820.0,62072.4,11243.684
2024-03-02 04:00:00,62374.4,62380.0,62100.0,62100.0,6230.885
2024-03-02 03:00:00,62180.1,62513.1,62088.0,62374.3,8536.398
2024-03-02 02:00:00,62088.9,62286.0,62004.6,62180.0,5970.797
2024-03-02 01:00:00,62371.1,62379.6,62004.0,62089.0,6131.424
2024-03-02 00:00:00,62430.6,62496.0,62167.3,62371.1,7803.935
2024-03-01 23:00:00,62534.1,62796.0,62388.0,62430.6,10554.551
2024-03-01 22:00:00,62565.5,62730.5,62359.9,62534.0,9593.061
2024-03-01 21:00:00,62936.9,62961.0,62352.6,62565.4,20170.155
2024-03-01 20:00:00,62270.5,63199.0,62270.5,62936.9,19004.91
2024-03-01 19:00:00,62402.7,62434.3,62030.2,62270.5,10209.859
2024-03-01 18:00:00,61976.9,62556.3,61889.0,62402.8,12467.712
2024-03-01 17:00:00,61490.0,62172.2,61490.0,61977.0,17512.156
2024-03-01 16:00:00,61335.4,61700.1,61312.1,61490.0,13982.046
2024-03-01 15:00:00,62009.7,62234.0,61200.0,61335.3,23655.222
2024-03-01 14:00:00,62510.2,62539.7,61585.1,62009.7,26584.958
2024-03-01 13:00:00,62291.5,62750.0,62249.1,62510.2,11288.357
2024-03-01 12:00:00,61927.7,62650.5,61918.4,62291.4,17135.303
2024-03-01 11:00:00,62055.1,62175.3,61875.0,61927.7,6504.524
2024-03-01 10:00:00,62200.1,62263.6,61921.3,62055.0,8252.525
2024-03-01 09:00:00,61980.0,62270.1,61915.0,62200.1,8629.996
2024-03-01 08:00:00,61485.9,62332.0,61385.5,61980.0,18286.108
2024-03-01 07:00:00,61625.8,61844.8,61435.2,61485.8,8858.644
2024-03-01 06:00:00,61385.9,61856.7,61275.8,61625.8,9114.014
2024-03-01 05:00:00,61615.2,61634.5,61364.6,61385.9,5561.544
2024-03-01 04:00:00,61183.4,61623.7,61135.0,61613.1,7004.607
2024-03-01 03:00:00,61063.9,61318.3,60844.8,61183.4,7256.022
2024-03-01 02:00:00,61294.4,61294.4,60855.0,61063.9,10764.179
2024-03-01 01:00:00,61575.3,61648.2,61190.1,61294.4,7377.663
2024-03-01 00:00:00,61203.3,61842.2,61199.4,61575.3,9463.711
2024-02-29 23:00:00,61290.4,61600.0,61173.1,61203.3,9263.588
2024-02-29 22:00:00,61435.8,61541.2,60722.4,61290.5,13826.77
2024-02-29 21:00:00,61974.6,62038.6,60619.7,61435.8,35811.067
2024-02-29 20:00:00,61681.7,62345.7,61598.7,61974.6,22901.733
2024-02-29 19:00:00,60921.4,61730.8,60727.6,61681.8,17125.912
2024-02-29 18:00:00,61082.9,61613.3,60452.0,60921.4,35216.906
2024-02-29 17:00:00,62235.5,62474.3,60600.0,61082.9,56936.665
2024-02-29 16:00:00,62809.1,62952.4,61550.0,62235.4,41673.503
2024-02-29 15:00:00,62959.1,63348.9,62612.9,62809.1,19653.998
2024-02-29 14:00:00,63004.1,63599.9,62800.0,62959.0,36012.656
2024-02-29 13:00:00,62730.0,63140.0,62050.0,63004.2,29631.518
2024-02-29 12:00:00,63019.8,63125.7,62375.0,62729.9,19467.0
2024-02-29 11:00:00,62792.7,63460.8,62690.8,63019.8,19074.703
2024-02-29 10:00:00,62772.2,62875.0,62151.1,62792.8,15212.021
2024-02-29 09:00:00,62879.1,63068.6,62334.4,62772.3,14788.349
2024-02-29 08:00:00,62761.6,63217.4,62380.0,62879.1,25627.829
2024-02-29 07:00:00,63053.4,63221.6,62600.0,62761.5,19285.559
2024-02-29 06:00:00,62620.9,63762.8,62549.2,63053.4,42580.585
2024-02-29 05:00:00,62531.9,62755.3,61853.3,62620.9,19852.816
2024-02-29 04:00:00,61638.6,62800.0,61408.3,62531.9,23215.122
2024-02-29 03:00:00,61831.1,61831.2,61200.0,61638.6,9370.417
2024-02-29 02:00:00,61480.6,61842.0,61171.9,61831.2,10496.887
2024-02-29 01:00:00,61455.8,61636.1,61105.2,61480.7,14705.917
2024-02-29 00:00:00,62487.9,62508.4,61269.6,61455.9,32982.362
2024-02-28 23:00:00,61317.0,62710.0,61295.8,62487.9,30341.303
2024-02-28 22:00:00,60611.7,61438.4,60559.1,61316.9,17826.491
2024-02-28 21:00:00,60469.4,60677.5,59840.5,60611.6,19655.046
2024-02-28 20:00:00,61032.8,61179.5,60001.0,60469.5,35761.498
2024-02-28 19:00:00,61175.6,61581.2,60674.5,61032.8,36087.847
2024-02-28 18:00:00,61467.8,61638.3,59314.3,61175.6,85359.917
2024-02-28 17:00:00,62530.2,64300.0,59000.0,61467.8,231253.139
2024-02-28 16:00:00,61000.0,62672.3,60971.1,62530.3,69526.297
2024-02-28 15:00:00,61025.9,61437.4,60639.3,61000.0,50710.94
2024-02-28 14:00:00,60541.9,61293.0,59814.8,61025.9,63516.685
2024-02-28 13:00:00,59411.7,61127.0,59360.0,60542.0,93953.254
2024-02-28 12:00:00,58997.4,59497.9,58940.8,59411.6,22642.024
2024-02-28 11:00:00,59339.5,59589.0,58555.2,58997.4,38839.515
2024-02-28 10:00:00,59357.1,59424.3,59056.2,59339.4,14483.207
2024-02-28 09:00:00,59503.7,59525.2,58902.0,59357.0,41150.666
2024-02-28 08:00:00,58299.9,59566.2,58226.9,59503.7,77453.204
2024-02-28 07:00:00,57223.1,58472.8,57182.5,58300.0,44997.15
2024-02-28 06:00:00,57116.0,57233.0,57083.6,57223.1,3776.799
2024-02-28 05:00:00,57252.2,57317.0,57087.1,57115.9,5341.899
2024-02-28 04:00:00,56963.3,57325.7,56932.2,57252.1,7700.202
2024-02-28 03:00:00,56970.0,57013.1,56880.8,56963.3,3750.418
2024-02-28 02:00:00,56813.3,57024.2,56730.1,56970.0,4972.347
2024-02-28 01:00:00,57059.1,57150.4,56800.0,56813.3,5838.96
2024-02-28 00:00:00,57074.5,57148.0,56904.4,57059.0,5179.634
2024-02-27 23:00:00,56935.3,57157.0,56886.8,57074.5,6962.219
2024-02-27 22:00:00,56755.7,57045.3,56675.0,56935.3,5836.004
2024-02-27 21:00:00,57012.4,57040.4,56625.3,56755.8,8366.567
2024-02-27 20:00:00,57390.7,57415.4,56716.7,57012.4,20200.287
2024-02-27 19:00:00,57152.7,57679.5,56956.4,57390.7,22448.762
2024-02-27 18:00:00,56804.1,57179.4,56700.0,57152.7,10539.178
2024-02-27 17:00:00,57084.1,57255.8,56690.0,56804.2,18488.694
2024-02-27 16:00:00,56775.1,57224.9,56231.0,57084.1,34073.178
2024-02-27 15:00:00,57017.9,57350.0,56610.0,56775.0,29556.697
2024-02-27 14:00:00,57160.9,57399.3,56668.1,57018.0,34550.228
2024-02-27 13:00:00,56842.2,57236.5,56652.2,57160.9,28697.116
2024-02-27 12:00:00,56581.4,57494.3,56501.9,56842.1,41684.833
2024-02-27 11:00:00,56563.5,56629.9,56360.0,56581.4,7397.602
2024-02-27 10:00:00,56660.5,56879.9,56406.1,56563.5,14020.133
2024-02-27 09:00:00,56294.2,56800.0,56223.1,56660.4,15401.763
2024-02-27 08:00:00,56100.1,56518.0,56075.6,56294.3,12430.781
2024-02-27 07:00:00,56396.2,56419.0,55853.3,56100.0,14196.036
2024-02-27 06:00:00,56131.1,56497.0,56103.5,56396.3,10200.701
2024-02-27 05:00:00,55823.0,56277.5,55728.2,56131.0,12351.128
2024-02-27 04:00:00,55773.1,56175.1,55655.0,55823.0,19447.067
2024-02-27 03:00:00,56428.8,56666.0,55587.9,55774.3,28313.635
2024-02-27 02:00:00,55857.3,57780.0,55666.8,56428.8,70769.81
2024-02-27 01:00:00,54599.1,55888.5,54547.0,55857.4,37404.419
2024-02-27 00:00:00,54511.7,54692.4,54495.0,54599.1,8138.697
2024-02-26 23:00:00,54705.0,54705.1,54475.0,54511.6,6852.69
2024-02-26 22:00:00,54683.3,54855.0,54490.4,54704.9,9470.308
2024-02-26 21:00:00,54492.9,54789.4,54351.1,54683.2,12121.046
2024-02-26 20:00:00,54531.2,54991.8,54321.0,54492.9,40423.222
2024-02-26 19:00:00,53624.8,54599.9,53461.8,54531.3,56739.965
2024-02-26 18:00:00,53550.0,53674.0,53326.8,53624.8,15910.028
2024-02-26 17:00:00,53438.9,53567.7,53254.2,53550.0,17045.139
2024-02-26 16:00:00,52872.2,53688.5,52777.2,53438.9,65373.978
2024-02-26 15:00:00,51720.0,52885.5,51664.4,52872.3,65644.457
2024-02-26 14:00:00,51264.1,51752.2,51237.9,51720.0,16052.357
2024-02-26 13:00:00,51275.5,51478.1,51237.3,51264.1,11409.274
2024-02-26 12:00:00,51126.3,51275.6,50990.0,51275.6,6876.982
2024-02-26 11:00:00,51208.0,51257.3,51073.8,51126.4,5682.684
2024-02-26 10:00:00,50984.4,51286.1,50969.1,51208.0,8525.751
2024-02-26 09:00:00,51287.0,51345.6,50922.5,50984.4,17328.557
2024-02-26 08:00:00,51327.5,51429.1,51282.5,51287.0,7110.712
2024-02-26 07:00:00,51563.7,51566.7,51320.0,51327.5,6296.415
2024-02-26 06:00:00,51604.6,51645.0,51530.1,51563.7,1913.572
2024-02-26 05:00:00,51572.7,51632.4,51461.3,51604.6,3158.318
2024-02-26 04:00:00,51596.1,51634.5,51512.0,51572.7,2444.966
2024-02-26 03:00:00,51459.3,51609.1,51431.0,51596.1,3201.585
2024-02-26 02:00:00,51507.9,51582.4,51457.7,51459.3,3852.459
2024-02-26 01:00:00,51722.0,51735.3,51500.0,51507.9,5772.029
2024-02-26 00:00:00,51764.9,51846.1,51652.5,51722.0,4259.737
2024-02-25 23:00:00,51749.0,51845.9,51707.5,51764.9,3274.175
2024-02-25 22:00:00,51802.3,51908.8,51688.0,51749.0,3728.218
2024-02-25 21:00:00,51777.8,51830.7,51681.3,51802.4,4127.645
2024-02-25 20:00:00,51707.9,52050.0,51707.9,51777.9,14715.223
2024-02-25 19:00:00,51620.0,51780.0,51545.1,51708.0,4870.073
2024-02-25 18:00:00,51599.1,51620.9,51534.3,51619.9,2523.0
2024-02-25 17:00:00,51400.5,51615.9,51382.2,51599.1,4888.419
2024-02-25 16:00:00,51547.9,51664.3,51300.4,51400.4,12560.89
2024-02-25 15:00:00,51780.3,51808.7,51465.0,51547.8,8586.849
2024-02-25 14:00:00,51646.4,51828.4,51630.1,51780.3,6025.469
2024-02-25 13:00:00,51688.9,51726.2,51578.0,51646.3,3679.358
2024-02-25 12:00:00,51672.3,51703.1,51615.2,51689.0,2523.902
2024-02-25 11:00:00,51608.8,51739.0,51583.0,51672.3,2442.163
2024-02-25 10:00:00,51671.4,51719.5,51580.8,51608.8,2927.931
2024-02-25 09:00:00,51633.6,51683.0,51550.0,51671.5,3564.019
2024-02-25 08:00:00,51756.9,51817.0,51610.9,51633.6,4207.376
2024-02-25 07:00:00,51796.5,51812.8,51709.0,51756.8,2873.304
2024-02-25 06:00:00,51699.1,51853.2,51662.6,51796.5,5424.936
2024-02-25 05:00:00,51640.0,51771.5,51619.7,51699.1,3325.637
2024-02-25 04:00:00,51654.1,51657.8,51530.3,51640.0,1974.098
2024-02-25 03:00:00,51633.0,51655.9,51484.2,51654.2,4704.524
2024-02-25 02:00:00,51718.8,51949.8,51580.8,51633.1,11667.553
2024-02-25 01:00:00,51517.6,51728.1,51465.5,51718.8,4739.448
2024-02-25 00:00:00,51602.1,51624.3,51473.2,51517.6,2823.05
2024-02-24 23:00:00,51592.0,51694.3,51526.7,51602.1,3123.152
2024-02-24 22:00:00,51590.1,51712.5,51588.8,51592.0,3732.062
2024-02-24 21:00:00,51541.2,51669.9,51488.7,51590.2,2982.872
2024-02-24 20:00:00,51589.9,51620.0,51474.4,51541.2,2676.926
2024-02-24 19:00:00,51473.5,51676.4,51473.5,51590.0,3391.137
2024-02-24 18:00:00,51570.7,51733.9,51435.0,51473.6,8823.736
2024-02-24 17:00:00,51244.9,51736.6,51242.6,51570.8,19913.591
2024-02-24 16:00:00,51124.7,51248.6,51117.1,51245.0,3415.499
2024-02-24 15:00:00,51159.0,51180.1,51123.2,51124.6,1815.833
2024-02-24 14:00:00,51166.5,51198.2,51091.0,51158.9,2685.714
2024-02-24 13:00:00,51105.4,51204.2,51079.2,51166.6,3681.064
2024-02-24 12:00:00,51151.8,51158.7,51053.3,51105.4,2092.269
2024-02-24 11:00:00,51111.9,51164.7,51061.0,51151.9,2180.693
2024-02-24 10:00:00,51104.8,51195.0,51089.7,51112.0,3032.041
2024-02-24 09:00:00,51015.5,51143.2,51004.7,51104.7,2661.441
2024-02-24 08:00:00,51099.8,51147.6,50965.0,51015.5,3408.417
2024-02-24 07:00:00,50996.7,51133.3,50962.7,51099.8,3367.425
2024-02-24 06:00:00,51067.8,51088.3,50969.0,50996.7,3888.093
2024-02-24 05:00:00,50987.6,51095.6,50943.9,51067.8,3584.299
2024-02-24 04:00:00,50878.2,51039.9,50856.1,50987.6,4564.874
2024-02-24 03:00:00,50833.9,50890.0,50708.0,50878.2,2988.552
2024-02-24 02:00:00,50614.9,50834.0,50611.4,50833.9,4434.542
2024-02-24 01:00:00,50917.2,50918.4,50614.0,50614.8,6160.827
2024-02-24 00:00:00,50771.9,50934.9,50720.0,50917.2,6339.398
2024-02-23 23:00:00,50808.0,50957.8,50512.7,50771.9,15206.572
2024-02-23 22:00:00,51006.4,51053.0,50762.5,50808.1,5263.889
2024-02-23 21:00:00,51100.7,51118.7,51005.0,51007.0,2127.693
2024-02-23 20:00:00,51130.9,51187.6,50968.8,51100.8,5588.96
2024-02-23 19:00:00,51131.0,51225.7,51050.5,51131.0,4660.109
2024-02-23 18:00:00,51160.7,51228.6,51020.5,51130.9,5139.05
2024-02-23 17:00:00,51086.0,51200.0,51000.0,51160.8,7717.467
2024-02-23 16:00:00,50938.2,51152.8,50652.9,51086.1,23062.546
2024-02-23 15:00:00,51157.2,51157.2,50862.0,50938.1,14330.886
2024-02-23 14:00:00,51087.9,51372.3,50804.4,51157.1,27306.759
2024-02-23 13:00:00,51018.1,51128.7,50946.5,51087.8,6578.59
2024-02-23 12:00:00,51254.1,51260.0,50955.0,51018.1,9735.798
2024-02-23 11:00:00,51208.5,51300.0,51170.6,51254.1,6282.704
2024-02-23 10:00:00,51046.0,51213.2,51000.8,51208.4,7187.386
2024-02-23 09:00:00,50999.9,51110.0,50903.7,51046.1,7362.009
2024-02-23 08:00:00,50952.3,51213.2,50862.3,51000.0,12388.082
2024-02-23 07:00:00,51328.8,51329.7,50900.2,50952.3,11270.743
2024-02-23 06:00:00,51264.1,51347.3,51239.2,51328.7,4368.335
2024-02-23 05:00:00,51246.7,51275.4,51138.0,51264.1,4239.142
2024-02-23 04:00:00,51129.8,51352.6,51019.9,51246.6,6814.448
2024-02-23 03:00:00,51124.6,51200.0,50989.9,51129.7,11129.129
2024-02-23 02:00:00,51336.8,51454.7,51060.6,51124.5,8280.639
2024-02-23 01:00:00,51482.4,51576.3,51332.6,51336.8,4587.896
2024-02-23 00:00:00,51316.9,51514.9,51289.7,51482.5,4845.73
2024-02-22 23:00:00,51481.6,51514.9,51256.0,51316.9,6850.279
2024-02-22 22:00:00,51685.1,51746.0,51203.7,51481.6,11389.79
2024-02-22 21:00:00,52024.8,52037.5,51574.2,51685.0,9199.455
2024-02-22 20:00:00,51546.9,52130.8,51497.0,52024.8,22307.987
2024-02-22 19:00:00,51747.3,51747.4,51480.0,51547.0,5202.155
2024-02-22 18:00:00,51725.7,51756.9,51521.5,51747.3,5360.776
2024-02-22 17:00:00,51511.5,51774.7,51478.2,51725.7,7669.865
2024-02-22 16:00:00,51630.0,51785.8,51424.0,51511.4,11435.696
2024-02-22 15:00:00,51405.1,51719.3,51318.0,51630.0,15815.626
2024-02-22 14:00:00,51193.3,51456.0,51087.8,51405.0,15884.105
2024-02-22 13:00:00,51558.8,51586.8,50967.5,51193.4,24884.128
2024-02-22 12:00:00,51659.1,51766.0,51452.3,51558.8,8675.841
2024-02-22 11:00:00,51722.6,51732.8,51555.7,51659.2,7286.14
2024-02-22 10:00:00,51978.9,51979.0,51611.0,51722.6,8918.529
2024-02-22 09:00:00,51913.5,52078.0,51722.7,51978.9,11376.111
2024-02-22 08:00:00,51860.6,51985.5,51701.0,51913.5,10570.754
2024-02-22 07:00:00,51799.1,51949.1,51686.7,51860.6,9199.405
2024-02-22 06:00:00,51558.7,51845.0,51558.7,51799.1,7148.493
2024-02-22 05:00:00,51468.4,51720.0,51455.5,51558.8,7030.45
2024-02-22 04:00:00,51612.1,51672.6,51376.7,51468.4,6136.17
2024-02-22 03:00:00,51451.5,51693.0,51403.9,51612.1,4946.158
2024-02-22 02:00:00,51268.5,51533.0,51253.1,51451.5,6143.173
2024-02-22 01:00:00,51568.4,51667.0,51176.8,51268.5,11133.78
2024-02-22 00:00:00,51877.9,51911.6,51526.6,51568.4,9579.781
2024-02-21 23:00:00,51533.1,51991.2,51514.0,51877.8,17095.448
2024-02-21 22:00:00,51412.8,51550.0,51236.4,51533.2,7194.037
2024-02-21 21:00:00,50978.4,51422.0,50958.9,51412.9,12106.17
2024-02-21 20:00:00,51081.9,51150.0,50884.3,50978.4,8323.539
2024-02-21 19:00:00,50869.9,51082.0,50663.0,51082.0,14088.885
2024-02-21 18:00:00,50956.6,51135.3,50830.8,50870.1,12419.049
2024-02-21 17:00:00,51371.7,51454.0,50908.0,50956.5,13819.92
2024-02-21 16:00:00,51183.6,51459.5,51026.4,51371.6,11709.225
2024-02-21 15:00:00,50969.4,51362.6,50877.4,51183.7,17438.846
2024-02-21 14:00:00,51218.0,51241.4,50754.2,50969.4,19730.334
2024-02-21 13:00:00,51334.9,51468.0,50910.0,51218.0,19836.934
2024-02-21 12:00:00,50988.2,51421.8,50528.4,51334.9,28211.738
2024-02-21 11:00:00,51296.2,51395.1,50826.2,50988.1,17875.124
2024-02-21 10:00:00,51115.3,51445.8,50905.3,51296.1,21785.627
2024-02-21 09:00:00,51701.4,51730.0,51020.0,51115.4,23293.606
2024-02-21 08:00:00,51599.9,51835.6,51560.7,51701.4,8683.035
2024-02-21 07:00:00,51780.1,51818.3,51510.0,51599.9,12517.847
2024-02-21 06:00:00,51866.2,51945.2,51700.0,51780.2,8958.869
2024-02-21 05:00:00,51985.9,52155.1,51850.9,51866.3,6835.766
2024-02-21 04:00:00,52042.4,52049.1,51841.1,51985.9,7503.915
2024-02-21 03:00:00,52102.2,52142.3,52021.0,52042.5,3265.495
2024-02-21 02:00:00,52140.3,52195.0,52069.1,52102.1,3223.619
2024-02-21 01:00:00,52205.4,52329.2,52077.0,52140.3,5970.414
2024-02-21 00:00:00,52297.3,52402.3,52162.0,52205.5,6239.859
2024-02-20 23:00:00,52194.4,52561.8,52187.6,52297.4,14691.116
2024-02-20 22:00:00,52052.0,52355.0,52028.0,52194.3,5849.079
2024-02-20 21:00:00,52016.5,52197.1,51918.0,52052.1,6928.854
2024-02-20 20:00:00,52131.2,52244.0,51980.0,52016.4,12997.683
2024-02-20 19:00:00,51535.0,52166.2,51454.2,52131.3,18826.322
2024-02-20 18:00:00,51346.5,51568.3,51260.1,51535.0,10812.369
2024-02-20 17:00:00,51428.9,51429.0,50788.0,51346.4,37442.394
2024-02-20 16:00:00,51712.7,51821.6,51388.6,51429.0,15409.471
2024-02-20 15:00:00,52079.3,52118.1,51367.6,51712.7,36564.341
2024-02-20 14:00:00,52889.9,52913.0,51777.0,52079.2,58065.786
2024-02-20 13:00:00,52217.4,53090.9,52176.8,52890.0,45485.05
2024-02-20 12:00:00,52325.9,52431.2,52160.0,52217.3,11160.912
2024-02-20 11:00:00,52157.2,52443.7,52157.1,52325.8,18916.937
2024-02-20 10:00:00,51792.7,52168.6,51792.7,52157.2,14150.596
2024-02-20 09:00:00,51810.5,51867.2,51584.9,51792.8,11546.451
2024-02-20 08:00:00,51869.2,51921.9,51610.9,51810.6,9722.138
2024-02-20 07:00:00,51983.9,52006.0,51815.6,51869.2,5369.556
2024-02-20 06:00:00,51941.3,52077.0,51932.0,51984.0,5145.397
2024-02-20 05:00:00,51816.2,52036.9,51782.0,51941.3,7524.726
2024-02-20 04:00:00,51608.8,51850.0,51533.1,51816.1,6708.214
2024-02-20 03:00:00,51748.4,51844.0,51602.0,51608.9,4186.925
2024-02-20 02:00:00,51667.1,51800.0,51580.0,51748.5,5777.321
2024-02-20 01:00:00,51670.3,51743.8,51330.5,51667.1,13607.401
2024-02-20 00:00:00,51813.7,51872.2,51503.0,51670.3,12024.025
2024-02-19 23:00:00,51971.7,52051.9,51740.0,51813.8,6511.554
2024-02-19 22:00:00,51925.6,52148.6,51889.0,51971.8,6793.374
2024-02-19 21:00:00,51832.1,51943.9,51722.0,51925.6,5476.362
2024-02-19 20:00:00,51851.6,51974.0,51785.6,51832.0,5070.72
2024-02-19 19:00:00,51959.2,51971.7,51808.9,51851.6,7250.423
2024-02-19 18:00:00,52188.4,52245.2,51942.5,51959.1,8623.615
2024-02-19 17:00:00,51809.1,52247.8,51718.1,52188.4,15582.407
2024-02-19 16:00:00,52157.5,52270.0,51688.8,51809.1,17886.595
2024-02-19 15:00:00,52126.5,52390.0,52052.9,52157.5,9639.155
2024-02-19 14:00:00,52176.1,52236.8,52051.0,52126.5,9217.859
2024-02-19 13:00:00,52308.1,52407.4,52140.0,52176.1,9706.526
2024-02-19 12:00:00,52375.9,52509.1,52260.0,52308.1,8681.05
2024-02-19 11:00:00,52380.0,52473.1,52316.3,52375.9,4982.775
2024-02-19 10:00:00,52291.0,52495.0,52189.2,52380.0,9260.386
2024-02-19 09:00:00,52121.5,52395.0,52121.4,52290.9,6662.961
2024-02-19 08:00:00,52424.0,52446.0,52088.7,52121.5,9108.186
2024-02-19 07:00:00,52428.0,52532.9,52327.4,52423.9,6785.25
2024-02-19 06:00:00,52168.9,52524.0,52168.9,52428.0,14674.71
2024-02-19 05:00:00,52139.2,52195.5,52023.4,52168.9,4260.856
2024-02-19 04:00:00,52104.0,52260.0,52046.6,52139.1,4545.163
2024-02-19 03:00:00,52187.9,52200.1,52012.8,52104.0,3594.495
2024-02-19 02:00:00,52128.9,52255.9,52126.1,52187.9,4364.462
2024-02-19 01:00:00,52219.9,52229.3,51933.1,52128.9,7074.774
2024-02-19 00:00:00,52175.9,52490.0,52135.9,52220.0,10634.32
2024-02-18 23:00:00,52285.4,52406.5,52010.0,52175.9,12566.949
2024-02-18 22:00:00,51894.6,52450.0,51856.0,52285.4,20616.025
2024-02-18 21:00:00,51818.1,51961.4,51786.0,51894.5,3433.564
2024-02-18 20:00:00,51791.6,51825.9,51616.5,51818.0,4423.59
2024-02-18 19:00:00,51825.0,51917.1,51732.9,51791.5,4019.225
2024-02-18 18:00:00,51875.3,51875.4,51679.9,51825.0,4552.449
2024-02-18 17:00:00,51873.0,52013.5,51814.8,51875.4,6632.216
2024-02-18 16:00:00,51809.0,51917.3,51670.1,51873.0,5567.7
2024-02-18 15:00:00,51919.2,51928.0,51753.3,51808.9,5479.426
2024-02-18 14:00:00,51657.1,51985.9,51657.1,51919.3,7905.436
2024-02-18 13:00:00,51592.6,51730.0,51569.0,51657.0,5693.248
2024-02-18 12:00:00,51861.1,51910.2,51563.3,51592.6,8087.729
2024-02-18 11:00:00,51868.5,51873.6,51700.0,51861.1,5867.184
2024-02-18 10:00:00,52007.0,52107.3,51807.8,51868.5,7525.162
2024-02-18 09:00:00,51818.2,52050.1,51816.4,52007.0,11089.59
2024-02-18 08:00:00,51703.7,51833.0,51677.5,51818.3,4214.529
2024-02-18 07:00:00,51547.7,51785.2,51475.0,51703.7,6466.949
2024-02-18 06:00:00,51688.6,51737.3,51435.1,51547.7,5203.849
2024-02-18 05:00:00,51597.2,51730.0,51573.0,51688.6,4127.305
2024-02-18 04:00:00,51518.0,51680.0,51510.6,51597.1,5268.81
2024-02-18 03:00:00,51306.7,51518.0,51291.7,51518.0,5300.312
2024-02-18 02:00:00,51561.7,51584.7,51178.0,51306.8,10522.105
2024-02-18 01:00:00,51710.3,51841.4,51505.3,51561.8,6242.621
2024-02-18 00:00:00,51679.5,51809.0,51569.8,51710.4,5830.453
2024-02-17 23:00:00,51743.0,51774.4,51619.9,51679.4,3870.138
2024-02-17 22:00:00,51838.1,51918.0,51613.6,51743.0,6343.291
2024-02-17 21:00:00,51543.3,52109.0,51472.0,51838.2,21640.165
2024-02-17 20:00:00,51428.2,51599.0,51331.0,51543.3,5596.573
2024-02-17 19:00:00,51295.2,51482.4,51258.4,51428.8,7464.02
2024-02-17 18:00:00,51246.0,51329.9,51170.2,51295.1,4613.334
2024-02-17 17:00:00,50980.7,51306.7,50976.1,51245.9,11048.947
2024-02-17 16:00:00,51013.4,51061.3,50770.8,50980.8,9690.943
2024-02-17 15:00:00,50881.9,51222.6,50672.0,51013.4,18198.214
2024-02-17 14:00:00,51221.1,51368.2,50647.5,50881.9,37005.7
2024-02-17 13:00:00,51749.8,51752.3,51119.9,51221.1,32416.436
2024-02-17 12:00:00,51723.7,51777.0,51588.0,51749.8,5443.481
2024-02-17 11:00:00,51758.0,51849.1,51700.8,51723.7,5583.13
2024-02-17 10:00:00,51705.1,51765.0,51521.4,51758.1,13674.519
2024-02-17 09:00:00,51764.3,51827.4,51670.8,51705.1,8300.197
2024-02-17 08:00:00,51933.9,51934.0,51725.2,51764.2,7699.073
2024-02-17 07:00:00,51950.0,51998.4,51926.4,51933.9,2206.091
2024-02-17 06:00:00,51948.4,51980.0,51909.3,51950.0,1901.462
2024-02-17 05:00:00,52037.6,52047.4,51811.0,51948.4,4616.173
2024-02-17 04:00:00,51993.6,52093.2,51951.3,52037.6,2432.671
2024-02-17 03:00:00,51960.3,51999.0,51916.8,51993.6,1613.72
2024-02-17 02:00:00,51993.4,52045.9,51900.2,51960.4,2847.884
2024-02-17 01:00:00,52030.5,52054.4,51870.0,51993.3,4231.663
2024-02-17 00:00:00,52148.7,52192.8,52024.8,52030.5,3904.18
2024-02-16 23:00:00,52004.2,52245.1,51971.7,52148.6,5858.353
2024-02-16 22:00:00,52002.6,52024.5,51901.0,52004.2,2399.627
2024-02-16 21:00:00,51852.8,52037.0,51778.5,52002.5,3592.991
2024-02-16 20:00:00,51780.2,51923.8,51697.3,51852.9,7152.691
2024-02-16 19:00:00,52002.2,52067.2,51665.4,51780.2,8026.297
2024-02-16 18:00:00,52047.2,52071.2,51840.6,52002.2,6077.092
2024-02-16 17:00:00,52066.3,52098.3,51825.6,52047.2,9358.727
2024-02-16 16:00:00,51909.2,52284.3,51867.2,52066.3,17072.928
2024-02-16 15:00:00,51952.0,51956.0,51623.2,51909.3,24553.788
2024-02-16 14:00:00,52494.7,52623.0,51792.9,51952.1,37206.777
2024-02-16 13:00:00,52416.8,52550.9,52160.0,52494.7,16542.903
2024-02-16 12:00:00,52241.2,52440.0,52125.0,52416.8,9422.552
2024-02-16 11:00:00,52329.9,52470.6,52196.2,52241.1,14596.179
2024-02-16 10:00:00,51871.9,52330.1,51824.2,52329.9,11715.482
2024-02-16 09:00:00,51883.9,52031.2,51611.7,51872.0,13185.127
2024-02-16 08:00:00,51786.4,52066.2,51750.0,51883.9,11240.37
2024-02-16 07:00:00,51929.9,52006.6,51758.0,51786.4,10859.086
2024-02-16 06:00:00,52099.4,52207.2,51870.0,51930.0,7183.804
2024-02-16 05:00:00,52152.9,52234.1,52039.7,52099.5,5714.175
2024-02-16 04:00:00,52309.8,52372.6,52150.0,52152.9,6224.227
2024-02-16 03:00:00,52193.5,52376.1,52120.0,52309.9,10830.663
2024-02-16 02:00:00,51972.5,52247.4,51872.0,52193.5,6895.531
2024-02-16 01:00:00,51936.0,52232.0,51889.8,51972.5,8297.901
2024-02-16 00:00:00,51898.4,52048.5,51824.5,51935.9,5812.522
2024-02-15 23:00:00,51668.7,51998.7,51644.4,51898.5,7962.776
2024-02-15 22:00:00,51349.1,51865.0,51338.4,51668.8,10853.557
2024-02-15 21:00:00,51703.6,51826.8,51334.9,51349.1,16730.11
2024-02-15 20:00:00,52022.1,52035.3,51570.1,51703.6,14650.64
2024-02-15 19:00:00,52003.8,52079.3,51658.0,52022.0,14482.271
2024-02-15 18:00:00,51909.6,52092.3,51856.4,52003.9,8736.225
2024-02-15 17:00:00,52295.2,52349.3,51880.0,51909.5,13579.57
2024-02-15 16:00:00,51968.6,52419.1,51764.1,52295.3,25824.223
2024-02-15 15:00:00,52644.4,52688.0,51750.0,51968.7,47684.391
2024-02-15 14:00:00,52247.0,52859.0,52100.1,52644.5,39493.212
2024-02-15 13:00:00,52357.3,52385.1,52105.0,52247.0,12607.836
2024-02-15 12:00:00,52359.0,52536.0,52101.0,52357.3,17211.452
2024-02-15 11:00:00,52313.1,52549.5,52178.2,52359.1,14502.333
2024-02-15 10:00:00,52199.2,52388.0,52126.4,52313.1,10737.814
2024-02-15 09:00:00,51960.0,52313.4,51910.0,52199.2,12452.566
2024-02-15 08:00:00,51802.5,52022.4,51666.0,51960.1,9233.528
2024-02-15 07:00:00,52003.7,52140.0,51651.0,51802.4,14048.524
2024-02-15 06:00:00,51982.9,52125.6,51860.9,52003.6,8080.807
2024-02-15 05:00:00,52180.0,52275.1,51836.4,51982.9,9870.094
2024-02-15 04:00:00,52379.9,52400.1,52150.0,52180.0,8229.44
2024-02-15 03:00:00,52084.9,52434.3,52063.8,52379.9,9063.798
2024-02-15 02:00:00,51928.2,52261.0,51890.0,52084.9,12034.513
2024-02-15 01:00:00,52355.2,52385.9,51732.6,51928.1,21280.347
2024-02-15 00:00:00,51823.1,52568.3,51785.9,52355.2,33374.576
2024-02-14 23:00:00,51816.1,51924.7,51749.1,51823.2,6409.484
2024-02-14 22:00:00,51751.3,51844.0,51628.6,51816.1,3846.544
2024-02-14 21:00:00,51708.3,51814.3,51483.0,51751.2,7262.842
2024-02-14 20:00:00,51707.5,51898.1,51652.4,51708.3,11744.303
2024-02-14 19:00:00,51471.8,51712.0,51220.0,51707.5,13139.331
2024-02-14 18:00:00,51684.5,51710.6,51403.0,51471.7,8761.044
2024-02-14 17:00:00,51603.6,51759.5,51499.8,51684.5,8127.469
2024-02-14 16:00:00,51616.5,51777.0,51217.7,51603.7,25985.082
2024-02-14 15:00:00,51939.9,52034.5,51302.0,51616.4,40324.308
2024-02-14 14:00:00,51820.0,52100.0,51586.0,51939.9,34380.162
2024-02-14 13:00:00,51611.1,51856.1,51541.0,51820.1,13080.134
2024-02-14 12:00:00,51601.1,51888.0,51454.9,51611.0,25431.304
2024-02-14 11:00:00,51330.6,51829.1,51026.5,51601.2,27224.335
2024-02-14 10:00:00,51568.3,51608.0,51249.8,51330.6,20001.134
2024-02-14 09:00:00,50801.6,51761.7,50632.6,51568.3,67345.636
2024-02-14 08:00:00,49844.9,50880.0,49742.4,50801.7,32233.651
2024-02-14 07:00:00,49642.6,49900.0,49629.5,49845.0,11634.649
2024-02-14 06:00:00,49551.1,49666.0,49516.1,49642.7,3630.907
2024-02-14 05:00:00,49396.6,49648.7,49396.5,49551.1,5742.584
2024-02-14 04:00:00,49524.5,49598.7,49215.7,49396.6,8053.776
2024-02-14 03:00:00,49495.5,49629.4,49472.4,49524.4,4192.502
2024-02-14 02:00:00,49436.1,49568.8,49379.6,49495.5,3445.425
2024-02-14 01:00:00,49486.2,49529.2,49320.9,49436.0,5153.867
2024-02-14 00:00:00,49696.4,49717.3,49376.0,49486.2,8041.318
2024-02-13 23:00:00,49518.5,49783.5,49355.2,49696.4,7574.091
2024-02-13 22:00:00,49531.9,49634.0,49318.9,49518.5,5976.071
2024-02-13 21:00:00,49395.4,49750.0,49339.0,49531.9,12631.295
2024-02-13 20:00:00,49045.0,49520.1,49016.2,49395.4,14167.851
2024-02-13 19:00:00,49117.1,49263.6,48919.3,49044.9,9469.067
2024-02-13 18:00:00,48854.2,49279.3,48835.0,49117.1,17632.704
2024-02-13 17:00:00,48498.2,48906.0,48301.0,48854.2,23437.314
2024-02-13 16:00:00,48753.2,48878.8,48475.7,48497.6,17607.38
2024-02-13 15:00:00,48711.2,49042.4,48450.0,48753.1,34445.801
2024-02-13 14:00:00,49543.1,49670.0,48356.0,48711.2,77368.522
2024-02-13 13:00:00,49877.7,49949.8,49192.5,49543.2,43457.753
2024-02-13 12:00:00,50003.9,50009.3,49803.0,49877.8,7287.357
2024-02-13 11:00:00,49877.4,50038.0,49651.0,50004.0,18576.337
2024-02-13 10:00:00,50237.6,50264.7,49853.0,49877.4,12489.129
2024-02-13 09:00:00,50151.6,50290.0,50042.3,50237.7,9625.29
2024-02-13 08:00:00,50019.8,50199.1,49990.0,50151.6,6726.962
2024-02-13 07:00:00,50027.7,50143.6,49912.3,50019.9,7067.632
2024-02-13 06:00:00,50072.3,50127.0,49979.0,50027.8,5347.126
2024-02-13 05:00:00,49922.5,50079.4,49833.6,50072.3,5857.216
2024-02-13 04:00:00,49813.9,49998.0,49810.0,49922.5,5027.72
2024-02-13 03:00:00,49969.2,49984.3,49754.4,49813.8,8384.175
2024-02-13 02:00:00,50161.7,50180.3,49850.2,49969.3,9067.616
2024-02-13 01:00:00,50125.0,50428.8,50000.7,50161.8,14399.7
2024-02-13 00:00:00,49943.6,50191.3,49919.0,50125.0,8723.976
2024-02-12 23:00:00,50040.0,50071.7,49881.0,49943.6,6873.34
2024-02-12 22:00:00,49835.4,50097.8,49833.5,50040.0,6568.818
2024-02-12 21:00:00,50177.5,50293.9,49817.8,49835.3,15603.326
2024-02-12 20:00:00,49545.9,50265.2,49545.8,50177.6,18380.809
2024-02-12 19:00:00,49753.6,49963.3,49501.2,49545.9,15269.953
2024-02-12 18:00:00,49868.1,50018.6,49672.1,49753.5,15437.399
2024-02-12 17:00:00,49594.4,50413.2,49558.9,49868.1,60359.796
2024-02-12 16:00:00,49925.5,49966.0,49411.6,49594.5,44833.006
2024-02-12 15:00:00,48813.9,49965.3,48680.0,49925.4,99334.753
2024-02-12 14:00:00,47948.9,48822.8,47924.9,48815.0,32243.942
2024-02-12 13:00:00,48037.9,48055.0,47892.9,47948.8,4655.991
2024-02-12 12:00:00,47905.9,48044.0,47841.6,48038.0,5601.25
2024-02-12 11:00:00,47869.1,47929.8,47750.1,47906.0,7239.045
2024-02-12 10:00:00,47886.8,48078.0,47711.0,47869.1,12945.66
2024-02-12 09:00:00,48113.9,48131.1,47823.8,47887.0,10269.736
2024-02-12 08:00:00,48213.0,48323.1,48079.7,48113.9,7509.535
2024-02-12 07:00:00,48147.2,48389.6,48120.0,48213.0,12168.119
2024-02-12 06:00:00,48063.7,48178.0,47702.0,48147.2,14628.179
2024-02-12 05:00:00,48068.0,48185.0,48054.8,48063.7,3711.59
2024-02-12 04:00:00,48138.7,48138.7,48012.0,48068.0,4522.526
2024-02-12 03:00:00,48145.5,48227.5,48057.6,48138.6,5343.677
2024-02-12 02:00:00,48479.7,48542.4,48001.0,48145.5,12493.652
2024-02-12 01:00:00,48612.9,48616.0,48330.9,48479.7,10010.592
2024-02-12 00:00:00,48303.4,48846.0,48226.9,48612.9,24890.508
2024-02-11 23:00:00,48139.9,48320.0,48010.6,48303.4,6310.029
2024-02-11 22:00:00,48118.3,48234.2,48082.1,48140.0,4352.65
2024-02-11 21:00:00,48020.2,48136.1,47961.0,48118.3,5643.28
2024-02-11 20:00:00,48282.3,48379.9,47967.8,48020.2,9617.459
2024-02-11 19:00:00,48272.7,48401.1,48233.5,48282.4,4634.724
2024-02-11 18:00:00,48289.1,48356.7,48004.0,48272.6,8986.291
2024-02-11 17:00:00,48099.6,48399.8,48099.5,48289.2,9081.35
2024-02-11 16:00:00,48140.7,48203.4,47938.0,48099.6,8260.793
2024-02-11 15:00:00,48226.9,48230.9,48022.5,48140.8,5419.248
2024-02-11 14:00:00,48053.2,48240.0,47914.1,48226.9,10639.66
2024-02-11 13:00:00,48277.6,48346.4,48006.6,48053.3,12027.65
2024-02-11 12:00:00,48403.7,48469.3,48234.2,48277.5,9527.452
2024-02-11 11:00:00,48143.9,48439.5,48131.0,48403.7,11126.682
2024-02-11 10:00:00,48135.1,48186.0,47912.1,48144.0,8492.127
2024-02-11 09:00:00,48128.5,48222.2,48088.7,48135.1,4051.119
2024-02-11 08:00:00,48169.5,48275.2,48060.8,48128.5,5809.349
2024-02-11 07:00:00,48215.6,48349.4,48048.2,48169.6,9085.31
2024-02-11 06:00:00,48217.3,48300.0,48113.6,48215.5,6460.637
2024-02-11 05:00:00,48288.8,48337.3,48105.1,48217.2,8051.801
2024-02-11 04:00:00,48517.6,48600.0,48252.6,48288.8,13366.11
2024-02-11 03:00:00,47761.1,48571.4,47761.1,48517.1,32820.418
2024-02-11 02:00:00,47620.0,47771.9,47620.0,47761.2,4102.705
2024-02-11 01:00:00,47721.5,47753.8,47539.4,47620.0,6161.941
2024-02-11 00:00:00,47732.6,47767.9,47595.6,47721.6,5922.841
2024-02-10 23:00:00,47818.8,47936.4,47686.6,47732.6,6444.084
2024-02-10 22:00:00,47934.1,47945.7,47579.4,47818.9,10420.533
2024-02-10 21:00:00,47864.5,48147.3,47762.1,47934.2,14446.252
2024-02-10 20:00:00,47511.3,48189.6,47436.9,47864.5,24208.754
2024-02-10 19:00:00,47320.0,47650.0,47286.3,47511.2,13896.644
2024-02-10 18:00:00,47180.8,47329.2,47167.5,47320.0,3712.926
2024-02-10 17:00:00,47239.4,47330.7,47139.0,47180.8,4554.723
2024-02-10 16:00:00,47331.9,47335.0,47173.3,47239.4,3878.914
2024-02-10 15:00:00,47252.8,47346.0,47231.4,47332.0,3553.839
2024-02-10 14:00:00,47286.0,47364.0,47222.6,47252.7,4225.971
2024-02-10 13:00:00,47209.1,47377.0,47083.8,47286.0,9615.977
2024-02-10 12:00:00,47172.7,47252.4,47130.0,47209.1,6865.396
2024-02-10 11:00:00,46872.6,47190.2,46836.4,47172.8,10328.033
2024-02-10 10:00:00,47052.1,47159.3,46840.6,46872.6,12479.645
2024-02-10 09:00:00,47074.7,47216.5,47035.1,47052.1,6118.479
2024-02-10 08:00:00,47130.6,47258.3,47051.0,47074.7,5679.019
2024-02-10 07:00:00,47337.1,47341.0,47125.0,47130.5,4331.392
2024-02-10 06:00:00,47313.7,47337.2,47242.6,47337.2,2934.053
2024-02-10 05:00:00,47390.6,47410.9,47240.4,47313.6,3385.253
2024-02-10 04:00:00,47366.9,47418.3,47288.9,47390.7,3630.407
2024-02-10 03:00:00,47292.6,47489.9,47292.6,47366.9,6329.288
2024-02-10 02:00:00,47280.1,47331.1,47251.2,47292.6,3059.153
2024-02-10 01:00:00,47073.6,47348.0,47041.8,47280.0,8497.763
2024-02-10 00:00:00,47116.1,47239.0,47025.6,47073.6,7030.106
2024-02-09 23:00:00,47255.3,47270.9,47040.6,47116.1,6669.208
2024-02-09 22:00:00,47482.1,47538.0,47020.1,47255.3,8581.106
2024-02-09 21:00:00,47487.5,47577.8,47271.2,47482.1,9223.025
2024-02-09 20:00:00,47486.3,47671.7,47433.2,47487.3,12889.841
2024-02-09 19:00:00,47583.1,47646.8,47238.9,47486.2,19966.78
2024-02-09 18:00:00,47624.0,48230.3,47461.5,47583.0,52426.632
2024-02-09 17:00:00,47254.5,47638.9,47193.9,47624.0,18865.519
2024-02-09 16:00:00,47137.0,47495.1,47110.3,47254.4,19053.334
2024-02-09 15:00:00,47046.6,47269.1,46724.6,47136.9,29491.257
2024-02-09 14:00:00,47446.0,47699.5,46638.6,47046.6,63256.43
2024-02-09 13:00:00,47309.5,47633.0,47224.0,47446.0,19003.642
2024-02-09 12:00:00,47155.9,47688.3,47104.2,47309.4,50415.817
2024-02-09 11:00:00,46758.3,47290.0,46650.1,47155.9,40553.023
2024-02-09 10:00:00,46497.8,46796.8,46493.3,46760.0,11295.983
2024-02-09 09:00:00,46632.2,46745.4,46465.8,46497.7,19249.621
2024-02-09 08:00:00,46185.1,46677.3,46183.4,46632.2,21644.272
2024-02-09 07:00:00,46180.2,46424.4,46166.0,46185.1,14180.673
2024-02-09 06:00:00,46244.9,46249.7,46112.8,46180.1,7340.848
2024-02-09 05:00:00,45942.4,46265.0,45914.9,46244.9,10350.429
2024-02-09 04:00:00,46046.5,46138.8,45830.1,45942.3,12475.55
2024-02-09 03:00:00,46272.8,46444.0,46014.8,46046.5,19259.269
2024-02-09 02:00:00,45473.9,46399.4,45412.8,46272.9,42377.435
2024-02-09 01:00:00,45264.9,45497.0,45251.3,45473.9,5553.778
2024-02-09 00:00:00,45269.2,45380.0,45218.1,45264.9,5795.947
2024-02-08 23:00:00,45256.5,45386.8,45235.5,45269.1,5079.478
2024-02-08 22:00:00,45298.2,45385.7,45200.0,45256.5,4514.651
2024-02-08 21:00:00,45471.8,45486.0,45250.0,45298.3,7222.504
2024-02-08 20:00:00,45260.2,45600.0,45241.9,45471.9,19032.18
2024-02-08 19:00:00,45283.5,45428.0,45207.4,45260.1,9053.954
2024-02-08 18:00:00,45027.4,45300.0,44970.0,45283.4,7937.559
2024-02-08 17:00:00,45045.0,45229.0,44878.0,45027.3,15517.234
2024-02-08 16:00:00,45406.4,45488.0,44887.4,45045.0,24040.657
2024-02-08 15:00:00,45058.7,45450.0,44920.1,45406.3,32406.832
2024-02-08 14:00:00,44971.7,45240.0,44849.0,45058.7,37082.297
2024-02-08 13:00:00,44676.9,44998.8,44664.2,44971.7,14614.086
2024-02-08 12:00:00,44677.9,44826.3,44580.4,44676.9,7848.457
2024-02-08 11:00:00,44805.8,44884.3,44660.6,44677.9,10042.883
2024-02-08 10:00:00,44666.4,44850.0,44659.6,44805.9,13685.663
2024-02-08 09:00:00,44695.6,44771.4,44588.0,44666.5,7506.771
2024-02-08 08:00:00,44500.8,44729.4,44496.5,44695.5,8793.67
2024-02-08 07:00:00,44450.0,44534.4,44405.0,44500.8,4219.388
2024-02-08 06:00:00,44537.4,44561.1,44423.6,44449.9,4353.984
2024-02-08 05:00:00,44471.4,44618.8,44470.0,44537.3,4913.756
2024-02-08 04:00:00,44523.5,44591.1,44458.3,44471.3,4862.012
2024-02-08 03:00:00,44628.6,44707.7,44511.0,44523.6,7664.814
2024-02-08 02:00:00,44628.7,44795.1,44511.6,44628.5,10687.326
2024-02-08 01:00:00,44656.7,44678.8,44450.0,44628.6,10033.486
2024-02-08 00:00:00,44326.3,44750.0,44306.8,44656.7,28624.646
2024-02-07 23:00:00,44145.7,44348.0,44135.4,44326.2,6867.042
2024-02-07 22:00:00,44174.8,44334.5,44112.4,44145.6,8217.009
2024-02-07 21:00:00,44113.4,44388.0,44100.0,44174.7,20926.18
2024-02-07 20:00:00,43596.2,44255.0,43596.1,44113.4,41298.641
2024-02-07 19:00:00,43639.0,43691.8,43414.6,43596.1,8931.249
2024-02-07 18:00:00,43488.6,43665.6,43444.0,43639.0,11655.16
2024-02-07 17:00:00,43225.0,43708.2,43208.8,43488.6,36071.73
2024-02-07 16:00:00,43057.7,43235.7,42992.2,43224.9,9292.49
2024-02-07 15:00:00,43011.2,43180.9,42900.0,43057.8,10914.662
2024-02-07 14:00:00,43121.4,43314.9,42910.0,43011.1,20568.127
2024-02-07 13:00:00,43056.5,43163.0,43017.9,43121.4,6930.04
2024-02-07 12:00:00,42917.3,43080.0,42864.8,43056.5,6038.35
2024-02-07 11:00:00,42882.6,42971.9,42850.0,42917.4,5421.338
2024-02-07 10:00:00,43128.9,43138.2,42813.6,42882.5,9523.617
2024-02-07 09:00:00,42929.9,43191.2,42880.9,43128.9,8726.153
2024-02-07 08:00:00,42904.9,42958.4,42852.9,42929.9,2816.99
2024-02-07 07:00:00,42949.7,42988.9,42879.4,42904.8,2503.965
2024-02-07 06:00:00,43009.8,43014.9,42870.0,42949.8,3819.938
2024-02-07 05:00:00,42906.6,43035.7,42860.7,43009.9,4965.91
2024-02-07 04:00:00,42783.1,42931.0,42775.0,42906.5,5981.235
2024-02-07 03:00:00,43029.4,43032.1,42763.4,42783.0,10366.902
2024-02-07 02:00:00,43028.2,43087.1,42973.8,43029.3,3146.063
2024-02-07 01:00:00,43078.8,43173.7,43021.2,43028.2,3339.213
2024-02-07 00:00:00,43079.1,43179.6,43030.0,43078.9,3735.704
2024-02-06 23:00:00,43188.7,43209.9,43000.2,43079.1,5778.03
2024-02-06 22:00:00,43149.1,43206.8,43100.8,43188.7,2646.286
2024-02-06 21:00:00,43075.7,43259.0,43042.0,43149.0,5006.435
2024-02-06 20:00:00,43261.7,43312.3,43055.0,43075.7,6390.604
2024-02-06 19:00:00,43181.5,43289.2,43101.0,43261.7,5568.185
2024-02-06 18:00:00,43164.0,43241.9,42980.8,43181.6,8144.962
2024-02-06 17:00:00,43144.2,43259.5,43085.6,43163.9,6701.016
2024-02-06 16:00:00,43232.0,43378.8,43135.0,43144.2,18684.959
2024-02-06 15:00:00,42924.1,43266.4,42887.0,43232.0,18609.89
2024-02-06 14:00:00,42862.6,43077.8,42795.0,42924.1,9904.967
2024-02-06 13:00:00,42777.0,42999.8,42716.6,42862.5,10379.238
2024-02-06 12:00:00,42814.3,42890.3,42631.0,42777.0,10963.951
2024-02-06 11:00:00,42783.6,42843.6,42683.0,42814.3,7303.755
2024-02-06 10:00:00,42980.1,43096.7,42650.7,42784.2,15648.151
2024-02-06 09:00:00,43058.5,43110.0,42931.2,42980.2,7151.022
2024-02-06 08:00:00,42870.0,43080.0,42866.0,43058.5,13982.483
2024-02-06 07:00:00,42763.7,42898.3,42728.6,42870.0,5348.165
2024-02-06 06:00:00,42764.2,42782.2,42634.1,42763.7,4908.337
2024-02-06 05:00:00,42809.0,42828.5,42731.0,42764.2,4047.454
2024-02-06 04:00:00,42829.9,42911.0,42760.2,42809.1,4495.133
2024-02-06 03:00:00,42829.3,42941.1,42748.6,42829.8,5467.935
2024-02-06 02:00:00,42650.5,42927.7,42628.2,42829.2,8840.572
2024-02-06 01:00:00,42592.4,42767.3,42559.8,42650.5,5278.189
2024-02-06 00:00:00,42692.9,42720.0,42577.0,42592.4,4907.924
2024-02-05 23:00:00,42481.0,42713.0,42441.2,42692.9,6554.339
2024-02-05 22:00:00,42368.5,42517.1,42311.2,42480.9,4846.724
2024-02-05 21:00:00,42419.5,42546.2,42350.0,42368.5,7268.391
2024-02-05 20:00:00,42757.4,42789.1,42313.3,42419.6,16721.772
2024-02-05 19:00:00,42724.4,42873.2,42694.4,42757.4,5919.95
2024-02-05 18:00:00,42714.8,42733.9,42550.0,42724.4,6652.575
2024-02-05 17:00:00,42727.5,42829.6,42645.1,42714.9,7471.975
2024-02-05 16:00:00,42629.7,42768.6,42470.2,42727.5,20017.966
2024-02-05 15:00:00,43184.4,43184.5,42580.0,42629.7,33834.851
2024-02-05 14:00:00,43434.6,43486.2,43131.0,43184.4,12271.792
2024-02-05 13:00:00,43240.1,43580.0,43200.9,43434.7,20862.946
2024-02-05 12:00:00,43180.8,43287.8,43104.0,43240.2,5828.577
2024-02-05 11:00:00,43129.9,43194.7,43066.0,43180.8,4370.606
2024-02-05 10:00:00,43028.4,43264.2,43028.4,43129.9,11777.045
2024-02-05 09:00:00,43023.5,43055.5,42936.0,43028.4,4555.023
2024-02-05 08:00:00,43058.9,43187.6,42970.9,43023.5,9799.343
2024-02-05 07:00:00,42807.8,43168.4,42775.3,43059.0,17085.231
2024-02-05 06:00:00,42767.7,42836.0,42682.9,42807.7,5197.285
2024-02-05 05:00:00,42740.0,42767.8,42622.8,42767.8,5029.491
2024-02-05 04:00:00,42707.9,42826.0,42650.1,42740.1,6913.181
2024-02-05 03:00:00,42436.0,42722.0,42429.3,42708.0,6159.92
2024-02-05 02:00:00,42513.7,42513.7,42361.2,42436.0,4431.626
2024-02-05 01:00:00,42339.3,42539.5,42235.1,42513.6,8578.346
2024-02-05 00:00:00,42570.3,42615.0,42333.4,42339.2,8506.594
2024-02-04 23:00:00,42554.1,42641.8,42490.0,42570.3,4841.14
2024-02-04 22:00:00,42762.0,42869.4,42176.7,42554.2,16324.556
2024-02-04 21:00:00,42868.8,42977.2,42752.8,42762.0,5439.046
2024-02-04 20:00:00,42623.9,42936.0,42512.0,42868.7,12186.957
2024-02-04 19:00:00,42777.8,42807.7,42550.0,42623.9,12149.066
2024-02-04 18:00:00,42884.3,42936.0,42736.3,42777.8,5846.848
2024-02-04 17:00:00,42903.9,42960.0,42823.2,42884.3,3157.494
2024-02-04 16:00:00,42926.7,42932.6,42861.2,42903.9,2140.746
2024-02-04 15:00:00,42855.3,42943.0,42820.1,42926.7,4438.244
2024-02-04 14:00:00,42977.2,43003.4,42823.3,42855.3,5670.246
2024-02-04 13:00:00,42974.3,43019.0,42940.8,42977.2,3023.791
2024-02-04 12:00:00,43041.6,43104.9,42974.3,42974.3,5350.271
2024-02-04 11:00:00,42927.2,43112.1,42910.9,43041.6,6877.041
2024-02-04 10:00:00,42920.7,42930.0,42852.9,42927.1,2619.945
2024-02-04 09:00:00,42781.6,42973.0,42721.8,42920.8,6871.415
2024-02-04 08:00:00,42822.8,42829.7,42756.9,42781.6,2477.524
2024-02-04 07:00:00,42729.6,42847.0,42702.4,42822.9,3831.653
2024-02-04 06:00:00,42875.0,42917.0,42720.3,42729.7,6562.372
2024-02-04 05:00:00,42902.0,42936.0,42829.8,42875.0,4188.364
2024-02-04 04:00:00,43015.7,43018.7,42876.8,42902.0,3587.715
2024-02-04 03:00:00,43001.2,43030.9,43001.2,43015.7,1060.292
2024-02-04 02:00:00,43026.7,43055.0,42997.5,43001.3,1609.143
2024-02-04 01:00:00,42996.9,43033.0,42925.0,43026.8,2424.11
2024-02-04 00:00:00,42992.4,43008.4,42871.5,42997.0,4743.569
2024-02-03 23:00:00,43016.5,43060.2,42925.9,42992.4,4420.832
2024-02-03 22:00:00,43029.9,43066.0,42990.6,43016.5,1423.367
2024-02-03 21:00:00,43047.5,43078.9,43005.3,43030.0,1145.634
2024-02-03 20:00:00,43046.8,43088.0,42980.1,43047.4,2341.733
2024-02-03 19:00:00,43055.1,43073.0,43000.0,43046.8,2974.891
2024-02-03 18:00:00,43215.9,43232.0,43012.5,43055.1,6927.917
2024-02-03 17:00:00,43074.3,43264.3,43072.1,43215.9,6304.869
2024-02-03 16:00:00,43097.5,43175.0,43053.6,43074.4,3964.371
2024-02-03 15:00:00,43022.1,43181.3,42858.3,43097.4,11289.719
2024-02-03 14:00:00,43050.2,43064.9,43003.4,43022.1,2034.404
2024-02-03 13:00:00,43050.9,43080.9,43021.7,43050.1,1772.465
2024-02-03 12:00:00,42977.9,43074.7,42952.0,43050.8,3521.923
2024-02-03 11:00:00,43052.7,43052.8,42950.6,42978.0,4216.959
2024-02-03 10:00:00,43077.2,43107.8,43017.3,43052.7,2539.202
2024-02-03 09:00:00,43004.2,43110.3,42997.0,43077.2,3081.806
2024-02-03 08:00:00,43037.1,43077.5,42978.1,43004.2,3419.8
2024-02-03 07:00:00,43080.2,43120.0,43017.0,43037.1,2603.172
2024-02-03 06:00:00,43154.5,43154.5,43060.4,43080.2,2304.114
2024-02-03 05:00:00,43172.3,43195.5,43070.5,43154.4,3705.702
2024-02-03 04:00:00,43155.3,43207.0,43133.8,43172.3,1772.227
2024-02-03 03:00:00,43175.0,43222.0,43119.2,43155.3,2806.618
2024-02-03 02:00:00,43200.4,43218.0,43135.1,43175.0,2756.311
2024-02-03 01:00:00,43213.9,43308.9,43169.9,43200.5,3987.132
2024-02-03 00:00:00,43182.0,43372.2,43128.1,43213.4,8420.052
2024-02-02 23:00:00,43182.5,43220.5,43113.6,43182.0,3274.224
2024-02-02 22:00:00,42976.3,43221.0,42976.3,43182.4,4973.904
2024-02-02 21:00:00,42933.3,43050.0,42930.8,42976.3,2203.623
2024-02-02 20:00:00,43044.2,43070.0,42877.0,42933.2,5170.915
2024-02-02 19:00:00,42910.9,43063.9,42903.0,43044.1,6223.731
2024-02-02 18:00:00,42938.0,42970.0,42756.1,42910.9,9361.902
2024-02-02 17:00:00,43193.5,43277.0,42874.0,42937.0,12233.425
2024-02-02 16:00:00,43222.9,43480.0,43073.2,43193.5,22971.825
2024-02-02 15:00:00,42787.8,43250.0,42734.3,43222.9,22688.379
2024-02-02 14:00:00,42671.1,42892.5,42582.9,42787.9,13845.438
2024-02-02 13:00:00,43114.3,43129.0,42512.7,42671.0,27650.405
2024-02-02 12:00:00,43136.9,43228.9,43040.0,43114.4,7866.066
2024-02-02 11:00:00,43109.1,43191.0,43040.0,43136.8,4585.04
2024-02-02 10:00:00,42972.1,43131.7,42923.1,43109.0,5134.974
2024-02-02 09:00:00,43003.7,43068.4,42944.0,42972.1,4107.55
2024-02-02 08:00:00,43076.0,43098.8,42934.4,43003.7,6323.875
2024-02-02 07:00:00,43149.4,43240.2,43076.0,43076.0,6495.937
2024-02-02 06:00:00,43091.2,43262.9,43070.8,43149.4,6313.099
2024-02-02 05:00:00,42950.7,43129.0,42930.0,43091.2,4249.242
2024-02-02 04:00:00,43018.0,43049.3,42926.4,42950.7,3788.776
2024-02-02 03:00:00,43064.8,43098.4,43005.6,43018.1,2316.659
2024-02-02 02:00:00,43106.4,43182.2,43008.4,43064.8,5433.292
2024-02-02 01:00:00,43156.1,43282.0,43080.0,43106.4,5735.999
2024-02-02 00:00:00,43072.6,43430.0,43026.2,43156.1,12819.294
2024-02-01 23:00:00,42915.3,43072.6,42870.3,43072.6,4706.743
2024-02-01 22:00:00,43080.1,43099.1,42856.1,42915.2,4526.68
2024-02-01 21:00:00,42991.0,43214.8,42948.9,43080.0,7740.913
2024-02-01 20:00:00,43206.3,43278.4,42875.0,42991.0,11016.063
2024-02-01 19:00:00,42830.1,43288.0,42810.0,43206.3,14081.46
2024-02-01 18:00:00,42909.3,43040.0,42750.5,42830.1,12133.652
2024-02-01 17:00:00,42641.9,43158.0,42615.0,42909.3,25848.15
2024-02-01 16:00:00,42500.0,42686.6,42350.0,42641.9,18586.418
2024-02-01 15:00:00,42635.4,42936.6,42500.0,42500.1,29748.079
2024-02-01 14:00:00,42206.1,42646.8,42169.8,42635.3,21322.171
2024-02-01 13:00:00,42133.9,42281.7,41964.0,42206.0,10779.531
2024-02-01 12:00:00,42075.8,42229.9,41926.3,42134.0,13236.016
2024-02-01 11:00:00,42214.1,42292.8,42028.8,42075.9,7527.09
2024-02-01 10:00:00,42141.0,42323.6,42100.0,42214.1,6801.445
2024-02-01 09:00:00,42236.0,42259.7,42110.7,42141.0,4467.999
2024-02-01 08:00:00,42182.3,42246.7,42112.1,42236.0,4634.536
2024-02-01 07:00:00,42185.8,42292.1,42110.0,42182.2,5691.461
2024-02-01 06:00:00,42148.0,42226.0,42112.0,42185.8,6406.136
2024-02-01 05:00:00,42063.5,42198.0,42013.4,42148.1,5708.37
2024-02-01 04:00:00,41998.0,42133.8,41877.0,42063.6,7666.001
2024-02-01 03:00:00,42146.5,42177.4,41947.0,41998.0,6557.943
2024-02-01 02:00:00,41969.9,42171.0,41940.0,42146.6,8880.423
2024-02-01 01:00:00,42460.1,42467.5,41866.8,41969.9,23806.144
2024-02-01 00:00:00,42560.5,42674.9,42201.6,42460.2,12447.683
2024-01-31 23:00:00,42634.7,42677.1,42539.5,42560.5,6511.237
2024-01-31 22:00:00,42472.8,42670.5,42361.2,42634.8,8078.415
2024-01-31 21:00:00,42534.0,42697.2,42257.6,42472.8,20905.487
2024-01-31 20:00:00,43316.3,43348.9,42504.5,42534.0,34941.99
2024-01-31 19:00:00,43500.0,43545.3,43022.3,43316.4,28566.152
2024-01-31 18:00:00,43705.1,43744.1,43460.1,43500.0,10017.146
2024-01-31 17:00:00,43459.8,43748.6,43405.1,43705.0,14994.48
2024-01-31 16:00:00,43341.9,43599.9,43277.3,43459.7,17887.287
2024-01-31 15:00:00,42864.1,43460.0,42670.9,43341.8,35372.969
2024-01-31 14:00:00,42787.9,42984.0,42548.0,42864.0,16777.808
2024-01-31 13:00:00,42615.5,42923.7,42503.3,42788.0,15673.578
2024-01-31 12:00:00,42630.2,42714.8,42531.3,42615.6,7476.864
2024-01-31 11:00:00,42376.0,42674.6,42341.0,42630.2,10773.903
2024-01-31 10:00:00,42638.2,42785.0,42357.0,42375.9,18963.295
2024-01-31 09:00:00,42964.5,42964.5,42600.0,42638.2,12741.292
2024-01-31 08:00:00,43031.5,43077.0,42921.1,42964.5,4010.956
2024-01-31 07:00:00,42958.3,43075.7,42925.8,43031.6,4009.979
2024-01-31 06:00:00,42965.0,43050.0,42888.7,42958.2,4320.228
2024-01-31 05:00:00,42951.5,43035.0,42907.1,42964.9,4309.243
2024-01-31 04:00:00,42918.1,42987.1,42854.7,42951.5,3402.117
2024-01-31 03:00:00,42865.6,42982.4,42843.9,42918.0,4462.081
2024-01-31 02:00:00,42770.9,42894.6,42634.3,42865.6,7690.874
2024-01-31 01:00:00,42912.9,42987.3,42705.0,42770.9,7612.67
2024-01-31 00:00:00,42918.3,43090.0,42829.6,42913.0,13569.059
2024-01-30 23:00:00,43306.0,43334.7,42665.6,42918.3,25545.892
2024-01-30 22:00:00,43528.5,43555.5,43306.0,43306.0,4366.661
2024-01-30 21:00:00,43541.2,43675.6,43464.5,43528.5,5589.174
2024-01-30 20:00:00,43525.1,43750.0,43456.2,43541.2,13895.346
2024-01-30 19:00:00,43355.0,43559.1,43321.6,43525.1,5366.629
2024-01-30 18:00:00,43378.5,43478.2,43260.0,43355.1,7955.455
2024-01-30 17:00:00,43488.8,43584.1,43280.6,43378.4,8807.098
2024-01-30 16:00:00,43355.4,43500.0,43197.7,43488.8,12015.005
2024-01-30 15:00:00,43455.0,43625.2,43268.0,43355.5,16844.654
2024-01-30 14:00:00,43271.7,43484.0,43092.0,43455.0,14371.882
2024-01-30 13:00:00,43383.3,43472.0,43130.5,43271.8,16741.52
2024-01-30 12:00:00,43513.3,43888.0,43237.2,43383.2,32284.348
2024-01-30 11:00:00,43464.1,43548.0,43393.1,43513.4,6450.136
2024-01-30 10:00:00,43312.0,43497.4,43277.7,43464.1,6112.539
2024-01-30 09:00:00,43411.7,43444.0,43300.1,43312.1,3781.019
2024-01-30 08:00:00,43346.7,43449.2,43200.4,43411.6,7367.701
2024-01-30 07:00:00,43328.0,43430.4,43301.4,43346.6,4892.318
2024-01-30 06:00:00,43351.4,43408.0,43238.0,43328.0,5781.962
2024-01-30 05:00:00,43407.8,43452.5,43323.3,43351.5,5149.715
2024-01-30 04:00:00,43502.8,43554.1,43392.7,43407.8,5378.785
2024-01-30 03:00:00,43598.3,43673.6,43443.1,43502.9,8154.254
2024-01-30 02:00:00,43422.0,43798.2,43422.0,43598.3,15325.451
2024-01-30 01:00:00,43145.9,43573.8,43132.2,43422.1,18584.648
2024-01-30 00:00:00,43287.6,43299.5,43111.3,43146.0,6820.592
2024-01-29 23:00:00,43090.0,43340.8,43058.5,43287.7,6919.351
2024-01-29 22:00:00,43158.4,43193.8,43060.5,43090.0,3891.631
2024-01-29 21:00:00,43127.7,43248.0,43042.6,43158.4,5841.538
2024-01-29 20:00:00,42986.8,43185.2,42966.5,43127.8,5776.451
2024-01-29 19:00:00,43012.0,43142.0,42966.4,42986.7,8019.351
2024-01-29 18:00:00,42980.8,43109.0,42863.4,43012.0,9526.603
2024-01-29 17:00:00,43182.5,43297.6,42911.8,42980.8,20162.863
2024-01-29 16:00:00,42623.1,43298.0,42495.7,43182.5,53016.474
2024-01-29 15:00:00,41933.6,42636.0,41861.8,42623.2,23816.934
2024-01-29 14:00:00,41989.6,42092.0,41768.3,41933.7,13614.23
2024-01-29 13:00:00,42086.8,42122.3,41914.2,41989.7,9478.792
2024-01-29 12:00:00,42233.2,42360.0,41956.2,42086.8,10266.131
2024-01-29 11:00:00,42298.6,42339.0,42172.8,42233.3,4759.363
2024-01-29 10:00:00,42279.6,42368.7,42183.9,42298.6,6315.504
2024-01-29 09:00:00,42107.3,42328.0,41932.9,42279.6,9685.971
2024-01-29 08:00:00,42040.0,42140.0,41953.0,42107.2,6372.77
2024-01-29 07:00:00,42150.6,42230.5,41966.2,42040.0,7036.287
2024-01-29 06:00:00,42127.9,42237.0,42116.4,42150.6,4806.81
2024-01-29 05:00:00,42201.9,42269.5,42110.0,42127.1,4620.447
2024-01-29 04:00:00,42306.5,42326.9,42175.0,42201.8,4874.368
2024-01-29 03:00:00,42220.8,42493.0,42219.9,42306.4,9472.031
2024-01-29 02:00:00,42144.4,42318.6,42108.0,42220.7,5611.922
2024-01-29 01:00:00,41952.1,42310.6,41950.0,42144.3,10142.368
2024-01-29 00:00:00,42021.2,42061.0,41865.4,41952.1,5473.92
2024-01-28 23:00:00,41824.9,42067.5,41735.0,42021.2,6467.532
2024-01-28 22:00:00,41963.0,41969.5,41600.0,41824.9,7378.063
2024-01-28 21:00:00,41929.9,42019.0,41791.5,41963.1,5431.018
2024-01-28 20:00:00,41770.6,41964.0,41660.9,41929.9,9332.495
2024-01-28 19:00:00,41952.6,42014.1,41700.0,41770.6,12455.789
2024-01-28 18:00:00,42152.6,42163.0,41912.8,41952.6,8827.118
2024-01-28 17:00:00,42293.2,42299.3,42073.8,42152.5,7411.867
2024-01-28 16:00:00,42244.5,42340.0,42119.4,42293.1,6373.522
2024-01-28 15:00:00,42271.4,42399.6,42130.0,42244.5,8313.375
2024-01-28 14:00:00,42385.7,42525.0,42228.4,42271.3,6859.699
2024-01-28 13:00:00,42403.0,42439.9,42220.1,42385.8,6402.263
2024-01-28 12:00:00,42456.5,42479.7,42268.2,42403.1,8793.831
2024-01-28 11:00:00,42585.0,42598.0,42333.0,42456.6,7100.999
2024-01-28 10:00:00,42559.9,42634.0,42480.1,42584.9,5161.251
2024-01-28 09:00:00,42475.2,42688.0,42402.8,42559.9,9365.846
2024-01-28 08:00:00,42370.0,42600.0,42301.1,42475.1,9274.702
2024-01-28 07:00:00,42388.6,42514.3,42336.3,42369.9,6038.858
2024-01-28 06:00:00,42538.1,42563.0,42259.5,42388.5,9404.987
2024-01-28 05:00:00,42710.5,42836.0,42427.8,42538.1,18316.077
2024-01-28 04:00:00,42210.1,42764.8,42204.0,42710.4,24792.924
2024-01-28 03:00:00,42082.9,42229.3,42066.9,42210.0,3322.368
2024-01-28 02:00:00,42074.5,42162.4,42069.1,42082.8,2989.072
2024-01-28 01:00:00,41976.3,42236.9,41976.2,42074.4,9620.237
2024-01-28 00:00:00,42102.2,42127.0,41908.2,41976.3,6302.56
2024-01-27 23:00:00,42135.4,42156.7,42055.4,42102.2,4399.8
2024-01-27 22:00:00,42137.8,42187.1,42057.6,42135.3,5271.863
2024-01-27 21:00:00,42049.6,42165.6,42001.8,42137.8,5859.277
2024-01-27 20:00:00,41896.5,42070.0,41896.4,42049.6,5408.243
2024-01-27 19:00:00,41785.0,41977.0,41775.1,41896.4,7765.565
2024-01-27 18:00:00,41769.4,41807.2,41727.0,41784.9,2437.998
2024-01-27 17:00:00,41789.3,41833.9,41758.3,41769.4,2297.83
2024-01-27 16:00:00,41797.5,41880.0,41769.6,41789.2,3906.389
2024-01-27 15:00:00,41745.1,41880.0,41712.9,41797.4,5453.875
2024-01-27 14:00:00,41727.0,41813.6,41710.0,41745.0,3931.038
2024-01-27 13:00:00,41730.6,41795.1,41704.0,41726.9,2640.295
2024-01-27 12:00:00,41744.7,41798.0,41689.3,41730.6,3029.479
2024-01-27 11:00:00,41731.5,41774.8,41679.0,41744.7,2900.66
2024-01-27 10:00:00,41656.4,41786.0,41632.0,41731.6,6169.781
2024-01-27 09:00:00,41455.3,41726.0,41360.1,41656.4,9876.923
2024-01-27 08:00:00,41699.0,41720.2,41400.0,41455.4,13171.464
2024-01-27 07:00:00,41694.8,41723.7,41594.0,41699.1,7069.355
2024-01-27 06:00:00,41748.1,41803.6,41672.5,41694.8,4141.47
2024-01-27 05:00:00,41828.7,41880.5,41721.0,41748.2,3788.355
2024-01-27 04:00:00,41805.1,41868.3,41780.0,41828.7,2413.204
2024-01-27 03:00:00,41822.2,41854.0,41755.0,41805.2,3181.954
2024-01-27 02:00:00,41804.8,41886.0,41801.7,41822.2,2353.042
2024-01-27 01:00:00,41772.8,41924.0,41754.2,41804.9,4578.196
2024-01-27 00:00:00,41806.4,41849.9,41681.8,41772.8,6391.058
2024-01-26 23:00:00,41887.7,41963.7,41779.2,41806.4,4860.486
2024-01-26 22:00:00,41976.9,41994.7,41808.9,41887.6,7326.679
2024-01-26 21:00:00,41961.0,42032.0,41859.8,41976.9,5667.227
2024-01-26 20:00:00,42046.1,42239.3,41822.0,41960.9,18608.769
2024-01-26 19:00:00,42083.8,42110.0,41912.6,42046.0,11099.074
2024-01-26 18:00:00,41899.3,42187.1,41828.7,42083.8,21342.445
2024-01-26 17:00:00,41944.4,41995.0,41740.7,41899.2,17038.431
2024-01-26 16:00:00,41399.8,41985.0,41383.8,41944.3,35814.185
2024-01-26 15:00:00,41581.1,41585.4,41200.0,41399.8,19702.378
2024-01-26 14:00:00,41002.1,41587.3,41002.1,41581.1,18547.221
2024-01-26 13:00:00,41128.1,41215.6,40890.0,41002.2,15386.935
2024-01-26 12:00:00,41271.9,41490.0,41075.2,41128.2,32552.953
2024-01-26 11:00:00,40672.4,41350.0,40665.1,41272.0,45538.057
2024-01-26 10:00:00,40065.6,40750.0,40053.4,40672.4,31285.711
2024-01-26 09:00:00,40118.3,40408.0,40016.3,40065.6,17881.584
2024-01-26 08:00:00,39956.0,40168.1,39944.7,40118.3,8326.642
2024-01-26 07:00:00,39993.0,40018.5,39880.9,39956.0,7025.823
2024-01-26 06:00:00,40091.2,40146.9,39963.7,39993.0,5095.356
2024-01-26 05:00:00,40133.8,40171.5,40072.8,40091.3,3269.231
2024-01-26 04:00:00,40057.1,40216.7,40053.7,40133.8,4356.378
2024-01-26 03:00:00,40133.0,40180.0,40052.4,40057.0,3748.277
2024-01-26 02:00:00,39928.3,40250.0,39924.0,40133.0,13931.964
2024-01-26 01:00:00,39889.9,39950.0,39813.1,39928.3,3900.166
2024-01-26 00:00:00,39953.3,39965.1,39872.0,39889.9,3112.506
2024-01-25 23:00:00,39945.5,39980.0,39886.0,39953.3,3134.256
2024-01-25 22:00:00,39917.8,39980.0,39877.2,39945.6,3202.333
2024-01-25 21:00:00,39827.1,39928.9,39776.0,39917.8,6589.206
2024-01-25 20:00:00,39982.9,39987.2,39630.0,39827.1,9548.32
2024-01-25 19:00:00,39832.5,39986.5,39722.3,39982.9,7541.256
2024-01-25 18:00:00,39801.3,40053.6,39703.8,39832.6,18963.895
2024-01-25 17:00:00,39699.9,39843.7,39535.3,39801.4,12635.77
2024-01-25 16:00:00,39793.6,39847.5,39656.0,39700.0,9083.623
2024-01-25 15:00:00,40000.0,40038.5,39605.0,39793.6,15621.128
2024-01-25 14:00:00,39907.1,40078.6,39846.1,40000.0,11748.603
2024-01-25 13:00:00,39854.7,39954.9,39720.5,39907.1,14214.549
2024-01-25 12:00:00,40165.5,40280.0,39818.6,39854.7,16284.823
2024-01-25 11:00:00,40103.3,40300.0,40069.8,40165.5,15448.311
2024-01-25 10:00:00,40023.4,40115.3,39950.0,40103.3,7017.87
2024-01-25 09:00:00,40069.4,40125.0,40018.4,40023.4,4265.366
2024-01-25 08:00:00,40119.6,40175.1,40012.1,40069.3,7290.096
2024-01-25 07:00:00,40028.0,40131.9,39975.7,40119.6,5395.291
2024-01-25 06:00:00,39865.4,40049.3,39865.3,40028.0,6248.395
2024-01-25 05:00:00,39949.4,39959.7,39778.3,39865.4,6547.855
2024-01-25 04:00:00,40002.8,40028.3,39900.4,39949.4,2906.808
2024-01-25 03:00:00,39931.7,40096.6,39922.1,40002.8,3449.222
2024-01-25 02:00:00,39975.5,40063.4,39901.0,39931.7,3627.687
2024-01-25 01:00:00,40160.4,40170.0,39916.4,39975.6,6619.412
2024-01-25 00:00:00,40078.8,40170.0,40007.1,40160.4,6344.604
2024-01-24 23:00:00,39872.6,40171.3,39836.5,40078.7,10391.255
2024-01-24 22:00:00,39788.1,39897.9,39747.8,39872.5,4210.545
2024-01-24 21:00:00,39547.9,39788.1,39493.3,39788.1,7699.781
2024-01-24 20:00:00,39797.4,40000.0,39510.0,39548.0,14906.88
2024-01-24 19:00:00,39757.9,39849.2,39632.0,39797.4,6223.776
2024-01-24 18:00:00,40131.0,40149.5,39602.0,39757.9,18861.02
2024-01-24 17:00:00,40186.0,40208.4,40036.2,40131.0,8311.033
2024-01-24 16:00:00,40046.7,40190.0,39909.3,40186.0,9893.662
2024-01-24 15:00:00,39907.0,40116.6,39831.0,40046.7,12480.015
2024-01-24 14:00:00,39976.2,40224.4,39754.4,39907.0,27125.932
2024-01-24 13:00:00,40030.4,40111.3,39872.0,39976.2,11549.11
2024-01-24 12:00:00,40195.1,40287.8,39962.8,40030.4,10975.845
2024-01-24 11:00:00,40346.5,40364.4,40081.1,40195.2,11187.856
2024-01-24 10:00:00,40015.7,40560.6,39977.4,40346.0,21804.1
2024-01-24 09:00:00,39948.6,40094.6,39900.2,40015.6,6985.165
2024-01-24 08:00:00,39979.5,40134.9,39844.7,39948.6,8718.022
2024-01-24 07:00:00,39883.5,40179.7,39810.1,39979.4,12199.27
2024-01-24 06:00:00,39791.7,39900.0,39656.3,39883.6,7231.814
2024-01-24 05:00:00,39648.7,39849.2,39648.6,39791.8,6545.594
2024-01-24 04:00:00,39611.3,39744.3,39550.0,39648.8,5997.376
2024-01-24 03:00:00,39759.4,39790.7,39563.8,39611.2,9144.754
2024-01-24 02:00:00,39763.2,39887.1,39689.0,39759.3,6511.111
2024-01-24 01:00:00,40166.9,40166.9,39745.0,39763.2,13974.291
2024-01-24 00:00:00,39889.9,40247.0,39779.0,40166.9,19825.964
2024-01-23 23:00:00,39468.2,39898.0,39463.3,39890.0,17204.847
2024-01-23 22:00:00,39216.6,39558.5,39190.0,39468.3,8549.554
2024-01-23 21:00:00,39177.6,39303.9,39060.2,39216.6,8621.858
2024-01-23 20:00:00,39140.1,39359.0,39031.3,39178.0,12907.509
2024-01-23 19:00:00,39087.2,39287.2,38983.0,39140.1,12620.955
2024-01-23 18:00:00,39404.0,39654.2,39081.6,39087.1,17949.4
2024-01-23 17:00:00,39312.7,39645.0,39265.5,39404.0,25333.925
2024-01-23 16:00:00,39197.5,39383.0,38925.6,39312.8,24013.377
2024-01-23 15:00:00,38768.5,39479.2,38767.0,39197.4,35459.749
2024-01-23 14:00:00,38857.9,38905.7,38545.0,38768.6,38267.015
2024-01-23 13:00:00,39065.7,39079.5,38848.0,38857.8,10752.728
2024-01-23 12:00:00,38850.2,39097.2,38753.1,39065.7,20097.451
2024-01-23 11:00:00,38917.0,39050.0,38652.3,38850.1,26678.189
2024-01-23 10:00:00,38964.6,39160.9,38850.0,38917.0,20722.391
2024-01-23 09:00:00,39460.6,39492.9,38902.6,38964.5,53154.134
2024-01-23 08:00:00,39773.9,39862.9,39312.6,39460.7,24270.848
2024-01-23 07:00:00,40019.5,40031.2,39656.8,39773.9,11375.896
2024-01-23 06:00:00,40064.8,40128.0,39950.7,40019.5,5525.053
2024-01-23 05:00:00,40055.1,40122.1,40051.7,40064.8,3022.982
2024-01-23 04:00:00,40000.1,40172.7,40000.0,40055.1,5155.73
2024-01-23 03:00:00,40059.0,40121.2,39972.5,40000.1,6430.524
2024-01-23 02:00:00,39828.0,40064.0,39803.5,40058.9,7662.527
2024-01-23 01:00:00,39869.2,39920.0,39708.5,39828.0,5585.589
2024-01-23 00:00:00,39567.1,39892.9,39508.0,39869.2,13011.155
2024-01-22 23:00:00,39829.9,39963.7,39480.0,39567.0,14340.427
2024-01-22 22:00:00,39854.4,40082.0,39450.0,39829.9,18846.139
2024-01-22 21:00:00,40181.7,40203.1,39839.6,39854.4,15246.066
2024-01-22 20:00:00,39812.6,40360.0,39746.9,40181.8,30013.751
2024-01-22 19:00:00,40320.7,40576.0,39402.0,39812.5,71402.146
2024-01-22 18:00:00,40714.9,40803.2,39965.0,40320.7,34172.347
2024-01-22 17:00:00,40524.1,40816.0,40460.0,40714.8,11932.344
2024-01-22 16:00:00,40775.0,40880.1,40401.7,40524.1,19526.172
2024-01-22 15:00:00,40690.0,40857.8,40333.0,40774.7,26780.105
2024-01-22 14:00:00,40942.0,40979.1,40501.7,40690.1,26108.571
2024-01-22 13:00:00,40885.7,41253.7,40861.8,40941.9,20506.232
2024-01-22 12:00:00,40809.5,40925.3,40682.7,40885.6,8973.855
2024-01-22 11:00:00,40703.4,40947.0,40663.6,40809.4,12423.724
2024-01-22 10:00:00,40745.4,40850.0,40353.7,40703.5,27192.368
2024-01-22 09:00:00,40957.2,41050.0,40508.7,40745.4,13917.588
2024-01-22 08:00:00,41042.7,41044.6,40755.8,40957.3,15427.238
2024-01-22 07:00:00,41201.4,41210.3,40971.3,41042.6,6855.448
2024-01-22 06:00:00,41133.6,41334.9,41002.0,41201.3,10932.641
2024-01-22 05:00:00,40776.8,41153.7,40666.0,41133.6,16571.74
2024-01-22 04:00:00,41199.5,41221.9,40755.5,40776.7,16886.142
2024-01-22 03:00:00,41317.2,41345.9,41050.5,41199.6,10930.402
2024-01-22 02:00:00,41363.9,41430.4,41258.0,41317.2,5593.539
2024-01-22 01:00:00,41652.7,41692.3,41262.2,41363.9,16037.9
2024-01-22 00:00:00,41579.9,41688.5,41460.0,41652.7,8407.221
2024-01-21 23:00:00,41636.8,41679.0,41500.0,41580.0,5150.881
2024-01-21 22:00:00,41781.8,41787.4,41620.7,41636.7,1829.808
2024-01-21 21:00:00,41644.9,41820.0,41613.1,41781.8,2571.717
2024-01-21 20:00:00,41721.2,41766.8,41618.0,41644.9,2759.407
2024-01-21 19:00:00,41680.2,41721.2,41630.6,41721.2,1345.919
2024-01-21 18:00:00,41675.6,41733.0,41621.2,41680.1,2288.286
2024-01-21 17:00:00,41601.5,41697.0,41591.7,41675.5,2691.701
2024-01-21 16:00:00,41652.7,41672.5,41516.0,41601.5,5300.591
2024-01-21 15:00:00,41778.0,41862.3,41600.0,41652.8,6896.609
2024-01-21 14:00:00,41853.6,41880.9,41750.1,41778.1,3796.124
2024-01-21 13:00:00,41736.2,41866.8,41736.2,41853.6,4237.836
2024-01-21 12:00:00,41720.8,41825.1,41697.1,41736.3,2446.487
2024-01-21 11:00:00,41788.6,41798.4,41681.1,41720.9,2039.396
2024-01-21 10:00:00,41746.2,41826.5,41703.3,41788.5,4780.995
2024-01-21 09:00:00,41663.3,41749.3,41662.9,41746.3,2236.487
2024-01-21 08:00:00,41648.5,41715.8,41648.5,41663.3,2238.083
2024-01-21 07:00:00,41603.9,41669.4,41584.4,41648.6,1726.346
2024-01-21 06:00:00,41630.4,41661.7,41544.0,41604.0,2462.633
2024-01-21 05:00:00,41674.8,41699.9,41626.6,41630.3,1372.122
2024-01-21 04:00:00,41677.4,41686.4,41645.0,41674.8,1183.312
2024-01-21 03:00:00,41704.0,41735.0,41659.3,41677.4,2111.787
2024-01-21 02:00:00,41662.8,41716.6,41653.3,41703.9,1539.406
2024-01-21 01:00:00,41644.6,41725.0,41627.5,41662.9,1808.753
2024-01-21 00:00:00,41691.8,41727.4,41624.6,41644.7,2220.866
2024-01-20 23:00:00,41779.7,41812.8,41620.8,41691.8,2602.859
2024-01-20 22:00:00,41732.3,41819.6,41673.0,41779.8,2681.402
2024-01-20 21:00:00,41748.7,41883.5,41723.5,41732.3,4128.127
2024-01-20 20:00:00,41638.4,41844.4,41615.0,41748.8,5474.026
2024-01-20 19:00:00,41607.8,41685.0,41600.6,41638.4,2540.597
2024-01-20 18:00:00,41586.6,41631.0,41522.0,41607.9,2670.119
2024-01-20 17:00:00,41566.8,41628.3,41540.0,41586.6,2180.69
2024-01-20 16:00:00,41570.2,41650.0,41537.0,41566.8,3225.346
2024-01-20 15:00:00,41542.8,41688.0,41480.0,41570.3,5608.654
2024-01-20 14:00:00,41633.6,41649.9,41480.1,41542.6,4289.504
2024-01-20 13:00:00,41619.9,41686.7,41580.8,41633.6,3450.274
2024-01-20 12:00:00,41583.5,41706.5,41534.2,41620.0,4930.928
2024-01-20 11:00:00,41542.4,41624.6,41475.0,41583.6,3896.644
2024-01-20 10:00:00,41518.9,41624.2,41487.9,41542.5,4362.726
2024-01-20 09:00:00,41590.2,41642.1,41453.6,41519.1,5854.262
2024-01-20 08:00:00,41652.4,41672.7,41518.2,41590.1,6898.955
2024-01-20 07:00:00,41668.9,41781.4,41640.0,41652.4,4664.85
2024-01-20 06:00:00,41630.0,41699.0,41618.2,41669.0,3054.153
2024-01-20 05:00:00,41607.1,41649.9,41566.3,41630.0,2483.055
2024-01-20 04:00:00,41638.1,41660.0,41571.3,41607.2,2713.04
2024-01-20 03:00:00,41627.5,41658.6,41525.8,41638.0,2869.516
2024-01-20 02:00:00,41664.8,41670.0,41536.1,41627.5,2864.287
2024-01-20 01:00:00,41490.9,41712.0,41490.9,41664.9,4839.318
2024-01-20 00:00:00,41662.1,41687.1,41458.5,41490.9,7582.73
2024-01-19 23:00:00,41691.2,41728.3,41616.6,41662.2,4945.066
2024-01-19 22:00:00,41635.1,41748.3,41535.5,41691.1,5077.777
2024-01-19 21:00:00,41635.5,41790.0,41562.4,41635.1,10002.26
2024-01-19 20:00:00,41818.6,42197.0,41530.1,41635.6,23665.952
2024-01-19 19:00:00,41810.6,41918.0,41584.6,41818.5,15095.606
2024-01-19 18:00:00,41239.2,42000.0,41011.1,41810.6,38671.155
2024-01-19 17:00:00,40408.6,41281.0,40300.0,41239.1,39646.133
2024-01-19 16:00:00,40897.1,40960.0,40312.0,40408.6,45003.985
2024-01-19 15:00:00,40973.5,41175.2,40718.5,40897.0,27868.609
2024-01-19 14:00:00,41397.3,41457.5,40848.0,40973.4,26585.618
2024-01-19 13:00:00,41345.5,41431.8,41267.0,41397.2,6102.277
2024-01-19 12:00:00,41471.7,41493.0,41266.6,41345.4,7193.666
2024-01-19 11:00:00,41483.1,41518.4,41366.6,41471.7,5820.501
2024-01-19 10:00:00,41396.6,41495.2,41333.7,41483.0,6288.609
2024-01-19 09:00:00,41285.4,41471.9,41241.9,41396.5,8046.09
2024-01-19 08:00:00,41281.9,41383.8,41132.5,41285.4,7780.007
2024-01-19 07:00:00,41462.6,41578.3,41259.0,41282.0,10947.375
2024-01-19 06:00:00,41207.1,41514.2,41185.5,41462.5,10380.207
2024-01-19 05:00:00,41099.5,41236.2,41051.8,41207.1,4225.686
2024-01-19 04:00:00,41049.8,41220.0,41031.3,41099.5,6299.93
2024-01-19 03:00:00,41112.5,41143.5,40739.6,41049.8,15945.844
2024-01-19 02:00:00,41266.4,41306.4,41077.7,41112.4,5635.331
2024-01-19 01:00:00,41287.1,41332.9,41120.0,41266.4,6070.568
2024-01-19 00:00:00,41323.2,41372.0,41087.2,41287.0,8643.478
2024-01-18 23:00:00,41346.4,41356.0,41195.1,41323.1,5192.315
2024-01-18 22:00:00,41120.7,41366.4,41068.0,41346.3,9143.79
2024-01-18 21:00:00,40847.3,41265.0,40754.0,41120.7,20150.228
2024-01-18 20:00:00,41014.2,41314.2,40673.6,40847.4,38539.724
2024-01-18 19:00:00,41516.7,41602.2,40805.2,41014.2,39928.423
2024-01-18 18:00:00,41813.9,41922.5,41335.0,41516.7,28973.926
2024-01-18 17:00:00,41953.9,42191.9,41457.7,41813.9,37052.287
2024-01-18 16:00:00,42619.0,42619.0,41720.0,41953.9,45356.294
2024-01-18 15:00:00,42742.6,42821.4,42607.8,42618.9,11181.264
2024-01-18 14:00:00,42511.1,42748.2,42430.0,42742.6,11201.82
2024-01-18 13:00:00,42440.2,42680.7,42367.4,42511.2,11168.679
2024-01-18 12:00:00,42540.1,42550.8,42351.0,42440.2,8369.719
2024-01-18 11:00:00,42450.3,42550.0,42382.5,42540.0,9377.826
2024-01-18 10:00:00,42746.4,42789.6,42401.1,42450.3,12705.875
2024-01-18 09:00:00,42749.6,42877.0,42709.4,42746.4,6286.452
2024-01-18 08:00:00,42918.3,42932.3,42723.2,42749.5,5434.521
2024-01-18 07:00:00,42809.0,42930.1,42804.4,42918.3,6595.933
2024-01-18 06:00:00,42777.1,42883.2,42760.0,42808.9,6363.919
2024-01-18 05:00:00,42672.8,42798.8,42640.0,42777.0,4328.891
2024-01-18 04:00:00,42594.0,42698.5,42590.0,42672.8,2396.913
2024-01-18 03:00:00,42657.4,42682.0,42549.9,42594.0,2834.982
2024-01-18 02:00:00,42595.2,42731.0,42587.7,42657.3,3244.51
2024-01-18 01:00:00,42671.1,42723.8,42515.0,42595.2,4987.178
2024-01-18 00:00:00,42783.3,42797.0,42621.8,42671.1,4265.287
2024-01-17 23:00:00,42727.1,42794.3,42622.4,42783.4,5464.439
2024-01-17 22:00:00,42685.7,42740.4,42444.0,42727.0,5410.299
2024-01-17 21:00:00,42722.1,42825.5,42606.0,42685.7,5518.498
2024-01-17 20:00:00,42617.6,42869.3,42560.0,42722.0,12998.782
2024-01-17 19:00:00,42616.1,42757.6,42555.9,42617.5,7244.545
2024-01-17 18:00:00,42375.5,42622.0,42272.5,42616.0,9442.58
2024-01-17 17:00:00,42358.5,42472.3,42200.0,42375.4,9867.665
2024-01-17 16:00:00,42478.2,42565.4,42263.1,42358.5,14317.307
2024-01-17 15:00:00,42576.1,42774.2,42457.5,42478.3,17076.067
2024-01-17 14:00:00,42610.4,42934.9,42360.0,42576.2,28182.67
2024-01-17 13:00:00,42785.2,42786.6,42500.0,42610.4,8473.725
2024-01-17 12:00:00,42681.0,42795.0,42355.5,42785.2,15118.043
2024-01-17 11:00:00,42854.0,42854.0,42670.0,42681.0,5188.435
2024-01-17 10:00:00,42676.9,42855.8,42614.4,42854.0,6951.373
2024-01-17 09:00:00,42725.5,42830.0,42666.4,42677.0,5570.268
2024-01-17 08:00:00,42654.0,42750.0,42555.8,42725.6,7421.221
2024-01-17 07:00:00,42801.5,42849.1,42616.0,42654.0,10124.856
2024-01-17 06:00:00,42778.6,42875.3,42760.0,42801.5,3740.64
2024-01-17 05:00:00,42848.2,42933.0,42754.5,42778.5,4240.183
2024-01-17 04:00:00,42842.0,42920.1,42770.9,42848.3,6443.281
2024-01-17 03:00:00,42995.2,43029.8,42838.8,42842.1,4813.284
2024-01-17 02:00:00,42965.4,43062.6,42910.5,42995.1,4909.457
2024-01-17 01:00:00,43089.5,43198.0,42953.0,42965.4,6154.108
2024-01-17 00:00:00,43133.0,43174.0,43044.3,43089.4,4724.355
2024-01-16 23:00:00,43208.6,43285.0,43105.2,43133.0,6063.547
2024-01-16 22:00:00,43427.4,43499.2,43200.0,43208.6,6772.759
2024-01-16 21:00:00,43195.9,43589.0,43181.6,43427.5,14845.85
2024-01-16 20:00:00,43164.8,43376.2,43061.7,43195.9,13191.003
2024-01-16 19:00:00,43008.8,43182.3,42940.8,43164.8,6539.237
2024-01-16 18:00:00,43051.4,43159.9,42825.5,43008.8,10532.47
2024-01-16 17:00:00,43249.8,43249.8,43027.6,43051.4,8896.75
2024-01-16 16:00:00,43251.0,43450.0,43003.2,43249.8,24381.082
2024-01-16 15:00:00,42700.1,43333.0,42545.6,43251.7,42560.654
2024-01-16 14:00:00,42805.6,42954.9,42050.0,42700.1,55063.011
2024-01-16 13:00:00,43160.1,43181.7,42705.6,42805.7,13452.139
2024-01-16 12:00:00,42894.6,43170.0,42854.7,43160.1,10657.016
2024-01-16 11:00:00,42870.0,42944.0,42753.6,42894.9,5799.531
2024-01-16 10:00:00,42937.1,42969.1,42850.1,42870.0,4996.402
2024-01-16 09:00:00,43021.5,43164.9,42899.6,42937.0,12361.569
2024-01-16 08:00:00,42788.5,43029.7,42718.8,43021.5,8975.581
2024-01-16 07:00:00,42744.5,42788.1,42600.5,42788.1,4965.136
2024-01-16 06:00:00,42765.4,42779.1,42648.3,42744.4,5399.943
2024-01-16 05:00:00,42805.2,42932.5,42759.0,42765.3,4148.775
2024-01-16 04:00:00,42919.3,42945.0,42759.9,42805.2,5516.792
2024-01-16 03:00:00,42702.1,42942.0,42695.7,42919.5,7032.131
2024-01-16 02:00:00,42591.7,42732.8,42552.0,42702.1,5519.024
2024-01-16 01:00:00,42604.6,42733.7,42556.6,42591.7,4728.842
2024-01-16 00:00:00,42515.0,42679.0,42466.1,42604.7,4807.989
2024-01-15 23:00:00,42634.4,42647.9,42477.0,42515.0,7182.906
2024-01-15 22:00:00,42717.7,42831.4,42341.3,42634.5,14768.874
2024-01-15 21:00:00,42961.3,42965.0,42706.4,42717.7,5726.152
2024-01-15 20:00:00,42989.6,43114.7,42849.0,42961.3,6513.139
2024-01-15 19:00:00,43015.6,43137.1,42820.1,42989.6,11708.172
2024-01-15 18:00:00,42704.4,43376.0,42704.3,43015.5,35715.359
2024-01-15 17:00:00,42525.0,42786.7,42522.1,42704.4,9974.454
2024-01-15 16:00:00,42278.7,42560.6,42249.1,42525.0,7915.149
2024-01-15 15:00:00,42204.2,42482.1,42156.0,42278.7,13534.282
2024-01-15 14:00:00,42856.9,42874.3,42166.8,42204.1,27389.697
2024-01-15 13:00:00,42670.1,42969.0,42621.3,42856.8,10840.377
2024-01-15 12:00:00,42700.0,42723.9,42573.6,42670.2,5399.113
2024-01-15 11:00:00,42568.1,42710.0,42541.5,42699.9,5308.192
2024-01-15 10:00:00,42759.9,42771.9,42535.8,42568.1,5567.973
2024-01-15 09:00:00,42683.5,42771.3,42595.5,42759.8,4993.596
2024-01-15 08:00:00,42713.1,42784.3,42643.2,42683.5,5327.416
2024-01-15 07:00:00,42653.0,42780.0,42520.6,42713.1,6740.168
2024-01-15 06:00:00,42746.3,42799.2,42610.0,42653.1,4857.33
2024-01-15 05:00:00,42598.1,42829.8,42569.8,42746.3,8946.633
2024-01-15 04:00:00,42572.8,42637.7,42501.6,42598.0,5251.242
2024-01-15 03:00:00,42408.5,42650.0,42389.0,42571.8,9017.405
2024-01-15 02:00:00,42280.9,42424.1,42202.4,42408.5,4671.291
2024-01-15 01:00:00,42287.1,42411.7,42178.6,42280.9,6897.811
2024-01-15 00:00:00,41734.9,42371.5,41720.0,42287.2,15812.41
2024-01-14 23:00:00,42279.9,42328.0,41713.5,41734.9,26705.19
2024-01-14 22:00:00,42558.0,42665.7,42069.7,42279.9,13325.956
2024-01-14 21:00:00,42514.7,42605.2,41960.0,42558.0,21095.454
2024-01-14 20:00:00,42665.8,42755.0,42000.0,42514.7,21985.038
2024-01-14 19:00:00,42900.5,42935.7,42633.2,42665.8,8856.555
2024-01-14 18:00:00,42979.8,43017.6,42829.6,42900.6,3867.533
2024-01-14 17:00:00,42933.1,43019.1,42880.2,42979.7,5847.364
2024-01-14 16:00:00,42908.4,42975.0,42860.0,42933.0,4516.209
2024-01-14 15:00:00,42822.8,42967.0,42810.0,42908.4,3829.701
2024-01-14 14:00:00,42894.3,43014.3,42789.0,42822.9,6168.544
2024-01-14 13:00:00,42760.3,42930.1,42737.9,42894.3,3532.491
2024-01-14 12:00:00,42836.7,42858.4,42710.3,42760.3,4906.068
2024-01-14 11:00:00,42895.0,42947.5,42759.2,42836.8,5849.344
2024-01-14 10:00:00,43065.8,43077.4,42866.9,42894.9,4196.187
2024-01-14 09:00:00,42999.1,43096.1,42824.2,43065.8,5004.5
2024-01-14 08:00:00,43012.8,43033.7,42891.4,42999.0,3431.527
2024-01-14 07:00:00,42996.6,43064.4,42888.0,43012.8,6650.492
2024-01-14 06:00:00,42757.5,43000.0,42755.1,42996.6,4623.09
2024-01-14 05:00:00,42588.1,42814.4,42584.7,42757.5,3801.683
2024-01-14 04:00:00,42691.1,42714.2,42553.0,42588.1,5118.999
2024-01-14 03:00:00,42782.9,42812.5,42651.0,42691.2,4111.186
2024-01-14 02:00:00,42771.8,42835.0,42662.0,42782.9,3541.307
2024-01-14 01:00:00,42691.2,42843.1,42680.0,42771.9,3428.661
2024-01-14 00:00:00,42846.4,42896.9,42666.6,42691.2,6703.889
2024-01-13 23:00:00,42993.9,42998.1,42799.1,42846.4,3989.298
2024-01-13 22:00:00,42969.4,43067.7,42886.9,42993.9,3884.076
2024-01-13 21:00:00,42870.5,42984.1,42820.8,42969.4,3388.362
2024-01-13 20:00:00,42791.1,42928.6,42703.2,42870.5,4762.714
2024-01-13 19:00:00,42808.0,42999.9,42784.2,42791.1,5442.188
2024-01-13 18:00:00,42899.1,42908.2,42711.5,42807.9,4994.847
2024-01-13 17:00:00,42899.2,42999.9,42761.4,42899.2,6183.677
2024-01-13 16:00:00,43159.9,43193.9,42754.7,42899.1,14587.244
2024-01-13 15:00:00,42865.2,43273.4,42861.5,43159.7,14255.697
2024-01-13 14:00:00,42744.2,42980.0,42650.0,42865.4,13078.254
2024-01-13 13:00:00,42697.3,42801.1,42610.2,42744.2,7545.146
2024-01-13 12:00:00,42631.8,42773.4,42509.8,42697.2,9836.669
2024-01-13 11:00:00,42710.4,42814.1,42513.0,42631.9,14715.457
2024-01-13 10:00:00,42927.4,42933.1,42631.1,42710.3,14101.744
2024-01-13 09:00:00,43170.9,43197.6,42830.6,42927.4,8981.976
2024-01-13 08:00:00,43102.1,43255.0,43064.0,43171.0,5098.421
2024-01-13 07:00:00,43159.7,43265.1,43064.0,43102.1,8099.15
2024-01-13 06:00:00,43111.0,43184.0,42955.5,43159.6,9448.538
2024-01-13 05:00:00,42851.8,43150.0,42780.3,43111.0,10094.36
2024-01-13 04:00:00,42625.6,42871.0,42565.9,42851.7,6200.369
2024-01-13 03:00:00,42544.5,42697.5,42445.7,42625.6,7048.188
2024-01-13 02:00:00,42688.2,42865.0,42537.3,42544.5,7746.306
2024-01-13 01:00:00,42803.1,42900.0,42523.0,42688.1,13812.223
2024-01-13 00:00:00,42789.0,42997.0,42764.6,42803.0,10442.422
2024-01-12 23:00:00,42517.9,42970.0,42487.9,42788.9,21667.373
2024-01-12 22:00:00,43466.0,43479.8,41370.0,42517.9,90482.844
2024-01-12 21:00:00,43686.7,43885.2,43208.1,43466.2,18946.37
2024-01-12 20:00:00,43497.4,44000.0,43443.7,43686.8,22616.676
2024-01-12 19:00:00,43510.0,43750.0,43309.4,43497.5,17602.49
2024-01-12 18:00:00,43834.1,43962.7,43350.1,43510.1,24415.846
2024-01-12 17:00:00,43661.2,43839.0,43314.7,43836.4,38973.915
2024-01-12 16:00:00,44495.1,44719.7,43221.1,43661.2,98074.156
2024-01-12 15:00:00,45462.8,45483.0,44360.8,44495.1,61493.173
2024-01-12 14:00:00,45788.4,45929.6,45255.7,45462.9,35055.269
2024-01-12 13:00:00,45879.7,45958.3,45585.0,45788.4,13316.32
2024-01-12 12:00:00,45958.0,46120.0,45660.0,45879.8,12397.924
2024-01-12 11:00:00,46067.6,46280.0,45950.5,45958.0,11068.82
2024-01-12 10:00:00,45938.1,46150.0,45850.2,46067.6,8161.418
2024-01-12 09:00:00,45862.2,46089.8,45527.5,45938.0,18297.741
2024-01-12 08:00:00,46002.6,46004.7,45630.0,45862.3,10394.923
2024-01-12 07:00:00,46107.0,46150.0,45714.2,46002.6,14036.437
2024-01-12 06:00:00,46200.9,46380.0,46101.3,46107.1,7707.002
2024-01-12 05:00:00,45960.4,46224.9,45902.1,46200.9,6086.14
2024-01-12 04:00:00,45997.3,46118.8,45842.2,45960.4,7328.714
2024-01-12 03:00:00,46152.1,46193.2,45921.2,45997.0,7699.265
2024-01-12 02:00:00,46144.8,46266.4,46000.0,46152.2,6234.264
2024-01-12 01:00:00,46299.0,46343.7,45900.9,46144.8,10054.734
2024-01-12 00:00:00,46337.9,46536.2,46000.0,46298.9,13831.444
2024-01-11 23:00:00,46408.7,46494.0,46301.3,46337.8,4820.172
2024-01-11 22:00:00,46156.4,46443.3,46080.6,46408.8,5649.513
2024-01-11 21:00:00,46233.8,46454.4,46115.2,46156.5,10513.464
2024-01-11 20:00:00,46698.4,46973.8,46111.2,46233.9,27925.558
2024-01-11 19:00:00,46617.6,46744.0,46280.0,46698.4,10845.36
2024-01-11 18:00:00,46517.4,46663.1,46269.0,46617.8,15543.007
2024-01-11 17:00:00,46038.0,46587.6,45600.0,46517.3,33766.265
2024-01-11 16:00:00,46813.4,47065.8,45774.0,46038.0,75877.219
2024-01-11 15:00:00,48577.1,48671.0,46488.1,46813.4,100280.384
2024-01-11 14:00:00,47329.5,49027.5,47209.8,48577.9,125690.22
2024-01-11 13:00:00,47451.0,47451.0,46771.0,47329.5,31394.529
2024-01-11 12:00:00,47068.5,47468.8,46939.2,47451.1,21209.496
2024-01-11 11:00:00,46870.4,47171.0,46704.8,47068.5,20362.064
2024-01-11 10:00:00,46212.8,46875.0,46201.1,46870.4,17275.787
2024-01-11 09:00:00,46272.0,46354.0,46204.1,46212.8,5633.717
2024-01-11 08:00:00,46096.1,46320.0,46051.6,46272.0,6985.174
2024-01-11 07:00:00,45899.9,46168.0,45874.1,46096.1,8171.041
2024-01-11 06:00:00,46074.0,46098.4,45610.1,45899.8,16239.138
2024-01-11 05:00:00,46405.0,46427.8,45890.1,46073.9,12280.675
2024-01-11 04:00:00,46502.3,46511.4,46296.4,46404.9,5472.494
2024-01-11 03:00:00,46567.4,46599.7,46146.5,46502.4,11793.367
2024-01-11 02:00:00,46506.7,46635.0,46494.4,46567.4,4211.69
2024-01-11 01:00:00,46676.1,46758.0,46467.5,46506.7,8533.071
2024-01-11 00:00:00,46663.0,46729.8,46308.0,46676.0,16224.974
2024-01-10 23:00:00,46907.5,47699.3,46368.0,46662.9,59392.839
2024-01-10 22:00:00,45961.8,46965.0,45755.0,46903.3,39897.201
2024-01-10 21:00:00,46125.8,46300.0,45118.0,45960.0,61170.333
2024-01-10 20:00:00,46498.8,46518.1,44720.0,46126.0,115912.735
2024-01-10 19:00:00,46544.2,46768.0,46050.2,46498.9,30963.865
2024-01-10 18:00:00,46410.0,46678.6,45900.0,46544.2,39071.651
2024-01-10 17:00:00,45317.8,46449.9,45236.9,46409.9,36135.853
2024-01-10 16:00:00,45569.4,45745.9,45189.4,45317.9,23894.068
2024-01-10 15:00:00,44890.2,45663.3,44803.5,45569.0,32775.559
2024-01-10 14:00:00,45120.3,45424.7,44823.6,44890.3,23641.631
2024-01-10 13:00:00,44679.2,45415.8,44291.5,45120.3,38080.832
2024-01-10 12:00:00,45530.1,45680.0,44334.2,44679.2,55229.595
2024-01-10 11:00:00,45538.8,45672.5,44800.0,45530.2,17088.209
2024-01-10 10:00:00,45664.8,45740.1,45535.0,45538.9,5947.103
2024-01-10 09:00:00,45328.3,45702.1,45310.2,45666.9,14883.659
2024-01-10 08:00:00,45766.3,45876.7,45300.0,45328.2,16135.794
2024-01-10 07:00:00,46014.0,46032.0,45728.9,45766.4,7753.532
2024-01-10 06:00:00,45988.4,46076.9,45883.0,46013.9,3835.661
2024-01-10 05:00:00,45970.4,46036.6,45903.0,45988.4,4137.107
2024-01-10 04:00:00,46133.5,46200.0,45950.0,45970.4,6028.925
2024-01-10 03:00:00,45989.9,46228.4,45939.4,46133.6,6154.987
2024-01-10 02:00:00,45944.5,46104.8,45898.9,45990.0,5315.192
2024-01-10 01:00:00,45863.9,45980.5,45629.6,45944.4,9737.224
2024-01-10 00:00:00,46113.9,46252.5,45787.8,45863.9,15473.919
2024-01-09 23:00:00,46250.6,46258.4,45929.5,46114.0,11779.519
2024-01-09 22:00:00,45450.1,46272.7,45300.0,46250.7,32073.429
2024-01-09 21:00:00,46636.1,48100.0,44417.2,45450.2,165990.803
2024-01-09 20:00:00,46873.5,46937.0,46585.4,46636.1,8565.049
2024-01-09 19:00:00,46643.5,46895.9,46570.7,46873.5,7880.575
2024-01-09 18:00:00,46718.7,46732.8,46500.0,46643.6,10505.851
2024-01-09 17:00:00,46901.2,46922.2,46623.0,46718.8,10947.187
2024-01-09 16:00:00,46868.9,46977.0,46718.5,46901.2,12929.33
2024-01-09 15:00:00,46559.9,47025.6,46432.0,46868.8,25460.844
2024-01-09 14:00:00,46835.3,47019.9,46482.5,46559.9,20992.311
2024-01-09 13:00:00,46175.9,47100.0,46064.1,46835.4,38496.136
2024-01-09 12:00:00,46624.4,47080.0,45400.0,46175.5,42335.599
2024-01-09 11:00:00,46449.9,46650.0,46435.0,46624.4,7248.879
2024-01-09 10:00:00,46497.8,46692.0,46390.0,46449.9,8358.842
2024-01-09 09:00:00,46552.3,46694.1,46372.0,46497.8,12445.943
2024-01-09 08:00:00,46841.0,46891.3,46500.7,46552.2,9510.893
2024-01-09 07:00:00,46794.5,46949.9,46740.8,46841.0,5498.956
2024-01-09 06:00:00,46721.3,46850.0,46672.3,46794.5,5901.718
2024-01-09 05:00:00,46806.4,46860.0,46600.2,46721.4,6670.731
2024-01-09 04:00:00,46932.7,46950.3,46675.0,46806.4,7494.629
2024-01-09 03:00:00,46787.5,46980.0,46758.0,46932.8,8829.534
2024-01-09 02:00:00,46575.0,46795.6,46496.0,46787.5,7840.157
2024-01-09 01:00:00,46682.3,46797.0,46304.1,46574.9,16340.354
2024-01-09 00:00:00,46972.6,47173.5,46253.7,46682.4,29265.504
2024-01-08 23:00:00,47011.3,47125.0,46850.0,46972.7,8238.15
2024-01-08 22:00:00,47087.2,47143.1,46822.3,47011.2,9104.134
2024-01-08 21:00:00,46796.1,47240.3,46666.1,47087.2,16919.695
2024-01-08 20:00:00,47007.1,47183.1,46718.6,46796.1,17479.581
2024-01-08 19:00:00,46969.9,47312.0,46598.1,47006.7,40152.489
2024-01-08 18:00:00,45643.5,47155.2,45643.4,46970.2,85931.829
2024-01-08 17:00:00,44939.3,45669.9,44894.1,45643.0,28676.511
2024-01-08 16:00:00,44969.7,45170.0,44783.8,44939.2,13675.485
2024-01-08 15:00:00,44787.4,45440.0,44657.0,44969.6,30079.842
2024-01-08 14:00:00,44915.9,45099.2,44730.0,44787.5,13929.972
2024-01-08 13:00:00,45102.9,45173.9,44790.5,44915.9,20638.504
2024-01-08 12:00:00,44637.2,45180.0,44350.0,45102.9,59817.925
2024-01-08 11:00:00,44081.6,44748.5,43938.4,44637.2,26246.323
2024-01-08 10:00:00,43716.3,44133.8,43680.0,44081.6,10100.904
2024-01-08 09:00:00,43857.0,43915.0,43629.7,43716.3,6930.467
2024-01-08 08:00:00,43969.9,44065.5,43839.2,43857.0,5273.613
2024-01-08 07:00:00,43900.0,44072.0,43775.0,43970.0,10500.519
2024-01-08 06:00:00,43630.5,44431.1,43571.4,43900.0,28968.93
2024-01-08 05:00:00,43584.8,43640.8,43464.1,43630.5,6260.64
2024-01-08 04:00:00,43502.0,43603.0,43417.8,43584.7,6957.056
2024-01-08 03:00:00,43354.8,43550.0,43211.0,43501.9,12456.105
2024-01-08 02:00:00,43699.3,43793.7,43158.1,43354.8,18462.773
2024-01-08 01:00:00,43621.9,43796.2,43600.0,43699.3,6965.421
2024-01-08 00:00:00,43916.9,43975.0,43612.0,43621.8,11321.115
2024-01-07 23:00:00,43851.3,44014.7,43557.5,43916.9,17764.452
2024-01-07 22:00:00,44218.7,44218.8,43750.9,43851.3,11719.511
2024-01-07 21:00:00,44108.2,44238.0,44095.6,44218.8,3382.184
2024-01-07 20:00:00,44238.8,44262.9,44100.0,44108.2,3295.638
2024-01-07 19:00:00,44088.1,44262.3,44025.2,44238.8,4887.93
2024-01-07 18:00:00,44056.3,44171.7,44023.1,44088.0,4027.419
2024-01-07 17:00:00,43910.8,44097.9,43686.9,44056.3,11553.65
2024-01-07 16:00:00,44034.9,44180.5,43828.6,43910.7,11693.369
2024-01-07 15:00:00,44405.0,44431.2,43922.7,44035.0,15675.217
2024-01-07 14:00:00,44406.3,44486.9,44268.1,44405.0,10590.45
2024-01-07 13:00:00,44080.9,44461.8,44066.5,44406.2,17832.044
2024-01-07 12:00:00,44054.0,44138.0,43956.0,44080.9,4923.042
2024-01-07 11:00:00,43951.3,44120.0,43947.0,44054.0,5522.521
2024-01-07 10:00:00,43923.0,43991.2,43896.2,43951.4,3541.646
2024-01-07 09:00:00,44010.0,44059.7,43862.8,43923.0,6288.243
2024-01-07 08:00:00,44071.6,44161.5,43988.4,44009.9,5710.541
2024-01-07 07:00:00,44015.3,44099.6,43980.0,44071.5,3481.063
2024-01-07 06:00:00,43880.5,44087.3,43842.5,44015.4,5773.35
2024-01-07 05:00:00,43994.8,44068.2,43830.0,43880.4,4029.233
2024-01-07 04:00:00,43937.1,44032.0,43872.8,43994.8,3515.009
2024-01-07 03:00:00,43927.7,44029.6,43900.8,43937.2,3290.23
2024-01-07 02:00:00,43961.5,44088.0,43824.2,43927.6,6671.698
2024-01-07 01:00:00,44119.1,44159.1,43952.8,43961.6,5147.04
2024-01-07 00:00:00,43956.6,44267.9,43906.9,44119.0,10395.234
2024-01-06 23:00:00,43865.7,43980.0,43723.0,43956.7,5112.137
2024-01-06 22:00:00,43881.3,43920.0,43730.6,43865.8,3304.253
2024-01-06 21:00:00,43816.3,43930.4,43712.1,43881.3,4542.916
2024-01-06 20:00:00,43903.6,43960.7,43645.0,43816.4,7347.837
2024-01-06 19:00:00,43992.7,44015.1,43826.1,43903.6,4926.559
2024-01-06 18:00:00,43962.0,44149.9,43878.8,43992.7,8441.003
2024-01-06 17:00:00,43865.4,44010.7,43835.0,43962.1,5063.45
2024-01-06 16:00:00,43863.6,43973.1,43817.4,43865.4,4984.527
2024-01-06 15:00:00,43824.5,43898.0,43778.9,43863.6,4230.221
2024-01-06 14:00:00,43701.1,43925.0,43700.1,43824.4,8609.057
2024-01-06 13:00:00,43607.3,43744.3,43541.0,43701.2,4608.887
2024-01-06 12:00:00,43669.2,43748.0,43527.2,43607.4,4232.75
2024-01-06 11:00:00,43694.6,43707.7,43611.2,43669.2,3516.154
2024-01-06 10:00:00,43653.7,43777.5,43579.1,43694.6,5270.934
2024-01-06 09:00:00,43696.1,43765.0,43630.1,43653.6,4241.808
2024-01-06 08:00:00,43645.4,43749.7,43550.0,43696.1,5542.7
2024-01-06 07:00:00,43455.4,43667.7,43391.3,43645.3,8797.309
2024-01-06 06:00:00,43695.8,43699.4,43422.4,43455.4,11047.081
2024-01-06 05:00:00,43851.2,43870.6,43577.6,43695.9,9426.428
2024-01-06 04:00:00,43925.8,43972.0,43831.0,43851.1,2952.747
2024-01-06 03:00:00,43900.1,44016.8,43809.5,43925.8,4936.348
2024-01-06 02:00:00,43961.5,44009.9,43822.0,43900.1,5631.5
2024-01-06 01:00:00,44066.0,44095.5,43899.3,43961.5,5626.504
2024-01-06 00:00:00,44145.3,44214.6,43966.0,44066.0,6149.687
2024-01-05 23:00:00,43964.3,44336.7,43964.2,44145.4,14934.963
2024-01-05 22:00:00,43936.3,44040.2,43760.0,43964.2,5888.15
2024-01-05 21:00:00,43951.7,43969.7,43559.0,43936.2,12684.375
2024-01-05 20:00:00,43599.0,44500.0,43591.1,43951.6,25270.009
2024-01-05 19:00:00,43604.4,43825.2,43512.5,43599.0,9227.577
2024-01-05 18:00:00,43603.6,43699.0,43406.4,43604.4,7686.253
2024-01-05 17:00:00,43220.7,43619.9,43090.0,43603.5,18536.164
2024-01-05 16:00:00,43495.1,43593.4,43202.0,43220.8,15126.816
2024-01-05 15:00:00,43483.4,43800.0,43341.0,43495.2,20019.537
2024-01-05 14:00:00,43978.6,44060.9,43000.0,43489.6,31678.387
2024-01-05 13:00:00,43877.7,44089.4,43701.6,43978.6,16663.022
2024-01-05 12:00:00,43769.9,44119.1,43620.2,43877.7,14004.981
2024-01-05 11:00:00,43628.3,43912.9,43596.0,43769.9,11131.977
2024-01-05 10:00:00,44147.8,44160.0,43459.0,43628.2,15345.601
2024-01-05 09:00:00,43911.6,44332.4,43911.6,44147.8,21152.247
2024-01-05 08:00:00,43769.6,43947.1,43758.5,43911.6,6303.286
2024-01-05 07:00:00,43847.8,43927.8,43713.8,43769.6,7056.237
2024-01-05 06:00:00,43643.1,43951.7,43573.3,43847.9,9811.778
2024-01-05 05:00:00,43589.3,43726.4,43510.8,43644.2,6975.411
2024-01-05 04:00:00,43469.5,43632.0,43193.5,43589.3,12977.039
2024-01-05 03:00:00,43506.5,43778.7,43413.0,43469.1,8943.088
2024-01-05 02:00:00,43373.5,43949.8,43300.8,43506.4,24585.278
2024-01-05 01:00:00,44207.4,44284.0,42300.0,43374.5,48919.101
2024-01-05 00:00:00,44143.8,44246.7,43961.0,44207.5,10046.514
2024-01-04 23:00:00,44311.8,44352.9,44043.4,44143.8,7711.704
2024-01-04 22:00:00,44434.1,44754.6,44130.0,44311.7,16324.945
2024-01-04 21:00:00,44116.6,44633.0,44116.6,44434.1,17418.736
2024-01-04 20:00:00,43950.0,44840.8,43887.2,44116.7,27243.794
2024-01-04 19:00:00,44048.2,44437.5,43904.3,43950.0,21276.829
2024-01-04 18:00:00,43983.0,44158.0,43870.0,44048.2,7912.437
2024-01-04 17:00:00,43913.2,44227.6,43822.0,43983.0,17877.904
2024-01-04 16:00:00,44050.4,44135.0,43773.4,43913.1,20219.377
2024-01-04 15:00:00,43674.0,44343.1,43609.5,44050.4,42298.085
2024-01-04 14:00:00,43344.3,43785.9,43253.3,43674.0,21012.855
2024-01-04 13:00:00,43386.2,43493.2,43166.6,43344.2,10599.733
2024-01-04 12:00:00,43188.2,43450.0,43107.4,43386.2,15621.032
2024-01-04 11:00:00,43089.6,43255.0,42942.9,43188.2,10081.485
2024-01-04 10:00:00,43020.7,43123.2,42645.1,43089.5,13891.397
2024-01-04 09:00:00,42858.7,43102.8,42858.6,43020.6,7880.922
2024-01-04 08:00:00,42775.1,42978.3,42732.2,42858.7,9499.444
2024-01-04 07:00:00,43163.8,43268.0,42765.0,42775.0,18904.068
2024-01-04 06:00:00,43191.3,43238.9,43088.0,43163.7,4665.851
2024-01-04 05:00:00,43161.1,43290.0,43081.6,43191.3,5112.512
2024-01-04 04:00:00,43119.6,43216.2,42966.9,43161.1,5415.558
2024-01-04 03:00:00,43151.1,43229.0,43013.3,43119.6,6648.483
2024-01-04 02:00:00,42716.6,43236.0,42700.0,43151.0,10196.776
2024-01-04 01:00:00,42883.4,42949.3,42625.0,42716.6,7899.91
2024-01-04 00:00:00,42849.5,42997.1,42756.5,42883.4,8209.261
2024-01-03 23:00:00,42753.6,42857.9,42588.1,42849.5,5449.162
2024-01-03 22:00:00,42927.1,42949.2,42600.0,42753.6,7142.262
2024-01-03 21:00:00,42724.6,42974.5,42585.3,42927.1,11066.029
2024-01-03 20:00:00,42600.4,42850.4,42517.6,42724.5,8773.483
2024-01-03 19:00:00,42267.6,43040.0,42163.9,42600.4,25853.536
2024-01-03 18:00:00,42914.5,43064.9,41920.0,42267.6,26553.799
2024-01-03 17:00:00,43009.1,43049.8,42595.0,42914.5,19937.512
2024-01-03 16:00:00,43014.0,43595.9,42800.0,43009.2,49301.886
2024-01-03 15:00:00,42204.1,43049.9,42194.2,43014.0,33681.973
2024-01-03 14:00:00,42545.7,42546.4,42062.7,42204.1,27239.337
2024-01-03 13:00:00,42795.8,42827.1,42310.4,42545.7,33891.828
2024-01-03 12:00:00,43728.9,43738.8,40333.0,42795.8,174460.87
2024-01-03 11:00:00,45175.7,45205.3,43500.0,43728.9,83422.364
2024-01-03 10:00:00,45378.6,45420.9,45061.0,45175.7,11079.822
2024-01-03 09:00:00,45224.1,45582.3,45207.5,45378.7,14623.762
2024-01-03 08:00:00,45030.5,45240.0,45023.7,45224.1,9080.312
2024-01-03 07:00:00,45362.8,45423.0,44960.0,45030.4,12284.417
2024-01-03 06:00:00,45200.0,45405.3,45185.0,45362.7,5647.505
2024-01-03 05:00:00,45218.8,45330.0,45150.0,45200.0,4979.685
2024-01-03 04:00:00,45297.8,45309.7,45144.0,45218.8,4135.829
2024-01-03 03:00:00,45312.6,45346.8,45188.0,45297.8,3817.468
2024-01-03 02:00:00,45347.8,45463.5,45251.7,45312.7,7116.849
2024-01-03 01:00:00,45168.0,45379.2,45134.2,45347.8,6424.363
2024-01-03 00:00:00,44979.7,45250.7,44895.8,45168.1,9891.172
2024-01-02 23:00:00,45006.7,45083.1,44818.1,44979.8,7349.018
2024-01-02 22:00:00,45154.9,45338.9,44871.0,45006.7,11592.184
2024-01-02 21:00:00,44825.1,45155.0,44598.0,45155.0,16920.986
2024-01-02 20:00:00,45073.3,45223.1,44762.4,44825.2,15030.281
2024-01-02 19:00:00,45188.9,45286.9,44783.3,45073.2,15774.741
2024-01-02 18:00:00,45001.3,45308.4,44969.6,45189.0,10881.297
2024-01-02 17:00:00,45393.4,45423.5,44979.9,45001.2,12326.341
2024-01-02 16:00:00,45215.0,45449.2,44918.0,45393.4,20683.503
2024-01-02 15:00:00,45293.5,45359.9,44868.1,45215.0,32589.488
2024-01-02 14:00:00,45686.2,45850.0,45026.0,45293.6,35837.352
2024-01-02 13:00:00,45355.1,45760.0,45316.4,45686.3,14990.782
2024-01-02 12:00:00,45486.8,45655.0,45323.2,45355.1,15529.751
2024-01-02 11:00:00,45655.7,45767.6,45258.0,45486.8,17990.732
2024-01-02 10:00:00,45730.0,45772.8,45478.0,45655.7,13818.668
2024-01-02 09:00:00,45816.8,45950.0,45667.7,45730.5,14217.371
2024-01-02 08:00:00,45495.6,45905.9,45365.0,45816.8,27098.848
2024-01-02 07:00:00,45202.9,45832.8,45202.5,45495.5,21647.544
2024-01-02 06:00:00,45218.2,45346.2,45163.9,45202.9,5712.13
2024-01-02 05:00:00,45211.5,45366.0,45153.0,45218.2,7931.571
2024-01-02 04:00:00,45434.9,45484.4,45193.1,45211.7,11326.594
2024-01-02 03:00:00,45420.0,45565.0,45167.3,45435.0,18878.543
2024-01-02 02:00:00,44926.5,45428.0,44926.5,45420.0,18557.82
2024-01-02 01:00:00,45179.7,45485.7,44750.0,44926.3,33741.976
2024-01-02 00:00:00,44230.3,45376.0,44200.9,45179.8,59371.002
2024-01-01 23:00:00,43584.0,44266.0,43583.9,44230.2,25589.427
2024-01-01 22:00:00,43679.7,43723.8,43426.0,43583.9,6632.907
2024-01-01 21:00:00,43753.2,43853.0,43531.8,43679.8,10536.944
2024-01-01 20:00:00,43556.2,43915.5,43548.5,43753.3,23648.197
2024-01-01 19:00:00,43148.0,43593.2,43133.3,43556.2,17037.283
2024-01-01 18:00:00,42847.0,43268.0,42847.0,43148.0,18895.526
2024-01-01 17:00:00,42759.7,42860.8,42734.8,42847.0,3411.019
2024-01-01 16:00:00,42818.0,42898.9,42693.1,42759.7,7126.615
2024-01-01 15:00:00,42645.5,42887.5,42617.6,42818.0,8176.63
2024-01-01 14:00:00,42753.8,42755.8,42614.5,42645.6,5333.959
2024-01-01 13:00:00,42682.0,42787.5,42647.9,42753.9,3269.775
2024-01-01 12:00:00,42727.7,42825.2,42651.1,42682.0,6380.463
2024-01-01 11:00:00,42727.7,42800.0,42638.0,42727.6,5965.038
2024-01-01 10:00:00,42688.8,42795.0,42661.1,42727.7,5806.743
2024-01-01 09:00:00,42588.2,42734.2,42570.0,42688.8,5779.875
2024-01-01 08:00:00,42527.1,42597.3,42489.4,42588.2,3673.746
2024-01-01 07:00:00,42423.4,42536.0,42421.7,42527.0,4455.05
2024-01-01 06:00:00,42272.6,42461.3,42239.1,42423.3,3933.019
2024-01-01 05:00:00,42436.6,42440.0,42207.9,42272.6,4139.557
2024-01-01 04:00:00,42369.8,42439.8,42235.2,42436.6,6356.536
2024-01-01 03:00:00,42620.5,42630.0,42270.0,42369.8,8119.88
2024-01-01 02:00:00,42647.9,42676.9,42530.0,42620.4,4653.067
2024-01-01 01:00:00,42503.5,42832.0,42462.0,42647.9,9043.411
2024-01-01 00:00:00,42314.0,42603.2,42289.6,42503.5,8459.477
2023-12-31 23:00:00,42294.8,42380.1,42083.1,42314.0,11676.465
2023-12-31 22:00:00,42559.0,42629.5,42111.9,42294.8,11952.346
2023-12-31 21:00:00,42599.2,42717.0,42558.2,42558.9,3794.01
2023-12-31 20:00:00,42659.9,42724.5,42543.3,42599.1,4730.936
2023-12-31 19:00:00,42701.7,42741.9,42624.7,42659.9,3944.096
2023-12-31 18:00:00,42651.9,42766.7,42570.1,42701.6,4650.176
2023-12-31 17:00:00,42630.0,42700.0,42508.5,42651.9,5718.125
2023-12-31 16:00:00,42489.6,42741.6,42465.4,42630.0,7183.687
2023-12-31 15:00:00,42565.0,42628.0,42383.8,42489.6,7125.744
2023-12-31 14:00:00,42495.1,42580.0,42439.2,42565.0,4229.019
2023-12-31 13:00:00,42467.0,42578.6,42413.7,42495.0,6351.035
2023-12-31 12:00:00,42561.8,42694.0,42381.0,42467.0,12171.491
2023-12-31 11:00:00,42694.8,42725.4,42537.8,42561.8,5976.913
2023-12-31 10:00:00,42782.6,42820.0,42652.8,42694.9,6199.459
2023-12-31 09:00:00,42514.9,42951.0,42484.4,42782.7,18787.244
2023-12-31 08:00:00,42567.0,42612.6,42400.2,42515.0,6680.73
2023-12-31 07:00:00,42289.2,42729.2,42285.0,42567.0,17210.127
2023-12-31 06:00:00,42235.3,42322.1,42225.5,42289.2,2371.544
2023-12-31 05:00:00,42265.6,42356.1,42232.1,42235.2,3403.723
2023-12-31 04:00:00,42209.4,42368.0,42189.9,42265.5,4702.005
2023-12-31 03:00:00,42119.6,42226.7,42063.1,42209.4,3897.157
2023-12-31 02:00:00,42212.0,42278.3,42001.0,42119.6,8615.563
2023-12-31 01:00:00,42395.1,42472.4,42187.9,42212.0,5407.971
2023-12-31 00:00:00,42174.3,42478.9,42169.0,42395.1,6728.723
2023-12-30 23:00:00,42167.3,42335.2,42131.3,42174.2,4626.446
2023-12-30 22:00:00,42335.9,42346.1,42106.5,42167.2,4383.08
2023-12-30 21:00:00,42314.0,42361.8,42253.9,42335.9,3792.124
2023-12-30 20:00:00,42395.0,42431.9,42222.2,42314.0,6508.185
2023-12-30 19:00:00,42446.8,42494.4,42375.0,42395.0,3649.238
2023-12-30 18:00:00,42522.1,42550.9,42365.0,42446.7,6174.244
2023-12-30 17:00:00,42440.0,42654.6,42278.7,42522.0,15059.801
2023-12-30 16:00:00,42410.4,42643.8,42410.3,42440.1,16131.933
2023-12-30 15:00:00,42274.7,42473.4,42215.3,42410.3,13451.945
2023-12-30 14:00:00,42068.2,42300.0,42068.1,42274.7,14799.824
2023-12-30 13:00:00,42023.4,42099.0,41917.4,42068.1,6109.787
2023-12-30 12:00:00,41933.6,42143.0,41915.1,42023.3,8385.189
2023-12-30 11:00:00,41839.2,42007.6,41839.2,41933.6,7418.238
2023-12-30 10:00:00,41725.1,41850.0,41708.2,41839.1,6429.086
2023-12-30 09:00:00,41613.4,41765.0,41550.0,41725.1,12987.874
2023-12-30 08:00:00,41987.1,42032.7,41570.0,41613.4,13891.926
2023-12-30 07:00:00,42091.5,42168.9,41960.0,41987.1,5106.274
2023-12-30 06:00:00,42148.2,42205.2,42069.1,42091.6,3936.584
2023-12-30 05:00:00,42026.1,42171.5,42012.3,42148.2,4149.749
2023-12-30 04:00:00,42014.7,42105.9,42006.9,42026.1,3370.87
2023-12-30 03:00:00,41940.0,42055.0,41854.4,42014.7,5384.719
2023-12-30 02:00:00,42200.0,42226.3,41871.6,41940.0,7374.378
2023-12-30 01:00:00,42131.4,42241.4,42115.2,42200.1,3824.519
2023-12-30 00:00:00,42095.1,42250.0,42038.9,42131.4,6944.657
2023-12-29 23:00:00,41794.8,42135.0,41788.1,42095.1,8795.082
2023-12-29 22:00:00,41974.1,41981.3,41283.2,41794.8,24787.839
2023-12-29 21:00:00,42073.1,42288.3,41895.7,41974.0,13716.534
2023-12-29 20:00:00,42152.9,42163.3,41968.5,42073.2,6575.487
2023-12-29 19:00:00,42090.9,42196.9,41977.5,42152.8,7316.643
2023-12-29 18:00:00,41846.2,42152.9,41800.6,42090.9,12172.13
2023-12-29 17:00:00,42002.2,42086.9,41680.0,41846.3,29774.089
2023-12-29 16:00:00,42301.6,42389.0,41850.0,42002.9,38443.267
2023-12-29 15:00:00,43066.1,43082.6,42160.0,42301.6,35338.375
2023-12-29 14:00:00,42865.0,43171.9,42800.0,43065.6,14731.325
2023-12-29 13:00:00,42865.8,42926.1,42743.0,42865.0,9438.783
2023-12-29 12:00:00,42908.8,42979.2,42789.1,42865.8,8694.228
2023-12-29 11:00:00,42726.2,42996.3,42715.0,42908.9,12612.116
2023-12-29 10:00:00,42702.9,42861.0,42668.3,42726.3,9264.677
2023-12-29 09:00:00,42518.1,42737.9,42463.1,42703.0,8749.462
2023-12-29 08:00:00,42314.5,42564.8,42306.8,42518.2,9884.793
2023-12-29 07:00:00,42569.9,42602.1,42253.2,42314.5,14921.091
2023-12-29 06:00:00,42724.5,42737.8,42537.9,42569.9,5837.567
2023-12-29 05:00:00,42706.7,42754.7,42547.8,42724.5,6160.586
2023-12-29 04:00:00,42738.2,42812.9,42637.4,42706.7,5152.717
2023-12-29 03:00:00,42620.9,42839.1,42500.0,42738.1,11110.891
2023-12-29 02:00:00,42374.8,42665.7,42300.0,42620.9,9157.239
2023-12-29 01:00:00,42449.4,42585.0,42123.1,42374.8,24919.87
2023-12-29 00:00:00,42600.1,42729.2,42413.3,42449.4,9867.074
2023-12-28 23:00:00,42674.0,42788.7,42571.4,42600.1,8396.5
2023-12-28 22:00:00,42494.5,42674.0,42415.7,42674.0,4647.954
2023-12-28 21:00:00,42554.3,42665.0,42369.7,42494.4,6497.915
2023-12-28 20:00:00,42656.0,42664.3,42407.0,42554.3,8588.766
2023-12-28 19:00:00,42526.1,42783.0,42505.3,42655.9,7948.794
2023-12-28 18:00:00,42590.3,42699.9,42423.6,42526.0,8302.136
2023-12-28 17:00:00,42506.9,42684.9,42504.1,42590.4,7577.297
2023-12-28 16:00:00,42485.9,42619.9,42320.5,42506.9,17543.806
2023-12-28 15:00:00,42708.9,42750.0,42439.6,42485.8,18018.691
2023-12-28 14:00:00,42837.2,42868.2,42500.0,42709.0,24826.549
2023-12-28 13:00:00,42827.4,42980.0,42614.0,42837.3,18273.591
2023-12-28 12:00:00,43112.0,43181.1,42772.0,42827.4,13265.385
2023-12-28 11:00:00,43142.2,43187.5,43056.3,43112.1,4640.728
2023-12-28 10:00:00,43085.0,43233.0,43048.2,43142.2,5764.688
2023-12-28 09:00:00,42968.8,43140.9,42900.0,43085.0,9107.794
2023-12-28 08:00:00,43087.3,43117.7,42955.2,42968.7,6503.228
2023-12-28 07:00:00,43071.2,43101.7,42821.0,43087.2,15137.383
2023-12-28 06:00:00,43259.4,43259.4,43010.0,43071.3,9946.198
2023-12-28 05:00:00,43349.9,43406.3,43130.1,43259.4,13117.971
2023-12-28 04:00:00,43444.8,43669.4,43344.1,43349.8,8770.14
2023-12-28 03:00:00,43390.7,43455.0,43350.0,43444.8,3941.974
2023-12-28 02:00:00,43461.4,43500.7,43333.1,43390.8,7900.764
2023-12-28 01:00:00,43600.0,43760.2,43450.0,43461.4,9744.789
2023-12-28 00:00:00,43453.8,43850.0,43409.3,43600.0,19052.141
2023-12-27 23:00:00,43355.0,43500.0,43354.9,43453.8,6490.839
2023-12-27 22:00:00,43388.1,43700.0,43309.8,43355.0,13397.614
2023-12-27 21:00:00,43475.0,43511.7,43271.2,43388.1,8367.321
2023-12-27 20:00:00,43183.8,43594.8,43146.2,43475.0,18720.621
2023-12-27 19:00:00,43217.5,43242.6,43032.7,43183.9,7045.961
2023-12-27 18:00:00,43052.2,43264.0,42960.3,43217.6,7660.578
2023-12-27 17:00:00,43119.9,43187.0,42890.3,43052.2,9785.815
2023-12-27 16:00:00,43010.0,43236.9,42916.0,43120.0,13410.928
2023-12-27 15:00:00,42940.1,43122.0,42804.9,43009.6,15344.054
2023-12-27 14:00:00,42942.9,43191.1,42852.9,42940.0,18885.155
2023-12-27 13:00:00,42948.1,43025.4,42726.6,42942.8,13852.141
2023-12-27 12:00:00,43059.3,43095.6,42810.0,42948.1,10955.398
2023-12-27 11:00:00,43238.1,43277.1,42931.8,43059.3,15079.885
2023-12-27 10:00:00,42775.1,43265.3,42731.9,43238.1,28599.617
2023-12-27 09:00:00,42753.6,42789.3,42658.2,42775.1,5918.85
2023-12-27 08:00:00,42496.0,42795.4,42443.0,42753.6,12185.739
2023-12-27 07:00:00,42458.5,42538.0,42429.2,42495.9,3938.732
2023-12-27 06:00:00,42485.8,42595.5,42445.0,42458.6,6243.415
2023-12-27 05:00:00,42335.6,42497.8,42313.3,42485.7,5867.33
2023-12-27 04:00:00,42274.7,42383.4,42248.5,42335.6,3974.373
2023-12-27 03:00:00,42264.4,42375.0,42145.7,42274.7,6210.691
2023-12-27 02:00:00,42493.1,42516.4,42223.5,42264.4,6897.913
2023-12-27 01:00:00,42395.7,42536.6,42323.1,42493.1,7161.887
2023-12-27 00:00:00,42538.6,42580.0,42383.0,42395.7,5356.681
2023-12-26 23:00:00,42494.9,42572.5,42435.3,42538.5,4469.965
2023-12-26 22:00:00,42361.4,42630.4,42344.2,42494.9,7656.398
2023-12-26 21:00:00,42168.7,42371.6,42150.7,42361.3,5407.731
2023-12-26 20:00:00,42149.2,42273.8,42086.9,42168.8,5257.859
2023-12-26 19:00:00,42196.9,42342.9,42114.3,42149.2,9808.8
2023-12-26 18:00:00,42049.1,42215.5,41863.3,42196.8,17130.795
2023-12-26 17:00:00,42367.4,42424.4,41597.0,42049.0,44373.51
2023-12-26 16:00:00,42423.1,42470.6,42158.0,42367.4,18620.315
2023-12-26 15:00:00,42633.2,42777.5,42253.7,42423.1,17499.921
2023-12-26 14:00:00,42757.2,42870.0,42566.2,42633.3,8348.48
2023-12-26 13:00:00,42800.0,42812.4,42645.8,42757.3,7346.232
2023-12-26 12:00:00,42720.0,42836.5,42660.0,42800.0,5648.349
2023-12-26 11:00:00,42694.3,42799.4,42606.9,42719.9,6393.121
2023-12-26 10:00:00,42449.0,42708.3,42393.5,42694.3,13843.658
2023-12-26 09:00:00,42736.6,42761.2,42109.0,42449.0,24925.527
2023-12-26 08:00:00,42798.7,42830.9,42687.4,42736.5,7341.545
2023-12-26 07:00:00,42710.7,42865.4,42653.9,42798.7,7570.827
2023-12-26 06:00:00,42793.0,42843.1,42552.3,42710.7,20319.946
2023-12-26 05:00:00,43480.9,43487.9,42650.0,42793.2,42717.368
2023-12-26 04:00:00,43488.0,43509.9,43397.2,43481.0,4069.063
2023-12-26 03:00:00,43457.6,43529.0,43400.0,43487.9,4045.992
2023-12-26 02:00:00,43549.2,43585.5,43450.8,43457.6,3581.04
2023-12-26 01:00:00,43491.1,43597.6,43463.8,43549.2,4194.637
2023-12-26 00:00:00,43611.9,43635.1,43425.8,43491.2,5012.599
2023-12-25 23:00:00,43716.7,43720.0,43602.0,43611.9,3825.946
2023-12-25 22:00:00,43551.1,43772.1,43512.4,43716.6,7912.397
2023-12-25 21:00:00,43446.9,43576.1,43360.0,43551.1,5182.362
2023-12-25 20:00:00,43515.7,43541.3,43354.3,43446.8,6645.998
2023-12-25 19:00:00,43494.0,43548.6,43383.2,43515.8,5318.101
2023-12-25 18:00:00,43601.1,43709.4,43407.2,43494.0,7820.208
2023-12-25 17:00:00,43546.6,43701.6,43523.1,43601.0,5945.22
2023-12-25 16:00:00,43661.0,43761.9,43450.4,43546.6,12580.598
2023-12-25 15:00:00,43723.2,43800.0,43650.6,43661.0,7883.303
2023-12-25 14:00:00,43714.0,43827.4,43600.0,43723.2,9587.028
2023-12-25 13:00:00,43700.0,43850.0,43565.1,43714.1,22845.44
2023-12-25 12:00:00,43200.4,43770.3,43118.3,43700.1,21444.398
2023-12-25 11:00:00,43204.7,43279.5,43104.4,43200.3,5503.393
2023-12-25 10:00:00,43182.9,43245.2,43120.0,43204.6,3670.725
2023-12-25 09:00:00,43144.3,43227.8,43083.2,43182.8,5182.448
2023-12-25 08:00:00,43233.3,43320.0,43132.2,43144.3,5646.395
2023-12-25 07:00:00,43269.4,43306.8,43203.4,43233.2,3481.601
2023-12-25 06:00:00,43267.3,43360.4,43236.7,43269.4,5465.149
2023-12-25 05:00:00,43133.7,43277.8,43126.5,43267.4,4265.224
2023-12-25 04:00:00,43182.6,43238.2,43121.8,43133.6,4315.791
2023-12-25 03:00:00,43086.2,43188.5,43036.3,43182.5,3806.305
2023-12-25 02:00:00,43072.9,43139.1,42887.5,43086.2,6502.538
2023-12-25 01:00:00,42946.9,43121.5,42934.9,43072.9,6014.065
2023-12-25 00:00:00,43008.4,43121.5,42755.4,42946.9,13365.641
2023-12-24 23:00:00,42994.3,43213.8,42902.9,43008.4,12669.746
2023-12-24 22:00:00,43516.8,43584.6,42550.0,42994.3,48513.609
2023-12-24 21:00:00,43522.0,43594.3,43478.0,43516.8,3761.872
2023-12-24 20:00:00,43645.4,43652.2,43456.0,43522.0,7508.506
2023-12-24 19:00:00,43692.0,43712.9,43583.2,43645.3,2356.909
2023-12-24 18:00:00,43658.4,43713.5,43600.2,43692.1,3228.366
2023-12-24 17:00:00,43690.3,43740.3,43634.2,43658.4,3022.074
2023-12-24 16:00:00,43707.1,43750.6,43568.3,43690.2,7670.544
2023-12-24 15:00:00,43762.0,43841.8,43693.6,43707.0,4752.911
2023-12-24 14:00:00,43790.9,43908.3,43724.0,43761.9,10510.021
2023-12-24 13:00:00,43677.6,43815.2,43651.0,43790.9,5308.067
2023-12-24 12:00:00,43666.6,43699.0,43582.9,43677.6,3223.382
2023-12-24 11:00:00,43615.3,43674.7,43573.1,43666.6,3432.644
2023-12-24 10:00:00,43723.4,43733.0,43421.0,43615.2,10055.839
2023-12-24 09:00:00,43659.9,43729.7,43605.6,43723.3,3386.894
2023-12-24 08:00:00,43678.7,43700.0,43605.8,43659.8,2479.426
2023-12-24 07:00:00,43589.0,43696.3,43549.2,43678.6,4070.519
2023-12-24 06:00:00,43528.0,43595.8,43467.0,43589.0,6385.213
2023-12-24 05:00:00,43828.3,43843.6,43454.1,43528.1,12196.329
2023-12-24 04:00:00,43867.8,43994.8,43788.7,43828.3,5638.313
2023-12-24 03:00:00,43890.9,43907.6,43833.3,43867.8,2240.535
2023-12-24 02:00:00,43810.0,43952.3,43805.9,43891.0,5038.158
2023-12-24 01:00:00,43749.4,43948.7,43744.8,43809.9,7889.57
2023-12-24 00:00:00,43725.2,43751.2,43625.1,43749.3,4627.804
2023-12-23 23:00:00,43767.5,43839.1,43723.6,43725.2,3485.181
2023-12-23 22:00:00,43802.0,43864.7,43757.8,43767.4,2596.44
2023-12-23 21:00:00,43737.5,43811.8,43688.5,43802.0,2552.511
2023-12-23 20:00:00,43729.2,43770.0,43656.8,43737.8,3159.72
2023-12-23 19:00:00,43816.3,43850.0,43720.0,43729.1,3257.022
2023-12-23 18:00:00,43778.3,43879.3,43726.6,43816.3,3898.294
2023-12-23 17:00:00,43817.9,43840.0,43752.0,43778.3,2693.241
2023-12-23 16:00:00,43782.0,43880.1,43732.5,43817.9,4521.644
2023-12-23 15:00:00,43818.1,43899.8,43745.7,43782.0,5740.893
2023-12-23 14:00:00,43740.9,43839.4,43692.9,43818.1,4473.184
2023-12-23 13:00:00,43737.4,43808.0,43667.0,43740.8,4935.223
2023-12-23 12:00:00,43583.0,43795.8,43575.7,43737.5,6685.984
2023-12-23 11:00:00,43607.9,43654.5,43513.4,43583.0,4338.642
2023-12-23 10:00:00,43655.9,43676.9,43591.4,43608.0,2496.81
2023-12-23 09:00:00,43646.1,43709.9,43544.8,43655.9,5751.919
2023-12-23 08:00:00,43582.1,43661.1,43576.7,43646.1,3317.713
2023-12-23 07:00:00,43653.2,43670.0,43570.8,43582.0,3122.132
2023-12-23 06:00:00,43632.1,43663.0,43560.8,43653.1,3572.571
2023-12-23 05:00:00,43531.1,43656.8,43505.0,43632.2,4903.565
2023-12-23 04:00:00,43543.2,43543.3,43304.2,43531.2,13419.469
2023-12-23 03:00:00,43512.7,43625.3,43466.0,43543.2,6625.007
2023-12-23 02:00:00,43656.9,43710.3,43464.8,43512.7,11316.015
2023-12-23 01:00:00,43843.1,43936.0,43652.0,43656.9,7450.544
2023-12-23 00:00:00,43999.2,44023.0,43826.4,43843.0,6478.475
2023-12-22 23:00:00,43826.8,44086.0,43807.0,43999.2,9778.554
2023-12-22 22:00:00,43733.0,43826.9,43690.2,43826.7,2225.141
2023-12-22 21:00:00,43672.4,43801.1,43672.4,43733.0,3128.9
2023-12-22 20:00:00,43666.5,43775.0,43650.0,43672.5,4106.316
2023-12-22 19:00:00,43983.4,43988.4,43630.4,43666.4,8939.351
2023-12-22 18:00:00,43712.9,44047.6,43681.5,43983.5,12555.005
2023-12-22 17:00:00,43587.1,43776.0,43574.9,43713.0,5832.529
2023-12-22 16:00:00,43699.9,43743.4,43503.4,43587.1,7777.688
2023-12-22 15:00:00,43665.6,43731.7,43574.9,43699.9,8161.914
2023-12-22 14:00:00,43734.3,43789.0,43430.4,43665.6,15881.552
2023-12-22 13:00:00,43596.8,43849.6,43563.7,43734.2,9237.905
2023-12-22 12:00:00,43783.2,43821.0,43525.4,43596.7,10021.099
2023-12-22 11:00:00,43734.5,43877.5,43655.9,43783.0,7064.082
2023-12-22 10:00:00,43782.3,43811.4,43684.2,43734.5,6098.376
2023-12-22 09:00:00,43638.4,43832.1,43480.5,43782.2,17119.562
2023-12-22 08:00:00,43614.0,43838.4,43597.3,43638.4,12606.59
2023-12-22 07:00:00,43906.5,43996.2,43566.1,43614.1,22061.394
2023-12-22 06:00:00,44172.5,44484.0,43837.8,43906.4,27747.247
2023-12-22 05:00:00,44141.2,44278.0,44116.1,44172.5,8052.262
2023-12-22 04:00:00,44044.4,44185.8,43957.5,44141.2,5478.949
2023-12-22 03:00:00,44007.7,44080.0,43921.6,44044.3,4985.853
2023-12-22 02:00:00,44159.1,44194.8,43945.7,44007.8,8635.679
2023-12-22 01:00:00,43866.8,44332.8,43866.8,44159.5,15145.955
2023-12-22 00:00:00,43896.4,43985.1,43750.2,43866.8,5700.03
2023-12-21 23:00:00,43980.6,43990.0,43820.7,43896.3,5398.315
2023-12-21 22:00:00,44037.9,44060.0,43920.5,43980.5,5699.941
2023-12-21 21:00:00,43834.1,44175.0,43751.3,44037.9,13495.638
2023-12-21 20:00:00,43623.0,43834.2,43583.6,43834.2,8867.03
2023-12-21 19:00:00,43619.0,43900.0,43437.0,43623.1,15406.962
2023-12-21 18:00:00,43481.5,43676.7,43481.4,43619.1,8709.362
2023-12-21 17:00:00,43713.2,43713.2,43390.0,43481.5,16253.084
2023-12-21 16:00:00,43857.7,43957.0,43565.0,43713.2,13381.632
2023-12-21 15:00:00,43547.5,43983.4,43386.2,43857.7,25111.052
2023-12-21 14:00:00,44179.0,44243.4,43463.0,43547.6,30452.299
2023-12-21 13:00:00,44081.7,44287.2,43968.5,44179.1,12636.22
2023-12-21 12:00:00,43969.8,44260.0,43968.8,44081.7,13689.016
2023-12-21 11:00:00,44040.1,44172.2,43910.0,43969.7,12420.649
2023-12-21 10:00:00,43795.0,44113.6,43784.5,44040.1,13789.764
2023-12-21 09:00:00,43709.9,43795.0,43610.0,43795.0,8669.837
2023-12-21 08:00:00,43794.9,43980.0,43685.0,43709.9,11382.226
2023-12-21 07:00:00,43848.8,43920.0,43750.4,43794.8,8176.833
2023-12-21 06:00:00,43541.4,43874.1,43510.8,43848.8,7544.427
2023-12-21 05:00:00,43667.6,43734.3,43480.0,43541.4,5451.389
2023-12-21 04:00:00,43678.6,43749.2,43627.0,43667.6,4733.063
2023-12-21 03:00:00,43420.1,43730.6,43403.9,43678.6,9006.143
2023-12-21 02:00:00,43493.1,43619.9,43317.2,43420.2,10598.611
2023-12-21 01:00:00,43622.3,43643.0,43387.0,43493.2,9418.029
2023-12-21 00:00:00,43708.9,43775.6,43551.5,43622.4,6630.633
2023-12-20 23:00:00,43640.6,43709.0,43494.0,43708.9,4932.558
2023-12-20 22:00:00,43499.8,43776.3,43460.4,43640.6,6616.674
2023-12-20 21:00:00,43481.6,43743.9,43371.6,43499.9,10781.338
2023-12-20 20:00:00,43760.1,43846.0,43260.1,43481.7,33948.381
2023-12-20 19:00:00,44176.0,44290.0,43760.0,43760.1,18369.301
2023-12-20 18:00:00,44033.5,44242.6,43960.1,44176.0,15296.093
2023-12-20 17:00:00,43725.8,44076.2,43616.6,44033.6,20484.372
2023-12-20 16:00:00,44078.9,44171.2,43511.8,43725.9,24336.575
2023-12-20 15:00:00,43894.9,44384.6,43850.0,44079.0,28406.209
2023-12-20 14:00:00,43816.8,44224.9,43637.2,43894.9,50462.207
2023-12-20 13:00:00,43008.9,43839.0,43004.5,43816.8,53716.722
2023-12-20 12:00:00,42891.2,43036.0,42780.1,43008.8,8697.701
2023-12-20 11:00:00,42895.9,43030.0,42768.8,42891.4,9076.837
2023-12-20 10:00:00,42815.6,42896.0,42693.6,42896.0,7436.411
2023-12-20 09:00:00,42808.0,42984.1,42735.8,42815.7,7737.496
2023-12-20 08:00:00,42950.0,43037.2,42772.7,42807.0,7751.582
2023-12-20 07:00:00,42901.6,42994.8,42823.7,42950.0,5971.273
2023-12-20 06:00:00,42740.0,43056.9,42656.1,42901.7,15298.607
2023-12-20 05:00:00,42840.9,42870.0,42611.7,42739.9,8363.253
2023-12-20 04:00:00,42451.7,42910.0,42393.8,42841.0,17203.274
2023-12-20 03:00:00,42451.8,42500.0,42381.6,42451.7,4030.0
2023-12-20 02:00:00,42329.1,42485.7,42218.3,42451.8,5536.636
2023-12-20 01:00:00,42442.9,42519.5,42253.4,42329.2,6121.659
2023-12-20 00:00:00,42298.2,42467.6,42261.2,42443.0,6433.764
2023-12-19 23:00:00,42353.9,42433.1,42225.8,42298.3,6093.702
2023-12-19 22:00:00,42549.2,42552.6,42273.4,42353.8,6512.615
2023-12-19 21:00:00,42256.2,42556.8,42240.2,42549.3,7116.067
2023-12-19 20:00:00,42379.7,42431.2,42152.6,42256.2,8511.158
2023-12-19 19:00:00,42248.6,42527.8,42172.0,42379.0,11908.685
2023-12-19 18:00:00,41881.8,42271.0,41835.4,42248.6,15629.961
2023-12-19 17:00:00,42363.9,42389.6,41860.9,41881.7,35311.159
2023-12-19 16:00:00,42512.9,42675.0,42326.3,42363.8,11885.564
2023-12-19 15:00:00,42386.6,42766.2,42277.2,42512.8,20594.258
2023-12-19 14:00:00,42894.0,42940.9,42238.7,42386.6,38219.817
2023-12-19 13:00:00,42968.1,43068.5,42888.0,42894.0,6702.378
2023-12-19 12:00:00,43004.0,43060.3,42880.2,42968.1,8857.106
2023-12-19 11:00:00,43155.0,43229.9,42976.2,43003.9,7536.619
2023-12-19 10:00:00,43061.0,43297.1,42962.0,43155.0,10248.103
2023-12-19 09:00:00,43112.9,43211.3,42978.2,43061.0,7523.315
2023-12-19 08:00:00,43062.1,43216.6,43020.0,43112.9,8857.79
2023-12-19 07:00:00,42936.2,43144.7,42915.9,43062.0,7607.221
2023-12-19 06:00:00,42985.9,43009.3,42840.2,42936.2,5433.953
2023-12-19 05:00:00,42947.0,43020.1,42887.0,42985.9,4852.417
2023-12-19 04:00:00,43100.1,43159.7,42870.6,42947.1,10733.977
2023-12-19 03:00:00,43099.0,43171.1,43016.9,43100.1,6931.64
2023-12-19 02:00:00,43346.1,43550.0,43061.3,43099.0,18385.761
2023-12-19 01:00:00,42734.2,43445.8,42625.0,43346.1,30089.915
2023-12-19 00:00:00,42671.8,42969.8,42595.1,42733.9,19768.663
2023-12-18 23:00:00,42529.9,42748.3,42529.9,42671.7,11904.375
2023-12-18 22:00:00,42643.0,42750.0,42461.6,42530.0,14069.016
2023-12-18 21:00:00,41994.4,42795.3,41983.9,42643.1,36736.432
2023-12-18 20:00:00,41714.7,42079.4,41590.0,41994.4,19597.799
2023-12-18 19:00:00,41661.0,41750.0,41641.9,41715.4,7802.862
2023-12-18 18:00:00,41402.9,41661.0,41350.6,41660.9,7296.198
2023-12-18 17:00:00,41514.1,41676.6,41401.1,41403.0,12642.681
2023-12-18 16:00:00,41288.0,41528.6,41170.0,41514.1,13065.577
2023-12-18 15:00:00,41631.3,41698.9,41260.8,41288.0,20766.755
2023-12-18 14:00:00,41381.3,41780.0,41281.9,41631.3,27559.285
2023-12-18 13:00:00,40941.1,41469.3,40931.1,41381.3,19778.707
2023-12-18 12:00:00,41137.2,41154.9,40916.8,40941.2,8777.966
2023-12-18 11:00:00,40845.9,41239.0,40806.5,41137.3,22124.608
2023-12-18 10:00:00,41079.8,41096.9,40553.8,40845.9,31750.846
2023-12-18 09:00:00,41218.7,41222.8,40800.3,41079.8,24070.05
2023-12-18 08:00:00,41160.0,41285.3,41054.1,41218.6,7563.349
2023-12-18 07:00:00,41232.0,41338.7,41123.0,41159.9,7874.64
2023-12-18 06:00:00,41032.2,41319.9,41022.5,41232.0,11486.663
2023-12-18 05:00:00,41206.1,41219.8,41027.0,41032.2,6513.346
2023-12-18 04:00:00,41107.0,41222.0,41056.5,41206.1,6421.313
2023-12-18 03:00:00,40919.8,41133.3,40878.0,41107.0,9211.898
2023-12-18 02:00:00,41001.5,41151.0,40810.6,40919.9,13301.836
2023-12-18 01:00:00,41390.6,41445.5,40902.0,41001.5,21724.649
2023-12-18 00:00:00,41396.6,41487.5,41206.1,41390.6,13344.824
2023-12-17 23:00:00,41741.1,41772.9,41248.3,41396.5,22909.725
2023-12-17 22:00:00,41970.1,41977.0,41652.3,41741.2,10443.765
2023-12-17 21:00:00,42152.0,42152.6,41934.2,41970.1,5439.54
2023-12-17 20:00:00,42136.5,42226.8,42132.2,42152.0,3356.263
2023-12-17 19:00:00,42202.4,42254.3,42078.3,42136.5,4603.471
2023-12-17 18:00:00,42121.1,42271.2,41800.0,42202.4,17072.067
2023-12-17 17:00:00,42142.9,42476.0,42044.4,42121.2,24876.841
2023-12-17 16:00:00,41828.5,42177.0,41707.2,42143.0,13282.634
2023-12-17 15:00:00,41646.4,41882.1,41576.2,41828.5,9177.7
2023-12-17 14:00:00,41877.6,41981.0,41496.0,41646.5,18025.629
2023-12-17 13:00:00,41973.9,41981.0,41791.0,41877.5,5605.946
2023-12-17 12:00:00,41979.8,42033.2,41886.7,41974.0,5248.941
2023-12-17 11:00:00,41967.0,42016.3,41861.3,41979.7,5116.828
2023-12-17 10:00:00,42003.8,42036.6,41910.6,41967.0,5159.174
2023-12-17 09:00:00,41918.6,42022.7,41841.4,42003.8,6055.765
2023-12-17 08:00:00,41894.6,41929.4,41671.2,41918.7,11567.555
2023-12-17 07:00:00,42016.7,42063.1,41874.7,41894.6,7288.732
2023-12-17 06:00:00,41919.0,42046.2,41817.6,42016.8,7780.077
2023-12-17 05:00:00,42020.0,42067.5,41773.2,41919.0,9621.544
2023-12-17 04:00:00,41947.1,42086.5,41927.3,42020.0,4572.723
2023-12-17 03:00:00,41890.8,42037.7,41888.4,41947.2,5311.416
2023-12-17 02:00:00,42029.0,42168.7,41880.0,41890.8,7590.375
2023-12-17 01:00:00,42161.3,42275.7,41888.0,42029.0,10755.542
2023-12-17 00:00:00,42287.4,42322.2,42159.0,42161.2,3860.598
2023-12-16 23:00:00,42331.3,42361.2,42196.7,42287.4,4382.973
2023-12-16 22:00:00,42314.5,42343.2,42117.1,42331.3,5881.985
2023-12-16 21:00:00,42359.7,42395.7,42251.0,42314.5,4808.506
2023-12-16 20:00:00,42367.9,42434.3,42257.6,42359.8,4743.653
2023-12-16 19:00:00,42483.3,42541.8,42340.0,42367.9,6275.123
2023-12-16 18:00:00,42526.9,42531.1,42384.0,42483.4,7362.324
2023-12-16 17:00:00,42616.5,42620.0,42477.2,42526.9,5076.898
2023-12-16 16:00:00,42631.6,42756.7,42504.6,42616.5,12341.541
2023-12-16 15:00:00,42382.7,42640.8,42330.0,42631.7,8619.623
2023-12-16 14:00:00,42417.0,42484.6,42320.8,42382.7,4441.531
2023-12-16 13:00:00,42442.0,42577.0,42255.6,42417.1,13274.352
2023-12-16 12:00:00,42350.0,42515.0,42286.1,42442.0,9030.206
2023-12-16 11:00:00,42280.0,42368.9,42240.2,42349.9,4214.618
2023-12-16 10:00:00,42232.0,42287.1,42216.2,42279.9,2203.205
2023-12-16 09:00:00,42198.6,42310.0,42198.6,42232.0,4629.876
2023-12-16 08:00:00,42243.0,42288.7,42114.7,42198.6,5054.232
2023-12-16 07:00:00,42231.9,42297.4,42182.1,42243.1,3217.331
2023-12-16 06:00:00,42291.8,42340.0,42162.1,42232.0,4721.72
2023-12-16 05:00:00,42312.8,42336.3,42224.0,42291.8,4207.714
2023-12-16 04:00:00,42354.5,42380.9,42271.2,42312.8,5013.307
2023-12-16 03:00:00,42173.7,42448.4,42132.5,42354.5,11252.787
2023-12-16 02:00:00,42094.8,42230.0,42085.0,42173.6,5975.419
2023-12-16 01:00:00,41934.2,42182.0,41912.5,42094.9,8592.507
2023-12-16 00:00:00,41968.0,42085.0,41638.1,41934.2,15228.028
2023-12-15 23:00:00,42081.8,42195.4,41915.7,41968.0,9713.512
2023-12-15 22:00:00,42254.9,42264.2,41957.0,42081.8,8591.845
2023-12-15 21:00:00,42235.6,42259.1,42123.2,42255.2,4737.621
2023-12-15 20:00:00,42124.9,42280.0,42101.8,42235.0,7151.876
2023-12-15 19:00:00,42137.0,42222.7,41983.3,42124.9,9017.533
2023-12-15 18:00:00,41874.4,42153.5,41849.1,42136.9,7625.185
2023-12-15 17:00:00,41818.6,42091.6,41792.0,41874.4,13236.649
2023-12-15 16:00:00,41930.4,42122.7,41715.0,41818.5,16968.519
2023-12-15 15:00:00,42202.8,42287.1,41668.0,41930.3,29575.851
2023-12-15 14:00:00,42311.4,42379.9,42020.4,42202.8,20227.293
2023-12-15 13:00:00,42631.1,42641.7,42211.5,42311.4,25350.718
2023-12-15 12:00:00,42800.0,42809.6,42625.0,42631.2,8343.586
2023-12-15 11:00:00,42867.0,42881.7,42715.1,42800.0,5602.043
2023-12-15 10:00:00,42859.8,42920.0,42759.6,42867.0,6153.913
2023-12-15 09:00:00,42882.8,43054.0,42817.4,42859.8,10468.336
2023-12-15 08:00:00,42724.8,42890.0,42645.9,42882.8,11403.923
2023-12-15 07:00:00,42584.0,42726.0,42565.3,42724.8,6342.283
2023-12-15 06:00:00,42609.6,42659.6,42518.7,42583.9,6601.154
2023-12-15 05:00:00,42827.7,42905.1,42570.7,42609.7,10244.099
2023-12-15 04:00:00,42813.5,42831.6,42716.0,42827.4,5454.156
2023-12-15 03:00:00,42898.8,42908.6,42410.5,42813.5,16663.628
2023-12-15 02:00:00,42995.4,43027.2,42828.4,42898.7,5951.075
2023-12-15 01:00:00,42902.1,43062.0,42896.3,42995.4,4594.028
2023-12-15 00:00:00,43032.3,43098.0,42873.6,42902.1,7158.187
2023-12-14 23:00:00,43077.4,43193.9,42940.9,43032.4,7427.68
2023-12-14 22:00:00,42985.7,43129.8,42924.3,43077.3,4788.56
2023-12-14 21:00:00,42928.0,43033.2,42886.9,42985.7,4476.564
2023-12-14 20:00:00,43105.0,43119.6,42851.3,42928.1,8641.106
2023-12-14 19:00:00,42867.3,43132.0,42813.3,43105.0,9283.119
2023-12-14 18:00:00,43216.4,43222.3,42846.3,42867.3,17865.715
2023-12-14 17:00:00,42598.0,43450.1,42574.0,43216.3,42864.654
2023-12-14 16:00:00,42454.1,42698.0,42454.1,42598.0,14599.917
2023-12-14 15:00:00,42664.9,42708.8,42216.4,42454.1,19201.413
2023-12-14 14:00:00,42564.8,42791.4,42352.8,42664.9,27435.918
2023-12-14 13:00:00,43100.2,43110.5,41140.0,42564.7,85060.534
2023-12-14 12:00:00,43269.9,43379.3,43045.0,43100.1,13265.2
2023-12-14 11:00:00,42967.6,43336.7,42894.0,43269.9,19063.34
2023-12-14 10:00:00,42897.9,43032.6,42789.0,42967.7,7473.584
2023-12-14 09:00:00,42767.0,42938.3,42684.4,42898.0,8040.261
2023-12-14 08:00:00,42910.2,43022.0,42765.5,42766.9,8479.635
2023-12-14 07:00:00,42911.3,42950.0,42761.2,42910.1,6780.48
2023-12-14 06:00:00,42817.8,43126.2,42777.6,42911.2,15475.239
2023-12-14 05:00:00,42713.5,42828.5,42705.6,42817.8,4633.121
2023-12-14 04:00:00,42726.8,42799.5,42682.1,42713.4,5052.003
2023-12-14 03:00:00,42775.0,42815.4,42674.5,42726.9,4912.469
2023-12-14 02:00:00,42848.0,42871.9,42670.5,42775.0,7744.468
2023-12-14 01:00:00,42792.9,42863.7,42720.5,42848.0,6222.456
2023-12-14 00:00:00,42875.0,42950.0,42673.9,42792.9,12840.889
2023-12-13 23:00:00,42987.9,43053.7,42850.0,42875.0,12716.365
2023-12-13 22:00:00,43000.6,43517.6,42952.3,42987.9,31625.901
2023-12-13 21:00:00,42880.1,43222.0,42718.8,43000.6,23646.38
2023-12-13 20:00:00,42746.7,42898.2,42580.0,42880.1,18525.597
2023-12-13 19:00:00,42149.3,42921.9,42149.3,42746.8,45983.766
2023-12-13 18:00:00,42138.1,42220.0,42000.6,42149.3,10298.873
2023-12-13 17:00:00,41893.9,42154.0,41826.5,42138.1,14013.402
2023-12-13 16:00:00,41960.0,42250.0,41735.6,41894.0,32295.974
2023-12-13 15:00:00,41459.6,41979.0,41454.0,41960.0,34223.637
2023-12-13 14:00:00,41488.0,41517.7,41331.0,41459.6,9994.203
2023-12-13 13:00:00,41236.6,41520.0,41211.3,41488.1,16595.015
2023-12-13 12:00:00,41035.3,41295.4,41010.6,41236.6,10700.873
2023-12-13 11:00:00,41171.9,41252.6,40976.9,41035.2,8622.031
2023-12-13 10:00:00,41249.5,41288.0,41106.0,41171.9,7196.336
2023-12-13 09:00:00,41291.8,41291.8,41090.2,41249.5,8102.097
2023-12-13 08:00:00,41146.3,41315.4,41140.8,41291.8,7023.775
2023-12-13 07:00:00,40885.5,41275.7,40812.9,41146.3,16230.935
2023-12-13 06:00:00,41046.4,41085.1,40840.0,40885.5,9110.278
2023-12-13 05:00:00,40921.4,41053.2,40862.4,41046.5,7482.451
2023-12-13 04:00:00,40858.6,40945.0,40650.0,40921.4,12210.666
2023-12-13 03:00:00,41034.0,41070.9,40781.5,40858.5,11486.421
2023-12-13 02:00:00,41055.6,41174.1,40556.0,41033.7,23432.344
2023-12-13 01:00:00,41432.6,41464.3,40913.7,41055.6,16983.638
2023-12-13 00:00:00,41514.9,41524.2,41326.1,41432.6,8209.338
2023-12-12 23:00:00,41258.1,41577.0,41256.9,41515.0,10866.935
2023-12-12 22:00:00,41131.2,41309.2,41106.7,41258.0,5479.601
2023-12-12 21:00:00,41254.6,41419.0,41060.5,41131.2,9034.082
2023-12-12 20:00:00,41169.7,41320.0,41091.6,41254.6,10776.708
2023-12-12 19:00:00,41335.0,41359.5,41050.0,41169.6,13613.591
2023-12-12 18:00:00,40734.5,41473.7,40711.0,41334.9,25222.787
2023-12-12 17:00:00,41372.0,41373.4,40730.0,40734.5,31639.647
2023-12-12 16:00:00,41376.7,41488.0,41115.5,41372.1,18214.05
2023-12-12 15:00:00,41495.1,41613.0,41171.2,41376.6,26309.814
2023-12-12 14:00:00,41833.7,41894.2,41320.0,41495.1,26124.173
2023-12-12 13:00:00,41875.0,42085.9,41760.0,41833.6,22490.987
2023-12-12 12:00:00,41606.7,41929.2,41606.2,41875.0,11067.14
2023-12-12 11:00:00,41827.8,41841.0,41570.8,41606.7,9558.339
2023-12-12 10:00:00,41819.1,41848.7,41728.0,41827.7,9754.462
2023-12-12 09:00:00,42049.5,42052.0,41814.8,41819.1,9619.733
2023-12-12 08:00:00,41930.0,42125.0,41791.0,42049.5,13610.501
2023-12-12 07:00:00,41719.8,42095.3,41704.0,41930.1,19409.786
2023-12-12 06:00:00,41590.3,41724.6,41425.3,41719.8,9298.264
2023-12-12 05:00:00,41411.9,41713.1,41411.8,41590.4,8740.54
2023-12-12 04:00:00,41760.3,41791.8,41401.0,41411.8,12163.311
2023-12-12 03:00:00,41879.9,41911.9,41737.9,41760.3,7594.763
2023-12-12 02:00:00,41703.5,41963.0,41690.1,41879.9,9917.418
2023-12-12 01:00:00,41735.5,41885.5,41613.1,41703.5,10831.649
2023-12-12 00:00:00,41271.1,41790.0,41202.1,41735.4,25202.837
2023-12-11 23:00:00,41305.9,41325.0,41155.0,41271.0,7675.901
2023-12-11 22:00:00,41225.1,41375.4,41151.6,41305.9,8291.985
2023-12-11 21:00:00,40882.1,41318.0,40866.1,41225.1,19828.181
2023-12-11 20:00:00,40799.3,40959.0,40571.0,40882.1,23417.175
2023-12-11 19:00:00,41078.1,41144.0,40228.3,40799.4,53233.183
2023-12-11 18:00:00,41379.4,41380.1,40562.5,41078.1,71986.956
2023-12-11 17:00:00,41831.1,41831.2,41315.0,41379.4,18285.298
2023-12-11 16:00:00,41824.6,41892.6,41391.0,41831.1,39601.62
2023-12-11 15:00:00,41868.4,42071.4,41682.2,41824.7,18194.021
2023-12-11 14:00:00,42020.1,42142.0,41826.8,41868.3,22913.266
2023-12-11 13:00:00,42218.0,42267.5,41900.4,42020.0,17676.399
2023-12-11 12:00:00,42346.6,42398.3,42184.2,42218.0,8069.14
2023-12-11 11:00:00,42381.2,42490.5,42153.1,42346.6,12615.094
2023-12-11 10:00:00,42386.2,42489.3,42346.4,42381.3,8585.484
2023-12-11 09:00:00,42246.4,42419.8,42188.0,42386.2,10614.645
2023-12-11 08:00:00,42128.1,42295.0,41979.1,42246.5,12071.968
2023-12-11 07:00:00,42130.7,42326.3,42085.5,42128.0,13855.193
2023-12-11 06:00:00,42053.5,42222.0,41730.4,42130.8,19116.601
2023-12-11 05:00:00,42172.1,42214.9,41622.3,42053.4,23837.994
2023-12-11 04:00:00,42312.7,42330.0,42000.5,42172.1,18412.757
2023-12-11 03:00:00,41962.3,42554.8,41880.0,42312.8,25494.218
2023-12-11 02:00:00,43241.8,43253.6,40272.1,41962.2,126931.452
2023-12-11 01:00:00,43642.3,43647.2,43202.0,43241.7,32828.238
2023-12-11 00:00:00,43810.1,43833.4,43619.0,43642.3,7216.67
2023-12-10 23:00:00,43805.6,43872.8,43552.5,43810.0,13593.485
2023-12-10 22:00:00,43833.4,43925.7,43800.0,43805.7,4076.666
2023-12-10 21:00:00,43996.9,44099.2,43776.7,43833.4,10506.952
2023-12-10 20:00:00,43819.5,44011.9,43807.3,43996.9,5546.69
2023-12-10 19:00:00,43864.5,43907.6,43753.8,43819.5,4036.043
2023-12-10 18:00:00,43851.6,43950.0,43842.5,43864.6,3994.072
2023-12-10 17:00:00,43856.9,43877.8,43789.9,43851.5,3486.406
2023-12-10 16:00:00,43945.3,43976.3,43806.0,43856.9,4925.184
2023-12-10 15:00:00,43861.8,44039.7,43853.3,43945.4,8231.408
2023-12-10 14:00:00,43871.3,43930.0,43787.3,43861.7,5164.821
2023-12-10 13:00:00,43912.1,43949.0,43769.0,43871.4,6742.352
2023-12-10 12:00:00,43760.1,43942.9,43750.0,43912.1,7359.368
2023-12-10 11:00:00,43726.6,43791.6,43700.0,43760.1,4364.309
2023-12-10 10:00:00,43625.0,43750.0,43625.0,43726.6,6699.01
2023-12-10 09:00:00,43799.7,43847.3,43624.0,43625.1,11795.998
2023-12-10 08:00:00,43995.8,44075.5,43763.0,43799.8,11427.565
2023-12-10 07:00:00,43941.2,44042.8,43871.7,43995.8,4533.517
2023-12-10 06:00:00,43927.5,43966.4,43897.0,43941.2,2289.191
2023-12-10 05:00:00,43972.7,43996.5,43905.9,43927.5,3533.662
2023-12-10 04:00:00,43870.8,44006.0,43849.9,43972.7,5371.864
2023-12-10 03:00:00,43777.9,43875.0,43744.6,43870.7,2726.429
2023-12-10 02:00:00,43824.0,43845.9,43740.0,43778.0,4464.312
2023-12-10 01:00:00,43800.0,43893.4,43734.0,43824.0,4001.004
2023-12-10 00:00:00,43734.2,43820.0,43694.0,43800.0,5677.951
2023-12-09 23:00:00,43931.6,43958.4,43555.0,43734.3,20719.787
2023-12-09 22:00:00,44012.3,44075.0,43931.5,43931.6,2593.402
2023-12-09 21:00:00,44018.0,44140.0,43903.4,44012.3,5611.38
2023-12-09 20:00:00,43954.8,44025.8,43883.2,44018.0,4393.305
2023-12-09 19:00:00,43993.2,44045.3,43945.9,43954.8,2521.574
2023-12-09 18:00:00,43922.3,44018.8,43903.6,43993.2,3971.648
2023-12-09 17:00:00,44052.1,44078.3,43915.5,43922.2,6689.744
2023-12-09 16:00:00,44088.0,44131.0,43974.1,44052.1,8005.343
2023-12-09 15:00:00,43963.6,44160.7,43885.3,44088.0,10400.708
2023-12-09 14:00:00,44030.0,44180.8,43770.8,43963.6,17072.045
2023-12-09 13:00:00,43938.9,44084.0,43907.3,44030.0,9211.842
2023-12-09 12:00:00,43838.2,43939.0,43762.1,43939.0,6373.787
2023-12-09 11:00:00,43863.9,43922.2,43771.7,43838.3,5869.613
2023-12-09 10:00:00,43865.6,43940.2,43835.9,43863.9,4809.763
2023-12-09 09:00:00,43861.8,43987.8,43754.1,43865.5,11255.734
2023-12-09 08:00:00,44220.7,44238.0,43749.1,43861.7,24240.152
2023-12-09 07:00:00,44245.5,44309.8,44150.0,44220.6,6571.906
2023-12-09 06:00:00,44313.9,44373.4,44210.3,44245.7,4646.003
2023-12-09 05:00:00,44259.9,44389.2,44250.1,44314.0,6041.852
2023-12-09 04:00:00,44175.0,44316.1,44174.9,44260.0,4005.13
2023-12-09 03:00:00,44147.7,44264.3,44145.0,44175.0,3813.919
2023-12-09 02:00:00,44148.0,44236.5,44125.5,44147.7,4805.63
2023-12-09 01:00:00,44207.6,44230.0,44071.2,44148.0,7951.476
2023-12-09 00:00:00,44209.6,44324.7,44173.7,44207.4,7763.913
2023-12-08 23:00:00,44296.6,44369.0,44151.1,44209.5,9361.273
2023-12-08 22:00:00,44572.0,44617.5,44265.7,44296.6,11147.705
2023-12-08 21:00:00,44393.1,44779.3,44256.9,44572.0,34775.248
2023-12-08 20:00:00,43967.7,44444.0,43967.7,44393.2,21003.962
2023-12-08 19:00:00,43825.7,44003.5,43812.5,43967.6,5426.863
2023-12-08 18:00:00,43760.1,43955.0,43753.6,43825.7,7975.24
2023-12-08 17:00:00,43842.6,43872.2,43650.0,43760.1,10559.99
2023-12-08 16:00:00,43778.6,43979.5,43775.0,43842.6,14407.135
2023-12-08 15:00:00,43993.7,44020.8,43778.5,43778.5,15722.238
2023-12-08 14:00:00,43599.0,44081.6,43592.8,43993.7,25201.897
2023-12-08 13:00:00,43770.4,43790.0,43501.7,43599.0,16697.243
2023-12-08 12:00:00,43687.3,43840.0,43544.3,43770.3,14633.935
2023-12-08 11:00:00,43395.0,43780.0,43394.9,43687.3,19971.912
2023-12-08 10:00:00,43163.2,43395.0,43100.0,43394.9,8382.294
2023-12-08 09:00:00,43243.0,43325.0,43140.1,43163.3,6031.709
2023-12-08 08:00:00,43184.6,43299.0,43122.2,43242.9,7857.179
2023-12-08 07:00:00,43393.3,43430.0,43108.8,43184.5,15026.384
2023-12-08 06:00:00,43458.7,43538.1,43387.5,43393.3,5458.828
2023-12-08 05:00:00,43486.4,43546.4,43415.7,43458.6,3522.959
2023-12-08 04:00:00,43402.7,43586.5,43380.0,43486.4,6769.75
2023-12-08 03:00:00,43524.3,43548.0,43395.0,43402.8,4711.673
2023-12-08 02:00:00,43430.0,43559.0,43420.2,43524.3,6308.038
2023-12-08 01:00:00,43425.2,43445.0,43337.1,43429.9,4561.912
2023-12-08 00:00:00,43296.0,43435.9,43286.8,43425.1,6365.226
2023-12-07 23:00:00,43159.7,43417.3,43156.3,43296.0,9240.2
2023-12-07 22:00:00,43397.1,43439.0,43151.0,43159.7,7168.23
2023-12-07 21:00:00,43266.9,43490.0,43248.4,43397.2,10318.95
2023-12-07 20:00:00,43239.2,43362.0,43122.2,43266.8,9534.897
2023-12-07 19:00:00,43327.4,43357.6,43091.5,43239.2,13037.8
2023-12-07 18:00:00,43448.8,43485.2,43267.2,43327.4,11619.525
2023-12-07 17:00:00,43710.9,43721.2,43250.0,43448.8,19794.229
2023-12-07 16:00:00,43680.0,43786.9,43505.0,43711.0,16714.558
2023-12-07 15:00:00,43501.1,43959.1,43455.0,43679.8,34787.831
2023-12-07 14:00:00,43318.1,43550.0,43270.0,43501.2,12639.884
2023-12-07 13:00:00,43433.2,43542.9,43200.6,43318.0,15768.711
2023-12-07 12:00:00,43206.4,43434.0,42964.7,43433.2,22489.433
2023-12-07 11:00:00,43150.1,43400.0,43130.0,43206.4,14617.58
2023-12-07 10:00:00,43376.1,43449.6,43075.0,43150.0,22455.1
2023-12-07 09:00:00,43602.9,43650.0,42815.0,43376.2,66611.0
2023-12-07 08:00:00,43899.4,43911.5,43550.0,43602.8,20344.829
2023-12-07 07:00:00,43875.0,43962.5,43870.5,43899.4,3896.51
2023-12-07 06:00:00,44019.9,44038.5,43835.7,43875.1,5798.112
2023-12-07 05:00:00,43983.3,44064.0,43942.0,44019.9,4595.322
2023-12-07 04:00:00,43941.4,44066.7,43888.0,43983.2,6013.709
2023-12-07 03:00:00,43984.7,44020.0,43924.6,43941.3,3360.57
2023-12-07 02:00:00,43937.6,44011.0,43916.7,43984.6,4335.867
2023-12-07 01:00:00,43840.1,43960.0,43836.5,43937.5,5287.897
2023-12-07 00:00:00,43775.1,43920.0,43720.9,43840.2,5991.214
2023-12-06 23:00:00,43776.0,43830.0,43610.0,43774.8,7581.219
2023-12-06 22:00:00,43837.7,43974.1,43623.0,43776.0,7842.848
2023-12-06 21:00:00,43756.1,43871.5,43607.3,43837.8,12764.093
2023-12-06 20:00:00,44008.8,44086.0,43748.2,43756.1,10501.353
2023-12-06 19:00:00,43955.2,44149.4,43932.1,44008.8,8566.741
2023-12-06 18:00:00,43971.4,44020.0,43876.5,43955.2,7225.126
2023-12-06 17:00:00,43873.3,44173.7,43830.2,43971.4,15376.589
2023-12-06 16:00:00,43795.3,44061.1,43750.0,43873.3,16634.351
2023-12-06 15:00:00,44071.3,44123.0,43730.0,43795.3,23558.673
2023-12-06 14:00:00,44111.0,44305.1,43914.0,44071.2,31802.031
2023-12-06 13:00:00,44049.9,44193.8,43984.6,44111.1,12602.587
2023-12-06 12:00:00,43853.4,44249.0,43789.5,44050.0,30184.0
2023-12-06 11:00:00,44126.9,44147.8,43377.0,43853.3,39806.738
2023-12-06 10:00:00,43890.7,44349.8,43877.6,44127.0,29391.097
2023-12-06 09:00:00,43831.2,44076.9,43688.0,43890.8,14698.686
2023-12-06 08:00:00,43697.1,43893.6,43655.0,43831.1,13527.458
2023-12-06 07:00:00,43685.9,43741.4,43517.7,43697.1,11592.872
2023-12-06 06:00:00,43691.9,43749.6,43451.0,43685.9,15341.851
2023-12-06 05:00:00,43742.0,43859.6,43558.0,43691.9,12890.972
2023-12-06 04:00:00,43757.6,43879.6,43603.4,43742.1,9832.022
2023-12-06 03:00:00,43912.5,43929.6,43678.8,43757.7,8261.779
2023-12-06 02:00:00,43885.2,43925.2,43569.2,43912.5,12798.54
2023-12-06 01:00:00,44155.4,44160.1,43750.2,43885.2,13547.441
2023-12-06 00:00:00,44081.7,44159.0,43833.5,44155.4,17628.671
2023-12-05 23:00:00,44299.9,44300.0,43856.0,44081.7,23672.554
2023-12-05 22:00:00,43907.0,44528.1,43802.3,44299.8,35032.788
2023-12-05 21:00:00,43797.5,44300.0,43690.1,43907.0,25526.78
2023-12-05 20:00:00,43834.0,43870.7,43420.6,43797.5,21929.616
2023-12-05 19:00:00,43724.2,43981.8,43586.0,43834.0,27575.914
2023-12-05 18:00:00,43389.2,44147.1,43330.0,43724.2,52793.713
2023-12-05 17:00:00,42712.7,44191.6,42675.0,43389.3,129310.701
2023-12-05 16:00:00,42266.8,42882.0,42124.6,42712.6,50067.338
2023-12-05 15:00:00,42189.9,42542.0,42083.7,42266.7,38014.941
2023-12-05 14:00:00,41826.2,42250.0,41810.0,42189.8,26212.74
2023-12-05 13:00:00,41869.6,42100.0,41811.1,41826.3,21992.987
2023-12-05 12:00:00,41730.9,41877.9,41694.0,41869.6,10975.709
2023-12-05 11:00:00,41618.0,41747.4,41567.1,41730.9,8876.056
2023-12-05 10:00:00,41701.0,41763.1,41618.0,41618.1,6490.165
2023-12-05 09:00:00,41614.8,41731.5,41587.4,41701.0,6404.922
2023-12-05 08:00:00,41534.3,41644.0,41422.0,41614.8,13417.199
2023-12-05 07:00:00,41721.4,41732.0,41393.5,41534.2,20612.961
2023-12-05 06:00:00,41910.0,41917.9,41662.0,41721.4,8827.923
2023-12-05 05:00:00,41779.7,41922.8,41723.9,41910.0,7831.878
2023-12-05 04:00:00,41832.0,41836.0,41728.5,41779.8,3949.944
2023-12-05 03:00:00,41742.8,41839.7,41707.1,41832.0,5328.834
2023-12-05 02:00:00,41808.3,41822.6,41630.0,41742.8,8184.285
2023-12-05 01:00:00,41926.0,41934.7,41630.0,41808.3,11931.064
2023-12-05 00:00:00,41993.1,41993.1,41748.1,41925.9,10077.029
2023-12-04 23:00:00,41953.5,42012.6,41802.0,41993.1,10716.501
2023-12-04 22:00:00,42050.0,42440.0,41858.2,41953.6,36855.152
2023-12-04 21:00:00,41779.1,42071.6,41722.8,42050.0,9305.85
2023-12-04 20:00:00,42000.9,42020.0,41728.5,41779.0,13332.395
2023-12-04 19:00:00,41733.3,42091.1,41712.2,42001.0,23199.122
2023-12-04 18:00:00,41622.7,41777.1,41518.0,41733.3,11000.026
2023-12-04 17:00:00,41641.9,41779.7,41560.8,41621.7,16900.415
2023-12-04 16:00:00,41280.9,41645.4,41186.8,41642.0,19533.649
2023-12-04 15:00:00,41653.6,41664.5,41120.1,41280.8,35290.331
2023-12-04 14:00:00,41741.9,41800.0,41470.0,41653.7,20487.861
2023-12-04 13:00:00,41801.8,41920.0,41718.3,41742.0,16496.583
2023-12-04 12:00:00,41605.9,41839.6,41494.2,41801.8,26058.98
2023-12-04 11:00:00,41991.3,42179.0,41336.1,41605.9,63483.373
2023-12-04 10:00:00,41559.5,42135.0,41550.2,41991.3,35613.466
2023-12-04 09:00:00,41705.5,41841.2,41538.2,41559.6,21753.663
2023-12-04 08:00:00,41471.9,41761.4,41388.4,41705.5,16200.482
2023-12-04 07:00:00,41410.6,41577.0,41318.5,41471.9,15697.614
2023-12-04 06:00:00,41517.1,41792.0,41352.5,41410.5,39633.832
2023-12-04 05:00:00,40915.1,41599.9,40867.1,41517.1,55351.004
2023-12-04 04:00:00,40720.6,40950.0,40693.5,40915.1,14911.321
2023-12-04 03:00:00,40697.5,40908.4,40685.2,40720.7,13248.934
2023-12-04 02:00:00,40613.6,40720.3,40487.3,40697.6,15777.295
2023-12-04 01:00:00,40217.7,40915.3,40162.1,40613.7,54483.71
2023-12-04 00:00:00,39979.8,40246.0,39970.4,40217.6,17161.3
2023-12-03 23:00:00,40079.9,40207.8,39776.0,39979.7,25234.211
2023-12-03 22:00:00,39704.6,40410.1,39680.8,40079.9,47157.004
2023-12-03 21:00:00,39556.1,39759.0,39556.1,39704.7,5251.671
2023-12-03 20:00:00,39555.2,39628.9,39541.4,39556.1,3616.97
2023-12-03 19:00:00,39530.0,39566.5,39420.8,39555.1,4510.539
2023-12-03 18:00:00,39519.0,39576.6,39481.2,39530.0,3522.387
2023-12-03 17:00:00,39658.7,39668.4,39442.4,39519.0,10542.975
2023-12-03 16:00:00,39758.5,39847.0,39637.7,39658.8,13054.586
2023-12-03 15:00:00,39526.9,39820.0,39476.1,39758.5,12876.16
2023-12-03 14:00:00,39664.2,39746.5,39525.0,39527.0,15307.345
2023-12-03 13:00:00,39393.3,39791.3,39373.9,39664.1,23301.549
2023-12-03 12:00:00,39471.3,39501.5,39367.0,39393.3,5247.043
2023-12-03 11:00:00,39538.8,39538.9,39437.8,39471.4,4984.421
2023-12-03 10:00:00,39449.8,39539.3,39403.6,39538.9,4774.919
2023-12-03 09:00:00,39393.5,39459.9,39386.3,39449.8,3095.179
2023-12-03 08:00:00,39474.1,39480.0,39390.8,39393.5,2658.68
2023-12-03 07:00:00,39406.3,39488.0,39388.0,39474.1,3816.61
2023-12-03 06:00:00,39406.4,39444.0,39359.6,39406.4,2658.819
2023-12-03 05:00:00,39348.8,39436.0,39307.7,39406.4,3280.382
2023-12-03 04:00:00,39376.0,39416.3,39338.0,39348.8,4185.32
2023-12-03 03:00:00,39348.9,39379.0,39255.2,39376.0,6801.02
2023-12-03 02:00:00,39472.0,39535.8,39335.7,39348.9,6168.332
2023-12-03 01:00:00,39485.7,39549.0,39459.5,39472.0,4464.733
2023-12-03 00:00:00,39435.1,39514.3,39384.7,39485.6,5407.05
2023-12-02 23:00:00,39343.1,39464.0,39313.5,39435.0,5402.81
2023-12-02 22:00:00,39553.1,39605.5,39270.8,39343.1,12115.501
2023-12-02 21:00:00,39570.2,39725.0,39411.7,39553.0,15903.546
2023-12-02 20:00:00,39416.4,39598.0,39272.7,39570.1,14986.311
2023-12-02 19:00:00,38856.3,39900.0,38854.1,39416.4,77140.41
2023-12-02 18:00:00,38779.4,38967.2,38760.5,38856.2,15129.987
2023-12-02 17:00:00,38728.0,38779.4,38720.9,38779.3,2163.692
2023-12-02 16:00:00,38786.9,38794.7,38688.1,38727.9,4175.185
2023-12-02 15:00:00,38758.4,38813.5,38688.0,38787.0,6863.402
2023-12-02 14:00:00,38796.3,38836.6,38704.0,38758.4,5023.11
2023-12-02 13:00:00,38764.0,38859.5,38743.3,38796.3,6322.504
2023-12-02 12:00:00,38722.8,38781.3,38716.4,38764.0,3279.496
2023-12-02 11:00:00,38735.8,38739.3,38689.1,38722.8,2682.11
2023-12-02 10:00:00,38757.5,38775.9,38732.0,38735.7,2279.676
2023-12-02 09:00:00,38694.0,38771.9,38685.8,38757.5,3312.433
2023-12-02 08:00:00,38683.9,38723.3,38620.0,38694.0,4620.092
2023-12-02 07:00:00,38762.6,38815.5,38680.0,38683.9,5266.689
2023-12-02 06:00:00,38727.3,38772.1,38700.5,38762.7,3191.468
2023-12-02 05:00:00,38804.0,38807.8,38727.2,38727.3,3314.093
2023-12-02 04:00:00,38767.4,38804.0,38700.0,38804.0,4420.481
2023-12-02 03:00:00,38703.4,38767.5,38697.0,38767.5,2416.861
2023-12-02 02:00:00,38734.4,38753.8,38641.2,38703.5,3374.44
2023-12-02 01:00:00,38692.0,38788.0,38672.1,38734.4,4791.448
2023-12-02 00:00:00,38659.9,38713.5,38613.5,38692.0,5034.566
2023-12-01 23:00:00,38683.7,38721.0,38622.3,38660.0,5499.257
2023-12-01 22:00:00,38760.4,38833.9,38669.3,38683.7,5018.151
2023-12-01 21:00:00,38734.7,38888.0,38734.7,38760.4,6186.007
2023-12-01 20:00:00,38750.0,38850.0,38700.0,38734.7,5951.4
2023-12-01 19:00:00,38691.8,38776.5,38612.2,38750.1,8897.959
2023-12-01 18:00:00,38787.1,38920.9,38685.2,38691.7,10926.704
2023-12-01 17:00:00,38790.1,38880.0,38689.3,38787.1,14196.141
2023-12-01 16:00:00,38401.4,38989.0,38383.0,38790.0,48700.511
2023-12-01 15:00:00,38315.7,38438.8,38280.7,38401.5,9318.683
2023-12-01 14:00:00,38361.3,38388.8,38209.6,38315.7,13532.59
2023-12-01 13:00:00,38356.1,38434.4,38288.9,38361.3,10501.41
2023-12-01 12:00:00,38578.0,38629.9,38288.8,38356.0,20898.909
2023-12-01 11:00:00,38536.9,38657.7,38510.0,38578.0,8503.575
2023-12-01 10:00:00,38706.1,38844.0,38532.1,38537.0,23350.25
2023-12-01 09:00:00,38298.1,38750.0,38298.1,38706.1,48911.374
2023-12-01 08:00:00,38234.9,38364.0,38205.2,38298.1,11198.412
2023-12-01 07:00:00,38198.1,38344.8,38182.4,38234.9,19719.487
2023-12-01 06:00:00,38106.7,38208.0,38060.7,38198.1,6623.041
2023-12-01 05:00:00,38170.4,38195.3,38083.0,38106.6,6561.504
2023-12-01 04:00:00,38030.1,38236.6,38005.9,38170.5,16655.059
2023-12-01 03:00:00,37977.9,38056.8,37933.4,38030.2,8535.38
2023-12-01 02:00:00,37927.4,38070.0,37852.1,37977.8,10909.863
2023-12-01 01:00:00,37665.5,37960.0,37626.6,37927.3,15632.157
2023-12-01 00:00:00,37716.9,37734.6,37600.0,37665.6,6134.17
2023-11-30 23:00:00,37685.9,37720.1,37585.0,37716.8,5806.75
2023-11-30 22:00:00,37730.9,37805.0,37667.0,37685.8,3399.703
2023-11-30 21:00:00,37720.2,37760.3,37684.2,37730.8,2299.085
2023-11-30 20:00:00,37745.4,37756.0,37683.6,37720.1,3098.473
2023-11-30 19:00:00,37733.6,37794.3,37672.7,37745.3,3651.796
2023-11-30 18:00:00,37728.7,37807.0,37693.7,37733.6,5956.345
2023-11-30 17:00:00,37651.5,37749.9,37619.8,37728.7,4103.806
2023-11-30 16:00:00,37613.9,37719.5,37520.0,37651.4,8377.328
2023-11-30 15:00:00,37646.1,37720.0,37508.0,37614.0,12476.378
2023-11-30 14:00:00,37709.5,37774.6,37442.9,37646.1,28815.219
2023-11-30 13:00:00,37861.9,37964.6,37600.0,37709.6,18387.134
2023-11-30 12:00:00,37867.1,37913.6,37812.0,37861.8,8762.464
2023-11-30 11:00:00,37661.7,37895.0,37638.4,37867.1,9585.625
2023-11-30 10:00:00,37702.7,37755.7,37661.7,37661.7,4441.485
2023-11-30 09:00:00,37652.5,37727.8,37601.0,37702.7,6017.003
2023-11-30 08:00:00,37783.1,37805.2,37570.9,37652.5,14104.337
2023-11-30 07:00:00,37854.9,37891.0,37755.8,37783.2,5556.42
2023-11-30 06:00:00,37871.2,37939.6,37780.6,37855.0,7357.015
2023-11-30 05:00:00,37958.4,38001.8,37837.5,37871.1,6205.16
2023-11-30 04:00:00,38034.4,38132.0,37944.0,37958.3,10104.077
2023-11-30 03:00:00,37858.5,38035.0,37827.5,38034.5,7540.909
2023-11-30 02:00:00,37685.7,37909.9,37673.0,37858.6,6120.693
2023-11-30 01:00:00,37759.5,37800.0,37681.3,37685.8,3787.064
2023-11-30 00:00:00,37837.2,37854.2,37749.5,37759.5,5208.726
2023-11-29 23:00:00,37777.7,37856.1,37706.1,37837.1,5119.517
2023-11-29 22:00:00,37727.2,37830.0,37723.8,37777.6,3009.676
2023-11-29 21:00:00,37662.7,37770.0,37564.2,37727.2,8268.171
2023-11-29 20:00:00,37861.0,37871.7,37605.9,37662.7,10181.214
2023-11-29 19:00:00,37849.9,37924.5,37771.6,37861.1,6274.713
2023-11-29 18:00:00,37765.2,37850.0,37656.1,37850.0,7235.849
2023-11-29 17:00:00,37752.1,37870.9,37654.0,37765.2,7050.578
2023-11-29 16:00:00,37817.6,37866.6,37641.0,37752.1,14582.267
2023-11-29 15:00:00,37809.0,37879.7,37551.8,37817.6,33208.085
2023-11-29 14:00:00,38106.9,38175.8,37768.0,37808.9,21955.358
2023-11-29 13:00:00,38147.8,38243.9,38083.0,38106.9,8496.855
2023-11-29 12:00:00,38098.6,38285.0,38039.1,38147.9,10988.56
2023-11-29 11:00:00,37965.0,38157.8,37901.0,38098.6,11171.366
2023-11-29 10:00:00,38275.1,38291.9,37895.2,37965.1,18315.05
2023-11-29 09:00:00,38335.5,38500.0,38071.5,38275.0,26153.213
2023-11-29 08:00:00,38095.7,38379.2,38080.0,38335.5,12807.031
2023-11-29 07:00:00,38171.7,38171.8,38040.0,38095.7,7075.248
2023-11-29 06:00:00,38021.1,38238.0,37970.0,38171.8,11660.454
2023-11-29 05:00:00,37928.1,38033.1,37884.1,38021.0,4444.709
2023-11-29 04:00:00,37938.1,37953.2,37862.3,37928.0,2924.606
2023-11-29 03:00:00,37917.0,37999.7,37882.0,37938.1,4476.656
2023-11-29 02:00:00,37921.9,37970.9,37825.5,37917.0,6483.6
2023-11-29 01:00:00,37904.3,38091.9,37904.3,37921.8,10551.928
2023-11-29 00:00:00,37812.0,37909.5,37663.2,37904.3,9197.177
2023-11-28 23:00:00,37855.3,37930.0,37655.2,37812.1,12560.18
2023-11-28 22:00:00,37932.1,38036.7,37800.0,37855.3,8949.978
2023-11-28 21:00:00,38184.1,38220.6,37923.6,37932.0,10456.2
2023-11-28 20:00:00,38104.7,38270.0,38050.1,38184.1,11906.467
2023-11-28 19:00:00,37961.1,38395.0,37930.8,38105.0,31633.295
2023-11-28 18:00:00,38202.4,38216.4,37862.4,37961.2,25995.222
2023-11-28 17:00:00,37868.7,38244.0,37766.0,38202.5,45124.154
2023-11-28 16:00:00,37502.1,37938.0,37502.1,37868.7,37845.548
2023-11-28 15:00:00,37357.4,37568.6,37282.2,37502.2,18862.129
2023-11-28 14:00:00,37401.6,37450.0,37340.8,37357.4,10726.837
2023-11-28 13:00:00,37200.0,37440.0,37140.0,37401.7,15004.185
2023-11-28 12:00:00,37250.0,37276.4,37165.0,37199.9,9307.798
2023-11-28 11:00:00,37105.8,37259.6,37073.5,37250.1,10522.252
2023-11-28 10:00:00,37076.3,37106.6,37007.0,37105.9,4632.299
2023-11-28 09:00:00,36929.8,37135.0,36917.4,37076.4,5779.747
2023-11-28 08:00:00,37087.2,37104.3,36929.8,36929.8,5522.883
2023-11-28 07:00:00,37088.8,37134.4,36952.6,37087.2,7580.755
2023-11-28 06:00:00,36894.9,37110.0,36877.0,37088.7,7444.983
2023-11-28 05:00:00,36974.0,36995.1,36856.0,36894.9,8935.452
2023-11-28 04:00:00,37119.9,37135.0,36963.9,36973.9,6925.933
2023-11-28 03:00:00,37165.1,37189.8,37088.8,37119.9,3524.366
2023-11-28 02:00:00,37190.5,37201.8,37106.0,37165.0,4852.422
2023-11-28 01:00:00,37248.4,37255.9,37151.0,37190.6,4910.4
2023-11-28 00:00:00,37234.4,37338.0,37176.3,37248.3,9422.842
2023-11-27 23:00:00,37070.1,37279.0,37069.9,37234.3,13264.739
2023-11-27 22:00:00,37020.9,37076.0,36951.7,37070.1,3379.124
2023-11-27 21:00:00,36792.2,37047.0,36776.0,37020.9,7270.278
2023-11-27 20:00:00,36868.5,36950.0,36784.0,36792.0,6125.3
2023-11-27 19:00:00,36958.5,37056.8,36775.9,36868.6,11246.535
2023-11-27 18:00:00,36914.8,37074.7,36873.5,36958.5,7518.473
2023-11-27 17:00:00,37075.1,37145.4,36866.4,36914.8,15409.118
2023-11-27 16:00:00,36743.3,37114.6,36700.0,37075.1,18790.917
2023-11-27 15:00:00,36804.5,37066.4,36735.1,36743.2,18167.763
2023-11-27 14:00:00,36943.7,36999.0,36725.1,36804.5,17937.583
2023-11-27 13:00:00,36961.9,37030.9,36732.4,36943.7,22814.256
2023-11-27 12:00:00,37023.3,37094.9,36880.0,36961.8,11858.283
2023-11-27 11:00:00,37100.0,37135.0,36829.8,37023.3,20030.776
2023-11-27 10:00:00,37359.3,37359.4,36935.8,37100.0,21743.422
2023-11-27 09:00:00,37327.6,37457.0,37325.7,37359.4,7444.24
2023-11-27 08:00:00,37272.0,37394.3,37242.8,37327.5,6749.769
2023-11-27 07:00:00,37258.7,37334.0,37005.0,37272.1,15361.22
2023-11-27 06:00:00,37298.0,37416.0,37258.4,37258.8,4932.106
2023-11-27 05:00:00,37360.3,37386.8,37288.5,37298.1,3152.751
2023-11-27 04:00:00,37295.8,37377.5,37248.9,37360.4,4340.896
2023-11-27 03:00:00,37299.7,37319.5,37174.2,37295.8,6460.584
2023-11-27 02:00:00,37473.5,37488.8,37208.0,37299.7,11056.578
2023-11-27 01:00:00,37479.3,37560.0,37440.0,37473.5,4043.342
2023-11-27 00:00:00,37437.9,37551.7,37381.9,37479.2,7014.646
2023-11-26 23:00:00,37647.5,37647.5,37306.5,37437.9,15490.945
2023-11-26 22:00:00,37604.0,37744.9,37591.6,37647.5,10355.652
2023-11-26 21:00:00,37577.2,37634.4,37450.8,37604.1,7351.675
2023-11-26 20:00:00,37360.1,37650.0,37338.2,37577.2,12810.741
2023-11-26 19:00:00,37233.0,37376.0,37211.1,37360.0,4895.378
2023-11-26 18:00:00,37264.4,37323.4,37142.5,37233.1,7309.117
2023-11-26 17:00:00,37212.0,37315.0,37132.1,37264.3,7316.47
2023-11-26 16:00:00,37418.0,37492.7,37126.0,37212.1,20848.627
2023-11-26 15:00:00,37328.2,37496.0,37279.3,37418.0,9588.25
2023-11-26 14:00:00,37499.9,37505.6,37268.5,37328.1,13162.785
2023-11-26 13:00:00,37612.0,37614.9,37330.5,37500.0,12434.66
2023-11-26 12:00:00,37662.9,37669.8,37248.0,37611.9,24875.385
2023-11-26 11:00:00,37689.1,37714.0,37650.2,37663.0,4633.505
2023-11-26 10:00:00,37751.6,37751.6,37687.5,37689.1,2527.909
2023-11-26 09:00:00,37748.5,37770.8,37720.1,37751.6,1698.088
2023-11-26 08:00:00,37773.5,37807.6,37741.0,37748.5,2664.976
2023-11-26 07:00:00,37781.9,37788.5,37743.3,37773.5,2100.315
2023-11-26 06:00:00,37766.4,37784.2,37720.5,37781.9,2313.863
2023-11-26 05:00:00,37752.1,37769.1,37728.0,37766.5,1465.482
2023-11-26 04:00:00,37721.1,37752.2,37685.6,37752.1,1979.546
2023-11-26 03:00:00,37729.2,37738.4,37712.4,37721.0,912.269
2023-11-26 02:00:00,37672.5,37742.3,37650.0,37729.2,2445.163
2023-11-26 01:00:00,37730.3,37730.4,37663.0,37672.5,2668.997
2023-11-26 00:00:00,37766.7,37775.7,37722.3,37730.3,1908.846
2023-11-25 23:00:00,37711.0,37790.5,37700.3,37766.6,1808.93
2023-11-25 22:00:00,37781.0,37781.0,37693.2,37710.9,2623.445
2023-11-25 21:00:00,37780.1,37800.0,37753.7,37780.9,1555.286
2023-11-25 20:00:00,37806.0,37886.5,37748.3,37780.0,6609.022
2023-11-25 19:00:00,37809.9,37833.0,37779.4,37805.9,2176.859
2023-11-25 18:00:00,37765.6,37820.7,37747.7,37809.9,2727.874
2023-11-25 17:00:00,37737.9,37799.9,37732.4,37765.6,3366.851
2023-11-25 16:00:00,37697.7,37761.3,37697.7,37737.9,3295.061
2023-11-25 15:00:00,37673.3,37709.4,37607.6,37697.8,3241.256
2023-11-25 14:00:00,37716.4,37718.1,37643.0,37673.2,2525.031
2023-11-25 13:00:00,37717.8,37732.4,37634.0,37716.4,3325.833
2023-11-25 12:00:00,37645.0,37721.7,37628.1,37717.8,3288.856
2023-11-25 11:00:00,37680.7,37706.7,37570.9,37645.0,6742.648
2023-11-25 10:00:00,37738.0,37739.1,37635.1,37680.8,5169.514
2023-11-25 09:00:00,37758.0,37787.0,37674.5,37738.0,4702.006
2023-11-25 08:00:00,37795.0,37827.0,37750.3,37758.0,2496.478
2023-11-25 07:00:00,37792.0,37820.0,37735.7,37795.0,2818.664
2023-11-25 06:00:00,37810.6,37830.5,37779.0,37791.9,2083.273
2023-11-25 05:00:00,37767.9,37814.3,37708.1,37810.7,3316.448
2023-11-25 04:00:00,37791.0,37791.0,37739.3,37767.9,2111.614
2023-11-25 03:00:00,37822.1,37840.0,37738.0,37790.9,4653.474
2023-11-25 02:00:00,37786.2,37823.4,37707.2,37822.1,3809.082
2023-11-25 01:00:00,37714.1,37816.7,37705.9,37786.1,3616.986
2023-11-25 00:00:00,37706.3,37767.3,37671.4,37714.0,4524.838
2023-11-24 23:00:00,37669.9,37722.0,37560.8,37706.3,6306.503
2023-11-24 22:00:00,37818.6,37834.0,37630.4,37669.9,7083.783
2023-11-24 21:00:00,37822.8,37940.8,37766.8,37818.7,8041.319
2023-11-24 20:00:00,37758.5,37882.9,37731.3,37822.9,5685.796
2023-11-24 19:00:00,37728.0,37789.5,37616.0,37758.5,6007.722
2023-11-24 18:00:00,37846.9,37892.7,37581.9,37728.0,11913.657
2023-11-24 17:00:00,37733.3,37924.4,37654.2,37846.9,18093.187
2023-11-24 16:00:00,38217.3,38351.2,37551.0,37733.3,42624.203
2023-11-24 15:00:00,37799.9,38425.0,37783.0,38217.3,59757.321
2023-11-24 14:00:00,37770.9,37810.9,37600.0,37799.9,11151.863
2023-11-24 13:00:00,37716.0,37860.8,37617.9,37770.9,17002.023
2023-11-24 12:00:00,37749.8,37982.0,37696.6,37716.0,21068.953
2023-11-24 11:00:00,37611.1,38200.0,37581.0,37749.7,39798.439
2023-11-24 10:00:00,37634.0,38049.0,37584.3,37611.2,39081.203
2023-11-24 09:00:00,37441.2,37743.0,37440.0,37634.0,15221.066
2023-11-24 08:00:00,37531.1,37583.9,37427.3,37441.2,7887.898
2023-11-24 07:00:00,37386.2,37587.0,37355.1,37531.1,7667.35
2023-11-24 06:00:00,37430.0,37433.9,37367.0,37386.1,3038.854
2023-11-24 05:00:00,37352.1,37430.0,37312.0,37430.0,2859.907
2023-11-24 04:00:00,37314.0,37364.5,37300.1,37352.0,2642.999
2023-11-24 03:00:00,37379.7,37394.8,37303.0,37314.0,2837.369
2023-11-24 02:00:00,37395.2,37443.7,37320.0,37379.7,3980.531
2023-11-24 01:00:00,37297.8,37487.0,37297.7,37395.2,8441.195
2023-11-24 00:00:00,37294.4,37337.9,37257.3,37297.8,2838.582
2023-11-23 23:00:00,37311.2,37389.7,37252.9,37294.3,4293.324
2023-11-23 22:00:00,37250.9,37314.9,37209.0,37311.1,3346.99
2023-11-23 21:00:00,37282.9,37378.2,37244.9,37250.9,4043.394
2023-11-23 20:00:00,37282.4,37391.5,37271.1,37282.9,5010.22
2023-11-23 19:00:00,37257.0,37378.0,37180.5,37282.3,6009.619
2023-11-23 18:00:00,37173.6,37299.4,37166.9,37257.0,5726.26
2023-11-23 17:00:00,37085.9,37246.7,37082.1,37173.6,7572.138
2023-11-23 16:00:00,36954.1,37177.0,36921.6,37085.8,11541.065
2023-11-23 15:00:00,37207.2,37256.0,36856.3,36954.1,22508.148
2023-11-23 14:00:00,37243.0,37312.2,37120.0,37207.2,11124.455
2023-11-23 13:00:00,37309.1,37403.8,37222.3,37243.0,8178.323
2023-11-23 12:00:00,37378.1,37544.9,37260.0,37309.2,12985.363
2023-11-23 11:00:00,37469.9,37471.2,37135.8,37378.2,19399.511
2023-11-23 10:00:00,37643.7,37649.7,37438.0,37470.0,7388.206
2023-11-23 09:00:00,37507.2,37650.0,37450.3,37643.7,7445.473
2023-11-23 08:00:00,37378.5,37527.0,37364.6,37507.1,7446.629
2023-11-23 07:00:00,37279.4,37384.0,37279.3,37378.5,4241.808
2023-11-23 06:00:00,37331.6,37349.5,37275.0,37279.4,3849.001
2023-11-23 05:00:00,37350.7,37425.0,37315.6,37331.6,3101.975
2023-11-23 04:00:00,37311.0,37417.6,37280.0,37350.7,4643.513
2023-11-23 03:00:00,37350.0,37391.7,37263.0,37311.0,5126.94
2023-11-23 02:00:00,37414.1,37450.0,37320.1,37350.1,4832.074
2023-11-23 01:00:00,37319.4,37494.8,37311.4,37414.0,5289.502
2023-11-23 00:00:00,37413.5,37548.0,37310.0,37319.4,10266.0
2023-11-22 23:00:00,37457.0,37500.0,37250.2,37413.4,12371.721
2023-11-22 22:00:00,37618.3,37766.8,37382.6,37457.0,13787.135
2023-11-22 21:00:00,37629.7,37880.0,37519.0,37618.3,31635.56
2023-11-22 20:00:00,37296.9,37630.7,37219.2,37629.8,19994.504
2023-11-22 19:00:00,37201.8,37448.0,37122.1,37297.0,20874.945
2023-11-22 18:00:00,36582.8,37293.0,36560.0,37201.7,44635.876
2023-11-22 17:00:00,36470.0,36644.2,36453.0,36582.9,9128.941
2023-11-22 16:00:00,36480.6,36583.5,36371.2,36470.0,10022.029
2023-11-22 15:00:00,36402.1,36639.9,36240.0,36480.5,19494.597
2023-11-22 14:00:00,36597.3,36652.8,36281.2,36402.1,15205.938
2023-11-22 13:00:00,36560.7,36654.8,36450.0,36597.0,10693.58
2023-11-22 12:00:00,36465.8,36592.0,36442.8,36560.6,7675.106
2023-11-22 11:00:00,36661.7,36670.5,36429.0,36465.9,10514.341
2023-11-22 10:00:00,36683.5,36779.0,36565.0,36661.8,11961.717
2023-11-22 09:00:00,36561.7,36700.0,36502.6,36683.5,9931.158
2023-11-22 08:00:00,36430.7,36566.0,36385.4,36561.7,7370.854
2023-11-22 07:00:00,36511.5,36558.6,36430.5,36430.7,6412.633
2023-11-22 06:00:00,36358.9,36560.0,36358.9,36511.4,8646.967
2023-11-22 05:00:00,36410.0,36475.9,36332.9,36359.0,6724.383
2023-11-22 04:00:00,36378.8,36461.4,36320.5,36409.9,8941.33
2023-11-22 03:00:00,36293.3,36387.4,36252.4,36378.8,7110.907
2023-11-22 02:00:00,36085.1,36310.0,36027.5,36293.3,9310.924
2023-11-22 01:00:00,36109.9,36180.0,36061.0,36085.2,8056.288
2023-11-22 00:00:00,35737.0,36139.0,35610.7,36109.9,27688.184
2023-11-21 23:00:00,36385.5,36428.4,35720.0,35737.0,44374.015
2023-11-21 22:00:00,36840.0,36898.1,36300.0,36385.4,23840.592
2023-11-21 21:00:00,36940.5,37030.8,36717.5,36839.9,11601.612
2023-11-21 20:00:00,36989.9,37190.0,36849.0,36940.6,15570.631
2023-11-21 19:00:00,36887.7,37129.1,36765.0,36989.9,14072.763
2023-11-21 18:00:00,36913.6,36988.0,36708.9,36888.7,18294.731
2023-11-21 17:00:00,37198.1,37531.0,36600.0,36913.6,52688.561
2023-11-21 16:00:00,36975.8,37291.2,36756.0,37198.0,35960.585
2023-11-21 15:00:00,36646.6,37204.3,36212.2,36975.9,90390.254
2023-11-21 14:00:00,37027.1,37035.0,36447.0,36646.5,50616.665
2023-11-21 13:00:00,37205.0,37222.9,37020.0,37027.2,12278.323
2023-11-21 12:00:00,37189.6,37245.7,37127.3,37205.0,9014.714
2023-11-21 11:00:00,37368.0,37381.5,37156.0,37189.5,10588.818
2023-11-21 10:00:00,37327.1,37427.3,37325.1,37367.9,3227.521
2023-11-21 09:00:00,37421.3,37427.8,37327.0,37327.0,3097.169
2023-11-21 08:00:00,37297.1,37439.5,37280.6,37421.4,5132.707
2023-11-21 07:00:00,37389.9,37389.9,37250.4,37297.1,7354.82
2023-11-21 06:00:00,37374.2,37434.4,37338.0,37389.8,4938.314
2023-11-21 05:00:00,37413.2,37417.4,37334.5,37374.1,5800.702
2023-11-21 04:00:00,37485.4,37503.7,37407.6,37413.2,3664.293
2023-11-21 03:00:00,37473.8,37578.5,37463.2,37485.4,4937.096
2023-11-21 02:00:00,37620.5,37675.0,37440.0,37473.9,9215.612
2023-11-21 01:00:00,37408.0,37650.0,37366.4,37620.5,6475.794
2023-11-21 00:00:00,37462.6,37535.9,37321.1,37407.9,7594.868
2023-11-20 23:00:00,37450.0,37631.1,37444.6,37462.5,8530.933
2023-11-20 22:00:00,37433.1,37590.4,37368.4,37450.1,7323.838
2023-11-20 21:00:00,37564.0,37579.3,37284.9,37433.2,9265.604
2023-11-20 20:00:00,37584.5,37618.7,37427.0,37564.0,7102.492
2023-11-20 19:00:00,37547.7,37784.7,37460.0,37584.5,13538.652
2023-11-20 18:00:00,37598.0,37714.4,37322.0,37547.7,22528.153
2023-11-20 17:00:00,37250.5,37780.0,36780.0,37598.1,49450.242
2023-11-20 16:00:00,37475.0,37650.8,37250.0,37250.6,24466.142
2023-11-20 15:00:00,37435.5,37498.5,37230.5,37475.1,20394.374
2023-11-20 14:00:00,37107.2,37525.0,36600.0,37435.5,38125.727
2023-11-20 13:00:00,37158.8,37255.0,37060.0,37107.2,11460.222
2023-11-20 12:00:00,37160.9,37169.8,37091.7,37158.8,6267.142
2023-11-20 11:00:00,37300.8,37445.5,37085.0,37161.0,14961.114
2023-11-20 10:00:00,37212.9,37399.6,37161.2,37300.8,8795.423
2023-11-20 09:00:00,37139.6,37235.0,37093.0,37212.8,6774.187
2023-11-20 08:00:00,37261.0,37268.4,37070.1,37139.7,7499.048
2023-11-20 07:00:00,37197.1,37280.0,37110.1,37261.1,5084.488
2023-11-20 06:00:00,37149.1,37218.6,37069.2,37197.1,4642.359
2023-11-20 05:00:00,37222.0,37230.8,37055.0,37149.1,6071.467
2023-11-20 04:00:00,37132.0,37232.9,37088.6,37222.1,4692.671
2023-11-20 03:00:00,37319.9,37337.6,37050.0,37131.9,10493.485
2023-11-20 02:00:00,37308.0,37338.5,37212.0,37319.9,4544.661
2023-11-20 01:00:00,37315.0,37375.0,37238.0,37308.0,6360.034
2023-11-20 00:00:00,37375.8,37397.2,37152.5,37314.9,12131.579
2023-11-19 23:00:00,36997.8,37528.2,36997.8,37375.9,31713.499
2023-11-19 22:00:00,37001.7,37048.9,36934.2,36997.8,3695.728
2023-11-19 21:00:00,36928.7,37111.0,36854.2,37001.7,7807.452
2023-11-19 20:00:00,36962.0,37049.7,36816.5,36928.8,10044.34
2023-11-19 19:00:00,36851.8,37000.0,36780.0,36961.9,9611.455
2023-11-19 18:00:00,36610.9,36959.0,36602.0,36851.8,16471.397
2023-11-19 17:00:00,36560.5,36613.2,36544.5,36610.9,2490.311
2023-11-19 16:00:00,36575.1,36647.1,36515.5,36560.5,5117.431
2023-11-19 15:00:00,36468.0,36580.0,36410.0,36575.1,6038.91
2023-11-19 14:00:00,36495.1,36495.1,36383.0,36468.0,5572.763
2023-11-19 13:00:00,36494.1,36520.0,36460.0,36495.1,3001.096
2023-11-19 12:00:00,36459.0,36500.0,36402.9,36494.1,4444.321
2023-11-19 11:00:00,36534.3,36544.0,36380.0,36459.1,9497.742
2023-11-19 10:00:00,36638.7,36644.1,36534.3,36534.3,3355.243
2023-11-19 09:00:00,36628.0,36671.2,36587.2,36638.8,3090.842
2023-11-19 08:00:00,36624.0,36720.9,36609.1,36627.9,4274.341
2023-11-19 07:00:00,36606.1,36684.9,36581.5,36624.0,3649.774
2023-11-19 06:00:00,36522.0,36682.3,36500.0,36606.0,6615.656
2023-11-19 05:00:00,36544.0,36560.0,36514.1,36521.9,1950.647
2023-11-19 04:00:00,36527.6,36549.3,36492.3,36544.0,2024.87
2023-11-19 03:00:00,36464.0,36534.3,36433.2,36527.7,2572.536
2023-11-19 02:00:00,36493.9,36510.0,36413.0,36464.1,2926.444
2023-11-19 01:00:00,36472.2,36500.0,36400.0,36493.9,4929.067
2023-11-19 00:00:00,36580.9,36584.0,36464.0,36472.2,3817.142
2023-11-18 23:00:00,36517.4,36583.9,36502.3,36580.9,3774.78
2023-11-18 22:00:00,36550.0,36569.9,36450.0,36517.4,4182.515
2023-11-18 21:00:00,36604.0,36626.0,36530.7,36550.0,2961.721
2023-11-18 20:00:00,36688.4,36720.0,36537.8,36604.1,7269.0
2023-11-18 19:00:00,36714.5,36787.1,36657.6,36688.4,3561.394
2023-11-18 18:00:00,36633.5,36762.8,36622.5,36714.5,4017.198
2023-11-18 17:00:00,36686.4,36710.7,36605.0,36633.5,6002.088
2023-11-18 16:00:00,36672.0,36900.0,36650.0,36686.4,15744.533
2023-11-18 15:00:00,36518.5,36693.0,36511.2,36671.9,9608.954
2023-11-18 14:00:00,36443.8,36586.9,36426.0,36518.6,6061.109
2023-11-18 13:00:00,36460.2,36497.9,36364.8,36443.8,4888.002
2023-11-18 12:00:00,36417.0,36499.8,36400.2,36460.2,3145.045
2023-11-18 11:00:00,36479.1,36550.0,36406.0,36417.0,5956.956
2023-11-18 10:00:00,36410.0,36494.6,36406.2,36479.0,2799.347
2023-11-18 09:00:00,36457.2,36463.5,36400.0,36410.0,2454.366
2023-11-18 08:00:00,36429.0,36495.5,36389.3,36457.2,4589.31
2023-11-18 07:00:00,36267.3,36443.3,36196.0,36429.0,8655.213
2023-11-18 06:00:00,36341.1,36375.7,36257.0,36267.2,4133.507
2023-11-18 05:00:00,36381.9,36388.8,36312.5,36341.2,3826.359
2023-11-18 04:00:00,36385.0,36436.0,36377.1,36381.9,2235.567
2023-11-18 03:00:00,36416.0,36434.9,36364.1,36384.9,2769.841
2023-11-18 02:00:00,36414.0,36457.9,36403.9,36415.9,2126.072
2023-11-18 01:00:00,36403.4,36465.0,36380.0,36414.0,3345.805
2023-11-18 00:00:00,36621.9,36625.7,36391.3,36403.3,7612.24
2023-11-17 23:00:00,36554.5,36762.6,36495.1,36621.9,11083.029
2023-11-17 22:00:00,36405.8,36559.1,36400.0,36554.5,5513.897
2023-11-17 21:00:00,36492.8,36528.0,36347.3,36405.9,5875.093
2023-11-17 20:00:00,36336.3,36529.5,36320.3,36492.8,8269.425
2023-11-17 19:00:00,36486.0,36600.0,36250.1,36336.2,11750.822
2023-11-17 18:00:00,36516.2,36558.8,36355.7,36486.0,9599.666
2023-11-17 17:00:00,35995.0,37020.5,35969.7,36516.3,53465.097
2023-11-17 16:00:00,36059.1,36228.3,35917.1,35995.1,17918.397
2023-11-17 15:00:00,36030.3,36186.2,35945.2,36059.0,22659.364
2023-11-17 14:00:00,36352.5,36448.0,35868.3,36030.3,30293.927
2023-11-17 13:00:00,36540.9,36636.7,36280.0,36352.5,18412.339
2023-11-17 12:00:00,36383.9,36546.8,36262.0,36540.8,10799.983
2023-11-17 11:00:00,36374.4,36480.5,36325.8,36383.8,9499.852
2023-11-17 10:00:00,36327.0,36385.0,36129.4,36374.3,14070.727
2023-11-17 09:00:00,36414.3,36463.7,36262.0,36327.1,6635.004
2023-11-17 08:00:00,36251.9,36454.0,36172.0,36414.2,10721.051
2023-11-17 07:00:00,36363.3,36371.1,36217.0,36252.0,7763.147
2023-11-17 06:00:00,36373.1,36465.4,36284.0,36363.3,6132.28
2023-11-17 05:00:00,36446.9,36450.0,36143.8,36373.1,11496.132
2023-11-17 04:00:00,36495.9,36537.1,36381.0,36446.9,5912.418
2023-11-17 03:00:00,36467.9,36517.0,36322.3,36496.0,7214.225
2023-11-17 02:00:00,36572.0,36687.4,36402.9,36467.9,12456.396
2023-11-17 01:00:00,36379.1,36588.0,36315.0,36572.0,11007.089
2023-11-17 00:00:00,36176.0,36390.0,36108.3,36379.0,11393.691
2023-11-16 23:00:00,36226.4,36249.0,36012.6,36176.0,11519.637
2023-11-16 22:00:00,35970.0,36284.0,35951.1,36226.4,11699.968
2023-11-16 21:00:00,35960.1,36065.0,35836.4,35970.0,10700.991
2023-11-16 20:00:00,35936.4,36080.0,35671.2,35960.1,21733.453
2023-11-16 19:00:00,36259.0,36292.0,35486.1,35936.5,55641.507
2023-11-16 18:00:00,36331.0,36425.0,36088.2,36259.0,25951.131
2023-11-16 17:00:00,36581.9,36650.0,36320.0,36331.0,11421.24
2023-11-16 16:00:00,36423.3,36658.2,36387.2,36581.8,16693.619
2023-11-16 15:00:00,36725.5,36932.8,36251.0,36423.1,39146.267
2023-11-16 14:00:00,36797.9,36880.0,36451.0,36725.5,35945.473
2023-11-16 13:00:00,37153.3,37188.3,36701.0,36797.9,35923.659
2023-11-16 12:00:00,37272.0,37352.5,37068.2,37153.4,21304.618
2023-11-16 11:00:00,37317.5,37574.9,37150.0,37272.1,23891.533
2023-11-16 10:00:00,37380.2,37411.1,37315.9,37317.5,4278.62
2023-11-16 09:00:00,37328.0,37477.6,37211.0,37380.2,12572.051
2023-11-16 08:00:00,37460.6,37510.9,37220.0,37327.9,14574.225
2023-11-16 07:00:00,37589.9,37645.9,37450.7,37460.7,8147.851
2023-11-16 06:00:00,37478.4,37600.0,37435.3,37589.9,6626.272
2023-11-16 05:00:00,37458.1,37487.0,37351.5,37478.3,5534.076
2023-11-16 04:00:00,37479.8,37533.0,37351.0,37458.0,7238.784
2023-11-16 03:00:00,37533.0,37569.7,37400.6,37479.9,5118.303
2023-11-16 02:00:00,37456.3,37545.3,37353.8,37533.0,9348.363
2023-11-16 01:00:00,37795.0,37799.9,37411.0,37456.3,22710.272
2023-11-16 00:00:00,37885.5,37956.5,37700.4,37795.2,16722.453
2023-11-15 23:00:00,37736.3,38000.0,37624.7,37885.6,19400.086
2023-11-15 22:00:00,37644.6,37933.0,37517.0,37736.3,14675.097
2023-11-15 21:00:00,37546.6,37754.9,37425.2,37644.5,15418.462
2023-11-15 20:00:00,37527.4,37879.4,37319.3,37546.5,32973.545
2023-11-15 19:00:00,37413.8,37845.0,37190.0,37527.4,45728.148
2023-11-15 18:00:00,36498.9,37606.7,36454.4,37413.9,101803.042
2023-11-15 17:00:00,36377.9,36513.2,36256.0,36498.9,12130.623
2023-11-15 16:00:00,36412.2,36578.0,36279.1,36378.0,18164.541
2023-11-15 15:00:00,36122.0,36430.0,36117.9,36412.1,13319.02
2023-11-15 14:00:00,36113.0,36218.6,36019.2,36122.0,11717.509
2023-11-15 13:00:00,36199.9,36238.0,36018.3,36113.0,18480.088
2023-11-15 12:00:00,36254.5,36424.7,36152.0,36199.9,20140.978
2023-11-15 11:00:00,35885.7,36296.4,35885.7,36254.4,25293.693
2023-11-15 10:00:00,35799.9,35896.0,35761.1,35885.7,6095.239
2023-11-15 09:00:00,35811.6,35975.0,35765.9,35800.0,13139.92
2023-11-15 08:00:00,35597.8,35865.0,35593.0,35811.6,12030.738
2023-11-15 07:00:00,35599.2,35683.8,35572.0,35597.4,5279.485
2023-11-15 06:00:00,35619.3,35639.4,35545.7,35599.2,3739.322
2023-11-15 05:00:00,35597.5,35636.0,35556.0,35619.4,3950.139
2023-11-15 04:00:00,35408.5,35597.6,35401.2,35597.5,4866.437
2023-11-15 03:00:00,35502.3,35533.9,35401.5,35408.4,3625.033
2023-11-15 02:00:00,35444.4,35545.9,35388.0,35502.4,7937.129
2023-11-15 01:00:00,35512.0,35685.0,35425.0,35444.4,8203.998
2023-11-15 00:00:00,35559.1,35640.0,35504.1,35512.0,5706.298
2023-11-14 23:00:00,35620.1,35689.0,35529.1,35559.0,8042.504
2023-11-14 22:00:00,35594.2,35644.4,35462.4,35620.1,7655.99
2023-11-14 21:00:00,35301.3,35640.0,35232.1,35594.1,15177.6
2023-11-14 20:00:00,35306.0,35490.5,35230.0,35301.3,12928.087
2023-11-14 19:00:00,35242.4,35500.0,35085.3,35305.9,31877.322
2023-11-14 18:00:00,36120.0,36158.2,34446.3,35239.5,79685.715
2023-11-14 17:00:00,36289.7,36347.1,36087.1,36119.9,14020.733
2023-11-14 16:00:00,36168.8,36449.0,36138.4,36289.8,16477.987
2023-11-14 15:00:00,36616.1,36642.3,35665.2,36168.7,50468.898
2023-11-14 14:00:00,36528.4,36720.0,36482.7,36616.1,14643.425
2023-11-14 13:00:00,36376.9,36699.9,36371.6,36528.4,27534.617
2023-11-14 12:00:00,36288.9,36432.0,36201.5,36376.9,13399.424
2023-11-14 11:00:00,36515.3,36529.2,36258.2,36288.8,15560.392
2023-11-14 10:00:00,36507.5,36559.0,36415.5,36515.3,10876.455
2023-11-14 09:00:00,36765.0,36773.4,36502.0,36507.4,12514.831
2023-11-14 08:00:00,36705.5,36779.9,36672.0,36765.1,6704.124
2023-11-14 07:00:00,36676.9,36740.8,36655.2,36705.5,4280.675
2023-11-14 06:00:00,36648.0,36728.6,36608.1,36676.9,6645.269
2023-11-14 05:00:00,36528.0,36654.0,36527.0,36648.1,6044.23
2023-11-14 04:00:00,36473.1,36551.8,36404.8,36528.0,4614.434
2023-11-14 03:00:00,36456.3,36514.2,36456.2,36473.0,3508.698
2023-11-14 02:00:00,36356.7,36494.0,36356.0,36456.3,4408.682
2023-11-14 01:00:00,36270.3,36457.3,36238.7,36356.8,8226.022
2023-11-14 00:00:00,36486.2,36496.0,36220.4,36270.3,21969.686
2023-11-13 23:00:00,36493.1,36619.8,36480.3,36486.2,5433.811
2023-11-13 22:00:00,36503.9,36628.0,36461.4,36493.1,7380.566
2023-11-13 21:00:00,36813.7,36818.0,36350.0,36504.0,33625.403
2023-11-13 20:00:00,36877.6,36910.8,36767.5,36813.7,5393.281
2023-11-13 19:00:00,36771.5,36879.5,36761.5,36877.6,3455.812
2023-11-13 18:00:00,36696.8,36814.0,36624.8,36771.6,7400.945
2023-11-13 17:00:00,36891.5,36896.5,36650.0,36696.9,13252.932
2023-11-13 16:00:00,36871.7,37074.3,36852.6,36891.5,14726.103
2023-11-13 15:00:00,36812.2,36918.4,36672.4,36871.7,16920.567
2023-11-13 14:00:00,36855.8,36940.9,36546.5,36812.2,20694.453
2023-11-13 13:00:00,36952.5,36974.4,36788.8,36855.8,10147.761
2023-11-13 12:00:00,36837.5,36975.6,36662.0,36952.6,14929.942
2023-11-13 11:00:00,36998.1,36998.1,36710.0,36838.3,13442.869
2023-11-13 10:00:00,37011.6,37026.0,36940.9,36998.1,3476.764
2023-11-13 09:00:00,37051.8,37060.8,36981.2,37011.6,3675.28
2023-11-13 08:00:00,36982.5,37065.9,36938.8,37051.9,5040.295
2023-11-13 07:00:00,36983.3,37069.9,36956.0,36982.5,6060.208
2023-11-13 06:00:00,36938.5,36990.2,36760.0,36983.4,8237.548
2023-11-13 05:00:00,36950.0,36950.1,36840.0,36938.5,5574.408
2023-11-13 04:00:00,36941.2,36982.0,36832.2,36950.0,10279.235
2023-11-13 03:00:00,37166.0,37180.0,36870.1,36941.3,14240.366
2023-11-13 02:00:00,37213.6,37281.8,37125.3,37166.1,5919.082
2023-11-13 01:00:00,37117.1,37464.8,37115.6,37213.6,18034.439
2023-11-13 00:00:00,37085.6,37166.8,36980.0,37117.1,9733.578
2023-11-12 23:00:00,37185.0,37244.4,36960.0,37085.5,11388.512
2023-11-12 22:00:00,37193.4,37235.0,37169.3,37185.0,2233.393
2023-11-12 21:00:00,37168.8,37227.1,37164.5,37193.4,2752.25
2023-11-12 20:00:00,37134.0,37189.1,37113.8,37168.8,2068.178
2023-11-12 19:00:00,37186.4,37202.4,37120.0,37134.0,3825.534
2023-11-12 18:00:00,37108.4,37247.7,37080.1,37186.4,5367.335
2023-11-12 17:00:00,37141.1,37142.1,37093.1,37108.4,2443.329
2023-11-12 16:00:00,37178.3,37213.0,37121.9,37141.0,3319.138
2023-11-12 15:00:00,37170.0,37258.4,37101.0,37178.3,9166.802
2023-11-12 14:00:00,37101.1,37225.8,37095.3,37169.9,5403.986
2023-11-12 13:00:00,37035.9,37166.1,36955.0,37101.0,7543.836
2023-11-12 12:00:00,37087.6,37120.0,36983.7,37035.9,5026.34
2023-11-12 11:00:00,37123.9,37141.5,37076.8,37087.7,2348.363
2023-11-12 10:00:00,37089.6,37164.8,37061.3,37124.0,3365.152
2023-11-12 09:00:00,37127.7,37139.6,37057.1,37089.6,3086.755
2023-11-12 08:00:00,37154.1,37167.0,37081.6,37127.7,3738.524
2023-11-12 07:00:00,37167.1,37200.0,37129.2,37154.1,4112.693
2023-11-12 06:00:00,37138.1,37192.8,37104.5,37167.2,5110.805
2023-11-12 05:00:00,37030.2,37149.0,36973.9,37138.1,5240.253
2023-11-12 04:00:00,37016.4,37044.3,36932.2,37030.4,3491.044
2023-11-12 03:00:00,36926.9,37016.5,36889.0,37016.5,3291.536
2023-11-12 02:00:00,36984.0,36987.3,36875.5,36926.9,3491.928
2023-11-12 01:00:00,36936.1,37035.1,36863.9,36984.0,6553.013
2023-11-12 00:00:00,37162.1,37222.9,36753.6,36936.1,14521.346
2023-11-11 23:00:00,36912.7,37190.0,36805.0,37162.1,11478.237
2023-11-11 22:00:00,37004.0,37024.9,36588.0,36912.7,16103.335
2023-11-11 21:00:00,37026.1,37107.0,36916.4,37004.0,5805.999
2023-11-11 20:00:00,37177.8,37179.0,37001.7,37026.0,4945.05
2023-11-11 19:00:00,37140.7,37211.8,37107.0,37177.9,3176.399
2023-11-11 18:00:00,37133.9,37165.3,37098.7,37140.7,2439.367
2023-11-11 17:00:00,37155.2,37186.0,37051.0,37133.9,5588.278
2023-11-11 16:00:00,37071.5,37201.4,37069.3,37155.3,4917.904
2023-11-11 15:00:00,37259.0,37268.7,37044.9,37071.5,8318.94
2023-11-11 14:00:00,37166.5,37297.9,37142.0,37259.1,8512.051
2023-11-11 13:00:00,37125.9,37221.0,37080.5,37166.5,6418.24
2023-11-11 12:00:00,37014.1,37140.0,36977.6,37125.8,6428.455
2023-11-11 11:00:00,37036.1,37044.0,36935.1,37014.1,4505.443
2023-11-11 10:00:00,37057.6,37057.7,36978.3,37036.1,3341.889
2023-11-11 09:00:00,36990.0,37087.0,36956.0,37057.6,4614.881
2023-11-11 08:00:00,37030.5,37071.4,36951.6,36990.1,4804.194
2023-11-11 07:00:00,37114.6,37125.3,36957.3,37030.5,5874.54
2023-11-11 06:00:00,37099.5,37159.5,37017.1,37114.5,3933.04
2023-11-11 05:00:00,37085.1,37159.7,37063.8,37099.4,4017.232
2023-11-11 04:00:00,37064.2,37111.4,36942.0,37085.1,6961.87
2023-11-11 03:00:00,37131.1,37147.9,37055.6,37064.2,4203.194
2023-11-11 02:00:00,37083.5,37146.5,36921.1,37131.1,11459.16
2023-11-11 01:00:00,37313.5,37339.4,37030.7,37083.5,12988.245
2023-11-11 00:00:00,37330.3,37422.2,37243.6,37313.5,8403.341
2023-11-10 23:00:00,37376.1,37520.7,37313.0,37330.4,9911.093
2023-11-10 22:00:00,37283.3,37570.0,37175.5,37376.0,12059.076
2023-11-10 21:00:00,37251.8,37394.7,37216.3,37283.3,6326.596
2023-11-10 20:00:00,37253.6,37299.0,37080.0,37251.9,8645.053
2023-11-10 19:00:00,37259.8,37448.0,37226.2,37253.5,9100.421
2023-11-10 18:00:00,37217.8,37315.0,37166.2,37259.9,7274.381
2023-11-10 17:00:00,37395.7,37447.7,37169.5,37217.8,11661.164
2023-11-10 16:00:00,37092.6,37474.0,37092.5,37395.7,25855.773
2023-11-10 15:00:00,37069.3,37189.8,36945.0,37092.6,13404.865
2023-11-10 14:00:00,36977.4,37168.4,36826.8,37069.3,19329.711
2023-11-10 13:00:00,37202.1,37276.0,36913.7,36977.4,21214.76
2023-11-10 12:00:00,37098.9,37232.0,36821.2,37202.1,26411.137
2023-11-10 11:00:00,36775.1,37165.3,36774.9,37098.9,32197.845
2023-11-10 10:00:00,36584.4,36784.8,36521.6,36775.2,10574.339
2023-11-10 09:00:00,36545.1,36596.5,36482.3,36584.3,5160.864
2023-11-10 08:00:00,36480.3,36558.6,36350.0,36545.0,13122.079
2023-11-10 07:00:00,36634.0,36710.4,36465.4,36480.2,9891.281
2023-11-10 06:00:00,36775.8,36795.6,36604.0,36633.9,5810.195
2023-11-10 05:00:00,36814.9,36822.0,36676.0,36775.8,5286.583
2023-11-10 04:00:00,36754.9,36836.8,36651.5,36814.8,7873.897
2023-11-10 03:00:00,36878.6,36940.6,36736.8,36754.9,8863.403
2023-11-10 02:00:00,36702.0,36890.0,36620.4,36878.6,8863.008
2023-11-10 01:00:00,36513.7,36739.4,36461.8,36702.1,7418.754
2023-11-10 00:00:00,36719.6,36774.6,36491.0,36513.4,13117.614
2023-11-09 23:00:00,36560.1,36798.0,36525.1,36719.5,13749.35
2023-11-09 22:00:00,36549.3,36751.6,36512.0,36560.0,10863.959
2023-11-09 21:00:00,36571.6,36770.2,36460.6,36549.2,18039.465
2023-11-09 20:00:00,36399.4,36622.0,36150.6,36571.6,17879.136
2023-11-09 19:00:00,36394.5,36470.1,36164.8,36399.5,16760.675
2023-11-09 18:00:00,36649.8,36652.9,36337.4,36394.4,16542.078
2023-11-09 17:00:00,36360.0,36740.1,36022.2,36649.8,26031.197
2023-11-09 16:00:00,37141.5,37277.1,35694.6,36407.5,68104.185
2023-11-09 15:00:00,37922.4,38073.3,37100.0,37141.5,80766.701
2023-11-09 14:00:00,37179.6,38499.9,37171.2,37922.4,109385.029
2023-11-09 13:00:00,36892.1,37198.0,36816.8,37179.7,34516.195
2023-11-09 12:00:00,36816.9,37057.5,36768.0,36892.1,26512.151
2023-11-09 11:00:00,36762.7,36822.2,36656.6,36816.9,11839.127
2023-11-09 10:00:00,36854.6,37018.1,36721.1,36762.7,29244.161
2023-11-09 09:00:00,36681.3,36868.0,36590.3,36854.6,15420.929
2023-11-09 08:00:00,36550.6,36731.3,36550.6,36681.2,10725.54
2023-11-09 07:00:00,36781.6,36825.0,36539.0,36550.6,17725.814
2023-11-09 06:00:00,36589.0,36818.6,36587.7,36781.6,12143.006
2023-11-09 05:00:00,36715.3,36767.6,36526.0,36589.0,15279.894
2023-11-09 04:00:00,36455.5,36884.0,36422.0,36715.3,31501.394
2023-11-09 03:00:00,36382.5,36544.8,36265.2,36455.5,19094.819
2023-11-09 02:00:00,35914.0,36888.0,35851.2,36382.5,55951.328
2023-11-09 01:00:00,35866.1,36100.0,35773.2,35914.1,21092.227
2023-11-09 00:00:00,35626.7,35900.0,35538.8,35866.2,20513.561
2023-11-08 23:00:00,35799.8,36150.0,35604.0,35626.7,45948.53
2023-11-08 22:00:00,35588.2,35980.0,35581.0,35799.8,40211.077
2023-11-08 21:00:00,35619.0,35941.0,35390.0,35588.2,41788.588
2023-11-08 20:00:00,35630.8,35786.0,35455.2,35618.9,17499.618
2023-11-08 19:00:00,35606.7,35791.9,35550.0,35630.9,24464.249
2023-11-08 18:00:00,35322.9,35650.0,35297.9,35606.7,16347.953
2023-11-08 17:00:00,35420.0,35453.8,35223.5,35322.9,10321.03
2023-11-08 16:00:00,35231.4,35500.0,35194.3,35419.9,15733.067
2023-11-08 15:00:00,35315.4,35342.2,35073.0,35231.3,18219.372
2023-11-08 14:00:00,35420.6,35445.0,35257.9,35315.5,11528.383
2023-11-08 13:00:00,35400.2,35485.0,35305.2,35420.7,11176.825
2023-11-08 12:00:00,35336.7,35410.0,35326.2,35400.3,5152.41
2023-11-08 11:00:00,35403.8,35449.9,35316.0,35336.7,5941.864
2023-11-08 10:00:00,35296.5,35432.6,35295.1,35403.9,9947.213
2023-11-08 09:00:00,35312.5,35347.4,35282.0,35296.5,6567.86
2023-11-08 08:00:00,35239.5,35349.7,35192.1,35312.6,6947.391
2023-11-08 07:00:00,35294.0,35336.6,35218.0,35239.6,4764.074
2023-11-08 06:00:00,35276.8,35325.0,35172.7,35293.9,8310.641
2023-11-08 05:00:00,35362.2,35378.9,35231.0,35276.9,5748.812
2023-11-08 04:00:00,35287.8,35375.0,35261.7,35362.2,4964.453
2023-11-08 03:00:00,35315.1,35338.6,35241.1,35287.8,5361.642
2023-11-08 02:00:00,35385.1,35393.4,35292.2,35315.1,3565.348
2023-11-08 01:00:00,35378.0,35436.1,35351.0,35385.0,4512.154
2023-11-08 00:00:00,35406.5,35423.0,35264.9,35378.1,9756.895
2023-11-07 23:00:00,35293.3,35446.0,35236.4,35406.5,10161.463
2023-11-07 22:00:00,35495.3,35499.8,35211.0,35293.4,23536.752
2023-11-07 21:00:00,35638.6,35725.5,35468.0,35495.2,18429.411
2023-11-07 20:00:00,35473.5,35921.7,35356.0,35638.6,37589.824
2023-11-07 19:00:00,35398.8,35609.4,35353.5,35473.4,23446.84
2023-11-07 18:00:00,34854.5,35555.0,34844.0,35398.8,68272.171
2023-11-07 17:00:00,34682.8,34872.0,34560.0,34854.4,14003.179
2023-11-07 16:00:00,34728.5,34754.5,34637.0,34682.8,6138.22
2023-11-07 15:00:00,34830.0,34846.1,34630.0,34728.4,11529.751
2023-11-07 14:00:00,34780.0,34849.4,34722.0,34830.0,10366.091
2023-11-07 13:00:00,34741.9,34780.0,34639.5,34780.0,8727.64
2023-11-07 12:00:00,34633.3,34766.8,34520.3,34741.8,12834.893
2023-11-07 11:00:00,34645.6,34735.1,34613.6,34633.3,8875.212
2023-11-07 10:00:00,34799.2,34799.2,34552.2,34645.7,28297.073
2023-11-07 09:00:00,34920.0,34923.8,34690.1,34799.8,15707.772
2023-11-07 08:00:00,34947.3,34988.0,34880.0,34919.9,5135.026
2023-11-07 07:00:00,34973.9,34974.0,34869.8,34947.3,3843.195
2023-11-07 06:00:00,34927.7,34988.0,34888.9,34973.9,3496.891
2023-11-07 05:00:00,34909.9,34932.0,34856.1,34927.6,3343.144
2023-11-07 04:00:00,34931.9,34955.7,34835.5,34910.0,4882.226
2023-11-07 03:00:00,34829.0,34932.0,34808.0,34932.0,4282.605
2023-11-07 02:00:00,34954.4,34987.2,34808.0,34829.0,6204.89
2023-11-07 01:00:00,34939.3,34974.9,34860.0,34954.4,4514.716
2023-11-07 00:00:00,35057.5,35066.0,34836.6,34939.2,9906.965
2023-11-06 23:00:00,35131.0,35139.3,34955.2,35057.4,6204.528
2023-11-06 22:00:00,35039.8,35172.9,35031.8,35130.9,5424.264
2023-11-06 21:00:00,35037.3,35064.2,34905.0,35039.8,4458.131
2023-11-06 20:00:00,35076.7,35086.2,34925.0,35037.4,5555.566
2023-11-06 19:00:00,34966.9,35118.0,34936.4,35076.7,5139.12
2023-11-06 18:00:00,34995.1,35019.7,34821.0,34966.8,10300.551
2023-11-06 17:00:00,34980.0,35041.8,34910.0,34995.1,7499.338
2023-11-06 16:00:00,35094.5,35129.4,34937.0,34980.1,10625.281
2023-11-06 15:00:00,35215.3,35234.0,35074.1,35094.5,8451.878
2023-11-06 14:00:00,35041.7,35244.9,35039.0,35215.3,14450.087
2023-11-06 13:00:00,35229.8,35241.0,34911.0,35041.8,21446.697
2023-11-06 12:00:00,35253.1,35281.5,35130.7,35229.9,9072.565
2023-11-06 11:00:00,35172.3,35265.4,35109.4,35253.1,8777.134
2023-11-06 10:00:00,35140.0,35299.9,35107.3,35172.3,15483.893
2023-11-06 09:00:00,34971.2,35143.8,34951.7,35139.9,12307.191
2023-11-06 08:00:00,34918.5,34980.2,34836.4,34971.2,5401.705
2023-11-06 07:00:00,34867.7,34941.9,34828.8,34918.5,4136.315
2023-11-06 06:00:00,34821.0,34887.9,34775.0,34867.6,3927.432
2023-11-06 05:00:00,34890.4,34920.8,34743.2,34821.0,8665.951
2023-11-06 04:00:00,34992.9,35044.0,34850.2,34890.4,5308.036
2023-11-06 03:00:00,34916.8,35012.1,34840.7,34992.9,5697.069
2023-11-06 02:00:00,34893.1,34968.7,34840.6,34916.7,5367.276
2023-11-06 01:00:00,35075.2,35137.9,34851.0,34893.0,9362.818
2023-11-06 00:00:00,35025.5,35095.9,34922.2,35075.1,9164.389
2023-11-05 23:00:00,34984.6,35455.2,34984.6,35025.5,26092.898
2023-11-05 22:00:00,34652.8,35039.0,34635.0,34984.6,14124.364
2023-11-05 21:00:00,35029.1,35044.4,34356.0,34652.8,26170.637
2023-11-05 20:00:00,35001.2,35117.4,34993.0,35029.0,3719.342
2023-11-05 19:00:00,35050.0,35132.4,34982.8,35001.3,6070.806
2023-11-05 18:00:00,35083.9,35127.7,35018.2,35049.9,5056.482
2023-11-05 17:00:00,34969.5,35298.0,34961.7,35083.9,21985.564
2023-11-05 16:00:00,34893.9,34979.7,34878.0,34969.6,4391.978
2023-11-05 15:00:00,34902.9,34934.0,34812.0,34893.9,5392.26
2023-11-05 14:00:00,34838.5,34947.0,34790.4,34902.9,12744.178
2023-11-05 13:00:00,35096.1,35140.0,34758.0,34838.5,16915.956
2023-11-05 12:00:00,35103.6,35187.0,35027.0,35096.0,10186.204
2023-11-05 11:00:00,35143.2,35177.7,35061.0,35103.5,5153.895
2023-11-05 10:00:00,35113.2,35162.6,35050.0,35143.3,4194.693
2023-11-05 09:00:00,35040.2,35150.0,35037.0,35113.2,4450.1
2023-11-05 08:00:00,35175.5,35210.4,35023.1,35040.2,6055.221
2023-11-05 07:00:00,35072.0,35203.0,35055.0,35175.4,4622.251
2023-11-05 06:00:00,35174.3,35183.5,35052.8,35071.9,4801.137
2023-11-05 05:00:00,35159.2,35242.9,35135.0,35174.1,5607.737
2023-11-05 04:00:00,35292.4,35328.0,35136.0,35159.1,12591.13
2023-11-05 03:00:00,35055.5,35350.0,35018.2,35292.1,13238.179
2023-11-05 02:00:00,35072.3,35095.4,34942.1,35055.6,4799.798
2023-11-05 01:00:00,34982.7,35079.4,34950.0,35072.3,4381.44
2023-11-05 00:00:00,35069.7,35095.1,34933.3,34982.7,8617.089
2023-11-04 23:00:00,35171.8,35270.0,35009.7,35069.7,14038.873
2023-11-04 22:00:00,34798.3,35207.6,34798.3,35171.9,21732.604
2023-11-04 21:00:00,34751.8,34894.0,34749.4,34798.3,5056.08
2023-11-04 20:00:00,34721.1,34758.6,34700.0,34751.9,1330.531
2023-11-04 19:00:00,34775.9,34792.0,34720.0,34721.2,1682.572
2023-11-04 18:00:00,34759.0,34782.3,34722.7,34775.9,1901.725
2023-11-04 17:00:00,34693.9,34768.2,34691.2,34758.9,2137.051
2023-11-04 16:00:00,34709.9,34763.8,34685.1,34693.9,2794.861
2023-11-04 15:00:00,34730.3,34748.3,34632.5,34709.8,4562.57
2023-11-04 14:00:00,34696.2,34799.0,34679.0,34730.3,4313.941
2023-11-04 13:00:00,34750.1,34754.5,34650.1,34696.1,3794.324
2023-11-04 12:00:00,34706.2,34759.0,34671.6,34750.0,3488.806
2023-11-04 11:00:00,34724.5,34779.8,34668.7,34706.2,3989.315
2023-11-04 10:00:00,34750.0,34793.5,34718.3,34724.5,3453.676
2023-11-04 09:00:00,34847.9,34864.5,34745.1,34750.1,3985.68
2023-11-04 08:00:00,34759.2,34880.0,34709.7,34848.0,5653.608
2023-11-04 07:00:00,34763.8,34867.9,34752.0,34759.1,5245.637
2023-11-04 06:00:00,34755.9,35111.0,34700.0,34763.9,24286.004
2023-11-04 05:00:00,34658.1,34756.0,34571.6,34755.9,8315.011
2023-11-04 04:00:00,34700.0,34716.0,34636.5,34658.1,2762.111
2023-11-04 03:00:00,34665.2,34721.4,34631.0,34699.9,3247.206
2023-11-04 02:00:00,34754.9,34772.3,34659.3,34665.1,3245.562
2023-11-04 01:00:00,34680.1,34774.0,34620.1,34755.0,5756.636
2023-11-04 00:00:00,34700.5,34716.8,34641.0,34680.1,3972.49
2023-11-03 23:00:00,34615.5,34738.0,34598.7,34700.4,5587.588
2023-11-03 22:00:00,34590.0,34623.0,34549.0,34615.4,3080.615
2023-11-03 21:00:00,34588.3,34694.3,34566.6,34590.0,5199.314
2023-11-03 20:00:00,34518.1,34650.0,34469.4,34588.3,6976.933
2023-11-03 19:00:00,34517.1,34580.0,34400.1,34518.1,8598.901
2023-11-03 18:00:00,34407.4,34599.0,34340.0,34517.1,12880.072
2023-11-03 17:00:00,34661.8,34668.7,34304.1,34407.5,21479.999
2023-11-03 16:00:00,34759.5,34825.0,34570.0,34661.9,16418.752
2023-11-03 15:00:00,34715.0,34850.0,34679.5,34759.5,14452.031
2023-11-03 14:00:00,34576.2,34799.5,34506.0,34715.0,26491.241
2023-11-03 13:00:00,34405.9,34596.5,34342.8,34576.2,14637.356
2023-11-03 12:00:00,34265.5,34460.6,34155.4,34405.8,18612.223
2023-11-03 11:00:00,34290.7,34295.0,34170.5,34265.5,7772.84
2023-11-03 10:00:00,34260.5,34292.7,34123.0,34290.6,20491.628
2023-11-03 09:00:00,34427.9,34453.4,34200.0,34260.5,15151.771
2023-11-03 08:00:00,34469.9,34618.0,34206.9,34427.8,22342.401
2023-11-03 07:00:00,34446.1,34509.1,34350.1,34470.0,7643.685
2023-11-03 06:00:00,34535.1,34565.0,34423.4,34446.1,6752.503
2023-11-03 05:00:00,34406.5,34547.5,34332.3,34535.0,10414.326
2023-11-03 04:00:00,34680.1,34700.0,34300.1,34406.5,16726.852
2023-11-03 03:00:00,34676.3,34706.0,34626.0,34680.0,3626.74
2023-11-03 02:00:00,34590.4,34712.9,34551.0,34676.4,6431.566
2023-11-03 01:00:00,34512.5,34623.8,34364.1,34590.7,14966.457
2023-11-03 00:00:00,34940.1,34944.9,34388.0,34512.5,19312.405
2023-11-02 23:00:00,34786.3,34940.1,34705.0,34940.1,7275.598
2023-11-02 22:00:00,34926.9,34928.8,34760.1,34786.3,6149.368
2023-11-02 21:00:00,34903.3,34970.5,34840.4,34926.9,5671.219
2023-11-02 20:00:00,34998.2,35099.0,34815.0,34903.3,17201.581
2023-11-02 19:00:00,34844.9,35021.0,34805.5,34998.2,10860.585
2023-11-02 18:00:00,34776.3,34873.6,34716.9,34844.9,11438.441
2023-11-02 17:00:00,34647.1,34788.0,34548.6,34776.4,13583.56
2023-11-02 16:00:00,34645.1,34743.4,34300.0,34647.1,34764.706
2023-11-02 15:00:00,34933.9,34940.1,34533.1,34645.2,30554.112
2023-11-02 14:00:00,34931.5,35031.2,34730.5,34933.9,26176.957
2023-11-02 13:00:00,35356.9,35372.4,34544.6,34931.4,46955.212
2023-11-02 12:00:00,35377.6,35468.0,35310.1,35357.0,9542.173
2023-11-02 11:00:00,35375.4,35447.9,35309.2,35377.5,7419.031
2023-11-02 10:00:00,35377.7,35487.0,35338.4,35375.3,9579.93
2023-11-02 09:00:00,35325.5,35419.6,35255.4,35377.8,9666.226
2023-11-02 08:00:00,35280.6,35331.0,35095.1,35325.6,11174.464
2023-11-02 07:00:00,35227.9,35358.0,35211.0,35280.7,9023.439
2023-11-02 06:00:00,35200.1,35267.5,35050.0,35227.9,17965.949
2023-11-02 05:00:00,35469.8,35494.8,35147.4,35200.0,28532.306
2023-11-02 04:00:00,35577.9,35613.0,35455.0,35469.8,10854.976
2023-11-02 03:00:00,35692.7,35832.4,35550.0,35578.0,19798.737
2023-11-02 02:00:00,35583.7,35999.9,35530.0,35692.5,34113.811
2023-11-02 01:00:00,35437.9,35638.9,35437.8,35583.7,11158.01
2023-11-02 00:00:00,35437.5,35687.3,35378.3,35437.8,20761.336
2023-11-01 23:00:00,35304.2,35484.0,35237.6,35437.4,11140.801
2023-11-01 22:00:00,35409.3,35561.5,35205.0,35304.1,20020.8
2023-11-01 21:00:00,35494.5,35734.0,35119.2,35409.3,48105.789
2023-11-01 20:00:00,34564.1,35599.0,34538.6,35493.7,50975.817
2023-11-01 19:00:00,34579.3,34730.5,34498.0,34564.3,17584.952
2023-11-01 18:00:00,34527.0,34750.0,34450.3,34579.3,27598.918
2023-11-01 17:00:00,34458.4,34544.0,34343.0,34526.8,13245.409
2023-11-01 16:00:00,34296.9,34559.4,34288.8,34458.4,18477.224
2023-11-01 15:00:00,34184.2,34323.2,34164.1,34296.9,18166.652
2023-11-01 14:00:00,34612.8,34676.7,34076.0,34184.6,42238.952
2023-11-01 13:00:00,34825.4,35249.0,34400.0,34612.7,97543.174
2023-11-01 12:00:00,34442.9,34949.6,34355.0,34825.4,37462.012
2023-11-01 11:00:00,34387.5,34469.9,34354.0,34442.9,6427.611
2023-11-01 10:00:00,34500.0,34502.0,34366.0,34387.6,5941.977
2023-11-01 09:00:00,34454.0,34515.1,34424.6,34499.9,3565.078
2023-11-01 08:00:00,34464.0,34497.0,34424.9,34454.0,3729.912
2023-11-01 07:00:00,34422.9,34520.0,34404.8,34463.9,5804.372
2023-11-01 06:00:00,34365.0,34434.4,34330.4,34422.9,4858.899
2023-11-01 05:00:00,34456.6,34459.9,34342.5,34364.9,6196.707
2023-11-01 04:00:00,34429.9,34484.0,34400.0,34456.6,4147.725
2023-11-01 03:00:00,34466.2,34482.4,34406.4,34430.0,4796.034
2023-11-01 02:00:00,34507.0,34512.0,34434.5,34466.2,4224.729
2023-11-01 01:00:00,34522.3,34575.0,34475.3,34507.0,5253.835
2023-11-01 00:00:00,34651.4,34684.0,34506.7,34522.3,11707.408
2023-10-31 23:00:00,34571.7,34677.0,34528.5,34651.4,5988.111
2023-10-31 22:00:00,34494.0,34660.0,34455.6,34571.7,6743.303
2023-10-31 21:00:00,34651.7,34744.7,34439.5,34494.0,12136.259
2023-10-31 20:00:00,34553.6,34740.0,34530.5,34651.7,14667.64
2023-10-31 19:00:00,34491.6,34632.0,34447.9,34553.5,14961.685
2023-10-31 18:00:00,34397.3,34516.0,34353.6,34491.6,6893.094
2023-10-31 17:00:00,34445.1,34453.9,34366.4,34397.3,6785.959
2023-10-31 16:00:00,34290.3,34546.6,34240.0,34445.0,16091.451
2023-10-31 15:00:00,34331.1,34386.7,34160.4,34290.2,15320.762
2023-10-31 14:00:00,34227.0,34382.9,34133.7,34331.0,19754.519
2023-10-31 13:00:00,34316.5,34355.0,34152.4,34227.0,14365.287
2023-10-31 12:00:00,34504.1,34533.1,34278.6,34316.5,15372.685
2023-10-31 11:00:00,34453.9,34563.6,34404.0,34504.0,10132.412
2023-10-31 10:00:00,34428.1,34470.0,34366.0,34454.0,5982.656
2023-10-31 09:00:00,34414.1,34478.1,34352.9,34428.0,9808.251
2023-10-31 08:00:00,34151.9,34437.8,34016.8,34414.0,27196.146
2023-10-31 07:00:00,34256.0,34306.9,34080.0,34151.9,12940.934
2023-10-31 06:00:00,34285.2,34360.0,34137.6,34255.9,10448.176
2023-10-31 05:00:00,34240.6,34345.5,34160.7,34285.2,7989.908
2023-10-31 04:00:00,34219.9,34296.6,34186.7,34240.7,6462.549
2023-10-31 03:00:00,34361.1,34390.6,34206.1,34219.9,8040.682
2023-10-31 02:00:00,34458.9,34478.3,34269.8,34361.0,8892.128
2023-10-31 01:00:00,34525.5,34552.7,34400.2,34458.9,6474.087
2023-10-31 00:00:00,34483.8,34620.7,34455.0,34525.5,9001.883
2023-10-30 23:00:00,34475.7,34518.6,34451.8,34483.8,3145.239
2023-10-30 22:00:00,34542.0,34553.2,34458.0,34475.6,4435.341
2023-10-30 21:00:00,34426.2,34593.1,34362.3,34541.9,7070.952
2023-10-30 20:00:00,34440.0,34447.9,34320.1,34426.2,5290.369
2023-10-30 19:00:00,34318.9,34445.0,34286.3,34440.0,7234.533
2023-10-30 18:00:00,34316.2,34367.3,34263.7,34318.9,7119.458
2023-10-30 17:00:00,34471.1,34477.8,34050.0,34316.3,36356.935
2023-10-30 16:00:00,34664.5,34664.5,34351.2,34471.1,15332.054
2023-10-30 15:00:00,34618.3,34768.7,34603.2,34664.5,9542.577
2023-10-30 14:00:00,34670.8,34850.0,34559.5,34618.3,19090.636
2023-10-30 13:00:00,34596.3,34784.9,34474.0,34670.8,18462.707
2023-10-30 12:00:00,34627.8,34888.2,34555.5,34596.2,29616.429
2023-10-30 11:00:00,34540.8,34677.0,34477.0,34627.9,9457.938
2023-10-30 10:00:00,34537.4,34590.0,34428.4,34540.9,10112.582
2023-10-30 09:00:00,34385.5,34700.0,34385.1,34537.4,20602.598
2023-10-30 08:00:00,34191.8,34449.8,34161.7,34385.6,14576.44
2023-10-30 07:00:00,34303.2,34349.0,34104.0,34191.7,14434.341
2023-10-30 06:00:00,34261.6,34329.0,34182.0,34303.1,6512.68
2023-10-30 05:00:00,34324.2,34358.7,34223.0,34261.6,5929.563
2023-10-30 04:00:00,34276.6,34355.9,34222.3,34324.2,5303.021
2023-10-30 03:00:00,34328.5,34335.0,34241.7,34276.5,4577.138
2023-10-30 02:00:00,34431.3,34431.4,34179.0,34328.5,17365.791
2023-10-30 01:00:00,34467.1,34532.8,34416.0,34431.3,4989.917
2023-10-30 00:00:00,34528.6,34578.8,34458.0,34467.0,5282.109
2023-10-29 23:00:00,34708.1,34713.7,34457.6,34528.6,8040.553
2023-10-29 22:00:00,34444.7,34746.7,34443.3,34708.2,8009.719
2023-10-29 21:00:00,34588.2,34669.6,34400.0,34444.8,6114.228
2023-10-29 20:00:00,34571.6,34650.0,34537.1,34588.2,4329.483
2023-10-29 19:00:00,34697.4,34718.2,34518.5,34571.5,7512.073
2023-10-29 18:00:00,34575.6,34769.3,34573.2,34697.5,10440.711
2023-10-29 17:00:00,34405.6,34773.8,34386.0,34575.6,21789.673
2023-10-29 16:00:00,34462.6,34470.4,34382.0,34405.6,5354.753
2023-10-29 15:00:00,34496.9,34579.7,34414.2,34462.5,10807.812
2023-10-29 14:00:00,34393.8,34534.5,34336.6,34496.9,9195.108
2023-10-29 13:00:00,34440.7,34552.3,34338.2,34393.9,16048.892
2023-10-29 12:00:00,34272.6,34441.8,34272.3,34440.6,10350.637
2023-10-29 11:00:00,34185.6,34349.4,34171.3,34272.6,9159.624
2023-10-29 10:00:00,34226.5,34230.0,34162.4,34185.5,3660.918
2023-10-29 09:00:00,34258.0,34300.0,34173.9,34226.5,8008.517
2023-10-29 08:00:00,34086.1,34280.0,34082.0,34257.9,8436.026
2023-10-29 07:00:00,34093.5,34136.9,34062.3,34086.0,2367.951
2023-10-29 06:00:00,34038.1,34147.7,34020.0,34093.4,4307.185
2023-10-29 05:00:00,34024.6,34046.8,34008.3,34038.0,1797.588
2023-10-29 04:00:00,33981.0,34058.4,33933.0,34024.5,4771.844
2023-10-29 03:00:00,34038.0,34038.0,33965.1,33981.0,2509.987
2023-10-29 02:00:00,34010.5,34038.0,33970.0,34037.9,2619.805
2023-10-29 01:00:00,34084.8,34099.4,33956.1,34010.5,6984.558
2023-10-29 00:00:00,34086.7,34110.5,34044.5,34084.5,3279.905
2023-10-28 23:00:00,34106.0,34121.7,34070.0,34086.6,2423.145
2023-10-28 22:00:00,34194.8,34194.9,34063.0,34105.9,2772.884
2023-10-28 21:00:00,34129.9,34200.0,34129.9,34194.8,2220.087
2023-10-28 20:00:00,34118.3,34150.5,34098.0,34129.9,1983.256
2023-10-28 19:00:00,34171.2,34182.7,34118.2,34118.3,1986.771
2023-10-28 18:00:00,34138.8,34230.7,34082.0,34171.1,3599.688
2023-10-28 17:00:00,34148.4,34148.4,34082.0,34138.8,2285.542
2023-10-28 16:00:00,34200.0,34200.0,34115.5,34148.4,4248.434
2023-10-28 15:00:00,34104.3,34248.0,34075.8,34199.9,6231.641
2023-10-28 14:00:00,34142.3,34166.3,34050.5,34104.3,5189.285
2023-10-28 13:00:00,34035.9,34145.7,33937.8,34142.2,7620.916
2023-10-28 12:00:00,34182.5,34222.0,33930.0,34035.9,16502.391
2023-10-28 11:00:00,34114.8,34535.8,34106.9,34182.5,31322.793
2023-10-28 10:00:00,34098.2,34116.3,34081.5,34114.9,2309.834
2023-10-28 09:00:00,34101.8,34129.3,34065.4,34098.2,3232.596
2023-10-28 08:00:00,34057.2,34120.2,34038.0,34101.7,3437.66
2023-10-28 07:00:00,34066.4,34095.2,34041.9,34057.2,3088.347
2023-10-28 06:00:00,34092.6,34128.8,34040.0,34066.4,4422.636
2023-10-28 05:00:00,34096.9,34199.5,34071.0,34092.5,7985.108
2023-10-28 04:00:00,34068.5,34098.0,34026.0,34096.8,3061.109
2023-10-28 03:00:00,34100.2,34107.0,34011.1,34068.5,5445.986
2023-10-28 02:00:00,33924.4,34188.8,33906.8,34100.1,10255.613
2023-10-28 01:00:00,33897.6,33924.4,33872.1,33924.4,3129.66
2023-10-28 00:00:00,33893.2,33940.0,33867.4,33897.5,3559.55
2023-10-27 23:00:00,33813.8,33948.9,33788.5,33893.1,5771.225
2023-10-27 22:00:00,33843.9,33880.0,33797.2,33813.8,4014.645
2023-10-27 21:00:00,33835.2,33870.6,33780.6,33843.9,5055.724
2023-10-27 20:00:00,33705.6,33885.6,33686.0,33835.2,9572.674
2023-10-27 19:00:00,33604.4,33717.3,33598.7,33705.5,7470.392
2023-10-27 18:00:00,33609.1,33684.2,33402.4,33604.4,21873.209
2023-10-27 17:00:00,33881.0,33900.0,33350.0,33609.1,37613.62
2023-10-27 16:00:00,34010.8,34042.2,33855.6,33881.0,8478.57
2023-10-27 15:00:00,33913.4,34135.9,33826.5,34010.9,18098.339
2023-10-27 14:00:00,34167.3,34173.9,33853.0,33913.5,24425.949
2023-10-27 13:00:00,34138.0,34211.4,34104.7,34167.3,11176.67
2023-10-27 12:00:00,34055.1,34220.0,33912.1,34138.0,17081.011
2023-10-27 11:00:00,34080.6,34110.0,33978.6,34055.3,9193.019
2023-10-27 10:00:00,34165.3,34183.4,34077.0,34080.7,5958.559
2023-10-27 09:00:00,34092.1,34185.3,34090.0,34165.4,7250.861
2023-10-27 08:00:00,33954.0,34141.4,33950.0,34092.0,9243.396
2023-10-27 07:00:00,34242.4,34245.8,33929.3,33954.0,11375.31
2023-10-27 06:00:00,34087.1,34253.3,34074.9,34242.4,7007.178
2023-10-27 05:00:00,34099.1,34125.0,33969.6,34087.2,7651.057
2023-10-27 04:00:00,34124.1,34197.0,34010.0,34099.1,8621.166
2023-10-27 03:00:00,34093.0,34156.6,34053.1,34124.0,5429.911
2023-10-27 02:00:00,33849.0,34149.9,33806.4,34093.0,11165.433
2023-10-27 01:00:00,34020.1,34059.8,33774.0,33849.0,14923.236
2023-10-27 00:00:00,34154.0,34179.6,33972.0,34020.0,9601.824
2023-10-26 23:00:00,34236.7,34287.5,34136.4,34154.0,6307.377
2023-10-26 22:00:00,34124.6,34262.0,34124.6,34236.7,6201.068
2023-10-26 21:00:00,34189.0,34225.0,34090.0,34124.7,4124.988
2023-10-26 20:00:00,34052.2,34224.1,34026.6,34189.1,10267.443
2023-10-26 19:00:00,33986.9,34150.0,33920.5,34052.1,10611.154
2023-10-26 18:00:00,33960.1,34094.4,33946.4,33987.0,9549.313
2023-10-26 17:00:00,33777.7,33984.8,33754.6,33960.0,12043.232
2023-10-26 16:00:00,34050.1,34088.4,33750.0,33777.6,22636.672
2023-10-26 15:00:00,34198.0,34262.4,33859.0,34050.0,30108.005
2023-10-26 14:00:00,34167.4,34329.5,33830.0,34198.0,36115.241
2023-10-26 13:00:00,34250.9,34368.1,34155.0,34167.4,15075.412
2023-10-26 12:00:00,34104.1,34332.5,34082.0,34250.9,19384.644
2023-10-26 11:00:00,34277.1,34321.0,33963.0,34104.2,27253.784
2023-10-26 10:00:00,34428.4,34458.3,34100.0,34277.2,26650.508
2023-10-26 09:00:00,34517.9,34584.7,34400.0,34428.4,10404.859
2023-10-26 08:00:00,34648.6,34745.0,34500.0,34517.9,14475.747
2023-10-26 07:00:00,34613.8,34784.8,34547.6,34648.7,16045.046
2023-10-26 06:00:00,34518.7,34637.0,34401.7,34613.8,13902.03
2023-10-26 05:00:00,34699.8,34699.8,34506.4,34518.7,7525.722
2023-10-26 04:00:00,34783.4,34809.4,34664.0,34699.7,5474.793
2023-10-26 03:00:00,34739.9,34828.7,34700.2,34783.3,7269.963
2023-10-26 02:00:00,34675.3,34782.0,34641.7,34740.0,5850.943
2023-10-26 01:00:00,34650.0,34796.6,34633.3,34675.3,10873.634
2023-10-26 00:00:00,34487.8,34704.0,34407.2,34650.1,11401.386
2023-10-25 23:00:00,34603.0,34616.7,34203.5,34487.7,19319.069
2023-10-25 22:00:00,34549.7,34648.8,34474.5,34603.0,7365.049
2023-10-25 21:00:00,34656.2,34753.0,34501.9,34549.7,7970.712
2023-10-25 20:00:00,34732.0,34847.0,34575.2,34656.1,15006.539
2023-10-25 19:00:00,34657.7,34785.3,34540.3,34732.1,9940.64
2023-10-25 18:00:00,34652.9,34736.0,34408.0,34657.7,17425.796
2023-10-25 17:00:00,34473.3,34698.0,34364.6,34652.9,20005.6
2023-10-25 16:00:00,34841.5,35154.3,34460.1,34473.3,49591.077
2023-10-25 15:00:00,34765.4,35035.0,34633.1,34841.4,43578.191
2023-10-25 14:00:00,34483.1,34824.6,34334.0,34765.4,34014.239
2023-10-25 13:00:00,34333.1,34711.9,34283.5,34483.2,37372.21
2023-10-25 12:00:00,34195.5,34442.1,34191.8,34333.1,18283.096
2023-10-25 11:00:00,34242.4,34479.0,34162.3,34195.5,22615.852
2023-10-25 10:00:00,34100.1,34243.5,34040.3,34242.4,11624.016
2023-10-25 09:00:00,33944.4,34332.2,33873.6,34100.2,25972.279
2023-10-25 08:00:00,33853.4,34031.1,33773.3,33944.3,13578.247
2023-10-25 07:00:00,34122.8,34200.0,33660.6,33853.4,24888.064
2023-10-25 06:00:00,34011.5,34182.5,34002.8,34122.7,7882.994
2023-10-25 05:00:00,34194.3,34205.2,33888.5,34011.5,11509.717
2023-10-25 04:00:00,34003.7,34209.4,33927.7,34194.3,9828.509
2023-10-25 03:00:00,34005.5,34077.0,33918.0,34003.6,8020.359
2023-10-25 02:00:00,34195.3,34216.9,33952.9,34005.4,12672.785
2023-10-25 01:00:00,34026.9,34388.0,34002.8,34195.4,22476.88
2023-10-25 00:00:00,33917.0,34043.7,33768.6,34027.1,14425.224
2023-10-24 23:00:00,34152.6,34221.0,33713.5,33917.0,21659.68
2023-10-24 22:00:00,34123.3,34228.0,33853.5,34152.6,20852.083
2023-10-24 21:00:00,33659.1,34307.5,33485.3,34123.3,29710.745
2023-10-24 20:00:00,33792.0,33969.0,33618.4,33659.2,15506.453
2023-10-24 19:00:00,33860.9,33899.0,33670.8,33792.0,12767.306
2023-10-24 18:00:00,33785.9,33889.1,33379.2,33860.8,31861.54
2023-10-24 17:00:00,33940.0,34081.5,33778.7,33785.9,18678.552
2023-10-24 16:00:00,33673.9,34398.9,33490.0,33940.0,55221.494
2023-10-24 15:00:00,34422.6,34549.3,33244.0,33674.0,119850.225
2023-10-24 14:00:00,34434.5,34472.9,34066.0,34422.5,26888.493
2023-10-24 13:00:00,34573.3,34592.0,34115.7,34434.4,35112.975
2023-10-24 12:00:00,34549.9,34849.4,34455.5,34573.3,26432.998
2023-10-24 11:00:00,34445.4,34888.0,34413.5,34550.0,42789.441
2023-10-24 10:00:00,34344.9,34479.0,34260.6,34445.4,16087.091
2023-10-24 09:00:00,34125.8,34499.9,34054.0,34344.9,24650.05
2023-10-24 08:00:00,34025.8,34235.5,33966.0,34125.9,21734.959
2023-10-24 07:00:00,33979.5,34045.8,33710.0,34025.9,25884.285
2023-10-24 06:00:00,33902.3,34126.1,33800.0,33979.6,31804.198
2023-10-24 05:00:00,34392.2,34597.9,33808.2,33902.4,33616.101
2023-10-24 04:00:00,34071.1,34566.8,34048.7,34392.2,29608.992
2023-10-24 03:00:00,34566.0,34728.0,34040.0,34071.1,50312.936
2023-10-24 02:00:00,34182.2,35300.0,34110.0,34566.1,116801.032
2023-10-24 01:00:00,33504.4,34200.0,33456.9,34182.3,54133.43
2023-10-24 00:00:00,33074.0,33750.0,32833.5,33504.4,60028.004
2023-10-23 23:00:00,33358.8,33615.0,32521.0,33074.0,89775.001
2023-10-23 22:00:00,31618.7,35981.9,31576.5,33358.8,201657.31
2023-10-23 21:00:00,31511.5,31646.3,31405.6,31618.7,18263.828
2023-10-23 20:00:00,31340.3,31829.0,31302.2,31511.5,67346.334
2023-10-23 19:00:00,31156.5,31430.9,31060.0,31339.9,44571.505
2023-10-23 18:00:00,30964.1,31171.0,30356.3,31156.5,48263.283
2023-10-23 17:00:00,31197.5,31300.0,30800.0,30964.0,53282.544
2023-10-23 16:00:00,30864.1,31283.4,30767.6,31197.5,67933.154
2023-10-23 15:00:00,30762.7,30963.2,30740.2,30864.1,27717.511
2023-10-23 14:00:00,30590.9,30865.3,30572.1,30762.7,23057.037
2023-10-23 13:00:00,30648.8,30700.0,30378.5,30590.8,25326.231
2023-10-23 12:00:00,30644.4,30742.3,30569.5,30648.9,13560.884
2023-10-23 11:00:00,30546.5,30777.0,30535.4,30644.4,17404.391
2023-10-23 10:00:00,30466.8,30559.3,30455.2,30546.6,8987.853
2023-10-23 09:00:00,30675.8,30689.4,30333.0,30466.9,25275.954
2023-10-23 08:00:00,30508.0,30707.2,30455.0,30675.8,15870.002
2023-10-23 07:00:00,30657.3,30746.0,30414.6,30508.0,22492.745
2023-10-23 06:00:00,30771.5,30990.0,30656.0,30657.3,25937.402
2023-10-23 05:00:00,30643.2,30950.0,30569.8,30771.5,34360.983
2023-10-23 04:00:00,30723.9,30877.0,30552.0,30643.1,27057.762
2023-10-23 03:00:00,30368.2,30818.0,30281.0,30724.0,35412.553
2023-10-23 02:00:00,30336.7,30394.0,30165.0,30368.1,17990.346
2023-10-23 01:00:00,30107.3,30650.0,30065.6,30336.6,59875.641
2023-10-23 00:00:00,29981.4,30150.0,29869.4,30107.3,15414.654
2023-10-22 23:00:00,30023.4,30041.0,29904.5,29981.5,8635.539
2023-10-22 22:00:00,29740.5,30060.2,29698.0,30023.4,15939.412
2023-10-22 21:00:00,29838.8,29841.4,29700.0,29740.5,6153.479
2023-10-22 20:00:00,29830.0,29869.9,29818.3,29838.8,2776.535
2023-10-22 19:00:00,29870.1,29919.7,29810.0,29830.0,3751.245
2023-10-22 18:00:00,29903.3,29922.1,29870.0,29870.1,2650.432
2023-10-22 17:00:00,29854.4,29936.9,29854.4,29903.4,5403.578
2023-10-22 16:00:00,29815.3,29877.7,29789.2,29854.4,5898.978
2023-10-22 15:00:00,29862.2,29866.7,29769.5,29815.3,6190.122
2023-10-22 14:00:00,29933.0,29939.5,29760.6,29862.1,8526.829
2023-10-22 13:00:00,29882.1,29962.6,29871.8,29933.1,3685.572
2023-10-22 12:00:00,29895.9,29941.7,29871.8,29882.0,4838.853
2023-10-22 11:00:00,29880.8,29920.6,29801.0,29895.9,6958.993
2023-10-22 10:00:00,29864.0,29940.6,29843.9,29880.7,6546.03
2023-10-22 09:00:00,29817.3,29981.8,29805.5,29864.0,11434.545
2023-10-22 08:00:00,29800.4,29869.0,29761.8,29817.3,10505.796
2023-10-22 07:00:00,30062.1,30064.7,29606.6,29800.5,30046.705
2023-10-22 06:00:00,30103.3,30206.0,30043.9,30062.1,11547.122
2023-10-22 05:00:00,29944.2,30229.7,29944.2,30103.3,15859.41
2023-10-22 04:00:00,29897.0,29988.4,29880.0,29944.2,6112.987
2023-10-22 03:00:00,29852.2,29900.0,29831.5,29897.1,3403.27
2023-10-22 02:00:00,29917.2,29917.2,29830.0,29852.2,4988.309
2023-10-22 01:00:00,29957.9,30069.4,29840.7,29917.1,11047.159
2023-10-22 00:00:00,29895.4,29994.8,29870.8,29957.9,5701.858
2023-10-21 23:00:00,29981.6,29981.7,29828.5,29895.4,7106.067
2023-10-21 22:00:00,29971.9,30017.1,29930.0,29981.6,3813.932
2023-10-21 21:00:00,30001.7,30044.1,29955.4,29971.9,4452.681
2023-10-21 20:00:00,30128.7,30145.1,29912.0,30001.6,12787.993
2023-10-21 19:00:00,30194.9,30271.8,30013.6,30128.7,15461.698
2023-10-21 18:00:00,30132.5,30374.6,29950.0,30195.0,42916.42
2023-10-21 17:00:00,29851.4,30180.0,29830.7,30132.4,27098.703
2023-10-21 16:00:00,29916.4,29943.9,29827.9,29851.5,9750.204
2023-10-21 15:00:00,29867.8,29973.9,29760.0,29916.5,17718.115
2023-10-21 14:00:00,29761.8,29910.0,29737.3,29867.8,12992.952
2023-10-21 13:00:00,29755.0,29784.3,29651.0,29761.8,9308.929
2023-10-21 12:00:00,29794.6,29817.3,29730.5,29754.9,5905.795
2023-10-21 11:00:00,29757.5,29841.0,29746.3,29794.7,6988.774
2023-10-21 10:00:00,29829.7,29871.0,29742.5,29757.5,12022.31
2023-10-21 09:00:00,29652.3,29870.9,29614.1,29829.7,12637.533
2023-10-21 08:00:00,29681.1,29707.6,29642.8,29652.2,3883.286
2023-10-21 07:00:00,29688.6,29716.0,29635.4,29681.0,5443.11
2023-10-21 06:00:00,29564.5,29725.8,29564.2,29688.7,10418.705
2023-10-21 05:00:00,29540.4,29572.1,29524.4,29564.5,2907.792
2023-10-21 04:00:00,29591.0,29617.8,29535.6,29540.4,4664.797
2023-10-21 03:00:00,29472.0,29615.3,29446.4,29591.0,10204.976
2023-10-21 02:00:00,29521.1,29528.1,29443.5,29472.0,7042.808
2023-10-21 01:00:00,29615.1,29621.9,29496.0,29521.1,6235.626
2023-10-21 00:00:00,29653.0,29678.6,29571.0,29615.1,6432.75
2023-10-20 23:00:00,29649.3,29784.5,29638.2,29653.0,16014.926
2023-10-20 22:00:00,29597.9,29665.8,29574.6,29649.3,5040.76
2023-10-20 21:00:00,29565.9,29629.5,29560.0,29597.8,3216.772
2023-10-20 20:00:00,29549.8,29624.9,29493.9,29565.9,9959.899
2023-10-20 19:00:00,29468.8,29557.2,29382.8,29549.8,8254.386
2023-10-20 18:00:00,29504.2,29544.0,29453.0,29468.9,5729.151
2023-10-20 17:00:00,29478.5,29517.5,29304.0,29504.1,13767.344
2023-10-20 16:00:00,29538.7,29578.6,29428.7,29478.5,10138.396
2023-10-20 15:00:00,29569.2,29588.0,29470.0,29538.7,10538.458
2023-10-20 14:00:00,29635.8,29718.8,29395.4,29569.2,25759.895
2023-10-20 13:00:00,29498.8,29656.6,29442.0,29635.9,21137.716
2023-10-20 12:00:00,29829.9,29900.0,29358.5,29498.7,57544.782
2023-10-20 11:00:00,29837.0,30027.2,29788.4,29829.9,25768.502
2023-10-20 10:00:00,29786.0,30243.0,29756.0,29836.9,74722.764
2023-10-20 09:00:00,29719.8,29825.0,29636.6,29785.9,23862.199
2023-10-20 08:00:00,29228.6,29840.0,29214.4,29719.8,63370.861
2023-10-20 07:00:00,29267.3,29405.4,29205.4,29228.5,16885.156
2023-10-20 06:00:00,29209.6,29274.0,29165.5,29267.2,9348.554
2023-10-20 05:00:00,29307.0,29333.1,29110.0,29209.7,17681.823
2023-10-20 04:00:00,29222.9,29347.0,29159.0,29307.0,21285.768
2023-10-20 03:00:00,28967.5,29400.0,28904.6,29222.8,54425.786
2023-10-20 02:00:00,28642.4,29200.0,28621.7,28967.5,41981.223
2023-10-20 01:00:00,28620.6,28643.9,28560.0,28642.5,6633.908
2023-10-20 00:00:00,28697.0,28756.8,28616.5,28620.5,7936.298
2023-10-19 23:00:00,28630.8,28700.0,28614.0,28696.9,4172.358
2023-10-19 22:00:00,28590.1,28691.6,28579.1,28630.8,5001.48
2023-10-19 21:00:00,28699.5,28724.9,28590.0,28590.0,8773.812
2023-10-19 20:00:00,28734.6,28883.7,28668.0,28699.5,18282.975
2023-10-19 19:00:00,28631.5,28750.0,28630.4,28734.7,9380.066
2023-10-19 18:00:00,28532.9,28680.0,28506.1,28631.5,14028.296
2023-10-19 17:00:00,28601.7,28676.1,28436.8,28532.9,20588.044
2023-10-19 16:00:00,28659.5,28933.4,28585.6,28601.6,43676.0
2023-10-19 15:00:00,28665.5,28801.6,28550.0,28659.5,43499.591
2023-10-19 14:00:00,28463.4,28742.9,28423.3,28665.6,31522.189
2023-10-19 13:00:00,28460.6,28576.4,28414.6,28463.4,12747.597
2023-10-19 12:00:00,28436.1,28563.6,28402.2,28460.6,23165.624
2023-10-19 11:00:00,28461.0,28478.7,28392.0,28436.0,5861.655
2023-10-19 10:00:00,28384.6,28498.2,28358.0,28460.9,19676.958
2023-10-19 09:00:00,28307.8,28399.0,28267.4,28384.6,8797.645
2023-10-19 08:00:00,28314.9,28366.2,28283.5,28307.8,6882.281
2023-10-19 07:00:00,28275.7,28325.0,28226.6,28315.0,6598.711
2023-10-19 06:00:00,28298.5,28314.5,28262.4,28275.8,3589.817
2023-10-19 05:00:00,28271.7,28337.0,28258.6,28298.5,6067.127
2023-10-19 04:00:00,28247.1,28275.0,28214.6,28271.7,3774.638
2023-10-19 03:00:00,28195.9,28249.8,28183.0,28247.2,4447.818
2023-10-19 02:00:00,28223.1,28261.4,28152.1,28195.8,7947.067
2023-10-19 01:00:00,28370.1,28404.6,28076.0,28223.2,19966.645
2023-10-19 00:00:00,28307.2,28383.9,28273.9,28370.1,5224.813
2023-10-18 23:00:00,28329.9,28363.1,28290.0,28307.1,4334.175
2023-10-18 22:00:00,28252.9,28330.0,28230.7,28330.0,5220.76
2023-10-18 21:00:00,28236.9,28272.0,28200.1,28252.9,3380.997
2023-10-18 20:00:00,28233.2,28293.8,28169.4,28236.9,7399.963
2023-10-18 19:00:00,28284.3,28327.8,28228.5,28233.3,6941.693
2023-10-18 18:00:00,28312.2,28352.5,28264.4,28284.3,6354.204
2023-10-18 17:00:00,28332.1,28423.4,28312.2,28312.2,9943.495
2023-10-18 16:00:00,28235.4,28386.6,28215.4,28332.1,14607.674
2023-10-18 15:00:00,28180.3,28274.6,28142.2,28235.3,10000.326
2023-10-18 14:00:00,28313.1,28354.2,28126.6,28180.4,24141.422
2023-10-18 13:00:00,28315.6,28373.9,28246.5,28313.2,13069.877
2023-10-18 12:00:00,28327.3,28393.2,28263.1,28315.7,10933.991
2023-10-18 11:00:00,28357.8,28389.0,28313.4,28327.3,6865.062
2023-10-18 10:00:00,28246.2,28402.6,28240.0,28357.8,19451.066
2023-10-18 09:00:00,28543.4,28584.9,28204.8,28246.2,19449.592
2023-10-18 08:00:00,28485.1,28547.7,28452.9,28543.4,10300.227
2023-10-18 07:00:00,28653.4,28659.5,28450.0,28485.1,17828.551
2023-10-18 06:00:00,28681.9,28728.3,28607.0,28653.4,9909.149
2023-10-18 05:00:00,28716.8,28849.9,28621.3,28681.9,35928.075
2023-10-18 04:00:00,28498.1,29100.0,28428.3,28716.8,35212.95
2023-10-18 03:00:00,28455.6,28500.0,28429.0,28498.0,5101.093
2023-10-18 02:00:00,28340.0,28494.9,28338.8,28455.7,8594.37
2023-10-18 01:00:00,28361.5,28406.0,28307.6,28340.0,5339.188
2023-10-18 00:00:00,28382.0,28424.1,28307.6,28361.4,6868.728
2023-10-17 23:00:00,28405.4,28432.8,28371.3,28381.9,3137.485
2023-10-17 22:00:00,28468.6,28473.5,28360.0,28405.3,6888.975
2023-10-17 21:00:00,28431.4,28544.3,28390.7,28468.6,6679.517
2023-10-17 20:00:00,28499.0,28528.0,28430.0,28431.3,7835.999
2023-10-17 19:00:00,28334.0,28500.0,28330.0,28499.0,8402.184
2023-10-17 18:00:00,28414.8,28474.5,28290.0,28334.0,10922.612
2023-10-17 17:00:00,28566.7,28596.0,28347.6,28414.9,16311.912
2023-10-17 16:00:00,28445.7,28591.9,28410.9,28566.7,11749.933
2023-10-17 15:00:00,28449.7,28567.7,28412.5,28445.8,19768.827
2023-10-17 14:00:00,28276.5,28500.0,28260.0,28449.7,23033.849
2023-10-17 13:00:00,28203.5,28380.0,28117.0,28276.5,33486.004
2023-10-17 12:00:00,28408.8,28458.6,28145.6,28203.5,22565.157
2023-10-17 11:00:00,28494.9,28517.0,28405.3,28408.8,7773.89
2023-10-17 10:00:00,28434.4,28605.0,28392.4,28495.0,21107.602
2023-10-17 09:00:00,28426.0,28462.3,28350.0,28434.4,6390.856
2023-10-17 08:00:00,28408.1,28509.4,28339.0,28425.9,18449.817
2023-10-17 07:00:00,28214.7,28452.8,28189.9,28408.2,20376.955
2023-10-17 06:00:00,28212.0,28227.0,28105.3,28214.7,8805.362
2023-10-17 05:00:00,28175.0,28221.2,28128.7,28212.0,6040.756
2023-10-17 04:00:00,28259.9,28260.0,28055.0,28175.0,18336.804
2023-10-17 03:00:00,28358.3,28358.7,28239.2,28259.9,5291.568
2023-10-17 02:00:00,28339.2,28379.5,28277.2,28358.3,5647.434
2023-10-17 01:00:00,28263.8,28409.5,28254.0,28339.2,7096.634
2023-10-17 00:00:00,28486.3,28534.4,28220.0,28263.9,18089.626
2023-10-16 23:00:00,28492.5,28534.5,28422.6,28486.3,6206.714
2023-10-16 22:00:00,28411.9,28548.0,28364.5,28492.5,9327.195
2023-10-16 21:00:00,28390.8,28443.5,28220.7,28411.9,12447.163
2023-10-16 20:00:00,28457.9,28633.3,28305.4,28390.8,17767.115
2023-10-16 19:00:00,28536.8,28797.9,28376.1,28457.9,37810.3
2023-10-16 18:00:00,28219.0,28590.0,28214.7,28536.9,35356.574
2023-10-16 17:00:00,28078.3,28229.7,28072.8,28219.0,13833.784
2023-10-16 16:00:00,28054.1,28171.9,28050.0,28078.2,12402.743
2023-10-16 15:00:00,28181.3,28200.0,28021.4,28054.0,19397.289
2023-10-16 14:00:00,27986.5,28382.0,27875.0,28181.4,70375.136
2023-10-16 13:00:00,27873.3,30720.0,27698.5,27986.5,355275.447
2023-10-16 12:00:00,27737.0,27880.4,27695.0,27873.3,15382.845
2023-10-16 11:00:00,27752.6,27759.1,27660.3,27737.0,6544.031
2023-10-16 10:00:00,27757.2,27775.5,27682.7,27752.6,8704.049
2023-10-16 09:00:00,27792.7,27797.9,27627.4,27757.1,24932.866
2023-10-16 08:00:00,27837.2,27890.2,27792.7,27792.8,11488.175
2023-10-16 07:00:00,27799.9,27914.2,27794.2,27837.2,11336.339
2023-10-16 06:00:00,27903.4,27968.0,27772.4,27800.0,24453.177
2023-10-16 05:00:00,27238.5,28168.6,27234.8,27903.4,94544.322
2023-10-16 04:00:00,27221.4,27263.7,27176.5,27238.4,5085.024
2023-10-16 03:00:00,27176.0,27224.2,27142.8,27221.4,5441.588
2023-10-16 02:00:00,27181.2,27274.8,27161.9,27176.1,6686.098
2023-10-16 01:00:00,27129.0,27265.0,27127.7,27181.2,10245.907
2023-10-16 00:00:00,27139.8,27179.9,27095.4,27129.0,7959.901
2023-10-15 23:00:00,27085.6,27141.4,27018.8,27139.8,12212.375
2023-10-15 22:00:00,27164.4,27287.6,27056.0,27085.7,19358.98
2023-10-15 21:00:00,27193.9,27217.7,27074.7,27164.4,12210.156
2023-10-15 20:00:00,27030.1,27456.1,27000.9,27193.9,31110.47
2023-10-15 19:00:00,27046.1,27073.0,26970.4,27030.1,8042.933
2023-10-15 18:00:00,26969.5,27050.0,26943.0,27046.1,9142.711
2023-10-15 17:00:00,26916.0,27013.5,26905.5,26969.5,12938.397
2023-10-15 16:00:00,26885.7,26918.5,26880.0,26916.0,3395.609
2023-10-15 15:00:00,26861.8,26898.0,26838.7,26885.6,3157.155
2023-10-15 14:00:00,26849.7,26909.2,26842.9,26861.8,3395.669
2023-10-15 13:00:00,26824.3,26958.0,26790.4,26849.7,16930.298
2023-10-15 12:00:00,26840.5,26840.5,26813.1,26824.2,3195.809
2023-10-15 11:00:00,26880.8,26880.9,26830.1,26840.4,3862.29
2023-10-15 10:00:00,26890.4,26890.4,26878.1,26880.9,1104.31
2023-10-15 09:00:00,26894.9,26909.6,26883.0,26890.4,2252.11
2023-10-15 08:00:00,26872.7,26899.9,26868.5,26895.0,2512.02
2023-10-15 07:00:00,26868.5,26872.7,26858.7,26872.7,980.083
2023-10-15 06:00:00,26868.4,26868.5,26860.0,26868.5,913.307
2023-10-15 05:00:00,26873.2,26875.0,26866.7,26868.3,736.925
2023-10-15 04:00:00,26871.4,26879.7,26858.8,26873.1,1822.333
2023-10-15 03:00:00,26870.5,26894.2,26861.4,26871.4,2621.148
2023-10-15 02:00:00,26876.6,26891.0,26856.5,26870.5,1980.944
2023-10-15 01:00:00,26835.0,26896.3,26831.6,26876.5,3662.653
2023-10-15 00:00:00,26836.4,26842.5,26801.0,26835.0,2461.777
2023-10-14 23:00:00,26832.7,26855.9,26832.6,26836.3,1623.794
2023-10-14 22:00:00,26806.5,26843.9,26806.4,26832.7,2022.256
2023-10-14 21:00:00,26831.9,26869.6,26773.1,26806.5,4864.909
2023-10-14 20:00:00,26851.5,26852.1,26800.0,26831.8,3621.159
2023-10-14 19:00:00,26858.5,26867.0,26835.1,26851.5,2770.009
2023-10-14 18:00:00,26875.0,26877.6,26853.5,26858.5,2498.22
2023-10-14 17:00:00,26914.8,26917.7,26869.9,26875.1,2838.708
2023-10-14 16:00:00,26927.9,26937.9,26888.6,26914.8,4872.205
2023-10-14 15:00:00,26874.3,26930.0,26864.9,26927.9,4788.075
2023-10-14 14:00:00,26894.7,26897.8,26856.7,26874.3,2240.876
2023-10-14 13:00:00,26882.3,26902.0,26867.2,26894.7,3851.673
2023-10-14 12:00:00,26860.1,26883.8,26837.6,26882.3,2403.592
2023-10-14 11:00:00,26863.2,26867.1,26835.7,26860.1,2111.926
2023-10-14 10:00:00,26870.7,26892.7,26851.7,26863.2,2619.577
2023-10-14 09:00:00,26858.0,26874.3,26858.0,26870.7,1799.541
2023-10-14 08:00:00,26860.4,26874.5,26835.0,26858.0,2832.849
2023-10-14 07:00:00,26851.1,26863.8,26828.4,26860.5,3117.496
2023-10-14 06:00:00,26874.2,26886.1,26842.8,26851.1,5253.197
2023-10-14 05:00:00,26896.5,26926.4,26871.0,26874.2,3785.872
2023-10-14 04:00:00,26918.2,26922.9,26886.5,26896.5,2597.856
2023-10-14 03:00:00,26889.7,26986.4,26889.7,26918.2,7332.03
2023-10-14 02:00:00,26900.0,26919.7,26875.6,26889.7,3085.816
2023-10-14 01:00:00,26879.9,26918.4,26828.5,26900.1,4446.461
2023-10-14 00:00:00,26849.7,26889.4,26837.5,26879.9,4786.684
2023-10-13 23:00:00,26813.9,26849.8,26746.0,26849.8,8421.577
2023-10-13 22:00:00,27005.4,27066.5,26737.1,26813.9,22625.751
2023-10-13 21:00:00,26967.8,27120.8,26830.0,27005.5,37058.099
2023-10-13 20:00:00,26769.0,27098.0,26733.3,26967.8,25278.653
2023-10-13 19:00:00,26734.6,26771.4,26709.2,26768.9,3936.79
2023-10-13 18:00:00,26756.9,26777.5,26720.0,26734.7,3701.167
2023-10-13 17:00:00,26786.0,26788.4,26675.0,26756.9,7685.813
2023-10-13 16:00:00,26692.9,26797.9,26688.1,26786.0,9102.618
2023-10-13 15:00:00,26745.3,26774.0,26670.1,26693.0,11685.236
2023-10-13 14:00:00,26843.0,26843.0,26722.6,26745.4,11958.083
2023-10-13 13:00:00,26920.1,26972.8,26820.0,26843.0,14417.305
2023-10-13 12:00:00,26810.0,26925.0,26751.0,26920.0,14812.825
2023-10-13 11:00:00,26766.2,26843.2,26766.2,26809.9,6719.788
2023-10-13 10:00:00,26725.7,26776.7,26725.7,26766.1,3997.227
2023-10-13 09:00:00,26783.1,26813.6,26722.2,26725.8,7586.408
2023-10-13 08:00:00,26857.9,26892.3,26779.0,26783.0,7694.777
2023-10-13 07:00:00,26796.5,26929.0,26796.5,26857.8,13082.375
2023-10-13 06:00:00,26809.3,26847.6,26786.9,26796.6,3953.349
2023-10-13 05:00:00,26792.6,26814.9,26770.0,26809.4,3021.862
2023-10-13 04:00:00,26769.5,26796.0,26765.3,26792.6,2480.583
2023-10-13 03:00:00,26795.3,26823.7,26756.3,26769.5,4271.401
2023-10-13 02:00:00,26781.7,26800.0,26771.6,26795.3,3274.336
2023-10-13 01:00:00,26818.0,26869.7,26777.1,26781.6,6435.381
2023-10-13 00:00:00,26744.0,26849.6,26733.9,26818.0,10020.75
2023-10-12 23:00:00,26738.9,26755.5,26692.0,26744.0,3548.462
2023-10-12 22:00:00,26745.6,26767.2,26716.9,26739.0,3093.629
2023-10-12 21:00:00,26734.4,26754.9,26695.5,26745.6,3879.125
2023-10-12 20:00:00,26700.2,26749.0,26695.0,26734.4,4757.541
2023-10-12 19:00:00,26648.6,26734.1,26614.5,26700.3,5962.546
2023-10-12 18:00:00,26630.7,26719.9,26585.0,26648.7,8483.278
2023-10-12 17:00:00,26665.2,26682.0,26534.8,26630.7,19183.628
2023-10-12 16:00:00,26665.4,26800.0,26543.1,26665.1,24639.559
2023-10-12 15:00:00,26690.3,26724.9,26606.2,26665.4,9760.826
2023-10-12 14:00:00,26746.7,26767.5,26621.6,26690.2,13925.017
2023-10-12 13:00:00,26817.0,26853.9,26667.2,26746.8,14828.696
2023-10-12 12:00:00,26827.4,26845.8,26741.9,26817.0,13828.047
2023-10-12 11:00:00,26746.2,26856.5,26708.6,26827.4,9621.48
2023-10-12 10:00:00,26732.1,26774.6,26719.5,26746.2,7571.487
2023-10-12 09:00:00,26788.5,26813.7,26650.0,26732.1,16476.907
2023-10-12 08:00:00,26799.3,26811.2,26751.5,26788.4,7516.014
2023-10-12 07:00:00,26852.4,26864.4,26789.5,26799.4,6767.045
2023-10-12 06:00:00,26865.9,26909.9,26822.9,26852.5,7118.724
2023-10-12 05:00:00,26809.4,26866.0,26768.8,26866.0,5383.15
2023-10-12 04:00:00,26836.0,26839.3,26801.4,26809.4,3266.026
2023-10-12 03:00:00,26890.0,26904.2,26814.5,26836.1,5572.807
2023-10-12 02:00:00,26766.0,26939.0,26741.1,26889.9,10369.167
2023-10-12 01:00:00,26794.0,26799.6,26722.4,26766.1,6881.223
2023-10-12 00:00:00,26864.5,26880.0,26788.4,26794.0,7844.656
2023-10-11 23:00:00,26777.0,26879.7,26746.0,26864.5,11210.758
2023-10-11 22:00:00,26721.4,26794.4,26706.4,26777.0,5799.412
2023-10-11 21:00:00,26714.4,26759.5,26666.0,26721.5,4607.346
2023-10-11 20:00:00,26753.8,26769.8,26680.0,26714.3,7145.305
2023-10-11 19:00:00,26682.5,26788.0,26668.3,26753.7,13691.414
2023-10-11 18:00:00,26626.3,26708.8,26572.7,26682.5,13958.941
2023-10-11 17:00:00,26672.8,26712.0,26525.0,26626.3,27376.191
2023-10-11 16:00:00,26769.2,26784.4,26601.6,26672.8,37081.921
2023-10-11 15:00:00,27081.8,27092.0,26700.0,26769.1,55317.275
2023-10-11 14:00:00,27132.7,27155.0,27020.0,27081.8,12203.719
2023-10-11 13:00:00,27157.8,27173.4,27057.9,27132.7,10481.706
2023-10-11 12:00:00,27185.0,27252.6,27023.8,27157.9,21765.793
2023-10-11 11:00:00,27265.2,27285.2,27161.0,27185.0,9891.095
2023-10-11 10:00:00,27275.2,27320.0,27205.2,27265.1,16775.34
2023-10-11 09:00:00,27099.9,27279.0,27075.7,27275.2,20123.623
2023-10-11 08:00:00,27012.7,27108.5,27002.9,27099.9,10633.652
2023-10-11 07:00:00,27059.7,27087.9,27005.0,27012.8,8100.08
2023-10-11 06:00:00,27102.8,27108.0,27044.8,27059.7,6473.095
2023-10-11 05:00:00,27111.1,27131.1,27044.8,27102.9,7599.662
2023-10-11 04:00:00,27000.7,27119.9,26951.7,27111.1,16312.587
2023-10-11 03:00:00,27109.9,27144.3,27000.0,27000.7,22134.442
2023-10-11 02:00:00,27429.1,27429.6,27016.0,27110.0,41809.261
2023-10-11 01:00:00,27453.9,27467.6,27405.4,27429.1,3240.129
2023-10-11 00:00:00,27381.3,27466.2,27375.4,27454.0,4453.824
2023-10-10 23:00:00,27434.9,27444.0,27369.5,27381.2,2635.845
2023-10-10 22:00:00,27414.6,27458.2,27411.2,27434.9,1928.411
2023-10-10 21:00:00,27391.1,27457.9,27365.0,27414.5,5655.783
2023-10-10 20:00:00,27386.3,27419.3,27308.1,27391.0,6200.857
2023-10-10 19:00:00,27343.8,27408.0,27300.8,27386.4,10692.972
2023-10-10 18:00:00,27356.9,27384.0,27281.0,27343.8,11639.88
2023-10-10 17:00:00,27417.6,27441.7,27331.2,27356.9,11648.063
2023-10-10 16:00:00,27395.6,27503.7,27321.6,27417.7,20885.376
2023-10-10 15:00:00,27427.0,27463.2,27333.3,27395.5,19896.217
2023-10-10 14:00:00,27384.9,27622.9,27340.0,27427.1,35962.01
2023-10-10 13:00:00,27411.9,27468.3,27318.2,27384.8,22139.37
2023-10-10 12:00:00,27494.0,27518.8,27389.0,27411.9,16341.012
2023-10-10 11:00:00,27596.8,27604.6,27486.5,27494.1,12681.32
2023-10-10 10:00:00,27650.1,27663.6,27589.9,27596.9,6187.019
2023-10-10 09:00:00,27663.6,27670.7,27626.9,27650.1,4550.999
2023-10-10 08:00:00,27634.9,27727.3,27630.0,27663.7,7505.358
2023-10-10 07:00:00,27638.0,27694.9,27625.9,27634.9,6304.206
2023-10-10 06:00:00,27595.9,27647.4,27595.8,27638.0,5411.306
2023-10-10 05:00:00,27584.6,27598.8,27565.2,27595.9,2789.853
2023-10-10 04:00:00,27621.5,27625.9,27569.4,27584.5,4153.519
2023-10-10 03:00:00,27668.2,27677.8,27615.8,27621.6,3800.562
2023-10-10 02:00:00,27581.7,27695.1,27561.1,27668.2,7155.931
2023-10-10 01:00:00,27538.5,27599.9,27482.0,27581.7,7405.752
2023-10-10 00:00:00,27578.4,27623.8,27530.2,27538.6,6207.875
2023-10-09 23:00:00,27575.9,27605.0,27558.1,27578.3,2906.802
2023-10-09 22:00:00,27607.4,27627.0,27562.0,27575.9,3771.446
2023-10-09 21:00:00,27556.1,27627.2,27542.3,27607.4,3540.588
2023-10-09 20:00:00,27607.7,27644.0,27542.9,27556.2,4995.344
2023-10-09 19:00:00,27555.0,27632.4,27526.3,27607.6,8683.886
2023-10-09 18:00:00,27582.6,27739.6,27550.8,27554.9,25625.567
2023-10-09 17:00:00,27391.2,27584.6,27330.2,27582.6,19408.598
2023-10-09 16:00:00,27433.1,27539.4,27250.0,27391.1,45875.904
2023-10-09 15:00:00,27486.6,27529.9,27410.5,27433.0,11064.361
2023-10-09 14:00:00,27505.8,27567.2,27450.8,27486.6,14389.35
2023-10-09 13:00:00,27425.4,27524.3,27358.2,27505.7,15645.367
2023-10-09 12:00:00,27456.0,27537.8,27366.7,27425.3,19872.137
2023-10-09 11:00:00,27522.3,27522.4,27392.0,27455.9,17441.343
2023-10-09 10:00:00,27531.0,27599.9,27458.0,27522.3,22019.032
2023-10-09 09:00:00,27735.9,27786.9,27430.0,27531.0,37563.227
2023-10-09 08:00:00,27804.6,27834.8,27688.0,27735.8,16241.104
2023-10-09 07:00:00,27890.9,27897.5,27800.0,27804.6,8417.771
2023-10-09 06:00:00,27851.7,27900.0,27842.6,27890.9,3804.302
2023-10-09 05:00:00,27916.6,27921.5,27850.0,27851.7,4419.329
2023-10-09 04:00:00,27911.9,27934.0,27909.2,27916.6,2168.599
2023-10-09 03:00:00,27923.8,27950.0,27902.1,27911.9,3094.114
2023-10-09 02:00:00,27948.3,27974.0,27907.9,27923.7,4902.968
2023-10-09 01:00:00,27808.8,27977.0,27780.3,27948.4,10574.696
2023-10-09 00:00:00,27901.2,27907.7,27787.5,27808.8,7890.746
2023-10-08 23:00:00,27903.7,27929.5,27880.0,27901.2,3469.795
2023-10-08 22:00:00,27904.0,27930.1,27780.4,27903.6,9594.522
2023-10-08 21:00:00,27892.9,27968.7,27875.2,27904.0,6192.824
2023-10-08 20:00:00,27880.3,27919.8,27861.8,27892.8,3099.727
2023-10-08 19:00:00,27859.1,27910.0,27859.1,27880.4,5243.892
2023-10-08 18:00:00,27862.9,27865.4,27791.0,27859.2,8616.774
2023-10-08 17:00:00,27902.8,27937.1,27861.4,27862.9,3317.393
2023-10-08 16:00:00,27883.5,27928.8,27858.5,27902.8,6072.003
2023-10-08 15:00:00,27917.0,27940.0,27869.8,27883.5,4746.091
2023-10-08 14:00:00,27898.1,27968.6,27859.4,27917.1,9074.576
2023-10-08 13:00:00,27797.6,27989.8,27671.0,27898.2,31023.025
2023-10-08 12:00:00,27799.2,27865.0,27790.0,27797.6,5470.502
2023-10-08 11:00:00,27805.4,27842.1,27782.4,27799.2,6367.524
2023-10-08 10:00:00,27868.4,27885.1,27758.9,27805.4,12554.895
2023-10-08 09:00:00,27900.3,27923.2,27812.5,27868.4,8008.526
2023-10-08 08:00:00,27892.4,27927.0,27860.0,27900.4,4150.939
2023-10-08 07:00:00,27877.7,27909.9,27864.6,27892.4,3462.246
2023-10-08 06:00:00,27925.0,27939.9,27872.5,27877.7,5058.035
2023-10-08 05:00:00,27915.3,27931.9,27867.0,27925.0,7689.478
2023-10-08 04:00:00,28050.0,28061.5,27906.2,27915.2,11807.578
2023-10-08 03:00:00,27999.2,28079.0,27980.8,28049.9,5755.827
2023-10-08 02:00:00,28001.4,28082.0,27965.0,27999.1,8632.701
2023-10-08 01:00:00,27950.9,28016.9,27924.9,28001.3,6148.23
2023-10-08 00:00:00,27943.0,27968.0,27935.5,27950.8,2823.204
2023-10-07 23:00:00,27938.5,27947.8,27928.5,27943.0,2123.414
2023-10-07 22:00:00,27918.0,27940.0,27909.3,27938.4,2189.842
2023-10-07 21:00:00,27909.9,27945.0,27897.9,27918.0,2680.632
2023-10-07 20:00:00,27849.7,27917.4,27838.5,27909.9,3272.468
2023-10-07 19:00:00,27878.3,27908.4,27831.8,27849.7,5755.131
2023-10-07 18:00:00,27918.2,27931.7,27846.4,27878.2,6273.534
2023-10-07 17:00:00,27927.0,27949.8,27885.2,27918.2,4908.08
2023-10-07 16:00:00,27926.5,27952.6,27915.0,27927.0,2923.833
2023-10-07 15:00:00,27938.9,27959.9,27885.1,27926.4,4935.168
2023-10-07 14:00:00,27922.8,27942.0,27898.9,27939.0,3618.617
2023-10-07 13:00:00,27946.0,27965.0,27882.6,27922.8,5693.475
2023-10-07 12:00:00,27929.4,27974.8,27923.0,27945.9,3652.593
2023-10-07 11:00:00,27931.3,28000.0,27918.8,27929.4,6819.449
2023-10-07 10:00:00,27943.3,27949.8,27914.0,27931.2,3568.433
2023-10-07 09:00:00,27993.1,28018.7,27920.2,27943.2,6669.326
2023-10-07 08:00:00,27878.1,28014.6,27865.4,27993.1,11733.03
2023-10-07 07:00:00,27875.6,27907.2,27872.5,27878.2,2830.504
2023-10-07 06:00:00,27889.1,27899.6,27858.4,27875.6,3427.781
2023-10-07 05:00:00,27900.0,27933.0,27870.0,27889.0,4358.511
2023-10-07 04:00:00,27891.0,27924.4,27887.8,27900.1,2749.09
2023-10-07 03:00:00,27861.3,27937.1,27854.9,27890.9,4407.989
2023-10-07 02:00:00,27887.0,27908.6,27857.8,27861.3,4672.019
2023-10-07 01:00:00,27901.6,27939.0,27854.6,27887.1,5297.621
2023-10-07 00:00:00,27916.3,27944.6,27822.1,27901.6,12488.605
2023-10-06 23:00:00,27956.1,27968.4,27861.0,27916.3,11185.044
2023-10-06 22:00:00,28030.2,28127.4,27948.2,27956.1,14715.986
2023-10-06 21:00:00,27963.5,28450.0,27915.1,28030.2,27638.259
2023-10-06 20:00:00,27939.1,28009.8,27880.8,27963.4,7946.977
2023-10-06 19:00:00,27889.4,28030.0,27861.3,27939.1,14941.591
2023-10-06 18:00:00,27946.8,27981.9,27851.6,27889.4,9599.165
2023-10-06 17:00:00,27861.1,27995.4,27773.0,27946.7,16649.308
2023-10-06 16:00:00,27926.6,28012.0,27790.0,27861.2,32983.909
2023-10-06 15:00:00,27654.7,28035.6,27615.6,27926.5,55565.584
2023-10-06 14:00:00,27513.8,27694.9,27450.1,27654.7,25455.533
2023-10-06 13:00:00,27238.7,27697.0,27156.0,27513.7,56247.388
2023-10-06 12:00:00,27750.0,27757.2,27160.0,27238.6,55177.691
2023-10-06 11:00:00,27658.1,27763.1,27601.1,27750.0,14494.305
2023-10-06 10:00:00,27674.9,27785.0,27650.7,27658.2,19044.076
2023-10-06 09:00:00,27602.8,27690.0,27571.1,27674.9,9205.629
2023-10-06 08:00:00,27626.8,27658.9,27587.1,27602.8,9886.027
2023-10-06 07:00:00,27478.1,27644.0,27468.0,27626.8,13958.064
2023-10-06 06:00:00,27488.2,27507.5,27450.0,27478.1,4736.802
2023-10-06 05:00:00,27516.1,27520.0,27460.8,27488.2,4054.023
2023-10-06 04:00:00,27544.8,27548.8,27471.0,27516.1,6399.961
2023-10-06 03:00:00,27528.6,27565.2,27517.3,27544.8,3517.926
2023-10-06 02:00:00,27504.3,27582.8,27501.7,27528.5,11950.856
2023-10-06 01:00:00,27443.2,27524.5,27442.0,27504.2,7467.753
2023-10-06 00:00:00,27398.3,27460.7,27382.6,27443.1,5624.047
2023-10-05 23:00:00,27422.2,27448.8,27383.0,27398.4,4191.389
2023-10-05 22:00:00,27433.1,27454.7,27368.5,27422.2,6832.989
2023-10-05 21:00:00,27463.0,27497.2,27433.1,27433.1,4085.252
2023-10-05 20:00:00,27457.1,27491.3,27390.2,27463.0,7133.504
2023-10-05 19:00:00,27480.9,27511.1,27418.1,27457.1,6224.049
2023-10-05 18:00:00,27473.7,27529.9,27403.1,27480.9,12753.986
2023-10-05 17:00:00,27433.4,27529.5,27333.5,27473.6,17660.529
2023-10-05 16:00:00,27540.0,27609.9,27350.0,27433.5,44131.271
2023-10-05 15:00:00,27946.3,27957.5,27380.0,27540.0,76042.104
2023-10-05 14:00:00,27976.6,28110.0,27905.4,27946.3,34386.964
2023-10-05 13:00:00,27710.1,28095.0,27710.0,27976.6,62822.624
2023-10-05 12:00:00,27710.6,27755.6,27663.1,27710.0,8960.905
2023-10-05 11:00:00,27727.2,27764.9,27686.0,27710.7,7426.339
2023-10-05 10:00:00,27672.3,27737.8,27644.6,27727.2,6603.526
2023-10-05 09:00:00,27634.1,27718.5,27620.6,27672.4,7028.909
2023-10-05 08:00:00,27595.4,27653.9,27578.1,27634.1,5797.607
2023-10-05 07:00:00,27643.0,27643.1,27533.1,27595.3,9354.367
2023-10-05 06:00:00,27625.8,27655.0,27590.4,27643.0,6055.906
2023-10-05 05:00:00,27678.6,27688.4,27623.1,27625.8,3682.887
2023-10-05 04:00:00,27638.0,27684.2,27622.8,27678.7,4210.087
2023-10-05 03:00:00,27662.7,27698.2,27631.0,27638.1,4198.288
2023-10-05 02:00:00,27717.5,27725.4,27640.0,27662.6,6137.68
2023-10-05 01:00:00,27793.1,27798.0,27671.5,27717.5,10026.285
2023-10-05 00:00:00,27759.7,27890.0,27703.3,27793.1,14442.64
2023-10-04 23:00:00,27740.5,27824.0,27740.5,27759.8,8385.276
2023-10-04 22:00:00,27671.0,27764.4,27644.0,27740.5,5975.44
2023-10-04 21:00:00,27633.4,27780.0,27633.2,27671.0,7435.723
2023-10-04 20:00:00,27606.3,27727.6,27550.0,27633.5,12459.524
2023-10-04 19:00:00,27613.8,27830.0,27507.2,27606.0,43150.592
2023-10-04 18:00:00,27521.7,27620.0,27505.0,27613.8,8280.764
2023-10-04 17:00:00,27509.5,27579.6,27492.1,27521.7,6367.785
2023-10-04 16:00:00,27388.3,27587.5,27385.8,27509.5,14815.145
2023-10-04 15:00:00,27376.7,27462.2,27351.0,27388.3,8369.591
2023-10-04 14:00:00,27404.6,27450.0,27317.1,27376.6,17885.044
2023-10-04 13:00:00,27553.0,27562.4,27380.0,27404.6,19753.953
2023-10-04 12:00:00,27560.0,27619.4,27519.7,27553.0,9552.218
2023-10-04 11:00:00,27513.1,27589.9,27507.0,27559.9,6462.436
2023-10-04 10:00:00,27610.9,27627.6,27504.0,27513.1,11994.958
2023-10-04 09:00:00,27504.8,27626.0,27492.9,27610.8,11513.481
2023-10-04 08:00:00,27442.0,27559.7,27420.5,27504.8,13088.412
2023-10-04 07:00:00,27408.5,27442.0,27388.9,27442.0,5377.834
2023-10-04 06:00:00,27397.4,27408.5,27335.8,27408.5,4740.068
2023-10-04 05:00:00,27378.6,27397.5,27345.0,27397.5,4174.491
2023-10-04 04:00:00,27416.3,27416.3,27370.0,27378.6,3779.805
2023-10-04 03:00:00,27398.8,27454.0,27392.0,27416.3,4238.106
2023-10-04 02:00:00,27323.0,27500.0,27299.3,27398.7,14623.113
2023-10-04 01:00:00,27297.0,27345.5,27244.7,27323.0,9857.229
2023-10-04 00:00:00,27412.0,27423.2,27163.9,27297.1,28503.334
2023-10-03 23:00:00,27393.3,27459.7,27365.6,27412.0,11359.086
2023-10-03 22:00:00,27388.0,27397.8,27252.3,27393.3,10375.236
2023-10-03 21:00:00,27384.5,27446.8,27344.9,27388.0,6470.303
2023-10-03 20:00:00,27263.8,27387.1,27123.0,27384.5,20116.574
2023-10-03 19:00:00,27286.1,27417.8,27230.0,27263.8,15871.103
2023-10-03 18:00:00,27424.0,27435.6,27284.9,27286.2,10238.328
2023-10-03 17:00:00,27371.6,27479.5,27371.6,27424.0,9134.189
2023-10-03 16:00:00,27332.1,27433.4,27305.3,27371.6,12684.643
2023-10-03 15:00:00,27338.6,27406.4,27212.3,27332.0,22462.101
2023-10-03 14:00:00,27533.4,27533.4,27255.0,27338.6,37411.645
2023-10-03 13:00:00,27458.1,27569.2,27373.8,27533.4,13079.558
2023-10-03 12:00:00,27549.1,27552.0,27400.2,27458.2,17462.488
2023-10-03 11:00:00,27611.6,27620.0,27458.3,27549.1,14389.665
2023-10-03 10:00:00,27530.3,27623.5,27530.3,27611.6,6291.622
2023-10-03 09:00:00,27584.0,27607.3,27528.5,27530.3,6304.505
2023-10-03 08:00:00,27528.0,27630.0,27525.0,27583.9,6113.411
2023-10-03 07:00:00,27621.9,27639.6,27510.1,27528.1,7225.211
2023-10-03 06:00:00,27552.7,27665.0,27549.0,27622.0,6145.03
2023-10-03 05:00:00,27620.0,27622.7,27552.7,27552.7,4465.093
2023-10-03 04:00:00,27585.8,27633.3,27530.0,27620.0,6230.723
2023-10-03 03:00:00,27569.4,27627.9,27517.5,27585.8,7805.049
2023-10-03 02:00:00,27552.5,27607.8,27502.2,27569.3,6020.042
2023-10-03 01:00:00,27418.0,27555.2,27366.1,27552.4,10818.904
2023-10-03 00:00:00,27477.7,27559.3,27380.1,27418.0,14603.39
2023-10-02 23:00:00,27537.1,27608.4,27455.0,27477.6,15158.013
2023-10-02 22:00:00,27456.7,27544.6,27326.5,27537.0,22885.55
2023-10-02 21:00:00,27836.6,27863.9,27255.0,27456.7,42121.99
2023-10-02 20:00:00,27955.3,27955.4,27808.0,27836.6,8821.913
2023-10-02 19:00:00,27789.9,27963.3,27614.6,27955.3,28868.44
2023-10-02 18:00:00,28046.1,28095.0,27635.8,27789.8,38180.633
2023-10-02 17:00:00,27986.8,28115.0,27888.7,28046.1,17290.824
2023-10-02 16:00:00,28015.0,28111.0,27838.5,27986.7,45849.809
2023-10-02 15:00:00,28292.4,28409.9,27971.0,28015.0,46177.82
2023-10-02 14:00:00,28540.0,28613.0,28160.6,28292.4,50785.366
2023-10-02 13:00:00,28305.0,28550.0,28272.4,28540.0,30209.737
2023-10-02 12:00:00,28183.1,28340.6,28183.1,28305.0,15036.446
2023-10-02 11:00:00,28294.1,28362.2,28177.0,28183.2,21722.179
2023-10-02 10:00:00,28272.4,28330.5,28257.4,28294.0,8431.165
2023-10-02 09:00:00,28264.5,28313.9,28220.2,28272.5,15554.754
2023-10-02 08:00:00,28299.2,28477.0,28235.9,28264.4,39848.207
2023-10-02 07:00:00,28086.5,28428.2,28082.8,28299.1,46223.465
2023-10-02 06:00:00,27966.0,28095.0,27951.8,28086.6,9782.371
2023-10-02 05:00:00,28054.0,28101.9,27880.0,27966.0,13888.368
2023-10-02 04:00:00,28114.9,28146.7,28004.2,28054.0,12647.27
2023-10-02 03:00:00,27971.3,28231.0,27940.0,28114.8,23939.676
2023-10-02 02:00:00,27907.4,27990.0,27885.5,27971.2,9016.344
2023-10-02 01:00:00,27917.6,27956.8,27811.6,27907.4,11539.817
2023-10-02 00:00:00,27981.4,28050.7,27870.0,27917.7,19297.563
2023-10-01 23:00:00,27989.6,28020.0,27851.1,27981.4,20761.995
2023-10-01 22:00:00,27164.1,28365.2,27137.9,27989.7,89652.916
2023-10-01 21:00:00,27093.6,27180.0,27072.5,27164.0,3710.802
2023-10-01 20:00:00,27091.0,27135.6,27015.0,27093.6,7945.271
2023-10-01 19:00:00,27083.0,27096.0,27058.6,27091.1,2688.989
2023-10-01 18:00:00,27061.7,27089.6,27050.5,27083.0,3099.633
2023-10-01 17:00:00,27099.9,27129.2,27021.4,27061.8,7944.326
2023-10-01 16:00:00,27135.8,27142.5,27065.3,27099.9,4751.717
2023-10-01 15:00:00,27108.8,27145.0,27090.8,27135.8,4457.786
2023-10-01 14:00:00,27175.6,27219.7,27067.4,27108.9,12806.333
2023-10-01 13:00:00,27176.3,27186.2,27131.4,27175.7,4580.093
2023-10-01 12:00:00,27174.2,27188.0,27108.1,27176.3,7792.07
2023-10-01 11:00:00,27195.5,27229.7,27153.0,27174.2,6985.793
2023-10-01 10:00:00,27202.7,27279.5,27150.0,27195.5,13993.563
2023-10-01 09:00:00,27122.1,27222.0,27121.0,27202.8,13735.07
2023-10-01 08:00:00,27092.1,27145.0,27070.5,27122.1,4752.609
2023-10-01 07:00:00,27113.1,27148.0,27079.7,27092.1,6274.466
2023-10-01 06:00:00,27061.9,27131.9,27061.9,27113.1,7682.681
2023-10-01 05:00:00,27035.0,27064.2,27028.1,27061.9,3884.222
2023-10-01 04:00:00,27032.9,27035.0,27004.2,27035.0,1889.918
2023-10-01 03:00:00,27015.7,27039.7,26993.6,27033.0,2415.426
2023-10-01 02:00:00,27005.1,27037.5,27004.4,27015.6,2681.754
2023-10-01 01:00:00,26976.9,27026.8,26963.8,27005.1,3161.822
2023-10-01 00:00:00,26951.0,26986.6,26939.0,26976.9,2733.691
2023-09-30 23:00:00,26996.5,26999.8,26942.1,26950.9,3409.319
2023-09-30 22:00:00,26984.0,27021.6,26968.0,26996.4,3202.577
2023-09-30 21:00:00,27049.0,27070.4,26929.8,26984.0,5545.786
2023-09-30 20:00:00,27011.2,27061.6,27011.1,27049.0,3577.599
2023-09-30 19:00:00,26992.3,27026.7,26972.8,27011.2,2369.602
2023-09-30 18:00:00,27005.9,27006.9,26975.5,26992.3,2541.691
2023-09-30 17:00:00,27006.0,27021.4,26958.0,27005.8,3698.103
2023-09-30 16:00:00,26986.2,27032.7,26960.0,27006.1,5569.161
2023-09-30 15:00:00,26977.6,27085.0,26966.2,26986.2,13713.272
2023-09-30 14:00:00,26962.0,26998.0,26943.3,26977.6,7225.95
2023-09-30 13:00:00,26914.2,26973.0,26890.4,26962.0,4658.436
2023-09-30 12:00:00,26924.3,26942.8,26910.1,26914.2,3222.804
2023-09-30 11:00:00,26966.2,26987.6,26911.0,26924.3,4905.116
2023-09-30 10:00:00,26937.3,26979.7,26937.3,26966.2,3988.928
2023-09-30 09:00:00,26916.8,26949.6,26916.8,26937.4,2676.912
2023-09-30 08:00:00,26915.9,26927.5,26906.0,26916.7,2007.496
2023-09-30 07:00:00,26912.4,26949.5,26907.0,26915.9,2924.642
2023-09-30 06:00:00,26924.2,26940.8,26912.4,26912.4,2002.343
2023-09-30 05:00:00,26909.4,26944.3,26909.3,26924.2,2290.269
2023-09-30 04:00:00,26904.1,26929.7,26895.8,26909.4,2380.117
2023-09-30 03:00:00,26897.0,26924.8,26878.5,26904.1,2519.221
2023-09-30 02:00:00,26882.0,26905.6,26870.4,26897.0,2260.152
2023-09-30 01:00:00,26922.1,26929.8,26876.4,26882.0,2451.172
2023-09-30 00:00:00,26890.9,26934.9,26875.1,26922.0,3176.486
2023-09-29 23:00:00,26875.1,26914.3,26860.0,26890.9,2711.146
2023-09-29 22:00:00,26858.7,26902.8,26850.1,26875.0,3705.633
2023-09-29 21:00:00,26898.0,26909.7,26852.4,26858.7,2254.006
2023-09-29 20:00:00,26912.6,26979.0,26857.0,26898.0,5434.73
2023-09-29 19:00:00,26908.0,26944.6,26879.3,26912.7,6415.992
2023-09-29 18:00:00,26825.6,26922.6,26731.0,26908.0,13143.468
2023-09-29 17:00:00,26864.5,26874.2,26813.7,26825.5,4601.901
2023-09-29 16:00:00,26874.9,26899.7,26796.8,26864.5,9192.46
2023-09-29 15:00:00,26897.6,26922.8,26774.8,26874.8,17385.871
2023-09-29 14:00:00,26881.0,27098.0,26625.0,26897.6,64903.72
2023-09-29 13:00:00,26988.6,27036.5,26875.0,26881.0,15416.318
2023-09-29 12:00:00,26958.3,26999.7,26880.0,26988.6,14984.653
2023-09-29 11:00:00,27012.4,27050.1,26943.0,26958.3,7075.262
2023-09-29 10:00:00,27018.9,27052.9,26997.6,27012.4,5121.642
2023-09-29 09:00:00,26995.1,27070.0,26950.0,27018.9,9635.185
2023-09-29 08:00:00,27167.9,27168.0,26980.5,26995.2,13453.258
2023-09-29 07:00:00,27060.6,27231.5,27021.8,27168.0,21841.999
2023-09-29 06:00:00,26964.8,27069.0,26940.0,27060.7,8344.411
2023-09-29 05:00:00,26962.8,26976.4,26938.2,26964.8,3839.946
2023-09-29 04:00:00,26944.6,26962.9,26878.6,26962.8,5096.324
2023-09-29 03:00:00,26879.4,26950.0,26868.2,26944.6,6459.466
2023-09-29 02:00:00,27026.5,27070.0,26850.0,26879.5,14870.49
2023-09-29 01:00:00,27056.8,27100.0,26980.1,27026.6,9429.927
2023-09-29 00:00:00,27011.7,27130.2,26970.0,27056.8,12079.835
2023-09-28 23:00:00,27001.7,27062.0,26980.2,27011.8,4619.405
2023-09-28 22:00:00,26988.9,27039.0,26933.7,27001.8,6268.369
2023-09-28 21:00:00,27071.4,27089.8,26880.0,26988.9,14898.643
2023-09-28 20:00:00,27088.5,27157.2,27025.7,27071.2,12376.906
2023-09-28 19:00:00,26948.9,27128.5,26900.0,27088.5,21596.485
2023-09-28 18:00:00,27144.0,27220.0,26837.3,26949.0,29374.425
2023-09-28 17:00:00,27047.6,27174.9,27043.2,27143.9,14736.968
2023-09-28 16:00:00,27012.3,27308.7,27008.0,27047.7,69260.076
2023-09-28 15:00:00,26780.0,27075.0,26776.5,27012.3,47997.112
2023-09-28 14:00:00,26566.1,26900.0,26539.8,26780.0,62917.9
2023-09-28 13:00:00,26464.2,26570.0,26452.7,26566.1,11455.503
2023-09-28 12:00:00,26464.3,26560.1,26450.0,26464.2,10174.232
2023-09-28 11:00:00,26554.6,26574.5,26423.5,26464.4,12925.775
2023-09-28 10:00:00,26414.3,26620.0,26400.4,26554.7,20510.092
2023-09-28 09:00:00,26392.4,26439.7,26373.8,26414.3,5472.172
2023-09-28 08:00:00,26445.7,26454.3,26383.6,26392.5,6386.603
2023-09-28 07:00:00,26461.8,26496.7,26420.2,26445.7,8247.482
2023-09-28 06:00:00,26437.0,26474.6,26393.7,26461.7,5423.69
2023-09-28 05:00:00,26431.8,26479.6,26390.0,26437.0,7761.609
2023-09-28 04:00:00,26363.9,26457.0,26331.3,26431.7,7241.519
2023-09-28 03:00:00,26371.9,26379.0,26325.2,26363.8,4649.765
2023-09-28 02:00:00,26435.7,26523.2,26348.8,26371.9,10393.789
2023-09-28 01:00:00,26429.4,26450.0,26334.5,26435.8,11782.076
2023-09-28 00:00:00,26359.6,26549.9,26346.8,26429.3,23117.262
2023-09-27 23:00:00,26322.3,26374.9,26280.3,26359.6,7801.991
2023-09-27 22:00:00,26269.0,26339.9,26268.9,26322.3,5363.062
2023-09-27 21:00:00,26246.1,26294.5,26228.5,26269.0,3707.792
2023-09-27 20:00:00,26258.6,26282.2,26211.6,26246.1,5198.267
2023-09-27 19:00:00,26240.5,26285.0,26238.0,26258.6,5895.835
2023-09-27 18:00:00,26220.2,26273.0,26100.0,26240.6,16218.544
2023-09-27 17:00:00,26228.0,26263.3,26140.3,26220.2,11676.991
2023-09-27 16:00:00,26293.4,26303.7,26216.0,26227.9,9121.479
2023-09-27 15:00:00,26184.0,26318.0,26166.9,26293.4,20846.68
2023-09-27 14:00:00,26607.8,26625.2,26050.0,26184.0,72513.686
2023-09-27 13:00:00,26710.8,26797.0,26552.5,26607.9,24850.384
2023-09-27 12:00:00,26755.7,26849.9,26670.1,26710.7,30536.396
2023-09-27 11:00:00,26425.7,26840.0,26420.7,26755.8,65169.393
2023-09-27 10:00:00,26383.3,26479.9,26343.1,26425.6,23381.191
2023-09-27 09:00:00,26247.0,26393.0,26243.9,26383.4,18214.109
2023-09-27 08:00:00,26233.4,26254.8,26209.0,26247.0,3261.876
2023-09-27 07:00:00,26245.5,26256.4,26228.5,26233.4,2180.13
2023-09-27 06:00:00,26245.0,26261.8,26222.3,26245.4,2849.753
2023-09-27 05:00:00,26235.0,26252.1,26220.9,26245.0,2988.008
2023-09-27 04:00:00,26266.9,26280.1,26234.9,26235.0,2624.53
2023-09-27 03:00:00,26216.2,26281.5,26214.5,26266.9,3256.018
2023-09-27 02:00:00,26245.1,26268.0,26209.2,26216.3,3419.061
2023-09-27 01:00:00,26246.2,26255.6,26205.3,26245.0,3457.338
2023-09-27 00:00:00,26208.7,26250.0,26189.1,26246.2,8470.326
2023-09-26 23:00:00,26145.1,26229.7,26137.2,26208.8,4447.554
2023-09-26 22:00:00,26156.8,26198.0,26140.6,26145.1,3193.382
2023-09-26 21:00:00,26153.5,26184.5,26080.0,26156.7,7479.151
2023-09-26 20:00:00,26235.8,26280.9,26140.0,26153.5,8585.756
2023-09-26 19:00:00,26173.7,26267.0,26157.8,26235.8,8169.197
2023-09-26 18:00:00,26163.0,26197.0,26132.5,26173.7,4842.947
2023-09-26 17:00:00,26206.3,26258.8,26128.3,26162.9,8518.772
2023-09-26 16:00:00,26114.8,26289.9,26100.8,26206.2,14609.221
2023-09-26 15:00:00,26183.0,26195.0,26073.8,26114.8,11336.947
2023-09-26 14:00:00,26168.3,26205.3,26106.0,26183.0,13942.878
2023-09-26 13:00:00,26200.1,26249.6,26124.0,26168.3,19191.148
2023-09-26 12:00:00,26262.4,26296.6,26185.0,26200.1,10123.061
2023-09-26 11:00:00,26238.0,26280.0,26170.1,26262.4,11256.441
2023-09-26 10:00:00,26258.8,26266.9,26210.0,26238.0,5173.13
2023-09-26 09:00:00,26258.1,26322.4,26212.1,26258.7,8895.818
2023-09-26 08:00:00,26256.3,26273.4,26240.0,26258.0,4559.008
2023-09-26 07:00:00,26279.7,26279.8,26241.4,26256.3,4269.426
2023-09-26 06:00:00,26308.1,26327.9,26255.0,26279.8,4893.519
2023-09-26 05:00:00,26331.2,26340.0,26291.9,26308.1,3437.877
2023-09-26 04:00:00,26338.8,26353.3,26314.2,26331.1,3313.195
2023-09-26 03:00:00,26343.0,26388.0,26330.3,26338.8,6225.954
2023-09-26 02:00:00,26287.9,26347.3,26270.0,26343.0,5241.872
2023-09-26 01:00:00,26249.8,26288.0,26221.0,26288.0,4569.62
2023-09-26 00:00:00,26290.5,26294.8,26230.5,26249.8,4215.295
2023-09-25 23:00:00,26267.2,26308.3,26254.1,26290.5,3443.792
2023-09-25 22:00:00,26267.7,26281.8,26252.9,26267.1,2813.644
2023-09-25 21:00:00,26275.2,26303.8,26247.6,26267.8,5013.715
2023-09-25 20:00:00,26318.6,26440.0,26262.6,26275.1,12108.098
2023-09-25 19:00:00,26316.2,26339.5,26251.1,26318.6,7329.779
2023-09-25 18:00:00,26341.3,26377.5,26296.7,26316.2,6976.684
2023-09-25 17:00:00,26309.2,26363.9,26205.2,26341.3,14452.948
2023-09-25 16:00:00,26231.0,26419.4,26230.9,26309.2,24747.686
2023-09-25 15:00:00,26123.4,26289.9,26123.3,26230.9,20772.061
2023-09-25 14:00:00,26153.0,26171.4,26103.6,26123.4,7506.536
2023-09-25 13:00:00,26092.0,26181.0,26077.2,26153.0,12743.825
2023-09-25 12:00:00,26064.5,26110.9,25977.0,26092.1,17151.279
2023-09-25 11:00:00,26080.1,26098.6,26010.0,26064.6,9626.788
2023-09-25 10:00:00,26050.0,26105.7,26034.2,26080.0,5617.995
2023-09-25 09:00:00,26130.9,26135.5,26013.8,26049.9,9844.604
2023-09-25 08:00:00,26176.7,26223.0,26093.1,26130.9,8772.386
2023-09-25 07:00:00,26126.1,26181.9,26090.4,26176.8,6442.083
2023-09-25 06:00:00,26105.1,26163.0,26025.0,26126.1,9821.258
2023-09-25 05:00:00,26138.8,26143.4,26059.8,26105.1,6558.361
2023-09-25 04:00:00,26148.5,26186.0,26100.0,26138.7,6288.162
2023-09-25 03:00:00,26196.6,26230.1,26141.1,26148.6,5729.34
2023-09-25 02:00:00,26151.7,26240.0,26141.8,26196.7,8804.868
2023-09-25 01:00:00,26239.4,26327.2,26145.1,26151.6,18709.198
2023-09-25 00:00:00,26232.4,26240.0,25965.0,26239.5,37110.746
2023-09-24 23:00:00,26478.3,26478.4,26081.0,26232.4,29693.169
2023-09-24 22:00:00,26504.3,26504.5,26458.1,26478.3,2633.656
2023-09-24 21:00:00,26489.3,26512.0,26435.0,26504.3,4501.593
2023-09-24 20:00:00,26432.5,26500.0,26381.4,26489.3,7459.161
2023-09-24 19:00:00,26580.6,26580.6,26300.0,26432.5,24109.635
2023-09-24 18:00:00,26661.3,26739.9,26392.5,26580.5,33421.821
2023-09-24 17:00:00,26562.5,26700.0,26551.0,26661.3,10764.121
2023-09-24 16:00:00,26566.0,26573.3,26547.1,26562.5,1899.5
2023-09-24 15:00:00,26576.4,26583.0,26547.4,26566.0,2786.463
2023-09-24 14:00:00,26576.5,26582.1,26566.6,26576.4,1687.78
2023-09-24 13:00:00,26591.0,26618.7,26572.8,26576.4,2497.198
2023-09-24 12:00:00,26587.5,26600.8,26569.8,26590.9,2614.205
2023-09-24 11:00:00,26567.8,26600.0,26567.7,26587.6,2410.275
2023-09-24 10:00:00,26579.0,26581.6,26562.5,26567.9,1502.696
2023-09-24 09:00:00,26579.0,26604.1,26570.4,26579.0,3780.477
2023-09-24 08:00:00,26552.4,26580.9,26552.4,26579.1,1947.485
2023-09-24 07:00:00,26537.9,26554.3,26536.4,26552.4,1698.183
2023-09-24 06:00:00,26547.2,26550.9,26529.6,26538.0,1991.679
2023-09-24 05:00:00,26558.5,26562.2,26534.4,26547.2,2162.845
2023-09-24 04:00:00,26559.9,26563.7,26540.3,26558.5,1714.21
2023-09-24 03:00:00,26574.8,26576.5,26555.7,26559.9,1121.291
2023-09-24 02:00:00,26574.7,26581.0,26566.4,26574.9,1098.861
2023-09-24 01:00:00,26554.1,26579.9,26545.3,26574.6,1579.297
2023-09-24 00:00:00,26563.0,26576.8,26545.0,26554.2,1557.172
2023-09-23 23:00:00,26549.7,26566.7,26542.9,26563.1,1678.096
2023-09-23 22:00:00,26553.6,26567.6,26543.9,26549.7,1669.139
2023-09-23 21:00:00,26572.6,26581.9,26542.0,26553.6,2425.051
2023-09-23 20:00:00,26594.4,26600.0,26565.4,26572.6,1878.594
2023-09-23 19:00:00,26602.3,26606.7,26580.5,26594.4,1436.812
2023-09-23 18:00:00,26584.6,26620.6,26584.6,26602.3,4271.099
2023-09-23 17:00:00,26592.2,26600.0,26562.2,26584.7,2846.555
2023-09-23 16:00:00,26567.4,26599.3,26545.4,26592.2,3119.253
2023-09-23 15:00:00,26551.9,26572.0,26530.1,26567.5,2873.65
2023-09-23 14:00:00,26561.8,26566.0,26542.0,26551.8,2113.559
2023-09-23 13:00:00,26563.8,26571.4,26542.1,26561.8,2115.729
2023-09-23 12:00:00,26562.5,26580.0,26543.7,26563.9,2216.474
2023-09-23 11:00:00,26555.1,26564.6,26541.0,26562.5,1278.107
2023-09-23 10:00:00,26564.1,26571.5,26555.0,26555.0,1315.736
2023-09-23 09:00:00,26558.5,26570.0,26540.9,26564.2,1664.263
2023-09-23 08:00:00,26571.9,26583.7,26542.0,26558.6,2443.147
2023-09-23 07:00:00,26566.5,26575.0,26522.5,26572.0,2738.013
2023-09-23 06:00:00,26529.9,26569.3,26529.9,26566.5,2445.74
2023-09-23 05:00:00,26539.9,26543.6,26529.2,26529.9,2128.347
2023-09-23 04:00:00,26519.0,26546.1,26492.2,26540.0,3105.751
2023-09-23 03:00:00,26534.9,26549.8,26510.3,26519.1,3108.983
2023-09-23 02:00:00,26567.3,26572.1,26530.0,26535.0,2828.165
2023-09-23 01:00:00,26592.2,26592.2,26544.8,26567.3,2167.438
2023-09-23 00:00:00,26566.7,26606.2,26557.5,26592.2,3968.783
2023-09-22 23:00:00,26572.0,26588.0,26538.7,26566.7,4631.292
2023-09-22 22:00:00,26561.4,26577.5,26533.5,26572.0,3801.991
2023-09-22 21:00:00,26529.8,26567.5,26468.5,26561.5,6678.098
2023-09-22 20:00:00,26525.0,26558.5,26500.0,26529.9,4895.867
2023-09-22 19:00:00,26583.4,26628.4,26519.1,26525.1,5583.137
2023-09-22 18:00:00,26566.5,26599.7,26522.0,26583.4,4697.331
2023-09-22 17:00:00,26585.1,26619.0,26514.0,26566.5,9692.68
2023-09-22 16:00:00,26619.9,26632.5,26565.0,26585.2,6716.401
2023-09-22 15:00:00,26666.9,26688.2,26613.5,26619.9,7858.261
2023-09-22 14:00:00,26598.0,26683.4,26575.0,26666.9,13650.988
2023-09-22 13:00:00,26574.6,26609.0,26540.6,26598.0,10186.918
2023-09-22 12:00:00,26630.1,26640.1,26564.6,26574.6,5750.57
2023-09-22 11:00:00,26580.6,26640.0,26580.6,26630.0,4100.542
2023-09-22 10:00:00,26625.8,26645.3,26573.0,26580.6,8664.911
2023-09-22 09:00:00,26660.1,26663.0,26607.9,26625.7,5576.367
2023-09-22 08:00:00,26660.9,26737.7,26650.0,26660.1,11191.791
2023-09-22 07:00:00,26607.2,26697.5,26559.4,26660.9,8803.714
2023-09-22 06:00:00,26653.7,26675.9,26587.5,26607.1,5635.374
2023-09-22 05:00:00,26631.2,26658.8,26594.4,26653.8,3650.545
2023-09-22 04:00:00,26616.9,26650.0,26606.6,26631.3,4660.932
2023-09-22 03:00:00,26558.0,26628.2,26536.1,26616.8,5782.94
2023-09-22 02:00:00,26615.1,26632.7,26544.4,26557.9,6091.448
2023-09-22 01:00:00,26629.2,26655.9,26552.4,26615.1,10077.03
2023-09-22 00:00:00,26552.6,26640.0,26452.9,26629.2,15155.52
2023-09-21 23:00:00,26576.5,26607.5,26541.3,26552.6,3726.011
2023-09-21 22:00:00,26600.1,26608.4,26534.5,26576.5,3282.315
2023-09-21 21:00:00,26580.2,26611.2,26545.5,26600.0,3674.959
2023-09-21 20:00:00,26589.1,26597.4,26484.0,26580.2,8267.159
2023-09-21 19:00:00,26593.6,26612.4,26541.3,26589.1,6972.89
2023-09-21 18:00:00,26636.1,26675.9,26585.8,26593.6,7272.19
2023-09-21 17:00:00,26567.3,26685.7,26564.5,26636.0,11951.799
2023-09-21 16:00:00,26567.6,26594.1,26530.8,26567.3,10535.008
2023-09-21 15:00:00,26569.8,26647.1,26524.5,26567.7,14659.55
2023-09-21 14:00:00,26408.2,26587.0,26360.1,26569.7,25645.945
2023-09-21 13:00:00,26630.1,26645.9,26362.9,26408.2,45735.437
2023-09-21 12:00:00,26722.8,26769.8,26528.0,26630.1,28817.477
2023-09-21 11:00:00,26636.7,26771.8,26612.5,26722.7,17564.681
2023-09-21 10:00:00,26738.5,26792.8,26622.5,26636.8,26489.137
2023-09-21 09:00:00,26916.6,26932.0,26671.9,26738.5,37115.222
2023-09-21 08:00:00,26978.4,27008.0,26893.0,26916.7,12453.702
2023-09-21 07:00:00,27060.6,27060.6,26966.1,26978.4,5735.177
2023-09-21 06:00:00,27059.1,27062.0,26990.0,27060.5,5289.499
2023-09-21 05:00:00,27078.6,27083.0,27020.4,27059.1,4458.83
2023-09-21 04:00:00,27026.9,27092.4,26977.2,27078.7,8159.672
2023-09-21 03:00:00,26957.1,27027.0,26952.5,27027.0,4348.256
2023-09-21 02:00:00,27016.0,27047.2,26917.4,26957.1,8511.87
2023-09-21 01:00:00,27033.0,27046.5,26965.0,27016.1,9608.27
2023-09-21 00:00:00,27107.7,27149.0,27031.6,27033.0,7584.217
2023-09-20 23:00:00,27079.3,27144.8,27063.5,27107.7,5314.506
2023-09-20 22:00:00,27100.4,27113.0,27033.3,27079.3,9067.22
2023-09-20 21:00:00,27085.8,27235.0,27044.5,27100.4,17731.161
2023-09-20 20:00:00,26916.5,27087.9,26901.5,27085.8,13345.649
2023-09-20 19:00:00,27153.4,27177.5,26740.0,26916.6,42252.242
2023-09-20 18:00:00,27184.2,27297.9,27072.5,27153.4,38455.861
2023-09-20 17:00:00,27149.4,27266.4,27140.0,27183.9,15047.543
2023-09-20 16:00:00,27168.7,27260.0,27124.7,27149.4,11873.242
2023-09-20 15:00:00,27110.0,27189.3,27084.1,27168.7,9921.993
2023-09-20 14:00:00,27146.6,27228.8,27032.1,27109.9,19175.46
2023-09-20 13:00:00,27056.3,27188.0,27000.0,27146.6,15963.077
2023-09-20 12:00:00,27085.5,27118.8,26980.2,27056.4,12451.335
2023-09-20 11:00:00,27069.2,27106.2,27043.7,27085.4,6878.552
2023-09-20 10:00:00,27041.4,27069.9,26930.3,27069.2,14958.798
2023-09-20 09:00:00,27172.3,27180.0,26932.0,27041.4,19701.775
2023-09-20 08:00:00,27089.5,27182.0,27076.1,27172.2,8219.552
2023-09-20 07:00:00,27049.2,27119.7,27030.8,27089.5,7812.819
2023-09-20 06:00:00,27012.1,27062.4,26923.3,27049.3,14507.346
2023-09-20 05:00:00,27054.1,27094.5,26986.7,27012.1,11207.835
2023-09-20 04:00:00,27106.4,27149.8,27054.0,27054.0,8911.459
2023-09-20 03:00:00,27152.0,27189.9,27070.2,27106.4,9801.038
2023-09-20 02:00:00,27329.9,27381.0,27120.5,27152.0,15473.581
2023-09-20 01:00:00,27192.0,27339.5,27178.4,27329.9,12300.702
2023-09-20 00:00:00,27195.9,27247.5,27129.9,27192.0,8527.54
2023-09-19 23:00:00,27173.1,27213.0,27157.2,27196.0,5405.37
2023-09-19 22:00:00,27145.8,27188.7,27072.2,27173.1,5488.967
2023-09-19 21:00:00,27171.5,27174.3,26970.0,27145.8,13463.692
2023-09-19 20:00:00,27172.1,27203.1,27103.5,27171.5,8328.398
2023-09-19 19:00:00,27111.0,27192.6,27051.5,27172.1,8371.045
2023-09-19 18:00:00,27122.9,27186.4,27067.5,27111.0,14545.418
2023-09-19 17:00:00,27274.7,27278.8,27059.0,27122.8,25261.143
2023-09-19 16:00:00,27413.3,27472.5,27215.5,27274.7,30358.989
2023-09-19 15:00:00,27153.6,27480.0,27111.9,27413.4,63949.276
2023-09-19 14:00:00,26959.2,27189.0,26868.0,27153.6,32452.041
2023-09-19 13:00:00,27124.9,27199.3,26901.0,26959.2,26042.045
2023-09-19 12:00:00,27224.4,27275.0,27050.5,27124.9,26036.854
2023-09-19 11:00:00,27158.2,27224.4,27076.5,27224.3,13617.213
2023-09-19 10:00:00,27278.6,27304.2,27037.5,27158.1,31276.282
2023-09-19 09:00:00,27051.4,27470.0,27013.1,27278.6,58634.623
2023-09-19 08:00:00,26836.0,27064.2,26834.3,27051.5,22644.808
2023-09-19 07:00:00,26816.9,26860.0,26797.5,26836.1,4965.361
2023-09-19 06:00:00,26782.9,26820.9,26740.0,26816.9,4860.5
2023-09-19 05:00:00,26848.1,26850.0,26781.1,26782.9,4579.033
2023-09-19 04:00:00,26805.1,26851.0,26792.1,26848.1,4514.554
2023-09-19 03:00:00,26809.0,26828.5,26773.5,26805.1,5791.175
2023-09-19 02:00:00,26687.2,26812.5,26670.2,26809.1,6304.366
2023-09-19 01:00:00,26666.7,26725.2,26653.5,26687.2,5164.598
2023-09-19 00:00:00,26749.9,26773.9,26653.2,26666.7,11430.247
2023-09-18 23:00:00,26859.1,26859.1,26713.3,26749.9,8455.305
2023-09-18 22:00:00,26825.0,26869.2,26770.3,26859.0,6017.447
2023-09-18 21:00:00,26757.5,26835.9,26717.8,26825.0,5182.278
2023-09-18 20:00:00,26803.2,26830.0,26724.8,26757.5,9545.82
2023-09-18 19:00:00,26697.3,26936.0,26669.8,26803.2,21372.737
2023-09-18 18:00:00,26747.8,26828.4,26611.2,26697.3,24303.523
2023-09-18 17:00:00,27230.1,27257.0,26633.6,26747.8,72691.666
2023-09-18 16:00:00,27258.8,27296.8,27177.1,27230.0,13573.01
2023-09-18 15:00:00,27246.7,27349.7,27237.0,27258.8,13491.12
2023-09-18 14:00:00,27240.3,27281.7,27115.0,27246.8,17559.7
2023-09-18 13:00:00,27354.6,27396.0,27179.1,27240.3,26756.502
2023-09-18 12:00:00,27184.6,27397.0,27130.1,27354.7,42137.549
2023-09-18 11:00:00,27116.8,27235.0,27083.1,27184.7,29363.071
2023-09-18 10:00:00,26858.5,27189.0,26858.5,27116.7,50297.325
2023-09-18 09:00:00,26710.2,26940.5,26710.2,26858.6,31768.563
2023-09-18 08:00:00,26701.8,26722.3,26666.4,26710.3,6122.411
2023-09-18 07:00:00,26611.2,26796.0,26611.1,26701.7,15884.816
2023-09-18 06:00:00,26635.0,26690.2,26610.0,26611.2,6855.661
2023-09-18 05:00:00,26613.5,26669.9,26593.0,26635.1,5213.344
2023-09-18 04:00:00,26646.2,26668.6,26550.1,26613.5,6935.953
2023-09-18 03:00:00,26648.5,26678.6,26566.8,26646.2,8015.812
2023-09-18 02:00:00,26449.6,26740.7,26443.2,26648.5,30631.909
2023-09-18 01:00:00,26450.0,26476.7,26428.9,26449.7,4798.997
2023-09-18 00:00:00,26514.2,26544.6,26358.6,26450.0,15564.513
2023-09-17 23:00:00,26482.7,26526.0,26435.5,26514.2,5870.051
2023-09-17 22:00:00,26476.2,26483.7,26423.0,26482.7,3235.891
2023-09-17 21:00:00,26420.4,26486.6,26377.4,26476.2,7604.06
2023-09-17 20:00:00,26491.2,26492.2,26410.0,26420.4,7748.479
2023-09-17 19:00:00,26485.7,26505.5,26474.0,26491.3,2299.715
2023-09-17 18:00:00,26465.5,26505.2,26454.4,26485.7,3468.452
2023-09-17 17:00:00,26493.4,26524.7,26465.5,26465.6,5896.878
2023-09-17 16:00:00,26536.9,26539.0,26478.0,26493.3,7242.814
2023-09-17 15:00:00,26526.0,26598.7,26521.2,26537.0,6067.407
2023-09-17 14:00:00,26529.5,26577.6,26507.9,26526.0,3238.356
2023-09-17 13:00:00,26564.1,26564.2,26510.3,26529.4,3719.039
2023-09-17 12:00:00,26553.9,26573.2,26541.3,26564.2,2158.62
2023-09-17 11:00:00,26582.8,26614.3,26550.4,26553.9,5956.895
2023-09-17 10:00:00,26564.7,26594.5,26554.6,26582.9,4678.855
2023-09-17 09:00:00,26538.3,26575.0,26527.5,26564.7,4111.698
2023-09-17 08:00:00,26482.6,26543.0,26480.3,26538.3,3833.563
2023-09-17 07:00:00,26534.2,26537.4,26476.0,26482.6,3404.101
2023-09-17 06:00:00,26528.2,26537.6,26509.4,26534.3,1799.512
2023-09-17 05:00:00,26540.5,26547.2,26505.4,26528.3,2691.758
2023-09-17 04:00:00,26511.1,26560.7,26496.7,26540.6,4311.668
2023-09-17 03:00:00,26492.2,26524.5,26484.5,26511.1,1970.715
2023-09-17 02:00:00,26481.9,26507.5,26476.5,26492.1,2996.742
2023-09-17 01:00:00,26452.1,26504.0,26400.0,26481.9,10388.771
2023-09-17 00:00:00,26547.0,26548.3,26416.0,26452.0,9545.354
2023-09-16 23:00:00,26545.0,26559.7,26492.0,26546.9,2867.96
2023-09-16 22:00:00,26554.3,26564.3,26544.9,26544.9,1661.23
2023-09-16 21:00:00,26515.8,26570.0,26511.5,26554.4,2291.03
2023-09-16 20:00:00,26524.1,26553.1,26511.8,26515.7,2209.779
2023-09-16 19:00:00,26569.3,26574.5,26486.2,26524.2,4109.33
2023-09-16 18:00:00,26554.6,26603.2,26543.0,26569.3,4497.797
2023-09-16 17:00:00,26513.9,26610.0,26499.9,26554.6,8088.897
2023-09-16 16:00:00,26493.6,26522.0,26483.5,26513.9,2618.087
2023-09-16 15:00:00,26487.6,26526.4,26470.3,26493.6,3408.601
2023-09-16 14:00:00,26535.9,26551.9,26473.0,26487.5,4396.333
2023-09-16 13:00:00,26538.0,26559.3,26499.6,26535.9,3309.033
2023-09-16 12:00:00,26510.6,26566.4,26484.1,26538.0,4303.445
2023-09-16 11:00:00,26531.9,26538.0,26469.9,26510.7,5352.039
2023-09-16 10:00:00,26487.0,26538.2,26430.0,26531.9,11514.745
2023-09-16 09:00:00,26496.5,26574.3,26487.0,26487.0,7374.306
2023-09-16 08:00:00,26486.0,26524.5,26461.2,26496.4,7324.717
2023-09-16 07:00:00,26475.6,26498.0,26462.2,26486.0,4384.367
2023-09-16 06:00:00,26523.2,26526.4,26453.3,26475.6,8924.747
2023-09-16 05:00:00,26540.6,26570.2,26497.8,26523.2,9943.967
2023-09-16 04:00:00,26602.4,26608.8,26528.6,26540.7,8914.728
2023-09-16 03:00:00,26656.9,26687.5,26589.3,26602.4,6091.768
2023-09-16 02:00:00,26640.2,26763.5,26640.2,26656.9,10960.746
2023-09-16 01:00:00,26619.2,26687.8,26577.0,26640.3,6869.385
2023-09-16 00:00:00,26591.1,26662.7,26558.3,26619.2,9065.428
2023-09-15 23:00:00,26764.2,26890.0,26580.0,26591.1,23250.191
2023-09-15 22:00:00,26456.2,26850.0,26451.2,26764.3,31897.499
2023-09-15 21:00:00,26403.1,26493.4,26403.1,26456.2,6768.682
2023-09-15 20:00:00,26386.9,26433.0,26357.3,26403.1,4492.742
2023-09-15 19:00:00,26333.6,26435.6,26325.1,26386.9,5874.53
2023-09-15 18:00:00,26322.6,26394.0,26315.1,26333.5,4135.818
2023-09-15 17:00:00,26365.9,26368.9,26301.9,26322.6,4708.357
2023-09-15 16:00:00,26311.1,26379.4,26303.0,26365.8,9298.918
2023-09-15 15:00:00,26227.0,26320.0,26212.6,26311.1,10404.334
2023-09-15 14:00:00,26351.9,26405.5,26206.6,26227.1,24600.904
2023-09-15 13:00:00,26352.5,26520.0,26350.0,26351.9,16723.975
2023-09-15 12:00:00,26415.3,26460.1,26320.0,26352.4,17494.145
2023-09-15 11:00:00,26625.9,26631.8,26353.7,26415.3,23430.031
2023-09-15 10:00:00,26601.1,26648.3,26585.3,26626.0,3952.545
2023-09-15 09:00:00,26618.9,26691.5,26560.9,26601.1,9570.727
2023-09-15 08:00:00,26554.4,26626.0,26523.2,26618.9,6634.311
2023-09-15 07:00:00,26561.8,26586.7,26535.0,26554.4,5874.545
2023-09-15 06:00:00,26577.3,26597.3,26550.4,26561.7,3808.933
2023-09-15 05:00:00,26626.0,26632.8,26558.9,26577.3,4550.045
2023-09-15 04:00:00,26602.7,26647.0,26582.9,26626.0,6475.461
2023-09-15 03:00:00,26596.0,26617.8,26557.7,26602.6,4862.136
2023-09-15 02:00:00,26490.0,26599.0,26489.9,26596.1,7915.147
2023-09-15 01:00:00,26463.1,26509.7,26428.6,26490.0,6548.341
2023-09-15 00:00:00,26510.3,26550.0,26451.6,26463.0,8384.453
2023-09-14 23:00:00,26587.9,26619.9,26480.0,26510.3,7860.263
2023-09-14 22:00:00,26524.8,26610.6,26494.9,26587.9,6011.333
2023-09-14 21:00:00,26554.3,26611.0,26461.0,26524.7,7845.305
2023-09-14 20:00:00,26662.0,26713.2,26543.0,26554.2,8935.396
2023-09-14 19:00:00,26568.0,26673.6,26540.0,26662.0,9213.88
2023-09-14 18:00:00,26631.5,26880.0,26566.0,26568.1,26037.686
2023-09-14 17:00:00,26607.6,26668.2,26555.6,26631.5,11451.209
2023-09-14 16:00:00,26680.0,26718.7,26530.2,26607.5,15973.347
2023-09-14 15:00:00,26718.0,26790.0,26565.0,26679.9,23272.79
2023-09-14 14:00:00,26570.6,26735.0,26512.5,26717.9,27393.236
2023-09-14 13:00:00,26448.4,26790.0,26445.8,26570.7,56479.453
2023-09-14 12:00:00,26431.6,26592.5,26326.0,26448.5,35974.133
2023-09-14 11:00:00,26320.5,26483.5,26313.1,26431.5,17345.794
2023-09-14 10:00:00,26277.8,26334.0,26269.2,26320.5,5868.508
2023-09-14 09:00:00,26293.1,26293.1,26253.0,26277.9,4187.343
2023-09-14 08:00:00,26332.2,26346.5,26257.9,26293.1,8522.498
2023-09-14 07:00:00,26280.8,26380.0,26250.0,26332.3,11827.203
2023-09-14 06:00:00,26182.0,26287.2,26168.5,26280.8,5948.249
2023-09-14 05:00:00,26201.6,26234.5,26150.0,26182.0,7128.607
2023-09-14 04:00:00,26253.8,26271.0,26184.0,26201.6,6869.099
2023-09-14 03:00:00,26273.9,26291.9,26238.8,26253.8,5026.68
2023-09-14 02:00:00,26162.3,26274.8,26154.8,26273.8,6667.236
2023-09-14 01:00:00,26513.9,26536.7,26106.6,26162.3,42118.826
2023-09-14 00:00:00,26209.9,26523.9,26172.1,26514.0,22708.397
2023-09-13 23:00:00,26227.6,26253.5,26185.7,26209.9,4035.236
2023-09-13 22:00:00,26214.1,26294.0,26213.6,26227.6,4279.034
2023-09-13 21:00:00,26204.0,26264.6,26190.0,26214.1,4953.513
2023-09-13 20:00:00,26129.4,26240.7,26129.4,26204.0,6368.052
2023-09-13 19:00:00,26098.7,26193.7,26038.0,26129.5,9908.996
2023-09-13 18:00:00,26080.6,26154.0,26070.5,26098.7,8588.358
2023-09-13 17:00:00,26265.6,26346.5,26067.0,26080.7,31558.173
2023-09-13 16:00:00,26229.2,26400.0,26185.1,26265.6,20439.994
2023-09-13 15:00:00,26201.5,26382.0,26171.5,26229.1,19318.384
2023-09-13 14:00:00,26110.7,26350.0,26054.1,26201.5,24165.397
2023-09-13 13:00:00,26204.9,26225.0,26068.0,26110.7,16675.333
2023-09-13 12:00:00,26184.8,26267.4,26007.9,26204.8,40409.86
2023-09-13 11:00:00,26143.2,26246.2,26091.4,26184.7,11198.925
2023-09-13 10:00:00,26141.6,26227.9,26081.8,26143.1,19603.399
2023-09-13 09:00:00,25940.3,26199.5,25914.2,26141.6,26517.254
2023-09-13 08:00:00,25865.7,25958.4,25850.8,25940.4,7049.895
2023-09-13 07:00:00,25945.7,26099.5,25844.0,25865.7,27625.608
2023-09-13 06:00:00,25886.4,25985.4,25851.6,25945.7,7144.095
2023-09-13 05:00:00,25912.9,25916.1,25835.0,25886.4,6077.587
2023-09-13 04:00:00,25868.3,25937.7,25851.1,25912.8,5814.685
2023-09-13 03:00:00,25898.1,25916.8,25823.2,25868.4,6766.663
2023-09-13 02:00:00,25945.1,25959.9,25890.0,25898.1,5623.367
2023-09-13 01:00:00,25910.6,25953.9,25889.0,25945.2,6380.668
2023-09-13 00:00:00,25825.8,25974.0,25750.0,25910.7,14750.242
2023-09-12 23:00:00,25957.1,25957.2,25762.0,25825.8,17648.18
2023-09-12 22:00:00,26090.0,26091.5,25900.0,25957.2,13264.35
2023-09-12 21:00:00,26066.4,26150.0,26051.0,26090.0,4832.984
2023-09-12 20:00:00,26052.1,26108.0,26040.0,26066.4,4901.357
2023-09-12 19:00:00,25969.5,26260.0,25969.5,26052.0,25183.034
2023-09-12 18:00:00,25891.2,26014.2,25868.0,25969.6,13520.21
2023-09-12 17:00:00,26094.4,26158.2,25880.1,25891.2,36717.958
2023-09-12 16:00:00,26192.3,26580.0,26052.7,26094.4,58661.227
2023-09-12 15:00:00,26097.3,26220.0,26093.4,26192.4,17433.745
2023-09-12 14:00:00,26258.6,26397.0,26032.0,26097.3,37350.21
2023-09-12 13:00:00,26111.1,26319.9,26021.0,26258.6,30510.083
2023-09-12 12:00:00,26087.2,26222.4,26078.0,26111.1,19303.325
2023-09-12 11:00:00,26149.3,26167.2,26016.0,26087.2,16299.893
2023-09-12 10:00:00,25861.0,26330.9,25829.0,26149.3,65755.107
2023-09-12 09:00:00,25758.0,25865.0,25721.5,25860.9,13750.57
2023-09-12 08:00:00,25810.2,25863.7,25720.0,25758.0,11970.519
2023-09-12 07:00:00,25752.8,25865.0,25710.1,25810.2,18307.762
2023-09-12 06:00:00,25764.4,25844.4,25708.0,25752.8,20415.412
2023-09-12 05:00:00,25752.2,25773.0,25600.8,25764.4,25360.767
2023-09-12 04:00:00,25788.2,25989.6,25733.0,25752.3,31845.648
2023-09-12 03:00:00,25195.2,25949.0,25178.4,25788.2,91426.518
2023-09-12 02:00:00,25130.2,25208.8,25120.0,25195.1,4369.435
2023-09-12 01:00:00,25192.9,25204.8,25116.4,25130.1,5282.568
2023-09-12 00:00:00,25150.4,25224.0,25130.8,25192.9,7938.816
2023-09-11 23:00:00,25139.7,25167.8,25063.9,25150.4,5658.976
2023-09-11 22:00:00,25137.8,25187.9,25110.1,25139.6,5831.896
2023-09-11 21:00:00,25086.3,25210.0,25065.3,25137.7,9941.736
2023-09-11 20:00:00,25008.2,25125.0,24888.0,25086.2,19808.567
2023-09-11 19:00:00,25149.8,25154.6,24975.0,25008.3,21960.269
2023-09-11 18:00:00,25210.1,25216.3,25140.0,25149.9,6647.46
2023-09-11 17:00:00,25175.4,25217.4,25034.6,25210.0,14890.741
2023-09-11 16:00:00,25102.4,25240.6,25087.8,25175.5,21771.601
2023-09-11 15:00:00,25138.8,25193.7,24915.0,25102.5,48013.843
2023-09-11 14:00:00,25605.8,25624.6,24961.2,25138.9,129352.953
2023-09-11 13:00:00,25709.2,25749.7,25589.0,25605.8,13385.16
2023-09-11 12:00:00,25591.8,25710.0,25575.4,25709.2,12026.694
2023-09-11 11:00:00,25698.0,25707.8,25575.0,25591.9,10458.22
2023-09-11 10:00:00,25727.2,25730.6,25555.0,25698.1,23724.763
2023-09-11 09:00:00,25793.2,25802.9,25650.1,25727.3,18281.64
2023-09-11 08:00:00,25801.4,25817.9,25737.8,25793.2,7700.466
2023-09-11 07:00:00,25829.7,25835.1,25780.1,25801.3,5197.045
2023-09-11 06:00:00,25884.8,25895.0,25800.5,25829.6,7004.754
2023-09-11 05:00:00,25768.1,25887.1,25761.3,25884.8,8643.824
2023-09-11 04:00:00,25727.4,25773.3,25707.9,25768.1,4438.812
2023-09-11 03:00:00,25723.6,25774.9,25719.1,25727.4,3482.599
2023-09-11 02:00:00,25676.0,25733.0,25645.2,25723.5,4235.694
2023-09-11 01:00:00,25715.6,25743.6,25650.0,25675.9,6693.897
2023-09-11 00:00:00,25828.4,25864.9,25639.8,25715.6,18064.764
2023-09-10 23:00:00,25838.3,25856.1,25803.9,25828.4,4635.454
2023-09-10 22:00:00,25893.0,26037.3,25836.7,25838.3,17763.473
2023-09-10 21:00:00,25807.0,25896.0,25800.5,25893.0,8538.572
2023-09-10 20:00:00,25786.7,25900.0,25758.0,25807.1,18157.884
2023-09-10 19:00:00,25716.9,25854.5,25508.7,25786.7,21473.635
2023-09-10 18:00:00,25685.3,25746.1,25675.9,25716.9,4277.109
2023-09-10 17:00:00,25781.2,25782.1,25657.3,25685.3,9899.196
2023-09-10 16:00:00,25764.1,25781.2,25629.7,25781.2,9997.758
2023-09-10 15:00:00,25761.8,25789.5,25702.0,25764.1,8423.656
2023-09-10 14:00:00,25799.6,25812.3,25730.3,25761.7,5466.097
2023-09-10 13:00:00,25790.2,25827.0,25753.5,25799.6,5850.914
2023-09-10 12:00:00,25783.0,25810.7,25779.5,25790.2,3534.418
2023-09-10 11:00:00,25791.0,25815.9,25780.0,25782.9,4099.617
2023-09-10 10:00:00,25816.9,25825.1,25791.0,25791.1,3295.694
2023-09-10 09:00:00,25849.8,25853.5,25811.1,25817.0,2780.917
2023-09-10 08:00:00,25843.1,25856.1,25811.0,25849.8,3558.57
2023-09-10 07:00:00,25842.0,25864.2,25837.6,25843.0,2399.347
2023-09-10 06:00:00,25835.6,25859.7,25827.5,25841.9,2277.53
2023-09-10 05:00:00,25821.4,25845.0,25791.0,25835.5,3882.538
2023-09-10 04:00:00,25851.1,25851.2,25727.8,25821.5,12445.166
2023-09-10 03:00:00,25842.5,25865.0,25816.6,25851.1,3318.987
2023-09-10 02:00:00,25840.3,25849.9,25831.0,25842.6,1664.126
2023-09-10 01:00:00,25862.2,25862.3,25818.0,25840.3,2839.876
2023-09-10 00:00:00,25892.6,25893.9,25850.1,25862.3,2391.879
2023-09-09 23:00:00,25899.0,25908.5,25878.3,25892.6,1172.213
2023-09-09 22:00:00,25876.6,25906.5,25867.4,25899.1,1901.278
2023-09-09 21:00:00,25850.4,25894.9,25847.1,25876.7,1747.042
2023-09-09 20:00:00,25858.0,25879.6,25843.7,25850.3,1953.303
2023-09-09 19:00:00,25853.7,25869.5,25841.2,25858.0,1488.362
2023-09-09 18:00:00,25868.4,25868.5,25834.3,25853.7,2185.212
2023-09-09 17:00:00,25883.5,25895.6,25858.0,25868.4,2207.736
2023-09-09 16:00:00,25881.9,25940.6,25869.6,25883.4,4266.521
2023-09-09 15:00:00,25833.3,25921.5,25833.3,25881.9,8933.602
2023-09-09 14:00:00,25812.6,25849.9,25807.2,25833.2,2598.513
2023-09-09 13:00:00,25840.1,25859.0,25781.5,25812.7,6783.167
2023-09-09 12:00:00,25850.7,25855.9,25840.0,25840.0,1345.522
2023-09-09 11:00:00,25857.4,25860.9,25834.3,25850.8,1789.324
2023-09-09 10:00:00,25871.1,25886.4,25845.0,25857.4,2886.816
2023-09-09 09:00:00,25860.0,25895.0,25857.2,25871.0,2515.691
2023-09-09 08:00:00,25871.0,25896.1,25858.0,25860.0,3156.844
2023-09-09 07:00:00,25870.8,25886.6,25858.0,25871.0,2658.159
2023-09-09 06:00:00,25828.9,25871.3,25828.8,25870.7,1659.376
2023-09-09 05:00:00,25861.1,25879.5,25820.0,25828.9,3283.147
2023-09-09 04:00:00,25866.2,25867.7,25853.4,25861.1,2838.586
2023-09-09 03:00:00,25877.7,25877.7,25854.4,25866.2,1801.101
2023-09-09 02:00:00,25854.9,25879.8,25835.0,25877.7,2782.838
2023-09-09 01:00:00,25846.4,25877.7,25843.6,25854.9,1900.366
2023-09-09 00:00:00,25899.9,25900.1,25842.1,25846.4,4055.091
2023-09-08 23:00:00,25890.0,25923.0,25882.5,25899.8,2637.207
2023-09-08 22:00:00,25878.3,25899.8,25874.5,25890.1,1881.759
2023-09-08 21:00:00,25893.7,25923.1,25854.2,25878.4,4855.14
2023-09-08 20:00:00,25883.6,25897.8,25834.5,25893.6,4841.352
2023-09-08 19:00:00,25785.4,25885.0,25767.7,25883.7,7655.65
2023-09-08 18:00:00,25814.9,25822.5,25750.0,25785.3,4964.141
2023-09-08 17:00:00,25781.6,25835.7,25728.1,25815.0,7281.867
2023-09-08 16:00:00,25829.9,25858.6,25707.0,25781.5,15444.1
2023-09-08 15:00:00,25815.7,25888.5,25805.0,25829.8,7952.776
2023-09-08 14:00:00,25873.3,25932.8,25815.7,25815.8,7871.692
2023-09-08 13:00:00,25839.3,25945.7,25811.3,25873.2,12239.543
2023-09-08 12:00:00,25828.9,25896.0,25777.4,25839.3,8788.227
2023-09-08 11:00:00,25819.7,25884.8,25800.3,25828.9,9498.81
2023-09-08 10:00:00,26032.2,26033.0,25630.0,25819.8,56750.83
2023-09-08 09:00:00,26184.5,26185.6,26022.0,26032.3,18188.153
2023-09-08 08:00:00,26244.0,26257.9,26173.1,26184.5,8124.128
2023-09-08 07:00:00,26211.4,26279.0,26211.4,26244.1,5999.576
2023-09-08 06:00:00,26225.6,26245.1,26171.0,26211.4,7856.27
2023-09-08 05:00:00,26334.1,26378.4,26225.6,26225.6,10181.185
2023-09-08 04:00:00,26235.6,26373.3,26235.6,26334.1,9638.201
2023-09-08 03:00:00,26234.9,26260.0,26200.1,26235.6,4558.775
2023-09-08 02:00:00,26232.9,26274.7,26181.6,26234.9,7348.311
2023-09-08 01:00:00,26343.9,26373.6,26223.3,26232.9,9568.9
2023-09-08 00:00:00,26240.7,26437.5,26207.7,26343.9,15143.168
2023-09-07 23:00:00,26311.3,26347.0,26121.4,26240.7,15880.571
2023-09-07 22:00:00,26149.6,26426.4,26149.5,26311.3,23885.596
2023-09-07 21:00:00,25991.5,26451.0,25991.5,26149.5,62873.152
2023-09-07 20:00:00,25867.1,26021.0,25843.3,25991.5,13015.542
2023-09-07 19:00:00,25889.9,25905.2,25821.9,25867.1,5836.975
2023-09-07 18:00:00,25919.0,25971.7,25840.3,25889.9,9575.671
2023-09-07 17:00:00,25815.9,25957.9,25778.4,25918.9,13300.862
2023-09-07 16:00:00,25766.7,25965.9,25760.0,25815.9,19447.288
2023-09-07 15:00:00,25759.9,25824.7,25726.7,25766.7,15892.673
2023-09-07 14:00:00,25633.2,25760.0,25602.3,25760.0,14225.609
2023-09-07 13:00:00,25649.1,25752.5,25615.2,25633.2,8586.89
2023-09-07 12:00:00,25695.5,25710.0,25625.0,25649.0,7679.822
2023-09-07 11:00:00,25741.3,25747.7,25680.0,25695.5,5506.331
2023-09-07 10:00:00,25725.9,25741.3,25705.4,25741.3,3352.766
2023-09-07 09:00:00,25732.4,25749.9,25720.0,25725.9,2789.797
2023-09-07 08:00:00,25751.0,25751.0,25719.0,25732.4,3332.517
2023-09-07 07:00:00,25750.0,25760.0,25735.2,25750.9,3243.376
2023-09-07 06:00:00,25776.5,25785.9,25750.0,25750.1,2949.688
2023-09-07 05:00:00,25803.6,25812.4,25762.6,25776.6,3372.991
2023-09-07 04:00:00,25824.6,25838.0,25770.0,25803.5,5585.872
2023-09-07 03:00:00,25738.0,25830.6,25737.6,25824.7,5275.597
2023-09-07 02:00:00,25735.1,25773.3,25719.0,25738.0,3015.194
2023-09-07 01:00:00,25744.2,25766.6,25710.3,25735.1,3151.726
2023-09-07 00:00:00,25747.4,25761.9,25720.0,25744.2,2606.478
2023-09-06 23:00:00,25734.0,25776.0,25720.2,25747.4,3992.05
2023-09-06 22:00:00,25711.9,25763.9,25709.6,25734.0,6723.686
2023-09-06 21:00:00,25671.5,25768.6,25659.1,25711.8,4844.464
2023-09-06 20:00:00,25679.5,25710.2,25641.6,25671.5,4414.018
2023-09-06 19:00:00,25619.4,25720.0,25580.0,25679.4,9869.469
2023-09-06 18:00:00,25845.6,25950.0,25574.0,25619.4,39032.116
2023-09-06 17:00:00,25585.9,26052.0,25326.0,25845.6,69865.498
2023-09-06 16:00:00,25576.3,25628.6,25540.1,25585.8,8814.52
2023-09-06 15:00:00,25605.9,25648.9,25530.0,25576.3,12910.498
2023-09-06 14:00:00,25728.6,25728.6,25532.0,25606.0,30709.4
2023-09-06 13:00:00,25700.1,25769.3,25673.0,25728.7,9899.818
2023-09-06 12:00:00,25722.0,25737.1,25678.0,25700.0,5473.596
2023-09-06 11:00:00,25716.8,25760.0,25707.2,25722.1,3501.364
2023-09-06 10:00:00,25739.0,25766.6,25705.6,25716.7,2936.291
2023-09-06 09:00:00,25740.0,25758.6,25701.0,25739.0,4083.782
2023-09-06 08:00:00,25715.1,25746.6,25711.0,25739.9,3159.646
2023-09-06 07:00:00,25765.7,25773.1,25711.0,25715.0,3520.172
2023-09-06 06:00:00,25735.6,25779.6,25726.2,25765.6,4017.227
2023-09-06 05:00:00,25741.9,25755.3,25725.6,25735.7,3173.715
2023-09-06 04:00:00,25770.1,25780.9,25741.8,25741.9,3781.748
2023-09-06 03:00:00,25836.7,25858.5,25763.2,25770.1,4347.622
2023-09-06 02:00:00,25771.9,25849.0,25760.1,25836.8,4107.301
2023-09-06 01:00:00,25793.0,25819.0,25758.1,25772.0,3182.176
2023-09-06 00:00:00,25779.7,25812.3,25763.2,25793.0,4762.483
2023-09-05 23:00:00,25756.7,25792.4,25753.8,25779.7,2899.821
2023-09-05 22:00:00,25720.8,25762.1,25712.7,25756.8,2225.771
2023-09-05 21:00:00,25701.4,25760.3,25697.2,25720.8,3290.276
2023-09-05 20:00:00,25670.4,25728.3,25660.0,25701.3,5557.809
2023-09-05 19:00:00,25732.6,25762.2,25668.0,25670.4,4424.337
2023-09-05 18:00:00,25738.7,25754.1,25700.0,25732.7,3119.258
2023-09-05 17:00:00,25738.0,25765.2,25691.8,25738.7,6375.59
2023-09-05 16:00:00,25747.9,25837.7,25720.8,25738.0,11483.537
2023-09-05 15:00:00,25702.1,25900.0,25655.9,25747.9,29892.355
2023-09-05 14:00:00,25724.4,25753.4,25610.0,25702.2,14869.04
2023-09-05 13:00:00,25809.7,25820.8,25720.9,25724.5,9243.274
2023-09-05 12:00:00,25771.3,25830.0,25684.6,25809.8,13194.607
2023-09-05 11:00:00,25745.0,25783.3,25731.4,25771.2,4636.078
2023-09-05 10:00:00,25740.9,25796.1,25733.7,25744.9,6280.163
2023-09-05 09:00:00,25701.0,25784.9,25688.2,25740.8,6902.048
2023-09-05 08:00:00,25724.7,25800.0,25639.0,25701.0,11406.021
2023-09-05 07:00:00,25679.8,25728.6,25676.6,25724.7,3944.772
2023-09-05 06:00:00,25723.8,25732.8,25670.7,25679.8,3639.364
2023-09-05 05:00:00,25683.6,25747.8,25674.2,25723.8,5775.96
2023-09-05 04:00:00,25681.7,25722.6,25660.8,25683.7,6655.594
2023-09-05 03:00:00,25661.2,25685.0,25531.2,25681.8,14809.324
2023-09-05 02:00:00,25741.5,25748.4,25652.0,25661.2,5695.095
2023-09-05 01:00:00,25757.3,25792.8,25728.1,25741.5,3557.535
2023-09-05 00:00:00,25814.0,25833.1,25725.0,25757.4,6762.316
2023-09-04 23:00:00,25763.5,25850.0,25748.3,25814.0,7540.805
2023-09-04 22:00:00,25664.1,25788.0,25620.0,25763.6,7518.953
2023-09-04 21:00:00,25823.2,25833.2,25610.0,25664.1,19095.298
2023-09-04 20:00:00,25881.1,25911.2,25790.8,25823.1,5556.674
2023-09-04 19:00:00,25900.8,25906.3,25837.4,25881.0,4702.782
2023-09-04 18:00:00,25894.5,25936.9,25870.5,25900.8,3797.024
2023-09-04 17:00:00,25852.1,25930.5,25836.8,25894.5,6418.536
2023-09-04 16:00:00,25803.9,25869.0,25794.9,25852.1,7251.658
2023-09-04 15:00:00,25839.9,25961.5,25707.5,25803.9,34954.745
2023-09-04 14:00:00,25870.9,25899.9,25817.3,25839.9,4514.189
2023-09-04 13:00:00,25845.1,25899.4,25830.2,25870.8,4821.01
2023-09-04 12:00:00,25877.9,25890.8,25810.0,25845.0,9406.892
2023-09-04 11:00:00,25894.1,25928.5,25845.2,25878.0,6372.082
2023-09-04 10:00:00,25941.3,25954.8,25860.0,25894.1,7968.435
2023-09-04 09:00:00,25973.8,25973.8,25903.5,25941.3,3942.16
2023-09-04 08:00:00,25953.8,26000.0,25946.7,25973.7,2689.608
2023-09-04 07:00:00,25952.3,25999.7,25950.9,25953.8,2945.887
2023-09-04 06:00:00,25920.4,25979.9,25896.0,25952.3,5324.652
2023-09-04 05:00:00,25969.6,25981.6,25919.1,25920.3,3336.824
2023-09-04 04:00:00,25974.1,26005.7,25966.2,25969.7,2986.022
2023-09-04 03:00:00,25970.7,26099.3,25960.1,25974.1,9212.307
2023-09-04 02:00:00,25897.7,26015.0,25881.8,25970.8,4542.48
2023-09-04 01:00:00,25900.2,25916.2,25864.0,25897.7,3793.403
2023-09-04 00:00:00,25962.1,25965.0,25881.0,25900.2,4455.447
2023-09-03 23:00:00,25938.5,25971.8,25915.0,25962.1,2875.501
2023-09-03 22:00:00,25956.0,25974.4,25919.0,25938.5,3072.727
2023-09-03 21:00:00,26039.7,26064.5,25933.6,25956.0,7160.391
2023-09-03 20:00:00,25997.5,26135.2,25950.2,26039.6,12178.474
2023-09-03 19:00:00,25924.2,26007.3,25916.0,25997.6,5444.571
2023-09-03 18:00:00,25875.7,26033.3,25866.8,25924.1,14033.22
2023-09-03 17:00:00,25832.7,25879.0,25817.6,25875.7,4000.543
2023-09-03 16:00:00,25858.2,25884.0,25777.0,25832.7,8424.573
2023-09-03 15:00:00,25914.8,25917.0,25834.4,25858.2,4848.899
2023-09-03 14:00:00,25875.6,25930.0,25866.2,25914.7,3768.179
2023-09-03 13:00:00,25883.4,25936.0,25802.8,25875.6,13621.29
2023-09-03 12:00:00,25930.5,26115.0,25863.0,25883.4,20542.641
2023-09-03 11:00:00,25919.5,25936.9,25900.5,25930.4,2232.965
2023-09-03 10:00:00,25890.4,25928.5,25870.9,25919.4,2415.433
2023-09-03 09:00:00,25870.7,25924.7,25862.5,25890.3,2714.493
2023-09-03 08:00:00,25941.5,25943.7,25862.9,25870.6,4257.192
2023-09-03 07:00:00,25899.4,25943.6,25886.5,25941.4,3695.711
2023-09-03 06:00:00,25885.0,25939.0,25875.9,25899.5,3837.475
2023-09-03 05:00:00,25862.5,25896.8,25860.2,25884.9,2138.401
2023-09-03 04:00:00,25850.0,25870.9,25849.9,25862.5,1387.745
2023-09-03 03:00:00,25847.0,25860.9,25835.5,25850.0,1520.934
2023-09-03 02:00:00,25852.8,25869.0,25839.1,25847.1,1726.725
2023-09-03 01:00:00,25860.0,25899.9,25840.6,25852.8,3744.667
2023-09-03 00:00:00,25855.8,25862.9,25810.8,25860.0,3374.082
2023-09-02 23:00:00,25849.8,25899.3,25842.5,25855.8,2406.388
2023-09-02 22:00:00,25849.3,25851.0,25832.3,25849.8,1555.987
2023-09-02 21:00:00,25839.6,25881.0,25830.3,25849.3,3186.828
2023-09-02 20:00:00,25821.6,25839.6,25805.4,25839.5,2229.621
2023-09-02 19:00:00,25801.8,25837.3,25787.2,25821.6,3235.418
2023-09-02 18:00:00,25803.7,25817.5,25750.9,25801.7,7347.092
2023-09-02 17:00:00,25851.4,25865.5,25801.4,25803.7,4858.262
2023-09-02 16:00:00,25880.1,25926.5,25830.0,25851.3,6685.483
2023-09-02 15:00:00,25850.1,25975.0,25850.0,25880.0,17005.321
2023-09-02 14:00:00,25814.5,25887.1,25794.0,25850.0,6653.294
2023-09-02 13:00:00,25798.3,25843.0,25771.1,25814.5,4769.135
2023-09-02 12:00:00,25800.1,25826.5,25790.1,25798.4,3370.443
2023-09-02 11:00:00,25820.0,25848.0,25764.2,25800.1,7338.768
2023-09-02 10:00:00,25798.5,25845.3,25797.5,25820.0,4082.053
2023-09-02 09:00:00,25766.8,25816.2,25762.7,25798.4,3596.326
2023-09-02 08:00:00,25783.9,25792.0,25760.4,25766.9,3461.478
2023-09-02 07:00:00,25791.0,25832.4,25764.6,25783.9,3576.215
2023-09-02 06:00:00,25808.8,25822.7,25780.0,25791.0,2549.551
2023-09-02 05:00:00,25768.5,25841.4,25767.0,25808.8,4982.125
2023-09-02 04:00:00,25786.1,25795.6,25754.7,25768.6,2666.053
2023-09-02 03:00:00,25749.6,25802.7,25747.1,25786.1,2516.163
2023-09-02 02:00:00,25760.0,25784.4,25740.6,25749.6,3015.605
2023-09-02 01:00:00,25777.5,25805.9,25759.9,25760.0,2921.484
2023-09-02 00:00:00,25795.6,25829.9,25769.2,25777.4,3633.771
2023-09-01 23:00:00,25750.0,25826.9,25740.0,25795.6,3500.094
2023-09-01 22:00:00,25792.1,25813.2,25748.4,25749.9,4679.066
2023-09-01 21:00:00,25763.5,25852.3,25719.7,25792.1,8055.304
2023-09-01 20:00:00,25637.2,25928.5,25557.3,25763.4,21755.673
2023-09-01 19:00:00,25640.7,25667.8,25566.7,25637.1,10043.539
2023-09-01 18:00:00,25467.1,25844.0,25441.3,25640.8,33824.106
2023-09-01 17:00:00,25779.9,25792.0,25312.0,25467.2,67693.439
2023-09-01 16:00:00,25798.0,25958.1,25742.8,25779.9,23357.064
2023-09-01 15:00:00,25705.0,25935.0,25555.0,25798.0,39523.001
2023-09-01 14:00:00,25988.5,25991.9,25666.0,25705.0,35408.347
2023-09-01 13:00:00,26050.5,26056.2,25855.6,25988.6,20611.208
2023-09-01 12:00:00,26033.6,26151.6,25976.0,26050.5,23096.94
2023-09-01 11:00:00,25987.2,26068.3,25969.3,26033.7,6862.037
2023-09-01 10:00:00,26020.4,26036.7,25970.0,25987.2,5252.841
2023-09-01 09:00:00,25972.0,26040.0,25960.7,26020.4,5985.602
2023-09-01 08:00:00,25975.3,26006.0,25941.7,25972.0,5668.378
2023-09-01 07:00:00,25985.7,26005.9,25967.0,25975.2,4923.799
2023-09-01 06:00:00,26017.1,26033.5,25962.1,25985.6,6244.363
2023-09-01 05:00:00,26031.2,26047.1,26010.7,26017.1,3809.068
2023-09-01 04:00:00,26071.4,26086.2,26024.1,26031.1,3819.424
2023-09-01 03:00:00,26045.4,26085.8,26031.5,26071.5,4232.262
2023-09-01 02:00:00,25974.9,26094.1,25973.2,26045.4,8210.956
2023-09-01 01:00:00,26037.8,26047.3,25960.0,25974.9,6210.387
2023-09-01 00:00:00,25928.0,26060.5,25918.9,26037.8,8418.026
2023-08-31 23:00:00,26042.8,26047.3,25895.8,25928.0,8498.977
2023-08-31 22:00:00,26013.0,26059.2,25960.7,26042.8,8374.303
2023-08-31 21:00:00,26007.4,26027.9,25617.8,26013.0,47530.669
2023-08-31 20:00:00,26148.7,26180.0,25938.3,26007.4,25764.63
2023-08-31 19:00:00,26280.0,26307.0,25876.6,26148.7,50799.671
2023-08-31 18:00:00,26319.3,26377.0,26170.0,26280.1,18093.66
2023-08-31 17:00:00,26223.3,26390.8,26122.0,26319.3,49254.026
2023-08-31 16:00:00,26909.4,26913.9,26205.0,26223.3,106015.102
2023-08-31 15:00:00,27162.3,27169.0,26733.8,26909.5,39178.3
2023-08-31 14:00:00,27138.0,27182.1,27010.0,27162.3,16600.113
2023-08-31 13:00:00,27178.8,27195.6,27057.0,27138.1,18075.13
2023-08-31 12:00:00,27291.8,27305.1,27010.0,27178.8,29056.422
2023-08-31 11:00:00,27190.3,27674.3,27190.3,27291.8,39784.485
2023-08-31 10:00:00,27186.1,27215.9,27181.2,27190.3,2954.643
2023-08-31 09:00:00,27225.0,27226.2,27175.8,27186.1,6120.685
2023-08-31 08:00:00,27249.2,27263.1,27210.0,27225.0,4166.688
2023-08-31 07:00:00,27244.5,27285.0,27216.5,27249.1,4620.684
2023-08-31 06:00:00,27237.6,27281.0,27220.0,27244.5,3596.679
2023-08-31 05:00:00,27240.2,27264.6,27210.4,27237.5,3310.795
2023-08-31 04:00:00,27207.8,27275.3,27200.8,27240.2,4980.937
2023-08-31 03:00:00,27180.1,27207.9,27166.0,27207.8,2818.542
2023-08-31 02:00:00,27186.4,27224.9,27172.0,27180.2,3045.512
2023-08-31 01:00:00,27210.0,27230.0,27166.0,27186.4,5208.187
2023-08-31 00:00:00,27290.4,27290.5,27185.0,27209.9,5006.057
2023-08-30 23:00:00,27225.1,27309.0,27210.2,27290.4,3960.329
2023-08-30 22:00:00,27245.4,27314.7,27225.0,27225.1,4423.862
2023-08-30 21:00:00,27234.0,27335.6,27233.8,27245.5,7217.171
2023-08-30 20:00:00,27167.4,27277.7,27165.5,27233.9,6069.25
2023-08-30 19:00:00,27265.0,27275.0,27163.0,27167.3,6681.217
2023-08-30 18:00:00,27151.9,27277.7,27081.3,27265.0,10353.216
2023-08-30 17:00:00,27146.4,27237.4,27100.5,27152.0,9884.266
2023-08-30 16:00:00,27191.9,27202.5,27053.0,27146.3,15911.321
2023-08-30 15:00:00,27096.0,27283.3,27020.0,27192.0,27443.841
2023-08-30 14:00:00,27363.7,27414.9,26950.0,27096.1,48020.237
2023-08-30 13:00:00,27342.7,27450.0,27100.7,27363.7,34949.928
2023-08-30 12:00:00,27323.4,27416.5,27280.7,27342.7,15409.002
2023-08-30 11:00:00,27421.8,27421.8,27315.0,27323.5,8145.681
2023-08-30 10:00:00,27413.4,27438.0,27384.9,27421.8,4900.217
2023-08-30 09:00:00,27457.4,27461.8,27290.7,27413.4,15298.035
2023-08-30 08:00:00,27427.1,27493.6,27395.6,27457.4,7245.901
2023-08-30 07:00:00,27371.9,27455.5,27371.9,27427.2,5985.957
2023-08-30 06:00:00,27456.2,27456.3,27360.0,27371.9,6133.374
2023-08-30 05:00:00,27427.8,27464.0,27420.0,27456.2,4877.425
2023-08-30 04:00:00,27379.2,27436.0,27379.2,27427.7,6311.072
2023-08-30 03:00:00,27388.5,27417.0,27265.0,27379.3,19315.572
2023-08-30 02:00:00,27542.8,27552.9,27335.0,27388.5,18611.29
2023-08-30 01:00:00,27611.8,27632.1,27428.8,27542.8,16977.185
2023-08-30 00:00:00,27700.1,27758.2,27611.8,27611.9,11188.567
2023-08-29 23:00:00,27624.8,27769.2,27555.5,27700.1,11295.869
2023-08-29 22:00:00,27651.4,27684.6,27517.5,27624.8,12005.378
2023-08-29 21:00:00,27560.1,27725.0,27554.3,27651.3,13342.446
2023-08-29 20:00:00,27820.0,27875.0,27550.0,27560.0,23651.176
2023-08-29 19:00:00,27960.1,27985.4,27810.0,27820.0,15779.449
2023-08-29 18:00:00,27880.0,28017.2,27823.9,27960.1,20881.763
2023-08-29 17:00:00,27988.3,28093.8,27779.0,27880.1,47389.366
2023-08-29 16:00:00,27411.4,28168.0,27337.6,27988.4,116894.951
2023-08-29 15:00:00,27484.8,27547.8,27250.1,27411.4,63567.038
2023-08-29 14:00:00,26036.2,27690.0,26036.2,27484.8,285384.988
2023-08-29 13:00:00,26034.5,26095.0,25994.6,26036.2,8501.581
2023-08-29 12:00:00,25962.2,26034.6,25951.7,26034.6,5495.726
2023-08-29 11:00:00,25968.3,26038.3,25950.1,25962.2,10290.833
2023-08-29 10:00:00,25978.1,25978.9,25905.2,25968.4,8096.547
2023-08-29 09:00:00,25941.0,25979.8,25934.7,25978.2,5686.114
2023-08-29 08:00:00,25992.1,26003.6,25932.5,25940.9,8988.825
2023-08-29 07:00:00,25999.3,26037.3,25974.1,25992.0,6737.72
2023-08-29 06:00:00,26050.5,26051.7,25990.7,25999.3,5561.062
2023-08-29 05:00:00,26046.0,26077.9,26024.6,26050.6,4930.559
2023-08-29 04:00:00,26068.4,26080.4,26033.6,26046.0,3018.938
2023-08-29 03:00:00,26091.2,26094.6,26050.1,26068.3,3901.895
2023-08-29 02:00:00,26092.0,26099.7,26070.1,26091.1,3082.259
2023-08-29 01:00:00,26128.0,26200.0,26082.3,26091.9,9235.421
2023-08-29 00:00:00,26106.5,26156.5,26069.6,26128.0,6514.042
2023-08-28 23:00:00,26046.1,26170.0,26033.4,26106.5,12116.442
2023-08-28 22:00:00,25966.9,26057.0,25965.3,26046.1,5222.067
2023-08-28 21:00:00,25979.4,25998.7,25931.8,25967.0,3540.866
2023-08-28 20:00:00,25981.7,26012.8,25960.0,25979.3,4374.083
2023-08-28 19:00:00,26134.4,26144.8,25902.2,25981.6,23090.235
2023-08-28 18:00:00,26129.0,26139.2,26083.8,26134.4,5733.199
2023-08-28 17:00:00,26132.6,26182.8,26122.0,26129.0,6531.002
2023-08-28 16:00:00,26093.4,26150.0,26084.8,26132.6,6515.146
2023-08-28 15:00:00,26126.5,26185.1,26031.0,26093.3,11732.532
2023-08-28 14:00:00,26087.0,26149.9,26067.1,26126.4,8178.116
2023-08-28 13:00:00,26126.0,26155.9,26074.5,26087.0,10218.025
2023-08-28 12:00:00,25992.8,26244.6,25980.0,26126.0,38441.085
2023-08-28 11:00:00,25942.5,25994.8,25932.7,25992.8,5215.176
2023-08-28 10:00:00,25921.3,25959.6,25902.0,25942.5,3606.989
2023-08-28 09:00:00,25952.9,25961.9,25853.5,25921.3,12205.917
2023-08-28 08:00:00,25923.1,25976.0,25906.8,25952.8,6024.274
2023-08-28 07:00:00,25934.8,25940.0,25871.8,25923.0,6518.626
2023-08-28 06:00:00,25950.1,25977.3,25912.8,25934.8,6005.29
2023-08-28 05:00:00,26012.9,26023.7,25850.4,25950.2,15927.947
2023-08-28 04:00:00,26002.0,26024.7,25997.2,26013.0,2453.018
2023-08-28 03:00:00,26019.8,26043.7,26002.0,26002.0,4380.323
2023-08-28 02:00:00,26017.6,26049.3,26009.1,26019.7,3192.909
2023-08-28 01:00:00,26009.3,26056.0,25978.3,26017.7,7255.08
2023-08-28 00:00:00,26087.6,26092.1,25970.3,26009.3,11513.704
2023-08-27 23:00:00,26076.8,26094.8,26068.0,26087.7,2342.807
2023-08-27 22:00:00,26058.6,26077.0,26029.6,26076.7,3199.525
2023-08-27 21:00:00,26083.2,26123.8,26025.2,26058.6,3604.314
2023-08-27 20:00:00,26112.2,26118.1,26069.0,26083.2,2593.569
2023-08-27 19:00:00,26092.6,26157.0,26084.7,26112.1,4920.091
2023-08-27 18:00:00,26054.2,26103.8,26020.0,26092.6,5204.591
2023-08-27 17:00:00,26151.8,26169.8,26031.1,26054.2,7830.948
2023-08-27 16:00:00,26110.9,26157.1,26108.1,26151.8,4045.222
2023-08-27 15:00:00,26134.0,26150.0,26104.0,26110.8,4540.636
2023-08-27 14:00:00,26066.9,26173.6,26066.8,26134.0,13178.081
2023-08-27 13:00:00,26059.2,26078.6,26052.7,26066.8,2439.908
2023-08-27 12:00:00,26049.0,26059.3,26040.2,26059.2,1632.385
2023-08-27 11:00:00,26067.0,26067.1,26043.0,26049.0,2499.757
2023-08-27 10:00:00,26066.6,26087.7,26061.5,26067.0,4384.924
2023-08-27 09:00:00,26047.0,26067.9,26036.3,26066.6,3247.024
2023-08-27 08:00:00,26028.5,26054.9,26018.9,26047.0,3418.542
2023-08-27 07:00:00,26037.0,26040.9,26028.4,26028.5,2095.746
2023-08-27 06:00:00,26023.5,26041.9,26013.5,26037.0,2555.698
2023-08-27 05:00:00,26026.4,26035.3,26014.5,26023.4,1783.508
2023-08-27 04:00:00,26009.7,26026.4,26009.6,26026.3,1502.006
2023-08-27 03:00:00,25987.3,26013.4,25987.2,26009.6,1078.499
2023-08-27 02:00:00,25987.6,26007.9,25981.3,25987.3,2169.445
2023-08-27 01:00:00,25987.7,26001.9,25955.6,25987.5,4100.38
2023-08-27 00:00:00,26004.3,26021.6,25985.4,25987.6,2137.792
2023-08-26 23:00:00,26018.5,26021.2,25975.5,26004.3,3322.073
2023-08-26 22:00:00,26026.7,26036.6,26017.9,26018.4,1048.45
2023-08-26 21:00:00,26018.0,26038.7,26005.2,26026.8,1666.67
2023-08-26 20:00:00,26023.1,26032.9,26010.9,26018.1,1317.385
2023-08-26 19:00:00,26010.2,26030.8,26007.0,26023.0,1338.497
2023-08-26 18:00:00,26018.7,26018.7,25990.2,26010.2,1687.386
2023-08-26 17:00:00,26027.0,26027.3,25994.7,26018.7,2812.489
2023-08-26 16:00:00,26040.2,26048.5,26001.8,26027.0,3036.694
2023-08-26 15:00:00,26056.9,26070.0,26034.5,26040.2,3068.198
2023-08-26 14:00:00,26034.4,26065.0,26016.7,26057.0,3464.781
2023-08-26 13:00:00,26016.4,26034.7,26014.8,26034.4,1750.479
2023-08-26 12:00:00,26036.0,26037.2,25969.0,26016.4,4699.859
2023-08-26 11:00:00,26023.9,26040.0,26023.8,26035.9,1639.354
2023-08-26 10:00:00,26002.2,26023.9,25999.9,26023.9,1727.473
2023-08-26 09:00:00,26031.6,26033.6,25992.5,26002.2,2439.783
2023-08-26 08:00:00,26039.8,26048.7,25985.0,26031.5,6907.488
2023-08-26 07:00:00,26066.8,26073.4,26033.7,26039.7,2338.596
2023-08-26 06:00:00,26051.1,26066.8,26040.1,26066.8,1950.886
2023-08-26 05:00:00,26065.2,26066.7,26040.3,26051.1,1656.312
2023-08-26 04:00:00,26076.4,26079.2,26050.8,26065.2,2100.077
2023-08-26 03:00:00,26063.3,26090.6,26051.4,26076.4,2267.773
2023-08-26 02:00:00,26035.0,26129.4,26034.9,26063.2,5246.091
2023-08-26 01:00:00,26030.0,26065.9,26018.1,26034.9,2363.578
2023-08-26 00:00:00,26051.7,26088.0,26019.1,26030.0,4075.49
2023-08-25 23:00:00,26043.6,26053.9,26021.0,26051.7,2326.07
2023-08-25 22:00:00,26068.4,26075.0,26029.5,26043.6,3504.177
2023-08-25 21:00:00,26045.9,26075.0,26015.8,26068.3,5088.248
2023-08-25 20:00:00,25961.8,26078.0,25944.4,26045.9,6835.699
2023-08-25 19:00:00,26038.9,26050.0,25936.2,25961.9,8053.834
2023-08-25 18:00:00,25879.2,26059.8,25860.4,26038.9,11551.266
2023-08-25 17:00:00,25926.9,25974.1,25820.0,25879.2,13342.767
2023-08-25 16:00:00,25917.3,26019.1,25890.7,25926.9,12783.155
2023-08-25 15:00:00,25821.5,26043.4,25797.4,25917.4,32541.106
2023-08-25 14:00:00,26056.3,26300.0,25754.4,25821.6,75772.446
2023-08-25 13:00:00,26095.5,26228.1,26044.4,26056.3,24022.249
2023-08-25 12:00:00,26087.7,26136.8,26087.7,26095.4,5962.111
2023-08-25 11:00:00,26072.8,26100.9,26068.1,26087.7,3924.008
2023-08-25 10:00:00,26069.9,26103.6,26059.1,26072.8,4218.706
2023-08-25 09:00:00,26085.6,26118.7,26064.1,26069.9,5936.607
2023-08-25 08:00:00,25969.4,26096.0,25968.9,26085.6,8974.398
2023-08-25 07:00:00,26004.7,26052.9,25960.0,25969.3,9606.612
2023-08-25 06:00:00,26045.0,26052.6,25977.2,26004.7,6739.8
2023-08-25 05:00:00,26013.8,26068.8,25991.3,26045.0,5483.447
2023-08-25 04:00:00,26095.2,26102.9,26011.0,26013.8,6425.862
2023-08-25 03:00:00,26118.8,26130.1,26000.0,26095.2,8318.188
2023-08-25 02:00:00,26137.7,26169.3,26107.0,26118.8,3923.079
2023-08-25 01:00:00,26129.1,26141.5,26079.6,26137.7,3845.287
2023-08-25 00:00:00,26164.6,26177.0,26107.2,26129.1,5651.372
2023-08-24 23:00:00,26107.9,26200.0,26052.5,26164.6,9225.47
2023-08-24 22:00:00,26079.8,26119.6,26072.6,26108.0,4455.273
2023-08-24 21:00:00,26022.0,26082.3,26008.6,26079.8,5006.713
2023-08-24 20:00:00,26026.0,26095.5,25918.5,26021.9,11813.922
2023-08-24 19:00:00,26009.3,26129.0,25991.0,26025.9,10647.23
2023-08-24 18:00:00,26046.5,26065.6,25961.1,26009.3,9218.605
2023-08-24 17:00:00,26103.8,26110.0,25835.0,26046.4,29982.011
2023-08-24 16:00:00,25987.3,26148.0,25981.6,26103.9,19022.143
2023-08-24 15:00:00,26100.1,26153.0,25972.5,25987.3,28787.956
2023-08-24 14:00:00,26346.5,26364.8,26056.0,26100.1,44854.012
2023-08-24 13:00:00,26377.5,26413.1,26280.0,26346.4,16133.741
2023-08-24 12:00:00,26433.8,26433.9,26366.3,26377.5,10581.097
2023-08-24 11:00:00,26467.6,26532.6,26430.0,26433.8,7960.466
2023-08-24 10:00:00,26429.1,26468.5,26395.0,26467.6,7066.509
2023-08-24 09:00:00,26486.1,26568.3,26415.2,26429.0,13293.984
2023-08-24 08:00:00,26460.8,26501.0,26410.0,26486.1,5542.898
2023-08-24 07:00:00,26436.1,26483.0,26417.7,26460.7,4981.131
2023-08-24 06:00:00,26411.9,26509.6,26370.1,26436.1,8053.062
2023-08-24 05:00:00,26440.2,26474.6,26400.0,26411.9,5277.298
2023-08-24 04:00:00,26430.0,26466.0,26400.0,26440.1,5191.959
2023-08-24 03:00:00,26364.0,26442.0,26363.9,26430.0,4842.54
2023-08-24 02:00:00,26337.7,26406.0,26334.0,26364.0,5037.812
2023-08-24 01:00:00,26500.0,26516.7,26335.0,26337.7,9351.862
2023-08-24 00:00:00,26419.2,26535.9,26411.6,26500.0,10425.643
2023-08-23 23:00:00,26440.5,26520.0,26387.3,26419.2,10696.473
2023-08-23 22:00:00,26306.3,26478.4,26283.1,26440.5,12737.176
2023-08-23 21:00:00,26578.2,26609.1,26201.0,26306.4,23960.269
2023-08-23 20:00:00,26615.2,26714.8,26521.7,26578.2,23278.991
2023-08-23 19:00:00,26447.3,26806.0,26430.0,26615.2,34402.874
2023-08-23 18:00:00,26527.0,26550.0,26416.4,26447.3,18353.572
2023-08-23 17:00:00,26379.2,26595.0,26356.1,26526.9,35774.634
2023-08-23 16:00:00,26134.3,26469.8,26113.7,26379.3,61006.585
2023-08-23 15:00:00,26027.5,26187.0,26010.8,26134.3,29958.877
2023-08-23 14:00:00,26003.9,26130.0,25910.0,26027.5,25739.776
2023-08-23 13:00:00,25832.6,26029.3,25800.0,26003.9,21358.897
2023-08-23 12:00:00,25928.1,25953.4,25830.0,25832.5,12194.814
2023-08-23 11:00:00,25954.7,25956.5,25887.4,25928.1,12205.057
2023-08-23 10:00:00,26030.0,26034.4,25936.3,25954.8,10057.706
2023-08-23 09:00:00,26027.5,26047.6,26000.5,26030.0,4586.233
2023-08-23 08:00:00,26045.3,26085.6,26012.0,26027.5,4732.279
2023-08-23 07:00:00,26049.6,26120.4,25999.6,26045.3,12700.996
2023-08-23 06:00:00,26028.7,26170.0,26020.0,26049.6,13623.279
2023-08-23 05:00:00,26036.1,26040.0,25974.5,26028.6,4521.689
2023-08-23 04:00:00,25992.0,26050.0,25967.1,26036.1,5279.482
2023-08-23 03:00:00,26027.9,26065.4,25974.1,25992.1,5013.716
2023-08-23 02:00:00,26037.9,26078.7,26017.0,26027.8,4274.693
2023-08-23 01:00:00,26027.3,26071.5,25979.6,26037.9,7842.216
2023-08-23 00:00:00,26044.5,26177.0,26016.6,26027.3,18668.744
2023-08-22 23:00:00,25797.5,26060.0,25770.9,26044.4,23706.861
2023-08-22 22:00:00,25652.4,25849.9,25630.0,25797.5,18018.608
2023-08-22 21:00:00,25850.7,25894.9,25280.0,25652.4,52637.316
2023-08-22 20:00:00,25767.1,25862.8,25767.1,25850.8,7845.29
2023-08-22 19:00:00,25898.9,25951.9,25760.2,25767.2,11016.675
2023-08-22 18:00:00,25824.5,26000.0,25753.5,25898.9,20619.261
2023-08-22 17:00:00,26008.2,26022.8,25693.6,25824.5,38163.463
2023-08-22 16:00:00,25923.0,26048.0,25748.0,26008.2,46746.669
2023-08-22 15:00:00,25980.1,26016.4,25900.0,25923.0,11195.513
2023-08-22 14:00:00,25986.2,26048.0,25916.9,25980.0,15232.207
2023-08-22 13:00:00,26028.5,26049.1,25950.0,25986.1,13286.628
2023-08-22 12:00:00,26039.0,26087.2,26028.5,26028.5,4849.689
2023-08-22 11:00:00,26036.4,26055.9,26014.9,26039.0,3661.634
2023-08-22 10:00:00,26032.6,26044.9,26014.6,26036.3,3870.146
2023-08-22 09:00:00,26051.6,26075.0,26018.0,26032.6,4035.123
2023-08-22 08:00:00,26091.7,26100.0,26036.1,26051.6,3971.028
2023-08-22 07:00:00,26058.0,26108.7,26048.8,26091.6,5121.31
2023-08-22 06:00:00,26029.1,26084.0,26015.3,26057.9,4784.255
2023-08-22 05:00:00,26003.4,26038.5,25982.5,26029.2,4471.106
2023-08-22 04:00:00,26042.2,26042.2,25981.6,26003.4,4164.709
2023-08-22 03:00:00,26052.1,26061.1,26010.3,26042.2,3537.229
2023-08-22 02:00:00,26035.6,26059.9,26028.0,26052.1,2915.533
2023-08-22 01:00:00,26086.0,26096.9,26032.2,26035.6,5163.069
2023-08-22 00:00:00,26115.4,26128.2,26077.1,26086.1,4100.254
2023-08-21 23:00:00,26118.4,26141.0,26102.0,26115.4,3034.686
2023-08-21 22:00:00,26182.1,26182.1,26116.3,26118.4,5066.041
2023-08-21 21:00:00,26092.8,26280.0,26067.5,26182.0,11107.898
2023-08-21 20:00:00,26086.2,26143.9,26074.3,26092.8,5493.274
2023-08-21 19:00:00,26021.0,26159.9,26021.0,26086.2,9812.221
2023-08-21 18:00:00,26039.1,26104.4,26011.5,26021.0,6594.375
2023-08-21 17:00:00,26002.1,26066.5,25985.7,26039.0,6559.405
2023-08-21 16:00:00,25925.1,26036.9,25921.1,26002.0,11358.295
2023-08-21 15:00:00,26094.0,26121.7,25800.0,25925.1,38506.17
2023-08-21 14:00:00,26117.9,26193.6,26041.3,26094.0,17017.439
2023-08-21 13:00:00,25988.1,26135.0,25965.8,26117.9,12378.444
2023-08-21 12:00:00,26020.8,26072.0,25980.5,25988.1,10104.612
2023-08-21 11:00:00,25930.6,26035.2,25916.9,26020.7,9146.137
2023-08-21 10:00:00,26018.7,26018.7,25861.0,25930.5,21523.597
2023-08-21 09:00:00,26049.9,26079.8,25990.4,26018.7,5850.223
2023-08-21 08:00:00,26011.9,26061.4,25967.8,26049.8,7371.848
2023-08-21 07:00:00,26021.8,26040.8,25985.0,26012.0,8628.813
2023-08-21 06:00:00,26093.8,26111.9,26020.0,26021.8,6157.699
2023-08-21 05:00:00,26043.7,26174.4,26030.5,26093.8,11147.328
2023-08-21 04:00:00,26076.8,26076.8,26027.0,26043.8,6423.725
2023-08-21 03:00:00,26084.1,26097.0,26052.5,26076.7,3004.685
2023-08-21 02:00:00,26131.8,26147.3,26063.1,26084.0,4495.531
2023-08-21 01:00:00,26126.8,26154.2,26070.5,26131.8,7061.203
2023-08-21 00:00:00,26175.9,26183.2,26105.4,26126.8,4661.616
2023-08-20 23:00:00,26194.0,26194.0,26135.0,26175.9,3688.129
2023-08-20 22:00:00,26167.3,26209.9,26167.3,26194.0,3735.344
2023-08-20 21:00:00,26222.8,26231.5,26126.6,26167.2,7676.141
2023-08-20 20:00:00,26122.1,26285.0,26122.0,26222.8,13423.629
2023-08-20 19:00:00,26100.2,26128.0,26092.3,26122.1,2506.855
2023-08-20 18:00:00,26111.3,26135.9,26089.8,26100.2,4688.386
2023-08-20 17:00:00,26035.9,26149.0,26012.4,26111.3,6377.226
2023-08-20 16:00:00,26095.0,26113.1,25982.3,26035.8,7739.494
2023-08-20 15:00:00,26050.0,26130.2,25948.5,26095.0,19304.913
2023-08-20 14:00:00,26127.0,26139.9,26045.5,26050.0,8503.555
2023-08-20 13:00:00,26173.9,26209.6,26115.8,26126.9,7194.324
2023-08-20 12:00:00,26163.8,26190.8,26120.0,26174.0,5353.432
2023-08-20 11:00:00,26134.9,26187.8,26119.5,26163.9,6889.086
2023-08-20 10:00:00,26130.1,26148.6,26106.2,26134.9,5377.106
2023-08-20 09:00:00,26099.9,26133.9,26077.3,26130.0,4278.025
2023-08-20 08:00:00,26073.6,26099.9,26041.4,26099.9,3199.492
2023-08-20 07:00:00,26051.3,26078.8,26045.8,26073.6,2485.77
2023-08-20 06:00:00,26075.1,26081.1,26029.2,26051.3,3843.907
2023-08-20 05:00:00,26104.9,26153.4,26051.7,26075.2,4540.131
2023-08-20 04:00:00,26090.9,26118.7,26085.1,26104.9,2380.8
2023-08-20 03:00:00,26081.7,26129.0,26080.4,26090.9,3969.09
2023-08-20 02:00:00,26057.8,26091.7,26033.7,26081.8,2951.992
2023-08-20 01:00:00,26168.9,26197.0,26027.9,26057.7,6473.424
2023-08-20 00:00:00,26088.4,26174.2,26069.0,26168.9,4509.599
2023-08-19 23:00:00,26037.5,26114.0,26037.4,26088.3,2498.731
2023-08-19 22:00:00,26071.1,26075.0,26035.2,26037.5,1943.358
2023-08-19 21:00:00,26045.0,26083.0,26033.4,26071.0,2671.64
2023-08-19 20:00:00,26112.6,26143.7,26016.6,26045.0,8130.877
2023-08-19 19:00:00,26109.7,26145.5,26080.2,26112.6,3472.421
2023-08-19 18:00:00,26071.7,26124.9,26012.3,26109.7,8145.27
2023-08-19 17:00:00,26240.1,26240.1,26055.0,26071.6,12456.437
2023-08-19 16:00:00,26201.0,26269.4,26101.0,26240.1,18404.757
2023-08-19 15:00:00,25961.9,26216.4,25940.3,26201.0,25420.435
2023-08-19 14:00:00,25910.1,26039.3,25906.9,25961.8,11640.302
2023-08-19 13:00:00,25900.0,25968.4,25891.8,25910.0,7172.211
2023-08-19 12:00:00,25885.3,25914.0,25858.0,25900.0,6031.766
2023-08-19 11:00:00,25897.1,25931.3,25877.2,25885.2,4557.818
2023-08-19 10:00:00,25932.1,25947.5,25880.1,25897.1,4174.879
2023-08-19 09:00:00,25918.3,25955.0,25871.0,25932.1,6162.654
2023-08-19 08:00:00,25906.7,25992.8,25880.4,25918.2,12061.517
2023-08-19 07:00:00,25823.9,25911.1,25783.4,25906.8,12497.093
2023-08-19 06:00:00,25872.6,25919.1,25810.3,25824.0,8778.907
2023-08-19 05:00:00,25976.8,25984.2,25859.6,25872.7,9542.874
2023-08-19 04:00:00,25958.6,25998.0,25908.2,25976.8,7548.678
2023-08-19 03:00:00,25987.3,25990.2,25910.0,25958.7,8974.261
2023-08-19 02:00:00,26001.1,26056.4,25981.5,25987.3,6123.856
2023-08-19 01:00:00,26087.2,26089.0,26000.0,26001.2,5875.355
2023-08-19 00:00:00,26042.0,26147.6,26005.0,26087.2,7933.056
2023-08-18 23:00:00,26055.1,26085.1,25989.5,26042.1,6158.996
2023-08-18 22:00:00,26050.2,26109.5,26025.4,26055.2,5412.809
2023-08-18 21:00:00,26072.6,26163.4,26046.0,26050.2,7417.189
2023-08-18 20:00:00,26053.4,26235.0,26036.0,26072.6,17860.484
2023-08-18 19:00:00,26110.6,26137.5,25976.0,26053.4,20405.573
2023-08-18 18:00:00,25998.1,26300.0,25907.3,26110.7,32521.697
2023-08-18 17:00:00,25889.5,26116.8,25600.0,25998.2,65732.559
2023-08-18 16:00:00,25993.1,26134.7,25726.2,25889.6,32361.021
2023-08-18 15:00:00,25998.7,26241.6,25918.2,25993.1,40411.191
2023-08-18 14:00:00,26227.9,26299.1,25930.0,25998.7,44235.775
2023-08-18 13:00:00,26318.0,26376.0,26200.9,26227.9,27614.945
2023-08-18 12:00:00,26479.5,26489.6,26310.0,26318.0,18308.409
2023-08-18 11:00:00,26437.8,26503.0,26365.0,26479.5,11268.487
2023-08-18 10:00:00,26440.0,26457.2,26370.3,26437.7,10145.444
2023-08-18 09:00:00,26577.0,26595.2,26411.0,26439.9,13720.952
2023-08-18 08:00:00,26413.8,26585.6,26404.1,26577.0,13986.642
2023-08-18 07:00:00,26489.4,26514.3,26404.0,26413.8,11025.904
2023-08-18 06:00:00,26427.7,26597.7,26427.7,26489.4,18375.268
2023-08-18 05:00:00,26256.5,26525.5,26250.2,26427.7,20066.755
2023-08-18 04:00:00,26386.0,26427.1,26150.0,26256.6,26404.066
2023-08-18 03:00:00,26470.6,26506.8,26307.1,26385.9,20195.293
2023-08-18 02:00:00,26602.7,26671.1,26451.0,26470.6,13286.9
2023-08-18 01:00:00,26723.3,26749.0,26547.6,26602.7,16084.971
2023-08-18 00:00:00,26609.7,26818.0,26579.2,26723.4,29373.986
2023-08-17 23:00:00,26790.0,26994.0,26444.0,26609.7,61533.234
2023-08-17 22:00:00,26250.0,26903.3,25926.2,26790.1,110064.785
2023-08-17 21:00:00,27663.5,27727.8,24581.0,26249.9,170331.02
2023-08-17 20:00:00,27889.4,27915.8,27510.0,27663.5,42787.262
2023-08-17 19:00:00,27875.0,27967.9,27850.0,27889.4,10838.099
2023-08-17 18:00:00,27966.0,28016.9,27853.0,27875.0,15662.943
2023-08-17 17:00:00,27927.5,28030.0,27925.2,27966.1,15688.448
2023-08-17 16:00:00,27920.9,28078.0,27700.0,27927.4,91422.489
2023-08-17 15:00:00,28388.0,28500.0,27855.0,27920.9,113599.455
2023-08-17 14:00:00,28393.4,28456.7,28313.0,28388.0,29894.008
2023-08-17 13:00:00,28490.1,28539.6,28372.6,28393.3,22411.428
2023-08-17 12:00:00,28540.0,28569.3,28427.6,28490.1,16639.786
2023-08-17 11:00:00,28532.3,28562.5,28469.2,28540.0,9962.717
2023-08-17 10:00:00,28583.1,28600.0,28480.1,28532.3,10042.264
2023-08-17 09:00:00,28545.2,28611.2,28501.9,28583.1,9301.704
2023-08-17 08:00:00,28613.1,28627.8,28545.0,28545.3,10299.071
2023-08-17 07:00:00,28675.8,28675.8,28590.2,28613.0,7977.991
2023-08-17 06:00:00,28671.8,28688.0,28642.1,28675.8,5613.444
2023-08-17 05:00:00,28636.6,28673.5,28626.1,28671.7,4814.673
2023-08-17 04:00:00,28643.5,28694.9,28599.5,28636.6,9019.087
2023-08-17 03:00:00,28574.8,28687.7,28566.6,28643.5,9628.011
2023-08-17 02:00:00,28622.0,28637.0,28556.5,28574.9,8896.12
2023-08-17 01:00:00,28566.6,28624.9,28527.7,28622.0,16356.02
2023-08-17 00:00:00,28714.4,28775.9,28288.6,28566.5,65724.161
2023-08-16 23:00:00,28896.3,28896.4,28705.1,28714.4,24783.782
2023-08-16 22:00:00,28924.0,28972.0,28893.8,28896.4,6872.738
2023-08-16 21:00:00,28961.8,28961.9,28856.1,28924.0,12625.748
2023-08-16 20:00:00,29105.4,29132.4,28800.0,28961.8,36841.23
2023-08-16 19:00:00,29161.9,29165.6,29094.5,29105.5,7907.034
2023-08-16 18:00:00,29161.1,29229.6,29093.3,29161.8,16000.402
2023-08-16 17:00:00,29080.2,29163.8,29043.5,29161.1,14866.243
2023-08-16 16:00:00,29097.9,29100.0,28940.0,29080.2,36446.34
2023-08-16 15:00:00,29154.9,29177.1,29090.0,29098.0,8478.24
2023-08-16 14:00:00,29077.6,29160.0,29035.3,29154.9,11389.361
2023-08-16 13:00:00,29151.1,29169.5,29061.0,29077.6,13120.748
2023-08-16 12:00:00,29154.9,29206.6,29030.0,29151.1,20769.295
2023-08-16 11:00:00,29192.7,29192.7,29135.8,29154.9,4410.868
2023-08-16 10:00:00,29161.2,29199.9,29152.7,29192.6,5326.942
2023-08-16 09:00:00,29171.0,29171.6,29142.8,29160.8,374.77
2023-08-16 08:00:00,29187.0,29209.0,29152.0,29171.0,4474.999
2023-08-16 07:00:00,29180.8,29206.7,29166.3,29187.0,5138.463
2023-08-16 06:00:00,29130.0,29188.0,29100.0,29180.8,7860.916
2023-08-16 05:00:00,29197.1,29202.2,29126.6,29130.0,9745.845
2023-08-16 04:00:00,29216.7,29223.5,29195.0,29197.1,3032.783
2023-08-16 03:00:00,29246.2,29247.9,29213.0,29216.7,2531.692
2023-08-16 02:00:00,29237.9,29248.9,29216.0,29246.2,3798.954
2023-08-16 01:00:00,29214.9,29239.9,29174.6,29238.0,5873.137
2023-08-16 00:00:00,29188.9,29257.4,29184.6,29214.9,5943.037
2023-08-15 23:00:00,29171.0,29205.7,29160.4,29188.8,4215.403
2023-08-15 22:00:00,29214.8,29229.3,29168.2,29170.9,4179.88
2023-08-15 21:00:00,29191.8,29234.6,29166.3,29214.8,4287.042
2023-08-15 20:00:00,29172.4,29223.6,29125.8,29191.8,9420.48
2023-08-15 19:00:00,29314.5,29314.6,29050.0,29172.4,42202.074
2023-08-15 18:00:00,29322.6,29342.0,29289.6,29314.6,4777.685
2023-08-15 17:00:00,29271.9,29324.6,29263.6,29322.7,6008.918
2023-08-15 16:00:00,29315.1,29358.9,29240.0,29271.9,18376.707
2023-08-15 15:00:00,29442.5,29492.1,29294.9,29315.2,21668.516
2023-08-15 14:00:00,29359.2,29456.1,29323.3,29442.6,13903.779
2023-08-15 13:00:00,29352.9,29405.0,29350.5,29359.2,5034.777
2023-08-15 12:00:00,29357.1,29395.0,29346.8,29352.9,6092.725
2023-08-15 11:00:00,29391.8,29395.0,29340.2,29357.1,7532.68
2023-08-15 10:00:00,29411.5,29413.2,29383.7,29391.7,3447.458
2023-08-15 09:00:00,29413.0,29442.7,29396.7,29411.4,4303.502
2023-08-15 08:00:00,29396.9,29446.5,29388.3,29413.0,6895.714
2023-08-15 07:00:00,29363.8,29422.9,29338.9,29396.9,5607.082
2023-08-15 06:00:00,29360.3,29376.0,29345.9,29363.7,2873.918
2023-08-15 05:00:00,29366.4,29386.5,29350.1,29360.4,3492.418
2023-08-15 04:00:00,29386.9,29393.0,29360.6,29366.3,2425.99
2023-08-15 03:00:00,29372.3,29389.5,29355.9,29386.9,2185.699
2023-08-15 02:00:00,29398.5,29409.3,29359.2,29372.3,2909.265
2023-08-15 01:00:00,29424.0,29440.1,29362.9,29398.6,4495.273
2023-08-15 00:00:00,29419.5,29446.5,29389.9,29424.0,4903.023
2023-08-14 23:00:00,29426.5,29432.4,29413.4,29419.5,2830.048
2023-08-14 22:00:00,29390.3,29465.8,29382.9,29426.5,6798.99
2023-08-14 21:00:00,29388.4,29402.3,29365.5,29390.3,3062.026
2023-08-14 20:00:00,29353.7,29392.7,29323.2,29388.3,5160.687
2023-08-14 19:00:00,29315.2,29386.8,29308.1,29353.8,7960.321
2023-08-14 18:00:00,29475.3,29488.8,29233.0,29315.2,39400.015
2023-08-14 17:00:00,29638.6,29662.8,29464.1,29475.2,20005.929
2023-08-14 16:00:00,29592.8,29686.7,29592.8,29638.5,13949.405
2023-08-14 15:00:00,29523.6,29665.0,29462.8,29592.9,31429.932
2023-08-14 14:00:00,29376.0,29586.0,29374.2,29523.7,35327.789
2023-08-14 13:00:00,29372.1,29393.5,29319.9,29376.0,7587.586
2023-08-14 12:00:00,29399.8,29399.9,29330.0,29372.0,6501.472
2023-08-14 11:00:00,29418.7,29418.7,29373.6,29399.8,4817.266
2023-08-14 10:00:00,29404.5,29435.9,29389.5,29418.7,4115.603
2023-08-14 09:00:00,29414.2,29422.9,29371.4,29404.5,5806.27
2023-08-14 08:00:00,29410.4,29486.0,29410.4,29414.2,9795.304
2023-08-14 07:00:00,29408.2,29426.4,29382.0,29410.5,4507.052
2023-08-14 06:00:00,29435.9,29466.3,29395.7,29408.2,5266.761
2023-08-14 05:00:00,29404.0,29445.4,29402.4,29436.0,4602.558
2023-08-14 04:00:00,29390.0,29443.6,29379.4,29403.9,7802.823
2023-08-14 03:00:00,29310.0,29415.0,29307.0,29390.0,12345.857
2023-08-14 02:00:00,29256.4,29350.0,29070.0,29309.9,36882.54
2023-08-14 01:00:00,29260.7,29293.0,29187.0,29256.4,11149.943
2023-08-14 00:00:00,29293.3,29319.2,29232.0,29260.8,7929.206
2023-08-13 23:00:00,29307.0,29328.3,29282.3,29293.3,4427.205
2023-08-13 22:00:00,29360.0,29367.3,29256.6,29307.0,13132.403
2023-08-13 21:00:00,29411.9,29415.0,29351.5,29360.0,4436.755
2023-08-13 20:00:00,29426.0,29434.9,29408.0,29411.8,2681.432
2023-08-13 19:00:00,29411.3,29463.0,29411.2,29426.1,6056.235
2023-08-13 18:00:00,29386.4,29420.0,29384.2,29411.2,3083.917
2023-08-13 17:00:00,29345.0,29412.0,29344.9,29386.3,5426.649
2023-08-13 16:00:00,29362.8,29367.8,29316.2,29345.0,6293.794
2023-08-13 15:00:00,29360.4,29366.8,29349.0,29362.8,2651.64
2023-08-13 14:00:00,29363.4,29376.2,29360.4,29360.4,1805.586
2023-08-13 13:00:00,29380.4,29380.5,29362.4,29363.5,2548.397
2023-08-13 12:00:00,29374.0,29382.6,29356.6,29380.5,2899.337
2023-08-13 11:00:00,29389.7,29389.7,29362.0,29374.0,1959.642
2023-08-13 10:00:00,29398.8,29399.4,29389.7,29389.7,1662.141
2023-08-13 09:00:00,29399.7,29400.7,29395.4,29398.8,1800.668
2023-08-13 08:00:00,29385.6,29399.7,29380.5,29399.7,1913.947
2023-08-13 07:00:00,29390.3,29392.1,29385.5,29385.5,1524.14
2023-08-13 06:00:00,29374.1,29390.3,29367.5,29390.2,2574.863
2023-08-13 05:00:00,29377.8,29377.8,29343.8,29374.2,3782.72
2023-08-13 04:00:00,29401.8,29401.9,29365.3,29377.8,3849.938
2023-08-13 03:00:00,29434.5,29434.6,29380.1,29401.8,5191.306
2023-08-13 02:00:00,29442.7,29447.4,29434.5,29434.6,1005.643
2023-08-13 01:00:00,29443.5,29445.4,29427.8,29442.6,1646.562
2023-08-13 00:00:00,29420.8,29443.5,29412.7,29443.4,1835.585
2023-08-12 23:00:00,29419.0,29422.7,29416.2,29420.7,1055.855
2023-08-12 22:00:00,29411.5,29420.7,29409.9,29419.0,1381.135
2023-08-12 21:00:00,29409.5,29411.9,29385.1,29411.5,2257.094
2023-08-12 20:00:00,29407.6,29419.6,29405.0,29409.5,1116.288
2023-08-12 19:00:00,29417.9,29418.0,29401.2,29407.5,1898.064
2023-08-12 18:00:00,29419.1,29429.6,29406.2,29417.9,2615.913
2023-08-12 17:00:00,29445.4,29447.5,29416.4,29419.2,2068.47
2023-08-12 16:00:00,29426.0,29470.0,29426.0,29445.4,4216.342
2023-08-12 15:00:00,29439.0,29445.3,29421.8,29426.0,2792.904
2023-08-12 14:00:00,29396.4,29439.0,29396.4,29438.9,4632.429
2023-08-12 13:00:00,29414.5,29414.7,29395.7,29396.4,1735.136
2023-08-12 12:00:00,29416.7,29418.3,29400.0,29414.4,1677.694
2023-08-12 11:00:00,29423.0,29423.0,29400.9,29416.7,1835.559
2023-08-12 10:00:00,29408.3,29424.9,29406.4,29423.0,2511.218
2023-08-12 09:00:00,29382.9,29409.5,29382.9,29408.4,2745.299
2023-08-12 08:00:00,29410.2,29415.0,29378.6,29383.0,2729.399
2023-08-12 07:00:00,29410.7,29417.2,29392.1,29410.2,2298.277
2023-08-12 06:00:00,29393.2,29410.8,29375.7,29410.7,2238.098
2023-08-12 05:00:00,29404.9,29407.0,29393.2,29393.3,1037.096
2023-08-12 04:00:00,29388.0,29416.6,29388.0,29404.8,1884.31
2023-08-12 03:00:00,29378.8,29394.1,29360.0,29388.0,3345.459
2023-08-12 02:00:00,29392.2,29408.1,29378.7,29378.7,1934.498
2023-08-12 01:00:00,29445.0,29450.0,29384.8,29392.1,2884.141
2023-08-12 00:00:00,29415.5,29445.0,29393.1,29444.9,3347.357
2023-08-11 23:00:00,29420.1,29430.0,29388.6,29415.5,2184.04
2023-08-11 22:00:00,29401.6,29431.2,29393.2,29420.0,1710.894
2023-08-11 21:00:00,29407.3,29437.2,29393.5,29401.5,3672.943
2023-08-11 20:00:00,29387.8,29419.6,29382.9,29407.3,2726.493
2023-08-11 19:00:00,29361.9,29403.0,29336.3,29387.8,6157.048
2023-08-11 18:00:00,29327.3,29368.0,29319.2,29361.8,3823.13
2023-08-11 17:00:00,29347.8,29386.4,29310.1,29327.3,8320.418
2023-08-11 16:00:00,29382.9,29420.0,29220.0,29347.8,22992.568
2023-08-11 15:00:00,29481.0,29516.1,29339.9,29383.0,23352.962
2023-08-11 14:00:00,29459.8,29565.1,29448.4,29481.0,28262.559
2023-08-11 13:00:00,29417.0,29461.5,29403.0,29459.8,7906.111
2023-08-11 12:00:00,29435.0,29448.8,29380.0,29417.0,8307.878
2023-08-11 11:00:00,29382.9,29439.8,29382.0,29435.0,5021.016
2023-08-11 10:00:00,29377.1,29417.0,29333.9,29382.9,8027.829
2023-08-11 09:00:00,29402.4,29405.7,29368.0,29377.0,4742.532
2023-08-11 08:00:00,29406.8,29441.6,29400.0,29402.3,4145.695
2023-08-11 07:00:00,29451.1,29481.9,29406.7,29406.7,5289.695
2023-08-11 06:00:00,29449.8,29467.3,29413.1,29451.1,4516.903
2023-08-11 05:00:00,29405.2,29450.0,29367.3,29449.8,5438.62
2023-08-11 04:00:00,29400.7,29423.9,29394.7,29405.1,3137.603
2023-08-11 03:00:00,29362.7,29428.5,29343.7,29400.7,5269.051
2023-08-11 02:00:00,29438.6,29438.6,29336.0,29362.7,7398.333
2023-08-11 01:00:00,29471.7,29481.1,29428.9,29438.5,2795.336
2023-08-11 00:00:00,29443.7,29489.5,29436.0,29471.7,3844.351
2023-08-10 23:00:00,29447.5,29461.5,29434.0,29443.7,2239.54
2023-08-10 22:00:00,29453.4,29473.3,29435.0,29447.5,2782.324
2023-08-10 21:00:00,29446.5,29462.8,29437.2,29453.3,2057.652
2023-08-10 20:00:00,29435.4,29480.0,29413.7,29446.4,6136.535
2023-08-10 19:00:00,29426.4,29445.7,29372.2,29435.5,6279.29
2023-08-10 18:00:00,29404.1,29472.6,29384.7,29426.5,8696.685
2023-08-10 17:00:00,29419.4,29456.0,29303.7,29404.1,16287.007
2023-08-10 16:00:00,29452.9,29467.2,29366.4,29419.5,15015.904
2023-08-10 15:00:00,29483.7,29516.9,29415.8,29452.8,12639.822
2023-08-10 14:00:00,29669.8,29729.8,29380.0,29483.7,38418.292
2023-08-10 13:00:00,29552.2,29684.9,29510.0,29669.8,20046.79
2023-08-10 12:00:00,29490.0,29620.0,29471.4,29552.2,30338.103
2023-08-10 11:00:00,29546.0,29551.0,29467.8,29490.0,6230.901
2023-08-10 10:00:00,29528.0,29552.9,29500.2,29545.9,3793.307
2023-08-10 09:00:00,29506.7,29553.0,29461.4,29528.0,6822.383
2023-08-10 08:00:00,29504.0,29525.7,29482.1,29506.7,4236.736
2023-08-10 07:00:00,29503.4,29559.0,29477.2,29504.0,6185.367
2023-08-10 06:00:00,29580.4,29605.5,29500.9,29503.4,6159.125
2023-08-10 05:00:00,29530.3,29613.2,29495.0,29580.5,7664.63
2023-08-10 04:00:00,29568.9,29570.0,29520.6,29530.3,6116.91
2023-08-10 03:00:00,29565.2,29605.0,29550.4,29568.9,4267.137
2023-08-10 02:00:00,29593.9,29637.0,29565.1,29565.2,4964.252
2023-08-10 01:00:00,29612.7,29650.0,29559.7,29593.8,8885.448
2023-08-10 00:00:00,29572.9,29629.6,29550.4,29612.7,8281.898
2023-08-09 23:00:00,29595.3,29619.7,29548.5,29572.8,7233.909
2023-08-09 22:00:00,29515.4,29596.9,29501.8,29595.4,8015.063
2023-08-09 21:00:00,29493.6,29549.8,29427.0,29515.3,9227.753
2023-08-09 20:00:00,29404.3,29509.0,29362.0,29493.5,13127.443
2023-08-09 19:00:00,29508.9,29541.1,29366.0,29404.2,12839.804
2023-08-09 18:00:00,29501.4,29580.0,29437.8,29508.9,12654.025
2023-08-09 17:00:00,29504.4,29584.8,29434.0,29501.4,33863.255
2023-08-09 16:00:00,29749.3,29764.9,29500.0,29504.4,35586.385
2023-08-09 15:00:00,29744.9,29788.9,29663.0,29749.4,22835.896
2023-08-09 14:00:00,29867.6,29943.7,29739.1,29745.0,27873.455
2023-08-09 13:00:00,30064.6,30149.7,29850.0,29867.6,31492.829
2023-08-09 12:00:00,29877.1,30085.0,29850.0,30064.6,30371.895
2023-08-09 11:00:00,29827.6,29905.8,29778.4,29877.1,13607.405
2023-08-09 10:00:00,29768.7,29844.5,29715.6,29827.6,10336.352
2023-08-09 09:00:00,29823.4,29823.5,29761.8,29768.8,5720.2
2023-08-09 08:00:00,29807.8,29835.0,29759.8,29823.5,9445.991
2023-08-09 07:00:00,29712.2,29809.8,29707.7,29807.9,9602.697
2023-08-09 06:00:00,29724.9,29730.0,29650.0,29712.2,12503.965
2023-08-09 05:00:00,29749.3,29784.4,29720.0,29724.9,6104.039
2023-08-09 04:00:00,29710.0,29757.1,29692.9,29749.3,5468.962
2023-08-09 03:00:00,29680.2,29734.5,29661.4,29710.0,7136.241
2023-08-09 02:00:00,29840.9,29851.8,29628.0,29680.1,20766.234
2023-08-09 01:00:00,29765.0,29874.5,29750.0,29841.0,7403.654
2023-08-09 00:00:00,29758.9,29855.5,29758.1,29765.1,8792.249
2023-08-08 23:00:00,29756.4,29816.8,29745.0,29759.0,7534.653
2023-08-08 22:00:00,29848.2,29876.7,29674.1,29756.4,21292.954
2023-08-08 21:00:00,29966.9,30250.0,29807.1,29848.1,48115.368
2023-08-08 20:00:00,29866.4,29994.0,29823.1,29967.0,17787.704
2023-08-08 19:00:00,29830.4,29934.5,29820.1,29866.4,17884.703
2023-08-08 18:00:00,29794.6,29944.8,29745.2,29830.4,34514.882
2023-08-08 17:00:00,29732.2,29877.0,29681.0,29794.6,32527.47
2023-08-08 16:00:00,29517.5,29832.6,29516.1,29732.2,51441.644
2023-08-08 15:00:00,29422.1,29593.8,29422.0,29517.5,16814.734
2023-08-08 14:00:00,29347.1,29530.0,29346.6,29422.1,21076.939
2023-08-08 13:00:00,29561.0,29666.0,29336.6,29347.1,53134.779
2023-08-08 12:00:00,29428.1,29585.0,29349.0,29561.1,39632.075
2023-08-08 11:00:00,29289.0,29439.0,29270.1,29428.0,26261.597
2023-08-08 10:00:00,29191.3,29312.0,29189.5,29289.1,10991.495
2023-08-08 09:00:00,29169.4,29209.7,29160.0,29191.4,5297.539
2023-08-08 08:00:00,29177.0,29196.0,29169.3,29169.3,3642.89
2023-08-08 07:00:00,29211.0,29224.0,29172.5,29177.0,6027.265
2023-08-08 06:00:00,29232.8,29263.5,29208.3,29210.9,6001.047
2023-08-08 05:00:00,29216.8,29330.0,29215.2,29232.7,13132.25
2023-08-08 04:00:00,29182.8,29226.3,29170.2,29216.8,4952.523
2023-08-08 03:00:00,29160.8,29199.0,29160.7,29182.8,3211.694
2023-08-08 02:00:00,29140.9,29195.0,29132.4,29160.8,4233.921
2023-08-08 01:00:00,29253.8,29255.0,29135.0,29140.8,7481.066
2023-08-08 00:00:00,29202.7,29254.8,29171.8,29253.9,6278.609
2023-08-07 23:00:00,29170.7,29211.0,29151.5,29202.7,4058.722
2023-08-07 22:00:00,29184.2,29198.2,29154.0,29170.6,5671.672
2023-08-07 21:00:00,29186.5,29274.5,29123.9,29184.3,16502.248
2023-08-07 20:00:00,29144.9,29194.7,29107.7,29186.5,8257.521
2023-08-07 19:00:00,29080.0,29144.9,29040.0,29144.9,9930.092
2023-08-07 18:00:00,28965.2,29177.0,28958.6,29080.0,30887.713
2023-08-07 17:00:00,28930.3,28979.8,28854.8,28965.1,14863.431
2023-08-07 16:00:00,28853.2,28969.6,28682.3,28930.2,46195.928
2023-08-07 15:00:00,29018.3,29022.4,28771.0,28853.2,43195.853
2023-08-07 14:00:00,29019.3,29065.6,28951.8,29018.3,15317.473
2023-08-07 13:00:00,29070.3,29082.2,29016.3,29019.4,10594.555
2023-08-07 12:00:00,29085.9,29148.8,29025.1,29070.2,16357.223
2023-08-07 11:00:00,29134.6,29134.6,29076.0,29085.8,4032.856
2023-08-07 10:00:00,29080.9,29146.2,29076.1,29134.5,8528.968
2023-08-07 09:00:00,29050.1,29089.0,29031.0,29081.0,6099.232
2023-08-07 08:00:00,29084.7,29084.7,29041.0,29050.1,4559.386
2023-08-07 07:00:00,29041.3,29105.3,29037.0,29084.7,5954.794
2023-08-07 06:00:00,29115.5,29117.5,29036.5,29041.4,8116.348
2023-08-07 05:00:00,29172.2,29172.3,29110.2,29115.5,4633.695
2023-08-07 04:00:00,29148.8,29186.6,29146.8,29172.3,4033.683
2023-08-07 03:00:00,29186.5,29200.1,29136.5,29148.9,5610.108
2023-08-07 02:00:00,29133.6,29220.7,29108.1,29186.5,7346.397
2023-08-07 01:00:00,29046.5,29195.0,29043.7,29133.5,10715.121
2023-08-07 00:00:00,29075.9,29088.9,29005.5,29046.4,6289.42
2023-08-06 23:00:00,29085.9,29091.2,29064.0,29075.9,3018.282
2023-08-06 22:00:00,29077.4,29155.7,29047.9,29085.8,7155.072
2023-08-06 21:00:00,29126.2,29199.0,29025.0,29077.4,13021.34
2023-08-06 20:00:00,29077.0,29177.4,29064.5,29126.2,7396.199
2023-08-06 19:00:00,29076.0,29091.0,29060.1,29076.9,2322.615
2023-08-06 18:00:00,29078.9,29095.0,29059.4,29076.0,3284.228
2023-08-06 17:00:00,29078.6,29089.5,29041.1,29079.0,5461.255
2023-08-06 16:00:00,29001.1,29082.5,28983.7,29078.6,6998.909
2023-08-06 15:00:00,29028.8,29043.9,28988.3,29001.0,3061.977
2023-08-06 14:00:00,29002.0,29057.2,28978.5,29028.9,6277.364
2023-08-06 13:00:00,29026.1,29032.8,29002.0,29002.0,4478.493
2023-08-06 12:00:00,29067.0,29067.7,29015.1,29026.2,5125.317
2023-08-06 11:00:00,29058.0,29073.7,29053.3,29067.0,1969.77
2023-08-06 10:00:00,29072.4,29072.5,29036.0,29058.1,3561.771
2023-08-06 09:00:00,29098.0,29098.1,29060.0,29072.4,4025.412
2023-08-06 08:00:00,29081.3,29132.0,29078.1,29098.0,6304.648
2023-08-06 07:00:00,29060.8,29100.0,29059.5,29081.4,3105.74
2023-08-06 06:00:00,29091.8,29097.0,29028.0,29060.8,4149.264
2023-08-06 05:00:00,29064.8,29091.9,29064.7,29091.9,2162.286
2023-08-06 04:00:00,29053.5,29072.4,29050.7,29064.8,2040.147
2023-08-06 03:00:00,29059.9,29060.0,29043.9,29053.5,1254.119
2023-08-06 02:00:00,29026.3,29070.3,29023.4,29059.9,3240.004
2023-08-06 01:00:00,29053.5,29055.0,29023.7,29026.3,1712.739
2023-08-06 00:00:00,29057.7,29057.9,29045.0,29053.4,1967.489
2023-08-05 23:00:00,29078.5,29078.6,29057.7,29057.7,1196.067
2023-08-05 22:00:00,29063.5,29084.3,29048.8,29078.5,2109.42
2023-08-05 21:00:00,29044.0,29074.6,29044.0,29063.5,1481.262
2023-08-05 20:00:00,29056.9,29062.3,29041.5,29044.0,1799.301
2023-08-05 19:00:00,29065.5,29077.8,29054.1,29056.9,2178.34
2023-08-05 18:00:00,29053.5,29092.1,29044.3,29065.5,3437.485
2023-08-05 17:00:00,29021.8,29063.4,29021.7,29053.5,2901.336
2023-08-05 16:00:00,29032.5,29040.0,28997.4,29021.7,3097.586
2023-08-05 15:00:00,29059.0,29069.2,28997.9,29032.4,4531.289
2023-08-05 14:00:00,29016.5,29072.9,29016.5,29058.9,6514.745
2023-08-05 13:00:00,29004.0,29024.5,28983.0,29016.4,4289.181
2023-08-05 12:00:00,29040.6,29040.9,28960.0,29004.0,10612.54
2023-08-05 11:00:00,29050.1,29068.8,29035.3,29040.6,2558.067
2023-08-05 10:00:00,29047.1,29070.4,29033.0,29050.0,2646.25
2023-08-05 09:00:00,29077.0,29077.1,29047.1,29047.2,2035.835
2023-08-05 08:00:00,29037.9,29083.0,29030.1,29077.1,3446.263
2023-08-05 07:00:00,29055.9,29059.5,29033.5,29037.9,2230.983
2023-08-05 06:00:00,29086.9,29086.9,29048.6,29056.0,1969.826
2023-08-05 05:00:00,29045.0,29089.2,29034.1,29086.9,3194.685
2023-08-05 04:00:00,29082.6,29082.7,29020.5,29045.0,4400.781
2023-08-05 03:00:00,29073.7,29096.2,29069.4,29082.6,2005.866
2023-08-05 02:00:00,29068.6,29094.0,29059.1,29073.6,2860.039
2023-08-05 01:00:00,29104.9,29119.8,29051.1,29068.5,5329.483
2023-08-05 00:00:00,29101.1,29145.0,29081.1,29104.9,5681.994
2023-08-04 23:00:00,29042.8,29115.0,29040.5,29101.1,5569.527
2023-08-04 22:00:00,29042.5,29081.8,29042.5,29042.7,4158.152
2023-08-04 21:00:00,28952.1,29094.9,28942.3,29042.5,12588.614
2023-08-04 20:00:00,29021.0,29073.7,28780.0,28952.1,26033.209
2023-08-04 19:00:00,29048.0,29096.0,29001.0,29021.0,12887.317
2023-08-04 18:00:00,29188.0,29188.0,28919.9,29048.1,38756.877
2023-08-04 17:00:00,29251.6,29258.0,29181.8,29188.0,5003.886
2023-08-04 16:00:00,29258.8,29273.6,29233.3,29251.7,4845.255
2023-08-04 15:00:00,29240.4,29291.0,29215.4,29258.8,6306.972
2023-08-04 14:00:00,29225.0,29275.2,29152.2,29240.4,13481.747
2023-08-04 13:00:00,29208.7,29323.8,29196.0,29225.0,17595.302
2023-08-04 12:00:00,29157.2,29263.2,29116.0,29208.7,16332.375
2023-08-04 11:00:00,29152.8,29176.0,29121.3,29157.2,4982.912
2023-08-04 10:00:00,29190.9,29191.0,29135.2,29152.8,5325.755
2023-08-04 09:00:00,29172.0,29215.0,29160.0,29190.9,4466.668
2023-08-04 08:00:00,29201.6,29250.0,29160.6,29172.1,7738.903
2023-08-04 07:00:00,29184.7,29204.4,29153.6,29201.6,4828.04
2023-08-04 06:00:00,29225.0,29243.9,29170.3,29184.8,5056.665
2023-08-04 05:00:00,29199.4,29241.6,29186.7,29225.1,5015.343
2023-08-04 04:00:00,29152.6,29199.5,29120.3,29199.4,3973.393
2023-08-04 03:00:00,29150.2,29166.3,29120.0,29152.6,4539.937
2023-08-04 02:00:00,29184.4,29199.9,29079.6,29150.1,8542.818
2023-08-04 01:00:00,29222.0,29225.2,29174.6,29184.3,3674.43
2023-08-04 00:00:00,29180.1,29244.4,29150.0,29222.1,7691.576
2023-08-03 23:00:00,29220.8,29231.1,29178.6,29180.2,3618.44
2023-08-03 22:00:00,29244.6,29260.2,29150.0,29220.8,10561.729
2023-08-03 21:00:00,29293.8,29331.5,29217.0,29244.5,5879.957
2023-08-03 20:00:00,29265.6,29352.4,29255.5,29293.8,12009.88
2023-08-03 19:00:00,29255.1,29292.4,29203.8,29265.7,5740.97
2023-08-03 18:00:00,29215.7,29259.8,29119.3,29255.2,14682.373
2023-08-03 17:00:00,29286.6,29359.9,29212.0,29215.7,15252.993
2023-08-03 16:00:00,29244.4,29320.8,29202.0,29286.7,13582.336
2023-08-03 15:00:00,29380.0,29430.1,29185.0,29244.4,24873.108
2023-08-03 14:00:00,29184.9,29440.0,29168.8,29380.1,31376.403
2023-08-03 13:00:00,29097.2,29234.4,29095.3,29184.9,13530.675
2023-08-03 12:00:00,29134.1,29157.4,29068.0,29097.2,8573.105
2023-08-03 11:00:00,29161.8,29178.1,29114.5,29134.2,5877.276
2023-08-03 10:00:00,29141.0,29193.5,29138.1,29161.8,6878.882
2023-08-03 09:00:00,29110.9,29156.6,29094.5,29141.0,8704.578
2023-08-03 08:00:00,29034.0,29115.9,28955.4,29110.9,17810.217
2023-08-03 07:00:00,29076.7,29097.4,29005.0,29034.0,11285.888
2023-08-03 06:00:00,29140.0,29148.0,29025.0,29076.8,7044.134
2023-08-03 05:00:00,29126.2,29146.3,29078.0,29140.1,4269.141
2023-08-03 04:00:00,29170.1,29185.2,29070.8,29126.1,6284.754
2023-08-03 03:00:00,29160.5,29171.7,29116.0,29170.1,3568.617
2023-08-03 02:00:00,29240.9,29261.9,29110.0,29160.5,7498.623
2023-08-03 01:00:00,29158.0,29273.1,29141.9,29240.9,7458.198
2023-08-03 00:00:00,29170.2,29216.4,29150.0,29158.1,5605.665
2023-08-02 23:00:00,29174.0,29179.0,29120.7,29170.1,4925.012
2023-08-02 22:00:00,29166.9,29229.1,29156.4,29174.0,7342.88
2023-08-02 21:00:00,29129.9,29198.0,29050.3,29166.9,6469.96
2023-08-02 20:00:00,29141.8,29161.7,29093.0,29129.9,5085.637
2023-08-02 19:00:00,29138.0,29200.0,29118.2,29141.8,8766.663
2023-08-02 18:00:00,29137.5,29153.2,29019.0,29138.0,14741.097
2023-08-02 17:00:00,29014.3,29249.2,28951.1,29137.4,35790.132
2023-08-02 16:00:00,29312.5,29357.0,28906.3,29014.2,56589.953
2023-08-02 15:00:00,29263.0,29357.6,29156.0,29312.6,29711.374
2023-08-02 14:00:00,29402.7,29405.5,29240.0,29263.0,30809.159
2023-08-02 13:00:00,29451.0,29455.3,29331.3,29402.6,22139.147
2023-08-02 12:00:00,29552.8,29599.0,29450.2,29451.1,15257.946
2023-08-02 11:00:00,29525.0,29565.4,29489.4,29552.9,11896.781
2023-08-02 10:00:00,29443.0,29532.1,29430.8,29525.0,9047.711
2023-08-02 09:00:00,29481.5,29490.0,29410.6,29443.0,13486.414
2023-08-02 08:00:00,29570.2,29571.0,29360.0,29481.5,40734.058
2023-08-02 07:00:00,29552.3,29643.7,29550.0,29570.1,9725.787
2023-08-02 06:00:00,29645.1,29684.6,29552.3,29552.4,9476.601
2023-08-02 05:00:00,29667.3,29668.1,29590.1,29645.1,8492.07
2023-08-02 04:00:00,29622.5,29719.5,29575.2,29667.3,17604.012
2023-08-02 03:00:00,29799.9,29809.9,29607.6,29622.5,23825.316
2023-08-02 02:00:00,29835.6,29873.8,29777.0,29799.9,18379.529
2023-08-02 01:00:00,29816.7,30059.9,29778.0,29835.6,41354.861
2023-08-02 00:00:00,29701.2,29835.0,29673.6,29816.8,50073.392
2023-08-01 23:00:00,29242.9,29735.0,29239.4,29701.2,69829.354
2023-08-01 22:00:00,29235.1,29244.9,29188.7,29242.8,4698.263
2023-08-01 21:00:00,29221.2,29315.0,29182.0,29235.0,9343.64
2023-08-01 20:00:00,29263.5,29299.4,29170.0,29221.3,13583.72
2023-08-01 19:00:00,29261.4,29330.0,29201.1,29263.6,26878.081
2023-08-01 18:00:00,28941.5,29269.0,28941.5,29261.5,34600.886
2023-08-01 17:00:00,28922.2,28975.7,28916.0,28941.4,7971.152
2023-08-01 16:00:00,28943.0,29046.2,28850.2,28922.1,28911.002
2023-08-01 15:00:00,28816.4,28973.6,28550.0,28942.9,50185.272
2023-08-01 14:00:00,28857.0,28894.0,28772.6,28816.3,12798.888
2023-08-01 13:00:00,28867.9,28906.5,28852.6,28857.0,7438.17
2023-08-01 12:00:00,28852.9,28920.0,28715.0,28867.9,22506.376
2023-08-01 11:00:00,28915.5,28919.5,28850.1,28853.0,6800.369
2023-08-01 10:00:00,28916.8,28935.0,28880.1,28915.4,6733.379
2023-08-01 09:00:00,28983.8,28985.9,28912.8,28916.9,5903.094
2023-08-01 08:00:00,28921.2,28986.5,28896.9,28983.7,6875.45
2023-08-01 07:00:00,28900.1,28931.2,28882.4,28921.2,7162.153
2023-08-01 06:00:00,28910.5,28959.0,28891.9,28900.1,8482.13
2023-08-01 05:00:00,28852.2,28914.3,28839.2,28910.6,7580.32
2023-08-01 04:00:00,28820.1,28917.4,28785.3,28852.2,15579.996
2023-08-01 03:00:00,28917.4,28942.2,28800.0,28820.1,21381.654
2023-08-01 02:00:00,29185.7,29207.2,28684.7,28917.4,49867.433
2023-08-01 01:00:00,29272.3,29337.3,29155.3,29185.7,12283.595
2023-08-01 00:00:00,29220.8,29277.0,29200.9,29272.3,4934.266
2023-07-31 23:00:00,29199.5,29229.8,29173.4,29220.8,3765.949
2023-07-31 22:00:00,29230.6,29232.1,29186.0,29199.6,4243.308
2023-07-31 21:00:00,29194.5,29285.3,29144.8,29230.6,10977.809
2023-07-31 20:00:00,29146.4,29249.0,29102.3,29194.5,13962.278
2023-07-31 19:00:00,29180.2,29229.5,29100.0,29146.5,10004.397
2023-07-31 18:00:00,29204.9,29207.4,29130.6,29180.2,8936.874
2023-07-31 17:00:00,29215.0,29263.0,29130.6,29204.8,14482.522
2023-07-31 16:00:00,29231.3,29256.7,29155.0,29215.1,17025.746
2023-07-31 15:00:00,29290.0,29330.1,29208.9,29231.3,16128.948
2023-07-31 14:00:00,29352.7,29355.9,29250.1,29290.0,16135.314
2023-07-31 13:00:00,29456.9,29459.6,29294.4,29352.6,16029.096
2023-07-31 12:00:00,29395.8,29461.4,29380.0,29456.9,9924.829
2023-07-31 11:00:00,29378.5,29395.9,29370.4,29395.9,2999.842
2023-07-31 10:00:00,29376.9,29400.0,29362.0,29378.5,3803.352
2023-07-31 09:00:00,29384.3,29384.3,29317.4,29376.8,6765.88
2023-07-31 08:00:00,29363.8,29411.5,29340.6,29384.2,5662.16
2023-07-31 07:00:00,29400.1,29402.7,29362.3,29363.7,3103.125
2023-07-31 06:00:00,29367.8,29434.5,29353.8,29400.1,5360.16
2023-07-31 05:00:00,29389.0,29410.0,29343.0,29367.9,5359.417
2023-07-31 04:00:00,29411.8,29423.7,29365.3,29388.9,6091.08
2023-07-31 03:00:00,29448.6,29458.5,29393.7,29411.8,6538.72
2023-07-31 02:00:00,29442.4,29486.0,29413.8,29448.6,7367.286
2023-07-31 01:00:00,29449.7,29478.0,29368.0,29442.4,10804.691
2023-07-31 00:00:00,29271.2,29525.8,29250.0,29449.7,24908.939
2023-07-30 23:00:00,29145.9,29274.0,29142.3,29271.1,8114.369
2023-07-30 22:00:00,29195.2,29198.9,29130.8,29145.8,5592.66
2023-07-30 21:00:00,29255.6,29255.6,29164.4,29195.1,6832.991
2023-07-30 20:00:00,29187.2,29264.6,29006.0,29255.5,30156.593
2023-07-30 19:00:00,29342.2,29348.0,29100.0,29187.2,22278.21
2023-07-30 18:00:00,29385.2,29389.0,29331.1,29342.1,3405.572
2023-07-30 17:00:00,29367.5,29389.0,29342.5,29385.1,3650.23
2023-07-30 16:00:00,29337.2,29399.5,29316.0,29367.4,8297.157
2023-07-30 15:00:00,29377.2,29442.5,29293.8,29337.1,19733.608
2023-07-30 14:00:00,29273.4,29430.0,29273.3,29377.2,13055.723
2023-07-30 13:00:00,29307.3,29310.6,29260.0,29273.3,3681.417
2023-07-30 12:00:00,29301.3,29317.7,29292.1,29307.4,4185.895
2023-07-30 11:00:00,29269.6,29318.1,29243.0,29301.3,8382.633
2023-07-30 10:00:00,29270.0,29278.3,29211.2,29269.6,4999.992
2023-07-30 09:00:00,29285.1,29288.9,29261.2,29269.9,3317.841
2023-07-30 08:00:00,29280.1,29298.2,29278.0,29285.2,3805.536
2023-07-30 07:00:00,29272.9,29286.2,29261.1,29280.0,2275.076
2023-07-30 06:00:00,29296.8,29298.5,29251.9,29272.9,5251.354
2023-07-30 05:00:00,29309.6,29317.5,29296.0,29296.7,1699.388
2023-07-30 04:00:00,29300.1,29316.7,29299.5,29309.5,1995.956
2023-07-30 03:00:00,29299.9,29310.0,29297.4,29300.2,1577.214
2023-07-30 02:00:00,29313.0,29314.9,29292.0,29299.8,2766.633
2023-07-30 01:00:00,29336.9,29336.9,29310.7,29313.0,1760.761
2023-07-30 00:00:00,29339.1,29345.9,29304.6,29337.0,3084.444
2023-07-29 23:00:00,29341.2,29358.8,29338.0,29339.1,1772.235
2023-07-29 22:00:00,29339.3,29354.4,29335.8,29341.2,1893.324
2023-07-29 21:00:00,29338.8,29355.0,29336.5,29339.2,2110.273
2023-07-29 20:00:00,29328.0,29368.8,29328.0,29338.7,4089.427
2023-07-29 19:00:00,29297.1,29340.0,29297.0,29328.0,3656.078
2023-07-29 18:00:00,29310.5,29322.5,29276.0,29297.1,2907.159
2023-07-29 17:00:00,29296.3,29322.0,29283.6,29310.4,3166.716
2023-07-29 16:00:00,29284.8,29301.3,29277.4,29296.3,2278.248
2023-07-29 15:00:00,29271.7,29285.0,29270.0,29284.8,2587.329
2023-07-29 14:00:00,29283.8,29308.5,29263.2,29271.7,2851.286
2023-07-29 13:00:00,29281.3,29334.4,29277.0,29283.7,5733.168
2023-07-29 12:00:00,29253.2,29321.0,29246.2,29281.4,7704.394
2023-07-29 11:00:00,29264.7,29294.9,29253.2,29253.2,3122.732
2023-07-29 10:00:00,29271.8,29285.8,29250.3,29264.7,3106.167
2023-07-29 09:00:00,29287.4,29291.1,29250.3,29271.8,3625.584
2023-07-29 08:00:00,29283.0,29321.1,29237.5,29287.4,7948.457
2023-07-29 07:00:00,29336.6,29341.9,29271.7,29283.0,6740.057
2023-07-29 06:00:00,29356.0,29356.1,29315.2,29336.6,3125.633
2023-07-29 05:00:00,29367.2,29370.3,29332.8,29356.1,3287.567
2023-07-29 04:00:00,29355.6,29397.9,29351.6,29367.2,3315.67
2023-07-29 03:00:00,29361.6,29373.7,29350.0,29355.7,2198.322
2023-07-29 02:00:00,29367.6,29381.4,29349.5,29361.6,3664.402
2023-07-29 01:00:00,29310.0,29369.4,29306.0,29367.6,3375.926
2023-07-29 00:00:00,29300.0,29336.0,29280.6,29310.0,2840.565
2023-07-28 23:00:00,29282.8,29316.7,29282.7,29299.9,2210.204
2023-07-28 22:00:00,29297.4,29304.6,29276.1,29282.8,2583.468
2023-07-28 21:00:00,29329.9,29358.0,29294.6,29297.3,3851.165
2023-07-28 20:00:00,29303.5,29330.0,29267.3,29329.8,3678.747
2023-07-28 19:00:00,29297.7,29322.2,29271.1,29303.4,4603.246
2023-07-28 18:00:00,29245.3,29324.5,29230.0,29297.7,9313.477
2023-07-28 17:00:00,29346.9,29346.9,29180.6,29245.4,22117.141
2023-07-28 16:00:00,29379.0,29391.6,29322.7,29346.8,12121.847
2023-07-28 15:00:00,29475.6,29535.7,29336.5,29379.0,30403.159
2023-07-28 14:00:00,29276.8,29522.0,29276.8,29475.7,41128.262
2023-07-28 13:00:00,29294.9,29309.9,29235.5,29276.8,9263.089
2023-07-28 12:00:00,29195.4,29320.0,29192.5,29295.0,12276.753
2023-07-28 11:00:00,29208.9,29239.4,29183.9,29195.3,4541.288
2023-07-28 10:00:00,29203.2,29224.0,29190.6,29208.9,5043.084
2023-07-28 09:00:00,29141.9,29227.0,29112.8,29203.2,8163.525
2023-07-28 08:00:00,29126.9,29176.9,29114.1,29142.0,7508.005
2023-07-28 07:00:00,29175.5,29185.6,29125.5,29126.9,6145.145
2023-07-28 06:00:00,29172.0,29194.3,29150.0,29175.5,3825.153
2023-07-28 05:00:00,29249.4,29253.4,29142.3,29172.0,5870.97
2023-07-28 04:00:00,29239.8,29255.5,29207.6,29249.4,3379.733
2023-07-28 03:00:00,29217.3,29279.6,29189.4,29239.8,6993.799
2023-07-28 02:00:00,29247.8,29252.0,29171.3,29217.3,5160.791
2023-07-28 01:00:00,29256.0,29284.8,29240.1,29247.8,4046.807
2023-07-28 00:00:00,29209.8,29299.9,29197.6,29255.9,7071.009
2023-07-27 23:00:00,29186.6,29216.8,29167.0,29209.7,4170.345
2023-07-27 22:00:00,29169.5,29225.0,29169.5,29186.7,4412.803
2023-07-27 21:00:00,29133.6,29220.0,29124.4,29169.5,5643.939
2023-07-27 20:00:00,29152.6,29182.6,29117.7,29133.5,6261.989
2023-07-27 19:00:00,29131.5,29167.0,29090.0,29152.6,11464.896
2023-07-27 18:00:00,29209.8,29240.5,29065.5,29131.6,27371.431
2023-07-27 17:00:00,29263.7,29283.4,29162.0,29209.7,14861.556
2023-07-27 16:00:00,29278.0,29324.5,29247.0,29263.7,9944.539
2023-07-27 15:00:00,29335.9,29351.0,29218.1,29278.0,21802.398
2023-07-27 14:00:00,29430.5,29432.2,29304.1,29336.0,18399.614
2023-07-27 13:00:00,29486.5,29494.8,29417.3,29430.6,8642.153
2023-07-27 12:00:00,29494.0,29495.1,29442.6,29486.5,6439.884
2023-07-27 11:00:00,29466.2,29514.0,29453.2,29493.9,5316.063
2023-07-27 10:00:00,29529.5,29544.5,29455.5,29466.3,9599.64
2023-07-27 09:00:00,29455.9,29558.4,29450.3,29529.4,11769.819
2023-07-27 08:00:00,29396.9,29459.7,29380.0,29455.8,7369.009
2023-07-27 07:00:00,29368.5,29455.4,29367.1,29396.9,6977.338
2023-07-27 06:00:00,29446.0,29468.2,29366.0,29368.5,7083.088
2023-07-27 05:00:00,29473.9,29485.9,29442.7,29446.0,6732.993
2023-07-27 04:00:00,29388.1,29477.3,29388.1,29473.9,6863.274
2023-07-27 03:00:00,29420.5,29436.7,29388.1,29388.1,4290.638
2023-07-27 02:00:00,29384.3,29430.0,29331.7,29420.4,4831.091
2023-07-27 01:00:00,29342.0,29400.7,29324.1,29384.3,6410.669
2023-07-27 00:00:00,29336.0,29350.0,29286.2,29341.9,6717.365
2023-07-26 23:00:00,29456.6,29529.6,29260.0,29336.0,19860.521
2023-07-26 22:00:00,29453.5,29497.7,29411.5,29456.6,9912.497
2023-07-26 21:00:00,29562.1,29646.2,29412.0,29453.4,19936.783
2023-07-26 20:00:00,29390.3,29670.5,29372.4,29562.2,40975.716
2023-07-26 19:00:00,29363.4,29392.0,29172.0,29390.3,25203.697
2023-07-26 18:00:00,29249.7,29500.0,29212.8,29363.3,47295.743
2023-07-26 17:00:00,29290.0,29313.3,29222.8,29249.7,9034.636
2023-07-26 16:00:00,29307.3,29355.0,29256.5,29290.0,12881.154
2023-07-26 15:00:00,29255.1,29326.6,29252.7,29307.2,8129.338
2023-07-26 14:00:00,29295.3,29349.3,29189.8,29255.2,16191.723
2023-07-26 13:00:00,29217.3,29321.4,29217.2,29295.3,12980.101
2023-07-26 12:00:00,29163.9,29234.7,29152.4,29217.3,5174.634
2023-07-26 11:00:00,29180.1,29204.8,29145.2,29163.9,4351.181
2023-07-26 10:00:00,29179.0,29191.8,29147.2,29180.0,3859.148
2023-07-26 09:00:00,29207.0,29220.0,29150.0,29179.0,5062.382
2023-07-26 08:00:00,29205.4,29229.3,29192.8,29207.0,3121.423
2023-07-26 07:00:00,29198.6,29235.4,29179.1,29205.3,3947.929
2023-07-26 06:00:00,29260.7,29315.0,29100.0,29198.6,12265.674
2023-07-26 05:00:00,29185.9,29269.9,29184.3,29260.8,5808.335
2023-07-26 04:00:00,29228.1,29229.0,29185.9,29185.9,5015.921
2023-07-26 03:00:00,29280.0,29414.6,29200.0,29228.0,22017.964
2023-07-26 02:00:00,29121.1,29294.8,29115.0,29280.1,9000.321
2023-07-26 01:00:00,29155.2,29166.5,29083.0,29121.0,8183.501
2023-07-26 00:00:00,29216.2,29222.4,29120.5,29155.3,8317.26
2023-07-25 23:00:00,29189.1,29237.0,29182.2,29216.3,2816.713
2023-07-25 22:00:00,29217.9,29247.9,29189.1,29189.2,3389.735
2023-07-25 21:00:00,29219.9,29235.4,29196.7,29217.9,2242.364
2023-07-25 20:00:00,29189.0,29234.4,29171.3,29219.9,5125.43
2023-07-25 19:00:00,29252.4,29267.4,29181.8,29189.0,6454.729
2023-07-25 18:00:00,29260.4,29379.5,29241.8,29252.4,13294.601
2023-07-25 17:00:00,29214.1,29276.6,29173.0,29260.4,7692.184
2023-07-25 16:00:00,29167.0,29287.9,29165.5,29214.0,9244.384
2023-07-25 15:00:00,29160.7,29223.8,29151.5,29167.0,7290.051
2023-07-25 14:00:00,29272.0,29333.0,29138.0,29160.7,19897.966
2023-07-25 13:00:00,29108.8,29330.0,29058.0,29271.9,32541.642
2023-07-25 12:00:00,29117.6,29134.6,29082.0,29108.7,5865.805
2023-07-25 11:00:00,29151.7,29156.3,29106.3,29117.6,7367.941
2023-07-25 10:00:00,29154.0,29190.0,29132.1,29151.6,6566.776
2023-07-25 09:00:00,29177.0,29277.6,29145.2,29153.9,15390.846
2023-07-25 08:00:00,29132.3,29186.2,29111.7,29177.0,6067.721
2023-07-25 07:00:00,29131.8,29155.4,29112.2,29132.3,5043.163
2023-07-25 06:00:00,29110.7,29140.5,29100.4,29131.8,4417.282
2023-07-25 05:00:00,29080.0,29136.3,29078.2,29110.7,4595.559
2023-07-25 04:00:00,29099.6,29114.3,29060.0,29080.0,3653.947
2023-07-25 03:00:00,29119.6,29136.1,29067.1,29099.6,4973.876
2023-07-25 02:00:00,29070.1,29159.7,29051.8,29119.6,7213.146
2023-07-25 01:00:00,29103.4,29106.4,29033.0,29070.0,7637.164
2023-07-25 00:00:00,29163.8,29174.5,29080.0,29103.3,7655.593
2023-07-24 23:00:00,29152.3,29200.0,29145.9,29163.8,3655.492
2023-07-24 22:00:00,29158.5,29183.0,29125.2,29152.2,3981.432
2023-07-24 21:00:00,29134.6,29187.0,29114.7,29158.5,6288.71
2023-07-24 20:00:00,29106.8,29140.2,29075.5,29134.6,4886.195
2023-07-24 19:00:00,29114.4,29147.0,29088.0,29106.9,6358.027
2023-07-24 18:00:00,29031.6,29127.3,28982.5,29114.4,10771.677
2023-07-24 17:00:00,29098.1,29115.4,29002.2,29031.6,9102.584
2023-07-24 16:00:00,29085.9,29144.9,29014.0,29098.1,15254.52
2023-07-24 15:00:00,29032.3,29130.0,28830.0,29085.8,51579.03
2023-07-24 14:00:00,29171.4,29179.6,29006.3,29032.3,37031.44
2023-07-24 13:00:00,29223.5,29248.0,29099.3,29171.4,15223.751
2023-07-24 12:00:00,29259.7,29262.6,29150.0,29223.5,20761.038
2023-07-24 11:00:00,29307.7,29322.9,29203.2,29259.6,16359.785
2023-07-24 10:00:00,29162.0,29373.9,29100.0,29307.6,47878.068
2023-07-24 09:00:00,29744.0,29759.5,28904.4,29162.0,64789.898
2023-07-24 08:00:00,29816.4,29820.9,29736.7,29744.1,8102.637
2023-07-24 07:00:00,29765.1,29862.9,29715.2,29816.4,12145.312
2023-07-24 06:00:00,29786.4,29789.9,29754.9,29765.0,4660.178
2023-07-24 05:00:00,29775.8,29808.3,29735.0,29786.3,7946.891
2023-07-24 04:00:00,29705.7,29788.8,29639.7,29775.8,17121.695
2023-07-24 03:00:00,29785.0,29785.1,29650.2,29705.6,20555.061
2023-07-24 02:00:00,29904.8,29904.9,29741.1,29785.0,24970.726
2023-07-24 01:00:00,30000.9,30012.2,29850.0,29904.8,17825.901
2023-07-24 00:00:00,30070.9,30091.7,29993.2,30000.8,6932.369
2023-07-23 23:00:00,30004.4,30090.1,30004.4,30070.8,6583.343
2023-07-23 22:00:00,29940.9,30028.2,29929.6,30004.4,5806.82
2023-07-23 21:00:00,30131.2,30133.4,29909.0,29940.9,16720.092
2023-07-23 20:00:00,30083.1,30135.0,30082.4,30131.1,8533.227
2023-07-23 19:00:00,30238.8,30368.2,30005.2,30083.1,35715.65
2023-07-23 18:00:00,30110.1,30291.0,30068.0,30238.7,29045.844
2023-07-23 17:00:00,29941.1,30132.1,29924.2,30110.1,19997.915
2023-07-23 16:00:00,29885.9,29962.2,29885.9,29941.1,7734.766
2023-07-23 15:00:00,29883.6,29904.0,29872.8,29886.0,2235.599
2023-07-23 14:00:00,29875.5,29896.4,29870.9,29883.7,2045.03
2023-07-23 13:00:00,29911.1,29911.2,29836.2,29875.5,6823.116
2023-07-23 12:00:00,29881.5,29922.7,29874.0,29911.1,3622.763
2023-07-23 11:00:00,29878.8,29914.9,29870.9,29881.5,2987.263
2023-07-23 10:00:00,29891.9,29904.6,29873.8,29878.7,3113.693
2023-07-23 09:00:00,29933.9,29943.8,29885.7,29891.9,3689.214
2023-07-23 08:00:00,29900.9,29950.0,29871.6,29933.9,5885.487
2023-07-23 07:00:00,29908.1,29911.9,29869.6,29900.9,3963.358
2023-07-23 06:00:00,29910.6,29931.9,29880.3,29908.1,6115.604
2023-07-23 05:00:00,29892.7,29974.6,29887.2,29910.6,16580.003
2023-07-23 04:00:00,29832.5,29914.5,29832.5,29892.7,7688.539
2023-07-23 03:00:00,29874.2,29876.8,29826.7,29832.5,2786.391
2023-07-23 02:00:00,29817.2,29884.0,29793.9,29874.1,6503.591
2023-07-23 01:00:00,29769.9,29868.1,29768.6,29817.2,8801.504
2023-07-23 00:00:00,29783.5,29810.5,29718.9,29769.9,11735.034
2023-07-22 23:00:00,29792.9,29799.0,29602.2,29783.5,25961.008
2023-07-22 22:00:00,29810.9,29822.8,29765.7,29792.9,4205.142
2023-07-22 21:00:00,29810.3,29824.7,29800.0,29810.9,1463.363
2023-07-22 20:00:00,29820.5,29831.3,29805.0,29810.3,2362.319
2023-07-22 19:00:00,29800.0,29844.0,29787.6,29820.6,3410.667
2023-07-22 18:00:00,29824.1,29826.1,29783.6,29799.9,4381.322
2023-07-22 17:00:00,29888.1,29888.2,29790.7,29824.0,5995.814
2023-07-22 16:00:00,29883.9,29892.5,29847.5,29888.2,3474.721
2023-07-22 15:00:00,29869.6,29895.0,29842.9,29883.9,5954.24
2023-07-22 14:00:00,29836.0,29885.5,29827.7,29869.5,6008.871
2023-07-22 13:00:00,29826.8,29854.0,29818.4,29836.0,3325.094
2023-07-22 12:00:00,29874.1,29874.2,29806.6,29826.8,8997.573
2023-07-22 11:00:00,29890.7,29891.3,29847.9,29874.1,3364.43
2023-07-22 10:00:00,29921.0,29921.1,29858.1,29890.6,9468.825
2023-07-22 09:00:00,29929.3,29940.0,29903.9,29921.0,4971.749
2023-07-22 08:00:00,29932.9,29969.6,29914.1,29929.3,5176.216
2023-07-22 07:00:00,29873.9,29986.0,29851.0,29933.0,13004.477
2023-07-22 06:00:00,29853.3,29879.4,29822.0,29874.0,4150.135
2023-07-22 05:00:00,29870.9,29887.4,29840.5,29853.3,4050.346
2023-07-22 04:00:00,29886.7,29920.1,29849.9,29870.9,5468.582
2023-07-22 03:00:00,29926.2,29928.9,29873.6,29886.6,5124.503
2023-07-22 02:00:00,29908.9,29955.9,29902.7,29926.2,4495.164
2023-07-22 01:00:00,29968.7,29976.3,29900.0,29909.0,3467.312
2023-07-22 00:00:00,29891.5,29985.3,29888.3,29968.7,5094.083
2023-07-21 23:00:00,29910.5,29924.7,29878.0,29891.4,3962.047
2023-07-21 22:00:00,29886.4,29942.7,29873.2,29910.4,3407.822
2023-07-21 21:00:00,29867.6,29931.0,29861.3,29886.4,4837.583
2023-07-21 20:00:00,29865.1,29881.6,29819.4,29867.5,5505.056
2023-07-21 19:00:00,29970.0,29970.0,29762.0,29865.1,21454.833
2023-07-21 18:00:00,29912.3,30056.2,29912.3,29970.0,24707.542
2023-07-21 17:00:00,29811.8,29929.0,29806.1,29912.2,9831.83
2023-07-21 16:00:00,29852.0,29861.0,29794.2,29811.7,7161.896
2023-07-21 15:00:00,29864.4,29900.0,29838.9,29852.0,8456.102
2023-07-21 14:00:00,29799.4,29871.5,29766.0,29864.5,12004.465
2023-07-21 13:00:00,29854.4,29904.7,29770.6,29799.4,14217.002
2023-07-21 12:00:00,29764.8,29888.0,29764.7,29854.4,12062.073
2023-07-21 11:00:00,29785.4,29803.0,29710.3,29764.8,9506.757
2023-07-21 10:00:00,29745.7,29809.8,29743.0,29785.4,5361.733
2023-07-21 09:00:00,29777.9,29838.8,29738.2,29745.7,7542.927
2023-07-21 08:00:00,29757.8,29803.6,29740.0,29778.0,5613.011
2023-07-21 07:00:00,29839.0,29846.7,29729.6,29757.8,9057.083
2023-07-21 06:00:00,29806.3,29842.0,29775.3,29839.0,4952.422
2023-07-21 05:00:00,29848.1,29856.8,29773.5,29806.3,7461.514
2023-07-21 04:00:00,29884.3,29893.3,29844.4,29848.1,5420.157
2023-07-21 03:00:00,29891.1,29928.7,29861.2,29884.3,6257.081
2023-07-21 02:00:00,29865.9,29949.5,29826.2,29891.2,11508.606
2023-07-21 01:00:00,29772.2,29895.7,29742.0,29865.9,11885.397
2023-07-21 00:00:00,29791.0,29826.7,29705.9,29772.2,8970.135
2023-07-20 23:00:00,29797.2,29812.8,29770.4,29791.0,4553.447
2023-07-20 22:00:00,29856.0,29863.5,29780.3,29797.2,6345.871
2023-07-20 21:00:00,29729.8,29880.2,29719.8,29856.0,11266.634
2023-07-20 20:00:00,29744.5,29756.0,29652.7,29729.8,6324.142
2023-07-20 19:00:00,29678.0,29751.0,29657.6,29744.4,9124.148
2023-07-20 18:00:00,29744.9,29787.9,29468.8,29678.0,29135.569
2023-07-20 17:00:00,29705.1,29811.1,29681.0,29745.0,12693.028
2023-07-20 16:00:00,29792.9,29863.0,29638.4,29705.2,27457.138
2023-07-20 15:00:00,29766.7,29841.7,29692.3,29792.8,30032.838
2023-07-20 14:00:00,30215.9,30230.3,29600.0,29766.7,88601.685
2023-07-20 13:00:00,30210.6,30267.5,30156.8,30215.9,14807.87
2023-07-20 12:00:00,30274.0,30302.9,30191.6,30210.7,12891.888
2023-07-20 11:00:00,30280.1,30306.5,30238.0,30274.0,12182.27
2023-07-20 10:00:00,30319.0,30420.0,30255.0,30280.1,26575.439
2023-07-20 09:00:00,30253.0,30382.7,30203.0,30319.0,24607.581
2023-07-20 08:00:00,30195.6,30300.0,30151.6,30253.0,15852.672
2023-07-20 07:00:00,30109.9,30240.2,30087.0,30195.5,16580.487
2023-07-20 06:00:00,30112.2,30192.0,30071.2,30110.0,14294.31
2023-07-20 05:00:00,29948.4,30174.8,29939.5,30112.2,19856.198
2023-07-20 04:00:00,29937.0,29975.0,29912.1,29948.3,3697.414
2023-07-20 03:00:00,29969.1,29982.3,29900.5,29937.0,5235.96
2023-07-20 02:00:00,29974.0,30037.9,29960.2,29969.0,5663.932
2023-07-20 01:00:00,29985.0,30017.0,29952.6,29974.0,4936.689
2023-07-20 00:00:00,29895.5,29999.6,29866.0,29985.0,7546.554
2023-07-19 23:00:00,29856.1,29928.1,29811.0,29895.5,8011.504
2023-07-19 22:00:00,29918.4,29947.8,29831.9,29856.1,6016.386
2023-07-19 21:00:00,29951.1,29954.5,29835.2,29918.3,11887.386
2023-07-19 20:00:00,30032.4,30042.0,29932.2,29951.1,7454.746
2023-07-19 19:00:00,30067.2,30088.1,30003.5,30032.4,8417.295
2023-07-19 18:00:00,29980.0,30084.3,29931.5,30067.3,13214.98
2023-07-19 17:00:00,29891.9,30076.8,29869.0,29980.1,18749.212
2023-07-19 16:00:00,29939.7,29965.0,29855.5,29892.0,10395.699
2023-07-19 15:00:00,29810.9,29982.6,29745.0,29939.8,18013.348
2023-07-19 14:00:00,29984.4,30054.8,29755.0,29810.9,30050.382
2023-07-19 13:00:00,29939.3,30130.0,29800.0,29984.5,29950.802
2023-07-19 12:00:00,30004.7,30012.8,29870.2,29939.2,11643.703
2023-07-19 11:00:00,29975.1,30023.2,29943.3,30004.7,5965.221
2023-07-19 10:00:00,29991.3,30026.1,29964.8,29975.0,5894.665
2023-07-19 09:00:00,29911.1,30038.4,29852.2,29991.3,12990.837
2023-07-19 08:00:00,29984.1,30004.0,29854.6,29911.1,12081.674
2023-07-19 07:00:00,30028.1,30062.4,29950.1,29984.0,8646.296
2023-07-19 06:00:00,30085.0,30103.3,29986.0,30028.0,8414.102
2023-07-19 05:00:00,30085.9,30110.4,30037.3,30085.0,7050.831
2023-07-19 04:00:00,30048.0,30178.5,30037.8,30085.9,17287.521
2023-07-19 03:00:00,30010.0,30067.7,29991.0,30048.0,11285.617
2023-07-19 02:00:00,29990.4,30020.0,29954.5,30010.0,6256.008
2023-07-19 01:00:00,30042.9,30062.9,29938.0,29990.3,10098.076
2023-07-19 00:00:00,29845.7,30060.0,29826.7,30042.9,18642.563
2023-07-18 23:00:00,29808.6,29859.0,29776.1,29845.6,5477.736
2023-07-18 22:00:00,29794.0,29811.1,29745.5,29808.6,5798.418
2023-07-18 21:00:00,29766.8,29820.9,29738.0,29793.9,5954.451
2023-07-18 20:00:00,29708.2,29802.7,29678.0,29766.8,9897.65
2023-07-18 19:00:00,29895.0,29934.9,29660.2,29708.1,15106.172
2023-07-18 18:00:00,29808.0,29915.0,29777.0,29895.0,13425.083
2023-07-18 17:00:00,29688.0,29822.8,29657.0,29807.9,17364.925
2023-07-18 16:00:00,29895.1,29954.3,29400.0,29688.0,42654.063
2023-07-18 15:00:00,29910.0,29920.0,29822.8,29895.1,10526.753
2023-07-18 14:00:00,29817.5,30028.6,29796.9,29910.1,30993.102
2023-07-18 13:00:00,29776.0,29856.4,29657.1,29817.6,24900.173
2023-07-18 12:00:00,29872.0,29907.4,29711.5,29776.0,32492.956
2023-07-18 11:00:00,29979.0,30068.9,29784.0,29871.9,21467.363
2023-07-18 10:00:00,29944.8,30025.0,29888.2,29979.0,11722.515
2023-07-18 09:00:00,30012.3,30029.3,29933.6,29944.8,8221.109
2023-07-18 08:00:00,29952.0,30098.5,29864.6,30012.3,19132.65
2023-07-18 07:00:00,29976.8,30030.0,29922.1,29951.9,10034.034
2023-07-18 06:00:00,30040.5,30086.0,29908.1,29976.9,16723.045
2023-07-18 05:00:00,30110.4,30110.5,30024.0,30040.4,4914.879
2023-07-18 04:00:00,30063.8,30110.9,30026.6,30110.4,6832.755
2023-07-18 03:00:00,30105.9,30137.5,30061.3,30063.8,5404.886
2023-07-18 02:00:00,30198.4,30215.0,30087.0,30105.8,5946.893
2023-07-18 01:00:00,30150.4,30227.5,30130.1,30198.3,6361.47
2023-07-18 00:00:00,30126.0,30186.0,30093.1,30150.4,6043.336
2023-07-17 23:00:00,30096.3,30160.8,30062.2,30126.1,6812.062
2023-07-17 22:00:00,30229.9,30258.0,30086.6,30096.3,13138.63
2023-07-17 21:00:00,29907.1,30282.9,29907.0,30229.9,22419.145
2023-07-17 20:00:00,29869.9,29978.2,29864.6,29907.1,9420.22
2023-07-17 19:00:00,29784.0,29924.5,29735.6,29870.0,20595.534
2023-07-17 18:00:00,30015.6,30051.2,29630.0,29783.9,53493.838
2023-07-17 17:00:00,30125.9,30146.6,29885.0,30015.5,33458.617
2023-07-17 16:00:00,30163.4,30224.4,30062.3,30126.0,14605.893
2023-07-17 15:00:00,30262.9,30285.5,30100.0,30163.4,15430.731
2023-07-17 14:00:00,30276.0,30297.9,30213.7,30263.0,10396.003
2023-07-17 13:00:00,30196.9,30300.0,30146.3,30276.0,18128.569
2023-07-17 12:00:00,30145.0,30200.2,30015.9,30196.9,22531.505
2023-07-17 11:00:00,30146.4,30249.4,30126.7,30145.0,14526.607
2023-07-17 10:00:00,30163.5,30198.4,29910.0,30146.4,36872.449
2023-07-17 09:00:00,30242.6,30260.4,30130.0,30163.6,11047.613
2023-07-17 08:00:00,30265.2,30309.4,30241.6,30242.7,5287.163
2023-07-17 07:00:00,30259.8,30275.8,30228.1,30265.3,3026.331
2023-07-17 06:00:00,30250.5,30267.8,30220.2,30259.9,3225.127
2023-07-17 05:00:00,30281.2,30313.9,30246.4,30250.6,4205.013
2023-07-17 04:00:00,30295.9,30302.7,30255.2,30281.3,2792.179
2023-07-17 03:00:00,30249.5,30309.4,30240.2,30295.9,2504.219
2023-07-17 02:00:00,30276.8,30288.6,30243.0,30249.6,2719.348
2023-07-17 01:00:00,30200.5,30329.7,30176.7,30276.9,8161.077
2023-07-17 00:00:00,30216.9,30299.6,30161.0,30200.5,9315.554
2023-07-16 23:00:00,30309.5,30320.7,30110.6,30216.8,13460.551
2023-07-16 22:00:00,30274.9,30349.6,30245.1,30309.5,5383.315
2023-07-16 21:00:00,30254.9,30301.0,30254.9,30274.9,2809.778
2023-07-16 20:00:00,30239.6,30282.6,30222.5,30255.0,3726.014
2023-07-16 19:00:00,30260.6,30286.8,30179.0,30239.5,7548.628
2023-07-16 18:00:00,30365.5,30379.1,30193.9,30260.5,11451.258
2023-07-16 17:00:00,30349.5,30388.0,30344.0,30365.5,3114.342
2023-07-16 16:00:00,30365.9,30391.8,30305.5,30349.6,7309.669
2023-07-16 15:00:00,30388.6,30419.7,30360.0,30366.0,7187.579
2023-07-16 14:00:00,30292.5,30441.6,30292.4,30388.6,21324.276
2023-07-16 13:00:00,30280.9,30300.2,30254.1,30292.4,4118.631
2023-07-16 12:00:00,30293.6,30330.0,30270.8,30280.8,3654.425
2023-07-16 11:00:00,30273.5,30308.2,30263.4,30293.6,3454.051
2023-07-16 10:00:00,30289.9,30338.5,30257.1,30273.4,8394.777
2023-07-16 09:00:00,30283.3,30305.0,30270.8,30290.0,4587.444
2023-07-16 08:00:00,30253.0,30294.8,30250.0,30283.2,3159.153
2023-07-16 07:00:00,30245.0,30284.9,30233.5,30253.0,3328.16
2023-07-16 06:00:00,30225.0,30300.9,30210.4,30245.0,5195.739
2023-07-16 05:00:00,30143.6,30228.8,30143.5,30225.0,4625.117
2023-07-16 04:00:00,30174.1,30199.7,30120.0,30143.6,6943.449
2023-07-16 03:00:00,30239.2,30248.0,30161.4,30174.1,8004.539
2023-07-16 02:00:00,30250.1,30325.0,30050.0,30239.2,28163.005
2023-07-16 01:00:00,30289.9,30320.0,30243.4,30250.1,4659.218
2023-07-16 00:00:00,30276.5,30297.4,30258.9,30289.9,2202.822
2023-07-15 23:00:00,30272.4,30280.5,30251.0,30276.4,2194.338
2023-07-15 22:00:00,30288.8,30306.7,30257.9,30272.4,3348.376
2023-07-15 21:00:00,30284.7,30292.1,30258.0,30288.7,2223.233
2023-07-15 20:00:00,30309.7,30309.8,30276.0,30284.7,2698.643
2023-07-15 19:00:00,30301.1,30333.7,30301.0,30309.7,2401.81
2023-07-15 18:00:00,30271.7,30341.5,30270.1,30301.1,4707.157
2023-07-15 17:00:00,30268.9,30300.8,30240.0,30271.7,3136.381
2023-07-15 16:00:00,30290.4,30295.7,30238.1,30269.0,5898.507
2023-07-15 15:00:00,30272.0,30307.2,30237.0,30290.5,5678.736
2023-07-15 14:00:00,30310.6,30319.5,30263.2,30272.0,3841.289
2023-07-15 13:00:00,30334.3,30337.4,30250.1,30310.5,6186.035
2023-07-15 12:00:00,30298.5,30348.4,30298.4,30334.1,4034.262
2023-07-15 11:00:00,30309.5,30327.8,30273.0,30298.5,4281.095
2023-07-15 10:00:00,30334.6,30360.0,30286.7,30309.5,5092.143
2023-07-15 09:00:00,30301.5,30339.3,30300.0,30334.5,2818.207
2023-07-15 08:00:00,30317.7,30331.7,30258.9,30301.5,5071.555
2023-07-15 07:00:00,30299.8,30349.7,30283.3,30317.6,7676.816
2023-07-15 06:00:00,30279.0,30304.4,30250.9,30299.8,3722.245
2023-07-15 05:00:00,30283.0,30298.9,30241.0,30279.0,3902.188
2023-07-15 04:00:00,30276.0,30310.0,30275.1,30282.9,3238.08
2023-07-15 03:00:00,30277.8,30324.8,30250.7,30276.0,6345.436
2023-07-15 02:00:00,30323.0,30336.9,30272.9,30277.8,5447.026
2023-07-15 01:00:00,30315.0,30380.0,30271.1,30323.0,9293.055
2023-07-15 00:00:00,30293.3,30315.0,30220.2,30315.0,8385.861
2023-07-14 23:00:00,30207.9,30299.9,30191.2,30293.3,12651.635
2023-07-14 22:00:00,30224.4,30236.2,30180.0,30208.0,7079.209
2023-07-14 21:00:00,30170.4,30252.9,30125.5,30224.4,12985.485
2023-07-14 20:00:00,30099.9,30220.0,29965.0,30170.4,26805.482
2023-07-14 19:00:00,30074.6,30221.9,29876.6,30099.9,61266.083
2023-07-14 18:00:00,30674.8,30760.0,30009.9,30074.7,117219.757
2023-07-14 17:00:00,31205.6,31206.0,30601.6,30674.9,67324.682
2023-07-14 16:00:00,31236.6,31272.7,31040.5,31205.6,21600.503
2023-07-14 15:00:00,31294.1,31364.9,31200.0,31236.5,14883.92
2023-07-14 14:00:00,31251.0,31352.0,31168.0,31294.2,16277.156
2023-07-14 13:00:00,31122.6,31283.7,31037.4,31251.0,21434.418
2023-07-14 12:00:00,31206.4,31219.1,31105.5,31122.6,7586.271
2023-07-14 11:00:00,31172.9,31233.0,31138.7,31206.4,7656.785
2023-07-14 10:00:00,31183.6,31198.8,31085.7,31173.0,10185.001
2023-07-14 09:00:00,31240.5,31240.6,31137.9,31183.5,8965.856
2023-07-14 08:00:00,31095.9,31284.9,31076.5,31240.6,17086.549
2023-07-14 07:00:00,31285.6,31334.0,31068.5,31096.0,22926.664
2023-07-14 06:00:00,31354.2,31384.6,31275.2,31285.7,8363.316
2023-07-14 05:00:00,31378.3,31394.9,31337.7,31354.3,6701.026
2023-07-14 04:00:00,31445.4,31457.7,31355.2,31378.3,9223.505
2023-07-14 03:00:00,31448.1,31640.0,31386.0,31445.4,15693.588
2023-07-14 02:00:00,31410.0,31469.8,31369.6,31448.0,7971.861
2023-07-14 01:00:00,31436.7,31498.4,31321.4,31410.1,14200.397
2023-07-14 00:00:00,31441.6,31520.0,31354.0,31436.6,22603.097
2023-07-13 23:00:00,31291.6,31483.9,31288.6,31441.7,17235.868
2023-07-13 22:00:00,31243.9,31350.0,31183.8,31291.6,18864.592
2023-07-13 21:00:00,31364.9,31384.7,30993.8,31243.9,42446.32
2023-07-13 20:00:00,31600.5,31693.7,31269.6,31364.9,34592.06
2023-07-13 19:00:00,31247.8,31850.0,31233.3,31600.6,84062.016
2023-07-13 18:00:00,31058.2,31485.0,31050.0,31247.7,90591.222
2023-07-13 17:00:00,30814.8,31200.0,30771.5,31058.3,54524.876
2023-07-13 16:00:00,30915.5,30959.6,30700.0,30814.9,62688.432
2023-07-13 15:00:00,30559.7,31205.3,30532.0,30915.4,116296.273
2023-07-13 14:00:00,30646.7,30681.9,30450.0,30559.7,22715.918
2023-07-13 13:00:00,30501.4,30683.3,30491.2,30646.7,17419.54
2023-07-13 12:00:00,30530.6,30592.2,30446.4,30501.3,20021.805
2023-07-13 11:00:00,30560.1,30584.0,30524.1,30530.6,8076.866
2023-07-13 10:00:00,30560.1,30624.0,30503.2,30560.1,15950.863
2023-07-13 09:00:00,30400.0,30597.5,30399.9,30560.2,27906.097
2023-07-13 08:00:00,30355.1,30416.5,30328.2,30400.0,7670.705
2023-07-13 07:00:00,30375.3,30414.0,30341.1,30355.1,7724.959
2023-07-13 06:00:00,30308.0,30393.3,30289.6,30375.3,8615.705
2023-07-13 05:00:00,30284.5,30315.0,30241.2,30308.1,5370.283
2023-07-13 04:00:00,30283.6,30312.9,30233.0,30284.5,7429.866
2023-07-13 03:00:00,30328.1,30335.5,30257.1,30283.7,7159.871
2023-07-13 02:00:00,30373.0,30373.0,30305.0,30328.1,4140.033
2023-07-13 01:00:00,30344.0,30388.0,30276.6,30373.0,7759.895
2023-07-13 00:00:00,30368.9,30423.0,30326.0,30343.9,6759.445
2023-07-12 23:00:00,30350.1,30408.8,30341.7,30368.9,6562.774
2023-07-12 22:00:00,30338.3,30360.0,30317.9,30350.1,4135.053
2023-07-12 21:00:00,30330.0,30360.0,30298.8,30338.3,6028.559
2023-07-12 20:00:00,30268.1,30330.0,30220.5,30330.0,12520.577
2023-07-12 19:00:00,30508.6,30508.6,30186.0,30268.1,37929.035
2023-07-12 18:00:00,30433.1,30525.2,30412.2,30508.5,9101.381
2023-07-12 17:00:00,30474.1,30514.5,30410.5,30433.1,12093.913
2023-07-12 16:00:00,30510.1,30529.0,30406.0,30474.1,25337.135
2023-07-12 15:00:00,30725.4,30796.4,30447.0,30510.2,38573.513
2023-07-12 14:00:00,30650.3,30821.7,30639.2,30725.4,28895.744
2023-07-12 13:00:00,30709.2,30847.1,30450.0,30650.4,62426.378
2023-07-12 12:00:00,30765.4,30980.5,30610.4,30709.3,69047.861
2023-07-12 11:00:00,30671.9,30807.5,30644.2,30765.3,10058.847
2023-07-12 10:00:00,30710.0,30710.1,30639.1,30671.9,6581.421
2023-07-12 09:00:00,30720.5,30748.8,30670.0,30710.0,5755.926
2023-07-12 08:00:00,30730.7,30750.6,30660.0,30720.5,11261.656
2023-07-12 07:00:00,30706.6,30849.2,30699.0,30730.8,19690.812
2023-07-12 06:00:00,30642.5,30786.0,30600.4,30706.6,17425.423
2023-07-12 05:00:00,30623.9,30688.7,30600.0,30642.5,7630.501
2023-07-12 04:00:00,30581.3,30624.0,30555.0,30623.9,5517.355
2023-07-12 03:00:00,30599.0,30624.0,30564.9,30581.3,3617.299
2023-07-12 02:00:00,30518.9,30672.0,30518.9,30599.0,9557.21
2023-07-12 01:00:00,30499.9,30570.0,30485.0,30518.9,6555.837
2023-07-12 00:00:00,30608.3,30618.9,30488.8,30500.0,8754.047
2023-07-11 23:00:00,30571.9,30640.0,30571.8,30608.4,7259.031
2023-07-11 22:00:00,30556.5,30596.7,30492.8,30571.9,6764.012
2023-07-11 21:00:00,30561.0,30578.5,30493.0,30556.4,5213.948
2023-07-11 20:00:00,30565.5,30622.7,30533.3,30561.1,7606.474
2023-07-11 19:00:00,30461.5,30570.0,30443.6,30565.5,9152.336
2023-07-11 18:00:00,30565.4,30565.5,30383.9,30461.6,14413.688
2023-07-11 17:00:00,30631.1,30655.0,30529.9,30565.4,11543.442
2023-07-11 16:00:00,30585.5,30684.6,30489.7,30631.0,17582.26
2023-07-11 15:00:00,30514.9,30804.9,30459.0,30585.5,47981.721
2023-07-11 14:00:00,30435.3,30587.0,30360.1,30515.0,24511.065
2023-07-11 13:00:00,30421.0,30480.0,30261.4,30435.3,18595.734
2023-07-11 12:00:00,30391.4,30429.1,30360.1,30420.9,7106.312
2023-07-11 11:00:00,30385.0,30446.0,30375.0,30391.3,5305.791
2023-07-11 10:00:00,30435.4,30435.5,30352.0,30385.0,6042.574
2023-07-11 09:00:00,30482.1,30497.7,30325.0,30435.5,20177.098
2023-07-11 08:00:00,30528.6,30557.8,30472.5,30482.1,7428.139
2023-07-11 07:00:00,30621.9,30641.8,30518.0,30528.5,11339.359
2023-07-11 06:00:00,30443.9,30660.0,30436.9,30621.8,15840.352
2023-07-11 05:00:00,30429.9,30462.2,30416.4,30443.9,3892.665
2023-07-11 04:00:00,30460.9,30490.7,30421.9,30429.8,5966.686
2023-07-11 03:00:00,30472.6,30485.0,30382.4,30461.0,8038.909
2023-07-11 02:00:00,30572.1,30593.7,30442.0,30472.5,8159.06
2023-07-11 01:00:00,30405.6,30599.0,30385.2,30572.1,12759.096
2023-07-11 00:00:00,30396.9,30495.1,30348.7,30405.6,16224.995
2023-07-10 23:00:00,30332.0,30407.5,30320.0,30396.9,11535.486
2023-07-10 22:00:00,30282.8,30385.1,30159.7,30332.1,35966.091
2023-07-10 21:00:00,30773.3,30799.2,30100.0,30282.7,45010.302
2023-07-10 20:00:00,30824.5,31040.0,30759.0,30773.2,64581.07
2023-07-10 19:00:00,30519.3,30830.0,30478.8,30824.5,43347.827
2023-07-10 18:00:00,30264.4,30556.0,30250.6,30519.3,27452.814
2023-07-10 17:00:00,30336.0,30354.7,30240.8,30264.4,8382.232
2023-07-10 16:00:00,30297.5,30377.4,30223.5,30336.0,12685.022
2023-07-10 15:00:00,30296.8,30312.2,30225.2,30297.6,10617.905
2023-07-10 14:00:00,30195.0,30359.7,30180.0,30296.8,19948.057
2023-07-10 13:00:00,30147.1,30323.7,30142.0,30195.0,17927.466
2023-07-10 12:00:00,30221.6,30275.4,30131.0,30147.0,13695.586
2023-07-10 11:00:00,30173.0,30233.1,30161.3,30221.5,6930.183
2023-07-10 10:00:00,30127.2,30220.8,30127.2,30173.1,7083.033
2023-07-10 09:00:00,30085.0,30194.3,30020.1,30126.9,14443.023
2023-07-10 08:00:00,30100.0,30105.1,29966.6,30085.1,9308.474
2023-07-10 07:00:00,30073.9,30125.7,30066.1,30100.0,6012.545
2023-07-10 06:00:00,30068.1,30111.2,30034.2,30074.0,6890.684
2023-07-10 05:00:00,30108.4,30134.8,30067.0,30068.0,5229.34
2023-07-10 04:00:00,30145.0,30151.0,30102.0,30108.5,4752.43
2023-07-10 03:00:00,30187.2,30235.0,30137.6,30144.9,6068.67
2023-07-10 02:00:00,30034.1,30218.9,30032.0,30187.1,9043.219
2023-07-10 01:00:00,30077.7,30128.0,30019.5,30034.0,8977.482
2023-07-10 00:00:00,30147.8,30219.4,29928.8,30077.7,33226.596
2023-07-09 23:00:00,30160.2,30171.4,30106.0,30147.8,5244.236
2023-07-09 22:00:00,30142.6,30187.0,30042.0,30160.3,13524.781
2023-07-09 21:00:00,30176.4,30197.4,30117.9,30142.7,5451.231
2023-07-09 20:00:00,30227.7,30238.3,30089.0,30176.4,8455.187
2023-07-09 19:00:00,30246.3,30254.4,30180.0,30227.7,5344.49
2023-07-09 18:00:00,30279.8,30292.9,30240.6,30246.3,3165.052
2023-07-09 17:00:00,30276.2,30281.6,30236.4,30279.7,6826.988
2023-07-09 16:00:00,30336.9,30336.9,30263.0,30276.2,5577.417
2023-07-09 15:00:00,30328.0,30383.1,30260.3,30336.8,10242.835
2023-07-09 14:00:00,30247.9,30443.4,30163.6,30328.0,26848.795
2023-07-09 13:00:00,30320.0,30338.3,30239.0,30248.0,7332.819
2023-07-09 12:00:00,30257.2,30338.8,30233.9,30320.0,7941.681
2023-07-09 11:00:00,30250.1,30280.3,30227.0,30257.3,3344.097
2023-07-09 10:00:00,30260.3,30288.2,30242.3,30250.0,3061.872
2023-07-09 09:00:00,30291.8,30291.9,30219.1,30260.3,3404.574
2023-07-09 08:00:00,30250.0,30300.0,30249.9,30291.9,4020.957
2023-07-09 07:00:00,30242.3,30273.0,30218.2,30250.0,3774.165
2023-07-09 06:00:00,30249.3,30258.0,30220.8,30242.2,3617.728
2023-07-09 05:00:00,30266.4,30289.1,30242.1,30249.4,3190.005
2023-07-09 04:00:00,30277.6,30287.6,30258.1,30266.3,2388.82
2023-07-09 03:00:00,30287.9,30308.5,30241.7,30277.6,4078.626
2023-07-09 02:00:00,30320.4,30350.4,30246.4,30287.9,5955.264
2023-07-09 01:00:00,30323.9,30397.0,30271.4,30320.4,11130.917
2023-07-09 00:00:00,30269.2,30342.3,30232.1,30323.9,8373.726
2023-07-08 23:00:00,30212.0,30280.0,30199.9,30269.3,6465.036
2023-07-08 22:00:00,30173.1,30216.2,30151.2,30212.0,3031.691
2023-07-08 21:00:00,30140.0,30184.7,30132.3,30173.0,3542.775
2023-07-08 20:00:00,30100.0,30149.4,30037.5,30140.0,6235.884
2023-07-08 19:00:00,30189.0,30189.1,30026.8,30100.0,12318.148
2023-07-08 18:00:00,30240.8,30240.8,30171.4,30189.0,4783.468
2023-07-08 17:00:00,30245.5,30269.6,30224.5,30240.8,4206.853
2023-07-08 16:00:00,30196.8,30313.0,30192.5,30245.4,10534.167
2023-07-08 15:00:00,30192.8,30212.0,30166.2,30196.7,2701.382
2023-07-08 14:00:00,30191.9,30217.3,30175.0,30192.8,2890.631
2023-07-08 13:00:00,30154.7,30224.5,30154.7,30191.9,3853.259
2023-07-08 12:00:00,30185.3,30200.0,30132.5,30154.7,5916.531
2023-07-08 11:00:00,30210.6,30218.0,30135.3,30185.3,8034.574
2023-07-08 10:00:00,30237.0,30242.2,30206.0,30210.5,2439.357
2023-07-08 09:00:00,30261.9,30273.1,30210.9,30237.0,3717.364
2023-07-08 08:00:00,30174.8,30315.0,30172.7,30261.9,11194.446
2023-07-08 07:00:00,30161.3,30207.9,30154.3,30174.8,4520.329
2023-07-08 06:00:00,30224.0,30242.9,30122.0,30161.3,7965.436
2023-07-08 05:00:00,30227.0,30228.7,30170.4,30224.1,7653.273
2023-07-08 04:00:00,30260.0,30269.2,30210.0,30227.0,6455.545
2023-07-08 03:00:00,30340.8,30350.0,30257.3,30260.0,4825.562
2023-07-08 02:00:00,30290.0,30380.0,30265.6,30340.9,7126.507
2023-07-08 01:00:00,30274.7,30290.0,30240.0,30290.0,3923.921
2023-07-08 00:00:00,30328.0,30332.6,30258.2,30274.8,4398.354
2023-07-07 23:00:00,30292.7,30335.6,30263.5,30327.9,3787.774
2023-07-07 22:00:00,30276.6,30333.5,30270.0,30292.6,3733.618
2023-07-07 21:00:00,30248.8,30337.0,30248.8,30276.7,5760.135
2023-07-07 20:00:00,30227.8,30292.9,30197.1,30248.8,6458.346
2023-07-07 19:00:00,30155.0,30232.1,30120.0,30227.9,6976.332
2023-07-07 18:00:00,30226.7,30242.0,30100.0,30155.0,11037.756
2023-07-07 17:00:00,30342.3,30353.7,30162.6,30226.6,15550.132
2023-07-07 16:00:00,30375.5,30443.6,30298.8,30342.3,12650.284
2023-07-07 15:00:00,30395.6,30415.8,30290.1,30375.4,12069.455
2023-07-07 14:00:00,30367.2,30430.0,30243.1,30395.6,25507.785
2023-07-07 13:00:00,30190.4,30378.0,30112.0,30367.3,22218.52
2023-07-07 12:00:00,30103.9,30366.0,30012.1,30190.5,45600.486
2023-07-07 11:00:00,30152.9,30188.8,30080.0,30104.0,8962.184
2023-07-07 10:00:00,30120.0,30157.9,30070.2,30152.9,8951.328
2023-07-07 09:00:00,30039.2,30176.3,30036.2,30119.9,8651.156
2023-07-07 08:00:00,29992.9,30095.0,29957.6,30039.2,11238.693
2023-07-07 07:00:00,30106.2,30126.8,29904.4,29992.9,17109.226
2023-07-07 06:00:00,30196.1,30228.0,30080.6,30106.1,12548.756
2023-07-07 05:00:00,30076.0,30297.3,30041.5,30196.0,17926.566
2023-07-07 04:00:00,30122.1,30163.8,30063.4,30075.9,7095.496
2023-07-07 03:00:00,30093.5,30154.9,30050.6,30122.1,7197.638
2023-07-07 02:00:00,30071.5,30134.9,30040.3,30093.6,8550.083
2023-07-07 01:00:00,30039.8,30100.0,29943.4,30071.4,12522.032
2023-07-07 00:00:00,29874.3,30094.6,29680.0,30039.9,45697.873
2023-07-06 23:00:00,30147.6,30147.6,29818.0,29874.4,41014.969
2023-07-06 22:00:00,30207.3,30258.7,30082.8,30147.5,11865.126
2023-07-06 21:00:00,30303.8,30335.5,30156.8,30207.3,10580.383
2023-07-06 20:00:00,30294.6,30336.3,30232.0,30303.7,6141.841
2023-07-06 19:00:00,30367.8,30367.9,30240.0,30294.6,8775.315
2023-07-06 18:00:00,30283.9,30389.0,30192.8,30367.9,11332.266
2023-07-06 17:00:00,30303.5,30334.3,30186.4,30283.8,11966.437
2023-07-06 16:00:00,30390.3,30450.7,30140.0,30303.4,33750.68
2023-07-06 15:00:00,30196.5,30476.0,30053.2,30390.3,50136.208
2023-07-06 14:00:00,30361.6,30424.0,29865.0,30196.6,112333.472
2023-07-06 13:00:00,30588.6,30649.6,30289.1,30361.5,41016.913
2023-07-06 12:00:00,30833.0,30866.4,30486.8,30588.6,67511.946
2023-07-06 11:00:00,31222.1,31258.8,30686.0,30833.0,45941.122
2023-07-06 10:00:00,31064.8,31270.0,31058.2,31222.2,24356.375
2023-07-06 09:00:00,31325.6,31568.0,31018.2,31064.7,94118.553
2023-07-06 08:00:00,30792.2,31359.4,30771.0,31325.5,63572.516
2023-07-06 07:00:00,30679.9,30846.8,30671.8,30792.3,25464.164
2023-07-06 06:00:00,30575.6,30715.0,30540.2,30679.9,17671.392
2023-07-06 05:00:00,30452.6,30624.4,30420.6,30575.5,11325.307
2023-07-06 04:00:00,30477.6,30530.0,30431.0,30452.6,4866.798
2023-07-06 03:00:00,30459.0,30516.3,30452.7,30477.7,3243.218
2023-07-06 02:00:00,30465.7,30555.6,30445.5,30458.9,7732.93
2023-07-06 01:00:00,30403.6,30470.0,30305.0,30465.7,7545.874
2023-07-06 00:00:00,30488.4,30521.0,30375.1,30403.7,9003.414
2023-07-05 23:00:00,30430.3,30525.1,30381.0,30488.4,8523.798
2023-07-05 22:00:00,30458.9,30499.4,30382.8,30430.4,6080.103
2023-07-05 21:00:00,30450.2,30478.1,30408.0,30458.9,4932.707
2023-07-05 20:00:00,30420.0,30485.8,30369.6,30450.1,6721.953
2023-07-05 19:00:00,30493.3,30521.5,30410.0,30420.0,7672.17
2023-07-05 18:00:00,30507.7,30579.6,30420.0,30493.3,13133.867
2023-07-05 17:00:00,30447.2,30572.0,30432.2,30507.7,14720.442
2023-07-05 16:00:00,30345.1,30463.6,30321.2,30447.1,11640.632
2023-07-05 15:00:00,30406.3,30412.8,30222.7,30345.0,19665.73
2023-07-05 14:00:00,30350.5,30438.1,30316.6,30406.2,16163.441
2023-07-05 13:00:00,30309.9,30375.0,30175.8,30350.5,32335.97
2023-07-05 12:00:00,30395.0,30427.9,30240.0,30310.0,24937.424
2023-07-05 11:00:00,30421.1,30480.0,30326.0,30395.0,25136.664
2023-07-05 10:00:00,30668.9,30709.0,30364.3,30421.0,43750.046
2023-07-05 09:00:00,30752.2,30768.6,30663.0,30668.9,7555.832
2023-07-05 08:00:00,30765.9,30797.4,30637.5,30752.2,13920.441
2023-07-05 07:00:00,30800.4,30805.4,30753.0,30765.9,4575.311
2023-07-05 06:00:00,30804.4,30822.1,30742.9,30800.3,6142.455
2023-07-05 05:00:00,30825.1,30858.9,30780.0,30804.5,4570.184
2023-07-05 04:00:00,30857.3,30862.6,30805.2,30825.1,3954.058
2023-07-05 03:00:00,30831.0,30875.2,30815.0,30857.3,3839.533
2023-07-05 02:00:00,30785.3,30863.4,30778.5,30830.9,4500.357
2023-07-05 01:00:00,30751.5,30837.0,30741.2,30785.2,4630.986
2023-07-05 00:00:00,30756.1,30834.5,30737.8,30751.5,5792.474
2023-07-04 23:00:00,30808.8,30840.0,30750.0,30756.1,5284.341
2023-07-04 22:00:00,30790.4,30818.7,30756.4,30808.8,4122.796
2023-07-04 21:00:00,30787.0,30810.0,30742.1,30790.4,5323.431
2023-07-04 20:00:00,30685.2,30800.0,30655.7,30787.0,11420.128
2023-07-04 19:00:00,30896.6,30909.4,30600.0,30685.3,38957.34
2023-07-04 18:00:00,30890.5,30930.0,30823.0,30896.7,9735.705
2023-07-04 17:00:00,30946.8,30975.4,30856.0,30890.6,14395.779
2023-07-04 16:00:00,30959.3,31145.0,30775.1,30946.8,31063.309
2023-07-04 15:00:00,30963.1,31007.0,30869.1,30959.3,14356.882
2023-07-04 14:00:00,30989.0,31042.8,30936.5,30963.2,6993.386
2023-07-04 13:00:00,31031.9,31047.6,30959.9,30989.0,8189.637
2023-07-04 12:00:00,31056.4,31080.0,30999.0,31032.0,9176.52
2023-07-04 11:00:00,31017.0,31078.5,30985.9,31056.5,9674.223
2023-07-04 10:00:00,31003.8,31048.6,30920.5,31016.9,13340.11
2023-07-04 09:00:00,30916.6,31043.1,30856.0,31003.7,14518.759
2023-07-04 08:00:00,30902.2,30968.6,30889.5,30916.5,7615.538
2023-07-04 07:00:00,30990.0,31024.7,30888.6,30902.3,7671.461
2023-07-04 06:00:00,30958.9,31044.0,30860.0,30990.0,16409.109
2023-07-04 05:00:00,31043.6,31084.0,30940.4,30959.0,11943.68
2023-07-04 04:00:00,31189.8,31210.7,30984.5,31043.7,17448.529
2023-07-04 03:00:00,31251.2,31278.8,31170.2,31189.8,7953.144
2023-07-04 02:00:00,31277.1,31316.3,31182.6,31251.2,9529.164
2023-07-04 01:00:00,31102.7,31319.4,31096.4,31277.1,17665.42
2023-07-04 00:00:00,31149.0,31190.4,31083.6,31102.7,8043.869
2023-07-03 23:00:00,31112.7,31151.0,31072.0,31149.0,10534.859
2023-07-03 22:00:00,31044.0,31143.1,31040.1,31112.7,7846.285
2023-07-03 21:00:00,31113.0,31128.9,30875.2,31044.1,20107.453
2023-07-03 20:00:00,31254.0,31300.5,31100.0,31113.1,18232.653
2023-07-03 19:00:00,31201.4,31395.2,31120.6,31254.1,38354.911
2023-07-03 18:00:00,30997.0,31300.0,30987.0,31201.5,24291.667
2023-07-03 17:00:00,31035.7,31062.4,30902.6,30997.0,17020.111
2023-07-03 16:00:00,31068.0,31128.0,30810.2,31035.6,35995.884
2023-07-03 15:00:00,30729.8,31179.0,30729.8,31068.0,72244.923
2023-07-03 14:00:00,30643.9,30755.0,30639.5,30729.9,13320.366
2023-07-03 13:00:00,30648.0,30689.0,30604.0,30644.0,8317.824
2023-07-03 12:00:00,30619.7,30654.3,30559.4,30648.0,10508.037
2023-07-03 11:00:00,30637.5,30674.5,30612.1,30619.6,5297.901
2023-07-03 10:00:00,30605.6,30662.8,30577.5,30637.4,6073.977
2023-07-03 09:00:00,30638.0,30666.2,30600.0,30605.6,4084.345
2023-07-03 08:00:00,30662.9,30693.7,30600.0,30638.0,8661.979
2023-07-03 07:00:00,30642.2,30760.0,30630.0,30662.8,11168.178
2023-07-03 06:00:00,30663.9,30675.6,30601.7,30642.2,7292.824
2023-07-03 05:00:00,30676.4,30698.8,30653.9,30663.9,3532.085
2023-07-03 04:00:00,30748.0,30785.3,30656.4,30676.4,11696.354
2023-07-03 03:00:00,30746.7,30798.3,30738.7,30747.9,7409.255
2023-07-03 02:00:00,30660.3,30777.0,30659.2,30746.7,11214.669
2023-07-03 01:00:00,30630.8,30760.6,30624.6,30660.2,7960.863
2023-07-03 00:00:00,30612.7,30683.9,30575.3,30630.7,9125.833
2023-07-02 23:00:00,30646.7,30656.0,30545.5,30612.7,13562.059
2023-07-02 22:00:00,30555.0,30800.0,30425.0,30646.8,38960.985
2023-07-02 21:00:00,30579.6,30609.9,30536.8,30555.0,8505.033
2023-07-02 20:00:00,30552.7,30624.0,30517.2,30579.7,4571.992
2023-07-02 19:00:00,30519.9,30559.8,30510.6,30552.8,4365.842
2023-07-02 18:00:00,30434.3,30528.9,30358.3,30520.0,11899.702
2023-07-02 17:00:00,30558.4,30577.7,30410.0,30434.2,10631.224
2023-07-02 16:00:00,30491.4,30709.2,30470.4,30558.4,20334.33
2023-07-02 15:00:00,30586.5,30610.0,30149.9,30491.4,39156.132
2023-07-02 14:00:00,30510.1,30626.2,30480.0,30586.5,12874.201
2023-07-02 13:00:00,30518.7,30525.3,30482.8,30510.1,5067.986
2023-07-02 12:00:00,30537.2,30573.2,30488.4,30518.7,4718.086
2023-07-02 11:00:00,30505.0,30540.0,30501.5,30537.2,2548.178
2023-07-02 10:00:00,30513.5,30535.8,30503.1,30505.1,3498.004
2023-07-02 09:00:00,30477.2,30542.5,30477.0,30513.4,3195.563
2023-07-02 08:00:00,30504.7,30553.9,30477.1,30477.2,4314.068
2023-07-02 07:00:00,30475.7,30518.6,30473.9,30504.7,2746.202
2023-07-02 06:00:00,30473.2,30512.7,30462.1,30475.8,3845.882
2023-07-02 05:00:00,30525.1,30553.2,30470.0,30473.1,4516.532
2023-07-02 04:00:00,30505.3,30537.0,30471.4,30525.1,5442.532
2023-07-02 03:00:00,30535.0,30545.7,30467.4,30505.2,5548.348
2023-07-02 02:00:00,30559.6,30607.5,30458.0,30535.0,9034.718
2023-07-02 01:00:00,30568.0,30591.2,30543.2,30559.6,3935.081
2023-07-02 00:00:00,30573.6,30650.0,30537.1,30567.9,8593.508
2023-07-01 23:00:00,30569.2,30594.7,30550.2,30573.6,2041.121
2023-07-01 22:00:00,30574.7,30600.9,30534.3,30569.2,3380.29
2023-07-01 21:00:00,30577.8,30596.1,30558.1,30574.7,2034.895
2023-07-01 20:00:00,30600.5,30605.1,30567.1,30577.8,2078.168
2023-07-01 19:00:00,30599.9,30626.0,30584.1,30600.5,5161.883
2023-07-01 18:00:00,30562.5,30606.0,30557.6,30599.9,2630.616
2023-07-01 17:00:00,30564.0,30585.8,30539.7,30562.5,3422.961
2023-07-01 16:00:00,30561.5,30585.9,30533.8,30564.0,4876.455
2023-07-01 15:00:00,30598.8,30668.2,30530.6,30561.5,8156.755
2023-07-01 14:00:00,30549.9,30611.7,30520.5,30598.8,6270.714
2023-07-01 13:00:00,30552.0,30635.9,30523.8,30550.0,7922.508
2023-07-01 12:00:00,30508.5,30625.4,30490.8,30551.9,10538.99
2023-07-01 11:00:00,30455.7,30589.8,30455.7,30508.5,9933.567
2023-07-01 10:00:00,30431.2,30482.5,30416.0,30455.8,6517.868
2023-07-01 09:00:00,30429.8,30454.1,30420.0,30431.2,3296.213
2023-07-01 08:00:00,30448.1,30459.7,30405.0,30429.8,3947.466
2023-07-01 07:00:00,30441.4,30450.4,30395.0,30448.1,4886.939
2023-07-01 06:00:00,30415.3,30462.8,30387.6,30441.5,6672.144
2023-07-01 05:00:00,30381.3,30423.4,30381.3,30415.2,3181.5
2023-07-01 04:00:00,30391.2,30412.3,30311.3,30381.4,8790.926
2023-07-01 03:00:00,30408.4,30435.7,30362.0,30391.2,4845.068
2023-07-01 02:00:00,30433.3,30522.0,30380.0,30408.4,7545.346
2023-07-01 01:00:00,30459.1,30475.7,30367.4,30433.4,8597.761
2023-07-01 00:00:00,30460.2,30527.2,30405.6,30459.1,8790.092
2023-06-30 23:00:00,30468.6,30537.3,30443.8,30460.2,5479.407
2023-06-30 22:00:00,30472.8,30520.0,30450.0,30468.6,7329.775
2023-06-30 21:00:00,30391.3,30474.1,30324.4,30472.7,8643.268
2023-06-30 20:00:00,30360.2,30510.8,30355.8,30391.3,14126.37
2023-06-30 19:00:00,30349.7,30470.4,30317.2,30360.3,11775.891
2023-06-30 18:00:00,30442.8,30523.9,30275.0,30349.7,30650.157
2023-06-30 17:00:00,30381.6,30729.5,30362.7,30442.7,54620.633
2023-06-30 16:00:00,30052.0,30525.0,29908.3,30381.5,58164.558
2023-06-30 15:00:00,30078.6,30193.8,29980.0,30052.0,26180.597
2023-06-30 14:00:00,30118.1,30299.4,29921.0,30078.7,77946.638
2023-06-30 13:00:00,31000.1,31086.9,29500.0,30120.0,200925.009
2023-06-30 12:00:00,30897.7,31127.3,30880.0,31000.2,41656.94
2023-06-30 11:00:00,30800.8,30940.0,30760.0,30897.7,11991.726
2023-06-30 10:00:00,30758.3,30864.6,30740.0,30800.8,9687.802
2023-06-30 09:00:00,30841.6,30844.6,30735.0,30758.4,14055.693
2023-06-30 08:00:00,30759.2,30899.0,30709.9,30841.6,16855.881
2023-06-30 07:00:00,30663.2,30830.8,30650.0,30759.1,17341.425
2023-06-30 06:00:00,30731.6,30758.0,30604.0,30663.1,17568.564
2023-06-30 05:00:00,30868.4,30978.2,30631.5,30731.5,42066.075
2023-06-30 04:00:00,30734.4,31300.0,30680.9,30868.4,67795.172
2023-06-30 03:00:00,30648.0,30876.4,30593.8,30734.3,29574.562
2023-06-30 02:00:00,30374.6,30760.2,30362.6,30648.0,27867.089
2023-06-30 01:00:00,30431.0,30431.0,30337.4,30374.5,8328.654
2023-06-30 00:00:00,30439.9,30500.0,30385.0,30431.3,8699.419
2023-06-29 23:00:00,30402.5,30523.5,30380.0,30439.9,6334.205
2023-06-29 22:00:00,30412.4,30456.4,30383.2,30402.5,4041.85
2023-06-29 21:00:00,30386.4,30444.8,30359.8,30412.4,6417.27
2023-06-29 20:00:00,30571.5,30630.0,30222.0,30386.4,26783.124
2023-06-29 19:00:00,30552.5,30600.0,30485.1,30571.5,7429.653
2023-06-29 18:00:00,30535.0,30614.8,30490.0,30552.6,7095.873
2023-06-29 17:00:00,30491.7,30661.9,30405.6,30535.1,28761.929
2023-06-29 16:00:00,30468.2,30575.0,30464.1,30491.7,11085.694
2023-06-29 15:00:00,30434.0,30537.6,30400.8,30468.3,14310.231
2023-06-29 14:00:00,30553.0,30647.5,30380.0,30434.5,31738.889
2023-06-29 13:00:00,30613.8,30837.0,30429.0,30553.0,48788.938
2023-06-29 12:00:00,30660.7,30705.0,30588.0,30613.8,18929.898
2023-06-29 11:00:00,30688.7,30715.0,30555.6,30660.6,24392.332
2023-06-29 10:00:00,30419.6,30744.4,30385.6,30688.8,48223.973
2023-06-29 09:00:00,30376.5,30469.9,30341.6,30419.7,12664.013
2023-06-29 08:00:00,30333.9,30440.0,30320.3,30376.4,12943.039
2023-06-29 07:00:00,30221.5,30420.0,30203.9,30333.9,20464.623
2023-06-29 06:00:00,30171.5,30233.8,30165.0,30221.6,4690.155
2023-06-29 05:00:00,30208.6,30254.5,30168.0,30171.4,6858.078
2023-06-29 04:00:00,30162.3,30215.0,30125.4,30208.6,5912.855
2023-06-29 03:00:00,30109.0,30183.9,30084.6,30162.3,5641.591
2023-06-29 02:00:00,30154.5,30200.0,30085.0,30109.0,6599.441
2023-06-29 01:00:00,30070.2,30234.8,30047.8,30154.5,11500.653
2023-06-29 00:00:00,30066.3,30166.4,30036.1,30070.3,10464.539
2023-06-28 23:00:00,30090.6,30174.0,30040.3,30066.3,6760.84
2023-06-28 22:00:00,30121.9,30176.3,30065.9,30090.6,6522.544
2023-06-28 21:00:00,30090.9,30209.6,30012.5,30121.9,9724.867
2023-06-28 20:00:00,30080.5,30135.9,29929.2,30091.0,17280.434
2023-06-28 19:00:00,30183.0,30243.0,29804.6,30080.4,41311.87
2023-06-28 18:00:00,30137.8,30245.2,30127.2,30183.0,10637.688
2023-06-28 17:00:00,30242.4,30276.0,30033.8,30137.8,30661.613
2023-06-28 16:00:00,30399.8,30457.0,30235.9,30242.4,19111.52
2023-06-28 15:00:00,30304.8,30439.9,30270.0,30399.8,18798.786
2023-06-28 14:00:00,30193.5,30485.0,30131.6,30304.8,35683.579
2023-06-28 13:00:00,30091.6,30199.8,29992.5,30193.4,30597.648
2023-06-28 12:00:00,30294.4,30365.0,30020.1,30091.6,40117.917
2023-06-28 11:00:00,30324.7,30377.0,30292.3,30294.3,8831.3
2023-06-28 10:00:00,30290.7,30333.0,30262.5,30324.8,7407.299
2023-06-28 09:00:00,30264.2,30320.0,30222.0,30290.7,10289.38
2023-06-28 08:00:00,30176.0,30269.8,30126.6,30264.2,16462.352
2023-06-28 07:00:00,30358.0,30382.4,30127.0,30176.0,32186.055
2023-06-28 06:00:00,30436.9,30442.7,30321.0,30358.0,8806.394
2023-06-28 05:00:00,30466.7,30466.7,30360.0,30436.9,5966.784
2023-06-28 04:00:00,30441.8,30479.5,30378.0,30466.6,6886.037
2023-06-28 03:00:00,30404.2,30461.3,30380.4,30441.8,6878.104
2023-06-28 02:00:00,30492.8,30535.0,30306.4,30404.2,15167.656
2023-06-28 01:00:00,30600.7,30660.9,30460.1,30492.7,11171.539
2023-06-28 00:00:00,30683.2,30701.8,30450.0,30600.7,19394.228
2023-06-27 23:00:00,30569.8,30720.0,30555.0,30683.2,7492.872
2023-06-27 22:00:00,30716.6,30736.0,30559.4,30569.8,8700.872
2023-06-27 21:00:00,30636.4,30738.8,30564.0,30716.7,14050.691
2023-06-27 20:00:00,30638.4,30708.2,30533.1,30636.5,11763.73
2023-06-27 19:00:00,30677.4,30725.9,30630.6,30638.4,7550.779
2023-06-27 18:00:00,30719.2,30728.9,30611.2,30677.4,7872.767
2023-06-27 17:00:00,30695.4,30762.4,30602.8,30719.1,14186.756
2023-06-27 16:00:00,30487.4,30742.8,30435.9,30695.5,27852.505
2023-06-27 15:00:00,30795.5,30809.5,30351.0,30487.4,40202.173
2023-06-27 14:00:00,30599.9,30998.5,30572.0,30795.5,68952.005
2023-06-27 13:00:00,30703.2,30710.3,30506.0,30600.0,19673.928
2023-06-27 12:00:00,30720.1,30755.6,30621.0,30703.1,18262.756
2023-06-27 11:00:00,30650.1,30800.0,30526.5,30720.1,23223.549
2023-06-27 10:00:00,30370.6,30699.0,30368.0,30650.1,45153.826
2023-06-27 09:00:00,30387.2,30396.8,30322.2,30370.5,5617.554
2023-06-27 08:00:00,30404.5,30442.3,30345.6,30387.1,7858.454
2023-06-27 07:00:00,30309.0,30470.0,30296.2,30404.5,13835.992
2023-06-27 06:00:00,30313.0,30317.1,30222.5,30309.1,6304.811
2023-06-27 05:00:00,30335.9,30353.4,30238.3,30313.0,10526.545
2023-06-27 04:00:00,30360.0,30374.9,30331.0,30335.9,5833.694
2023-06-27 03:00:00,30473.2,30485.8,30349.9,30360.0,9811.052
2023-06-27 02:00:00,30363.2,30488.0,30340.5,30473.3,11483.365
2023-06-27 01:00:00,30341.9,30383.7,30260.0,30363.3,7548.341
2023-06-27 00:00:00,30260.1,30371.9,30213.0,30341.8,12314.331
2023-06-26 23:00:00,30220.9,30278.4,30187.0,30260.1,5665.315
2023-06-26 22:00:00,30146.2,30254.9,30086.1,30220.9,7897.619
2023-06-26 21:00:00,30150.1,30215.4,30105.0,30146.1,6611.953
2023-06-26 20:00:00,30233.9,30283.8,30127.4,30150.1,8433.146
2023-06-26 19:00:00,30201.6,30298.9,30052.2,30233.9,16578.861
2023-06-26 18:00:00,30068.5,30234.0,30025.0,30201.6,16914.335
2023-06-26 17:00:00,30091.8,30162.4,29890.1,30068.5,31663.52
2023-06-26 16:00:00,30400.7,30425.7,29961.1,30091.9,41618.903
2023-06-26 15:00:00,30383.9,30454.3,30312.4,30400.5,13104.546
2023-06-26 14:00:00,30631.2,30667.3,30243.2,30384.0,35797.054
2023-06-26 13:00:00,30347.7,30664.3,30341.4,30631.2,25749.398
2023-06-26 12:00:00,30315.1,30389.9,30241.3,30347.6,11389.679
2023-06-26 11:00:00,30259.9,30339.3,30243.9,30315.1,7919.937
2023-06-26 10:00:00,30257.2,30277.4,30115.1,30260.0,16964.114
2023-06-26 09:00:00,30395.0,30414.4,30226.0,30257.2,10642.413
2023-06-26 08:00:00,30395.5,30420.6,30312.0,30395.0,10435.067
2023-06-26 07:00:00,30474.8,30580.0,30269.1,30395.6,30096.419
2023-06-26 06:00:00,30208.1,30484.2,30185.3,30474.8,15422.226
2023-06-26 05:00:00,30235.7,30267.3,30153.6,30208.1,7591.332
2023-06-26 04:00:00,30284.9,30312.1,30200.1,30235.7,7302.353
2023-06-26 03:00:00,30212.0,30326.4,30168.2,30285.0,7956.389
2023-06-26 02:00:00,30165.9,30233.6,30101.0,30212.0,10727.634
2023-06-26 01:00:00,30378.9,30394.9,29920.0,30166.0,54631.239
2023-06-26 00:00:00,30458.0,30542.4,30375.2,30378.9,13985.904
2023-06-25 23:00:00,30490.5,30496.2,30421.0,30458.0,6496.502
2023-06-25 22:00:00,30447.9,30564.0,30378.1,30490.4,10334.26
2023-06-25 21:00:00,30362.8,30482.3,30349.1,30448.0,6386.853
2023-06-25 20:00:00,30420.0,30527.4,30252.6,30362.8,15490.026
2023-06-25 19:00:00,30449.3,30449.4,30311.0,30420.0,9127.652
2023-06-25 18:00:00,30522.5,30522.5,30326.9,30449.3,21537.654
2023-06-25 17:00:00,30584.3,30606.5,30469.8,30522.6,7101.511
2023-06-25 16:00:00,30574.1,30649.6,30481.6,30584.3,11711.454
2023-06-25 15:00:00,30540.2,30633.2,30425.0,30574.1,19900.765
2023-06-25 14:00:00,30669.2,30728.2,30512.4,30540.3,15716.967
2023-06-25 13:00:00,30664.1,30682.8,30502.4,30669.2,17456.321
2023-06-25 12:00:00,30710.0,30732.9,30629.4,30664.0,7848.281
2023-06-25 11:00:00,30609.4,30718.9,30576.6,30710.0,7919.549
2023-06-25 10:00:00,30674.1,30685.4,30565.2,30609.4,9559.428
2023-06-25 09:00:00,30727.9,30729.7,30570.4,30674.1,11403.288
2023-06-25 08:00:00,30714.0,30754.2,30656.8,30727.8,7960.032
2023-06-25 07:00:00,30863.6,30870.5,30652.8,30714.0,14061.798
2023-06-25 06:00:00,30850.4,30991.3,30741.6,30863.7,19798.099
2023-06-25 05:00:00,30880.1,30935.0,30820.7,30850.3,10958.573
2023-06-25 04:00:00,30742.0,31053.2,30742.0,30880.1,34448.303
2023-06-25 03:00:00,30611.7,30780.0,30610.4,30742.0,11772.217
2023-06-25 02:00:00,30591.1,30687.4,30584.5,30611.8,8453.301
2023-06-25 01:00:00,30509.0,30625.0,30456.9,30591.1,8678.865
2023-06-25 00:00:00,30524.2,30581.4,30458.5,30509.0,7411.455
2023-06-24 23:00:00,30507.6,30566.5,30482.7,30524.2,5958.031
2023-06-24 22:00:00,30499.3,30540.0,30470.8,30507.6,5601.468
2023-06-24 21:00:00,30503.9,30571.1,30395.0,30499.4,11731.306
2023-06-24 20:00:00,30622.2,30622.3,30464.0,30503.9,8043.183
2023-06-24 19:00:00,30633.9,30671.6,30589.4,30622.2,6635.005
2023-06-24 18:00:00,30572.3,30688.9,30556.8,30633.8,9722.067
2023-06-24 17:00:00,30503.9,30644.8,30492.1,30572.3,16431.386
2023-06-24 16:00:00,30390.8,30508.1,30222.0,30504.0,25902.91
2023-06-24 15:00:00,30680.1,30691.2,30262.0,30390.9,37463.67
2023-06-24 14:00:00,30631.1,30706.5,30589.0,30680.2,7960.027
2023-06-24 13:00:00,30685.0,30714.3,30563.5,30631.2,13101.008
2023-06-24 12:00:00,30674.8,30796.5,30641.5,30685.0,13784.393
2023-06-24 11:00:00,30730.0,30730.1,30648.2,30674.9,5873.823
2023-06-24 10:00:00,30616.0,30739.6,30594.9,30730.0,11378.219
2023-06-24 09:00:00,30600.0,30635.0,30565.1,30616.0,5409.481
2023-06-24 08:00:00,30563.3,30645.3,30542.4,30600.0,8082.641
2023-06-24 07:00:00,30690.2,30690.2,30550.0,30563.4,10693.774
2023-06-24 06:00:00,30717.3,30719.0,30615.2,30690.1,6858.838
2023-06-24 05:00:00,30693.7,30750.0,30666.1,30717.3,4546.805
2023-06-24 04:00:00,30719.5,30748.4,30644.8,30693.7,7038.163
2023-06-24 03:00:00,30743.0,30765.9,30691.0,30719.5,7311.665
2023-06-24 02:00:00,30596.6,30790.0,30569.3,30743.0,17756.181
2023-06-24 01:00:00,30481.6,30622.0,30388.6,30596.6,16221.718
2023-06-24 00:00:00,30673.5,30689.5,30450.0,30481.6,16033.526
2023-06-23 23:00:00,30632.0,30682.0,30500.7,30673.4,12369.935
2023-06-23 22:00:00,30649.6,30660.7,30441.1,30631.9,21264.145
2023-06-23 21:00:00,30892.5,30915.7,30520.0,30649.6,19647.623
2023-06-23 20:00:00,30873.7,30943.4,30775.5,30892.5,13683.386
2023-06-23 19:00:00,30935.7,30944.3,30601.0,30873.7,34585.169
2023-06-23 18:00:00,31232.7,31268.0,30869.0,30935.7,34127.312
2023-06-23 17:00:00,31090.3,31290.9,30990.0,31232.7,45083.89
2023-06-23 16:00:00,31232.9,31440.5,30655.1,31090.4,115153.41
2023-06-23 15:00:00,30275.0,31500.0,30238.6,31232.9,182867.071
2023-06-23 14:00:00,30063.3,30349.9,29995.0,30274.9,35956.238
2023-06-23 13:00:00,30090.2,30175.0,29901.1,30063.3,25640.009
2023-06-23 12:00:00,30125.2,30233.9,29980.0,30090.3,25307.919
2023-06-23 11:00:00,30069.3,30143.6,30023.4,30125.3,10142.564
2023-06-23 10:00:00,30138.2,30195.7,29919.8,30069.3,24400.042
2023-06-23 09:00:00,29992.0,30173.3,29950.1,30138.1,14022.005
2023-06-23 08:00:00,29926.9,30034.7,29899.9,29992.0,9243.491
2023-06-23 07:00:00,30006.3,30006.3,29910.0,29927.0,9408.348
2023-06-23 06:00:00,30035.3,30060.0,29959.5,30006.3,6119.317
2023-06-23 05:00:00,29993.9,30068.3,29973.1,30035.3,5323.878
2023-06-23 04:00:00,30002.4,30079.9,29981.5,29994.0,8676.139
2023-06-23 03:00:00,29980.5,30021.7,29965.4,30002.4,6431.79
2023-06-23 02:00:00,29924.0,29980.5,29792.0,29980.5,14486.892
2023-06-23 01:00:00,30000.5,30040.0,29915.1,29923.9,8179.55
2023-06-23 00:00:00,29875.0,30049.0,29865.0,30000.5,16952.948
2023-06-22 23:00:00,29917.6,29988.4,29875.0,29875.0,8520.027
2023-06-22 22:00:00,30041.8,30073.9,29858.4,29917.6,12753.105
2023-06-22 21:00:00,30143.1,30162.3,29950.1,30041.9,10612.3
2023-06-22 20:00:00,30208.7,30260.0,30070.0,30143.1,13572.359
2023-06-22 19:00:00,30131.2,30236.0,30035.7,30208.8,15270.293
2023-06-22 18:00:00,30140.7,30155.0,29953.2,30131.3,18301.781
2023-06-22 17:00:00,29957.7,30185.4,29872.4,30140.7,22862.305
2023-06-22 16:00:00,29837.3,30170.2,29811.9,29957.8,44639.03
2023-06-22 15:00:00,29735.4,29950.0,29652.0,29837.3,43898.156
2023-06-22 14:00:00,30226.9,30288.8,29500.1,29735.4,77819.355
2023-06-22 13:00:00,30099.1,30353.9,30086.3,30226.8,36433.352
2023-06-22 12:00:00,29919.4,30126.0,29907.1,30099.2,19392.491
2023-06-22 11:00:00,30167.3,30173.8,29800.0,29919.3,55537.684
2023-06-22 10:00:00,30129.5,30244.5,30082.9,30167.3,15017.781
2023-06-22 09:00:00,30091.4,30174.7,30046.0,30129.4,11597.594
2023-06-22 08:00:00,30094.5,30147.3,30028.2,30091.4,10556.379
2023-06-22 07:00:00,30120.1,30179.9,30000.0,30094.5,16230.139
2023-06-22 06:00:00,30277.3,30286.1,30021.0,30120.0,22799.178
2023-06-22 05:00:00,30338.1,30338.1,30221.8,30277.2,9044.677
2023-06-22 04:00:00,30283.7,30341.5,30180.6,30338.1,11795.999
2023-06-22 03:00:00,30455.1,30479.2,30226.0,30283.7,16157.492
2023-06-22 02:00:00,30149.3,30488.0,30071.9,30455.1,28252.862
2023-06-22 01:00:00,30131.4,30209.9,30050.1,30149.2,12494.3
2023-06-22 00:00:00,29988.5,30242.1,29880.0,30131.5,27493.103
2023-06-21 23:00:00,30103.2,30195.8,29967.2,29988.5,19478.3
2023-06-21 22:00:00,29876.4,30145.9,29851.5,30103.2,19831.541
2023-06-21 21:00:00,29977.7,30030.7,29766.0,29876.3,21272.23
2023-06-21 20:00:00,30105.6,30147.3,29845.2,29977.7,21402.755
2023-06-21 19:00:00,30124.8,30177.5,29885.2,30105.5,27546.391
2023-06-21 18:00:00,30076.0,30294.4,30000.6,30124.7,38982.648
2023-06-21 17:00:00,30163.1,30349.9,29840.4,30075.9,99985.87
2023-06-21 16:00:00,29836.9,30822.0,29745.5,30163.1,198727.019
2023-06-21 15:00:00,29520.7,30018.3,29460.0,29837.0,124100.124
2023-06-21 14:00:00,29296.6,29589.8,29050.0,29520.7,96128.188
2023-06-21 13:00:00,28875.8,29407.2,28858.2,29296.7,63412.837
2023-06-21 12:00:00,28913.5,29148.9,28868.0,28875.9,38731.869
2023-06-21 11:00:00,28821.7,29029.5,28783.0,28913.5,24470.99
2023-06-21 10:00:00,28907.3,29223.6,28802.0,28821.8,54274.49
2023-06-21 09:00:00,28814.1,28957.5,28809.1,28907.3,14948.771
2023-06-21 08:00:00,28860.4,28910.2,28783.2,28814.1,14766.88
2023-06-21 07:00:00,28846.9,28910.0,28809.1,28860.4,11548.757
2023-06-21 06:00:00,28969.5,29000.0,28763.7,28846.9,23658.909
2023-06-21 05:00:00,28775.3,28986.9,28760.4,28969.6,23392.684
2023-06-21 04:00:00,28704.6,28808.2,28668.5,28775.4,17006.008
2023-06-21 03:00:00,28778.9,28798.4,28666.4,28704.6,16328.449
2023-06-21 02:00:00,28776.6,28886.6,28743.0,28779.0,20952.222
2023-06-21 01:00:00,28399.7,29086.6,28380.2,28776.5,86885.548
2023-06-21 00:00:00,28290.7,28500.0,28236.4,28399.7,45640.947
2023-06-20 23:00:00,28201.3,28397.8,28139.1,28290.6,29355.774
2023-06-20 22:00:00,28121.3,28261.9,28090.1,28201.3,16197.274
2023-06-20 21:00:00,28147.2,28300.0,28060.9,28121.2,31083.335
2023-06-20 20:00:00,27973.7,28250.0,27855.6,28147.3,47667.017
2023-06-20 19:00:00,28058.1,28105.5,27768.0,27973.8,53960.8
2023-06-20 18:00:00,27784.0,28145.0,27765.1,28058.2,78190.171
2023-06-20 17:00:00,27363.2,28000.0,27324.1,27784.0,117378.121
2023-06-20 16:00:00,27054.3,27383.7,26983.3,27363.3,90543.508
2023-06-20 15:00:00,26763.8,27125.5,26726.1,27054.2,37574.128
2023-06-20 14:00:00,26795.4,26833.5,26633.9,26763.8,30712.462
2023-06-20 13:00:00,26839.7,26938.0,26765.0,26795.4,19524.827
2023-06-20 12:00:00,26895.2,26969.9,26816.1,26839.8,26576.493
2023-06-20 11:00:00,26761.2,26898.6,26737.0,26895.2,12237.802
2023-06-20 10:00:00,26766.0,26824.3,26733.2,26761.1,7862.035
2023-06-20 09:00:00,26743.8,26807.0,26688.2,26766.1,10883.184
2023-06-20 08:00:00,26820.5,26827.2,26720.5,26743.7,10645.631
2023-06-20 07:00:00,26771.7,26830.0,26742.5,26820.4,7859.499
2023-06-20 06:00:00,26805.5,26830.5,26733.6,26771.7,17965.512
2023-06-20 05:00:00,26951.4,27024.2,26777.0,26805.5,24973.162
2023-06-20 04:00:00,26880.7,26958.4,26880.7,26951.3,7499.395
2023-06-20 03:00:00,26899.9,26960.0,26873.5,26880.7,7825.965
2023-06-20 02:00:00,26892.6,26934.7,26860.0,26899.9,10220.558
2023-06-20 01:00:00,26971.4,27177.3,26866.4,26892.7,37806.329
2023-06-20 00:00:00,26828.6,27041.7,26782.6,26971.4,23633.315
2023-06-19 23:00:00,26743.5,26844.0,26702.0,26828.5,7857.195
2023-06-19 22:00:00,26758.6,26823.0,26722.6,26743.5,9269.705
2023-06-19 21:00:00,26711.6,26761.2,26638.9,26758.5,10173.989
2023-06-19 20:00:00,26672.8,26852.8,26663.4,26711.5,30695.405
2023-06-19 19:00:00,26483.9,26695.0,26353.0,26672.8,40600.314
2023-06-19 18:00:00,26655.1,27077.0,26464.0,26483.8,98860.08
2023-06-19 17:00:00,26489.7,26700.0,26470.6,26655.0,37346.973
2023-06-19 16:00:00,26431.1,26530.0,26290.3,26489.7,23412.55
2023-06-19 15:00:00,26413.7,26447.1,26328.0,26431.1,12467.838
2023-06-19 14:00:00,26520.8,26529.8,26371.0,26413.6,18877.716
2023-06-19 13:00:00,26521.4,26569.7,26487.5,26520.7,12083.644
2023-06-19 12:00:00,26438.5,26569.7,26415.3,26521.4,22118.963
2023-06-19 11:00:00,26365.7,26439.5,26355.0,26438.6,7649.823
2023-06-19 10:00:00,26386.1,26422.4,26362.0,26365.7,5173.24
2023-06-19 09:00:00,26406.1,26423.3,26350.2,26386.2,5847.215
2023-06-19 08:00:00,26415.2,26448.7,26376.0,26406.1,6326.224
2023-06-19 07:00:00,26418.0,26430.3,26374.2,26415.3,4646.111
2023-06-19 06:00:00,26449.8,26468.5,26392.2,26418.1,4911.375
2023-06-19 05:00:00,26418.0,26459.9,26409.6,26449.8,4488.068
2023-06-19 04:00:00,26393.4,26428.2,26354.8,26418.1,5526.546
2023-06-19 03:00:00,26435.9,26445.8,26370.0,26393.5,4901.052
2023-06-19 02:00:00,26429.0,26459.0,26410.0,26436.0,5819.15
2023-06-19 01:00:00,26356.1,26442.8,26338.2,26429.0,8203.004
2023-06-19 00:00:00,26329.6,26393.4,26241.2,26356.1,13277.578
2023-06-18 23:00:00,26390.4,26456.1,26230.9,26329.7,28331.174
2023-06-18 22:00:00,26403.3,26451.5,26358.3,26390.3,8837.285
2023-06-18 21:00:00,26461.8,26479.2,26376.3,26403.2,8269.663
2023-06-18 20:00:00,26641.6,26709.4,26342.8,26461.8,35465.3
2023-06-18 19:00:00,26611.3,26647.0,26585.8,26641.6,5068.496
2023-06-18 18:00:00,26619.8,26633.1,26568.0,26611.2,4367.92
2023-06-18 17:00:00,26609.8,26649.6,26550.1,26619.8,8636.408
2023-06-18 16:00:00,26547.5,26641.6,26511.2,26609.9,14445.59
2023-06-18 15:00:00,26541.4,26557.9,26513.7,26547.5,4835.549
2023-06-18 14:00:00,26477.1,26564.3,26441.0,26541.4,9957.59
2023-06-18 13:00:00,26521.8,26542.5,26467.2,26477.0,6348.79
2023-06-18 12:00:00,26488.5,26566.0,26425.8,26521.8,12082.721
2023-06-18 11:00:00,26497.9,26499.9,26462.7,26488.5,3237.041
2023-06-18 10:00:00,26515.6,26524.0,26460.8,26497.9,6242.37
2023-06-18 09:00:00,26488.6,26530.0,26443.5,26515.6,8388.317
2023-06-18 08:00:00,26572.0,26587.9,26482.9,26488.7,9725.728
2023-06-18 07:00:00,26531.8,26675.1,26531.7,26572.0,13516.524
2023-06-18 06:00:00,26524.4,26578.2,26457.2,26531.8,7708.752
2023-06-18 05:00:00,26527.2,26642.2,26520.0,26524.3,14322.047
2023-06-18 04:00:00,26538.4,26553.5,26481.7,26527.3,5157.394
2023-06-18 03:00:00,26467.3,26540.8,26462.0,26538.4,4825.078
2023-06-18 02:00:00,26483.0,26510.0,26447.0,26467.4,4113.83
2023-06-18 01:00:00,26444.6,26488.8,26417.3,26483.0,5071.468
2023-06-18 00:00:00,26508.8,26530.0,26367.8,26444.5,13022.449
2023-06-17 23:00:00,26555.5,26564.1,26482.8,26508.9,4900.099
2023-06-17 22:00:00,26510.1,26590.0,26510.0,26555.5,6442.685
2023-06-17 21:00:00,26531.4,26537.6,26466.1,26510.1,3648.002
2023-06-17 20:00:00,26466.1,26547.2,26452.2,26531.5,6659.71
2023-06-17 19:00:00,26509.7,26513.4,26450.1,26466.2,5341.177
2023-06-17 18:00:00,26411.1,26528.4,26399.0,26509.7,8512.738
2023-06-17 17:00:00,26461.3,26481.0,26390.0,26411.1,6645.591
2023-06-17 16:00:00,26399.9,26494.6,26364.3,26461.3,11269.236
2023-06-17 15:00:00,26485.6,26533.0,26288.5,26399.9,30160.185
2023-06-17 14:00:00,26540.0,26548.9,26450.9,26485.6,9107.002
2023-06-17 13:00:00,26511.3,26571.3,26492.8,26540.0,6223.617
2023-06-17 12:00:00,26497.5,26579.1,26394.0,26511.3,19076.041
2023-06-17 11:00:00,26579.4,26598.0,26455.0,26497.5,16437.812
2023-06-17 10:00:00,26582.0,26635.6,26570.0,26579.4,6982.22
2023-06-17 09:00:00,26590.6,26631.9,26552.2,26582.0,7545.509
2023-06-17 08:00:00,26587.7,26649.0,26554.0,26590.6,12187.453
2023-06-17 07:00:00,26654.6,26666.0,26552.0,26587.6,17088.425
2023-06-17 06:00:00,26679.6,26780.7,26640.1,26654.6,26460.342
2023-06-17 05:00:00,26348.1,26900.0,26329.4,26679.4,54608.385
2023-06-17 04:00:00,26253.4,26358.8,26230.0,26348.0,9781.112
2023-06-17 03:00:00,26263.6,26280.0,26230.1,26253.4,4919.837
2023-06-17 02:00:00,26189.5,26282.0,26170.8,26263.6,10433.518
2023-06-17 01:00:00,26302.0,26327.4,26177.3,26189.4,12693.16
2023-06-17 00:00:00,26335.9,26362.2,26302.0,26302.1,8614.54
2023-06-16 23:00:00,26356.0,26376.6,26322.1,26336.0,5537.526
2023-06-16 22:00:00,26290.0,26377.8,26290.0,26356.0,7053.228
2023-06-16 21:00:00,26398.0,26408.7,26273.7,26290.0,11159.22
2023-06-16 20:00:00,26371.1,26450.0,26323.2,26397.9,13910.947
2023-06-16 19:00:00,26352.0,26407.2,26275.8,26371.2,18254.797
2023-06-16 18:00:00,26304.5,26526.9,26263.2,26352.0,67732.297
2023-06-16 17:00:00,25950.1,26323.0,25937.9,26304.6,79989.743
2023-06-16 16:00:00,25832.4,25989.0,25756.0,25950.2,50960.74
2023-06-16 15:00:00,25602.1,25896.0,25540.8,25832.4,60874.023
2023-06-16 14:00:00,25482.4,25720.0,25142.1,25602.2,60083.839
2023-06-16 13:00:00,25555.4,25622.7,25473.0,25482.4,17653.3
2023-06-16 12:00:00,25462.9,25580.0,25457.4,25555.3,13226.755
2023-06-16 11:00:00,25553.0,25559.3,25453.0,25462.8,19879.696
2023-06-16 10:00:00,25581.6,25594.9,25542.0,25553.0,6430.882
2023-06-16 09:00:00,25534.1,25610.0,25531.2,25581.6,7785.818
2023-06-16 08:00:00,25526.1,25610.0,25526.0,25534.0,9103.746
2023-06-16 07:00:00,25564.4,25611.3,25522.8,25526.1,8369.007
2023-06-16 06:00:00,25541.2,25616.0,25523.3,25564.4,9657.34
2023-06-16 05:00:00,25515.0,25566.4,25461.0,25541.2,11719.507
2023-06-16 04:00:00,25545.7,25620.0,25508.8,25515.0,10712.64
2023-06-16 03:00:00,25538.3,25596.0,25515.7,25545.7,7549.247
2023-06-16 02:00:00,25503.1,25545.0,25470.3,25538.3,6871.944
2023-06-16 01:00:00,25482.7,25568.0,25438.5,25503.0,9407.538
2023-06-16 00:00:00,25586.0,25589.1,25420.1,25482.7,19221.176
2023-06-15 23:00:00,25615.6,25625.7,25545.0,25586.1,9346.881
2023-06-15 22:00:00,25558.0,25644.0,25533.6,25615.5,15341.3
2023-06-15 21:00:00,25556.7,25750.0,25500.0,25558.0,44979.122
2023-06-15 20:00:00,25443.1,25600.0,25205.0,25556.7,43486.763
2023-06-15 19:00:00,25383.4,25516.4,25334.4,25443.0,44062.715
2023-06-15 18:00:00,25135.0,25386.0,25081.1,25383.3,39381.621
2023-06-15 17:00:00,24991.1,25161.7,24954.2,25135.0,18903.704
2023-06-15 16:00:00,24948.4,25009.0,24918.2,24991.1,10507.914
2023-06-15 15:00:00,25004.4,25026.8,24940.1,24948.4,12395.661
2023-06-15 14:00:00,25044.9,25070.0,24977.0,25004.4,13452.615
2023-06-15 13:00:00,24944.4,25100.0,24925.8,25045.0,27414.577
2023-06-15 12:00:00,25007.0,25028.1,24910.9,24944.5,17027.87
2023-06-15 11:00:00,24911.6,25042.5,24777.0,25007.0,29536.702
2023-06-15 10:00:00,24936.0,24967.7,24857.5,24911.5,12852.884
2023-06-15 09:00:00,24958.1,24996.2,24890.1,24936.0,13300.094
2023-06-15 08:00:00,24974.6,25036.9,24941.7,24958.1,12947.108
2023-06-15 07:00:00,24917.4,24996.4,24856.0,24974.6,19307.676
2023-06-15 06:00:00,25019.1,25063.4,24889.5,24917.5,18820.235
2023-06-15 05:00:00,25015.9,25044.5,24915.9,25019.0,16722.168
2023-06-15 04:00:00,25054.8,25054.8,24964.0,25015.9,12424.377
2023-06-15 03:00:00,25071.7,25085.7,25040.0,25054.8,5395.848
2023-06-15 02:00:00,25053.7,25124.7,25038.8,25071.8,7401.885
2023-06-15 01:00:00,25193.5,25195.2,25015.2,25053.7,14944.732
2023-06-15 00:00:00,25115.9,25198.8,25071.0,25193.5,14016.923
2023-06-14 23:00:00,25020.1,25128.0,24954.1,25115.9,14173.75
2023-06-14 22:00:00,25104.8,25106.1,24930.0,25020.0,21558.723
2023-06-14 21:00:00,24920.1,25179.1,24800.0,25104.8,44538.774
2023-06-14 20:00:00,25860.5,25872.9,24796.8,24920.1,145479.758
2023-06-14 19:00:00,25905.0,25970.4,25820.1,25860.5,17381.713
2023-06-14 18:00:00,26018.0,26099.3,25750.0,25905.1,63267.873
2023-06-14 17:00:00,25955.9,26040.0,25870.0,26017.9,19086.527
2023-06-14 16:00:00,25976.4,26007.0,25950.0,25955.8,5267.584
2023-06-14 15:00:00,25990.2,26013.5,25932.9,25976.4,7049.496
2023-06-14 14:00:00,25981.5,26022.2,25956.3,25990.2,8129.182
2023-06-14 13:00:00,26006.9,26017.9,25915.6,25981.5,12808.509
2023-06-14 12:00:00,25967.3,26077.0,25947.4,26006.8,13593.596
2023-06-14 11:00:00,25945.2,26022.0,25935.5,25967.2,8217.381
2023-06-14 10:00:00,25972.1,25977.3,25921.5,25945.1,5860.095
2023-06-14 09:00:00,25916.3,25983.1,25898.0,25972.1,8086.906
2023-06-14 08:00:00,25884.1,25937.5,25872.5,25916.3,6796.331
2023-06-14 07:00:00,25879.1,25911.1,25860.0,25884.1,7089.961
2023-06-14 06:00:00,25833.2,25916.5,25825.1,25879.1,6620.639
2023-06-14 05:00:00,25965.5,25975.3,25820.0,25833.2,11550.711
2023-06-14 04:00:00,25970.7,25996.4,25952.1,25965.5,4855.065
2023-06-14 03:00:00,26015.0,26022.6,25952.8,25970.7,6405.135
2023-06-14 02:00:00,26034.9,26045.8,26000.0,26015.0,5160.46
2023-06-14 01:00:00,25978.1,26041.8,25942.8,26034.9,8837.597
2023-06-14 00:00:00,25918.0,26021.5,25897.6,25978.2,12865.836
2023-06-13 23:00:00,25829.1,25924.6,25827.9,25918.0,6851.29
2023-06-13 22:00:00,25833.3,25851.1,25790.6,25829.0,4602.311
2023-06-13 21:00:00,25835.8,25872.9,25802.0,25833.2,5313.463
2023-06-13 20:00:00,25891.2,25949.7,25808.1,25835.9,11851.804
2023-06-13 19:00:00,25875.1,25921.1,25855.4,25891.2,5776.35
2023-06-13 18:00:00,25812.1,25973.0,25788.7,25875.2,16056.07
2023-06-13 17:00:00,25850.8,25887.6,25768.1,25812.1,9943.98
2023-06-13 16:00:00,25750.9,25880.0,25727.0,25850.9,17444.061
2023-06-13 15:00:00,25975.7,25975.9,25708.0,25750.9,43373.902
2023-06-13 14:00:00,26025.3,26043.9,25900.0,25975.7,25482.064
2023-06-13 13:00:00,26070.6,26136.8,25989.6,26025.4,27233.002
2023-06-13 12:00:00,26178.1,26430.5,25888.0,26070.6,88923.628
2023-06-13 11:00:00,26144.4,26200.0,26076.5,26178.1,18913.988
2023-06-13 10:00:00,26138.1,26160.9,26098.2,26144.5,6745.885
2023-06-13 09:00:00,26167.7,26197.3,26090.5,26138.1,13661.195
2023-06-13 08:00:00,26060.3,26284.7,26044.9,26167.8,27877.529
2023-06-13 07:00:00,26068.2,26103.5,26055.5,26060.2,6285.507
2023-06-13 06:00:00,26065.8,26125.0,26041.2,26068.3,7349.872
2023-06-13 05:00:00,26042.9,26109.5,26016.8,26065.8,9575.423
2023-06-13 04:00:00,26054.7,26062.1,25963.7,26042.9,10884.398
2023-06-13 03:00:00,26115.4,26134.0,26030.4,26054.6,13879.089
2023-06-13 02:00:00,25955.7,26155.5,25927.6,26115.4,21834.632
2023-06-13 01:00:00,25858.4,26049.5,25806.0,25955.7,16245.532
2023-06-13 00:00:00,25894.8,26026.0,25807.4,25858.4,18431.779
2023-06-12 23:00:00,25921.4,25927.8,25852.9,25894.8,4880.25
2023-06-12 22:00:00,25918.7,25961.0,25878.0,25921.4,7156.29
2023-06-12 21:00:00,25886.0,25933.3,25867.9,25918.6,7110.36
2023-06-12 20:00:00,25816.7,25886.0,25795.1,25886.0,6039.529
2023-06-12 19:00:00,25838.0,25842.8,25750.1,25816.8,6444.775
2023-06-12 18:00:00,25797.4,25856.2,25741.7,25838.0,8879.715
2023-06-12 17:00:00,25814.0,25962.5,25640.0,25797.5,33546.009
2023-06-12 16:00:00,25809.3,25894.0,25774.4,25814.1,11538.351
2023-06-12 15:00:00,25837.4,25856.4,25753.6,25809.3,11200.354
2023-06-12 14:00:00,25790.5,25866.9,25722.0,25837.4,17810.452
2023-06-12 13:00:00,25920.1,25921.2,25773.1,25790.5,17071.587
2023-06-12 12:00:00,25975.7,25983.2,25882.7,25920.1,9200.346
2023-06-12 11:00:00,25950.9,26018.1,25923.5,25975.7,8226.692
2023-06-12 10:00:00,25951.9,26050.0,25930.3,25950.9,12864.452
2023-06-12 09:00:00,25927.0,26097.7,25904.0,25952.0,26088.064
2023-06-12 08:00:00,25793.2,25945.0,25768.8,25927.1,13386.462
2023-06-12 07:00:00,25832.2,25851.9,25761.3,25793.3,6778.669
2023-06-12 06:00:00,25757.5,25896.0,25729.9,25832.1,10347.155
2023-06-12 05:00:00,25804.8,25811.5,25745.5,25757.5,4769.158
2023-06-12 04:00:00,25779.6,25810.3,25742.9,25804.7,8466.02
2023-06-12 03:00:00,25762.5,25838.8,25743.1,25779.6,8956.359
2023-06-12 02:00:00,25925.1,25951.0,25600.0,25762.4,32042.144
2023-06-12 01:00:00,25955.3,25991.4,25880.4,25925.1,10346.589
2023-06-12 00:00:00,25910.0,26025.1,25844.3,25955.3,15750.686
2023-06-11 23:00:00,25883.8,25928.1,25806.0,25909.9,11768.369
2023-06-11 22:00:00,26034.0,26059.3,25726.2,25883.8,28298.962
2023-06-11 21:00:00,26110.9,26128.8,25956.4,26034.0,11804.975
2023-06-11 20:00:00,26021.1,26199.0,26021.0,26110.8,22909.434
2023-06-11 19:00:00,25966.3,26100.0,25921.3,26021.0,16602.194
2023-06-11 18:00:00,25932.5,26038.3,25914.8,25966.3,14330.775
2023-06-11 17:00:00,25860.0,26079.0,25827.7,25932.6,30393.705
2023-06-11 16:00:00,25741.1,25950.0,25726.7,25859.9,24473.362
2023-06-11 15:00:00,25748.3,25769.1,25720.8,25741.2,5108.222
2023-06-11 14:00:00,25693.3,25795.4,25683.9,25748.3,9252.004
2023-06-11 13:00:00,25740.3,25767.4,25661.0,25693.2,9200.824
2023-06-11 12:00:00,25784.9,25790.0,25731.9,25740.2,5258.162
2023-06-11 11:00:00,25763.1,25839.0,25744.4,25784.9,7831.925
2023-06-11 10:00:00,25697.6,25787.4,25689.0,25763.2,6425.414
2023-06-11 09:00:00,25727.4,25765.3,25687.2,25697.6,6190.839
2023-06-11 08:00:00,25728.0,25760.3,25682.7,25727.4,5310.52
2023-06-11 07:00:00,25776.0,25789.1,25726.2,25728.0,4385.125
2023-06-11 06:00:00,25805.9,25809.8,25749.2,25776.0,5542.719
2023-06-11 05:00:00,25718.3,25820.1,25718.3,25805.8,7230.97
2023-06-11 04:00:00,25714.7,25749.9,25621.3,25718.4,14003.959
2023-06-11 03:00:00,25756.0,25759.0,25674.3,25714.7,8126.853
2023-06-11 02:00:00,25814.5,25821.2,25736.2,25756.0,6471.652
2023-06-11 01:00:00,25739.4,25850.0,25705.0,25814.5,8757.586
2023-06-11 00:00:00,25826.6,25839.9,25714.1,25739.3,9687.013
2023-06-10 23:00:00,25863.2,25883.9,25815.2,25826.6,6384.257
2023-06-10 22:00:00,25751.1,25919.5,25732.3,25863.2,11757.458
2023-06-10 21:00:00,25740.8,25819.6,25671.6,25751.1,9703.528
2023-06-10 20:00:00,25738.2,25876.7,25666.7,25740.7,18841.274
2023-06-10 19:00:00,25529.9,25741.0,25529.9,25738.2,17570.024
2023-06-10 18:00:00,26010.0,26033.1,25300.0,25529.2,67036.959
2023-06-10 17:00:00,25580.5,26144.0,25355.0,26010.0,95002.398
2023-06-10 16:00:00,25619.9,25639.5,25573.7,25580.5,8566.295
2023-06-10 15:00:00,25657.1,25671.9,25582.7,25620.0,6381.434
2023-06-10 14:00:00,25645.0,25695.6,25614.6,25657.1,9063.297
2023-06-10 13:00:00,25602.0,25657.8,25559.5,25644.9,8956.941
2023-06-10 12:00:00,25718.7,25718.7,25589.8,25601.9,11675.413
2023-06-10 11:00:00,25686.9,25729.1,25643.1,25718.7,8746.71
2023-06-10 10:00:00,25642.5,25688.8,25577.0,25686.8,8023.956
2023-06-10 09:00:00,25660.1,25672.9,25600.0,25642.5,8926.071
2023-06-10 08:00:00,25637.3,25743.9,25556.4,25660.2,19365.628
2023-06-10 07:00:00,25525.8,25733.0,25478.6,25637.2,35429.88
2023-06-10 06:00:00,25504.4,25628.8,25446.6,25525.9,32911.356
2023-06-10 05:00:00,25753.8,25795.0,25445.0,25504.6,76995.224
2023-06-10 04:00:00,26312.6,26340.1,25701.0,25753.6,93766.951
2023-06-10 03:00:00,26310.9,26359.1,26250.0,26312.6,12983.363
2023-06-10 02:00:00,26383.4,26426.9,26253.0,26310.9,17211.55
2023-06-10 01:00:00,26451.0,26525.0,26300.0,26383.4,19375.206
2023-06-10 00:00:00,26468.2,26479.2,26440.0,26451.0,4242.396
2023-06-09 23:00:00,26480.9,26486.9,26440.9,26468.1,3365.394
2023-06-09 22:00:00,26463.2,26488.0,26446.8,26480.8,3494.615
2023-06-09 21:00:00,26442.9,26490.0,26434.1,26463.1,3638.206
2023-06-09 20:00:00,26399.9,26461.8,26385.0,26442.9,7181.179
2023-06-09 19:00:00,26443.5,26487.6,26371.0,26400.0,12527.946
2023-06-09 18:00:00,26489.3,26509.1,26400.0,26443.5,8329.278
2023-06-09 17:00:00,26474.9,26509.1,26403.4,26489.3,9918.155
2023-06-09 16:00:00,26465.2,26521.1,26430.0,26475.0,14936.436
2023-06-09 15:00:00,26580.2,26624.0,26436.8,26465.1,19384.576
2023-06-09 14:00:00,26619.0,26706.8,26520.4,26580.3,22596.948
2023-06-09 13:00:00,26662.2,26775.0,26611.0,26619.0,23990.617
2023-06-09 12:00:00,26599.9,26699.9,26599.8,26662.3,12033.975
2023-06-09 11:00:00,26623.9,26638.3,26546.1,26599.8,11162.953
2023-06-09 10:00:00,26626.6,26670.0,26591.0,26623.9,9575.533
2023-06-09 09:00:00,26632.6,26679.5,26579.0,26626.5,11477.893
2023-06-09 08:00:00,26482.7,26644.0,26476.8,26632.5,17232.153
2023-06-09 07:00:00,26482.1,26489.8,26425.8,26482.7,9098.837
2023-06-09 06:00:00,26495.9,26575.5,26461.0,26482.1,10258.158
2023-06-09 05:00:00,26479.0,26524.8,26465.0,26496.0,6402.531
2023-06-09 04:00:00,26469.6,26497.0,26411.4,26479.0,7964.302
2023-06-09 03:00:00,26448.0,26492.6,26430.0,26469.5,9472.671
2023-06-09 02:00:00,26490.0,26526.4,26236.0,26448.0,28275.032
2023-06-09 01:00:00,26445.7,26589.9,26430.0,26490.0,11365.392
2023-06-09 00:00:00,26486.0,26502.8,26409.4,26445.8,10036.418
2023-06-08 23:00:00,26534.4,26544.8,26472.1,26485.9,6014.487
2023-06-08 22:00:00,26560.3,26591.2,26510.1,26534.4,4785.429
2023-06-08 21:00:00,26626.0,26636.9,26537.2,26560.3,5889.716
2023-06-08 20:00:00,26526.3,26645.7,26507.2,26626.0,10311.404
2023-06-08 19:00:00,26536.0,26555.2,26502.3,26526.3,4991.221
2023-06-08 18:00:00,26475.2,26568.3,26430.6,26535.9,10393.464
2023-06-08 17:00:00,26488.0,26506.5,26421.1,26475.2,10984.532
2023-06-08 16:00:00,26705.8,26720.7,26387.9,26488.0,30466.16
2023-06-08 15:00:00,26635.9,26800.0,26570.0,26705.9,27717.923
2023-06-08 14:00:00,26389.8,26680.0,26337.2,26635.8,40115.77
2023-06-08 13:00:00,26447.7,26465.0,26283.4,26389.9,33959.882
2023-06-08 12:00:00,26421.5,26594.9,26358.0,26447.7,25209.769
2023-06-08 11:00:00,26474.4,26494.1,26392.2,26421.4,8199.428
2023-06-08 10:00:00,26373.6,26492.2,26353.4,26474.5,8942.705
2023-06-08 09:00:00,26428.0,26432.4,26352.3,26373.6,7495.971
2023-06-08 08:00:00,26431.6,26453.7,26385.5,26428.0,7026.863
2023-06-08 07:00:00,26413.3,26516.3,26401.3,26431.5,11726.988
2023-06-08 06:00:00,26365.3,26497.7,26270.6,26413.4,16485.596
2023-06-08 05:00:00,26389.7,26427.5,26332.6,26365.4,8019.145
2023-06-08 04:00:00,26332.0,26416.1,26312.2,26389.7,8483.484
2023-06-08 03:00:00,26374.5,26374.8,26195.4,26332.0,17282.64
2023-06-08 02:00:00,26431.3,26437.6,26352.7,26374.4,6926.562
2023-06-08 01:00:00,26375.8,26459.5,26366.5,26431.2,9670.311
2023-06-08 00:00:00,26325.9,26435.8,26294.4,26375.7,12005.389
2023-06-07 23:00:00,26264.4,26355.9,26240.1,26325.9,8554.315
2023-06-07 22:00:00,26141.9,26369.7,26119.5,26264.3,20941.496
2023-06-07 21:00:00,26351.1,26450.5,26111.0,26141.9,19690.365
2023-06-07 20:00:00,26469.2,26483.5,26301.0,26351.1,14990.291
2023-06-07 19:00:00,26460.0,26519.0,26425.0,26469.2,8739.643
2023-06-07 18:00:00,26495.3,26522.8,26427.7,26460.0,9851.893
2023-06-07 17:00:00,26313.5,26548.0,26258.2,26495.4,25282.407
2023-06-07 16:00:00,26333.9,26428.2,26220.0,26313.5,36845.762
2023-06-07 15:00:00,26430.0,26672.6,26230.0,26333.9,73972.467
2023-06-07 14:00:00,26806.3,26806.3,26320.0,26430.1,73680.216
2023-06-07 13:00:00,26793.0,26856.9,26652.1,26806.2,31767.364
2023-06-07 12:00:00,26888.4,26900.0,26730.2,26793.0,23195.269
2023-06-07 11:00:00,26582.9,26968.0,26564.0,26888.3,47274.269
2023-06-07 10:00:00,26476.6,26620.0,26330.8,26582.9,46805.616
2023-06-07 09:00:00,26810.2,26810.7,26400.0,26476.5,46586.815
2023-06-07 08:00:00,26786.8,26833.5,26745.5,26810.1,10483.229
2023-06-07 07:00:00,26819.6,26892.0,26741.0,26786.7,15227.048
2023-06-07 06:00:00,26901.9,26932.3,26800.0,26819.5,9988.363
2023-06-07 05:00:00,26917.2,26973.9,26860.6,26901.9,9767.777
2023-06-07 04:00:00,26896.9,26959.0,26863.2,26917.3,12026.829
2023-06-07 03:00:00,26930.2,26961.0,26714.3,26897.0,31513.395
2023-06-07 02:00:00,27084.4,27091.3,26900.2,26930.2,29565.477
2023-06-07 01:00:00,27170.2,27212.9,27054.0,27084.3,22673.319
2023-06-07 00:00:00,27221.5,27394.4,27152.5,27170.2,30620.912
2023-06-06 23:00:00,27138.8,27358.1,27105.5,27221.5,32874.471
2023-06-06 22:00:00,27054.0,27184.0,27035.0,27138.7,13199.727
2023-06-06 21:00:00,26939.0,27088.8,26934.3,27053.9,17630.473
2023-06-06 20:00:00,27073.3,27222.0,26884.0,26939.0,50046.291
2023-06-06 19:00:00,26687.3,27238.9,26677.6,27073.2,69183.848
2023-06-06 18:00:00,26659.8,26776.2,26621.0,26687.2,26443.041
2023-06-06 17:00:00,26360.9,26780.0,26280.0,26659.8,99537.84
2023-06-06 16:00:00,26051.2,26400.0,26051.2,26360.9,54286.561
2023-06-06 15:00:00,26014.2,26139.0,25912.1,26051.2,35232.153
2023-06-06 14:00:00,25720.0,26100.0,25720.0,26014.2,83350.111
2023-06-06 13:00:00,25524.4,25774.6,25364.8,25720.0,52551.226
2023-06-06 12:00:00,25676.0,25734.3,25321.6,25524.4,81271.087
2023-06-06 11:00:00,25729.9,25740.2,25624.1,25676.0,12762.245
2023-06-06 10:00:00,25740.5,25786.3,25728.3,25730.0,6921.853
2023-06-06 09:00:00,25688.3,25777.9,25678.3,25740.4,7384.642
2023-06-06 08:00:00,25706.3,25735.9,25657.1,25688.3,10372.136
2023-06-06 07:00:00,25752.7,25796.7,25685.3,25706.4,10914.239
2023-06-06 06:00:00,25755.5,25790.0,25733.9,25752.6,7619.158
2023-06-06 05:00:00,25785.0,25809.9,25739.5,25755.4,7973.954
2023-06-06 04:00:00,25719.8,25794.0,25712.3,25785.0,6305.508
2023-06-06 03:00:00,25752.8,25754.0,25703.1,25719.8,6029.684
2023-06-06 02:00:00,25629.6,25783.2,25585.4,25752.8,13742.107
2023-06-06 01:00:00,25679.2,25687.4,25601.0,25629.6,10989.463
2023-06-06 00:00:00,25714.6,25741.7,25660.0,25679.2,14823.831
2023-06-05 23:00:00,25695.9,25850.0,25686.0,25714.7,16937.747
2023-06-05 22:00:00,25641.2,25760.7,25630.8,25695.9,13201.219
2023-06-05 21:00:00,25620.7,25668.6,25496.2,25641.2,13830.223
2023-06-05 20:00:00,25618.4,25667.2,25568.9,25620.6,16165.483
2023-06-05 19:00:00,25556.0,25623.9,25360.1,25618.5,47741.164
2023-06-05 18:00:00,25742.1,25745.9,25506.0,25556.0,31654.939
2023-06-05 17:00:00,25796.8,25798.0,25555.2,25742.2,41327.104
2023-06-05 16:00:00,25991.9,26072.2,25382.0,25796.8,148479.541
2023-06-05 15:00:00,26789.9,26798.6,25971.0,25991.9,137326.007
2023-06-05 14:00:00,26714.9,26809.9,26688.0,26789.9,20328.569
2023-06-05 13:00:00,26684.7,26755.6,26625.0,26714.8,15543.746
2023-06-05 12:00:00,26760.2,26775.3,26632.4,26684.8,16954.907
2023-06-05 11:00:00,26700.8,26783.4,26647.0,26760.1,15231.408
2023-06-05 10:00:00,26767.5,26785.0,26700.0,26700.8,12514.37
2023-06-05 09:00:00,26790.4,26817.5,26700.0,26767.5,12850.183
2023-06-05 08:00:00,26819.2,26831.2,26778.1,26790.3,7554.413
2023-06-05 07:00:00,26758.6,26820.0,26730.2,26819.2,9765.445
2023-06-05 06:00:00,26808.1,26827.0,26750.7,26758.5,10516.257
2023-06-05 05:00:00,26832.0,26832.0,26719.9,26808.0,17031.432
2023-06-05 04:00:00,26835.8,26861.4,26756.6,26832.0,15097.252
2023-06-05 03:00:00,26918.7,26918.7,26755.0,26835.9,30550.25
2023-06-05 02:00:00,27038.2,27069.9,26846.4,26918.8,16970.131
2023-06-05 01:00:00,27018.7,27050.8,26935.0,27038.2,12225.089
2023-06-05 00:00:00,27102.4,27125.0,26959.7,27018.7,20705.669
2023-06-04 23:00:00,27221.1,27317.5,27026.0,27102.4,27943.144
2023-06-04 22:00:00,27185.3,27460.0,27179.6,27221.1,43920.324
2023-06-04 21:00:00,27233.2,27275.5,27175.9,27185.3,5773.201
2023-06-04 20:00:00,27205.0,27264.5,27194.8,27233.2,6072.478
2023-06-04 19:00:00,27189.0,27218.0,27180.2,27205.0,2937.205
2023-06-04 18:00:00,27169.2,27202.0,27168.2,27189.0,3669.599
2023-06-04 17:00:00,27163.3,27204.6,27157.2,27169.3,4429.365
2023-06-04 16:00:00,27167.0,27191.9,27150.0,27163.4,6720.305
2023-06-04 15:00:00,27222.1,27236.9,27164.9,27166.9,7114.232
2023-06-04 14:00:00,27231.4,27254.9,27155.0,27222.1,13514.353
2023-06-04 13:00:00,27199.5,27290.0,27192.5,27231.3,10758.108
2023-06-04 12:00:00,27190.8,27208.5,27150.0,27199.5,6858.956
2023-06-04 11:00:00,27209.5,27231.8,27162.0,27190.9,6159.707
2023-06-04 10:00:00,27206.0,27221.8,27177.0,27209.5,5572.976
2023-06-04 09:00:00,27144.9,27245.0,27141.9,27206.0,12302.898
2023-06-04 08:00:00,27141.0,27154.0,27110.0,27144.9,5631.884
2023-06-04 07:00:00,27119.1,27154.0,27114.4,27141.0,9638.19
2023-06-04 06:00:00,27032.6,27132.0,27030.1,27119.1,8176.948
2023-06-04 05:00:00,27045.8,27047.8,27015.0,27032.6,2437.79
2023-06-04 04:00:00,27048.3,27074.5,27028.5,27045.8,3364.791
2023-06-04 03:00:00,27080.8,27080.8,27031.2,27048.4,4346.706
2023-06-04 02:00:00,27029.2,27098.7,27022.4,27080.7,5802.492
2023-06-04 01:00:00,26999.9,27075.0,26935.3,27029.2,8846.616
2023-06-04 00:00:00,27054.9,27058.5,26991.9,26999.9,6279.276
2023-06-03 23:00:00,27060.4,27077.5,27033.6,27054.9,3942.507
2023-06-03 22:00:00,26990.0,27071.4,26989.8,27060.4,6355.09
2023-06-03 21:00:00,27052.8,27069.3,26900.0,26990.0,18405.196
2023-06-03 20:00:00,27084.9,27119.5,27042.0,27052.7,7760.747
2023-06-03 19:00:00,27138.9,27153.6,27000.0,27084.9,15389.644
2023-06-03 18:00:00,27147.7,27173.7,27113.9,27138.8,6229.878
2023-06-03 17:00:00,27239.4,27246.4,27101.0,27147.6,15130.376
2023-06-03 16:00:00,27292.8,27312.0,27211.8,27239.5,14064.686
2023-06-03 15:00:00,27158.2,27340.2,27110.0,27292.7,23622.539
2023-06-03 14:00:00,27157.2,27184.9,27154.1,27158.1,4053.64
2023-06-03 13:00:00,27152.9,27176.3,27134.0,27157.1,4298.261
2023-06-03 12:00:00,27121.0,27164.6,27115.9,27152.9,3802.681
2023-06-03 11:00:00,27127.1,27163.6,27108.1,27121.0,3649.443
2023-06-03 10:00:00,27144.2,27173.8,27100.0,27127.1,5618.542
2023-06-03 09:00:00,27134.2,27146.1,27113.2,27144.3,3803.022
2023-06-03 08:00:00,27161.4,27173.2,27130.9,27134.3,3589.533
2023-06-03 07:00:00,27169.4,27188.0,27149.7,27161.3,3612.628
2023-06-03 06:00:00,27149.0,27209.2,27148.9,27169.4,5293.995
2023-06-03 05:00:00,27151.1,27160.4,27120.1,27149.0,3551.649
2023-06-03 04:00:00,27130.9,27157.9,27098.0,27151.1,5231.42
2023-06-03 03:00:00,27138.5,27164.0,27118.0,27130.9,3180.738
2023-06-03 02:00:00,27122.9,27162.9,27118.0,27138.5,4165.362
2023-06-03 01:00:00,27156.9,27176.7,27077.0,27123.0,9085.166
2023-06-03 00:00:00,27227.8,27230.4,27139.3,27156.9,8627.357
2023-06-02 23:00:00,27253.7,27261.9,27214.9,27227.8,5162.677
2023-06-02 22:00:00,27189.9,27290.0,27181.3,27253.6,7455.346
2023-06-02 21:00:00,27159.4,27235.8,27132.0,27190.0,7451.957
2023-06-02 20:00:00,27231.5,27265.9,27159.3,27159.3,9943.052
2023-06-02 19:00:00,27183.2,27279.0,27114.8,27231.6,22673.073
2023-06-02 18:00:00,27045.1,27185.0,26985.1,27183.2,15366.31
2023-06-02 17:00:00,27047.5,27086.1,27009.0,27045.1,6761.855
2023-06-02 16:00:00,27081.3,27111.1,27017.7,27047.6,12471.296
2023-06-02 15:00:00,26952.0,27098.9,26949.5,27081.3,15579.665
2023-06-02 14:00:00,26896.4,26977.0,26875.0,26952.0,20518.727
2023-06-02 13:00:00,27084.6,27126.0,26840.5,26896.4,38723.403
2023-06-02 12:00:00,27118.5,27249.3,26978.0,27084.6,45720.244
2023-06-02 11:00:00,27090.0,27162.4,27057.0,27118.5,9551.025
2023-06-02 10:00:00,27074.5,27096.0,27051.1,27090.0,5695.203
2023-06-02 09:00:00,27159.9,27181.1,27054.9,27074.6,10895.817
2023-06-02 08:00:00,27038.3,27168.0,27038.3,27159.9,10050.855
2023-06-02 07:00:00,27061.0,27108.2,27033.0,27038.3,10460.263
2023-06-02 06:00:00,27140.2,27156.1,27055.4,27061.0,12561.95
2023-06-02 05:00:00,27051.8,27200.0,27048.3,27140.3,18534.424
2023-06-02 04:00:00,26985.2,27116.1,26937.3,27051.7,20075.976
2023-06-02 03:00:00,26950.8,27015.5,26917.2,26985.1,9039.966
2023-06-02 02:00:00,26805.6,26978.7,26800.2,26950.8,18602.016
2023-06-02 01:00:00,26780.0,26842.0,26703.1,26805.7,15043.775
2023-06-02 00:00:00,26805.3,26815.8,26477.6,26779.9,42771.218
2023-06-01 23:00:00,26869.5,26875.8,26697.1,26805.3,13490.624
2023-06-01 22:00:00,26881.4,26894.7,26834.3,26869.5,5921.792
2023-06-01 21:00:00,26850.5,26934.0,26849.0,26881.4,7588.041
2023-06-01 20:00:00,26851.6,26916.7,26812.5,26850.4,10327.055
2023-06-01 19:00:00,26960.4,26977.6,26635.0,26851.6,32300.897
2023-06-01 18:00:00,26947.9,27043.3,26929.1,26960.5,11107.724
2023-06-01 17:00:00,27080.8,27130.0,26908.0,26947.9,30525.759
2023-06-01 16:00:00,26884.2,27180.0,26780.0,27080.9,37865.362
2023-06-01 15:00:00,26887.9,26939.9,26844.2,26884.2,9506.636
2023-06-01 14:00:00,26881.8,26974.0,26817.6,26887.8,18027.068
2023-06-01 13:00:00,26929.8,26955.1,26855.0,26881.7,11831.226
2023-06-01 12:00:00,26881.6,26960.0,26773.2,26929.9,19662.691
2023-06-01 11:00:00,26845.0,26898.2,26830.6,26881.7,6696.208
2023-06-01 10:00:00,26896.9,26925.9,26845.0,26845.0,8257.03
2023-06-01 09:00:00,26902.9,26945.4,26885.6,26896.9,11279.054
2023-06-01 08:00:00,26790.1,26917.0,26776.7,26902.9,10031.13
2023-06-01 07:00:00,26777.6,26856.0,26753.1,26790.2,10103.295
2023-06-01 06:00:00,26843.0,26876.6,26762.0,26777.6,11210.559
2023-06-01 05:00:00,26797.1,26858.7,26771.8,26842.9,8112.848
2023-06-01 04:00:00,26768.6,26813.6,26742.0,26797.2,9880.984
2023-06-01 03:00:00,26705.0,26829.0,26600.0,26768.6,27103.266
2023-06-01 02:00:00,27065.5,27106.5,26621.3,26705.1,42682.679
2023-06-01 01:00:00,27059.8,27155.7,27045.7,27065.5,17636.075
2023-06-01 00:00:00,27201.1,27347.9,27008.1,27059.8,33639.569
2023-05-31 23:00:00,27170.0,27290.0,27140.8,27201.1,16573.762
2023-05-31 22:00:00,27081.9,27183.4,27068.9,27170.0,10255.213
2023-05-31 21:00:00,27096.9,27108.8,27030.3,27081.9,5248.193
2023-05-31 20:00:00,26999.5,27106.2,26992.0,27096.9,8568.793
2023-05-31 19:00:00,27027.8,27121.1,26981.5,26999.5,12017.111
2023-05-31 18:00:00,27044.4,27086.7,27006.1,27027.7,10554.941
2023-05-31 17:00:00,26928.7,27077.0,26902.5,27044.3,17181.927
2023-05-31 16:00:00,26900.0,26972.9,26826.0,26928.7,18949.974
2023-05-31 15:00:00,27022.9,27059.0,26856.5,26900.1,22340.626
2023-05-31 14:00:00,27103.9,27107.9,26835.5,27023.0,62223.93
2023-05-31 13:00:00,27064.1,27219.6,27050.0,27104.0,24536.325
2023-05-31 12:00:00,27087.9,27110.1,27051.9,27064.2,10386.393
2023-05-31 11:00:00,27048.4,27123.1,26980.0,27087.9,18595.193
2023-05-31 10:00:00,27120.1,27131.5,27027.1,27048.4,10442.889
2023-05-31 09:00:00,27126.0,27151.7,27033.0,27120.1,15035.516
2023-05-31 08:00:00,27150.4,27198.0,27095.0,27126.1,12655.064
2023-05-31 07:00:00,27150.0,27194.9,27103.8,27150.4,11167.445
2023-05-31 06:00:00,27080.4,27179.7,26942.0,27150.0,30817.35
2023-05-31 05:00:00,27243.4,27264.8,27006.4,27080.5,64328.766
2023-05-31 04:00:00,27646.5,27668.7,27222.0,27243.5,50462.742
2023-05-31 03:00:00,27663.3,27683.5,27581.1,27646.5,7661.63
2023-05-31 02:00:00,27726.6,27726.7,27550.0,27663.3,17606.155
2023-05-31 01:00:00,27745.0,27825.0,27723.7,27726.7,8107.131
2023-05-31 00:00:00,27680.0,27748.6,27648.0,27745.1,5664.821
2023-05-30 23:00:00,27723.7,27732.2,27662.1,27680.1,4495.959
2023-05-30 22:00:00,27710.0,27749.5,27636.0,27723.8,6687.541
2023-05-30 21:00:00,27745.7,27832.7,27637.4,27710.1,10281.328
2023-05-30 20:00:00,27836.4,27846.0,27734.4,27745.7,7769.085
2023-05-30 19:00:00,27750.2,27849.8,27738.1,27836.4,11039.391
2023-05-30 18:00:00,27684.4,27790.0,27650.3,27750.3,11393.494
2023-05-30 17:00:00,27696.9,27765.8,27610.8,27684.3,12260.953
2023-05-30 16:00:00,27665.0,27731.5,27530.0,27696.9,22231.763
2023-05-30 15:00:00,27609.5,27728.6,27602.0,27665.0,19738.14
2023-05-30 14:00:00,27787.9,27852.4,27607.1,27609.5,33304.677
2023-05-30 13:00:00,27887.1,27957.6,27740.0,27788.0,25113.314
2023-05-30 12:00:00,28005.8,28014.9,27772.5,27887.1,24371.235
2023-05-30 11:00:00,27887.0,28028.8,27839.7,28005.9,17925.79
2023-05-30 10:00:00,27840.1,28038.6,27840.1,27887.0,27063.579
2023-05-30 09:00:00,27770.0,27887.0,27769.9,27840.0,10260.768
2023-05-30 08:00:00,27721.1,27804.5,27697.1,27769.9,8104.849
2023-05-30 07:00:00,27785.0,27839.3,27715.1,27721.0,10486.284
2023-05-30 06:00:00,27741.8,27817.8,27737.0,27785.0,7326.299
2023-05-30 05:00:00,27767.0,27768.4,27659.3,27741.7,11485.078
2023-05-30 04:00:00,27815.0,27837.2,27751.4,27767.0,7093.475
2023-05-30 03:00:00,27770.1,27933.0,27759.5,27815.0,17402.652
2023-05-30 02:00:00,27756.4,27785.0,27708.1,27770.0,6293.376
2023-05-30 01:00:00,27701.3,27789.3,27685.2,27756.3,8952.409
2023-05-30 00:00:00,27722.1,27761.6,27569.3,27701.3,13297.874
2023-05-29 23:00:00,27678.7,27803.5,27669.9,27722.0,15676.183
2023-05-29 22:00:00,27653.5,27686.5,27533.8,27678.7,14044.95
2023-05-29 21:00:00,27670.1,27710.0,27630.3,27653.4,6189.57
2023-05-29 20:00:00,27624.1,27689.5,27613.3,27670.1,5666.413
2023-05-29 19:00:00,27629.9,27689.6,27610.8,27624.0,7247.563
2023-05-29 18:00:00,27682.1,27710.0,27593.1,27630.0,12093.284
2023-05-29 17:00:00,27593.6,27734.4,27513.5,27682.0,24950.988
2023-05-29 16:00:00,27622.0,27670.0,27530.0,27593.6,30923.809
2023-05-29 15:00:00,27781.9,27838.8,27570.6,27622.1,41941.341
2023-05-29 14:00:00,27892.8,27927.0,27651.0,27782.0,22506.672
2023-05-29 13:00:00,27870.9,27936.0,27850.0,27892.8,8754.933
2023-05-29 12:00:00,27908.1,27945.4,27850.3,27871.0,8023.625
2023-05-29 11:00:00,27852.9,27933.0,27832.5,27908.1,9341.468
2023-05-29 10:00:00,27932.6,27966.7,27730.0,27852.9,22781.611
2023-05-29 09:00:00,27892.6,27936.1,27846.4,27932.6,7147.686
2023-05-29 08:00:00,27895.0,27938.2,27834.8,27892.6,9705.537
2023-05-29 07:00:00,28000.0,28000.0,27822.7,27895.0,14710.837
2023-05-29 06:00:00,27983.3,28032.4,27975.0,28000.0,6338.417
2023-05-29 05:00:00,27944.7,28040.0,27929.8,27983.3,16509.049
2023-05-29 04:00:00,27948.0,27999.7,27845.9,27944.7,23148.976
2023-05-29 03:00:00,28085.4,28128.5,27904.0,27947.9,20906.858
2023-05-29 02:00:00,28160.0,28169.9,28080.6,28085.4,10903.523
2023-05-29 01:00:00,28188.6,28213.4,28124.3,28160.0,14222.606
2023-05-29 00:00:00,28055.8,28442.0,28055.7,28188.6,57554.65
2023-05-28 23:00:00,28079.4,28252.8,28042.3,28055.7,30391.278
2023-05-28 22:00:00,27828.5,28182.5,27828.5,28079.4,48787.337
2023-05-28 21:00:00,27546.1,27989.9,27539.3,27828.5,29688.098
2023-05-28 20:00:00,27518.5,27586.6,27515.1,27546.1,7614.248
2023-05-28 19:00:00,27577.3,27617.9,27464.6,27518.4,15846.368
2023-05-28 18:00:00,27338.1,27780.0,27302.5,27577.4,61467.502
2023-05-28 17:00:00,27242.9,27449.5,27200.1,27338.1,20332.517
2023-05-28 16:00:00,27264.1,27327.7,27211.8,27242.9,15646.507
2023-05-28 15:00:00,27178.2,27266.0,27160.5,27264.1,9346.196
2023-05-28 14:00:00,27173.2,27233.0,27167.3,27178.2,6800.764
2023-05-28 13:00:00,27132.8,27220.0,27130.2,27173.2,9632.334
2023-05-28 12:00:00,27145.9,27178.0,27081.7,27132.9,11768.6
2023-05-28 11:00:00,27203.8,27387.0,27138.1,27146.0,23457.858
2023-05-28 10:00:00,27148.2,27213.0,27135.2,27203.9,5691.319
2023-05-28 09:00:00,27188.8,27190.2,27127.8,27148.2,5795.146
2023-05-28 08:00:00,27219.0,27236.0,27163.9,27188.7,7225.929
2023-05-28 07:00:00,27175.5,27219.0,27170.9,27218.9,5598.419
2023-05-28 06:00:00,27154.3,27215.0,27154.2,27175.6,7820.2
2023-05-28 05:00:00,27157.0,27177.1,27113.4,27154.3,10622.697
2023-05-28 04:00:00,27174.5,27279.0,27154.6,27157.0,16797.557
2023-05-28 03:00:00,27089.4,27240.5,27089.4,27174.4,19479.49
2023-05-28 02:00:00,27080.1,27108.8,27058.5,27089.4,7952.622
2023-05-28 01:00:00,27063.4,27162.0,27054.8,27080.1,28031.452
2023-05-28 00:00:00,26841.6,27110.6,26746.0,27063.3,34320.956
2023-05-27 23:00:00,26790.8,26890.0,26790.7,26841.6,8151.503
2023-05-27 22:00:00,26759.5,26828.3,26748.8,26790.7,6536.75
2023-05-27 21:00:00,26744.0,26768.9,26720.5,26759.4,3512.996
2023-05-27 20:00:00,26721.7,26744.0,26714.5,26744.0,3745.703
2023-05-27 19:00:00,26689.5,26758.9,26689.5,26721.6,5607.956
2023-05-27 18:00:00,26750.1,26845.8,26686.9,26689.6,17238.311
2023-05-27 17:00:00,26654.1,26757.2,26648.4,26750.0,9620.154
2023-05-27 16:00:00,26682.2,26688.5,26605.0,26654.1,5792.661
2023-05-27 15:00:00,26658.8,26683.6,26620.0,26682.1,6070.735
2023-05-27 14:00:00,26617.8,26720.0,26592.9,26658.8,15945.942
2023-05-27 13:00:00,26699.9,26774.9,26528.6,26617.8,18422.121
2023-05-27 12:00:00,26687.6,26738.9,26660.9,26700.0,6642.16
2023-05-27 11:00:00,26669.5,26709.4,26655.1,26687.7,4119.695
2023-05-27 10:00:00,26686.6,26707.6,26655.6,26669.5,5094.051
2023-05-27 09:00:00,26677.1,26726.2,26673.0,26686.5,5245.36
2023-05-27 08:00:00,26715.2,26715.3,26664.5,26677.1,5404.073
2023-05-27 07:00:00,26736.2,26736.2,26696.1,26715.3,3120.858
2023-05-27 06:00:00,26714.9,26750.0,26695.2,26736.2,4342.313
2023-05-27 05:00:00,26746.7,26753.5,26709.8,26714.9,3212.489
2023-05-27 04:00:00,26739.6,26776.4,26713.4,26746.6,4422.048
2023-05-27 03:00:00,26735.0,26775.8,26699.1,26739.5,5372.457
2023-05-27 02:00:00,26705.9,26735.0,26676.5,26734.9,5022.049
2023-05-27 01:00:00,26644.1,26705.9,26633.0,26705.8,4507.715
2023-05-27 00:00:00,26689.8,26704.9,26621.0,26644.0,6531.835
2023-05-26 23:00:00,26670.1,26719.5,26670.0,26689.9,3894.599
2023-05-26 22:00:00,26711.3,26747.4,26670.0,26670.0,4305.939
2023-05-26 21:00:00,26735.5,26775.0,26708.5,26711.4,4548.471
2023-05-26 20:00:00,26755.3,26796.6,26723.1,26735.5,5940.379
2023-05-26 19:00:00,26717.6,26816.5,26717.6,26755.2,10769.979
2023-05-26 18:00:00,26707.1,26746.4,26601.0,26717.6,20467.04
2023-05-26 17:00:00,26778.2,26829.0,26670.0,26707.1,17449.799
2023-05-26 16:00:00,26737.5,26820.0,26731.0,26778.1,12824.265
2023-05-26 15:00:00,26746.6,26828.6,26727.0,26737.5,19171.029
2023-05-26 14:00:00,26529.9,26925.0,26529.9,26746.6,75664.378
2023-05-26 13:00:00,26430.7,26584.3,26430.7,26529.9,23826.656
2023-05-26 12:00:00,26451.8,26520.0,26342.9,26430.7,19112.506
2023-05-26 11:00:00,26443.1,26499.3,26421.5,26451.9,7140.541
2023-05-26 10:00:00,26437.8,26479.8,26411.0,26443.2,5125.643
2023-05-26 09:00:00,26461.6,26468.8,26414.6,26437.9,7813.771
2023-05-26 08:00:00,26491.2,26547.3,26455.0,26461.6,12859.664
2023-05-26 07:00:00,26424.0,26527.8,26404.2,26491.3,13433.851
2023-05-26 06:00:00,26340.0,26436.4,26313.9,26424.1,8674.191
2023-05-26 05:00:00,26420.1,26423.9,26320.1,26340.0,8959.9
2023-05-26 04:00:00,26425.7,26440.0,26397.2,26420.0,3912.976
2023-05-26 03:00:00,26392.3,26466.0,26384.7,26425.7,4930.986
2023-05-26 02:00:00,26403.7,26434.1,26370.0,26392.3,5377.647
2023-05-26 01:00:00,26460.9,26532.0,26324.2,26403.6,17435.308
2023-05-26 00:00:00,26461.7,26496.1,26363.2,26461.0,10836.028
2023-05-25 23:00:00,26445.4,26545.8,26439.6,26461.8,10364.828
2023-05-25 22:00:00,26465.9,26470.1,26420.6,26445.5,4546.437
2023-05-25 21:00:00,26476.0,26476.0,26422.7,26465.9,5964.962
2023-05-25 20:00:00,26458.0,26514.6,26447.0,26475.9,7585.032
2023-05-25 19:00:00,26367.8,26644.0,26356.7,26457.9,38031.014
2023-05-25 18:00:00,26342.5,26400.0,26320.0,26367.9,12603.489
2023-05-25 17:00:00,26262.5,26388.0,26233.6,26342.6,14107.833
2023-05-25 16:00:00,26216.9,26315.3,26193.5,26262.6,15332.274
2023-05-25 15:00:00,26357.8,26382.8,26151.4,26216.9,25209.85
2023-05-25 14:00:00,26327.0,26419.0,26274.9,26357.9,20931.513
2023-05-25 13:00:00,26392.0,26424.7,26260.0,26327.0,24193.233
2023-05-25 12:00:00,26282.5,26489.5,26282.4,26392.0,39861.51
2023-05-25 11:00:00,26238.1,26345.3,26189.2,26282.5,12119.77
2023-05-25 10:00:00,26271.3,26300.0,26195.4,26238.0,8668.985
2023-05-25 09:00:00,26211.7,26276.5,26208.9,26271.4,7402.206
2023-05-25 08:00:00,26118.9,26243.4,26107.8,26211.8,12093.092
2023-05-25 07:00:00,26253.2,26258.8,26111.0,26118.9,13852.11
2023-05-25 06:00:00,26251.2,26289.0,26206.8,26253.2,8313.565
2023-05-25 05:00:00,26212.8,26268.3,26203.8,26251.1,7197.124
2023-05-25 04:00:00,26171.1,26267.7,26143.3,26212.9,11159.115
2023-05-25 03:00:00,26114.3,26219.5,26114.2,26171.0,13565.8
2023-05-25 02:00:00,26115.6,26140.6,26040.0,26114.3,10675.735
2023-05-25 01:00:00,26228.2,26307.0,25850.0,26115.7,53859.777
2023-05-25 00:00:00,26313.9,26384.5,26178.0,26228.3,16842.841
2023-05-24 23:00:00,26337.3,26378.7,26306.5,26313.8,4649.011
2023-05-24 22:00:00,26356.2,26395.8,26298.0,26337.2,6283.536
2023-05-24 21:00:00,26390.9,26457.3,26301.0,26356.2,9805.956
2023-05-24 20:00:00,26241.6,26476.0,26228.2,26391.0,29826.838
2023-05-24 19:00:00,26207.6,26387.3,26188.1,26241.6,17952.41
2023-05-24 18:00:00,26270.7,26317.5,26195.6,26207.6,12260.261
2023-05-24 17:00:00,26230.0,26348.7,26154.7,26270.7,18591.876
2023-05-24 16:00:00,26306.9,26318.2,26145.4,26230.0,21163.951
2023-05-24 15:00:00,26247.6,26369.0,26060.0,26306.9,58059.727
2023-05-24 14:00:00,26432.0,26432.0,26129.3,26247.6,57979.148
2023-05-24 13:00:00,26681.1,26696.2,26224.0,26432.0,62622.18
2023-05-24 12:00:00,26731.7,26731.7,26642.0,26681.2,11179.707
2023-05-24 11:00:00,26715.2,26757.0,26666.0,26731.7,10848.044
2023-05-24 10:00:00,26736.5,26751.3,26696.4,26715.3,7681.794
2023-05-24 09:00:00,26737.7,26834.0,26721.1,26736.4,17129.539
2023-05-24 08:00:00,26664.2,26744.2,26650.0,26737.7,11696.935
2023-05-24 07:00:00,26700.0,26749.5,26626.6,26664.2,17897.403
2023-05-24 06:00:00,26762.3,26762.3,26566.5,26699.9,18666.87
2023-05-24 05:00:00,26791.3,26810.0,26708.4,26762.3,14689.433
2023-05-24 04:00:00,26770.0,26798.0,26689.2,26791.3,20917.546
2023-05-24 03:00:00,27153.2,27156.9,26644.2,26770.0,84456.532
2023-05-24 02:00:00,27125.6,27165.1,27096.9,27153.2,5415.947
2023-05-24 01:00:00,27145.7,27178.0,27121.3,27125.6,6785.151
2023-05-24 00:00:00,27209.9,27212.9,27113.0,27145.8,8631.882
2023-05-23 23:00:00,27189.0,27244.0,27184.3,27209.9,4267.749
2023-05-23 22:00:00,27187.2,27214.0,27164.4,27189.1,4933.794
2023-05-23 21:00:00,27206.0,27233.2,27172.3,27187.3,4745.479
2023-05-23 20:00:00,27171.7,27237.6,27139.0,27206.1,7420.397
2023-05-23 19:00:00,27130.3,27213.6,27080.0,27171.6,12677.532
2023-05-23 18:00:00,27193.1,27216.5,27110.4,27130.3,17377.894
2023-05-23 17:00:00,27219.3,27266.3,27172.8,27193.1,11355.737
2023-05-23 16:00:00,27310.8,27319.4,27180.8,27219.3,14281.831
2023-05-23 15:00:00,27310.8,27354.3,27278.4,27310.7,8295.083
2023-05-23 14:00:00,27229.7,27357.0,27222.3,27310.8,16429.789
2023-05-23 13:00:00,27271.8,27300.0,27159.3,27229.8,20548.376
2023-05-23 12:00:00,27327.0,27383.0,27225.0,27271.8,18229.257
2023-05-23 11:00:00,27323.0,27344.0,27272.1,27326.9,8568.342
2023-05-23 10:00:00,27262.0,27336.0,27243.2,27323.0,7613.56
2023-05-23 09:00:00,27323.0,27329.6,27260.0,27262.0,6670.709
2023-05-23 08:00:00,27295.8,27330.0,27245.4,27322.9,9842.766
2023-05-23 07:00:00,27284.5,27319.9,27202.2,27295.8,16682.588
2023-05-23 06:00:00,27375.0,27418.2,27278.0,27284.4,20050.277
2023-05-23 05:00:00,27372.8,27527.5,27352.3,27375.0,25042.444
2023-05-23 04:00:00,27354.7,27428.7,27333.0,27372.7,22034.019
2023-05-23 03:00:00,27119.3,27430.0,27103.1,27354.6,52632.421
2023-05-23 02:00:00,26982.2,27180.0,26982.2,27119.3,17275.086
2023-05-23 01:00:00,26815.4,27110.0,26791.3,26982.2,32292.912
2023-05-23 00:00:00,26840.2,26932.1,26782.6,26815.5,9908.576
2023-05-22 23:00:00,26857.4,26871.8,26818.0,26840.2,4757.339
2023-05-22 22:00:00,26892.8,26905.0,26857.4,26857.5,2968.044
2023-05-22 21:00:00,26879.7,26955.9,26867.2,26892.8,6548.521
2023-05-22 20:00:00,26857.0,26927.6,26819.4,26879.7,5259.515
2023-05-22 19:00:00,26873.6,26882.5,26810.3,26857.0,6671.463
2023-05-22 18:00:00,26842.8,26927.6,26832.6,26873.6,9330.704
2023-05-22 17:00:00,26862.5,26890.0,26765.0,26842.7,14361.131
2023-05-22 16:00:00,26863.3,26917.8,26820.6,26862.5,10674.959
2023-05-22 15:00:00,26945.9,26968.0,26801.0,26863.2,16969.104
2023-05-22 14:00:00,26995.3,27035.0,26763.2,26945.8,46035.168
2023-05-22 13:00:00,26718.0,27097.8,26690.0,26995.3,53755.096
2023-05-22 12:00:00,26819.9,26860.0,26715.9,26718.0,13133.715
2023-05-22 11:00:00,26820.9,26825.7,26750.0,26819.9,7932.162
2023-05-22 10:00:00,26848.4,26866.6,26780.2,26820.9,7932.317
2023-05-22 09:00:00,26810.3,26878.3,26810.3,26848.5,6925.919
2023-05-22 08:00:00,26830.8,26892.4,26810.0,26810.3,8322.903
2023-05-22 07:00:00,26809.7,26863.8,26781.0,26830.7,8183.858
2023-05-22 06:00:00,26743.1,26898.9,26740.0,26809.7,19437.077
2023-05-22 05:00:00,26680.6,26790.0,26680.5,26743.0,10562.769
2023-05-22 04:00:00,26637.7,26718.0,26630.4,26680.6,7934.763
2023-05-22 03:00:00,26640.6,26668.5,26620.8,26637.7,5102.221
2023-05-22 02:00:00,26573.0,26657.9,26518.5,26640.7,12039.882
2023-05-22 01:00:00,26641.7,26676.0,26543.7,26573.1,16676.421
2023-05-22 00:00:00,26732.8,26772.4,26500.0,26641.8,26515.469
2023-05-21 23:00:00,26740.0,26793.0,26707.0,26732.8,5736.793
2023-05-21 22:00:00,26735.2,26784.1,26717.2,26740.0,5482.327
2023-05-21 21:00:00,26828.8,26835.7,26642.0,26735.3,24592.985
2023-05-21 20:00:00,26889.1,26915.0,26801.5,26828.7,6158.17
2023-05-21 19:00:00,26860.0,26904.8,26850.1,26889.2,3147.773
2023-05-21 18:00:00,26857.7,26887.0,26831.5,26860.0,4581.765
2023-05-21 17:00:00,26874.0,26928.0,26817.0,26857.7,8402.077
2023-05-21 16:00:00,26885.1,26905.0,26840.0,26874.0,8289.93
2023-05-21 15:00:00,26887.9,26969.6,26796.0,26885.0,15114.038
2023-05-21 14:00:00,26880.1,26966.3,26865.4,26887.9,10431.672
2023-05-21 13:00:00,26917.2,26928.7,26872.1,26880.2,6943.737
2023-05-21 12:00:00,26818.0,26940.0,26788.0,26917.2,17912.246
2023-05-21 11:00:00,26946.8,26946.8,26750.0,26818.1,28554.157
2023-05-21 10:00:00,27068.1,27077.7,26842.0,26946.7,20675.377
2023-05-21 09:00:00,27035.9,27069.9,27015.5,27068.2,5019.354
2023-05-21 08:00:00,27044.6,27064.0,27013.4,27035.8,5660.648
2023-05-21 07:00:00,27071.8,27076.0,27031.0,27044.5,5287.346
2023-05-21 06:00:00,27086.7,27094.9,27050.0,27071.7,6244.606
2023-05-21 05:00:00,27115.4,27129.9,27074.9,27086.8,7408.743
2023-05-21 04:00:00,27166.4,27166.5,27100.0,27115.4,5015.045
2023-05-21 03:00:00,27158.8,27179.6,27144.2,27166.5,3535.951
2023-05-21 02:00:00,27149.2,27175.5,27135.5,27158.7,5233.128
2023-05-21 01:00:00,27229.0,27249.1,27140.0,27149.2,10432.285
2023-05-21 00:00:00,27089.6,27288.0,27050.0,27228.9,18916.272
2023-05-20 23:00:00,27054.8,27129.9,27031.0,27089.5,5662.275
2023-05-20 22:00:00,27023.8,27058.7,26996.5,27054.9,3082.989
2023-05-20 21:00:00,27002.2,27043.6,26952.8,27023.8,6951.087
2023-05-20 20:00:00,27054.3,27085.0,26991.2,27002.2,5554.808
2023-05-20 19:00:00,27019.0,27066.0,26960.0,27054.3,11815.087
2023-05-20 18:00:00,27129.9,27143.5,27011.0,27019.0,16834.01
2023-05-20 17:00:00,26906.5,27144.4,26903.3,27130.0,19460.154
2023-05-20 16:00:00,26936.0,26940.0,26900.1,26906.4,3924.449
2023-05-20 15:00:00,26906.0,26969.8,26874.7,26936.0,9320.507
2023-05-20 14:00:00,26878.9,26910.0,26874.1,26905.9,4031.319
2023-05-20 13:00:00,26882.9,26906.0,26857.1,26878.9,4600.991
2023-05-20 12:00:00,26868.5,26938.9,26868.5,26882.9,7591.621
2023-05-20 11:00:00,26875.9,26892.0,26859.9,26868.6,2848.244
2023-05-20 10:00:00,26871.9,26890.4,26858.9,26876.0,2587.441
2023-05-20 09:00:00,26894.5,26903.1,26855.3,26871.8,4245.107
2023-05-20 08:00:00,26841.9,26911.0,26841.8,26894.5,5534.689
2023-05-20 07:00:00,26840.6,26845.0,26825.2,26841.8,2085.99
2023-05-20 06:00:00,26853.8,26859.0,26827.2,26840.6,2416.88
2023-05-20 05:00:00,26862.1,26862.1,26824.8,26853.7,2731.797
2023-05-20 04:00:00,26849.2,26862.1,26835.3,26862.0,2303.03
2023-05-20 03:00:00,26826.4,26864.9,26826.4,26849.2,2501.985
2023-05-20 02:00:00,26849.9,26861.6,26821.0,26826.4,3397.183
2023-05-20 01:00:00,26834.6,26878.7,26834.0,26849.9,2496.285
2023-05-20 00:00:00,26870.1,26902.0,26813.5,26834.6,5537.426
2023-05-19 23:00:00,26861.6,26890.0,26850.3,26870.1,2837.391
2023-05-19 22:00:00,26897.1,26913.7,26850.2,26861.6,4190.73
2023-05-19 21:00:00,26819.8,26897.1,26813.2,26897.1,4886.436
2023-05-19 20:00:00,26826.5,26866.7,26791.0,26819.8,5752.337
2023-05-19 19:00:00,26876.7,26876.7,26763.2,26826.4,10290.199
2023-05-19 18:00:00,26904.4,26926.8,26857.0,26876.6,7799.372
2023-05-19 17:00:00,26822.5,26966.8,26812.3,26904.4,11946.943
2023-05-19 16:00:00,26870.0,26954.7,26782.2,26822.4,20074.44
2023-05-19 15:00:00,26826.0,27180.0,26611.2,26869.9,106992.624
2023-05-19 14:00:00,26852.9,26853.0,26751.3,26826.1,19357.249
2023-05-19 13:00:00,26897.2,26947.8,26830.8,26852.9,11935.352
2023-05-19 12:00:00,26843.8,26985.6,26843.7,26897.2,19348.932
2023-05-19 11:00:00,26810.8,26870.2,26784.0,26843.8,7849.542
2023-05-19 10:00:00,26831.2,26865.0,26773.0,26810.9,8167.514
2023-05-19 09:00:00,26874.1,26897.5,26801.2,26831.2,8696.884
2023-05-19 08:00:00,26842.0,26918.6,26818.9,26874.1,7647.584
2023-05-19 07:00:00,26891.0,26950.0,26830.5,26841.9,10902.948
2023-05-19 06:00:00,26864.1,26928.0,26853.0,26891.0,7583.322
2023-05-19 05:00:00,26863.7,26880.1,26814.3,26864.1,5803.258
2023-05-19 04:00:00,26825.0,26866.0,26801.5,26863.6,4492.295
2023-05-19 03:00:00,26792.5,26866.9,26756.8,26825.0,6860.741
2023-05-19 02:00:00,26798.8,26840.0,26750.1,26792.5,8029.453
2023-05-19 01:00:00,26871.2,26905.8,26733.4,26798.9,12083.7
2023-05-19 00:00:00,26809.4,26922.5,26786.5,26871.1,10568.71
2023-05-18 23:00:00,26879.5,26888.0,26801.2,26809.3,9096.385
2023-05-18 22:00:00,26901.5,26937.6,26831.0,26879.6,11776.432
2023-05-18 21:00:00,26708.8,27060.0,26708.0,26901.4,27289.037
2023-05-18 20:00:00,26719.3,26759.1,26671.1,26708.7,10787.315
2023-05-18 19:00:00,26600.4,26837.8,26556.8,26719.3,30723.044
2023-05-18 18:00:00,26475.1,26638.3,26400.0,26600.5,44540.881
2023-05-18 17:00:00,27060.1,27078.2,26335.3,26475.2,96349.182
2023-05-18 16:00:00,27075.2,27100.0,26961.3,27060.1,29248.169
2023-05-18 15:00:00,27236.0,27292.0,27031.0,27075.2,32107.586
2023-05-18 14:00:00,27246.4,27396.0,27007.1,27236.0,52366.256
2023-05-18 13:00:00,27224.5,27271.9,27165.6,27246.4,25362.56
2023-05-18 12:00:00,27391.8,27471.5,27206.3,27224.6,35408.054
2023-05-18 11:00:00,27337.3,27393.7,27329.8,27391.9,6929.241
2023-05-18 10:00:00,27392.6,27415.7,27320.3,27337.2,9675.28
2023-05-18 09:00:00,27372.7,27424.6,27341.7,27392.6,10105.052
2023-05-18 08:00:00,27375.1,27429.2,27336.0,27372.8,15423.974
2023-05-18 07:00:00,27196.5,27445.9,27182.4,27375.1,25859.725
2023-05-18 06:00:00,27211.2,27241.8,27139.0,27196.5,16566.787
2023-05-18 05:00:00,27292.3,27310.8,27207.0,27211.3,13615.504
2023-05-18 04:00:00,27357.2,27357.5,27288.0,27292.2,5895.244
2023-05-18 03:00:00,27337.6,27371.8,27318.5,27357.3,4855.178
2023-05-18 02:00:00,27312.5,27377.2,27280.0,27337.6,7739.272
2023-05-18 01:00:00,27348.0,27378.0,27293.6,27312.5,8437.313
2023-05-18 00:00:00,27395.7,27482.7,27340.1,27348.1,14814.508
2023-05-17 23:00:00,27322.2,27418.8,27322.1,27395.8,9926.515
2023-05-17 22:00:00,27356.9,27379.6,27287.0,27322.1,9544.297
2023-05-17 21:00:00,27330.4,27500.0,27260.0,27356.9,22183.353
2023-05-17 20:00:00,27377.0,27460.0,27259.5,27330.3,25765.15
2023-05-17 19:00:00,27081.7,27441.7,27081.6,27377.1,44262.278
2023-05-17 18:00:00,27077.0,27200.0,27051.7,27081.7,23782.758
2023-05-17 17:00:00,26891.7,27166.8,26844.0,27077.0,36574.1
2023-05-17 16:00:00,26788.1,26940.0,26730.0,26891.8,25327.919
2023-05-17 15:00:00,26770.2,26823.7,26694.4,26788.0,18312.755
2023-05-17 14:00:00,26618.6,26830.0,26527.5,26770.2,39063.558
2023-05-17 13:00:00,26659.9,26748.6,26569.0,26618.7,21203.076
2023-05-17 12:00:00,26626.4,26750.0,26598.7,26659.8,27551.619
2023-05-17 11:00:00,26855.2,26858.4,26558.0,26626.5,45714.36
2023-05-17 10:00:00,26861.1,26907.5,26818.7,26855.3,10583.287
2023-05-17 09:00:00,26803.9,26867.9,26787.3,26861.1,9534.02
2023-05-17 08:00:00,26831.8,26854.4,26764.5,26803.8,18784.342
2023-05-17 07:00:00,26985.9,27023.5,26700.0,26831.9,28473.718
2023-05-17 06:00:00,26978.3,26997.5,26917.9,26985.9,11933.463
2023-05-17 05:00:00,27059.1,27059.1,26965.1,26978.2,8965.59
2023-05-17 04:00:00,27052.1,27092.4,27045.7,27059.1,4417.09
2023-05-17 03:00:00,27051.4,27121.9,27026.8,27052.1,7930.758
2023-05-17 02:00:00,27160.1,27177.9,27047.7,27051.3,9427.737
2023-05-17 01:00:00,27087.4,27238.5,27046.6,27160.1,18067.989
2023-05-17 00:00:00,27024.7,27110.0,26969.7,27087.4,12735.486
2023-05-16 23:00:00,26989.1,27046.2,26950.0,27024.8,5966.089
2023-05-16 22:00:00,27001.7,27031.7,26961.6,26989.2,4894.036
2023-05-16 21:00:00,26942.1,27040.5,26908.7,27001.6,8568.928
2023-05-16 20:00:00,26917.9,26984.7,26881.2,26942.0,9370.946
2023-05-16 19:00:00,27040.7,27063.6,26862.0,26917.9,13016.669
2023-05-16 18:00:00,27074.5,27110.0,26983.1,27040.6,9390.343
2023-05-16 17:00:00,27043.5,27092.1,26950.0,27074.4,14963.292
2023-05-16 16:00:00,27027.9,27144.0,26966.5,27043.6,15717.254
2023-05-16 15:00:00,26974.0,27084.6,26966.0,27027.9,15656.887
2023-05-16 14:00:00,26969.6,27034.0,26880.1,26973.9,26316.108
2023-05-16 13:00:00,27047.3,27120.0,26955.1,26969.6,23517.913
2023-05-16 12:00:00,27049.3,27127.4,26959.1,27047.3,23671.409
2023-05-16 11:00:00,27001.1,27117.5,26982.5,27049.3,12005.109
2023-05-16 10:00:00,27080.5,27100.0,26978.6,27001.1,16972.834
2023-05-16 09:00:00,27190.5,27208.8,27059.2,27080.6,17756.294
2023-05-16 08:00:00,27240.6,27274.2,27152.4,27190.5,15874.46
2023-05-16 07:00:00,27051.2,27243.6,27049.0,27240.6,21028.676
2023-05-16 06:00:00,27050.1,27074.3,26971.0,27051.2,10419.374
2023-05-16 05:00:00,27100.3,27149.8,27017.6,27050.1,10887.521
2023-05-16 04:00:00,27118.7,27134.1,27067.8,27100.3,6993.711
2023-05-16 03:00:00,27067.0,27130.0,27040.9,27118.7,10789.159
2023-05-16 02:00:00,27008.9,27082.6,26960.7,27067.0,12583.708
2023-05-16 01:00:00,27194.1,27237.6,26832.0,27008.9,46038.05
2023-05-16 00:00:00,27152.5,27284.7,27045.0,27194.1,20774.181
2023-05-15 23:00:00,27298.6,27311.8,27100.0,27152.5,16805.279
2023-05-15 22:00:00,27352.4,27359.6,27244.8,27298.5,9144.354
2023-05-15 21:00:00,27338.5,27375.0,27300.0,27352.4,6161.829
2023-05-15 20:00:00,27410.1,27410.1,27322.0,27338.5,6820.61
2023-05-15 19:00:00,27419.9,27430.9,27300.6,27410.1,12984.144
2023-05-15 18:00:00,27493.1,27509.6,27364.0,27420.0,13456.401
2023-05-15 17:00:00,27467.6,27650.0,27400.0,27493.0,38286.935
2023-05-15 16:00:00,27383.0,27600.0,27351.0,27467.6,32741.69
2023-05-15 15:00:00,27390.7,27437.3,27350.0,27383.0,14580.26
2023-05-15 14:00:00,27361.6,27525.0,27200.0,27390.8,42312.805
2023-05-15 13:00:00,27380.7,27441.7,27325.2,27361.6,14527.054
2023-05-15 12:00:00,27323.2,27397.5,27316.6,27380.8,8416.704
2023-05-15 11:00:00,27398.1,27441.0,27288.0,27323.2,11540.989
2023-05-15 10:00:00,27377.9,27421.8,27338.0,27398.1,6912.292
2023-05-15 09:00:00,27422.1,27472.5,27317.5,27377.9,12273.318
2023-05-15 08:00:00,27398.6,27429.6,27370.0,27422.1,9235.112
2023-05-15 07:00:00,27463.6,27478.9,27371.5,27398.6,13897.601
2023-05-15 06:00:00,27322.4,27550.0,27296.1,27463.7,41206.049
2023-05-15 05:00:00,27271.8,27372.2,27218.4,27322.4,24043.226
2023-05-15 04:00:00,27216.4,27294.5,27165.1,27271.8,14781.814
2023-05-15 03:00:00,27144.2,27249.9,27143.9,27216.3,12332.435
2023-05-15 02:00:00,27191.6,27239.0,27105.1,27144.1,18243.365
2023-05-15 01:00:00,26787.7,27279.0,26764.0,27191.5,45631.406
2023-05-15 00:00:00,26901.9,26919.6,26694.4,26787.8,23927.404
2023-05-14 23:00:00,26888.2,26918.0,26838.9,26901.9,5045.103
2023-05-14 22:00:00,26896.0,26931.0,26856.2,26888.2,5068.232
2023-05-14 21:00:00,26927.7,26947.2,26871.9,26895.9,4962.878
2023-05-14 20:00:00,26865.0,26943.8,26826.6,26927.7,6374.914
2023-05-14 19:00:00,26909.0,26928.6,26809.0,26865.0,12093.266
2023-05-14 18:00:00,26929.1,26943.8,26845.0,26909.0,7773.981
2023-05-14 17:00:00,26942.0,26970.0,26846.7,26929.2,15011.849
2023-05-14 16:00:00,27071.4,27115.1,26911.0,26942.0,18900.021
2023-05-14 15:00:00,26950.1,27200.0,26950.0,27071.4,45063.03
2023-05-14 14:00:00,26898.0,26973.0,26835.2,26950.1,12652.996
2023-05-14 13:00:00,26861.0,26922.5,26801.5,26898.0,15216.417
2023-05-14 12:00:00,26794.8,26867.9,26730.0,26861.1,13366.492
2023-05-14 11:00:00,26817.6,26819.7,26780.0,26794.8,5657.527
2023-05-14 10:00:00,26825.9,26840.0,26805.0,26817.6,3929.031
2023-05-14 09:00:00,26831.8,26856.9,26796.1,26825.9,4786.805
2023-05-14 08:00:00,26839.9,26879.2,26814.2,26831.8,3809.615
2023-05-14 07:00:00,26829.0,26860.9,26815.7,26839.9,3671.194
2023-05-14 06:00:00,26817.0,26888.7,26807.0,26829.0,6472.272
2023-05-14 05:00:00,26813.1,26839.9,26789.0,26817.0,3839.55
2023-05-14 04:00:00,26853.6,26867.8,26778.2,26813.1,6332.557
2023-05-14 03:00:00,26799.1,26865.4,26770.0,26853.6,7140.658
2023-05-14 02:00:00,26720.9,26830.0,26707.6,26799.0,7937.366
2023-05-14 01:00:00,26731.4,26741.1,26628.8,26720.9,10854.458
2023-05-14 00:00:00,26762.8,26797.4,26557.0,26731.4,21619.215
2023-05-13 23:00:00,26879.2,26915.8,26730.0,26762.7,11933.053
2023-05-13 22:00:00,26848.0,26890.0,26821.4,26879.2,5650.426
2023-05-13 21:00:00,26891.6,26928.6,26839.4,26848.0,6667.02
2023-05-13 20:00:00,26822.6,26909.9,26821.1,26891.6,6862.201
2023-05-13 19:00:00,26772.9,26946.9,26760.1,26822.6,19139.45
2023-05-13 18:00:00,26801.3,27051.5,26755.0,26773.0,24447.02
2023-05-13 17:00:00,26809.9,26837.2,26781.4,26801.3,5310.863
2023-05-13 16:00:00,26802.0,26824.8,26766.6,26810.0,5387.184
2023-05-13 15:00:00,26780.8,26812.6,26750.4,26802.0,5429.077
2023-05-13 14:00:00,26810.7,26838.5,26722.8,26780.9,11796.435
2023-05-13 13:00:00,26809.5,26880.0,26770.3,26810.7,10657.384
2023-05-13 12:00:00,26814.4,26897.0,26752.0,26809.4,12834.405
2023-05-13 11:00:00,26817.7,26852.8,26785.3,26814.3,5864.096
2023-05-13 10:00:00,26827.9,26864.8,26761.6,26817.8,8265.511
2023-05-13 09:00:00,26787.0,26834.5,26772.8,26828.0,7117.567
2023-05-13 08:00:00,26759.2,26806.6,26727.3,26787.0,6609.874
2023-05-13 07:00:00,26722.1,26786.4,26674.9,26759.3,8665.664
2023-05-13 06:00:00,26731.2,26758.3,26699.0,26722.0,6622.085
2023-05-13 05:00:00,26785.0,26862.9,26722.0,26731.2,10212.572
2023-05-13 04:00:00,26794.6,26832.8,26735.0,26785.0,6569.975
2023-05-13 03:00:00,26767.5,26844.5,26757.7,26794.6,5810.962
2023-05-13 02:00:00,26818.2,26831.0,26751.1,26767.5,9139.186
2023-05-13 01:00:00,26825.8,26974.1,26769.6,26818.1,28449.367
2023-05-13 00:00:00,26785.2,26829.2,26678.5,26825.7,13253.552
2023-05-12 23:00:00,26675.8,26799.4,26645.0,26785.1,13044.946
2023-05-12 22:00:00,26733.2,26882.8,26620.0,26675.7,23102.347
2023-05-12 21:00:00,26425.6,26800.0,26425.5,26733.2,42799.566
2023-05-12 20:00:00,26445.1,26476.1,26347.5,26425.6,28126.038
2023-05-12 19:00:00,26290.1,26480.0,25751.0,26445.2,92540.005
2023-05-12 18:00:00,26288.6,26357.8,26286.0,26290.0,8451.676
2023-05-12 17:00:00,26281.5,26399.8,26267.3,26288.6,11509.233
2023-05-12 16:00:00,26307.6,26398.2,26225.7,26281.5,19723.243
2023-05-12 15:00:00,26302.1,26387.3,26254.2,26307.7,18357.052
2023-05-12 14:00:00,26436.1,26599.4,26275.0,26302.1,37434.943
2023-05-12 13:00:00,26397.2,26555.9,26339.2,26436.2,22893.262
2023-05-12 12:00:00,26332.9,26473.0,26308.7,26397.3,20177.506
2023-05-12 11:00:00,26327.5,26409.5,26302.8,26333.0,9408.136
2023-05-12 10:00:00,26368.7,26418.3,26322.0,26327.5,10781.169
2023-05-12 09:00:00,26277.3,26425.8,26277.2,26368.6,20450.001
2023-05-12 08:00:00,26294.0,26362.7,26220.0,26277.2,14339.385
2023-05-12 07:00:00,26287.2,26383.8,26250.2,26294.1,19958.737
2023-05-12 06:00:00,26261.3,26312.2,26100.1,26287.2,40834.483
2023-05-12 05:00:00,26644.6,26657.7,26140.0,26261.3,49042.067
2023-05-12 04:00:00,26574.7,26699.2,26500.0,26644.6,21859.398
2023-05-12 03:00:00,26632.0,26695.0,26516.6,26574.8,27894.783
2023-05-12 02:00:00,26865.1,26876.8,26515.0,26631.9,34741.029
2023-05-12 01:00:00,27020.0,27090.0,26830.0,26865.1,17703.264
2023-05-12 00:00:00,26956.4,27036.7,26907.5,27019.9,10473.239
2023-05-11 23:00:00,26890.0,27050.0,26800.0,26956.4,15513.861
2023-05-11 22:00:00,26966.2,27041.0,26878.0,26890.1,11761.401
2023-05-11 21:00:00,26982.0,27050.8,26927.6,26966.2,10226.575
2023-05-11 20:00:00,26831.5,27027.0,26787.3,26981.9,15998.483
2023-05-11 19:00:00,26950.8,27046.1,26688.8,26831.4,33079.95
2023-05-11 18:00:00,26894.0,26984.9,26757.4,26950.8,27629.585
2023-05-11 17:00:00,27115.1,27136.4,26730.0,26894.1,66959.587
2023-05-11 16:00:00,27166.3,27214.4,27088.3,27115.1,19039.621
2023-05-11 15:00:00,27111.2,27216.3,27033.1,27166.3,27670.257
2023-05-11 14:00:00,27197.0,27330.2,26924.0,27111.2,61490.638
2023-05-11 13:00:00,27385.3,27484.5,27060.0,27197.0,50367.242
2023-05-11 12:00:00,27393.2,27630.0,27293.4,27385.3,47738.418
2023-05-11 11:00:00,27446.6,27472.1,27360.5,27393.2,10639.672
2023-05-11 10:00:00,27404.3,27478.6,27394.0,27446.6,8562.713
2023-05-11 09:00:00,27381.8,27440.0,27335.5,27404.4,11487.709
2023-05-11 08:00:00,27437.5,27438.9,27220.0,27381.9,24584.92
2023-05-11 07:00:00,27489.3,27544.1,27401.1,27437.5,12627.741
2023-05-11 06:00:00,27515.5,27526.0,27444.9,27489.2,7177.272
2023-05-11 05:00:00,27484.0,27527.6,27412.0,27515.4,9230.436
2023-05-11 04:00:00,27435.1,27484.0,27382.4,27484.0,10156.825
2023-05-11 03:00:00,27495.8,27495.8,27352.3,27435.1,16608.491
2023-05-11 02:00:00,27543.5,27571.7,27486.7,27495.9,8844.867
2023-05-11 01:00:00,27500.0,27572.3,27462.0,27543.5,12369.847
2023-05-11 00:00:00,27583.0,27611.5,27410.3,27500.0,19056.252
2023-05-10 23:00:00,27655.5,27715.3,27560.0,27582.9,13176.519
2023-05-10 22:00:00,27497.4,27697.0,27480.0,27655.5,15844.47
2023-05-10 21:00:00,27848.4,27860.0,27177.0,27497.5,40654.457
2023-05-10 20:00:00,27683.6,27979.8,27641.0,27848.3,29754.998
2023-05-10 19:00:00,27417.0,27780.0,27396.1,27683.6,39660.781
2023-05-10 18:00:00,27481.1,27525.7,27335.0,27417.0,34470.262
2023-05-10 17:00:00,28166.6,28207.9,26666.6,27481.1,188857.363
2023-05-10 16:00:00,28141.2,28290.0,28131.1,28166.6,26625.514
2023-05-10 15:00:00,28077.9,28207.0,28062.9,28141.2,18786.903
2023-05-10 14:00:00,28153.8,28243.8,28032.0,28078.0,31278.882
2023-05-10 13:00:00,28160.2,28297.0,28014.4,28153.7,66184.169
2023-05-10 12:00:00,27660.6,28169.0,27623.4,28160.1,97700.126
2023-05-10 11:00:00,27579.2,27669.8,27575.1,27660.7,11454.368
2023-05-10 10:00:00,27566.7,27601.0,27515.4,27579.2,8304.699
2023-05-10 09:00:00,27560.4,27599.8,27528.0,27566.7,6487.209
2023-05-10 08:00:00,27532.3,27587.9,27457.8,27560.4,13633.386
2023-05-10 07:00:00,27613.4,27620.2,27507.0,27532.4,12072.088
2023-05-10 06:00:00,27646.1,27646.2,27565.0,27613.4,9354.631
2023-05-10 05:00:00,27673.6,27712.0,27635.0,27646.1,5786.015
2023-05-10 04:00:00,27668.9,27680.3,27630.0,27673.6,5097.68
2023-05-10 03:00:00,27662.6,27715.0,27628.6,27668.8,6646.893
2023-05-10 02:00:00,27685.1,27734.3,27644.4,27662.7,7959.975
2023-05-10 01:00:00,27735.9,27848.7,27657.2,27685.2,14637.498
2023-05-10 00:00:00,27610.2,27785.9,27605.0,27736.0,18073.79
2023-05-09 23:00:00,27564.0,27647.9,27561.2,27610.2,4935.343
2023-05-09 22:00:00,27589.6,27597.6,27501.3,27564.0,8225.684
2023-05-09 21:00:00,27636.0,27649.1,27566.0,27589.7,5861.668
2023-05-09 20:00:00,27704.7,27769.4,27587.6,27636.0,14680.608
2023-05-09 19:00:00,27545.9,27714.2,27476.4,27704.7,15458.891
2023-05-09 18:00:00,27605.4,27667.7,27510.3,27546.0,12551.51
2023-05-09 17:00:00,27691.2,27739.6,27550.2,27605.5,19609.92
2023-05-09 16:00:00,27385.8,27695.0,27334.6,27691.2,31123.798
2023-05-09 15:00:00,27523.1,27577.0,27316.8,27385.8,23404.008
2023-05-09 14:00:00,27605.4,27618.4,27388.5,27523.1,41225.067
2023-05-09 13:00:00,27744.9,27810.0,27537.0,27605.4,28286.311
2023-05-09 12:00:00,27663.9,27815.6,27635.1,27744.9,26373.54
2023-05-09 11:00:00,27573.7,27719.0,27502.3,27663.9,17201.695
2023-05-09 10:00:00,27569.4,27642.3,27538.6,27573.7,8878.641
2023-05-09 09:00:00,27557.0,27586.9,27520.1,27569.4,7306.095
2023-05-09 08:00:00,27649.3,27655.1,27536.8,27556.9,8925.726
2023-05-09 07:00:00,27535.1,27661.7,27496.0,27649.3,12016.088
2023-05-09 06:00:00,27540.3,27582.4,27423.9,27535.0,17692.135
2023-05-09 05:00:00,27598.0,27604.6,27492.0,27540.2,10736.735
2023-05-09 04:00:00,27612.4,27633.5,27555.4,27598.0,7115.144
2023-05-09 03:00:00,27628.4,27636.6,27529.2,27612.5,7676.722
2023-05-09 02:00:00,27687.3,27689.9,27546.0,27628.4,9545.063
2023-05-09 01:00:00,27568.3,27747.9,27549.1,27687.3,18840.056
2023-05-09 00:00:00,27659.8,27663.5,27528.2,27568.2,9994.238
2023-05-08 23:00:00,27638.1,27686.5,27565.6,27659.8,10843.394
2023-05-08 22:00:00,27531.2,27650.0,27512.5,27638.5,10592.587
2023-05-08 21:00:00,27519.1,27642.8,27405.0,27531.2,15041.697
2023-05-08 20:00:00,27329.0,27539.8,27250.0,27519.0,28780.287
2023-05-08 19:00:00,27465.3,27489.5,27260.9,27329.1,32047.819
2023-05-08 18:00:00,27525.0,27600.0,27290.0,27465.3,74935.281
2023-05-08 17:00:00,27858.0,27896.7,27522.9,27522.9,29137.433
2023-05-08 16:00:00,27874.2,27918.0,27818.4,27858.0,12516.987
2023-05-08 15:00:00,27958.2,28074.9,27832.7,27874.1,31610.55
2023-05-08 14:00:00,27844.6,27973.1,27651.5,27958.1,32096.663
2023-05-08 13:00:00,27756.9,27960.0,27717.1,27844.6,25901.662
2023-05-08 12:00:00,27922.2,27932.9,27726.8,27756.8,20512.637
2023-05-08 11:00:00,27923.4,27964.6,27856.2,27922.2,13065.549
2023-05-08 10:00:00,27900.0,27938.1,27855.0,27923.4,14690.194
2023-05-08 09:00:00,27691.0,27925.8,27663.4,27900.0,28312.495
2023-05-08 08:00:00,27957.7,27977.6,27550.0,27690.9,52912.039
2023-05-08 07:00:00,28158.2,28179.3,27800.0,27957.8,40279.591
2023-05-08 06:00:00,28243.8,28246.4,28120.0,28158.2,10465.688
2023-05-08 05:00:00,28110.2,28249.0,28057.8,28243.8,16816.749
2023-05-08 04:00:00,28188.1,28219.8,28100.2,28110.2,14792.123
2023-05-08 03:00:00,28267.9,28267.9,28000.0,28188.0,26161.228
2023-05-08 02:00:00,28208.0,28293.8,28116.8,28267.8,25110.009
2023-05-08 01:00:00,28563.4,28580.8,28050.0,28207.9,56627.13
2023-05-08 00:00:00,28419.5,28624.6,28345.0,28563.5,34938.985
2023-05-07 23:00:00,28727.5,28780.2,28370.0,28419.4,38281.402
2023-05-07 22:00:00,28757.9,28830.9,28700.0,28727.6,11119.45
2023-05-07 21:00:00,28901.6,28947.7,28715.3,28757.8,11722.732
2023-05-07 20:00:00,28894.0,28937.8,28867.2,28901.7,5833.095
2023-05-07 19:00:00,28843.5,28919.8,28753.6,28894.0,12476.85
2023-05-07 18:00:00,28888.5,28945.3,28840.1,28843.4,6744.548
2023-05-07 17:00:00,28940.9,29019.9,28861.9,28888.6,12543.886
2023-05-07 16:00:00,28933.1,28963.0,28800.0,28940.9,15047.691
2023-05-07 15:00:00,29031.9,29037.9,28884.0,28933.1,14240.511
2023-05-07 14:00:00,28908.6,29088.3,28869.4,29031.9,20854.838
2023-05-07 13:00:00,28905.1,28991.9,28871.2,28908.7,14064.004
2023-05-07 12:00:00,28826.5,28932.0,28825.0,28905.1,9836.837
2023-05-07 11:00:00,28837.0,28918.3,28691.2,28826.5,16739.578
2023-05-07 10:00:00,28806.0,28848.9,28778.5,28837.0,5777.417
2023-05-07 09:00:00,28845.5,28882.9,28750.2,28806.0,12407.623
2023-05-07 08:00:00,28891.8,28950.0,28830.0,28845.4,9614.93
2023-05-07 07:00:00,28899.4,28943.0,28875.8,28891.9,6345.808
2023-05-07 06:00:00,28869.9,28928.9,28850.0,28899.4,7460.945
2023-05-07 05:00:00,28828.9,28900.0,28810.5,28870.0,8047.743
2023-05-07 04:00:00,28790.8,28845.6,28771.9,28828.8,5907.194
2023-05-07 03:00:00,28803.8,28838.0,28730.2,28790.8,11905.041
2023-05-07 02:00:00,28876.0,28932.0,28800.0,28803.8,11060.178
2023-05-07 01:00:00,28929.5,29137.0,28798.0,28875.9,27647.675
2023-05-07 00:00:00,28837.9,28947.0,28775.0,28929.5,12730.667
2023-05-06 23:00:00,28816.9,28869.9,28791.9,28837.8,6344.811
2023-05-06 22:00:00,28797.3,28849.4,28746.2,28816.8,8332.047
2023-05-06 21:00:00,28783.6,28816.2,28620.2,28797.3,13763.044
2023-05-06 20:00:00,28831.9,28860.0,28768.3,28783.5,10533.896
2023-05-06 19:00:00,28901.3,28950.4,28830.0,28831.9,12956.802
2023-05-06 18:00:00,28757.6,28963.9,28755.6,28901.3,23036.982
2023-05-06 17:00:00,28684.9,28838.0,28653.9,28757.7,22957.834
2023-05-06 16:00:00,28557.9,28698.0,28519.4,28684.9,18258.913
2023-05-06 15:00:00,28591.0,28611.0,28333.0,28557.9,40265.95
2023-05-06 14:00:00,28937.4,28937.4,28500.0,28591.0,70522.048
2023-05-06 13:00:00,29087.9,29088.0,28850.0,28937.3,36965.08
2023-05-06 12:00:00,29264.5,29266.7,29001.0,29088.0,33919.286
2023-05-06 11:00:00,29236.3,29273.0,29208.7,29264.5,6847.223
2023-05-06 10:00:00,29276.1,29314.0,29194.0,29236.4,13416.953
2023-05-06 09:00:00,29320.7,29352.6,29268.6,29276.1,8469.217
2023-05-06 08:00:00,29350.2,29359.2,29108.0,29320.7,29322.069
2023-05-06 07:00:00,29376.1,29430.0,29348.6,29350.2,8862.446
2023-05-06 06:00:00,29340.5,29382.2,29225.3,29376.1,16534.955
2023-05-06 05:00:00,29342.6,29382.6,29324.1,29340.4,6853.554
2023-05-06 04:00:00,29360.0,29404.6,29314.7,29342.6,10477.159
2023-05-06 03:00:00,29457.7,29463.0,29335.0,29360.1,15351.303
2023-05-06 02:00:00,29535.2,29538.5,29433.4,29457.8,10931.427
2023-05-06 01:00:00,29657.3,29674.2,29485.2,29535.2,17793.482
2023-05-06 00:00:00,29491.5,29840.0,29460.0,29657.3,32912.42
2023-05-05 23:00:00,29579.8,29589.5,29460.0,29491.5,10442.616
2023-05-05 22:00:00,29475.1,29650.0,29460.6,29579.9,12028.342
2023-05-05 21:00:00,29483.0,29544.6,29440.4,29475.2,7091.248
2023-05-05 20:00:00,29548.7,29583.9,29440.0,29483.0,11219.232
2023-05-05 19:00:00,29391.3,29551.0,29368.0,29548.7,14388.151
2023-05-05 18:00:00,29455.3,29535.8,29304.0,29391.2,23479.5
2023-05-05 17:00:00,29580.0,29667.0,29445.6,29455.3,26630.822
2023-05-05 16:00:00,29347.5,29693.0,29347.4,29580.0,68704.802
2023-05-05 15:00:00,29244.9,29376.0,29150.0,29347.4,31487.223
2023-05-05 14:00:00,29163.8,29437.5,29099.9,29244.8,53536.983
2023-05-05 13:00:00,28939.2,29230.0,28883.5,29163.7,42156.606
2023-05-05 12:00:00,29137.6,29276.4,28618.3,28939.1,65465.107
2023-05-05 11:00:00,29095.4,29185.6,29054.0,29137.5,14169.09
2023-05-05 10:00:00,29089.9,29123.3,29053.3,29095.5,7330.808
2023-05-05 09:00:00,29046.0,29130.0,29010.0,29089.9,11827.041
2023-05-05 08:00:00,29058.9,29109.9,29025.7,29046.0,10778.618
2023-05-05 07:00:00,29152.6,29228.4,29025.0,29059.0,23148.383
2023-05-05 06:00:00,29186.9,29221.3,29110.0,29152.6,10384.068
2023-05-05 05:00:00,29213.8,29240.0,29140.7,29187.0,9100.394
2023-05-05 04:00:00,29187.0,29264.3,29174.3,29213.8,10089.104
2023-05-05 03:00:00,29233.0,29285.8,29130.0,29187.0,15884.839
2023-05-05 02:00:00,29314.9,29551.0,29185.0,29233.0,44148.97
2023-05-05 01:00:00,28923.6,29340.0,28863.4,29314.9,44163.054
2023-05-05 00:00:00,28826.0,28948.5,28802.8,28923.6,10830.176
2023-05-04 23:00:00,28762.9,28849.1,28761.9,28826.0,5980.729
2023-05-04 22:00:00,28830.1,28844.1,28731.2,28762.8,7504.271
2023-05-04 21:00:00,28856.8,28884.5,28767.6,28830.0,6231.867
2023-05-04 20:00:00,28883.2,28913.3,28802.8,28856.8,9724.122
2023-05-04 19:00:00,28786.1,28886.8,28710.0,28883.2,15603.521
2023-05-04 18:00:00,28830.9,28843.9,28660.0,28786.1,22321.207
2023-05-04 17:00:00,28909.4,28948.4,28775.3,28830.9,16516.084
2023-05-04 16:00:00,28850.0,28966.0,28790.5,28909.4,19350.157
2023-05-04 15:00:00,28769.9,28933.6,28758.9,28850.0,18936.78
2023-05-04 14:00:00,28745.6,28930.0,28717.0,28770.0,34001.07
2023-05-04 13:00:00,29045.0,29078.4,28660.0,28745.6,63607.342
2023-05-04 12:00:00,29145.0,29221.5,28970.0,29045.0,29389.558
2023-05-04 11:00:00,29234.6,29255.1,29100.0,29145.0,16870.58
2023-05-04 10:00:00,29079.5,29380.0,29053.8,29234.6,39252.068
2023-05-04 09:00:00,29076.8,29105.0,29021.2,29079.5,7943.084
2023-05-04 08:00:00,29048.7,29096.5,28967.4,29076.8,14023.991
2023-05-04 07:00:00,29149.2,29168.3,29022.4,29048.6,13314.352
2023-05-04 06:00:00,29190.9,29228.1,29076.1,29149.3,12448.613
2023-05-04 05:00:00,29089.8,29220.0,29044.0,29191.0,15918.48
2023-05-04 04:00:00,29084.7,29115.5,29050.3,29089.8,8660.026
2023-05-04 03:00:00,29052.3,29093.2,29000.0,29084.7,9556.252
2023-05-04 02:00:00,29057.4,29176.6,28979.7,29052.4,14920.752
2023-05-04 01:00:00,29030.0,29067.6,28962.2,29057.4,8412.858
2023-05-04 00:00:00,29018.4,29097.6,28938.5,29030.0,15937.82
2023-05-03 23:00:00,29096.1,29126.5,28932.6,29018.4,22021.792
2023-05-03 22:00:00,28915.1,29258.4,28915.0,29096.0,51091.624
2023-05-03 21:00:00,28503.5,29051.9,28501.3,28915.0,59649.833
2023-05-03 20:00:00,28308.8,28569.2,28267.3,28503.4,24354.591
2023-05-03 19:00:00,28429.3,28493.4,28200.0,28308.8,44013.148
2023-05-03 18:00:00,28559.2,28800.0,28215.0,28429.2,104202.131
2023-05-03 17:00:00,28464.8,28773.5,28391.2,28559.3,55293.934
2023-05-03 16:00:00,28292.6,28480.0,28230.1,28464.7,26199.98
2023-05-03 15:00:00,28206.6,28336.8,28130.2,28292.7,19285.868
2023-05-03 14:00:00,28359.1,28365.9,28080.0,28206.6,26999.056
2023-05-03 13:00:00,28296.3,28386.5,28115.4,28359.1,44619.237
2023-05-03 12:00:00,28535.0,28567.0,28220.0,28296.4,44167.776
2023-05-03 11:00:00,28565.4,28641.8,28515.0,28535.1,12423.64
2023-05-03 10:00:00,28653.3,28668.9,28545.0,28565.4,10816.127
2023-05-03 09:00:00,28676.7,28685.1,28590.0,28653.3,9085.801
2023-05-03 08:00:00,28638.4,28758.9,28572.9,28676.8,19955.637
2023-05-03 07:00:00,28589.5,28659.0,28568.4,28638.3,9703.476
2023-05-03 06:00:00,28467.9,28674.0,28420.0,28589.5,20304.416
2023-05-03 05:00:00,28500.0,28510.0,28444.5,28467.8,5806.51
2023-05-03 04:00:00,28505.5,28510.0,28407.3,28499.9,8363.03
2023-05-03 03:00:00,28497.8,28528.4,28433.0,28505.4,7404.504
2023-05-03 02:00:00,28527.9,28534.1,28324.4,28497.8,19076.425
2023-05-03 01:00:00,28492.1,28586.1,28472.0,28527.9,12443.711
2023-05-03 00:00:00,28656.4,28682.1,28468.0,28492.0,19183.983
2023-05-02 23:00:00,28727.0,28758.5,28618.0,28656.5,9192.151
2023-05-02 22:00:00,28649.6,28820.0,28639.0,28727.0,17152.428
2023-05-02 21:00:00,28661.6,28686.0,28600.6,28649.6,7603.552
2023-05-02 20:00:00,28676.5,28779.0,28620.9,28661.5,14507.574
2023-05-02 19:00:00,28707.3,28888.0,28633.1,28676.4,34646.851
2023-05-02 18:00:00,28569.7,28780.0,28522.4,28707.3,29772.252
2023-05-02 17:00:00,28457.1,28584.4,28412.0,28569.7,16429.096
2023-05-02 16:00:00,28521.0,28608.2,28427.2,28457.1,29285.622
2023-05-02 15:00:00,28357.9,28778.0,28250.4,28521.1,70034.657
2023-05-02 14:00:00,27994.9,28624.8,27900.0,28357.9,117130.494
2023-05-02 13:00:00,28095.7,28129.7,27917.9,27994.9,21561.811
2023-05-02 12:00:00,28076.2,28250.0,27981.5,28095.7,22843.7
2023-05-02 11:00:00,28001.1,28090.0,28001.1,28076.1,8071.866
2023-05-02 10:00:00,27970.0,28036.0,27953.1,28001.1,6440.509
2023-05-02 09:00:00,28017.8,28060.0,27921.6,27970.0,14483.078
2023-05-02 08:00:00,28045.1,28121.8,28002.5,28017.8,10181.281
2023-05-02 07:00:00,27983.3,28158.0,27974.7,28045.0,15930.534
2023-05-02 06:00:00,27987.2,28024.1,27951.5,27983.4,6715.112
2023-05-02 05:00:00,27916.9,28006.3,27854.0,27987.2,10180.553
2023-05-02 04:00:00,28031.9,28035.2,27901.0,27916.9,7042.058
2023-05-02 03:00:00,28000.0,28038.0,27916.0,28031.9,8114.049
2023-05-02 02:00:00,27927.2,28027.5,27913.1,28000.0,8573.715
2023-05-02 01:00:00,28033.0,28083.4,27899.7,27927.2,12745.738
2023-05-02 00:00:00,28054.5,28131.9,27963.5,28033.0,14907.588
2023-05-01 23:00:00,28001.7,28127.7,27988.6,28054.4,11360.509
2023-05-01 22:00:00,27975.2,28143.0,27922.7,28001.8,16465.988
2023-05-01 21:00:00,27663.7,28073.0,27657.8,27975.3,22830.241
2023-05-01 20:00:00,27833.9,27950.0,27650.0,27663.7,34376.072
2023-05-01 19:00:00,28161.8,28179.6,27780.0,27833.9,62008.32
2023-05-01 18:00:00,28266.1,28279.1,28066.0,28161.8,16929.633
2023-05-01 17:00:00,28350.4,28402.3,28147.8,28266.2,26434.394
2023-05-01 16:00:00,28158.5,28383.9,28000.0,28350.5,43509.853
2023-05-01 15:00:00,28462.5,28479.6,28052.1,28158.3,67210.92
2023-05-01 14:00:00,28445.4,28565.0,28300.0,28462.5,32941.439
2023-05-01 13:00:00,28581.4,28618.0,28425.0,28445.4,15569.05
2023-05-01 12:00:00,28510.6,28596.5,28426.3,28581.4,14458.217
2023-05-01 11:00:00,28537.8,28571.5,28485.5,28510.6,8064.328
2023-05-01 10:00:00,28511.7,28550.9,28464.6,28537.9,7866.24
2023-05-01 09:00:00,28561.4,28659.2,28473.5,28511.7,13693.436
2023-05-01 08:00:00,28609.9,28616.8,28529.9,28561.4,9837.98
2023-05-01 07:00:00,28578.0,28700.0,28559.8,28610.0,20091.459
2023-05-01 06:00:00,28467.9,28587.3,28435.6,28578.0,12744.735
2023-05-01 05:00:00,28543.7,28620.0,28200.0,28468.0,34496.315
2023-05-01 04:00:00,28545.6,28577.3,28470.1,28543.7,10658.729
2023-05-01 03:00:00,28535.0,28584.3,28420.0,28545.6,17543.547
2023-05-01 02:00:00,28488.2,28666.0,28392.5,28535.0,34143.384
2023-05-01 01:00:00,29303.3,29303.3,28333.0,28488.3,75013.769
2023-05-01 00:00:00,29223.0,29325.5,29198.2,29303.3,16725.93
2023-04-30 23:00:00,29363.2,29410.9,29145.5,29223.0,15456.408
2023-04-30 22:00:00,29399.7,29422.3,29348.3,29363.2,7258.145
2023-04-30 21:00:00,29314.9,29471.0,29299.1,29399.8,20974.571
2023-04-30 20:00:00,29346.0,29346.0,29145.3,29314.9,31477.405
2023-04-30 19:00:00,29569.3,29587.6,29200.0,29346.0,47218.359
2023-04-30 18:00:00,29628.4,29658.3,29500.0,29569.4,20232.483
2023-04-30 17:00:00,29700.1,29820.0,29628.3,29628.4,15019.132
2023-04-30 16:00:00,29644.4,29860.0,29613.2,29700.1,34549.275
2023-04-30 15:00:00,29377.0,29950.0,29377.0,29644.2,106467.548
2023-04-30 14:00:00,29277.9,29452.7,29241.7,29377.0,17731.799
2023-04-30 13:00:00,29227.2,29322.5,29221.9,29278.0,11047.819
2023-04-30 12:00:00,29184.6,29242.0,29169.9,29227.2,7154.313
2023-04-30 11:00:00,29210.6,29244.8,29150.0,29184.6,7224.037
2023-04-30 10:00:00,29242.7,29307.4,29170.0,29210.7,10205.472
2023-04-30 09:00:00,29260.7,29261.8,29208.0,29242.7,5089.769
2023-04-30 08:00:00,29251.9,29349.9,29230.1,29260.7,10799.693
2023-04-30 07:00:00,29260.0,29287.5,29248.3,29252.0,5340.139
2023-04-30 06:00:00,29245.8,29271.9,29220.3,29260.0,6575.727
2023-04-30 05:00:00,29198.6,29258.9,29192.0,29245.9,7318.606
2023-04-30 04:00:00,29168.0,29208.4,29158.6,29198.5,5213.572
2023-04-30 03:00:00,29162.5,29179.9,29130.5,29168.0,4516.821
2023-04-30 02:00:00,29084.4,29173.6,29073.3,29162.6,6490.679
2023-04-30 01:00:00,29124.4,29157.3,29067.4,29084.5,8948.589
2023-04-30 00:00:00,29212.7,29217.7,29100.0,29124.3,5488.485
2023-04-29 23:00:00,29186.1,29230.0,29115.6,29212.7,6932.561
2023-04-29 22:00:00,29219.0,29222.1,29166.4,29186.0,3883.871
2023-04-29 21:00:00,29205.8,29247.9,29158.2,29219.0,4354.882
2023-04-29 20:00:00,29222.1,29258.6,29182.2,29205.7,4651.309
2023-04-29 19:00:00,29165.8,29300.0,29150.3,29222.0,10174.341
2023-04-29 18:00:00,29142.4,29207.5,29111.5,29165.8,10146.379
2023-04-29 17:00:00,29265.3,29269.2,29000.4,29142.5,21074.39
2023-04-29 16:00:00,29258.0,29289.8,29230.0,29265.3,6270.212
2023-04-29 15:00:00,29319.1,29331.6,29200.2,29258.1,10988.547
2023-04-29 14:00:00,29371.9,29380.0,29306.0,29319.1,8297.588
2023-04-29 13:00:00,29269.1,29385.0,29266.5,29371.9,13106.676
2023-04-29 12:00:00,29323.4,29328.6,29267.0,29269.2,6361.542
2023-04-29 11:00:00,29257.3,29326.6,29225.0,29323.4,8992.324
2023-04-29 10:00:00,29290.2,29302.7,29227.8,29257.2,5975.121
2023-04-29 09:00:00,29300.0,29310.0,29233.4,29290.1,9965.335
2023-04-29 08:00:00,29333.8,29349.9,29250.0,29300.0,10132.011
2023-04-29 07:00:00,29316.0,29363.2,29276.0,29333.9,12598.383
2023-04-29 06:00:00,29345.9,29371.6,29275.0,29316.1,7585.749
2023-04-29 05:00:00,29363.0,29422.4,29338.0,29346.0,7025.29
2023-04-29 04:00:00,29328.8,29443.9,29324.2,29363.0,9720.111
2023-04-29 03:00:00,29358.1,29387.7,29320.0,29328.8,7591.613
2023-04-29 02:00:00,29257.3,29385.9,29253.0,29358.1,14364.863
2023-04-29 01:00:00,29251.9,29288.7,29202.3,29257.2,6196.184
2023-04-29 00:00:00,29300.0,29339.0,29180.0,29252.0,11623.962
2023-04-28 23:00:00,29327.3,29381.8,29250.0,29300.0,8089.192
2023-04-28 22:00:00,29310.1,29417.9,29304.4,29327.3,9374.906
2023-04-28 21:00:00,29322.3,29352.9,29286.0,29310.1,5980.074
2023-04-28 20:00:00,29317.6,29397.8,29278.0,29322.3,9887.035
2023-04-28 19:00:00,29226.7,29433.4,29226.7,29317.6,28924.549
2023-04-28 18:00:00,29225.0,29245.7,29101.4,29226.8,14864.258
2023-04-28 17:00:00,29259.7,29277.0,29126.0,29225.0,18157.086
2023-04-28 16:00:00,29134.0,29290.0,29080.3,29259.6,28048.116
2023-04-28 15:00:00,29087.8,29169.6,28925.0,29133.9,28999.422
2023-04-28 14:00:00,29018.8,29292.0,28983.3,29087.8,46724.764
2023-04-28 13:00:00,29213.9,29348.6,28870.0,29018.8,57638.66
2023-04-28 12:00:00,29225.9,29463.3,29170.1,29213.8,36702.449
2023-04-28 11:00:00,29249.1,29314.9,29180.0,29226.0,12501.702
2023-04-28 10:00:00,29187.3,29340.0,29160.4,29249.0,16741.964
2023-04-28 09:00:00,29242.9,29287.0,29123.5,29187.3,19042.306
2023-04-28 08:00:00,29473.8,29493.7,29110.4,29242.9,38424.581
2023-04-28 07:00:00,29459.0,29514.0,29420.8,29473.9,12597.183
2023-04-28 06:00:00,29462.8,29507.4,29382.9,29459.1,11572.83
2023-04-28 05:00:00,29489.8,29560.9,29436.7,29462.9,11513.877
2023-04-28 04:00:00,29412.8,29535.0,29399.1,29489.7,13868.847
2023-04-28 03:00:00,29385.6,29432.6,29314.9,29412.8,16110.567
2023-04-28 02:00:00,29501.9,29535.0,29357.8,29385.6,12798.033
2023-04-28 01:00:00,29539.6,29591.1,29390.0,29502.0,25317.213
2023-04-28 00:00:00,29459.0,29555.2,29336.5,29539.6,24470.541
2023-04-27 23:00:00,29375.5,29488.1,29361.4,29459.0,14995.696
2023-04-27 22:00:00,29631.1,29658.2,29239.2,29375.6,24503.074
2023-04-27 21:00:00,29610.0,29781.7,29523.0,29631.0,23839.024
2023-04-27 20:00:00,29659.9,29743.9,29448.2,29610.1,35239.697
2023-04-27 19:00:00,29758.8,29853.4,29441.5,29659.9,62579.953
2023-04-27 18:00:00,29282.6,29898.0,29215.7,29758.8,82460.267
2023-04-27 17:00:00,29121.1,29432.6,29079.3,29282.6,36994.468
2023-04-27 16:00:00,29136.6,29200.0,29001.0,29121.0,22789.441
2023-04-27 15:00:00,28964.8,29600.0,28814.4,29136.7,98431.126
2023-04-27 14:00:00,28920.0,29092.7,28918.6,28964.8,29705.611
2023-04-27 13:00:00,28846.6,28948.0,28836.0,28920.1,26018.532
2023-04-27 12:00:00,28921.2,29040.0,28650.0,28846.6,52544.212
2023-04-27 11:00:00,28981.9,29139.2,28863.8,28921.2,31235.263
2023-04-27 10:00:00,28920.1,29029.0,28876.8,28981.9,15320.227
2023-04-27 09:00:00,28941.9,29024.1,28850.0,28920.1,18488.673
2023-04-27 08:00:00,28880.1,29088.6,28768.0,28941.9,33157.249
2023-04-27 07:00:00,28778.6,28948.6,28688.1,28880.0,25690.638
2023-04-27 06:00:00,29071.9,29085.3,28612.7,28778.6,38121.279
2023-04-27 05:00:00,29079.3,29272.6,29036.3,29071.9,28550.185
2023-04-27 04:00:00,28876.6,29140.0,28858.7,29079.3,20097.11
2023-04-27 03:00:00,29025.0,29038.9,28817.6,28876.6,22260.071
2023-04-27 02:00:00,28730.3,29100.0,28730.2,29025.0,34108.029
2023-04-27 01:00:00,29215.2,29333.0,28532.0,28730.3,70436.637
2023-04-27 00:00:00,28396.0,29480.0,28365.3,29215.1,105018.277
2023-04-26 23:00:00,28282.3,28440.0,28243.8,28395.9,24256.778
2023-04-26 22:00:00,28669.9,28729.1,28150.0,28282.2,54225.239
2023-04-26 21:00:00,28405.4,28700.0,28068.0,28670.0,67112.327
2023-04-26 20:00:00,27871.9,28412.6,27200.0,28405.3,187937.55
2023-04-26 19:00:00,29732.8,29732.8,27644.2,27871.9,224546.43
2023-04-26 18:00:00,29713.4,29799.7,29700.1,29732.7,17751.993
2023-04-26 17:00:00,29803.6,29833.8,29646.8,29713.3,20567.301
2023-04-26 16:00:00,29803.1,29899.0,29719.8,29803.7,34468.906
2023-04-26 15:00:00,29687.9,29849.8,29662.0,29803.0,31243.297
2023-04-26 14:00:00,29837.4,29876.6,29504.8,29687.9,59397.248
2023-04-26 13:00:00,29955.1,30042.0,29651.0,29837.4,66399.312
2023-04-26 12:00:00,28940.7,30048.2,28940.6,29955.0,149278.955
2023-04-26 11:00:00,28982.8,29146.4,28890.0,28940.7,38118.133
2023-04-26 10:00:00,28849.5,29099.0,28761.0,28982.8,57588.723
2023-04-26 09:00:00,28703.5,28930.0,28666.0,28849.5,52727.028
2023-04-26 08:00:00,28364.9,28777.0,28357.1,28703.5,65094.541
2023-04-26 07:00:00,28377.6,28394.1,28300.0,28365.0,13664.013
2023-04-26 06:00:00,28380.0,28588.0,28328.1,28377.6,28786.033
2023-04-26 05:00:00,28315.0,28407.0,28315.0,28379.9,9861.48
2023-04-26 04:00:00,28296.1,28359.0,28285.9,28315.0,10492.196
2023-04-26 03:00:00,28374.9,28449.6,28290.5,28296.2,14668.482
2023-04-26 02:00:00,28370.7,28388.1,28330.0,28375.0,9111.838
2023-04-26 01:00:00,28287.1,28373.1,28232.8,28370.6,15030.921
2023-04-26 00:00:00,28286.7,28473.0,28250.1,28287.0,32595.944
2023-04-25 23:00:00,28219.3,28347.0,28152.0,28286.7,20756.383
2023-04-25 22:00:00,28249.4,28379.9,28190.0,28219.3,34553.687
2023-04-25 21:00:00,27961.7,28300.0,27961.6,28249.3,48703.714
2023-04-25 20:00:00,27596.2,28053.4,27596.2,27961.6,58161.217
2023-04-25 19:00:00,27565.4,27649.0,27462.5,27596.1,23154.43
2023-04-25 18:00:00,27608.2,27787.5,27540.4,27565.3,41136.804
2023-04-25 17:00:00,27385.9,27679.0,27306.2,27608.2,37367.535
2023-04-25 16:00:00,27329.5,27409.3,27302.4,27385.9,13727.398
2023-04-25 15:00:00,27280.1,27427.2,27256.5,27329.5,21879.852
2023-04-25 14:00:00,27332.6,27385.2,27200.0,27280.0,23467.997
2023-04-25 13:00:00,27383.5,27459.9,27305.5,27332.5,17615.47
2023-04-25 12:00:00,27382.2,27466.0,27342.0,27383.5,12001.463
2023-04-25 11:00:00,27319.5,27428.2,27300.0,27382.1,16751.182
2023-04-25 10:00:00,27311.9,27340.8,27275.0,27319.5,9083.899
2023-04-25 09:00:00,27418.0,27428.6,27269.3,27311.9,13802.344
2023-04-25 08:00:00,27252.4,27430.0,27176.6,27418.0,26901.212
2023-04-25 07:00:00,27347.0,27395.4,27222.7,27252.3,20050.466
2023-04-25 06:00:00,27400.8,27439.4,27332.7,27347.0,7544.229
2023-04-25 05:00:00,27398.5,27452.8,27301.5,27400.8,9838.269
2023-04-25 04:00:00,27337.6,27432.0,27319.7,27398.5,7849.603
2023-04-25 03:00:00,27391.6,27423.0,27305.3,27337.6,8398.641
2023-04-25 02:00:00,27386.5,27416.0,27310.0,27391.6,10211.152
2023-04-25 01:00:00,27447.8,27508.0,27351.3,27386.5,9999.868
2023-04-25 00:00:00,27497.4,27583.6,27415.0,27447.8,15297.7
2023-04-24 23:00:00,27447.9,27547.1,27428.2,27497.5,10199.561
2023-04-24 22:00:00,27400.0,27510.5,27365.1,27447.8,8100.823
2023-04-24 21:00:00,27446.7,27449.4,27305.2,27400.0,7521.721
2023-04-24 20:00:00,27373.8,27473.8,27327.2,27446.7,11490.961
2023-04-24 19:00:00,27327.1,27407.3,27307.7,27373.8,10818.29
2023-04-24 18:00:00,27365.2,27577.0,27275.8,27327.1,33089.81
2023-04-24 17:00:00,27100.2,27399.0,26919.3,27365.3,50063.381
2023-04-24 16:00:00,27255.9,27385.4,27000.0,27100.2,47593.734
2023-04-24 15:00:00,27416.7,27417.8,27208.0,27256.0,30956.132
2023-04-24 14:00:00,27611.9,27689.2,27261.3,27416.8,46697.602
2023-04-24 13:00:00,27431.3,27700.0,27375.2,27611.9,40227.1
2023-04-24 12:00:00,27539.9,27571.1,27409.3,27431.4,17315.544
2023-04-24 11:00:00,27406.8,27544.0,27368.4,27540.0,18977.325
2023-04-24 10:00:00,27300.0,27428.8,27294.7,27406.8,13924.091
2023-04-24 09:00:00,27173.8,27363.0,27150.2,27300.0,25091.676
2023-04-24 08:00:00,27440.9,27510.0,27140.0,27173.9,43744.68
2023-04-24 07:00:00,27534.0,27534.1,27331.0,27440.8,29520.138
2023-04-24 06:00:00,27643.4,27692.8,27450.0,27534.0,19020.518
2023-04-24 05:00:00,27689.8,27746.8,27615.0,27643.3,10513.414
2023-04-24 04:00:00,27780.1,27782.3,27682.0,27689.9,6830.321
2023-04-24 03:00:00,27730.3,27780.2,27665.0,27780.0,9850.616
2023-04-24 02:00:00,27739.8,27819.0,27655.1,27730.2,13226.648
2023-04-24 01:00:00,27793.6,28000.0,27670.4,27739.8,43190.654
2023-04-24 00:00:00,27575.9,27869.2,27410.0,27793.7,33303.528
2023-04-23 23:00:00,27579.7,27642.6,27529.5,27576.0,9624.863
2023-04-23 22:00:00,27499.5,27629.8,27409.0,27579.6,12387.218
2023-04-23 21:00:00,27492.0,27543.2,27474.0,27499.4,5523.787
2023-04-23 20:00:00,27453.3,27536.2,27388.3,27492.0,10033.523
2023-04-23 19:00:00,27443.5,27518.4,27405.2,27453.3,10965.105
2023-04-23 18:00:00,27500.6,27531.9,27307.0,27443.5,25669.613
2023-04-23 17:00:00,27570.1,27617.1,27464.4,27500.7,11729.651
2023-04-23 16:00:00,27460.2,27679.6,27355.5,27570.1,26455.798
2023-04-23 15:00:00,27539.0,27563.7,27279.7,27460.2,33441.59
2023-04-23 14:00:00,27614.6,27669.9,27481.3,27538.9,13647.181
2023-04-23 13:00:00,27594.1,27652.0,27560.0,27614.6,7627.356
2023-04-23 12:00:00,27632.8,27729.0,27573.6,27594.0,15762.395
2023-04-23 11:00:00,27517.1,27636.8,27493.7,27632.8,10775.841
2023-04-23 10:00:00,27618.1,27631.2,27463.4,27517.1,15897.008
2023-04-23 09:00:00,27695.9,27708.7,27574.0,27618.0,10320.098
2023-04-23 08:00:00,27704.7,27760.0,27653.7,27695.8,12950.71
2023-04-23 07:00:00,27575.0,27738.5,27533.0,27704.6,15396.412
2023-04-23 06:00:00,27573.7,27615.9,27550.0,27574.9,5524.047
2023-04-23 05:00:00,27592.0,27610.9,27519.2,27573.8,6634.009
2023-04-23 04:00:00,27545.2,27621.8,27533.6,27592.0,5057.393
2023-04-23 03:00:00,27580.1,27633.0,27516.8,27545.2,9074.772
2023-04-23 02:00:00,27539.5,27598.4,27474.0,27580.1,8986.863
2023-04-23 01:00:00,27532.7,27649.0,27457.0,27539.4,17495.625
2023-04-23 00:00:00,27807.2,27807.3,27390.3,27532.8,31101.497
2023-04-22 23:00:00,27837.8,27868.7,27785.0,27807.2,13837.053
2023-04-22 22:00:00,27658.8,27888.0,27636.2,27837.8,22710.393
2023-04-22 21:00:00,27621.4,27658.8,27554.6,27658.8,7009.362
2023-04-22 20:00:00,27604.6,27693.2,27604.6,27621.4,8584.462
2023-04-22 19:00:00,27585.7,27642.8,27569.4,27604.7,8739.959
2023-04-22 18:00:00,27654.1,27664.3,27512.0,27585.7,16143.312
2023-04-22 17:00:00,27567.4,27780.0,27551.5,27654.0,24527.415
2023-04-22 16:00:00,27477.1,27685.5,27470.5,27567.4,37099.119
2023-04-22 15:00:00,27463.7,27556.1,27369.1,27477.1,32438.621
2023-04-22 14:00:00,27241.9,27478.0,27232.1,27463.8,26851.065
2023-04-22 13:00:00,27325.2,27347.5,27219.5,27241.9,12607.535
2023-04-22 12:00:00,27276.1,27349.0,27270.3,27325.1,10306.534
2023-04-22 11:00:00,27238.6,27310.0,27226.0,27276.1,9686.811
2023-04-22 10:00:00,27229.3,27254.4,27168.0,27238.6,11791.619
2023-04-22 09:00:00,27201.1,27262.1,27201.0,27229.3,8023.102
2023-04-22 08:00:00,27268.4,27299.9,27166.0,27201.1,13388.12
2023-04-22 07:00:00,27334.8,27343.0,27204.5,27268.4,12290.803
2023-04-22 06:00:00,27384.0,27384.1,27289.2,27334.7,8584.799
2023-04-22 05:00:00,27334.0,27387.8,27291.0,27383.9,7263.649
2023-04-22 04:00:00,27309.9,27357.0,27290.6,27334.1,7935.817
2023-04-22 03:00:00,27229.5,27360.0,27223.5,27309.9,9495.471
2023-04-22 02:00:00,27285.8,27313.6,27224.0,27229.5,9208.936
2023-04-22 01:00:00,27216.8,27306.3,27126.0,27285.8,16044.007
2023-04-22 00:00:00,27252.6,27325.0,27208.1,27216.7,10981.057
2023-04-21 23:00:00,27259.8,27330.0,27235.1,27252.5,12230.421
2023-04-21 22:00:00,27279.1,27342.0,27100.0,27259.7,24858.226
2023-04-21 21:00:00,27263.7,27365.5,27215.9,27279.0,14789.816
2023-04-21 20:00:00,27273.6,27400.0,27160.0,27263.7,39139.263
2023-04-21 19:00:00,27776.8,27799.3,27188.0,27273.6,111192.959
2023-04-21 18:00:00,27893.4,27988.2,27700.0,27776.8,30128.06
2023-04-21 17:00:00,28035.0,28053.5,27744.0,27893.4,44203.626
2023-04-21 16:00:00,28032.8,28086.4,27930.0,28035.0,25590.088
2023-04-21 15:00:00,28048.4,28137.8,27967.0,28032.8,25198.552
2023-04-21 14:00:00,28103.9,28213.3,28025.0,28048.4,34891.087
2023-04-21 13:00:00,28206.6,28300.0,28078.0,28104.0,37612.201
2023-04-21 12:00:00,28054.5,28220.8,27954.4,28206.7,28975.923
2023-04-21 11:00:00,27990.0,28085.8,27904.4,28054.5,20683.976
2023-04-21 10:00:00,28048.9,28146.9,27916.9,27990.0,17176.894
2023-04-21 09:00:00,28061.4,28103.4,27954.4,28048.8,16432.196
2023-04-21 08:00:00,28142.4,28225.8,28000.2,28061.4,26538.294
2023-04-21 07:00:00,27906.0,28159.9,27829.4,28142.3,40461.721
2023-04-21 06:00:00,28143.1,28210.9,27800.0,27906.5,58267.24
2023-04-21 05:00:00,28225.9,28248.3,28140.8,28143.1,11832.942
2023-04-21 04:00:00,28309.2,28332.3,28216.5,28225.9,9233.806
2023-04-21 03:00:00,28240.7,28325.0,28230.8,28309.1,9916.128
2023-04-21 02:00:00,28186.0,28241.8,28122.0,28240.6,10118.162
2023-04-21 01:00:00,28279.4,28310.8,28178.0,28186.0,10377.287
2023-04-21 00:00:00,28229.9,28368.9,28076.1,28279.4,27983.965
2023-04-20 23:00:00,28239.0,28305.0,28167.0,28229.9,10157.267
2023-04-20 22:00:00,28220.7,28358.4,28162.4,28238.9,17658.298
2023-04-20 21:00:00,28192.5,28270.0,28150.0,28220.8,13328.092
2023-04-20 20:00:00,28091.2,28319.7,27995.1,28192.6,28489.022
2023-04-20 19:00:00,28351.5,28353.8,27983.0,28091.2,62585.416
2023-04-20 18:00:00,28441.1,28519.6,28265.0,28351.5,30955.735
2023-04-20 17:00:00,28428.6,28595.6,28332.5,28441.2,33008.785
2023-04-20 16:00:00,28492.4,28650.0,28200.0,28428.5,59652.936
2023-04-20 15:00:00,28706.5,28724.3,28414.6,28492.3,39519.46
2023-04-20 14:00:00,28803.9,28858.0,28658.4,28706.6,20841.837
2023-04-20 13:00:00,28876.3,28886.4,28697.5,28803.9,28590.78
2023-04-20 12:00:00,28601.5,28940.0,28300.0,28876.3,75341.034
2023-04-20 11:00:00,28838.9,28848.5,28575.6,28601.6,29531.148
2023-04-20 10:00:00,28852.2,28895.0,28765.4,28838.9,9903.829
2023-04-20 09:00:00,28819.0,28898.4,28808.3,28852.2,8886.479
2023-04-20 08:00:00,28857.7,28938.0,28707.5,28819.0,19868.455
2023-04-20 07:00:00,28911.1,28932.4,28837.2,28857.7,11481.675
2023-04-20 06:00:00,28884.6,29078.0,28882.3,28911.2,22915.833
2023-04-20 05:00:00,28855.2,28932.5,28803.5,28884.6,9724.672
2023-04-20 04:00:00,28850.0,28944.9,28832.4,28855.2,14838.404
2023-04-20 03:00:00,28734.4,28870.0,28520.2,28850.1,31560.725
2023-04-20 02:00:00,28919.4,28947.6,28700.0,28734.4,17495.483
2023-04-20 01:00:00,28911.0,28994.4,28826.6,28919.4,15640.44
2023-04-20 00:00:00,28795.0,28957.0,28704.2,28911.0,27203.481
2023-04-19 23:00:00,29068.0,29080.0,28557.3,28795.1,70479.379
2023-04-19 22:00:00,29165.0,29230.5,29017.8,29068.0,18611.166
2023-04-19 21:00:00,29223.0,29231.4,28800.0,29165.0,56221.255
2023-04-19 20:00:00,29210.5,29309.7,29129.5,29222.9,13928.779
2023-04-19 19:00:00,29260.0,29334.9,29180.0,29210.6,10854.441
2023-04-19 18:00:00,29301.8,29340.0,29201.0,29260.1,14002.883
2023-04-19 17:00:00,29296.4,29309.7,29033.0,29301.8,22744.332
2023-04-19 16:00:00,29248.0,29357.2,29224.0,29296.4,14018.659
2023-04-19 15:00:00,29376.6,29414.7,29015.0,29247.9,34102.521
2023-04-19 14:00:00,29317.6,29490.0,29312.0,29376.5,32860.717
2023-04-19 13:00:00,29209.9,29329.9,29164.7,29317.7,16602.517
2023-04-19 12:00:00,29300.0,29300.0,29159.0,29210.0,14764.175
2023-04-19 11:00:00,29240.0,29329.4,29217.4,29299.9,17845.86
2023-04-19 10:00:00,29185.0,29261.7,29065.1,29240.0,23936.527
2023-04-19 09:00:00,29148.1,29305.8,29017.8,29184.9,44214.546
2023-04-19 08:00:00,30064.7,30067.1,28800.0,29148.0,138714.598
2023-04-19 07:00:00,29989.9,30107.0,29960.0,30064.8,15143.864
2023-04-19 06:00:00,30254.0,30263.7,29985.1,29989.8,25044.931
2023-04-19 05:00:00,30189.9,30326.9,30160.8,30254.1,9333.935
2023-04-19 04:00:00,30199.9,30229.6,30130.0,30189.9,8148.181
2023-04-19 03:00:00,30191.0,30270.8,30160.0,30199.9,6141.314
2023-04-19 02:00:00,30222.6,30250.0,30107.2,30191.1,14174.906
2023-04-19 01:00:00,30306.5,30334.5,30206.1,30222.6,9968.084
2023-04-19 00:00:00,30365.8,30410.0,30267.4,30306.4,12008.54
2023-04-18 23:00:00,30357.5,30399.1,30287.5,30365.8,9427.036
2023-04-18 22:00:00,30365.1,30398.8,30280.0,30357.5,8236.443
2023-04-18 21:00:00,30416.6,30438.1,30272.4,30365.0,13172.304
2023-04-18 20:00:00,30205.8,30450.0,30132.9,30416.6,23556.55
2023-04-18 19:00:00,30135.9,30227.0,30085.8,30205.8,12123.113
2023-04-18 18:00:00,30013.4,30269.7,29927.6,30135.8,40411.972
2023-04-18 17:00:00,30209.7,30246.1,30000.2,30013.5,20534.657
2023-04-18 16:00:00,30170.1,30250.0,30138.0,30209.8,16028.528
2023-04-18 15:00:00,30230.4,30274.1,30082.8,30170.2,27684.224
2023-04-18 14:00:00,30362.3,30377.7,30100.0,30230.3,41887.73
2023-04-18 13:00:00,30290.9,30425.0,30268.0,30362.4,24045.028
2023-04-18 12:00:00,30369.7,30480.0,30266.4,30290.8,50173.894
2023-04-18 11:00:00,29888.1,30378.0,29874.2,30369.7,64337.033
2023-04-18 10:00:00,29887.0,29973.1,29850.1,29888.2,17369.383
2023-04-18 09:00:00,29689.2,29940.0,29680.1,29887.0,22969.089
2023-04-18 08:00:00,29756.8,29818.0,29678.2,29689.2,15694.387
2023-04-18 07:00:00,29703.0,29790.0,29655.1,29756.8,15122.754
2023-04-18 06:00:00,29530.1,29729.7,29530.0,29702.9,24152.948
2023-04-18 05:00:00,29480.3,29595.0,29480.2,29530.1,14547.844
2023-04-18 04:00:00,29431.6,29496.0,29426.6,29480.2,6040.384
2023-04-18 03:00:00,29453.3,29485.0,29425.0,29431.7,5771.08
2023-04-18 02:00:00,29360.6,29477.9,29360.6,29453.2,11947.519
2023-04-18 01:00:00,29356.0,29412.3,29078.1,29360.5,34147.742
2023-04-18 00:00:00,29420.1,29439.8,29250.0,29356.0,13807.628
